effective_time,slice_name,observed_sla_violation_share,observed_latency_violation_ratio,observed_near_breach_share,observed_request_count,observed_avg_load,safety_margin_before,safety_margin_after,feedback_reason
4,URLLC,0.0,0.0,0.0,138.0,0.27299583485958484,1.25,1.2,decrease_margin_after_safe_window
4,eMBB,0.0,0.0,0.0,187.0,0.9979787899616747,0.9,0.85,decrease_margin_after_safe_window
4,mMTC,0.0,0.0,0.0,183.0,0.1885299326923077,0.9,0.85,decrease_margin_after_safe_window
5,URLLC,0.0,0.0,0.0,134.0,0.18736322733516486,1.2,1.15,decrease_margin_after_safe_window
5,eMBB,0.0,0.0,0.0,100.0,0.998790011687914,0.85,0.7999999999999999,decrease_margin_after_safe_window
5,mMTC,0.0,0.0,0.0,208.0,0.21594096035362426,0.85,0.7999999999999999,decrease_margin_after_safe_window
6,URLLC,0.0,0.0,0.0,123.0,0.1804615824175824,1.15,1.0999999999999999,decrease_margin_after_safe_window
6,eMBB,0.0,0.0,0.0,59.0,0.9977064654954901,0.7999999999999999,0.7499999999999999,decrease_margin_after_safe_window
6,mMTC,0.0,0.0,0.0,188.0,0.29858424729232336,0.7999999999999999,0.7499999999999999,decrease_margin_after_safe_window
7,URLLC,0.0,0.0,1.0,124.0,0.1874666366758242,1.0999999999999999,1.0499999999999998,decrease_margin_after_safe_window
7,eMBB,0.0,0.0,1.0,50.0,0.9988776594524801,0.7499999999999999,0.6999999999999998,decrease_margin_after_safe_window
7,mMTC,0.0,0.0,0.0,181.0,0.31922518811395817,0.7499999999999999,0.6999999999999998,decrease_margin_after_safe_window
8,URLLC,0.0,0.0,1.0,120.0,0.17949676785714286,1.0499999999999998,0.9999999999999998,decrease_margin_after_safe_window
8,eMBB,0.0,0.0,1.0,37.0,0.997874113651995,0.6999999999999998,0.6499999999999998,decrease_margin_after_safe_window
8,mMTC,0.0,0.0,0.0,197.0,0.3037623415886106,0.6999999999999998,0.6499999999999998,decrease_margin_after_safe_window
9,URLLC,0.0,0.0,1.0,129.0,0.19877867376373626,0.9999999999999998,0.9499999999999997,decrease_margin_after_safe_window
9,eMBB,0.0,0.0,1.0,24.0,0.9973498778628427,0.6499999999999998,0.5999999999999998,decrease_margin_after_safe_window
9,mMTC,0.0,0.0,0.0,198.0,0.3330828859789712,0.6499999999999998,0.5999999999999998,decrease_margin_after_safe_window
10,URLLC,0.0,0.0,1.0,118.0,0.17080892788461538,0.9499999999999997,0.8999999999999997,decrease_margin_after_safe_window
10,eMBB,0.0,0.0,1.0,6.0,0.9989520280649378,0.5999999999999998,0.5499999999999997,decrease_margin_after_safe_window
10,mMTC,0.0,0.0,0.0,184.0,0.3261574255260761,0.5999999999999998,0.5499999999999997,decrease_margin_after_safe_window
11,URLLC,0.0,0.0,1.0,138.0,0.21441538461538462,0.8999999999999997,0.8499999999999996,decrease_margin_after_safe_window
11,eMBB,0.0,0.0,1.0,11.0,0.9972063466360473,0.5499999999999997,0.4999999999999997,decrease_margin_after_safe_window
11,mMTC,0.0,0.0,0.0,196.0,0.2988866596352306,0.5499999999999997,0.4999999999999997,decrease_margin_after_safe_window
12,URLLC,0.0,0.0,1.0,122.0,0.18469073282967033,0.8499999999999996,0.7999999999999996,decrease_margin_after_safe_window
12,eMBB,0.0,0.0,1.0,5.0,0.9960431423099478,0.4999999999999997,0.45,decrease_margin_after_safe_window
12,mMTC,0.0,0.0,0.0,187.0,0.3252305650397321,0.4999999999999997,0.45,decrease_margin_after_safe_window
13,URLLC,0.0,0.0,0.0,117.0,0.1794169896978022,0.7999999999999996,0.7499999999999996,decrease_margin_after_safe_window
13,eMBB,0.0,0.0,0.0,4.0,0.9961080741375329,0.45,0.45,decrease_margin_after_safe_window
13,mMTC,0.0,0.0,0.0,205.0,0.30047279668645677,0.45,0.45,decrease_margin_after_safe_window
14,URLLC,0.0,0.0,1.0,144.0,0.2207161353021978,0.7499999999999996,0.6999999999999995,decrease_margin_after_safe_window
14,eMBB,0.0,0.0,1.0,2.0,0.9964771199162595,0.45,0.45,decrease_margin_after_safe_window
14,mMTC,0.0,0.0,0.0,187.0,0.31617255310840214,0.45,0.45,decrease_margin_after_safe_window
15,URLLC,0.0,0.0,1.0,131.0,0.20658020604395608,0.6999999999999995,0.6499999999999995,decrease_margin_after_safe_window
15,eMBB,0.0,0.0,1.0,3.0,0.9958241771422152,0.45,0.45,decrease_margin_after_safe_window
15,mMTC,0.0,0.0,0.0,200.0,0.29964694150193427,0.45,0.45,decrease_margin_after_safe_window
16,URLLC,0.0,0.0,0.0,119.0,0.18678747596153847,0.6499999999999995,0.5999999999999994,decrease_margin_after_safe_window
16,eMBB,0.0,0.0,0.0,2.0,0.9957057284667814,0.45,0.45,decrease_margin_after_safe_window
16,mMTC,0.0,0.0,0.0,182.0,0.29061646180062845,0.45,0.45,decrease_margin_after_safe_window
17,URLLC,0.0,0.0,0.0,114.0,0.16177193612637364,0.5999999999999994,0.5499999999999994,decrease_margin_after_safe_window
17,eMBB,0.0,0.0,0.0,1.0,0.9952305808157119,0.45,0.45,decrease_margin_after_safe_window
17,mMTC,0.0,0.0,0.0,193.0,0.26585685494372185,0.45,0.45,decrease_margin_after_safe_window
18,URLLC,0.0,0.0,0.0,130.0,0.1917551531593407,0.5499999999999994,0.4999999999999994,decrease_margin_after_safe_window
18,eMBB,0.0,0.0,0.0,1.0,0.9932716796258975,0.45,0.45,decrease_margin_after_safe_window
18,mMTC,0.0,0.0,0.0,188.0,0.2924953082415017,0.45,0.45,decrease_margin_after_safe_window
19,URLLC,0.0,0.0,0.0,125.0,0.19496153846153846,0.4999999999999994,0.45,decrease_margin_after_safe_window
19,eMBB,0.0,0.0,0.0,3.0,0.9952599362601521,0.45,0.45,decrease_margin_after_safe_window
19,mMTC,0.0,0.0,0.0,211.0,0.2805608687266917,0.45,0.45,decrease_margin_after_safe_window
20,URLLC,0.0,0.0,0.0,123.0,0.17710213736263739,0.45,0.45,decrease_margin_after_safe_window
20,eMBB,0.0,0.0,0.0,1.0,0.9946181033986029,0.45,0.45,decrease_margin_after_safe_window
20,mMTC,0.0,0.0,0.0,190.0,0.31913501105874825,0.45,0.45,decrease_margin_after_safe_window
21,URLLC,0.0,0.0,0.0,127.0,0.19181920535714286,0.45,0.45,decrease_margin_after_safe_window
21,eMBB,0.0,0.0,0.0,7.0,0.9929862808248971,0.45,0.45,decrease_margin_after_safe_window
21,mMTC,0.0,0.0,0.0,187.0,0.2990095922714135,0.45,0.45,decrease_margin_after_safe_window
22,URLLC,0.0,0.0,0.0,110.0,0.1612027925824176,0.45,0.45,decrease_margin_after_safe_window
22,eMBB,0.0,0.0,0.0,2.0,0.9927131199708105,0.45,0.45,decrease_margin_after_safe_window
22,mMTC,0.0,0.0,0.0,200.0,0.278460602700704,0.45,0.45,decrease_margin_after_safe_window
23,URLLC,0.0,0.0,0.0,126.0,0.19876661057692308,0.45,0.45,decrease_margin_after_safe_window
23,eMBB,0.0,0.0,0.0,10.0,0.9905736906096629,0.45,0.45,decrease_margin_after_safe_window
23,mMTC,0.0,0.0,0.0,191.0,0.3061328879923573,0.45,0.45,decrease_margin_after_safe_window
24,URLLC,0.0,0.0,0.0,136.0,0.2046598125,0.45,0.45,decrease_margin_after_safe_window
24,eMBB,0.0,0.0,0.0,15.0,0.9920934212455884,0.45,0.45,decrease_margin_after_safe_window
24,mMTC,0.0,0.0,0.0,179.0,0.29739762120469465,0.45,0.45,decrease_margin_after_safe_window
25,URLLC,0.0,0.0,0.0,132.0,0.20227679945054944,0.45,0.45,decrease_margin_after_safe_window
25,eMBB,0.0,0.0,0.0,10.0,0.9925662412224204,0.45,0.45,decrease_margin_after_safe_window
25,mMTC,0.0,0.0,0.0,181.0,0.2633584894053503,0.45,0.45,decrease_margin_after_safe_window
26,URLLC,0.0,0.0,0.0,134.0,0.18170558104395604,0.45,0.45,decrease_margin_after_safe_window
26,eMBB,0.0,0.0,0.0,6.0,0.9929680765300485,0.45,0.45,decrease_margin_after_safe_window
26,mMTC,0.0,0.0,0.0,218.0,0.28344815077408547,0.45,0.45,decrease_margin_after_safe_window
27,URLLC,0.0,0.0,1.0,139.0,0.21403885782967036,0.45,0.45,decrease_margin_after_safe_window
27,eMBB,0.0,0.0,1.0,11.0,0.9926488781003264,0.45,0.45,decrease_margin_after_safe_window
27,mMTC,0.0,0.0,0.0,177.0,0.3444735438477329,0.45,0.45,decrease_margin_after_safe_window
28,URLLC,0.0,0.0,0.0,126.0,0.18149827815934066,0.45,0.45,decrease_margin_after_safe_window
28,eMBB,0.0,0.0,0.0,12.0,0.9919442151276112,0.45,0.45,decrease_margin_after_safe_window
28,mMTC,0.0,0.0,0.0,205.0,0.2760994618595761,0.45,0.45,decrease_margin_after_safe_window
29,URLLC,0.0,0.0,0.0,123.0,0.1730218688186813,0.45,0.45,decrease_margin_after_safe_window
29,eMBB,0.0,0.0,0.0,12.0,0.993208806526499,0.45,0.45,decrease_margin_after_safe_window
29,mMTC,0.0,0.0,0.0,183.0,0.32322526322276257,0.45,0.45,decrease_margin_after_safe_window
30,URLLC,0.0,0.0,0.0,124.0,0.18513962293956046,0.45,0.45,decrease_margin_after_safe_window
30,eMBB,0.0,0.0,0.0,11.0,0.9919997403720381,0.45,0.45,decrease_margin_after_safe_window
30,mMTC,0.0,0.0,0.0,217.0,0.2698915156338118,0.45,0.45,decrease_margin_after_safe_window
31,URLLC,0.0,0.0,0.0,131.0,0.19067032554945057,0.45,0.45,decrease_margin_after_safe_window
31,eMBB,0.0,0.0,0.0,7.0,0.9941251704096657,0.45,0.45,decrease_margin_after_safe_window
31,mMTC,0.0,0.0,0.0,187.0,0.32041520246348654,0.45,0.45,decrease_margin_after_safe_window
32,URLLC,0.0,0.0,0.0,135.0,0.19342129807692313,0.45,0.45,decrease_margin_after_safe_window
32,eMBB,0.0,0.0,0.0,7.0,0.9935749250525256,0.45,0.45,decrease_margin_after_safe_window
32,mMTC,0.0,0.0,0.0,210.0,0.3079640536600067,0.45,0.45,decrease_margin_after_safe_window
33,URLLC,0.0,0.0,0.0,134.0,0.20719315728021975,0.45,0.45,decrease_margin_after_safe_window
33,eMBB,0.0,0.0,0.0,7.0,0.9911403351179144,0.45,0.45,decrease_margin_after_safe_window
33,mMTC,0.0,0.0,0.0,183.0,0.333244532612916,0.45,0.45,decrease_margin_after_safe_window
34,URLLC,0.0,0.0,0.0,120.0,0.19029860096153844,0.45,0.45,decrease_margin_after_safe_window
34,eMBB,0.0,0.0,0.0,14.0,0.9916033365025789,0.45,0.45,decrease_margin_after_safe_window
34,mMTC,0.0,0.0,0.0,186.0,0.2721295071221677,0.45,0.45,decrease_margin_after_safe_window
35,URLLC,0.0,0.0,0.0,145.0,0.2159702898351648,0.45,0.45,decrease_margin_after_safe_window
35,eMBB,0.0,0.0,0.0,12.0,0.9922826316278678,0.45,0.45,decrease_margin_after_safe_window
35,mMTC,0.0,0.0,0.0,218.0,0.27174355795630356,0.45,0.45,decrease_margin_after_safe_window
36,URLLC,0.0,0.0,0.0,125.0,0.18144045123626373,0.45,0.45,decrease_margin_after_safe_window
36,eMBB,0.0,0.0,0.0,12.0,0.9903904741240562,0.45,0.45,decrease_margin_after_safe_window
36,mMTC,0.0,0.0,0.0,160.0,0.33998825228264834,0.45,0.45,decrease_margin_after_safe_window
37,URLLC,0.0,0.0,0.0,132.0,0.19953429945054948,0.45,0.45,decrease_margin_after_safe_window
37,eMBB,0.0,0.0,0.0,14.0,0.992031933579858,0.45,0.45,decrease_margin_after_safe_window
37,mMTC,0.0,0.0,0.0,225.0,0.24238987728995393,0.45,0.45,decrease_margin_after_safe_window
38,URLLC,0.0,0.0,1.0,129.0,0.19840899450549454,0.45,0.45,decrease_margin_after_safe_window
38,eMBB,0.0,0.0,1.0,11.0,0.991847004485047,0.45,0.45,decrease_margin_after_safe_window
38,mMTC,0.0,0.0,0.0,183.0,0.33943450277915455,0.45,0.45,decrease_margin_after_safe_window
39,URLLC,0.0,0.0,0.0,114.0,0.16118190247252748,0.45,0.45,decrease_margin_after_safe_window
39,eMBB,0.0,0.0,0.0,17.0,0.9920564136641362,0.45,0.45,decrease_margin_after_safe_window
39,mMTC,0.0,0.0,0.0,180.0,0.2789557024601924,0.45,0.45,decrease_margin_after_safe_window
40,URLLC,0.0,0.0,0.0,118.0,0.18173114629120882,0.45,0.45,decrease_margin_after_safe_window
40,eMBB,0.0,0.0,0.0,10.0,0.9922605693862713,0.45,0.45,decrease_margin_after_safe_window
40,mMTC,0.0,0.0,0.0,198.0,0.2833835937734882,0.45,0.45,decrease_margin_after_safe_window
41,URLLC,0.0,0.0,0.0,131.0,0.19765835645604396,0.45,0.45,decrease_margin_after_safe_window
41,eMBB,0.0,0.0,0.0,15.0,0.9917403009052556,0.45,0.45,decrease_margin_after_safe_window
41,mMTC,0.0,0.0,0.0,181.0,0.29946042113569776,0.45,0.45,decrease_margin_after_safe_window
42,URLLC,0.0,0.0,0.0,118.0,0.17409534821428574,0.45,0.45,decrease_margin_after_safe_window
42,eMBB,0.0,0.0,0.0,10.0,0.9923027442278113,0.45,0.45,decrease_margin_after_safe_window
42,mMTC,0.0,0.0,0.0,198.0,0.2728267734545959,0.45,0.45,decrease_margin_after_safe_window
43,URLLC,0.0,0.0,0.0,117.0,0.1605458811813187,0.45,0.45,decrease_margin_after_safe_window
43,eMBB,0.0,0.0,0.0,17.0,0.9911145943113236,0.45,0.45,decrease_margin_after_safe_window
43,mMTC,0.0,0.0,0.0,162.0,0.31038263803053273,0.45,0.45,decrease_margin_after_safe_window
44,URLLC,0.0,0.0,0.0,131.0,0.18993577472527473,0.45,0.45,decrease_margin_after_safe_window
44,eMBB,0.0,0.0,0.0,11.0,0.992685028741365,0.45,0.45,decrease_margin_after_safe_window
44,mMTC,0.0,0.0,0.0,214.0,0.2630473469480927,0.45,0.45,decrease_margin_after_safe_window
45,URLLC,0.0,0.0,0.0,120.0,0.17483720192307692,0.45,0.45,decrease_margin_after_safe_window
45,eMBB,0.0,0.0,0.0,7.0,0.9916430181491233,0.45,0.45,decrease_margin_after_safe_window
45,mMTC,0.0,0.0,0.0,195.0,0.3403759881759999,0.45,0.45,decrease_margin_after_safe_window
46,URLLC,0.0,0.0,0.0,131.0,0.18575503090659343,0.45,0.45,decrease_margin_after_safe_window
46,eMBB,0.0,0.0,0.0,17.0,0.9934043081752602,0.45,0.45,decrease_margin_after_safe_window
46,mMTC,0.0,0.0,0.0,195.0,0.31679076883809004,0.45,0.45,decrease_margin_after_safe_window
47,URLLC,0.0,0.0,0.0,122.0,0.1897706662087912,0.45,0.45,decrease_margin_after_safe_window
47,eMBB,0.0,0.0,0.0,12.0,0.9922820138493176,0.45,0.45,decrease_margin_after_safe_window
47,mMTC,0.0,0.0,0.0,189.0,0.27873637659802214,0.45,0.45,decrease_margin_after_safe_window
48,URLLC,0.0,0.0,0.0,121.0,0.18285662087912088,0.45,0.45,decrease_margin_after_safe_window
48,eMBB,0.0,0.0,0.0,11.0,0.9894512975859128,0.45,0.45,decrease_margin_after_safe_window
48,mMTC,0.0,0.0,0.0,206.0,0.3092246001918381,0.45,0.45,decrease_margin_after_safe_window
49,URLLC,0.0,0.0,0.0,117.0,0.18699155219780222,0.45,0.45,decrease_margin_after_safe_window
49,eMBB,0.0,0.0,0.0,18.0,0.992715452801079,0.45,0.45,decrease_margin_after_safe_window
49,mMTC,0.0,0.0,0.0,187.0,0.3292371482508575,0.45,0.45,decrease_margin_after_safe_window
50,URLLC,0.0,0.0,0.0,138.0,0.20788159340659343,0.45,0.45,decrease_margin_after_safe_window
50,eMBB,0.0,0.0,0.0,13.0,0.9921566297673462,0.45,0.45,decrease_margin_after_safe_window
50,mMTC,0.0,0.0,0.0,203.0,0.2906747771087773,0.45,0.45,decrease_margin_after_safe_window
51,URLLC,0.0,0.0,0.0,110.0,0.1548342410714286,0.45,0.45,decrease_margin_after_safe_window
51,eMBB,0.0,0.0,0.0,12.0,0.9922455443913025,0.45,0.45,decrease_margin_after_safe_window
51,mMTC,0.0,0.0,0.0,202.0,0.32876507875810024,0.45,0.45,decrease_margin_after_safe_window
52,URLLC,0.0,0.0,0.0,124.0,0.19531954601648355,0.45,0.45,decrease_margin_after_safe_window
52,eMBB,0.0,0.0,0.0,5.0,0.9923215251270007,0.45,0.45,decrease_margin_after_safe_window
52,mMTC,0.0,0.0,0.0,196.0,0.32553848820993175,0.45,0.45,decrease_margin_after_safe_window
53,URLLC,0.0,0.0,0.0,120.0,0.1830072046703297,0.45,0.45,decrease_margin_after_safe_window
53,eMBB,0.0,0.0,0.0,10.0,0.9934635670751105,0.45,0.45,decrease_margin_after_safe_window
53,mMTC,0.0,0.0,0.0,200.0,0.2891480315722089,0.45,0.45,decrease_margin_after_safe_window
54,URLLC,0.0,0.0,0.0,146.0,0.2171523592032967,0.45,0.45,decrease_margin_after_safe_window
54,eMBB,0.0,0.0,0.0,10.0,0.9914998531143672,0.45,0.45,decrease_margin_after_safe_window
54,mMTC,0.0,0.0,0.0,194.0,0.28746562685201793,0.45,0.45,decrease_margin_after_safe_window
55,URLLC,0.0,0.0,0.0,116.0,0.16458082142857142,0.45,0.45,decrease_margin_after_safe_window
55,eMBB,0.0,0.0,0.0,13.0,0.9913174231666179,0.45,0.45,decrease_margin_after_safe_window
55,mMTC,0.0,0.0,0.0,185.0,0.2970130821173017,0.45,0.45,decrease_margin_after_safe_window
56,URLLC,0.0,0.0,0.0,129.0,0.1841058076923077,0.45,0.45,decrease_margin_after_safe_window
56,eMBB,0.0,0.0,0.0,18.0,0.9929167254820904,0.45,0.45,decrease_margin_after_safe_window
56,mMTC,0.0,0.0,0.0,198.0,0.28225510073979565,0.45,0.45,decrease_margin_after_safe_window
57,URLLC,0.0,0.0,1.0,145.0,0.2128911723901099,0.45,0.45,decrease_margin_after_safe_window
57,eMBB,0.0,0.0,1.0,10.0,0.9938019461197761,0.45,0.45,decrease_margin_after_safe_window
57,mMTC,0.0,0.0,0.0,202.0,0.3039306937345007,0.45,0.45,decrease_margin_after_safe_window
58,URLLC,0.0,0.0,0.0,119.0,0.18169540934065934,0.45,0.45,decrease_margin_after_safe_window
58,eMBB,0.0,0.0,0.0,5.0,0.9933459273148264,0.45,0.45,decrease_margin_after_safe_window
58,mMTC,0.0,0.0,0.0,212.0,0.3025141830008983,0.45,0.45,decrease_margin_after_safe_window
59,URLLC,0.0,0.0,0.0,118.0,0.1862587081043956,0.45,0.45,decrease_margin_after_safe_window
59,eMBB,0.0,0.0,0.0,6.0,0.9923415080969432,0.45,0.45,decrease_margin_after_safe_window
59,mMTC,0.0,0.0,0.0,176.0,0.34518148074040883,0.45,0.45,decrease_margin_after_safe_window
60,URLLC,0.0,0.0,0.0,140.0,0.21709444162087915,0.45,0.45,decrease_margin_after_safe_window
60,eMBB,0.0,0.0,0.0,11.0,0.9900994831962101,0.45,0.45,decrease_margin_after_safe_window
60,mMTC,0.0,0.0,0.0,190.0,0.27835283773538183,0.45,0.45,decrease_margin_after_safe_window
61,URLLC,0.0,0.0,0.0,132.0,0.2036241050824176,0.45,0.45,decrease_margin_after_safe_window
61,eMBB,0.0,0.0,0.0,13.0,0.9896747710960698,0.45,0.45,decrease_margin_after_safe_window
61,mMTC,0.0,0.0,0.0,184.0,0.29317080329209794,0.45,0.45,decrease_margin_after_safe_window
62,URLLC,0.0,0.0,0.0,117.0,0.17659547596153846,0.45,0.45,decrease_margin_after_safe_window
62,eMBB,0.0,0.0,0.0,11.0,0.9896839008191008,0.45,0.45,decrease_margin_after_safe_window
62,mMTC,0.0,0.0,0.0,194.0,0.26334394928789845,0.45,0.45,decrease_margin_after_safe_window
63,URLLC,0.0,0.0,0.0,120.0,0.1744559800824176,0.45,0.45,decrease_margin_after_safe_window
63,eMBB,0.0,0.0,0.0,12.0,0.9925902460208257,0.45,0.45,decrease_margin_after_safe_window
63,mMTC,0.0,0.0,0.0,193.0,0.2908954422571223,0.45,0.45,decrease_margin_after_safe_window
64,URLLC,0.0,0.0,0.0,130.0,0.19215834615384614,0.45,0.45,decrease_margin_after_safe_window
64,eMBB,0.0,0.0,0.0,18.0,0.9917743633781387,0.45,0.45,decrease_margin_after_safe_window
64,mMTC,0.0,0.0,0.0,179.0,0.31225204659277356,0.45,0.45,decrease_margin_after_safe_window
65,URLLC,0.0,0.0,0.0,129.0,0.18127033653846156,0.45,0.45,decrease_margin_after_safe_window
65,eMBB,0.0,0.0,0.0,12.0,0.9920474493859601,0.45,0.45,decrease_margin_after_safe_window
65,mMTC,0.0,0.0,0.0,180.0,0.2897971713303929,0.45,0.45,decrease_margin_after_safe_window
66,URLLC,0.0,0.0,0.0,145.0,0.21962373420329673,0.45,0.45,decrease_margin_after_safe_window
66,eMBB,0.0,0.0,0.0,10.0,0.992870215153029,0.45,0.45,decrease_margin_after_safe_window
66,mMTC,0.0,0.0,0.0,190.0,0.27351789302043883,0.45,0.45,decrease_margin_after_safe_window
67,URLLC,0.0,0.0,0.0,127.0,0.19764265315934068,0.45,0.45,decrease_margin_after_safe_window
67,eMBB,0.0,0.0,0.0,9.0,0.9898511535904427,0.45,0.45,decrease_margin_after_safe_window
67,mMTC,0.0,0.0,0.0,187.0,0.29381877102375187,0.45,0.45,decrease_margin_after_safe_window
68,URLLC,0.0,0.0,0.0,126.0,0.19157473626373628,0.45,0.45,decrease_margin_after_safe_window
68,eMBB,0.0,0.0,0.0,19.0,0.9902519145159937,0.45,0.45,decrease_margin_after_safe_window
68,mMTC,0.0,0.0,0.0,190.0,0.30549569771067936,0.45,0.45,decrease_margin_after_safe_window
69,URLLC,0.0,0.0,0.0,114.0,0.17607552884615382,0.45,0.45,decrease_margin_after_safe_window
69,eMBB,0.0,0.0,0.0,18.0,0.9918353697622642,0.45,0.45,decrease_margin_after_safe_window
69,mMTC,0.0,0.0,0.0,213.0,0.2761173094971561,0.45,0.45,decrease_margin_after_safe_window
70,URLLC,0.0,0.0,0.0,124.0,0.17266386607142858,0.45,0.45,decrease_margin_after_safe_window
70,eMBB,0.0,0.0,0.0,16.0,0.9913060889124855,0.45,0.45,decrease_margin_after_safe_window
70,mMTC,0.0,0.0,0.0,187.0,0.3400265760064129,0.45,0.45,decrease_margin_after_safe_window
71,URLLC,0.0,0.0,0.0,125.0,0.18782044711538465,0.45,0.45,decrease_margin_after_safe_window
71,eMBB,0.0,0.0,0.0,14.0,0.9899057640331289,0.45,0.45,decrease_margin_after_safe_window
71,mMTC,0.0,0.0,0.0,198.0,0.3009961498604677,0.45,0.45,decrease_margin_after_safe_window
72,URLLC,0.0,0.0,0.0,140.0,0.21414301717032966,0.45,0.45,decrease_margin_after_safe_window
72,eMBB,0.0,0.0,0.0,16.0,0.9927747972715993,0.45,0.45,decrease_margin_after_safe_window
72,mMTC,0.0,0.0,0.0,181.0,0.2916238578555479,0.45,0.45,decrease_margin_after_safe_window
73,URLLC,0.0,0.0,0.0,137.0,0.19042237225274725,0.45,0.45,decrease_margin_after_safe_window
73,eMBB,0.0,0.0,0.0,10.0,0.9885975913164559,0.45,0.45,decrease_margin_after_safe_window
73,mMTC,0.0,0.0,0.0,209.0,0.2892207363184186,0.45,0.45,decrease_margin_after_safe_window
74,URLLC,0.0,0.0,0.0,133.0,0.19401368681318681,0.45,0.45,decrease_margin_after_safe_window
74,eMBB,0.0,0.0,0.0,14.0,0.9925252925270799,0.45,0.45,decrease_margin_after_safe_window
74,mMTC,0.0,0.0,0.0,192.0,0.32728451604054803,0.45,0.45,decrease_margin_after_safe_window
75,URLLC,0.0,0.0,0.0,122.0,0.17005661332417582,0.45,0.45,decrease_margin_after_safe_window
75,eMBB,0.0,0.0,0.0,20.0,0.9906198394309584,0.45,0.45,decrease_margin_after_safe_window
75,mMTC,0.0,0.0,0.0,186.0,0.3011551148315249,0.45,0.45,decrease_margin_after_safe_window
76,URLLC,0.0,0.0,0.0,137.0,0.192909364010989,0.45,0.45,decrease_margin_after_safe_window
76,eMBB,0.0,0.0,0.0,13.0,0.9886199297634022,0.45,0.45,decrease_margin_after_safe_window
76,mMTC,0.0,0.0,0.0,187.0,0.2733611708129809,0.45,0.45,decrease_margin_after_safe_window
77,URLLC,0.0,0.0,0.0,131.0,0.19469292651098905,0.45,0.45,decrease_margin_after_safe_window
77,eMBB,0.0,0.0,0.0,17.0,0.9891666050627785,0.45,0.45,decrease_margin_after_safe_window
77,mMTC,0.0,0.0,0.0,168.0,0.30232198274257566,0.45,0.45,decrease_margin_after_safe_window
78,URLLC,0.0,0.0,0.0,124.0,0.18321180288461542,0.45,0.45,decrease_margin_after_safe_window
78,eMBB,0.0,0.0,0.0,20.0,0.9903278661412361,0.45,0.45,decrease_margin_after_safe_window
78,mMTC,0.0,0.0,0.0,204.0,0.26935092525707865,0.45,0.45,decrease_margin_after_safe_window
79,URLLC,0.0,0.0,1.0,135.0,0.2164101943681319,0.45,0.45,decrease_margin_after_safe_window
79,eMBB,0.0,0.0,1.0,18.0,0.9902331390133773,0.45,0.45,decrease_margin_after_safe_window
79,mMTC,0.0,0.0,0.0,188.0,0.350456481792319,0.45,0.45,decrease_margin_after_safe_window
80,URLLC,0.0,0.0,0.0,129.0,0.18655041826923077,0.45,0.45,decrease_margin_after_safe_window
80,eMBB,0.0,0.0,0.0,21.0,0.9913716790151129,0.45,0.45,decrease_margin_after_safe_window
80,mMTC,0.0,0.0,0.0,212.0,0.2786311080611669,0.45,0.45,decrease_margin_after_safe_window
81,URLLC,0.0,0.0,1.0,131.0,0.19353478571428573,0.45,0.45,decrease_margin_after_safe_window
81,eMBB,0.0,0.0,1.0,14.0,0.9919540488972289,0.45,0.45,decrease_margin_after_safe_window
81,mMTC,0.0,0.0,0.0,190.0,0.3540508300815051,0.45,0.45,decrease_margin_after_safe_window
82,URLLC,0.0,0.0,0.0,120.0,0.18461733859890112,0.45,0.45,decrease_margin_after_safe_window
82,eMBB,0.0,0.0,0.0,9.0,0.9881204721493487,0.45,0.45,decrease_margin_after_safe_window
82,mMTC,0.0,0.0,0.0,182.0,0.27528269786274256,0.45,0.45,decrease_margin_after_safe_window
83,URLLC,0.0,0.0,0.0,120.0,0.17189121565934068,0.45,0.45,decrease_margin_after_safe_window
83,eMBB,0.0,0.0,0.0,18.0,0.9920571532461138,0.45,0.45,decrease_margin_after_safe_window
83,mMTC,0.0,0.0,0.0,185.0,0.3060677672762432,0.45,0.45,decrease_margin_after_safe_window
84,URLLC,0.0,0.0,0.0,144.0,0.19831640247252746,0.45,0.45,decrease_margin_after_safe_window
84,eMBB,0.0,0.0,0.0,15.0,0.9893342004878743,0.45,0.45,decrease_margin_after_safe_window
84,mMTC,0.0,0.0,0.0,206.0,0.2949315256880308,0.45,0.45,decrease_margin_after_safe_window
85,URLLC,0.0,0.0,1.0,140.0,0.22425476785714288,0.45,0.45,decrease_margin_after_safe_window
85,eMBB,0.0,0.0,1.0,15.0,0.986529015949337,0.45,0.45,decrease_margin_after_safe_window
85,mMTC,0.0,0.0,0.0,169.0,0.3399388210654638,0.45,0.45,decrease_margin_after_safe_window
86,URLLC,0.0,0.0,0.0,135.0,0.2083087252747253,0.45,0.45,decrease_margin_after_safe_window
86,eMBB,0.0,0.0,0.0,25.0,0.9903972126799913,0.45,0.45,decrease_margin_after_safe_window
86,mMTC,0.0,0.0,0.0,193.0,0.25674115464480574,0.45,0.45,decrease_margin_after_safe_window
87,URLLC,0.0,0.0,1.0,135.0,0.208966864010989,0.45,0.45,decrease_margin_after_safe_window
87,eMBB,0.0,0.0,1.0,16.0,0.9911164858729495,0.45,0.45,decrease_margin_after_safe_window
87,mMTC,0.0,0.0,0.0,175.0,0.2981310787161534,0.45,0.45,decrease_margin_after_safe_window
88,URLLC,0.0,0.0,0.0,126.0,0.1767402513736264,0.45,0.45,decrease_margin_after_safe_window
88,eMBB,0.0,0.0,0.0,15.0,0.9881628991496264,0.45,0.45,decrease_margin_after_safe_window
88,mMTC,0.0,0.0,0.0,206.0,0.2784284944024967,0.45,0.45,decrease_margin_after_safe_window
89,URLLC,0.0,0.0,1.0,139.0,0.20257025412087915,0.45,0.45,decrease_margin_after_safe_window
89,eMBB,0.0,0.0,1.0,20.0,0.9929900321763191,0.45,0.45,decrease_margin_after_safe_window
89,mMTC,0.0,0.0,0.0,191.0,0.3440983590582762,0.45,0.45,decrease_margin_after_safe_window
90,URLLC,0.0,0.0,0.0,129.0,0.19611181524725277,0.45,0.45,decrease_margin_after_safe_window
90,eMBB,0.0,0.0,0.0,14.0,0.9914280274877978,0.45,0.45,decrease_margin_after_safe_window
90,mMTC,0.0,0.0,0.0,191.0,0.2934772803437772,0.45,0.45,decrease_margin_after_safe_window
91,URLLC,0.0,0.0,1.0,136.0,0.2212207190934066,0.45,0.45,decrease_margin_after_safe_window
91,eMBB,0.0,0.0,1.0,11.0,0.9894746669537883,0.45,0.45,decrease_margin_after_safe_window
91,mMTC,0.0,0.0,0.0,204.0,0.3181877864222419,0.45,0.45,decrease_margin_after_safe_window
92,URLLC,0.0,0.0,0.0,124.0,0.17957800343406594,0.45,0.45,decrease_margin_after_safe_window
92,eMBB,0.0,0.0,0.0,17.0,0.9901563628209861,0.45,0.45,decrease_margin_after_safe_window
92,mMTC,0.0,0.0,0.0,198.0,0.32488805649534197,0.45,0.45,decrease_margin_after_safe_window
93,URLLC,0.0,0.0,0.0,138.0,0.20002609271978025,0.45,0.45,decrease_margin_after_safe_window
93,eMBB,0.0,0.0,0.0,20.0,0.9923002139490945,0.45,0.45,decrease_margin_after_safe_window
93,mMTC,0.0,0.0,0.0,197.0,0.31995635552046575,0.45,0.45,decrease_margin_after_safe_window
94,URLLC,0.0,0.0,0.0,132.0,0.2069321270604396,0.45,0.45,decrease_margin_after_safe_window
94,eMBB,0.0,0.0,0.0,20.0,0.9900637927299542,0.45,0.45,decrease_margin_after_safe_window
94,mMTC,0.0,0.0,0.0,175.0,0.28224958159039915,0.45,0.45,decrease_margin_after_safe_window
95,URLLC,0.0,0.0,0.0,130.0,0.19820279464285714,0.45,0.45,decrease_margin_after_safe_window
95,eMBB,0.0,0.0,0.0,13.0,0.9890388789070385,0.45,0.45,decrease_margin_after_safe_window
95,mMTC,0.0,0.0,0.0,200.0,0.2774308090226534,0.45,0.45,decrease_margin_after_safe_window
96,URLLC,0.0,0.0,1.0,152.0,0.21963326579670328,0.45,0.45,decrease_margin_after_safe_window
96,eMBB,0.0,0.0,1.0,15.0,0.9896679826790876,0.45,0.45,decrease_margin_after_safe_window
96,mMTC,0.0,0.0,0.0,170.0,0.31293237128512635,0.45,0.45,decrease_margin_after_safe_window
97,URLLC,0.0,0.0,0.0,124.0,0.18996272802197803,0.45,0.45,decrease_margin_after_safe_window
97,eMBB,0.0,0.0,0.0,20.0,0.9910994104765194,0.45,0.45,decrease_margin_after_safe_window
97,mMTC,0.0,0.0,0.0,197.0,0.2669725561434639,0.45,0.45,decrease_margin_after_safe_window
98,URLLC,0.0,0.0,0.0,130.0,0.18742910027472529,0.45,0.45,decrease_margin_after_safe_window
98,eMBB,0.0,0.0,0.0,18.0,0.9898478058832999,0.45,0.45,decrease_margin_after_safe_window
98,mMTC,0.0,0.0,0.0,199.0,0.3177097167665589,0.45,0.45,decrease_margin_after_safe_window
99,URLLC,0.0,0.0,0.0,122.0,0.16968705082417584,0.45,0.45,decrease_margin_after_safe_window
99,eMBB,0.0,0.0,0.0,14.0,0.9897286066084863,0.45,0.45,decrease_margin_after_safe_window
99,mMTC,0.0,0.0,0.0,168.0,0.33197990423772333,0.45,0.45,decrease_margin_after_safe_window
100,URLLC,0.0,0.0,0.0,125.0,0.17891966483516483,0.45,0.45,decrease_margin_after_safe_window
100,eMBB,0.0,0.0,0.0,12.0,0.9913941971996862,0.45,0.45,decrease_margin_after_safe_window
100,mMTC,0.0,0.0,0.0,205.0,0.2728316782909042,0.45,0.45,decrease_margin_after_safe_window
101,URLLC,0.0,0.0,1.0,133.0,0.20234144024725276,0.45,0.45,decrease_margin_after_safe_window
101,eMBB,0.0,0.0,1.0,23.0,0.990055308446336,0.45,0.45,decrease_margin_after_safe_window
101,mMTC,0.0,0.0,0.0,189.0,0.3215633572151463,0.45,0.45,decrease_margin_after_safe_window
102,URLLC,0.0,0.0,0.0,110.0,0.15603741826923076,0.45,0.45,decrease_margin_after_safe_window
102,eMBB,0.0,0.0,0.0,24.0,0.9922263770923708,0.45,0.45,decrease_margin_after_safe_window
102,mMTC,0.0,0.0,0.0,195.0,0.2975900688623919,0.45,0.45,decrease_margin_after_safe_window
103,URLLC,0.0,0.0,0.0,124.0,0.18058799725274727,0.45,0.45,decrease_margin_after_safe_window
103,eMBB,0.0,0.0,0.0,19.0,0.9900285480714075,0.45,0.45,decrease_margin_after_safe_window
103,mMTC,0.0,0.0,0.0,199.0,0.31151598692307747,0.45,0.45,decrease_margin_after_safe_window
104,URLLC,0.0,0.0,1.0,132.0,0.18810423969780218,0.45,0.45,decrease_margin_after_safe_window
104,eMBB,0.0,0.0,1.0,19.0,0.9896993592493715,0.45,0.45,decrease_margin_after_safe_window
104,mMTC,0.0,0.0,0.0,201.0,0.34034085705284606,0.45,0.45,decrease_margin_after_safe_window
105,URLLC,0.0,0.0,0.0,120.0,0.16904747870879122,0.45,0.45,decrease_margin_after_safe_window
105,eMBB,0.0,0.0,0.0,20.0,0.9927282990447666,0.45,0.45,decrease_margin_after_safe_window
105,mMTC,0.0,0.0,0.0,197.0,0.3161640289210042,0.45,0.45,decrease_margin_after_safe_window
106,URLLC,0.0,0.0,0.0,118.0,0.1709835315934066,0.45,0.45,decrease_margin_after_safe_window
106,eMBB,0.0,0.0,0.0,8.0,0.9899313251328596,0.45,0.45,decrease_margin_after_safe_window
106,mMTC,0.0,0.0,0.0,197.0,0.3094894641374215,0.45,0.45,decrease_margin_after_safe_window
107,URLLC,0.0,0.0,0.0,122.0,0.18002314972527472,0.45,0.45,decrease_margin_after_safe_window
107,eMBB,0.0,0.0,0.0,18.0,0.9906506509405671,0.45,0.45,decrease_margin_after_safe_window
107,mMTC,0.0,0.0,0.0,183.0,0.3053519435495064,0.45,0.45,decrease_margin_after_safe_window
108,URLLC,0.0,0.0,0.0,144.0,0.21785161607142858,0.45,0.45,decrease_margin_after_safe_window
108,eMBB,0.0,0.0,0.0,22.0,0.9902561561515656,0.45,0.45,decrease_margin_after_safe_window
108,mMTC,0.0,0.0,0.0,178.0,0.28843553632210545,0.45,0.45,decrease_margin_after_safe_window
109,URLLC,0.0,0.0,0.0,114.0,0.18023691895604396,0.45,0.45,decrease_margin_after_safe_window
109,eMBB,0.0,0.0,0.0,14.0,0.9901320985037032,0.45,0.45,decrease_margin_after_safe_window
109,mMTC,0.0,0.0,0.0,198.0,0.3003713649690295,0.45,0.45,decrease_margin_after_safe_window
110,URLLC,0.0,0.0,0.0,122.0,0.17451347802197806,0.45,0.45,decrease_margin_after_safe_window
110,eMBB,0.0,0.0,0.0,20.0,0.9926208695228501,0.45,0.45,decrease_margin_after_safe_window
110,mMTC,0.0,0.0,0.0,211.0,0.33265444992222204,0.45,0.45,decrease_margin_after_safe_window
111,URLLC,0.0,0.0,1.0,130.0,0.18896292101648354,0.45,0.45,decrease_margin_after_safe_window
111,eMBB,0.0,0.0,1.0,9.0,0.9910286480820026,0.45,0.45,decrease_margin_after_safe_window
111,mMTC,0.0,0.0,0.0,184.0,0.3346271112174635,0.45,0.45,decrease_margin_after_safe_window
112,URLLC,0.0,0.0,0.0,110.0,0.15894413324175824,0.45,0.45,decrease_margin_after_safe_window
112,eMBB,0.0,0.0,0.0,12.0,0.9902519903555963,0.45,0.45,decrease_margin_after_safe_window
112,mMTC,0.0,0.0,0.0,204.0,0.2859034820531074,0.45,0.45,decrease_margin_after_safe_window
113,URLLC,0.0,0.0,0.0,133.0,0.19391013461538462,0.45,0.45,decrease_margin_after_safe_window
113,eMBB,0.0,0.0,0.0,18.0,0.9902241474241009,0.45,0.45,decrease_margin_after_safe_window
113,mMTC,0.0,0.0,0.0,177.0,0.3134251221872389,0.45,0.45,decrease_margin_after_safe_window
114,URLLC,0.0,0.0,0.0,126.0,0.18369520673076925,0.45,0.45,decrease_margin_after_safe_window
114,eMBB,0.0,0.0,0.0,13.0,0.9900671111532745,0.45,0.45,decrease_margin_after_safe_window
114,mMTC,0.0,0.0,0.0,186.0,0.2875238848376313,0.45,0.45,decrease_margin_after_safe_window
115,URLLC,0.0,0.0,0.0,129.0,0.18325526923076924,0.45,0.45,decrease_margin_after_safe_window
115,eMBB,0.0,0.0,0.0,22.0,0.9879292841787113,0.45,0.45,decrease_margin_after_safe_window
115,mMTC,0.0,0.0,0.0,203.0,0.30059285080788734,0.45,0.45,decrease_margin_after_safe_window
116,URLLC,1.0,0.0,1.0,123.0,0.17406889697802197,0.45,0.7,increase_margin_due_to_sla_pressure
116,eMBB,0.0,0.0,0.0,16.0,0.9900165006673891,0.45,0.45,decrease_margin_after_safe_window
116,mMTC,0.0,0.0,0.0,191.0,0.33642316034141284,0.45,0.45,decrease_margin_after_safe_window
117,URLLC,0.0,0.0,0.0,124.0,0.1950646565934066,0.7,0.6499999999999999,decrease_margin_after_safe_window
117,eMBB,0.0,0.0,0.0,17.0,0.9886450873403275,0.45,0.45,decrease_margin_after_safe_window
117,mMTC,0.0,0.0,0.0,202.0,0.3173270854813524,0.45,0.45,decrease_margin_after_safe_window
118,URLLC,0.0,0.0,0.0,137.0,0.20112675824175824,0.6499999999999999,0.5999999999999999,decrease_margin_after_safe_window
118,eMBB,0.0,0.0,0.0,18.0,0.9909317584941224,0.45,0.45,decrease_margin_after_safe_window
118,mMTC,0.0,0.0,0.0,195.0,0.30456287242082214,0.45,0.45,decrease_margin_after_safe_window
119,URLLC,0.0,0.0,1.0,132.0,0.21248086332417584,0.5999999999999999,0.5499999999999998,decrease_margin_after_safe_window
119,eMBB,0.0,0.0,1.0,28.0,0.9895696595169027,0.45,0.45,decrease_margin_after_safe_window
119,mMTC,0.0,0.0,0.0,185.0,0.31467538432989767,0.45,0.45,decrease_margin_after_safe_window
120,URLLC,1.0,0.0,1.0,122.0,0.17333746497252747,0.5499999999999998,0.7999999999999998,increase_margin_due_to_sla_pressure
120,eMBB,0.0,0.0,0.0,20.0,0.9888131876828135,0.45,0.45,decrease_margin_after_safe_window
120,mMTC,0.0,0.0,0.0,208.0,0.2939427643304886,0.45,0.45,decrease_margin_after_safe_window
121,URLLC,0.0,0.0,0.0,125.0,0.16670610164835167,0.7999999999999998,0.7499999999999998,decrease_margin_after_safe_window
121,eMBB,0.0,0.0,0.0,26.0,0.9897586498356896,0.45,0.45,decrease_margin_after_safe_window
121,mMTC,0.0,0.0,0.0,186.0,0.33476448208536114,0.45,0.45,decrease_margin_after_safe_window
122,URLLC,0.0,0.0,0.0,127.0,0.20001253434065935,0.7499999999999998,0.6999999999999997,decrease_margin_after_safe_window
122,eMBB,0.0,0.0,0.0,18.0,0.9891068172059486,0.45,0.45,decrease_margin_after_safe_window
122,mMTC,0.0,0.0,0.0,192.0,0.30161357208696377,0.45,0.45,decrease_margin_after_safe_window
123,URLLC,0.0,0.0,1.0,127.0,0.19215914148351648,0.6999999999999997,0.6499999999999997,decrease_margin_after_safe_window
123,eMBB,0.0,0.0,0.0,13.0,0.9871046104865137,0.45,0.45,decrease_margin_after_safe_window
123,mMTC,0.0,0.0,0.0,196.0,0.3065797798773538,0.45,0.45,decrease_margin_after_safe_window
124,URLLC,1.0,0.0,1.0,128.0,0.19494880769230769,0.6499999999999997,0.8999999999999997,increase_margin_due_to_sla_pressure
124,eMBB,0.0,0.0,0.0,23.0,0.9920246317964547,0.45,0.45,decrease_margin_after_safe_window
124,mMTC,0.0,0.0,0.0,208.0,0.3055853147392685,0.45,0.45,decrease_margin_after_safe_window
125,URLLC,0.0,0.0,0.0,125.0,0.19434235782967035,0.8999999999999997,0.8499999999999996,decrease_margin_after_safe_window
125,eMBB,0.0,0.0,0.0,24.0,0.9878014525015967,0.45,0.45,decrease_margin_after_safe_window
125,mMTC,0.0,0.0,0.0,184.0,0.3431101075760061,0.45,0.45,decrease_margin_after_safe_window
126,URLLC,0.0,0.0,0.0,117.0,0.17787987774725278,0.8499999999999996,0.7999999999999996,decrease_margin_after_safe_window
126,eMBB,0.0,0.0,0.0,29.0,0.9902274331014643,0.45,0.45,decrease_margin_after_safe_window
126,mMTC,0.0,0.0,0.0,212.0,0.31144566857677775,0.45,0.45,decrease_margin_after_safe_window
127,URLLC,0.0,0.0,0.0,120.0,0.17625217719780223,0.7999999999999996,0.7499999999999996,decrease_margin_after_safe_window
127,eMBB,0.0,0.0,0.0,15.0,0.9907558992292966,0.45,0.45,decrease_margin_after_safe_window
127,mMTC,0.0,0.0,0.0,200.0,0.3522153809072523,0.45,0.45,decrease_margin_after_safe_window
128,URLLC,0.0,0.0,0.0,121.0,0.19587620467032968,0.7499999999999996,0.6999999999999995,decrease_margin_after_safe_window
128,eMBB,0.0,0.0,0.0,20.0,0.9872497845711539,0.45,0.45,decrease_margin_after_safe_window
128,mMTC,0.0,0.0,0.0,189.0,0.3213183264195999,0.45,0.45,decrease_margin_after_safe_window
129,URLLC,1.0,0.0,1.0,134.0,0.18657861881868132,0.6999999999999995,0.9499999999999995,increase_margin_due_to_sla_pressure
129,eMBB,0.0,0.0,0.0,25.0,0.9860821814712419,0.45,0.45,decrease_margin_after_safe_window
129,mMTC,0.0,0.0,0.0,204.0,0.29631284761221244,0.45,0.45,decrease_margin_after_safe_window
130,URLLC,1.0,0.0,2.0,123.0,0.19218558516483517,0.9499999999999995,1.1999999999999995,increase_margin_due_to_sla_pressure
130,eMBB,0.0,0.0,1.0,22.0,0.9902353580825263,0.45,0.45,decrease_margin_after_safe_window
130,mMTC,0.0,0.0,0.0,185.0,0.3374486521194001,0.45,0.45,decrease_margin_after_safe_window
131,URLLC,0.0,0.0,0.0,135.0,0.20694348214285713,1.1999999999999995,1.1499999999999995,decrease_margin_after_safe_window
131,eMBB,0.0,0.0,0.0,25.0,0.9887499225257306,0.45,0.45,decrease_margin_after_safe_window
131,mMTC,0.0,0.0,0.0,190.0,0.29435563730443937,0.45,0.45,decrease_margin_after_safe_window
132,URLLC,0.0,0.0,0.0,126.0,0.18972474793956043,1.1499999999999995,1.0999999999999994,decrease_margin_after_safe_window
132,eMBB,0.0,0.0,0.0,21.0,0.9881160352362499,0.45,0.45,decrease_margin_after_safe_window
132,mMTC,0.0,0.0,0.0,217.0,0.3208705008153561,0.45,0.45,decrease_margin_after_safe_window
133,URLLC,1.0,0.0,1.0,127.0,0.18584929395604394,1.0999999999999994,1.3499999999999994,increase_margin_due_to_sla_pressure
133,eMBB,0.0,0.0,0.0,34.0,0.988427663465573,0.45,0.45,decrease_margin_after_safe_window
133,mMTC,0.0,0.0,0.0,170.0,0.3351872776289188,0.45,0.45,decrease_margin_after_safe_window
134,URLLC,0.0,0.0,0.0,128.0,0.17968626717032965,1.3499999999999994,1.2999999999999994,decrease_margin_after_safe_window
134,eMBB,0.0,0.0,0.0,19.0,0.9895228708000872,0.45,0.45,decrease_margin_after_safe_window
134,mMTC,0.0,0.0,0.0,209.0,0.2927403752222147,0.45,0.45,decrease_margin_after_safe_window
135,URLLC,0.0,0.0,2.0,134.0,0.1940755521978022,1.2999999999999994,1.2499999999999993,decrease_margin_after_safe_window
135,eMBB,0.0,0.0,1.0,18.0,0.9891477693449017,0.45,0.45,decrease_margin_after_safe_window
135,mMTC,0.0,0.0,0.0,190.0,0.35850450558446195,0.45,0.45,decrease_margin_after_safe_window
136,URLLC,0.0,0.0,0.0,128.0,0.20068322115384615,1.2499999999999993,1.1999999999999993,decrease_margin_after_safe_window
136,eMBB,0.0,0.0,0.0,28.0,0.988296795724598,0.45,0.45,decrease_margin_after_safe_window
136,mMTC,0.0,0.0,0.0,174.0,0.30488508202279035,0.45,0.45,decrease_margin_after_safe_window
137,URLLC,0.0,0.0,0.0,117.0,0.16806717445054944,1.1999999999999993,1.1499999999999992,decrease_margin_after_safe_window
137,eMBB,0.0,0.0,0.0,16.0,0.9895840901621354,0.45,0.45,decrease_margin_after_safe_window
137,mMTC,0.0,0.0,0.0,209.0,0.29231106317658956,0.45,0.45,decrease_margin_after_safe_window
138,URLLC,0.0,0.0,1.0,130.0,0.18709192994505494,1.1499999999999992,1.0999999999999992,decrease_margin_after_safe_window
138,eMBB,0.0,0.0,1.0,19.0,0.9911021128041425,0.45,0.45,decrease_margin_after_safe_window
138,mMTC,0.0,0.0,0.0,204.0,0.34016577039073287,0.45,0.45,decrease_margin_after_safe_window
139,URLLC,0.0,0.0,0.0,127.0,0.1885634340659341,1.0999999999999992,1.0499999999999992,decrease_margin_after_safe_window
139,eMBB,0.0,0.0,0.0,22.0,0.9879208357132415,0.45,0.45,decrease_margin_after_safe_window
139,mMTC,0.0,0.0,0.0,167.0,0.3003182939288816,0.45,0.45,decrease_margin_after_safe_window
140,URLLC,0.0,0.0,0.0,126.0,0.18289188736263734,1.0499999999999992,0.9999999999999991,decrease_margin_after_safe_window
140,eMBB,0.0,0.0,0.0,21.0,0.9875411201155968,0.45,0.45,decrease_margin_after_safe_window
140,mMTC,0.0,0.0,0.0,188.0,0.2748987618370318,0.45,0.45,decrease_margin_after_safe_window
141,URLLC,0.0,0.0,0.0,133.0,0.1989084223901099,0.9999999999999991,0.9499999999999991,decrease_margin_after_safe_window
141,eMBB,0.0,0.0,0.0,24.0,0.9886720087747373,0.45,0.45,decrease_margin_after_safe_window
141,mMTC,0.0,0.0,0.0,200.0,0.2957555786581999,0.45,0.45,decrease_margin_after_safe_window
142,URLLC,0.0,0.0,0.0,127.0,0.16505216346153848,0.9499999999999991,0.899999999999999,decrease_margin_after_safe_window
142,eMBB,0.0,0.0,0.0,20.0,0.9906488118230932,0.45,0.45,decrease_margin_after_safe_window
142,mMTC,0.0,0.0,0.0,209.0,0.3136857022244804,0.45,0.45,decrease_margin_after_safe_window
143,URLLC,0.0,0.0,0.0,113.0,0.16496408585164835,0.899999999999999,0.849999999999999,decrease_margin_after_safe_window
143,eMBB,0.0,0.0,0.0,24.0,0.9901127478040354,0.45,0.45,decrease_margin_after_safe_window
143,mMTC,0.0,0.0,0.0,172.0,0.3470701324420619,0.45,0.45,decrease_margin_after_safe_window
144,URLLC,0.0,0.0,0.0,132.0,0.18375765659340662,0.849999999999999,0.7999999999999989,decrease_margin_after_safe_window
144,eMBB,0.0,0.0,0.0,21.0,0.9889579915268257,0.45,0.45,decrease_margin_after_safe_window
144,mMTC,0.0,0.0,0.0,181.0,0.28564728397157974,0.45,0.45,decrease_margin_after_safe_window
145,URLLC,1.0,0.0,1.0,124.0,0.19371817445054945,0.7999999999999989,1.049999999999999,increase_margin_due_to_sla_pressure
145,eMBB,0.0,0.0,0.0,27.0,0.9865819029258793,0.45,0.45,decrease_margin_after_safe_window
145,mMTC,0.0,0.0,0.0,220.0,0.2887250107528113,0.45,0.45,decrease_margin_after_safe_window
146,URLLC,1.0,0.0,1.0,121.0,0.17792281730769233,1.049999999999999,1.299999999999999,increase_margin_due_to_sla_pressure
146,eMBB,0.0,0.0,0.0,22.0,0.9893372745637733,0.45,0.45,decrease_margin_after_safe_window
146,mMTC,0.0,0.0,0.0,179.0,0.3487032355408389,0.45,0.45,decrease_margin_after_safe_window
147,URLLC,0.0,0.0,0.0,120.0,0.18787822321428574,1.299999999999999,1.249999999999999,decrease_margin_after_safe_window
147,eMBB,0.0,0.0,0.0,23.0,0.9900658488452473,0.45,0.45,decrease_margin_after_safe_window
147,mMTC,0.0,0.0,0.0,179.0,0.29266448138582435,0.45,0.45,decrease_margin_after_safe_window
148,URLLC,0.0,0.0,0.0,135.0,0.2062528502747253,1.249999999999999,1.1999999999999988,decrease_margin_after_safe_window
148,eMBB,0.0,0.0,0.0,28.0,0.9898150710155785,0.45,0.45,decrease_margin_after_safe_window
148,mMTC,0.0,0.0,0.0,209.0,0.2726082055651263,0.45,0.45,decrease_margin_after_safe_window
149,URLLC,0.0,0.0,1.0,121.0,0.18348213255494508,1.1999999999999988,1.1499999999999988,decrease_margin_after_safe_window
149,eMBB,0.0,0.0,1.0,23.0,0.9881503249904547,0.45,0.45,decrease_margin_after_safe_window
149,mMTC,0.0,0.0,0.0,177.0,0.3471289125141424,0.45,0.45,decrease_margin_after_safe_window
150,URLLC,0.0,0.0,0.0,118.0,0.1885211002747253,1.1499999999999988,1.0999999999999988,decrease_margin_after_safe_window
150,eMBB,0.0,0.0,0.0,19.0,0.9889401938633426,0.45,0.45,decrease_margin_after_safe_window
150,mMTC,0.0,0.0,0.0,206.0,0.28977198881077604,0.45,0.45,decrease_margin_after_safe_window
151,URLLC,0.0,0.0,1.0,134.0,0.19250627129120876,1.0999999999999988,1.0499999999999987,decrease_margin_after_safe_window
151,eMBB,0.0,0.0,1.0,14.0,0.9889463302400926,0.45,0.45,decrease_margin_after_safe_window
151,mMTC,0.0,0.0,0.0,192.0,0.3380744615668232,0.45,0.45,decrease_margin_after_safe_window
152,URLLC,0.0,0.0,0.0,125.0,0.17959992994505497,1.0499999999999987,0.9999999999999987,decrease_margin_after_safe_window
152,eMBB,0.0,0.0,0.0,25.0,0.9891589076225991,0.45,0.45,decrease_margin_after_safe_window
152,mMTC,0.0,0.0,0.0,191.0,0.291645607381639,0.45,0.45,decrease_margin_after_safe_window
153,URLLC,0.0,0.0,0.0,114.0,0.17011836881868136,0.9999999999999987,0.9499999999999986,decrease_margin_after_safe_window
153,eMBB,0.0,0.0,0.0,23.0,0.985166466407923,0.45,0.45,decrease_margin_after_safe_window
153,mMTC,0.0,0.0,0.0,174.0,0.3202520742119766,0.45,0.45,decrease_margin_after_safe_window
154,URLLC,1.0,0.0,1.0,125.0,0.17564603846153845,0.9499999999999986,1.1999999999999986,increase_margin_due_to_sla_pressure
154,eMBB,0.0,0.0,0.0,26.0,0.98730409357873,0.45,0.45,decrease_margin_after_safe_window
154,mMTC,0.0,0.0,0.0,197.0,0.2819278879912638,0.45,0.45,decrease_margin_after_safe_window
155,URLLC,1.0,0.0,1.0,118.0,0.1778161366758242,1.1999999999999986,1.4499999999999986,increase_margin_due_to_sla_pressure
155,eMBB,0.0,0.0,0.0,27.0,0.9879437926459103,0.45,0.45,decrease_margin_after_safe_window
155,mMTC,0.0,0.0,0.0,194.0,0.3137864729855706,0.45,0.45,decrease_margin_after_safe_window
156,URLLC,1.0,0.0,2.0,122.0,0.2036855487637363,1.4499999999999986,1.6999999999999986,increase_margin_due_to_sla_pressure
156,eMBB,0.0,0.0,1.0,24.0,0.9885047577489144,0.45,0.45,decrease_margin_after_safe_window
156,mMTC,0.0,0.0,0.0,203.0,0.31987974789080065,0.45,0.45,decrease_margin_after_safe_window
157,URLLC,1.0,0.0,1.0,125.0,0.18083718750000002,1.6999999999999986,1.9499999999999986,increase_margin_due_to_sla_pressure
157,eMBB,0.0,0.0,0.0,29.0,0.9879348019667973,0.45,0.45,decrease_margin_after_safe_window
157,mMTC,0.0,0.0,0.0,204.0,0.33137574223382993,0.45,0.45,decrease_margin_after_safe_window
158,URLLC,0.0,0.0,1.0,131.0,0.18609208379120876,1.9499999999999986,1.8999999999999986,decrease_margin_after_safe_window
158,eMBB,0.0,0.0,1.0,23.0,0.9905099749542611,0.45,0.45,decrease_margin_after_safe_window
158,mMTC,0.0,0.0,0.0,186.0,0.3344810921337432,0.45,0.45,decrease_margin_after_safe_window
159,URLLC,0.0,0.0,0.0,128.0,0.19204596909340663,1.8999999999999986,1.8499999999999985,decrease_margin_after_safe_window
159,eMBB,0.0,0.0,0.0,18.0,0.9892312209222638,0.45,0.45,decrease_margin_after_safe_window
159,mMTC,0.0,0.0,0.0,189.0,0.304577291218929,0.45,0.45,decrease_margin_after_safe_window
160,URLLC,1.0,0.0,1.0,148.0,0.206555959478022,1.8499999999999985,2.0999999999999988,increase_margin_due_to_sla_pressure
160,eMBB,0.0,0.0,0.0,22.0,0.9882106073511354,0.45,0.45,decrease_margin_after_safe_window
160,mMTC,0.0,0.0,0.0,209.0,0.2984726672359988,0.45,0.45,decrease_margin_after_safe_window
161,URLLC,0.0,0.0,1.0,134.0,0.191015010989011,2.0999999999999988,2.049999999999999,decrease_margin_after_safe_window
161,eMBB,0.0,0.0,1.0,25.0,0.9900387981378096,0.45,0.45,decrease_margin_after_safe_window
161,mMTC,0.0,0.0,0.0,164.0,0.3386202002088522,0.45,0.45,decrease_margin_after_safe_window
162,URLLC,0.0,0.0,1.0,148.0,0.22786902609890108,2.049999999999999,1.999999999999999,decrease_margin_after_safe_window
162,eMBB,0.0,0.0,1.0,19.0,0.989732767728543,0.45,0.45,decrease_margin_after_safe_window
162,mMTC,0.0,0.0,0.0,217.0,0.2707005522925494,0.45,0.45,decrease_margin_after_safe_window
163,URLLC,0.0,0.0,0.0,120.0,0.1755773337912088,1.999999999999999,1.9499999999999988,decrease_margin_after_safe_window
163,eMBB,0.0,0.0,0.0,18.0,0.9886179635486673,0.45,0.45,decrease_margin_after_safe_window
163,mMTC,0.0,0.0,0.0,189.0,0.34766669161361563,0.45,0.45,decrease_margin_after_safe_window
164,URLLC,0.0,0.0,0.0,125.0,0.18057533791208794,1.9499999999999988,1.8999999999999988,decrease_margin_after_safe_window
164,eMBB,0.0,0.0,0.0,18.0,0.9876348305893939,0.45,0.45,decrease_margin_after_safe_window
164,mMTC,0.0,0.0,0.0,180.0,0.3097240495772463,0.45,0.45,decrease_margin_after_safe_window
165,URLLC,1.0,0.0,1.0,133.0,0.19817474313186814,1.8999999999999988,2.1499999999999986,increase_margin_due_to_sla_pressure
165,eMBB,0.0,0.0,0.0,24.0,0.9858960088524429,0.45,0.45,decrease_margin_after_safe_window
165,mMTC,0.0,0.0,0.0,181.0,0.2846637131703457,0.45,0.45,decrease_margin_after_safe_window
166,URLLC,1.0,0.0,1.0,115.0,0.17432593063186813,2.1499999999999986,2.3999999999999986,increase_margin_due_to_sla_pressure
166,eMBB,0.0,0.0,0.0,40.0,0.9839385317698878,0.45,0.45,decrease_margin_after_safe_window
166,mMTC,0.0,0.0,0.0,212.0,0.26922220358733,0.45,0.45,decrease_margin_after_safe_window
167,URLLC,1.0,0.0,2.0,147.0,0.2108697355769231,2.3999999999999986,2.5,increase_margin_due_to_sla_pressure
167,eMBB,0.0,0.0,1.0,28.0,0.9872079636109111,0.45,0.45,decrease_margin_after_safe_window
167,mMTC,0.0,0.0,0.0,214.0,0.34795453325853204,0.45,0.45,decrease_margin_after_safe_window
168,URLLC,0.0,0.0,1.0,135.0,0.2057102486263736,2.5,2.45,decrease_margin_after_safe_window
168,eMBB,0.0,0.0,1.0,25.0,0.9867982273340818,0.45,0.45,decrease_margin_after_safe_window
168,mMTC,0.0,0.0,0.0,178.0,0.3649404760276998,0.45,0.45,decrease_margin_after_safe_window
169,URLLC,0.0,0.0,0.0,132.0,0.1866466160714286,2.45,2.4000000000000004,decrease_margin_after_safe_window
169,eMBB,0.0,0.0,0.0,26.0,0.9893799571542574,0.45,0.45,decrease_margin_after_safe_window
169,mMTC,0.0,0.0,0.0,182.0,0.28826380577404814,0.45,0.45,decrease_margin_after_safe_window
170,URLLC,0.0,0.0,0.0,122.0,0.1887630364010989,2.4000000000000004,2.3500000000000005,decrease_margin_after_safe_window
170,eMBB,0.0,0.0,0.0,34.0,0.9863464991161266,0.45,0.45,decrease_margin_after_safe_window
170,mMTC,0.0,0.0,0.0,210.0,0.29924558174341104,0.45,0.45,decrease_margin_after_safe_window
171,URLLC,1.0,0.0,2.0,143.0,0.22110386813186814,2.3500000000000005,2.5,increase_margin_due_to_sla_pressure
171,eMBB,0.0,0.0,1.0,33.0,0.9882571486973963,0.45,0.45,decrease_margin_after_safe_window
171,mMTC,0.0,0.0,0.0,173.0,0.3434718062325696,0.45,0.45,decrease_margin_after_safe_window
172,URLLC,0.0,0.0,0.0,129.0,0.19301890178571426,2.5,2.45,decrease_margin_after_safe_window
172,eMBB,0.0,0.0,0.0,25.0,0.9876011579559323,0.45,0.45,decrease_margin_after_safe_window
172,mMTC,0.0,0.0,0.0,191.0,0.2985988596473807,0.45,0.45,decrease_margin_after_safe_window
173,URLLC,0.0,0.0,0.0,125.0,0.1906590631868132,2.45,2.4000000000000004,decrease_margin_after_safe_window
173,eMBB,0.0,0.0,0.0,25.0,0.9873308589763168,0.45,0.45,decrease_margin_after_safe_window
173,mMTC,0.0,0.0,0.0,182.0,0.3045518486023684,0.45,0.45,decrease_margin_after_safe_window
174,URLLC,0.0,0.0,1.0,131.0,0.1986148743131868,2.4000000000000004,2.3500000000000005,decrease_margin_after_safe_window
174,eMBB,0.0,0.0,1.0,18.0,0.9869007709685523,0.45,0.45,decrease_margin_after_safe_window
174,mMTC,0.0,0.0,0.0,205.0,0.3160560750631389,0.45,0.45,decrease_margin_after_safe_window
175,URLLC,0.0,0.0,1.0,128.0,0.19549017925824175,2.3500000000000005,2.3000000000000007,decrease_margin_after_safe_window
175,eMBB,0.0,0.0,1.0,29.0,0.9907752017877351,0.45,0.45,decrease_margin_after_safe_window
175,mMTC,0.0,0.0,0.0,187.0,0.3430935724265623,0.45,0.45,decrease_margin_after_safe_window
176,URLLC,0.0,0.0,0.0,147.0,0.20395160164835163,2.3000000000000007,2.250000000000001,decrease_margin_after_safe_window
176,eMBB,0.0,0.0,0.0,30.0,0.9898083476946962,0.45,0.45,decrease_margin_after_safe_window
176,mMTC,0.0,0.0,0.0,186.0,0.2846160981920877,0.45,0.45,decrease_margin_after_safe_window
177,URLLC,0.0,0.0,0.0,123.0,0.18506771703296704,2.250000000000001,2.200000000000001,decrease_margin_after_safe_window
177,eMBB,0.0,0.0,0.0,17.0,0.9887382560785072,0.45,0.45,decrease_margin_after_safe_window
177,mMTC,0.0,0.0,0.0,179.0,0.31562957049816703,0.45,0.45,decrease_margin_after_safe_window
178,URLLC,0.0,0.0,0.0,114.0,0.16188261675824175,2.200000000000001,2.1500000000000012,decrease_margin_after_safe_window
178,eMBB,0.0,0.0,0.0,22.0,0.987193986496424,0.45,0.45,decrease_margin_after_safe_window
178,mMTC,0.0,0.0,0.0,202.0,0.27839434193273027,0.45,0.45,decrease_margin_after_safe_window
179,URLLC,0.0,0.0,1.0,135.0,0.18879593612637363,2.1500000000000012,2.1000000000000014,decrease_margin_after_safe_window
179,eMBB,0.0,0.0,1.0,32.0,0.9873208655792014,0.45,0.45,decrease_margin_after_safe_window
179,mMTC,0.0,0.0,0.0,207.0,0.34441993793342324,0.45,0.45,decrease_margin_after_safe_window
180,URLLC,0.0,0.0,1.0,139.0,0.2051460769230769,2.1000000000000014,2.0500000000000016,decrease_margin_after_safe_window
180,eMBB,0.0,0.0,1.0,17.0,0.9896191813511855,0.45,0.45,decrease_margin_after_safe_window
180,mMTC,0.0,0.0,0.0,199.0,0.33696637081237124,0.45,0.45,decrease_margin_after_safe_window
181,URLLC,0.0,0.0,1.0,133.0,0.21044522939560442,2.0500000000000016,2.0000000000000018,decrease_margin_after_safe_window
181,eMBB,0.0,0.0,1.0,24.0,0.9930842389381462,0.45,0.45,decrease_margin_after_safe_window
181,mMTC,0.0,0.0,0.0,182.0,0.3296790410866313,0.45,0.45,decrease_margin_after_safe_window
182,URLLC,0.0,0.0,0.0,117.0,0.1783783324175824,2.0000000000000018,1.9500000000000017,decrease_margin_after_safe_window
182,eMBB,0.0,0.0,0.0,12.0,0.9902942441730015,0.45,0.45,decrease_margin_after_safe_window
182,mMTC,0.0,0.0,0.0,206.0,0.2900679157960163,0.45,0.45,decrease_margin_after_safe_window
183,URLLC,0.0,0.0,1.0,139.0,0.212805573489011,1.9500000000000017,1.9000000000000017,decrease_margin_after_safe_window
183,eMBB,0.0,0.0,1.0,22.0,0.9912448661437672,0.45,0.45,decrease_margin_after_safe_window
183,mMTC,0.0,0.0,0.0,192.0,0.3339014382929328,0.45,0.45,decrease_margin_after_safe_window
184,URLLC,0.0,0.0,0.0,120.0,0.1902366291208791,1.9000000000000017,1.8500000000000016,decrease_margin_after_safe_window
184,eMBB,0.0,0.0,0.0,15.0,0.9898970586841341,0.45,0.45,decrease_margin_after_safe_window
184,mMTC,0.0,0.0,0.0,198.0,0.3107464729835481,0.45,0.45,decrease_margin_after_safe_window
185,URLLC,0.0,0.0,0.0,123.0,0.18559810302197802,1.8500000000000016,1.8000000000000016,decrease_margin_after_safe_window
185,eMBB,0.0,0.0,0.0,17.0,0.9908274428039107,0.45,0.45,decrease_margin_after_safe_window
185,mMTC,0.0,0.0,0.0,186.0,0.3153870464092834,0.45,0.45,decrease_margin_after_safe_window
186,URLLC,0.0,0.0,0.0,122.0,0.18398918475274728,1.8000000000000016,1.7500000000000016,decrease_margin_after_safe_window
186,eMBB,0.0,0.0,0.0,14.0,0.9921200849989217,0.45,0.45,decrease_margin_after_safe_window
186,mMTC,0.0,0.0,0.0,185.0,0.29772495083345524,0.45,0.45,decrease_margin_after_safe_window
187,URLLC,0.0,0.0,1.0,138.0,0.2155295157967033,1.7500000000000016,1.7000000000000015,decrease_margin_after_safe_window
187,eMBB,0.0,0.0,1.0,13.0,0.9887651540857153,0.45,0.45,decrease_margin_after_safe_window
187,mMTC,0.0,0.0,0.0,185.0,0.297068565269403,0.45,0.45,decrease_margin_after_safe_window
188,URLLC,0.0,0.0,0.0,134.0,0.20552776648351648,1.7000000000000015,1.6500000000000015,decrease_margin_after_safe_window
188,eMBB,0.0,0.0,0.0,22.0,0.9880228251981985,0.45,0.45,decrease_margin_after_safe_window
188,mMTC,0.0,0.0,0.0,194.0,0.29545925266130135,0.45,0.45,decrease_margin_after_safe_window
189,URLLC,0.0,0.0,1.0,138.0,0.20293335851648356,1.6500000000000015,1.6000000000000014,decrease_margin_after_safe_window
189,eMBB,0.0,0.0,1.0,21.0,0.9901682105290821,0.45,0.45,decrease_margin_after_safe_window
189,mMTC,0.0,0.0,0.0,177.0,0.3123585258287877,0.45,0.45,decrease_margin_after_safe_window
190,URLLC,0.0,0.0,0.0,129.0,0.1945037039835165,1.6000000000000014,1.5500000000000014,decrease_margin_after_safe_window
190,eMBB,0.0,0.0,0.0,20.0,0.9908783207829405,0.45,0.45,decrease_margin_after_safe_window
190,mMTC,0.0,0.0,0.0,198.0,0.31002555088134587,0.45,0.45,decrease_margin_after_safe_window
191,URLLC,0.0,0.0,0.0,135.0,0.1790791620879121,1.5500000000000014,1.5000000000000013,decrease_margin_after_safe_window
191,eMBB,0.0,0.0,0.0,15.0,0.9898185216238017,0.45,0.45,decrease_margin_after_safe_window
191,mMTC,0.0,0.0,0.0,197.0,0.28848936479494597,0.45,0.45,decrease_margin_after_safe_window
192,URLLC,0.0,0.0,1.0,133.0,0.19413114766483516,1.5000000000000013,1.4500000000000013,decrease_margin_after_safe_window
192,eMBB,0.0,0.0,1.0,16.0,0.9925949432242379,0.45,0.45,decrease_margin_after_safe_window
192,mMTC,0.0,0.0,0.0,192.0,0.31954399088542773,0.45,0.45,decrease_margin_after_safe_window
193,URLLC,0.0,0.0,0.0,132.0,0.19232037774725272,1.4500000000000013,1.4000000000000012,decrease_margin_after_safe_window
193,eMBB,0.0,0.0,0.0,16.0,0.9913558554321634,0.45,0.45,decrease_margin_after_safe_window
193,mMTC,0.0,0.0,0.0,178.0,0.32193211840670916,0.45,0.45,decrease_margin_after_safe_window
194,URLLC,0.0,0.0,1.0,141.0,0.2238035576923077,1.4000000000000012,1.3500000000000012,decrease_margin_after_safe_window
194,eMBB,0.0,0.0,1.0,18.0,0.9922877997493117,0.45,0.45,decrease_margin_after_safe_window
194,mMTC,0.0,0.0,0.0,193.0,0.27978803644855876,0.45,0.45,decrease_margin_after_safe_window
195,URLLC,0.0,0.0,0.0,117.0,0.16791117101648353,1.3500000000000012,1.3000000000000012,decrease_margin_after_safe_window
195,eMBB,0.0,0.0,0.0,10.0,0.9886803744589552,0.45,0.45,decrease_margin_after_safe_window
195,mMTC,0.0,0.0,0.0,195.0,0.3230679980910559,0.45,0.45,decrease_margin_after_safe_window
196,URLLC,0.0,0.0,1.0,132.0,0.20526036126373626,1.3000000000000012,1.250000000000001,decrease_margin_after_safe_window
196,eMBB,0.0,0.0,1.0,9.0,0.9916237781042173,0.45,0.45,decrease_margin_after_safe_window
196,mMTC,0.0,0.0,0.0,199.0,0.3234086834920928,0.45,0.45,decrease_margin_after_safe_window
197,URLLC,0.0,0.0,0.0,135.0,0.2044615528846154,1.250000000000001,1.200000000000001,decrease_margin_after_safe_window
197,eMBB,0.0,0.0,0.0,14.0,0.9893740706568298,0.45,0.45,decrease_margin_after_safe_window
197,mMTC,0.0,0.0,0.0,185.0,0.30394592666154446,0.45,0.45,decrease_margin_after_safe_window
198,URLLC,0.0,0.0,0.0,127.0,0.18938403090659342,1.200000000000001,1.150000000000001,decrease_margin_after_safe_window
198,eMBB,0.0,0.0,0.0,18.0,0.9909087383560201,0.45,0.45,decrease_margin_after_safe_window
198,mMTC,0.0,0.0,0.0,171.0,0.2961041517798352,0.45,0.45,decrease_margin_after_safe_window
199,URLLC,0.0,0.0,0.0,142.0,0.20473755013736264,1.150000000000001,1.100000000000001,decrease_margin_after_safe_window
199,eMBB,0.0,0.0,0.0,23.0,0.9897944299084839,0.45,0.45,decrease_margin_after_safe_window
199,mMTC,0.0,0.0,0.0,229.0,0.25998711783738765,0.45,0.45,decrease_margin_after_safe_window
200,URLLC,0.0,0.0,1.0,132.0,0.1994742445054945,1.100000000000001,1.050000000000001,decrease_margin_after_safe_window
200,eMBB,0.0,0.0,1.0,21.0,0.9896028674101075,0.45,0.45,decrease_margin_after_safe_window
200,mMTC,0.0,0.0,0.0,181.0,0.3684766127825175,0.45,0.45,decrease_margin_after_safe_window
201,URLLC,0.0,0.0,0.0,133.0,0.20349513804945055,1.050000000000001,1.0000000000000009,decrease_margin_after_safe_window
201,eMBB,0.0,0.0,0.0,21.0,0.9928516680181664,0.45,0.45,decrease_margin_after_safe_window
201,mMTC,0.0,0.0,0.0,190.0,0.2905269556381788,0.45,0.45,decrease_margin_after_safe_window
202,URLLC,0.0,0.0,0.0,121.0,0.17991876442307692,1.0000000000000009,0.9500000000000008,decrease_margin_after_safe_window
202,eMBB,0.0,0.0,0.0,16.0,0.9886317209344488,0.45,0.45,decrease_margin_after_safe_window
202,mMTC,0.0,0.0,0.0,173.0,0.2998019915023082,0.45,0.45,decrease_margin_after_safe_window
203,URLLC,0.0,0.0,0.0,128.0,0.19570189766483517,0.9500000000000008,0.9000000000000008,decrease_margin_after_safe_window
203,eMBB,0.0,0.0,0.0,15.0,0.9913093920061646,0.45,0.45,decrease_margin_after_safe_window
203,mMTC,0.0,0.0,0.0,188.0,0.27847669034013484,0.45,0.45,decrease_margin_after_safe_window
204,URLLC,0.0,0.0,0.0,123.0,0.1835302129120879,0.9000000000000008,0.8500000000000008,decrease_margin_after_safe_window
204,eMBB,0.0,0.0,0.0,17.0,0.9899506670832617,0.45,0.45,decrease_margin_after_safe_window
204,mMTC,0.0,0.0,0.0,202.0,0.2811724355807524,0.45,0.45,decrease_margin_after_safe_window
205,URLLC,0.0,0.0,0.0,118.0,0.17834658653846155,0.8500000000000008,0.8000000000000007,decrease_margin_after_safe_window
205,eMBB,0.0,0.0,0.0,16.0,0.9907847095658662,0.45,0.45,decrease_margin_after_safe_window
205,mMTC,0.0,0.0,0.0,198.0,0.31789545103930206,0.45,0.45,decrease_margin_after_safe_window
206,URLLC,0.0,0.0,0.0,130.0,0.18323423351648352,0.8000000000000007,0.7500000000000007,decrease_margin_after_safe_window
206,eMBB,0.0,0.0,0.0,16.0,0.9903819975511097,0.45,0.45,decrease_margin_after_safe_window
206,mMTC,0.0,0.0,0.0,194.0,0.3150840302711568,0.45,0.45,decrease_margin_after_safe_window
207,URLLC,0.0,0.0,0.0,129.0,0.2006562857142857,0.7500000000000007,0.7000000000000006,decrease_margin_after_safe_window
207,eMBB,0.0,0.0,0.0,22.0,0.9883513655274051,0.45,0.45,decrease_margin_after_safe_window
207,mMTC,0.0,0.0,0.0,202.0,0.3173842524329809,0.45,0.45,decrease_margin_after_safe_window
208,URLLC,0.0,0.0,0.0,132.0,0.19058049244505496,0.7000000000000006,0.6500000000000006,decrease_margin_after_safe_window
208,eMBB,0.0,0.0,0.0,14.0,0.9909532667467589,0.45,0.45,decrease_margin_after_safe_window
208,mMTC,0.0,0.0,0.0,195.0,0.32278525159757426,0.45,0.45,decrease_margin_after_safe_window
209,URLLC,0.0,0.0,0.0,132.0,0.19935593063186813,0.6500000000000006,0.6000000000000005,decrease_margin_after_safe_window
209,eMBB,0.0,0.0,0.0,13.0,0.990324404570417,0.45,0.45,decrease_margin_after_safe_window
209,mMTC,0.0,0.0,0.0,183.0,0.30858472198482817,0.45,0.45,decrease_margin_after_safe_window
210,URLLC,0.0,0.0,0.0,130.0,0.18482846359890112,0.6000000000000005,0.5500000000000005,decrease_margin_after_safe_window
210,eMBB,0.0,0.0,0.0,13.0,0.9893815067241736,0.45,0.45,decrease_margin_after_safe_window
210,mMTC,0.0,0.0,0.0,195.0,0.2936223046401602,0.45,0.45,decrease_margin_after_safe_window
211,URLLC,0.0,0.0,0.0,114.0,0.17533241483516485,0.5500000000000005,0.5000000000000004,decrease_margin_after_safe_window
211,eMBB,0.0,0.0,0.0,19.0,0.9922002395293682,0.45,0.45,decrease_margin_after_safe_window
211,mMTC,0.0,0.0,0.0,179.0,0.2995254447279924,0.45,0.45,decrease_margin_after_safe_window
212,URLLC,0.0,0.0,0.0,108.0,0.15998917651098904,0.5000000000000004,0.45000000000000046,decrease_margin_after_safe_window
212,eMBB,0.0,0.0,0.0,14.0,0.9919414838559434,0.45,0.45,decrease_margin_after_safe_window
212,mMTC,0.0,0.0,0.0,207.0,0.2752232822639415,0.45,0.45,decrease_margin_after_safe_window
213,URLLC,0.0,0.0,0.0,112.0,0.171036470467033,0.45000000000000046,0.45,decrease_margin_after_safe_window
213,eMBB,0.0,0.0,0.0,18.0,0.9916034822181298,0.45,0.45,decrease_margin_after_safe_window
213,mMTC,0.0,0.0,0.0,193.0,0.30799046050178214,0.45,0.45,decrease_margin_after_safe_window
214,URLLC,0.0,0.0,0.0,123.0,0.1842891792582418,0.45,0.45,decrease_margin_after_safe_window
214,eMBB,0.0,0.0,0.0,18.0,0.986894756269956,0.45,0.45,decrease_margin_after_safe_window
214,mMTC,0.0,0.0,0.0,187.0,0.29931733704349933,0.45,0.45,decrease_margin_after_safe_window
215,URLLC,0.0,0.0,0.0,119.0,0.17208312980769233,0.45,0.45,decrease_margin_after_safe_window
215,eMBB,0.0,0.0,0.0,17.0,0.9895712366172206,0.45,0.45,decrease_margin_after_safe_window
215,mMTC,0.0,0.0,0.0,211.0,0.3008991258869404,0.45,0.45,decrease_margin_after_safe_window
216,URLLC,0.0,0.0,0.0,112.0,0.1763514793956044,0.45,0.45,decrease_margin_after_safe_window
216,eMBB,0.0,0.0,0.0,15.0,0.9889254685462988,0.45,0.45,decrease_margin_after_safe_window
216,mMTC,0.0,0.0,0.0,179.0,0.3359647511441878,0.45,0.45,decrease_margin_after_safe_window
217,URLLC,0.0,0.0,0.0,128.0,0.1902963653846154,0.45,0.45,decrease_margin_after_safe_window
217,eMBB,0.0,0.0,0.0,17.0,0.9886858407179843,0.45,0.45,decrease_margin_after_safe_window
217,mMTC,0.0,0.0,0.0,196.0,0.28588004396792716,0.45,0.45,decrease_margin_after_safe_window
218,URLLC,0.0,0.0,0.0,133.0,0.1996623695054945,0.45,0.45,decrease_margin_after_safe_window
218,eMBB,0.0,0.0,0.0,15.0,0.9894768295295365,0.45,0.45,decrease_margin_after_safe_window
218,mMTC,0.0,0.0,0.0,184.0,0.29864095761824566,0.45,0.45,decrease_margin_after_safe_window
219,URLLC,0.0,0.0,0.0,124.0,0.19767012362637362,0.45,0.45,decrease_margin_after_safe_window
219,eMBB,0.0,0.0,0.0,21.0,0.9911748019378096,0.45,0.45,decrease_margin_after_safe_window
219,mMTC,0.0,0.0,0.0,195.0,0.31226877452775176,0.45,0.45,decrease_margin_after_safe_window
220,URLLC,0.0,0.0,0.0,123.0,0.17299606593406594,0.45,0.45,decrease_margin_after_safe_window
220,eMBB,0.0,0.0,0.0,16.0,0.9868029953137886,0.45,0.45,decrease_margin_after_safe_window
220,mMTC,0.0,0.0,0.0,184.0,0.32677700235822266,0.45,0.45,decrease_margin_after_safe_window
221,URLLC,0.0,0.0,0.0,119.0,0.18662920329670332,0.45,0.45,decrease_margin_after_safe_window
221,eMBB,0.0,0.0,0.0,19.0,0.9881320377647337,0.45,0.45,decrease_margin_after_safe_window
221,mMTC,0.0,0.0,0.0,213.0,0.29089247123795026,0.45,0.45,decrease_margin_after_safe_window
222,URLLC,0.0,0.0,0.0,125.0,0.18044343406593408,0.45,0.45,decrease_margin_after_safe_window
222,eMBB,0.0,0.0,0.0,25.0,0.9882421186888604,0.45,0.45,decrease_margin_after_safe_window
222,mMTC,0.0,0.0,0.0,192.0,0.34510621507598327,0.45,0.45,decrease_margin_after_safe_window
223,URLLC,0.0,0.0,1.0,144.0,0.21304285920329671,0.45,0.45,decrease_margin_after_safe_window
223,eMBB,0.0,0.0,1.0,24.0,0.991772690493834,0.45,0.45,decrease_margin_after_safe_window
223,mMTC,0.0,0.0,0.0,171.0,0.29774069619587307,0.45,0.45,decrease_margin_after_safe_window
224,URLLC,0.0,0.0,0.0,123.0,0.19396785096153848,0.45,0.45,decrease_margin_after_safe_window
224,eMBB,0.0,0.0,0.0,11.0,0.991411591879671,0.45,0.45,decrease_margin_after_safe_window
224,mMTC,0.0,0.0,0.0,195.0,0.2831961084811574,0.45,0.45,decrease_margin_after_safe_window
225,URLLC,0.0,0.0,0.0,121.0,0.17799284409340663,0.45,0.45,decrease_margin_after_safe_window
225,eMBB,0.0,0.0,0.0,16.0,0.9887262141528964,0.45,0.45,decrease_margin_after_safe_window
225,mMTC,0.0,0.0,0.0,206.0,0.32970840588549155,0.45,0.45,decrease_margin_after_safe_window
226,URLLC,0.0,0.0,0.0,138.0,0.20206010233516486,0.45,0.45,decrease_margin_after_safe_window
226,eMBB,0.0,0.0,0.0,19.0,0.9880524711560511,0.45,0.45,decrease_margin_after_safe_window
226,mMTC,0.0,0.0,0.0,182.0,0.32288757646442345,0.45,0.45,decrease_margin_after_safe_window
227,URLLC,0.0,0.0,0.0,131.0,0.2013306620879121,0.45,0.45,decrease_margin_after_safe_window
227,eMBB,0.0,0.0,0.0,15.0,0.988592771378676,0.45,0.45,decrease_margin_after_safe_window
227,mMTC,0.0,0.0,0.0,202.0,0.2970818200049975,0.45,0.45,decrease_margin_after_safe_window
228,URLLC,0.0,0.0,0.0,126.0,0.17709410782967033,0.45,0.45,decrease_margin_after_safe_window
228,eMBB,0.0,0.0,0.0,23.0,0.9873192965691208,0.45,0.45,decrease_margin_after_safe_window
228,mMTC,0.0,0.0,0.0,169.0,0.3330533293007512,0.45,0.45,decrease_margin_after_safe_window
229,URLLC,0.0,0.0,0.0,120.0,0.1857829010989011,0.45,0.45,decrease_margin_after_safe_window
229,eMBB,0.0,0.0,0.0,24.0,0.9895412830937644,0.45,0.45,decrease_margin_after_safe_window
229,mMTC,0.0,0.0,0.0,200.0,0.2753434132898127,0.45,0.45,decrease_margin_after_safe_window
230,URLLC,0.0,0.0,0.0,124.0,0.181818989010989,0.45,0.45,decrease_margin_after_safe_window
230,eMBB,0.0,0.0,0.0,25.0,0.9907181325155915,0.45,0.45,decrease_margin_after_safe_window
230,mMTC,0.0,0.0,0.0,198.0,0.32352618455604487,0.45,0.45,decrease_margin_after_safe_window
231,URLLC,0.0,0.0,0.0,119.0,0.17565530425824177,0.45,0.45,decrease_margin_after_safe_window
231,eMBB,0.0,0.0,0.0,9.0,0.9916023051535289,0.45,0.45,decrease_margin_after_safe_window
231,mMTC,0.0,0.0,0.0,190.0,0.3212911566152877,0.45,0.45,decrease_margin_after_safe_window
232,URLLC,0.0,0.0,0.0,126.0,0.1821654217032967,0.45,0.45,decrease_margin_after_safe_window
232,eMBB,0.0,0.0,0.0,16.0,0.9905111238387102,0.45,0.45,decrease_margin_after_safe_window
232,mMTC,0.0,0.0,0.0,179.0,0.29791052863018475,0.45,0.45,decrease_margin_after_safe_window
233,URLLC,0.0,0.0,0.0,125.0,0.18973466277472525,0.45,0.45,decrease_margin_after_safe_window
233,eMBB,0.0,0.0,0.0,15.0,0.9881426924176405,0.45,0.45,decrease_margin_after_safe_window
233,mMTC,0.0,0.0,0.0,189.0,0.2992100169682955,0.45,0.45,decrease_margin_after_safe_window
234,URLLC,0.0,0.0,0.0,126.0,0.16767818063186815,0.45,0.45,decrease_margin_after_safe_window
234,eMBB,0.0,0.0,0.0,25.0,0.9900829792246773,0.45,0.45,decrease_margin_after_safe_window
234,mMTC,0.0,0.0,0.0,205.0,0.29031567231264294,0.45,0.45,decrease_margin_after_safe_window
235,URLLC,0.0,0.0,0.0,120.0,0.17778350206043955,0.45,0.45,decrease_margin_after_safe_window
235,eMBB,0.0,0.0,0.0,15.0,0.9901093790530693,0.45,0.45,decrease_margin_after_safe_window
235,mMTC,0.0,0.0,0.0,198.0,0.32204940443312385,0.45,0.45,decrease_margin_after_safe_window
236,URLLC,0.0,0.0,0.0,140.0,0.20240136607142856,0.45,0.45,decrease_margin_after_safe_window
236,eMBB,0.0,0.0,0.0,21.0,0.9864862063684114,0.45,0.45,decrease_margin_after_safe_window
236,mMTC,0.0,0.0,0.0,194.0,0.32664212091756106,0.45,0.45,decrease_margin_after_safe_window
237,URLLC,0.0,0.0,0.0,134.0,0.1989788592032967,0.45,0.45,decrease_margin_after_safe_window
237,eMBB,0.0,0.0,0.0,17.0,0.989350808150946,0.45,0.45,decrease_margin_after_safe_window
237,mMTC,0.0,0.0,0.0,202.0,0.31271563350944803,0.45,0.45,decrease_margin_after_safe_window
238,URLLC,0.0,0.0,0.0,130.0,0.19318966002747254,0.45,0.45,decrease_margin_after_safe_window
238,eMBB,0.0,0.0,0.0,18.0,0.9902685105229175,0.45,0.45,decrease_margin_after_safe_window
238,mMTC,0.0,0.0,0.0,185.0,0.317603718803023,0.45,0.45,decrease_margin_after_safe_window
239,URLLC,0.0,0.0,0.0,126.0,0.18497118131868134,0.45,0.45,decrease_margin_after_safe_window
239,eMBB,0.0,0.0,0.0,18.0,0.9903348310400981,0.45,0.45,decrease_margin_after_safe_window
239,mMTC,0.0,0.0,0.0,216.0,0.29824265076551554,0.45,0.45,decrease_margin_after_safe_window
240,URLLC,0.0,0.0,1.0,139.0,0.21578927335164835,0.45,0.45,decrease_margin_after_safe_window
240,eMBB,0.0,0.0,1.0,19.0,0.9890769157364226,0.45,0.45,decrease_margin_after_safe_window
240,mMTC,0.0,0.0,0.0,172.0,0.3346290809446895,0.45,0.45,decrease_margin_after_safe_window
241,URLLC,0.0,0.0,0.0,136.0,0.2045510061813187,0.45,0.45,decrease_margin_after_safe_window
241,eMBB,0.0,0.0,0.0,20.0,0.9905058476128019,0.45,0.45,decrease_margin_after_safe_window
241,mMTC,0.0,0.0,0.0,212.0,0.27653956108048244,0.45,0.45,decrease_margin_after_safe_window
242,URLLC,0.0,0.0,0.0,125.0,0.17509722046703297,0.45,0.45,decrease_margin_after_safe_window
242,eMBB,0.0,0.0,0.0,15.0,0.989242395268217,0.45,0.45,decrease_margin_after_safe_window
242,mMTC,0.0,0.0,0.0,189.0,0.3390657353198928,0.45,0.45,decrease_margin_after_safe_window
243,URLLC,0.0,0.0,0.0,122.0,0.17583095673076923,0.45,0.45,decrease_margin_after_safe_window
243,eMBB,0.0,0.0,0.0,15.0,0.9885140131429735,0.45,0.45,decrease_margin_after_safe_window
243,mMTC,0.0,0.0,0.0,184.0,0.30288530838803523,0.45,0.45,decrease_margin_after_safe_window
244,URLLC,0.0,0.0,0.0,115.0,0.17396662293956044,0.45,0.45,decrease_margin_after_safe_window
244,eMBB,0.0,0.0,0.0,15.0,0.9893476162092797,0.45,0.45,decrease_margin_after_safe_window
244,mMTC,0.0,0.0,0.0,173.0,0.30125708151662645,0.45,0.45,decrease_margin_after_safe_window
245,URLLC,0.0,0.0,0.0,116.0,0.17157911263736264,0.45,0.45,decrease_margin_after_safe_window
245,eMBB,0.0,0.0,0.0,21.0,0.9897954640691189,0.45,0.45,decrease_margin_after_safe_window
245,mMTC,0.0,0.0,0.0,196.0,0.2788147876476159,0.45,0.45,decrease_margin_after_safe_window
246,URLLC,0.0,0.0,0.0,114.0,0.16411389491758244,0.45,0.45,decrease_margin_after_safe_window
246,eMBB,0.0,0.0,0.0,11.0,0.9897083667474699,0.45,0.45,decrease_margin_after_safe_window
246,mMTC,0.0,0.0,0.0,209.0,0.3086728757087373,0.45,0.45,decrease_margin_after_safe_window
247,URLLC,0.0,0.0,0.0,133.0,0.19462779739010988,0.45,0.45,decrease_margin_after_safe_window
247,eMBB,0.0,0.0,0.0,14.0,0.9906053028123989,0.45,0.45,decrease_margin_after_safe_window
247,mMTC,0.0,0.0,0.0,177.0,0.30985048053197994,0.45,0.45,decrease_margin_after_safe_window
248,URLLC,0.0,0.0,0.0,123.0,0.18669317994505494,0.45,0.45,decrease_margin_after_safe_window
248,eMBB,0.0,0.0,0.0,18.0,0.9899438740969082,0.45,0.45,decrease_margin_after_safe_window
248,mMTC,0.0,0.0,0.0,203.0,0.2708643182731163,0.45,0.45,decrease_margin_after_safe_window
249,URLLC,0.0,0.0,0.0,117.0,0.17969269162087914,0.45,0.45,decrease_margin_after_safe_window
249,eMBB,0.0,0.0,0.0,28.0,0.9890003035280481,0.45,0.45,decrease_margin_after_safe_window
249,mMTC,0.0,0.0,0.0,178.0,0.32820890704475303,0.45,0.45,decrease_margin_after_safe_window
250,URLLC,0.0,0.0,0.0,136.0,0.20344636057692309,0.45,0.45,decrease_margin_after_safe_window
250,eMBB,0.0,0.0,0.0,16.0,0.9883783532133977,0.45,0.45,decrease_margin_after_safe_window
250,mMTC,0.0,0.0,0.0,182.0,0.3137445229148991,0.45,0.45,decrease_margin_after_safe_window
251,URLLC,0.0,0.0,0.0,128.0,0.19885139354395606,0.45,0.45,decrease_margin_after_safe_window
251,eMBB,0.0,0.0,0.0,20.0,0.9880888725893799,0.45,0.45,decrease_margin_after_safe_window
251,mMTC,0.0,0.0,0.0,204.0,0.27894546093061046,0.45,0.45,decrease_margin_after_safe_window
252,URLLC,0.0,0.0,0.0,114.0,0.1580492754120879,0.45,0.45,decrease_margin_after_safe_window
252,eMBB,0.0,0.0,0.0,18.0,0.9894876183533698,0.45,0.45,decrease_margin_after_safe_window
252,mMTC,0.0,0.0,0.0,204.0,0.328130027059658,0.45,0.45,decrease_margin_after_safe_window
253,URLLC,0.0,0.0,0.0,116.0,0.1740954684065934,0.45,0.45,decrease_margin_after_safe_window
253,eMBB,0.0,0.0,0.0,19.0,0.9891928468923742,0.45,0.45,decrease_margin_after_safe_window
253,mMTC,0.0,0.0,0.0,195.0,0.3318390771700695,0.45,0.45,decrease_margin_after_safe_window
254,URLLC,0.0,0.0,1.0,143.0,0.21220173695054947,0.45,0.45,decrease_margin_after_safe_window
254,eMBB,0.0,0.0,1.0,19.0,0.9865912429257296,0.45,0.45,decrease_margin_after_safe_window
254,mMTC,0.0,0.0,0.0,195.0,0.3264018323148808,0.45,0.45,decrease_margin_after_safe_window
255,URLLC,0.0,0.0,0.0,136.0,0.1955424168956044,0.45,0.45,decrease_margin_after_safe_window
255,eMBB,0.0,0.0,0.0,16.0,0.9891046698936314,0.45,0.45,decrease_margin_after_safe_window
255,mMTC,0.0,0.0,0.0,193.0,0.31799617177811346,0.45,0.45,decrease_margin_after_safe_window
256,URLLC,0.0,0.0,0.0,116.0,0.18091889766483518,0.45,0.45,decrease_margin_after_safe_window
256,eMBB,0.0,0.0,0.0,26.0,0.9885678434852269,0.45,0.45,decrease_margin_after_safe_window
256,mMTC,0.0,0.0,0.0,197.0,0.2873497669828869,0.45,0.45,decrease_margin_after_safe_window
257,URLLC,0.0,0.0,0.0,137.0,0.19493901991758242,0.45,0.45,decrease_margin_after_safe_window
257,eMBB,0.0,0.0,0.0,19.0,0.987347818689757,0.45,0.45,decrease_margin_after_safe_window
257,mMTC,0.0,0.0,0.0,200.0,0.28684954768615106,0.45,0.45,decrease_margin_after_safe_window
258,URLLC,0.0,0.0,1.0,141.0,0.19549493681318683,0.45,0.45,decrease_margin_after_safe_window
258,eMBB,0.0,0.0,1.0,19.0,0.9922209229677966,0.45,0.45,decrease_margin_after_safe_window
258,mMTC,0.0,0.0,0.0,185.0,0.3176318645875164,0.45,0.45,decrease_margin_after_safe_window
259,URLLC,0.0,0.0,0.0,139.0,0.20787818406593409,0.45,0.45,decrease_margin_after_safe_window
259,eMBB,0.0,0.0,0.0,22.0,0.9885965052900926,0.45,0.45,decrease_margin_after_safe_window
259,mMTC,0.0,0.0,0.0,202.0,0.29157683685581726,0.45,0.45,decrease_margin_after_safe_window
260,URLLC,0.0,0.0,1.0,129.0,0.20688003983516484,0.45,0.45,decrease_margin_after_safe_window
260,eMBB,0.0,0.0,1.0,14.0,0.9889219784439774,0.45,0.45,decrease_margin_after_safe_window
260,mMTC,0.0,0.0,0.0,194.0,0.32896444244663314,0.45,0.45,decrease_margin_after_safe_window
261,URLLC,0.0,0.0,1.0,141.0,0.21712262156593407,0.45,0.45,decrease_margin_after_safe_window
261,eMBB,0.0,0.0,1.0,19.0,0.990060856863905,0.45,0.45,decrease_margin_after_safe_window
261,mMTC,0.0,0.0,0.0,199.0,0.29685193827502043,0.45,0.45,decrease_margin_after_safe_window
262,URLLC,0.0,0.0,1.0,128.0,0.20223713736263735,0.45,0.45,decrease_margin_after_safe_window
262,eMBB,0.0,0.0,1.0,14.0,0.9895317536775773,0.45,0.45,decrease_margin_after_safe_window
262,mMTC,0.0,0.0,0.0,200.0,0.34636469906106665,0.45,0.45,decrease_margin_after_safe_window
263,URLLC,0.0,0.0,0.0,136.0,0.20066859203296702,0.45,0.45,decrease_margin_after_safe_window
263,eMBB,0.0,0.0,0.0,25.0,0.9904940470919682,0.45,0.45,decrease_margin_after_safe_window
263,mMTC,0.0,0.0,0.0,208.0,0.3024533364806456,0.45,0.45,decrease_margin_after_safe_window
264,URLLC,0.0,0.0,1.0,142.0,0.21278782554945058,0.45,0.45,decrease_margin_after_safe_window
264,eMBB,0.0,0.0,1.0,17.0,0.985979841711641,0.45,0.45,decrease_margin_after_safe_window
264,mMTC,0.0,0.0,0.0,175.0,0.3421487118020088,0.45,0.45,decrease_margin_after_safe_window
265,URLLC,0.0,0.0,0.0,118.0,0.1705631153846154,0.45,0.45,decrease_margin_after_safe_window
265,eMBB,0.0,0.0,0.0,20.0,0.9848822086832045,0.45,0.45,decrease_margin_after_safe_window
265,mMTC,0.0,0.0,0.0,186.0,0.28927733419248786,0.45,0.45,decrease_margin_after_safe_window
266,URLLC,1.0,0.0,1.0,121.0,0.1789271875,0.45,0.7,increase_margin_due_to_sla_pressure
266,eMBB,0.0,0.0,0.0,21.0,0.9884421607744479,0.45,0.45,decrease_margin_after_safe_window
266,mMTC,0.0,0.0,0.0,190.0,0.30897040498631073,0.45,0.45,decrease_margin_after_safe_window
267,URLLC,0.0,0.0,0.0,139.0,0.19834468956043957,0.7,0.6499999999999999,decrease_margin_after_safe_window
267,eMBB,0.0,0.0,0.0,23.0,0.9894400737063862,0.45,0.45,decrease_margin_after_safe_window
267,mMTC,0.0,0.0,0.0,184.0,0.3137540500148982,0.45,0.45,decrease_margin_after_safe_window
268,URLLC,0.0,0.0,0.0,127.0,0.183759239010989,0.6499999999999999,0.5999999999999999,decrease_margin_after_safe_window
268,eMBB,0.0,0.0,0.0,27.0,0.9875623318370026,0.45,0.45,decrease_margin_after_safe_window
268,mMTC,0.0,0.0,0.0,198.0,0.2978233973924987,0.45,0.45,decrease_margin_after_safe_window
269,URLLC,0.0,0.0,1.0,135.0,0.20656673351648352,0.5999999999999999,0.5499999999999998,decrease_margin_after_safe_window
269,eMBB,0.0,0.0,1.0,21.0,0.9888917248898303,0.45,0.45,decrease_margin_after_safe_window
269,mMTC,0.0,0.0,0.0,196.0,0.2983287948026017,0.45,0.45,decrease_margin_after_safe_window
270,URLLC,0.0,0.0,1.0,132.0,0.20535970467032966,0.5499999999999998,0.49999999999999983,decrease_margin_after_safe_window
270,eMBB,0.0,0.0,1.0,20.0,0.9905537631654078,0.45,0.45,decrease_margin_after_safe_window
270,mMTC,0.0,0.0,0.0,187.0,0.3036149265595292,0.45,0.45,decrease_margin_after_safe_window
271,URLLC,0.0,0.0,0.0,116.0,0.18492942032967033,0.49999999999999983,0.45,decrease_margin_after_safe_window
271,eMBB,0.0,0.0,0.0,16.0,0.9875292945764335,0.45,0.45,decrease_margin_after_safe_window
271,mMTC,0.0,0.0,0.0,210.0,0.299568698272351,0.45,0.45,decrease_margin_after_safe_window
272,URLLC,0.0,0.0,1.0,122.0,0.1706591462912088,0.45,0.45,decrease_margin_after_safe_window
272,eMBB,0.0,0.0,0.0,19.0,0.9871340313560807,0.45,0.45,decrease_margin_after_safe_window
272,mMTC,0.0,0.0,0.0,190.0,0.34488758173682976,0.45,0.45,decrease_margin_after_safe_window
273,URLLC,0.0,0.0,0.0,129.0,0.17645423214285713,0.45,0.45,decrease_margin_after_safe_window
273,eMBB,0.0,0.0,0.0,26.0,0.9889192664696116,0.45,0.45,decrease_margin_after_safe_window
273,mMTC,0.0,0.0,0.0,193.0,0.3026197708298623,0.45,0.45,decrease_margin_after_safe_window
274,URLLC,0.0,0.0,1.0,147.0,0.2258293907967033,0.45,0.45,decrease_margin_after_safe_window
274,eMBB,0.0,0.0,1.0,30.0,0.9862983442141452,0.45,0.45,decrease_margin_after_safe_window
274,mMTC,0.0,0.0,0.0,193.0,0.2952876012771521,0.45,0.45,decrease_margin_after_safe_window
275,URLLC,0.0,0.0,0.0,115.0,0.15366050137362636,0.45,0.45,decrease_margin_after_safe_window
275,eMBB,0.0,0.0,0.0,19.0,0.989905926696852,0.45,0.45,decrease_margin_after_safe_window
275,mMTC,0.0,0.0,0.0,185.0,0.3031949697474247,0.45,0.45,decrease_margin_after_safe_window
276,URLLC,0.0,0.0,1.0,134.0,0.20746187156593407,0.45,0.45,decrease_margin_after_safe_window
276,eMBB,0.0,0.0,1.0,22.0,0.9890633719688162,0.45,0.45,decrease_margin_after_safe_window
276,mMTC,0.0,0.0,0.0,184.0,0.2949186605320494,0.45,0.45,decrease_margin_after_safe_window
277,URLLC,0.0,0.0,1.0,135.0,0.20480480906593407,0.45,0.45,decrease_margin_after_safe_window
277,eMBB,0.0,0.0,1.0,18.0,0.9916442650688548,0.45,0.45,decrease_margin_after_safe_window
277,mMTC,0.0,0.0,0.0,204.0,0.31480676242782696,0.45,0.45,decrease_margin_after_safe_window
278,URLLC,0.0,0.0,1.0,144.0,0.21734702815934065,0.45,0.45,decrease_margin_after_safe_window
278,eMBB,0.0,0.0,1.0,23.0,0.9878336470518139,0.45,0.45,decrease_margin_after_safe_window
278,mMTC,0.0,0.0,0.0,189.0,0.3299090331631259,0.45,0.45,decrease_margin_after_safe_window
279,URLLC,0.0,0.0,0.0,116.0,0.1757908379120879,0.45,0.45,decrease_margin_after_safe_window
279,eMBB,0.0,0.0,0.0,27.0,0.9899071699104357,0.45,0.45,decrease_margin_after_safe_window
279,mMTC,0.0,0.0,0.0,176.0,0.2948935982567916,0.45,0.45,decrease_margin_after_safe_window
280,URLLC,0.0,0.0,0.0,124.0,0.18756036950549454,0.45,0.45,decrease_margin_after_safe_window
280,eMBB,0.0,0.0,0.0,18.0,0.9882510767937126,0.45,0.45,decrease_margin_after_safe_window
280,mMTC,0.0,0.0,0.0,205.0,0.27920837857654685,0.45,0.45,decrease_margin_after_safe_window
281,URLLC,0.0,0.0,1.0,134.0,0.19434002609890108,0.45,0.45,decrease_margin_after_safe_window
281,eMBB,0.0,0.0,1.0,21.0,0.9877783400218096,0.45,0.45,decrease_margin_after_safe_window
281,mMTC,0.0,0.0,0.0,189.0,0.34299011379912375,0.45,0.45,decrease_margin_after_safe_window
282,URLLC,0.0,0.0,0.0,134.0,0.200706157967033,0.45,0.45,decrease_margin_after_safe_window
282,eMBB,0.0,0.0,0.0,15.0,0.9891449093700907,0.45,0.45,decrease_margin_after_safe_window
282,mMTC,0.0,0.0,0.0,191.0,0.29887294546206783,0.45,0.45,decrease_margin_after_safe_window
283,URLLC,0.0,0.0,0.0,127.0,0.1919160061813187,0.45,0.45,decrease_margin_after_safe_window
283,eMBB,0.0,0.0,0.0,21.0,0.9900924038026516,0.45,0.45,decrease_margin_after_safe_window
283,mMTC,0.0,0.0,0.0,186.0,0.31239708904574137,0.45,0.45,decrease_margin_after_safe_window
284,URLLC,0.0,0.0,0.0,127.0,0.1981064478021978,0.45,0.45,decrease_margin_after_safe_window
284,eMBB,0.0,0.0,0.0,25.0,0.9887177180296632,0.45,0.45,decrease_margin_after_safe_window
284,mMTC,0.0,0.0,0.0,192.0,0.303602669767061,0.45,0.45,decrease_margin_after_safe_window
285,URLLC,0.0,0.0,1.0,139.0,0.20591528983516483,0.45,0.45,decrease_margin_after_safe_window
285,eMBB,0.0,0.0,1.0,13.0,0.9887693072261687,0.45,0.45,decrease_margin_after_safe_window
285,mMTC,0.0,0.0,0.0,174.0,0.32182511829513105,0.45,0.45,decrease_margin_after_safe_window
286,URLLC,0.0,0.0,0.0,118.0,0.15927200412087913,0.45,0.45,decrease_margin_after_safe_window
286,eMBB,0.0,0.0,0.0,18.0,0.9883676778073965,0.45,0.45,decrease_margin_after_safe_window
286,mMTC,0.0,0.0,0.0,186.0,0.27891772750034427,0.45,0.45,decrease_margin_after_safe_window
287,URLLC,0.0,0.0,0.0,133.0,0.1997252664835165,0.45,0.45,decrease_margin_after_safe_window
287,eMBB,0.0,0.0,0.0,19.0,0.9877306988695932,0.45,0.45,decrease_margin_after_safe_window
287,mMTC,0.0,0.0,0.0,188.0,0.3014928327872351,0.45,0.45,decrease_margin_after_safe_window
288,URLLC,0.0,0.0,0.0,129.0,0.190793448489011,0.45,0.45,decrease_margin_after_safe_window
288,eMBB,0.0,0.0,0.0,24.0,0.9880530510420501,0.45,0.45,decrease_margin_after_safe_window
288,mMTC,0.0,0.0,0.0,215.0,0.29834130329706604,0.45,0.45,decrease_margin_after_safe_window
289,URLLC,0.0,0.0,0.0,120.0,0.1742978173076923,0.45,0.45,decrease_margin_after_safe_window
289,eMBB,0.0,0.0,0.0,17.0,0.9899042643500148,0.45,0.45,decrease_margin_after_safe_window
289,mMTC,0.0,0.0,0.0,194.0,0.34628443489849225,0.45,0.45,decrease_margin_after_safe_window
290,URLLC,0.0,0.0,0.0,120.0,0.18152639629120879,0.45,0.45,decrease_margin_after_safe_window
290,eMBB,0.0,0.0,0.0,25.0,0.9877489628621972,0.45,0.45,decrease_margin_after_safe_window
290,mMTC,0.0,0.0,0.0,191.0,0.3116273039543658,0.45,0.45,decrease_margin_after_safe_window
291,URLLC,0.0,0.0,1.0,135.0,0.2111943578296703,0.45,0.45,decrease_margin_after_safe_window
291,eMBB,0.0,0.0,1.0,19.0,0.9894541516556133,0.45,0.45,decrease_margin_after_safe_window
291,mMTC,0.0,0.0,0.0,222.0,0.3285572556078223,0.45,0.45,decrease_margin_after_safe_window
292,URLLC,0.0,0.0,0.0,130.0,0.18978451098901097,0.45,0.45,decrease_margin_after_safe_window
292,eMBB,0.0,0.0,0.0,19.0,0.9878203993980973,0.45,0.45,decrease_margin_after_safe_window
292,mMTC,0.0,0.0,0.0,203.0,0.34091479864748625,0.45,0.45,decrease_margin_after_safe_window
293,URLLC,0.0,0.0,0.0,117.0,0.17564285851648354,0.45,0.45,decrease_margin_after_safe_window
293,eMBB,0.0,0.0,0.0,25.0,0.9896621733373937,0.45,0.45,decrease_margin_after_safe_window
293,mMTC,0.0,0.0,0.0,187.0,0.3256268420420253,0.45,0.45,decrease_margin_after_safe_window
294,URLLC,0.0,0.0,0.0,126.0,0.19054019230769234,0.45,0.45,decrease_margin_after_safe_window
294,eMBB,0.0,0.0,0.0,20.0,0.9887816921205795,0.45,0.45,decrease_margin_after_safe_window
294,mMTC,0.0,0.0,0.0,192.0,0.2985031533717221,0.45,0.45,decrease_margin_after_safe_window
295,URLLC,0.0,0.0,0.0,124.0,0.18382111675824175,0.45,0.45,decrease_margin_after_safe_window
295,eMBB,0.0,0.0,0.0,21.0,0.9877072893496843,0.45,0.45,decrease_margin_after_safe_window
295,mMTC,0.0,0.0,0.0,204.0,0.29405087340570635,0.45,0.45,decrease_margin_after_safe_window
296,URLLC,0.0,0.0,1.0,138.0,0.20331342376373626,0.45,0.45,decrease_margin_after_safe_window
296,eMBB,0.0,0.0,1.0,26.0,0.9886342618408219,0.45,0.45,decrease_margin_after_safe_window
296,mMTC,0.0,0.0,0.0,190.0,0.3278885989698808,0.45,0.45,decrease_margin_after_safe_window
297,URLLC,0.0,0.0,0.0,129.0,0.2007934958791209,0.45,0.45,decrease_margin_after_safe_window
297,eMBB,0.0,0.0,0.0,20.0,0.9887601923122642,0.45,0.45,decrease_margin_after_safe_window
297,mMTC,0.0,0.0,0.0,174.0,0.3016396309256773,0.45,0.45,decrease_margin_after_safe_window
298,URLLC,0.0,0.0,0.0,135.0,0.20909205700549452,0.45,0.45,decrease_margin_after_safe_window
298,eMBB,0.0,0.0,0.0,22.0,0.987907746688727,0.45,0.45,decrease_margin_after_safe_window
298,mMTC,0.0,0.0,0.0,206.0,0.2780175296035751,0.45,0.45,decrease_margin_after_safe_window
299,URLLC,0.0,0.0,1.0,131.0,0.19104650343406596,0.45,0.45,decrease_margin_after_safe_window
299,eMBB,0.0,0.0,1.0,15.0,0.9882467264218603,0.45,0.45,decrease_margin_after_safe_window
299,mMTC,0.0,0.0,0.0,192.0,0.3308947900571762,0.45,0.45,decrease_margin_after_safe_window
300,URLLC,0.0,0.0,0.0,133.0,0.190606521978022,0.45,0.45,decrease_margin_after_safe_window
300,eMBB,0.0,0.0,0.0,9.0,0.9898854832851552,0.45,0.45,decrease_margin_after_safe_window
300,mMTC,0.0,0.0,0.0,182.0,0.3020128097453632,0.45,0.45,decrease_margin_after_safe_window
301,URLLC,0.0,0.0,0.0,134.0,0.20499368337912088,0.45,0.45,decrease_margin_after_safe_window
301,eMBB,0.0,0.0,0.0,23.0,0.9900514446235126,0.45,0.45,decrease_margin_after_safe_window
301,mMTC,0.0,0.0,0.0,203.0,0.28595616540765223,0.45,0.45,decrease_margin_after_safe_window
302,URLLC,0.0,0.0,0.0,128.0,0.1896512135989011,0.45,0.45,decrease_margin_after_safe_window
302,eMBB,0.0,0.0,0.0,20.0,0.9895058373054829,0.45,0.45,decrease_margin_after_safe_window
302,mMTC,0.0,0.0,0.0,180.0,0.3092816626361016,0.45,0.45,decrease_margin_after_safe_window
303,URLLC,0.0,0.0,0.0,128.0,0.198331918956044,0.45,0.45,decrease_margin_after_safe_window
303,eMBB,0.0,0.0,0.0,12.0,0.9910969504478047,0.45,0.45,decrease_margin_after_safe_window
303,mMTC,0.0,0.0,0.0,184.0,0.2989355398238657,0.45,0.45,decrease_margin_after_safe_window
304,URLLC,0.0,0.0,0.0,140.0,0.2013145480769231,0.45,0.45,decrease_margin_after_safe_window
304,eMBB,0.0,0.0,0.0,16.0,0.9885361955955461,0.45,0.45,decrease_margin_after_safe_window
304,mMTC,0.0,0.0,0.0,172.0,0.3117918435080719,0.45,0.45,decrease_margin_after_safe_window
305,URLLC,0.0,0.0,0.0,133.0,0.20474350686813186,0.45,0.45,decrease_margin_after_safe_window
305,eMBB,0.0,0.0,0.0,16.0,0.9872796792556182,0.45,0.45,decrease_margin_after_safe_window
305,mMTC,0.0,0.0,0.0,201.0,0.28203351039309715,0.45,0.45,decrease_margin_after_safe_window
306,URLLC,1.0,0.0,1.0,129.0,0.18958715247252747,0.45,0.7,increase_margin_due_to_sla_pressure
306,eMBB,0.0,0.0,0.0,24.0,0.9901230493432148,0.45,0.45,decrease_margin_after_safe_window
306,mMTC,0.0,0.0,0.0,170.0,0.32267951320643357,0.45,0.45,decrease_margin_after_safe_window
307,URLLC,0.0,0.0,0.0,114.0,0.1804745583791209,0.7,0.6499999999999999,decrease_margin_after_safe_window
307,eMBB,0.0,0.0,0.0,21.0,0.9897202973834923,0.45,0.45,decrease_margin_after_safe_window
307,mMTC,0.0,0.0,0.0,197.0,0.2716202883001983,0.45,0.45,decrease_margin_after_safe_window
308,URLLC,0.0,0.0,0.0,135.0,0.19816792376373624,0.6499999999999999,0.5999999999999999,decrease_margin_after_safe_window
308,eMBB,0.0,0.0,0.0,15.0,0.9872684615397186,0.45,0.45,decrease_margin_after_safe_window
308,mMTC,0.0,0.0,0.0,195.0,0.32464815250203266,0.45,0.45,decrease_margin_after_safe_window
309,URLLC,0.0,0.0,0.0,136.0,0.2046535851648352,0.5999999999999999,0.5499999999999998,decrease_margin_after_safe_window
309,eMBB,0.0,0.0,0.0,22.0,0.9873519874853686,0.45,0.45,decrease_margin_after_safe_window
309,mMTC,0.0,0.0,0.0,203.0,0.3001165027695604,0.45,0.45,decrease_margin_after_safe_window
310,URLLC,0.0,0.0,1.0,134.0,0.18270286195054947,0.5499999999999998,0.49999999999999983,decrease_margin_after_safe_window
310,eMBB,0.0,0.0,1.0,19.0,0.9910549715935577,0.45,0.45,decrease_margin_after_safe_window
310,mMTC,0.0,0.0,0.0,179.0,0.3476528811721073,0.45,0.45,decrease_margin_after_safe_window
311,URLLC,0.0,0.0,0.0,120.0,0.17830379876373628,0.49999999999999983,0.45,decrease_margin_after_safe_window
311,eMBB,0.0,0.0,0.0,16.0,0.983887273549516,0.45,0.45,decrease_margin_after_safe_window
311,mMTC,0.0,0.0,0.0,195.0,0.29309413902181125,0.45,0.45,decrease_margin_after_safe_window
312,URLLC,0.0,0.0,0.0,104.0,0.16007386469780222,0.45,0.45,decrease_margin_after_safe_window
312,eMBB,0.0,0.0,0.0,27.0,0.9857212631929126,0.45,0.45,decrease_margin_after_safe_window
312,mMTC,0.0,0.0,0.0,188.0,0.31734730010918344,0.45,0.45,decrease_margin_after_safe_window
313,URLLC,0.0,0.0,0.0,135.0,0.19355252747252746,0.45,0.45,decrease_margin_after_safe_window
313,eMBB,0.0,0.0,0.0,18.0,0.9872716657468324,0.45,0.45,decrease_margin_after_safe_window
313,mMTC,0.0,0.0,0.0,200.0,0.31523446842929154,0.45,0.45,decrease_margin_after_safe_window
314,URLLC,0.0,0.0,1.0,133.0,0.20123159271978022,0.45,0.45,decrease_margin_after_safe_window
314,eMBB,0.0,0.0,1.0,30.0,0.9876851252340889,0.45,0.45,decrease_margin_after_safe_window
314,mMTC,0.0,0.0,0.0,193.0,0.3331993966180869,0.45,0.45,decrease_margin_after_safe_window
315,URLLC,0.0,0.0,1.0,133.0,0.20917109065934067,0.45,0.45,decrease_margin_after_safe_window
315,eMBB,0.0,0.0,1.0,19.0,0.9861064892954199,0.45,0.45,decrease_margin_after_safe_window
315,mMTC,0.0,0.0,0.0,208.0,0.3113357529245243,0.45,0.45,decrease_margin_after_safe_window
316,URLLC,0.0,0.0,1.0,140.0,0.2082106565934066,0.45,0.45,decrease_margin_after_safe_window
316,eMBB,0.0,0.0,1.0,29.0,0.989030935319407,0.45,0.45,decrease_margin_after_safe_window
316,mMTC,0.0,0.0,0.0,189.0,0.353342720651471,0.45,0.45,decrease_margin_after_safe_window
317,URLLC,0.0,0.0,0.0,130.0,0.1902905769230769,0.45,0.45,decrease_margin_after_safe_window
317,eMBB,0.0,0.0,0.0,25.0,0.9881476876066474,0.45,0.45,decrease_margin_after_safe_window
317,mMTC,0.0,0.0,0.0,187.0,0.30306927972182923,0.45,0.45,decrease_margin_after_safe_window
318,URLLC,0.0,0.0,0.0,123.0,0.17886767925824176,0.45,0.45,decrease_margin_after_safe_window
318,eMBB,0.0,0.0,0.0,19.0,0.9894279786128289,0.45,0.45,decrease_margin_after_safe_window
318,mMTC,0.0,0.0,0.0,212.0,0.31446325533259456,0.45,0.45,decrease_margin_after_safe_window
319,URLLC,0.0,0.0,0.0,128.0,0.19413103640109894,0.45,0.45,decrease_margin_after_safe_window
319,eMBB,0.0,0.0,0.0,22.0,0.9867649910773792,0.45,0.45,decrease_margin_after_safe_window
319,mMTC,0.0,0.0,0.0,194.0,0.32612969119573915,0.45,0.45,decrease_margin_after_safe_window
320,URLLC,0.0,0.0,0.0,113.0,0.15649588667582418,0.45,0.45,decrease_margin_after_safe_window
320,eMBB,0.0,0.0,0.0,27.0,0.9860902854981435,0.45,0.45,decrease_margin_after_safe_window
320,mMTC,0.0,0.0,0.0,188.0,0.30859865948941284,0.45,0.45,decrease_margin_after_safe_window
321,URLLC,0.0,0.0,0.0,121.0,0.17985241414835165,0.45,0.45,decrease_margin_after_safe_window
321,eMBB,0.0,0.0,0.0,23.0,0.9872032460416975,0.45,0.45,decrease_margin_after_safe_window
321,mMTC,0.0,0.0,0.0,175.0,0.30653582324358536,0.45,0.45,decrease_margin_after_safe_window
322,URLLC,0.0,0.0,0.0,129.0,0.18809921016483516,0.45,0.45,decrease_margin_after_safe_window
322,eMBB,0.0,0.0,0.0,19.0,0.9864049315163311,0.45,0.45,decrease_margin_after_safe_window
322,mMTC,0.0,0.0,0.0,201.0,0.29266547758509553,0.45,0.45,decrease_margin_after_safe_window
323,URLLC,0.0,0.0,1.0,127.0,0.19045102747252748,0.45,0.45,decrease_margin_after_safe_window
323,eMBB,0.0,0.0,1.0,21.0,0.9913724200432003,0.45,0.45,decrease_margin_after_safe_window
323,mMTC,0.0,0.0,0.0,180.0,0.31410976916326133,0.45,0.45,decrease_margin_after_safe_window
324,URLLC,0.0,0.0,0.0,143.0,0.2079735494505495,0.45,0.45,decrease_margin_after_safe_window
324,eMBB,0.0,0.0,0.0,20.0,0.9881053879355995,0.45,0.45,decrease_margin_after_safe_window
324,mMTC,0.0,0.0,0.0,180.0,0.2883803346750982,0.45,0.45,decrease_margin_after_safe_window
325,URLLC,0.0,0.0,1.0,139.0,0.21006342513736267,0.45,0.45,decrease_margin_after_safe_window
325,eMBB,0.0,0.0,1.0,28.0,0.9888372245744499,0.45,0.45,decrease_margin_after_safe_window
325,mMTC,0.0,0.0,0.0,171.0,0.3116476734843499,0.45,0.45,decrease_margin_after_safe_window
326,URLLC,0.0,0.0,0.0,126.0,0.1802135144230769,0.45,0.45,decrease_margin_after_safe_window
326,eMBB,0.0,0.0,0.0,18.0,0.9890404507669899,0.45,0.45,decrease_margin_after_safe_window
326,mMTC,0.0,0.0,0.0,202.0,0.2665551877342805,0.45,0.45,decrease_margin_after_safe_window
327,URLLC,0.0,0.0,1.0,139.0,0.21496968612637365,0.45,0.45,decrease_margin_after_safe_window
327,eMBB,0.0,0.0,1.0,19.0,0.9910828232782615,0.45,0.45,decrease_margin_after_safe_window
327,mMTC,0.0,0.0,0.0,197.0,0.3063084873292752,0.45,0.45,decrease_margin_after_safe_window
328,URLLC,0.0,0.0,1.0,126.0,0.18909060302197803,0.45,0.45,decrease_margin_after_safe_window
328,eMBB,0.0,0.0,1.0,21.0,0.9895795911700211,0.45,0.45,decrease_margin_after_safe_window
328,mMTC,0.0,0.0,0.0,202.0,0.33100904382758023,0.45,0.45,decrease_margin_after_safe_window
329,URLLC,0.0,0.0,0.0,122.0,0.17577297802197805,0.45,0.45,decrease_margin_after_safe_window
329,eMBB,0.0,0.0,0.0,13.0,0.9879999495928448,0.45,0.45,decrease_margin_after_safe_window
329,mMTC,0.0,0.0,0.0,190.0,0.3404063157285663,0.45,0.45,decrease_margin_after_safe_window
330,URLLC,0.0,0.0,0.0,121.0,0.17820999450549452,0.45,0.45,decrease_margin_after_safe_window
330,eMBB,0.0,0.0,0.0,21.0,0.9890466023753534,0.45,0.45,decrease_margin_after_safe_window
330,mMTC,0.0,0.0,0.0,158.0,0.30802912366478014,0.45,0.45,decrease_margin_after_safe_window
331,URLLC,0.0,0.0,0.0,120.0,0.1790910570054945,0.45,0.45,decrease_margin_after_safe_window
331,eMBB,0.0,0.0,0.0,17.0,0.9891691413422466,0.45,0.45,decrease_margin_after_safe_window
331,mMTC,0.0,0.0,0.0,220.0,0.2661943163516704,0.45,0.45,decrease_margin_after_safe_window
332,URLLC,0.0,0.0,0.0,114.0,0.17252229464285712,0.45,0.45,decrease_margin_after_safe_window
332,eMBB,0.0,0.0,0.0,21.0,0.9865742607941718,0.45,0.45,decrease_margin_after_safe_window
332,mMTC,0.0,0.0,0.0,191.0,0.34663787255190687,0.45,0.45,decrease_margin_after_safe_window
333,URLLC,0.0,0.0,0.0,124.0,0.1834376401098901,0.45,0.45,decrease_margin_after_safe_window
333,eMBB,0.0,0.0,0.0,19.0,0.9892532414914653,0.45,0.45,decrease_margin_after_safe_window
333,mMTC,0.0,0.0,0.0,177.0,0.31663090569426483,0.45,0.45,decrease_margin_after_safe_window
334,URLLC,0.0,0.0,0.0,112.0,0.1653209835164835,0.45,0.45,decrease_margin_after_safe_window
334,eMBB,0.0,0.0,0.0,26.0,0.9883625934462581,0.45,0.45,decrease_margin_after_safe_window
334,mMTC,0.0,0.0,0.0,194.0,0.29342066763918967,0.45,0.45,decrease_margin_after_safe_window
335,URLLC,0.0,0.0,0.0,145.0,0.20098409546703297,0.45,0.45,decrease_margin_after_safe_window
335,eMBB,0.0,0.0,0.0,21.0,0.98870874391241,0.45,0.45,decrease_margin_after_safe_window
335,mMTC,0.0,0.0,0.0,188.0,0.30151027978107037,0.45,0.45,decrease_margin_after_safe_window
336,URLLC,0.0,0.0,0.0,134.0,0.19314180563186814,0.45,0.45,decrease_margin_after_safe_window
336,eMBB,0.0,0.0,0.0,17.0,0.9876487207761439,0.45,0.45,decrease_margin_after_safe_window
336,mMTC,0.0,0.0,0.0,205.0,0.2931994023735152,0.45,0.45,decrease_margin_after_safe_window
337,URLLC,0.0,0.0,1.0,136.0,0.20117294642857145,0.45,0.45,decrease_margin_after_safe_window
337,eMBB,0.0,0.0,1.0,20.0,0.9891039885825119,0.45,0.45,decrease_margin_after_safe_window
337,mMTC,0.0,0.0,0.0,193.0,0.3355505256250382,0.45,0.45,decrease_margin_after_safe_window
338,URLLC,0.0,0.0,1.0,137.0,0.21544400412087913,0.45,0.45,decrease_margin_after_safe_window
338,eMBB,0.0,0.0,1.0,21.0,0.9864197810361341,0.45,0.45,decrease_margin_after_safe_window
338,mMTC,0.0,0.0,0.0,186.0,0.308077852314252,0.45,0.45,decrease_margin_after_safe_window
339,URLLC,0.0,0.0,0.0,121.0,0.1762912692307692,0.45,0.45,decrease_margin_after_safe_window
339,eMBB,0.0,0.0,0.0,18.0,0.9882191938622995,0.45,0.45,decrease_margin_after_safe_window
339,mMTC,0.0,0.0,0.0,190.0,0.307116786685467,0.45,0.45,decrease_margin_after_safe_window
340,URLLC,0.0,0.0,0.0,131.0,0.1900177664835165,0.45,0.45,decrease_margin_after_safe_window
340,eMBB,0.0,0.0,0.0,18.0,0.9871837773656977,0.45,0.45,decrease_margin_after_safe_window
340,mMTC,0.0,0.0,0.0,201.0,0.27733221722304685,0.45,0.45,decrease_margin_after_safe_window
341,URLLC,0.0,0.0,1.0,135.0,0.20189971222527475,0.45,0.45,decrease_margin_after_safe_window
341,eMBB,0.0,0.0,1.0,21.0,0.9896093322322496,0.45,0.45,decrease_margin_after_safe_window
341,mMTC,0.0,0.0,0.0,185.0,0.3265319516507354,0.45,0.45,decrease_margin_after_safe_window
342,URLLC,0.0,0.0,0.0,110.0,0.1716860892857143,0.45,0.45,decrease_margin_after_safe_window
342,eMBB,0.0,0.0,0.0,20.0,0.9894038492309072,0.45,0.45,decrease_margin_after_safe_window
342,mMTC,0.0,0.0,0.0,197.0,0.3063585622557548,0.45,0.45,decrease_margin_after_safe_window
343,URLLC,0.0,0.0,0.0,136.0,0.20210736469780222,0.45,0.45,decrease_margin_after_safe_window
343,eMBB,0.0,0.0,0.0,18.0,0.9866666131005986,0.45,0.45,decrease_margin_after_safe_window
343,mMTC,0.0,0.0,0.0,203.0,0.28380394119006236,0.45,0.45,decrease_margin_after_safe_window
344,URLLC,0.0,0.0,1.0,128.0,0.18905868681318685,0.45,0.45,decrease_margin_after_safe_window
344,eMBB,0.0,0.0,1.0,16.0,0.9898571895457204,0.45,0.45,decrease_margin_after_safe_window
344,mMTC,0.0,0.0,0.0,193.0,0.33257509994816825,0.45,0.45,decrease_margin_after_safe_window
345,URLLC,0.0,0.0,0.0,129.0,0.18873285851648355,0.45,0.45,decrease_margin_after_safe_window
345,eMBB,0.0,0.0,0.0,19.0,0.9837687715392798,0.45,0.45,decrease_margin_after_safe_window
345,mMTC,0.0,0.0,0.0,188.0,0.30484653618168067,0.45,0.45,decrease_margin_after_safe_window
346,URLLC,1.0,0.0,2.0,143.0,0.22121671703296705,0.45,0.7,increase_margin_due_to_sla_pressure
346,eMBB,0.0,0.0,1.0,24.0,0.9900819363059342,0.45,0.45,decrease_margin_after_safe_window
346,mMTC,0.0,0.0,0.0,166.0,0.291923384996899,0.45,0.45,decrease_margin_after_safe_window
347,URLLC,0.0,0.0,0.0,111.0,0.15758051373626378,0.7,0.6499999999999999,decrease_margin_after_safe_window
347,eMBB,0.0,0.0,0.0,19.0,0.9896592610468292,0.45,0.45,decrease_margin_after_safe_window
347,mMTC,0.0,0.0,0.0,206.0,0.2525425764590755,0.45,0.45,decrease_margin_after_safe_window
348,URLLC,0.0,0.0,0.0,134.0,0.18720996153846153,0.6499999999999999,0.5999999999999999,decrease_margin_after_safe_window
348,eMBB,0.0,0.0,0.0,17.0,0.9885795377056342,0.45,0.45,decrease_margin_after_safe_window
348,mMTC,0.0,0.0,0.0,198.0,0.33156092087389577,0.45,0.45,decrease_margin_after_safe_window
349,URLLC,0.0,0.0,0.0,136.0,0.19376058791208797,0.5999999999999999,0.5499999999999998,decrease_margin_after_safe_window
349,eMBB,0.0,0.0,0.0,22.0,0.988449835649911,0.45,0.45,decrease_margin_after_safe_window
349,mMTC,0.0,0.0,0.0,186.0,0.3255069778136538,0.45,0.45,decrease_margin_after_safe_window
350,URLLC,0.0,0.0,0.0,127.0,0.17527423763736263,0.5499999999999998,0.49999999999999983,decrease_margin_after_safe_window
350,eMBB,0.0,0.0,0.0,21.0,0.9900728971708687,0.45,0.45,decrease_margin_after_safe_window
350,mMTC,0.0,0.0,0.0,205.0,0.2922323908973838,0.45,0.45,decrease_margin_after_safe_window
351,URLLC,0.0,0.0,0.0,126.0,0.19014556112637362,0.49999999999999983,0.45,decrease_margin_after_safe_window
351,eMBB,0.0,0.0,0.0,26.0,0.988727718485304,0.45,0.45,decrease_margin_after_safe_window
351,mMTC,0.0,0.0,0.0,200.0,0.32155045475547095,0.45,0.45,decrease_margin_after_safe_window
352,URLLC,0.0,0.0,0.0,106.0,0.15387234752747253,0.45,0.45,decrease_margin_after_safe_window
352,eMBB,0.0,0.0,0.0,22.0,0.9886469253136184,0.45,0.45,decrease_margin_after_safe_window
352,mMTC,0.0,0.0,0.0,193.0,0.3135771729546307,0.45,0.45,decrease_margin_after_safe_window
353,URLLC,0.0,0.0,1.0,135.0,0.2005323392857143,0.45,0.45,decrease_margin_after_safe_window
353,eMBB,0.0,0.0,1.0,25.0,0.9892963930596494,0.45,0.45,decrease_margin_after_safe_window
353,mMTC,0.0,0.0,0.0,215.0,0.32440591355145365,0.45,0.45,decrease_margin_after_safe_window
354,URLLC,0.0,0.0,1.0,138.0,0.20154433585164835,0.45,0.45,decrease_margin_after_safe_window
354,eMBB,0.0,0.0,1.0,10.0,0.9874995608697743,0.45,0.45,decrease_margin_after_safe_window
354,mMTC,0.0,0.0,0.0,158.0,0.3598439769367294,0.45,0.45,decrease_margin_after_safe_window
355,URLLC,0.0,0.0,0.0,138.0,0.2095201998626374,0.45,0.45,decrease_margin_after_safe_window
355,eMBB,0.0,0.0,0.0,20.0,0.9864811380367191,0.45,0.45,decrease_margin_after_safe_window
355,mMTC,0.0,0.0,0.0,216.0,0.268221448344227,0.45,0.45,decrease_margin_after_safe_window
356,URLLC,0.0,0.0,0.0,130.0,0.1852776881868132,0.45,0.45,decrease_margin_after_safe_window
356,eMBB,0.0,0.0,0.0,21.0,0.9879700073618174,0.45,0.45,decrease_margin_after_safe_window
356,mMTC,0.0,0.0,0.0,176.0,0.35165885297425953,0.45,0.45,decrease_margin_after_safe_window
357,URLLC,0.0,0.0,0.0,135.0,0.21962546565934066,0.45,0.45,decrease_margin_after_safe_window
357,eMBB,0.0,0.0,0.0,28.0,0.9887059138470302,0.45,0.45,decrease_margin_after_safe_window
357,mMTC,0.0,0.0,0.0,191.0,0.2727626340148737,0.45,0.45,decrease_margin_after_safe_window
358,URLLC,0.0,0.0,0.0,116.0,0.17814559684065934,0.45,0.45,decrease_margin_after_safe_window
358,eMBB,0.0,0.0,0.0,16.0,0.9900784064789842,0.45,0.45,decrease_margin_after_safe_window
358,mMTC,0.0,0.0,0.0,206.0,0.3130791122932591,0.45,0.45,decrease_margin_after_safe_window
359,URLLC,0.0,0.0,0.0,129.0,0.19130511675824177,0.45,0.45,decrease_margin_after_safe_window
359,eMBB,0.0,0.0,0.0,24.0,0.9860379007554203,0.45,0.45,decrease_margin_after_safe_window
359,mMTC,0.0,0.0,0.0,181.0,0.3398626444792919,0.45,0.45,decrease_margin_after_safe_window
360,URLLC,0.0,0.0,1.0,124.0,0.20245373626373625,0.45,0.45,decrease_margin_after_safe_window
360,eMBB,0.0,0.0,1.0,16.0,0.9887924459400723,0.45,0.45,decrease_margin_after_safe_window
360,mMTC,0.0,0.0,0.0,199.0,0.30603532122803223,0.45,0.45,decrease_margin_after_safe_window
361,URLLC,0.0,0.0,1.0,131.0,0.20677857142857142,0.45,0.45,decrease_margin_after_safe_window
361,eMBB,0.0,0.0,1.0,13.0,0.9856024763972976,0.45,0.45,decrease_margin_after_safe_window
361,mMTC,0.0,0.0,0.0,177.0,0.3259605888074774,0.45,0.45,decrease_margin_after_safe_window
362,URLLC,0.0,0.0,1.0,150.0,0.2309689217032967,0.45,0.45,decrease_margin_after_safe_window
362,eMBB,0.0,0.0,1.0,13.0,0.9891404142315255,0.45,0.45,decrease_margin_after_safe_window
362,mMTC,0.0,0.0,0.0,205.0,0.280863460661371,0.45,0.45,decrease_margin_after_safe_window
363,URLLC,0.0,0.0,0.0,106.0,0.14806206662087912,0.45,0.45,decrease_margin_after_safe_window
363,eMBB,0.0,0.0,0.0,22.0,0.9899710329584815,0.45,0.45,decrease_margin_after_safe_window
363,mMTC,0.0,0.0,0.0,190.0,0.3375129977885837,0.45,0.45,decrease_margin_after_safe_window
364,URLLC,0.0,0.0,0.0,121.0,0.17815619986263737,0.45,0.45,decrease_margin_after_safe_window
364,eMBB,0.0,0.0,0.0,19.0,0.9890535346613977,0.45,0.45,decrease_margin_after_safe_window
364,mMTC,0.0,0.0,0.0,189.0,0.2820580421421728,0.45,0.45,decrease_margin_after_safe_window
365,URLLC,0.0,0.0,0.0,123.0,0.1763061627747253,0.45,0.45,decrease_margin_after_safe_window
365,eMBB,0.0,0.0,0.0,22.0,0.9871537562166228,0.45,0.45,decrease_margin_after_safe_window
365,mMTC,0.0,0.0,0.0,172.0,0.29173598416995966,0.45,0.45,decrease_margin_after_safe_window
366,URLLC,0.0,0.0,0.0,135.0,0.19787170467032963,0.45,0.45,decrease_margin_after_safe_window
366,eMBB,0.0,0.0,0.0,16.0,0.9846368231490293,0.45,0.45,decrease_margin_after_safe_window
366,mMTC,0.0,0.0,0.0,187.0,0.29384713567606,0.45,0.45,decrease_margin_after_safe_window
367,URLLC,1.0,0.0,1.0,137.0,0.20735125274725275,0.45,0.7,increase_margin_due_to_sla_pressure
367,eMBB,0.0,0.0,0.0,18.0,0.9866816514954382,0.45,0.45,decrease_margin_after_safe_window
367,mMTC,0.0,0.0,0.0,191.0,0.2985171783288688,0.45,0.45,decrease_margin_after_safe_window
368,URLLC,0.0,0.0,0.0,125.0,0.18113095604395604,0.7,0.6499999999999999,decrease_margin_after_safe_window
368,eMBB,0.0,0.0,0.0,24.0,0.989328345463236,0.45,0.45,decrease_margin_after_safe_window
368,mMTC,0.0,0.0,0.0,194.0,0.30772555074857577,0.45,0.45,decrease_margin_after_safe_window
369,URLLC,0.0,0.0,0.0,135.0,0.1980591043956044,0.6499999999999999,0.5999999999999999,decrease_margin_after_safe_window
369,eMBB,0.0,0.0,0.0,18.0,0.9885177008486663,0.45,0.45,decrease_margin_after_safe_window
369,mMTC,0.0,0.0,0.0,203.0,0.3176229767047411,0.45,0.45,decrease_margin_after_safe_window
370,URLLC,0.0,0.0,0.0,131.0,0.19663707623626372,0.5999999999999999,0.5499999999999998,decrease_margin_after_safe_window
370,eMBB,0.0,0.0,0.0,17.0,0.9873096489078046,0.45,0.45,decrease_margin_after_safe_window
370,mMTC,0.0,0.0,0.0,177.0,0.3144580928227022,0.45,0.45,decrease_margin_after_safe_window
371,URLLC,0.0,0.0,0.0,121.0,0.17412502953296705,0.5499999999999998,0.49999999999999983,decrease_margin_after_safe_window
371,eMBB,0.0,0.0,0.0,22.0,0.9856514456870132,0.45,0.45,decrease_margin_after_safe_window
371,mMTC,0.0,0.0,0.0,184.0,0.2943988389990883,0.45,0.45,decrease_margin_after_safe_window
372,URLLC,1.0,0.0,1.0,115.0,0.17295775206043953,0.49999999999999983,0.7499999999999998,increase_margin_due_to_sla_pressure
372,eMBB,0.0,0.0,0.0,25.0,0.9895459527786103,0.45,0.45,decrease_margin_after_safe_window
372,mMTC,0.0,0.0,0.0,190.0,0.2799591511555825,0.45,0.45,decrease_margin_after_safe_window
373,URLLC,0.0,0.0,0.0,117.0,0.17404343612637363,0.7499999999999998,0.6999999999999997,decrease_margin_after_safe_window
373,eMBB,0.0,0.0,0.0,15.0,0.9884739076425229,0.45,0.45,decrease_margin_after_safe_window
373,mMTC,0.0,0.0,0.0,181.0,0.3028666357975422,0.45,0.45,decrease_margin_after_safe_window
374,URLLC,0.0,0.0,0.0,116.0,0.16821442857142857,0.6999999999999997,0.6499999999999997,decrease_margin_after_safe_window
374,eMBB,0.0,0.0,0.0,15.0,0.9871223116692937,0.45,0.45,decrease_margin_after_safe_window
374,mMTC,0.0,0.0,0.0,205.0,0.2998665061022573,0.45,0.45,decrease_margin_after_safe_window
375,URLLC,0.0,0.0,0.0,127.0,0.17950706524725277,0.6499999999999997,0.5999999999999996,decrease_margin_after_safe_window
375,eMBB,0.0,0.0,0.0,21.0,0.9874768440201869,0.45,0.45,decrease_margin_after_safe_window
375,mMTC,0.0,0.0,0.0,172.0,0.32442787908272125,0.45,0.45,decrease_margin_after_safe_window
376,URLLC,0.0,0.0,0.0,129.0,0.196749260989011,0.5999999999999996,0.5499999999999996,decrease_margin_after_safe_window
376,eMBB,0.0,0.0,0.0,31.0,0.9878677913408571,0.45,0.45,decrease_margin_after_safe_window
376,mMTC,0.0,0.0,0.0,216.0,0.300135386831507,0.45,0.45,decrease_margin_after_safe_window
377,URLLC,0.0,0.0,0.0,126.0,0.18144986401098903,0.5499999999999996,0.4999999999999996,decrease_margin_after_safe_window
377,eMBB,0.0,0.0,0.0,17.0,0.9892031962950394,0.45,0.45,decrease_margin_after_safe_window
377,mMTC,0.0,0.0,0.0,168.0,0.3338780034729193,0.45,0.45,decrease_margin_after_safe_window
378,URLLC,0.0,0.0,0.0,121.0,0.17153918406593407,0.4999999999999996,0.45,decrease_margin_after_safe_window
378,eMBB,0.0,0.0,0.0,16.0,0.9898110226368525,0.45,0.45,decrease_margin_after_safe_window
378,mMTC,0.0,0.0,0.0,213.0,0.27384335685671296,0.45,0.45,decrease_margin_after_safe_window
379,URLLC,0.0,0.0,1.0,150.0,0.223801760989011,0.45,0.45,decrease_margin_after_safe_window
379,eMBB,0.0,0.0,1.0,19.0,0.9866132860402628,0.45,0.45,decrease_margin_after_safe_window
379,mMTC,0.0,0.0,0.0,187.0,0.3413022486801545,0.45,0.45,decrease_margin_after_safe_window
380,URLLC,0.0,0.0,0.0,116.0,0.16483235645604394,0.45,0.45,decrease_margin_after_safe_window
380,eMBB,0.0,0.0,0.0,9.0,0.9847748215252258,0.45,0.45,decrease_margin_after_safe_window
380,mMTC,0.0,0.0,0.0,195.0,0.29261379247359937,0.45,0.45,decrease_margin_after_safe_window
381,URLLC,0.0,0.0,0.0,112.0,0.15678506593406594,0.45,0.45,decrease_margin_after_safe_window
381,eMBB,0.0,0.0,0.0,27.0,0.9880391884725493,0.45,0.45,decrease_margin_after_safe_window
381,mMTC,0.0,0.0,0.0,170.0,0.32482174950715986,0.45,0.45,decrease_margin_after_safe_window
382,URLLC,0.0,0.0,0.0,112.0,0.1627083337912088,0.45,0.45,decrease_margin_after_safe_window
382,eMBB,0.0,0.0,0.0,21.0,0.9899212059106094,0.45,0.45,decrease_margin_after_safe_window
382,mMTC,0.0,0.0,0.0,196.0,0.25813180368279337,0.45,0.45,decrease_margin_after_safe_window
383,URLLC,0.0,0.0,1.0,130.0,0.2088190686813187,0.45,0.45,decrease_margin_after_safe_window
383,eMBB,0.0,0.0,1.0,20.0,0.9907763891840282,0.45,0.45,decrease_margin_after_safe_window
383,mMTC,0.0,0.0,0.0,187.0,0.31273358603725343,0.45,0.45,decrease_margin_after_safe_window
384,URLLC,0.0,0.0,1.0,135.0,0.20514479258241755,0.45,0.45,decrease_margin_after_safe_window
384,eMBB,0.0,0.0,1.0,15.0,0.9906480675756895,0.45,0.45,decrease_margin_after_safe_window
384,mMTC,0.0,0.0,0.0,195.0,0.29363427356535265,0.45,0.45,decrease_margin_after_safe_window
385,URLLC,0.0,0.0,1.0,131.0,0.19970597596153844,0.45,0.45,decrease_margin_after_safe_window
385,eMBB,0.0,0.0,1.0,21.0,0.9894791392266296,0.45,0.45,decrease_margin_after_safe_window
385,mMTC,0.0,0.0,0.0,183.0,0.32622164890712757,0.45,0.45,decrease_margin_after_safe_window
386,URLLC,0.0,0.0,0.0,114.0,0.18083459752747255,0.45,0.45,decrease_margin_after_safe_window
386,eMBB,0.0,0.0,0.0,13.0,0.9882367045508351,0.45,0.45,decrease_margin_after_safe_window
386,mMTC,0.0,0.0,0.0,190.0,0.28522857331312246,0.45,0.45,decrease_margin_after_safe_window
387,URLLC,0.0,0.0,0.0,134.0,0.196984654532967,0.45,0.45,decrease_margin_after_safe_window
387,eMBB,0.0,0.0,0.0,9.0,0.9878882879360444,0.45,0.45,decrease_margin_after_safe_window
387,mMTC,0.0,0.0,0.0,174.0,0.2861866924057787,0.45,0.45,decrease_margin_after_safe_window
388,URLLC,0.0,0.0,0.0,99.0,0.15549949450549452,0.45,0.45,decrease_margin_after_safe_window
388,eMBB,0.0,0.0,0.0,25.0,0.9870471836977899,0.45,0.45,decrease_margin_after_safe_window
388,mMTC,0.0,0.0,0.0,207.0,0.2649931447490449,0.45,0.45,decrease_margin_after_safe_window
389,URLLC,0.0,0.0,0.0,126.0,0.17737874175824175,0.45,0.45,decrease_margin_after_safe_window
389,eMBB,0.0,0.0,0.0,18.0,0.9885947184333339,0.45,0.45,decrease_margin_after_safe_window
389,mMTC,0.0,0.0,0.0,194.0,0.3281852960991856,0.45,0.45,decrease_margin_after_safe_window
390,URLLC,0.0,0.0,0.0,113.0,0.15945957417582418,0.45,0.45,decrease_margin_after_safe_window
390,eMBB,0.0,0.0,0.0,16.0,0.9889970014511728,0.45,0.45,decrease_margin_after_safe_window
390,mMTC,0.0,0.0,0.0,183.0,0.31610049743326096,0.45,0.45,decrease_margin_after_safe_window
391,URLLC,0.0,0.0,0.0,128.0,0.1936328173076923,0.45,0.45,decrease_margin_after_safe_window
391,eMBB,0.0,0.0,0.0,12.0,0.9866497615173443,0.45,0.45,decrease_margin_after_safe_window
391,mMTC,0.0,0.0,0.0,184.0,0.29924178685717967,0.45,0.45,decrease_margin_after_safe_window
392,URLLC,0.0,0.0,0.0,125.0,0.19418767582417581,0.45,0.45,decrease_margin_after_safe_window
392,eMBB,0.0,0.0,0.0,20.0,0.986977586520937,0.45,0.45,decrease_margin_after_safe_window
392,mMTC,0.0,0.0,0.0,205.0,0.2903408002611766,0.45,0.45,decrease_margin_after_safe_window
393,URLLC,0.0,0.0,0.0,116.0,0.18191543200549454,0.45,0.45,decrease_margin_after_safe_window
393,eMBB,0.0,0.0,0.0,19.0,0.9889656376001043,0.45,0.45,decrease_margin_after_safe_window
393,mMTC,0.0,0.0,0.0,192.0,0.3313560987526947,0.45,0.45,decrease_margin_after_safe_window
394,URLLC,0.0,0.0,0.0,133.0,0.19368142788461543,0.45,0.45,decrease_margin_after_safe_window
394,eMBB,0.0,0.0,0.0,27.0,0.9874207201800027,0.45,0.45,decrease_margin_after_safe_window
394,mMTC,0.0,0.0,0.0,211.0,0.30886315703506717,0.45,0.45,decrease_margin_after_safe_window
395,URLLC,0.0,0.0,0.0,132.0,0.19142411675824175,0.45,0.45,decrease_margin_after_safe_window
395,eMBB,0.0,0.0,0.0,27.0,0.987678480699174,0.45,0.45,decrease_margin_after_safe_window
395,mMTC,0.0,0.0,0.0,188.0,0.33928480353496215,0.45,0.45,decrease_margin_after_safe_window
396,URLLC,0.0,0.0,0.0,131.0,0.18779206730769232,0.45,0.45,decrease_margin_after_safe_window
396,eMBB,0.0,0.0,0.0,21.0,0.9892020320971607,0.45,0.45,decrease_margin_after_safe_window
396,mMTC,0.0,0.0,0.0,200.0,0.304083325909599,0.45,0.45,decrease_margin_after_safe_window
397,URLLC,0.0,0.0,0.0,116.0,0.1730152245879121,0.45,0.45,decrease_margin_after_safe_window
397,eMBB,0.0,0.0,0.0,29.0,0.9881546006743257,0.45,0.45,decrease_margin_after_safe_window
397,mMTC,0.0,0.0,0.0,162.0,0.32083696602013995,0.45,0.45,decrease_margin_after_safe_window
398,URLLC,0.0,0.0,0.0,127.0,0.20152450206043956,0.45,0.45,decrease_margin_after_safe_window
398,eMBB,0.0,0.0,0.0,17.0,0.9869052871581888,0.45,0.45,decrease_margin_after_safe_window
398,mMTC,0.0,0.0,0.0,200.0,0.28205356016062744,0.45,0.45,decrease_margin_after_safe_window
399,URLLC,0.0,0.0,0.0,134.0,0.19165135302197805,0.45,0.45,decrease_margin_after_safe_window
399,eMBB,0.0,0.0,0.0,19.0,0.988066381013833,0.45,0.45,decrease_margin_after_safe_window
399,mMTC,0.0,0.0,0.0,197.0,0.30847504706622214,0.45,0.45,decrease_margin_after_safe_window
400,URLLC,0.0,0.0,1.0,139.0,0.19814255082417584,0.45,0.45,decrease_margin_after_safe_window
400,eMBB,0.0,0.0,1.0,10.0,0.9883350629401957,0.45,0.45,decrease_margin_after_safe_window
400,mMTC,0.0,0.0,0.0,199.0,0.3271666325208701,0.45,0.45,decrease_margin_after_safe_window
401,URLLC,0.0,0.0,0.0,129.0,0.18194463324175825,0.45,0.45,decrease_margin_after_safe_window
401,eMBB,0.0,0.0,0.0,24.0,0.9887517768568598,0.45,0.45,decrease_margin_after_safe_window
401,mMTC,0.0,0.0,0.0,205.0,0.3223787133018929,0.45,0.45,decrease_margin_after_safe_window
402,URLLC,0.0,0.0,1.0,151.0,0.22842644024725275,0.45,0.45,decrease_margin_after_safe_window
402,eMBB,0.0,0.0,1.0,17.0,0.9875972127556975,0.45,0.45,decrease_margin_after_safe_window
402,mMTC,0.0,0.0,0.0,182.0,0.3313240163189511,0.45,0.45,decrease_margin_after_safe_window
403,URLLC,0.0,0.0,0.0,124.0,0.17819149725274727,0.45,0.45,decrease_margin_after_safe_window
403,eMBB,0.0,0.0,0.0,26.0,0.988243251035409,0.45,0.45,decrease_margin_after_safe_window
403,mMTC,0.0,0.0,0.0,197.0,0.3030515846650612,0.45,0.45,decrease_margin_after_safe_window
404,URLLC,0.0,0.0,0.0,127.0,0.185853782967033,0.45,0.45,decrease_margin_after_safe_window
404,eMBB,0.0,0.0,0.0,22.0,0.990245871180622,0.45,0.45,decrease_margin_after_safe_window
404,mMTC,0.0,0.0,0.0,168.0,0.3113923516665893,0.45,0.45,decrease_margin_after_safe_window
405,URLLC,0.0,0.0,0.0,145.0,0.21490063804945053,0.45,0.45,decrease_margin_after_safe_window
405,eMBB,0.0,0.0,0.0,13.0,0.9869939341459213,0.45,0.45,decrease_margin_after_safe_window
405,mMTC,0.0,0.0,0.0,190.0,0.2659915101248572,0.45,0.45,decrease_margin_after_safe_window
406,URLLC,0.0,0.0,0.0,127.0,0.1831282417582418,0.45,0.45,decrease_margin_after_safe_window
406,eMBB,0.0,0.0,0.0,13.0,0.9876045332593477,0.45,0.45,decrease_margin_after_safe_window
406,mMTC,0.0,0.0,0.0,192.0,0.3236368351954035,0.45,0.45,decrease_margin_after_safe_window
407,URLLC,0.0,0.0,0.0,121.0,0.1928269478021978,0.45,0.45,decrease_margin_after_safe_window
407,eMBB,0.0,0.0,0.0,14.0,0.988867468978668,0.45,0.45,decrease_margin_after_safe_window
407,mMTC,0.0,0.0,0.0,202.0,0.29734889646694623,0.45,0.45,decrease_margin_after_safe_window
408,URLLC,0.0,0.0,0.0,125.0,0.18044449038461538,0.45,0.45,decrease_margin_after_safe_window
408,eMBB,0.0,0.0,0.0,18.0,0.9892553797303669,0.45,0.45,decrease_margin_after_safe_window
408,mMTC,0.0,0.0,0.0,180.0,0.3368536570598302,0.45,0.45,decrease_margin_after_safe_window
409,URLLC,0.0,0.0,0.0,127.0,0.19397808722527474,0.45,0.45,decrease_margin_after_safe_window
409,eMBB,0.0,0.0,0.0,22.0,0.9876263100102566,0.45,0.45,decrease_margin_after_safe_window
409,mMTC,0.0,0.0,0.0,196.0,0.3003769378156818,0.45,0.45,decrease_margin_after_safe_window
410,URLLC,0.0,0.0,0.0,121.0,0.18188559890109893,0.45,0.45,decrease_margin_after_safe_window
410,eMBB,0.0,0.0,0.0,14.0,0.9885874738111856,0.45,0.45,decrease_margin_after_safe_window
410,mMTC,0.0,0.0,0.0,199.0,0.30190582692550405,0.45,0.45,decrease_margin_after_safe_window
411,URLLC,0.0,0.0,0.0,123.0,0.18341482829670328,0.45,0.45,decrease_margin_after_safe_window
411,eMBB,0.0,0.0,0.0,24.0,0.9892562174680885,0.45,0.45,decrease_margin_after_safe_window
411,mMTC,0.0,0.0,0.0,194.0,0.3157058161230272,0.45,0.45,decrease_margin_after_safe_window
412,URLLC,0.0,0.0,0.0,132.0,0.1948786717032967,0.45,0.45,decrease_margin_after_safe_window
412,eMBB,0.0,0.0,0.0,20.0,0.9897690218798159,0.45,0.45,decrease_margin_after_safe_window
412,mMTC,0.0,0.0,0.0,191.0,0.3186338222377315,0.45,0.45,decrease_margin_after_safe_window
413,URLLC,0.0,0.0,0.0,147.0,0.2072008331043956,0.45,0.45,decrease_margin_after_safe_window
413,eMBB,0.0,0.0,0.0,14.0,0.988671928320867,0.45,0.45,decrease_margin_after_safe_window
413,mMTC,0.0,0.0,0.0,193.0,0.30466376052049604,0.45,0.45,decrease_margin_after_safe_window
414,URLLC,0.0,0.0,0.0,129.0,0.17932169024725278,0.45,0.45,decrease_margin_after_safe_window
414,eMBB,0.0,0.0,0.0,20.0,0.9887074837335125,0.45,0.45,decrease_margin_after_safe_window
414,mMTC,0.0,0.0,0.0,196.0,0.30756644481167067,0.45,0.45,decrease_margin_after_safe_window
415,URLLC,0.0,0.0,0.0,134.0,0.1747267548076923,0.45,0.45,decrease_margin_after_safe_window
415,eMBB,0.0,0.0,0.0,13.0,0.9865337031930095,0.45,0.45,decrease_margin_after_safe_window
415,mMTC,0.0,0.0,0.0,184.0,0.30249072172356256,0.45,0.45,decrease_margin_after_safe_window
416,URLLC,0.0,0.0,0.0,132.0,0.18287487225274726,0.45,0.45,decrease_margin_after_safe_window
416,eMBB,0.0,0.0,0.0,13.0,0.98911954488141,0.45,0.45,decrease_margin_after_safe_window
416,mMTC,0.0,0.0,0.0,194.0,0.30257690381043323,0.45,0.45,decrease_margin_after_safe_window
417,URLLC,0.0,0.0,0.0,125.0,0.17539369917582417,0.45,0.45,decrease_margin_after_safe_window
417,eMBB,0.0,0.0,0.0,16.0,0.9887864340480713,0.45,0.45,decrease_margin_after_safe_window
417,mMTC,0.0,0.0,0.0,191.0,0.31400789851242455,0.45,0.45,decrease_margin_after_safe_window
418,URLLC,0.0,0.0,0.0,138.0,0.2202240728021978,0.45,0.45,decrease_margin_after_safe_window
418,eMBB,0.0,0.0,0.0,14.0,0.987453907417653,0.45,0.45,decrease_margin_after_safe_window
418,mMTC,0.0,0.0,0.0,192.0,0.29749021296964473,0.45,0.45,decrease_margin_after_safe_window
419,URLLC,0.0,0.0,0.0,115.0,0.16481222939560441,0.45,0.45,decrease_margin_after_safe_window
419,eMBB,0.0,0.0,0.0,23.0,0.9883601374306792,0.45,0.45,decrease_margin_after_safe_window
419,mMTC,0.0,0.0,0.0,186.0,0.2982133424232484,0.45,0.45,decrease_margin_after_safe_window
420,URLLC,0.0,0.0,0.0,133.0,0.1987686771978022,0.45,0.45,decrease_margin_after_safe_window
420,eMBB,0.0,0.0,0.0,12.0,0.98450618866396,0.45,0.45,decrease_margin_after_safe_window
420,mMTC,0.0,0.0,0.0,190.0,0.31895332997993037,0.45,0.45,decrease_margin_after_safe_window
421,URLLC,0.0,0.0,0.0,120.0,0.18175372802197806,0.45,0.45,decrease_margin_after_safe_window
421,eMBB,0.0,0.0,0.0,30.0,0.9882451985286694,0.45,0.45,decrease_margin_after_safe_window
421,mMTC,0.0,0.0,0.0,200.0,0.28932071971837886,0.45,0.45,decrease_margin_after_safe_window
422,URLLC,0.0,0.0,0.0,121.0,0.1813736723901099,0.45,0.45,decrease_margin_after_safe_window
422,eMBB,0.0,0.0,0.0,21.0,0.9893850167182119,0.45,0.45,decrease_margin_after_safe_window
422,mMTC,0.0,0.0,0.0,201.0,0.3253789319922484,0.45,0.45,decrease_margin_after_safe_window
423,URLLC,0.0,0.0,0.0,126.0,0.16620686813186816,0.45,0.45,decrease_margin_after_safe_window
423,eMBB,0.0,0.0,0.0,24.0,0.9861578893780573,0.45,0.45,decrease_margin_after_safe_window
423,mMTC,0.0,0.0,0.0,195.0,0.33533804730984007,0.45,0.45,decrease_margin_after_safe_window
424,URLLC,0.0,0.0,1.0,136.0,0.22185558379120882,0.45,0.45,decrease_margin_after_safe_window
424,eMBB,0.0,0.0,1.0,27.0,0.9866086817064682,0.45,0.45,decrease_margin_after_safe_window
424,mMTC,0.0,0.0,0.0,188.0,0.31799094904165776,0.45,0.45,decrease_margin_after_safe_window
425,URLLC,0.0,0.0,0.0,117.0,0.1606485700549451,0.45,0.45,decrease_margin_after_safe_window
425,eMBB,0.0,0.0,0.0,16.0,0.9873383981547089,0.45,0.45,decrease_margin_after_safe_window
425,mMTC,0.0,0.0,0.0,197.0,0.30056999971732623,0.45,0.45,decrease_margin_after_safe_window
426,URLLC,0.0,0.0,1.0,134.0,0.19504115659340662,0.45,0.45,decrease_margin_after_safe_window
426,eMBB,0.0,0.0,1.0,21.0,0.9888076204724675,0.45,0.45,decrease_margin_after_safe_window
426,mMTC,0.0,0.0,0.0,192.0,0.3210250034949818,0.45,0.45,decrease_margin_after_safe_window
427,URLLC,0.0,0.0,0.0,123.0,0.17416854601648352,0.45,0.45,decrease_margin_after_safe_window
427,eMBB,0.0,0.0,0.0,20.0,0.9889414497715564,0.45,0.45,decrease_margin_after_safe_window
427,mMTC,0.0,0.0,0.0,193.0,0.30850789196415784,0.45,0.45,decrease_margin_after_safe_window
428,URLLC,0.0,0.0,0.0,139.0,0.2045629690934066,0.45,0.45,decrease_margin_after_safe_window
428,eMBB,0.0,0.0,0.0,18.0,0.988137305441718,0.45,0.45,decrease_margin_after_safe_window
428,mMTC,0.0,0.0,0.0,205.0,0.31483433878461753,0.45,0.45,decrease_margin_after_safe_window
429,URLLC,0.0,0.0,0.0,142.0,0.20627595535714288,0.45,0.45,decrease_margin_after_safe_window
429,eMBB,0.0,0.0,0.0,19.0,0.9856156069704242,0.45,0.45,decrease_margin_after_safe_window
429,mMTC,0.0,0.0,0.0,190.0,0.31966344303908834,0.45,0.45,decrease_margin_after_safe_window
430,URLLC,1.0,0.0,1.0,117.0,0.17669804532967032,0.45,0.7,increase_margin_due_to_sla_pressure
430,eMBB,0.0,0.0,0.0,21.0,0.9892899126611031,0.45,0.45,decrease_margin_after_safe_window
430,mMTC,0.0,0.0,0.0,214.0,0.3049322437066662,0.45,0.45,decrease_margin_after_safe_window
431,URLLC,0.0,0.0,1.0,129.0,0.19175731868131868,0.7,0.6499999999999999,decrease_margin_after_safe_window
431,eMBB,0.0,0.0,1.0,29.0,0.9902442106572468,0.45,0.45,decrease_margin_after_safe_window
431,mMTC,0.0,0.0,0.0,185.0,0.3560181375081945,0.45,0.45,decrease_margin_after_safe_window
432,URLLC,0.0,0.0,0.0,148.0,0.21217670673076924,0.6499999999999999,0.5999999999999999,decrease_margin_after_safe_window
432,eMBB,0.0,0.0,0.0,18.0,0.987614299206684,0.45,0.45,decrease_margin_after_safe_window
432,mMTC,0.0,0.0,0.0,201.0,0.2927365393227666,0.45,0.45,decrease_margin_after_safe_window
433,URLLC,0.0,0.0,1.0,132.0,0.19635390934065938,0.5999999999999999,0.5499999999999998,decrease_margin_after_safe_window
433,eMBB,0.0,0.0,1.0,18.0,0.9895086372898696,0.45,0.45,decrease_margin_after_safe_window
433,mMTC,0.0,0.0,0.0,191.0,0.3342145426285191,0.45,0.45,decrease_margin_after_safe_window
434,URLLC,0.0,0.0,0.0,126.0,0.1829215728021978,0.5499999999999998,0.49999999999999983,decrease_margin_after_safe_window
434,eMBB,0.0,0.0,0.0,14.0,0.987779356482659,0.45,0.45,decrease_margin_after_safe_window
434,mMTC,0.0,0.0,0.0,181.0,0.29235047442357454,0.45,0.45,decrease_margin_after_safe_window
435,URLLC,0.0,0.0,0.0,142.0,0.20169322321428576,0.49999999999999983,0.45,decrease_margin_after_safe_window
435,eMBB,0.0,0.0,0.0,15.0,0.986866939711777,0.45,0.45,decrease_margin_after_safe_window
435,mMTC,0.0,0.0,0.0,204.0,0.2969757558620269,0.45,0.45,decrease_margin_after_safe_window
436,URLLC,0.0,0.0,0.0,126.0,0.1856145473901099,0.45,0.45,decrease_margin_after_safe_window
436,eMBB,0.0,0.0,0.0,19.0,0.9891927279208103,0.45,0.45,decrease_margin_after_safe_window
436,mMTC,0.0,0.0,0.0,189.0,0.3246953383987136,0.45,0.45,decrease_margin_after_safe_window
437,URLLC,0.0,0.0,0.0,127.0,0.1823896717032967,0.45,0.45,decrease_margin_after_safe_window
437,eMBB,0.0,0.0,0.0,19.0,0.9878539692744539,0.45,0.45,decrease_margin_after_safe_window
437,mMTC,0.0,0.0,0.0,189.0,0.3032551115487458,0.45,0.45,decrease_margin_after_safe_window
438,URLLC,0.0,0.0,0.0,121.0,0.17038053434065933,0.45,0.45,decrease_margin_after_safe_window
438,eMBB,0.0,0.0,0.0,17.0,0.9885384813676542,0.45,0.45,decrease_margin_after_safe_window
438,mMTC,0.0,0.0,0.0,183.0,0.28845976047205546,0.45,0.45,decrease_margin_after_safe_window
439,URLLC,0.0,0.0,0.0,124.0,0.19424597046703299,0.45,0.45,decrease_margin_after_safe_window
439,eMBB,0.0,0.0,0.0,12.0,0.9919558406395915,0.45,0.45,decrease_margin_after_safe_window
439,mMTC,0.0,0.0,0.0,216.0,0.2875456137425192,0.45,0.45,decrease_margin_after_safe_window
440,URLLC,0.0,0.0,0.0,134.0,0.19829732967032968,0.45,0.45,decrease_margin_after_safe_window
440,eMBB,0.0,0.0,0.0,13.0,0.9861084517565109,0.45,0.45,decrease_margin_after_safe_window
440,mMTC,0.0,0.0,0.0,183.0,0.33912455332628494,0.45,0.45,decrease_margin_after_safe_window
441,URLLC,0.0,0.0,0.0,129.0,0.195529698489011,0.45,0.45,decrease_margin_after_safe_window
441,eMBB,0.0,0.0,0.0,18.0,0.988055953368372,0.45,0.45,decrease_margin_after_safe_window
441,mMTC,0.0,0.0,0.0,190.0,0.2819036536134426,0.45,0.45,decrease_margin_after_safe_window
442,URLLC,0.0,0.0,0.0,125.0,0.16942442513736267,0.45,0.45,decrease_margin_after_safe_window
442,eMBB,0.0,0.0,0.0,21.0,0.9888908277575498,0.45,0.45,decrease_margin_after_safe_window
442,mMTC,0.0,0.0,0.0,188.0,0.29258398988976525,0.45,0.45,decrease_margin_after_safe_window
443,URLLC,0.0,0.0,0.0,125.0,0.1923765384615385,0.45,0.45,decrease_margin_after_safe_window
443,eMBB,0.0,0.0,0.0,15.0,0.9870635395026806,0.45,0.45,decrease_margin_after_safe_window
443,mMTC,0.0,0.0,0.0,172.0,0.2901582575511816,0.45,0.45,decrease_margin_after_safe_window
444,URLLC,0.0,0.0,0.0,130.0,0.19270882486263738,0.45,0.45,decrease_margin_after_safe_window
444,eMBB,0.0,0.0,0.0,16.0,0.9914363462090424,0.45,0.45,decrease_margin_after_safe_window
444,mMTC,0.0,0.0,0.0,178.0,0.27273408587021614,0.45,0.45,decrease_margin_after_safe_window
445,URLLC,0.0,0.0,0.0,120.0,0.1717543489010989,0.45,0.45,decrease_margin_after_safe_window
445,eMBB,0.0,0.0,0.0,15.0,0.9887834370542354,0.45,0.45,decrease_margin_after_safe_window
445,mMTC,0.0,0.0,0.0,228.0,0.28571751088822406,0.45,0.45,decrease_margin_after_safe_window
446,URLLC,0.0,0.0,1.0,135.0,0.2097700590659341,0.45,0.45,decrease_margin_after_safe_window
446,eMBB,0.0,0.0,1.0,18.0,0.9866537372389573,0.45,0.45,decrease_margin_after_safe_window
446,mMTC,0.0,0.0,0.0,173.0,0.3524507643891633,0.45,0.45,decrease_margin_after_safe_window
447,URLLC,0.0,0.0,0.0,121.0,0.18837196428571432,0.45,0.45,decrease_margin_after_safe_window
447,eMBB,0.0,0.0,0.0,19.0,0.9852520536918729,0.45,0.45,decrease_margin_after_safe_window
447,mMTC,0.0,0.0,0.0,211.0,0.274840212127088,0.45,0.45,decrease_margin_after_safe_window
448,URLLC,0.0,0.0,1.0,142.0,0.21731593956043957,0.45,0.45,decrease_margin_after_safe_window
448,eMBB,0.0,0.0,1.0,30.0,0.9869924382656607,0.45,0.45,decrease_margin_after_safe_window
448,mMTC,0.0,0.0,0.0,175.0,0.3258346099398169,0.45,0.45,decrease_margin_after_safe_window
449,URLLC,0.0,0.0,0.0,130.0,0.2028519065934066,0.45,0.45,decrease_margin_after_safe_window
449,eMBB,0.0,0.0,0.0,15.0,0.9885255024909557,0.45,0.45,decrease_margin_after_safe_window
449,mMTC,0.0,0.0,0.0,183.0,0.2975006674187383,0.45,0.45,decrease_margin_after_safe_window
450,URLLC,0.0,0.0,0.0,131.0,0.1973685171703297,0.45,0.45,decrease_margin_after_safe_window
450,eMBB,0.0,0.0,0.0,24.0,0.987573952638787,0.45,0.45,decrease_margin_after_safe_window
450,mMTC,0.0,0.0,0.0,192.0,0.2960124262863831,0.45,0.45,decrease_margin_after_safe_window
451,URLLC,0.0,0.0,0.0,128.0,0.19729850824175824,0.45,0.45,decrease_margin_after_safe_window
451,eMBB,0.0,0.0,0.0,18.0,0.988741273526089,0.45,0.45,decrease_margin_after_safe_window
451,mMTC,0.0,0.0,0.0,172.0,0.30030183542963773,0.45,0.45,decrease_margin_after_safe_window
452,URLLC,0.0,0.0,0.0,120.0,0.17584619574175825,0.45,0.45,decrease_margin_after_safe_window
452,eMBB,0.0,0.0,0.0,22.0,0.9890690002938184,0.45,0.45,decrease_margin_after_safe_window
452,mMTC,0.0,0.0,0.0,204.0,0.2865606203940099,0.45,0.45,decrease_margin_after_safe_window
453,URLLC,0.0,0.0,0.0,128.0,0.18814463324175823,0.45,0.45,decrease_margin_after_safe_window
453,eMBB,0.0,0.0,0.0,16.0,0.985408730316129,0.45,0.45,decrease_margin_after_safe_window
453,mMTC,0.0,0.0,0.0,179.0,0.3169640112453151,0.45,0.45,decrease_margin_after_safe_window
454,URLLC,0.0,0.0,0.0,122.0,0.17904435302197805,0.45,0.45,decrease_margin_after_safe_window
454,eMBB,0.0,0.0,0.0,22.0,0.9853184893482985,0.45,0.45,decrease_margin_after_safe_window
454,mMTC,0.0,0.0,0.0,208.0,0.29093991280163495,0.45,0.45,decrease_margin_after_safe_window
455,URLLC,0.0,0.0,0.0,130.0,0.1896967396978022,0.45,0.45,decrease_margin_after_safe_window
455,eMBB,0.0,0.0,0.0,26.0,0.986155102077782,0.45,0.45,decrease_margin_after_safe_window
455,mMTC,0.0,0.0,0.0,175.0,0.33454908783263637,0.45,0.45,decrease_margin_after_safe_window
456,URLLC,0.0,0.0,0.0,128.0,0.1796909807692308,0.45,0.45,decrease_margin_after_safe_window
456,eMBB,0.0,0.0,0.0,22.0,0.988289304099072,0.45,0.45,decrease_margin_after_safe_window
456,mMTC,0.0,0.0,0.0,201.0,0.2920596651478414,0.45,0.45,decrease_margin_after_safe_window
457,URLLC,0.0,0.0,0.0,135.0,0.20023567513736262,0.45,0.45,decrease_margin_after_safe_window
457,eMBB,0.0,0.0,0.0,23.0,0.984837195542425,0.45,0.45,decrease_margin_after_safe_window
457,mMTC,0.0,0.0,0.0,198.0,0.3241750121284701,0.45,0.45,decrease_margin_after_safe_window
458,URLLC,0.0,0.0,1.0,137.0,0.20991096634615383,0.45,0.45,decrease_margin_after_safe_window
458,eMBB,0.0,0.0,1.0,24.0,0.9901197961144413,0.45,0.45,decrease_margin_after_safe_window
458,mMTC,0.0,0.0,0.0,185.0,0.31766255169653007,0.45,0.45,decrease_margin_after_safe_window
459,URLLC,0.0,0.0,1.0,145.0,0.22116568475274725,0.45,0.45,decrease_margin_after_safe_window
459,eMBB,0.0,0.0,1.0,26.0,0.9879155266700131,0.45,0.45,decrease_margin_after_safe_window
459,mMTC,0.0,0.0,0.0,198.0,0.31113253167809984,0.45,0.45,decrease_margin_after_safe_window
460,URLLC,0.0,0.0,0.0,132.0,0.19468881387362638,0.45,0.45,decrease_margin_after_safe_window
460,eMBB,0.0,0.0,0.0,20.0,0.9870287182720628,0.45,0.45,decrease_margin_after_safe_window
460,mMTC,0.0,0.0,0.0,199.0,0.32489244972920955,0.45,0.45,decrease_margin_after_safe_window
461,URLLC,0.0,0.0,0.0,116.0,0.17477706799450551,0.45,0.45,decrease_margin_after_safe_window
461,eMBB,0.0,0.0,0.0,20.0,0.9855996036997687,0.45,0.45,decrease_margin_after_safe_window
461,mMTC,0.0,0.0,0.0,190.0,0.33330342756375986,0.45,0.45,decrease_margin_after_safe_window
462,URLLC,0.0,0.0,0.0,127.0,0.18820410233516482,0.45,0.45,decrease_margin_after_safe_window
462,eMBB,0.0,0.0,0.0,21.0,0.9874998299225914,0.45,0.45,decrease_margin_after_safe_window
462,mMTC,0.0,0.0,0.0,171.0,0.31732872867199163,0.45,0.45,decrease_margin_after_safe_window
463,URLLC,0.0,0.0,0.0,139.0,0.21006402266483518,0.45,0.45,decrease_margin_after_safe_window
463,eMBB,0.0,0.0,0.0,16.0,0.9895583917683811,0.45,0.45,decrease_margin_after_safe_window
463,mMTC,0.0,0.0,0.0,181.0,0.2777223188575398,0.45,0.45,decrease_margin_after_safe_window
464,URLLC,0.0,0.0,0.0,132.0,0.19887425412087914,0.45,0.45,decrease_margin_after_safe_window
464,eMBB,0.0,0.0,0.0,22.0,0.9888217825153921,0.45,0.45,decrease_margin_after_safe_window
464,mMTC,0.0,0.0,0.0,198.0,0.310318273784033,0.45,0.45,decrease_margin_after_safe_window
465,URLLC,0.0,0.0,1.0,141.0,0.21780046428571428,0.45,0.45,decrease_margin_after_safe_window
465,eMBB,0.0,0.0,1.0,26.0,0.9889835297238286,0.45,0.45,decrease_margin_after_safe_window
465,mMTC,0.0,0.0,0.0,195.0,0.3269122485851796,0.45,0.45,decrease_margin_after_safe_window
466,URLLC,0.0,0.0,0.0,123.0,0.1841691662087912,0.45,0.45,decrease_margin_after_safe_window
466,eMBB,0.0,0.0,0.0,19.0,0.9888874498757864,0.45,0.45,decrease_margin_after_safe_window
466,mMTC,0.0,0.0,0.0,212.0,0.33602273244682385,0.45,0.45,decrease_margin_after_safe_window
467,URLLC,0.0,0.0,1.0,138.0,0.20708270810439558,0.45,0.45,decrease_margin_after_safe_window
467,eMBB,0.0,0.0,1.0,15.0,0.9869139033832811,0.45,0.45,decrease_margin_after_safe_window
467,mMTC,0.0,0.0,0.0,172.0,0.3352641135140245,0.45,0.45,decrease_margin_after_safe_window
468,URLLC,0.0,0.0,0.0,129.0,0.19110220260989014,0.45,0.45,decrease_margin_after_safe_window
468,eMBB,0.0,0.0,0.0,30.0,0.9864303377303333,0.45,0.45,decrease_margin_after_safe_window
468,mMTC,0.0,0.0,0.0,190.0,0.2670478725392151,0.45,0.45,decrease_margin_after_safe_window
469,URLLC,0.0,0.0,0.0,125.0,0.1800388440934066,0.45,0.45,decrease_margin_after_safe_window
469,eMBB,0.0,0.0,0.0,16.0,0.9881032176233576,0.45,0.45,decrease_margin_after_safe_window
469,mMTC,0.0,0.0,0.0,204.0,0.3079044470826724,0.45,0.45,decrease_margin_after_safe_window
470,URLLC,0.0,0.0,0.0,117.0,0.17286198969780223,0.45,0.45,decrease_margin_after_safe_window
470,eMBB,0.0,0.0,0.0,23.0,0.9909701863054431,0.45,0.45,decrease_margin_after_safe_window
470,mMTC,0.0,0.0,0.0,196.0,0.33692991796248706,0.45,0.45,decrease_margin_after_safe_window
471,URLLC,0.0,0.0,1.0,127.0,0.19523521085164836,0.45,0.45,decrease_margin_after_safe_window
471,eMBB,0.0,0.0,1.0,21.0,0.9893942912747751,0.45,0.45,decrease_margin_after_safe_window
471,mMTC,0.0,0.0,0.0,168.0,0.3327444836097255,0.45,0.45,decrease_margin_after_safe_window
472,URLLC,0.0,0.0,0.0,133.0,0.1823742403846154,0.45,0.45,decrease_margin_after_safe_window
472,eMBB,0.0,0.0,0.0,15.0,0.9843439628065216,0.45,0.45,decrease_margin_after_safe_window
472,mMTC,0.0,0.0,0.0,189.0,0.27914804531923243,0.45,0.45,decrease_margin_after_safe_window
473,URLLC,1.0,0.0,1.0,126.0,0.19536101991758242,0.45,0.7,increase_margin_due_to_sla_pressure
473,eMBB,0.0,0.0,0.0,27.0,0.9871174565913542,0.45,0.45,decrease_margin_after_safe_window
473,mMTC,0.0,0.0,0.0,196.0,0.3061879309289179,0.45,0.45,decrease_margin_after_safe_window
474,URLLC,0.0,0.0,0.0,119.0,0.1689141923076923,0.7,0.6499999999999999,decrease_margin_after_safe_window
474,eMBB,0.0,0.0,0.0,15.0,0.9862522094288744,0.45,0.45,decrease_margin_after_safe_window
474,mMTC,0.0,0.0,0.0,189.0,0.3202553595371876,0.45,0.45,decrease_margin_after_safe_window
475,URLLC,0.0,0.0,0.0,139.0,0.19663840178571432,0.6499999999999999,0.5999999999999999,decrease_margin_after_safe_window
475,eMBB,0.0,0.0,0.0,21.0,0.9872052788121712,0.45,0.45,decrease_margin_after_safe_window
475,mMTC,0.0,0.0,0.0,201.0,0.31965094263045557,0.45,0.45,decrease_margin_after_safe_window
476,URLLC,0.0,0.0,0.0,134.0,0.1919635831043956,0.5999999999999999,0.5499999999999998,decrease_margin_after_safe_window
476,eMBB,0.0,0.0,0.0,24.0,0.9893460014833219,0.45,0.45,decrease_margin_after_safe_window
476,mMTC,0.0,0.0,0.0,185.0,0.3175509370305614,0.45,0.45,decrease_margin_after_safe_window
477,URLLC,0.0,0.0,0.0,127.0,0.19782281250000003,0.5499999999999998,0.49999999999999983,decrease_margin_after_safe_window
477,eMBB,0.0,0.0,0.0,24.0,0.9882042556742292,0.45,0.45,decrease_margin_after_safe_window
477,mMTC,0.0,0.0,0.0,182.0,0.28837974460783705,0.45,0.45,decrease_margin_after_safe_window
478,URLLC,0.0,0.0,0.0,108.0,0.17238147184065933,0.49999999999999983,0.45,decrease_margin_after_safe_window
478,eMBB,0.0,0.0,0.0,16.0,0.9881315314356977,0.45,0.45,decrease_margin_after_safe_window
478,mMTC,0.0,0.0,0.0,206.0,0.29128911311726563,0.45,0.45,decrease_margin_after_safe_window
479,URLLC,0.0,0.0,1.0,138.0,0.20584378434065936,0.45,0.45,decrease_margin_after_safe_window
479,eMBB,0.0,0.0,1.0,18.0,0.9860966319136694,0.45,0.45,decrease_margin_after_safe_window
479,mMTC,0.0,0.0,0.0,182.0,0.3353548482452477,0.45,0.45,decrease_margin_after_safe_window
480,URLLC,0.0,0.0,0.0,130.0,0.19949498076923075,0.45,0.45,decrease_margin_after_safe_window
480,eMBB,0.0,0.0,0.0,16.0,0.9878300120062086,0.45,0.45,decrease_margin_after_safe_window
480,mMTC,0.0,0.0,0.0,198.0,0.3121846351579731,0.45,0.45,decrease_margin_after_safe_window
481,URLLC,0.0,0.0,1.0,136.0,0.2108935851648352,0.45,0.45,decrease_margin_after_safe_window
481,eMBB,0.0,0.0,1.0,17.0,0.9876234993599073,0.45,0.45,decrease_margin_after_safe_window
481,mMTC,0.0,0.0,0.0,165.0,0.32699283438274546,0.45,0.45,decrease_margin_after_safe_window
482,URLLC,0.0,0.0,0.0,124.0,0.18633485989010992,0.45,0.45,decrease_margin_after_safe_window
482,eMBB,0.0,0.0,0.0,32.0,0.9860365414086321,0.45,0.45,decrease_margin_after_safe_window
482,mMTC,0.0,0.0,0.0,188.0,0.27030467188657525,0.45,0.45,decrease_margin_after_safe_window
483,URLLC,0.0,0.0,0.0,133.0,0.20103862568681322,0.45,0.45,decrease_margin_after_safe_window
483,eMBB,0.0,0.0,0.0,24.0,0.987593684080984,0.45,0.45,decrease_margin_after_safe_window
483,mMTC,0.0,0.0,0.0,185.0,0.3048308088481048,0.45,0.45,decrease_margin_after_safe_window
484,URLLC,0.0,0.0,1.0,146.0,0.19866541552197803,0.45,0.45,decrease_margin_after_safe_window
484,eMBB,0.0,0.0,1.0,13.0,0.9875775795726913,0.45,0.45,decrease_margin_after_safe_window
484,mMTC,0.0,0.0,0.0,200.0,0.31858136423820355,0.45,0.45,decrease_margin_after_safe_window
485,URLLC,0.0,0.0,0.0,131.0,0.19037948076923075,0.45,0.45,decrease_margin_after_safe_window
485,eMBB,0.0,0.0,0.0,29.0,0.9878420237075033,0.45,0.45,decrease_margin_after_safe_window
485,mMTC,0.0,0.0,0.0,190.0,0.3185121461696947,0.45,0.45,decrease_margin_after_safe_window
486,URLLC,0.0,0.0,0.0,124.0,0.1793810995879121,0.45,0.45,decrease_margin_after_safe_window
486,eMBB,0.0,0.0,0.0,22.0,0.9880782485373458,0.45,0.45,decrease_margin_after_safe_window
486,mMTC,0.0,0.0,0.0,223.0,0.31853747415084427,0.45,0.45,decrease_margin_after_safe_window
487,URLLC,0.0,0.0,0.0,128.0,0.1840220274725275,0.45,0.45,decrease_margin_after_safe_window
487,eMBB,0.0,0.0,0.0,23.0,0.9863299006669969,0.45,0.45,decrease_margin_after_safe_window
487,mMTC,0.0,0.0,0.0,170.0,0.3438445930690177,0.45,0.45,decrease_margin_after_safe_window
488,URLLC,0.0,0.0,0.0,131.0,0.1839350315934066,0.45,0.45,decrease_margin_after_safe_window
488,eMBB,0.0,0.0,0.0,17.0,0.9880931070723097,0.45,0.45,decrease_margin_after_safe_window
488,mMTC,0.0,0.0,0.0,204.0,0.30829085108823545,0.45,0.45,decrease_margin_after_safe_window
489,URLLC,0.0,0.0,1.0,132.0,0.19617458104395605,0.45,0.45,decrease_margin_after_safe_window
489,eMBB,0.0,0.0,1.0,20.0,0.9890989896556894,0.45,0.45,decrease_margin_after_safe_window
489,mMTC,0.0,0.0,0.0,207.0,0.3284416825595406,0.45,0.45,decrease_margin_after_safe_window
490,URLLC,0.0,0.0,1.0,124.0,0.1902030357142857,0.45,0.45,decrease_margin_after_safe_window
490,eMBB,0.0,0.0,1.0,12.0,0.990665704676985,0.45,0.45,decrease_margin_after_safe_window
490,mMTC,0.0,0.0,0.0,188.0,0.3273472088777948,0.45,0.45,decrease_margin_after_safe_window
491,URLLC,0.0,0.0,0.0,111.0,0.16658491071428574,0.45,0.45,decrease_margin_after_safe_window
491,eMBB,0.0,0.0,0.0,13.0,0.9872326690255692,0.45,0.45,decrease_margin_after_safe_window
491,mMTC,0.0,0.0,0.0,187.0,0.30072952602074093,0.45,0.45,decrease_margin_after_safe_window
492,URLLC,0.0,0.0,0.0,130.0,0.19671577953296704,0.45,0.45,decrease_margin_after_safe_window
492,eMBB,0.0,0.0,0.0,22.0,0.9885036758234422,0.45,0.45,decrease_margin_after_safe_window
492,mMTC,0.0,0.0,0.0,171.0,0.3016742890783804,0.45,0.45,decrease_margin_after_safe_window
493,URLLC,0.0,0.0,0.0,139.0,0.21155118269230772,0.45,0.45,decrease_margin_after_safe_window
493,eMBB,0.0,0.0,0.0,24.0,0.9866348004411547,0.45,0.45,decrease_margin_after_safe_window
493,mMTC,0.0,0.0,0.0,197.0,0.2744888770682756,0.45,0.45,decrease_margin_after_safe_window
494,URLLC,0.0,0.0,0.0,136.0,0.19611395467032966,0.45,0.45,decrease_margin_after_safe_window
494,eMBB,0.0,0.0,0.0,16.0,0.9880946117111168,0.45,0.45,decrease_margin_after_safe_window
494,mMTC,0.0,0.0,0.0,194.0,0.30646380648285726,0.45,0.45,decrease_margin_after_safe_window
495,URLLC,0.0,0.0,0.0,126.0,0.1865736668956044,0.45,0.45,decrease_margin_after_safe_window
495,eMBB,0.0,0.0,0.0,25.0,0.9905838738405205,0.45,0.45,decrease_margin_after_safe_window
495,mMTC,0.0,0.0,0.0,201.0,0.31382309624067656,0.45,0.45,decrease_margin_after_safe_window
496,URLLC,0.0,0.0,0.0,138.0,0.20325194093406593,0.45,0.45,decrease_margin_after_safe_window
496,eMBB,0.0,0.0,0.0,10.0,0.9884611249085653,0.45,0.45,decrease_margin_after_safe_window
496,mMTC,0.0,0.0,0.0,185.0,0.3058307027969714,0.45,0.45,decrease_margin_after_safe_window
497,URLLC,0.0,0.0,0.0,133.0,0.20759367376373628,0.45,0.45,decrease_margin_after_safe_window
497,eMBB,0.0,0.0,0.0,19.0,0.9860131434092568,0.45,0.45,decrease_margin_after_safe_window
497,mMTC,0.0,0.0,0.0,185.0,0.29720262264336755,0.45,0.45,decrease_margin_after_safe_window
498,URLLC,0.0,0.0,0.0,114.0,0.17731274313186815,0.45,0.45,decrease_margin_after_safe_window
498,eMBB,0.0,0.0,0.0,26.0,0.9873707124042636,0.45,0.45,decrease_margin_after_safe_window
498,mMTC,0.0,0.0,0.0,201.0,0.3091855949217089,0.45,0.45,decrease_margin_after_safe_window
499,URLLC,0.0,0.0,1.0,135.0,0.19689989835164834,0.45,0.45,decrease_margin_after_safe_window
499,eMBB,0.0,0.0,1.0,19.0,0.9881028266756461,0.45,0.45,decrease_margin_after_safe_window
499,mMTC,0.0,0.0,0.0,189.0,0.33795975966318414,0.45,0.45,decrease_margin_after_safe_window
500,URLLC,0.0,0.0,0.0,118.0,0.15888259065934066,0.45,0.45,decrease_margin_after_safe_window
500,eMBB,0.0,0.0,0.0,28.0,0.985901990712622,0.45,0.45,decrease_margin_after_safe_window
500,mMTC,0.0,0.0,0.0,178.0,0.2780733157932383,0.45,0.45,decrease_margin_after_safe_window
501,URLLC,0.0,0.0,0.0,136.0,0.1773540315934066,0.45,0.45,decrease_margin_after_safe_window
501,eMBB,0.0,0.0,0.0,12.0,0.9880744784217116,0.45,0.45,decrease_margin_after_safe_window
501,mMTC,0.0,0.0,0.0,182.0,0.296141174463384,0.45,0.45,decrease_margin_after_safe_window
502,URLLC,0.0,0.0,0.0,125.0,0.19111047802197803,0.45,0.45,decrease_margin_after_safe_window
502,eMBB,0.0,0.0,0.0,14.0,0.9893302160103794,0.45,0.45,decrease_margin_after_safe_window
502,mMTC,0.0,0.0,0.0,204.0,0.30720467854789957,0.45,0.45,decrease_margin_after_safe_window
503,URLLC,0.0,0.0,0.0,127.0,0.19697334134615385,0.45,0.45,decrease_margin_after_safe_window
503,eMBB,0.0,0.0,0.0,17.0,0.9887869305541948,0.45,0.45,decrease_margin_after_safe_window
503,mMTC,0.0,0.0,0.0,179.0,0.31273886817439117,0.45,0.45,decrease_margin_after_safe_window
504,URLLC,0.0,0.0,0.0,136.0,0.19386752335164834,0.45,0.45,decrease_margin_after_safe_window
504,eMBB,0.0,0.0,0.0,16.0,0.9895476819066555,0.45,0.45,decrease_margin_after_safe_window
504,mMTC,0.0,0.0,0.0,193.0,0.3015367734487525,0.45,0.45,decrease_margin_after_safe_window
505,URLLC,0.0,0.0,0.0,133.0,0.19458338324175825,0.45,0.45,decrease_margin_after_safe_window
505,eMBB,0.0,0.0,0.0,19.0,0.9884867626019445,0.45,0.45,decrease_margin_after_safe_window
505,mMTC,0.0,0.0,0.0,193.0,0.3181836019065679,0.45,0.45,decrease_margin_after_safe_window
506,URLLC,0.0,0.0,0.0,120.0,0.1927619951923077,0.45,0.45,decrease_margin_after_safe_window
506,eMBB,0.0,0.0,0.0,16.0,0.9887806271890004,0.45,0.45,decrease_margin_after_safe_window
506,mMTC,0.0,0.0,0.0,198.0,0.30248277662371464,0.45,0.45,decrease_margin_after_safe_window
507,URLLC,0.0,0.0,0.0,123.0,0.18591660439560442,0.45,0.45,decrease_margin_after_safe_window
507,eMBB,0.0,0.0,0.0,15.0,0.9864555423348849,0.45,0.45,decrease_margin_after_safe_window
507,mMTC,0.0,0.0,0.0,203.0,0.32258700040652594,0.45,0.45,decrease_margin_after_safe_window
508,URLLC,0.0,0.0,1.0,134.0,0.198948396978022,0.45,0.45,decrease_margin_after_safe_window
508,eMBB,0.0,0.0,1.0,21.0,0.9892351471554568,0.45,0.45,decrease_margin_after_safe_window
508,mMTC,0.0,0.0,0.0,187.0,0.32799201897520847,0.45,0.45,decrease_margin_after_safe_window
509,URLLC,0.0,0.0,0.0,123.0,0.18033489423076923,0.45,0.45,decrease_margin_after_safe_window
509,eMBB,0.0,0.0,0.0,19.0,0.985759099114018,0.45,0.45,decrease_margin_after_safe_window
509,mMTC,0.0,0.0,0.0,172.0,0.28123026188154926,0.45,0.45,decrease_margin_after_safe_window
510,URLLC,0.0,0.0,0.0,112.0,0.1831036510989011,0.45,0.45,decrease_margin_after_safe_window
510,eMBB,0.0,0.0,0.0,25.0,0.989397189687683,0.45,0.45,decrease_margin_after_safe_window
510,mMTC,0.0,0.0,0.0,205.0,0.2915803782218986,0.45,0.45,decrease_margin_after_safe_window
511,URLLC,0.0,0.0,0.0,138.0,0.20247482554945057,0.45,0.45,decrease_margin_after_safe_window
511,eMBB,0.0,0.0,0.0,22.0,0.9875516612805353,0.45,0.45,decrease_margin_after_safe_window
511,mMTC,0.0,0.0,0.0,172.0,0.3152442890183398,0.45,0.45,decrease_margin_after_safe_window
512,URLLC,0.0,0.0,0.0,127.0,0.1779023063186813,0.45,0.45,decrease_margin_after_safe_window
512,eMBB,0.0,0.0,0.0,19.0,0.9879131893171994,0.45,0.45,decrease_margin_after_safe_window
512,mMTC,0.0,0.0,0.0,208.0,0.27315588277798614,0.45,0.45,decrease_margin_after_safe_window
513,URLLC,0.0,0.0,0.0,131.0,0.19940423214285713,0.45,0.45,decrease_margin_after_safe_window
513,eMBB,0.0,0.0,0.0,13.0,0.9868398641882373,0.45,0.45,decrease_margin_after_safe_window
513,mMTC,0.0,0.0,0.0,203.0,0.32272366039970907,0.45,0.45,decrease_margin_after_safe_window
514,URLLC,0.0,0.0,0.0,127.0,0.17455026991758243,0.45,0.45,decrease_margin_after_safe_window
514,eMBB,0.0,0.0,0.0,21.0,0.9896986813645018,0.45,0.45,decrease_margin_after_safe_window
514,mMTC,0.0,0.0,0.0,182.0,0.3124788135869427,0.45,0.45,decrease_margin_after_safe_window
515,URLLC,0.0,0.0,0.0,112.0,0.17153837912087913,0.45,0.45,decrease_margin_after_safe_window
515,eMBB,0.0,0.0,0.0,19.0,0.9902248152064412,0.45,0.45,decrease_margin_after_safe_window
515,mMTC,0.0,0.0,0.0,202.0,0.28778965656663036,0.45,0.45,decrease_margin_after_safe_window
516,URLLC,0.0,0.0,0.0,129.0,0.20202533035714287,0.45,0.45,decrease_margin_after_safe_window
516,eMBB,0.0,0.0,0.0,14.0,0.9879774478124167,0.45,0.45,decrease_margin_after_safe_window
516,mMTC,0.0,0.0,0.0,178.0,0.31579551955993773,0.45,0.45,decrease_margin_after_safe_window
517,URLLC,0.0,0.0,0.0,131.0,0.19897607692307692,0.45,0.45,decrease_margin_after_safe_window
517,eMBB,0.0,0.0,0.0,18.0,0.9888174431379458,0.45,0.45,decrease_margin_after_safe_window
517,mMTC,0.0,0.0,0.0,179.0,0.290493370249531,0.45,0.45,decrease_margin_after_safe_window
518,URLLC,0.0,0.0,0.0,132.0,0.18416011607142857,0.45,0.45,decrease_margin_after_safe_window
518,eMBB,0.0,0.0,0.0,16.0,0.987308230821313,0.45,0.45,decrease_margin_after_safe_window
518,mMTC,0.0,0.0,0.0,200.0,0.2744321292064854,0.45,0.45,decrease_margin_after_safe_window
519,URLLC,0.0,0.0,1.0,134.0,0.21648697733516484,0.45,0.45,decrease_margin_after_safe_window
519,eMBB,0.0,0.0,1.0,8.0,0.9896877572637308,0.45,0.45,decrease_margin_after_safe_window
519,mMTC,0.0,0.0,0.0,207.0,0.3234443724917197,0.45,0.45,decrease_margin_after_safe_window
520,URLLC,0.0,0.0,0.0,134.0,0.19593934890109893,0.45,0.45,decrease_margin_after_safe_window
520,eMBB,0.0,0.0,0.0,20.0,0.9889551911650712,0.45,0.45,decrease_margin_after_safe_window
520,mMTC,0.0,0.0,0.0,177.0,0.3217120956356946,0.45,0.45,decrease_margin_after_safe_window
521,URLLC,0.0,0.0,0.0,128.0,0.19077601167582417,0.45,0.45,decrease_margin_after_safe_window
521,eMBB,0.0,0.0,0.0,19.0,0.9893380094211613,0.45,0.45,decrease_margin_after_safe_window
521,mMTC,0.0,0.0,0.0,204.0,0.2755003313998966,0.45,0.45,decrease_margin_after_safe_window
522,URLLC,0.0,0.0,0.0,132.0,0.20006307760989012,0.45,0.45,decrease_margin_after_safe_window
522,eMBB,0.0,0.0,0.0,19.0,0.9858505007173924,0.45,0.45,decrease_margin_after_safe_window
522,mMTC,0.0,0.0,0.0,188.0,0.3320156447546209,0.45,0.45,decrease_margin_after_safe_window
523,URLLC,0.0,0.0,0.0,120.0,0.16534146153846155,0.45,0.45,decrease_margin_after_safe_window
523,eMBB,0.0,0.0,0.0,21.0,0.9854192809084413,0.45,0.45,decrease_margin_after_safe_window
523,mMTC,0.0,0.0,0.0,200.0,0.3073594606836103,0.45,0.45,decrease_margin_after_safe_window
524,URLLC,0.0,0.0,0.0,137.0,0.19744967925824178,0.45,0.45,decrease_margin_after_safe_window
524,eMBB,0.0,0.0,0.0,22.0,0.9865763330609197,0.45,0.45,decrease_margin_after_safe_window
524,mMTC,0.0,0.0,0.0,192.0,0.33085829534439526,0.45,0.45,decrease_margin_after_safe_window
525,URLLC,0.0,0.0,1.0,152.0,0.22435068475274725,0.45,0.45,decrease_margin_after_safe_window
525,eMBB,0.0,0.0,1.0,24.0,0.9882956263742051,0.45,0.45,decrease_margin_after_safe_window
525,mMTC,0.0,0.0,0.0,187.0,0.3086317314952443,0.45,0.45,decrease_margin_after_safe_window
526,URLLC,0.0,0.0,0.0,137.0,0.20331162431318686,0.45,0.45,decrease_margin_after_safe_window
526,eMBB,0.0,0.0,0.0,17.0,0.986921914934736,0.45,0.45,decrease_margin_after_safe_window
526,mMTC,0.0,0.0,0.0,190.0,0.29856035072458703,0.45,0.45,decrease_margin_after_safe_window
527,URLLC,0.0,0.0,1.0,136.0,0.2101012074175824,0.45,0.45,decrease_margin_after_safe_window
527,eMBB,0.0,0.0,1.0,20.0,0.9883078824193738,0.45,0.45,decrease_margin_after_safe_window
527,mMTC,0.0,0.0,0.0,202.0,0.2991172395344348,0.45,0.45,decrease_margin_after_safe_window
528,URLLC,0.0,0.0,0.0,114.0,0.15562085989010987,0.45,0.45,decrease_margin_after_safe_window
528,eMBB,0.0,0.0,0.0,22.0,0.9881408718390919,0.45,0.45,decrease_margin_after_safe_window
528,mMTC,0.0,0.0,0.0,181.0,0.31663577630935247,0.45,0.45,decrease_margin_after_safe_window
529,URLLC,0.0,0.0,0.0,128.0,0.19247293475274724,0.45,0.45,decrease_margin_after_safe_window
529,eMBB,0.0,0.0,0.0,26.0,0.9895170900656959,0.45,0.45,decrease_margin_after_safe_window
529,mMTC,0.0,0.0,0.0,189.0,0.29961417074878627,0.45,0.45,decrease_margin_after_safe_window
530,URLLC,0.0,0.0,1.0,132.0,0.22092609890109888,0.45,0.45,decrease_margin_after_safe_window
530,eMBB,0.0,0.0,1.0,14.0,0.9894952358569337,0.45,0.45,decrease_margin_after_safe_window
530,mMTC,0.0,0.0,0.0,182.0,0.32397848787826866,0.45,0.45,decrease_margin_after_safe_window
531,URLLC,0.0,0.0,0.0,124.0,0.17749302953296706,0.45,0.45,decrease_margin_after_safe_window
531,eMBB,0.0,0.0,0.0,15.0,0.9872066744483462,0.45,0.45,decrease_margin_after_safe_window
531,mMTC,0.0,0.0,0.0,199.0,0.2936508129222725,0.45,0.45,decrease_margin_after_safe_window
532,URLLC,0.0,0.0,0.0,131.0,0.18070220947802199,0.45,0.45,decrease_margin_after_safe_window
532,eMBB,0.0,0.0,0.0,21.0,0.9863308783179627,0.45,0.45,decrease_margin_after_safe_window
532,mMTC,0.0,0.0,0.0,198.0,0.3167460948835298,0.45,0.45,decrease_margin_after_safe_window
533,URLLC,0.0,0.0,1.0,136.0,0.20305386195054947,0.45,0.45,decrease_margin_after_safe_window
533,eMBB,0.0,0.0,1.0,21.0,0.9877459609352827,0.45,0.45,decrease_margin_after_safe_window
533,mMTC,0.0,0.0,0.0,186.0,0.32064454851953617,0.45,0.45,decrease_margin_after_safe_window
534,URLLC,0.0,0.0,0.0,129.0,0.18996116414835165,0.45,0.45,decrease_margin_after_safe_window
534,eMBB,0.0,0.0,0.0,14.0,0.9879193048093685,0.45,0.45,decrease_margin_after_safe_window
534,mMTC,0.0,0.0,0.0,193.0,0.2929365651380512,0.45,0.45,decrease_margin_after_safe_window
535,URLLC,0.0,0.0,0.0,125.0,0.19292746840659342,0.45,0.45,decrease_margin_after_safe_window
535,eMBB,0.0,0.0,0.0,21.0,0.9876427932847892,0.45,0.45,decrease_margin_after_safe_window
535,mMTC,0.0,0.0,0.0,189.0,0.31893679331429226,0.45,0.45,decrease_margin_after_safe_window
536,URLLC,0.0,0.0,0.0,132.0,0.1952098550824176,0.45,0.45,decrease_margin_after_safe_window
536,eMBB,0.0,0.0,0.0,24.0,0.987143422747353,0.45,0.45,decrease_margin_after_safe_window
536,mMTC,0.0,0.0,0.0,188.0,0.2970344213860467,0.45,0.45,decrease_margin_after_safe_window
537,URLLC,0.0,0.0,0.0,125.0,0.18904939697802198,0.45,0.45,decrease_margin_after_safe_window
537,eMBB,0.0,0.0,0.0,29.0,0.9855955546577813,0.45,0.45,decrease_margin_after_safe_window
537,mMTC,0.0,0.0,0.0,193.0,0.29463786570163114,0.45,0.45,decrease_margin_after_safe_window
538,URLLC,0.0,0.0,0.0,132.0,0.19192516483516484,0.45,0.45,decrease_margin_after_safe_window
538,eMBB,0.0,0.0,0.0,25.0,0.98739251626993,0.45,0.45,decrease_margin_after_safe_window
538,mMTC,0.0,0.0,0.0,197.0,0.29694283481028877,0.45,0.45,decrease_margin_after_safe_window
539,URLLC,0.0,0.0,0.0,119.0,0.1709425054945055,0.45,0.45,decrease_margin_after_safe_window
539,eMBB,0.0,0.0,0.0,19.0,0.9890372759472259,0.45,0.45,decrease_margin_after_safe_window
539,mMTC,0.0,0.0,0.0,188.0,0.31847284323428354,0.45,0.45,decrease_margin_after_safe_window
540,URLLC,0.0,0.0,1.0,129.0,0.1959247225274725,0.45,0.45,decrease_margin_after_safe_window
540,eMBB,0.0,0.0,1.0,20.0,0.9910070869546815,0.45,0.45,decrease_margin_after_safe_window
540,mMTC,0.0,0.0,0.0,178.0,0.3187013426449887,0.45,0.45,decrease_margin_after_safe_window
541,URLLC,0.0,0.0,0.0,144.0,0.20712425000000004,0.45,0.45,decrease_margin_after_safe_window
541,eMBB,0.0,0.0,0.0,14.0,0.9878059896107214,0.45,0.45,decrease_margin_after_safe_window
541,mMTC,0.0,0.0,0.0,200.0,0.2927870238951102,0.45,0.45,decrease_margin_after_safe_window
542,URLLC,0.0,0.0,0.0,131.0,0.1811135480769231,0.45,0.45,decrease_margin_after_safe_window
542,eMBB,0.0,0.0,0.0,15.0,0.9880421631349787,0.45,0.45,decrease_margin_after_safe_window
542,mMTC,0.0,0.0,0.0,181.0,0.32168383068637735,0.45,0.45,decrease_margin_after_safe_window
543,URLLC,0.0,0.0,0.0,124.0,0.19375732554945055,0.45,0.45,decrease_margin_after_safe_window
543,eMBB,0.0,0.0,0.0,16.0,0.9869287570532215,0.45,0.45,decrease_margin_after_safe_window
543,mMTC,0.0,0.0,0.0,189.0,0.3010541438853334,0.45,0.45,decrease_margin_after_safe_window
544,URLLC,0.0,0.0,0.0,143.0,0.22092210233516485,0.45,0.45,decrease_margin_after_safe_window
544,eMBB,0.0,0.0,0.0,22.0,0.9876269462221214,0.45,0.45,decrease_margin_after_safe_window
544,mMTC,0.0,0.0,0.0,191.0,0.29587529193340806,0.45,0.45,decrease_margin_after_safe_window
545,URLLC,0.0,0.0,0.0,119.0,0.17299603365384617,0.45,0.45,decrease_margin_after_safe_window
545,eMBB,0.0,0.0,0.0,23.0,0.9883389978478151,0.45,0.45,decrease_margin_after_safe_window
545,mMTC,0.0,0.0,0.0,205.0,0.31739931098223684,0.45,0.45,decrease_margin_after_safe_window
546,URLLC,0.0,0.0,0.0,128.0,0.19311134684065934,0.45,0.45,decrease_margin_after_safe_window
546,eMBB,0.0,0.0,0.0,19.0,0.9882479809556537,0.45,0.45,decrease_margin_after_safe_window
546,mMTC,0.0,0.0,0.0,177.0,0.3143431942651876,0.45,0.45,decrease_margin_after_safe_window
547,URLLC,0.0,0.0,0.0,124.0,0.19808528228021977,0.45,0.45,decrease_margin_after_safe_window
547,eMBB,0.0,0.0,0.0,20.0,0.9871719864340971,0.45,0.45,decrease_margin_after_safe_window
547,mMTC,0.0,0.0,0.0,190.0,0.2674989253652789,0.45,0.45,decrease_margin_after_safe_window
548,URLLC,0.0,0.0,0.0,117.0,0.17567982074175825,0.45,0.45,decrease_margin_after_safe_window
548,eMBB,0.0,0.0,0.0,17.0,0.9879732363746273,0.45,0.45,decrease_margin_after_safe_window
548,mMTC,0.0,0.0,0.0,194.0,0.296446317652214,0.45,0.45,decrease_margin_after_safe_window
549,URLLC,0.0,0.0,0.0,137.0,0.1953963901098901,0.45,0.45,decrease_margin_after_safe_window
549,eMBB,0.0,0.0,0.0,22.0,0.9872253999169412,0.45,0.45,decrease_margin_after_safe_window
549,mMTC,0.0,0.0,0.0,203.0,0.3283307386228552,0.45,0.45,decrease_margin_after_safe_window
550,URLLC,0.0,0.0,0.0,100.0,0.1527578379120879,0.45,0.45,decrease_margin_after_safe_window
550,eMBB,0.0,0.0,0.0,14.0,0.9889823342054502,0.45,0.45,decrease_margin_after_safe_window
550,mMTC,0.0,0.0,0.0,192.0,0.34220060397975915,0.45,0.45,decrease_margin_after_safe_window
551,URLLC,0.0,0.0,0.0,139.0,0.20940523832417585,0.45,0.45,decrease_margin_after_safe_window
551,eMBB,0.0,0.0,0.0,22.0,0.9881029454211973,0.45,0.45,decrease_margin_after_safe_window
551,mMTC,0.0,0.0,0.0,203.0,0.30522140050845425,0.45,0.45,decrease_margin_after_safe_window
552,URLLC,0.0,0.0,0.0,134.0,0.19208692925824175,0.45,0.45,decrease_margin_after_safe_window
552,eMBB,0.0,0.0,0.0,23.0,0.9867367922120448,0.45,0.45,decrease_margin_after_safe_window
552,mMTC,0.0,0.0,0.0,185.0,0.3310780302773762,0.45,0.45,decrease_margin_after_safe_window
553,URLLC,0.0,0.0,0.0,134.0,0.2020712616758242,0.45,0.45,decrease_margin_after_safe_window
553,eMBB,0.0,0.0,0.0,17.0,0.9862274828946666,0.45,0.45,decrease_margin_after_safe_window
553,mMTC,0.0,0.0,0.0,192.0,0.27862971739999365,0.45,0.45,decrease_margin_after_safe_window
554,URLLC,0.0,0.0,0.0,113.0,0.15976046771978022,0.45,0.45,decrease_margin_after_safe_window
554,eMBB,0.0,0.0,0.0,16.0,0.9872602990306865,0.45,0.45,decrease_margin_after_safe_window
554,mMTC,0.0,0.0,0.0,190.0,0.3100367060411337,0.45,0.45,decrease_margin_after_safe_window
555,URLLC,0.0,0.0,0.0,124.0,0.17662630013736264,0.45,0.45,decrease_margin_after_safe_window
555,eMBB,0.0,0.0,0.0,24.0,0.9895024091985576,0.45,0.45,decrease_margin_after_safe_window
555,mMTC,0.0,0.0,0.0,188.0,0.30645442811116796,0.45,0.45,decrease_margin_after_safe_window
556,URLLC,0.0,0.0,0.0,116.0,0.17512157211538465,0.45,0.45,decrease_margin_after_safe_window
556,eMBB,0.0,0.0,0.0,13.0,0.9860272518750668,0.45,0.45,decrease_margin_after_safe_window
556,mMTC,0.0,0.0,0.0,198.0,0.32469962714616424,0.45,0.45,decrease_margin_after_safe_window
557,URLLC,0.0,0.0,1.0,130.0,0.19473219368131867,0.45,0.45,decrease_margin_after_safe_window
557,eMBB,0.0,0.0,1.0,20.0,0.9891641627275745,0.45,0.45,decrease_margin_after_safe_window
557,mMTC,0.0,0.0,0.0,206.0,0.3185418594048238,0.45,0.45,decrease_margin_after_safe_window
558,URLLC,0.0,0.0,1.0,141.0,0.2060024793956044,0.45,0.45,decrease_margin_after_safe_window
558,eMBB,0.0,0.0,1.0,19.0,0.9880071901185091,0.45,0.45,decrease_margin_after_safe_window
558,mMTC,0.0,0.0,0.0,172.0,0.3201797338094461,0.45,0.45,decrease_margin_after_safe_window
559,URLLC,0.0,0.0,0.0,138.0,0.1992570535714286,0.45,0.45,decrease_margin_after_safe_window
559,eMBB,0.0,0.0,0.0,21.0,0.9873504007680113,0.45,0.45,decrease_margin_after_safe_window
559,mMTC,0.0,0.0,0.0,214.0,0.27519521320232126,0.45,0.45,decrease_margin_after_safe_window
560,URLLC,0.0,0.0,1.0,135.0,0.21712333516483517,0.45,0.45,decrease_margin_after_safe_window
560,eMBB,0.0,0.0,1.0,19.0,0.9883812351051837,0.45,0.45,decrease_margin_after_safe_window
560,mMTC,0.0,0.0,0.0,201.0,0.36679711702535955,0.45,0.45,decrease_margin_after_safe_window
561,URLLC,0.0,0.0,1.0,132.0,0.20533822390109888,0.45,0.45,decrease_margin_after_safe_window
561,eMBB,0.0,0.0,1.0,28.0,0.9885178343812109,0.45,0.45,decrease_margin_after_safe_window
561,mMTC,0.0,0.0,0.0,180.0,0.3249588311049563,0.45,0.45,decrease_margin_after_safe_window
562,URLLC,0.0,0.0,0.0,124.0,0.18139861126373627,0.45,0.45,decrease_margin_after_safe_window
562,eMBB,0.0,0.0,0.0,19.0,0.9876389074908196,0.45,0.45,decrease_margin_after_safe_window
562,mMTC,0.0,0.0,0.0,169.0,0.2957036663785025,0.45,0.45,decrease_margin_after_safe_window
563,URLLC,0.0,0.0,0.0,131.0,0.21320226854395605,0.45,0.45,decrease_margin_after_safe_window
563,eMBB,0.0,0.0,0.0,26.0,0.9895368178563322,0.45,0.45,decrease_margin_after_safe_window
563,mMTC,0.0,0.0,0.0,201.0,0.27425455823389516,0.45,0.45,decrease_margin_after_safe_window
564,URLLC,0.0,0.0,0.0,119.0,0.16393331593406593,0.45,0.45,decrease_margin_after_safe_window
564,eMBB,0.0,0.0,0.0,21.0,0.9876471072546892,0.45,0.45,decrease_margin_after_safe_window
564,mMTC,0.0,0.0,0.0,169.0,0.3240320610073909,0.45,0.45,decrease_margin_after_safe_window
565,URLLC,0.0,0.0,0.0,125.0,0.19108299175824175,0.45,0.45,decrease_margin_after_safe_window
565,eMBB,0.0,0.0,0.0,13.0,0.9870038765253283,0.45,0.45,decrease_margin_after_safe_window
565,mMTC,0.0,0.0,0.0,210.0,0.2624139730025413,0.45,0.45,decrease_margin_after_safe_window
566,URLLC,0.0,0.0,1.0,138.0,0.20310301236263736,0.45,0.45,decrease_margin_after_safe_window
566,eMBB,0.0,0.0,1.0,13.0,0.9882651098479407,0.45,0.45,decrease_margin_after_safe_window
566,mMTC,0.0,0.0,0.0,187.0,0.34637124692767024,0.45,0.45,decrease_margin_after_safe_window
567,URLLC,0.0,0.0,0.0,124.0,0.18748625137362637,0.45,0.45,decrease_margin_after_safe_window
567,eMBB,0.0,0.0,0.0,9.0,0.9882869116420337,0.45,0.45,decrease_margin_after_safe_window
567,mMTC,0.0,0.0,0.0,193.0,0.29683376036759945,0.45,0.45,decrease_margin_after_safe_window
568,URLLC,0.0,0.0,0.0,117.0,0.19016525274725277,0.45,0.45,decrease_margin_after_safe_window
568,eMBB,0.0,0.0,0.0,26.0,0.9883275921911256,0.45,0.45,decrease_margin_after_safe_window
568,mMTC,0.0,0.0,0.0,176.0,0.2976983277504199,0.45,0.45,decrease_margin_after_safe_window
569,URLLC,0.0,0.0,0.0,121.0,0.17875520535714284,0.45,0.45,decrease_margin_after_safe_window
569,eMBB,0.0,0.0,0.0,27.0,0.9863622547218057,0.45,0.45,decrease_margin_after_safe_window
569,mMTC,0.0,0.0,0.0,195.0,0.25623631794344515,0.45,0.45,decrease_margin_after_safe_window
570,URLLC,0.0,0.0,0.0,132.0,0.18259242994505495,0.45,0.45,decrease_margin_after_safe_window
570,eMBB,0.0,0.0,0.0,20.0,0.9876378515681343,0.45,0.45,decrease_margin_after_safe_window
570,mMTC,0.0,0.0,0.0,192.0,0.31811605139253246,0.45,0.45,decrease_margin_after_safe_window
571,URLLC,0.0,0.0,1.0,140.0,0.2115359285714286,0.45,0.45,decrease_margin_after_safe_window
571,eMBB,0.0,0.0,1.0,15.0,0.9872630970558038,0.45,0.45,decrease_margin_after_safe_window
571,mMTC,0.0,0.0,0.0,193.0,0.32500262858544654,0.45,0.45,decrease_margin_after_safe_window
572,URLLC,0.0,0.0,0.0,116.0,0.1699273228021978,0.45,0.45,decrease_margin_after_safe_window
572,eMBB,0.0,0.0,0.0,22.0,0.9871745658878945,0.45,0.45,decrease_margin_after_safe_window
572,mMTC,0.0,0.0,0.0,189.0,0.31387957021890284,0.45,0.45,decrease_margin_after_safe_window
573,URLLC,0.0,0.0,0.0,134.0,0.1941192822802198,0.45,0.45,decrease_margin_after_safe_window
573,eMBB,0.0,0.0,0.0,22.0,0.9895123708643515,0.45,0.45,decrease_margin_after_safe_window
573,mMTC,0.0,0.0,0.0,179.0,0.30509352957965846,0.45,0.45,decrease_margin_after_safe_window
574,URLLC,0.0,0.0,0.0,133.0,0.20911211744505495,0.45,0.45,decrease_margin_after_safe_window
574,eMBB,0.0,0.0,0.0,17.0,0.9879287053940102,0.45,0.45,decrease_margin_after_safe_window
574,mMTC,0.0,0.0,0.0,196.0,0.30258284521323686,0.45,0.45,decrease_margin_after_safe_window
575,URLLC,0.0,0.0,0.0,120.0,0.18056427815934067,0.45,0.45,decrease_margin_after_safe_window
575,eMBB,0.0,0.0,0.0,19.0,0.9880512344990392,0.45,0.45,decrease_margin_after_safe_window
575,mMTC,0.0,0.0,0.0,176.0,0.3227545785118396,0.45,0.45,decrease_margin_after_safe_window
576,URLLC,0.0,0.0,0.0,123.0,0.18611819711538463,0.45,0.45,decrease_margin_after_safe_window
576,eMBB,0.0,0.0,0.0,21.0,0.9867034336691337,0.45,0.45,decrease_margin_after_safe_window
576,mMTC,0.0,0.0,0.0,217.0,0.27106650633662804,0.45,0.45,decrease_margin_after_safe_window
577,URLLC,0.0,0.0,2.0,137.0,0.20265574725274726,0.45,0.45,decrease_margin_after_safe_window
577,eMBB,0.0,0.0,1.0,20.0,0.9887882472788327,0.45,0.45,decrease_margin_after_safe_window
577,mMTC,0.0,0.0,0.0,170.0,0.3516841982850016,0.45,0.45,decrease_margin_after_safe_window
578,URLLC,0.0,0.0,0.0,120.0,0.17557328502747252,0.45,0.45,decrease_margin_after_safe_window
578,eMBB,0.0,0.0,0.0,14.0,0.9879127988402379,0.45,0.45,decrease_margin_after_safe_window
578,mMTC,0.0,0.0,0.0,188.0,0.27201964443404253,0.45,0.45,decrease_margin_after_safe_window
579,URLLC,0.0,0.0,0.0,140.0,0.20672366552197802,0.45,0.45,decrease_margin_after_safe_window
579,eMBB,0.0,0.0,0.0,21.0,0.9876115060820153,0.45,0.45,decrease_margin_after_safe_window
579,mMTC,0.0,0.0,0.0,206.0,0.31130799529638903,0.45,0.45,decrease_margin_after_safe_window
580,URLLC,0.0,0.0,1.0,129.0,0.20610576098901098,0.45,0.45,decrease_margin_after_safe_window
580,eMBB,0.0,0.0,1.0,19.0,0.9879683238658663,0.45,0.45,decrease_margin_after_safe_window
580,mMTC,0.0,0.0,0.0,186.0,0.3207439972792705,0.45,0.45,decrease_margin_after_safe_window
581,URLLC,0.0,0.0,0.0,111.0,0.1772253605769231,0.45,0.45,decrease_margin_after_safe_window
581,eMBB,0.0,0.0,0.0,20.0,0.9889786543692628,0.45,0.45,decrease_margin_after_safe_window
581,mMTC,0.0,0.0,0.0,198.0,0.29734989248922655,0.45,0.45,decrease_margin_after_safe_window
582,URLLC,0.0,0.0,1.0,131.0,0.20218228914835165,0.45,0.45,decrease_margin_after_safe_window
582,eMBB,0.0,0.0,1.0,13.0,0.9889861963171104,0.45,0.45,decrease_margin_after_safe_window
582,mMTC,0.0,0.0,0.0,197.0,0.316085449448709,0.45,0.45,decrease_margin_after_safe_window
583,URLLC,0.0,0.0,0.0,111.0,0.15668582554945054,0.45,0.45,decrease_margin_after_safe_window
583,eMBB,0.0,0.0,0.0,21.0,0.9856167630350041,0.45,0.45,decrease_margin_after_safe_window
583,mMTC,0.0,0.0,0.0,170.0,0.31072152644790985,0.45,0.45,decrease_margin_after_safe_window
584,URLLC,0.0,0.0,0.0,105.0,0.14870292307692307,0.45,0.45,decrease_margin_after_safe_window
584,eMBB,0.0,0.0,0.0,25.0,0.9870689651455998,0.45,0.45,decrease_margin_after_safe_window
584,mMTC,0.0,0.0,0.0,213.0,0.25524549015446096,0.45,0.45,decrease_margin_after_safe_window
585,URLLC,0.0,0.0,0.0,141.0,0.20009630975274725,0.45,0.45,decrease_margin_after_safe_window
585,eMBB,0.0,0.0,0.0,23.0,0.9865434449334716,0.45,0.45,decrease_margin_after_safe_window
585,mMTC,0.0,0.0,0.0,185.0,0.3176531597188504,0.45,0.45,decrease_margin_after_safe_window
586,URLLC,0.0,0.0,0.0,130.0,0.18520122458791208,0.45,0.45,decrease_margin_after_safe_window
586,eMBB,0.0,0.0,0.0,20.0,0.9871124880010672,0.45,0.45,decrease_margin_after_safe_window
586,mMTC,0.0,0.0,0.0,189.0,0.2956993674635306,0.45,0.45,decrease_margin_after_safe_window
587,URLLC,0.0,0.0,0.0,138.0,0.2011579883241758,0.45,0.45,decrease_margin_after_safe_window
587,eMBB,0.0,0.0,0.0,22.0,0.9882710657998419,0.45,0.45,decrease_margin_after_safe_window
587,mMTC,0.0,0.0,0.0,202.0,0.30249228771936426,0.45,0.45,decrease_margin_after_safe_window
588,URLLC,0.0,0.0,0.0,122.0,0.17472303296703298,0.45,0.45,decrease_margin_after_safe_window
588,eMBB,0.0,0.0,0.0,20.0,0.9901927367147215,0.45,0.45,decrease_margin_after_safe_window
588,mMTC,0.0,0.0,0.0,172.0,0.32959665552375556,0.45,0.45,decrease_margin_after_safe_window
589,URLLC,0.0,0.0,0.0,125.0,0.18908535714285715,0.45,0.45,decrease_margin_after_safe_window
589,eMBB,0.0,0.0,0.0,20.0,0.9875387896785952,0.45,0.45,decrease_margin_after_safe_window
589,mMTC,0.0,0.0,0.0,197.0,0.2599183038334611,0.45,0.45,decrease_margin_after_safe_window
590,URLLC,0.0,0.0,1.0,128.0,0.19236112225274726,0.45,0.45,decrease_margin_after_safe_window
590,eMBB,0.0,0.0,1.0,19.0,0.9885618977230057,0.45,0.45,decrease_margin_after_safe_window
590,mMTC,0.0,0.0,0.0,203.0,0.327897261202429,0.45,0.45,decrease_margin_after_safe_window
591,URLLC,0.0,0.0,0.0,119.0,0.17585076098901098,0.45,0.45,decrease_margin_after_safe_window
591,eMBB,0.0,0.0,0.0,16.0,0.9903057877038635,0.45,0.45,decrease_margin_after_safe_window
591,mMTC,0.0,0.0,0.0,203.0,0.33058115681257955,0.45,0.45,decrease_margin_after_safe_window
592,URLLC,0.0,0.0,1.0,144.0,0.2165685089285714,0.45,0.45,decrease_margin_after_safe_window
592,eMBB,0.0,0.0,1.0,12.0,0.9872153535284252,0.45,0.45,decrease_margin_after_safe_window
592,mMTC,0.0,0.0,0.0,192.0,0.3208922112483057,0.45,0.45,decrease_margin_after_safe_window
593,URLLC,0.0,0.0,0.0,129.0,0.18955976442307693,0.45,0.45,decrease_margin_after_safe_window
593,eMBB,0.0,0.0,0.0,17.0,0.9868739452472756,0.45,0.45,decrease_margin_after_safe_window
593,mMTC,0.0,0.0,0.0,184.0,0.30400600299966546,0.45,0.45,decrease_margin_after_safe_window
594,URLLC,0.0,0.0,0.0,122.0,0.19004045741758244,0.45,0.45,decrease_margin_after_safe_window
594,eMBB,0.0,0.0,0.0,22.0,0.9881311222885893,0.45,0.45,decrease_margin_after_safe_window
594,mMTC,0.0,0.0,0.0,204.0,0.31000950545564454,0.45,0.45,decrease_margin_after_safe_window
595,URLLC,0.0,0.0,0.0,116.0,0.17137066483516486,0.45,0.45,decrease_margin_after_safe_window
595,eMBB,0.0,0.0,0.0,19.0,0.9889883210979468,0.45,0.45,decrease_margin_after_safe_window
595,mMTC,0.0,0.0,0.0,181.0,0.3223906747840419,0.45,0.45,decrease_margin_after_safe_window
596,URLLC,0.0,0.0,0.0,136.0,0.20958192101648354,0.45,0.45,decrease_margin_after_safe_window
596,eMBB,0.0,0.0,0.0,18.0,0.9888394194125364,0.45,0.45,decrease_margin_after_safe_window
596,mMTC,0.0,0.0,0.0,188.0,0.2852475608586175,0.45,0.45,decrease_margin_after_safe_window
597,URLLC,0.0,0.0,0.0,116.0,0.16598114697802197,0.45,0.45,decrease_margin_after_safe_window
597,eMBB,0.0,0.0,0.0,21.0,0.9873207449885207,0.45,0.45,decrease_margin_after_safe_window
597,mMTC,0.0,0.0,0.0,200.0,0.30657026897630996,0.45,0.45,decrease_margin_after_safe_window
598,URLLC,0.0,0.0,0.0,111.0,0.1761856730769231,0.45,0.45,decrease_margin_after_safe_window
598,eMBB,0.0,0.0,0.0,15.0,0.9918743694090022,0.45,0.45,decrease_margin_after_safe_window
598,mMTC,0.0,0.0,0.0,189.0,0.3263599633908187,0.45,0.45,decrease_margin_after_safe_window
599,URLLC,0.0,0.0,0.0,133.0,0.1883265020604396,0.45,0.45,decrease_margin_after_safe_window
599,eMBB,0.0,0.0,0.0,14.0,0.9879209182456787,0.45,0.45,decrease_margin_after_safe_window
599,mMTC,0.0,0.0,0.0,195.0,0.29030968074657754,0.45,0.45,decrease_margin_after_safe_window
600,URLLC,0.0,0.0,0.0,128.0,0.18773424313186812,0.45,0.45,decrease_margin_after_safe_window
600,eMBB,0.0,0.0,0.0,20.0,0.9886621635360365,0.45,0.45,decrease_margin_after_safe_window
600,mMTC,0.0,0.0,0.0,207.0,0.31344347276782825,0.45,0.45,decrease_margin_after_safe_window
601,URLLC,0.0,0.0,0.0,109.0,0.16427391758241758,0.45,0.45,decrease_margin_after_safe_window
601,eMBB,0.0,0.0,0.0,17.0,0.9868026073619917,0.45,0.45,decrease_margin_after_safe_window
601,mMTC,0.0,0.0,0.0,192.0,0.33722063667355157,0.45,0.45,decrease_margin_after_safe_window
602,URLLC,0.0,0.0,0.0,134.0,0.19826090590659343,0.45,0.45,decrease_margin_after_safe_window
602,eMBB,0.0,0.0,0.0,21.0,0.9882440980628654,0.45,0.45,decrease_margin_after_safe_window
602,mMTC,0.0,0.0,0.0,181.0,0.30857182522364257,0.45,0.45,decrease_margin_after_safe_window
603,URLLC,0.0,0.0,0.0,132.0,0.1942037177197802,0.45,0.45,decrease_margin_after_safe_window
603,eMBB,0.0,0.0,0.0,11.0,0.9870662310146742,0.45,0.45,decrease_margin_after_safe_window
603,mMTC,0.0,0.0,0.0,205.0,0.3060877087729486,0.45,0.45,decrease_margin_after_safe_window
604,URLLC,0.0,0.0,0.0,128.0,0.1913489388736264,0.45,0.45,decrease_margin_after_safe_window
604,eMBB,0.0,0.0,0.0,19.0,0.9885009861174751,0.45,0.45,decrease_margin_after_safe_window
604,mMTC,0.0,0.0,0.0,168.0,0.33055405842759294,0.45,0.45,decrease_margin_after_safe_window
605,URLLC,0.0,0.0,0.0,118.0,0.18866553434065936,0.45,0.45,decrease_margin_after_safe_window
605,eMBB,0.0,0.0,0.0,21.0,0.9867725960479002,0.45,0.45,decrease_margin_after_safe_window
605,mMTC,0.0,0.0,0.0,194.0,0.2720744181444444,0.45,0.45,decrease_margin_after_safe_window
606,URLLC,0.0,0.0,1.0,123.0,0.19087196153846156,0.45,0.45,decrease_margin_after_safe_window
606,eMBB,0.0,0.0,1.0,15.0,0.9895625265712159,0.45,0.45,decrease_margin_after_safe_window
606,mMTC,0.0,0.0,0.0,189.0,0.34317537716894797,0.45,0.45,decrease_margin_after_safe_window
607,URLLC,0.0,0.0,0.0,123.0,0.19480993406593408,0.45,0.45,decrease_margin_after_safe_window
607,eMBB,0.0,0.0,0.0,17.0,0.9893552649646573,0.45,0.45,decrease_margin_after_safe_window
607,mMTC,0.0,0.0,0.0,198.0,0.3042148429816917,0.45,0.45,decrease_margin_after_safe_window
608,URLLC,0.0,0.0,0.0,122.0,0.17718441483516487,0.45,0.45,decrease_margin_after_safe_window
608,eMBB,0.0,0.0,0.0,16.0,0.9892857001824698,0.45,0.45,decrease_margin_after_safe_window
608,mMTC,0.0,0.0,0.0,195.0,0.313431321383613,0.45,0.45,decrease_margin_after_safe_window
609,URLLC,0.0,0.0,0.0,135.0,0.19817868200549452,0.45,0.45,decrease_margin_after_safe_window
609,eMBB,0.0,0.0,0.0,15.0,0.9840743554628613,0.45,0.45,decrease_margin_after_safe_window
609,mMTC,0.0,0.0,0.0,171.0,0.3148205090179311,0.45,0.45,decrease_margin_after_safe_window
610,URLLC,0.0,0.0,0.0,111.0,0.1730979065934066,0.45,0.45,decrease_margin_after_safe_window
610,eMBB,0.0,0.0,0.0,21.0,0.9868381475395952,0.45,0.45,decrease_margin_after_safe_window
610,mMTC,0.0,0.0,0.0,195.0,0.2626480089346261,0.45,0.45,decrease_margin_after_safe_window
611,URLLC,0.0,0.0,0.0,110.0,0.15749174793956047,0.45,0.45,decrease_margin_after_safe_window
611,eMBB,0.0,0.0,0.0,19.0,0.9882968663544854,0.45,0.45,decrease_margin_after_safe_window
611,mMTC,0.0,0.0,0.0,193.0,0.30846787338901016,0.45,0.45,decrease_margin_after_safe_window
612,URLLC,0.0,0.0,0.0,127.0,0.1888282197802198,0.45,0.45,decrease_margin_after_safe_window
612,eMBB,0.0,0.0,0.0,26.0,0.9870666072726202,0.45,0.45,decrease_margin_after_safe_window
612,mMTC,0.0,0.0,0.0,180.0,0.31673818926781117,0.45,0.45,decrease_margin_after_safe_window
613,URLLC,0.0,0.0,0.0,129.0,0.20026703365384615,0.45,0.45,decrease_margin_after_safe_window
613,eMBB,0.0,0.0,0.0,22.0,0.9893217000186242,0.45,0.45,decrease_margin_after_safe_window
613,mMTC,0.0,0.0,0.0,198.0,0.2872348964273227,0.45,0.45,decrease_margin_after_safe_window
614,URLLC,0.0,0.0,0.0,113.0,0.16909799931318678,0.45,0.45,decrease_margin_after_safe_window
614,eMBB,0.0,0.0,0.0,19.0,0.9880289300061096,0.45,0.45,decrease_margin_after_safe_window
614,mMTC,0.0,0.0,0.0,205.0,0.31940699810102513,0.45,0.45,decrease_margin_after_safe_window
615,URLLC,0.0,0.0,1.0,137.0,0.20692459752747253,0.45,0.45,decrease_margin_after_safe_window
615,eMBB,0.0,0.0,1.0,25.0,0.9899638864219364,0.45,0.45,decrease_margin_after_safe_window
615,mMTC,0.0,0.0,0.0,173.0,0.34831562107460884,0.45,0.45,decrease_margin_after_safe_window
616,URLLC,0.0,0.0,0.0,132.0,0.19987959752747253,0.45,0.45,decrease_margin_after_safe_window
616,eMBB,0.0,0.0,0.0,16.0,0.9867407948632733,0.45,0.45,decrease_margin_after_safe_window
616,mMTC,0.0,0.0,0.0,218.0,0.29871838818566426,0.45,0.45,decrease_margin_after_safe_window
617,URLLC,0.0,0.0,1.0,141.0,0.20871028983516485,0.45,0.45,decrease_margin_after_safe_window
617,eMBB,0.0,0.0,1.0,19.0,0.9884240903440171,0.45,0.45,decrease_margin_after_safe_window
617,mMTC,0.0,0.0,0.0,164.0,0.34649043955124526,0.45,0.45,decrease_margin_after_safe_window
618,URLLC,0.0,0.0,0.0,128.0,0.18347388804945056,0.45,0.45,decrease_margin_after_safe_window
618,eMBB,0.0,0.0,0.0,21.0,0.9891916926731551,0.45,0.45,decrease_margin_after_safe_window
618,mMTC,0.0,0.0,0.0,187.0,0.25115635743895137,0.45,0.45,decrease_margin_after_safe_window
619,URLLC,0.0,0.0,0.0,117.0,0.17516180975274726,0.45,0.45,decrease_margin_after_safe_window
619,eMBB,0.0,0.0,0.0,21.0,0.9869217101313127,0.45,0.45,decrease_margin_after_safe_window
619,mMTC,0.0,0.0,0.0,200.0,0.2992280322950594,0.45,0.45,decrease_margin_after_safe_window
620,URLLC,0.0,0.0,1.0,134.0,0.2147324951923077,0.45,0.45,decrease_margin_after_safe_window
620,eMBB,0.0,0.0,1.0,17.0,0.984320700943499,0.45,0.45,decrease_margin_after_safe_window
620,mMTC,0.0,0.0,0.0,186.0,0.3215503327045718,0.45,0.45,decrease_margin_after_safe_window
621,URLLC,0.0,0.0,1.0,142.0,0.21235291689560443,0.45,0.45,decrease_margin_after_safe_window
621,eMBB,0.0,0.0,1.0,26.0,0.9889494329359273,0.45,0.45,decrease_margin_after_safe_window
621,mMTC,0.0,0.0,0.0,182.0,0.3058298663773809,0.45,0.45,decrease_margin_after_safe_window
622,URLLC,0.0,0.0,0.0,114.0,0.17375126373626373,0.45,0.45,decrease_margin_after_safe_window
622,eMBB,0.0,0.0,0.0,22.0,0.9867023779701357,0.45,0.45,decrease_margin_after_safe_window
622,mMTC,0.0,0.0,0.0,189.0,0.3208352506913995,0.45,0.45,decrease_margin_after_safe_window
623,URLLC,0.0,0.0,0.0,123.0,0.192932260989011,0.45,0.45,decrease_margin_after_safe_window
623,eMBB,0.0,0.0,0.0,25.0,0.9896510724902986,0.45,0.45,decrease_margin_after_safe_window
623,mMTC,0.0,0.0,0.0,190.0,0.3070258963732915,0.45,0.45,decrease_margin_after_safe_window
624,URLLC,0.0,0.0,0.0,119.0,0.172352760989011,0.45,0.45,decrease_margin_after_safe_window
624,eMBB,0.0,0.0,0.0,17.0,0.9884779185949177,0.45,0.45,decrease_margin_after_safe_window
624,mMTC,0.0,0.0,0.0,167.0,0.31719636805888174,0.45,0.45,decrease_margin_after_safe_window
625,URLLC,0.0,0.0,0.0,135.0,0.20225729464285713,0.45,0.45,decrease_margin_after_safe_window
625,eMBB,0.0,0.0,0.0,22.0,0.986077673157373,0.45,0.45,decrease_margin_after_safe_window
625,mMTC,0.0,0.0,0.0,192.0,0.26688700730140646,0.45,0.45,decrease_margin_after_safe_window
626,URLLC,0.0,0.0,0.0,136.0,0.1942774120879121,0.45,0.45,decrease_margin_after_safe_window
626,eMBB,0.0,0.0,0.0,14.0,0.9867450710042937,0.45,0.45,decrease_margin_after_safe_window
626,mMTC,0.0,0.0,0.0,194.0,0.3317988223500366,0.45,0.45,decrease_margin_after_safe_window
627,URLLC,0.0,0.0,1.0,134.0,0.20171862431318682,0.45,0.45,decrease_margin_after_safe_window
627,eMBB,0.0,0.0,1.0,19.0,0.9891757073942146,0.45,0.45,decrease_margin_after_safe_window
627,mMTC,0.0,0.0,0.0,194.0,0.3267738412371168,0.45,0.45,decrease_margin_after_safe_window
628,URLLC,0.0,0.0,0.0,126.0,0.1901513021978022,0.45,0.45,decrease_margin_after_safe_window
628,eMBB,0.0,0.0,0.0,21.0,0.9884269058692301,0.45,0.45,decrease_margin_after_safe_window
628,mMTC,0.0,0.0,0.0,193.0,0.30698649892702085,0.45,0.45,decrease_margin_after_safe_window
629,URLLC,0.0,0.0,1.0,131.0,0.1921830892857143,0.45,0.45,decrease_margin_after_safe_window
629,eMBB,0.0,0.0,1.0,26.0,0.9880550872393054,0.45,0.45,decrease_margin_after_safe_window
629,mMTC,0.0,0.0,0.0,185.0,0.3347089787492883,0.45,0.45,decrease_margin_after_safe_window
630,URLLC,0.0,0.0,0.0,136.0,0.1979938282967033,0.45,0.45,decrease_margin_after_safe_window
630,eMBB,0.0,0.0,0.0,15.0,0.9864052477505448,0.45,0.45,decrease_margin_after_safe_window
630,mMTC,0.0,0.0,0.0,190.0,0.29873691355882925,0.45,0.45,decrease_margin_after_safe_window
631,URLLC,0.0,0.0,0.0,123.0,0.18111511881868134,0.45,0.45,decrease_margin_after_safe_window
631,eMBB,0.0,0.0,0.0,17.0,0.9875379494178997,0.45,0.45,decrease_margin_after_safe_window
631,mMTC,0.0,0.0,0.0,191.0,0.29340421992691706,0.45,0.45,decrease_margin_after_safe_window
632,URLLC,0.0,0.0,1.0,143.0,0.20782781456043956,0.45,0.45,decrease_margin_after_safe_window
632,eMBB,0.0,0.0,1.0,21.0,0.986822691431781,0.45,0.45,decrease_margin_after_safe_window
632,mMTC,0.0,0.0,0.0,202.0,0.31423058607858534,0.45,0.45,decrease_margin_after_safe_window
633,URLLC,0.0,0.0,0.0,119.0,0.1744587864010989,0.45,0.45,decrease_margin_after_safe_window
633,eMBB,0.0,0.0,0.0,22.0,0.9875195347069746,0.45,0.45,decrease_margin_after_safe_window
633,mMTC,0.0,0.0,0.0,183.0,0.3065991046456071,0.45,0.45,decrease_margin_after_safe_window
634,URLLC,0.0,0.0,0.0,117.0,0.1660064065934066,0.45,0.45,decrease_margin_after_safe_window
634,eMBB,0.0,0.0,0.0,24.0,0.9872893627887578,0.45,0.45,decrease_margin_after_safe_window
634,mMTC,0.0,0.0,0.0,200.0,0.297353776451729,0.45,0.45,decrease_margin_after_safe_window
635,URLLC,0.0,0.0,1.0,135.0,0.2078898956043956,0.45,0.45,decrease_margin_after_safe_window
635,eMBB,0.0,0.0,1.0,26.0,0.9871268487061075,0.45,0.45,decrease_margin_after_safe_window
635,mMTC,0.0,0.0,0.0,183.0,0.32294179427753644,0.45,0.45,decrease_margin_after_safe_window
636,URLLC,0.0,0.0,0.0,120.0,0.18575857692307693,0.45,0.45,decrease_margin_after_safe_window
636,eMBB,0.0,0.0,0.0,20.0,0.9873845571233927,0.45,0.45,decrease_margin_after_safe_window
636,mMTC,0.0,0.0,0.0,187.0,0.2925337481871093,0.45,0.45,decrease_margin_after_safe_window
637,URLLC,0.0,0.0,0.0,137.0,0.2060074690934066,0.45,0.45,decrease_margin_after_safe_window
637,eMBB,0.0,0.0,0.0,15.0,0.9844718078923913,0.45,0.45,decrease_margin_after_safe_window
637,mMTC,0.0,0.0,0.0,194.0,0.2763841689155642,0.45,0.45,decrease_margin_after_safe_window
638,URLLC,1.0,0.0,1.0,127.0,0.20183011057692307,0.45,0.7,increase_margin_due_to_sla_pressure
638,eMBB,0.0,0.0,0.0,26.0,0.9887604125240392,0.45,0.45,decrease_margin_after_safe_window
638,mMTC,0.0,0.0,0.0,205.0,0.30309077694968856,0.45,0.45,decrease_margin_after_safe_window
639,URLLC,0.0,0.0,0.0,122.0,0.1746415336538462,0.7,0.6499999999999999,decrease_margin_after_safe_window
639,eMBB,0.0,0.0,0.0,20.0,0.9865320562219388,0.45,0.45,decrease_margin_after_safe_window
639,mMTC,0.0,0.0,0.0,184.0,0.328051060438869,0.45,0.45,decrease_margin_after_safe_window
640,URLLC,0.0,0.0,0.0,132.0,0.19840788873626378,0.6499999999999999,0.5999999999999999,decrease_margin_after_safe_window
640,eMBB,0.0,0.0,0.0,30.0,0.9908928805999212,0.45,0.45,decrease_margin_after_safe_window
640,mMTC,0.0,0.0,0.0,172.0,0.288288529841347,0.45,0.45,decrease_margin_after_safe_window
641,URLLC,0.0,0.0,0.0,129.0,0.19163792925824177,0.5999999999999999,0.5499999999999998,decrease_margin_after_safe_window
641,eMBB,0.0,0.0,0.0,14.0,0.9867538591732942,0.45,0.45,decrease_margin_after_safe_window
641,mMTC,0.0,0.0,0.0,184.0,0.2898411529159322,0.45,0.45,decrease_margin_after_safe_window
642,URLLC,0.0,0.0,0.0,120.0,0.1707068853021978,0.5499999999999998,0.49999999999999983,decrease_margin_after_safe_window
642,eMBB,0.0,0.0,0.0,20.0,0.9878182268692913,0.45,0.45,decrease_margin_after_safe_window
642,mMTC,0.0,0.0,0.0,209.0,0.32183154864832403,0.45,0.45,decrease_margin_after_safe_window
643,URLLC,0.0,0.0,1.0,125.0,0.19362257005494504,0.49999999999999983,0.45,decrease_margin_after_safe_window
643,eMBB,0.0,0.0,1.0,21.0,0.9887418495180571,0.45,0.45,decrease_margin_after_safe_window
643,mMTC,0.0,0.0,0.0,192.0,0.34370055328364296,0.45,0.45,decrease_margin_after_safe_window
644,URLLC,0.0,0.0,0.0,116.0,0.1764338701923077,0.45,0.45,decrease_margin_after_safe_window
644,eMBB,0.0,0.0,0.0,17.0,0.9873975983826344,0.45,0.45,decrease_margin_after_safe_window
644,mMTC,0.0,0.0,0.0,188.0,0.3024088363661844,0.45,0.45,decrease_margin_after_safe_window
645,URLLC,0.0,0.0,0.0,117.0,0.17460910851648354,0.45,0.45,decrease_margin_after_safe_window
645,eMBB,0.0,0.0,0.0,17.0,0.9861543092367115,0.45,0.45,decrease_margin_after_safe_window
645,mMTC,0.0,0.0,0.0,204.0,0.3035572621477912,0.45,0.45,decrease_margin_after_safe_window
646,URLLC,0.0,0.0,1.0,130.0,0.1940496978021978,0.45,0.45,decrease_margin_after_safe_window
646,eMBB,0.0,0.0,1.0,28.0,0.9887046307005353,0.45,0.45,decrease_margin_after_safe_window
646,mMTC,0.0,0.0,0.0,186.0,0.33597597779590765,0.45,0.45,decrease_margin_after_safe_window
647,URLLC,0.0,0.0,0.0,124.0,0.17971151442307695,0.45,0.45,decrease_margin_after_safe_window
647,eMBB,0.0,0.0,0.0,16.0,0.9862533273508942,0.45,0.45,decrease_margin_after_safe_window
647,mMTC,0.0,0.0,0.0,183.0,0.2936532515948406,0.45,0.45,decrease_margin_after_safe_window
648,URLLC,0.0,0.0,0.0,132.0,0.19037408722527474,0.45,0.45,decrease_margin_after_safe_window
648,eMBB,0.0,0.0,0.0,19.0,0.9901358887238706,0.45,0.45,decrease_margin_after_safe_window
648,mMTC,0.0,0.0,0.0,195.0,0.3061230624782364,0.45,0.45,decrease_margin_after_safe_window
649,URLLC,0.0,0.0,0.0,128.0,0.1893830425824176,0.45,0.45,decrease_margin_after_safe_window
649,eMBB,0.0,0.0,0.0,20.0,0.9877436499219318,0.45,0.45,decrease_margin_after_safe_window
649,mMTC,0.0,0.0,0.0,185.0,0.2991123580652243,0.45,0.45,decrease_margin_after_safe_window
650,URLLC,0.0,0.0,0.0,118.0,0.17080044093406593,0.45,0.45,decrease_margin_after_safe_window
650,eMBB,0.0,0.0,0.0,24.0,0.9869333525551044,0.45,0.45,decrease_margin_after_safe_window
650,mMTC,0.0,0.0,0.0,188.0,0.30954721609704855,0.45,0.45,decrease_margin_after_safe_window
651,URLLC,0.0,0.0,0.0,113.0,0.17689067925824178,0.45,0.45,decrease_margin_after_safe_window
651,eMBB,0.0,0.0,0.0,16.0,0.9911557118122245,0.45,0.45,decrease_margin_after_safe_window
651,mMTC,0.0,0.0,0.0,184.0,0.3124839335676523,0.45,0.45,decrease_margin_after_safe_window
652,URLLC,0.0,0.0,0.0,129.0,0.1847474532967033,0.45,0.45,decrease_margin_after_safe_window
652,eMBB,0.0,0.0,0.0,16.0,0.9872337748694999,0.45,0.45,decrease_margin_after_safe_window
652,mMTC,0.0,0.0,0.0,216.0,0.2941617491830678,0.45,0.45,decrease_margin_after_safe_window
653,URLLC,0.0,0.0,0.0,124.0,0.17280163736263737,0.45,0.45,decrease_margin_after_safe_window
653,eMBB,0.0,0.0,0.0,19.0,0.9849500263216004,0.45,0.45,decrease_margin_after_safe_window
653,mMTC,0.0,0.0,0.0,180.0,0.35728396543470853,0.45,0.45,decrease_margin_after_safe_window
654,URLLC,0.0,0.0,0.0,133.0,0.20926729532967034,0.45,0.45,decrease_margin_after_safe_window
654,eMBB,0.0,0.0,0.0,14.0,0.9888973191180499,0.45,0.45,decrease_margin_after_safe_window
654,mMTC,0.0,0.0,0.0,196.0,0.294987434708781,0.45,0.45,decrease_margin_after_safe_window
655,URLLC,0.0,0.0,1.0,133.0,0.21099096497252748,0.45,0.45,decrease_margin_after_safe_window
655,eMBB,0.0,0.0,1.0,17.0,0.989564393986169,0.45,0.45,decrease_margin_after_safe_window
655,mMTC,0.0,0.0,0.0,169.0,0.33875617746689574,0.45,0.45,decrease_margin_after_safe_window
656,URLLC,0.0,0.0,0.0,123.0,0.1746239120879121,0.45,0.45,decrease_margin_after_safe_window
656,eMBB,0.0,0.0,0.0,21.0,0.9881516071905375,0.45,0.45,decrease_margin_after_safe_window
656,mMTC,0.0,0.0,0.0,217.0,0.27768339397110325,0.45,0.45,decrease_margin_after_safe_window
657,URLLC,0.0,0.0,1.0,141.0,0.20551813804945057,0.45,0.45,decrease_margin_after_safe_window
657,eMBB,0.0,0.0,1.0,24.0,0.9891028455782116,0.45,0.45,decrease_margin_after_safe_window
657,mMTC,0.0,0.0,0.0,172.0,0.34826364273049154,0.45,0.45,decrease_margin_after_safe_window
658,URLLC,0.0,0.0,0.0,126.0,0.19706154326923078,0.45,0.45,decrease_margin_after_safe_window
658,eMBB,0.0,0.0,0.0,15.0,0.9857882697507971,0.45,0.45,decrease_margin_after_safe_window
658,mMTC,0.0,0.0,0.0,198.0,0.27955718599746143,0.45,0.45,decrease_margin_after_safe_window
659,URLLC,0.0,0.0,0.0,108.0,0.15883084890109894,0.45,0.45,decrease_margin_after_safe_window
659,eMBB,0.0,0.0,0.0,15.0,0.9884365081231348,0.45,0.45,decrease_margin_after_safe_window
659,mMTC,0.0,0.0,0.0,183.0,0.3086621670133266,0.45,0.45,decrease_margin_after_safe_window
660,URLLC,0.0,0.0,0.0,121.0,0.1682070837912088,0.45,0.45,decrease_margin_after_safe_window
660,eMBB,0.0,0.0,0.0,17.0,0.9873877974019128,0.45,0.45,decrease_margin_after_safe_window
660,mMTC,0.0,0.0,0.0,199.0,0.2940559462869735,0.45,0.45,decrease_margin_after_safe_window
661,URLLC,0.0,0.0,0.0,117.0,0.182879396978022,0.45,0.45,decrease_margin_after_safe_window
661,eMBB,0.0,0.0,0.0,30.0,0.9886206079209624,0.45,0.45,decrease_margin_after_safe_window
661,mMTC,0.0,0.0,0.0,171.0,0.32870098547254006,0.45,0.45,decrease_margin_after_safe_window
662,URLLC,0.0,0.0,0.0,123.0,0.18030694917582418,0.45,0.45,decrease_margin_after_safe_window
662,eMBB,0.0,0.0,0.0,17.0,0.9898430695558041,0.45,0.45,decrease_margin_after_safe_window
662,mMTC,0.0,0.0,0.0,192.0,0.29198527740746355,0.45,0.45,decrease_margin_after_safe_window
663,URLLC,0.0,0.0,0.0,135.0,0.20414788049450547,0.45,0.45,decrease_margin_after_safe_window
663,eMBB,0.0,0.0,0.0,20.0,0.9873845175605501,0.45,0.45,decrease_margin_after_safe_window
663,mMTC,0.0,0.0,0.0,200.0,0.2975318173781923,0.45,0.45,decrease_margin_after_safe_window
664,URLLC,0.0,0.0,0.0,125.0,0.18323358722527475,0.45,0.45,decrease_margin_after_safe_window
664,eMBB,0.0,0.0,0.0,19.0,0.9883403419755407,0.45,0.45,decrease_margin_after_safe_window
664,mMTC,0.0,0.0,0.0,182.0,0.3413875309633387,0.45,0.45,decrease_margin_after_safe_window
665,URLLC,0.0,0.0,0.0,123.0,0.17965187980769232,0.45,0.45,decrease_margin_after_safe_window
665,eMBB,0.0,0.0,0.0,17.0,0.9897035437270644,0.45,0.45,decrease_margin_after_safe_window
665,mMTC,0.0,0.0,0.0,198.0,0.3057838302668934,0.45,0.45,decrease_margin_after_safe_window
666,URLLC,0.0,0.0,0.0,133.0,0.19038063255494508,0.45,0.45,decrease_margin_after_safe_window
666,eMBB,0.0,0.0,0.0,9.0,0.9884023888468231,0.45,0.45,decrease_margin_after_safe_window
666,mMTC,0.0,0.0,0.0,196.0,0.31543355735447565,0.45,0.45,decrease_margin_after_safe_window
667,URLLC,0.0,0.0,1.0,146.0,0.21497510164835162,0.45,0.45,decrease_margin_after_safe_window
667,eMBB,0.0,0.0,1.0,19.0,0.9873695193817816,0.45,0.45,decrease_margin_after_safe_window
667,mMTC,0.0,0.0,0.0,170.0,0.3246655608100714,0.45,0.45,decrease_margin_after_safe_window
668,URLLC,0.0,0.0,0.0,118.0,0.17074771291208793,0.45,0.45,decrease_margin_after_safe_window
668,eMBB,0.0,0.0,0.0,18.0,0.9886461025741656,0.45,0.45,decrease_margin_after_safe_window
668,mMTC,0.0,0.0,0.0,195.0,0.2771112724476337,0.45,0.45,decrease_margin_after_safe_window
669,URLLC,0.0,0.0,0.0,131.0,0.20356470535714286,0.45,0.45,decrease_margin_after_safe_window
669,eMBB,0.0,0.0,0.0,14.0,0.9873979522478326,0.45,0.45,decrease_margin_after_safe_window
669,mMTC,0.0,0.0,0.0,209.0,0.31422781999795585,0.45,0.45,decrease_margin_after_safe_window
670,URLLC,0.0,0.0,0.0,122.0,0.1791482410714286,0.45,0.45,decrease_margin_after_safe_window
670,eMBB,0.0,0.0,0.0,18.0,0.9897962843520384,0.45,0.45,decrease_margin_after_safe_window
670,mMTC,0.0,0.0,0.0,170.0,0.32740638768916147,0.45,0.45,decrease_margin_after_safe_window
671,URLLC,0.0,0.0,0.0,119.0,0.18330063461538465,0.45,0.45,decrease_margin_after_safe_window
671,eMBB,0.0,0.0,0.0,19.0,0.9849436270143642,0.45,0.45,decrease_margin_after_safe_window
671,mMTC,0.0,0.0,0.0,178.0,0.2724792097427987,0.45,0.45,decrease_margin_after_safe_window
672,URLLC,0.0,0.0,1.0,114.0,0.17189073626373627,0.45,0.45,decrease_margin_after_safe_window
672,eMBB,0.0,0.0,0.0,26.0,0.9867031348995459,0.45,0.45,decrease_margin_after_safe_window
672,mMTC,0.0,0.0,0.0,187.0,0.2808094695523844,0.45,0.45,decrease_margin_after_safe_window
673,URLLC,0.0,0.0,0.0,127.0,0.1808033125,0.45,0.45,decrease_margin_after_safe_window
673,eMBB,0.0,0.0,0.0,22.0,0.9893813593512064,0.45,0.45,decrease_margin_after_safe_window
673,mMTC,0.0,0.0,0.0,195.0,0.2977433293596148,0.45,0.45,decrease_margin_after_safe_window
674,URLLC,0.0,0.0,0.0,109.0,0.1535189285714286,0.45,0.45,decrease_margin_after_safe_window
674,eMBB,0.0,0.0,0.0,28.0,0.9886718528647342,0.45,0.45,decrease_margin_after_safe_window
674,mMTC,0.0,0.0,0.0,205.0,0.30807755880315163,0.45,0.45,decrease_margin_after_safe_window
675,URLLC,0.0,0.0,0.0,125.0,0.18681195467032968,0.45,0.45,decrease_margin_after_safe_window
675,eMBB,0.0,0.0,0.0,15.0,0.9868417791149449,0.45,0.45,decrease_margin_after_safe_window
675,mMTC,0.0,0.0,0.0,186.0,0.3366725582004572,0.45,0.45,decrease_margin_after_safe_window
676,URLLC,0.0,0.0,0.0,131.0,0.19204245329670333,0.45,0.45,decrease_margin_after_safe_window
676,eMBB,0.0,0.0,0.0,21.0,0.9870613299541802,0.45,0.45,decrease_margin_after_safe_window
676,mMTC,0.0,0.0,0.0,196.0,0.2899113125915561,0.45,0.45,decrease_margin_after_safe_window
677,URLLC,0.0,0.0,1.0,139.0,0.21883282554945055,0.45,0.45,decrease_margin_after_safe_window
677,eMBB,0.0,0.0,1.0,18.0,0.9882050414111608,0.45,0.45,decrease_margin_after_safe_window
677,mMTC,0.0,0.0,0.0,200.0,0.32955278902443247,0.45,0.45,decrease_margin_after_safe_window
678,URLLC,0.0,0.0,0.0,121.0,0.1803708495879121,0.45,0.45,decrease_margin_after_safe_window
678,eMBB,0.0,0.0,0.0,13.0,0.9867181633348425,0.45,0.45,decrease_margin_after_safe_window
678,mMTC,0.0,0.0,0.0,191.0,0.3323635391877448,0.45,0.45,decrease_margin_after_safe_window
679,URLLC,0.0,0.0,0.0,124.0,0.1875092081043956,0.45,0.45,decrease_margin_after_safe_window
679,eMBB,0.0,0.0,0.0,23.0,0.9889293003020151,0.45,0.45,decrease_margin_after_safe_window
679,mMTC,0.0,0.0,0.0,201.0,0.3017090925404859,0.45,0.45,decrease_margin_after_safe_window
680,URLLC,0.0,0.0,1.0,134.0,0.20833720329670327,0.45,0.45,decrease_margin_after_safe_window
680,eMBB,0.0,0.0,1.0,17.0,0.9867760064802995,0.45,0.45,decrease_margin_after_safe_window
680,mMTC,0.0,0.0,0.0,190.0,0.3190593272205421,0.45,0.45,decrease_margin_after_safe_window
681,URLLC,0.0,0.0,0.0,137.0,0.2008352664835165,0.45,0.45,decrease_margin_after_safe_window
681,eMBB,0.0,0.0,0.0,19.0,0.9885805483641056,0.45,0.45,decrease_margin_after_safe_window
681,mMTC,0.0,0.0,0.0,201.0,0.31362629235929756,0.45,0.45,decrease_margin_after_safe_window
682,URLLC,0.0,0.0,0.0,124.0,0.1898470631868132,0.45,0.45,decrease_margin_after_safe_window
682,eMBB,0.0,0.0,0.0,21.0,0.9882784644794771,0.45,0.45,decrease_margin_after_safe_window
682,mMTC,0.0,0.0,0.0,205.0,0.31540449888635674,0.45,0.45,decrease_margin_after_safe_window
683,URLLC,0.0,0.0,0.0,124.0,0.18711362225274725,0.45,0.45,decrease_margin_after_safe_window
683,eMBB,0.0,0.0,0.0,16.0,0.9885165091264051,0.45,0.45,decrease_margin_after_safe_window
683,mMTC,0.0,0.0,0.0,188.0,0.32726054220204226,0.45,0.45,decrease_margin_after_safe_window
684,URLLC,0.0,0.0,0.0,119.0,0.16466504601648352,0.45,0.45,decrease_margin_after_safe_window
684,eMBB,0.0,0.0,0.0,20.0,0.988329294218811,0.45,0.45,decrease_margin_after_safe_window
684,mMTC,0.0,0.0,0.0,196.0,0.2870418986791349,0.45,0.45,decrease_margin_after_safe_window
685,URLLC,0.0,0.0,0.0,121.0,0.1883219423076923,0.45,0.45,decrease_margin_after_safe_window
685,eMBB,0.0,0.0,0.0,15.0,0.9882270443850867,0.45,0.45,decrease_margin_after_safe_window
685,mMTC,0.0,0.0,0.0,189.0,0.329540260006804,0.45,0.45,decrease_margin_after_safe_window
686,URLLC,0.0,0.0,0.0,125.0,0.18386907005494504,0.45,0.45,decrease_margin_after_safe_window
686,eMBB,0.0,0.0,0.0,11.0,0.9888841700920031,0.45,0.45,decrease_margin_after_safe_window
686,mMTC,0.0,0.0,0.0,194.0,0.3004105123023401,0.45,0.45,decrease_margin_after_safe_window
687,URLLC,0.0,0.0,0.0,132.0,0.1866184072802198,0.45,0.45,decrease_margin_after_safe_window
687,eMBB,0.0,0.0,0.0,17.0,0.9883428643253653,0.45,0.45,decrease_margin_after_safe_window
687,mMTC,0.0,0.0,0.0,189.0,0.3207290764932296,0.45,0.45,decrease_margin_after_safe_window
688,URLLC,0.0,0.0,0.0,145.0,0.21563701854395603,0.45,0.45,decrease_margin_after_safe_window
688,eMBB,0.0,0.0,0.0,18.0,0.9871934491352533,0.45,0.45,decrease_margin_after_safe_window
688,mMTC,0.0,0.0,0.0,155.0,0.28310105424181986,0.45,0.45,decrease_margin_after_safe_window
689,URLLC,0.0,0.0,0.0,123.0,0.1767440789835165,0.45,0.45,decrease_margin_after_safe_window
689,eMBB,0.0,0.0,0.0,22.0,0.9881126172531065,0.45,0.45,decrease_margin_after_safe_window
689,mMTC,0.0,0.0,0.0,222.0,0.25968611564272387,0.45,0.45,decrease_margin_after_safe_window
690,URLLC,0.0,0.0,1.0,144.0,0.2052120480769231,0.45,0.45,decrease_margin_after_safe_window
690,eMBB,0.0,0.0,1.0,19.0,0.9894791163705909,0.45,0.45,decrease_margin_after_safe_window
690,mMTC,0.0,0.0,0.0,193.0,0.35104310522458604,0.45,0.45,decrease_margin_after_safe_window
691,URLLC,0.0,0.0,0.0,129.0,0.20506501373626376,0.45,0.45,decrease_margin_after_safe_window
691,eMBB,0.0,0.0,0.0,18.0,0.987841817190785,0.45,0.45,decrease_margin_after_safe_window
691,mMTC,0.0,0.0,0.0,204.0,0.3156623564866757,0.45,0.45,decrease_margin_after_safe_window
692,URLLC,0.0,0.0,0.0,132.0,0.2023054107142857,0.45,0.45,decrease_margin_after_safe_window
692,eMBB,0.0,0.0,0.0,20.0,0.9886908432268395,0.45,0.45,decrease_margin_after_safe_window
692,mMTC,0.0,0.0,0.0,161.0,0.3042928886219821,0.45,0.45,decrease_margin_after_safe_window
693,URLLC,0.0,0.0,0.0,126.0,0.17480847664835167,0.45,0.45,decrease_margin_after_safe_window
693,eMBB,0.0,0.0,0.0,23.0,0.988521542009344,0.45,0.45,decrease_margin_after_safe_window
693,mMTC,0.0,0.0,0.0,209.0,0.24173566852012202,0.45,0.45,decrease_margin_after_safe_window
694,URLLC,0.0,0.0,1.0,141.0,0.21369292582417584,0.45,0.45,decrease_margin_after_safe_window
694,eMBB,0.0,0.0,1.0,27.0,0.9878833751587973,0.45,0.45,decrease_margin_after_safe_window
694,mMTC,0.0,0.0,0.0,203.0,0.32847352955902887,0.45,0.45,decrease_margin_after_safe_window
695,URLLC,0.0,0.0,0.0,109.0,0.1646390679945055,0.45,0.45,decrease_margin_after_safe_window
695,eMBB,0.0,0.0,0.0,25.0,0.9891531238578605,0.45,0.45,decrease_margin_after_safe_window
695,mMTC,0.0,0.0,0.0,191.0,0.3176951654858189,0.45,0.45,decrease_margin_after_safe_window
696,URLLC,0.0,0.0,0.0,128.0,0.18487681524725272,0.45,0.45,decrease_margin_after_safe_window
696,eMBB,0.0,0.0,0.0,22.0,0.985974640269767,0.45,0.45,decrease_margin_after_safe_window
696,mMTC,0.0,0.0,0.0,185.0,0.3188248640774214,0.45,0.45,decrease_margin_after_safe_window
697,URLLC,0.0,0.0,1.0,127.0,0.18527121016483514,0.45,0.45,decrease_margin_after_safe_window
697,eMBB,0.0,0.0,0.0,16.0,0.9881108448319134,0.45,0.45,decrease_margin_after_safe_window
697,mMTC,0.0,0.0,0.0,196.0,0.29894863804335087,0.45,0.45,decrease_margin_after_safe_window
698,URLLC,0.0,0.0,1.0,131.0,0.2105986291208791,0.45,0.45,decrease_margin_after_safe_window
698,eMBB,0.0,0.0,1.0,19.0,0.987870378986974,0.45,0.45,decrease_margin_after_safe_window
698,mMTC,0.0,0.0,0.0,186.0,0.32005919376616127,0.45,0.45,decrease_margin_after_safe_window
699,URLLC,0.0,0.0,0.0,113.0,0.16705272664835166,0.45,0.45,decrease_margin_after_safe_window
699,eMBB,0.0,0.0,0.0,12.0,0.9876670997941587,0.45,0.45,decrease_margin_after_safe_window
699,mMTC,0.0,0.0,0.0,191.0,0.3163081898745125,0.45,0.45,decrease_margin_after_safe_window
700,URLLC,0.0,0.0,0.0,130.0,0.1825763331043956,0.45,0.45,decrease_margin_after_safe_window
700,eMBB,0.0,0.0,0.0,13.0,0.9847038074844231,0.45,0.45,decrease_margin_after_safe_window
700,mMTC,0.0,0.0,0.0,188.0,0.29459955210895367,0.45,0.45,decrease_margin_after_safe_window
701,URLLC,1.0,0.0,1.0,129.0,0.19469616002747253,0.45,0.7,increase_margin_due_to_sla_pressure
701,eMBB,0.0,0.0,0.0,25.0,0.9877300798023783,0.45,0.45,decrease_margin_after_safe_window
701,mMTC,0.0,0.0,0.0,189.0,0.2968452894366233,0.45,0.45,decrease_margin_after_safe_window
702,URLLC,0.0,0.0,0.0,131.0,0.19318440934065936,0.7,0.6499999999999999,decrease_margin_after_safe_window
702,eMBB,0.0,0.0,0.0,21.0,0.989821562770038,0.45,0.45,decrease_margin_after_safe_window
702,mMTC,0.0,0.0,0.0,202.0,0.3224647091125124,0.45,0.45,decrease_margin_after_safe_window
703,URLLC,0.0,0.0,0.0,126.0,0.17170636744505496,0.6499999999999999,0.5999999999999999,decrease_margin_after_safe_window
703,eMBB,0.0,0.0,0.0,20.0,0.9883334704081727,0.45,0.45,decrease_margin_after_safe_window
703,mMTC,0.0,0.0,0.0,196.0,0.33252967034923187,0.45,0.45,decrease_margin_after_safe_window
704,URLLC,0.0,0.0,1.0,132.0,0.2048472465659341,0.5999999999999999,0.5499999999999998,decrease_margin_after_safe_window
704,eMBB,0.0,0.0,1.0,24.0,0.9891300239622856,0.45,0.45,decrease_margin_after_safe_window
704,mMTC,0.0,0.0,0.0,177.0,0.3216552236314051,0.45,0.45,decrease_margin_after_safe_window
705,URLLC,0.0,0.0,0.0,118.0,0.15956968063186813,0.5499999999999998,0.49999999999999983,decrease_margin_after_safe_window
705,eMBB,0.0,0.0,0.0,20.0,0.9863629103599162,0.45,0.45,decrease_margin_after_safe_window
705,mMTC,0.0,0.0,0.0,196.0,0.27288376785532953,0.45,0.45,decrease_margin_after_safe_window
706,URLLC,0.0,0.0,1.0,123.0,0.18506647596153844,0.49999999999999983,0.45,decrease_margin_after_safe_window
706,eMBB,0.0,0.0,1.0,22.0,0.9898936395151228,0.45,0.45,decrease_margin_after_safe_window
706,mMTC,0.0,0.0,0.0,201.0,0.3362975430808747,0.45,0.45,decrease_margin_after_safe_window
707,URLLC,0.0,0.0,1.0,129.0,0.19660997184065937,0.45,0.45,decrease_margin_after_safe_window
707,eMBB,0.0,0.0,1.0,19.0,0.988196099927363,0.45,0.45,decrease_margin_after_safe_window
707,mMTC,0.0,0.0,0.0,181.0,0.3370740061234053,0.45,0.45,decrease_margin_after_safe_window
708,URLLC,0.0,0.0,0.0,137.0,0.206676635989011,0.45,0.45,decrease_margin_after_safe_window
708,eMBB,0.0,0.0,0.0,20.0,0.9857208909496842,0.45,0.45,decrease_margin_after_safe_window
708,mMTC,0.0,0.0,0.0,188.0,0.2864175803979183,0.45,0.45,decrease_margin_after_safe_window
709,URLLC,0.0,0.0,1.0,136.0,0.21218939010989013,0.45,0.45,decrease_margin_after_safe_window
709,eMBB,0.0,0.0,1.0,13.0,0.9890961819528089,0.45,0.45,decrease_margin_after_safe_window
709,mMTC,0.0,0.0,0.0,196.0,0.3076155432703994,0.45,0.45,decrease_margin_after_safe_window
710,URLLC,0.0,0.0,0.0,123.0,0.19704108379120883,0.45,0.45,decrease_margin_after_safe_window
710,eMBB,0.0,0.0,0.0,26.0,0.9883003679796799,0.45,0.45,decrease_margin_after_safe_window
710,mMTC,0.0,0.0,0.0,204.0,0.3091420083564911,0.45,0.45,decrease_margin_after_safe_window
711,URLLC,0.0,0.0,0.0,117.0,0.18418331112637362,0.45,0.45,decrease_margin_after_safe_window
711,eMBB,0.0,0.0,0.0,22.0,0.9888250997939078,0.45,0.45,decrease_margin_after_safe_window
711,mMTC,0.0,0.0,0.0,164.0,0.32240937927681934,0.45,0.45,decrease_margin_after_safe_window
712,URLLC,0.0,0.0,0.0,131.0,0.18989349313186812,0.45,0.45,decrease_margin_after_safe_window
712,eMBB,0.0,0.0,0.0,18.0,0.9869567317557693,0.45,0.45,decrease_margin_after_safe_window
712,mMTC,0.0,0.0,0.0,211.0,0.2609175877907258,0.45,0.45,decrease_margin_after_safe_window
713,URLLC,0.0,0.0,1.0,133.0,0.20802171359890112,0.45,0.45,decrease_margin_after_safe_window
713,eMBB,0.0,0.0,1.0,16.0,0.9883597326858833,0.45,0.45,decrease_margin_after_safe_window
713,mMTC,0.0,0.0,0.0,179.0,0.34649632653043483,0.45,0.45,decrease_margin_after_safe_window
714,URLLC,0.0,0.0,0.0,127.0,0.1866714258241758,0.45,0.45,decrease_margin_after_safe_window
714,eMBB,0.0,0.0,0.0,16.0,0.9894666513070937,0.45,0.45,decrease_margin_after_safe_window
714,mMTC,0.0,0.0,0.0,195.0,0.29261521882690644,0.45,0.45,decrease_margin_after_safe_window
715,URLLC,0.0,0.0,0.0,126.0,0.18446046771978022,0.45,0.45,decrease_margin_after_safe_window
715,eMBB,0.0,0.0,0.0,18.0,0.9865149616201475,0.45,0.45,decrease_margin_after_safe_window
715,mMTC,0.0,0.0,0.0,178.0,0.3162236077760284,0.45,0.45,decrease_margin_after_safe_window
716,URLLC,0.0,0.0,0.0,124.0,0.18569056730769232,0.45,0.45,decrease_margin_after_safe_window
716,eMBB,0.0,0.0,0.0,19.0,0.9881381139957874,0.45,0.45,decrease_margin_after_safe_window
716,mMTC,0.0,0.0,0.0,183.0,0.2584565956064755,0.45,0.45,decrease_margin_after_safe_window
717,URLLC,0.0,0.0,0.0,125.0,0.18125756593406592,0.45,0.45,decrease_margin_after_safe_window
717,eMBB,0.0,0.0,0.0,19.0,0.9895434980937594,0.45,0.45,decrease_margin_after_safe_window
717,mMTC,0.0,0.0,0.0,194.0,0.30076632060221875,0.45,0.45,decrease_margin_after_safe_window
718,URLLC,0.0,0.0,0.0,117.0,0.16472498351648351,0.45,0.45,decrease_margin_after_safe_window
718,eMBB,0.0,0.0,0.0,15.0,0.987885937671024,0.45,0.45,decrease_margin_after_safe_window
718,mMTC,0.0,0.0,0.0,180.0,0.29169743174145984,0.45,0.45,decrease_margin_after_safe_window
719,URLLC,0.0,0.0,0.0,127.0,0.18317143681318684,0.45,0.45,decrease_margin_after_safe_window
719,eMBB,0.0,0.0,0.0,20.0,0.9885255125015108,0.45,0.45,decrease_margin_after_safe_window
719,mMTC,0.0,0.0,0.0,195.0,0.2891540091343341,0.45,0.45,decrease_margin_after_safe_window
720,URLLC,0.0,0.0,0.0,125.0,0.18447797596153848,0.45,0.45,decrease_margin_after_safe_window
720,eMBB,0.0,0.0,0.0,22.0,0.9893293443480856,0.45,0.45,decrease_margin_after_safe_window
720,mMTC,0.0,0.0,0.0,197.0,0.3194381833969683,0.45,0.45,decrease_margin_after_safe_window
721,URLLC,0.0,0.0,0.0,127.0,0.19127521016483517,0.45,0.45,decrease_margin_after_safe_window
721,eMBB,0.0,0.0,0.0,16.0,0.9873784529401488,0.45,0.45,decrease_margin_after_safe_window
721,mMTC,0.0,0.0,0.0,187.0,0.3147478389751524,0.45,0.45,decrease_margin_after_safe_window
722,URLLC,0.0,0.0,0.0,126.0,0.1927012190934066,0.45,0.45,decrease_margin_after_safe_window
722,eMBB,0.0,0.0,0.0,10.0,0.9874612972596337,0.45,0.45,decrease_margin_after_safe_window
722,mMTC,0.0,0.0,0.0,196.0,0.3142563543489777,0.45,0.45,decrease_margin_after_safe_window
723,URLLC,0.0,0.0,0.0,118.0,0.15696972252747252,0.45,0.45,decrease_margin_after_safe_window
723,eMBB,0.0,0.0,0.0,19.0,0.9892051315854768,0.45,0.45,decrease_margin_after_safe_window
723,mMTC,0.0,0.0,0.0,185.0,0.29882309973464716,0.45,0.45,decrease_margin_after_safe_window
724,URLLC,0.0,0.0,0.0,134.0,0.20696119093406598,0.45,0.45,decrease_margin_after_safe_window
724,eMBB,0.0,0.0,0.0,21.0,0.9894542100890631,0.45,0.45,decrease_margin_after_safe_window
724,mMTC,0.0,0.0,0.0,191.0,0.2856765853651754,0.45,0.45,decrease_margin_after_safe_window
725,URLLC,0.0,0.0,0.0,133.0,0.2014010006868132,0.45,0.45,decrease_margin_after_safe_window
725,eMBB,0.0,0.0,0.0,19.0,0.9872864052457497,0.45,0.45,decrease_margin_after_safe_window
725,mMTC,0.0,0.0,0.0,187.0,0.30103803909752586,0.45,0.45,decrease_margin_after_safe_window
726,URLLC,0.0,0.0,1.0,147.0,0.22519048969780223,0.45,0.45,decrease_margin_after_safe_window
726,eMBB,0.0,0.0,1.0,14.0,0.9888550455026038,0.45,0.45,decrease_margin_after_safe_window
726,mMTC,0.0,0.0,0.0,192.0,0.2960774761286696,0.45,0.45,decrease_margin_after_safe_window
727,URLLC,0.0,0.0,0.0,119.0,0.18564293543956048,0.45,0.45,decrease_margin_after_safe_window
727,eMBB,0.0,0.0,0.0,19.0,0.9855850382292025,0.45,0.45,decrease_margin_after_safe_window
727,mMTC,0.0,0.0,0.0,191.0,0.29736909608705064,0.45,0.45,decrease_margin_after_safe_window
728,URLLC,0.0,0.0,0.0,129.0,0.19272192513736264,0.45,0.45,decrease_margin_after_safe_window
728,eMBB,0.0,0.0,0.0,26.0,0.9862913266311214,0.45,0.45,decrease_margin_after_safe_window
728,mMTC,0.0,0.0,0.0,194.0,0.301835014533803,0.45,0.45,decrease_margin_after_safe_window
729,URLLC,0.0,0.0,1.0,128.0,0.20483268131868132,0.45,0.45,decrease_margin_after_safe_window
729,eMBB,0.0,0.0,1.0,29.0,0.9882388018985356,0.45,0.45,decrease_margin_after_safe_window
729,mMTC,0.0,0.0,0.0,211.0,0.33986009220689095,0.45,0.45,decrease_margin_after_safe_window
730,URLLC,0.0,0.0,0.0,124.0,0.1840744649725275,0.45,0.45,decrease_margin_after_safe_window
730,eMBB,0.0,0.0,0.0,16.0,0.9889484609725389,0.45,0.45,decrease_margin_after_safe_window
730,mMTC,0.0,0.0,0.0,183.0,0.34497724116032813,0.45,0.45,decrease_margin_after_safe_window
731,URLLC,0.0,0.0,0.0,130.0,0.19681098901098903,0.45,0.45,decrease_margin_after_safe_window
731,eMBB,0.0,0.0,0.0,14.0,0.9888251895463745,0.45,0.45,decrease_margin_after_safe_window
731,mMTC,0.0,0.0,0.0,200.0,0.2954353019226589,0.45,0.45,decrease_margin_after_safe_window
732,URLLC,0.0,0.0,0.0,123.0,0.18634302335164835,0.45,0.45,decrease_margin_after_safe_window
732,eMBB,0.0,0.0,0.0,17.0,0.9886623564823642,0.45,0.45,decrease_margin_after_safe_window
732,mMTC,0.0,0.0,0.0,189.0,0.33471560991814414,0.45,0.45,decrease_margin_after_safe_window
733,URLLC,0.0,0.0,0.0,128.0,0.19410698489010988,0.45,0.45,decrease_margin_after_safe_window
733,eMBB,0.0,0.0,0.0,17.0,0.9902999107308872,0.45,0.45,decrease_margin_after_safe_window
733,mMTC,0.0,0.0,0.0,224.0,0.2945754895751196,0.45,0.45,decrease_margin_after_safe_window
734,URLLC,0.0,0.0,0.0,113.0,0.1677833193681319,0.45,0.45,decrease_margin_after_safe_window
734,eMBB,0.0,0.0,0.0,18.0,0.9897291504824738,0.45,0.45,decrease_margin_after_safe_window
734,mMTC,0.0,0.0,0.0,175.0,0.3731053172082278,0.45,0.45,decrease_margin_after_safe_window
735,URLLC,0.0,0.0,0.0,140.0,0.2086607932692308,0.45,0.45,decrease_margin_after_safe_window
735,eMBB,0.0,0.0,0.0,18.0,0.987808117853941,0.45,0.45,decrease_margin_after_safe_window
735,mMTC,0.0,0.0,0.0,217.0,0.2700218794084432,0.45,0.45,decrease_margin_after_safe_window
736,URLLC,0.0,0.0,1.0,142.0,0.20974541071428573,0.45,0.45,decrease_margin_after_safe_window
736,eMBB,0.0,0.0,1.0,12.0,0.9898763362948604,0.45,0.45,decrease_margin_after_safe_window
736,mMTC,0.0,0.0,0.0,194.0,0.34364405387635416,0.45,0.45,decrease_margin_after_safe_window
737,URLLC,0.0,0.0,0.0,137.0,0.18821272390109892,0.45,0.45,decrease_margin_after_safe_window
737,eMBB,0.0,0.0,0.0,12.0,0.9868006899794192,0.45,0.45,decrease_margin_after_safe_window
737,mMTC,0.0,0.0,0.0,179.0,0.29586055024158886,0.45,0.45,decrease_margin_after_safe_window
738,URLLC,0.0,0.0,0.0,130.0,0.18108267445054946,0.45,0.45,decrease_margin_after_safe_window
738,eMBB,0.0,0.0,0.0,16.0,0.989136104932248,0.45,0.45,decrease_margin_after_safe_window
738,mMTC,0.0,0.0,0.0,194.0,0.30322924951904273,0.45,0.45,decrease_margin_after_safe_window
739,URLLC,0.0,0.0,0.0,124.0,0.1910287458791209,0.45,0.45,decrease_margin_after_safe_window
739,eMBB,0.0,0.0,0.0,14.0,0.9878870915544502,0.45,0.45,decrease_margin_after_safe_window
739,mMTC,0.0,0.0,0.0,190.0,0.29261145347703316,0.45,0.45,decrease_margin_after_safe_window
740,URLLC,0.0,0.0,0.0,125.0,0.1764496559065934,0.45,0.45,decrease_margin_after_safe_window
740,eMBB,0.0,0.0,0.0,24.0,0.9873297825329441,0.45,0.45,decrease_margin_after_safe_window
740,mMTC,0.0,0.0,0.0,192.0,0.29936628338755317,0.45,0.45,decrease_margin_after_safe_window
741,URLLC,0.0,0.0,0.0,134.0,0.1996804326923077,0.45,0.45,decrease_margin_after_safe_window
741,eMBB,0.0,0.0,0.0,17.0,0.9870514385242063,0.45,0.45,decrease_margin_after_safe_window
741,mMTC,0.0,0.0,0.0,203.0,0.3119837069718757,0.45,0.45,decrease_margin_after_safe_window
742,URLLC,0.0,0.0,0.0,116.0,0.16990931593406594,0.45,0.45,decrease_margin_after_safe_window
742,eMBB,0.0,0.0,0.0,23.0,0.9868127445133071,0.45,0.45,decrease_margin_after_safe_window
742,mMTC,0.0,0.0,0.0,167.0,0.31875573349825004,0.45,0.45,decrease_margin_after_safe_window
743,URLLC,0.0,0.0,1.0,151.0,0.22475718063186814,0.45,0.45,decrease_margin_after_safe_window
743,eMBB,0.0,0.0,1.0,31.0,0.9881633533045393,0.45,0.45,decrease_margin_after_safe_window
743,mMTC,0.0,0.0,0.0,216.0,0.28802794662032966,0.45,0.45,decrease_margin_after_safe_window
744,URLLC,0.0,0.0,1.0,141.0,0.20849576579670331,0.45,0.45,decrease_margin_after_safe_window
744,eMBB,0.0,0.0,1.0,16.0,0.9882731060482743,0.45,0.45,decrease_margin_after_safe_window
744,mMTC,0.0,0.0,0.0,181.0,0.35648128304696425,0.45,0.45,decrease_margin_after_safe_window
745,URLLC,0.0,0.0,0.0,135.0,0.1942428598901099,0.45,0.45,decrease_margin_after_safe_window
745,eMBB,0.0,0.0,0.0,18.0,0.9852268673834069,0.45,0.45,decrease_margin_after_safe_window
745,mMTC,0.0,0.0,0.0,201.0,0.3140813247760602,0.45,0.45,decrease_margin_after_safe_window
746,URLLC,0.0,0.0,1.0,145.0,0.22982914423076922,0.45,0.45,decrease_margin_after_safe_window
746,eMBB,0.0,0.0,1.0,29.0,0.9870856323723126,0.45,0.45,decrease_margin_after_safe_window
746,mMTC,0.0,0.0,0.0,190.0,0.3331914233905186,0.45,0.45,decrease_margin_after_safe_window
747,URLLC,0.0,0.0,0.0,130.0,0.19172657211538463,0.45,0.45,decrease_margin_after_safe_window
747,eMBB,0.0,0.0,0.0,25.0,0.9878693854844223,0.45,0.45,decrease_margin_after_safe_window
747,mMTC,0.0,0.0,0.0,189.0,0.31073162061715237,0.45,0.45,decrease_margin_after_safe_window
748,URLLC,0.0,0.0,0.0,113.0,0.16441335027472528,0.45,0.45,decrease_margin_after_safe_window
748,eMBB,0.0,0.0,0.0,20.0,0.9896404547883237,0.45,0.45,decrease_margin_after_safe_window
748,mMTC,0.0,0.0,0.0,192.0,0.3038715512301094,0.45,0.45,decrease_margin_after_safe_window
749,URLLC,0.0,0.0,0.0,126.0,0.1956456098901099,0.45,0.45,decrease_margin_after_safe_window
749,eMBB,0.0,0.0,0.0,22.0,0.9851902906137233,0.45,0.45,decrease_margin_after_safe_window
749,mMTC,0.0,0.0,0.0,200.0,0.3302019312055749,0.45,0.45,decrease_margin_after_safe_window
750,URLLC,0.0,0.0,1.0,130.0,0.1979310157967033,0.45,0.45,decrease_margin_after_safe_window
750,eMBB,0.0,0.0,1.0,15.0,0.987117379235429,0.45,0.45,decrease_margin_after_safe_window
750,mMTC,0.0,0.0,0.0,177.0,0.3571081668653565,0.45,0.45,decrease_margin_after_safe_window
751,URLLC,0.0,0.0,0.0,113.0,0.173156625,0.45,0.45,decrease_margin_after_safe_window
751,eMBB,0.0,0.0,0.0,22.0,0.9887282004289795,0.45,0.45,decrease_margin_after_safe_window
751,mMTC,0.0,0.0,0.0,182.0,0.2815433643440941,0.45,0.45,decrease_margin_after_safe_window
752,URLLC,0.0,0.0,0.0,129.0,0.1864621092032967,0.45,0.45,decrease_margin_after_safe_window
752,eMBB,0.0,0.0,0.0,20.0,0.985816304321627,0.45,0.45,decrease_margin_after_safe_window
752,mMTC,0.0,0.0,0.0,199.0,0.318531181746119,0.45,0.45,decrease_margin_after_safe_window
753,URLLC,0.0,0.0,1.0,141.0,0.20434741964285716,0.45,0.45,decrease_margin_after_safe_window
753,eMBB,0.0,0.0,1.0,18.0,0.9885382970173743,0.45,0.45,decrease_margin_after_safe_window
753,mMTC,0.0,0.0,0.0,188.0,0.3155659656518965,0.45,0.45,decrease_margin_after_safe_window
754,URLLC,0.0,0.0,1.0,141.0,0.22271972802197806,0.45,0.45,decrease_margin_after_safe_window
754,eMBB,0.0,0.0,1.0,17.0,0.9888580629484301,0.45,0.45,decrease_margin_after_safe_window
754,mMTC,0.0,0.0,0.0,184.0,0.3184633245166271,0.45,0.45,decrease_margin_after_safe_window
755,URLLC,0.0,0.0,0.0,123.0,0.17626566689560438,0.45,0.45,decrease_margin_after_safe_window
755,eMBB,0.0,0.0,0.0,17.0,0.9871461954307025,0.45,0.45,decrease_margin_after_safe_window
755,mMTC,0.0,0.0,0.0,187.0,0.2913550356465607,0.45,0.45,decrease_margin_after_safe_window
756,URLLC,0.0,0.0,2.0,142.0,0.2185321730769231,0.45,0.45,decrease_margin_after_safe_window
756,eMBB,0.0,0.0,1.0,27.0,0.9861679226807999,0.45,0.45,decrease_margin_after_safe_window
756,mMTC,0.0,0.0,0.0,203.0,0.3119529461305512,0.45,0.45,decrease_margin_after_safe_window
757,URLLC,0.0,0.0,0.0,114.0,0.1544083186813187,0.45,0.45,decrease_margin_after_safe_window
757,eMBB,0.0,0.0,0.0,19.0,0.9882041418972813,0.45,0.45,decrease_margin_after_safe_window
757,mMTC,0.0,0.0,0.0,181.0,0.3390088027382242,0.45,0.45,decrease_margin_after_safe_window
758,URLLC,0.0,0.0,0.0,129.0,0.1852023962912088,0.45,0.45,decrease_margin_after_safe_window
758,eMBB,0.0,0.0,0.0,20.0,0.9879474815268042,0.45,0.45,decrease_margin_after_safe_window
758,mMTC,0.0,0.0,0.0,193.0,0.30656232678955153,0.45,0.45,decrease_margin_after_safe_window
759,URLLC,0.0,0.0,0.0,131.0,0.20234037774725275,0.45,0.45,decrease_margin_after_safe_window
759,eMBB,0.0,0.0,0.0,22.0,0.9851205257252722,0.45,0.45,decrease_margin_after_safe_window
759,mMTC,0.0,0.0,0.0,197.0,0.29783431283295725,0.45,0.45,decrease_margin_after_safe_window
760,URLLC,0.0,0.0,0.0,125.0,0.19141593406593407,0.45,0.45,decrease_margin_after_safe_window
760,eMBB,0.0,0.0,0.0,18.0,0.9875464081361403,0.45,0.45,decrease_margin_after_safe_window
760,mMTC,0.0,0.0,0.0,177.0,0.3134989722682503,0.45,0.45,decrease_margin_after_safe_window
761,URLLC,0.0,0.0,0.0,142.0,0.20328263598901097,0.45,0.45,decrease_margin_after_safe_window
761,eMBB,0.0,0.0,0.0,21.0,0.9853526152292132,0.45,0.45,decrease_margin_after_safe_window
761,mMTC,0.0,0.0,0.0,192.0,0.29326299863356303,0.45,0.45,decrease_margin_after_safe_window
762,URLLC,0.0,0.0,0.0,122.0,0.1777654690934066,0.45,0.45,decrease_margin_after_safe_window
762,eMBB,0.0,0.0,0.0,24.0,0.9870683987182006,0.45,0.45,decrease_margin_after_safe_window
762,mMTC,0.0,0.0,0.0,187.0,0.33467646585379185,0.45,0.45,decrease_margin_after_safe_window
763,URLLC,0.0,0.0,0.0,129.0,0.1913192039835165,0.45,0.45,decrease_margin_after_safe_window
763,eMBB,0.0,0.0,0.0,21.0,0.9847733156394184,0.45,0.45,decrease_margin_after_safe_window
763,mMTC,0.0,0.0,0.0,194.0,0.320140708928531,0.45,0.45,decrease_margin_after_safe_window
764,URLLC,0.0,0.0,0.0,115.0,0.17253752747252746,0.45,0.45,decrease_margin_after_safe_window
764,eMBB,0.0,0.0,0.0,21.0,0.9833384668020481,0.45,0.45,decrease_margin_after_safe_window
764,mMTC,0.0,0.0,0.0,195.0,0.3174975284461589,0.45,0.45,decrease_margin_after_safe_window
765,URLLC,0.0,0.0,0.0,128.0,0.20385744986263737,0.45,0.45,decrease_margin_after_safe_window
765,eMBB,0.0,0.0,0.0,29.0,0.986783795275595,0.45,0.45,decrease_margin_after_safe_window
765,mMTC,0.0,0.0,0.0,183.0,0.3103416372120774,0.45,0.45,decrease_margin_after_safe_window
766,URLLC,0.0,0.0,0.0,115.0,0.16298855494505493,0.45,0.45,decrease_margin_after_safe_window
766,eMBB,0.0,0.0,0.0,28.0,0.9876479714667123,0.45,0.45,decrease_margin_after_safe_window
766,mMTC,0.0,0.0,0.0,194.0,0.27826319389570153,0.45,0.45,decrease_margin_after_safe_window
767,URLLC,0.0,0.0,1.0,134.0,0.19651369368131869,0.45,0.45,decrease_margin_after_safe_window
767,eMBB,0.0,0.0,1.0,24.0,0.9893763629097829,0.45,0.45,decrease_margin_after_safe_window
767,mMTC,0.0,0.0,0.0,180.0,0.31054880416198716,0.45,0.45,decrease_margin_after_safe_window
768,URLLC,0.0,0.0,0.0,120.0,0.18191859821428571,0.45,0.45,decrease_margin_after_safe_window
768,eMBB,0.0,0.0,0.0,13.0,0.9889345370974642,0.45,0.45,decrease_margin_after_safe_window
768,mMTC,0.0,0.0,0.0,190.0,0.2839097948207053,0.45,0.45,decrease_margin_after_safe_window
769,URLLC,0.0,0.0,1.0,132.0,0.2110139993131868,0.45,0.45,decrease_margin_after_safe_window
769,eMBB,0.0,0.0,1.0,19.0,0.98566474143511,0.45,0.45,decrease_margin_after_safe_window
769,mMTC,0.0,0.0,0.0,204.0,0.30583597882264096,0.45,0.45,decrease_margin_after_safe_window
770,URLLC,0.0,0.0,1.0,133.0,0.19784969162087915,0.45,0.45,decrease_margin_after_safe_window
770,eMBB,0.0,0.0,1.0,20.0,0.9889460361263331,0.45,0.45,decrease_margin_after_safe_window
770,mMTC,0.0,0.0,0.0,187.0,0.3161083479132086,0.45,0.45,decrease_margin_after_safe_window
771,URLLC,0.0,0.0,1.0,145.0,0.2179750837912088,0.45,0.45,decrease_margin_after_safe_window
771,eMBB,0.0,0.0,1.0,18.0,0.9880569035153643,0.45,0.45,decrease_margin_after_safe_window
771,mMTC,0.0,0.0,0.0,206.0,0.3079399613824802,0.45,0.45,decrease_margin_after_safe_window
772,URLLC,0.0,0.0,1.0,133.0,0.20275008859890112,0.45,0.45,decrease_margin_after_safe_window
772,eMBB,0.0,0.0,1.0,24.0,0.9897713540265655,0.45,0.45,decrease_margin_after_safe_window
772,mMTC,0.0,0.0,0.0,175.0,0.32474412729563323,0.45,0.45,decrease_margin_after_safe_window
773,URLLC,0.0,0.0,0.0,129.0,0.19534197321428573,0.45,0.45,decrease_margin_after_safe_window
773,eMBB,0.0,0.0,0.0,15.0,0.9871518429112374,0.45,0.45,decrease_margin_after_safe_window
773,mMTC,0.0,0.0,0.0,217.0,0.28419937065572437,0.45,0.45,decrease_margin_after_safe_window
774,URLLC,0.0,0.0,0.0,122.0,0.17741805151098902,0.45,0.45,decrease_margin_after_safe_window
774,eMBB,0.0,0.0,0.0,21.0,0.9879604205478312,0.45,0.45,decrease_margin_after_safe_window
774,mMTC,0.0,0.0,0.0,195.0,0.360262376748513,0.45,0.45,decrease_margin_after_safe_window
775,URLLC,0.0,0.0,0.0,124.0,0.19018570604395604,0.45,0.45,decrease_margin_after_safe_window
775,eMBB,0.0,0.0,0.0,21.0,0.9860036497428245,0.45,0.45,decrease_margin_after_safe_window
775,mMTC,0.0,0.0,0.0,184.0,0.3211499078001322,0.45,0.45,decrease_margin_after_safe_window
776,URLLC,1.0,0.0,1.0,128.0,0.1875703282967033,0.45,0.7,increase_margin_due_to_sla_pressure
776,eMBB,0.0,0.0,0.0,19.0,0.9856092777268318,0.45,0.45,decrease_margin_after_safe_window
776,mMTC,0.0,0.0,0.0,208.0,0.29667684364516084,0.45,0.45,decrease_margin_after_safe_window
777,URLLC,0.0,0.0,0.0,126.0,0.17371677472527475,0.7,0.6499999999999999,decrease_margin_after_safe_window
777,eMBB,0.0,0.0,0.0,26.0,0.9880248519020911,0.45,0.45,decrease_margin_after_safe_window
777,mMTC,0.0,0.0,0.0,209.0,0.3528047041839204,0.45,0.45,decrease_margin_after_safe_window
778,URLLC,0.0,0.0,1.0,124.0,0.19373796497252746,0.6499999999999999,0.5999999999999999,decrease_margin_after_safe_window
778,eMBB,0.0,0.0,1.0,25.0,0.9884818742053569,0.45,0.45,decrease_margin_after_safe_window
778,mMTC,0.0,0.0,0.0,190.0,0.335033187794914,0.45,0.45,decrease_margin_after_safe_window
779,URLLC,0.0,0.0,0.0,131.0,0.19203528983516488,0.5999999999999999,0.5499999999999998,decrease_margin_after_safe_window
779,eMBB,0.0,0.0,0.0,16.0,0.9886592961065931,0.45,0.45,decrease_margin_after_safe_window
779,mMTC,0.0,0.0,0.0,189.0,0.31286414662658574,0.45,0.45,decrease_margin_after_safe_window
780,URLLC,0.0,0.0,0.0,135.0,0.2017736394230769,0.5499999999999998,0.49999999999999983,decrease_margin_after_safe_window
780,eMBB,0.0,0.0,0.0,18.0,0.9904730341826554,0.45,0.45,decrease_margin_after_safe_window
780,mMTC,0.0,0.0,0.0,194.0,0.2845687112780351,0.45,0.45,decrease_margin_after_safe_window
781,URLLC,0.0,0.0,0.0,132.0,0.20757060920329673,0.49999999999999983,0.45,decrease_margin_after_safe_window
781,eMBB,0.0,0.0,0.0,21.0,0.9866955180085271,0.45,0.45,decrease_margin_after_safe_window
781,mMTC,0.0,0.0,0.0,196.0,0.31334879196530246,0.45,0.45,decrease_margin_after_safe_window
782,URLLC,0.0,0.0,0.0,117.0,0.17500460576923077,0.45,0.45,decrease_margin_after_safe_window
782,eMBB,0.0,0.0,0.0,16.0,0.9888394259855365,0.45,0.45,decrease_margin_after_safe_window
782,mMTC,0.0,0.0,0.0,200.0,0.31881779042318703,0.45,0.45,decrease_margin_after_safe_window
783,URLLC,0.0,0.0,0.0,116.0,0.1681335,0.45,0.45,decrease_margin_after_safe_window
783,eMBB,0.0,0.0,0.0,21.0,0.9877909308489069,0.45,0.45,decrease_margin_after_safe_window
783,mMTC,0.0,0.0,0.0,207.0,0.3129959731693211,0.45,0.45,decrease_margin_after_safe_window
784,URLLC,0.0,0.0,0.0,117.0,0.16691888873626376,0.45,0.45,decrease_margin_after_safe_window
784,eMBB,0.0,0.0,0.0,15.0,0.9873969550456652,0.45,0.45,decrease_margin_after_safe_window
784,mMTC,0.0,0.0,0.0,195.0,0.3413318259505846,0.45,0.45,decrease_margin_after_safe_window
785,URLLC,0.0,0.0,0.0,128.0,0.17510942994505493,0.45,0.45,decrease_margin_after_safe_window
785,eMBB,0.0,0.0,0.0,18.0,0.9894600915779775,0.45,0.45,decrease_margin_after_safe_window
785,mMTC,0.0,0.0,0.0,199.0,0.3157882840254689,0.45,0.45,decrease_margin_after_safe_window
786,URLLC,0.0,0.0,0.0,121.0,0.18095928983516485,0.45,0.45,decrease_margin_after_safe_window
786,eMBB,0.0,0.0,0.0,21.0,0.9875008667474284,0.45,0.45,decrease_margin_after_safe_window
786,mMTC,0.0,0.0,0.0,183.0,0.31016599477224277,0.45,0.45,decrease_margin_after_safe_window
787,URLLC,0.0,0.0,0.0,129.0,0.19571967307692306,0.45,0.45,decrease_margin_after_safe_window
787,eMBB,0.0,0.0,0.0,25.0,0.9890873186872721,0.45,0.45,decrease_margin_after_safe_window
787,mMTC,0.0,0.0,0.0,206.0,0.27235228945392637,0.45,0.45,decrease_margin_after_safe_window
788,URLLC,0.0,0.0,0.0,135.0,0.20209595947802197,0.45,0.45,decrease_margin_after_safe_window
788,eMBB,0.0,0.0,0.0,24.0,0.9866851010304626,0.45,0.45,decrease_margin_after_safe_window
788,mMTC,0.0,0.0,0.0,196.0,0.3261268943592257,0.45,0.45,decrease_margin_after_safe_window
789,URLLC,0.0,0.0,0.0,122.0,0.1722469635989011,0.45,0.45,decrease_margin_after_safe_window
789,eMBB,0.0,0.0,0.0,15.0,0.9884442120819099,0.45,0.45,decrease_margin_after_safe_window
789,mMTC,0.0,0.0,0.0,198.0,0.30870876007389175,0.45,0.45,decrease_margin_after_safe_window
790,URLLC,0.0,0.0,0.0,116.0,0.17545523008241756,0.45,0.45,decrease_margin_after_safe_window
790,eMBB,0.0,0.0,0.0,14.0,0.9889691010589914,0.45,0.45,decrease_margin_after_safe_window
790,mMTC,0.0,0.0,0.0,186.0,0.3270028186806631,0.45,0.45,decrease_margin_after_safe_window
791,URLLC,0.0,0.0,0.0,134.0,0.19676296978021976,0.45,0.45,decrease_margin_after_safe_window
791,eMBB,0.0,0.0,0.0,16.0,0.9865661951956319,0.45,0.45,decrease_margin_after_safe_window
791,mMTC,0.0,0.0,0.0,203.0,0.28842712521722275,0.45,0.45,decrease_margin_after_safe_window
792,URLLC,0.0,0.0,0.0,124.0,0.1904255789835165,0.45,0.45,decrease_margin_after_safe_window
792,eMBB,0.0,0.0,0.0,16.0,0.9853427456985883,0.45,0.45,decrease_margin_after_safe_window
792,mMTC,0.0,0.0,0.0,196.0,0.30605571912948737,0.45,0.45,decrease_margin_after_safe_window
793,URLLC,0.0,0.0,0.0,135.0,0.1902468070054945,0.45,0.45,decrease_margin_after_safe_window
793,eMBB,0.0,0.0,0.0,21.0,0.9838785591722792,0.45,0.45,decrease_margin_after_safe_window
793,mMTC,0.0,0.0,0.0,171.0,0.3252645438578039,0.45,0.45,decrease_margin_after_safe_window
794,URLLC,0.0,0.0,0.0,130.0,0.20240068475274728,0.45,0.45,decrease_margin_after_safe_window
794,eMBB,0.0,0.0,0.0,28.0,0.9889763428529088,0.45,0.45,decrease_margin_after_safe_window
794,mMTC,0.0,0.0,0.0,199.0,0.2682489537120788,0.45,0.45,decrease_margin_after_safe_window
795,URLLC,0.0,0.0,0.0,128.0,0.18754557417582415,0.45,0.45,decrease_margin_after_safe_window
795,eMBB,0.0,0.0,0.0,21.0,0.988600619148718,0.45,0.45,decrease_margin_after_safe_window
795,mMTC,0.0,0.0,0.0,186.0,0.34434011142368914,0.45,0.45,decrease_margin_after_safe_window
796,URLLC,0.0,0.0,0.0,130.0,0.20746016346153848,0.45,0.45,decrease_margin_after_safe_window
796,eMBB,0.0,0.0,0.0,19.0,0.986967730363755,0.45,0.45,decrease_margin_after_safe_window
796,mMTC,0.0,0.0,0.0,208.0,0.29801716947426143,0.45,0.45,decrease_margin_after_safe_window
797,URLLC,0.0,0.0,0.0,125.0,0.17108995329670326,0.45,0.45,decrease_margin_after_safe_window
797,eMBB,0.0,0.0,0.0,25.0,0.9878115336146325,0.45,0.45,decrease_margin_after_safe_window
797,mMTC,0.0,0.0,0.0,199.0,0.3479694957164889,0.45,0.45,decrease_margin_after_safe_window
798,URLLC,0.0,0.0,0.0,122.0,0.17768805425824177,0.45,0.45,decrease_margin_after_safe_window
798,eMBB,0.0,0.0,0.0,13.0,0.9874104223379035,0.45,0.45,decrease_margin_after_safe_window
798,mMTC,0.0,0.0,0.0,203.0,0.3352171599232102,0.45,0.45,decrease_margin_after_safe_window
799,URLLC,0.0,0.0,1.0,122.0,0.1955930364010989,0.45,0.45,decrease_margin_after_safe_window
799,eMBB,0.0,0.0,1.0,20.0,0.9890896548831173,0.45,0.45,decrease_margin_after_safe_window
799,mMTC,0.0,0.0,0.0,197.0,0.3318350985786424,0.45,0.45,decrease_margin_after_safe_window
800,URLLC,0.0,0.0,0.0,131.0,0.1829950418956044,0.45,0.45,decrease_margin_after_safe_window
800,eMBB,0.0,0.0,0.0,17.0,0.9881878105679831,0.45,0.45,decrease_margin_after_safe_window
800,mMTC,0.0,0.0,0.0,196.0,0.32345847685867074,0.45,0.45,decrease_margin_after_safe_window
801,URLLC,0.0,0.0,0.0,120.0,0.18020000686813184,0.45,0.45,decrease_margin_after_safe_window
801,eMBB,0.0,0.0,0.0,22.0,0.9890043859312694,0.45,0.45,decrease_margin_after_safe_window
801,mMTC,0.0,0.0,0.0,194.0,0.32087671081920427,0.45,0.45,decrease_margin_after_safe_window
802,URLLC,0.0,0.0,0.0,115.0,0.15773256662087912,0.45,0.45,decrease_margin_after_safe_window
802,eMBB,0.0,0.0,0.0,14.0,0.9868131404463387,0.45,0.45,decrease_margin_after_safe_window
802,mMTC,0.0,0.0,0.0,195.0,0.3103785208807839,0.45,0.45,decrease_margin_after_safe_window
803,URLLC,0.0,0.0,0.0,126.0,0.178832573489011,0.45,0.45,decrease_margin_after_safe_window
803,eMBB,0.0,0.0,0.0,25.0,0.9872821947484598,0.45,0.45,decrease_margin_after_safe_window
803,mMTC,0.0,0.0,0.0,199.0,0.30894526712751647,0.45,0.45,decrease_margin_after_safe_window
804,URLLC,0.0,0.0,0.0,127.0,0.19158200755494506,0.45,0.45,decrease_margin_after_safe_window
804,eMBB,0.0,0.0,0.0,20.0,0.9881683032502477,0.45,0.45,decrease_margin_after_safe_window
804,mMTC,0.0,0.0,0.0,181.0,0.32848176921902894,0.45,0.45,decrease_margin_after_safe_window
805,URLLC,0.0,0.0,0.0,125.0,0.18624713873626372,0.45,0.45,decrease_margin_after_safe_window
805,eMBB,0.0,0.0,0.0,20.0,0.9862916242458171,0.45,0.45,decrease_margin_after_safe_window
805,mMTC,0.0,0.0,0.0,171.0,0.2778129058644537,0.45,0.45,decrease_margin_after_safe_window
806,URLLC,0.0,0.0,0.0,125.0,0.1912459896978022,0.45,0.45,decrease_margin_after_safe_window
806,eMBB,0.0,0.0,0.0,23.0,0.9865589800670678,0.45,0.45,decrease_margin_after_safe_window
806,mMTC,0.0,0.0,0.0,189.0,0.2679195065846331,0.45,0.45,decrease_margin_after_safe_window
807,URLLC,0.0,0.0,1.0,126.0,0.19388089423076924,0.45,0.45,decrease_margin_after_safe_window
807,eMBB,0.0,0.0,1.0,27.0,0.9894087419045071,0.45,0.45,decrease_margin_after_safe_window
807,mMTC,0.0,0.0,0.0,213.0,0.3235413804067871,0.45,0.45,decrease_margin_after_safe_window
808,URLLC,0.0,0.0,1.0,139.0,0.2117227438186813,0.45,0.45,decrease_margin_after_safe_window
808,eMBB,0.0,0.0,1.0,19.0,0.9871476726001079,0.45,0.45,decrease_margin_after_safe_window
808,mMTC,0.0,0.0,0.0,159.0,0.3587741348498946,0.45,0.45,decrease_margin_after_safe_window
809,URLLC,0.0,0.0,0.0,129.0,0.19679049038461538,0.45,0.45,decrease_margin_after_safe_window
809,eMBB,0.0,0.0,0.0,17.0,0.9873044920697361,0.45,0.45,decrease_margin_after_safe_window
809,mMTC,0.0,0.0,0.0,194.0,0.2625317737063196,0.45,0.45,decrease_margin_after_safe_window
810,URLLC,0.0,0.0,1.0,130.0,0.20425627884615385,0.45,0.45,decrease_margin_after_safe_window
810,eMBB,0.0,0.0,1.0,27.0,0.9876652460694217,0.45,0.45,decrease_margin_after_safe_window
810,mMTC,0.0,0.0,0.0,181.0,0.3251127968576738,0.45,0.45,decrease_margin_after_safe_window
811,URLLC,0.0,0.0,0.0,131.0,0.2006415590659341,0.45,0.45,decrease_margin_after_safe_window
811,eMBB,0.0,0.0,0.0,19.0,0.9890999729441793,0.45,0.45,decrease_margin_after_safe_window
811,mMTC,0.0,0.0,0.0,188.0,0.2929141722344383,0.45,0.45,decrease_margin_after_safe_window
812,URLLC,0.0,0.0,0.0,121.0,0.1823763125,0.45,0.45,decrease_margin_after_safe_window
812,eMBB,0.0,0.0,0.0,23.0,0.9884499759699887,0.45,0.45,decrease_margin_after_safe_window
812,mMTC,0.0,0.0,0.0,186.0,0.3157737043982082,0.45,0.45,decrease_margin_after_safe_window
813,URLLC,0.0,0.0,0.0,117.0,0.16541016758241758,0.45,0.45,decrease_margin_after_safe_window
813,eMBB,0.0,0.0,0.0,20.0,0.9860109305161753,0.45,0.45,decrease_margin_after_safe_window
813,mMTC,0.0,0.0,0.0,195.0,0.31598845738565223,0.45,0.45,decrease_margin_after_safe_window
814,URLLC,0.0,0.0,1.0,128.0,0.19267469162087916,0.45,0.45,decrease_margin_after_safe_window
814,eMBB,0.0,0.0,1.0,25.0,0.989381464822191,0.45,0.45,decrease_margin_after_safe_window
814,mMTC,0.0,0.0,0.0,162.0,0.31890289816756495,0.45,0.45,decrease_margin_after_safe_window
815,URLLC,0.0,0.0,0.0,125.0,0.18438382967032968,0.45,0.45,decrease_margin_after_safe_window
815,eMBB,0.0,0.0,0.0,22.0,0.9854499778847777,0.45,0.45,decrease_margin_after_safe_window
815,mMTC,0.0,0.0,0.0,181.0,0.25627979724710687,0.45,0.45,decrease_margin_after_safe_window
816,URLLC,0.0,0.0,1.0,144.0,0.21479963804945057,0.45,0.45,decrease_margin_after_safe_window
816,eMBB,0.0,0.0,1.0,28.0,0.9876089488719488,0.45,0.45,decrease_margin_after_safe_window
816,mMTC,0.0,0.0,0.0,192.0,0.3005822034090522,0.45,0.45,decrease_margin_after_safe_window
817,URLLC,0.0,0.0,1.0,143.0,0.20820525343406593,0.45,0.45,decrease_margin_after_safe_window
817,eMBB,0.0,0.0,1.0,21.0,0.9882895718048254,0.45,0.45,decrease_margin_after_safe_window
817,mMTC,0.0,0.0,0.0,195.0,0.3207926041716875,0.45,0.45,decrease_margin_after_safe_window
818,URLLC,0.0,0.0,0.0,122.0,0.17545135027472528,0.45,0.45,decrease_margin_after_safe_window
818,eMBB,0.0,0.0,0.0,16.0,0.9879260921306884,0.45,0.45,decrease_margin_after_safe_window
818,mMTC,0.0,0.0,0.0,191.0,0.3088948021752848,0.45,0.45,decrease_margin_after_safe_window
819,URLLC,0.0,0.0,0.0,130.0,0.19631436126373628,0.45,0.45,decrease_margin_after_safe_window
819,eMBB,0.0,0.0,0.0,12.0,0.9862726201917561,0.45,0.45,decrease_margin_after_safe_window
819,mMTC,0.0,0.0,0.0,198.0,0.31429540413209284,0.45,0.45,decrease_margin_after_safe_window
820,URLLC,0.0,0.0,1.0,145.0,0.20673515453296704,0.45,0.45,decrease_margin_after_safe_window
820,eMBB,0.0,0.0,1.0,24.0,0.9860150741635494,0.45,0.45,decrease_margin_after_safe_window
820,mMTC,0.0,0.0,0.0,186.0,0.323098377802489,0.45,0.45,decrease_margin_after_safe_window
821,URLLC,0.0,0.0,0.0,121.0,0.17580425618131867,0.45,0.45,decrease_margin_after_safe_window
821,eMBB,0.0,0.0,0.0,17.0,0.9873709135033064,0.45,0.45,decrease_margin_after_safe_window
821,mMTC,0.0,0.0,0.0,197.0,0.28910591461968643,0.45,0.45,decrease_margin_after_safe_window
822,URLLC,0.0,0.0,0.0,131.0,0.2000316366758242,0.45,0.45,decrease_margin_after_safe_window
822,eMBB,0.0,0.0,0.0,22.0,0.9843720531279369,0.45,0.45,decrease_margin_after_safe_window
822,mMTC,0.0,0.0,0.0,200.0,0.3189171267109335,0.45,0.45,decrease_margin_after_safe_window
823,URLLC,0.0,0.0,1.0,136.0,0.20053320810439562,0.45,0.45,decrease_margin_after_safe_window
823,eMBB,0.0,0.0,1.0,20.0,0.9863760518503207,0.45,0.45,decrease_margin_after_safe_window
823,mMTC,0.0,0.0,0.0,202.0,0.3190032493409923,0.45,0.45,decrease_margin_after_safe_window
824,URLLC,0.0,0.0,0.0,128.0,0.18912700686813189,0.45,0.45,decrease_margin_after_safe_window
824,eMBB,0.0,0.0,0.0,25.0,0.9886427792314268,0.45,0.45,decrease_margin_after_safe_window
824,mMTC,0.0,0.0,0.0,197.0,0.3210102518042971,0.45,0.45,decrease_margin_after_safe_window
825,URLLC,0.0,0.0,0.0,128.0,0.18680591346153846,0.45,0.45,decrease_margin_after_safe_window
825,eMBB,0.0,0.0,0.0,24.0,0.986670388791237,0.45,0.45,decrease_margin_after_safe_window
825,mMTC,0.0,0.0,0.0,187.0,0.3144084353394073,0.45,0.45,decrease_margin_after_safe_window
826,URLLC,0.0,0.0,0.0,114.0,0.16650830769230768,0.45,0.45,decrease_margin_after_safe_window
826,eMBB,0.0,0.0,0.0,17.0,0.9877592544530283,0.45,0.45,decrease_margin_after_safe_window
826,mMTC,0.0,0.0,0.0,189.0,0.3018022532085211,0.45,0.45,decrease_margin_after_safe_window
827,URLLC,0.0,0.0,0.0,132.0,0.1946788193681319,0.45,0.45,decrease_margin_after_safe_window
827,eMBB,0.0,0.0,0.0,19.0,0.9892323302625713,0.45,0.45,decrease_margin_after_safe_window
827,mMTC,0.0,0.0,0.0,193.0,0.31735820432618195,0.45,0.45,decrease_margin_after_safe_window
828,URLLC,0.0,0.0,0.0,129.0,0.1949455274725275,0.45,0.45,decrease_margin_after_safe_window
828,eMBB,0.0,0.0,0.0,22.0,0.9896835647507969,0.45,0.45,decrease_margin_after_safe_window
828,mMTC,0.0,0.0,0.0,194.0,0.30907902947495886,0.45,0.45,decrease_margin_after_safe_window
829,URLLC,0.0,0.0,0.0,134.0,0.2004446668956044,0.45,0.45,decrease_margin_after_safe_window
829,eMBB,0.0,0.0,0.0,22.0,0.9888575556456208,0.45,0.45,decrease_margin_after_safe_window
829,mMTC,0.0,0.0,0.0,203.0,0.31089342809983306,0.45,0.45,decrease_margin_after_safe_window
830,URLLC,0.0,0.0,0.0,124.0,0.18547080013736264,0.45,0.45,decrease_margin_after_safe_window
830,eMBB,0.0,0.0,0.0,14.0,0.987916629035287,0.45,0.45,decrease_margin_after_safe_window
830,mMTC,0.0,0.0,0.0,193.0,0.30838486862590925,0.45,0.45,decrease_margin_after_safe_window
831,URLLC,0.0,0.0,0.0,124.0,0.1788445631868132,0.45,0.45,decrease_margin_after_safe_window
831,eMBB,0.0,0.0,0.0,18.0,0.9876941094893655,0.45,0.45,decrease_margin_after_safe_window
831,mMTC,0.0,0.0,0.0,195.0,0.31312181364749997,0.45,0.45,decrease_margin_after_safe_window
832,URLLC,0.0,0.0,0.0,119.0,0.1753449855769231,0.45,0.45,decrease_margin_after_safe_window
832,eMBB,0.0,0.0,0.0,19.0,0.9889541044265651,0.45,0.45,decrease_margin_after_safe_window
832,mMTC,0.0,0.0,0.0,197.0,0.29671587780231945,0.45,0.45,decrease_margin_after_safe_window
833,URLLC,0.0,0.0,0.0,129.0,0.1868289182692308,0.45,0.45,decrease_margin_after_safe_window
833,eMBB,0.0,0.0,0.0,21.0,0.9900914894274557,0.45,0.45,decrease_margin_after_safe_window
833,mMTC,0.0,0.0,0.0,182.0,0.32726318122555675,0.45,0.45,decrease_margin_after_safe_window
834,URLLC,0.0,0.0,0.0,127.0,0.19162064697802197,0.45,0.45,decrease_margin_after_safe_window
834,eMBB,0.0,0.0,0.0,16.0,0.9852313033095912,0.45,0.45,decrease_margin_after_safe_window
834,mMTC,0.0,0.0,0.0,182.0,0.2848132057100197,0.45,0.45,decrease_margin_after_safe_window
835,URLLC,0.0,0.0,0.0,132.0,0.18399307211538463,0.45,0.45,decrease_margin_after_safe_window
835,eMBB,0.0,0.0,0.0,17.0,0.9872880437966899,0.45,0.45,decrease_margin_after_safe_window
835,mMTC,0.0,0.0,0.0,186.0,0.2914864915800254,0.45,0.45,decrease_margin_after_safe_window
836,URLLC,0.0,0.0,0.0,122.0,0.18632172664835167,0.45,0.45,decrease_margin_after_safe_window
836,eMBB,0.0,0.0,0.0,25.0,0.9868978140381829,0.45,0.45,decrease_margin_after_safe_window
836,mMTC,0.0,0.0,0.0,196.0,0.2859336610772116,0.45,0.45,decrease_margin_after_safe_window
837,URLLC,0.0,0.0,0.0,117.0,0.17451848008241758,0.45,0.45,decrease_margin_after_safe_window
837,eMBB,0.0,0.0,0.0,16.0,0.9884183268059781,0.45,0.45,decrease_margin_after_safe_window
837,mMTC,0.0,0.0,0.0,182.0,0.3238515722943546,0.45,0.45,decrease_margin_after_safe_window
838,URLLC,0.0,0.0,0.0,136.0,0.21515573420329673,0.45,0.45,decrease_margin_after_safe_window
838,eMBB,0.0,0.0,0.0,24.0,0.9865860490634397,0.45,0.45,decrease_margin_after_safe_window
838,mMTC,0.0,0.0,0.0,205.0,0.2887156670550973,0.45,0.45,decrease_margin_after_safe_window
839,URLLC,0.0,0.0,1.0,138.0,0.1961915789835165,0.45,0.45,decrease_margin_after_safe_window
839,eMBB,0.0,0.0,1.0,24.0,0.9893077372689493,0.45,0.45,decrease_margin_after_safe_window
839,mMTC,0.0,0.0,0.0,196.0,0.3374696529977393,0.45,0.45,decrease_margin_after_safe_window
840,URLLC,0.0,0.0,1.0,127.0,0.18181961332417584,0.45,0.45,decrease_margin_after_safe_window
840,eMBB,0.0,0.0,1.0,21.0,0.9897593983085926,0.45,0.45,decrease_margin_after_safe_window
840,mMTC,0.0,0.0,0.0,171.0,0.3353093921779135,0.45,0.45,decrease_margin_after_safe_window
841,URLLC,0.0,0.0,0.0,131.0,0.18836790865384614,0.45,0.45,decrease_margin_after_safe_window
841,eMBB,0.0,0.0,0.0,17.0,0.9908612435304083,0.45,0.45,decrease_margin_after_safe_window
841,mMTC,0.0,0.0,0.0,203.0,0.2726402185532879,0.45,0.45,decrease_margin_after_safe_window
842,URLLC,0.0,0.0,0.0,116.0,0.1761782239010989,0.45,0.45,decrease_margin_after_safe_window
842,eMBB,0.0,0.0,0.0,21.0,0.9891994056683163,0.45,0.45,decrease_margin_after_safe_window
842,mMTC,0.0,0.0,0.0,190.0,0.31922895915182964,0.45,0.45,decrease_margin_after_safe_window
843,URLLC,0.0,0.0,0.0,125.0,0.18863051098901099,0.45,0.45,decrease_margin_after_safe_window
843,eMBB,0.0,0.0,0.0,15.0,0.9863060985684109,0.45,0.45,decrease_margin_after_safe_window
843,mMTC,0.0,0.0,0.0,187.0,0.2979169525275485,0.45,0.45,decrease_margin_after_safe_window
844,URLLC,0.0,0.0,1.0,143.0,0.23463087980769232,0.45,0.45,decrease_margin_after_safe_window
844,eMBB,0.0,0.0,1.0,14.0,0.988563859900153,0.45,0.45,decrease_margin_after_safe_window
844,mMTC,0.0,0.0,0.0,187.0,0.2981486403644457,0.45,0.45,decrease_margin_after_safe_window
845,URLLC,0.0,0.0,0.0,139.0,0.21547843406593412,0.45,0.45,decrease_margin_after_safe_window
845,eMBB,0.0,0.0,0.0,30.0,0.9884900786613823,0.45,0.45,decrease_margin_after_safe_window
845,mMTC,0.0,0.0,0.0,186.0,0.29491433561013103,0.45,0.45,decrease_margin_after_safe_window
846,URLLC,0.0,0.0,0.0,138.0,0.18836247458791208,0.45,0.45,decrease_margin_after_safe_window
846,eMBB,0.0,0.0,0.0,23.0,0.985118665539532,0.45,0.45,decrease_margin_after_safe_window
846,mMTC,0.0,0.0,0.0,195.0,0.3146989946449536,0.45,0.45,decrease_margin_after_safe_window
847,URLLC,0.0,0.0,1.0,145.0,0.20438729739010988,0.45,0.45,decrease_margin_after_safe_window
847,eMBB,0.0,0.0,1.0,19.0,0.9902022348008749,0.45,0.45,decrease_margin_after_safe_window
847,mMTC,0.0,0.0,0.0,184.0,0.3346551532870987,0.45,0.45,decrease_margin_after_safe_window
848,URLLC,0.0,0.0,1.0,132.0,0.20272631936813187,0.45,0.45,decrease_margin_after_safe_window
848,eMBB,0.0,0.0,1.0,13.0,0.9884465226279998,0.45,0.45,decrease_margin_after_safe_window
848,mMTC,0.0,0.0,0.0,204.0,0.3055590570861176,0.45,0.45,decrease_margin_after_safe_window
849,URLLC,0.0,0.0,1.0,143.0,0.21133976648351652,0.45,0.45,decrease_margin_after_safe_window
849,eMBB,0.0,0.0,1.0,14.0,0.9882415189310816,0.45,0.45,decrease_margin_after_safe_window
849,mMTC,0.0,0.0,0.0,203.0,0.3454397835618867,0.45,0.45,decrease_margin_after_safe_window
850,URLLC,0.0,0.0,0.0,118.0,0.19113324862637363,0.45,0.45,decrease_margin_after_safe_window
850,eMBB,0.0,0.0,0.0,23.0,0.9867241740610255,0.45,0.45,decrease_margin_after_safe_window
850,mMTC,0.0,0.0,0.0,183.0,0.3272165124456641,0.45,0.45,decrease_margin_after_safe_window
851,URLLC,0.0,0.0,0.0,122.0,0.18287524862637364,0.45,0.45,decrease_margin_after_safe_window
851,eMBB,0.0,0.0,0.0,15.0,0.9867870230275086,0.45,0.45,decrease_margin_after_safe_window
851,mMTC,0.0,0.0,0.0,180.0,0.27362808465873345,0.45,0.45,decrease_margin_after_safe_window
852,URLLC,0.0,0.0,0.0,134.0,0.21009649862637364,0.45,0.45,decrease_margin_after_safe_window
852,eMBB,0.0,0.0,0.0,31.0,0.9849026167661415,0.45,0.45,decrease_margin_after_safe_window
852,mMTC,0.0,0.0,0.0,191.0,0.29663151929846243,0.45,0.45,decrease_margin_after_safe_window
853,URLLC,0.0,0.0,0.0,125.0,0.18717942239010993,0.45,0.45,decrease_margin_after_safe_window
853,eMBB,0.0,0.0,0.0,11.0,0.985190253252982,0.45,0.45,decrease_margin_after_safe_window
853,mMTC,0.0,0.0,0.0,183.0,0.31876059678698915,0.45,0.45,decrease_margin_after_safe_window
854,URLLC,0.0,0.0,0.0,123.0,0.18311252953296703,0.45,0.45,decrease_margin_after_safe_window
854,eMBB,0.0,0.0,0.0,29.0,0.9897852273589063,0.45,0.45,decrease_margin_after_safe_window
854,mMTC,0.0,0.0,0.0,199.0,0.3004387620485964,0.45,0.45,decrease_margin_after_safe_window
855,URLLC,0.0,0.0,0.0,117.0,0.162091021978022,0.45,0.45,decrease_margin_after_safe_window
855,eMBB,0.0,0.0,0.0,22.0,0.988491543822084,0.45,0.45,decrease_margin_after_safe_window
855,mMTC,0.0,0.0,0.0,187.0,0.321637788980742,0.45,0.45,decrease_margin_after_safe_window
856,URLLC,0.0,0.0,0.0,129.0,0.189273625,0.45,0.45,decrease_margin_after_safe_window
856,eMBB,0.0,0.0,0.0,22.0,0.9859005096202532,0.45,0.45,decrease_margin_after_safe_window
856,mMTC,0.0,0.0,0.0,184.0,0.30490287928805376,0.45,0.45,decrease_margin_after_safe_window
857,URLLC,0.0,0.0,1.0,146.0,0.22888449587912088,0.45,0.45,decrease_margin_after_safe_window
857,eMBB,0.0,0.0,1.0,18.0,0.9839437794322713,0.45,0.45,decrease_margin_after_safe_window
857,mMTC,0.0,0.0,0.0,193.0,0.2976441919594844,0.45,0.45,decrease_margin_after_safe_window
858,URLLC,0.0,0.0,0.0,134.0,0.19886118406593406,0.45,0.45,decrease_margin_after_safe_window
858,eMBB,0.0,0.0,0.0,27.0,0.986771758162045,0.45,0.45,decrease_margin_after_safe_window
858,mMTC,0.0,0.0,0.0,181.0,0.3031015311251274,0.45,0.45,decrease_margin_after_safe_window
859,URLLC,0.0,0.0,0.0,127.0,0.19395281662087913,0.45,0.45,decrease_margin_after_safe_window
859,eMBB,0.0,0.0,0.0,18.0,0.9865223156345212,0.45,0.45,decrease_margin_after_safe_window
859,mMTC,0.0,0.0,0.0,194.0,0.3001388057348646,0.45,0.45,decrease_margin_after_safe_window
860,URLLC,0.0,0.0,0.0,138.0,0.19537098626373628,0.45,0.45,decrease_margin_after_safe_window
860,eMBB,0.0,0.0,0.0,25.0,0.9867214553870783,0.45,0.45,decrease_margin_after_safe_window
860,mMTC,0.0,0.0,0.0,197.0,0.3050575181993579,0.45,0.45,decrease_margin_after_safe_window
861,URLLC,0.0,0.0,0.0,133.0,0.18588308585164834,0.45,0.45,decrease_margin_after_safe_window
861,eMBB,0.0,0.0,0.0,24.0,0.9894849083472427,0.45,0.45,decrease_margin_after_safe_window
861,mMTC,0.0,0.0,0.0,162.0,0.3177591538397704,0.45,0.45,decrease_margin_after_safe_window
862,URLLC,0.0,0.0,0.0,148.0,0.2120271833791209,0.45,0.45,decrease_margin_after_safe_window
862,eMBB,0.0,0.0,0.0,18.0,0.9865288756653424,0.45,0.45,decrease_margin_after_safe_window
862,mMTC,0.0,0.0,0.0,189.0,0.2588589430855407,0.45,0.45,decrease_margin_after_safe_window
863,URLLC,0.0,0.0,0.0,125.0,0.18630536881868132,0.45,0.45,decrease_margin_after_safe_window
863,eMBB,0.0,0.0,0.0,13.0,0.9879826429278128,0.45,0.45,decrease_margin_after_safe_window
863,mMTC,0.0,0.0,0.0,198.0,0.32432350712661734,0.45,0.45,decrease_margin_after_safe_window
864,URLLC,0.0,0.0,1.0,146.0,0.20226929601648352,0.45,0.45,decrease_margin_after_safe_window
864,eMBB,0.0,0.0,1.0,23.0,0.9885817583294649,0.45,0.45,decrease_margin_after_safe_window
864,mMTC,0.0,0.0,0.0,196.0,0.33296242700854056,0.45,0.45,decrease_margin_after_safe_window
865,URLLC,0.0,0.0,1.0,129.0,0.1969502184065934,0.45,0.45,decrease_margin_after_safe_window
865,eMBB,0.0,0.0,1.0,18.0,0.9889891125670643,0.45,0.45,decrease_margin_after_safe_window
865,mMTC,0.0,0.0,0.0,185.0,0.331497651685069,0.45,0.45,decrease_margin_after_safe_window
866,URLLC,0.0,0.0,0.0,122.0,0.19622286126373625,0.45,0.45,decrease_margin_after_safe_window
866,eMBB,0.0,0.0,0.0,14.0,0.9904753126068517,0.45,0.45,decrease_margin_after_safe_window
866,mMTC,0.0,0.0,0.0,197.0,0.30284155376687244,0.45,0.45,decrease_margin_after_safe_window
867,URLLC,0.0,0.0,0.0,114.0,0.16420699862637364,0.45,0.45,decrease_margin_after_safe_window
867,eMBB,0.0,0.0,0.0,16.0,0.9874723705032217,0.45,0.45,decrease_margin_after_safe_window
867,mMTC,0.0,0.0,0.0,198.0,0.3450684221452204,0.45,0.45,decrease_margin_after_safe_window
868,URLLC,0.0,0.0,0.0,129.0,0.18257394093406595,0.45,0.45,decrease_margin_after_safe_window
868,eMBB,0.0,0.0,0.0,22.0,0.9865436560501956,0.45,0.45,decrease_margin_after_safe_window
868,mMTC,0.0,0.0,0.0,188.0,0.30915875733351644,0.45,0.45,decrease_margin_after_safe_window
869,URLLC,0.0,0.0,0.0,133.0,0.20151119024725275,0.45,0.45,decrease_margin_after_safe_window
869,eMBB,0.0,0.0,0.0,19.0,0.9880759761915311,0.45,0.45,decrease_margin_after_safe_window
869,mMTC,0.0,0.0,0.0,194.0,0.3117944799698843,0.45,0.45,decrease_margin_after_safe_window
870,URLLC,0.0,0.0,0.0,133.0,0.19478869093406595,0.45,0.45,decrease_margin_after_safe_window
870,eMBB,0.0,0.0,0.0,14.0,0.9900505176197619,0.45,0.45,decrease_margin_after_safe_window
870,mMTC,0.0,0.0,0.0,191.0,0.32647928810706217,0.45,0.45,decrease_margin_after_safe_window
871,URLLC,0.0,0.0,0.0,124.0,0.1773841504120879,0.45,0.45,decrease_margin_after_safe_window
871,eMBB,0.0,0.0,0.0,7.0,0.9876625388423209,0.45,0.45,decrease_margin_after_safe_window
871,mMTC,0.0,0.0,0.0,183.0,0.29920037147604134,0.45,0.45,decrease_margin_after_safe_window
872,URLLC,0.0,0.0,0.0,137.0,0.20399758241758242,0.45,0.45,decrease_margin_after_safe_window
872,eMBB,0.0,0.0,0.0,21.0,0.987352826482659,0.45,0.45,decrease_margin_after_safe_window
872,mMTC,0.0,0.0,0.0,201.0,0.300098449944276,0.45,0.45,decrease_margin_after_safe_window
873,URLLC,0.0,0.0,0.0,120.0,0.1830309120879121,0.45,0.45,decrease_margin_after_safe_window
873,eMBB,0.0,0.0,0.0,19.0,0.986691841210985,0.45,0.45,decrease_margin_after_safe_window
873,mMTC,0.0,0.0,0.0,204.0,0.31437007956259466,0.45,0.45,decrease_margin_after_safe_window
874,URLLC,0.0,0.0,0.0,132.0,0.19425916346153846,0.45,0.45,decrease_margin_after_safe_window
874,eMBB,0.0,0.0,0.0,19.0,0.9867079152814495,0.45,0.45,decrease_margin_after_safe_window
874,mMTC,0.0,0.0,0.0,182.0,0.3439441845486043,0.45,0.45,decrease_margin_after_safe_window
875,URLLC,0.0,0.0,0.0,121.0,0.17291162706043958,0.45,0.45,decrease_margin_after_safe_window
875,eMBB,0.0,0.0,0.0,19.0,0.9871103546117802,0.45,0.45,decrease_margin_after_safe_window
875,mMTC,0.0,0.0,0.0,197.0,0.2965317148589543,0.45,0.45,decrease_margin_after_safe_window
876,URLLC,0.0,0.0,0.0,127.0,0.18044883104395606,0.45,0.45,decrease_margin_after_safe_window
876,eMBB,0.0,0.0,0.0,17.0,0.9859542504650195,0.45,0.45,decrease_margin_after_safe_window
876,mMTC,0.0,0.0,0.0,176.0,0.3317435570881568,0.45,0.45,decrease_margin_after_safe_window
877,URLLC,0.0,0.0,0.0,143.0,0.2068647657967033,0.45,0.45,decrease_margin_after_safe_window
877,eMBB,0.0,0.0,0.0,25.0,0.98777523970723,0.45,0.45,decrease_margin_after_safe_window
877,mMTC,0.0,0.0,0.0,197.0,0.27993209535969615,0.45,0.45,decrease_margin_after_safe_window
878,URLLC,0.0,0.0,0.0,133.0,0.1831351978021978,0.45,0.45,decrease_margin_after_safe_window
878,eMBB,0.0,0.0,0.0,15.0,0.9868416838753639,0.45,0.45,decrease_margin_after_safe_window
878,mMTC,0.0,0.0,0.0,200.0,0.3070316354240702,0.45,0.45,decrease_margin_after_safe_window
879,URLLC,0.0,0.0,0.0,125.0,0.17361297596153843,0.45,0.45,decrease_margin_after_safe_window
879,eMBB,0.0,0.0,0.0,21.0,0.9876285910978222,0.45,0.45,decrease_margin_after_safe_window
879,mMTC,0.0,0.0,0.0,191.0,0.33484845377485367,0.45,0.45,decrease_margin_after_safe_window
880,URLLC,0.0,0.0,0.0,128.0,0.18757710989010987,0.45,0.45,decrease_margin_after_safe_window
880,eMBB,0.0,0.0,0.0,28.0,0.9883523793533888,0.45,0.45,decrease_margin_after_safe_window
880,mMTC,0.0,0.0,0.0,202.0,0.3162585711161769,0.45,0.45,decrease_margin_after_safe_window
881,URLLC,0.0,0.0,0.0,117.0,0.185227489010989,0.45,0.45,decrease_margin_after_safe_window
881,eMBB,0.0,0.0,0.0,21.0,0.9883991201956986,0.45,0.45,decrease_margin_after_safe_window
881,mMTC,0.0,0.0,0.0,184.0,0.3136141880510395,0.45,0.45,decrease_margin_after_safe_window
882,URLLC,0.0,0.0,0.0,127.0,0.17535391002747253,0.45,0.45,decrease_margin_after_safe_window
882,eMBB,0.0,0.0,0.0,18.0,0.9867599717842849,0.45,0.45,decrease_margin_after_safe_window
882,mMTC,0.0,0.0,0.0,182.0,0.3053802721336544,0.45,0.45,decrease_margin_after_safe_window
883,URLLC,0.0,0.0,0.0,118.0,0.16559065109890111,0.45,0.45,decrease_margin_after_safe_window
883,eMBB,0.0,0.0,0.0,19.0,0.9908180843792076,0.45,0.45,decrease_margin_after_safe_window
883,mMTC,0.0,0.0,0.0,212.0,0.3086124636505288,0.45,0.45,decrease_margin_after_safe_window
884,URLLC,0.0,0.0,1.0,125.0,0.19188745192307693,0.45,0.45,decrease_margin_after_safe_window
884,eMBB,0.0,0.0,1.0,14.0,0.9892459750067412,0.45,0.45,decrease_margin_after_safe_window
884,mMTC,0.0,0.0,0.0,186.0,0.33890356969378993,0.45,0.45,decrease_margin_after_safe_window
885,URLLC,0.0,0.0,0.0,131.0,0.1901313282967033,0.45,0.45,decrease_margin_after_safe_window
885,eMBB,0.0,0.0,0.0,22.0,0.9881216722735734,0.45,0.45,decrease_margin_after_safe_window
885,mMTC,0.0,0.0,0.0,193.0,0.3029674396661126,0.45,0.45,decrease_margin_after_safe_window
886,URLLC,0.0,0.0,1.0,144.0,0.21853894642857144,0.45,0.45,decrease_margin_after_safe_window
886,eMBB,0.0,0.0,1.0,12.0,0.98824550540387,0.45,0.45,decrease_margin_after_safe_window
886,mMTC,0.0,0.0,0.0,193.0,0.3134225891852255,0.45,0.45,decrease_margin_after_safe_window
887,URLLC,0.0,0.0,1.0,141.0,0.20906814285714284,0.45,0.45,decrease_margin_after_safe_window
887,eMBB,0.0,0.0,1.0,12.0,0.987921673459493,0.45,0.45,decrease_margin_after_safe_window
887,mMTC,0.0,0.0,0.0,200.0,0.32184595184629355,0.45,0.45,decrease_margin_after_safe_window
888,URLLC,0.0,0.0,0.0,125.0,0.1929572754120879,0.45,0.45,decrease_margin_after_safe_window
888,eMBB,0.0,0.0,0.0,21.0,0.9863850667872638,0.45,0.45,decrease_margin_after_safe_window
888,mMTC,0.0,0.0,0.0,187.0,0.32694510942412974,0.45,0.45,decrease_margin_after_safe_window
889,URLLC,0.0,0.0,0.0,125.0,0.1899767493131868,0.45,0.45,decrease_margin_after_safe_window
889,eMBB,0.0,0.0,0.0,18.0,0.9858497323403838,0.45,0.45,decrease_margin_after_safe_window
889,mMTC,0.0,0.0,0.0,198.0,0.30505359330529735,0.45,0.45,decrease_margin_after_safe_window
890,URLLC,0.0,0.0,0.0,127.0,0.18596023282967034,0.45,0.45,decrease_margin_after_safe_window
890,eMBB,0.0,0.0,0.0,19.0,0.9887267568930662,0.45,0.45,decrease_margin_after_safe_window
890,mMTC,0.0,0.0,0.0,196.0,0.31481657453558937,0.45,0.45,decrease_margin_after_safe_window
891,URLLC,0.0,0.0,0.0,129.0,0.1920083447802198,0.45,0.45,decrease_margin_after_safe_window
891,eMBB,0.0,0.0,0.0,20.0,0.9881810127471145,0.45,0.45,decrease_margin_after_safe_window
891,mMTC,0.0,0.0,0.0,181.0,0.3023761869847074,0.45,0.45,decrease_margin_after_safe_window
892,URLLC,0.0,0.0,0.0,146.0,0.21564321840659342,0.45,0.45,decrease_margin_after_safe_window
892,eMBB,0.0,0.0,0.0,21.0,0.9876984227228515,0.45,0.45,decrease_margin_after_safe_window
892,mMTC,0.0,0.0,0.0,175.0,0.28948594426152063,0.45,0.45,decrease_margin_after_safe_window
893,URLLC,0.0,0.0,0.0,135.0,0.20827451991758242,0.45,0.45,decrease_margin_after_safe_window
893,eMBB,0.0,0.0,0.0,16.0,0.9874104511428297,0.45,0.45,decrease_margin_after_safe_window
893,mMTC,0.0,0.0,0.0,196.0,0.2803045309704836,0.45,0.45,decrease_margin_after_safe_window
894,URLLC,0.0,0.0,1.0,139.0,0.21256774793956043,0.45,0.45,decrease_margin_after_safe_window
894,eMBB,0.0,0.0,1.0,19.0,0.9883560097375729,0.45,0.45,decrease_margin_after_safe_window
894,mMTC,0.0,0.0,0.0,179.0,0.33074588166749935,0.45,0.45,decrease_margin_after_safe_window
895,URLLC,0.0,0.0,0.0,137.0,0.19622678159340662,0.45,0.45,decrease_margin_after_safe_window
895,eMBB,0.0,0.0,0.0,17.0,0.9858311694988088,0.45,0.45,decrease_margin_after_safe_window
895,mMTC,0.0,0.0,0.0,188.0,0.27405081983183643,0.45,0.45,decrease_margin_after_safe_window
896,URLLC,0.0,0.0,0.0,117.0,0.1813297342032967,0.45,0.45,decrease_margin_after_safe_window
896,eMBB,0.0,0.0,0.0,30.0,0.989367165999609,0.45,0.45,decrease_margin_after_safe_window
896,mMTC,0.0,0.0,0.0,186.0,0.29712496170601754,0.45,0.45,decrease_margin_after_safe_window
897,URLLC,0.0,0.0,1.0,140.0,0.22149092307692306,0.45,0.45,decrease_margin_after_safe_window
897,eMBB,0.0,0.0,1.0,18.0,0.9873946949397546,0.45,0.45,decrease_margin_after_safe_window
897,mMTC,0.0,0.0,0.0,200.0,0.32322493726314294,0.45,0.45,decrease_margin_after_safe_window
898,URLLC,0.0,0.0,0.0,119.0,0.1721664429945055,0.45,0.45,decrease_margin_after_safe_window
898,eMBB,0.0,0.0,0.0,24.0,0.985443442273528,0.45,0.45,decrease_margin_after_safe_window
898,mMTC,0.0,0.0,0.0,205.0,0.3389241925052046,0.45,0.45,decrease_margin_after_safe_window
899,URLLC,0.0,0.0,1.0,134.0,0.20561114423076923,0.45,0.45,decrease_margin_after_safe_window
899,eMBB,0.0,0.0,1.0,17.0,0.9890270269345285,0.45,0.45,decrease_margin_after_safe_window
899,mMTC,0.0,0.0,0.0,176.0,0.31965404876498266,0.45,0.45,decrease_margin_after_safe_window
900,URLLC,0.0,0.0,0.0,128.0,0.18980457692307692,0.45,0.45,decrease_margin_after_safe_window
900,eMBB,0.0,0.0,0.0,16.0,0.9862562738224431,0.45,0.45,decrease_margin_after_safe_window
900,mMTC,0.0,0.0,0.0,188.0,0.30381704237382945,0.45,0.45,decrease_margin_after_safe_window
901,URLLC,0.0,0.0,0.0,127.0,0.17888304052197804,0.45,0.45,decrease_margin_after_safe_window
901,eMBB,0.0,0.0,0.0,22.0,0.9855391253342937,0.45,0.45,decrease_margin_after_safe_window
901,mMTC,0.0,0.0,0.0,197.0,0.29188494047749625,0.45,0.45,decrease_margin_after_safe_window
902,URLLC,0.0,0.0,0.0,127.0,0.19057098214285714,0.45,0.45,decrease_margin_after_safe_window
902,eMBB,0.0,0.0,0.0,19.0,0.9865447192221818,0.45,0.45,decrease_margin_after_safe_window
902,mMTC,0.0,0.0,0.0,200.0,0.317656762596583,0.45,0.45,decrease_margin_after_safe_window
903,URLLC,0.0,0.0,0.0,114.0,0.15704578434065936,0.45,0.45,decrease_margin_after_safe_window
903,eMBB,0.0,0.0,0.0,19.0,0.9853133962646341,0.45,0.45,decrease_margin_after_safe_window
903,mMTC,0.0,0.0,0.0,187.0,0.3277583502203668,0.45,0.45,decrease_margin_after_safe_window
904,URLLC,0.0,0.0,0.0,123.0,0.18640356112637366,0.45,0.45,decrease_margin_after_safe_window
904,eMBB,0.0,0.0,0.0,23.0,0.9881681282464508,0.45,0.45,decrease_margin_after_safe_window
904,mMTC,0.0,0.0,0.0,182.0,0.2891489909067351,0.45,0.45,decrease_margin_after_safe_window
905,URLLC,0.0,0.0,0.0,138.0,0.20446927472527474,0.45,0.45,decrease_margin_after_safe_window
905,eMBB,0.0,0.0,0.0,25.0,0.9853822676379085,0.45,0.45,decrease_margin_after_safe_window
905,mMTC,0.0,0.0,0.0,211.0,0.2982355746930429,0.45,0.45,decrease_margin_after_safe_window
906,URLLC,0.0,0.0,0.0,113.0,0.15982380082417583,0.45,0.45,decrease_margin_after_safe_window
906,eMBB,0.0,0.0,0.0,31.0,0.9885186833144136,0.45,0.45,decrease_margin_after_safe_window
906,mMTC,0.0,0.0,0.0,176.0,0.33614553377256523,0.45,0.45,decrease_margin_after_safe_window
907,URLLC,0.0,0.0,0.0,126.0,0.18257312225274727,0.45,0.45,decrease_margin_after_safe_window
907,eMBB,0.0,0.0,0.0,20.0,0.9891448861920012,0.45,0.45,decrease_margin_after_safe_window
907,mMTC,0.0,0.0,0.0,195.0,0.27593276744064055,0.45,0.45,decrease_margin_after_safe_window
908,URLLC,0.0,0.0,0.0,127.0,0.1771345837912088,0.45,0.45,decrease_margin_after_safe_window
908,eMBB,0.0,0.0,0.0,21.0,0.985039690008817,0.45,0.45,decrease_margin_after_safe_window
908,mMTC,0.0,0.0,0.0,173.0,0.31751766756534466,0.45,0.45,decrease_margin_after_safe_window
909,URLLC,0.0,0.0,0.0,129.0,0.1948247342032967,0.45,0.45,decrease_margin_after_safe_window
909,eMBB,0.0,0.0,0.0,15.0,0.990390035016514,0.45,0.45,decrease_margin_after_safe_window
909,mMTC,0.0,0.0,0.0,204.0,0.2969536053346817,0.45,0.45,decrease_margin_after_safe_window
910,URLLC,0.0,0.0,1.0,140.0,0.19978563530219784,0.45,0.45,decrease_margin_after_safe_window
910,eMBB,0.0,0.0,1.0,20.0,0.9901134951191028,0.45,0.45,decrease_margin_after_safe_window
910,mMTC,0.0,0.0,0.0,213.0,0.34736618677382053,0.45,0.45,decrease_margin_after_safe_window
911,URLLC,0.0,0.0,0.0,125.0,0.18916703365384616,0.45,0.45,decrease_margin_after_safe_window
911,eMBB,0.0,0.0,0.0,16.0,0.9899427414915782,0.45,0.45,decrease_margin_after_safe_window
911,mMTC,0.0,0.0,0.0,199.0,0.32675009953975304,0.45,0.45,decrease_margin_after_safe_window
912,URLLC,0.0,0.0,0.0,121.0,0.18548518956043955,0.45,0.45,decrease_margin_after_safe_window
912,eMBB,0.0,0.0,0.0,26.0,0.9890303540133442,0.45,0.45,decrease_margin_after_safe_window
912,mMTC,0.0,0.0,0.0,201.0,0.296944410165151,0.45,0.45,decrease_margin_after_safe_window
913,URLLC,0.0,0.0,0.0,122.0,0.18422186881868133,0.45,0.45,decrease_margin_after_safe_window
913,eMBB,0.0,0.0,0.0,13.0,0.9834549528455705,0.45,0.45,decrease_margin_after_safe_window
913,mMTC,0.0,0.0,0.0,200.0,0.328370018575344,0.45,0.45,decrease_margin_after_safe_window
914,URLLC,0.0,0.0,0.0,126.0,0.18613520673076925,0.45,0.45,decrease_margin_after_safe_window
914,eMBB,0.0,0.0,0.0,24.0,0.9898586764381995,0.45,0.45,decrease_margin_after_safe_window
914,mMTC,0.0,0.0,0.0,205.0,0.32672676335388795,0.45,0.45,decrease_margin_after_safe_window
915,URLLC,0.0,0.0,0.0,118.0,0.17822876648351652,0.45,0.45,decrease_margin_after_safe_window
915,eMBB,0.0,0.0,0.0,11.0,0.9878247502547607,0.45,0.45,decrease_margin_after_safe_window
915,mMTC,0.0,0.0,0.0,179.0,0.34761005129513983,0.45,0.45,decrease_margin_after_safe_window
916,URLLC,0.0,0.0,0.0,133.0,0.20333871771978024,0.45,0.45,decrease_margin_after_safe_window
916,eMBB,0.0,0.0,0.0,13.0,0.9894178727405066,0.45,0.45,decrease_margin_after_safe_window
916,mMTC,0.0,0.0,0.0,197.0,0.2821767447226658,0.45,0.45,decrease_margin_after_safe_window
917,URLLC,0.0,0.0,0.0,139.0,0.19905853159340658,0.45,0.45,decrease_margin_after_safe_window
917,eMBB,0.0,0.0,0.0,20.0,0.9885112841601175,0.45,0.45,decrease_margin_after_safe_window
917,mMTC,0.0,0.0,0.0,202.0,0.299323468602097,0.45,0.45,decrease_margin_after_safe_window
918,URLLC,0.0,0.0,0.0,118.0,0.18276855494505498,0.45,0.45,decrease_margin_after_safe_window
918,eMBB,0.0,0.0,0.0,14.0,0.9896732208780936,0.45,0.45,decrease_margin_after_safe_window
918,mMTC,0.0,0.0,0.0,195.0,0.33924529328773867,0.45,0.45,decrease_margin_after_safe_window
919,URLLC,0.0,0.0,0.0,127.0,0.18484642513736266,0.45,0.45,decrease_margin_after_safe_window
919,eMBB,0.0,0.0,0.0,20.0,0.9895033119743116,0.45,0.45,decrease_margin_after_safe_window
919,mMTC,0.0,0.0,0.0,200.0,0.2982803384730768,0.45,0.45,decrease_margin_after_safe_window
920,URLLC,0.0,0.0,0.0,129.0,0.2077644320054945,0.45,0.45,decrease_margin_after_safe_window
920,eMBB,0.0,0.0,0.0,23.0,0.9884821143212051,0.45,0.45,decrease_margin_after_safe_window
920,mMTC,0.0,0.0,0.0,162.0,0.31956197570298733,0.45,0.45,decrease_margin_after_safe_window
921,URLLC,0.0,0.0,0.0,152.0,0.22087428983516483,0.45,0.45,decrease_margin_after_safe_window
921,eMBB,0.0,0.0,0.0,16.0,0.9902245982678595,0.45,0.45,decrease_margin_after_safe_window
921,mMTC,0.0,0.0,0.0,193.0,0.28320286056216976,0.45,0.45,decrease_margin_after_safe_window
922,URLLC,0.0,0.0,0.0,122.0,0.18123778365384616,0.45,0.45,decrease_margin_after_safe_window
922,eMBB,0.0,0.0,0.0,13.0,0.9886932713324029,0.45,0.45,decrease_margin_after_safe_window
922,mMTC,0.0,0.0,0.0,186.0,0.2874888159972315,0.45,0.45,decrease_margin_after_safe_window
923,URLLC,0.0,0.0,0.0,133.0,0.20125119986263737,0.45,0.45,decrease_margin_after_safe_window
923,eMBB,0.0,0.0,0.0,8.0,0.9854007177040935,0.45,0.45,decrease_margin_after_safe_window
923,mMTC,0.0,0.0,0.0,188.0,0.30127897061097564,0.45,0.45,decrease_margin_after_safe_window
924,URLLC,0.0,0.0,0.0,139.0,0.19961878021978025,0.45,0.45,decrease_margin_after_safe_window
924,eMBB,0.0,0.0,0.0,16.0,0.9863643780855688,0.45,0.45,decrease_margin_after_safe_window
924,mMTC,0.0,0.0,0.0,191.0,0.3003556017528508,0.45,0.45,decrease_margin_after_safe_window
925,URLLC,0.0,0.0,0.0,126.0,0.17939011881868133,0.45,0.45,decrease_margin_after_safe_window
925,eMBB,0.0,0.0,0.0,23.0,0.9881518951890393,0.45,0.45,decrease_margin_after_safe_window
925,mMTC,0.0,0.0,0.0,200.0,0.3070060720282009,0.45,0.45,decrease_margin_after_safe_window
926,URLLC,0.0,0.0,0.0,126.0,0.18791502815934066,0.45,0.45,decrease_margin_after_safe_window
926,eMBB,0.0,0.0,0.0,20.0,0.9861886121358431,0.45,0.45,decrease_margin_after_safe_window
926,mMTC,0.0,0.0,0.0,198.0,0.34743746801422676,0.45,0.45,decrease_margin_after_safe_window
927,URLLC,0.0,0.0,0.0,122.0,0.19273503846153847,0.45,0.45,decrease_margin_after_safe_window
927,eMBB,0.0,0.0,0.0,22.0,0.9881255906418029,0.45,0.45,decrease_margin_after_safe_window
927,mMTC,0.0,0.0,0.0,182.0,0.3251509396482267,0.45,0.45,decrease_margin_after_safe_window
928,URLLC,0.0,0.0,0.0,124.0,0.17357317857142857,0.45,0.45,decrease_margin_after_safe_window
928,eMBB,0.0,0.0,0.0,18.0,0.9860010708269404,0.45,0.45,decrease_margin_after_safe_window
928,mMTC,0.0,0.0,0.0,203.0,0.29076955269465155,0.45,0.45,decrease_margin_after_safe_window
929,URLLC,1.0,0.0,1.0,119.0,0.17897855425824177,0.45,0.7,increase_margin_due_to_sla_pressure
929,eMBB,0.0,0.0,0.0,18.0,0.9870022328800435,0.45,0.45,decrease_margin_after_safe_window
929,mMTC,0.0,0.0,0.0,195.0,0.3034586932753731,0.45,0.45,decrease_margin_after_safe_window
930,URLLC,0.0,0.0,0.0,127.0,0.17618570535714287,0.7,0.6499999999999999,decrease_margin_after_safe_window
930,eMBB,0.0,0.0,0.0,24.0,0.9865251900376542,0.45,0.45,decrease_margin_after_safe_window
930,mMTC,0.0,0.0,0.0,197.0,0.3128627296944225,0.45,0.45,decrease_margin_after_safe_window
931,URLLC,0.0,0.0,0.0,127.0,0.1913356092032967,0.6499999999999999,0.5999999999999999,decrease_margin_after_safe_window
931,eMBB,0.0,0.0,0.0,21.0,0.9871382120843953,0.45,0.45,decrease_margin_after_safe_window
931,mMTC,0.0,0.0,0.0,177.0,0.3188145339598303,0.45,0.45,decrease_margin_after_safe_window
932,URLLC,0.0,0.0,0.0,124.0,0.20501357554945057,0.5999999999999999,0.5499999999999998,decrease_margin_after_safe_window
932,eMBB,0.0,0.0,0.0,21.0,0.9876989966446695,0.45,0.45,decrease_margin_after_safe_window
932,mMTC,0.0,0.0,0.0,200.0,0.277888080893825,0.45,0.45,decrease_margin_after_safe_window
933,URLLC,0.0,0.0,1.0,141.0,0.21857658516483516,0.5499999999999998,0.49999999999999983,decrease_margin_after_safe_window
933,eMBB,0.0,0.0,1.0,24.0,0.9876281158162277,0.45,0.45,decrease_margin_after_safe_window
933,mMTC,0.0,0.0,0.0,191.0,0.31826534191143224,0.45,0.45,decrease_margin_after_safe_window
934,URLLC,0.0,0.0,0.0,138.0,0.20888630700549451,0.49999999999999983,0.45,decrease_margin_after_safe_window
934,eMBB,0.0,0.0,0.0,19.0,0.9864712507499236,0.45,0.45,decrease_margin_after_safe_window
934,mMTC,0.0,0.0,0.0,210.0,0.29678361346127513,0.45,0.45,decrease_margin_after_safe_window
935,URLLC,0.0,0.0,1.0,129.0,0.1886609271978022,0.45,0.45,decrease_margin_after_safe_window
935,eMBB,0.0,0.0,1.0,20.0,0.9892377585265084,0.45,0.45,decrease_margin_after_safe_window
935,mMTC,0.0,0.0,0.0,177.0,0.3536139870390183,0.45,0.45,decrease_margin_after_safe_window
936,URLLC,0.0,0.0,0.0,136.0,0.20308513255494506,0.45,0.45,decrease_margin_after_safe_window
936,eMBB,0.0,0.0,0.0,20.0,0.9887722035580809,0.45,0.45,decrease_margin_after_safe_window
936,mMTC,0.0,0.0,0.0,208.0,0.28595132639114496,0.45,0.45,decrease_margin_after_safe_window
937,URLLC,0.0,0.0,1.0,146.0,0.21799150961538463,0.45,0.45,decrease_margin_after_safe_window
937,eMBB,0.0,0.0,1.0,11.0,0.9866404666205156,0.45,0.45,decrease_margin_after_safe_window
937,mMTC,0.0,0.0,0.0,182.0,0.3330954218590585,0.45,0.45,decrease_margin_after_safe_window
938,URLLC,0.0,0.0,0.0,130.0,0.18113916895604396,0.45,0.45,decrease_margin_after_safe_window
938,eMBB,0.0,0.0,0.0,26.0,0.9883762760665225,0.45,0.45,decrease_margin_after_safe_window
938,mMTC,0.0,0.0,0.0,187.0,0.30483080437182447,0.45,0.45,decrease_margin_after_safe_window
939,URLLC,0.0,0.0,0.0,129.0,0.19036754120879124,0.45,0.45,decrease_margin_after_safe_window
939,eMBB,0.0,0.0,0.0,18.0,0.9875887499167815,0.45,0.45,decrease_margin_after_safe_window
939,mMTC,0.0,0.0,0.0,192.0,0.3027534564675701,0.45,0.45,decrease_margin_after_safe_window
940,URLLC,0.0,0.0,0.0,122.0,0.17831855425824175,0.45,0.45,decrease_margin_after_safe_window
940,eMBB,0.0,0.0,0.0,25.0,0.9870236354606634,0.45,0.45,decrease_margin_after_safe_window
940,mMTC,0.0,0.0,0.0,203.0,0.3099659988178285,0.45,0.45,decrease_margin_after_safe_window
941,URLLC,0.0,0.0,0.0,132.0,0.20254385576923076,0.45,0.45,decrease_margin_after_safe_window
941,eMBB,0.0,0.0,0.0,12.0,0.9889266684185248,0.45,0.45,decrease_margin_after_safe_window
941,mMTC,0.0,0.0,0.0,190.0,0.31297115918780527,0.45,0.45,decrease_margin_after_safe_window
942,URLLC,0.0,0.0,0.0,107.0,0.16229427953296702,0.45,0.45,decrease_margin_after_safe_window
942,eMBB,0.0,0.0,0.0,19.0,0.9882747200040971,0.45,0.45,decrease_margin_after_safe_window
942,mMTC,0.0,0.0,0.0,186.0,0.31104191343474186,0.45,0.45,decrease_margin_after_safe_window
943,URLLC,0.0,0.0,0.0,129.0,0.20731580494505497,0.45,0.45,decrease_margin_after_safe_window
943,eMBB,0.0,0.0,0.0,17.0,0.9841086804565256,0.45,0.45,decrease_margin_after_safe_window
943,mMTC,0.0,0.0,0.0,193.0,0.2967195019730218,0.45,0.45,decrease_margin_after_safe_window
944,URLLC,0.0,0.0,1.0,131.0,0.204003448489011,0.45,0.45,decrease_margin_after_safe_window
944,eMBB,0.0,0.0,1.0,9.0,0.9898349107097595,0.45,0.45,decrease_margin_after_safe_window
944,mMTC,0.0,0.0,0.0,187.0,0.3205507991572985,0.45,0.45,decrease_margin_after_safe_window
945,URLLC,0.0,0.0,0.0,124.0,0.1875745618131868,0.45,0.45,decrease_margin_after_safe_window
945,eMBB,0.0,0.0,0.0,24.0,0.9895142519950282,0.45,0.45,decrease_margin_after_safe_window
945,mMTC,0.0,0.0,0.0,170.0,0.2976155502858811,0.45,0.45,decrease_margin_after_safe_window
946,URLLC,0.0,0.0,0.0,132.0,0.194755198489011,0.45,0.45,decrease_margin_after_safe_window
946,eMBB,0.0,0.0,0.0,14.0,0.9880517209152687,0.45,0.45,decrease_margin_after_safe_window
946,mMTC,0.0,0.0,0.0,200.0,0.27138910859769855,0.45,0.45,decrease_margin_after_safe_window
947,URLLC,0.0,0.0,0.0,134.0,0.19141885989010987,0.45,0.45,decrease_margin_after_safe_window
947,eMBB,0.0,0.0,0.0,17.0,0.9875160014114501,0.45,0.45,decrease_margin_after_safe_window
947,mMTC,0.0,0.0,0.0,191.0,0.3240511614925557,0.45,0.45,decrease_margin_after_safe_window
948,URLLC,0.0,0.0,0.0,125.0,0.1880076861263736,0.45,0.45,decrease_margin_after_safe_window
948,eMBB,0.0,0.0,0.0,20.0,0.9879318443007488,0.45,0.45,decrease_margin_after_safe_window
948,mMTC,0.0,0.0,0.0,195.0,0.29509097341384816,0.45,0.45,decrease_margin_after_safe_window
949,URLLC,0.0,0.0,0.0,125.0,0.17513801854395603,0.45,0.45,decrease_margin_after_safe_window
949,eMBB,0.0,0.0,0.0,24.0,0.9861605476565656,0.45,0.45,decrease_margin_after_safe_window
949,mMTC,0.0,0.0,0.0,179.0,0.3100100085682597,0.45,0.45,decrease_margin_after_safe_window
950,URLLC,0.0,0.0,0.0,128.0,0.1892501723901099,0.45,0.45,decrease_margin_after_safe_window
950,eMBB,0.0,0.0,0.0,20.0,0.9843980632583086,0.45,0.45,decrease_margin_after_safe_window
950,mMTC,0.0,0.0,0.0,190.0,0.298644893691929,0.45,0.45,decrease_margin_after_safe_window
951,URLLC,0.0,0.0,0.0,136.0,0.1854959375,0.45,0.45,decrease_margin_after_safe_window
951,eMBB,0.0,0.0,0.0,22.0,0.9868222078462734,0.45,0.45,decrease_margin_after_safe_window
951,mMTC,0.0,0.0,0.0,199.0,0.3147944898543658,0.45,0.45,decrease_margin_after_safe_window
952,URLLC,0.0,0.0,0.0,133.0,0.19428211675824178,0.45,0.45,decrease_margin_after_safe_window
952,eMBB,0.0,0.0,0.0,19.0,0.9867786137881428,0.45,0.45,decrease_margin_after_safe_window
952,mMTC,0.0,0.0,0.0,192.0,0.33709390320967236,0.45,0.45,decrease_margin_after_safe_window
953,URLLC,0.0,0.0,0.0,133.0,0.1901723701923077,0.45,0.45,decrease_margin_after_safe_window
953,eMBB,0.0,0.0,0.0,16.0,0.9883036300392671,0.45,0.45,decrease_margin_after_safe_window
953,mMTC,0.0,0.0,0.0,201.0,0.2983118851056563,0.45,0.45,decrease_margin_after_safe_window
954,URLLC,0.0,0.0,0.0,137.0,0.20022494436813187,0.45,0.45,decrease_margin_after_safe_window
954,eMBB,0.0,0.0,0.0,23.0,0.9867872633852429,0.45,0.45,decrease_margin_after_safe_window
954,mMTC,0.0,0.0,0.0,198.0,0.2977805308050216,0.45,0.45,decrease_margin_after_safe_window
955,URLLC,0.0,0.0,0.0,117.0,0.1778221881868132,0.45,0.45,decrease_margin_after_safe_window
955,eMBB,0.0,0.0,0.0,34.0,0.9850123378445711,0.45,0.45,decrease_margin_after_safe_window
955,mMTC,0.0,0.0,0.0,183.0,0.33491643368284624,0.45,0.45,decrease_margin_after_safe_window
956,URLLC,0.0,0.0,0.0,116.0,0.1891801092032967,0.45,0.45,decrease_margin_after_safe_window
956,eMBB,0.0,0.0,0.0,16.0,0.9869393942421107,0.45,0.45,decrease_margin_after_safe_window
956,mMTC,0.0,0.0,0.0,202.0,0.28986165032705186,0.45,0.45,decrease_margin_after_safe_window
957,URLLC,0.0,0.0,0.0,128.0,0.17705613804945056,0.45,0.45,decrease_margin_after_safe_window
957,eMBB,0.0,0.0,0.0,30.0,0.9861413130177584,0.45,0.45,decrease_margin_after_safe_window
957,mMTC,0.0,0.0,0.0,184.0,0.3228934974832746,0.45,0.45,decrease_margin_after_safe_window
958,URLLC,0.0,0.0,0.0,138.0,0.21045920741758242,0.45,0.45,decrease_margin_after_safe_window
958,eMBB,0.0,0.0,0.0,22.0,0.9862833398127232,0.45,0.45,decrease_margin_after_safe_window
958,mMTC,0.0,0.0,0.0,199.0,0.2949958273842251,0.45,0.45,decrease_margin_after_safe_window
959,URLLC,0.0,0.0,1.0,137.0,0.20421315109890112,0.45,0.45,decrease_margin_after_safe_window
959,eMBB,0.0,0.0,1.0,17.0,0.9892910394199168,0.45,0.45,decrease_margin_after_safe_window
959,mMTC,0.0,0.0,0.0,178.0,0.3356063833450972,0.45,0.45,decrease_margin_after_safe_window
960,URLLC,0.0,0.0,0.0,130.0,0.19373881387362638,0.45,0.45,decrease_margin_after_safe_window
960,eMBB,0.0,0.0,0.0,22.0,0.9873826266918461,0.45,0.45,decrease_margin_after_safe_window
960,mMTC,0.0,0.0,0.0,213.0,0.28579981812006927,0.45,0.45,decrease_margin_after_safe_window
961,URLLC,0.0,0.0,0.0,123.0,0.19328405357142858,0.45,0.45,decrease_margin_after_safe_window
961,eMBB,0.0,0.0,0.0,18.0,0.986130928631501,0.45,0.45,decrease_margin_after_safe_window
961,mMTC,0.0,0.0,0.0,172.0,0.33398800559084013,0.45,0.45,decrease_margin_after_safe_window
962,URLLC,0.0,0.0,0.0,114.0,0.1539898070054945,0.45,0.45,decrease_margin_after_safe_window
962,eMBB,0.0,0.0,0.0,28.0,0.9852801124986917,0.45,0.45,decrease_margin_after_safe_window
962,mMTC,0.0,0.0,0.0,181.0,0.2793287511389928,0.45,0.45,decrease_margin_after_safe_window
963,URLLC,1.0,0.0,1.0,137.0,0.19795544368131868,0.45,0.7,increase_margin_due_to_sla_pressure
963,eMBB,0.0,0.0,0.0,24.0,0.9864386414678322,0.45,0.45,decrease_margin_after_safe_window
963,mMTC,0.0,0.0,0.0,182.0,0.27871935962209354,0.45,0.45,decrease_margin_after_safe_window
964,URLLC,0.0,0.0,0.0,128.0,0.19591791895604396,0.7,0.6499999999999999,decrease_margin_after_safe_window
964,eMBB,0.0,0.0,0.0,16.0,0.9892142732051001,0.45,0.45,decrease_margin_after_safe_window
964,mMTC,0.0,0.0,0.0,211.0,0.29052192434388197,0.45,0.45,decrease_margin_after_safe_window
965,URLLC,0.0,0.0,1.0,134.0,0.1962736497252747,0.6499999999999999,0.5999999999999999,decrease_margin_after_safe_window
965,eMBB,0.0,0.0,1.0,12.0,0.9889657844811673,0.45,0.45,decrease_margin_after_safe_window
965,mMTC,0.0,0.0,0.0,183.0,0.32909973558023486,0.45,0.45,decrease_margin_after_safe_window
966,URLLC,0.0,0.0,0.0,130.0,0.20438556662087914,0.5999999999999999,0.5499999999999998,decrease_margin_after_safe_window
966,eMBB,0.0,0.0,0.0,22.0,0.9878172288409193,0.45,0.45,decrease_margin_after_safe_window
966,mMTC,0.0,0.0,0.0,193.0,0.2999931856801501,0.45,0.45,decrease_margin_after_safe_window
967,URLLC,0.0,0.0,0.0,118.0,0.1681188276098901,0.5499999999999998,0.49999999999999983,decrease_margin_after_safe_window
967,eMBB,0.0,0.0,0.0,20.0,0.9863371449652264,0.45,0.45,decrease_margin_after_safe_window
967,mMTC,0.0,0.0,0.0,199.0,0.28897096513239795,0.45,0.45,decrease_margin_after_safe_window
968,URLLC,0.0,0.0,1.0,137.0,0.2155800151098901,0.49999999999999983,0.45,decrease_margin_after_safe_window
968,eMBB,0.0,0.0,1.0,17.0,0.9887020119052378,0.45,0.45,decrease_margin_after_safe_window
968,mMTC,0.0,0.0,0.0,203.0,0.3246814952179452,0.45,0.45,decrease_margin_after_safe_window
969,URLLC,0.0,0.0,0.0,122.0,0.195447010989011,0.45,0.45,decrease_margin_after_safe_window
969,eMBB,0.0,0.0,0.0,15.0,0.9855736539117022,0.45,0.45,decrease_margin_after_safe_window
969,mMTC,0.0,0.0,0.0,183.0,0.3365882131345949,0.45,0.45,decrease_margin_after_safe_window
970,URLLC,0.0,0.0,1.0,139.0,0.2226170638736264,0.45,0.45,decrease_margin_after_safe_window
970,eMBB,0.0,0.0,1.0,22.0,0.9893117183115452,0.45,0.45,decrease_margin_after_safe_window
970,mMTC,0.0,0.0,0.0,196.0,0.2713514122331034,0.45,0.45,decrease_margin_after_safe_window
971,URLLC,0.0,0.0,1.0,135.0,0.20168492032967036,0.45,0.45,decrease_margin_after_safe_window
971,eMBB,0.0,0.0,1.0,22.0,0.988387334572142,0.45,0.45,decrease_margin_after_safe_window
971,mMTC,0.0,0.0,0.0,161.0,0.32980534608022294,0.45,0.45,decrease_margin_after_safe_window
972,URLLC,0.0,0.0,0.0,135.0,0.2043641607142857,0.45,0.45,decrease_margin_after_safe_window
972,eMBB,0.0,0.0,0.0,14.0,0.9902788183510342,0.45,0.45,decrease_margin_after_safe_window
972,mMTC,0.0,0.0,0.0,197.0,0.26109067137321607,0.45,0.45,decrease_margin_after_safe_window
973,URLLC,0.0,0.0,1.0,140.0,0.20915734821428572,0.45,0.45,decrease_margin_after_safe_window
973,eMBB,0.0,0.0,1.0,18.0,0.9880477661299434,0.45,0.45,decrease_margin_after_safe_window
973,mMTC,0.0,0.0,0.0,206.0,0.32866009793343703,0.45,0.45,decrease_margin_after_safe_window
974,URLLC,0.0,0.0,0.0,122.0,0.1727298489010989,0.45,0.45,decrease_margin_after_safe_window
974,eMBB,0.0,0.0,0.0,18.0,0.9888017031837109,0.45,0.45,decrease_margin_after_safe_window
974,mMTC,0.0,0.0,0.0,194.0,0.3404872611485438,0.45,0.45,decrease_margin_after_safe_window
975,URLLC,0.0,0.0,0.0,134.0,0.21306398695054946,0.45,0.45,decrease_margin_after_safe_window
975,eMBB,0.0,0.0,0.0,22.0,0.9860908490253136,0.45,0.45,decrease_margin_after_safe_window
975,mMTC,0.0,0.0,0.0,180.0,0.31449911069270436,0.45,0.45,decrease_margin_after_safe_window
976,URLLC,0.0,0.0,0.0,103.0,0.16075613461538465,0.45,0.45,decrease_margin_after_safe_window
976,eMBB,0.0,0.0,0.0,22.0,0.9868801072825938,0.45,0.45,decrease_margin_after_safe_window
976,mMTC,0.0,0.0,0.0,195.0,0.2932093058572725,0.45,0.45,decrease_margin_after_safe_window
977,URLLC,0.0,0.0,0.0,119.0,0.1702960741758242,0.45,0.45,decrease_margin_after_safe_window
977,eMBB,0.0,0.0,0.0,23.0,0.9870720107429337,0.45,0.45,decrease_margin_after_safe_window
977,mMTC,0.0,0.0,0.0,185.0,0.31396730292840047,0.45,0.45,decrease_margin_after_safe_window
978,URLLC,0.0,0.0,0.0,117.0,0.18008935576923074,0.45,0.45,decrease_margin_after_safe_window
978,eMBB,0.0,0.0,0.0,21.0,0.9863914790212966,0.45,0.45,decrease_margin_after_safe_window
978,mMTC,0.0,0.0,0.0,187.0,0.30200140094190386,0.45,0.45,decrease_margin_after_safe_window
979,URLLC,0.0,0.0,1.0,133.0,0.2191053956043956,0.45,0.45,decrease_margin_after_safe_window
979,eMBB,0.0,0.0,1.0,21.0,0.9880222742141579,0.45,0.45,decrease_margin_after_safe_window
979,mMTC,0.0,0.0,0.0,172.0,0.3373019027528486,0.45,0.45,decrease_margin_after_safe_window
980,URLLC,0.0,0.0,0.0,129.0,0.19797162431318682,0.45,0.45,decrease_margin_after_safe_window
980,eMBB,0.0,0.0,0.0,18.0,0.9866808383830994,0.45,0.45,decrease_margin_after_safe_window
980,mMTC,0.0,0.0,0.0,200.0,0.2729808637375955,0.45,0.45,decrease_margin_after_safe_window
981,URLLC,0.0,0.0,1.0,144.0,0.2229476559065934,0.45,0.45,decrease_margin_after_safe_window
981,eMBB,0.0,0.0,1.0,17.0,0.9868850179529798,0.45,0.45,decrease_margin_after_safe_window
981,mMTC,0.0,0.0,0.0,178.0,0.3207240187860398,0.45,0.45,decrease_margin_after_safe_window
982,URLLC,0.0,0.0,0.0,133.0,0.19486496771978024,0.45,0.45,decrease_margin_after_safe_window
982,eMBB,0.0,0.0,0.0,14.0,0.9842230617040347,0.45,0.45,decrease_margin_after_safe_window
982,mMTC,0.0,0.0,0.0,207.0,0.2892800838899487,0.45,0.45,decrease_margin_after_safe_window
983,URLLC,0.0,0.0,0.0,127.0,0.1786849217032967,0.45,0.45,decrease_margin_after_safe_window
983,eMBB,0.0,0.0,0.0,19.0,0.9878748166727721,0.45,0.45,decrease_margin_after_safe_window
983,mMTC,0.0,0.0,0.0,181.0,0.3490313765942479,0.45,0.45,decrease_margin_after_safe_window
984,URLLC,0.0,0.0,0.0,124.0,0.1885485267857143,0.45,0.45,decrease_margin_after_safe_window
984,eMBB,0.0,0.0,0.0,21.0,0.9873223414270338,0.45,0.45,decrease_margin_after_safe_window
984,mMTC,0.0,0.0,0.0,184.0,0.2733359634475568,0.45,0.45,decrease_margin_after_safe_window
985,URLLC,0.0,0.0,0.0,115.0,0.1833116662087912,0.45,0.45,decrease_margin_after_safe_window
985,eMBB,0.0,0.0,0.0,21.0,0.9884603177358141,0.45,0.45,decrease_margin_after_safe_window
985,mMTC,0.0,0.0,0.0,201.0,0.30545086167083974,0.45,0.45,decrease_margin_after_safe_window
986,URLLC,0.0,0.0,0.0,108.0,0.15808020260989014,0.45,0.45,decrease_margin_after_safe_window
986,eMBB,0.0,0.0,0.0,16.0,0.988672887651602,0.45,0.45,decrease_margin_after_safe_window
986,mMTC,0.0,0.0,0.0,170.0,0.2996175026350727,0.45,0.45,decrease_margin_after_safe_window
987,URLLC,0.0,0.0,0.0,134.0,0.22422773282967032,0.45,0.45,decrease_margin_after_safe_window
987,eMBB,0.0,0.0,0.0,28.0,0.9875404976817147,0.45,0.45,decrease_margin_after_safe_window
987,mMTC,0.0,0.0,0.0,179.0,0.2681621943519991,0.45,0.45,decrease_margin_after_safe_window
988,URLLC,0.0,0.0,0.0,136.0,0.2100490226648352,0.45,0.45,decrease_margin_after_safe_window
988,eMBB,0.0,0.0,0.0,17.0,0.9865143168491658,0.45,0.45,decrease_margin_after_safe_window
988,mMTC,0.0,0.0,0.0,188.0,0.29899560959035576,0.45,0.45,decrease_margin_after_safe_window
989,URLLC,0.0,0.0,1.0,135.0,0.2121575412087912,0.45,0.45,decrease_margin_after_safe_window
989,eMBB,0.0,0.0,1.0,18.0,0.9869152475378945,0.45,0.45,decrease_margin_after_safe_window
989,mMTC,0.0,0.0,0.0,200.0,0.3126980123585463,0.45,0.45,decrease_margin_after_safe_window
990,URLLC,0.0,0.0,0.0,127.0,0.18071810714285716,0.45,0.45,decrease_margin_after_safe_window
990,eMBB,0.0,0.0,0.0,21.0,0.9870485492491571,0.45,0.45,decrease_margin_after_safe_window
990,mMTC,0.0,0.0,0.0,184.0,0.349634470114185,0.45,0.45,decrease_margin_after_safe_window
991,URLLC,0.0,0.0,0.0,131.0,0.1892568221153846,0.45,0.45,decrease_margin_after_safe_window
991,eMBB,0.0,0.0,0.0,18.0,0.9881477023575906,0.45,0.45,decrease_margin_after_safe_window
991,mMTC,0.0,0.0,0.0,193.0,0.3064737687314988,0.45,0.45,decrease_margin_after_safe_window
992,URLLC,0.0,0.0,0.0,109.0,0.15310952266483518,0.45,0.45,decrease_margin_after_safe_window
992,eMBB,0.0,0.0,0.0,18.0,0.9879367575274942,0.45,0.45,decrease_margin_after_safe_window
992,mMTC,0.0,0.0,0.0,192.0,0.32224462496946205,0.45,0.45,decrease_margin_after_safe_window
993,URLLC,0.0,0.0,1.0,137.0,0.2085768763736264,0.45,0.45,decrease_margin_after_safe_window
993,eMBB,0.0,0.0,1.0,23.0,0.9897369432529011,0.45,0.45,decrease_margin_after_safe_window
993,mMTC,0.0,0.0,0.0,194.0,0.3143210413850955,0.45,0.45,decrease_margin_after_safe_window
994,URLLC,0.0,0.0,1.0,141.0,0.2083529787087912,0.45,0.45,decrease_margin_after_safe_window
994,eMBB,0.0,0.0,1.0,18.0,0.9878257663751631,0.45,0.45,decrease_margin_after_safe_window
994,mMTC,0.0,0.0,0.0,179.0,0.3344685433359715,0.45,0.45,decrease_margin_after_safe_window
995,URLLC,0.0,0.0,0.0,135.0,0.1861678695054945,0.45,0.45,decrease_margin_after_safe_window
995,eMBB,0.0,0.0,0.0,26.0,0.9856504305420956,0.45,0.45,decrease_margin_after_safe_window
995,mMTC,0.0,0.0,0.0,204.0,0.28235227629991433,0.45,0.45,decrease_margin_after_safe_window
996,URLLC,0.0,0.0,0.0,120.0,0.17908802335164833,0.45,0.45,decrease_margin_after_safe_window
996,eMBB,0.0,0.0,0.0,19.0,0.9870689761852682,0.45,0.45,decrease_margin_after_safe_window
996,mMTC,0.0,0.0,0.0,182.0,0.32206120110563013,0.45,0.45,decrease_margin_after_safe_window
997,URLLC,0.0,0.0,0.0,128.0,0.1924009210164835,0.45,0.45,decrease_margin_after_safe_window
997,eMBB,0.0,0.0,0.0,22.0,0.9845475849304389,0.45,0.45,decrease_margin_after_safe_window
997,mMTC,0.0,0.0,0.0,187.0,0.2856028520458118,0.45,0.45,decrease_margin_after_safe_window
998,URLLC,0.0,0.0,0.0,123.0,0.18821865590659342,0.45,0.45,decrease_margin_after_safe_window
998,eMBB,0.0,0.0,0.0,24.0,0.9853658730491228,0.45,0.45,decrease_margin_after_safe_window
998,mMTC,0.0,0.0,0.0,202.0,0.30153805459635385,0.45,0.45,decrease_margin_after_safe_window
999,URLLC,0.0,0.0,1.0,133.0,0.20866212500000003,0.45,0.45,decrease_margin_after_safe_window
999,eMBB,0.0,0.0,1.0,18.0,0.9885737497817025,0.45,0.45,decrease_margin_after_safe_window
999,mMTC,0.0,0.0,0.0,198.0,0.33045692113284464,0.45,0.45,decrease_margin_after_safe_window
1000,URLLC,0.0,0.0,0.0,123.0,0.17635245604395605,0.45,0.45,decrease_margin_after_safe_window
1000,eMBB,0.0,0.0,0.0,21.0,0.9868522280427184,0.45,0.45,decrease_margin_after_safe_window
1000,mMTC,0.0,0.0,0.0,189.0,0.29762929551372636,0.45,0.45,decrease_margin_after_safe_window
1001,URLLC,0.0,0.0,0.0,114.0,0.17848238942307693,0.45,0.45,decrease_margin_after_safe_window
1001,eMBB,0.0,0.0,0.0,27.0,0.9870836850149421,0.45,0.45,decrease_margin_after_safe_window
1001,mMTC,0.0,0.0,0.0,186.0,0.31631191833113925,0.45,0.45,decrease_margin_after_safe_window
1002,URLLC,0.0,0.0,0.0,124.0,0.17894621291208793,0.45,0.45,decrease_margin_after_safe_window
1002,eMBB,0.0,0.0,0.0,24.0,0.9887524914296477,0.45,0.45,decrease_margin_after_safe_window
1002,mMTC,0.0,0.0,0.0,206.0,0.31192590912500334,0.45,0.45,decrease_margin_after_safe_window
1003,URLLC,0.0,0.0,1.0,131.0,0.19628267239010988,0.45,0.45,decrease_margin_after_safe_window
1003,eMBB,0.0,0.0,1.0,24.0,0.9890293141237316,0.45,0.45,decrease_margin_after_safe_window
1003,mMTC,0.0,0.0,0.0,194.0,0.32691592021369054,0.45,0.45,decrease_margin_after_safe_window
1004,URLLC,0.0,0.0,0.0,128.0,0.1937205789835165,0.45,0.45,decrease_margin_after_safe_window
1004,eMBB,0.0,0.0,0.0,18.0,0.987332088801912,0.45,0.45,decrease_margin_after_safe_window
1004,mMTC,0.0,0.0,0.0,191.0,0.3203682608783755,0.45,0.45,decrease_margin_after_safe_window
1005,URLLC,0.0,0.0,0.0,126.0,0.19086528228021976,0.45,0.45,decrease_margin_after_safe_window
1005,eMBB,0.0,0.0,0.0,13.0,0.9867017063576554,0.45,0.45,decrease_margin_after_safe_window
1005,mMTC,0.0,0.0,0.0,209.0,0.303740173917652,0.45,0.45,decrease_margin_after_safe_window
1006,URLLC,0.0,0.0,0.0,125.0,0.1914846366758242,0.45,0.45,decrease_margin_after_safe_window
1006,eMBB,0.0,0.0,0.0,15.0,0.9873621434046305,0.45,0.45,decrease_margin_after_safe_window
1006,mMTC,0.0,0.0,0.0,170.0,0.3240671525968105,0.45,0.45,decrease_margin_after_safe_window
1007,URLLC,0.0,0.0,0.0,127.0,0.1828879120879121,0.45,0.45,decrease_margin_after_safe_window
1007,eMBB,0.0,0.0,0.0,22.0,0.9897686172426717,0.45,0.45,decrease_margin_after_safe_window
1007,mMTC,0.0,0.0,0.0,207.0,0.28358734766885874,0.45,0.45,decrease_margin_after_safe_window
1008,URLLC,0.0,0.0,1.0,137.0,0.20454303502747256,0.45,0.45,decrease_margin_after_safe_window
1008,eMBB,0.0,0.0,1.0,16.0,0.9859972661973361,0.45,0.45,decrease_margin_after_safe_window
1008,mMTC,0.0,0.0,0.0,188.0,0.33647544572696686,0.45,0.45,decrease_margin_after_safe_window
1009,URLLC,0.0,0.0,0.0,117.0,0.18091285027472528,0.45,0.45,decrease_margin_after_safe_window
1009,eMBB,0.0,0.0,0.0,25.0,0.9873291267920806,0.45,0.45,decrease_margin_after_safe_window
1009,mMTC,0.0,0.0,0.0,202.0,0.2998734448186265,0.45,0.45,decrease_margin_after_safe_window
1010,URLLC,0.0,0.0,0.0,134.0,0.19865093887362636,0.45,0.45,decrease_margin_after_safe_window
1010,eMBB,0.0,0.0,0.0,17.0,0.9897937081376459,0.45,0.45,decrease_margin_after_safe_window
1010,mMTC,0.0,0.0,0.0,194.0,0.31335192490384106,0.45,0.45,decrease_margin_after_safe_window
1011,URLLC,0.0,0.0,0.0,123.0,0.17847398489010993,0.45,0.45,decrease_margin_after_safe_window
1011,eMBB,0.0,0.0,0.0,15.0,0.9858309747939499,0.45,0.45,decrease_margin_after_safe_window
1011,mMTC,0.0,0.0,0.0,200.0,0.3066719388811627,0.45,0.45,decrease_margin_after_safe_window
1012,URLLC,0.0,0.0,1.0,132.0,0.19408572458791212,0.45,0.45,decrease_margin_after_safe_window
1012,eMBB,0.0,0.0,1.0,23.0,0.987754111553708,0.45,0.45,decrease_margin_after_safe_window
1012,mMTC,0.0,0.0,0.0,182.0,0.3398346046231682,0.45,0.45,decrease_margin_after_safe_window
1013,URLLC,0.0,0.0,0.0,128.0,0.1984871428571429,0.45,0.45,decrease_margin_after_safe_window
1013,eMBB,0.0,0.0,0.0,20.0,0.9887892985766358,0.45,0.45,decrease_margin_after_safe_window
1013,mMTC,0.0,0.0,0.0,203.0,0.29019790753176,0.45,0.45,decrease_margin_after_safe_window
1014,URLLC,0.0,0.0,0.0,117.0,0.17161622184065936,0.45,0.45,decrease_margin_after_safe_window
1014,eMBB,0.0,0.0,0.0,18.0,0.9874996254067604,0.45,0.45,decrease_margin_after_safe_window
1014,mMTC,0.0,0.0,0.0,198.0,0.3353881309601219,0.45,0.45,decrease_margin_after_safe_window
1015,URLLC,0.0,0.0,0.0,124.0,0.17998910302197804,0.45,0.45,decrease_margin_after_safe_window
1015,eMBB,0.0,0.0,0.0,20.0,0.9858660288540901,0.45,0.45,decrease_margin_after_safe_window
1015,mMTC,0.0,0.0,0.0,186.0,0.30581652857337127,0.45,0.45,decrease_margin_after_safe_window
1016,URLLC,0.0,0.0,0.0,132.0,0.19035163736263735,0.45,0.45,decrease_margin_after_safe_window
1016,eMBB,0.0,0.0,0.0,16.0,0.9896995449466057,0.45,0.45,decrease_margin_after_safe_window
1016,mMTC,0.0,0.0,0.0,196.0,0.2913419238742498,0.45,0.45,decrease_margin_after_safe_window
1017,URLLC,0.0,0.0,0.0,122.0,0.17961610370879125,0.45,0.45,decrease_margin_after_safe_window
1017,eMBB,0.0,0.0,0.0,28.0,0.9873893095788601,0.45,0.45,decrease_margin_after_safe_window
1017,mMTC,0.0,0.0,0.0,178.0,0.335028163961407,0.45,0.45,decrease_margin_after_safe_window
1018,URLLC,0.0,0.0,0.0,134.0,0.18780398351648353,0.45,0.45,decrease_margin_after_safe_window
1018,eMBB,0.0,0.0,0.0,23.0,0.9884502529787077,0.45,0.45,decrease_margin_after_safe_window
1018,mMTC,0.0,0.0,0.0,177.0,0.2911950800568421,0.45,0.45,decrease_margin_after_safe_window
1019,URLLC,0.0,0.0,0.0,128.0,0.19017336469780224,0.45,0.45,decrease_margin_after_safe_window
1019,eMBB,0.0,0.0,0.0,19.0,0.9854388988681732,0.45,0.45,decrease_margin_after_safe_window
1019,mMTC,0.0,0.0,0.0,198.0,0.28324816189248503,0.45,0.45,decrease_margin_after_safe_window
1020,URLLC,0.0,0.0,0.0,129.0,0.1788734684065934,0.45,0.45,decrease_margin_after_safe_window
1020,eMBB,0.0,0.0,0.0,16.0,0.9893448906930276,0.45,0.45,decrease_margin_after_safe_window
1020,mMTC,0.0,0.0,0.0,181.0,0.34061709330277895,0.45,0.45,decrease_margin_after_safe_window
1021,URLLC,0.0,0.0,0.0,124.0,0.19343899381868132,0.45,0.45,decrease_margin_after_safe_window
1021,eMBB,0.0,0.0,0.0,19.0,0.9875003703220803,0.45,0.45,decrease_margin_after_safe_window
1021,mMTC,0.0,0.0,0.0,208.0,0.28602517865245886,0.45,0.45,decrease_margin_after_safe_window
1022,URLLC,0.0,0.0,0.0,127.0,0.19418104807692307,0.45,0.45,decrease_margin_after_safe_window
1022,eMBB,0.0,0.0,0.0,23.0,0.9866430238072013,0.45,0.45,decrease_margin_after_safe_window
1022,mMTC,0.0,0.0,0.0,189.0,0.34579921524438495,0.45,0.45,decrease_margin_after_safe_window
1023,URLLC,0.0,0.0,0.0,137.0,0.20071339903846153,0.45,0.45,decrease_margin_after_safe_window
1023,eMBB,0.0,0.0,0.0,15.0,0.9869664227373071,0.45,0.45,decrease_margin_after_safe_window
1023,mMTC,0.0,0.0,0.0,197.0,0.32718798787810294,0.45,0.45,decrease_margin_after_safe_window
1024,URLLC,0.0,0.0,1.0,144.0,0.21959280288461538,0.45,0.45,decrease_margin_after_safe_window
1024,eMBB,0.0,0.0,1.0,17.0,0.9901829922144881,0.45,0.45,decrease_margin_after_safe_window
1024,mMTC,0.0,0.0,0.0,211.0,0.3090104684426982,0.45,0.45,decrease_margin_after_safe_window
1025,URLLC,0.0,0.0,0.0,120.0,0.17843760645604398,0.45,0.45,decrease_margin_after_safe_window
1025,eMBB,0.0,0.0,0.0,23.0,0.9868045027564795,0.45,0.45,decrease_margin_after_safe_window
1025,mMTC,0.0,0.0,0.0,188.0,0.3304312417751323,0.45,0.45,decrease_margin_after_safe_window
1026,URLLC,0.0,0.0,0.0,124.0,0.17978854326923077,0.45,0.45,decrease_margin_after_safe_window
1026,eMBB,0.0,0.0,0.0,20.0,0.9869082952282203,0.45,0.45,decrease_margin_after_safe_window
1026,mMTC,0.0,0.0,0.0,188.0,0.309243414693998,0.45,0.45,decrease_margin_after_safe_window
1027,URLLC,0.0,0.0,0.0,117.0,0.18822750549450554,0.45,0.45,decrease_margin_after_safe_window
1027,eMBB,0.0,0.0,0.0,17.0,0.9872242185337355,0.45,0.45,decrease_margin_after_safe_window
1027,mMTC,0.0,0.0,0.0,206.0,0.282375727316677,0.45,0.45,decrease_margin_after_safe_window
1028,URLLC,0.0,0.0,0.0,131.0,0.18961194642857146,0.45,0.45,decrease_margin_after_safe_window
1028,eMBB,0.0,0.0,0.0,18.0,0.9879620713667173,0.45,0.45,decrease_margin_after_safe_window
1028,mMTC,0.0,0.0,0.0,203.0,0.3197323401411462,0.45,0.45,decrease_margin_after_safe_window
1029,URLLC,0.0,0.0,0.0,117.0,0.16721195467032968,0.45,0.45,decrease_margin_after_safe_window
1029,eMBB,0.0,0.0,0.0,18.0,0.9902240449241961,0.45,0.45,decrease_margin_after_safe_window
1029,mMTC,0.0,0.0,0.0,208.0,0.3157002084205054,0.45,0.45,decrease_margin_after_safe_window
1030,URLLC,0.0,0.0,0.0,125.0,0.18096584065934068,0.45,0.45,decrease_margin_after_safe_window
1030,eMBB,0.0,0.0,0.0,13.0,0.9866379967171485,0.45,0.45,decrease_margin_after_safe_window
1030,mMTC,0.0,0.0,0.0,170.0,0.3354611789518663,0.45,0.45,decrease_margin_after_safe_window
1031,URLLC,0.0,0.0,0.0,129.0,0.19463206593406593,0.45,0.45,decrease_margin_after_safe_window
1031,eMBB,0.0,0.0,0.0,24.0,0.9864303242499928,0.45,0.45,decrease_margin_after_safe_window
1031,mMTC,0.0,0.0,0.0,204.0,0.28340430419409085,0.45,0.45,decrease_margin_after_safe_window
1032,URLLC,0.0,0.0,0.0,134.0,0.19755516826923078,0.45,0.45,decrease_margin_after_safe_window
1032,eMBB,0.0,0.0,0.0,22.0,0.9882226724030152,0.45,0.45,decrease_margin_after_safe_window
1032,mMTC,0.0,0.0,0.0,184.0,0.30354022052812235,0.45,0.45,decrease_margin_after_safe_window
1033,URLLC,0.0,0.0,0.0,118.0,0.17620023214285713,0.45,0.45,decrease_margin_after_safe_window
1033,eMBB,0.0,0.0,0.0,18.0,0.9882089564863529,0.45,0.45,decrease_margin_after_safe_window
1033,mMTC,0.0,0.0,0.0,205.0,0.2892521473000523,0.45,0.45,decrease_margin_after_safe_window
1034,URLLC,0.0,0.0,1.0,140.0,0.21599443475274724,0.45,0.45,decrease_margin_after_safe_window
1034,eMBB,0.0,0.0,1.0,16.0,0.9862852550707276,0.45,0.45,decrease_margin_after_safe_window
1034,mMTC,0.0,0.0,0.0,189.0,0.33726436650452113,0.45,0.45,decrease_margin_after_safe_window
1035,URLLC,0.0,0.0,0.0,132.0,0.20686059615384617,0.45,0.45,decrease_margin_after_safe_window
1035,eMBB,0.0,0.0,0.0,28.0,0.9888825453694293,0.45,0.45,decrease_margin_after_safe_window
1035,mMTC,0.0,0.0,0.0,193.0,0.30383887002436644,0.45,0.45,decrease_margin_after_safe_window
1036,URLLC,0.0,0.0,0.0,125.0,0.17062017376373628,0.45,0.45,decrease_margin_after_safe_window
1036,eMBB,0.0,0.0,0.0,20.0,0.9870269690679724,0.45,0.45,decrease_margin_after_safe_window
1036,mMTC,0.0,0.0,0.0,210.0,0.3154331531382061,0.45,0.45,decrease_margin_after_safe_window
1037,URLLC,0.0,0.0,0.0,108.0,0.1608534519230769,0.45,0.45,decrease_margin_after_safe_window
1037,eMBB,0.0,0.0,0.0,22.0,0.9880613047668646,0.45,0.45,decrease_margin_after_safe_window
1037,mMTC,0.0,0.0,0.0,199.0,0.35319227583485746,0.45,0.45,decrease_margin_after_safe_window
1038,URLLC,0.0,0.0,1.0,154.0,0.23547967513736265,0.45,0.45,decrease_margin_after_safe_window
1038,eMBB,0.0,0.0,1.0,10.0,0.987882033166663,0.45,0.45,decrease_margin_after_safe_window
1038,mMTC,0.0,0.0,0.0,192.0,0.3152458317091669,0.45,0.45,decrease_margin_after_safe_window
1039,URLLC,0.0,0.0,0.0,109.0,0.16193045673076925,0.45,0.45,decrease_margin_after_safe_window
1039,eMBB,0.0,0.0,0.0,19.0,0.9906243000041538,0.45,0.45,decrease_margin_after_safe_window
1039,mMTC,0.0,0.0,0.0,186.0,0.2909363249366788,0.45,0.45,decrease_margin_after_safe_window
1040,URLLC,0.0,0.0,0.0,125.0,0.19082679052197804,0.45,0.45,decrease_margin_after_safe_window
1040,eMBB,0.0,0.0,0.0,21.0,0.9882500162103226,0.45,0.45,decrease_margin_after_safe_window
1040,mMTC,0.0,0.0,0.0,195.0,0.30160584820880537,0.45,0.45,decrease_margin_after_safe_window
1041,URLLC,0.0,0.0,0.0,129.0,0.19184412293956044,0.45,0.45,decrease_margin_after_safe_window
1041,eMBB,0.0,0.0,0.0,17.0,0.9861058577630297,0.45,0.45,decrease_margin_after_safe_window
1041,mMTC,0.0,0.0,0.0,181.0,0.30448013172645194,0.45,0.45,decrease_margin_after_safe_window
1042,URLLC,0.0,0.0,1.0,140.0,0.21619997252747256,0.45,0.45,decrease_margin_after_safe_window
1042,eMBB,0.0,0.0,1.0,19.0,0.986083741130625,0.45,0.45,decrease_margin_after_safe_window
1042,mMTC,0.0,0.0,0.0,209.0,0.313486595508658,0.45,0.45,decrease_margin_after_safe_window
1043,URLLC,0.0,0.0,0.0,129.0,0.20093986469780223,0.45,0.45,decrease_margin_after_safe_window
1043,eMBB,0.0,0.0,0.0,19.0,0.9864212423359655,0.45,0.45,decrease_margin_after_safe_window
1043,mMTC,0.0,0.0,0.0,173.0,0.3393261743955276,0.45,0.45,decrease_margin_after_safe_window
1044,URLLC,0.0,0.0,0.0,119.0,0.18573829395604396,0.45,0.45,decrease_margin_after_safe_window
1044,eMBB,0.0,0.0,0.0,20.0,0.9838401309031976,0.45,0.45,decrease_margin_after_safe_window
1044,mMTC,0.0,0.0,0.0,196.0,0.26983639717547,0.45,0.45,decrease_margin_after_safe_window
1045,URLLC,0.0,0.0,0.0,132.0,0.19001216414835165,0.45,0.45,decrease_margin_after_safe_window
1045,eMBB,0.0,0.0,0.0,25.0,0.9877703410122135,0.45,0.45,decrease_margin_after_safe_window
1045,mMTC,0.0,0.0,0.0,178.0,0.31690919553898755,0.45,0.45,decrease_margin_after_safe_window
1046,URLLC,0.0,0.0,0.0,129.0,0.18804476717032964,0.45,0.45,decrease_margin_after_safe_window
1046,eMBB,0.0,0.0,0.0,29.0,0.9858977113681274,0.45,0.45,decrease_margin_after_safe_window
1046,mMTC,0.0,0.0,0.0,199.0,0.28355014026116393,0.45,0.45,decrease_margin_after_safe_window
1047,URLLC,0.0,0.0,1.0,139.0,0.21852259271978022,0.45,0.45,decrease_margin_after_safe_window
1047,eMBB,0.0,0.0,1.0,22.0,0.9873086972650892,0.45,0.45,decrease_margin_after_safe_window
1047,mMTC,0.0,0.0,0.0,194.0,0.333645372748935,0.45,0.45,decrease_margin_after_safe_window
1048,URLLC,0.0,0.0,0.0,136.0,0.18960560714285712,0.45,0.45,decrease_margin_after_safe_window
1048,eMBB,0.0,0.0,0.0,25.0,0.9865660759061617,0.45,0.45,decrease_margin_after_safe_window
1048,mMTC,0.0,0.0,0.0,189.0,0.31723668303746283,0.45,0.45,decrease_margin_after_safe_window
1049,URLLC,0.0,0.0,0.0,123.0,0.1778541820054945,0.45,0.45,decrease_margin_after_safe_window
1049,eMBB,0.0,0.0,0.0,17.0,0.986090485192436,0.45,0.45,decrease_margin_after_safe_window
1049,mMTC,0.0,0.0,0.0,196.0,0.3231946256114286,0.45,0.45,decrease_margin_after_safe_window
1050,URLLC,0.0,0.0,0.0,124.0,0.1686182335164835,0.45,0.45,decrease_margin_after_safe_window
1050,eMBB,0.0,0.0,0.0,18.0,0.9895359565685187,0.45,0.45,decrease_margin_after_safe_window
1050,mMTC,0.0,0.0,0.0,180.0,0.3136563029650293,0.45,0.45,decrease_margin_after_safe_window
1051,URLLC,0.0,0.0,0.0,112.0,0.1518899375,0.45,0.45,decrease_margin_after_safe_window
1051,eMBB,0.0,0.0,0.0,15.0,0.9882065456730756,0.45,0.45,decrease_margin_after_safe_window
1051,mMTC,0.0,0.0,0.0,205.0,0.28488479803520644,0.45,0.45,decrease_margin_after_safe_window
1052,URLLC,0.0,0.0,0.0,147.0,0.2152541353021978,0.45,0.45,decrease_margin_after_safe_window
1052,eMBB,0.0,0.0,0.0,27.0,0.9853065310854999,0.45,0.45,decrease_margin_after_safe_window
1052,mMTC,0.0,0.0,0.0,173.0,0.3227748387109175,0.45,0.45,decrease_margin_after_safe_window
1053,URLLC,0.0,0.0,0.0,119.0,0.16438514354395606,0.45,0.45,decrease_margin_after_safe_window
1053,eMBB,0.0,0.0,0.0,25.0,0.9883703002646286,0.45,0.45,decrease_margin_after_safe_window
1053,mMTC,0.0,0.0,0.0,213.0,0.2916715349436122,0.45,0.45,decrease_margin_after_safe_window
1054,URLLC,0.0,0.0,0.0,123.0,0.17763179601648352,0.45,0.45,decrease_margin_after_safe_window
1054,eMBB,0.0,0.0,0.0,23.0,0.9882178648294219,0.45,0.45,decrease_margin_after_safe_window
1054,mMTC,0.0,0.0,0.0,175.0,0.3554515164639887,0.45,0.45,decrease_margin_after_safe_window
1055,URLLC,0.0,0.0,0.0,131.0,0.1922001373626374,0.45,0.45,decrease_margin_after_safe_window
1055,eMBB,0.0,0.0,0.0,26.0,0.9884440791104788,0.45,0.45,decrease_margin_after_safe_window
1055,mMTC,0.0,0.0,0.0,204.0,0.2997412008659382,0.45,0.45,decrease_margin_after_safe_window
1056,URLLC,0.0,0.0,0.0,124.0,0.18180835233516485,0.45,0.45,decrease_margin_after_safe_window
1056,eMBB,0.0,0.0,0.0,16.0,0.9872085754606691,0.45,0.45,decrease_margin_after_safe_window
1056,mMTC,0.0,0.0,0.0,167.0,0.3319726023734118,0.45,0.45,decrease_margin_after_safe_window
1057,URLLC,0.0,0.0,0.0,125.0,0.18625385576923079,0.45,0.45,decrease_margin_after_safe_window
1057,eMBB,0.0,0.0,0.0,22.0,0.9884249502644966,0.45,0.45,decrease_margin_after_safe_window
1057,mMTC,0.0,0.0,0.0,212.0,0.2608204146370949,0.45,0.45,decrease_margin_after_safe_window
1058,URLLC,0.0,0.0,0.0,121.0,0.18465944986263735,0.45,0.45,decrease_margin_after_safe_window
1058,eMBB,0.0,0.0,0.0,19.0,0.986891899250059,0.45,0.45,decrease_margin_after_safe_window
1058,mMTC,0.0,0.0,0.0,171.0,0.3474248576118209,0.45,0.45,decrease_margin_after_safe_window
1059,URLLC,0.0,0.0,0.0,129.0,0.19461941208791209,0.45,0.45,decrease_margin_after_safe_window
1059,eMBB,0.0,0.0,0.0,21.0,0.9854154442472485,0.45,0.45,decrease_margin_after_safe_window
1059,mMTC,0.0,0.0,0.0,192.0,0.2884091511884598,0.45,0.45,decrease_margin_after_safe_window
1060,URLLC,0.0,0.0,0.0,134.0,0.19232653571428573,0.45,0.45,decrease_margin_after_safe_window
1060,eMBB,0.0,0.0,0.0,19.0,0.9872888820906629,0.45,0.45,decrease_margin_after_safe_window
1060,mMTC,0.0,0.0,0.0,206.0,0.31528919860724125,0.45,0.45,decrease_margin_after_safe_window
1061,URLLC,0.0,0.0,0.0,120.0,0.1749682754120879,0.45,0.45,decrease_margin_after_safe_window
1061,eMBB,0.0,0.0,0.0,21.0,0.9858212068406742,0.45,0.45,decrease_margin_after_safe_window
1061,mMTC,0.0,0.0,0.0,183.0,0.3450707905254452,0.45,0.45,decrease_margin_after_safe_window
1062,URLLC,0.0,0.0,0.0,138.0,0.21103051304945056,0.45,0.45,decrease_margin_after_safe_window
1062,eMBB,0.0,0.0,0.0,17.0,0.9868266475083488,0.45,0.45,decrease_margin_after_safe_window
1062,mMTC,0.0,0.0,0.0,187.0,0.3013504474878173,0.45,0.45,decrease_margin_after_safe_window
1063,URLLC,0.0,0.0,0.0,130.0,0.18179720810439562,0.45,0.45,decrease_margin_after_safe_window
1063,eMBB,0.0,0.0,0.0,21.0,0.9864360170484249,0.45,0.45,decrease_margin_after_safe_window
1063,mMTC,0.0,0.0,0.0,189.0,0.3087697804954373,0.45,0.45,decrease_margin_after_safe_window
1064,URLLC,0.0,0.0,0.0,128.0,0.1836950679945055,0.45,0.45,decrease_margin_after_safe_window
1064,eMBB,0.0,0.0,0.0,17.0,0.9883859880014947,0.45,0.45,decrease_margin_after_safe_window
1064,mMTC,0.0,0.0,0.0,172.0,0.29112675758804085,0.45,0.45,decrease_margin_after_safe_window
1065,URLLC,0.0,0.0,0.0,127.0,0.20212433653846154,0.45,0.45,decrease_margin_after_safe_window
1065,eMBB,0.0,0.0,0.0,30.0,0.9861457371097642,0.45,0.45,decrease_margin_after_safe_window
1065,mMTC,0.0,0.0,0.0,203.0,0.2845672234533342,0.45,0.45,decrease_margin_after_safe_window
1066,URLLC,0.0,0.0,1.0,143.0,0.21545426579670332,0.45,0.45,decrease_margin_after_safe_window
1066,eMBB,0.0,0.0,1.0,9.0,0.9895943534669992,0.45,0.45,decrease_margin_after_safe_window
1066,mMTC,0.0,0.0,0.0,172.0,0.33531117068675054,0.45,0.45,decrease_margin_after_safe_window
1067,URLLC,0.0,0.0,0.0,124.0,0.17354709478021976,0.45,0.45,decrease_margin_after_safe_window
1067,eMBB,0.0,0.0,0.0,20.0,0.9870435517251815,0.45,0.45,decrease_margin_after_safe_window
1067,mMTC,0.0,0.0,0.0,190.0,0.2633746411878955,0.45,0.45,decrease_margin_after_safe_window
1068,URLLC,0.0,0.0,0.0,132.0,0.18527262637362638,0.45,0.45,decrease_margin_after_safe_window
1068,eMBB,0.0,0.0,0.0,15.0,0.9858293634522255,0.45,0.45,decrease_margin_after_safe_window
1068,mMTC,0.0,0.0,0.0,187.0,0.3004736131222934,0.45,0.45,decrease_margin_after_safe_window
1069,URLLC,0.0,0.0,0.0,132.0,0.19867538324175826,0.45,0.45,decrease_margin_after_safe_window
1069,eMBB,0.0,0.0,0.0,22.0,0.9877041371507168,0.45,0.45,decrease_margin_after_safe_window
1069,mMTC,0.0,0.0,0.0,206.0,0.29312799452864796,0.45,0.45,decrease_margin_after_safe_window
1070,URLLC,0.0,0.0,1.0,133.0,0.1990384072802198,0.45,0.45,decrease_margin_after_safe_window
1070,eMBB,0.0,0.0,1.0,24.0,0.9885748304197597,0.45,0.45,decrease_margin_after_safe_window
1070,mMTC,0.0,0.0,0.0,187.0,0.34156545187311277,0.45,0.45,decrease_margin_after_safe_window
1071,URLLC,0.0,0.0,0.0,134.0,0.2066168440934066,0.45,0.45,decrease_margin_after_safe_window
1071,eMBB,0.0,0.0,0.0,24.0,0.9837596000127757,0.45,0.45,decrease_margin_after_safe_window
1071,mMTC,0.0,0.0,0.0,189.0,0.26743059650064216,0.45,0.45,decrease_margin_after_safe_window
1072,URLLC,1.0,0.0,2.0,137.0,0.21903838392857142,0.45,0.7,increase_margin_due_to_sla_pressure
1072,eMBB,0.0,0.0,1.0,25.0,0.987305161411773,0.45,0.45,decrease_margin_after_safe_window
1072,mMTC,0.0,0.0,0.0,189.0,0.30812653516115956,0.45,0.45,decrease_margin_after_safe_window
1073,URLLC,0.0,0.0,0.0,124.0,0.18560189835164836,0.7,0.6499999999999999,decrease_margin_after_safe_window
1073,eMBB,0.0,0.0,0.0,12.0,0.9886657054959616,0.45,0.45,decrease_margin_after_safe_window
1073,mMTC,0.0,0.0,0.0,180.0,0.29705572058507274,0.45,0.45,decrease_margin_after_safe_window
1074,URLLC,0.0,0.0,0.0,128.0,0.18044896085164838,0.6499999999999999,0.5999999999999999,decrease_margin_after_safe_window
1074,eMBB,0.0,0.0,0.0,17.0,0.9854956791125886,0.45,0.45,decrease_margin_after_safe_window
1074,mMTC,0.0,0.0,0.0,190.0,0.29149980058662023,0.45,0.45,decrease_margin_after_safe_window
1075,URLLC,0.0,0.0,1.0,153.0,0.21791816826923077,0.5999999999999999,0.5499999999999998,decrease_margin_after_safe_window
1075,eMBB,0.0,0.0,1.0,28.0,0.9887734515719451,0.45,0.45,decrease_margin_after_safe_window
1075,mMTC,0.0,0.0,0.0,195.0,0.31451612480577273,0.45,0.45,decrease_margin_after_safe_window
1076,URLLC,0.0,0.0,0.0,123.0,0.179552867445055,0.5499999999999998,0.49999999999999983,decrease_margin_after_safe_window
1076,eMBB,0.0,0.0,0.0,16.0,0.9875974118330771,0.45,0.45,decrease_margin_after_safe_window
1076,mMTC,0.0,0.0,0.0,200.0,0.327109143232783,0.45,0.45,decrease_margin_after_safe_window
1077,URLLC,0.0,0.0,0.0,129.0,0.18414740521978024,0.49999999999999983,0.45,decrease_margin_after_safe_window
1077,eMBB,0.0,0.0,0.0,21.0,0.9876359507236768,0.45,0.45,decrease_margin_after_safe_window
1077,mMTC,0.0,0.0,0.0,179.0,0.34038685545180986,0.45,0.45,decrease_margin_after_safe_window
1078,URLLC,0.0,0.0,0.0,123.0,0.17162482623626377,0.45,0.45,decrease_margin_after_safe_window
1078,eMBB,0.0,0.0,0.0,19.0,0.9901260680637665,0.45,0.45,decrease_margin_after_safe_window
1078,mMTC,0.0,0.0,0.0,210.0,0.28089788690199696,0.45,0.45,decrease_margin_after_safe_window
1079,URLLC,0.0,0.0,0.0,123.0,0.1927460446428572,0.45,0.45,decrease_margin_after_safe_window
1079,eMBB,0.0,0.0,0.0,14.0,0.9873363322518495,0.45,0.45,decrease_margin_after_safe_window
1079,mMTC,0.0,0.0,0.0,180.0,0.340225784343636,0.45,0.45,decrease_margin_after_safe_window
1080,URLLC,0.0,0.0,0.0,123.0,0.19484909134615386,0.45,0.45,decrease_margin_after_safe_window
1080,eMBB,0.0,0.0,0.0,18.0,0.9886561611802078,0.45,0.45,decrease_margin_after_safe_window
1080,mMTC,0.0,0.0,0.0,201.0,0.2775090460324155,0.45,0.45,decrease_margin_after_safe_window
1081,URLLC,0.0,0.0,0.0,122.0,0.18148522115384616,0.45,0.45,decrease_margin_after_safe_window
1081,eMBB,0.0,0.0,0.0,23.0,0.9877085623599544,0.45,0.45,decrease_margin_after_safe_window
1081,mMTC,0.0,0.0,0.0,201.0,0.33494463224100934,0.45,0.45,decrease_margin_after_safe_window
1082,URLLC,0.0,0.0,0.0,131.0,0.1972635590659341,0.45,0.45,decrease_margin_after_safe_window
1082,eMBB,0.0,0.0,0.0,13.0,0.9883633292679967,0.45,0.45,decrease_margin_after_safe_window
1082,mMTC,0.0,0.0,0.0,195.0,0.31639538879257717,0.45,0.45,decrease_margin_after_safe_window
1083,URLLC,0.0,0.0,0.0,119.0,0.17745051236263737,0.45,0.45,decrease_margin_after_safe_window
1083,eMBB,0.0,0.0,0.0,13.0,0.9873131883735553,0.45,0.45,decrease_margin_after_safe_window
1083,mMTC,0.0,0.0,0.0,179.0,0.3295864214305813,0.45,0.45,decrease_margin_after_safe_window
1084,URLLC,0.0,0.0,0.0,126.0,0.17766015590659343,0.45,0.45,decrease_margin_after_safe_window
1084,eMBB,0.0,0.0,0.0,27.0,0.9888271680138637,0.45,0.45,decrease_margin_after_safe_window
1084,mMTC,0.0,0.0,0.0,189.0,0.29410849668161276,0.45,0.45,decrease_margin_after_safe_window
1085,URLLC,0.0,0.0,0.0,129.0,0.18891991552197804,0.45,0.45,decrease_margin_after_safe_window
1085,eMBB,0.0,0.0,0.0,19.0,0.9866491800469406,0.45,0.45,decrease_margin_after_safe_window
1085,mMTC,0.0,0.0,0.0,172.0,0.2748886138310648,0.45,0.45,decrease_margin_after_safe_window
1086,URLLC,0.0,0.0,1.0,144.0,0.21517715865384618,0.45,0.45,decrease_margin_after_safe_window
1086,eMBB,0.0,0.0,1.0,20.0,0.9894237018037783,0.45,0.45,decrease_margin_after_safe_window
1086,mMTC,0.0,0.0,0.0,216.0,0.28248083039503713,0.45,0.45,decrease_margin_after_safe_window
1087,URLLC,0.0,0.0,0.0,113.0,0.16754547115384616,0.45,0.45,decrease_margin_after_safe_window
1087,eMBB,0.0,0.0,0.0,18.0,0.9872687925709052,0.45,0.45,decrease_margin_after_safe_window
1087,mMTC,0.0,0.0,0.0,194.0,0.36150410324648335,0.45,0.45,decrease_margin_after_safe_window
1088,URLLC,0.0,0.0,0.0,119.0,0.1720681916208791,0.45,0.45,decrease_margin_after_safe_window
1088,eMBB,0.0,0.0,0.0,16.0,0.9876850091853207,0.45,0.45,decrease_margin_after_safe_window
1088,mMTC,0.0,0.0,0.0,181.0,0.3093221476451845,0.45,0.45,decrease_margin_after_safe_window
1089,URLLC,0.0,0.0,0.0,126.0,0.18013926373626377,0.45,0.45,decrease_margin_after_safe_window
1089,eMBB,0.0,0.0,0.0,16.0,0.9881032699372169,0.45,0.45,decrease_margin_after_safe_window
1089,mMTC,0.0,0.0,0.0,187.0,0.2896921011881505,0.45,0.45,decrease_margin_after_safe_window
1090,URLLC,0.0,0.0,0.0,115.0,0.16513799725274728,0.45,0.45,decrease_margin_after_safe_window
1090,eMBB,0.0,0.0,0.0,22.0,0.987357253408151,0.45,0.45,decrease_margin_after_safe_window
1090,mMTC,0.0,0.0,0.0,199.0,0.2908202899146571,0.45,0.45,decrease_margin_after_safe_window
1091,URLLC,0.0,0.0,1.0,150.0,0.22026596634615386,0.45,0.45,decrease_margin_after_safe_window
1091,eMBB,0.0,0.0,1.0,18.0,0.9887389017444267,0.45,0.45,decrease_margin_after_safe_window
1091,mMTC,0.0,0.0,0.0,199.0,0.3159931438086208,0.45,0.45,decrease_margin_after_safe_window
1092,URLLC,0.0,0.0,0.0,139.0,0.20572128228021977,0.45,0.45,decrease_margin_after_safe_window
1092,eMBB,0.0,0.0,0.0,21.0,0.9869994455824352,0.45,0.45,decrease_margin_after_safe_window
1092,mMTC,0.0,0.0,0.0,199.0,0.2913339668917215,0.45,0.45,decrease_margin_after_safe_window
1093,URLLC,0.0,0.0,0.0,134.0,0.20088751098901098,0.45,0.45,decrease_margin_after_safe_window
1093,eMBB,0.0,0.0,0.0,13.0,0.9874968875712525,0.45,0.45,decrease_margin_after_safe_window
1093,mMTC,0.0,0.0,0.0,171.0,0.31051330730604526,0.45,0.45,decrease_margin_after_safe_window
1094,URLLC,0.0,0.0,0.0,125.0,0.18221151991758242,0.45,0.45,decrease_margin_after_safe_window
1094,eMBB,0.0,0.0,0.0,24.0,0.9871797932604155,0.45,0.45,decrease_margin_after_safe_window
1094,mMTC,0.0,0.0,0.0,197.0,0.27499737270441926,0.45,0.45,decrease_margin_after_safe_window
1095,URLLC,0.0,0.0,0.0,133.0,0.1902382039835165,0.45,0.45,decrease_margin_after_safe_window
1095,eMBB,0.0,0.0,0.0,18.0,0.9890878121237462,0.45,0.45,decrease_margin_after_safe_window
1095,mMTC,0.0,0.0,0.0,194.0,0.30713284506928523,0.45,0.45,decrease_margin_after_safe_window
1096,URLLC,0.0,0.0,1.0,140.0,0.20439527953296707,0.45,0.45,decrease_margin_after_safe_window
1096,eMBB,0.0,0.0,1.0,17.0,0.9869355228567634,0.45,0.45,decrease_margin_after_safe_window
1096,mMTC,0.0,0.0,0.0,189.0,0.3145506453290682,0.45,0.45,decrease_margin_after_safe_window
1097,URLLC,0.0,0.0,0.0,133.0,0.19195209821428572,0.45,0.45,decrease_margin_after_safe_window
1097,eMBB,0.0,0.0,0.0,26.0,0.9876229521767835,0.45,0.45,decrease_margin_after_safe_window
1097,mMTC,0.0,0.0,0.0,184.0,0.294695657545965,0.45,0.45,decrease_margin_after_safe_window
1098,URLLC,0.0,0.0,0.0,127.0,0.19493798145604396,0.45,0.45,decrease_margin_after_safe_window
1098,eMBB,0.0,0.0,0.0,19.0,0.9842684630235713,0.45,0.45,decrease_margin_after_safe_window
1098,mMTC,0.0,0.0,0.0,200.0,0.3209101292833254,0.45,0.45,decrease_margin_after_safe_window
1099,URLLC,0.0,0.0,0.0,125.0,0.19110437774725275,0.45,0.45,decrease_margin_after_safe_window
1099,eMBB,0.0,0.0,0.0,21.0,0.9868841206274154,0.45,0.45,decrease_margin_after_safe_window
1099,mMTC,0.0,0.0,0.0,189.0,0.33520807961449833,0.45,0.45,decrease_margin_after_safe_window
1100,URLLC,0.0,0.0,0.0,127.0,0.18975667857142858,0.45,0.45,decrease_margin_after_safe_window
1100,eMBB,0.0,0.0,0.0,27.0,0.9892899905328109,0.45,0.45,decrease_margin_after_safe_window
1100,mMTC,0.0,0.0,0.0,180.0,0.32199826223279565,0.45,0.45,decrease_margin_after_safe_window
1101,URLLC,0.0,0.0,0.0,121.0,0.19510324587912087,0.45,0.45,decrease_margin_after_safe_window
1101,eMBB,0.0,0.0,0.0,24.0,0.9870143885200621,0.45,0.45,decrease_margin_after_safe_window
1101,mMTC,0.0,0.0,0.0,193.0,0.289131731155244,0.45,0.45,decrease_margin_after_safe_window
1102,URLLC,0.0,0.0,0.0,127.0,0.19558633722527471,0.45,0.45,decrease_margin_after_safe_window
1102,eMBB,0.0,0.0,0.0,26.0,0.9872708158577632,0.45,0.45,decrease_margin_after_safe_window
1102,mMTC,0.0,0.0,0.0,189.0,0.32099092419296066,0.45,0.45,decrease_margin_after_safe_window
1103,URLLC,0.0,0.0,0.0,123.0,0.17463813392857144,0.45,0.45,decrease_margin_after_safe_window
1103,eMBB,0.0,0.0,0.0,19.0,0.9860816454492113,0.45,0.45,decrease_margin_after_safe_window
1103,mMTC,0.0,0.0,0.0,194.0,0.30040115780213145,0.45,0.45,decrease_margin_after_safe_window
1104,URLLC,0.0,0.0,0.0,130.0,0.1988458434065934,0.45,0.45,decrease_margin_after_safe_window
1104,eMBB,0.0,0.0,0.0,28.0,0.9842767353082865,0.45,0.45,decrease_margin_after_safe_window
1104,mMTC,0.0,0.0,0.0,182.0,0.31494834908164915,0.45,0.45,decrease_margin_after_safe_window
1105,URLLC,0.0,0.0,0.0,134.0,0.19196029945054943,0.45,0.45,decrease_margin_after_safe_window
1105,eMBB,0.0,0.0,0.0,25.0,0.9891870850085208,0.45,0.45,decrease_margin_after_safe_window
1105,mMTC,0.0,0.0,0.0,197.0,0.28539784659515094,0.45,0.45,decrease_margin_after_safe_window
1106,URLLC,0.0,0.0,0.0,123.0,0.18084527541208792,0.45,0.45,decrease_margin_after_safe_window
1106,eMBB,0.0,0.0,0.0,20.0,0.9887384822415834,0.45,0.45,decrease_margin_after_safe_window
1106,mMTC,0.0,0.0,0.0,188.0,0.3303520665469342,0.45,0.45,decrease_margin_after_safe_window
1107,URLLC,0.0,0.0,0.0,126.0,0.18680078296703298,0.45,0.45,decrease_margin_after_safe_window
1107,eMBB,0.0,0.0,0.0,20.0,0.987917198795686,0.45,0.45,decrease_margin_after_safe_window
1107,mMTC,0.0,0.0,0.0,180.0,0.31397345146099026,0.45,0.45,decrease_margin_after_safe_window
1108,URLLC,0.0,0.0,0.0,144.0,0.21130461744505497,0.45,0.45,decrease_margin_after_safe_window
1108,eMBB,0.0,0.0,0.0,17.0,0.9880475862280198,0.45,0.45,decrease_margin_after_safe_window
1108,mMTC,0.0,0.0,0.0,204.0,0.2915411325255087,0.45,0.45,decrease_margin_after_safe_window
1109,URLLC,0.0,0.0,1.0,134.0,0.20100587293956046,0.45,0.45,decrease_margin_after_safe_window
1109,eMBB,0.0,0.0,1.0,14.0,0.9897583996614429,0.45,0.45,decrease_margin_after_safe_window
1109,mMTC,0.0,0.0,0.0,192.0,0.3343431847890466,0.45,0.45,decrease_margin_after_safe_window
1110,URLLC,0.0,0.0,0.0,118.0,0.1734517534340659,0.45,0.45,decrease_margin_after_safe_window
1110,eMBB,0.0,0.0,0.0,17.0,0.9877247323297164,0.45,0.45,decrease_margin_after_safe_window
1110,mMTC,0.0,0.0,0.0,183.0,0.30733162173242307,0.45,0.45,decrease_margin_after_safe_window
1111,URLLC,0.0,0.0,0.0,136.0,0.18861150824175826,0.45,0.45,decrease_margin_after_safe_window
1111,eMBB,0.0,0.0,0.0,25.0,0.9895290065351683,0.45,0.45,decrease_margin_after_safe_window
1111,mMTC,0.0,0.0,0.0,201.0,0.2993907510214526,0.45,0.45,decrease_margin_after_safe_window
1112,URLLC,0.0,0.0,0.0,124.0,0.19138273763736266,0.45,0.45,decrease_margin_after_safe_window
1112,eMBB,0.0,0.0,0.0,8.0,0.9863076360008219,0.45,0.45,decrease_margin_after_safe_window
1112,mMTC,0.0,0.0,0.0,187.0,0.34011698352368874,0.45,0.45,decrease_margin_after_safe_window
1113,URLLC,0.0,0.0,0.0,120.0,0.17948193887362637,0.45,0.45,decrease_margin_after_safe_window
1113,eMBB,0.0,0.0,0.0,18.0,0.9847770122863742,0.45,0.45,decrease_margin_after_safe_window
1113,mMTC,0.0,0.0,0.0,202.0,0.28585096991589065,0.45,0.45,decrease_margin_after_safe_window
1114,URLLC,0.0,0.0,0.0,131.0,0.18796491002747254,0.45,0.45,decrease_margin_after_safe_window
1114,eMBB,0.0,0.0,0.0,26.0,0.989311856606322,0.45,0.45,decrease_margin_after_safe_window
1114,mMTC,0.0,0.0,0.0,190.0,0.32205264536052447,0.45,0.45,decrease_margin_after_safe_window
1115,URLLC,0.0,0.0,0.0,120.0,0.1888660913461538,0.45,0.45,decrease_margin_after_safe_window
1115,eMBB,0.0,0.0,0.0,21.0,0.9873405713633868,0.45,0.45,decrease_margin_after_safe_window
1115,mMTC,0.0,0.0,0.0,195.0,0.2973505590117879,0.45,0.45,decrease_margin_after_safe_window
1116,URLLC,0.0,0.0,0.0,134.0,0.19600783653846157,0.45,0.45,decrease_margin_after_safe_window
1116,eMBB,0.0,0.0,0.0,18.0,0.9880188674168692,0.45,0.45,decrease_margin_after_safe_window
1116,mMTC,0.0,0.0,0.0,179.0,0.3133855650831827,0.45,0.45,decrease_margin_after_safe_window
1117,URLLC,0.0,0.0,0.0,119.0,0.1758815631868132,0.45,0.45,decrease_margin_after_safe_window
1117,eMBB,0.0,0.0,0.0,25.0,0.9877146596075279,0.45,0.45,decrease_margin_after_safe_window
1117,mMTC,0.0,0.0,0.0,212.0,0.26265700072698944,0.45,0.45,decrease_margin_after_safe_window
1118,URLLC,0.0,0.0,1.0,139.0,0.2068563550824176,0.45,0.45,decrease_margin_after_safe_window
1118,eMBB,0.0,0.0,1.0,23.0,0.9889427460875376,0.45,0.45,decrease_margin_after_safe_window
1118,mMTC,0.0,0.0,0.0,185.0,0.35835807463193853,0.45,0.45,decrease_margin_after_safe_window
1119,URLLC,0.0,0.0,0.0,122.0,0.17979734065934067,0.45,0.45,decrease_margin_after_safe_window
1119,eMBB,0.0,0.0,0.0,14.0,0.9861558489994907,0.45,0.45,decrease_margin_after_safe_window
1119,mMTC,0.0,0.0,0.0,186.0,0.3161092562713052,0.45,0.45,decrease_margin_after_safe_window
1120,URLLC,0.0,0.0,0.0,130.0,0.20006588873626377,0.45,0.45,decrease_margin_after_safe_window
1120,eMBB,0.0,0.0,0.0,18.0,0.9877975471650665,0.45,0.45,decrease_margin_after_safe_window
1120,mMTC,0.0,0.0,0.0,200.0,0.2699689458047945,0.45,0.45,decrease_margin_after_safe_window
1121,URLLC,0.0,0.0,0.0,131.0,0.20157992445054945,0.45,0.45,decrease_margin_after_safe_window
1121,eMBB,0.0,0.0,0.0,20.0,0.9894970789351032,0.45,0.45,decrease_margin_after_safe_window
1121,mMTC,0.0,0.0,0.0,191.0,0.30496630998618063,0.45,0.45,decrease_margin_after_safe_window
1122,URLLC,0.0,0.0,0.0,127.0,0.20208662843406597,0.45,0.45,decrease_margin_after_safe_window
1122,eMBB,0.0,0.0,0.0,18.0,0.9849141291717866,0.45,0.45,decrease_margin_after_safe_window
1122,mMTC,0.0,0.0,0.0,191.0,0.2981134623843956,0.45,0.45,decrease_margin_after_safe_window
1123,URLLC,0.0,0.0,0.0,131.0,0.18935615109890108,0.45,0.45,decrease_margin_after_safe_window
1123,eMBB,0.0,0.0,0.0,18.0,0.9881396497875652,0.45,0.45,decrease_margin_after_safe_window
1123,mMTC,0.0,0.0,0.0,197.0,0.3011043219069585,0.45,0.45,decrease_margin_after_safe_window
1124,URLLC,0.0,0.0,0.0,117.0,0.17400073351648354,0.45,0.45,decrease_margin_after_safe_window
1124,eMBB,0.0,0.0,0.0,22.0,0.9882147481204157,0.45,0.45,decrease_margin_after_safe_window
1124,mMTC,0.0,0.0,0.0,189.0,0.3161415109918586,0.45,0.45,decrease_margin_after_safe_window
1125,URLLC,0.0,0.0,0.0,128.0,0.1952358385989011,0.45,0.45,decrease_margin_after_safe_window
1125,eMBB,0.0,0.0,0.0,19.0,0.9877687673302418,0.45,0.45,decrease_margin_after_safe_window
1125,mMTC,0.0,0.0,0.0,188.0,0.31658302575105596,0.45,0.45,decrease_margin_after_safe_window
1126,URLLC,0.0,0.0,0.0,123.0,0.19178143612637363,0.45,0.45,decrease_margin_after_safe_window
1126,eMBB,0.0,0.0,0.0,20.0,0.9880088116174994,0.45,0.45,decrease_margin_after_safe_window
1126,mMTC,0.0,0.0,0.0,189.0,0.31032026563408277,0.45,0.45,decrease_margin_after_safe_window
1127,URLLC,0.0,0.0,0.0,118.0,0.17752863736263738,0.45,0.45,decrease_margin_after_safe_window
1127,eMBB,0.0,0.0,0.0,23.0,0.988757952890701,0.45,0.45,decrease_margin_after_safe_window
1127,mMTC,0.0,0.0,0.0,203.0,0.30212052526430744,0.45,0.45,decrease_margin_after_safe_window
1128,URLLC,0.0,0.0,0.0,112.0,0.16817440453296703,0.45,0.45,decrease_margin_after_safe_window
1128,eMBB,0.0,0.0,0.0,23.0,0.9890093420841811,0.45,0.45,decrease_margin_after_safe_window
1128,mMTC,0.0,0.0,0.0,178.0,0.32323629113858404,0.45,0.45,decrease_margin_after_safe_window
1129,URLLC,0.0,0.0,0.0,126.0,0.19900849519230768,0.45,0.45,decrease_margin_after_safe_window
1129,eMBB,0.0,0.0,0.0,10.0,0.9873518608219157,0.45,0.45,decrease_margin_after_safe_window
1129,mMTC,0.0,0.0,0.0,186.0,0.27855122316805586,0.45,0.45,decrease_margin_after_safe_window
1130,URLLC,0.0,0.0,0.0,114.0,0.1652533598901099,0.45,0.45,decrease_margin_after_safe_window
1130,eMBB,0.0,0.0,0.0,20.0,0.9853667004123017,0.45,0.45,decrease_margin_after_safe_window
1130,mMTC,0.0,0.0,0.0,192.0,0.3095263752428718,0.45,0.45,decrease_margin_after_safe_window
1131,URLLC,0.0,0.0,0.0,114.0,0.17121911126373626,0.45,0.45,decrease_margin_after_safe_window
1131,eMBB,0.0,0.0,0.0,19.0,0.9862419363141083,0.45,0.45,decrease_margin_after_safe_window
1131,mMTC,0.0,0.0,0.0,185.0,0.3040986768795865,0.45,0.45,decrease_margin_after_safe_window
1132,URLLC,0.0,0.0,0.0,142.0,0.20812493475274724,0.45,0.45,decrease_margin_after_safe_window
1132,eMBB,0.0,0.0,0.0,21.0,0.9871449574741195,0.45,0.45,decrease_margin_after_safe_window
1132,mMTC,0.0,0.0,0.0,193.0,0.304278751857236,0.45,0.45,decrease_margin_after_safe_window
1133,URLLC,0.0,0.0,0.0,119.0,0.1782105054945055,0.45,0.45,decrease_margin_after_safe_window
1133,eMBB,0.0,0.0,0.0,31.0,0.9848652994375485,0.45,0.45,decrease_margin_after_safe_window
1133,mMTC,0.0,0.0,0.0,185.0,0.2952518073540472,0.45,0.45,decrease_margin_after_safe_window
1134,URLLC,1.0,0.0,1.0,123.0,0.17775261813186813,0.45,0.7,increase_margin_due_to_sla_pressure
1134,eMBB,0.0,0.0,0.0,28.0,0.9861031472163895,0.45,0.45,decrease_margin_after_safe_window
1134,mMTC,0.0,0.0,0.0,204.0,0.31400650407658937,0.45,0.45,decrease_margin_after_safe_window
1135,URLLC,0.0,0.0,0.0,121.0,0.17760125755494507,0.7,0.6499999999999999,decrease_margin_after_safe_window
1135,eMBB,0.0,0.0,0.0,23.0,0.9860637835058027,0.45,0.45,decrease_margin_after_safe_window
1135,mMTC,0.0,0.0,0.0,183.0,0.3091367581981017,0.45,0.45,decrease_margin_after_safe_window
1136,URLLC,0.0,0.0,0.0,126.0,0.18363270192307693,0.6499999999999999,0.5999999999999999,decrease_margin_after_safe_window
1136,eMBB,0.0,0.0,0.0,15.0,0.9873301856677472,0.45,0.45,decrease_margin_after_safe_window
1136,mMTC,0.0,0.0,0.0,195.0,0.30195789950389856,0.45,0.45,decrease_margin_after_safe_window
1137,URLLC,0.0,0.0,0.0,128.0,0.18667208104395608,0.5999999999999999,0.5499999999999998,decrease_margin_after_safe_window
1137,eMBB,0.0,0.0,0.0,16.0,0.9871172217195053,0.45,0.45,decrease_margin_after_safe_window
1137,mMTC,0.0,0.0,0.0,210.0,0.314933692235854,0.45,0.45,decrease_margin_after_safe_window
1138,URLLC,0.0,0.0,1.0,127.0,0.19122008997252746,0.5499999999999998,0.49999999999999983,decrease_margin_after_safe_window
1138,eMBB,0.0,0.0,1.0,19.0,0.9894868210778861,0.45,0.45,decrease_margin_after_safe_window
1138,mMTC,0.0,0.0,0.0,197.0,0.354848300093452,0.45,0.45,decrease_margin_after_safe_window
1139,URLLC,0.0,0.0,1.0,146.0,0.22825638324175826,0.49999999999999983,0.45,decrease_margin_after_safe_window
1139,eMBB,0.0,0.0,1.0,22.0,0.9885858668332717,0.45,0.45,decrease_margin_after_safe_window
1139,mMTC,0.0,0.0,0.0,176.0,0.29953105976277417,0.45,0.45,decrease_margin_after_safe_window
1140,URLLC,0.0,0.0,0.0,127.0,0.1966635103021978,0.45,0.45,decrease_margin_after_safe_window
1140,eMBB,0.0,0.0,0.0,17.0,0.986719295119743,0.45,0.45,decrease_margin_after_safe_window
1140,mMTC,0.0,0.0,0.0,206.0,0.2929593272403559,0.45,0.45,decrease_margin_after_safe_window
1141,URLLC,0.0,0.0,0.0,118.0,0.1792800391483517,0.45,0.45,decrease_margin_after_safe_window
1141,eMBB,0.0,0.0,0.0,17.0,0.9894322668706589,0.45,0.45,decrease_margin_after_safe_window
1141,mMTC,0.0,0.0,0.0,203.0,0.31580502817966855,0.45,0.45,decrease_margin_after_safe_window
1142,URLLC,0.0,0.0,1.0,136.0,0.21530756112637364,0.45,0.45,decrease_margin_after_safe_window
1142,eMBB,0.0,0.0,1.0,16.0,0.9890538949755358,0.45,0.45,decrease_margin_after_safe_window
1142,mMTC,0.0,0.0,0.0,182.0,0.30680035316900617,0.45,0.45,decrease_margin_after_safe_window
1143,URLLC,0.0,0.0,0.0,127.0,0.18873605013736264,0.45,0.45,decrease_margin_after_safe_window
1143,eMBB,0.0,0.0,0.0,29.0,0.9881664019787522,0.45,0.45,decrease_margin_after_safe_window
1143,mMTC,0.0,0.0,0.0,207.0,0.29364237893715456,0.45,0.45,decrease_margin_after_safe_window
1144,URLLC,0.0,0.0,0.0,118.0,0.18153671016483516,0.45,0.45,decrease_margin_after_safe_window
1144,eMBB,0.0,0.0,0.0,13.0,0.9885496120218263,0.45,0.45,decrease_margin_after_safe_window
1144,mMTC,0.0,0.0,0.0,180.0,0.32676461560328096,0.45,0.45,decrease_margin_after_safe_window
1145,URLLC,0.0,0.0,0.0,125.0,0.1780552184065934,0.45,0.45,decrease_margin_after_safe_window
1145,eMBB,0.0,0.0,0.0,22.0,0.9876724681200185,0.45,0.45,decrease_margin_after_safe_window
1145,mMTC,0.0,0.0,0.0,205.0,0.27668038224198604,0.45,0.45,decrease_margin_after_safe_window
1146,URLLC,0.0,0.0,1.0,123.0,0.1963131607142857,0.45,0.45,decrease_margin_after_safe_window
1146,eMBB,0.0,0.0,1.0,27.0,0.9880265978937733,0.45,0.45,decrease_margin_after_safe_window
1146,mMTC,0.0,0.0,0.0,184.0,0.3328079899794138,0.45,0.45,decrease_margin_after_safe_window
1147,URLLC,0.0,0.0,0.0,129.0,0.2011992925824176,0.45,0.45,decrease_margin_after_safe_window
1147,eMBB,0.0,0.0,0.0,19.0,0.9882298885392536,0.45,0.45,decrease_margin_after_safe_window
1147,mMTC,0.0,0.0,0.0,191.0,0.30706178767100434,0.45,0.45,decrease_margin_after_safe_window
1148,URLLC,0.0,0.0,0.0,125.0,0.17781240247252747,0.45,0.45,decrease_margin_after_safe_window
1148,eMBB,0.0,0.0,0.0,15.0,0.9870638400057034,0.45,0.45,decrease_margin_after_safe_window
1148,mMTC,0.0,0.0,0.0,181.0,0.3044961728572906,0.45,0.45,decrease_margin_after_safe_window
1149,URLLC,0.0,0.0,0.0,125.0,0.18239649931318683,0.45,0.45,decrease_margin_after_safe_window
1149,eMBB,0.0,0.0,0.0,23.0,0.9890377741662935,0.45,0.45,decrease_margin_after_safe_window
1149,mMTC,0.0,0.0,0.0,201.0,0.2983123358192943,0.45,0.45,decrease_margin_after_safe_window
1150,URLLC,0.0,0.0,0.0,111.0,0.17386183379120881,0.45,0.45,decrease_margin_after_safe_window
1150,eMBB,0.0,0.0,0.0,9.0,0.9873894616797128,0.45,0.45,decrease_margin_after_safe_window
1150,mMTC,0.0,0.0,0.0,204.0,0.32318679696422487,0.45,0.45,decrease_margin_after_safe_window
1151,URLLC,0.0,0.0,0.0,119.0,0.19160007417582417,0.45,0.45,decrease_margin_after_safe_window
1151,eMBB,0.0,0.0,0.0,21.0,0.9859847289730108,0.45,0.45,decrease_margin_after_safe_window
1151,mMTC,0.0,0.0,0.0,185.0,0.34883809458671217,0.45,0.45,decrease_margin_after_safe_window
1152,URLLC,0.0,0.0,0.0,107.0,0.1707188447802198,0.45,0.45,decrease_margin_after_safe_window
1152,eMBB,0.0,0.0,0.0,19.0,0.9879460888914737,0.45,0.45,decrease_margin_after_safe_window
1152,mMTC,0.0,0.0,0.0,196.0,0.2710901441401668,0.45,0.45,decrease_margin_after_safe_window
1153,URLLC,0.0,0.0,0.0,130.0,0.20568809271978022,0.45,0.45,decrease_margin_after_safe_window
1153,eMBB,0.0,0.0,0.0,12.0,0.9858898186494697,0.45,0.45,decrease_margin_after_safe_window
1153,mMTC,0.0,0.0,0.0,188.0,0.30435863552830134,0.45,0.45,decrease_margin_after_safe_window
1154,URLLC,0.0,0.0,0.0,120.0,0.174295478021978,0.45,0.45,decrease_margin_after_safe_window
1154,eMBB,0.0,0.0,0.0,30.0,0.9885524969557954,0.45,0.45,decrease_margin_after_safe_window
1154,mMTC,0.0,0.0,0.0,206.0,0.280476166415969,0.45,0.45,decrease_margin_after_safe_window
1155,URLLC,0.0,0.0,0.0,125.0,0.18917761744505496,0.45,0.45,decrease_margin_after_safe_window
1155,eMBB,0.0,0.0,0.0,24.0,0.986033983808288,0.45,0.45,decrease_margin_after_safe_window
1155,mMTC,0.0,0.0,0.0,191.0,0.3312234075933561,0.45,0.45,decrease_margin_after_safe_window
1156,URLLC,0.0,0.0,0.0,124.0,0.18122463873626377,0.45,0.45,decrease_margin_after_safe_window
1156,eMBB,0.0,0.0,0.0,18.0,0.9884771465086117,0.45,0.45,decrease_margin_after_safe_window
1156,mMTC,0.0,0.0,0.0,198.0,0.31063322786409264,0.45,0.45,decrease_margin_after_safe_window
1157,URLLC,0.0,0.0,1.0,140.0,0.21737061263736265,0.45,0.45,decrease_margin_after_safe_window
1157,eMBB,0.0,0.0,1.0,17.0,0.9902497137562979,0.45,0.45,decrease_margin_after_safe_window
1157,mMTC,0.0,0.0,0.0,200.0,0.3384735528596141,0.45,0.45,decrease_margin_after_safe_window
1158,URLLC,0.0,0.0,1.0,129.0,0.19798432554945053,0.45,0.45,decrease_margin_after_safe_window
1158,eMBB,0.0,0.0,1.0,16.0,0.9883037992383094,0.45,0.45,decrease_margin_after_safe_window
1158,mMTC,0.0,0.0,0.0,194.0,0.32838064346280865,0.45,0.45,decrease_margin_after_safe_window
1159,URLLC,0.0,0.0,1.0,130.0,0.1926865006868132,0.45,0.45,decrease_margin_after_safe_window
1159,eMBB,0.0,0.0,1.0,18.0,0.9885066673613082,0.45,0.45,decrease_margin_after_safe_window
1159,mMTC,0.0,0.0,0.0,175.0,0.34272061964826467,0.45,0.45,decrease_margin_after_safe_window
1160,URLLC,0.0,0.0,0.0,142.0,0.21661692651098902,0.45,0.45,decrease_margin_after_safe_window
1160,eMBB,0.0,0.0,0.0,21.0,0.989111348421201,0.45,0.45,decrease_margin_after_safe_window
1160,mMTC,0.0,0.0,0.0,222.0,0.27174464161055556,0.45,0.45,decrease_margin_after_safe_window
1161,URLLC,0.0,0.0,1.0,124.0,0.1923727513736264,0.45,0.45,decrease_margin_after_safe_window
1161,eMBB,0.0,0.0,1.0,19.0,0.9903381670851524,0.45,0.45,decrease_margin_after_safe_window
1161,mMTC,0.0,0.0,0.0,186.0,0.3865040246230739,0.45,0.45,decrease_margin_after_safe_window
1162,URLLC,0.0,0.0,0.0,134.0,0.2068555157967033,0.45,0.45,decrease_margin_after_safe_window
1162,eMBB,0.0,0.0,0.0,15.0,0.9866692546213438,0.45,0.45,decrease_margin_after_safe_window
1162,mMTC,0.0,0.0,0.0,199.0,0.29237032065002355,0.45,0.45,decrease_margin_after_safe_window
1163,URLLC,0.0,0.0,0.0,115.0,0.17975819024725276,0.45,0.45,decrease_margin_after_safe_window
1163,eMBB,0.0,0.0,0.0,22.0,0.9879470433672077,0.45,0.45,decrease_margin_after_safe_window
1163,mMTC,0.0,0.0,0.0,194.0,0.3086747243899642,0.45,0.45,decrease_margin_after_safe_window
1164,URLLC,0.0,0.0,0.0,136.0,0.19300409684065936,0.45,0.45,decrease_margin_after_safe_window
1164,eMBB,0.0,0.0,0.0,26.0,0.9900692456595939,0.45,0.45,decrease_margin_after_safe_window
1164,mMTC,0.0,0.0,0.0,188.0,0.32110000973832303,0.45,0.45,decrease_margin_after_safe_window
1165,URLLC,0.0,0.0,1.0,135.0,0.19793367719780222,0.45,0.45,decrease_margin_after_safe_window
1165,eMBB,0.0,0.0,1.0,16.0,0.9873874294214912,0.45,0.45,decrease_margin_after_safe_window
1165,mMTC,0.0,0.0,0.0,197.0,0.32978391560000525,0.45,0.45,decrease_margin_after_safe_window
1166,URLLC,0.0,0.0,0.0,124.0,0.17761755769230766,0.45,0.45,decrease_margin_after_safe_window
1166,eMBB,0.0,0.0,0.0,14.0,0.9887727844414764,0.45,0.45,decrease_margin_after_safe_window
1166,mMTC,0.0,0.0,0.0,190.0,0.32511536604722735,0.45,0.45,decrease_margin_after_safe_window
1167,URLLC,0.0,0.0,0.0,131.0,0.19748236675824177,0.45,0.45,decrease_margin_after_safe_window
1167,eMBB,0.0,0.0,0.0,14.0,0.9872171998691194,0.45,0.45,decrease_margin_after_safe_window
1167,mMTC,0.0,0.0,0.0,205.0,0.31120294640833407,0.45,0.45,decrease_margin_after_safe_window
1168,URLLC,0.0,0.0,0.0,145.0,0.21116447939560443,0.45,0.45,decrease_margin_after_safe_window
1168,eMBB,0.0,0.0,0.0,16.0,0.9868999125431287,0.45,0.45,decrease_margin_after_safe_window
1168,mMTC,0.0,0.0,0.0,182.0,0.30754514557598395,0.45,0.45,decrease_margin_after_safe_window
1169,URLLC,0.0,0.0,0.0,124.0,0.17351569024725275,0.45,0.45,decrease_margin_after_safe_window
1169,eMBB,0.0,0.0,0.0,20.0,0.9885861327908477,0.45,0.45,decrease_margin_after_safe_window
1169,mMTC,0.0,0.0,0.0,179.0,0.28803231119885575,0.45,0.45,decrease_margin_after_safe_window
1170,URLLC,0.0,0.0,0.0,122.0,0.1847097458791209,0.45,0.45,decrease_margin_after_safe_window
1170,eMBB,0.0,0.0,0.0,15.0,0.9877645229742659,0.45,0.45,decrease_margin_after_safe_window
1170,mMTC,0.0,0.0,0.0,192.0,0.284410457870572,0.45,0.45,decrease_margin_after_safe_window
1171,URLLC,0.0,0.0,0.0,115.0,0.1754395590659341,0.45,0.45,decrease_margin_after_safe_window
1171,eMBB,0.0,0.0,0.0,19.0,0.9882015649609065,0.45,0.45,decrease_margin_after_safe_window
1171,mMTC,0.0,0.0,0.0,190.0,0.3226177133495082,0.45,0.45,decrease_margin_after_safe_window
1172,URLLC,0.0,0.0,0.0,122.0,0.19079755837912085,0.45,0.45,decrease_margin_after_safe_window
1172,eMBB,0.0,0.0,0.0,20.0,0.9859891038636794,0.45,0.45,decrease_margin_after_safe_window
1172,mMTC,0.0,0.0,0.0,187.0,0.3006616353900326,0.45,0.45,decrease_margin_after_safe_window
1173,URLLC,0.0,0.0,0.0,122.0,0.1922627197802198,0.45,0.45,decrease_margin_after_safe_window
1173,eMBB,0.0,0.0,0.0,28.0,0.9843952853324455,0.45,0.45,decrease_margin_after_safe_window
1173,mMTC,0.0,0.0,0.0,191.0,0.28922919000898156,0.45,0.45,decrease_margin_after_safe_window
1174,URLLC,0.0,0.0,1.0,136.0,0.21015250137362637,0.45,0.45,decrease_margin_after_safe_window
1174,eMBB,0.0,0.0,1.0,23.0,0.9896825745521165,0.45,0.45,decrease_margin_after_safe_window
1174,mMTC,0.0,0.0,0.0,181.0,0.3215563651651808,0.45,0.45,decrease_margin_after_safe_window
1175,URLLC,0.0,0.0,0.0,122.0,0.19500291895604396,0.45,0.45,decrease_margin_after_safe_window
1175,eMBB,0.0,0.0,0.0,23.0,0.986121731352821,0.45,0.45,decrease_margin_after_safe_window
1175,mMTC,0.0,0.0,0.0,178.0,0.29521389995092534,0.45,0.45,decrease_margin_after_safe_window
1176,URLLC,0.0,0.0,0.0,139.0,0.21029054876373626,0.45,0.45,decrease_margin_after_safe_window
1176,eMBB,0.0,0.0,0.0,15.0,0.9868037030555994,0.45,0.45,decrease_margin_after_safe_window
1176,mMTC,0.0,0.0,0.0,200.0,0.27998548089336245,0.45,0.45,decrease_margin_after_safe_window
1177,URLLC,0.0,0.0,0.0,127.0,0.18896735096153844,0.45,0.45,decrease_margin_after_safe_window
1177,eMBB,0.0,0.0,0.0,16.0,0.9874254084347341,0.45,0.45,decrease_margin_after_safe_window
1177,mMTC,0.0,0.0,0.0,188.0,0.32479320686182195,0.45,0.45,decrease_margin_after_safe_window
1178,URLLC,0.0,0.0,0.0,130.0,0.19387506250000003,0.45,0.45,decrease_margin_after_safe_window
1178,eMBB,0.0,0.0,0.0,22.0,0.9853356385834361,0.45,0.45,decrease_margin_after_safe_window
1178,mMTC,0.0,0.0,0.0,175.0,0.3151380979039313,0.45,0.45,decrease_margin_after_safe_window
1179,URLLC,0.0,0.0,0.0,130.0,0.21238088873626373,0.45,0.45,decrease_margin_after_safe_window
1179,eMBB,0.0,0.0,0.0,23.0,0.9856574390320061,0.45,0.45,decrease_margin_after_safe_window
1179,mMTC,0.0,0.0,0.0,187.0,0.26835597550269435,0.45,0.45,decrease_margin_after_safe_window
1180,URLLC,0.0,0.0,0.0,127.0,0.18224945260989012,0.45,0.45,decrease_margin_after_safe_window
1180,eMBB,0.0,0.0,0.0,21.0,0.9883961607718584,0.45,0.45,decrease_margin_after_safe_window
1180,mMTC,0.0,0.0,0.0,173.0,0.2917714673466182,0.45,0.45,decrease_margin_after_safe_window
1181,URLLC,0.0,0.0,0.0,125.0,0.1950451311813187,0.45,0.45,decrease_margin_after_safe_window
1181,eMBB,0.0,0.0,0.0,28.0,0.9870513328057855,0.45,0.45,decrease_margin_after_safe_window
1181,mMTC,0.0,0.0,0.0,207.0,0.2927167594264842,0.45,0.45,decrease_margin_after_safe_window
1182,URLLC,0.0,0.0,0.0,121.0,0.16982910027472528,0.45,0.45,decrease_margin_after_safe_window
1182,eMBB,0.0,0.0,0.0,27.0,0.9885364198087083,0.45,0.45,decrease_margin_after_safe_window
1182,mMTC,0.0,0.0,0.0,192.0,0.32425161409913433,0.45,0.45,decrease_margin_after_safe_window
1183,URLLC,0.0,0.0,0.0,125.0,0.1981378976648352,0.45,0.45,decrease_margin_after_safe_window
1183,eMBB,0.0,0.0,0.0,20.0,0.987615500797223,0.45,0.45,decrease_margin_after_safe_window
1183,mMTC,0.0,0.0,0.0,189.0,0.2948171870555908,0.45,0.45,decrease_margin_after_safe_window
1184,URLLC,0.0,0.0,0.0,116.0,0.17263764285714286,0.45,0.45,decrease_margin_after_safe_window
1184,eMBB,0.0,0.0,0.0,22.0,0.9870461223478202,0.45,0.45,decrease_margin_after_safe_window
1184,mMTC,0.0,0.0,0.0,186.0,0.31005880549943726,0.45,0.45,decrease_margin_after_safe_window
1185,URLLC,0.0,0.0,1.0,138.0,0.21731791758241759,0.45,0.45,decrease_margin_after_safe_window
1185,eMBB,0.0,0.0,1.0,17.0,0.9901883774350376,0.45,0.45,decrease_margin_after_safe_window
1185,mMTC,0.0,0.0,0.0,204.0,0.322154212079663,0.45,0.45,decrease_margin_after_safe_window
1186,URLLC,0.0,0.0,0.0,130.0,0.1838254004120879,0.45,0.45,decrease_margin_after_safe_window
1186,eMBB,0.0,0.0,0.0,12.0,0.9866813200145444,0.45,0.45,decrease_margin_after_safe_window
1186,mMTC,0.0,0.0,0.0,190.0,0.3372133175327294,0.45,0.45,decrease_margin_after_safe_window
1187,URLLC,0.0,0.0,0.0,118.0,0.18284004395604397,0.45,0.45,decrease_margin_after_safe_window
1187,eMBB,0.0,0.0,0.0,29.0,0.9870074638458866,0.45,0.45,decrease_margin_after_safe_window
1187,mMTC,0.0,0.0,0.0,192.0,0.309244492585191,0.45,0.45,decrease_margin_after_safe_window
1188,URLLC,0.0,0.0,0.0,135.0,0.18698452678571426,0.45,0.45,decrease_margin_after_safe_window
1188,eMBB,0.0,0.0,0.0,26.0,0.9890138327842849,0.45,0.45,decrease_margin_after_safe_window
1188,mMTC,0.0,0.0,0.0,190.0,0.31413538461299556,0.45,0.45,decrease_margin_after_safe_window
1189,URLLC,0.0,0.0,0.0,127.0,0.18410076304945053,0.45,0.45,decrease_margin_after_safe_window
1189,eMBB,0.0,0.0,0.0,16.0,0.988691933365642,0.45,0.45,decrease_margin_after_safe_window
1189,mMTC,0.0,0.0,0.0,189.0,0.320926611842632,0.45,0.45,decrease_margin_after_safe_window
1190,URLLC,0.0,0.0,0.0,138.0,0.2021176401098901,0.45,0.45,decrease_margin_after_safe_window
1190,eMBB,0.0,0.0,0.0,12.0,0.987904421868303,0.45,0.45,decrease_margin_after_safe_window
1190,mMTC,0.0,0.0,0.0,190.0,0.30904028423163854,0.45,0.45,decrease_margin_after_safe_window
1191,URLLC,0.0,0.0,0.0,121.0,0.16879984203296705,0.45,0.45,decrease_margin_after_safe_window
1191,eMBB,0.0,0.0,0.0,17.0,0.9878205684938646,0.45,0.45,decrease_margin_after_safe_window
1191,mMTC,0.0,0.0,0.0,194.0,0.3020948684940294,0.45,0.45,decrease_margin_after_safe_window
1192,URLLC,0.0,0.0,0.0,156.0,0.23386777266483522,0.45,0.45,decrease_margin_after_safe_window
1192,eMBB,0.0,0.0,0.0,21.0,0.9849071672021755,0.45,0.45,decrease_margin_after_safe_window
1192,mMTC,0.0,0.0,0.0,196.0,0.29215138379791367,0.45,0.45,decrease_margin_after_safe_window
1193,URLLC,0.0,0.0,0.0,122.0,0.17784466346153846,0.45,0.45,decrease_margin_after_safe_window
1193,eMBB,0.0,0.0,0.0,19.0,0.987624970065991,0.45,0.45,decrease_margin_after_safe_window
1193,mMTC,0.0,0.0,0.0,169.0,0.3241685222078,0.45,0.45,decrease_margin_after_safe_window
1194,URLLC,0.0,0.0,0.0,144.0,0.22039580219780217,0.45,0.45,decrease_margin_after_safe_window
1194,eMBB,0.0,0.0,0.0,15.0,0.9857738458924985,0.45,0.45,decrease_margin_after_safe_window
1194,mMTC,0.0,0.0,0.0,203.0,0.2796460025322117,0.45,0.45,decrease_margin_after_safe_window
1195,URLLC,0.0,0.0,0.0,126.0,0.18292028434065938,0.45,0.45,decrease_margin_after_safe_window
1195,eMBB,0.0,0.0,0.0,20.0,0.9891084679809945,0.45,0.45,decrease_margin_after_safe_window
1195,mMTC,0.0,0.0,0.0,189.0,0.31098741173878647,0.45,0.45,decrease_margin_after_safe_window
1196,URLLC,0.0,0.0,1.0,130.0,0.20715839010989012,0.45,0.45,decrease_margin_after_safe_window
1196,eMBB,0.0,0.0,1.0,21.0,0.9906426679962259,0.45,0.45,decrease_margin_after_safe_window
1196,mMTC,0.0,0.0,0.0,208.0,0.3169587619481918,0.45,0.45,decrease_margin_after_safe_window
1197,URLLC,0.0,0.0,0.0,112.0,0.17340690384615384,0.45,0.45,decrease_margin_after_safe_window
1197,eMBB,0.0,0.0,0.0,18.0,0.9873997165756014,0.45,0.45,decrease_margin_after_safe_window
1197,mMTC,0.0,0.0,0.0,212.0,0.33471609475371605,0.45,0.45,decrease_margin_after_safe_window
1198,URLLC,0.0,0.0,0.0,114.0,0.17408561332417585,0.45,0.45,decrease_margin_after_safe_window
1198,eMBB,0.0,0.0,0.0,24.0,0.9867519416064434,0.45,0.45,decrease_margin_after_safe_window
1198,mMTC,0.0,0.0,0.0,208.0,0.34351113571078434,0.45,0.45,decrease_margin_after_safe_window
1199,URLLC,0.0,0.0,0.0,114.0,0.17312666483516484,0.45,0.45,decrease_margin_after_safe_window
1199,eMBB,0.0,0.0,0.0,17.0,0.9869348499051401,0.45,0.45,decrease_margin_after_safe_window
1199,mMTC,0.0,0.0,0.0,202.0,0.341190255251929,0.45,0.45,decrease_margin_after_safe_window
1200,URLLC,0.0,0.0,1.0,144.0,0.21056532760989013,0.45,0.45,decrease_margin_after_safe_window
1200,eMBB,0.0,0.0,1.0,21.0,0.9872237099673413,0.45,0.45,decrease_margin_after_safe_window
1200,mMTC,0.0,0.0,0.0,185.0,0.3237789258208564,0.45,0.45,decrease_margin_after_safe_window
1201,URLLC,0.0,0.0,0.0,126.0,0.18559861195054947,0.45,0.45,decrease_margin_after_safe_window
1201,eMBB,0.0,0.0,0.0,13.0,0.9886437116715319,0.45,0.45,decrease_margin_after_safe_window
1201,mMTC,0.0,0.0,0.0,199.0,0.31419736416248784,0.45,0.45,decrease_margin_after_safe_window
1202,URLLC,0.0,0.0,0.0,109.0,0.1618174581043956,0.45,0.45,decrease_margin_after_safe_window
1202,eMBB,0.0,0.0,0.0,20.0,0.9881277070193465,0.45,0.45,decrease_margin_after_safe_window
1202,mMTC,0.0,0.0,0.0,181.0,0.30471372603740815,0.45,0.45,decrease_margin_after_safe_window
1203,URLLC,0.0,0.0,0.0,130.0,0.1856308592032967,0.45,0.45,decrease_margin_after_safe_window
1203,eMBB,0.0,0.0,0.0,18.0,0.9850541931498836,0.45,0.45,decrease_margin_after_safe_window
1203,mMTC,0.0,0.0,0.0,208.0,0.30580335624414234,0.45,0.45,decrease_margin_after_safe_window
1204,URLLC,0.0,0.0,0.0,131.0,0.19621208104395607,0.45,0.45,decrease_margin_after_safe_window
1204,eMBB,0.0,0.0,0.0,20.0,0.9863257829043136,0.45,0.45,decrease_margin_after_safe_window
1204,mMTC,0.0,0.0,0.0,187.0,0.3134831452508277,0.45,0.45,decrease_margin_after_safe_window
1205,URLLC,0.0,0.0,0.0,127.0,0.18796497527472528,0.45,0.45,decrease_margin_after_safe_window
1205,eMBB,0.0,0.0,0.0,27.0,0.9886255009281053,0.45,0.45,decrease_margin_after_safe_window
1205,mMTC,0.0,0.0,0.0,194.0,0.3098837724220093,0.45,0.45,decrease_margin_after_safe_window
1206,URLLC,0.0,0.0,0.0,120.0,0.1771471353021978,0.45,0.45,decrease_margin_after_safe_window
1206,eMBB,0.0,0.0,0.0,22.0,0.9863598049077714,0.45,0.45,decrease_margin_after_safe_window
1206,mMTC,0.0,0.0,0.0,188.0,0.3266319903210472,0.45,0.45,decrease_margin_after_safe_window
1207,URLLC,0.0,0.0,0.0,130.0,0.18985696222527473,0.45,0.45,decrease_margin_after_safe_window
1207,eMBB,0.0,0.0,0.0,20.0,0.98777986438634,0.45,0.45,decrease_margin_after_safe_window
1207,mMTC,0.0,0.0,0.0,199.0,0.28698990380710815,0.45,0.45,decrease_margin_after_safe_window
1208,URLLC,0.0,0.0,0.0,134.0,0.18840757142857142,0.45,0.45,decrease_margin_after_safe_window
1208,eMBB,0.0,0.0,0.0,19.0,0.9862925764549214,0.45,0.45,decrease_margin_after_safe_window
1208,mMTC,0.0,0.0,0.0,183.0,0.33438042554403763,0.45,0.45,decrease_margin_after_safe_window
1209,URLLC,0.0,0.0,0.0,108.0,0.16175282554945053,0.45,0.45,decrease_margin_after_safe_window
1209,eMBB,0.0,0.0,0.0,14.0,0.9866326938009407,0.45,0.45,decrease_margin_after_safe_window
1209,mMTC,0.0,0.0,0.0,195.0,0.31127975891987514,0.45,0.45,decrease_margin_after_safe_window
1210,URLLC,0.0,0.0,0.0,130.0,0.1964212493131868,0.45,0.45,decrease_margin_after_safe_window
1210,eMBB,0.0,0.0,0.0,26.0,0.9885289174172016,0.45,0.45,decrease_margin_after_safe_window
1210,mMTC,0.0,0.0,0.0,188.0,0.31692107229403127,0.45,0.45,decrease_margin_after_safe_window
1211,URLLC,0.0,0.0,0.0,114.0,0.1634967747252747,0.45,0.45,decrease_margin_after_safe_window
1211,eMBB,0.0,0.0,0.0,21.0,0.9883469782511182,0.45,0.45,decrease_margin_after_safe_window
1211,mMTC,0.0,0.0,0.0,176.0,0.31656479737686455,0.45,0.45,decrease_margin_after_safe_window
1212,URLLC,0.0,0.0,0.0,118.0,0.18987285920329672,0.45,0.45,decrease_margin_after_safe_window
1212,eMBB,0.0,0.0,0.0,14.0,0.9883765278450815,0.45,0.45,decrease_margin_after_safe_window
1212,mMTC,0.0,0.0,0.0,210.0,0.2926645495626451,0.45,0.45,decrease_margin_after_safe_window
1213,URLLC,0.0,0.0,0.0,118.0,0.1835099848901099,0.45,0.45,decrease_margin_after_safe_window
1213,eMBB,0.0,0.0,0.0,21.0,0.987481529020733,0.45,0.45,decrease_margin_after_safe_window
1213,mMTC,0.0,0.0,0.0,166.0,0.3521715207392309,0.45,0.45,decrease_margin_after_safe_window
1214,URLLC,0.0,0.0,0.0,130.0,0.17951560233516486,0.45,0.45,decrease_margin_after_safe_window
1214,eMBB,0.0,0.0,0.0,22.0,0.9849430043558806,0.45,0.45,decrease_margin_after_safe_window
1214,mMTC,0.0,0.0,0.0,194.0,0.2558425269368677,0.45,0.45,decrease_margin_after_safe_window
1215,URLLC,0.0,0.0,0.0,133.0,0.205489168956044,0.45,0.45,decrease_margin_after_safe_window
1215,eMBB,0.0,0.0,0.0,24.0,0.9878547072364751,0.45,0.45,decrease_margin_after_safe_window
1215,mMTC,0.0,0.0,0.0,174.0,0.29202369609131695,0.45,0.45,decrease_margin_after_safe_window
1216,URLLC,0.0,0.0,0.0,133.0,0.1939822074175824,0.45,0.45,decrease_margin_after_safe_window
1216,eMBB,0.0,0.0,0.0,17.0,0.9854068175640779,0.45,0.45,decrease_margin_after_safe_window
1216,mMTC,0.0,0.0,0.0,195.0,0.29099406623957774,0.45,0.45,decrease_margin_after_safe_window
1217,URLLC,0.0,0.0,1.0,133.0,0.20427070535714287,0.45,0.45,decrease_margin_after_safe_window
1217,eMBB,0.0,0.0,1.0,20.0,0.9879461101461644,0.45,0.45,decrease_margin_after_safe_window
1217,mMTC,0.0,0.0,0.0,208.0,0.3292944146263504,0.45,0.45,decrease_margin_after_safe_window
1218,URLLC,0.0,0.0,0.0,118.0,0.18140618269230768,0.45,0.45,decrease_margin_after_safe_window
1218,eMBB,0.0,0.0,0.0,21.0,0.9874704457139298,0.45,0.45,decrease_margin_after_safe_window
1218,mMTC,0.0,0.0,0.0,180.0,0.3374775689168272,0.45,0.45,decrease_margin_after_safe_window
1219,URLLC,0.0,0.0,0.0,125.0,0.1886038550824176,0.45,0.45,decrease_margin_after_safe_window
1219,eMBB,0.0,0.0,0.0,31.0,0.9905644796414769,0.45,0.45,decrease_margin_after_safe_window
1219,mMTC,0.0,0.0,0.0,192.0,0.2754405837523956,0.45,0.45,decrease_margin_after_safe_window
1220,URLLC,0.0,0.0,0.0,115.0,0.16987356524725275,0.45,0.45,decrease_margin_after_safe_window
1220,eMBB,0.0,0.0,0.0,15.0,0.9896572928521571,0.45,0.45,decrease_margin_after_safe_window
1220,mMTC,0.0,0.0,0.0,199.0,0.3200131209158513,0.45,0.45,decrease_margin_after_safe_window
1221,URLLC,0.0,0.0,1.0,133.0,0.19776770192307694,0.45,0.45,decrease_margin_after_safe_window
1221,eMBB,0.0,0.0,1.0,14.0,0.9879827304232566,0.45,0.45,decrease_margin_after_safe_window
1221,mMTC,0.0,0.0,0.0,211.0,0.3325220038209859,0.45,0.45,decrease_margin_after_safe_window
1222,URLLC,0.0,0.0,1.0,135.0,0.20141777678571432,0.45,0.45,decrease_margin_after_safe_window
1222,eMBB,0.0,0.0,1.0,15.0,0.9880045647521088,0.45,0.45,decrease_margin_after_safe_window
1222,mMTC,0.0,0.0,0.0,184.0,0.34697559620885027,0.45,0.45,decrease_margin_after_safe_window
1223,URLLC,0.0,0.0,0.0,128.0,0.19521374175824177,0.45,0.45,decrease_margin_after_safe_window
1223,eMBB,0.0,0.0,0.0,20.0,0.9883341399750354,0.45,0.45,decrease_margin_after_safe_window
1223,mMTC,0.0,0.0,0.0,183.0,0.2878566862631599,0.45,0.45,decrease_margin_after_safe_window
1224,URLLC,0.0,0.0,0.0,131.0,0.20717439354395606,0.45,0.45,decrease_margin_after_safe_window
1224,eMBB,0.0,0.0,0.0,20.0,0.986339249374024,0.45,0.45,decrease_margin_after_safe_window
1224,mMTC,0.0,0.0,0.0,211.0,0.2856677163409114,0.45,0.45,decrease_margin_after_safe_window
1225,URLLC,0.0,0.0,1.0,135.0,0.2072849010989011,0.45,0.45,decrease_margin_after_safe_window
1225,eMBB,0.0,0.0,1.0,19.0,0.9875079560081662,0.45,0.45,decrease_margin_after_safe_window
1225,mMTC,0.0,0.0,0.0,168.0,0.349457995760718,0.45,0.45,decrease_margin_after_safe_window
1226,URLLC,0.0,0.0,0.0,119.0,0.1894281002747253,0.45,0.45,decrease_margin_after_safe_window
1226,eMBB,0.0,0.0,0.0,21.0,0.9882701601448297,0.45,0.45,decrease_margin_after_safe_window
1226,mMTC,0.0,0.0,0.0,187.0,0.26844200500411497,0.45,0.45,decrease_margin_after_safe_window
1227,URLLC,0.0,0.0,0.0,112.0,0.16462292582417581,0.45,0.45,decrease_margin_after_safe_window
1227,eMBB,0.0,0.0,0.0,15.0,0.987130831067217,0.45,0.45,decrease_margin_after_safe_window
1227,mMTC,0.0,0.0,0.0,202.0,0.2871901032716982,0.45,0.45,decrease_margin_after_safe_window
1228,URLLC,0.0,0.0,1.0,138.0,0.20212108173076926,0.45,0.45,decrease_margin_after_safe_window
1228,eMBB,0.0,0.0,1.0,24.0,0.9881015835285093,0.45,0.45,decrease_margin_after_safe_window
1228,mMTC,0.0,0.0,0.0,193.0,0.34329226917456745,0.45,0.45,decrease_margin_after_safe_window
1229,URLLC,0.0,0.0,0.0,134.0,0.19656074793956044,0.45,0.45,decrease_margin_after_safe_window
1229,eMBB,0.0,0.0,0.0,18.0,0.9860065887056899,0.45,0.45,decrease_margin_after_safe_window
1229,mMTC,0.0,0.0,0.0,198.0,0.3139091257246584,0.45,0.45,decrease_margin_after_safe_window
1230,URLLC,0.0,0.0,0.0,119.0,0.16656874175824177,0.45,0.45,decrease_margin_after_safe_window
1230,eMBB,0.0,0.0,0.0,17.0,0.9871690361593458,0.45,0.45,decrease_margin_after_safe_window
1230,mMTC,0.0,0.0,0.0,181.0,0.31892552533200214,0.45,0.45,decrease_margin_after_safe_window
1231,URLLC,0.0,0.0,0.0,115.0,0.1689049828296703,0.45,0.45,decrease_margin_after_safe_window
1231,eMBB,0.0,0.0,0.0,24.0,0.9896788056706336,0.45,0.45,decrease_margin_after_safe_window
1231,mMTC,0.0,0.0,0.0,202.0,0.29738979639523394,0.45,0.45,decrease_margin_after_safe_window
1232,URLLC,0.0,0.0,1.0,145.0,0.23448793750000002,0.45,0.45,decrease_margin_after_safe_window
1232,eMBB,0.0,0.0,1.0,17.0,0.9859664910124328,0.45,0.45,decrease_margin_after_safe_window
1232,mMTC,0.0,0.0,0.0,180.0,0.31853401970785217,0.45,0.45,decrease_margin_after_safe_window
1233,URLLC,0.0,0.0,0.0,120.0,0.1883221813186813,0.45,0.45,decrease_margin_after_safe_window
1233,eMBB,0.0,0.0,0.0,22.0,0.9883443762652231,0.45,0.45,decrease_margin_after_safe_window
1233,mMTC,0.0,0.0,0.0,190.0,0.29335522332532066,0.45,0.45,decrease_margin_after_safe_window
1234,URLLC,0.0,0.0,0.0,120.0,0.18909187087912088,0.45,0.45,decrease_margin_after_safe_window
1234,eMBB,0.0,0.0,0.0,15.0,0.9876536362025933,0.45,0.45,decrease_margin_after_safe_window
1234,mMTC,0.0,0.0,0.0,186.0,0.3104759076102467,0.45,0.45,decrease_margin_after_safe_window
1235,URLLC,0.0,0.0,0.0,124.0,0.188121396978022,0.45,0.45,decrease_margin_after_safe_window
1235,eMBB,0.0,0.0,0.0,28.0,0.9870343284078663,0.45,0.45,decrease_margin_after_safe_window
1235,mMTC,0.0,0.0,0.0,184.0,0.2855584015046549,0.45,0.45,decrease_margin_after_safe_window
1236,URLLC,0.0,0.0,0.0,131.0,0.19023123832417582,0.45,0.45,decrease_margin_after_safe_window
1236,eMBB,0.0,0.0,0.0,23.0,0.9891364736815959,0.45,0.45,decrease_margin_after_safe_window
1236,mMTC,0.0,0.0,0.0,193.0,0.3105684110054815,0.45,0.45,decrease_margin_after_safe_window
1237,URLLC,0.0,0.0,0.0,114.0,0.16819041002747254,0.45,0.45,decrease_margin_after_safe_window
1237,eMBB,0.0,0.0,0.0,16.0,0.9898484903953607,0.45,0.45,decrease_margin_after_safe_window
1237,mMTC,0.0,0.0,0.0,192.0,0.3090804773162407,0.45,0.45,decrease_margin_after_safe_window
1238,URLLC,0.0,0.0,0.0,118.0,0.18575786057692306,0.45,0.45,decrease_margin_after_safe_window
1238,eMBB,0.0,0.0,0.0,16.0,0.9893601986384091,0.45,0.45,decrease_margin_after_safe_window
1238,mMTC,0.0,0.0,0.0,178.0,0.3082584964931126,0.45,0.45,decrease_margin_after_safe_window
1239,URLLC,0.0,0.0,0.0,120.0,0.1704160199175824,0.45,0.45,decrease_margin_after_safe_window
1239,eMBB,0.0,0.0,0.0,14.0,0.9874473573281863,0.45,0.45,decrease_margin_after_safe_window
1239,mMTC,0.0,0.0,0.0,192.0,0.28667425631690924,0.45,0.45,decrease_margin_after_safe_window
1240,URLLC,0.0,0.0,0.0,137.0,0.19895598832417583,0.45,0.45,decrease_margin_after_safe_window
1240,eMBB,0.0,0.0,0.0,25.0,0.9872953732367434,0.45,0.45,decrease_margin_after_safe_window
1240,mMTC,0.0,0.0,0.0,189.0,0.31219189478015175,0.45,0.45,decrease_margin_after_safe_window
1241,URLLC,0.0,0.0,0.0,125.0,0.1725637726648352,0.45,0.45,decrease_margin_after_safe_window
1241,eMBB,0.0,0.0,0.0,9.0,0.9860102540685926,0.45,0.45,decrease_margin_after_safe_window
1241,mMTC,0.0,0.0,0.0,204.0,0.3247874099444824,0.45,0.45,decrease_margin_after_safe_window
1242,URLLC,0.0,0.0,0.0,104.0,0.16365064903846152,0.45,0.45,decrease_margin_after_safe_window
1242,eMBB,0.0,0.0,0.0,24.0,0.9870852367778749,0.45,0.45,decrease_margin_after_safe_window
1242,mMTC,0.0,0.0,0.0,188.0,0.3238804015629175,0.45,0.45,decrease_margin_after_safe_window
1243,URLLC,0.0,0.0,0.0,131.0,0.1985638660714286,0.45,0.45,decrease_margin_after_safe_window
1243,eMBB,0.0,0.0,0.0,21.0,0.9879943249150925,0.45,0.45,decrease_margin_after_safe_window
1243,mMTC,0.0,0.0,0.0,195.0,0.30921000255583586,0.45,0.45,decrease_margin_after_safe_window
1244,URLLC,0.0,0.0,0.0,139.0,0.1858203131868132,0.45,0.45,decrease_margin_after_safe_window
1244,eMBB,0.0,0.0,0.0,20.0,0.9860410710774055,0.45,0.45,decrease_margin_after_safe_window
1244,mMTC,0.0,0.0,0.0,165.0,0.3121971778377754,0.45,0.45,decrease_margin_after_safe_window
1245,URLLC,0.0,0.0,0.0,131.0,0.20393424107142857,0.45,0.45,decrease_margin_after_safe_window
1245,eMBB,0.0,0.0,0.0,13.0,0.9887534300826969,0.45,0.45,decrease_margin_after_safe_window
1245,mMTC,0.0,0.0,0.0,227.0,0.27122854102435573,0.45,0.45,decrease_margin_after_safe_window
1246,URLLC,0.0,0.0,0.0,131.0,0.19298183104395608,0.45,0.45,decrease_margin_after_safe_window
1246,eMBB,0.0,0.0,0.0,22.0,0.9839108961736603,0.45,0.45,decrease_margin_after_safe_window
1246,mMTC,0.0,0.0,0.0,154.0,0.3424075076501798,0.45,0.45,decrease_margin_after_safe_window
1247,URLLC,0.0,0.0,0.0,113.0,0.14928115865384614,0.45,0.45,decrease_margin_after_safe_window
1247,eMBB,0.0,0.0,0.0,26.0,0.9856880252841899,0.45,0.45,decrease_margin_after_safe_window
1247,mMTC,0.0,0.0,0.0,200.0,0.2410028824610621,0.45,0.45,decrease_margin_after_safe_window
1248,URLLC,1.0,0.0,1.0,127.0,0.1899168811813187,0.45,0.7,increase_margin_due_to_sla_pressure
1248,eMBB,0.0,0.0,0.0,34.0,0.9872565846754388,0.45,0.45,decrease_margin_after_safe_window
1248,mMTC,0.0,0.0,0.0,192.0,0.32592527609305283,0.45,0.45,decrease_margin_after_safe_window
1249,URLLC,0.0,0.0,0.0,125.0,0.18803416964285713,0.7,0.6499999999999999,decrease_margin_after_safe_window
1249,eMBB,0.0,0.0,0.0,19.0,0.9871719250886397,0.45,0.45,decrease_margin_after_safe_window
1249,mMTC,0.0,0.0,0.0,205.0,0.2994060442298466,0.45,0.45,decrease_margin_after_safe_window
1250,URLLC,0.0,0.0,0.0,126.0,0.19016004532967035,0.6499999999999999,0.5999999999999999,decrease_margin_after_safe_window
1250,eMBB,0.0,0.0,0.0,23.0,0.9897092056588745,0.45,0.45,decrease_margin_after_safe_window
1250,mMTC,0.0,0.0,0.0,182.0,0.31372248609652453,0.45,0.45,decrease_margin_after_safe_window
1251,URLLC,0.0,0.0,0.0,121.0,0.1812783434065934,0.5999999999999999,0.5499999999999998,decrease_margin_after_safe_window
1251,eMBB,0.0,0.0,0.0,23.0,0.9876534701675093,0.45,0.45,decrease_margin_after_safe_window
1251,mMTC,0.0,0.0,0.0,196.0,0.2912960734575848,0.45,0.45,decrease_margin_after_safe_window
1252,URLLC,0.0,0.0,1.0,138.0,0.2017667197802198,0.5499999999999998,0.49999999999999983,decrease_margin_after_safe_window
1252,eMBB,0.0,0.0,1.0,25.0,0.9868150380733133,0.45,0.45,decrease_margin_after_safe_window
1252,mMTC,0.0,0.0,0.0,199.0,0.328732726460383,0.45,0.45,decrease_margin_after_safe_window
1253,URLLC,0.0,0.0,0.0,125.0,0.18456930494505494,0.49999999999999983,0.45,decrease_margin_after_safe_window
1253,eMBB,0.0,0.0,0.0,21.0,0.9881476684250655,0.45,0.45,decrease_margin_after_safe_window
1253,mMTC,0.0,0.0,0.0,191.0,0.3316857885370828,0.45,0.45,decrease_margin_after_safe_window
1254,URLLC,0.0,0.0,0.0,143.0,0.2008755995879121,0.45,0.45,decrease_margin_after_safe_window
1254,eMBB,0.0,0.0,0.0,18.0,0.987860770712042,0.45,0.45,decrease_margin_after_safe_window
1254,mMTC,0.0,0.0,0.0,195.0,0.29688190844515017,0.45,0.45,decrease_margin_after_safe_window
1255,URLLC,0.0,0.0,0.0,124.0,0.17398586813186814,0.45,0.45,decrease_margin_after_safe_window
1255,eMBB,0.0,0.0,0.0,14.0,0.985156855245573,0.45,0.45,decrease_margin_after_safe_window
1255,mMTC,0.0,0.0,0.0,185.0,0.3242206655428533,0.45,0.45,decrease_margin_after_safe_window
1256,URLLC,1.0,0.0,1.0,125.0,0.1943282712912088,0.45,0.7,increase_margin_due_to_sla_pressure
1256,eMBB,0.0,0.0,0.0,27.0,0.9852363448164762,0.45,0.45,decrease_margin_after_safe_window
1256,mMTC,0.0,0.0,0.0,203.0,0.2964670837144862,0.45,0.45,decrease_margin_after_safe_window
1257,URLLC,0.0,0.0,0.0,124.0,0.1809912664835165,0.7,0.6499999999999999,decrease_margin_after_safe_window
1257,eMBB,0.0,0.0,0.0,21.0,0.9860870419632726,0.45,0.45,decrease_margin_after_safe_window
1257,mMTC,0.0,0.0,0.0,184.0,0.3383950873100077,0.45,0.45,decrease_margin_after_safe_window
1258,URLLC,0.0,0.0,0.0,124.0,0.1864273543956044,0.6499999999999999,0.5999999999999999,decrease_margin_after_safe_window
1258,eMBB,0.0,0.0,0.0,16.0,0.9854392059578634,0.45,0.45,decrease_margin_after_safe_window
1258,mMTC,0.0,0.0,0.0,184.0,0.3050902757309553,0.45,0.45,decrease_margin_after_safe_window
1259,URLLC,0.0,0.0,0.0,126.0,0.19830819986263734,0.5999999999999999,0.5499999999999998,decrease_margin_after_safe_window
1259,eMBB,0.0,0.0,0.0,23.0,0.9865416419807388,0.45,0.45,decrease_margin_after_safe_window
1259,mMTC,0.0,0.0,0.0,202.0,0.3012112461454999,0.45,0.45,decrease_margin_after_safe_window
1260,URLLC,0.0,0.0,0.0,137.0,0.18493407211538465,0.5499999999999998,0.49999999999999983,decrease_margin_after_safe_window
1260,eMBB,0.0,0.0,0.0,26.0,0.984944360237917,0.45,0.45,decrease_margin_after_safe_window
1260,mMTC,0.0,0.0,0.0,183.0,0.31124018786158303,0.45,0.45,decrease_margin_after_safe_window
1261,URLLC,0.0,0.0,1.0,134.0,0.2053037802197802,0.49999999999999983,0.45,decrease_margin_after_safe_window
1261,eMBB,0.0,0.0,1.0,30.0,0.9899361601080231,0.45,0.45,decrease_margin_after_safe_window
1261,mMTC,0.0,0.0,0.0,206.0,0.3167349280817234,0.45,0.45,decrease_margin_after_safe_window
1262,URLLC,0.0,0.0,1.0,143.0,0.22298405494505497,0.45,0.45,decrease_margin_after_safe_window
1262,eMBB,0.0,0.0,1.0,21.0,0.987734983871232,0.45,0.45,decrease_margin_after_safe_window
1262,mMTC,0.0,0.0,0.0,190.0,0.34223171035968997,0.45,0.45,decrease_margin_after_safe_window
1263,URLLC,0.0,0.0,0.0,123.0,0.1775243804945055,0.45,0.45,decrease_margin_after_safe_window
1263,eMBB,0.0,0.0,0.0,22.0,0.989439189079954,0.45,0.45,decrease_margin_after_safe_window
1263,mMTC,0.0,0.0,0.0,207.0,0.29793084283390675,0.45,0.45,decrease_margin_after_safe_window
1264,URLLC,0.0,0.0,1.0,122.0,0.18413367445054948,0.45,0.45,decrease_margin_after_safe_window
1264,eMBB,0.0,0.0,1.0,19.0,0.988591415655821,0.45,0.45,decrease_margin_after_safe_window
1264,mMTC,0.0,0.0,0.0,176.0,0.3530815212724124,0.45,0.45,decrease_margin_after_safe_window
1265,URLLC,0.0,0.0,0.0,127.0,0.1850225357142857,0.45,0.45,decrease_margin_after_safe_window
1265,eMBB,0.0,0.0,0.0,16.0,0.9878266598948043,0.45,0.45,decrease_margin_after_safe_window
1265,mMTC,0.0,0.0,0.0,187.0,0.2739484637609551,0.45,0.45,decrease_margin_after_safe_window
1266,URLLC,0.0,0.0,1.0,134.0,0.2074359690934066,0.45,0.45,decrease_margin_after_safe_window
1266,eMBB,0.0,0.0,1.0,23.0,0.9883391010681146,0.45,0.45,decrease_margin_after_safe_window
1266,mMTC,0.0,0.0,0.0,199.0,0.31106452710525384,0.45,0.45,decrease_margin_after_safe_window
1267,URLLC,0.0,0.0,0.0,122.0,0.17546744917582416,0.45,0.45,decrease_margin_after_safe_window
1267,eMBB,0.0,0.0,0.0,11.0,0.9865886833372891,0.45,0.45,decrease_margin_after_safe_window
1267,mMTC,0.0,0.0,0.0,188.0,0.3232269811148018,0.45,0.45,decrease_margin_after_safe_window
1268,URLLC,0.0,0.0,0.0,118.0,0.1641269223901099,0.45,0.45,decrease_margin_after_safe_window
1268,eMBB,0.0,0.0,0.0,18.0,0.9879483797059214,0.45,0.45,decrease_margin_after_safe_window
1268,mMTC,0.0,0.0,0.0,193.0,0.31007649248067837,0.45,0.45,decrease_margin_after_safe_window
1269,URLLC,0.0,0.0,0.0,120.0,0.17060089423076924,0.45,0.45,decrease_margin_after_safe_window
1269,eMBB,0.0,0.0,0.0,22.0,0.9880984996405983,0.45,0.45,decrease_margin_after_safe_window
1269,mMTC,0.0,0.0,0.0,206.0,0.3113849908982337,0.45,0.45,decrease_margin_after_safe_window
1270,URLLC,0.0,0.0,0.0,128.0,0.19125611057692313,0.45,0.45,decrease_margin_after_safe_window
1270,eMBB,0.0,0.0,0.0,12.0,0.9887641555195259,0.45,0.45,decrease_margin_after_safe_window
1270,mMTC,0.0,0.0,0.0,177.0,0.32119718751574433,0.45,0.45,decrease_margin_after_safe_window
1271,URLLC,0.0,0.0,0.0,122.0,0.19224947733516484,0.45,0.45,decrease_margin_after_safe_window
1271,eMBB,0.0,0.0,0.0,20.0,0.9883589029295411,0.45,0.45,decrease_margin_after_safe_window
1271,mMTC,0.0,0.0,0.0,188.0,0.2585650222728097,0.45,0.45,decrease_margin_after_safe_window
1272,URLLC,0.0,0.0,0.0,112.0,0.1712577087912088,0.45,0.45,decrease_margin_after_safe_window
1272,eMBB,0.0,0.0,0.0,19.0,0.9883615711858585,0.45,0.45,decrease_margin_after_safe_window
1272,mMTC,0.0,0.0,0.0,186.0,0.2950843217359459,0.45,0.45,decrease_margin_after_safe_window
1273,URLLC,0.0,0.0,0.0,125.0,0.18443816140109895,0.45,0.45,decrease_margin_after_safe_window
1273,eMBB,0.0,0.0,0.0,20.0,0.9853333048288823,0.45,0.45,decrease_margin_after_safe_window
1273,mMTC,0.0,0.0,0.0,200.0,0.29584800302304665,0.45,0.45,decrease_margin_after_safe_window
1274,URLLC,0.0,0.0,0.0,133.0,0.18710017101648352,0.45,0.45,decrease_margin_after_safe_window
1274,eMBB,0.0,0.0,0.0,16.0,0.9869955270499695,0.45,0.45,decrease_margin_after_safe_window
1274,mMTC,0.0,0.0,0.0,181.0,0.3154809682579208,0.45,0.45,decrease_margin_after_safe_window
1275,URLLC,0.0,0.0,1.0,145.0,0.22290114766483518,0.45,0.45,decrease_margin_after_safe_window
1275,eMBB,0.0,0.0,1.0,15.0,0.9887214172617826,0.45,0.45,decrease_margin_after_safe_window
1275,mMTC,0.0,0.0,0.0,174.0,0.3122293635570101,0.45,0.45,decrease_margin_after_safe_window
1276,URLLC,0.0,0.0,0.0,142.0,0.21704616208791208,0.45,0.45,decrease_margin_after_safe_window
1276,eMBB,0.0,0.0,0.0,20.0,0.9877707091151039,0.45,0.45,decrease_margin_after_safe_window
1276,mMTC,0.0,0.0,0.0,200.0,0.2581633724893036,0.45,0.45,decrease_margin_after_safe_window
1277,URLLC,0.0,0.0,0.0,122.0,0.17948427953296703,0.45,0.45,decrease_margin_after_safe_window
1277,eMBB,0.0,0.0,0.0,16.0,0.9869947732665683,0.45,0.45,decrease_margin_after_safe_window
1277,mMTC,0.0,0.0,0.0,187.0,0.301205303055945,0.45,0.45,decrease_margin_after_safe_window
1278,URLLC,0.0,0.0,0.0,112.0,0.1662916614010989,0.45,0.45,decrease_margin_after_safe_window
1278,eMBB,0.0,0.0,0.0,19.0,0.9858404311660662,0.45,0.45,decrease_margin_after_safe_window
1278,mMTC,0.0,0.0,0.0,184.0,0.31829291535707277,0.45,0.45,decrease_margin_after_safe_window
1279,URLLC,0.0,0.0,0.0,127.0,0.18375459821428572,0.45,0.45,decrease_margin_after_safe_window
1279,eMBB,0.0,0.0,0.0,27.0,0.9859947869457102,0.45,0.45,decrease_margin_after_safe_window
1279,mMTC,0.0,0.0,0.0,203.0,0.3032792961223514,0.45,0.45,decrease_margin_after_safe_window
1280,URLLC,0.0,0.0,0.0,133.0,0.19611229120879123,0.45,0.45,decrease_margin_after_safe_window
1280,eMBB,0.0,0.0,0.0,18.0,0.9859334816785523,0.45,0.45,decrease_margin_after_safe_window
1280,mMTC,0.0,0.0,0.0,189.0,0.3171558997421466,0.45,0.45,decrease_margin_after_safe_window
1281,URLLC,0.0,0.0,1.0,142.0,0.210396375,0.45,0.45,decrease_margin_after_safe_window
1281,eMBB,0.0,0.0,1.0,29.0,0.9879874547112968,0.45,0.45,decrease_margin_after_safe_window
1281,mMTC,0.0,0.0,0.0,203.0,0.3108553834851651,0.45,0.45,decrease_margin_after_safe_window
1282,URLLC,0.0,0.0,0.0,127.0,0.18299940728021977,0.45,0.45,decrease_margin_after_safe_window
1282,eMBB,0.0,0.0,0.0,28.0,0.9868746623928951,0.45,0.45,decrease_margin_after_safe_window
1282,mMTC,0.0,0.0,0.0,194.0,0.33681741074878796,0.45,0.45,decrease_margin_after_safe_window
1283,URLLC,0.0,0.0,0.0,123.0,0.18079960508241757,0.45,0.45,decrease_margin_after_safe_window
1283,eMBB,0.0,0.0,0.0,26.0,0.989814119842446,0.45,0.45,decrease_margin_after_safe_window
1283,mMTC,0.0,0.0,0.0,188.0,0.2978420978440593,0.45,0.45,decrease_margin_after_safe_window
1284,URLLC,0.0,0.0,1.0,125.0,0.1970089306318681,0.45,0.45,decrease_margin_after_safe_window
1284,eMBB,0.0,0.0,1.0,21.0,0.9884227544089541,0.45,0.45,decrease_margin_after_safe_window
1284,mMTC,0.0,0.0,0.0,190.0,0.3024859725891031,0.45,0.45,decrease_margin_after_safe_window
1285,URLLC,0.0,0.0,1.0,142.0,0.20248273901098898,0.45,0.45,decrease_margin_after_safe_window
1285,eMBB,0.0,0.0,1.0,20.0,0.9877748639851839,0.45,0.45,decrease_margin_after_safe_window
1285,mMTC,0.0,0.0,0.0,182.0,0.3278492550360725,0.45,0.45,decrease_margin_after_safe_window
1286,URLLC,0.0,0.0,0.0,130.0,0.20099410439560442,0.45,0.45,decrease_margin_after_safe_window
1286,eMBB,0.0,0.0,0.0,20.0,0.9845077454040212,0.45,0.45,decrease_margin_after_safe_window
1286,mMTC,0.0,0.0,0.0,189.0,0.30353172980609305,0.45,0.45,decrease_margin_after_safe_window
1287,URLLC,0.0,0.0,0.0,126.0,0.19490790041208791,0.45,0.45,decrease_margin_after_safe_window
1287,eMBB,0.0,0.0,0.0,23.0,0.9881097872234912,0.45,0.45,decrease_margin_after_safe_window
1287,mMTC,0.0,0.0,0.0,176.0,0.30240998788941137,0.45,0.45,decrease_margin_after_safe_window
1288,URLLC,0.0,0.0,1.0,145.0,0.21366501304945054,0.45,0.45,decrease_margin_after_safe_window
1288,eMBB,0.0,0.0,1.0,12.0,0.9889557013194199,0.45,0.45,decrease_margin_after_safe_window
1288,mMTC,0.0,0.0,0.0,191.0,0.2878263968495558,0.45,0.45,decrease_margin_after_safe_window
1289,URLLC,0.0,0.0,1.0,144.0,0.214024657967033,0.45,0.45,decrease_margin_after_safe_window
1289,eMBB,0.0,0.0,1.0,20.0,0.9886227104257372,0.45,0.45,decrease_margin_after_safe_window
1289,mMTC,0.0,0.0,0.0,214.0,0.3010382498821201,0.45,0.45,decrease_margin_after_safe_window
1290,URLLC,0.0,0.0,1.0,132.0,0.2040129848901099,0.45,0.45,decrease_margin_after_safe_window
1290,eMBB,0.0,0.0,1.0,17.0,0.9871352441748673,0.45,0.45,decrease_margin_after_safe_window
1290,mMTC,0.0,0.0,0.0,193.0,0.34049856341407064,0.45,0.45,decrease_margin_after_safe_window
1291,URLLC,0.0,0.0,0.0,114.0,0.16128609752747253,0.45,0.45,decrease_margin_after_safe_window
1291,eMBB,0.0,0.0,0.0,17.0,0.9868037674243543,0.45,0.45,decrease_margin_after_safe_window
1291,mMTC,0.0,0.0,0.0,175.0,0.2971540047473499,0.45,0.45,decrease_margin_after_safe_window
1292,URLLC,0.0,0.0,0.0,135.0,0.19756370741758242,0.45,0.45,decrease_margin_after_safe_window
1292,eMBB,0.0,0.0,0.0,17.0,0.9866194046707099,0.45,0.45,decrease_margin_after_safe_window
1292,mMTC,0.0,0.0,0.0,196.0,0.2857004937725975,0.45,0.45,decrease_margin_after_safe_window
1293,URLLC,0.0,0.0,0.0,122.0,0.18317474862637365,0.45,0.45,decrease_margin_after_safe_window
1293,eMBB,0.0,0.0,0.0,19.0,0.9878821283884663,0.45,0.45,decrease_margin_after_safe_window
1293,mMTC,0.0,0.0,0.0,179.0,0.29819080460858965,0.45,0.45,decrease_margin_after_safe_window
1294,URLLC,0.0,0.0,0.0,125.0,0.18015250961538462,0.45,0.45,decrease_margin_after_safe_window
1294,eMBB,0.0,0.0,0.0,17.0,0.9878711026696557,0.45,0.45,decrease_margin_after_safe_window
1294,mMTC,0.0,0.0,0.0,186.0,0.30751491840124473,0.45,0.45,decrease_margin_after_safe_window
1295,URLLC,0.0,0.0,0.0,123.0,0.17240198076923077,0.45,0.45,decrease_margin_after_safe_window
1295,eMBB,0.0,0.0,0.0,29.0,0.986179333125522,0.45,0.45,decrease_margin_after_safe_window
1295,mMTC,0.0,0.0,0.0,187.0,0.3069150525477344,0.45,0.45,decrease_margin_after_safe_window
1296,URLLC,0.0,0.0,0.0,120.0,0.18869636675824175,0.45,0.45,decrease_margin_after_safe_window
1296,eMBB,0.0,0.0,0.0,18.0,0.9872513556169763,0.45,0.45,decrease_margin_after_safe_window
1296,mMTC,0.0,0.0,0.0,184.0,0.29883567160229474,0.45,0.45,decrease_margin_after_safe_window
1297,URLLC,0.0,0.0,0.0,134.0,0.19057855082417582,0.45,0.45,decrease_margin_after_safe_window
1297,eMBB,0.0,0.0,0.0,25.0,0.9888826037321922,0.45,0.45,decrease_margin_after_safe_window
1297,mMTC,0.0,0.0,0.0,198.0,0.30438357572965774,0.45,0.45,decrease_margin_after_safe_window
1298,URLLC,0.0,0.0,0.0,119.0,0.18140618956043958,0.45,0.45,decrease_margin_after_safe_window
1298,eMBB,0.0,0.0,0.0,22.0,0.9877845843222851,0.45,0.45,decrease_margin_after_safe_window
1298,mMTC,0.0,0.0,0.0,193.0,0.29836053167222937,0.45,0.45,decrease_margin_after_safe_window
1299,URLLC,0.0,0.0,0.0,122.0,0.1725381462912088,0.45,0.45,decrease_margin_after_safe_window
1299,eMBB,0.0,0.0,0.0,18.0,0.9887306530204433,0.45,0.45,decrease_margin_after_safe_window
1299,mMTC,0.0,0.0,0.0,184.0,0.31836629233242536,0.45,0.45,decrease_margin_after_safe_window
1300,URLLC,0.0,0.0,0.0,119.0,0.17268749931318683,0.45,0.45,decrease_margin_after_safe_window
1300,eMBB,0.0,0.0,0.0,17.0,0.9871799036305332,0.45,0.45,decrease_margin_after_safe_window
1300,mMTC,0.0,0.0,0.0,187.0,0.2952049828837385,0.45,0.45,decrease_margin_after_safe_window
1301,URLLC,0.0,0.0,0.0,124.0,0.16608653365384615,0.45,0.45,decrease_margin_after_safe_window
1301,eMBB,0.0,0.0,0.0,17.0,0.9872301706782752,0.45,0.45,decrease_margin_after_safe_window
1301,mMTC,0.0,0.0,0.0,214.0,0.29833367140079614,0.45,0.45,decrease_margin_after_safe_window
1302,URLLC,0.0,0.0,1.0,128.0,0.19106193131868135,0.45,0.45,decrease_margin_after_safe_window
1302,eMBB,0.0,0.0,1.0,22.0,0.9898097045392102,0.45,0.45,decrease_margin_after_safe_window
1302,mMTC,0.0,0.0,0.0,198.0,0.3426668027365597,0.45,0.45,decrease_margin_after_safe_window
1303,URLLC,0.0,0.0,0.0,114.0,0.16497857142857142,0.45,0.45,decrease_margin_after_safe_window
1303,eMBB,0.0,0.0,0.0,12.0,0.9881626506885731,0.45,0.45,decrease_margin_after_safe_window
1303,mMTC,0.0,0.0,0.0,196.0,0.3201871203480833,0.45,0.45,decrease_margin_after_safe_window
1304,URLLC,0.0,0.0,0.0,117.0,0.1762544951923077,0.45,0.45,decrease_margin_after_safe_window
1304,eMBB,0.0,0.0,0.0,13.0,0.9863756303658066,0.45,0.45,decrease_margin_after_safe_window
1304,mMTC,0.0,0.0,0.0,197.0,0.3045874788772828,0.45,0.45,decrease_margin_after_safe_window
1305,URLLC,0.0,0.0,0.0,120.0,0.17836095673076927,0.45,0.45,decrease_margin_after_safe_window
1305,eMBB,0.0,0.0,0.0,26.0,0.9877644264066082,0.45,0.45,decrease_margin_after_safe_window
1305,mMTC,0.0,0.0,0.0,177.0,0.3083233224849769,0.45,0.45,decrease_margin_after_safe_window
1306,URLLC,0.0,0.0,0.0,131.0,0.18686293818681318,0.45,0.45,decrease_margin_after_safe_window
1306,eMBB,0.0,0.0,0.0,13.0,0.990129098681787,0.45,0.45,decrease_margin_after_safe_window
1306,mMTC,0.0,0.0,0.0,196.0,0.28677140748947066,0.45,0.45,decrease_margin_after_safe_window
1307,URLLC,0.0,0.0,1.0,145.0,0.22472585370879125,0.45,0.45,decrease_margin_after_safe_window
1307,eMBB,0.0,0.0,1.0,19.0,0.9881583577588976,0.45,0.45,decrease_margin_after_safe_window
1307,mMTC,0.0,0.0,0.0,186.0,0.30733235252144386,0.45,0.45,decrease_margin_after_safe_window
1308,URLLC,0.0,0.0,0.0,136.0,0.20193437225274727,0.45,0.45,decrease_margin_after_safe_window
1308,eMBB,0.0,0.0,0.0,22.0,0.9886184483710271,0.45,0.45,decrease_margin_after_safe_window
1308,mMTC,0.0,0.0,0.0,205.0,0.28903535826115007,0.45,0.45,decrease_margin_after_safe_window
1309,URLLC,0.0,0.0,0.0,121.0,0.18455876098901097,0.45,0.45,decrease_margin_after_safe_window
1309,eMBB,0.0,0.0,0.0,13.0,0.9877404853302361,0.45,0.45,decrease_margin_after_safe_window
1309,mMTC,0.0,0.0,0.0,192.0,0.3084168865504925,0.45,0.45,decrease_margin_after_safe_window
1310,URLLC,0.0,0.0,1.0,141.0,0.22574244024725273,0.45,0.45,decrease_margin_after_safe_window
1310,eMBB,0.0,0.0,1.0,15.0,0.9889457004737798,0.45,0.45,decrease_margin_after_safe_window
1310,mMTC,0.0,0.0,0.0,177.0,0.3076552083829006,0.45,0.45,decrease_margin_after_safe_window
1311,URLLC,0.0,0.0,0.0,120.0,0.17464472802197803,0.45,0.45,decrease_margin_after_safe_window
1311,eMBB,0.0,0.0,0.0,14.0,0.9899250204031093,0.45,0.45,decrease_margin_after_safe_window
1311,mMTC,0.0,0.0,0.0,210.0,0.2725251208819472,0.45,0.45,decrease_margin_after_safe_window
1312,URLLC,0.0,0.0,0.0,139.0,0.20757228021978022,0.45,0.45,decrease_margin_after_safe_window
1312,eMBB,0.0,0.0,0.0,19.0,0.9849438646173222,0.45,0.45,decrease_margin_after_safe_window
1312,mMTC,0.0,0.0,0.0,165.0,0.32839931746937656,0.45,0.45,decrease_margin_after_safe_window
1313,URLLC,0.0,0.0,0.0,122.0,0.18126311126373626,0.45,0.45,decrease_margin_after_safe_window
1313,eMBB,0.0,0.0,0.0,18.0,0.9823948210942974,0.45,0.45,decrease_margin_after_safe_window
1313,mMTC,0.0,0.0,0.0,188.0,0.2648352954613093,0.45,0.45,decrease_margin_after_safe_window
1314,URLLC,1.0,0.0,1.0,129.0,0.18468859478021976,0.45,0.7,increase_margin_due_to_sla_pressure
1314,eMBB,0.0,0.0,0.0,27.0,0.9870189295166184,0.45,0.45,decrease_margin_after_safe_window
1314,mMTC,0.0,0.0,0.0,208.0,0.2898805998795434,0.45,0.45,decrease_margin_after_safe_window
1315,URLLC,0.0,0.0,0.0,119.0,0.17098377129120879,0.7,0.6499999999999999,decrease_margin_after_safe_window
1315,eMBB,0.0,0.0,0.0,22.0,0.9864239876817421,0.45,0.45,decrease_margin_after_safe_window
1315,mMTC,0.0,0.0,0.0,186.0,0.3455799703938795,0.45,0.45,decrease_margin_after_safe_window
1316,URLLC,0.0,0.0,0.0,139.0,0.2039288173076923,0.6499999999999999,0.5999999999999999,decrease_margin_after_safe_window
1316,eMBB,0.0,0.0,0.0,24.0,0.9858663458476726,0.45,0.45,decrease_margin_after_safe_window
1316,mMTC,0.0,0.0,0.0,190.0,0.3018932400250853,0.45,0.45,decrease_margin_after_safe_window
1317,URLLC,0.0,0.0,1.0,138.0,0.21136837156593405,0.5999999999999999,0.5499999999999998,decrease_margin_after_safe_window
1317,eMBB,0.0,0.0,1.0,27.0,0.9907184942994304,0.45,0.45,decrease_margin_after_safe_window
1317,mMTC,0.0,0.0,0.0,199.0,0.2962465032972723,0.45,0.45,decrease_margin_after_safe_window
1318,URLLC,0.0,0.0,0.0,118.0,0.1690181318681319,0.5499999999999998,0.49999999999999983,decrease_margin_after_safe_window
1318,eMBB,0.0,0.0,0.0,16.0,0.988932183895814,0.45,0.45,decrease_margin_after_safe_window
1318,mMTC,0.0,0.0,0.0,211.0,0.3250432516001701,0.45,0.45,decrease_margin_after_safe_window
1319,URLLC,0.0,0.0,0.0,107.0,0.1486477644230769,0.49999999999999983,0.45,decrease_margin_after_safe_window
1319,eMBB,0.0,0.0,0.0,9.0,0.9882952288411538,0.45,0.45,decrease_margin_after_safe_window
1319,mMTC,0.0,0.0,0.0,168.0,0.3370930957928072,0.45,0.45,decrease_margin_after_safe_window
1320,URLLC,0.0,0.0,0.0,132.0,0.19484901923076922,0.45,0.45,decrease_margin_after_safe_window
1320,eMBB,0.0,0.0,0.0,16.0,0.9889534833009527,0.45,0.45,decrease_margin_after_safe_window
1320,mMTC,0.0,0.0,0.0,175.0,0.2723408369971498,0.45,0.45,decrease_margin_after_safe_window
1321,URLLC,0.0,0.0,0.0,127.0,0.1978301662087912,0.45,0.45,decrease_margin_after_safe_window
1321,eMBB,0.0,0.0,0.0,16.0,0.98541666856263,0.45,0.45,decrease_margin_after_safe_window
1321,mMTC,0.0,0.0,0.0,199.0,0.2747301874060629,0.45,0.45,decrease_margin_after_safe_window
1322,URLLC,0.0,0.0,0.0,122.0,0.19113144917582423,0.45,0.45,decrease_margin_after_safe_window
1322,eMBB,0.0,0.0,0.0,24.0,0.9886504073458929,0.45,0.45,decrease_margin_after_safe_window
1322,mMTC,0.0,0.0,0.0,198.0,0.32508851501923974,0.45,0.45,decrease_margin_after_safe_window
1323,URLLC,0.0,0.0,0.0,126.0,0.20017843406593408,0.45,0.45,decrease_margin_after_safe_window
1323,eMBB,0.0,0.0,0.0,21.0,0.9856891349209272,0.45,0.45,decrease_margin_after_safe_window
1323,mMTC,0.0,0.0,0.0,199.0,0.32254719816834143,0.45,0.45,decrease_margin_after_safe_window
1324,URLLC,0.0,0.0,0.0,134.0,0.20279229120879125,0.45,0.45,decrease_margin_after_safe_window
1324,eMBB,0.0,0.0,0.0,18.0,0.9870719445040704,0.45,0.45,decrease_margin_after_safe_window
1324,mMTC,0.0,0.0,0.0,188.0,0.3209668118469145,0.45,0.45,decrease_margin_after_safe_window
1325,URLLC,0.0,0.0,1.0,135.0,0.22332037774725277,0.45,0.45,decrease_margin_after_safe_window
1325,eMBB,0.0,0.0,1.0,28.0,0.9874273526516678,0.45,0.45,decrease_margin_after_safe_window
1325,mMTC,0.0,0.0,0.0,213.0,0.30294768124839344,0.45,0.45,decrease_margin_after_safe_window
1326,URLLC,0.0,0.0,1.0,129.0,0.1968065116758242,0.45,0.45,decrease_margin_after_safe_window
1326,eMBB,0.0,0.0,1.0,22.0,0.9899035948881002,0.45,0.45,decrease_margin_after_safe_window
1326,mMTC,0.0,0.0,0.0,184.0,0.3417379207059665,0.45,0.45,decrease_margin_after_safe_window
1327,URLLC,0.0,0.0,0.0,116.0,0.16881071016483515,0.45,0.45,decrease_margin_after_safe_window
1327,eMBB,0.0,0.0,0.0,17.0,0.9870572021391956,0.45,0.45,decrease_margin_after_safe_window
1327,mMTC,0.0,0.0,0.0,195.0,0.2965296870586142,0.45,0.45,decrease_margin_after_safe_window
1328,URLLC,0.0,0.0,0.0,117.0,0.17862152541208792,0.45,0.45,decrease_margin_after_safe_window
1328,eMBB,0.0,0.0,0.0,21.0,0.9886737281442283,0.45,0.45,decrease_margin_after_safe_window
1328,mMTC,0.0,0.0,0.0,205.0,0.32720518840775215,0.45,0.45,decrease_margin_after_safe_window
1329,URLLC,0.0,0.0,0.0,122.0,0.18659606318681318,0.45,0.45,decrease_margin_after_safe_window
1329,eMBB,0.0,0.0,0.0,18.0,0.98465799217315,0.45,0.45,decrease_margin_after_safe_window
1329,mMTC,0.0,0.0,0.0,180.0,0.3283180269771018,0.45,0.45,decrease_margin_after_safe_window
1330,URLLC,0.0,0.0,0.0,137.0,0.209832573489011,0.45,0.45,decrease_margin_after_safe_window
1330,eMBB,0.0,0.0,0.0,24.0,0.986587288197387,0.45,0.45,decrease_margin_after_safe_window
1330,mMTC,0.0,0.0,0.0,183.0,0.2912945732415877,0.45,0.45,decrease_margin_after_safe_window
1331,URLLC,0.0,0.0,1.0,142.0,0.23512666140109892,0.45,0.45,decrease_margin_after_safe_window
1331,eMBB,0.0,0.0,1.0,27.0,0.9875028283287797,0.45,0.45,decrease_margin_after_safe_window
1331,mMTC,0.0,0.0,0.0,194.0,0.2900576491798629,0.45,0.45,decrease_margin_after_safe_window
1332,URLLC,0.0,0.0,1.0,142.0,0.21246557623626375,0.45,0.45,decrease_margin_after_safe_window
1332,eMBB,0.0,0.0,1.0,26.0,0.9893073033225104,0.45,0.45,decrease_margin_after_safe_window
1332,mMTC,0.0,0.0,0.0,190.0,0.32295659676897087,0.45,0.45,decrease_margin_after_safe_window
1333,URLLC,0.0,0.0,1.0,140.0,0.2097742506868132,0.45,0.45,decrease_margin_after_safe_window
1333,eMBB,0.0,0.0,1.0,16.0,0.9889237269920442,0.45,0.45,decrease_margin_after_safe_window
1333,mMTC,0.0,0.0,0.0,183.0,0.3308623803782256,0.45,0.45,decrease_margin_after_safe_window
1334,URLLC,0.0,0.0,0.0,140.0,0.20899607554945057,0.45,0.45,decrease_margin_after_safe_window
1334,eMBB,0.0,0.0,0.0,15.0,0.9871242121791994,0.45,0.45,decrease_margin_after_safe_window
1334,mMTC,0.0,0.0,0.0,205.0,0.3035927220505247,0.45,0.45,decrease_margin_after_safe_window
1335,URLLC,0.0,0.0,0.0,126.0,0.19440474931318683,0.45,0.45,decrease_margin_after_safe_window
1335,eMBB,0.0,0.0,0.0,14.0,0.9883690647907307,0.45,0.45,decrease_margin_after_safe_window
1335,mMTC,0.0,0.0,0.0,177.0,0.3223485318817395,0.45,0.45,decrease_margin_after_safe_window
1336,URLLC,0.0,0.0,0.0,142.0,0.19935638736263736,0.45,0.45,decrease_margin_after_safe_window
1336,eMBB,0.0,0.0,0.0,21.0,0.9883181175400806,0.45,0.45,decrease_margin_after_safe_window
1336,mMTC,0.0,0.0,0.0,195.0,0.2881876220244952,0.45,0.45,decrease_margin_after_safe_window
1337,URLLC,0.0,0.0,0.0,142.0,0.20991638530219783,0.45,0.45,decrease_margin_after_safe_window
1337,eMBB,0.0,0.0,0.0,21.0,0.9879610783638444,0.45,0.45,decrease_margin_after_safe_window
1337,mMTC,0.0,0.0,0.0,176.0,0.3124118850871566,0.45,0.45,decrease_margin_after_safe_window
1338,URLLC,0.0,0.0,0.0,119.0,0.18005038461538467,0.45,0.45,decrease_margin_after_safe_window
1338,eMBB,0.0,0.0,0.0,16.0,0.9872041718825683,0.45,0.45,decrease_margin_after_safe_window
1338,mMTC,0.0,0.0,0.0,193.0,0.2903495884043005,0.45,0.45,decrease_margin_after_safe_window
1339,URLLC,0.0,0.0,0.0,116.0,0.17036001236263737,0.45,0.45,decrease_margin_after_safe_window
1339,eMBB,0.0,0.0,0.0,26.0,0.9873094598325575,0.45,0.45,decrease_margin_after_safe_window
1339,mMTC,0.0,0.0,0.0,182.0,0.31396203595024047,0.45,0.45,decrease_margin_after_safe_window
1340,URLLC,0.0,0.0,0.0,138.0,0.20661750892857142,0.45,0.45,decrease_margin_after_safe_window
1340,eMBB,0.0,0.0,0.0,23.0,0.985787086540064,0.45,0.45,decrease_margin_after_safe_window
1340,mMTC,0.0,0.0,0.0,184.0,0.29853860050560277,0.45,0.45,decrease_margin_after_safe_window
1341,URLLC,0.0,0.0,0.0,111.0,0.1621115061813187,0.45,0.45,decrease_margin_after_safe_window
1341,eMBB,0.0,0.0,0.0,16.0,0.986282285080544,0.45,0.45,decrease_margin_after_safe_window
1341,mMTC,0.0,0.0,0.0,180.0,0.3209584576179799,0.45,0.45,decrease_margin_after_safe_window
1342,URLLC,0.0,0.0,1.0,154.0,0.22445222321428573,0.45,0.45,decrease_margin_after_safe_window
1342,eMBB,0.0,0.0,1.0,23.0,0.9869129293806331,0.45,0.45,decrease_margin_after_safe_window
1342,mMTC,0.0,0.0,0.0,218.0,0.2922595280803134,0.45,0.45,decrease_margin_after_safe_window
1343,URLLC,0.0,0.0,0.0,119.0,0.16673518063186815,0.45,0.45,decrease_margin_after_safe_window
1343,eMBB,0.0,0.0,0.0,28.0,0.9874702873741095,0.45,0.45,decrease_margin_after_safe_window
1343,mMTC,0.0,0.0,0.0,192.0,0.34563804824229255,0.45,0.45,decrease_margin_after_safe_window
1344,URLLC,0.0,0.0,0.0,129.0,0.18121658173076924,0.45,0.45,decrease_margin_after_safe_window
1344,eMBB,0.0,0.0,0.0,20.0,0.9858990880133014,0.45,0.45,decrease_margin_after_safe_window
1344,mMTC,0.0,0.0,0.0,184.0,0.3152976575354219,0.45,0.45,decrease_margin_after_safe_window
1345,URLLC,0.0,0.0,0.0,130.0,0.19637317101648352,0.45,0.45,decrease_margin_after_safe_window
1345,eMBB,0.0,0.0,0.0,24.0,0.9888132182150583,0.45,0.45,decrease_margin_after_safe_window
1345,mMTC,0.0,0.0,0.0,208.0,0.2887944169048736,0.45,0.45,decrease_margin_after_safe_window
1346,URLLC,0.0,0.0,0.0,125.0,0.17874165934065936,0.45,0.45,decrease_margin_after_safe_window
1346,eMBB,0.0,0.0,0.0,23.0,0.9880633732209017,0.45,0.45,decrease_margin_after_safe_window
1346,mMTC,0.0,0.0,0.0,208.0,0.3376218790746777,0.45,0.45,decrease_margin_after_safe_window
1347,URLLC,0.0,0.0,1.0,156.0,0.22276024107142858,0.45,0.45,decrease_margin_after_safe_window
1347,eMBB,0.0,0.0,1.0,13.0,0.9873396606323849,0.45,0.45,decrease_margin_after_safe_window
1347,mMTC,0.0,0.0,0.0,184.0,0.3436964703100034,0.45,0.45,decrease_margin_after_safe_window
1348,URLLC,0.0,0.0,0.0,131.0,0.19240573351648355,0.45,0.45,decrease_margin_after_safe_window
1348,eMBB,0.0,0.0,0.0,9.0,0.9867340647346533,0.45,0.45,decrease_margin_after_safe_window
1348,mMTC,0.0,0.0,0.0,205.0,0.3010110885479964,0.45,0.45,decrease_margin_after_safe_window
1349,URLLC,0.0,0.0,0.0,135.0,0.1934316929945055,0.45,0.45,decrease_margin_after_safe_window
1349,eMBB,0.0,0.0,0.0,22.0,0.9874638440742646,0.45,0.45,decrease_margin_after_safe_window
1349,mMTC,0.0,0.0,0.0,197.0,0.3341162878904075,0.45,0.45,decrease_margin_after_safe_window
1350,URLLC,0.0,0.0,1.0,133.0,0.2044906215659341,0.45,0.45,decrease_margin_after_safe_window
1350,eMBB,0.0,0.0,1.0,24.0,0.9875924315522682,0.45,0.45,decrease_margin_after_safe_window
1350,mMTC,0.0,0.0,0.0,193.0,0.3208181729870134,0.45,0.45,decrease_margin_after_safe_window
1351,URLLC,0.0,0.0,0.0,120.0,0.16754049450549452,0.45,0.45,decrease_margin_after_safe_window
1351,eMBB,0.0,0.0,0.0,15.0,0.9874207502166082,0.45,0.45,decrease_margin_after_safe_window
1351,mMTC,0.0,0.0,0.0,174.0,0.3107629629233131,0.45,0.45,decrease_margin_after_safe_window
1352,URLLC,0.0,0.0,0.0,122.0,0.18976288186813184,0.45,0.45,decrease_margin_after_safe_window
1352,eMBB,0.0,0.0,0.0,20.0,0.9859924678934029,0.45,0.45,decrease_margin_after_safe_window
1352,mMTC,0.0,0.0,0.0,196.0,0.27480613104006973,0.45,0.45,decrease_margin_after_safe_window
1353,URLLC,0.0,0.0,1.0,119.0,0.1690482087912088,0.45,0.45,decrease_margin_after_safe_window
1353,eMBB,0.0,0.0,0.0,28.0,0.9895856572930951,0.45,0.45,decrease_margin_after_safe_window
1353,mMTC,0.0,0.0,0.0,204.0,0.3190770136365967,0.45,0.45,decrease_margin_after_safe_window
1354,URLLC,0.0,0.0,0.0,127.0,0.19279619024725278,0.45,0.45,decrease_margin_after_safe_window
1354,eMBB,0.0,0.0,0.0,22.0,0.9878890587890449,0.45,0.45,decrease_margin_after_safe_window
1354,mMTC,0.0,0.0,0.0,187.0,0.32299650449841494,0.45,0.45,decrease_margin_after_safe_window
1355,URLLC,0.0,0.0,0.0,131.0,0.19220034958791207,0.45,0.45,decrease_margin_after_safe_window
1355,eMBB,0.0,0.0,0.0,16.0,0.988032662349857,0.45,0.45,decrease_margin_after_safe_window
1355,mMTC,0.0,0.0,0.0,204.0,0.3063762382507165,0.45,0.45,decrease_margin_after_safe_window
1356,URLLC,0.0,0.0,1.0,139.0,0.21325397664835163,0.45,0.45,decrease_margin_after_safe_window
1356,eMBB,0.0,0.0,1.0,26.0,0.9873933103553062,0.45,0.45,decrease_margin_after_safe_window
1356,mMTC,0.0,0.0,0.0,187.0,0.315691420238981,0.45,0.45,decrease_margin_after_safe_window
1357,URLLC,0.0,0.0,0.0,122.0,0.1682771668956044,0.45,0.45,decrease_margin_after_safe_window
1357,eMBB,0.0,0.0,0.0,16.0,0.9867922068962025,0.45,0.45,decrease_margin_after_safe_window
1357,mMTC,0.0,0.0,0.0,199.0,0.3034698039076001,0.45,0.45,decrease_margin_after_safe_window
1358,URLLC,0.0,0.0,0.0,135.0,0.1958696936813187,0.45,0.45,decrease_margin_after_safe_window
1358,eMBB,0.0,0.0,0.0,31.0,0.9883451756410606,0.45,0.45,decrease_margin_after_safe_window
1358,mMTC,0.0,0.0,0.0,172.0,0.29255495891128114,0.45,0.45,decrease_margin_after_safe_window
1359,URLLC,0.0,0.0,0.0,119.0,0.18304212637362635,0.45,0.45,decrease_margin_after_safe_window
1359,eMBB,0.0,0.0,0.0,21.0,0.9886427199305399,0.45,0.45,decrease_margin_after_safe_window
1359,mMTC,0.0,0.0,0.0,204.0,0.28301391634974393,0.45,0.45,decrease_margin_after_safe_window
1360,URLLC,0.0,0.0,1.0,129.0,0.19703941002747252,0.45,0.45,decrease_margin_after_safe_window
1360,eMBB,0.0,0.0,1.0,20.0,0.9867906397129838,0.45,0.45,decrease_margin_after_safe_window
1360,mMTC,0.0,0.0,0.0,189.0,0.3333688194401451,0.45,0.45,decrease_margin_after_safe_window
1361,URLLC,0.0,0.0,0.0,137.0,0.21021608791208793,0.45,0.45,decrease_margin_after_safe_window
1361,eMBB,0.0,0.0,0.0,17.0,0.9882836721670503,0.45,0.45,decrease_margin_after_safe_window
1361,mMTC,0.0,0.0,0.0,195.0,0.2812533973493864,0.45,0.45,decrease_margin_after_safe_window
1362,URLLC,0.0,0.0,0.0,127.0,0.19665159546703298,0.45,0.45,decrease_margin_after_safe_window
1362,eMBB,0.0,0.0,0.0,22.0,0.986532007933093,0.45,0.45,decrease_margin_after_safe_window
1362,mMTC,0.0,0.0,0.0,177.0,0.3103929097169303,0.45,0.45,decrease_margin_after_safe_window
1363,URLLC,0.0,0.0,0.0,126.0,0.1844879759615385,0.45,0.45,decrease_margin_after_safe_window
1363,eMBB,0.0,0.0,0.0,18.0,0.9892401116375752,0.45,0.45,decrease_margin_after_safe_window
1363,mMTC,0.0,0.0,0.0,200.0,0.3018286147770216,0.45,0.45,decrease_margin_after_safe_window
1364,URLLC,0.0,0.0,0.0,137.0,0.1982769340659341,0.45,0.45,decrease_margin_after_safe_window
1364,eMBB,0.0,0.0,0.0,25.0,0.9871124745532257,0.45,0.45,decrease_margin_after_safe_window
1364,mMTC,0.0,0.0,0.0,184.0,0.2831801935598908,0.45,0.45,decrease_margin_after_safe_window
1365,URLLC,0.0,0.0,0.0,132.0,0.19289795054945058,0.45,0.45,decrease_margin_after_safe_window
1365,eMBB,0.0,0.0,0.0,21.0,0.9871245599337243,0.45,0.45,decrease_margin_after_safe_window
1365,mMTC,0.0,0.0,0.0,200.0,0.29860490789273486,0.45,0.45,decrease_margin_after_safe_window
1366,URLLC,0.0,0.0,0.0,123.0,0.18657950686813188,0.45,0.45,decrease_margin_after_safe_window
1366,eMBB,0.0,0.0,0.0,23.0,0.9878054993649659,0.45,0.45,decrease_margin_after_safe_window
1366,mMTC,0.0,0.0,0.0,199.0,0.3104469177114536,0.45,0.45,decrease_margin_after_safe_window
1367,URLLC,0.0,0.0,1.0,134.0,0.20341755425824173,0.45,0.45,decrease_margin_after_safe_window
1367,eMBB,0.0,0.0,1.0,19.0,0.9878667524463142,0.45,0.45,decrease_margin_after_safe_window
1367,mMTC,0.0,0.0,0.0,185.0,0.31322564605638276,0.45,0.45,decrease_margin_after_safe_window
1368,URLLC,0.0,0.0,0.0,116.0,0.1740878358516484,0.45,0.45,decrease_margin_after_safe_window
1368,eMBB,0.0,0.0,0.0,22.0,0.986035553950848,0.45,0.45,decrease_margin_after_safe_window
1368,mMTC,0.0,0.0,0.0,189.0,0.3023569361249829,0.45,0.45,decrease_margin_after_safe_window
1369,URLLC,0.0,0.0,0.0,138.0,0.19078236607142854,0.45,0.45,decrease_margin_after_safe_window
1369,eMBB,0.0,0.0,0.0,20.0,0.9868084156732256,0.45,0.45,decrease_margin_after_safe_window
1369,mMTC,0.0,0.0,0.0,196.0,0.30103577030418743,0.45,0.45,decrease_margin_after_safe_window
1370,URLLC,0.0,0.0,0.0,118.0,0.16763960370879122,0.45,0.45,decrease_margin_after_safe_window
1370,eMBB,0.0,0.0,0.0,19.0,0.9889741377772177,0.45,0.45,decrease_margin_after_safe_window
1370,mMTC,0.0,0.0,0.0,204.0,0.3141915562261759,0.45,0.45,decrease_margin_after_safe_window
1371,URLLC,0.0,0.0,0.0,120.0,0.18440958516483516,0.45,0.45,decrease_margin_after_safe_window
1371,eMBB,0.0,0.0,0.0,23.0,0.9884557535734232,0.45,0.45,decrease_margin_after_safe_window
1371,mMTC,0.0,0.0,0.0,176.0,0.3266853127751184,0.45,0.45,decrease_margin_after_safe_window
1372,URLLC,0.0,0.0,0.0,130.0,0.19223374107142857,0.45,0.45,decrease_margin_after_safe_window
1372,eMBB,0.0,0.0,0.0,12.0,0.987825705061922,0.45,0.45,decrease_margin_after_safe_window
1372,mMTC,0.0,0.0,0.0,195.0,0.2862814645681005,0.45,0.45,decrease_margin_after_safe_window
1373,URLLC,0.0,0.0,0.0,123.0,0.1814034539835165,0.45,0.45,decrease_margin_after_safe_window
1373,eMBB,0.0,0.0,0.0,24.0,0.9880021487698089,0.45,0.45,decrease_margin_after_safe_window
1373,mMTC,0.0,0.0,0.0,192.0,0.3387386155635589,0.45,0.45,decrease_margin_after_safe_window
1374,URLLC,0.0,0.0,0.0,121.0,0.174878260989011,0.45,0.45,decrease_margin_after_safe_window
1374,eMBB,0.0,0.0,0.0,24.0,0.9873860628502371,0.45,0.45,decrease_margin_after_safe_window
1374,mMTC,0.0,0.0,0.0,202.0,0.3119359895672966,0.45,0.45,decrease_margin_after_safe_window
1375,URLLC,0.0,0.0,0.0,121.0,0.18231509203296703,0.45,0.45,decrease_margin_after_safe_window
1375,eMBB,0.0,0.0,0.0,20.0,0.9878958706860816,0.45,0.45,decrease_margin_after_safe_window
1375,mMTC,0.0,0.0,0.0,186.0,0.3295877594969406,0.45,0.45,decrease_margin_after_safe_window
1376,URLLC,0.0,0.0,0.0,124.0,0.1902705054945055,0.45,0.45,decrease_margin_after_safe_window
1376,eMBB,0.0,0.0,0.0,20.0,0.9875869787512903,0.45,0.45,decrease_margin_after_safe_window
1376,mMTC,0.0,0.0,0.0,192.0,0.3051003972568272,0.45,0.45,decrease_margin_after_safe_window
1377,URLLC,0.0,0.0,0.0,120.0,0.17574732142857144,0.45,0.45,decrease_margin_after_safe_window
1377,eMBB,0.0,0.0,0.0,19.0,0.9874309785921752,0.45,0.45,decrease_margin_after_safe_window
1377,mMTC,0.0,0.0,0.0,188.0,0.3099125524621757,0.45,0.45,decrease_margin_after_safe_window
1378,URLLC,0.0,0.0,0.0,121.0,0.17965196085164833,0.45,0.45,decrease_margin_after_safe_window
1378,eMBB,0.0,0.0,0.0,11.0,0.986438115245161,0.45,0.45,decrease_margin_after_safe_window
1378,mMTC,0.0,0.0,0.0,195.0,0.30416068819514,0.45,0.45,decrease_margin_after_safe_window
1379,URLLC,0.0,0.0,0.0,126.0,0.18473546291208792,0.45,0.45,decrease_margin_after_safe_window
1379,eMBB,0.0,0.0,0.0,25.0,0.9867071510623384,0.45,0.45,decrease_margin_after_safe_window
1379,mMTC,0.0,0.0,0.0,198.0,0.3135118150051705,0.45,0.45,decrease_margin_after_safe_window
1380,URLLC,0.0,0.0,1.0,132.0,0.19561156730769233,0.45,0.45,decrease_margin_after_safe_window
1380,eMBB,0.0,0.0,1.0,15.0,0.9882677933923748,0.45,0.45,decrease_margin_after_safe_window
1380,mMTC,0.0,0.0,0.0,205.0,0.3372490616280258,0.45,0.45,decrease_margin_after_safe_window
1381,URLLC,0.0,0.0,0.0,111.0,0.1518796043956044,0.45,0.45,decrease_margin_after_safe_window
1381,eMBB,0.0,0.0,0.0,20.0,0.9881401464546207,0.45,0.45,decrease_margin_after_safe_window
1381,mMTC,0.0,0.0,0.0,205.0,0.3369873098661369,0.45,0.45,decrease_margin_after_safe_window
1382,URLLC,0.0,0.0,0.0,117.0,0.17676061332417584,0.45,0.45,decrease_margin_after_safe_window
1382,eMBB,0.0,0.0,0.0,20.0,0.9876408035307926,0.45,0.45,decrease_margin_after_safe_window
1382,mMTC,0.0,0.0,0.0,172.0,0.31698743075904795,0.45,0.45,decrease_margin_after_safe_window
1383,URLLC,0.0,0.0,0.0,130.0,0.1834459429945055,0.45,0.45,decrease_margin_after_safe_window
1383,eMBB,0.0,0.0,0.0,21.0,0.98936708804912,0.45,0.45,decrease_margin_after_safe_window
1383,mMTC,0.0,0.0,0.0,191.0,0.28128956435423597,0.45,0.45,decrease_margin_after_safe_window
1384,URLLC,0.0,0.0,0.0,140.0,0.20071882829670334,0.45,0.45,decrease_margin_after_safe_window
1384,eMBB,0.0,0.0,0.0,17.0,0.9874349644420984,0.45,0.45,decrease_margin_after_safe_window
1384,mMTC,0.0,0.0,0.0,194.0,0.2860655779375395,0.45,0.45,decrease_margin_after_safe_window
1385,URLLC,0.0,0.0,0.0,120.0,0.18163954395604395,0.45,0.45,decrease_margin_after_safe_window
1385,eMBB,0.0,0.0,0.0,13.0,0.9877877949651044,0.45,0.45,decrease_margin_after_safe_window
1385,mMTC,0.0,0.0,0.0,155.0,0.31938202110936237,0.45,0.45,decrease_margin_after_safe_window
1386,URLLC,0.0,0.0,0.0,132.0,0.19811783241758243,0.45,0.45,decrease_margin_after_safe_window
1386,eMBB,0.0,0.0,0.0,26.0,0.9856432912982449,0.45,0.45,decrease_margin_after_safe_window
1386,mMTC,0.0,0.0,0.0,189.0,0.26365630280080227,0.45,0.45,decrease_margin_after_safe_window
1387,URLLC,0.0,0.0,0.0,137.0,0.1969901936813187,0.45,0.45,decrease_margin_after_safe_window
1387,eMBB,0.0,0.0,0.0,24.0,0.9874676448859633,0.45,0.45,decrease_margin_after_safe_window
1387,mMTC,0.0,0.0,0.0,197.0,0.31874048893986734,0.45,0.45,decrease_margin_after_safe_window
1388,URLLC,0.0,0.0,0.0,119.0,0.18055696909340663,0.45,0.45,decrease_margin_after_safe_window
1388,eMBB,0.0,0.0,0.0,22.0,0.9876521532711768,0.45,0.45,decrease_margin_after_safe_window
1388,mMTC,0.0,0.0,0.0,177.0,0.32365945853648237,0.45,0.45,decrease_margin_after_safe_window
1389,URLLC,0.0,0.0,1.0,147.0,0.23127294299450551,0.45,0.45,decrease_margin_after_safe_window
1389,eMBB,0.0,0.0,1.0,23.0,0.986195314385301,0.45,0.45,decrease_margin_after_safe_window
1389,mMTC,0.0,0.0,0.0,204.0,0.2797007848026133,0.45,0.45,decrease_margin_after_safe_window
1390,URLLC,0.0,0.0,1.0,137.0,0.21800941620879127,0.45,0.45,decrease_margin_after_safe_window
1390,eMBB,0.0,0.0,1.0,18.0,0.9857564549291217,0.45,0.45,decrease_margin_after_safe_window
1390,mMTC,0.0,0.0,0.0,201.0,0.32504089376826456,0.45,0.45,decrease_margin_after_safe_window
1391,URLLC,0.0,0.0,0.0,131.0,0.1893769471153846,0.45,0.45,decrease_margin_after_safe_window
1391,eMBB,0.0,0.0,0.0,19.0,0.9882968972902033,0.45,0.45,decrease_margin_after_safe_window
1391,mMTC,0.0,0.0,0.0,175.0,0.30407340819547557,0.45,0.45,decrease_margin_after_safe_window
1392,URLLC,0.0,0.0,0.0,114.0,0.1775069313186813,0.45,0.45,decrease_margin_after_safe_window
1392,eMBB,0.0,0.0,0.0,20.0,0.9899028841979136,0.45,0.45,decrease_margin_after_safe_window
1392,mMTC,0.0,0.0,0.0,201.0,0.2787519587521247,0.45,0.45,decrease_margin_after_safe_window
1393,URLLC,0.0,0.0,0.0,120.0,0.17068712431318683,0.45,0.45,decrease_margin_after_safe_window
1393,eMBB,0.0,0.0,0.0,11.0,0.9888676009293781,0.45,0.45,decrease_margin_after_safe_window
1393,mMTC,0.0,0.0,0.0,181.0,0.3101390554191573,0.45,0.45,decrease_margin_after_safe_window
1394,URLLC,0.0,0.0,0.0,126.0,0.1882379230769231,0.45,0.45,decrease_margin_after_safe_window
1394,eMBB,0.0,0.0,0.0,16.0,0.9898403726405516,0.45,0.45,decrease_margin_after_safe_window
1394,mMTC,0.0,0.0,0.0,196.0,0.2824279645792011,0.45,0.45,decrease_margin_after_safe_window
1395,URLLC,0.0,0.0,0.0,130.0,0.19623409684065934,0.45,0.45,decrease_margin_after_safe_window
1395,eMBB,0.0,0.0,0.0,14.0,0.9888271629557658,0.45,0.45,decrease_margin_after_safe_window
1395,mMTC,0.0,0.0,0.0,177.0,0.31764406472121076,0.45,0.45,decrease_margin_after_safe_window
1396,URLLC,0.0,0.0,0.0,122.0,0.1866809745879121,0.45,0.45,decrease_margin_after_safe_window
1396,eMBB,0.0,0.0,0.0,14.0,0.9887045369908016,0.45,0.45,decrease_margin_after_safe_window
1396,mMTC,0.0,0.0,0.0,197.0,0.2919784557505829,0.45,0.45,decrease_margin_after_safe_window
1397,URLLC,0.0,0.0,1.0,143.0,0.22167661263736263,0.45,0.45,decrease_margin_after_safe_window
1397,eMBB,0.0,0.0,1.0,11.0,0.988907431514008,0.45,0.45,decrease_margin_after_safe_window
1397,mMTC,0.0,0.0,0.0,186.0,0.3381060358556351,0.45,0.45,decrease_margin_after_safe_window
1398,URLLC,0.0,0.0,0.0,119.0,0.18108606662087914,0.45,0.45,decrease_margin_after_safe_window
1398,eMBB,0.0,0.0,0.0,23.0,0.9885612453242322,0.45,0.45,decrease_margin_after_safe_window
1398,mMTC,0.0,0.0,0.0,195.0,0.28405244831477333,0.45,0.45,decrease_margin_after_safe_window
1399,URLLC,0.0,0.0,0.0,123.0,0.1819038537087912,0.45,0.45,decrease_margin_after_safe_window
1399,eMBB,0.0,0.0,0.0,10.0,0.989267142945114,0.45,0.45,decrease_margin_after_safe_window
1399,mMTC,0.0,0.0,0.0,181.0,0.32685537234008943,0.45,0.45,decrease_margin_after_safe_window
1400,URLLC,0.0,0.0,0.0,131.0,0.19186350824175827,0.45,0.45,decrease_margin_after_safe_window
1400,eMBB,0.0,0.0,0.0,20.0,0.9865044402451874,0.45,0.45,decrease_margin_after_safe_window
1400,mMTC,0.0,0.0,0.0,200.0,0.2894113886695818,0.45,0.45,decrease_margin_after_safe_window
1401,URLLC,0.0,0.0,0.0,135.0,0.18874449381868133,0.45,0.45,decrease_margin_after_safe_window
1401,eMBB,0.0,0.0,0.0,21.0,0.9878238900364023,0.45,0.45,decrease_margin_after_safe_window
1401,mMTC,0.0,0.0,0.0,195.0,0.31955429130731566,0.45,0.45,decrease_margin_after_safe_window
1402,URLLC,0.0,0.0,0.0,132.0,0.1984827129120879,0.45,0.45,decrease_margin_after_safe_window
1402,eMBB,0.0,0.0,0.0,20.0,0.9886513549754083,0.45,0.45,decrease_margin_after_safe_window
1402,mMTC,0.0,0.0,0.0,177.0,0.3134829038903547,0.45,0.45,decrease_margin_after_safe_window
1403,URLLC,0.0,0.0,0.0,119.0,0.1697979745879121,0.45,0.45,decrease_margin_after_safe_window
1403,eMBB,0.0,0.0,0.0,13.0,0.9861491629236687,0.45,0.45,decrease_margin_after_safe_window
1403,mMTC,0.0,0.0,0.0,198.0,0.2875000543318683,0.45,0.45,decrease_margin_after_safe_window
1404,URLLC,0.0,0.0,0.0,133.0,0.19467592101648354,0.45,0.45,decrease_margin_after_safe_window
1404,eMBB,0.0,0.0,0.0,25.0,0.9878207791499362,0.45,0.45,decrease_margin_after_safe_window
1404,mMTC,0.0,0.0,0.0,182.0,0.32615494201982953,0.45,0.45,decrease_margin_after_safe_window
1405,URLLC,0.0,0.0,0.0,111.0,0.16213494574175827,0.45,0.45,decrease_margin_after_safe_window
1405,eMBB,0.0,0.0,0.0,23.0,0.9872529232890048,0.45,0.45,decrease_margin_after_safe_window
1405,mMTC,0.0,0.0,0.0,203.0,0.29651252242851384,0.45,0.45,decrease_margin_after_safe_window
1406,URLLC,0.0,0.0,1.0,131.0,0.1864448399725275,0.45,0.45,decrease_margin_after_safe_window
1406,eMBB,0.0,0.0,1.0,21.0,0.9879887382398921,0.45,0.45,decrease_margin_after_safe_window
1406,mMTC,0.0,0.0,0.0,179.0,0.3754273446263929,0.45,0.45,decrease_margin_after_safe_window
1407,URLLC,0.0,0.0,0.0,133.0,0.19285110233516486,0.45,0.45,decrease_margin_after_safe_window
1407,eMBB,0.0,0.0,0.0,12.0,0.9871912725628896,0.45,0.45,decrease_margin_after_safe_window
1407,mMTC,0.0,0.0,0.0,197.0,0.2829441936584522,0.45,0.45,decrease_margin_after_safe_window
1408,URLLC,0.0,0.0,0.0,115.0,0.16461988598901098,0.45,0.45,decrease_margin_after_safe_window
1408,eMBB,0.0,0.0,0.0,20.0,0.9856707460319323,0.45,0.45,decrease_margin_after_safe_window
1408,mMTC,0.0,0.0,0.0,186.0,0.30103004627951674,0.45,0.45,decrease_margin_after_safe_window
1409,URLLC,0.0,0.0,1.0,144.0,0.21222793543956042,0.45,0.45,decrease_margin_after_safe_window
1409,eMBB,0.0,0.0,1.0,27.0,0.9888317239646823,0.45,0.45,decrease_margin_after_safe_window
1409,mMTC,0.0,0.0,0.0,166.0,0.30746375047585917,0.45,0.45,decrease_margin_after_safe_window
1410,URLLC,0.0,0.0,0.0,119.0,0.1834753907967033,0.45,0.45,decrease_margin_after_safe_window
1410,eMBB,0.0,0.0,0.0,18.0,0.9890146436189161,0.45,0.45,decrease_margin_after_safe_window
1410,mMTC,0.0,0.0,0.0,190.0,0.2825605401030706,0.45,0.45,decrease_margin_after_safe_window
1411,URLLC,0.0,0.0,0.0,142.0,0.202683915521978,0.45,0.45,decrease_margin_after_safe_window
1411,eMBB,0.0,0.0,0.0,23.0,0.984715355786707,0.45,0.45,decrease_margin_after_safe_window
1411,mMTC,0.0,0.0,0.0,194.0,0.3192587540794407,0.45,0.45,decrease_margin_after_safe_window
1412,URLLC,0.0,0.0,0.0,123.0,0.18083322390109893,0.45,0.45,decrease_margin_after_safe_window
1412,eMBB,0.0,0.0,0.0,17.0,0.989140369099637,0.45,0.45,decrease_margin_after_safe_window
1412,mMTC,0.0,0.0,0.0,189.0,0.31017675472767026,0.45,0.45,decrease_margin_after_safe_window
1413,URLLC,0.0,0.0,0.0,120.0,0.17050662225274724,0.45,0.45,decrease_margin_after_safe_window
1413,eMBB,0.0,0.0,0.0,23.0,0.9905676299955916,0.45,0.45,decrease_margin_after_safe_window
1413,mMTC,0.0,0.0,0.0,195.0,0.3002708360455638,0.45,0.45,decrease_margin_after_safe_window
1414,URLLC,0.0,0.0,0.0,118.0,0.18876672802197803,0.45,0.45,decrease_margin_after_safe_window
1414,eMBB,0.0,0.0,0.0,13.0,0.9877986324568874,0.45,0.45,decrease_margin_after_safe_window
1414,mMTC,0.0,0.0,0.0,188.0,0.3246256130350859,0.45,0.45,decrease_margin_after_safe_window
1415,URLLC,0.0,0.0,0.0,119.0,0.17755584134615385,0.45,0.45,decrease_margin_after_safe_window
1415,eMBB,0.0,0.0,0.0,13.0,0.987711303286627,0.45,0.45,decrease_margin_after_safe_window
1415,mMTC,0.0,0.0,0.0,183.0,0.3011859069980364,0.45,0.45,decrease_margin_after_safe_window
1416,URLLC,0.0,0.0,0.0,121.0,0.17295126991758242,0.45,0.45,decrease_margin_after_safe_window
1416,eMBB,0.0,0.0,0.0,16.0,0.9889571519877765,0.45,0.45,decrease_margin_after_safe_window
1416,mMTC,0.0,0.0,0.0,196.0,0.2903340287402386,0.45,0.45,decrease_margin_after_safe_window
1417,URLLC,0.0,0.0,0.0,121.0,0.19439915041208788,0.45,0.45,decrease_margin_after_safe_window
1417,eMBB,0.0,0.0,0.0,16.0,0.9859884477574321,0.45,0.45,decrease_margin_after_safe_window
1417,mMTC,0.0,0.0,0.0,191.0,0.32833990755337344,0.45,0.45,decrease_margin_after_safe_window
1418,URLLC,0.0,0.0,0.0,130.0,0.2126514684065934,0.45,0.45,decrease_margin_after_safe_window
1418,eMBB,0.0,0.0,0.0,28.0,0.9886337154787814,0.45,0.45,decrease_margin_after_safe_window
1418,mMTC,0.0,0.0,0.0,216.0,0.29285671623262827,0.45,0.45,decrease_margin_after_safe_window
1419,URLLC,0.0,0.0,0.0,107.0,0.15690705563186816,0.45,0.45,decrease_margin_after_safe_window
1419,eMBB,0.0,0.0,0.0,16.0,0.9857562643035912,0.45,0.45,decrease_margin_after_safe_window
1419,mMTC,0.0,0.0,0.0,179.0,0.35355435077391917,0.45,0.45,decrease_margin_after_safe_window
1420,URLLC,0.0,0.0,0.0,120.0,0.1716637918956044,0.45,0.45,decrease_margin_after_safe_window
1420,eMBB,0.0,0.0,0.0,17.0,0.9852578489494215,0.45,0.45,decrease_margin_after_safe_window
1420,mMTC,0.0,0.0,0.0,190.0,0.28952755777728617,0.45,0.45,decrease_margin_after_safe_window
1421,URLLC,0.0,0.0,0.0,125.0,0.1867632252747253,0.45,0.45,decrease_margin_after_safe_window
1421,eMBB,0.0,0.0,0.0,24.0,0.9867916818938296,0.45,0.45,decrease_margin_after_safe_window
1421,mMTC,0.0,0.0,0.0,195.0,0.3202615090416146,0.45,0.45,decrease_margin_after_safe_window
1422,URLLC,0.0,0.0,0.0,106.0,0.17401269436813188,0.45,0.45,decrease_margin_after_safe_window
1422,eMBB,0.0,0.0,0.0,25.0,0.9869048336588904,0.45,0.45,decrease_margin_after_safe_window
1422,mMTC,0.0,0.0,0.0,171.0,0.2931508751968515,0.45,0.45,decrease_margin_after_safe_window
1423,URLLC,0.0,0.0,0.0,118.0,0.18001631593406595,0.45,0.45,decrease_margin_after_safe_window
1423,eMBB,0.0,0.0,0.0,23.0,0.9884787683749839,0.45,0.45,decrease_margin_after_safe_window
1423,mMTC,0.0,0.0,0.0,188.0,0.279619531939349,0.45,0.45,decrease_margin_after_safe_window
1424,URLLC,0.0,0.0,0.0,131.0,0.18513274793956044,0.45,0.45,decrease_margin_after_safe_window
1424,eMBB,0.0,0.0,0.0,15.0,0.9880409721345254,0.45,0.45,decrease_margin_after_safe_window
1424,mMTC,0.0,0.0,0.0,196.0,0.31885761821066494,0.45,0.45,decrease_margin_after_safe_window
1425,URLLC,0.0,0.0,0.0,123.0,0.1842211201923077,0.45,0.45,decrease_margin_after_safe_window
1425,eMBB,0.0,0.0,0.0,19.0,0.9864592066539551,0.45,0.45,decrease_margin_after_safe_window
1425,mMTC,0.0,0.0,0.0,165.0,0.3118767850576277,0.45,0.45,decrease_margin_after_safe_window
1426,URLLC,0.0,0.0,0.0,117.0,0.15461210576923076,0.45,0.45,decrease_margin_after_safe_window
1426,eMBB,0.0,0.0,0.0,16.0,0.988561031789298,0.45,0.45,decrease_margin_after_safe_window
1426,mMTC,0.0,0.0,0.0,203.0,0.2766693175557345,0.45,0.45,decrease_margin_after_safe_window
1427,URLLC,0.0,0.0,0.0,122.0,0.18697436950549454,0.45,0.45,decrease_margin_after_safe_window
1427,eMBB,0.0,0.0,0.0,26.0,0.9873020861129937,0.45,0.45,decrease_margin_after_safe_window
1427,mMTC,0.0,0.0,0.0,193.0,0.33046526515401303,0.45,0.45,decrease_margin_after_safe_window
1428,URLLC,0.0,0.0,0.0,121.0,0.15305322733516483,0.45,0.45,decrease_margin_after_safe_window
1428,eMBB,0.0,0.0,0.0,21.0,0.9862326450224972,0.45,0.45,decrease_margin_after_safe_window
1428,mMTC,0.0,0.0,0.0,203.0,0.3296869809469925,0.45,0.45,decrease_margin_after_safe_window
1429,URLLC,0.0,0.0,1.0,145.0,0.2068168550824176,0.45,0.45,decrease_margin_after_safe_window
1429,eMBB,0.0,0.0,1.0,19.0,0.9907793217587754,0.45,0.45,decrease_margin_after_safe_window
1429,mMTC,0.0,0.0,0.0,184.0,0.32294854398101996,0.45,0.45,decrease_margin_after_safe_window
1430,URLLC,0.0,0.0,0.0,132.0,0.19391580975274728,0.45,0.45,decrease_margin_after_safe_window
1430,eMBB,0.0,0.0,0.0,16.0,0.9872576273892216,0.45,0.45,decrease_margin_after_safe_window
1430,mMTC,0.0,0.0,0.0,194.0,0.28300305439932577,0.45,0.45,decrease_margin_after_safe_window
1431,URLLC,0.0,0.0,0.0,117.0,0.17719802266483514,0.45,0.45,decrease_margin_after_safe_window
1431,eMBB,0.0,0.0,0.0,22.0,0.986902679966687,0.45,0.45,decrease_margin_after_safe_window
1431,mMTC,0.0,0.0,0.0,198.0,0.3218265062251652,0.45,0.45,decrease_margin_after_safe_window
1432,URLLC,0.0,0.0,0.0,132.0,0.19436499931318682,0.45,0.45,decrease_margin_after_safe_window
1432,eMBB,0.0,0.0,0.0,14.0,0.9893899173443322,0.45,0.45,decrease_margin_after_safe_window
1432,mMTC,0.0,0.0,0.0,191.0,0.3134535149740154,0.45,0.45,decrease_margin_after_safe_window
1433,URLLC,0.0,0.0,0.0,120.0,0.17327174725274724,0.45,0.45,decrease_margin_after_safe_window
1433,eMBB,0.0,0.0,0.0,28.0,0.9893716899404633,0.45,0.45,decrease_margin_after_safe_window
1433,mMTC,0.0,0.0,0.0,201.0,0.3113771165755427,0.45,0.45,decrease_margin_after_safe_window
1434,URLLC,0.0,0.0,1.0,136.0,0.20870889835164835,0.45,0.45,decrease_margin_after_safe_window
1434,eMBB,0.0,0.0,1.0,22.0,0.9884942040522745,0.45,0.45,decrease_margin_after_safe_window
1434,mMTC,0.0,0.0,0.0,189.0,0.32304201147747186,0.45,0.45,decrease_margin_after_safe_window
1435,URLLC,0.0,0.0,0.0,136.0,0.19516812774725276,0.45,0.45,decrease_margin_after_safe_window
1435,eMBB,0.0,0.0,0.0,13.0,0.9870534715197319,0.45,0.45,decrease_margin_after_safe_window
1435,mMTC,0.0,0.0,0.0,203.0,0.2968088928141315,0.45,0.45,decrease_margin_after_safe_window
1436,URLLC,0.0,0.0,1.0,129.0,0.18952323557692305,0.45,0.45,decrease_margin_after_safe_window
1436,eMBB,0.0,0.0,1.0,19.0,0.9879620452587565,0.45,0.45,decrease_margin_after_safe_window
1436,mMTC,0.0,0.0,0.0,175.0,0.354384647747444,0.45,0.45,decrease_margin_after_safe_window
1437,URLLC,0.0,0.0,0.0,137.0,0.205955834478022,0.45,0.45,decrease_margin_after_safe_window
1437,eMBB,0.0,0.0,0.0,18.0,0.9863217548785178,0.45,0.45,decrease_margin_after_safe_window
1437,mMTC,0.0,0.0,0.0,194.0,0.29101810285609947,0.45,0.45,decrease_margin_after_safe_window
1438,URLLC,0.0,0.0,0.0,142.0,0.21295690453296706,0.45,0.45,decrease_margin_after_safe_window
1438,eMBB,0.0,0.0,0.0,22.0,0.9882046264257677,0.45,0.45,decrease_margin_after_safe_window
1438,mMTC,0.0,0.0,0.0,179.0,0.29851420763513886,0.45,0.45,decrease_margin_after_safe_window
1439,URLLC,0.0,0.0,0.0,136.0,0.18842588461538462,0.45,0.45,decrease_margin_after_safe_window
1439,eMBB,0.0,0.0,0.0,14.0,0.9895326446495603,0.45,0.45,decrease_margin_after_safe_window
1439,mMTC,0.0,0.0,0.0,215.0,0.2876124456912514,0.45,0.45,decrease_margin_after_safe_window
1440,URLLC,0.0,0.0,0.0,115.0,0.17874249107142856,0.45,0.45,decrease_margin_after_safe_window
1440,eMBB,0.0,0.0,0.0,13.0,0.9870475811720046,0.45,0.45,decrease_margin_after_safe_window
1440,mMTC,0.0,0.0,0.0,174.0,0.32752601826371636,0.45,0.45,decrease_margin_after_safe_window
1441,URLLC,0.0,0.0,0.0,125.0,0.17819857760989014,0.45,0.45,decrease_margin_after_safe_window
1441,eMBB,0.0,0.0,0.0,21.0,0.9858343172850097,0.45,0.45,decrease_margin_after_safe_window
1441,mMTC,0.0,0.0,0.0,194.0,0.27254918275151313,0.45,0.45,decrease_margin_after_safe_window
1442,URLLC,0.0,0.0,0.0,126.0,0.1920651243131868,0.45,0.45,decrease_margin_after_safe_window
1442,eMBB,0.0,0.0,0.0,15.0,0.9866654855317124,0.45,0.45,decrease_margin_after_safe_window
1442,mMTC,0.0,0.0,0.0,193.0,0.3207710258528765,0.45,0.45,decrease_margin_after_safe_window
1443,URLLC,0.0,0.0,0.0,117.0,0.17816818475274723,0.45,0.45,decrease_margin_after_safe_window
1443,eMBB,0.0,0.0,0.0,22.0,0.987760655244517,0.45,0.45,decrease_margin_after_safe_window
1443,mMTC,0.0,0.0,0.0,201.0,0.30452748289712134,0.45,0.45,decrease_margin_after_safe_window
1444,URLLC,0.0,0.0,0.0,142.0,0.20342235782967033,0.45,0.45,decrease_margin_after_safe_window
1444,eMBB,0.0,0.0,0.0,18.0,0.988297790031993,0.45,0.45,decrease_margin_after_safe_window
1444,mMTC,0.0,0.0,0.0,168.0,0.3221082662737357,0.45,0.45,decrease_margin_after_safe_window
1445,URLLC,0.0,0.0,0.0,136.0,0.19653064285714286,0.45,0.45,decrease_margin_after_safe_window
1445,eMBB,0.0,0.0,0.0,16.0,0.9888239641244578,0.45,0.45,decrease_margin_after_safe_window
1445,mMTC,0.0,0.0,0.0,217.0,0.2782767861671363,0.45,0.45,decrease_margin_after_safe_window
1446,URLLC,0.0,0.0,0.0,129.0,0.18352312087912087,0.45,0.45,decrease_margin_after_safe_window
1446,eMBB,0.0,0.0,0.0,17.0,0.9863810649048707,0.45,0.45,decrease_margin_after_safe_window
1446,mMTC,0.0,0.0,0.0,172.0,0.3528540609754224,0.45,0.45,decrease_margin_after_safe_window
1447,URLLC,0.0,0.0,0.0,135.0,0.20128956662087913,0.45,0.45,decrease_margin_after_safe_window
1447,eMBB,0.0,0.0,0.0,16.0,0.9859015592331284,0.45,0.45,decrease_margin_after_safe_window
1447,mMTC,0.0,0.0,0.0,203.0,0.2778228623381406,0.45,0.45,decrease_margin_after_safe_window
1448,URLLC,0.0,0.0,0.0,125.0,0.18973311813186816,0.45,0.45,decrease_margin_after_safe_window
1448,eMBB,0.0,0.0,0.0,24.0,0.985321560815898,0.45,0.45,decrease_margin_after_safe_window
1448,mMTC,0.0,0.0,0.0,216.0,0.3239587391025059,0.45,0.45,decrease_margin_after_safe_window
1449,URLLC,1.0,0.0,1.0,117.0,0.16776513392857145,0.45,0.7,increase_margin_due_to_sla_pressure
1449,eMBB,0.0,0.0,0.0,27.0,0.9873736306819156,0.45,0.45,decrease_margin_after_safe_window
1449,mMTC,0.0,0.0,0.0,185.0,0.3692020216998892,0.45,0.45,decrease_margin_after_safe_window
1450,URLLC,0.0,0.0,1.0,141.0,0.22492429532967037,0.7,0.6499999999999999,decrease_margin_after_safe_window
1450,eMBB,0.0,0.0,1.0,18.0,0.9877076626420254,0.45,0.45,decrease_margin_after_safe_window
1450,mMTC,0.0,0.0,0.0,198.0,0.30247583355911084,0.45,0.45,decrease_margin_after_safe_window
1451,URLLC,0.0,0.0,0.0,123.0,0.18601171222527474,0.6499999999999999,0.5999999999999999,decrease_margin_after_safe_window
1451,eMBB,0.0,0.0,0.0,25.0,0.9890600533969217,0.45,0.45,decrease_margin_after_safe_window
1451,mMTC,0.0,0.0,0.0,198.0,0.3265643797075527,0.45,0.45,decrease_margin_after_safe_window
1452,URLLC,0.0,0.0,0.0,113.0,0.1629906353021978,0.5999999999999999,0.5499999999999998,decrease_margin_after_safe_window
1452,eMBB,0.0,0.0,0.0,23.0,0.9893273722410635,0.45,0.45,decrease_margin_after_safe_window
1452,mMTC,0.0,0.0,0.0,202.0,0.31617555032971884,0.45,0.45,decrease_margin_after_safe_window
1453,URLLC,0.0,0.0,0.0,133.0,0.19775033035714285,0.5499999999999998,0.49999999999999983,decrease_margin_after_safe_window
1453,eMBB,0.0,0.0,0.0,17.0,0.9879582929739511,0.45,0.45,decrease_margin_after_safe_window
1453,mMTC,0.0,0.0,0.0,189.0,0.31462352105957203,0.45,0.45,decrease_margin_after_safe_window
1454,URLLC,0.0,0.0,0.0,140.0,0.2062138962912088,0.49999999999999983,0.45,decrease_margin_after_safe_window
1454,eMBB,0.0,0.0,0.0,24.0,0.9862346235118343,0.45,0.45,decrease_margin_after_safe_window
1454,mMTC,0.0,0.0,0.0,183.0,0.3031437903949793,0.45,0.45,decrease_margin_after_safe_window
1455,URLLC,0.0,0.0,0.0,127.0,0.18310096153846153,0.45,0.45,decrease_margin_after_safe_window
1455,eMBB,0.0,0.0,0.0,16.0,0.9866901111949252,0.45,0.45,decrease_margin_after_safe_window
1455,mMTC,0.0,0.0,0.0,194.0,0.3102956607914172,0.45,0.45,decrease_margin_after_safe_window
1456,URLLC,0.0,0.0,0.0,128.0,0.18586466414835165,0.45,0.45,decrease_margin_after_safe_window
1456,eMBB,0.0,0.0,0.0,20.0,0.98741830473017,0.45,0.45,decrease_margin_after_safe_window
1456,mMTC,0.0,0.0,0.0,203.0,0.30522597032190324,0.45,0.45,decrease_margin_after_safe_window
1457,URLLC,0.0,0.0,0.0,135.0,0.19022841140109895,0.45,0.45,decrease_margin_after_safe_window
1457,eMBB,0.0,0.0,0.0,18.0,0.9872585623457502,0.45,0.45,decrease_margin_after_safe_window
1457,mMTC,0.0,0.0,0.0,180.0,0.3363879263255564,0.45,0.45,decrease_margin_after_safe_window
1458,URLLC,0.0,0.0,0.0,135.0,0.19336838392857145,0.45,0.45,decrease_margin_after_safe_window
1458,eMBB,0.0,0.0,0.0,22.0,0.9885604626034266,0.45,0.45,decrease_margin_after_safe_window
1458,mMTC,0.0,0.0,0.0,204.0,0.2614386541344657,0.45,0.45,decrease_margin_after_safe_window
1459,URLLC,0.0,0.0,0.0,128.0,0.1844931929945055,0.45,0.45,decrease_margin_after_safe_window
1459,eMBB,0.0,0.0,0.0,18.0,0.987751326887512,0.45,0.45,decrease_margin_after_safe_window
1459,mMTC,0.0,0.0,0.0,188.0,0.336560279289181,0.45,0.45,decrease_margin_after_safe_window
1460,URLLC,0.0,0.0,0.0,128.0,0.18153562225274728,0.45,0.45,decrease_margin_after_safe_window
1460,eMBB,0.0,0.0,0.0,19.0,0.9860931433174965,0.45,0.45,decrease_margin_after_safe_window
1460,mMTC,0.0,0.0,0.0,199.0,0.3025958846391777,0.45,0.45,decrease_margin_after_safe_window
1461,URLLC,0.0,0.0,0.0,120.0,0.17814640247252747,0.45,0.45,decrease_margin_after_safe_window
1461,eMBB,0.0,0.0,0.0,10.0,0.9860474210925194,0.45,0.45,decrease_margin_after_safe_window
1461,mMTC,0.0,0.0,0.0,188.0,0.3215627297430354,0.45,0.45,decrease_margin_after_safe_window
1462,URLLC,0.0,0.0,0.0,144.0,0.22171048832417584,0.45,0.45,decrease_margin_after_safe_window
1462,eMBB,0.0,0.0,0.0,16.0,0.98494048742376,0.45,0.45,decrease_margin_after_safe_window
1462,mMTC,0.0,0.0,0.0,192.0,0.3065877602040223,0.45,0.45,decrease_margin_after_safe_window
1463,URLLC,0.0,0.0,0.0,125.0,0.18310967788461538,0.45,0.45,decrease_margin_after_safe_window
1463,eMBB,0.0,0.0,0.0,19.0,0.9855476992661282,0.45,0.45,decrease_margin_after_safe_window
1463,mMTC,0.0,0.0,0.0,182.0,0.3031054789714237,0.45,0.45,decrease_margin_after_safe_window
1464,URLLC,0.0,0.0,0.0,131.0,0.1827455686813187,0.45,0.45,decrease_margin_after_safe_window
1464,eMBB,0.0,0.0,0.0,35.0,0.9868102220100391,0.45,0.45,decrease_margin_after_safe_window
1464,mMTC,0.0,0.0,0.0,199.0,0.303599174004152,0.45,0.45,decrease_margin_after_safe_window
1465,URLLC,0.0,0.0,1.0,133.0,0.19254169093406595,0.45,0.45,decrease_margin_after_safe_window
1465,eMBB,0.0,0.0,1.0,20.0,0.9866191769227636,0.45,0.45,decrease_margin_after_safe_window
1465,mMTC,0.0,0.0,0.0,164.0,0.33858425385576485,0.45,0.45,decrease_margin_after_safe_window
1466,URLLC,0.0,0.0,0.0,141.0,0.20727908653846155,0.45,0.45,decrease_margin_after_safe_window
1466,eMBB,0.0,0.0,0.0,31.0,0.9875056095923342,0.45,0.45,decrease_margin_after_safe_window
1466,mMTC,0.0,0.0,0.0,220.0,0.2741202641002941,0.45,0.45,decrease_margin_after_safe_window
1467,URLLC,0.0,0.0,1.0,130.0,0.1920005,0.45,0.45,decrease_margin_after_safe_window
1467,eMBB,0.0,0.0,1.0,24.0,0.9894299770535234,0.45,0.45,decrease_margin_after_safe_window
1467,mMTC,0.0,0.0,0.0,168.0,0.3603512161344266,0.45,0.45,decrease_margin_after_safe_window
1468,URLLC,0.0,0.0,0.0,127.0,0.19106777815934067,0.45,0.45,decrease_margin_after_safe_window
1468,eMBB,0.0,0.0,0.0,24.0,0.9866706025108373,0.45,0.45,decrease_margin_after_safe_window
1468,mMTC,0.0,0.0,0.0,206.0,0.27563344914711,0.45,0.45,decrease_margin_after_safe_window
1469,URLLC,0.0,0.0,1.0,130.0,0.19421317857142856,0.45,0.45,decrease_margin_after_safe_window
1469,eMBB,0.0,0.0,1.0,19.0,0.9867488901848905,0.45,0.45,decrease_margin_after_safe_window
1469,mMTC,0.0,0.0,0.0,183.0,0.32855268430788137,0.45,0.45,decrease_margin_after_safe_window
1470,URLLC,0.0,0.0,0.0,128.0,0.19691264835164835,0.45,0.45,decrease_margin_after_safe_window
1470,eMBB,0.0,0.0,0.0,20.0,0.9868496986233918,0.45,0.45,decrease_margin_after_safe_window
1470,mMTC,0.0,0.0,0.0,192.0,0.29108672520550016,0.45,0.45,decrease_margin_after_safe_window
1471,URLLC,0.0,0.0,1.0,143.0,0.20779961057692306,0.45,0.45,decrease_margin_after_safe_window
1471,eMBB,0.0,0.0,1.0,22.0,0.9868451211942281,0.45,0.45,decrease_margin_after_safe_window
1471,mMTC,0.0,0.0,0.0,200.0,0.32535764855904026,0.45,0.45,decrease_margin_after_safe_window
1472,URLLC,0.0,0.0,1.0,125.0,0.18449347046703296,0.45,0.45,decrease_margin_after_safe_window
1472,eMBB,0.0,0.0,1.0,17.0,0.9888671415124856,0.45,0.45,decrease_margin_after_safe_window
1472,mMTC,0.0,0.0,0.0,186.0,0.3420580112015501,0.45,0.45,decrease_margin_after_safe_window
1473,URLLC,0.0,0.0,0.0,125.0,0.1802064684065934,0.45,0.45,decrease_margin_after_safe_window
1473,eMBB,0.0,0.0,0.0,23.0,0.987628641042176,0.45,0.45,decrease_margin_after_safe_window
1473,mMTC,0.0,0.0,0.0,189.0,0.3179799747590997,0.45,0.45,decrease_margin_after_safe_window
1474,URLLC,0.0,0.0,0.0,127.0,0.18752266758241756,0.45,0.45,decrease_margin_after_safe_window
1474,eMBB,0.0,0.0,0.0,21.0,0.9876622171101219,0.45,0.45,decrease_margin_after_safe_window
1474,mMTC,0.0,0.0,0.0,198.0,0.3224269250277665,0.45,0.45,decrease_margin_after_safe_window
1475,URLLC,0.0,0.0,0.0,128.0,0.18854331662087917,0.45,0.45,decrease_margin_after_safe_window
1475,eMBB,0.0,0.0,0.0,20.0,0.9893289114713434,0.45,0.45,decrease_margin_after_safe_window
1475,mMTC,0.0,0.0,0.0,171.0,0.3357058464672044,0.45,0.45,decrease_margin_after_safe_window
1476,URLLC,0.0,0.0,0.0,136.0,0.1995807877747253,0.45,0.45,decrease_margin_after_safe_window
1476,eMBB,0.0,0.0,0.0,13.0,0.986400410211213,0.45,0.45,decrease_margin_after_safe_window
1476,mMTC,0.0,0.0,0.0,190.0,0.26846863449925024,0.45,0.45,decrease_margin_after_safe_window
1477,URLLC,0.0,0.0,0.0,124.0,0.17893096085164836,0.45,0.45,decrease_margin_after_safe_window
1477,eMBB,0.0,0.0,0.0,19.0,0.9886730462259211,0.45,0.45,decrease_margin_after_safe_window
1477,mMTC,0.0,0.0,0.0,191.0,0.3102339833710251,0.45,0.45,decrease_margin_after_safe_window
1478,URLLC,0.0,0.0,0.0,136.0,0.2029695995879121,0.45,0.45,decrease_margin_after_safe_window
1478,eMBB,0.0,0.0,0.0,14.0,0.9858665698671756,0.45,0.45,decrease_margin_after_safe_window
1478,mMTC,0.0,0.0,0.0,177.0,0.3131510185110186,0.45,0.45,decrease_margin_after_safe_window
1479,URLLC,0.0,0.0,1.0,156.0,0.23742036126373628,0.45,0.45,decrease_margin_after_safe_window
1479,eMBB,0.0,0.0,1.0,21.0,0.9874412900773448,0.45,0.45,decrease_margin_after_safe_window
1479,mMTC,0.0,0.0,0.0,223.0,0.2931386684553936,0.45,0.45,decrease_margin_after_safe_window
1480,URLLC,0.0,0.0,1.0,136.0,0.2008156215659341,0.45,0.45,decrease_margin_after_safe_window
1480,eMBB,0.0,0.0,1.0,26.0,0.9875852489857613,0.45,0.45,decrease_margin_after_safe_window
1480,mMTC,0.0,0.0,0.0,188.0,0.35046794531923836,0.45,0.45,decrease_margin_after_safe_window
1481,URLLC,0.0,0.0,1.0,135.0,0.19960370192307697,0.45,0.45,decrease_margin_after_safe_window
1481,eMBB,0.0,0.0,1.0,20.0,0.9898015975925744,0.45,0.45,decrease_margin_after_safe_window
1481,mMTC,0.0,0.0,0.0,192.0,0.3197433975589225,0.45,0.45,decrease_margin_after_safe_window
1482,URLLC,0.0,0.0,0.0,133.0,0.2030591600274725,0.45,0.45,decrease_margin_after_safe_window
1482,eMBB,0.0,0.0,0.0,15.0,0.987171884129834,0.45,0.45,decrease_margin_after_safe_window
1482,mMTC,0.0,0.0,0.0,173.0,0.3166223267982109,0.45,0.45,decrease_margin_after_safe_window
1483,URLLC,0.0,0.0,0.0,134.0,0.19726357005494505,0.45,0.45,decrease_margin_after_safe_window
1483,eMBB,0.0,0.0,0.0,22.0,0.9884969327336213,0.45,0.45,decrease_margin_after_safe_window
1483,mMTC,0.0,0.0,0.0,194.0,0.2649331150735656,0.45,0.45,decrease_margin_after_safe_window
1484,URLLC,0.0,0.0,1.0,128.0,0.2036041559065934,0.45,0.45,decrease_margin_after_safe_window
1484,eMBB,0.0,0.0,1.0,7.0,0.9893061217744851,0.45,0.45,decrease_margin_after_safe_window
1484,mMTC,0.0,0.0,0.0,199.0,0.3305180940663287,0.45,0.45,decrease_margin_after_safe_window
1485,URLLC,0.0,0.0,0.0,137.0,0.19176557554945056,0.45,0.45,decrease_margin_after_safe_window
1485,eMBB,0.0,0.0,0.0,20.0,0.9880805901639963,0.45,0.45,decrease_margin_after_safe_window
1485,mMTC,0.0,0.0,0.0,177.0,0.3150345585762223,0.45,0.45,decrease_margin_after_safe_window
1486,URLLC,0.0,0.0,0.0,125.0,0.17962730631868135,0.45,0.45,decrease_margin_after_safe_window
1486,eMBB,0.0,0.0,0.0,14.0,0.9891486822188044,0.45,0.45,decrease_margin_after_safe_window
1486,mMTC,0.0,0.0,0.0,183.0,0.2872545100905369,0.45,0.45,decrease_margin_after_safe_window
1487,URLLC,0.0,0.0,0.0,137.0,0.18972549656593407,0.45,0.45,decrease_margin_after_safe_window
1487,eMBB,0.0,0.0,0.0,23.0,0.9867861697418461,0.45,0.45,decrease_margin_after_safe_window
1487,mMTC,0.0,0.0,0.0,190.0,0.2861549319134917,0.45,0.45,decrease_margin_after_safe_window
1488,URLLC,0.0,0.0,0.0,118.0,0.1764324381868132,0.45,0.45,decrease_margin_after_safe_window
1488,eMBB,0.0,0.0,0.0,17.0,0.988707203157276,0.45,0.45,decrease_margin_after_safe_window
1488,mMTC,0.0,0.0,0.0,198.0,0.3268723361106539,0.45,0.45,decrease_margin_after_safe_window
1489,URLLC,0.0,0.0,0.0,126.0,0.19026290865384615,0.45,0.45,decrease_margin_after_safe_window
1489,eMBB,0.0,0.0,0.0,14.0,0.9889509801324252,0.45,0.45,decrease_margin_after_safe_window
1489,mMTC,0.0,0.0,0.0,175.0,0.32303769191852105,0.45,0.45,decrease_margin_after_safe_window
1490,URLLC,0.0,0.0,0.0,134.0,0.2047808392857143,0.45,0.45,decrease_margin_after_safe_window
1490,eMBB,0.0,0.0,0.0,15.0,0.9880612291039974,0.45,0.45,decrease_margin_after_safe_window
1490,mMTC,0.0,0.0,0.0,184.0,0.28154456003626704,0.45,0.45,decrease_margin_after_safe_window
1491,URLLC,0.0,0.0,0.0,127.0,0.1927499567307692,0.45,0.45,decrease_margin_after_safe_window
1491,eMBB,0.0,0.0,0.0,12.0,0.9874217834494434,0.45,0.45,decrease_margin_after_safe_window
1491,mMTC,0.0,0.0,0.0,173.0,0.28092976752059146,0.45,0.45,decrease_margin_after_safe_window
1492,URLLC,0.0,0.0,0.0,136.0,0.21245960851648352,0.45,0.45,decrease_margin_after_safe_window
1492,eMBB,0.0,0.0,0.0,23.0,0.9843095192638133,0.45,0.45,decrease_margin_after_safe_window
1492,mMTC,0.0,0.0,0.0,191.0,0.2862857365781038,0.45,0.45,decrease_margin_after_safe_window
1493,URLLC,0.0,0.0,0.0,130.0,0.1938112506868132,0.45,0.45,decrease_margin_after_safe_window
1493,eMBB,0.0,0.0,0.0,18.0,0.987986066510036,0.45,0.45,decrease_margin_after_safe_window
1493,mMTC,0.0,0.0,0.0,189.0,0.2886579748412697,0.45,0.45,decrease_margin_after_safe_window
1494,URLLC,0.0,0.0,0.0,131.0,0.1845125892857143,0.45,0.45,decrease_margin_after_safe_window
1494,eMBB,0.0,0.0,0.0,17.0,0.9860985644945357,0.45,0.45,decrease_margin_after_safe_window
1494,mMTC,0.0,0.0,0.0,228.0,0.3035311717616079,0.45,0.45,decrease_margin_after_safe_window
1495,URLLC,0.0,0.0,0.0,124.0,0.17465771222527474,0.45,0.45,decrease_margin_after_safe_window
1495,eMBB,0.0,0.0,0.0,28.0,0.9884739489815821,0.45,0.45,decrease_margin_after_safe_window
1495,mMTC,0.0,0.0,0.0,192.0,0.348800250650079,0.45,0.45,decrease_margin_after_safe_window
1496,URLLC,0.0,0.0,1.0,140.0,0.21404159546703294,0.45,0.45,decrease_margin_after_safe_window
1496,eMBB,0.0,0.0,1.0,17.0,0.9855375075953623,0.45,0.45,decrease_margin_after_safe_window
1496,mMTC,0.0,0.0,0.0,186.0,0.3376063857848615,0.45,0.45,decrease_margin_after_safe_window
1497,URLLC,0.0,0.0,0.0,126.0,0.17866755975274726,0.45,0.45,decrease_margin_after_safe_window
1497,eMBB,0.0,0.0,0.0,16.0,0.984376759927402,0.45,0.45,decrease_margin_after_safe_window
1497,mMTC,0.0,0.0,0.0,206.0,0.3214650017997594,0.45,0.45,decrease_margin_after_safe_window
1498,URLLC,0.0,0.0,2.0,125.0,0.19008229258241757,0.45,0.45,decrease_margin_after_safe_window
1498,eMBB,0.0,0.0,1.0,31.0,0.9891974731469446,0.45,0.45,decrease_margin_after_safe_window
1498,mMTC,0.0,0.0,0.0,186.0,0.34394499788554445,0.45,0.45,decrease_margin_after_safe_window
1499,URLLC,0.0,0.0,0.0,137.0,0.1995715679945055,0.45,0.45,decrease_margin_after_safe_window
1499,eMBB,0.0,0.0,0.0,19.0,0.9862356031188417,0.45,0.45,decrease_margin_after_safe_window
1499,mMTC,0.0,0.0,0.0,180.0,0.3083248318043352,0.45,0.45,decrease_margin_after_safe_window
1500,URLLC,0.0,0.0,0.0,120.0,0.18276179120879124,0.45,0.45,decrease_margin_after_safe_window
1500,eMBB,0.0,0.0,0.0,22.0,0.9876375127039166,0.45,0.45,decrease_margin_after_safe_window
1500,mMTC,0.0,0.0,0.0,225.0,0.27648475026715646,0.45,0.45,decrease_margin_after_safe_window
1501,URLLC,0.0,0.0,1.0,130.0,0.19891818063186814,0.45,0.45,decrease_margin_after_safe_window
1501,eMBB,0.0,0.0,1.0,26.0,0.987472143322025,0.45,0.45,decrease_margin_after_safe_window
1501,mMTC,0.0,0.0,0.0,186.0,0.34355672807240684,0.45,0.45,decrease_margin_after_safe_window
1502,URLLC,0.0,0.0,0.0,128.0,0.19015200686813188,0.45,0.45,decrease_margin_after_safe_window
1502,eMBB,0.0,0.0,0.0,16.0,0.9882051976685945,0.45,0.45,decrease_margin_after_safe_window
1502,mMTC,0.0,0.0,0.0,192.0,0.29194904257955046,0.45,0.45,decrease_margin_after_safe_window
1503,URLLC,0.0,0.0,1.0,150.0,0.21751630082417583,0.45,0.45,decrease_margin_after_safe_window
1503,eMBB,0.0,0.0,1.0,22.0,0.9881068447662945,0.45,0.45,decrease_margin_after_safe_window
1503,mMTC,0.0,0.0,0.0,183.0,0.3087945599726255,0.45,0.45,decrease_margin_after_safe_window
1504,URLLC,0.0,0.0,0.0,123.0,0.1729119677197802,0.45,0.45,decrease_margin_after_safe_window
1504,eMBB,0.0,0.0,0.0,23.0,0.9878315106249326,0.45,0.45,decrease_margin_after_safe_window
1504,mMTC,0.0,0.0,0.0,197.0,0.29278056593151364,0.45,0.45,decrease_margin_after_safe_window
1505,URLLC,0.0,0.0,0.0,112.0,0.16526989491758243,0.45,0.45,decrease_margin_after_safe_window
1505,eMBB,0.0,0.0,0.0,13.0,0.9881989682032668,0.45,0.45,decrease_margin_after_safe_window
1505,mMTC,0.0,0.0,0.0,180.0,0.323802312685034,0.45,0.45,decrease_margin_after_safe_window
1506,URLLC,0.0,0.0,1.0,138.0,0.2140289134615385,0.45,0.45,decrease_margin_after_safe_window
1506,eMBB,0.0,0.0,1.0,19.0,0.9881144333798177,0.45,0.45,decrease_margin_after_safe_window
1506,mMTC,0.0,0.0,0.0,210.0,0.300131980028139,0.45,0.45,decrease_margin_after_safe_window
1507,URLLC,0.0,0.0,1.0,131.0,0.21047205013736267,0.45,0.45,decrease_margin_after_safe_window
1507,eMBB,0.0,0.0,1.0,21.0,0.9865722386556788,0.45,0.45,decrease_margin_after_safe_window
1507,mMTC,0.0,0.0,0.0,188.0,0.3223122794867506,0.45,0.45,decrease_margin_after_safe_window
1508,URLLC,0.0,0.0,0.0,138.0,0.19606779739010988,0.45,0.45,decrease_margin_after_safe_window
1508,eMBB,0.0,0.0,0.0,22.0,0.9884419665119453,0.45,0.45,decrease_margin_after_safe_window
1508,mMTC,0.0,0.0,0.0,187.0,0.3166579505473228,0.45,0.45,decrease_margin_after_safe_window
1509,URLLC,0.0,0.0,0.0,140.0,0.20224661813186814,0.45,0.45,decrease_margin_after_safe_window
1509,eMBB,0.0,0.0,0.0,20.0,0.9871828284579998,0.45,0.45,decrease_margin_after_safe_window
1509,mMTC,0.0,0.0,0.0,190.0,0.28354835419765534,0.45,0.45,decrease_margin_after_safe_window
1510,URLLC,0.0,0.0,0.0,121.0,0.17869608791208794,0.45,0.45,decrease_margin_after_safe_window
1510,eMBB,0.0,0.0,0.0,21.0,0.9885909732349327,0.45,0.45,decrease_margin_after_safe_window
1510,mMTC,0.0,0.0,0.0,205.0,0.317095804851911,0.45,0.45,decrease_margin_after_safe_window
1511,URLLC,0.0,0.0,0.0,108.0,0.16259479052197803,0.45,0.45,decrease_margin_after_safe_window
1511,eMBB,0.0,0.0,0.0,14.0,0.9835531459479137,0.45,0.45,decrease_margin_after_safe_window
1511,mMTC,0.0,0.0,0.0,177.0,0.3260111907820127,0.45,0.45,decrease_margin_after_safe_window
1512,URLLC,0.0,0.0,0.0,125.0,0.196910907967033,0.45,0.45,decrease_margin_after_safe_window
1512,eMBB,0.0,0.0,0.0,24.0,0.9862846497160839,0.45,0.45,decrease_margin_after_safe_window
1512,mMTC,0.0,0.0,0.0,201.0,0.2861621370874833,0.45,0.45,decrease_margin_after_safe_window
1513,URLLC,0.0,0.0,0.0,121.0,0.17739717307692307,0.45,0.45,decrease_margin_after_safe_window
1513,eMBB,0.0,0.0,0.0,25.0,0.9873790873456334,0.45,0.45,decrease_margin_after_safe_window
1513,mMTC,0.0,0.0,0.0,190.0,0.3185109406290918,0.45,0.45,decrease_margin_after_safe_window
1514,URLLC,0.0,0.0,1.0,137.0,0.2134839464285714,0.45,0.45,decrease_margin_after_safe_window
1514,eMBB,0.0,0.0,1.0,27.0,0.9848409276708256,0.45,0.45,decrease_margin_after_safe_window
1514,mMTC,0.0,0.0,0.0,198.0,0.31786125372775054,0.45,0.45,decrease_margin_after_safe_window
1515,URLLC,0.0,0.0,0.0,130.0,0.19476300618131867,0.45,0.45,decrease_margin_after_safe_window
1515,eMBB,0.0,0.0,0.0,23.0,0.98464130608557,0.45,0.45,decrease_margin_after_safe_window
1515,mMTC,0.0,0.0,0.0,197.0,0.314406479047209,0.45,0.45,decrease_margin_after_safe_window
1516,URLLC,0.0,0.0,0.0,115.0,0.1536724739010989,0.45,0.45,decrease_margin_after_safe_window
1516,eMBB,0.0,0.0,0.0,25.0,0.9872180357765338,0.45,0.45,decrease_margin_after_safe_window
1516,mMTC,0.0,0.0,0.0,181.0,0.3371622449587529,0.45,0.45,decrease_margin_after_safe_window
1517,URLLC,0.0,0.0,0.0,114.0,0.18127096771978027,0.45,0.45,decrease_margin_after_safe_window
1517,eMBB,0.0,0.0,0.0,17.0,0.9883577427768339,0.45,0.45,decrease_margin_after_safe_window
1517,mMTC,0.0,0.0,0.0,212.0,0.28567729640196515,0.45,0.45,decrease_margin_after_safe_window
1518,URLLC,0.0,0.0,1.0,122.0,0.1907837197802198,0.45,0.45,decrease_margin_after_safe_window
1518,eMBB,0.0,0.0,1.0,26.0,0.9884360801893565,0.45,0.45,decrease_margin_after_safe_window
1518,mMTC,0.0,0.0,0.0,203.0,0.356979691669511,0.45,0.45,decrease_margin_after_safe_window
1519,URLLC,0.0,0.0,0.0,124.0,0.18620404464285717,0.45,0.45,decrease_margin_after_safe_window
1519,eMBB,0.0,0.0,0.0,19.0,0.9878095678769286,0.45,0.45,decrease_margin_after_safe_window
1519,mMTC,0.0,0.0,0.0,186.0,0.33314569410422495,0.45,0.45,decrease_margin_after_safe_window
1520,URLLC,0.0,0.0,0.0,129.0,0.2039803543956044,0.45,0.45,decrease_margin_after_safe_window
1520,eMBB,0.0,0.0,0.0,18.0,0.9870698365042578,0.45,0.45,decrease_margin_after_safe_window
1520,mMTC,0.0,0.0,0.0,205.0,0.31568868183652216,0.45,0.45,decrease_margin_after_safe_window
1521,URLLC,0.0,0.0,1.0,146.0,0.22210443063186816,0.45,0.45,decrease_margin_after_safe_window
1521,eMBB,0.0,0.0,1.0,22.0,0.9870960439804051,0.45,0.45,decrease_margin_after_safe_window
1521,mMTC,0.0,0.0,0.0,211.0,0.33421520861715653,0.45,0.45,decrease_margin_after_safe_window
1522,URLLC,0.0,0.0,1.0,142.0,0.2111555281593407,0.45,0.45,decrease_margin_after_safe_window
1522,eMBB,0.0,0.0,1.0,17.0,0.98836541545863,0.45,0.45,decrease_margin_after_safe_window
1522,mMTC,0.0,0.0,0.0,171.0,0.34616897947646813,0.45,0.45,decrease_margin_after_safe_window
1523,URLLC,0.0,0.0,0.0,133.0,0.19301977266483514,0.45,0.45,decrease_margin_after_safe_window
1523,eMBB,0.0,0.0,0.0,21.0,0.9869608077990633,0.45,0.45,decrease_margin_after_safe_window
1523,mMTC,0.0,0.0,0.0,219.0,0.2696636079160504,0.45,0.45,decrease_margin_after_safe_window
1524,URLLC,0.0,0.0,0.0,136.0,0.1949407733516484,0.45,0.45,decrease_margin_after_safe_window
1524,eMBB,0.0,0.0,0.0,20.0,0.9861104952848222,0.45,0.45,decrease_margin_after_safe_window
1524,mMTC,0.0,0.0,0.0,178.0,0.34104190450434585,0.45,0.45,decrease_margin_after_safe_window
1525,URLLC,0.0,0.0,0.0,136.0,0.20333866552197802,0.45,0.45,decrease_margin_after_safe_window
1525,eMBB,0.0,0.0,0.0,14.0,0.9884893861462576,0.45,0.45,decrease_margin_after_safe_window
1525,mMTC,0.0,0.0,0.0,208.0,0.2738183644840965,0.45,0.45,decrease_margin_after_safe_window
1526,URLLC,0.0,0.0,0.0,119.0,0.17741394986263734,0.45,0.45,decrease_margin_after_safe_window
1526,eMBB,0.0,0.0,0.0,24.0,0.9891417664483485,0.45,0.45,decrease_margin_after_safe_window
1526,mMTC,0.0,0.0,0.0,199.0,0.33799972797197864,0.45,0.45,decrease_margin_after_safe_window
1527,URLLC,0.0,0.0,0.0,124.0,0.17677352403846158,0.45,0.45,decrease_margin_after_safe_window
1527,eMBB,0.0,0.0,0.0,18.0,0.9881820964191793,0.45,0.45,decrease_margin_after_safe_window
1527,mMTC,0.0,0.0,0.0,195.0,0.33719230157865715,0.45,0.45,decrease_margin_after_safe_window
1528,URLLC,0.0,0.0,0.0,127.0,0.1837716401098901,0.45,0.45,decrease_margin_after_safe_window
1528,eMBB,0.0,0.0,0.0,17.0,0.9866335115750713,0.45,0.45,decrease_margin_after_safe_window
1528,mMTC,0.0,0.0,0.0,190.0,0.3020397681965646,0.45,0.45,decrease_margin_after_safe_window
1529,URLLC,0.0,0.0,0.0,131.0,0.19147468406593407,0.45,0.45,decrease_margin_after_safe_window
1529,eMBB,0.0,0.0,0.0,21.0,0.988223561735958,0.45,0.45,decrease_margin_after_safe_window
1529,mMTC,0.0,0.0,0.0,166.0,0.30700993240986696,0.45,0.45,decrease_margin_after_safe_window
1530,URLLC,0.0,0.0,0.0,124.0,0.18515744574175824,0.45,0.45,decrease_margin_after_safe_window
1530,eMBB,0.0,0.0,0.0,14.0,0.9862079215990248,0.45,0.45,decrease_margin_after_safe_window
1530,mMTC,0.0,0.0,0.0,222.0,0.2652257062870452,0.45,0.45,decrease_margin_after_safe_window
1531,URLLC,0.0,0.0,0.0,117.0,0.15762840109890108,0.45,0.45,decrease_margin_after_safe_window
1531,eMBB,0.0,0.0,0.0,24.0,0.9849282655874022,0.45,0.45,decrease_margin_after_safe_window
1531,mMTC,0.0,0.0,0.0,189.0,0.3507776977188577,0.45,0.45,decrease_margin_after_safe_window
1532,URLLC,0.0,0.0,0.0,132.0,0.20434531868131872,0.45,0.45,decrease_margin_after_safe_window
1532,eMBB,0.0,0.0,0.0,22.0,0.9834683115615741,0.45,0.45,decrease_margin_after_safe_window
1532,mMTC,0.0,0.0,0.0,180.0,0.27587441704252025,0.45,0.45,decrease_margin_after_safe_window
1533,URLLC,0.0,0.0,0.0,118.0,0.1882973907967033,0.45,0.45,decrease_margin_after_safe_window
1533,eMBB,0.0,0.0,0.0,25.0,0.9847051110685708,0.45,0.45,decrease_margin_after_safe_window
1533,mMTC,0.0,0.0,0.0,194.0,0.2783384622987467,0.45,0.45,decrease_margin_after_safe_window
1534,URLLC,0.0,0.0,0.0,129.0,0.1920800989010989,0.45,0.45,decrease_margin_after_safe_window
1534,eMBB,0.0,0.0,0.0,29.0,0.9864719563229725,0.45,0.45,decrease_margin_after_safe_window
1534,mMTC,0.0,0.0,0.0,194.0,0.323672725366849,0.45,0.45,decrease_margin_after_safe_window
1535,URLLC,0.0,0.0,0.0,136.0,0.19424479395604394,0.45,0.45,decrease_margin_after_safe_window
1535,eMBB,0.0,0.0,0.0,21.0,0.9883541762559164,0.45,0.45,decrease_margin_after_safe_window
1535,mMTC,0.0,0.0,0.0,193.0,0.3117906924131953,0.45,0.45,decrease_margin_after_safe_window
1536,URLLC,0.0,0.0,0.0,121.0,0.16478789766483518,0.45,0.45,decrease_margin_after_safe_window
1536,eMBB,0.0,0.0,0.0,20.0,0.9899396252266172,0.45,0.45,decrease_margin_after_safe_window
1536,mMTC,0.0,0.0,0.0,191.0,0.31629208622062555,0.45,0.45,decrease_margin_after_safe_window
1537,URLLC,0.0,0.0,0.0,127.0,0.19634599381868134,0.45,0.45,decrease_margin_after_safe_window
1537,eMBB,0.0,0.0,0.0,28.0,0.9850883099043646,0.45,0.45,decrease_margin_after_safe_window
1537,mMTC,0.0,0.0,0.0,190.0,0.31417923640000306,0.45,0.45,decrease_margin_after_safe_window
1538,URLLC,0.0,0.0,0.0,133.0,0.19880628571428574,0.45,0.45,decrease_margin_after_safe_window
1538,eMBB,0.0,0.0,0.0,21.0,0.9890354363528386,0.45,0.45,decrease_margin_after_safe_window
1538,mMTC,0.0,0.0,0.0,189.0,0.2963810575532073,0.45,0.45,decrease_margin_after_safe_window
1539,URLLC,0.0,0.0,0.0,136.0,0.19566249793956045,0.45,0.45,decrease_margin_after_safe_window
1539,eMBB,0.0,0.0,0.0,20.0,0.987203621714957,0.45,0.45,decrease_margin_after_safe_window
1539,mMTC,0.0,0.0,0.0,179.0,0.30456558185571764,0.45,0.45,decrease_margin_after_safe_window
1540,URLLC,0.0,0.0,0.0,130.0,0.19555958722527472,0.45,0.45,decrease_margin_after_safe_window
1540,eMBB,0.0,0.0,0.0,19.0,0.9864468711586925,0.45,0.45,decrease_margin_after_safe_window
1540,mMTC,0.0,0.0,0.0,194.0,0.29038907238584905,0.45,0.45,decrease_margin_after_safe_window
1541,URLLC,0.0,0.0,1.0,135.0,0.19714559478021979,0.45,0.45,decrease_margin_after_safe_window
1541,eMBB,0.0,0.0,1.0,24.0,0.989026712661338,0.45,0.45,decrease_margin_after_safe_window
1541,mMTC,0.0,0.0,0.0,194.0,0.315270275992246,0.45,0.45,decrease_margin_after_safe_window
1542,URLLC,0.0,0.0,0.0,127.0,0.17581524381868135,0.45,0.45,decrease_margin_after_safe_window
1542,eMBB,0.0,0.0,0.0,19.0,0.9873053644263934,0.45,0.45,decrease_margin_after_safe_window
1542,mMTC,0.0,0.0,0.0,195.0,0.30706840301013777,0.45,0.45,decrease_margin_after_safe_window
1543,URLLC,0.0,0.0,0.0,132.0,0.18904669642857144,0.45,0.45,decrease_margin_after_safe_window
1543,eMBB,0.0,0.0,0.0,24.0,0.9863742679007076,0.45,0.45,decrease_margin_after_safe_window
1543,mMTC,0.0,0.0,0.0,191.0,0.3399116255590235,0.45,0.45,decrease_margin_after_safe_window
1544,URLLC,0.0,0.0,1.0,130.0,0.20632634890109888,0.45,0.45,decrease_margin_after_safe_window
1544,eMBB,0.0,0.0,1.0,24.0,0.9876122028354394,0.45,0.45,decrease_margin_after_safe_window
1544,mMTC,0.0,0.0,0.0,176.0,0.3141601376371825,0.45,0.45,decrease_margin_after_safe_window
1545,URLLC,0.0,0.0,0.0,130.0,0.20422451167582417,0.45,0.45,decrease_margin_after_safe_window
1545,eMBB,0.0,0.0,0.0,19.0,0.9862968021767655,0.45,0.45,decrease_margin_after_safe_window
1545,mMTC,0.0,0.0,0.0,210.0,0.30085943697836204,0.45,0.45,decrease_margin_after_safe_window
1546,URLLC,0.0,0.0,1.0,129.0,0.19511324313186812,0.45,0.45,decrease_margin_after_safe_window
1546,eMBB,0.0,0.0,1.0,18.0,0.9889529034742439,0.45,0.45,decrease_margin_after_safe_window
1546,mMTC,0.0,0.0,0.0,176.0,0.3349904631239056,0.45,0.45,decrease_margin_after_safe_window
1547,URLLC,0.0,0.0,0.0,132.0,0.18969952541208793,0.45,0.45,decrease_margin_after_safe_window
1547,eMBB,0.0,0.0,0.0,18.0,0.9863201892310801,0.45,0.45,decrease_margin_after_safe_window
1547,mMTC,0.0,0.0,0.0,199.0,0.2757406541618722,0.45,0.45,decrease_margin_after_safe_window
1548,URLLC,0.0,0.0,0.0,126.0,0.18837342857142855,0.45,0.45,decrease_margin_after_safe_window
1548,eMBB,0.0,0.0,0.0,28.0,0.9862725292836637,0.45,0.45,decrease_margin_after_safe_window
1548,mMTC,0.0,0.0,0.0,189.0,0.3243533231355279,0.45,0.45,decrease_margin_after_safe_window
1549,URLLC,0.0,0.0,0.0,111.0,0.17239035576923079,0.45,0.45,decrease_margin_after_safe_window
1549,eMBB,0.0,0.0,0.0,15.0,0.9868946236714446,0.45,0.45,decrease_margin_after_safe_window
1549,mMTC,0.0,0.0,0.0,170.0,0.2944832611455714,0.45,0.45,decrease_margin_after_safe_window
1550,URLLC,0.0,0.0,0.0,120.0,0.1816815309065934,0.45,0.45,decrease_margin_after_safe_window
1550,eMBB,0.0,0.0,0.0,25.0,0.9893385085823109,0.45,0.45,decrease_margin_after_safe_window
1550,mMTC,0.0,0.0,0.0,218.0,0.27220055352656025,0.45,0.45,decrease_margin_after_safe_window
1551,URLLC,0.0,0.0,1.0,113.0,0.18498238392857141,0.45,0.45,decrease_margin_after_safe_window
1551,eMBB,0.0,0.0,1.0,20.0,0.9899054791113373,0.45,0.45,decrease_margin_after_safe_window
1551,mMTC,0.0,0.0,0.0,183.0,0.3412571646789188,0.45,0.45,decrease_margin_after_safe_window
1552,URLLC,0.0,0.0,0.0,129.0,0.19439640659340657,0.45,0.45,decrease_margin_after_safe_window
1552,eMBB,0.0,0.0,0.0,17.0,0.9873599799208669,0.45,0.45,decrease_margin_after_safe_window
1552,mMTC,0.0,0.0,0.0,212.0,0.3101176189953877,0.45,0.45,decrease_margin_after_safe_window
1553,URLLC,0.0,0.0,0.0,137.0,0.1978763743131868,0.45,0.45,decrease_margin_after_safe_window
1553,eMBB,0.0,0.0,0.0,18.0,0.9867758665779481,0.45,0.45,decrease_margin_after_safe_window
1553,mMTC,0.0,0.0,0.0,189.0,0.3254819251521135,0.45,0.45,decrease_margin_after_safe_window
1554,URLLC,0.0,0.0,0.0,135.0,0.19609757074175824,0.45,0.45,decrease_margin_after_safe_window
1554,eMBB,0.0,0.0,0.0,17.0,0.9879864183642647,0.45,0.45,decrease_margin_after_safe_window
1554,mMTC,0.0,0.0,0.0,202.0,0.31770688923906204,0.45,0.45,decrease_margin_after_safe_window
1555,URLLC,0.0,0.0,0.0,125.0,0.18107906799450552,0.45,0.45,decrease_margin_after_safe_window
1555,eMBB,0.0,0.0,0.0,13.0,0.988894885618727,0.45,0.45,decrease_margin_after_safe_window
1555,mMTC,0.0,0.0,0.0,178.0,0.3153221621047003,0.45,0.45,decrease_margin_after_safe_window
1556,URLLC,0.0,0.0,0.0,126.0,0.19506283379120878,0.45,0.45,decrease_margin_after_safe_window
1556,eMBB,0.0,0.0,0.0,24.0,0.9895156393646377,0.45,0.45,decrease_margin_after_safe_window
1556,mMTC,0.0,0.0,0.0,198.0,0.2832234361760072,0.45,0.45,decrease_margin_after_safe_window
1557,URLLC,0.0,0.0,0.0,126.0,0.18279159203296705,0.45,0.45,decrease_margin_after_safe_window
1557,eMBB,0.0,0.0,0.0,19.0,0.9871031023170714,0.45,0.45,decrease_margin_after_safe_window
1557,mMTC,0.0,0.0,0.0,186.0,0.2982029261101359,0.45,0.45,decrease_margin_after_safe_window
1558,URLLC,0.0,0.0,0.0,142.0,0.2164858118131868,0.45,0.45,decrease_margin_after_safe_window
1558,eMBB,0.0,0.0,0.0,15.0,0.9867514538352339,0.45,0.45,decrease_margin_after_safe_window
1558,mMTC,0.0,0.0,0.0,186.0,0.2985380372133398,0.45,0.45,decrease_margin_after_safe_window
1559,URLLC,0.0,0.0,0.0,132.0,0.1958949065934066,0.45,0.45,decrease_margin_after_safe_window
1559,eMBB,0.0,0.0,0.0,23.0,0.9878905386299252,0.45,0.45,decrease_margin_after_safe_window
1559,mMTC,0.0,0.0,0.0,177.0,0.3083124934634557,0.45,0.45,decrease_margin_after_safe_window
1560,URLLC,0.0,0.0,0.0,135.0,0.19549055425824177,0.45,0.45,decrease_margin_after_safe_window
1560,eMBB,0.0,0.0,0.0,17.0,0.986529617250002,0.45,0.45,decrease_margin_after_safe_window
1560,mMTC,0.0,0.0,0.0,200.0,0.2847334281551912,0.45,0.45,decrease_margin_after_safe_window
1561,URLLC,0.0,0.0,0.0,122.0,0.18221630975274725,0.45,0.45,decrease_margin_after_safe_window
1561,eMBB,0.0,0.0,0.0,21.0,0.9864161918412233,0.45,0.45,decrease_margin_after_safe_window
1561,mMTC,0.0,0.0,0.0,193.0,0.31008402891145936,0.45,0.45,decrease_margin_after_safe_window
1562,URLLC,0.0,0.0,0.0,115.0,0.1726628392857143,0.45,0.45,decrease_margin_after_safe_window
1562,eMBB,0.0,0.0,0.0,24.0,0.9867387918629704,0.45,0.45,decrease_margin_after_safe_window
1562,mMTC,0.0,0.0,0.0,180.0,0.30402218721645113,0.45,0.45,decrease_margin_after_safe_window
1563,URLLC,0.0,0.0,0.0,122.0,0.17738655425824176,0.45,0.45,decrease_margin_after_safe_window
1563,eMBB,0.0,0.0,0.0,21.0,0.9895984511930295,0.45,0.45,decrease_margin_after_safe_window
1563,mMTC,0.0,0.0,0.0,205.0,0.3130235850849898,0.45,0.45,decrease_margin_after_safe_window
1564,URLLC,0.0,0.0,1.0,127.0,0.19235317032967034,0.45,0.45,decrease_margin_after_safe_window
1564,eMBB,0.0,0.0,1.0,20.0,0.9898972446688914,0.45,0.45,decrease_margin_after_safe_window
1564,mMTC,0.0,0.0,0.0,186.0,0.3637327478575636,0.45,0.45,decrease_margin_after_safe_window
1565,URLLC,0.0,0.0,0.0,128.0,0.17810007005494508,0.45,0.45,decrease_margin_after_safe_window
1565,eMBB,0.0,0.0,0.0,15.0,0.9873700458534562,0.45,0.45,decrease_margin_after_safe_window
1565,mMTC,0.0,0.0,0.0,196.0,0.29683066457815616,0.45,0.45,decrease_margin_after_safe_window
1566,URLLC,0.0,0.0,1.0,147.0,0.21561275892857143,0.45,0.45,decrease_margin_after_safe_window
1566,eMBB,0.0,0.0,1.0,17.0,0.9861919349417718,0.45,0.45,decrease_margin_after_safe_window
1566,mMTC,0.0,0.0,0.0,191.0,0.32112827458105164,0.45,0.45,decrease_margin_after_safe_window
1567,URLLC,0.0,0.0,0.0,121.0,0.18733559478021977,0.45,0.45,decrease_margin_after_safe_window
1567,eMBB,0.0,0.0,0.0,16.0,0.9885044179944094,0.45,0.45,decrease_margin_after_safe_window
1567,mMTC,0.0,0.0,0.0,204.0,0.3064968712073801,0.45,0.45,decrease_margin_after_safe_window
1568,URLLC,0.0,0.0,0.0,126.0,0.20001878434065934,0.45,0.45,decrease_margin_after_safe_window
1568,eMBB,0.0,0.0,0.0,22.0,0.9867562798751541,0.45,0.45,decrease_margin_after_safe_window
1568,mMTC,0.0,0.0,0.0,191.0,0.32112816036396613,0.45,0.45,decrease_margin_after_safe_window
1569,URLLC,0.0,0.0,0.0,137.0,0.200780584478022,0.45,0.45,decrease_margin_after_safe_window
1569,eMBB,0.0,0.0,0.0,19.0,0.9873758608546107,0.45,0.45,decrease_margin_after_safe_window
1569,mMTC,0.0,0.0,0.0,170.0,0.31696678395797634,0.45,0.45,decrease_margin_after_safe_window
1570,URLLC,0.0,0.0,0.0,121.0,0.17192431112637366,0.45,0.45,decrease_margin_after_safe_window
1570,eMBB,0.0,0.0,0.0,20.0,0.9868375666155034,0.45,0.45,decrease_margin_after_safe_window
1570,mMTC,0.0,0.0,0.0,185.0,0.28509284989037637,0.45,0.45,decrease_margin_after_safe_window
1571,URLLC,0.0,0.0,0.0,125.0,0.17218111813186815,0.45,0.45,decrease_margin_after_safe_window
1571,eMBB,0.0,0.0,0.0,23.0,0.9877006074450669,0.45,0.45,decrease_margin_after_safe_window
1571,mMTC,0.0,0.0,0.0,199.0,0.2996116183879502,0.45,0.45,decrease_margin_after_safe_window
1572,URLLC,0.0,0.0,1.0,146.0,0.23068492376373625,0.45,0.45,decrease_margin_after_safe_window
1572,eMBB,0.0,0.0,1.0,17.0,0.9871662642079214,0.45,0.45,decrease_margin_after_safe_window
1572,mMTC,0.0,0.0,0.0,182.0,0.3424835703851063,0.45,0.45,decrease_margin_after_safe_window
1573,URLLC,0.0,0.0,0.0,127.0,0.19259673351648351,0.45,0.45,decrease_margin_after_safe_window
1573,eMBB,0.0,0.0,0.0,19.0,0.9863492224727471,0.45,0.45,decrease_margin_after_safe_window
1573,mMTC,0.0,0.0,0.0,194.0,0.30964079624118873,0.45,0.45,decrease_margin_after_safe_window
1574,URLLC,0.0,0.0,0.0,116.0,0.16445721222527473,0.45,0.45,decrease_margin_after_safe_window
1574,eMBB,0.0,0.0,0.0,28.0,0.9893251704881693,0.45,0.45,decrease_margin_after_safe_window
1574,mMTC,0.0,0.0,0.0,191.0,0.32406007196955794,0.45,0.45,decrease_margin_after_safe_window
1575,URLLC,0.0,0.0,0.0,118.0,0.17758380357142858,0.45,0.45,decrease_margin_after_safe_window
1575,eMBB,0.0,0.0,0.0,13.0,0.988534108314299,0.45,0.45,decrease_margin_after_safe_window
1575,mMTC,0.0,0.0,0.0,195.0,0.3147869304178382,0.45,0.45,decrease_margin_after_safe_window
1576,URLLC,0.0,0.0,0.0,115.0,0.17654219574175825,0.45,0.45,decrease_margin_after_safe_window
1576,eMBB,0.0,0.0,0.0,18.0,0.9898380597522164,0.45,0.45,decrease_margin_after_safe_window
1576,mMTC,0.0,0.0,0.0,195.0,0.3067005949754219,0.45,0.45,decrease_margin_after_safe_window
1577,URLLC,0.0,0.0,1.0,127.0,0.20397358585164835,0.45,0.45,decrease_margin_after_safe_window
1577,eMBB,0.0,0.0,1.0,18.0,0.9900117732357607,0.45,0.45,decrease_margin_after_safe_window
1577,mMTC,0.0,0.0,0.0,185.0,0.32315798107465865,0.45,0.45,decrease_margin_after_safe_window
1578,URLLC,0.0,0.0,0.0,120.0,0.17697406936813187,0.45,0.45,decrease_margin_after_safe_window
1578,eMBB,0.0,0.0,0.0,16.0,0.9898478510953328,0.45,0.45,decrease_margin_after_safe_window
1578,mMTC,0.0,0.0,0.0,201.0,0.31408638200199857,0.45,0.45,decrease_margin_after_safe_window
1579,URLLC,0.0,0.0,0.0,129.0,0.19804153571428573,0.45,0.45,decrease_margin_after_safe_window
1579,eMBB,0.0,0.0,0.0,21.0,0.9842892830303457,0.45,0.45,decrease_margin_after_safe_window
1579,mMTC,0.0,0.0,0.0,196.0,0.30291293718264395,0.45,0.45,decrease_margin_after_safe_window
1580,URLLC,1.0,0.0,1.0,125.0,0.18571321771978022,0.45,0.7,increase_margin_due_to_sla_pressure
1580,eMBB,0.0,0.0,0.0,18.0,0.9867021536885511,0.45,0.45,decrease_margin_after_safe_window
1580,mMTC,0.0,0.0,0.0,188.0,0.3000759748498286,0.45,0.45,decrease_margin_after_safe_window
1581,URLLC,0.0,0.0,0.0,126.0,0.18191405425824175,0.7,0.6499999999999999,decrease_margin_after_safe_window
1581,eMBB,0.0,0.0,0.0,15.0,0.9878850764912103,0.45,0.45,decrease_margin_after_safe_window
1581,mMTC,0.0,0.0,0.0,212.0,0.3144345905519306,0.45,0.45,decrease_margin_after_safe_window
1582,URLLC,0.0,0.0,0.0,115.0,0.17758511744505495,0.6499999999999999,0.5999999999999999,decrease_margin_after_safe_window
1582,eMBB,0.0,0.0,0.0,22.0,0.9881456826832772,0.45,0.45,decrease_margin_after_safe_window
1582,mMTC,0.0,0.0,0.0,188.0,0.3286874270975098,0.45,0.45,decrease_margin_after_safe_window
1583,URLLC,0.0,0.0,0.0,119.0,0.17696874107142854,0.5999999999999999,0.5499999999999998,decrease_margin_after_safe_window
1583,eMBB,0.0,0.0,0.0,15.0,0.9884744914819036,0.45,0.45,decrease_margin_after_safe_window
1583,mMTC,0.0,0.0,0.0,188.0,0.30773323854485657,0.45,0.45,decrease_margin_after_safe_window
1584,URLLC,0.0,0.0,0.0,129.0,0.20487687912087912,0.5499999999999998,0.49999999999999983,decrease_margin_after_safe_window
1584,eMBB,0.0,0.0,0.0,18.0,0.9870478321354877,0.45,0.45,decrease_margin_after_safe_window
1584,mMTC,0.0,0.0,0.0,182.0,0.310668107460974,0.45,0.45,decrease_margin_after_safe_window
1585,URLLC,0.0,0.0,0.0,127.0,0.1928791146978022,0.49999999999999983,0.45,decrease_margin_after_safe_window
1585,eMBB,0.0,0.0,0.0,22.0,0.9861033863912629,0.45,0.45,decrease_margin_after_safe_window
1585,mMTC,0.0,0.0,0.0,201.0,0.2892598916932075,0.45,0.45,decrease_margin_after_safe_window
1586,URLLC,0.0,0.0,1.0,130.0,0.19864586950549454,0.45,0.45,decrease_margin_after_safe_window
1586,eMBB,0.0,0.0,1.0,28.0,0.9895384263449731,0.45,0.45,decrease_margin_after_safe_window
1586,mMTC,0.0,0.0,0.0,196.0,0.33529672223567847,0.45,0.45,decrease_margin_after_safe_window
1587,URLLC,0.0,0.0,0.0,126.0,0.17004292582417582,0.45,0.45,decrease_margin_after_safe_window
1587,eMBB,0.0,0.0,0.0,23.0,0.9891102886055121,0.45,0.45,decrease_margin_after_safe_window
1587,mMTC,0.0,0.0,0.0,197.0,0.3245267466510642,0.45,0.45,decrease_margin_after_safe_window
1588,URLLC,0.0,0.0,1.0,135.0,0.2070084010989011,0.45,0.45,decrease_margin_after_safe_window
1588,eMBB,0.0,0.0,1.0,17.0,0.9882564527735712,0.45,0.45,decrease_margin_after_safe_window
1588,mMTC,0.0,0.0,0.0,185.0,0.33406272297434986,0.45,0.45,decrease_margin_after_safe_window
1589,URLLC,0.0,0.0,0.0,126.0,0.19198610302197802,0.45,0.45,decrease_margin_after_safe_window
1589,eMBB,0.0,0.0,0.0,14.0,0.987920167807685,0.45,0.45,decrease_margin_after_safe_window
1589,mMTC,0.0,0.0,0.0,184.0,0.31812403742256345,0.45,0.45,decrease_margin_after_safe_window
1590,URLLC,0.0,0.0,0.0,118.0,0.16658527678571428,0.45,0.45,decrease_margin_after_safe_window
1590,eMBB,0.0,0.0,0.0,18.0,0.986920812235608,0.45,0.45,decrease_margin_after_safe_window
1590,mMTC,0.0,0.0,0.0,180.0,0.2808050427530406,0.45,0.45,decrease_margin_after_safe_window
1591,URLLC,0.0,0.0,0.0,134.0,0.2011310267857143,0.45,0.45,decrease_margin_after_safe_window
1591,eMBB,0.0,0.0,0.0,24.0,0.9867112115771052,0.45,0.45,decrease_margin_after_safe_window
1591,mMTC,0.0,0.0,0.0,186.0,0.27931859897952066,0.45,0.45,decrease_margin_after_safe_window
1592,URLLC,0.0,0.0,0.0,133.0,0.18755643063186817,0.45,0.45,decrease_margin_after_safe_window
1592,eMBB,0.0,0.0,0.0,19.0,0.9890529978167258,0.45,0.45,decrease_margin_after_safe_window
1592,mMTC,0.0,0.0,0.0,174.0,0.3085983368482803,0.45,0.45,decrease_margin_after_safe_window
1593,URLLC,0.0,0.0,0.0,120.0,0.1832177039835165,0.45,0.45,decrease_margin_after_safe_window
1593,eMBB,0.0,0.0,0.0,20.0,0.9888160525208471,0.45,0.45,decrease_margin_after_safe_window
1593,mMTC,0.0,0.0,0.0,185.0,0.2686811421768397,0.45,0.45,decrease_margin_after_safe_window
1594,URLLC,0.0,0.0,0.0,138.0,0.2009789306318681,0.45,0.45,decrease_margin_after_safe_window
1594,eMBB,0.0,0.0,0.0,17.0,0.988515509646323,0.45,0.45,decrease_margin_after_safe_window
1594,mMTC,0.0,0.0,0.0,194.0,0.30835952910186887,0.45,0.45,decrease_margin_after_safe_window
1595,URLLC,0.0,0.0,0.0,123.0,0.188126804945055,0.45,0.45,decrease_margin_after_safe_window
1595,eMBB,0.0,0.0,0.0,17.0,0.9854512038693439,0.45,0.45,decrease_margin_after_safe_window
1595,mMTC,0.0,0.0,0.0,183.0,0.3021310319942517,0.45,0.45,decrease_margin_after_safe_window
1596,URLLC,0.0,0.0,0.0,131.0,0.1957431414835165,0.45,0.45,decrease_margin_after_safe_window
1596,eMBB,0.0,0.0,0.0,19.0,0.9864956494557294,0.45,0.45,decrease_margin_after_safe_window
1596,mMTC,0.0,0.0,0.0,202.0,0.30432122331271827,0.45,0.45,decrease_margin_after_safe_window
1597,URLLC,0.0,0.0,0.0,126.0,0.18336138942307695,0.45,0.45,decrease_margin_after_safe_window
1597,eMBB,0.0,0.0,0.0,19.0,0.986583524170644,0.45,0.45,decrease_margin_after_safe_window
1597,mMTC,0.0,0.0,0.0,188.0,0.3469718990670062,0.45,0.45,decrease_margin_after_safe_window
1598,URLLC,0.0,0.0,0.0,114.0,0.1607482479395604,0.45,0.45,decrease_margin_after_safe_window
1598,eMBB,0.0,0.0,0.0,19.0,0.9870087871814884,0.45,0.45,decrease_margin_after_safe_window
1598,mMTC,0.0,0.0,0.0,207.0,0.3122247966042476,0.45,0.45,decrease_margin_after_safe_window
1599,URLLC,0.0,0.0,0.0,119.0,0.17335912225274727,0.45,0.45,decrease_margin_after_safe_window
1599,eMBB,0.0,0.0,0.0,26.0,0.9871229152908978,0.45,0.45,decrease_margin_after_safe_window
1599,mMTC,0.0,0.0,0.0,164.0,0.32441198484620903,0.45,0.45,decrease_margin_after_safe_window
1600,URLLC,0.0,0.0,0.0,123.0,0.19026871978021978,0.45,0.45,decrease_margin_after_safe_window
1600,eMBB,0.0,0.0,0.0,28.0,0.9859146182821631,0.45,0.45,decrease_margin_after_safe_window
1600,mMTC,0.0,0.0,0.0,191.0,0.26369273169434726,0.45,0.45,decrease_margin_after_safe_window
1601,URLLC,0.0,0.0,0.0,123.0,0.17996263186813186,0.45,0.45,decrease_margin_after_safe_window
1601,eMBB,0.0,0.0,0.0,22.0,0.9878336231081445,0.45,0.45,decrease_margin_after_safe_window
1601,mMTC,0.0,0.0,0.0,186.0,0.316568496654885,0.45,0.45,decrease_margin_after_safe_window
1602,URLLC,0.0,0.0,1.0,126.0,0.20382342994505498,0.45,0.45,decrease_margin_after_safe_window
1602,eMBB,0.0,0.0,1.0,18.0,0.9872921881380297,0.45,0.45,decrease_margin_after_safe_window
1602,mMTC,0.0,0.0,0.0,198.0,0.30953990588083347,0.45,0.45,decrease_margin_after_safe_window
1603,URLLC,0.0,0.0,0.0,133.0,0.18660734752747254,0.45,0.45,decrease_margin_after_safe_window
1603,eMBB,0.0,0.0,0.0,27.0,0.9860857433225588,0.45,0.45,decrease_margin_after_safe_window
1603,mMTC,0.0,0.0,0.0,189.0,0.3286708096614408,0.45,0.45,decrease_margin_after_safe_window
1604,URLLC,0.0,0.0,0.0,120.0,0.17803715521978022,0.45,0.45,decrease_margin_after_safe_window
1604,eMBB,0.0,0.0,0.0,18.0,0.9891804870011568,0.45,0.45,decrease_margin_after_safe_window
1604,mMTC,0.0,0.0,0.0,210.0,0.32736670373280463,0.45,0.45,decrease_margin_after_safe_window
1605,URLLC,0.0,0.0,0.0,122.0,0.18376980906593407,0.45,0.45,decrease_margin_after_safe_window
1605,eMBB,0.0,0.0,0.0,27.0,0.985017421870001,0.45,0.45,decrease_margin_after_safe_window
1605,mMTC,0.0,0.0,0.0,170.0,0.3368876152041049,0.45,0.45,decrease_margin_after_safe_window
1606,URLLC,0.0,0.0,0.0,132.0,0.1956713447802198,0.45,0.45,decrease_margin_after_safe_window
1606,eMBB,0.0,0.0,0.0,16.0,0.9874053436037421,0.45,0.45,decrease_margin_after_safe_window
1606,mMTC,0.0,0.0,0.0,188.0,0.3002941041794947,0.45,0.45,decrease_margin_after_safe_window
1607,URLLC,0.0,0.0,0.0,126.0,0.185656532967033,0.45,0.45,decrease_margin_after_safe_window
1607,eMBB,0.0,0.0,0.0,23.0,0.9857604490332067,0.45,0.45,decrease_margin_after_safe_window
1607,mMTC,0.0,0.0,0.0,194.0,0.31425266821463466,0.45,0.45,decrease_margin_after_safe_window
1608,URLLC,0.0,0.0,0.0,129.0,0.19431842445054945,0.45,0.45,decrease_margin_after_safe_window
1608,eMBB,0.0,0.0,0.0,25.0,0.9876624076356071,0.45,0.45,decrease_margin_after_safe_window
1608,mMTC,0.0,0.0,0.0,198.0,0.3136903947520601,0.45,0.45,decrease_margin_after_safe_window
1609,URLLC,0.0,0.0,0.0,123.0,0.17564649862637366,0.45,0.45,decrease_margin_after_safe_window
1609,eMBB,0.0,0.0,0.0,14.0,0.9854772910668995,0.45,0.45,decrease_margin_after_safe_window
1609,mMTC,0.0,0.0,0.0,179.0,0.32598002755580296,0.45,0.45,decrease_margin_after_safe_window
1610,URLLC,0.0,0.0,0.0,123.0,0.1916838118131868,0.45,0.45,decrease_margin_after_safe_window
1610,eMBB,0.0,0.0,0.0,24.0,0.9882882364097662,0.45,0.45,decrease_margin_after_safe_window
1610,mMTC,0.0,0.0,0.0,208.0,0.296040094879601,0.45,0.45,decrease_margin_after_safe_window
1611,URLLC,0.0,0.0,1.0,131.0,0.18919443131868133,0.45,0.45,decrease_margin_after_safe_window
1611,eMBB,0.0,0.0,1.0,22.0,0.990338744436155,0.45,0.45,decrease_margin_after_safe_window
1611,mMTC,0.0,0.0,0.0,189.0,0.3403418070657673,0.45,0.45,decrease_margin_after_safe_window
1612,URLLC,0.0,0.0,0.0,135.0,0.18640176854395604,0.45,0.45,decrease_margin_after_safe_window
1612,eMBB,0.0,0.0,0.0,17.0,0.9863000037472549,0.45,0.45,decrease_margin_after_safe_window
1612,mMTC,0.0,0.0,0.0,175.0,0.28506471080363976,0.45,0.45,decrease_margin_after_safe_window
1613,URLLC,0.0,0.0,0.0,122.0,0.1854880212912088,0.45,0.45,decrease_margin_after_safe_window
1613,eMBB,0.0,0.0,0.0,18.0,0.9899112978074307,0.45,0.45,decrease_margin_after_safe_window
1613,mMTC,0.0,0.0,0.0,186.0,0.29817525425001046,0.45,0.45,decrease_margin_after_safe_window
1614,URLLC,0.0,0.0,0.0,120.0,0.1899027664835165,0.45,0.45,decrease_margin_after_safe_window
1614,eMBB,0.0,0.0,0.0,16.0,0.9903957826130493,0.45,0.45,decrease_margin_after_safe_window
1614,mMTC,0.0,0.0,0.0,193.0,0.3153969741362651,0.45,0.45,decrease_margin_after_safe_window
1615,URLLC,0.0,0.0,0.0,142.0,0.20510031868131867,0.45,0.45,decrease_margin_after_safe_window
1615,eMBB,0.0,0.0,0.0,21.0,0.9898573735428774,0.45,0.45,decrease_margin_after_safe_window
1615,mMTC,0.0,0.0,0.0,196.0,0.3006496329516795,0.45,0.45,decrease_margin_after_safe_window
1616,URLLC,0.0,0.0,0.0,125.0,0.19277463392857144,0.45,0.45,decrease_margin_after_safe_window
1616,eMBB,0.0,0.0,0.0,18.0,0.989847017543028,0.45,0.45,decrease_margin_after_safe_window
1616,mMTC,0.0,0.0,0.0,185.0,0.31628077272298316,0.45,0.45,decrease_margin_after_safe_window
1617,URLLC,0.0,0.0,0.0,132.0,0.19789190247252747,0.45,0.45,decrease_margin_after_safe_window
1617,eMBB,0.0,0.0,0.0,8.0,0.9889126238786284,0.45,0.45,decrease_margin_after_safe_window
1617,mMTC,0.0,0.0,0.0,174.0,0.31090966027778727,0.45,0.45,decrease_margin_after_safe_window
1618,URLLC,0.0,0.0,0.0,115.0,0.18041513255494507,0.45,0.45,decrease_margin_after_safe_window
1618,eMBB,0.0,0.0,0.0,17.0,0.9888310644489808,0.45,0.45,decrease_margin_after_safe_window
1618,mMTC,0.0,0.0,0.0,200.0,0.2809082130241621,0.45,0.45,decrease_margin_after_safe_window
1619,URLLC,0.0,0.0,0.0,124.0,0.17445825412087915,0.45,0.45,decrease_margin_after_safe_window
1619,eMBB,0.0,0.0,0.0,16.0,0.9880879776073532,0.45,0.45,decrease_margin_after_safe_window
1619,mMTC,0.0,0.0,0.0,190.0,0.306436318556823,0.45,0.45,decrease_margin_after_safe_window
1620,URLLC,0.0,0.0,0.0,134.0,0.20247427403846155,0.45,0.45,decrease_margin_after_safe_window
1620,eMBB,0.0,0.0,0.0,10.0,0.986793366406993,0.45,0.45,decrease_margin_after_safe_window
1620,mMTC,0.0,0.0,0.0,193.0,0.307651889633202,0.45,0.45,decrease_margin_after_safe_window
1621,URLLC,0.0,0.0,0.0,122.0,0.18907412019230768,0.45,0.45,decrease_margin_after_safe_window
1621,eMBB,0.0,0.0,0.0,15.0,0.9891842479337251,0.45,0.45,decrease_margin_after_safe_window
1621,mMTC,0.0,0.0,0.0,195.0,0.28171699410877366,0.45,0.45,decrease_margin_after_safe_window
1622,URLLC,0.0,0.0,0.0,127.0,0.19906172596153845,0.45,0.45,decrease_margin_after_safe_window
1622,eMBB,0.0,0.0,0.0,20.0,0.9858770600168592,0.45,0.45,decrease_margin_after_safe_window
1622,mMTC,0.0,0.0,0.0,193.0,0.3158714486290032,0.45,0.45,decrease_margin_after_safe_window
1623,URLLC,0.0,0.0,0.0,136.0,0.19133949175824175,0.45,0.45,decrease_margin_after_safe_window
1623,eMBB,0.0,0.0,0.0,20.0,0.9849614356830338,0.45,0.45,decrease_margin_after_safe_window
1623,mMTC,0.0,0.0,0.0,194.0,0.3076795478659564,0.45,0.45,decrease_margin_after_safe_window
1624,URLLC,0.0,0.0,0.0,130.0,0.19150677266483518,0.45,0.45,decrease_margin_after_safe_window
1624,eMBB,0.0,0.0,0.0,27.0,0.9884861960434778,0.45,0.45,decrease_margin_after_safe_window
1624,mMTC,0.0,0.0,0.0,188.0,0.3237611692397414,0.45,0.45,decrease_margin_after_safe_window
1625,URLLC,0.0,0.0,0.0,135.0,0.21053046978021975,0.45,0.45,decrease_margin_after_safe_window
1625,eMBB,0.0,0.0,0.0,17.0,0.9864825731873318,0.45,0.45,decrease_margin_after_safe_window
1625,mMTC,0.0,0.0,0.0,196.0,0.2990732931094877,0.45,0.45,decrease_margin_after_safe_window
1626,URLLC,0.0,0.0,0.0,137.0,0.19595921016483517,0.45,0.45,decrease_margin_after_safe_window
1626,eMBB,0.0,0.0,0.0,25.0,0.985920123943376,0.45,0.45,decrease_margin_after_safe_window
1626,mMTC,0.0,0.0,0.0,204.0,0.29624149014899037,0.45,0.45,decrease_margin_after_safe_window
1627,URLLC,0.0,0.0,0.0,119.0,0.18156360782967035,0.45,0.45,decrease_margin_after_safe_window
1627,eMBB,0.0,0.0,0.0,20.0,0.988039391837928,0.45,0.45,decrease_margin_after_safe_window
1627,mMTC,0.0,0.0,0.0,187.0,0.32824147413271526,0.45,0.45,decrease_margin_after_safe_window
1628,URLLC,0.0,0.0,0.0,110.0,0.16074249450549452,0.45,0.45,decrease_margin_after_safe_window
1628,eMBB,0.0,0.0,0.0,15.0,0.9875786786649988,0.45,0.45,decrease_margin_after_safe_window
1628,mMTC,0.0,0.0,0.0,211.0,0.28770620498819977,0.45,0.45,decrease_margin_after_safe_window
1629,URLLC,0.0,0.0,1.0,133.0,0.1986844065934066,0.45,0.45,decrease_margin_after_safe_window
1629,eMBB,0.0,0.0,1.0,19.0,0.9866312394463918,0.45,0.45,decrease_margin_after_safe_window
1629,mMTC,0.0,0.0,0.0,202.0,0.35508962854305104,0.45,0.45,decrease_margin_after_safe_window
1630,URLLC,0.0,0.0,0.0,122.0,0.16965041002747253,0.45,0.45,decrease_margin_after_safe_window
1630,eMBB,0.0,0.0,0.0,23.0,0.9825811684477946,0.45,0.45,decrease_margin_after_safe_window
1630,mMTC,0.0,0.0,0.0,199.0,0.33360998799135266,0.45,0.45,decrease_margin_after_safe_window
1631,URLLC,0.0,0.0,0.0,115.0,0.16130445123626375,0.45,0.45,decrease_margin_after_safe_window
1631,eMBB,0.0,0.0,0.0,27.0,0.9879161828897683,0.45,0.45,decrease_margin_after_safe_window
1631,mMTC,0.0,0.0,0.0,194.0,0.31796560610764674,0.45,0.45,decrease_margin_after_safe_window
1632,URLLC,0.0,0.0,0.0,129.0,0.191967,0.45,0.45,decrease_margin_after_safe_window
1632,eMBB,0.0,0.0,0.0,21.0,0.9871117551382388,0.45,0.45,decrease_margin_after_safe_window
1632,mMTC,0.0,0.0,0.0,197.0,0.31329288045717396,0.45,0.45,decrease_margin_after_safe_window
1633,URLLC,0.0,0.0,0.0,119.0,0.18108321978021982,0.45,0.45,decrease_margin_after_safe_window
1633,eMBB,0.0,0.0,0.0,22.0,0.986562804561873,0.45,0.45,decrease_margin_after_safe_window
1633,mMTC,0.0,0.0,0.0,210.0,0.3126431899534473,0.45,0.45,decrease_margin_after_safe_window
1634,URLLC,0.0,0.0,1.0,135.0,0.2052093873626374,0.45,0.45,decrease_margin_after_safe_window
1634,eMBB,0.0,0.0,1.0,21.0,0.9867355634518813,0.45,0.45,decrease_margin_after_safe_window
1634,mMTC,0.0,0.0,0.0,187.0,0.3616841818656785,0.45,0.45,decrease_margin_after_safe_window
1635,URLLC,0.0,0.0,0.0,139.0,0.19436863461538462,0.45,0.45,decrease_margin_after_safe_window
1635,eMBB,0.0,0.0,0.0,22.0,0.9880876817972869,0.45,0.45,decrease_margin_after_safe_window
1635,mMTC,0.0,0.0,0.0,199.0,0.30805745292276343,0.45,0.45,decrease_margin_after_safe_window
1636,URLLC,0.0,0.0,0.0,125.0,0.1658940082417583,0.45,0.45,decrease_margin_after_safe_window
1636,eMBB,0.0,0.0,0.0,19.0,0.9850574578642225,0.45,0.45,decrease_margin_after_safe_window
1636,mMTC,0.0,0.0,0.0,206.0,0.3109787125279152,0.45,0.45,decrease_margin_after_safe_window
1637,URLLC,0.0,0.0,0.0,117.0,0.1829003118131868,0.45,0.45,decrease_margin_after_safe_window
1637,eMBB,0.0,0.0,0.0,21.0,0.9906060332017584,0.45,0.45,decrease_margin_after_safe_window
1637,mMTC,0.0,0.0,0.0,183.0,0.32624102336621846,0.45,0.45,decrease_margin_after_safe_window
1638,URLLC,0.0,0.0,0.0,149.0,0.21271433653846153,0.45,0.45,decrease_margin_after_safe_window
1638,eMBB,0.0,0.0,0.0,26.0,0.9863148653352206,0.45,0.45,decrease_margin_after_safe_window
1638,mMTC,0.0,0.0,0.0,202.0,0.2917301490524314,0.45,0.45,decrease_margin_after_safe_window
1639,URLLC,0.0,0.0,0.0,126.0,0.19438199519230767,0.45,0.45,decrease_margin_after_safe_window
1639,eMBB,0.0,0.0,0.0,17.0,0.9843439843570618,0.45,0.45,decrease_margin_after_safe_window
1639,mMTC,0.0,0.0,0.0,189.0,0.3252216310926296,0.45,0.45,decrease_margin_after_safe_window
1640,URLLC,0.0,0.0,0.0,133.0,0.19658079395604394,0.45,0.45,decrease_margin_after_safe_window
1640,eMBB,0.0,0.0,0.0,27.0,0.9871049412209623,0.45,0.45,decrease_margin_after_safe_window
1640,mMTC,0.0,0.0,0.0,193.0,0.3044156514066967,0.45,0.45,decrease_margin_after_safe_window
1641,URLLC,0.0,0.0,0.0,128.0,0.18327910782967033,0.45,0.45,decrease_margin_after_safe_window
1641,eMBB,0.0,0.0,0.0,23.0,0.9851124978009806,0.45,0.45,decrease_margin_after_safe_window
1641,mMTC,0.0,0.0,0.0,198.0,0.3012342908057934,0.45,0.45,decrease_margin_after_safe_window
1642,URLLC,0.0,0.0,1.0,136.0,0.2146203001373626,0.45,0.45,decrease_margin_after_safe_window
1642,eMBB,0.0,0.0,1.0,23.0,0.9896379678115031,0.45,0.45,decrease_margin_after_safe_window
1642,mMTC,0.0,0.0,0.0,211.0,0.3102909187392843,0.45,0.45,decrease_margin_after_safe_window
1643,URLLC,0.0,0.0,1.0,121.0,0.18709734271978024,0.45,0.45,decrease_margin_after_safe_window
1643,eMBB,0.0,0.0,1.0,21.0,0.9903230145277747,0.45,0.45,decrease_margin_after_safe_window
1643,mMTC,0.0,0.0,0.0,171.0,0.3431376056265611,0.45,0.45,decrease_margin_after_safe_window
1644,URLLC,0.0,0.0,0.0,128.0,0.19359559546703298,0.45,0.45,decrease_margin_after_safe_window
1644,eMBB,0.0,0.0,0.0,18.0,0.9863067680927643,0.45,0.45,decrease_margin_after_safe_window
1644,mMTC,0.0,0.0,0.0,193.0,0.28274009318101556,0.45,0.45,decrease_margin_after_safe_window
1645,URLLC,0.0,0.0,0.0,136.0,0.20083313461538466,0.45,0.45,decrease_margin_after_safe_window
1645,eMBB,0.0,0.0,0.0,18.0,0.9881664642944799,0.45,0.45,decrease_margin_after_safe_window
1645,mMTC,0.0,0.0,0.0,199.0,0.30662086473725986,0.45,0.45,decrease_margin_after_safe_window
1646,URLLC,0.0,0.0,0.0,127.0,0.19372690453296704,0.45,0.45,decrease_margin_after_safe_window
1646,eMBB,0.0,0.0,0.0,16.0,0.9870194886099782,0.45,0.45,decrease_margin_after_safe_window
1646,mMTC,0.0,0.0,0.0,183.0,0.3247244361180601,0.45,0.45,decrease_margin_after_safe_window
1647,URLLC,0.0,0.0,0.0,114.0,0.18273500686813188,0.45,0.45,decrease_margin_after_safe_window
1647,eMBB,0.0,0.0,0.0,18.0,0.9898025236282473,0.45,0.45,decrease_margin_after_safe_window
1647,mMTC,0.0,0.0,0.0,205.0,0.2872927090728479,0.45,0.45,decrease_margin_after_safe_window
1648,URLLC,0.0,0.0,0.0,125.0,0.1801748743131868,0.45,0.45,decrease_margin_after_safe_window
1648,eMBB,0.0,0.0,0.0,17.0,0.9882046131953762,0.45,0.45,decrease_margin_after_safe_window
1648,mMTC,0.0,0.0,0.0,179.0,0.33599181131498684,0.45,0.45,decrease_margin_after_safe_window
1649,URLLC,0.0,0.0,0.0,132.0,0.18114617032967034,0.45,0.45,decrease_margin_after_safe_window
1649,eMBB,0.0,0.0,0.0,14.0,0.9878157102664558,0.45,0.45,decrease_margin_after_safe_window
1649,mMTC,0.0,0.0,0.0,199.0,0.30305873797764427,0.45,0.45,decrease_margin_after_safe_window
1650,URLLC,0.0,0.0,0.0,113.0,0.16536762774725272,0.45,0.45,decrease_margin_after_safe_window
1650,eMBB,0.0,0.0,0.0,16.0,0.9878025826767594,0.45,0.45,decrease_margin_after_safe_window
1650,mMTC,0.0,0.0,0.0,188.0,0.31225065106556943,0.45,0.45,decrease_margin_after_safe_window
1651,URLLC,0.0,0.0,1.0,140.0,0.22221037225274726,0.45,0.45,decrease_margin_after_safe_window
1651,eMBB,0.0,0.0,1.0,17.0,0.9906523479796483,0.45,0.45,decrease_margin_after_safe_window
1651,mMTC,0.0,0.0,0.0,204.0,0.3040111557236994,0.45,0.45,decrease_margin_after_safe_window
1652,URLLC,0.0,0.0,0.0,129.0,0.18140542994505493,0.45,0.45,decrease_margin_after_safe_window
1652,eMBB,0.0,0.0,0.0,13.0,0.986856426937236,0.45,0.45,decrease_margin_after_safe_window
1652,mMTC,0.0,0.0,0.0,185.0,0.3086483977601495,0.45,0.45,decrease_margin_after_safe_window
1653,URLLC,0.0,0.0,0.0,120.0,0.1800683708791209,0.45,0.45,decrease_margin_after_safe_window
1653,eMBB,0.0,0.0,0.0,25.0,0.9867427118306562,0.45,0.45,decrease_margin_after_safe_window
1653,mMTC,0.0,0.0,0.0,196.0,0.2955689545441252,0.45,0.45,decrease_margin_after_safe_window
1654,URLLC,0.0,0.0,0.0,118.0,0.17906644642857145,0.45,0.45,decrease_margin_after_safe_window
1654,eMBB,0.0,0.0,0.0,13.0,0.9861703578529719,0.45,0.45,decrease_margin_after_safe_window
1654,mMTC,0.0,0.0,0.0,186.0,0.32805705908496935,0.45,0.45,decrease_margin_after_safe_window
1655,URLLC,1.0,0.0,1.0,134.0,0.20195546771978026,0.45,0.7,increase_margin_due_to_sla_pressure
1655,eMBB,0.0,0.0,0.0,19.0,0.986934899133735,0.45,0.45,decrease_margin_after_safe_window
1655,mMTC,0.0,0.0,0.0,198.0,0.2965977081071586,0.45,0.45,decrease_margin_after_safe_window
1656,URLLC,0.0,0.0,0.0,130.0,0.1993196971153846,0.7,0.6499999999999999,decrease_margin_after_safe_window
1656,eMBB,0.0,0.0,0.0,26.0,0.9873378778406308,0.45,0.45,decrease_margin_after_safe_window
1656,mMTC,0.0,0.0,0.0,183.0,0.3197679932819212,0.45,0.45,decrease_margin_after_safe_window
1657,URLLC,0.0,0.0,0.0,129.0,0.19233779395604397,0.6499999999999999,0.5999999999999999,decrease_margin_after_safe_window
1657,eMBB,0.0,0.0,0.0,16.0,0.9876269786341202,0.45,0.45,decrease_margin_after_safe_window
1657,mMTC,0.0,0.0,0.0,189.0,0.3043709425294687,0.45,0.45,decrease_margin_after_safe_window
1658,URLLC,0.0,0.0,0.0,133.0,0.19972474656593406,0.5999999999999999,0.5499999999999998,decrease_margin_after_safe_window
1658,eMBB,0.0,0.0,0.0,21.0,0.9849658157153317,0.45,0.45,decrease_margin_after_safe_window
1658,mMTC,0.0,0.0,0.0,183.0,0.2950459074878595,0.45,0.45,decrease_margin_after_safe_window
1659,URLLC,0.0,0.0,0.0,120.0,0.18234753502747253,0.5499999999999998,0.49999999999999983,decrease_margin_after_safe_window
1659,eMBB,0.0,0.0,0.0,24.0,0.9877355779300457,0.45,0.45,decrease_margin_after_safe_window
1659,mMTC,0.0,0.0,0.0,188.0,0.3037239343897809,0.45,0.45,decrease_margin_after_safe_window
1660,URLLC,0.0,0.0,0.0,135.0,0.20364234958791208,0.49999999999999983,0.45,decrease_margin_after_safe_window
1660,eMBB,0.0,0.0,0.0,21.0,0.9889758215819929,0.45,0.45,decrease_margin_after_safe_window
1660,mMTC,0.0,0.0,0.0,211.0,0.2991104637894399,0.45,0.45,decrease_margin_after_safe_window
1661,URLLC,0.0,0.0,0.0,133.0,0.18922310645604398,0.45,0.45,decrease_margin_after_safe_window
1661,eMBB,0.0,0.0,0.0,18.0,0.9861851852730833,0.45,0.45,decrease_margin_after_safe_window
1661,mMTC,0.0,0.0,0.0,187.0,0.335313521575698,0.45,0.45,decrease_margin_after_safe_window
1662,URLLC,0.0,0.0,1.0,121.0,0.16250573695054946,0.45,0.45,decrease_margin_after_safe_window
1662,eMBB,0.0,0.0,0.0,22.0,0.9863839433169257,0.45,0.45,decrease_margin_after_safe_window
1662,mMTC,0.0,0.0,0.0,189.0,0.28365669498534285,0.45,0.45,decrease_margin_after_safe_window
1663,URLLC,0.0,0.0,0.0,138.0,0.19668965384615386,0.45,0.45,decrease_margin_after_safe_window
1663,eMBB,0.0,0.0,0.0,23.0,0.9880493767645401,0.45,0.45,decrease_margin_after_safe_window
1663,mMTC,0.0,0.0,0.0,208.0,0.3029193533159532,0.45,0.45,decrease_margin_after_safe_window
1664,URLLC,0.0,0.0,1.0,136.0,0.19139663392857148,0.45,0.45,decrease_margin_after_safe_window
1664,eMBB,0.0,0.0,1.0,18.0,0.988965280863081,0.45,0.45,decrease_margin_after_safe_window
1664,mMTC,0.0,0.0,0.0,178.0,0.3308029839185519,0.45,0.45,decrease_margin_after_safe_window
1665,URLLC,0.0,0.0,1.0,145.0,0.22296739491758247,0.45,0.45,decrease_margin_after_safe_window
1665,eMBB,0.0,0.0,1.0,18.0,0.9884476848071853,0.45,0.45,decrease_margin_after_safe_window
1665,mMTC,0.0,0.0,0.0,213.0,0.2937483996454926,0.45,0.45,decrease_margin_after_safe_window
1666,URLLC,0.0,0.0,0.0,126.0,0.1898764787087912,0.45,0.45,decrease_margin_after_safe_window
1666,eMBB,0.0,0.0,0.0,12.0,0.9873633321628853,0.45,0.45,decrease_margin_after_safe_window
1666,mMTC,0.0,0.0,0.0,166.0,0.3456523159496025,0.45,0.45,decrease_margin_after_safe_window
1667,URLLC,0.0,0.0,0.0,124.0,0.17429494299450551,0.45,0.45,decrease_margin_after_safe_window
1667,eMBB,0.0,0.0,0.0,18.0,0.9852301648605871,0.45,0.45,decrease_margin_after_safe_window
1667,mMTC,0.0,0.0,0.0,194.0,0.26916757492353977,0.45,0.45,decrease_margin_after_safe_window
1668,URLLC,0.0,0.0,0.0,136.0,0.1972193372252747,0.45,0.45,decrease_margin_after_safe_window
1668,eMBB,0.0,0.0,0.0,20.0,0.9854965868084454,0.45,0.45,decrease_margin_after_safe_window
1668,mMTC,0.0,0.0,0.0,195.0,0.30901776531021025,0.45,0.45,decrease_margin_after_safe_window
1669,URLLC,0.0,0.0,0.0,135.0,0.20032175274725275,0.45,0.45,decrease_margin_after_safe_window
1669,eMBB,0.0,0.0,0.0,26.0,0.9854403654747745,0.45,0.45,decrease_margin_after_safe_window
1669,mMTC,0.0,0.0,0.0,180.0,0.29746029118661965,0.45,0.45,decrease_margin_after_safe_window
1670,URLLC,0.0,0.0,0.0,119.0,0.18076625274725272,0.45,0.45,decrease_margin_after_safe_window
1670,eMBB,0.0,0.0,0.0,31.0,0.9883052161224347,0.45,0.45,decrease_margin_after_safe_window
1670,mMTC,0.0,0.0,0.0,204.0,0.2898717191181002,0.45,0.45,decrease_margin_after_safe_window
1671,URLLC,0.0,0.0,1.0,130.0,0.19885397802197802,0.45,0.45,decrease_margin_after_safe_window
1671,eMBB,0.0,0.0,1.0,18.0,0.986073204346343,0.45,0.45,decrease_margin_after_safe_window
1671,mMTC,0.0,0.0,0.0,192.0,0.33347901209177205,0.45,0.45,decrease_margin_after_safe_window
1672,URLLC,0.0,0.0,0.0,137.0,0.19729626991758242,0.45,0.45,decrease_margin_after_safe_window
1672,eMBB,0.0,0.0,0.0,22.0,0.9876598432741134,0.45,0.45,decrease_margin_after_safe_window
1672,mMTC,0.0,0.0,0.0,197.0,0.30725572295379405,0.45,0.45,decrease_margin_after_safe_window
1673,URLLC,0.0,0.0,0.0,124.0,0.18116835164835168,0.45,0.45,decrease_margin_after_safe_window
1673,eMBB,0.0,0.0,0.0,24.0,0.9873646610947027,0.45,0.45,decrease_margin_after_safe_window
1673,mMTC,0.0,0.0,0.0,180.0,0.34260015864454046,0.45,0.45,decrease_margin_after_safe_window
1674,URLLC,0.0,0.0,0.0,105.0,0.15253722527472527,0.45,0.45,decrease_margin_after_safe_window
1674,eMBB,0.0,0.0,0.0,17.0,0.9877088838331337,0.45,0.45,decrease_margin_after_safe_window
1674,mMTC,0.0,0.0,0.0,195.0,0.29068876881219735,0.45,0.45,decrease_margin_after_safe_window
1675,URLLC,0.0,0.0,0.0,120.0,0.18467805769230772,0.45,0.45,decrease_margin_after_safe_window
1675,eMBB,0.0,0.0,0.0,19.0,0.9873574471125135,0.45,0.45,decrease_margin_after_safe_window
1675,mMTC,0.0,0.0,0.0,195.0,0.3218266282305252,0.45,0.45,decrease_margin_after_safe_window
1676,URLLC,0.0,0.0,0.0,120.0,0.17691331181318684,0.45,0.45,decrease_margin_after_safe_window
1676,eMBB,0.0,0.0,0.0,30.0,0.9870416271506736,0.45,0.45,decrease_margin_after_safe_window
1676,mMTC,0.0,0.0,0.0,183.0,0.32083644710717085,0.45,0.45,decrease_margin_after_safe_window
1677,URLLC,0.0,0.0,0.0,106.0,0.14570472184065933,0.45,0.45,decrease_margin_after_safe_window
1677,eMBB,0.0,0.0,0.0,15.0,0.9890976192704911,0.45,0.45,decrease_margin_after_safe_window
1677,mMTC,0.0,0.0,0.0,197.0,0.2794269056876667,0.45,0.45,decrease_margin_after_safe_window
1678,URLLC,0.0,0.0,0.0,108.0,0.16177553571428574,0.45,0.45,decrease_margin_after_safe_window
1678,eMBB,0.0,0.0,0.0,16.0,0.9871022164641265,0.45,0.45,decrease_margin_after_safe_window
1678,mMTC,0.0,0.0,0.0,179.0,0.31885226299246205,0.45,0.45,decrease_margin_after_safe_window
1679,URLLC,0.0,0.0,0.0,123.0,0.18688775206043956,0.45,0.45,decrease_margin_after_safe_window
1679,eMBB,0.0,0.0,0.0,21.0,0.988275484312556,0.45,0.45,decrease_margin_after_safe_window
1679,mMTC,0.0,0.0,0.0,202.0,0.31489084568603315,0.45,0.45,decrease_margin_after_safe_window
1680,URLLC,0.0,0.0,1.0,142.0,0.2053140398351648,0.45,0.45,decrease_margin_after_safe_window
1680,eMBB,0.0,0.0,1.0,16.0,0.9875052385085834,0.45,0.45,decrease_margin_after_safe_window
1680,mMTC,0.0,0.0,0.0,180.0,0.33446899973160893,0.45,0.45,decrease_margin_after_safe_window
1681,URLLC,0.0,0.0,0.0,129.0,0.1800605274725275,0.45,0.45,decrease_margin_after_safe_window
1681,eMBB,0.0,0.0,0.0,17.0,0.9853922518700059,0.45,0.45,decrease_margin_after_safe_window
1681,mMTC,0.0,0.0,0.0,210.0,0.30667739952045325,0.45,0.45,decrease_margin_after_safe_window
1682,URLLC,0.0,0.0,0.0,133.0,0.19315996291208792,0.45,0.45,decrease_margin_after_safe_window
1682,eMBB,0.0,0.0,0.0,26.0,0.9880069422622303,0.45,0.45,decrease_margin_after_safe_window
1682,mMTC,0.0,0.0,0.0,205.0,0.33410964847527796,0.45,0.45,decrease_margin_after_safe_window
1683,URLLC,0.0,0.0,0.0,125.0,0.1971055927197802,0.45,0.45,decrease_margin_after_safe_window
1683,eMBB,0.0,0.0,0.0,20.0,0.9854978893298226,0.45,0.45,decrease_margin_after_safe_window
1683,mMTC,0.0,0.0,0.0,189.0,0.31188870169877386,0.45,0.45,decrease_margin_after_safe_window
1684,URLLC,0.0,0.0,0.0,135.0,0.21714063255494503,0.45,0.45,decrease_margin_after_safe_window
1684,eMBB,0.0,0.0,0.0,15.0,0.98798125037167,0.45,0.45,decrease_margin_after_safe_window
1684,mMTC,0.0,0.0,0.0,199.0,0.29244031894421696,0.45,0.45,decrease_margin_after_safe_window
1685,URLLC,0.0,0.0,1.0,138.0,0.21234900137362636,0.45,0.45,decrease_margin_after_safe_window
1685,eMBB,0.0,0.0,1.0,18.0,0.9896896273964053,0.45,0.45,decrease_margin_after_safe_window
1685,mMTC,0.0,0.0,0.0,191.0,0.32587842272147693,0.45,0.45,decrease_margin_after_safe_window
1686,URLLC,0.0,0.0,0.0,131.0,0.1918377190934066,0.45,0.45,decrease_margin_after_safe_window
1686,eMBB,0.0,0.0,0.0,19.0,0.9869115119934103,0.45,0.45,decrease_margin_after_safe_window
1686,mMTC,0.0,0.0,0.0,186.0,0.3114944643293371,0.45,0.45,decrease_margin_after_safe_window
1687,URLLC,0.0,0.0,0.0,116.0,0.16835557005494506,0.45,0.45,decrease_margin_after_safe_window
1687,eMBB,0.0,0.0,0.0,17.0,0.988131232871413,0.45,0.45,decrease_margin_after_safe_window
1687,mMTC,0.0,0.0,0.0,189.0,0.28831957173756567,0.45,0.45,decrease_margin_after_safe_window
1688,URLLC,0.0,0.0,0.0,130.0,0.19424209271978024,0.45,0.45,decrease_margin_after_safe_window
1688,eMBB,0.0,0.0,0.0,24.0,0.9859839998295021,0.45,0.45,decrease_margin_after_safe_window
1688,mMTC,0.0,0.0,0.0,206.0,0.28902933069289843,0.45,0.45,decrease_margin_after_safe_window
1689,URLLC,0.0,0.0,1.0,125.0,0.1860972156593407,0.45,0.45,decrease_margin_after_safe_window
1689,eMBB,0.0,0.0,1.0,20.0,0.9878807308808844,0.45,0.45,decrease_margin_after_safe_window
1689,mMTC,0.0,0.0,0.0,196.0,0.3493934449508295,0.45,0.45,decrease_margin_after_safe_window
1690,URLLC,0.0,0.0,0.0,104.0,0.14465168063186815,0.45,0.45,decrease_margin_after_safe_window
1690,eMBB,0.0,0.0,0.0,20.0,0.9888611596886874,0.45,0.45,decrease_margin_after_safe_window
1690,mMTC,0.0,0.0,0.0,183.0,0.30606648891710797,0.45,0.45,decrease_margin_after_safe_window
1691,URLLC,0.0,0.0,0.0,128.0,0.1875585267857143,0.45,0.45,decrease_margin_after_safe_window
1691,eMBB,0.0,0.0,0.0,20.0,0.9880237835202451,0.45,0.45,decrease_margin_after_safe_window
1691,mMTC,0.0,0.0,0.0,188.0,0.2815521672717563,0.45,0.45,decrease_margin_after_safe_window
1692,URLLC,0.0,0.0,0.0,120.0,0.1804544175824176,0.45,0.45,decrease_margin_after_safe_window
1692,eMBB,0.0,0.0,0.0,22.0,0.9861017880414836,0.45,0.45,decrease_margin_after_safe_window
1692,mMTC,0.0,0.0,0.0,188.0,0.29261569127081455,0.45,0.45,decrease_margin_after_safe_window
1693,URLLC,1.0,0.0,1.0,106.0,0.17214093131868133,0.45,0.7,increase_margin_due_to_sla_pressure
1693,eMBB,0.0,0.0,0.0,20.0,0.9872025014453598,0.45,0.45,decrease_margin_after_safe_window
1693,mMTC,0.0,0.0,0.0,193.0,0.29020547066652974,0.45,0.45,decrease_margin_after_safe_window
1694,URLLC,1.0,0.0,1.0,125.0,0.18632836332417585,0.7,0.95,increase_margin_due_to_sla_pressure
1694,eMBB,0.0,0.0,0.0,27.0,0.9861621307258586,0.45,0.45,decrease_margin_after_safe_window
1694,mMTC,0.0,0.0,0.0,209.0,0.3185008993761675,0.45,0.45,decrease_margin_after_safe_window
1695,URLLC,0.0,0.0,1.0,133.0,0.19304214079670332,0.95,0.8999999999999999,decrease_margin_after_safe_window
1695,eMBB,0.0,0.0,1.0,22.0,0.9853394278053321,0.45,0.45,decrease_margin_after_safe_window
1695,mMTC,0.0,0.0,0.0,179.0,0.3514269656698731,0.45,0.45,decrease_margin_after_safe_window
1696,URLLC,0.0,0.0,0.0,121.0,0.18552040384615384,0.8999999999999999,0.8499999999999999,decrease_margin_after_safe_window
1696,eMBB,0.0,0.0,0.0,19.0,0.9900181526902767,0.45,0.45,decrease_margin_after_safe_window
1696,mMTC,0.0,0.0,0.0,197.0,0.2961046879551449,0.45,0.45,decrease_margin_after_safe_window
1697,URLLC,0.0,0.0,1.0,143.0,0.21351319436813188,0.8499999999999999,0.7999999999999998,decrease_margin_after_safe_window
1697,eMBB,0.0,0.0,1.0,14.0,0.9861092989695434,0.45,0.45,decrease_margin_after_safe_window
1697,mMTC,0.0,0.0,0.0,199.0,0.31843032702419893,0.45,0.45,decrease_margin_after_safe_window
1698,URLLC,0.0,0.0,0.0,132.0,0.20046361675824179,0.7999999999999998,0.7499999999999998,decrease_margin_after_safe_window
1698,eMBB,0.0,0.0,0.0,22.0,0.9842984131070587,0.45,0.45,decrease_margin_after_safe_window
1698,mMTC,0.0,0.0,0.0,191.0,0.3363856330462878,0.45,0.45,decrease_margin_after_safe_window
1699,URLLC,0.0,0.0,0.0,125.0,0.18690096153846156,0.7499999999999998,0.6999999999999997,decrease_margin_after_safe_window
1699,eMBB,0.0,0.0,0.0,21.0,0.987597551971409,0.45,0.45,decrease_margin_after_safe_window
1699,mMTC,0.0,0.0,0.0,211.0,0.33610713493911465,0.45,0.45,decrease_margin_after_safe_window
1700,URLLC,0.0,0.0,0.0,121.0,0.1621444017857143,0.6999999999999997,0.6499999999999997,decrease_margin_after_safe_window
1700,eMBB,0.0,0.0,0.0,29.0,0.9868831830070393,0.45,0.45,decrease_margin_after_safe_window
1700,mMTC,0.0,0.0,0.0,196.0,0.3544390823231693,0.45,0.45,decrease_margin_after_safe_window
1701,URLLC,0.0,0.0,0.0,117.0,0.17307526579670332,0.6499999999999997,0.5999999999999996,decrease_margin_after_safe_window
1701,eMBB,0.0,0.0,0.0,32.0,0.9879930239328402,0.45,0.45,decrease_margin_after_safe_window
1701,mMTC,0.0,0.0,0.0,182.0,0.32255859332542824,0.45,0.45,decrease_margin_after_safe_window
1702,URLLC,0.0,0.0,0.0,113.0,0.18474301717032968,0.5999999999999996,0.5499999999999996,decrease_margin_after_safe_window
1702,eMBB,0.0,0.0,0.0,21.0,0.9880291214525835,0.45,0.45,decrease_margin_after_safe_window
1702,mMTC,0.0,0.0,0.0,178.0,0.3082028928554951,0.45,0.45,decrease_margin_after_safe_window
1703,URLLC,0.0,0.0,0.0,132.0,0.19567158447802196,0.5499999999999996,0.4999999999999996,decrease_margin_after_safe_window
1703,eMBB,0.0,0.0,0.0,13.0,0.9884370464155608,0.45,0.45,decrease_margin_after_safe_window
1703,mMTC,0.0,0.0,0.0,199.0,0.2776266043077626,0.45,0.45,decrease_margin_after_safe_window
1704,URLLC,0.0,0.0,1.0,141.0,0.2086522396978022,0.4999999999999996,0.45,decrease_margin_after_safe_window
1704,eMBB,0.0,0.0,1.0,13.0,0.9871725918645079,0.45,0.45,decrease_margin_after_safe_window
1704,mMTC,0.0,0.0,0.0,172.0,0.31777395123307245,0.45,0.45,decrease_margin_after_safe_window
1705,URLLC,0.0,0.0,0.0,130.0,0.20268577197802198,0.45,0.45,decrease_margin_after_safe_window
1705,eMBB,0.0,0.0,0.0,17.0,0.9865894230225278,0.45,0.45,decrease_margin_after_safe_window
1705,mMTC,0.0,0.0,0.0,205.0,0.2736671200839723,0.45,0.45,decrease_margin_after_safe_window
1706,URLLC,0.0,0.0,0.0,125.0,0.18348824244505496,0.45,0.45,decrease_margin_after_safe_window
1706,eMBB,0.0,0.0,0.0,17.0,0.9863627969992381,0.45,0.45,decrease_margin_after_safe_window
1706,mMTC,0.0,0.0,0.0,188.0,0.31493282186914034,0.45,0.45,decrease_margin_after_safe_window
1707,URLLC,0.0,0.0,0.0,116.0,0.17574894230769234,0.45,0.45,decrease_margin_after_safe_window
1707,eMBB,0.0,0.0,0.0,17.0,0.9879191594440057,0.45,0.45,decrease_margin_after_safe_window
1707,mMTC,0.0,0.0,0.0,213.0,0.29209672700515127,0.45,0.45,decrease_margin_after_safe_window
1708,URLLC,0.0,0.0,1.0,133.0,0.19569235302197804,0.45,0.45,decrease_margin_after_safe_window
1708,eMBB,0.0,0.0,1.0,21.0,0.9875216961282236,0.45,0.45,decrease_margin_after_safe_window
1708,mMTC,0.0,0.0,0.0,188.0,0.3545835053082084,0.45,0.45,decrease_margin_after_safe_window
1709,URLLC,0.0,0.0,0.0,130.0,0.2089097032967033,0.45,0.45,decrease_margin_after_safe_window
1709,eMBB,0.0,0.0,0.0,15.0,0.9855304709079035,0.45,0.45,decrease_margin_after_safe_window
1709,mMTC,0.0,0.0,0.0,174.0,0.2817563886762816,0.45,0.45,decrease_margin_after_safe_window
1710,URLLC,0.0,0.0,0.0,124.0,0.18338083310439562,0.45,0.45,decrease_margin_after_safe_window
1710,eMBB,0.0,0.0,0.0,20.0,0.9832706494558282,0.45,0.45,decrease_margin_after_safe_window
1710,mMTC,0.0,0.0,0.0,199.0,0.2697494045793189,0.45,0.45,decrease_margin_after_safe_window
1711,URLLC,0.0,0.0,0.0,124.0,0.19443660164835166,0.45,0.45,decrease_margin_after_safe_window
1711,eMBB,0.0,0.0,0.0,25.0,0.9870468793620945,0.45,0.45,decrease_margin_after_safe_window
1711,mMTC,0.0,0.0,0.0,182.0,0.3099803970546871,0.45,0.45,decrease_margin_after_safe_window
1712,URLLC,0.0,0.0,0.0,122.0,0.17548261263736262,0.45,0.45,decrease_margin_after_safe_window
1712,eMBB,0.0,0.0,0.0,17.0,0.9872411002979621,0.45,0.45,decrease_margin_after_safe_window
1712,mMTC,0.0,0.0,0.0,202.0,0.2818008170471402,0.45,0.45,decrease_margin_after_safe_window
1713,URLLC,0.0,0.0,0.0,123.0,0.1740793846153846,0.45,0.45,decrease_margin_after_safe_window
1713,eMBB,0.0,0.0,0.0,31.0,0.9881512243012851,0.45,0.45,decrease_margin_after_safe_window
1713,mMTC,0.0,0.0,0.0,188.0,0.34140549854932256,0.45,0.45,decrease_margin_after_safe_window
1714,URLLC,0.0,0.0,0.0,136.0,0.19710097458791204,0.45,0.45,decrease_margin_after_safe_window
1714,eMBB,0.0,0.0,0.0,16.0,0.9890247572687126,0.45,0.45,decrease_margin_after_safe_window
1714,mMTC,0.0,0.0,0.0,183.0,0.30424508835061675,0.45,0.45,decrease_margin_after_safe_window
1715,URLLC,0.0,0.0,0.0,123.0,0.19370881593406591,0.45,0.45,decrease_margin_after_safe_window
1715,eMBB,0.0,0.0,0.0,24.0,0.988586643151213,0.45,0.45,decrease_margin_after_safe_window
1715,mMTC,0.0,0.0,0.0,169.0,0.305519075766934,0.45,0.45,decrease_margin_after_safe_window
1716,URLLC,0.0,0.0,0.0,122.0,0.17782751373626374,0.45,0.45,decrease_margin_after_safe_window
1716,eMBB,0.0,0.0,0.0,18.0,0.9882478585460693,0.45,0.45,decrease_margin_after_safe_window
1716,mMTC,0.0,0.0,0.0,184.0,0.2759552292318634,0.45,0.45,decrease_margin_after_safe_window
1717,URLLC,0.0,0.0,0.0,127.0,0.19613003090659342,0.45,0.45,decrease_margin_after_safe_window
1717,eMBB,0.0,0.0,0.0,14.0,0.9887920436819976,0.45,0.45,decrease_margin_after_safe_window
1717,mMTC,0.0,0.0,0.0,208.0,0.3158848144815286,0.45,0.45,decrease_margin_after_safe_window
1718,URLLC,0.0,0.0,0.0,119.0,0.1799378660714286,0.45,0.45,decrease_margin_after_safe_window
1718,eMBB,0.0,0.0,0.0,18.0,0.9883527019405666,0.45,0.45,decrease_margin_after_safe_window
1718,mMTC,0.0,0.0,0.0,177.0,0.35282952517025495,0.45,0.45,decrease_margin_after_safe_window
1719,URLLC,0.0,0.0,0.0,146.0,0.21172909890109892,0.45,0.45,decrease_margin_after_safe_window
1719,eMBB,0.0,0.0,0.0,19.0,0.9900852398497147,0.45,0.45,decrease_margin_after_safe_window
1719,mMTC,0.0,0.0,0.0,187.0,0.2979290013125281,0.45,0.45,decrease_margin_after_safe_window
1720,URLLC,0.0,0.0,0.0,131.0,0.205712896978022,0.45,0.45,decrease_margin_after_safe_window
1720,eMBB,0.0,0.0,0.0,11.0,0.9879792066447071,0.45,0.45,decrease_margin_after_safe_window
1720,mMTC,0.0,0.0,0.0,182.0,0.3054914087172224,0.45,0.45,decrease_margin_after_safe_window
1721,URLLC,0.0,0.0,0.0,111.0,0.16314592582417586,0.45,0.45,decrease_margin_after_safe_window
1721,eMBB,0.0,0.0,0.0,10.0,0.9851900550805893,0.45,0.45,decrease_margin_after_safe_window
1721,mMTC,0.0,0.0,0.0,203.0,0.28101009330813886,0.45,0.45,decrease_margin_after_safe_window
1722,URLLC,0.0,0.0,0.0,119.0,0.17823610576923077,0.45,0.45,decrease_margin_after_safe_window
1722,eMBB,0.0,0.0,0.0,14.0,0.9875755605255352,0.45,0.45,decrease_margin_after_safe_window
1722,mMTC,0.0,0.0,0.0,211.0,0.31579295978010663,0.45,0.45,decrease_margin_after_safe_window
1723,URLLC,0.0,0.0,0.0,125.0,0.17796571840659345,0.45,0.45,decrease_margin_after_safe_window
1723,eMBB,0.0,0.0,0.0,23.0,0.9869211427604461,0.45,0.45,decrease_margin_after_safe_window
1723,mMTC,0.0,0.0,0.0,173.0,0.32498252069777006,0.45,0.45,decrease_margin_after_safe_window
1724,URLLC,0.0,0.0,0.0,123.0,0.18091667788461538,0.45,0.45,decrease_margin_after_safe_window
1724,eMBB,0.0,0.0,0.0,25.0,0.9875389532064798,0.45,0.45,decrease_margin_after_safe_window
1724,mMTC,0.0,0.0,0.0,217.0,0.2765963403704886,0.45,0.45,decrease_margin_after_safe_window
1725,URLLC,0.0,0.0,1.0,136.0,0.20406995192307692,0.45,0.45,decrease_margin_after_safe_window
1725,eMBB,0.0,0.0,1.0,14.0,0.9887758690730862,0.45,0.45,decrease_margin_after_safe_window
1725,mMTC,0.0,0.0,0.0,186.0,0.35566598646594744,0.45,0.45,decrease_margin_after_safe_window
1726,URLLC,0.0,0.0,0.0,133.0,0.20143952472527474,0.45,0.45,decrease_margin_after_safe_window
1726,eMBB,0.0,0.0,0.0,12.0,0.9862411383357644,0.45,0.45,decrease_margin_after_safe_window
1726,mMTC,0.0,0.0,0.0,199.0,0.3003559220437079,0.45,0.45,decrease_margin_after_safe_window
1727,URLLC,0.0,0.0,1.0,131.0,0.2126658605769231,0.45,0.45,decrease_margin_after_safe_window
1727,eMBB,0.0,0.0,1.0,22.0,0.9889258755954989,0.45,0.45,decrease_margin_after_safe_window
1727,mMTC,0.0,0.0,0.0,171.0,0.32733941171094605,0.45,0.45,decrease_margin_after_safe_window
1728,URLLC,0.0,0.0,0.0,130.0,0.1935303399725275,0.45,0.45,decrease_margin_after_safe_window
1728,eMBB,0.0,0.0,0.0,11.0,0.9871636724637387,0.45,0.45,decrease_margin_after_safe_window
1728,mMTC,0.0,0.0,0.0,201.0,0.27426826980505964,0.45,0.45,decrease_margin_after_safe_window
1729,URLLC,0.0,0.0,0.0,141.0,0.20814194230769237,0.45,0.45,decrease_margin_after_safe_window
1729,eMBB,0.0,0.0,0.0,15.0,0.9850607432953274,0.45,0.45,decrease_margin_after_safe_window
1729,mMTC,0.0,0.0,0.0,200.0,0.3276146088966265,0.45,0.45,decrease_margin_after_safe_window
1730,URLLC,0.0,0.0,0.0,133.0,0.19407247802197805,0.45,0.45,decrease_margin_after_safe_window
1730,eMBB,0.0,0.0,0.0,31.0,0.9867636480886716,0.45,0.45,decrease_margin_after_safe_window
1730,mMTC,0.0,0.0,0.0,198.0,0.3214408280257281,0.45,0.45,decrease_margin_after_safe_window
1731,URLLC,0.0,0.0,0.0,103.0,0.14918264903846157,0.45,0.45,decrease_margin_after_safe_window
1731,eMBB,0.0,0.0,0.0,26.0,0.9868053207923867,0.45,0.45,decrease_margin_after_safe_window
1731,mMTC,0.0,0.0,0.0,200.0,0.3222318128651512,0.45,0.45,decrease_margin_after_safe_window
1732,URLLC,0.0,0.0,1.0,150.0,0.22946463598901098,0.45,0.45,decrease_margin_after_safe_window
1732,eMBB,0.0,0.0,1.0,20.0,0.9877838974099598,0.45,0.45,decrease_margin_after_safe_window
1732,mMTC,0.0,0.0,0.0,174.0,0.32426985790626733,0.45,0.45,decrease_margin_after_safe_window
1733,URLLC,0.0,0.0,0.0,121.0,0.1967909553571429,0.45,0.45,decrease_margin_after_safe_window
1733,eMBB,0.0,0.0,0.0,26.0,0.9874634535993192,0.45,0.45,decrease_margin_after_safe_window
1733,mMTC,0.0,0.0,0.0,205.0,0.2678720882487259,0.45,0.45,decrease_margin_after_safe_window
1734,URLLC,0.0,0.0,0.0,129.0,0.19230933035714287,0.45,0.45,decrease_margin_after_safe_window
1734,eMBB,0.0,0.0,0.0,15.0,0.9883949181428748,0.45,0.45,decrease_margin_after_safe_window
1734,mMTC,0.0,0.0,0.0,194.0,0.3108922442724929,0.45,0.45,decrease_margin_after_safe_window
1735,URLLC,0.0,0.0,0.0,135.0,0.20257043475274727,0.45,0.45,decrease_margin_after_safe_window
1735,eMBB,0.0,0.0,0.0,21.0,0.9861941628966601,0.45,0.45,decrease_margin_after_safe_window
1735,mMTC,0.0,0.0,0.0,192.0,0.3140203967727772,0.45,0.45,decrease_margin_after_safe_window
1736,URLLC,0.0,0.0,0.0,127.0,0.18764933173076923,0.45,0.45,decrease_margin_after_safe_window
1736,eMBB,0.0,0.0,0.0,15.0,0.985029041511984,0.45,0.45,decrease_margin_after_safe_window
1736,mMTC,0.0,0.0,0.0,189.0,0.30349598448809745,0.45,0.45,decrease_margin_after_safe_window
1737,URLLC,0.0,0.0,1.0,136.0,0.20668052129120879,0.45,0.45,decrease_margin_after_safe_window
1737,eMBB,0.0,0.0,1.0,24.0,0.986186673628953,0.45,0.45,decrease_margin_after_safe_window
1737,mMTC,0.0,0.0,0.0,186.0,0.3239971233868692,0.45,0.45,decrease_margin_after_safe_window
1738,URLLC,0.0,0.0,0.0,126.0,0.1947339059065934,0.45,0.45,decrease_margin_after_safe_window
1738,eMBB,0.0,0.0,0.0,16.0,0.9889088224790509,0.45,0.45,decrease_margin_after_safe_window
1738,mMTC,0.0,0.0,0.0,218.0,0.30609755413039996,0.45,0.45,decrease_margin_after_safe_window
1739,URLLC,0.0,0.0,0.0,106.0,0.16076807074175825,0.45,0.45,decrease_margin_after_safe_window
1739,eMBB,0.0,0.0,0.0,19.0,0.9883912027371927,0.45,0.45,decrease_margin_after_safe_window
1739,mMTC,0.0,0.0,0.0,195.0,0.3690205605274778,0.45,0.45,decrease_margin_after_safe_window
1740,URLLC,0.0,0.0,0.0,118.0,0.18942942513736266,0.45,0.45,decrease_margin_after_safe_window
1740,eMBB,0.0,0.0,0.0,20.0,0.9895559659881127,0.45,0.45,decrease_margin_after_safe_window
1740,mMTC,0.0,0.0,0.0,192.0,0.31897047884985386,0.45,0.45,decrease_margin_after_safe_window
1741,URLLC,0.0,0.0,0.0,129.0,0.18549385714285713,0.45,0.45,decrease_margin_after_safe_window
1741,eMBB,0.0,0.0,0.0,22.0,0.9870335886142069,0.45,0.45,decrease_margin_after_safe_window
1741,mMTC,0.0,0.0,0.0,191.0,0.3169820645385483,0.45,0.45,decrease_margin_after_safe_window
1742,URLLC,0.0,0.0,1.0,139.0,0.21318351854395606,0.45,0.45,decrease_margin_after_safe_window
1742,eMBB,0.0,0.0,1.0,16.0,0.9871014121627114,0.45,0.45,decrease_margin_after_safe_window
1742,mMTC,0.0,0.0,0.0,186.0,0.3121408187541134,0.45,0.45,decrease_margin_after_safe_window
1743,URLLC,0.0,0.0,0.0,119.0,0.170315856456044,0.45,0.45,decrease_margin_after_safe_window
1743,eMBB,0.0,0.0,0.0,16.0,0.9880024141270746,0.45,0.45,decrease_margin_after_safe_window
1743,mMTC,0.0,0.0,0.0,200.0,0.30652002074331486,0.45,0.45,decrease_margin_after_safe_window
1744,URLLC,0.0,0.0,1.0,129.0,0.196481510989011,0.45,0.45,decrease_margin_after_safe_window
1744,eMBB,0.0,0.0,1.0,14.0,0.9884799806585178,0.45,0.45,decrease_margin_after_safe_window
1744,mMTC,0.0,0.0,0.0,193.0,0.33713140967859206,0.45,0.45,decrease_margin_after_safe_window
1745,URLLC,0.0,0.0,0.0,120.0,0.17104020673076922,0.45,0.45,decrease_margin_after_safe_window
1745,eMBB,0.0,0.0,0.0,22.0,0.9874311803651151,0.45,0.45,decrease_margin_after_safe_window
1745,mMTC,0.0,0.0,0.0,191.0,0.31150447560422395,0.45,0.45,decrease_margin_after_safe_window
1746,URLLC,0.0,0.0,0.0,137.0,0.20632130700549453,0.45,0.45,decrease_margin_after_safe_window
1746,eMBB,0.0,0.0,0.0,23.0,0.9869838038475072,0.45,0.45,decrease_margin_after_safe_window
1746,mMTC,0.0,0.0,0.0,178.0,0.30693692929693206,0.45,0.45,decrease_margin_after_safe_window
1747,URLLC,0.0,0.0,0.0,134.0,0.19963014972527476,0.45,0.45,decrease_margin_after_safe_window
1747,eMBB,0.0,0.0,0.0,23.0,0.9852109117537644,0.45,0.45,decrease_margin_after_safe_window
1747,mMTC,0.0,0.0,0.0,198.0,0.3072669216206331,0.45,0.45,decrease_margin_after_safe_window
1748,URLLC,0.0,0.0,0.0,125.0,0.17701878502747254,0.45,0.45,decrease_margin_after_safe_window
1748,eMBB,0.0,0.0,0.0,24.0,0.9881599799406888,0.45,0.45,decrease_margin_after_safe_window
1748,mMTC,0.0,0.0,0.0,167.0,0.3233918299825353,0.45,0.45,decrease_margin_after_safe_window
1749,URLLC,0.0,0.0,0.0,115.0,0.17282450274725278,0.45,0.45,decrease_margin_after_safe_window
1749,eMBB,0.0,0.0,0.0,13.0,0.9877264604639461,0.45,0.45,decrease_margin_after_safe_window
1749,mMTC,0.0,0.0,0.0,203.0,0.29306319973181083,0.45,0.45,decrease_margin_after_safe_window
1750,URLLC,0.0,0.0,0.0,128.0,0.1920280638736264,0.45,0.45,decrease_margin_after_safe_window
1750,eMBB,0.0,0.0,0.0,15.0,0.987142953071799,0.45,0.45,decrease_margin_after_safe_window
1750,mMTC,0.0,0.0,0.0,200.0,0.31687232797506676,0.45,0.45,decrease_margin_after_safe_window
1751,URLLC,0.0,0.0,0.0,135.0,0.19945948351648354,0.45,0.45,decrease_margin_after_safe_window
1751,eMBB,0.0,0.0,0.0,25.0,0.9905470042743243,0.45,0.45,decrease_margin_after_safe_window
1751,mMTC,0.0,0.0,0.0,201.0,0.30892512193281724,0.45,0.45,decrease_margin_after_safe_window
1752,URLLC,0.0,0.0,0.0,126.0,0.18372917445054945,0.45,0.45,decrease_margin_after_safe_window
1752,eMBB,0.0,0.0,0.0,12.0,0.985669047143117,0.45,0.45,decrease_margin_after_safe_window
1752,mMTC,0.0,0.0,0.0,195.0,0.32847661772498044,0.45,0.45,decrease_margin_after_safe_window
1753,URLLC,0.0,0.0,0.0,121.0,0.18783240453296707,0.45,0.45,decrease_margin_after_safe_window
1753,eMBB,0.0,0.0,0.0,19.0,0.9871638739056855,0.45,0.45,decrease_margin_after_safe_window
1753,mMTC,0.0,0.0,0.0,195.0,0.3128715187431212,0.45,0.45,decrease_margin_after_safe_window
1754,URLLC,0.0,0.0,0.0,118.0,0.16425435920329673,0.45,0.45,decrease_margin_after_safe_window
1754,eMBB,0.0,0.0,0.0,23.0,0.9879894167743982,0.45,0.45,decrease_margin_after_safe_window
1754,mMTC,0.0,0.0,0.0,177.0,0.3306358353426702,0.45,0.45,decrease_margin_after_safe_window
1755,URLLC,0.0,0.0,0.0,131.0,0.19158050755494505,0.45,0.45,decrease_margin_after_safe_window
1755,eMBB,0.0,0.0,0.0,20.0,0.989184565474244,0.45,0.45,decrease_margin_after_safe_window
1755,mMTC,0.0,0.0,0.0,195.0,0.2812737021912919,0.45,0.45,decrease_margin_after_safe_window
1756,URLLC,0.0,0.0,1.0,135.0,0.20604069436813188,0.45,0.45,decrease_margin_after_safe_window
1756,eMBB,0.0,0.0,1.0,22.0,0.9878523030463882,0.45,0.45,decrease_margin_after_safe_window
1756,mMTC,0.0,0.0,0.0,195.0,0.32725646822910326,0.45,0.45,decrease_margin_after_safe_window
1757,URLLC,0.0,0.0,0.0,123.0,0.1861867554945055,0.45,0.45,decrease_margin_after_safe_window
1757,eMBB,0.0,0.0,0.0,16.0,0.9862137153526638,0.45,0.45,decrease_margin_after_safe_window
1757,mMTC,0.0,0.0,0.0,190.0,0.3280690444322231,0.45,0.45,decrease_margin_after_safe_window
1758,URLLC,0.0,0.0,0.0,123.0,0.1787262403846154,0.45,0.45,decrease_margin_after_safe_window
1758,eMBB,0.0,0.0,0.0,25.0,0.9872259834649217,0.45,0.45,decrease_margin_after_safe_window
1758,mMTC,0.0,0.0,0.0,211.0,0.3172704443356564,0.45,0.45,decrease_margin_after_safe_window
1759,URLLC,0.0,0.0,1.0,135.0,0.2057432129120879,0.45,0.45,decrease_margin_after_safe_window
1759,eMBB,0.0,0.0,1.0,20.0,0.9868960580918013,0.45,0.45,decrease_margin_after_safe_window
1759,mMTC,0.0,0.0,0.0,188.0,0.33906142707927206,0.45,0.45,decrease_margin_after_safe_window
1760,URLLC,0.0,0.0,0.0,128.0,0.1932850707417583,0.45,0.45,decrease_margin_after_safe_window
1760,eMBB,0.0,0.0,0.0,16.0,0.9831912054188849,0.45,0.45,decrease_margin_after_safe_window
1760,mMTC,0.0,0.0,0.0,179.0,0.28465886604663015,0.45,0.45,decrease_margin_after_safe_window
1761,URLLC,1.0,0.0,1.0,114.0,0.166340260989011,0.45,0.7,increase_margin_due_to_sla_pressure
1761,eMBB,0.0,0.0,0.0,27.0,0.9856160809401798,0.45,0.45,decrease_margin_after_safe_window
1761,mMTC,0.0,0.0,0.0,194.0,0.3035059077862741,0.45,0.45,decrease_margin_after_safe_window
1762,URLLC,0.0,0.0,0.0,124.0,0.17418533928571428,0.7,0.6499999999999999,decrease_margin_after_safe_window
1762,eMBB,0.0,0.0,0.0,26.0,0.9860201021218458,0.45,0.45,decrease_margin_after_safe_window
1762,mMTC,0.0,0.0,0.0,193.0,0.3098881439832817,0.45,0.45,decrease_margin_after_safe_window
1763,URLLC,0.0,0.0,1.0,130.0,0.20142535782967033,0.6499999999999999,0.5999999999999999,decrease_margin_after_safe_window
1763,eMBB,0.0,0.0,1.0,25.0,0.9890219781110728,0.45,0.45,decrease_margin_after_safe_window
1763,mMTC,0.0,0.0,0.0,208.0,0.30615261904208174,0.45,0.45,decrease_margin_after_safe_window
1764,URLLC,0.0,0.0,1.0,125.0,0.19648044642857146,0.5999999999999999,0.5499999999999998,decrease_margin_after_safe_window
1764,eMBB,0.0,0.0,1.0,16.0,0.9875734610641073,0.45,0.45,decrease_margin_after_safe_window
1764,mMTC,0.0,0.0,0.0,196.0,0.33131776318618783,0.45,0.45,decrease_margin_after_safe_window
1765,URLLC,0.0,0.0,0.0,140.0,0.19764941002747255,0.5499999999999998,0.49999999999999983,decrease_margin_after_safe_window
1765,eMBB,0.0,0.0,0.0,17.0,0.9853286176614752,0.45,0.45,decrease_margin_after_safe_window
1765,mMTC,0.0,0.0,0.0,199.0,0.33575875872895605,0.45,0.45,decrease_margin_after_safe_window
1766,URLLC,0.0,0.0,0.0,136.0,0.2087284065934066,0.49999999999999983,0.45,decrease_margin_after_safe_window
1766,eMBB,0.0,0.0,0.0,21.0,0.9859919226408859,0.45,0.45,decrease_margin_after_safe_window
1766,mMTC,0.0,0.0,0.0,200.0,0.3145684183154353,0.45,0.45,decrease_margin_after_safe_window
1767,URLLC,0.0,0.0,1.0,126.0,0.18885505013736265,0.45,0.45,decrease_margin_after_safe_window
1767,eMBB,0.0,0.0,0.0,32.0,0.9858336792421587,0.45,0.45,decrease_margin_after_safe_window
1767,mMTC,0.0,0.0,0.0,179.0,0.33588073226283804,0.45,0.45,decrease_margin_after_safe_window
1768,URLLC,0.0,0.0,0.0,119.0,0.18021123076923076,0.45,0.45,decrease_margin_after_safe_window
1768,eMBB,0.0,0.0,0.0,25.0,0.9850734542666874,0.45,0.45,decrease_margin_after_safe_window
1768,mMTC,0.0,0.0,0.0,209.0,0.27477267108308706,0.45,0.45,decrease_margin_after_safe_window
1769,URLLC,0.0,0.0,0.0,113.0,0.16918972596153847,0.45,0.45,decrease_margin_after_safe_window
1769,eMBB,0.0,0.0,0.0,22.0,0.9873205498997265,0.45,0.45,decrease_margin_after_safe_window
1769,mMTC,0.0,0.0,0.0,198.0,0.33368387828513024,0.45,0.45,decrease_margin_after_safe_window
1770,URLLC,0.0,0.0,1.0,127.0,0.19281729395604394,0.45,0.45,decrease_margin_after_safe_window
1770,eMBB,0.0,0.0,1.0,26.0,0.9881099693569322,0.45,0.45,decrease_margin_after_safe_window
1770,mMTC,0.0,0.0,0.0,188.0,0.34255170163696597,0.45,0.45,decrease_margin_after_safe_window
1771,URLLC,0.0,0.0,0.0,131.0,0.18864700206043958,0.45,0.45,decrease_margin_after_safe_window
1771,eMBB,0.0,0.0,0.0,24.0,0.9881072119017473,0.45,0.45,decrease_margin_after_safe_window
1771,mMTC,0.0,0.0,0.0,192.0,0.2997868138553765,0.45,0.45,decrease_margin_after_safe_window
1772,URLLC,0.0,0.0,0.0,125.0,0.17466381250000002,0.45,0.45,decrease_margin_after_safe_window
1772,eMBB,0.0,0.0,0.0,21.0,0.9882844605055654,0.45,0.45,decrease_margin_after_safe_window
1772,mMTC,0.0,0.0,0.0,201.0,0.31635249263147497,0.45,0.45,decrease_margin_after_safe_window
1773,URLLC,0.0,0.0,1.0,142.0,0.21730828571428576,0.45,0.45,decrease_margin_after_safe_window
1773,eMBB,0.0,0.0,1.0,18.0,0.9870024085308226,0.45,0.45,decrease_margin_after_safe_window
1773,mMTC,0.0,0.0,0.0,197.0,0.31431095905738965,0.45,0.45,decrease_margin_after_safe_window
1774,URLLC,0.0,0.0,0.0,118.0,0.17258539010989013,0.45,0.45,decrease_margin_after_safe_window
1774,eMBB,0.0,0.0,0.0,18.0,0.987352024729126,0.45,0.45,decrease_margin_after_safe_window
1774,mMTC,0.0,0.0,0.0,195.0,0.3283831406132021,0.45,0.45,decrease_margin_after_safe_window
1775,URLLC,0.0,0.0,0.0,124.0,0.18889731456043957,0.45,0.45,decrease_margin_after_safe_window
1775,eMBB,0.0,0.0,0.0,14.0,0.9881206561387781,0.45,0.45,decrease_margin_after_safe_window
1775,mMTC,0.0,0.0,0.0,183.0,0.30850066455746455,0.45,0.45,decrease_margin_after_safe_window
1776,URLLC,0.0,0.0,0.0,115.0,0.16207756181318683,0.45,0.45,decrease_margin_after_safe_window
1776,eMBB,0.0,0.0,0.0,24.0,0.9887852640133782,0.45,0.45,decrease_margin_after_safe_window
1776,mMTC,0.0,0.0,0.0,169.0,0.27542561333235754,0.45,0.45,decrease_margin_after_safe_window
1777,URLLC,0.0,0.0,0.0,130.0,0.19855778983516484,0.45,0.45,decrease_margin_after_safe_window
1777,eMBB,0.0,0.0,0.0,17.0,0.9885871029409878,0.45,0.45,decrease_margin_after_safe_window
1777,mMTC,0.0,0.0,0.0,207.0,0.25967285055538963,0.45,0.45,decrease_margin_after_safe_window
1778,URLLC,0.0,0.0,1.0,134.0,0.20384511744505493,0.45,0.45,decrease_margin_after_safe_window
1778,eMBB,0.0,0.0,1.0,16.0,0.9872836684821308,0.45,0.45,decrease_margin_after_safe_window
1778,mMTC,0.0,0.0,0.0,206.0,0.33138176327003227,0.45,0.45,decrease_margin_after_safe_window
1779,URLLC,0.0,0.0,0.0,129.0,0.18277478296703298,0.45,0.45,decrease_margin_after_safe_window
1779,eMBB,0.0,0.0,0.0,21.0,0.9859087872486471,0.45,0.45,decrease_margin_after_safe_window
1779,mMTC,0.0,0.0,0.0,202.0,0.33079966718096215,0.45,0.45,decrease_margin_after_safe_window
1780,URLLC,0.0,0.0,0.0,135.0,0.1833924436813187,0.45,0.45,decrease_margin_after_safe_window
1780,eMBB,0.0,0.0,0.0,19.0,0.9851374618467467,0.45,0.45,decrease_margin_after_safe_window
1780,mMTC,0.0,0.0,0.0,214.0,0.3207238283547671,0.45,0.45,decrease_margin_after_safe_window
1781,URLLC,0.0,0.0,0.0,123.0,0.18504022870879125,0.45,0.45,decrease_margin_after_safe_window
1781,eMBB,0.0,0.0,0.0,17.0,0.9866897019023685,0.45,0.45,decrease_margin_after_safe_window
1781,mMTC,0.0,0.0,0.0,195.0,0.34929803664316095,0.45,0.45,decrease_margin_after_safe_window
1782,URLLC,0.0,0.0,0.0,120.0,0.19224278914835166,0.45,0.45,decrease_margin_after_safe_window
1782,eMBB,0.0,0.0,0.0,16.0,0.9881225214271835,0.45,0.45,decrease_margin_after_safe_window
1782,mMTC,0.0,0.0,0.0,181.0,0.28632483238347056,0.45,0.45,decrease_margin_after_safe_window
1783,URLLC,0.0,0.0,0.0,134.0,0.19276811332417584,0.45,0.45,decrease_margin_after_safe_window
1783,eMBB,0.0,0.0,0.0,20.0,0.9893737099190117,0.45,0.45,decrease_margin_after_safe_window
1783,mMTC,0.0,0.0,0.0,194.0,0.2850747377622911,0.45,0.45,decrease_margin_after_safe_window
1784,URLLC,0.0,0.0,0.0,119.0,0.169034676510989,0.45,0.45,decrease_margin_after_safe_window
1784,eMBB,0.0,0.0,0.0,12.0,0.9856248422350512,0.45,0.45,decrease_margin_after_safe_window
1784,mMTC,0.0,0.0,0.0,218.0,0.286053341361192,0.45,0.45,decrease_margin_after_safe_window
1785,URLLC,0.0,0.0,0.0,125.0,0.17683699862637361,0.45,0.45,decrease_margin_after_safe_window
1785,eMBB,0.0,0.0,0.0,21.0,0.9886405676654401,0.45,0.45,decrease_margin_after_safe_window
1785,mMTC,0.0,0.0,0.0,172.0,0.3525969873770052,0.45,0.45,decrease_margin_after_safe_window
1786,URLLC,0.0,0.0,0.0,124.0,0.1926683708791209,0.45,0.45,decrease_margin_after_safe_window
1786,eMBB,0.0,0.0,0.0,16.0,0.9879835455199555,0.45,0.45,decrease_margin_after_safe_window
1786,mMTC,0.0,0.0,0.0,195.0,0.26391266566785304,0.45,0.45,decrease_margin_after_safe_window
1787,URLLC,0.0,0.0,0.0,122.0,0.18399699244505494,0.45,0.45,decrease_margin_after_safe_window
1787,eMBB,0.0,0.0,0.0,19.0,0.9878875992679733,0.45,0.45,decrease_margin_after_safe_window
1787,mMTC,0.0,0.0,0.0,187.0,0.3117400317386399,0.45,0.45,decrease_margin_after_safe_window
1788,URLLC,0.0,0.0,0.0,128.0,0.18849292101648354,0.45,0.45,decrease_margin_after_safe_window
1788,eMBB,0.0,0.0,0.0,24.0,0.9868118361085582,0.45,0.45,decrease_margin_after_safe_window
1788,mMTC,0.0,0.0,0.0,195.0,0.2771808856795208,0.45,0.45,decrease_margin_after_safe_window
1789,URLLC,0.0,0.0,0.0,115.0,0.17243908791208792,0.45,0.45,decrease_margin_after_safe_window
1789,eMBB,0.0,0.0,0.0,27.0,0.9872629872135145,0.45,0.45,decrease_margin_after_safe_window
1789,mMTC,0.0,0.0,0.0,190.0,0.2918393918641506,0.45,0.45,decrease_margin_after_safe_window
1790,URLLC,0.0,0.0,0.0,118.0,0.17093313392857143,0.45,0.45,decrease_margin_after_safe_window
1790,eMBB,0.0,0.0,0.0,18.0,0.9878625833024672,0.45,0.45,decrease_margin_after_safe_window
1790,mMTC,0.0,0.0,0.0,167.0,0.3215446698926027,0.45,0.45,decrease_margin_after_safe_window
1791,URLLC,0.0,0.0,0.0,139.0,0.20138043269230768,0.45,0.45,decrease_margin_after_safe_window
1791,eMBB,0.0,0.0,0.0,16.0,0.9885859712828371,0.45,0.45,decrease_margin_after_safe_window
1791,mMTC,0.0,0.0,0.0,208.0,0.2742734974222144,0.45,0.45,decrease_margin_after_safe_window
1792,URLLC,0.0,0.0,0.0,129.0,0.1923907657967033,0.45,0.45,decrease_margin_after_safe_window
1792,eMBB,0.0,0.0,0.0,15.0,0.9871129697562809,0.45,0.45,decrease_margin_after_safe_window
1792,mMTC,0.0,0.0,0.0,179.0,0.332123514978042,0.45,0.45,decrease_margin_after_safe_window
1793,URLLC,0.0,0.0,0.0,135.0,0.20541494093406595,0.45,0.45,decrease_margin_after_safe_window
1793,eMBB,0.0,0.0,0.0,25.0,0.987867057690571,0.45,0.45,decrease_margin_after_safe_window
1793,mMTC,0.0,0.0,0.0,175.0,0.29141007805523256,0.45,0.45,decrease_margin_after_safe_window
1794,URLLC,0.0,0.0,1.0,145.0,0.22956618269230766,0.45,0.45,decrease_margin_after_safe_window
1794,eMBB,0.0,0.0,1.0,17.0,0.9859223863511497,0.45,0.45,decrease_margin_after_safe_window
1794,mMTC,0.0,0.0,0.0,203.0,0.29544979867383603,0.45,0.45,decrease_margin_after_safe_window
1795,URLLC,0.0,0.0,0.0,118.0,0.17950348969780222,0.45,0.45,decrease_margin_after_safe_window
1795,eMBB,0.0,0.0,0.0,12.0,0.9863647160990384,0.45,0.45,decrease_margin_after_safe_window
1795,mMTC,0.0,0.0,0.0,169.0,0.34543714159745065,0.45,0.45,decrease_margin_after_safe_window
1796,URLLC,0.0,0.0,0.0,127.0,0.1901453440934066,0.45,0.45,decrease_margin_after_safe_window
1796,eMBB,0.0,0.0,0.0,18.0,0.9874045349382026,0.45,0.45,decrease_margin_after_safe_window
1796,mMTC,0.0,0.0,0.0,199.0,0.2683227029673733,0.45,0.45,decrease_margin_after_safe_window
1797,URLLC,0.0,0.0,0.0,127.0,0.1846555377747253,0.45,0.45,decrease_margin_after_safe_window
1797,eMBB,0.0,0.0,0.0,19.0,0.9875542454592,0.45,0.45,decrease_margin_after_safe_window
1797,mMTC,0.0,0.0,0.0,203.0,0.308520912113027,0.45,0.45,decrease_margin_after_safe_window
1798,URLLC,0.0,0.0,0.0,123.0,0.17642092857142858,0.45,0.45,decrease_margin_after_safe_window
1798,eMBB,0.0,0.0,0.0,14.0,0.9894756204444961,0.45,0.45,decrease_margin_after_safe_window
1798,mMTC,0.0,0.0,0.0,171.0,0.3454438147849606,0.45,0.45,decrease_margin_after_safe_window
1799,URLLC,0.0,0.0,0.0,132.0,0.20704971703296704,0.45,0.45,decrease_margin_after_safe_window
1799,eMBB,0.0,0.0,0.0,16.0,0.9880765127462908,0.45,0.45,decrease_margin_after_safe_window
1799,mMTC,0.0,0.0,0.0,198.0,0.287726263531086,0.45,0.45,decrease_margin_after_safe_window
1800,URLLC,0.0,0.0,0.0,105.0,0.1535256833791209,0.45,0.45,decrease_margin_after_safe_window
1800,eMBB,0.0,0.0,0.0,18.0,0.9870623264565508,0.45,0.45,decrease_margin_after_safe_window
1800,mMTC,0.0,0.0,0.0,178.0,0.31276322110278854,0.45,0.45,decrease_margin_after_safe_window
1801,URLLC,0.0,0.0,0.0,130.0,0.1889732184065934,0.45,0.45,decrease_margin_after_safe_window
1801,eMBB,0.0,0.0,0.0,17.0,0.9881087845788995,0.45,0.45,decrease_margin_after_safe_window
1801,mMTC,0.0,0.0,0.0,191.0,0.30493969972557844,0.45,0.45,decrease_margin_after_safe_window
1802,URLLC,0.0,0.0,0.0,120.0,0.1943790480769231,0.45,0.45,decrease_margin_after_safe_window
1802,eMBB,0.0,0.0,0.0,27.0,0.9865092799911016,0.45,0.45,decrease_margin_after_safe_window
1802,mMTC,0.0,0.0,0.0,190.0,0.2980081657490014,0.45,0.45,decrease_margin_after_safe_window
1803,URLLC,0.0,0.0,0.0,127.0,0.18761329120879125,0.45,0.45,decrease_margin_after_safe_window
1803,eMBB,0.0,0.0,0.0,18.0,0.9863146090024202,0.45,0.45,decrease_margin_after_safe_window
1803,mMTC,0.0,0.0,0.0,197.0,0.29775056827334156,0.45,0.45,decrease_margin_after_safe_window
1804,URLLC,0.0,0.0,0.0,114.0,0.17496722664835165,0.45,0.45,decrease_margin_after_safe_window
1804,eMBB,0.0,0.0,0.0,20.0,0.9866040518615617,0.45,0.45,decrease_margin_after_safe_window
1804,mMTC,0.0,0.0,0.0,172.0,0.3147617842422562,0.45,0.45,decrease_margin_after_safe_window
1805,URLLC,0.0,0.0,0.0,134.0,0.19196285782967035,0.45,0.45,decrease_margin_after_safe_window
1805,eMBB,0.0,0.0,0.0,22.0,0.9874212463900497,0.45,0.45,decrease_margin_after_safe_window
1805,mMTC,0.0,0.0,0.0,205.0,0.26995997988106707,0.45,0.45,decrease_margin_after_safe_window
1806,URLLC,0.0,0.0,0.0,125.0,0.19789919711538465,0.45,0.45,decrease_margin_after_safe_window
1806,eMBB,0.0,0.0,0.0,21.0,0.9861143035294971,0.45,0.45,decrease_margin_after_safe_window
1806,mMTC,0.0,0.0,0.0,172.0,0.31829842218166693,0.45,0.45,decrease_margin_after_safe_window
1807,URLLC,0.0,0.0,1.0,149.0,0.2389969498626374,0.45,0.45,decrease_margin_after_safe_window
1807,eMBB,0.0,0.0,1.0,23.0,0.9885372958514093,0.45,0.45,decrease_margin_after_safe_window
1807,mMTC,0.0,0.0,0.0,204.0,0.2681068780865637,0.45,0.45,decrease_margin_after_safe_window
1808,URLLC,0.0,0.0,1.0,129.0,0.20055104532967036,0.45,0.45,decrease_margin_after_safe_window
1808,eMBB,0.0,0.0,1.0,12.0,0.9863863152494486,0.45,0.45,decrease_margin_after_safe_window
1808,mMTC,0.0,0.0,0.0,174.0,0.34748187930902075,0.45,0.45,decrease_margin_after_safe_window
1809,URLLC,0.0,0.0,0.0,124.0,0.19081281456043958,0.45,0.45,decrease_margin_after_safe_window
1809,eMBB,0.0,0.0,0.0,22.0,0.9860692747696864,0.45,0.45,decrease_margin_after_safe_window
1809,mMTC,0.0,0.0,0.0,183.0,0.2755774780924973,0.45,0.45,decrease_margin_after_safe_window
1810,URLLC,0.0,0.0,0.0,124.0,0.18566737362637364,0.45,0.45,decrease_margin_after_safe_window
1810,eMBB,0.0,0.0,0.0,22.0,0.9853176586200013,0.45,0.45,decrease_margin_after_safe_window
1810,mMTC,0.0,0.0,0.0,196.0,0.3087066916269642,0.45,0.45,decrease_margin_after_safe_window
1811,URLLC,0.0,0.0,0.0,128.0,0.1827588021978022,0.45,0.45,decrease_margin_after_safe_window
1811,eMBB,0.0,0.0,0.0,20.0,0.9884008077005603,0.45,0.45,decrease_margin_after_safe_window
1811,mMTC,0.0,0.0,0.0,201.0,0.32831946833136977,0.45,0.45,decrease_margin_after_safe_window
1812,URLLC,0.0,0.0,0.0,118.0,0.17217450412087912,0.45,0.45,decrease_margin_after_safe_window
1812,eMBB,0.0,0.0,0.0,14.0,0.9875254198513926,0.45,0.45,decrease_margin_after_safe_window
1812,mMTC,0.0,0.0,0.0,208.0,0.3114953784918163,0.45,0.45,decrease_margin_after_safe_window
1813,URLLC,0.0,0.0,0.0,123.0,0.1828638605769231,0.45,0.45,decrease_margin_after_safe_window
1813,eMBB,0.0,0.0,0.0,23.0,0.9855294626333422,0.45,0.45,decrease_margin_after_safe_window
1813,mMTC,0.0,0.0,0.0,179.0,0.3200300302010321,0.45,0.45,decrease_margin_after_safe_window
1814,URLLC,0.0,0.0,0.0,125.0,0.1893432300824176,0.45,0.45,decrease_margin_after_safe_window
1814,eMBB,0.0,0.0,0.0,26.0,0.9848350939660657,0.45,0.45,decrease_margin_after_safe_window
1814,mMTC,0.0,0.0,0.0,205.0,0.2769248339912696,0.45,0.45,decrease_margin_after_safe_window
1815,URLLC,0.0,0.0,0.0,128.0,0.17834233035714284,0.45,0.45,decrease_margin_after_safe_window
1815,eMBB,0.0,0.0,0.0,17.0,0.9889653541908198,0.45,0.45,decrease_margin_after_safe_window
1815,mMTC,0.0,0.0,0.0,169.0,0.3394581857292208,0.45,0.45,decrease_margin_after_safe_window
1816,URLLC,0.0,0.0,0.0,135.0,0.2087674175824176,0.45,0.45,decrease_margin_after_safe_window
1816,eMBB,0.0,0.0,0.0,11.0,0.9874294458885762,0.45,0.45,decrease_margin_after_safe_window
1816,mMTC,0.0,0.0,0.0,200.0,0.2529786658515986,0.45,0.45,decrease_margin_after_safe_window
1817,URLLC,0.0,0.0,0.0,123.0,0.1937502197802198,0.45,0.45,decrease_margin_after_safe_window
1817,eMBB,0.0,0.0,0.0,16.0,0.9867081304130663,0.45,0.45,decrease_margin_after_safe_window
1817,mMTC,0.0,0.0,0.0,192.0,0.3346793210018422,0.45,0.45,decrease_margin_after_safe_window
1818,URLLC,0.0,0.0,0.0,125.0,0.19121687156593406,0.45,0.45,decrease_margin_after_safe_window
1818,eMBB,0.0,0.0,0.0,23.0,0.9884474977171578,0.45,0.45,decrease_margin_after_safe_window
1818,mMTC,0.0,0.0,0.0,199.0,0.306808962372513,0.45,0.45,decrease_margin_after_safe_window
1819,URLLC,0.0,0.0,0.0,147.0,0.2055389993131868,0.45,0.45,decrease_margin_after_safe_window
1819,eMBB,0.0,0.0,0.0,18.0,0.9876758343094512,0.45,0.45,decrease_margin_after_safe_window
1819,mMTC,0.0,0.0,0.0,176.0,0.31898495765803386,0.45,0.45,decrease_margin_after_safe_window
1820,URLLC,0.0,0.0,1.0,131.0,0.20767049587912087,0.45,0.45,decrease_margin_after_safe_window
1820,eMBB,0.0,0.0,1.0,18.0,0.9858741093488976,0.45,0.45,decrease_margin_after_safe_window
1820,mMTC,0.0,0.0,0.0,195.0,0.3236144175029267,0.45,0.45,decrease_margin_after_safe_window
1821,URLLC,0.0,0.0,0.0,122.0,0.18277890728021975,0.45,0.45,decrease_margin_after_safe_window
1821,eMBB,0.0,0.0,0.0,18.0,0.9879090672621859,0.45,0.45,decrease_margin_after_safe_window
1821,mMTC,0.0,0.0,0.0,196.0,0.3243056777888182,0.45,0.45,decrease_margin_after_safe_window
1822,URLLC,0.0,0.0,0.0,123.0,0.17808485302197805,0.45,0.45,decrease_margin_after_safe_window
1822,eMBB,0.0,0.0,0.0,15.0,0.9893956748465195,0.45,0.45,decrease_margin_after_safe_window
1822,mMTC,0.0,0.0,0.0,180.0,0.3069867482179913,0.45,0.45,decrease_margin_after_safe_window
1823,URLLC,0.0,0.0,0.0,114.0,0.1675099828296703,0.45,0.45,decrease_margin_after_safe_window
1823,eMBB,0.0,0.0,0.0,21.0,0.9880103148915261,0.45,0.45,decrease_margin_after_safe_window
1823,mMTC,0.0,0.0,0.0,181.0,0.28826467643015935,0.45,0.45,decrease_margin_after_safe_window
1824,URLLC,0.0,0.0,0.0,133.0,0.19842402060439562,0.45,0.45,decrease_margin_after_safe_window
1824,eMBB,0.0,0.0,0.0,18.0,0.983935359200531,0.45,0.45,decrease_margin_after_safe_window
1824,mMTC,0.0,0.0,0.0,204.0,0.29974016745928916,0.45,0.45,decrease_margin_after_safe_window
1825,URLLC,1.0,0.0,1.0,120.0,0.1872968379120879,0.45,0.7,increase_margin_due_to_sla_pressure
1825,eMBB,0.0,0.0,0.0,21.0,0.9898457342582085,0.45,0.45,decrease_margin_after_safe_window
1825,mMTC,0.0,0.0,0.0,168.0,0.32265985584594564,0.45,0.45,decrease_margin_after_safe_window
1826,URLLC,0.0,0.0,0.0,132.0,0.1970165570054945,0.7,0.6499999999999999,decrease_margin_after_safe_window
1826,eMBB,0.0,0.0,0.0,15.0,0.9861431135841248,0.45,0.45,decrease_margin_after_safe_window
1826,mMTC,0.0,0.0,0.0,177.0,0.24326788370496363,0.45,0.45,decrease_margin_after_safe_window
1827,URLLC,1.0,0.0,2.0,139.0,0.21346320192307694,0.6499999999999999,0.8999999999999999,increase_margin_due_to_sla_pressure
1827,eMBB,0.0,0.0,1.0,20.0,0.9864553003749851,0.45,0.45,decrease_margin_after_safe_window
1827,mMTC,0.0,0.0,0.0,192.0,0.30889725414603647,0.45,0.45,decrease_margin_after_safe_window
1828,URLLC,0.0,0.0,1.0,144.0,0.22617305288461537,0.8999999999999999,0.8499999999999999,decrease_margin_after_safe_window
1828,eMBB,0.0,0.0,1.0,21.0,0.9873882773558317,0.45,0.45,decrease_margin_after_safe_window
1828,mMTC,0.0,0.0,0.0,198.0,0.3025401147529997,0.45,0.45,decrease_margin_after_safe_window
1829,URLLC,0.0,0.0,0.0,110.0,0.17442967513736263,0.8499999999999999,0.7999999999999998,decrease_margin_after_safe_window
1829,eMBB,0.0,0.0,0.0,30.0,0.9857098858917137,0.45,0.45,decrease_margin_after_safe_window
1829,mMTC,0.0,0.0,0.0,178.0,0.335053458496385,0.45,0.45,decrease_margin_after_safe_window
1830,URLLC,0.0,0.0,0.0,130.0,0.1750701146978022,0.7999999999999998,0.7499999999999998,decrease_margin_after_safe_window
1830,eMBB,0.0,0.0,0.0,27.0,0.9859781782480042,0.45,0.45,decrease_margin_after_safe_window
1830,mMTC,0.0,0.0,0.0,209.0,0.28630827444133145,0.45,0.45,decrease_margin_after_safe_window
1831,URLLC,0.0,0.0,0.0,117.0,0.1730135693681319,0.7499999999999998,0.6999999999999997,decrease_margin_after_safe_window
1831,eMBB,0.0,0.0,0.0,20.0,0.9861822879409,0.45,0.45,decrease_margin_after_safe_window
1831,mMTC,0.0,0.0,0.0,199.0,0.34174776233203286,0.45,0.45,decrease_margin_after_safe_window
1832,URLLC,0.0,0.0,0.0,136.0,0.20559549313186815,0.6999999999999997,0.6499999999999997,decrease_margin_after_safe_window
1832,eMBB,0.0,0.0,0.0,15.0,0.9852838171687844,0.45,0.45,decrease_margin_after_safe_window
1832,mMTC,0.0,0.0,0.0,189.0,0.32081620534396776,0.45,0.45,decrease_margin_after_safe_window
1833,URLLC,0.0,0.0,0.0,125.0,0.1915094972527473,0.6499999999999997,0.5999999999999996,decrease_margin_after_safe_window
1833,eMBB,0.0,0.0,0.0,22.0,0.9852524940997114,0.45,0.45,decrease_margin_after_safe_window
1833,mMTC,0.0,0.0,0.0,193.0,0.3082068511818613,0.45,0.45,decrease_margin_after_safe_window
1834,URLLC,0.0,0.0,0.0,127.0,0.18777009890109891,0.5999999999999996,0.5499999999999996,decrease_margin_after_safe_window
1834,eMBB,0.0,0.0,0.0,20.0,0.9850697395845011,0.45,0.45,decrease_margin_after_safe_window
1834,mMTC,0.0,0.0,0.0,183.0,0.3059337292856799,0.45,0.45,decrease_margin_after_safe_window
1835,URLLC,0.0,0.0,0.0,136.0,0.2130576298076923,0.5499999999999996,0.4999999999999996,decrease_margin_after_safe_window
1835,eMBB,0.0,0.0,0.0,29.0,0.986107388466297,0.45,0.45,decrease_margin_after_safe_window
1835,mMTC,0.0,0.0,0.0,187.0,0.28704456854150556,0.45,0.45,decrease_margin_after_safe_window
1836,URLLC,0.0,0.0,1.0,130.0,0.1990060982142857,0.4999999999999996,0.45,decrease_margin_after_safe_window
1836,eMBB,0.0,0.0,1.0,25.0,0.987256613594462,0.45,0.45,decrease_margin_after_safe_window
1836,mMTC,0.0,0.0,0.0,213.0,0.34778213995984636,0.45,0.45,decrease_margin_after_safe_window
1837,URLLC,0.0,0.0,0.0,117.0,0.1758363901098901,0.45,0.45,decrease_margin_after_safe_window
1837,eMBB,0.0,0.0,0.0,28.0,0.9860291434285804,0.45,0.45,decrease_margin_after_safe_window
1837,mMTC,0.0,0.0,0.0,173.0,0.3391502749467253,0.45,0.45,decrease_margin_after_safe_window
1838,URLLC,0.0,0.0,0.0,125.0,0.19003538461538463,0.45,0.45,decrease_margin_after_safe_window
1838,eMBB,0.0,0.0,0.0,15.0,0.9893617674872893,0.45,0.45,decrease_margin_after_safe_window
1838,mMTC,0.0,0.0,0.0,189.0,0.27976976864936437,0.45,0.45,decrease_margin_after_safe_window
1839,URLLC,0.0,0.0,0.0,120.0,0.17229070123626375,0.45,0.45,decrease_margin_after_safe_window
1839,eMBB,0.0,0.0,0.0,22.0,0.9858934667073512,0.45,0.45,decrease_margin_after_safe_window
1839,mMTC,0.0,0.0,0.0,195.0,0.31621563668641617,0.45,0.45,decrease_margin_after_safe_window
1840,URLLC,0.0,0.0,0.0,132.0,0.19637140659340657,0.45,0.45,decrease_margin_after_safe_window
1840,eMBB,0.0,0.0,0.0,18.0,0.9878867199086053,0.45,0.45,decrease_margin_after_safe_window
1840,mMTC,0.0,0.0,0.0,196.0,0.3057702784461074,0.45,0.45,decrease_margin_after_safe_window
1841,URLLC,0.0,0.0,0.0,140.0,0.20876077884615385,0.45,0.45,decrease_margin_after_safe_window
1841,eMBB,0.0,0.0,0.0,22.0,0.9869421150436387,0.45,0.45,decrease_margin_after_safe_window
1841,mMTC,0.0,0.0,0.0,194.0,0.30919037234553953,0.45,0.45,decrease_margin_after_safe_window
1842,URLLC,0.0,0.0,0.0,138.0,0.20666073832417586,0.45,0.45,decrease_margin_after_safe_window
1842,eMBB,0.0,0.0,0.0,15.0,0.987451847277019,0.45,0.45,decrease_margin_after_safe_window
1842,mMTC,0.0,0.0,0.0,202.0,0.3014009909736933,0.45,0.45,decrease_margin_after_safe_window
1843,URLLC,0.0,0.0,0.0,124.0,0.1793215274725275,0.45,0.45,decrease_margin_after_safe_window
1843,eMBB,0.0,0.0,0.0,16.0,0.9873227141749078,0.45,0.45,decrease_margin_after_safe_window
1843,mMTC,0.0,0.0,0.0,175.0,0.3155722822326433,0.45,0.45,decrease_margin_after_safe_window
1844,URLLC,0.0,0.0,0.0,111.0,0.1671563083791209,0.45,0.45,decrease_margin_after_safe_window
1844,eMBB,0.0,0.0,0.0,30.0,0.9868037497544943,0.45,0.45,decrease_margin_after_safe_window
1844,mMTC,0.0,0.0,0.0,211.0,0.27692226839748224,0.45,0.45,decrease_margin_after_safe_window
1845,URLLC,0.0,0.0,0.0,125.0,0.17613744711538465,0.45,0.45,decrease_margin_after_safe_window
1845,eMBB,0.0,0.0,0.0,10.0,0.9864048961093451,0.45,0.45,decrease_margin_after_safe_window
1845,mMTC,0.0,0.0,0.0,196.0,0.35381368769972743,0.45,0.45,decrease_margin_after_safe_window
1846,URLLC,0.0,0.0,0.0,119.0,0.166696478021978,0.45,0.45,decrease_margin_after_safe_window
1846,eMBB,0.0,0.0,0.0,21.0,0.9839293718225856,0.45,0.45,decrease_margin_after_safe_window
1846,mMTC,0.0,0.0,0.0,194.0,0.31886250949032113,0.45,0.45,decrease_margin_after_safe_window
1847,URLLC,1.0,0.0,1.0,116.0,0.16007778021978022,0.45,0.7,increase_margin_due_to_sla_pressure
1847,eMBB,0.0,0.0,0.0,25.0,0.9876909612892286,0.45,0.45,decrease_margin_after_safe_window
1847,mMTC,0.0,0.0,0.0,199.0,0.3220364883653844,0.45,0.45,decrease_margin_after_safe_window
1848,URLLC,0.0,0.0,0.0,123.0,0.1733158337912088,0.7,0.6499999999999999,decrease_margin_after_safe_window
1848,eMBB,0.0,0.0,0.0,27.0,0.9873286869210555,0.45,0.45,decrease_margin_after_safe_window
1848,mMTC,0.0,0.0,0.0,183.0,0.32677169146251306,0.45,0.45,decrease_margin_after_safe_window
1849,URLLC,0.0,0.0,0.0,135.0,0.1999095782967033,0.6499999999999999,0.5999999999999999,decrease_margin_after_safe_window
1849,eMBB,0.0,0.0,0.0,23.0,0.9853913433522076,0.45,0.45,decrease_margin_after_safe_window
1849,mMTC,0.0,0.0,0.0,189.0,0.275633012193892,0.45,0.45,decrease_margin_after_safe_window
1850,URLLC,0.0,0.0,0.0,120.0,0.18178833173076922,0.5999999999999999,0.5499999999999998,decrease_margin_after_safe_window
1850,eMBB,0.0,0.0,0.0,25.0,0.9865313638755282,0.45,0.45,decrease_margin_after_safe_window
1850,mMTC,0.0,0.0,0.0,187.0,0.3053355307287121,0.45,0.45,decrease_margin_after_safe_window
1851,URLLC,0.0,0.0,0.0,126.0,0.18555426442307693,0.5499999999999998,0.49999999999999983,decrease_margin_after_safe_window
1851,eMBB,0.0,0.0,0.0,22.0,0.9883885309785609,0.45,0.45,decrease_margin_after_safe_window
1851,mMTC,0.0,0.0,0.0,205.0,0.3078921573011972,0.45,0.45,decrease_margin_after_safe_window
1852,URLLC,0.0,0.0,0.0,133.0,0.18861526717032967,0.49999999999999983,0.45,decrease_margin_after_safe_window
1852,eMBB,0.0,0.0,0.0,20.0,0.9864876801021768,0.45,0.45,decrease_margin_after_safe_window
1852,mMTC,0.0,0.0,0.0,171.0,0.33040475793879637,0.45,0.45,decrease_margin_after_safe_window
1853,URLLC,0.0,0.0,0.0,124.0,0.1963301517857143,0.45,0.45,decrease_margin_after_safe_window
1853,eMBB,0.0,0.0,0.0,18.0,0.9833373069152788,0.45,0.45,decrease_margin_after_safe_window
1853,mMTC,0.0,0.0,0.0,199.0,0.2907419368025685,0.45,0.45,decrease_margin_after_safe_window
1854,URLLC,0.0,0.0,0.0,129.0,0.19205704395604392,0.45,0.45,decrease_margin_after_safe_window
1854,eMBB,0.0,0.0,0.0,23.0,0.9850167595283722,0.45,0.45,decrease_margin_after_safe_window
1854,mMTC,0.0,0.0,0.0,190.0,0.354102491441897,0.45,0.45,decrease_margin_after_safe_window
1855,URLLC,0.0,0.0,0.0,134.0,0.19387030425824175,0.45,0.45,decrease_margin_after_safe_window
1855,eMBB,0.0,0.0,0.0,24.0,0.9879042722722058,0.45,0.45,decrease_margin_after_safe_window
1855,mMTC,0.0,0.0,0.0,193.0,0.32523317367012,0.45,0.45,decrease_margin_after_safe_window
1856,URLLC,0.0,0.0,0.0,127.0,0.1956948440934066,0.45,0.45,decrease_margin_after_safe_window
1856,eMBB,0.0,0.0,0.0,27.0,0.9881317000883715,0.45,0.45,decrease_margin_after_safe_window
1856,mMTC,0.0,0.0,0.0,200.0,0.3115408061979843,0.45,0.45,decrease_margin_after_safe_window
1857,URLLC,0.0,0.0,0.0,134.0,0.20202043200549452,0.45,0.45,decrease_margin_after_safe_window
1857,eMBB,0.0,0.0,0.0,16.0,0.9870718510259165,0.45,0.45,decrease_margin_after_safe_window
1857,mMTC,0.0,0.0,0.0,201.0,0.3223452213992702,0.45,0.45,decrease_margin_after_safe_window
1858,URLLC,0.0,0.0,1.0,133.0,0.20875821153846155,0.45,0.45,decrease_margin_after_safe_window
1858,eMBB,0.0,0.0,1.0,18.0,0.9868888646648929,0.45,0.45,decrease_margin_after_safe_window
1858,mMTC,0.0,0.0,0.0,181.0,0.3134567796558073,0.45,0.45,decrease_margin_after_safe_window
1859,URLLC,0.0,0.0,0.0,129.0,0.18639358859890112,0.45,0.45,decrease_margin_after_safe_window
1859,eMBB,0.0,0.0,0.0,19.0,0.9863966354524648,0.45,0.45,decrease_margin_after_safe_window
1859,mMTC,0.0,0.0,0.0,207.0,0.2789225773974144,0.45,0.45,decrease_margin_after_safe_window
1860,URLLC,0.0,0.0,0.0,135.0,0.20674692307692308,0.45,0.45,decrease_margin_after_safe_window
1860,eMBB,0.0,0.0,0.0,18.0,0.9833724683046966,0.45,0.45,decrease_margin_after_safe_window
1860,mMTC,0.0,0.0,0.0,189.0,0.32339510916575787,0.45,0.45,decrease_margin_after_safe_window
1861,URLLC,0.0,0.0,0.0,119.0,0.18068176923076923,0.45,0.45,decrease_margin_after_safe_window
1861,eMBB,0.0,0.0,0.0,29.0,0.9842503943531519,0.45,0.45,decrease_margin_after_safe_window
1861,mMTC,0.0,0.0,0.0,206.0,0.3022231541869253,0.45,0.45,decrease_margin_after_safe_window
1862,URLLC,0.0,0.0,1.0,131.0,0.2050896572802198,0.45,0.45,decrease_margin_after_safe_window
1862,eMBB,0.0,0.0,1.0,19.0,0.9868948357874078,0.45,0.45,decrease_margin_after_safe_window
1862,mMTC,0.0,0.0,0.0,181.0,0.33153600188644633,0.45,0.45,decrease_margin_after_safe_window
1863,URLLC,0.0,0.0,0.0,116.0,0.18395405013736266,0.45,0.45,decrease_margin_after_safe_window
1863,eMBB,0.0,0.0,0.0,30.0,0.9895290441581015,0.45,0.45,decrease_margin_after_safe_window
1863,mMTC,0.0,0.0,0.0,208.0,0.3083094908566632,0.45,0.45,decrease_margin_after_safe_window
1864,URLLC,0.0,0.0,1.0,125.0,0.19761629945054945,0.45,0.45,decrease_margin_after_safe_window
1864,eMBB,0.0,0.0,1.0,14.0,0.9864362863774672,0.45,0.45,decrease_margin_after_safe_window
1864,mMTC,0.0,0.0,0.0,189.0,0.3294327738408512,0.45,0.45,decrease_margin_after_safe_window
1865,URLLC,0.0,0.0,0.0,116.0,0.15459554052197802,0.45,0.45,decrease_margin_after_safe_window
1865,eMBB,0.0,0.0,0.0,29.0,0.9848107955454506,0.45,0.45,decrease_margin_after_safe_window
1865,mMTC,0.0,0.0,0.0,178.0,0.31786058203763606,0.45,0.45,decrease_margin_after_safe_window
1866,URLLC,0.0,0.0,0.0,136.0,0.20315520673076923,0.45,0.45,decrease_margin_after_safe_window
1866,eMBB,0.0,0.0,0.0,11.0,0.9879276633188148,0.45,0.45,decrease_margin_after_safe_window
1866,mMTC,0.0,0.0,0.0,220.0,0.2895368447746356,0.45,0.45,decrease_margin_after_safe_window
1867,URLLC,0.0,0.0,1.0,124.0,0.18814972321428572,0.45,0.45,decrease_margin_after_safe_window
1867,eMBB,0.0,0.0,1.0,14.0,0.9873703636911636,0.45,0.45,decrease_margin_after_safe_window
1867,mMTC,0.0,0.0,0.0,172.0,0.36841511795475645,0.45,0.45,decrease_margin_after_safe_window
1868,URLLC,0.0,0.0,1.0,141.0,0.22079540934065936,0.45,0.45,decrease_margin_after_safe_window
1868,eMBB,0.0,0.0,1.0,24.0,0.9891681785823385,0.45,0.45,decrease_margin_after_safe_window
1868,mMTC,0.0,0.0,0.0,216.0,0.28891451802326384,0.45,0.45,decrease_margin_after_safe_window
1869,URLLC,0.0,0.0,0.0,120.0,0.19014098695054946,0.45,0.45,decrease_margin_after_safe_window
1869,eMBB,0.0,0.0,0.0,10.0,0.9862806089543497,0.45,0.45,decrease_margin_after_safe_window
1869,mMTC,0.0,0.0,0.0,163.0,0.3214846089594947,0.45,0.45,decrease_margin_after_safe_window
1870,URLLC,0.0,0.0,0.0,108.0,0.15890741277472528,0.45,0.45,decrease_margin_after_safe_window
1870,eMBB,0.0,0.0,0.0,22.0,0.9875542111957888,0.45,0.45,decrease_margin_after_safe_window
1870,mMTC,0.0,0.0,0.0,203.0,0.27415547977435445,0.45,0.45,decrease_margin_after_safe_window
1871,URLLC,0.0,0.0,0.0,119.0,0.17245167513736262,0.45,0.45,decrease_margin_after_safe_window
1871,eMBB,0.0,0.0,0.0,25.0,0.9869244302552148,0.45,0.45,decrease_margin_after_safe_window
1871,mMTC,0.0,0.0,0.0,203.0,0.3045924014098909,0.45,0.45,decrease_margin_after_safe_window
1872,URLLC,0.0,0.0,0.0,130.0,0.19158805700549456,0.45,0.45,decrease_margin_after_safe_window
1872,eMBB,0.0,0.0,0.0,20.0,0.9868312818178622,0.45,0.45,decrease_margin_after_safe_window
1872,mMTC,0.0,0.0,0.0,187.0,0.32863939005162746,0.45,0.45,decrease_margin_after_safe_window
1873,URLLC,0.0,0.0,0.0,126.0,0.18195094917582416,0.45,0.45,decrease_margin_after_safe_window
1873,eMBB,0.0,0.0,0.0,16.0,0.986866136065288,0.45,0.45,decrease_margin_after_safe_window
1873,mMTC,0.0,0.0,0.0,179.0,0.2944747134436835,0.45,0.45,decrease_margin_after_safe_window
1874,URLLC,0.0,0.0,0.0,127.0,0.1866337809065934,0.45,0.45,decrease_margin_after_safe_window
1874,eMBB,0.0,0.0,0.0,19.0,0.9880356502324213,0.45,0.45,decrease_margin_after_safe_window
1874,mMTC,0.0,0.0,0.0,199.0,0.2954959728869168,0.45,0.45,decrease_margin_after_safe_window
1875,URLLC,0.0,0.0,0.0,127.0,0.1839802967032967,0.45,0.45,decrease_margin_after_safe_window
1875,eMBB,0.0,0.0,0.0,21.0,0.9858419871121582,0.45,0.45,decrease_margin_after_safe_window
1875,mMTC,0.0,0.0,0.0,192.0,0.3275079758237768,0.45,0.45,decrease_margin_after_safe_window
1876,URLLC,0.0,0.0,0.0,117.0,0.18707387774725273,0.45,0.45,decrease_margin_after_safe_window
1876,eMBB,0.0,0.0,0.0,23.0,0.9889907479292281,0.45,0.45,decrease_margin_after_safe_window
1876,mMTC,0.0,0.0,0.0,195.0,0.3204634216396249,0.45,0.45,decrease_margin_after_safe_window
1877,URLLC,0.0,0.0,0.0,122.0,0.18609076854395604,0.45,0.45,decrease_margin_after_safe_window
1877,eMBB,0.0,0.0,0.0,19.0,0.9871888126193626,0.45,0.45,decrease_margin_after_safe_window
1877,mMTC,0.0,0.0,0.0,179.0,0.3285380088377511,0.45,0.45,decrease_margin_after_safe_window
1878,URLLC,0.0,0.0,0.0,111.0,0.1553484945054945,0.45,0.45,decrease_margin_after_safe_window
1878,eMBB,0.0,0.0,0.0,15.0,0.9850994728859696,0.45,0.45,decrease_margin_after_safe_window
1878,mMTC,0.0,0.0,0.0,188.0,0.2760754969074165,0.45,0.45,decrease_margin_after_safe_window
1879,URLLC,0.0,0.0,0.0,119.0,0.1765647135989011,0.45,0.45,decrease_margin_after_safe_window
1879,eMBB,0.0,0.0,0.0,26.0,0.9869062071004986,0.45,0.45,decrease_margin_after_safe_window
1879,mMTC,0.0,0.0,0.0,193.0,0.29588365519721455,0.45,0.45,decrease_margin_after_safe_window
1880,URLLC,0.0,0.0,0.0,137.0,0.20661944917582417,0.45,0.45,decrease_margin_after_safe_window
1880,eMBB,0.0,0.0,0.0,20.0,0.9871418156191792,0.45,0.45,decrease_margin_after_safe_window
1880,mMTC,0.0,0.0,0.0,183.0,0.30827456959942195,0.45,0.45,decrease_margin_after_safe_window
1881,URLLC,0.0,0.0,1.0,155.0,0.22461033791208787,0.45,0.45,decrease_margin_after_safe_window
1881,eMBB,0.0,0.0,1.0,19.0,0.9884395968234064,0.45,0.45,decrease_margin_after_safe_window
1881,mMTC,0.0,0.0,0.0,186.0,0.2994912897572551,0.45,0.45,decrease_margin_after_safe_window
1882,URLLC,0.0,0.0,0.0,123.0,0.18411080563186813,0.45,0.45,decrease_margin_after_safe_window
1882,eMBB,0.0,0.0,0.0,23.0,0.9878794024312546,0.45,0.45,decrease_margin_after_safe_window
1882,mMTC,0.0,0.0,0.0,178.0,0.29697344923035646,0.45,0.45,decrease_margin_after_safe_window
1883,URLLC,0.0,0.0,0.0,134.0,0.1948200103021978,0.45,0.45,decrease_margin_after_safe_window
1883,eMBB,0.0,0.0,0.0,15.0,0.9879425160958729,0.45,0.45,decrease_margin_after_safe_window
1883,mMTC,0.0,0.0,0.0,211.0,0.2589195903765554,0.45,0.45,decrease_margin_after_safe_window
1884,URLLC,0.0,0.0,0.0,134.0,0.18845451373626373,0.45,0.45,decrease_margin_after_safe_window
1884,eMBB,0.0,0.0,0.0,11.0,0.988870846531782,0.45,0.45,decrease_margin_after_safe_window
1884,mMTC,0.0,0.0,0.0,164.0,0.34329939190294007,0.45,0.45,decrease_margin_after_safe_window
1885,URLLC,0.0,0.0,0.0,140.0,0.19059823489010988,0.45,0.45,decrease_margin_after_safe_window
1885,eMBB,0.0,0.0,0.0,11.0,0.9879016155963082,0.45,0.45,decrease_margin_after_safe_window
1885,mMTC,0.0,0.0,0.0,195.0,0.23183506782448157,0.45,0.45,decrease_margin_after_safe_window
1886,URLLC,0.0,0.0,0.0,133.0,0.1947083392857143,0.45,0.45,decrease_margin_after_safe_window
1886,eMBB,0.0,0.0,0.0,16.0,0.9880953233414939,0.45,0.45,decrease_margin_after_safe_window
1886,mMTC,0.0,0.0,0.0,176.0,0.28594092067981375,0.45,0.45,decrease_margin_after_safe_window
1887,URLLC,0.0,0.0,1.0,154.0,0.24262245604395605,0.45,0.45,decrease_margin_after_safe_window
1887,eMBB,0.0,0.0,1.0,19.0,0.9877818184902327,0.45,0.45,decrease_margin_after_safe_window
1887,mMTC,0.0,0.0,0.0,189.0,0.2863951443059194,0.45,0.45,decrease_margin_after_safe_window
1888,URLLC,0.0,0.0,0.0,128.0,0.18431781112637363,0.45,0.45,decrease_margin_after_safe_window
1888,eMBB,0.0,0.0,0.0,19.0,0.9893021458104518,0.45,0.45,decrease_margin_after_safe_window
1888,mMTC,0.0,0.0,0.0,179.0,0.3177502544470768,0.45,0.45,decrease_margin_after_safe_window
1889,URLLC,0.0,0.0,0.0,124.0,0.1925677335164835,0.45,0.45,decrease_margin_after_safe_window
1889,eMBB,0.0,0.0,0.0,12.0,0.9856358056001763,0.45,0.45,decrease_margin_after_safe_window
1889,mMTC,0.0,0.0,0.0,191.0,0.2796785819188233,0.45,0.45,decrease_margin_after_safe_window
1890,URLLC,0.0,0.0,0.0,124.0,0.17197492994505495,0.45,0.45,decrease_margin_after_safe_window
1890,eMBB,0.0,0.0,0.0,21.0,0.9899656566843492,0.45,0.45,decrease_margin_after_safe_window
1890,mMTC,0.0,0.0,0.0,196.0,0.29051402084922173,0.45,0.45,decrease_margin_after_safe_window
1891,URLLC,0.0,0.0,0.0,115.0,0.18370157760989012,0.45,0.45,decrease_margin_after_safe_window
1891,eMBB,0.0,0.0,0.0,16.0,0.986656281914209,0.45,0.45,decrease_margin_after_safe_window
1891,mMTC,0.0,0.0,0.0,185.0,0.3081278987465747,0.45,0.45,decrease_margin_after_safe_window
1892,URLLC,0.0,0.0,0.0,151.0,0.21922912774725276,0.45,0.45,decrease_margin_after_safe_window
1892,eMBB,0.0,0.0,0.0,17.0,0.9859368016073141,0.45,0.45,decrease_margin_after_safe_window
1892,mMTC,0.0,0.0,0.0,207.0,0.2678780829849007,0.45,0.45,decrease_margin_after_safe_window
1893,URLLC,0.0,0.0,0.0,134.0,0.2088258626373627,0.45,0.45,decrease_margin_after_safe_window
1893,eMBB,0.0,0.0,0.0,26.0,0.9873963389197281,0.45,0.45,decrease_margin_after_safe_window
1893,mMTC,0.0,0.0,0.0,188.0,0.30710432817935773,0.45,0.45,decrease_margin_after_safe_window
1894,URLLC,0.0,0.0,0.0,111.0,0.16329540247252747,0.45,0.45,decrease_margin_after_safe_window
1894,eMBB,0.0,0.0,0.0,10.0,0.9872508805305478,0.45,0.45,decrease_margin_after_safe_window
1894,mMTC,0.0,0.0,0.0,200.0,0.2876994977811589,0.45,0.45,decrease_margin_after_safe_window
1895,URLLC,0.0,0.0,1.0,131.0,0.20961017445054947,0.45,0.45,decrease_margin_after_safe_window
1895,eMBB,0.0,0.0,1.0,18.0,0.989419595940384,0.45,0.45,decrease_margin_after_safe_window
1895,mMTC,0.0,0.0,0.0,202.0,0.3289389539012423,0.45,0.45,decrease_margin_after_safe_window
1896,URLLC,0.0,0.0,0.0,139.0,0.19358223695054946,0.45,0.45,decrease_margin_after_safe_window
1896,eMBB,0.0,0.0,0.0,22.0,0.9874011229529918,0.45,0.45,decrease_margin_after_safe_window
1896,mMTC,0.0,0.0,0.0,206.0,0.32460759547781703,0.45,0.45,decrease_margin_after_safe_window
1897,URLLC,0.0,0.0,0.0,130.0,0.20542186126373627,0.45,0.45,decrease_margin_after_safe_window
1897,eMBB,0.0,0.0,0.0,13.0,0.9862332118765634,0.45,0.45,decrease_margin_after_safe_window
1897,mMTC,0.0,0.0,0.0,195.0,0.3257538036252768,0.45,0.45,decrease_margin_after_safe_window
1898,URLLC,0.0,0.0,1.0,139.0,0.2168851394230769,0.45,0.45,decrease_margin_after_safe_window
1898,eMBB,0.0,0.0,1.0,23.0,0.9849536659996027,0.45,0.45,decrease_margin_after_safe_window
1898,mMTC,0.0,0.0,0.0,174.0,0.33761003433908604,0.45,0.45,decrease_margin_after_safe_window
1899,URLLC,0.0,0.0,0.0,125.0,0.174160823489011,0.45,0.45,decrease_margin_after_safe_window
1899,eMBB,0.0,0.0,0.0,19.0,0.9877747782484739,0.45,0.45,decrease_margin_after_safe_window
1899,mMTC,0.0,0.0,0.0,191.0,0.2702880548344327,0.45,0.45,decrease_margin_after_safe_window
1900,URLLC,0.0,0.0,0.0,124.0,0.17355861332417583,0.45,0.45,decrease_margin_after_safe_window
1900,eMBB,0.0,0.0,0.0,21.0,0.9863813769429172,0.45,0.45,decrease_margin_after_safe_window
1900,mMTC,0.0,0.0,0.0,197.0,0.31684755372300816,0.45,0.45,decrease_margin_after_safe_window
1901,URLLC,0.0,0.0,0.0,126.0,0.18476370398351652,0.45,0.45,decrease_margin_after_safe_window
1901,eMBB,0.0,0.0,0.0,17.0,0.985383542512636,0.45,0.45,decrease_margin_after_safe_window
1901,mMTC,0.0,0.0,0.0,217.0,0.3099621155907367,0.45,0.45,decrease_margin_after_safe_window
1902,URLLC,0.0,0.0,0.0,112.0,0.16546989835164835,0.45,0.45,decrease_margin_after_safe_window
1902,eMBB,0.0,0.0,0.0,20.0,0.9847144914211833,0.45,0.45,decrease_margin_after_safe_window
1902,mMTC,0.0,0.0,0.0,185.0,0.34221490660095444,0.45,0.45,decrease_margin_after_safe_window
1903,URLLC,0.0,0.0,1.0,115.0,0.16275082760989013,0.45,0.45,decrease_margin_after_safe_window
1903,eMBB,0.0,0.0,0.0,29.0,0.9867768835883,0.45,0.45,decrease_margin_after_safe_window
1903,mMTC,0.0,0.0,0.0,185.0,0.28919715222437314,0.45,0.45,decrease_margin_after_safe_window
1904,URLLC,0.0,0.0,0.0,118.0,0.1799045885989011,0.45,0.45,decrease_margin_after_safe_window
1904,eMBB,0.0,0.0,0.0,24.0,0.9878177385508334,0.45,0.45,decrease_margin_after_safe_window
1904,mMTC,0.0,0.0,0.0,180.0,0.2761347880835284,0.45,0.45,decrease_margin_after_safe_window
1905,URLLC,0.0,0.0,0.0,124.0,0.18162244917582418,0.45,0.45,decrease_margin_after_safe_window
1905,eMBB,0.0,0.0,0.0,24.0,0.9888330932464164,0.45,0.45,decrease_margin_after_safe_window
1905,mMTC,0.0,0.0,0.0,203.0,0.31146126847963634,0.45,0.45,decrease_margin_after_safe_window
1906,URLLC,0.0,0.0,0.0,119.0,0.1732495226648352,0.45,0.45,decrease_margin_after_safe_window
1906,eMBB,0.0,0.0,0.0,18.0,0.9840323770049844,0.45,0.45,decrease_margin_after_safe_window
1906,mMTC,0.0,0.0,0.0,174.0,0.3398478179670015,0.45,0.45,decrease_margin_after_safe_window
1907,URLLC,0.0,0.0,0.0,132.0,0.19116256799450548,0.45,0.45,decrease_margin_after_safe_window
1907,eMBB,0.0,0.0,0.0,23.0,0.9871617460492434,0.45,0.45,decrease_margin_after_safe_window
1907,mMTC,0.0,0.0,0.0,233.0,0.2952939914194671,0.45,0.45,decrease_margin_after_safe_window
1908,URLLC,0.0,0.0,1.0,136.0,0.20513858173076924,0.45,0.45,decrease_margin_after_safe_window
1908,eMBB,0.0,0.0,1.0,19.0,0.9852893185599289,0.45,0.45,decrease_margin_after_safe_window
1908,mMTC,0.0,0.0,0.0,196.0,0.374444905572039,0.45,0.45,decrease_margin_after_safe_window
1909,URLLC,0.0,0.0,0.0,130.0,0.19301240865384614,0.45,0.45,decrease_margin_after_safe_window
1909,eMBB,0.0,0.0,0.0,18.0,0.9863214285499556,0.45,0.45,decrease_margin_after_safe_window
1909,mMTC,0.0,0.0,0.0,196.0,0.33403805890491906,0.45,0.45,decrease_margin_after_safe_window
1910,URLLC,0.0,0.0,0.0,130.0,0.18847262912087914,0.45,0.45,decrease_margin_after_safe_window
1910,eMBB,0.0,0.0,0.0,26.0,0.9874769975843133,0.45,0.45,decrease_margin_after_safe_window
1910,mMTC,0.0,0.0,0.0,200.0,0.33146804198838575,0.45,0.45,decrease_margin_after_safe_window
1911,URLLC,0.0,0.0,0.0,120.0,0.18290549862637362,0.45,0.45,decrease_margin_after_safe_window
1911,eMBB,0.0,0.0,0.0,15.0,0.9869436891275213,0.45,0.45,decrease_margin_after_safe_window
1911,mMTC,0.0,0.0,0.0,175.0,0.3033160705408971,0.45,0.45,decrease_margin_after_safe_window
1912,URLLC,0.0,0.0,0.0,138.0,0.19805087568681318,0.45,0.45,decrease_margin_after_safe_window
1912,eMBB,0.0,0.0,0.0,26.0,0.9876160026787505,0.45,0.45,decrease_margin_after_safe_window
1912,mMTC,0.0,0.0,0.0,182.0,0.2811926087371681,0.45,0.45,decrease_margin_after_safe_window
1913,URLLC,0.0,0.0,1.0,137.0,0.21530281868131868,0.45,0.45,decrease_margin_after_safe_window
1913,eMBB,0.0,0.0,1.0,23.0,0.9886508953035608,0.45,0.45,decrease_margin_after_safe_window
1913,mMTC,0.0,0.0,0.0,197.0,0.2922635750744745,0.45,0.45,decrease_margin_after_safe_window
1914,URLLC,0.0,0.0,1.0,148.0,0.22145393200549454,0.45,0.45,decrease_margin_after_safe_window
1914,eMBB,0.0,0.0,1.0,14.0,0.9854350526004664,0.45,0.45,decrease_margin_after_safe_window
1914,mMTC,0.0,0.0,0.0,182.0,0.319145911772214,0.45,0.45,decrease_margin_after_safe_window
1915,URLLC,0.0,0.0,0.0,131.0,0.20185944505494507,0.45,0.45,decrease_margin_after_safe_window
1915,eMBB,0.0,0.0,0.0,24.0,0.9861313230251322,0.45,0.45,decrease_margin_after_safe_window
1915,mMTC,0.0,0.0,0.0,203.0,0.30023104837465564,0.45,0.45,decrease_margin_after_safe_window
1916,URLLC,0.0,0.0,0.0,124.0,0.17977772802197806,0.45,0.45,decrease_margin_after_safe_window
1916,eMBB,0.0,0.0,0.0,20.0,0.988314357231758,0.45,0.45,decrease_margin_after_safe_window
1916,mMTC,0.0,0.0,0.0,176.0,0.3345847015490159,0.45,0.45,decrease_margin_after_safe_window
1917,URLLC,0.0,0.0,0.0,125.0,0.19796660096153845,0.45,0.45,decrease_margin_after_safe_window
1917,eMBB,0.0,0.0,0.0,19.0,0.987301094877599,0.45,0.45,decrease_margin_after_safe_window
1917,mMTC,0.0,0.0,0.0,186.0,0.28954804104888254,0.45,0.45,decrease_margin_after_safe_window
1918,URLLC,0.0,0.0,0.0,116.0,0.17356330837912087,0.45,0.45,decrease_margin_after_safe_window
1918,eMBB,0.0,0.0,0.0,15.0,0.986472852820576,0.45,0.45,decrease_margin_after_safe_window
1918,mMTC,0.0,0.0,0.0,190.0,0.31208252796224606,0.45,0.45,decrease_margin_after_safe_window
1919,URLLC,0.0,0.0,0.0,117.0,0.18453892032967034,0.45,0.45,decrease_margin_after_safe_window
1919,eMBB,0.0,0.0,0.0,23.0,0.9893400428760802,0.45,0.45,decrease_margin_after_safe_window
1919,mMTC,0.0,0.0,0.0,187.0,0.31627597883699704,0.45,0.45,decrease_margin_after_safe_window
1920,URLLC,0.0,0.0,1.0,140.0,0.21477928571428576,0.45,0.45,decrease_margin_after_safe_window
1920,eMBB,0.0,0.0,1.0,13.0,0.987499942200089,0.45,0.45,decrease_margin_after_safe_window
1920,mMTC,0.0,0.0,0.0,194.0,0.29109324428660355,0.45,0.45,decrease_margin_after_safe_window
1921,URLLC,0.0,0.0,0.0,135.0,0.198189125,0.45,0.45,decrease_margin_after_safe_window
1921,eMBB,0.0,0.0,0.0,15.0,0.9868387311737539,0.45,0.45,decrease_margin_after_safe_window
1921,mMTC,0.0,0.0,0.0,185.0,0.3229403598547327,0.45,0.45,decrease_margin_after_safe_window
1922,URLLC,0.0,0.0,0.0,132.0,0.19819327129120884,0.45,0.45,decrease_margin_after_safe_window
1922,eMBB,0.0,0.0,0.0,17.0,0.9869517289393476,0.45,0.45,decrease_margin_after_safe_window
1922,mMTC,0.0,0.0,0.0,170.0,0.2946743287211527,0.45,0.45,decrease_margin_after_safe_window
1923,URLLC,0.0,0.0,0.0,121.0,0.19309014354395607,0.45,0.45,decrease_margin_after_safe_window
1923,eMBB,0.0,0.0,0.0,20.0,0.9874736745522784,0.45,0.45,decrease_margin_after_safe_window
1923,mMTC,0.0,0.0,0.0,186.0,0.26915692569955646,0.45,0.45,decrease_margin_after_safe_window
1924,URLLC,0.0,0.0,0.0,123.0,0.18701177403846156,0.45,0.45,decrease_margin_after_safe_window
1924,eMBB,0.0,0.0,0.0,15.0,0.9863643385236888,0.45,0.45,decrease_margin_after_safe_window
1924,mMTC,0.0,0.0,0.0,179.0,0.30373222032544633,0.45,0.45,decrease_margin_after_safe_window
1925,URLLC,0.0,0.0,0.0,127.0,0.19256210027472528,0.45,0.45,decrease_margin_after_safe_window
1925,eMBB,0.0,0.0,0.0,24.0,0.9875803986326284,0.45,0.45,decrease_margin_after_safe_window
1925,mMTC,0.0,0.0,0.0,199.0,0.27517286171756455,0.45,0.45,decrease_margin_after_safe_window
1926,URLLC,0.0,0.0,1.0,132.0,0.1938030116758242,0.45,0.45,decrease_margin_after_safe_window
1926,eMBB,0.0,0.0,1.0,21.0,0.9870539953589972,0.45,0.45,decrease_margin_after_safe_window
1926,mMTC,0.0,0.0,0.0,196.0,0.34352489538681785,0.45,0.45,decrease_margin_after_safe_window
1927,URLLC,0.0,0.0,0.0,126.0,0.18364678914835167,0.45,0.45,decrease_margin_after_safe_window
1927,eMBB,0.0,0.0,0.0,14.0,0.9880741060516139,0.45,0.45,decrease_margin_after_safe_window
1927,mMTC,0.0,0.0,0.0,192.0,0.33854469556282707,0.45,0.45,decrease_margin_after_safe_window
1928,URLLC,0.0,0.0,0.0,134.0,0.1877223166208791,0.45,0.45,decrease_margin_after_safe_window
1928,eMBB,0.0,0.0,0.0,22.0,0.9871047067873259,0.45,0.45,decrease_margin_after_safe_window
1928,mMTC,0.0,0.0,0.0,192.0,0.30125985436143804,0.45,0.45,decrease_margin_after_safe_window
1929,URLLC,0.0,0.0,1.0,137.0,0.21165557623626371,0.45,0.45,decrease_margin_after_safe_window
1929,eMBB,0.0,0.0,1.0,21.0,0.9871775560359396,0.45,0.45,decrease_margin_after_safe_window
1929,mMTC,0.0,0.0,0.0,188.0,0.3114145465071777,0.45,0.45,decrease_margin_after_safe_window
1930,URLLC,0.0,0.0,0.0,127.0,0.1885927561813187,0.45,0.45,decrease_margin_after_safe_window
1930,eMBB,0.0,0.0,0.0,16.0,0.9873410265608549,0.45,0.45,decrease_margin_after_safe_window
1930,mMTC,0.0,0.0,0.0,206.0,0.30142965033567337,0.45,0.45,decrease_margin_after_safe_window
1931,URLLC,0.0,0.0,0.0,132.0,0.18867097184065934,0.45,0.45,decrease_margin_after_safe_window
1931,eMBB,0.0,0.0,0.0,15.0,0.9878554934670493,0.45,0.45,decrease_margin_after_safe_window
1931,mMTC,0.0,0.0,0.0,172.0,0.33470718412902645,0.45,0.45,decrease_margin_after_safe_window
1932,URLLC,0.0,0.0,0.0,123.0,0.19694082280219782,0.45,0.45,decrease_margin_after_safe_window
1932,eMBB,0.0,0.0,0.0,17.0,0.9848553153321239,0.45,0.45,decrease_margin_after_safe_window
1932,mMTC,0.0,0.0,0.0,178.0,0.30028577680134483,0.45,0.45,decrease_margin_after_safe_window
1933,URLLC,0.0,0.0,0.0,139.0,0.20223255563186818,0.45,0.45,decrease_margin_after_safe_window
1933,eMBB,0.0,0.0,0.0,26.0,0.9847944744179661,0.45,0.45,decrease_margin_after_safe_window
1933,mMTC,0.0,0.0,0.0,193.0,0.2772158876971587,0.45,0.45,decrease_margin_after_safe_window
1934,URLLC,0.0,0.0,0.0,125.0,0.18756700274725274,0.45,0.45,decrease_margin_after_safe_window
1934,eMBB,0.0,0.0,0.0,21.0,0.9869069902776195,0.45,0.45,decrease_margin_after_safe_window
1934,mMTC,0.0,0.0,0.0,181.0,0.31696599997881797,0.45,0.45,decrease_margin_after_safe_window
1935,URLLC,0.0,0.0,0.0,135.0,0.21137942513736263,0.45,0.45,decrease_margin_after_safe_window
1935,eMBB,0.0,0.0,0.0,12.0,0.9888595308064229,0.45,0.45,decrease_margin_after_safe_window
1935,mMTC,0.0,0.0,0.0,185.0,0.2892091277241417,0.45,0.45,decrease_margin_after_safe_window
1936,URLLC,0.0,0.0,0.0,126.0,0.1843306881868132,0.45,0.45,decrease_margin_after_safe_window
1936,eMBB,0.0,0.0,0.0,21.0,0.9848168234768739,0.45,0.45,decrease_margin_after_safe_window
1936,mMTC,0.0,0.0,0.0,188.0,0.2869518874321672,0.45,0.45,decrease_margin_after_safe_window
1937,URLLC,1.0,0.0,1.0,107.0,0.1567949217032967,0.45,0.7,increase_margin_due_to_sla_pressure
1937,eMBB,0.0,0.0,0.0,18.0,0.9880179319153307,0.45,0.45,decrease_margin_after_safe_window
1937,mMTC,0.0,0.0,0.0,194.0,0.3180362475367065,0.45,0.45,decrease_margin_after_safe_window
1938,URLLC,0.0,0.0,0.0,130.0,0.18946861881868135,0.7,0.6499999999999999,decrease_margin_after_safe_window
1938,eMBB,0.0,0.0,0.0,24.0,0.9867974704741649,0.45,0.45,decrease_margin_after_safe_window
1938,mMTC,0.0,0.0,0.0,209.0,0.32517841537963327,0.45,0.45,decrease_margin_after_safe_window
1939,URLLC,0.0,0.0,0.0,125.0,0.18745840315934068,0.6499999999999999,0.5999999999999999,decrease_margin_after_safe_window
1939,eMBB,0.0,0.0,0.0,21.0,0.9862376646495822,0.45,0.45,decrease_margin_after_safe_window
1939,mMTC,0.0,0.0,0.0,186.0,0.3212905818176814,0.45,0.45,decrease_margin_after_safe_window
1940,URLLC,0.0,0.0,1.0,136.0,0.2123164052197802,0.5999999999999999,0.5499999999999998,decrease_margin_after_safe_window
1940,eMBB,0.0,0.0,1.0,18.0,0.9860082924801592,0.45,0.45,decrease_margin_after_safe_window
1940,mMTC,0.0,0.0,0.0,196.0,0.31467192702314906,0.45,0.45,decrease_margin_after_safe_window
1941,URLLC,0.0,0.0,0.0,126.0,0.19019944024725274,0.5499999999999998,0.49999999999999983,decrease_margin_after_safe_window
1941,eMBB,0.0,0.0,0.0,29.0,0.9874137462410234,0.45,0.45,decrease_margin_after_safe_window
1941,mMTC,0.0,0.0,0.0,186.0,0.3012218246526029,0.45,0.45,decrease_margin_after_safe_window
1942,URLLC,0.0,0.0,0.0,117.0,0.17448406112637363,0.49999999999999983,0.45,decrease_margin_after_safe_window
1942,eMBB,0.0,0.0,0.0,24.0,0.9881675575916674,0.45,0.45,decrease_margin_after_safe_window
1942,mMTC,0.0,0.0,0.0,195.0,0.30678591003673966,0.45,0.45,decrease_margin_after_safe_window
1943,URLLC,0.0,0.0,0.0,125.0,0.18312777884615386,0.45,0.45,decrease_margin_after_safe_window
1943,eMBB,0.0,0.0,0.0,14.0,0.9874114954050855,0.45,0.45,decrease_margin_after_safe_window
1943,mMTC,0.0,0.0,0.0,197.0,0.33792949247555476,0.45,0.45,decrease_margin_after_safe_window
1944,URLLC,0.0,0.0,0.0,116.0,0.18047833997252752,0.45,0.45,decrease_margin_after_safe_window
1944,eMBB,0.0,0.0,0.0,21.0,0.9865975920368378,0.45,0.45,decrease_margin_after_safe_window
1944,mMTC,0.0,0.0,0.0,184.0,0.3220527360725006,0.45,0.45,decrease_margin_after_safe_window
1945,URLLC,0.0,0.0,0.0,144.0,0.21134983859890114,0.45,0.45,decrease_margin_after_safe_window
1945,eMBB,0.0,0.0,0.0,21.0,0.9872444423736628,0.45,0.45,decrease_margin_after_safe_window
1945,mMTC,0.0,0.0,0.0,196.0,0.29976360795637963,0.45,0.45,decrease_margin_after_safe_window
1946,URLLC,0.0,0.0,0.0,129.0,0.1905643811813187,0.45,0.45,decrease_margin_after_safe_window
1946,eMBB,0.0,0.0,0.0,26.0,0.9884068795954254,0.45,0.45,decrease_margin_after_safe_window
1946,mMTC,0.0,0.0,0.0,185.0,0.31088259653024375,0.45,0.45,decrease_margin_after_safe_window
1947,URLLC,0.0,0.0,0.0,103.0,0.15144970398351648,0.45,0.45,decrease_margin_after_safe_window
1947,eMBB,0.0,0.0,0.0,17.0,0.9870844391261713,0.45,0.45,decrease_margin_after_safe_window
1947,mMTC,0.0,0.0,0.0,192.0,0.29674870184595015,0.45,0.45,decrease_margin_after_safe_window
1948,URLLC,0.0,0.0,0.0,117.0,0.17823901717032967,0.45,0.45,decrease_margin_after_safe_window
1948,eMBB,0.0,0.0,0.0,16.0,0.9865347269898959,0.45,0.45,decrease_margin_after_safe_window
1948,mMTC,0.0,0.0,0.0,209.0,0.3152492255302132,0.45,0.45,decrease_margin_after_safe_window
1949,URLLC,0.0,0.0,0.0,118.0,0.17426514766483517,0.45,0.45,decrease_margin_after_safe_window
1949,eMBB,0.0,0.0,0.0,19.0,0.9849911580384522,0.45,0.45,decrease_margin_after_safe_window
1949,mMTC,0.0,0.0,0.0,182.0,0.33656129794159256,0.45,0.45,decrease_margin_after_safe_window
1950,URLLC,0.0,0.0,0.0,118.0,0.1705174684065934,0.45,0.45,decrease_margin_after_safe_window
1950,eMBB,0.0,0.0,0.0,27.0,0.9873801545200288,0.45,0.45,decrease_margin_after_safe_window
1950,mMTC,0.0,0.0,0.0,194.0,0.28390660380600014,0.45,0.45,decrease_margin_after_safe_window
1951,URLLC,0.0,0.0,1.0,133.0,0.2107099979395604,0.45,0.45,decrease_margin_after_safe_window
1951,eMBB,0.0,0.0,1.0,22.0,0.98706655441216,0.45,0.45,decrease_margin_after_safe_window
1951,mMTC,0.0,0.0,0.0,175.0,0.29607846979039276,0.45,0.45,decrease_margin_after_safe_window
1952,URLLC,0.0,0.0,0.0,115.0,0.16616524175824177,0.45,0.45,decrease_margin_after_safe_window
1952,eMBB,0.0,0.0,0.0,15.0,0.9858848527022815,0.45,0.45,decrease_margin_after_safe_window
1952,mMTC,0.0,0.0,0.0,212.0,0.2935697360111055,0.45,0.45,decrease_margin_after_safe_window
1953,URLLC,0.0,0.0,0.0,140.0,0.20145713392857142,0.45,0.45,decrease_margin_after_safe_window
1953,eMBB,0.0,0.0,0.0,20.0,0.9843108398481586,0.45,0.45,decrease_margin_after_safe_window
1953,mMTC,0.0,0.0,0.0,189.0,0.3340622491299438,0.45,0.45,decrease_margin_after_safe_window
1954,URLLC,0.0,0.0,0.0,135.0,0.1956404642857143,0.45,0.45,decrease_margin_after_safe_window
1954,eMBB,0.0,0.0,0.0,21.0,0.985561487348458,0.45,0.45,decrease_margin_after_safe_window
1954,mMTC,0.0,0.0,0.0,194.0,0.31981191309765755,0.45,0.45,decrease_margin_after_safe_window
1955,URLLC,0.0,0.0,1.0,137.0,0.21492042239010992,0.45,0.45,decrease_margin_after_safe_window
1955,eMBB,0.0,0.0,1.0,28.0,0.986233642458924,0.45,0.45,decrease_margin_after_safe_window
1955,mMTC,0.0,0.0,0.0,188.0,0.32120981326177966,0.45,0.45,decrease_margin_after_safe_window
1956,URLLC,0.0,0.0,0.0,128.0,0.1954037561813187,0.45,0.45,decrease_margin_after_safe_window
1956,eMBB,0.0,0.0,0.0,23.0,0.9833826683432871,0.45,0.45,decrease_margin_after_safe_window
1956,mMTC,0.0,0.0,0.0,195.0,0.3011796608458056,0.45,0.45,decrease_margin_after_safe_window
1957,URLLC,0.0,0.0,0.0,120.0,0.16778881043956043,0.45,0.45,decrease_margin_after_safe_window
1957,eMBB,0.0,0.0,0.0,28.0,0.9878137540492705,0.45,0.45,decrease_margin_after_safe_window
1957,mMTC,0.0,0.0,0.0,185.0,0.3349923883745972,0.45,0.45,decrease_margin_after_safe_window
1958,URLLC,0.0,0.0,0.0,126.0,0.1890813956043956,0.45,0.45,decrease_margin_after_safe_window
1958,eMBB,0.0,0.0,0.0,18.0,0.9853614347359081,0.45,0.45,decrease_margin_after_safe_window
1958,mMTC,0.0,0.0,0.0,207.0,0.31277654462382937,0.45,0.45,decrease_margin_after_safe_window
1959,URLLC,0.0,0.0,1.0,119.0,0.20249926167582416,0.45,0.45,decrease_margin_after_safe_window
1959,eMBB,0.0,0.0,1.0,23.0,0.9862637325069129,0.45,0.45,decrease_margin_after_safe_window
1959,mMTC,0.0,0.0,0.0,201.0,0.3367738929228656,0.45,0.45,decrease_margin_after_safe_window
1960,URLLC,0.0,0.0,0.0,121.0,0.1817021710164835,0.45,0.45,decrease_margin_after_safe_window
1960,eMBB,0.0,0.0,0.0,18.0,0.9870995797659081,0.45,0.45,decrease_margin_after_safe_window
1960,mMTC,0.0,0.0,0.0,202.0,0.3166702642370106,0.45,0.45,decrease_margin_after_safe_window
1961,URLLC,0.0,0.0,0.0,111.0,0.15909375892857142,0.45,0.45,decrease_margin_after_safe_window
1961,eMBB,0.0,0.0,0.0,25.0,0.985591653972809,0.45,0.45,decrease_margin_after_safe_window
1961,mMTC,0.0,0.0,0.0,173.0,0.3290964417250663,0.45,0.45,decrease_margin_after_safe_window
1962,URLLC,0.0,0.0,0.0,129.0,0.180529125,0.45,0.45,decrease_margin_after_safe_window
1962,eMBB,0.0,0.0,0.0,20.0,0.9867931132331557,0.45,0.45,decrease_margin_after_safe_window
1962,mMTC,0.0,0.0,0.0,201.0,0.2817626820315105,0.45,0.45,decrease_margin_after_safe_window
1963,URLLC,0.0,0.0,0.0,126.0,0.19259088804945051,0.45,0.45,decrease_margin_after_safe_window
1963,eMBB,0.0,0.0,0.0,14.0,0.9867624577762577,0.45,0.45,decrease_margin_after_safe_window
1963,mMTC,0.0,0.0,0.0,175.0,0.31429480787256986,0.45,0.45,decrease_margin_after_safe_window
1964,URLLC,0.0,0.0,0.0,140.0,0.2145739965659341,0.45,0.45,decrease_margin_after_safe_window
1964,eMBB,0.0,0.0,0.0,20.0,0.9880865501957626,0.45,0.45,decrease_margin_after_safe_window
1964,mMTC,0.0,0.0,0.0,191.0,0.28312241946575195,0.45,0.45,decrease_margin_after_safe_window
1965,URLLC,0.0,0.0,0.0,131.0,0.194652646978022,0.45,0.45,decrease_margin_after_safe_window
1965,eMBB,0.0,0.0,0.0,20.0,0.9874282537850948,0.45,0.45,decrease_margin_after_safe_window
1965,mMTC,0.0,0.0,0.0,204.0,0.30022929031086926,0.45,0.45,decrease_margin_after_safe_window
1966,URLLC,0.0,0.0,0.0,128.0,0.2011356201923077,0.45,0.45,decrease_margin_after_safe_window
1966,eMBB,0.0,0.0,0.0,21.0,0.9868525543886514,0.45,0.45,decrease_margin_after_safe_window
1966,mMTC,0.0,0.0,0.0,204.0,0.32182998945834024,0.45,0.45,decrease_margin_after_safe_window
1967,URLLC,0.0,0.0,1.0,132.0,0.19819482005494504,0.45,0.45,decrease_margin_after_safe_window
1967,eMBB,0.0,0.0,1.0,21.0,0.9884718162455292,0.45,0.45,decrease_margin_after_safe_window
1967,mMTC,0.0,0.0,0.0,197.0,0.3242203132015436,0.45,0.45,decrease_margin_after_safe_window
1968,URLLC,0.0,0.0,0.0,130.0,0.1919609697802198,0.45,0.45,decrease_margin_after_safe_window
1968,eMBB,0.0,0.0,0.0,14.0,0.9877610128899635,0.45,0.45,decrease_margin_after_safe_window
1968,mMTC,0.0,0.0,0.0,190.0,0.3209465742149598,0.45,0.45,decrease_margin_after_safe_window
1969,URLLC,0.0,0.0,0.0,133.0,0.20079926373626372,0.45,0.45,decrease_margin_after_safe_window
1969,eMBB,0.0,0.0,0.0,22.0,0.9878397163066108,0.45,0.45,decrease_margin_after_safe_window
1969,mMTC,0.0,0.0,0.0,183.0,0.2993663763193058,0.45,0.45,decrease_margin_after_safe_window
1970,URLLC,0.0,0.0,0.0,127.0,0.17982430906593408,0.45,0.45,decrease_margin_after_safe_window
1970,eMBB,0.0,0.0,0.0,15.0,0.986864296115608,0.45,0.45,decrease_margin_after_safe_window
1970,mMTC,0.0,0.0,0.0,185.0,0.2895472111297514,0.45,0.45,decrease_margin_after_safe_window
1971,URLLC,0.0,0.0,0.0,140.0,0.20902816414835165,0.45,0.45,decrease_margin_after_safe_window
1971,eMBB,0.0,0.0,0.0,18.0,0.9875227191304592,0.45,0.45,decrease_margin_after_safe_window
1971,mMTC,0.0,0.0,0.0,187.0,0.2933636572887813,0.45,0.45,decrease_margin_after_safe_window
1972,URLLC,0.0,0.0,0.0,119.0,0.18151456250000003,0.45,0.45,decrease_margin_after_safe_window
1972,eMBB,0.0,0.0,0.0,18.0,0.9869841949499522,0.45,0.45,decrease_margin_after_safe_window
1972,mMTC,0.0,0.0,0.0,209.0,0.29582377698343293,0.45,0.45,decrease_margin_after_safe_window
1973,URLLC,0.0,0.0,0.0,131.0,0.18621354670329673,0.45,0.45,decrease_margin_after_safe_window
1973,eMBB,0.0,0.0,0.0,20.0,0.9878754365704794,0.45,0.45,decrease_margin_after_safe_window
1973,mMTC,0.0,0.0,0.0,182.0,0.34315497935174477,0.45,0.45,decrease_margin_after_safe_window
1974,URLLC,0.0,0.0,0.0,126.0,0.182578657967033,0.45,0.45,decrease_margin_after_safe_window
1974,eMBB,0.0,0.0,0.0,13.0,0.983819036275074,0.45,0.45,decrease_margin_after_safe_window
1974,mMTC,0.0,0.0,0.0,198.0,0.2833997633906837,0.45,0.45,decrease_margin_after_safe_window
1975,URLLC,0.0,0.0,1.0,130.0,0.19616395054945057,0.45,0.45,decrease_margin_after_safe_window
1975,eMBB,0.0,0.0,0.0,24.0,0.9857121644858153,0.45,0.45,decrease_margin_after_safe_window
1975,mMTC,0.0,0.0,0.0,223.0,0.3124051457323632,0.45,0.45,decrease_margin_after_safe_window
1976,URLLC,0.0,0.0,1.0,134.0,0.2082780460164835,0.45,0.45,decrease_margin_after_safe_window
1976,eMBB,0.0,0.0,1.0,23.0,0.9873293136721364,0.45,0.45,decrease_margin_after_safe_window
1976,mMTC,0.0,0.0,0.0,184.0,0.3480578214717389,0.45,0.45,decrease_margin_after_safe_window
1977,URLLC,0.0,0.0,0.0,129.0,0.17912170467032967,0.45,0.45,decrease_margin_after_safe_window
1977,eMBB,0.0,0.0,0.0,17.0,0.9861166223598292,0.45,0.45,decrease_margin_after_safe_window
1977,mMTC,0.0,0.0,0.0,202.0,0.27867156632743223,0.45,0.45,decrease_margin_after_safe_window
1978,URLLC,0.0,0.0,0.0,136.0,0.193438051510989,0.45,0.45,decrease_margin_after_safe_window
1978,eMBB,0.0,0.0,0.0,27.0,0.9857602012271585,0.45,0.45,decrease_margin_after_safe_window
1978,mMTC,0.0,0.0,0.0,205.0,0.31174247553255074,0.45,0.45,decrease_margin_after_safe_window
1979,URLLC,0.0,0.0,0.0,124.0,0.17410784890109893,0.45,0.45,decrease_margin_after_safe_window
1979,eMBB,0.0,0.0,0.0,19.0,0.9855267499181399,0.45,0.45,decrease_margin_after_safe_window
1979,mMTC,0.0,0.0,0.0,188.0,0.3183216220866964,0.45,0.45,decrease_margin_after_safe_window
1980,URLLC,0.0,0.0,0.0,138.0,0.20186043681318683,0.45,0.45,decrease_margin_after_safe_window
1980,eMBB,0.0,0.0,0.0,24.0,0.9847456702759259,0.45,0.45,decrease_margin_after_safe_window
1980,mMTC,0.0,0.0,0.0,197.0,0.31340442261635754,0.45,0.45,decrease_margin_after_safe_window
1981,URLLC,0.0,0.0,0.0,131.0,0.19872113736263738,0.45,0.45,decrease_margin_after_safe_window
1981,eMBB,0.0,0.0,0.0,16.0,0.9874761728857832,0.45,0.45,decrease_margin_after_safe_window
1981,mMTC,0.0,0.0,0.0,173.0,0.31944312023191895,0.45,0.45,decrease_margin_after_safe_window
1982,URLLC,0.0,0.0,0.0,137.0,0.19739700274725275,0.45,0.45,decrease_margin_after_safe_window
1982,eMBB,0.0,0.0,0.0,21.0,0.9885655123709175,0.45,0.45,decrease_margin_after_safe_window
1982,mMTC,0.0,0.0,0.0,214.0,0.2732041156540497,0.45,0.45,decrease_margin_after_safe_window
1983,URLLC,0.0,0.0,1.0,138.0,0.19507537500000002,0.45,0.45,decrease_margin_after_safe_window
1983,eMBB,0.0,0.0,1.0,16.0,0.9882455086087412,0.45,0.45,decrease_margin_after_safe_window
1983,mMTC,0.0,0.0,0.0,189.0,0.36101167216639063,0.45,0.45,decrease_margin_after_safe_window
1984,URLLC,0.0,0.0,0.0,122.0,0.18103884752747254,0.45,0.45,decrease_margin_after_safe_window
1984,eMBB,0.0,0.0,0.0,15.0,0.9851065275328619,0.45,0.45,decrease_margin_after_safe_window
1984,mMTC,0.0,0.0,0.0,185.0,0.29648369601858615,0.45,0.45,decrease_margin_after_safe_window
1985,URLLC,1.0,0.0,1.0,133.0,0.18712380151098904,0.45,0.7,increase_margin_due_to_sla_pressure
1985,eMBB,0.0,0.0,0.0,28.0,0.9862687203836493,0.45,0.45,decrease_margin_after_safe_window
1985,mMTC,0.0,0.0,0.0,208.0,0.3077663950905193,0.45,0.45,decrease_margin_after_safe_window
1986,URLLC,0.0,0.0,1.0,135.0,0.21099602815934065,0.7,0.6499999999999999,decrease_margin_after_safe_window
1986,eMBB,0.0,0.0,1.0,23.0,0.9894830130354755,0.45,0.45,decrease_margin_after_safe_window
1986,mMTC,0.0,0.0,0.0,178.0,0.34561596131143774,0.45,0.45,decrease_margin_after_safe_window
1987,URLLC,0.0,0.0,0.0,121.0,0.1657916923076923,0.6499999999999999,0.5999999999999999,decrease_margin_after_safe_window
1987,eMBB,0.0,0.0,0.0,13.0,0.9870255002867436,0.45,0.45,decrease_margin_after_safe_window
1987,mMTC,0.0,0.0,0.0,203.0,0.2910970180416377,0.45,0.45,decrease_margin_after_safe_window
1988,URLLC,0.0,0.0,0.0,138.0,0.21128512568681318,0.5999999999999999,0.5499999999999998,decrease_margin_after_safe_window
1988,eMBB,0.0,0.0,0.0,22.0,0.9863086666547677,0.45,0.45,decrease_margin_after_safe_window
1988,mMTC,0.0,0.0,0.0,172.0,0.3201079521620738,0.45,0.45,decrease_margin_after_safe_window
1989,URLLC,0.0,0.0,0.0,127.0,0.1918163358516484,0.5499999999999998,0.49999999999999983,decrease_margin_after_safe_window
1989,eMBB,0.0,0.0,0.0,16.0,0.9870486877077279,0.45,0.45,decrease_margin_after_safe_window
1989,mMTC,0.0,0.0,0.0,189.0,0.2655762977454911,0.45,0.45,decrease_margin_after_safe_window
1990,URLLC,0.0,0.0,0.0,136.0,0.20287554395604393,0.49999999999999983,0.45,decrease_margin_after_safe_window
1990,eMBB,0.0,0.0,0.0,16.0,0.9847262720734037,0.45,0.45,decrease_margin_after_safe_window
1990,mMTC,0.0,0.0,0.0,204.0,0.2862369610773053,0.45,0.45,decrease_margin_after_safe_window
1991,URLLC,0.0,0.0,0.0,130.0,0.19045009065934065,0.45,0.45,decrease_margin_after_safe_window
1991,eMBB,0.0,0.0,0.0,28.0,0.9874939429244787,0.45,0.45,decrease_margin_after_safe_window
1991,mMTC,0.0,0.0,0.0,188.0,0.3477142502714523,0.45,0.45,decrease_margin_after_safe_window
1992,URLLC,0.0,0.0,0.0,133.0,0.18842516002747253,0.45,0.45,decrease_margin_after_safe_window
1992,eMBB,0.0,0.0,0.0,24.0,0.9866284372213235,0.45,0.45,decrease_margin_after_safe_window
1992,mMTC,0.0,0.0,0.0,187.0,0.29763322030575656,0.45,0.45,decrease_margin_after_safe_window
1993,URLLC,0.0,0.0,0.0,128.0,0.17922643131868132,0.45,0.45,decrease_margin_after_safe_window
1993,eMBB,0.0,0.0,0.0,13.0,0.9876707578155408,0.45,0.45,decrease_margin_after_safe_window
1993,mMTC,0.0,0.0,0.0,180.0,0.31776720597369323,0.45,0.45,decrease_margin_after_safe_window
1994,URLLC,0.0,0.0,0.0,119.0,0.17057644368131866,0.45,0.45,decrease_margin_after_safe_window
1994,eMBB,0.0,0.0,0.0,19.0,0.9842861305689035,0.45,0.45,decrease_margin_after_safe_window
1994,mMTC,0.0,0.0,0.0,191.0,0.2924703228846818,0.45,0.45,decrease_margin_after_safe_window
1995,URLLC,0.0,0.0,0.0,129.0,0.19472750412087914,0.45,0.45,decrease_margin_after_safe_window
1995,eMBB,0.0,0.0,0.0,26.0,0.9875130008572787,0.45,0.45,decrease_margin_after_safe_window
1995,mMTC,0.0,0.0,0.0,191.0,0.30534392156087453,0.45,0.45,decrease_margin_after_safe_window
1996,URLLC,0.0,0.0,1.0,148.0,0.2241831146978022,0.45,0.45,decrease_margin_after_safe_window
1996,eMBB,0.0,0.0,1.0,10.0,0.9853650194805427,0.45,0.45,decrease_margin_after_safe_window
1996,mMTC,0.0,0.0,0.0,182.0,0.3080457833656212,0.45,0.45,decrease_margin_after_safe_window
1997,URLLC,0.0,0.0,0.0,117.0,0.17370910508241758,0.45,0.45,decrease_margin_after_safe_window
1997,eMBB,0.0,0.0,0.0,26.0,0.9880642378011258,0.45,0.45,decrease_margin_after_safe_window
1997,mMTC,0.0,0.0,0.0,201.0,0.29347555710295714,0.45,0.45,decrease_margin_after_safe_window
1998,URLLC,0.0,0.0,0.0,115.0,0.15908047802197806,0.45,0.45,decrease_margin_after_safe_window
1998,eMBB,0.0,0.0,0.0,19.0,0.9864879116175258,0.45,0.45,decrease_margin_after_safe_window
1998,mMTC,0.0,0.0,0.0,179.0,0.3254345870860812,0.45,0.45,decrease_margin_after_safe_window
1999,URLLC,0.0,0.0,0.0,137.0,0.20040589560439562,0.45,0.45,decrease_margin_after_safe_window
1999,eMBB,0.0,0.0,0.0,16.0,0.9888749318000792,0.45,0.45,decrease_margin_after_safe_window
1999,mMTC,0.0,0.0,0.0,184.0,0.30551699009716404,0.45,0.45,decrease_margin_after_safe_window
2000,URLLC,0.0,0.0,0.0,134.0,0.19685719436813187,0.45,0.45,decrease_margin_after_safe_window
2000,eMBB,0.0,0.0,0.0,14.0,0.9851831056845806,0.45,0.45,decrease_margin_after_safe_window
2000,mMTC,0.0,0.0,0.0,195.0,0.3145466997822988,0.45,0.45,decrease_margin_after_safe_window
