time,slice_name,avg_completion_latency_ms
0,URLLC,0.0
1,URLLC,0.062063785065256415
2,URLLC,0.06363996157338998
3,URLLC,0.06384369950082765
4,URLLC,0.060840514257982925
5,URLLC,0.058879519374238944
6,URLLC,0.05886617483555217
7,URLLC,0.05909465231793501
8,URLLC,0.05940462102150496
9,URLLC,0.05922640673117529
10,URLLC,0.059333638683009844
11,URLLC,0.05925817903549064
12,URLLC,0.05916429751819537
13,URLLC,0.05916779464657642
14,URLLC,0.05917484450137815
15,URLLC,0.0590707783174438
16,URLLC,0.05912123790245939
17,URLLC,0.058909350327541674
18,URLLC,0.05917573536689331
19,URLLC,0.05912085367463119
20,URLLC,0.0592802291349339
21,URLLC,0.05913869872328418
22,URLLC,0.05915111144326957
23,URLLC,0.05888593457106922
24,URLLC,0.05914263260685179
25,URLLC,0.05926846480629818
26,URLLC,0.059361696719247514
27,URLLC,0.059168294647551224
28,URLLC,0.05934265991139588
29,URLLC,0.05924628487055515
30,URLLC,0.05916749063408367
31,URLLC,0.059303303236290184
32,URLLC,0.05933685325234651
33,URLLC,0.05923038617324579
34,URLLC,0.059385308422574744
35,URLLC,0.05949446001975993
36,URLLC,0.05908271541983768
37,URLLC,0.05936236002101886
38,URLLC,0.05928048497519125
39,URLLC,0.05914897006126673
40,URLLC,0.059155647292911895
41,URLLC,0.05928172002490525
42,URLLC,0.05897238924324193
43,URLLC,0.059145152856091954
44,URLLC,0.05904524777093341
45,URLLC,0.059274626199236125
46,URLLC,0.059151416575382615
47,URLLC,0.059272199780081206
48,URLLC,0.059464995032877464
49,URLLC,0.059387566613971696
50,URLLC,0.059021408075737046
51,URLLC,0.059021388646475374
52,URLLC,0.059412271444895644
53,URLLC,0.05932247747366078
54,URLLC,0.05930995485597485
55,URLLC,0.05898647586084093
56,URLLC,0.05922330114395582
57,URLLC,0.05931094726892906
58,URLLC,0.05925871368685548
59,URLLC,0.05948078389820085
60,URLLC,0.05929735033242978
61,URLLC,0.059554023174567254
62,URLLC,0.05916916922062862
63,URLLC,0.059022164526698256
64,URLLC,0.05908191058770983
65,URLLC,0.059034123820692445
66,URLLC,0.05913928517067813
67,URLLC,0.05922779996722239
68,URLLC,0.059256669294189046
69,URLLC,0.05919753872893351
70,URLLC,0.05913908047198698
71,URLLC,0.05916845709051415
72,URLLC,0.058954917817945665
73,URLLC,0.05932194175653408
74,URLLC,0.058888679577000974
75,URLLC,0.05909379679548922
76,URLLC,0.05930553881852055
77,URLLC,0.059021136400054346
78,URLLC,0.05925405516911789
79,URLLC,0.05912073751390517
80,URLLC,0.05910640177491438
81,URLLC,0.05890069656185524
82,URLLC,0.059124052947059365
83,URLLC,0.05897276926750104
84,URLLC,0.05914433689843801
85,URLLC,0.059092875820920744
86,URLLC,0.05908393164511226
87,URLLC,0.05883936722673351
88,URLLC,0.05890989200850733
89,URLLC,0.0592378479307127
90,URLLC,0.059251646352466394
91,URLLC,0.05893575061221917
92,URLLC,0.0591652384550831
93,URLLC,0.059299267015321115
94,URLLC,0.05900595596403651
95,URLLC,0.05936008048860747
96,URLLC,0.05932461250684703
97,URLLC,0.059100407064599854
98,URLLC,0.059255172158630236
99,URLLC,0.05927037301255307
100,URLLC,0.05905477456288335
101,URLLC,0.05918402282423014
102,URLLC,0.05903691258388982
103,URLLC,0.05930590801499047
104,URLLC,0.05882335080266968
105,URLLC,0.05899705017553882
106,URLLC,0.05911473896145523
107,URLLC,0.05938592695279233
108,URLLC,0.059097430353275984
109,URLLC,0.059028272526856454
110,URLLC,0.05905151659981538
111,URLLC,0.059216499617824915
112,URLLC,0.059188875377377194
113,URLLC,0.059375946601431584
114,URLLC,0.05929647286660298
115,URLLC,0.05903466390209578
116,URLLC,0.05915981426253315
117,URLLC,0.059084721462133546
118,URLLC,0.059519447824933576
119,URLLC,0.05910504895584587
120,URLLC,0.05897619007284349
121,URLLC,0.05930651951879539
122,URLLC,0.05903600994719518
123,URLLC,0.0591658274174086
124,URLLC,0.05897863025053507
125,URLLC,0.05917428875828674
126,URLLC,0.059168235107552467
127,URLLC,0.05900695023012434
128,URLLC,0.05917151770557166
129,URLLC,0.059144157708408605
130,URLLC,0.05903358095323049
131,URLLC,0.05906862339520465
132,URLLC,0.0590823319651987
133,URLLC,0.05928975528299007
134,URLLC,0.059185753440446916
135,URLLC,0.059290689360115716
136,URLLC,0.0589048968393012
137,URLLC,0.059621692679065856
138,URLLC,0.05916953947889771
139,URLLC,0.059159999381144086
140,URLLC,0.05911291531121123
141,URLLC,0.059073298569955066
142,URLLC,0.05924501430162797
143,URLLC,0.059247443771607164
144,URLLC,0.059134705063453544
145,URLLC,0.05932397938631449
146,URLLC,0.059258984165495875
147,URLLC,0.05918372434668685
148,URLLC,0.05923484991811308
149,URLLC,0.05909793075144421
150,URLLC,0.05902013867705275
151,URLLC,0.059215608322434124
152,URLLC,0.058857955508674904
153,URLLC,0.05904513492484119
154,URLLC,0.05927460151954302
155,URLLC,0.05932404550918533
156,URLLC,0.059208855944929806
157,URLLC,0.0593819421651884
158,URLLC,0.0591868342743618
159,URLLC,0.059372470894410646
160,URLLC,0.05959251635745667
161,URLLC,0.05877805383781638
162,URLLC,0.05924794276005003
163,URLLC,0.05913802334194951
164,URLLC,0.05935552752718584
165,URLLC,0.059436875901548024
166,URLLC,0.05922974486431423
167,URLLC,0.05911500157331787
168,URLLC,0.059297410439618815
169,URLLC,0.05887967196401147
170,URLLC,0.059204961672921316
171,URLLC,0.05914346546171677
172,URLLC,0.059359085434783965
173,URLLC,0.059377980646573326
174,URLLC,0.05911319486996008
175,URLLC,0.05930027197278118
176,URLLC,0.059462783848324346
177,URLLC,0.05931688972666392
178,URLLC,0.05913901798843983
179,URLLC,0.05931673301569035
180,URLLC,0.05921815449457233
181,URLLC,0.059561576472438225
182,URLLC,0.05890263439406038
183,URLLC,0.05916715308772929
184,URLLC,0.05906066366437389
185,URLLC,0.05902695922102384
186,URLLC,0.05916627480603151
187,URLLC,0.059352186780749425
188,URLLC,0.05905741378779633
189,URLLC,0.05902729604176094
190,URLLC,0.05922881184968936
191,URLLC,0.059598735983637324
192,URLLC,0.05914980412942934
193,URLLC,0.059260137606584225
194,URLLC,0.05910743968623669
195,URLLC,0.058871013044593634
196,URLLC,0.059145276662550234
197,URLLC,0.059204662885064645
198,URLLC,0.0590584680945045
199,URLLC,0.05900711510622288
200,URLLC,0.059106726977845976
201,URLLC,0.059131699385331325
202,URLLC,0.059260066293799596
203,URLLC,0.05908705610935662
204,URLLC,0.05920080558330214
205,URLLC,0.05947556332361374
206,URLLC,0.059152240939561694
207,URLLC,0.05921609231632681
208,URLLC,0.05909323567968629
209,URLLC,0.05906747643556906
210,URLLC,0.05936534065487188
211,URLLC,0.059287603291687335
212,URLLC,0.05928877068224487
213,URLLC,0.05881674254734139
214,URLLC,0.059054912281975847
215,URLLC,0.05913301405957811
216,URLLC,0.05912128805235028
217,URLLC,0.059340622403839555
218,URLLC,0.05895285835087639
219,URLLC,0.05885463404595514
220,URLLC,0.05930416244112643
221,URLLC,0.05920720398617391
222,URLLC,0.05934234215872269
223,URLLC,0.0590508552428425
224,URLLC,0.05930319313366913
225,URLLC,0.059058842585580536
226,URLLC,0.059218728305783806
227,URLLC,0.05935729684342202
228,URLLC,0.05898260720122756
229,URLLC,0.05894402643102731
230,URLLC,0.058938103410326216
231,URLLC,0.05909672483735973
232,URLLC,0.058880932418770716
233,URLLC,0.05930412727518247
234,URLLC,0.05942456116160772
235,URLLC,0.05912103340280818
236,URLLC,0.059237790526761085
237,URLLC,0.059104362378363015
238,URLLC,0.05902975757667225
239,URLLC,0.05911075312293865
240,URLLC,0.05940953242624158
241,URLLC,0.059320823337092404
242,URLLC,0.05924337391261986
243,URLLC,0.059280824962144145
244,URLLC,0.05895851829469297
245,URLLC,0.05903452771801747
246,URLLC,0.059189141769391676
247,URLLC,0.05935200120012131
248,URLLC,0.059255270172142445
249,URLLC,0.05932554222116412
250,URLLC,0.05939839257066685
251,URLLC,0.05932022230736129
252,URLLC,0.05888058980877389
253,URLLC,0.059155694910206266
254,URLLC,0.059277039949382215
255,URLLC,0.059361800319652144
256,URLLC,0.05920592224141133
257,URLLC,0.059098268891932204
258,URLLC,0.05923378980543918
259,URLLC,0.059255810539388803
260,URLLC,0.05926530930985632
261,URLLC,0.058925523396693914
262,URLLC,0.05950176452365162
263,URLLC,0.05924238470030829
264,URLLC,0.05928990076397439
265,URLLC,0.059240865552476096
266,URLLC,0.059455570093847145
267,URLLC,0.05938927799795272
268,URLLC,0.0592433806363245
269,URLLC,0.05945917681653965
270,URLLC,0.059503842427235255
271,URLLC,0.059171862396014435
272,URLLC,0.058880675071745554
273,URLLC,0.05915893575986771
274,URLLC,0.059165197022456505
275,URLLC,0.05924862093478623
276,URLLC,0.05903683350328027
277,URLLC,0.05910218988060878
278,URLLC,0.05918683625581378
279,URLLC,0.05913382431390515
280,URLLC,0.05933278716678054
281,URLLC,0.05932997380474574
282,URLLC,0.05927180639825897
283,URLLC,0.059294083870615334
284,URLLC,0.05895676034409209
285,URLLC,0.059098837835292996
286,URLLC,0.05931732134964944
287,URLLC,0.0588667249345728
288,URLLC,0.05878285235788897
289,URLLC,0.05911498714319441
290,URLLC,0.059219709884470985
291,URLLC,0.059315259132347635
292,URLLC,0.059100018904187396
293,URLLC,0.05944889487573842
294,URLLC,0.059671467656461745
295,URLLC,0.05907488968643061
296,URLLC,0.05921068022061497
297,URLLC,0.05944591395426407
298,URLLC,0.05923785780520523
299,URLLC,0.059266839180149196
300,URLLC,0.0592668313253296
301,URLLC,0.05898918617546843
302,URLLC,0.05906714476808542
303,URLLC,0.05951388123089639
304,URLLC,0.059128614239511004
305,URLLC,0.059115487700008525
306,URLLC,0.059468557799308264
307,URLLC,0.05914874618687776
308,URLLC,0.05928968376809809
309,URLLC,0.05926277427659509
310,URLLC,0.059606296972265146
311,URLLC,0.059315429369229844
312,URLLC,0.05922786053207479
313,URLLC,0.058998625173088806
314,URLLC,0.05884559067869402
315,URLLC,0.05912678251679964
316,URLLC,0.05925259963683081
317,URLLC,0.05953424587751312
318,URLLC,0.05925270588105748
319,URLLC,0.058790158141069526
320,URLLC,0.059047600250798915
321,URLLC,0.05939918140798012
322,URLLC,0.059219441536968766
323,URLLC,0.059233193288220166
324,URLLC,0.05944488788941471
325,URLLC,0.05937719905303774
326,URLLC,0.0594834242053749
327,URLLC,0.05909248292329702
328,URLLC,0.059461126652478845
329,URLLC,0.05930552801673382
330,URLLC,0.05916925370453561
331,URLLC,0.05884016647391659
332,URLLC,0.059069590578746584
333,URLLC,0.05892977681465531
334,URLLC,0.0590216787033045
335,URLLC,0.05941815643110705
336,URLLC,0.05917389507595733
337,URLLC,0.059028140243431663
338,URLLC,0.05931781449246156
339,URLLC,0.05931374656678774
340,URLLC,0.05915416225969427
341,URLLC,0.059028565536054504
342,URLLC,0.05885307152926388
343,URLLC,0.058870854348751764
344,URLLC,0.05907249264295194
345,URLLC,0.059122556206366125
346,URLLC,0.05916035865636033
347,URLLC,0.05908340051751746
348,URLLC,0.05929632536323917
349,URLLC,0.05933324416182851
350,URLLC,0.059205631611974986
351,URLLC,0.059266781537635066
352,URLLC,0.05880034383506201
353,URLLC,0.059371390662056066
354,URLLC,0.05908307721743973
355,URLLC,0.05927640764743937
356,URLLC,0.0594624623768137
357,URLLC,0.059199087183298006
358,URLLC,0.0590110891336403
359,URLLC,0.05917490689312499
360,URLLC,0.05923560690728883
361,URLLC,0.05926142309916391
362,URLLC,0.05932623855766555
363,URLLC,0.05935240289966068
364,URLLC,0.05911921329532921
365,URLLC,0.0593806938509379
366,URLLC,0.059369179846673996
367,URLLC,0.059100684074508913
368,URLLC,0.05930307072435459
369,URLLC,0.05938223465430928
370,URLLC,0.05893129849769671
371,URLLC,0.05934810071208806
372,URLLC,0.05905845617173351
373,URLLC,0.05913996945722803
374,URLLC,0.05906800703296551
375,URLLC,0.05918310595167792
376,URLLC,0.058882837420727516
377,URLLC,0.05938389346251461
378,URLLC,0.059098422042453636
379,URLLC,0.05897130961736518
380,URLLC,0.05919936484866111
381,URLLC,0.05925898974614419
382,URLLC,0.059313752850979506
383,URLLC,0.05905346670517261
384,URLLC,0.05915615151247176
385,URLLC,0.05904011791721132
386,URLLC,0.05924128558432066
387,URLLC,0.05932544018069759
388,URLLC,0.0592259707823273
389,URLLC,0.05937121923428321
390,URLLC,0.05946815327845792
391,URLLC,0.05894541131768085
392,URLLC,0.059030945999598274
393,URLLC,0.05878008187114211
394,URLLC,0.059292002822523206
395,URLLC,0.059155621448052136
396,URLLC,0.05948387510286815
397,URLLC,0.05903808978670193
398,URLLC,0.059381017484298755
399,URLLC,0.059178069099265186
400,URLLC,0.05915563256653421
401,URLLC,0.059312556283658696
402,URLLC,0.059275226222062265
403,URLLC,0.05921752554504564
404,URLLC,0.0594128929203168
405,URLLC,0.05906889723803448
406,URLLC,0.05942164649079831
407,URLLC,0.05919536775393515
408,URLLC,0.05918881968608396
409,URLLC,0.05934999724195191
410,URLLC,0.05908738170526655
411,URLLC,0.059244289070096615
412,URLLC,0.05908689263987515
413,URLLC,0.059182034191144296
414,URLLC,0.05910833519060496
415,URLLC,0.05909842185238934
416,URLLC,0.05930291042865695
417,URLLC,0.05907938055530998
418,URLLC,0.05943721615896926
419,URLLC,0.059282638171484554
420,URLLC,0.05947183173560035
421,URLLC,0.058994571931057144
422,URLLC,0.059267843062622505
423,URLLC,0.05932574638760843
424,URLLC,0.05905596884271841
425,URLLC,0.05932497737000873
426,URLLC,0.05888127490206022
427,URLLC,0.059187747708725105
428,URLLC,0.05943779337568696
429,URLLC,0.05921146927654411
430,URLLC,0.05903062308671931
431,URLLC,0.05946453750973429
432,URLLC,0.05907264059157578
433,URLLC,0.059059687987504085
434,URLLC,0.05900014552855339
435,URLLC,0.05909638389418191
436,URLLC,0.05912499447520842
437,URLLC,0.05904239688062209
438,URLLC,0.059320162898552624
439,URLLC,0.059267217478925736
440,URLLC,0.05895167198308832
441,URLLC,0.05915126097000598
442,URLLC,0.05933054848453694
443,URLLC,0.05908497219075924
444,URLLC,0.059478459168479575
445,URLLC,0.059169150425673715
446,URLLC,0.05926892775890331
447,URLLC,0.059473740204448386
448,URLLC,0.0591888303790919
449,URLLC,0.059269311947797665
450,URLLC,0.059127422008848525
451,URLLC,0.058868513638246425
452,URLLC,0.05918301492788107
453,URLLC,0.05918637360440583
454,URLLC,0.0591981670480885
455,URLLC,0.059158821293047496
456,URLLC,0.059100664472195974
457,URLLC,0.05919381006220678
458,URLLC,0.059254054308266524
459,URLLC,0.05891175523563056
460,URLLC,0.0591335415818659
461,URLLC,0.05887048748304265
462,URLLC,0.0588576794135419
463,URLLC,0.05918741065983251
464,URLLC,0.059341705579857025
465,URLLC,0.05903927779706282
466,URLLC,0.059185129290975094
467,URLLC,0.05918321097965594
468,URLLC,0.059308791959422034
469,URLLC,0.05930210167687916
470,URLLC,0.05944248233045715
471,URLLC,0.05912645445321885
472,URLLC,0.05888099965566204
473,URLLC,0.05931541213521907
474,URLLC,0.05894264391044277
475,URLLC,0.05935927574883504
476,URLLC,0.058895612527875306
477,URLLC,0.059168156404591124
478,URLLC,0.05940282094342481
479,URLLC,0.059096405158979626
480,URLLC,0.059391202028067976
481,URLLC,0.059059980910592495
482,URLLC,0.05931760989957259
483,URLLC,0.05926972161122955
484,URLLC,0.059151689599445806
485,URLLC,0.05925044956563189
486,URLLC,0.05940799503241522
487,URLLC,0.05922491183902758
488,URLLC,0.059298301265186135
489,URLLC,0.05938003736360288
490,URLLC,0.05930033971627536
491,URLLC,0.05938642665621744
492,URLLC,0.05898401241658988
493,URLLC,0.059106346210335066
494,URLLC,0.05897430484491859
495,URLLC,0.05898969028789484
496,URLLC,0.059439669759479
497,URLLC,0.059144310489571805
498,URLLC,0.058796617171880734
499,URLLC,0.05919031788776049
500,URLLC,0.05931412532108204
501,URLLC,0.0589406240012937
502,URLLC,0.05923124460256278
503,URLLC,0.05887389992848229
504,URLLC,0.05914484963620233
505,URLLC,0.05904894771721538
506,URLLC,0.059178531547485744
507,URLLC,0.05932503043254893
508,URLLC,0.05927032482928623
509,URLLC,0.05948606950982747
510,URLLC,0.05920890272135412
511,URLLC,0.059123479253225815
512,URLLC,0.059162389440660726
513,URLLC,0.05936555941592181
514,URLLC,0.058925469421560024
515,URLLC,0.059146900581348694
516,URLLC,0.05922270938354722
517,URLLC,0.05897074443394217
518,URLLC,0.05892733238107002
519,URLLC,0.05945340783921396
520,URLLC,0.058874319447174965
521,URLLC,0.05923818713067875
522,URLLC,0.05900012894825241
523,URLLC,0.058971595053827645
524,URLLC,0.05924722688370846
525,URLLC,0.05916804035600525
526,URLLC,0.05871703187142501
527,URLLC,0.05900992654536939
528,URLLC,0.05929358696292406
529,URLLC,0.05895789385349656
530,URLLC,0.059268341452742054
531,URLLC,0.05935470835400463
532,URLLC,0.05934347832359989
533,URLLC,0.05923490293809185
534,URLLC,0.05908635169838972
535,URLLC,0.05928893934802606
536,URLLC,0.0593548000249484
537,URLLC,0.059280007733229445
538,URLLC,0.05931938369186792
539,URLLC,0.05913893602522797
540,URLLC,0.05912934404584282
541,URLLC,0.059363728961567296
542,URLLC,0.059056391207564986
543,URLLC,0.059328218061540865
544,URLLC,0.0588961280226655
545,URLLC,0.059076830525192345
546,URLLC,0.05949106901407513
547,URLLC,0.0591367814216138
548,URLLC,0.05927963964471481
549,URLLC,0.05936534633198497
550,URLLC,0.05919883823989115
551,URLLC,0.05923123216768076
552,URLLC,0.059302877221564784
553,URLLC,0.05943966018219048
554,URLLC,0.05926511082652719
555,URLLC,0.05906612847453564
556,URLLC,0.05885575347411456
557,URLLC,0.05898724831903556
558,URLLC,0.05952936115487268
559,URLLC,0.05952520492325053
560,URLLC,0.05910141696243062
561,URLLC,0.05893481818016418
562,URLLC,0.05926560756602828
563,URLLC,0.05918218379325148
564,URLLC,0.05925943699151735
565,URLLC,0.05929099183484335
566,URLLC,0.05943481246690951
567,URLLC,0.05897658679350905
568,URLLC,0.059042684655711025
569,URLLC,0.05934889793052969
570,URLLC,0.05918881124743362
571,URLLC,0.059180136325470145
572,URLLC,0.05933162714885427
573,URLLC,0.05938916061995818
574,URLLC,0.059089038959521376
575,URLLC,0.059023945386073376
576,URLLC,0.05914911530781562
577,URLLC,0.05914427105198875
578,URLLC,0.0591811593239668
579,URLLC,0.05892803048114894
580,URLLC,0.05938058282469446
581,URLLC,0.059465270267391006
582,URLLC,0.05943457913122366
583,URLLC,0.059261113083472546
584,URLLC,0.05910989183337928
585,URLLC,0.059292549278405354
586,URLLC,0.059220012021462355
587,URLLC,0.05942814658010504
588,URLLC,0.05914002244870716
589,URLLC,0.05936881177384757
590,URLLC,0.05911026055187404
591,URLLC,0.05879622871658071
592,URLLC,0.059342310692412
593,URLLC,0.059187049343404616
594,URLLC,0.059182070930124626
595,URLLC,0.05925182405178471
596,URLLC,0.05897901664191296
597,URLLC,0.05892327942665688
598,URLLC,0.05938796060576711
599,URLLC,0.059187609825916004
600,URLLC,0.059404052893883834
601,URLLC,0.05895561860428348
602,URLLC,0.05923525232886766
603,URLLC,0.05931466136462365
604,URLLC,0.05902146066489465
605,URLLC,0.059140619399055995
606,URLLC,0.05954949649116239
607,URLLC,0.05897044695204641
608,URLLC,0.05949186200155476
609,URLLC,0.05919536657473526
610,URLLC,0.05927471024161325
611,URLLC,0.05925291187161163
612,URLLC,0.05908274025837599
613,URLLC,0.05921044760769218
614,URLLC,0.059032876654123004
615,URLLC,0.05908722983855759
616,URLLC,0.059374140483329535
617,URLLC,0.059046162470333834
618,URLLC,0.05914267547167968
619,URLLC,0.059196011702508364
620,URLLC,0.05927984155517023
621,URLLC,0.05930117870088818
622,URLLC,0.059457133046677546
623,URLLC,0.05943820974853985
624,URLLC,0.0592527644000839
625,URLLC,0.05922829804858821
626,URLLC,0.05924008736037011
627,URLLC,0.05906426631843473
628,URLLC,0.059248094506860034
629,URLLC,0.05880921198681839
630,URLLC,0.059346716149544086
631,URLLC,0.05896188242082193
632,URLLC,0.059280278374307056
633,URLLC,0.05931101176147476
634,URLLC,0.05924423846037064
635,URLLC,0.059030888491524526
636,URLLC,0.05892416838408774
637,URLLC,0.05928045537030345
638,URLLC,0.05908432648486233
639,URLLC,0.059093028034711746
640,URLLC,0.059459578163571884
641,URLLC,0.058908342488470565
642,URLLC,0.058877212761704684
643,URLLC,0.05916562617481481
644,URLLC,0.05915924408099092
645,URLLC,0.05884038987412334
646,URLLC,0.05914625208779487
647,URLLC,0.05882089513878948
648,URLLC,0.058947744189574124
649,URLLC,0.05958685067912065
650,URLLC,0.059103766923999705
651,URLLC,0.05928305033353386
652,URLLC,0.05908434483538972
653,URLLC,0.058945628563898525
654,URLLC,0.05919661612070167
655,URLLC,0.059178151550682005
656,URLLC,0.05946401959253954
657,URLLC,0.059062382406265795
658,URLLC,0.059090512393406715
659,URLLC,0.05934251773553768
660,URLLC,0.05885899691313954
661,URLLC,0.05943774374002308
662,URLLC,0.059252248803468945
663,URLLC,0.059208323238932596
664,URLLC,0.05929876069715163
665,URLLC,0.05908653181048835
666,URLLC,0.05945223980298043
667,URLLC,0.05911067112302841
668,URLLC,0.05935797120639555
669,URLLC,0.05938135263044774
670,URLLC,0.058981412288301956
671,URLLC,0.05904478736954865
672,URLLC,0.05935849154412718
673,URLLC,0.05917258484415593
674,URLLC,0.05917507224087122
675,URLLC,0.058967044466303215
676,URLLC,0.05900876441269289
677,URLLC,0.05904800659696045
678,URLLC,0.05894268544449534
679,URLLC,0.05921619626110637
680,URLLC,0.05942304795876149
681,URLLC,0.05914492788071052
682,URLLC,0.059189457024575176
683,URLLC,0.05898321894555641
684,URLLC,0.059110881975970885
685,URLLC,0.059071473019458816
686,URLLC,0.0594105951701184
687,URLLC,0.059161265944945425
688,URLLC,0.05938257233065315
689,URLLC,0.059466280702678086
690,URLLC,0.05896518484141866
691,URLLC,0.05910191047084362
692,URLLC,0.059045882316176024
693,URLLC,0.0588568920710934
694,URLLC,0.058974468330055624
695,URLLC,0.05886614042415058
696,URLLC,0.05908642257888666
697,URLLC,0.05932733290555053
698,URLLC,0.059269344495243785
699,URLLC,0.05941648857998859
700,URLLC,0.058897604428497626
701,URLLC,0.05927427415337915
702,URLLC,0.05895159113327182
703,URLLC,0.05930404699617707
704,URLLC,0.05918813396211398
705,URLLC,0.05944109206425651
706,URLLC,0.059078827705467886
707,URLLC,0.05925777447530258
708,URLLC,0.059117467304571486
709,URLLC,0.059176736990088456
710,URLLC,0.058908504810912414
711,URLLC,0.059254279605665906
712,URLLC,0.05894613272408721
713,URLLC,0.05919462185836933
714,URLLC,0.059468218694936646
715,URLLC,0.05941503316322684
716,URLLC,0.05887358805141206
717,URLLC,0.05908326310337821
718,URLLC,0.05963138731589607
719,URLLC,0.05910681753501645
720,URLLC,0.05954696259896996
721,URLLC,0.05900418524747381
722,URLLC,0.059664784348241226
723,URLLC,0.05949659841336528
724,URLLC,0.0592857515306855
725,URLLC,0.059059157357754286
726,URLLC,0.05924804966892672
727,URLLC,0.059253283427141125
728,URLLC,0.059537807229135
729,URLLC,0.05925902480884455
730,URLLC,0.05906371031579766
731,URLLC,0.059222576727468924
732,URLLC,0.05939949228765466
733,URLLC,0.05957984930349939
734,URLLC,0.059122824329815304
735,URLLC,0.05937747897623297
736,URLLC,0.059094051643887535
737,URLLC,0.059270028546792364
738,URLLC,0.058950414681912186
739,URLLC,0.05936817753595056
740,URLLC,0.05898330197769091
741,URLLC,0.059203902055883134
742,URLLC,0.0593746611640457
743,URLLC,0.05910602316782276
744,URLLC,0.05929309942929065
745,URLLC,0.05915010529530645
746,URLLC,0.059212367276803235
747,URLLC,0.05905567190315432
748,URLLC,0.05909149449434886
749,URLLC,0.05938627310222066
750,URLLC,0.05893665160691175
751,URLLC,0.05923146414838869
752,URLLC,0.05953751257988802
753,URLLC,0.059248298548986715
754,URLLC,0.059359322545233704
755,URLLC,0.05922204498505798
756,URLLC,0.05910059606955668
757,URLLC,0.05926657013142464
758,URLLC,0.05917418193389132
759,URLLC,0.05907901407156444
760,URLLC,0.05932814569435353
761,URLLC,0.05892464748155202
762,URLLC,0.0592999949349239
763,URLLC,0.05892102706250609
764,URLLC,0.05923818927511717
765,URLLC,0.0589188348415564
766,URLLC,0.05940637570265673
767,URLLC,0.05917390518814108
768,URLLC,0.05891985050107964
769,URLLC,0.05920403004951404
770,URLLC,0.059408212271020486
771,URLLC,0.059275035603290414
772,URLLC,0.05952184300851836
773,URLLC,0.0589087887264772
774,URLLC,0.05916739650301881
775,URLLC,0.05926894122277654
776,URLLC,0.059158579014792684
777,URLLC,0.05917881478384423
778,URLLC,0.05938613922931342
779,URLLC,0.05876825325840187
780,URLLC,0.05923697400930309
781,URLLC,0.05938866396052272
782,URLLC,0.05916598891631487
783,URLLC,0.05929675126061171
784,URLLC,0.05933252961850462
785,URLLC,0.05934705503346098
786,URLLC,0.0594506361265902
787,URLLC,0.059211195390952494
788,URLLC,0.059085605541362156
789,URLLC,0.058961083714343714
790,URLLC,0.059274794578258266
791,URLLC,0.059004739337793724
792,URLLC,0.059198589619448745
793,URLLC,0.058900143101067004
794,URLLC,0.05924191996774537
795,URLLC,0.05932949527716094
796,URLLC,0.05916917916923957
797,URLLC,0.059248840473192836
798,URLLC,0.05916291919022895
799,URLLC,0.05905070395594463
800,URLLC,0.05894763755274844
801,URLLC,0.05917804385785855
802,URLLC,0.05906440957969182
803,URLLC,0.0590866754322449
804,URLLC,0.05961192975025989
805,URLLC,0.059137893066415335
806,URLLC,0.05890068768806587
807,URLLC,0.0591521454378905
808,URLLC,0.059258284875617816
809,URLLC,0.05929851122369981
810,URLLC,0.059417104040796684
811,URLLC,0.059065392485714664
812,URLLC,0.059204099095084665
813,URLLC,0.05906173552885719
814,URLLC,0.05895793238715989
815,URLLC,0.05922044775761964
816,URLLC,0.05927461055815571
817,URLLC,0.05915813240583817
818,URLLC,0.05910086299134478
819,URLLC,0.05893161129692756
820,URLLC,0.059203621098990744
821,URLLC,0.05902908536152384
822,URLLC,0.059084797545889745
823,URLLC,0.058996039969631195
824,URLLC,0.05934628012056604
825,URLLC,0.05911194152564803
826,URLLC,0.059022479544815896
827,URLLC,0.05927220618115955
828,URLLC,0.059447772108075427
829,URLLC,0.05932252283060989
830,URLLC,0.059109967905735736
831,URLLC,0.05928960855654879
832,URLLC,0.05935720556979417
833,URLLC,0.05915245633274222
834,URLLC,0.0591131951961249
835,URLLC,0.05903353569410081
836,URLLC,0.05937100070096451
837,URLLC,0.05895773142042599
838,URLLC,0.059380422930248686
839,URLLC,0.0591475667870185
840,URLLC,0.05910198023338253
841,URLLC,0.05912136778215758
842,URLLC,0.05898036593828116
843,URLLC,0.05894249390972111
844,URLLC,0.059300537534917167
845,URLLC,0.05916830403254458
846,URLLC,0.05892901876417108
847,URLLC,0.059069673392664584
848,URLLC,0.05901781085102148
849,URLLC,0.05897991704825068
850,URLLC,0.05910602186764999
851,URLLC,0.059034716615340335
852,URLLC,0.059098731397867005
853,URLLC,0.05897130342976644
854,URLLC,0.05933917005532091
855,URLLC,0.0590708833109805
856,URLLC,0.05933051002922957
857,URLLC,0.05886257592467725
858,URLLC,0.05899855219363764
859,URLLC,0.059037019327431633
860,URLLC,0.05901109945889459
861,URLLC,0.05946562609673784
862,URLLC,0.05880731305877106
863,URLLC,0.059035084773130124
864,URLLC,0.05916912398012128
865,URLLC,0.059367094761841245
866,URLLC,0.05887419038093174
867,URLLC,0.059387278566890474
868,URLLC,0.05922078427050116
869,URLLC,0.058805138209957225
870,URLLC,0.05973806946901686
871,URLLC,0.05908161822751506
872,URLLC,0.05908854752710076
873,URLLC,0.05922302186220937
874,URLLC,0.059113594505763846
875,URLLC,0.05911366678985316
876,URLLC,0.05942196427846944
877,URLLC,0.059277026793137566
878,URLLC,0.05923776020220979
879,URLLC,0.059205034461755186
880,URLLC,0.05917627640491751
881,URLLC,0.05916249600521664
882,URLLC,0.059328693846114215
883,URLLC,0.05889928876565532
884,URLLC,0.05908152702097416
885,URLLC,0.05915545420490518
886,URLLC,0.05900202810715538
887,URLLC,0.05940681022704926
888,URLLC,0.05917125747835902
889,URLLC,0.059143391137555706
890,URLLC,0.05936351454655691
891,URLLC,0.05940421654393166
892,URLLC,0.058972795146012995
893,URLLC,0.05903339539191231
894,URLLC,0.05932583416199139
895,URLLC,0.05928507845914959
896,URLLC,0.059424700742453325
897,URLLC,0.058968095345561
898,URLLC,0.0590243556278052
899,URLLC,0.05954102444599964
900,URLLC,0.0591535444687505
901,URLLC,0.059008851254992556
902,URLLC,0.0594228490185528
903,URLLC,0.05953768077597845
904,URLLC,0.059149942163020046
905,URLLC,0.059339990767361135
906,URLLC,0.05929512008284993
907,URLLC,0.05915516007505786
908,URLLC,0.059088351912506276
909,URLLC,0.0589832552877037
910,URLLC,0.059347612642781385
911,URLLC,0.059222312888952446
912,URLLC,0.05900571188507192
913,URLLC,0.05923194564843636
914,URLLC,0.05916976098481018
915,URLLC,0.058946863823991696
916,URLLC,0.05929335794352098
917,URLLC,0.05918250351242048
918,URLLC,0.059079604810882994
919,URLLC,0.05918546919801695
920,URLLC,0.05913473564797325
921,URLLC,0.05955001714050244
922,URLLC,0.059155976511962416
923,URLLC,0.05929644730757526
924,URLLC,0.059385060175377286
925,URLLC,0.059205571684127205
926,URLLC,0.05940492038889375
927,URLLC,0.05923260354002282
928,URLLC,0.0592130227962041
929,URLLC,0.05894177663218172
930,URLLC,0.0590232297062512
931,URLLC,0.05945113605827338
932,URLLC,0.05920901918654496
933,URLLC,0.05913673091243525
934,URLLC,0.05913248784581847
935,URLLC,0.05877221916216249
936,URLLC,0.059045215971865385
937,URLLC,0.05905962776886446
938,URLLC,0.05945901708829651
939,URLLC,0.05909025476137228
940,URLLC,0.059025781821620375
941,URLLC,0.05903389986165128
942,URLLC,0.05942706663718348
943,URLLC,0.05937020639893638
944,URLLC,0.059146379645418225
945,URLLC,0.05907504964775375
946,URLLC,0.0591749227110605
947,URLLC,0.05917219693156065
948,URLLC,0.059180022638022356
949,URLLC,0.05930730752748101
950,URLLC,0.059223836650255345
951,URLLC,0.05914484364983083
952,URLLC,0.059373259237185075
953,URLLC,0.05925351792624894
954,URLLC,0.05910420312509818
955,URLLC,0.05904892040743516
956,URLLC,0.059300310338823534
957,URLLC,0.059324760512228875
958,URLLC,0.05907194159335632
959,URLLC,0.05931856650254585
960,URLLC,0.05924919578038506
961,URLLC,0.05925811183213525
962,URLLC,0.05906336174517916
963,URLLC,0.05912363841242908
964,URLLC,0.059088780350782896
965,URLLC,0.05904005985192813
966,URLLC,0.0592199535078387
967,URLLC,0.058977032061685926
968,URLLC,0.05919431222970015
969,URLLC,0.05891402028202373
970,URLLC,0.05911009034336043
971,URLLC,0.05903856736930674
972,URLLC,0.05926597049521058
973,URLLC,0.059254522928242695
974,URLLC,0.0591162299447899
975,URLLC,0.059097135088478
976,URLLC,0.059036830988455205
977,URLLC,0.059136862162629
978,URLLC,0.059075767544223265
979,URLLC,0.058760000229382686
980,URLLC,0.05926738168946029
981,URLLC,0.05917845497103498
982,URLLC,0.05910753094360895
983,URLLC,0.059094302518702624
984,URLLC,0.0592123866829613
985,URLLC,0.059204776723621025
986,URLLC,0.05934326974641107
987,URLLC,0.05920666122171111
988,URLLC,0.0592625124161644
989,URLLC,0.05923030180952653
990,URLLC,0.05917195236796126
991,URLLC,0.059276850100377705
992,URLLC,0.0589747844624481
993,URLLC,0.059147212493522054
994,URLLC,0.05927770901430079
995,URLLC,0.059345843966627204
996,URLLC,0.059164092423072696
997,URLLC,0.059232533429998104
998,URLLC,0.0594350944649083
999,URLLC,0.059147409249171654
1000,URLLC,0.05889996206182956
1001,URLLC,0.05944841204908926
1002,URLLC,0.05914344917826093
1003,URLLC,0.05951303069934328
1004,URLLC,0.05898318831792346
1005,URLLC,0.05908949484956963
1006,URLLC,0.059120580288885206
1007,URLLC,0.05916175906575845
1008,URLLC,0.05930930616546306
1009,URLLC,0.05949180658145737
1010,URLLC,0.05917444571085502
1011,URLLC,0.05912317952691345
1012,URLLC,0.05913335620220862
1013,URLLC,0.05924888446742727
1014,URLLC,0.05897782845070211
1015,URLLC,0.059113576721683145
1016,URLLC,0.05933642379267499
1017,URLLC,0.05907076654032021
1018,URLLC,0.059253577535896454
1019,URLLC,0.058926659084507685
1020,URLLC,0.05915395776490495
1021,URLLC,0.05903609011638133
1022,URLLC,0.0594776603838041
1023,URLLC,0.05917287315604014
1024,URLLC,0.059075321475883805
1025,URLLC,0.05916967910726814
1026,URLLC,0.0594181419799666
1027,URLLC,0.05924507854735173
1028,URLLC,0.05946664624952642
1029,URLLC,0.05952132319839155
1030,URLLC,0.05919352267458382
1031,URLLC,0.05917239890237333
1032,URLLC,0.05916757329557478
1033,URLLC,0.059418849955345715
1034,URLLC,0.05940396226546326
1035,URLLC,0.05897681230936069
1036,URLLC,0.05911804936780781
1037,URLLC,0.0591688429677062
1038,URLLC,0.05946089762725585
1039,URLLC,0.05906388180587954
1040,URLLC,0.05908666364103913
1041,URLLC,0.059185161033328076
1042,URLLC,0.05922520754999422
1043,URLLC,0.05914156598012971
1044,URLLC,0.05916980268895706
1045,URLLC,0.05940196280349978
1046,URLLC,0.05932918391331666
1047,URLLC,0.05909892720459005
1048,URLLC,0.05928490826457418
1049,URLLC,0.05938090252485767
1050,URLLC,0.05892398788987525
1051,URLLC,0.05910522189051129
1052,URLLC,0.059450898850600876
1053,URLLC,0.05896946461400595
1054,URLLC,0.058919305843955924
1055,URLLC,0.059015883290565015
1056,URLLC,0.05912319544369124
1057,URLLC,0.059489003528519976
1058,URLLC,0.05918017251255287
1059,URLLC,0.05912016481216514
1060,URLLC,0.05927420636722834
1061,URLLC,0.059080478968649514
1062,URLLC,0.05903212232215243
1063,URLLC,0.0592905562467198
1064,URLLC,0.059095923707949055
1065,URLLC,0.059121500246604695
1066,URLLC,0.059047267186662596
1067,URLLC,0.059113389781275796
1068,URLLC,0.05933074316901208
1069,URLLC,0.0589335430784273
1070,URLLC,0.059413891781240215
1071,URLLC,0.059285219407565606
1072,URLLC,0.059363326283856856
1073,URLLC,0.059200758910840943
1074,URLLC,0.05901287118114247
1075,URLLC,0.05920810622482905
1076,URLLC,0.059026526469144545
1077,URLLC,0.059069592629541735
1078,URLLC,0.05922347793916238
1079,URLLC,0.05921789534504909
1080,URLLC,0.0589072297573313
1081,URLLC,0.059327425786731995
1082,URLLC,0.05914164383662802
1083,URLLC,0.05929855466293406
1084,URLLC,0.05928781541170361
1085,URLLC,0.05931297771160137
1086,URLLC,0.059091065771443324
1087,URLLC,0.05946252806157226
1088,URLLC,0.05933525296805199
1089,URLLC,0.05922108586905653
1090,URLLC,0.05929444677526562
1091,URLLC,0.059199845446459703
1092,URLLC,0.058951187105902005
1093,URLLC,0.05966924185292944
1094,URLLC,0.059176271089222056
1095,URLLC,0.05899790098734802
1096,URLLC,0.05918025337982887
1097,URLLC,0.059232206410544525
1098,URLLC,0.05912502752287753
1099,URLLC,0.059303616260603716
1100,URLLC,0.05882913493948601
1101,URLLC,0.0592211058449911
1102,URLLC,0.05896607599346376
1103,URLLC,0.059102622004160825
1104,URLLC,0.05932104795593035
1105,URLLC,0.05929581957630509
1106,URLLC,0.05920427714703763
1107,URLLC,0.05911989078916667
1108,URLLC,0.05917247229673552
1109,URLLC,0.05889727110882467
1110,URLLC,0.0589398312632363
1111,URLLC,0.05904686870988643
1112,URLLC,0.0591134453761925
1113,URLLC,0.05908642619611009
1114,URLLC,0.05924608033610088
1115,URLLC,0.059117925209409984
1116,URLLC,0.05917806620981918
1117,URLLC,0.05917124366556671
1118,URLLC,0.059086446195152326
1119,URLLC,0.059160392631507866
1120,URLLC,0.058987560492427094
1121,URLLC,0.059252395374477546
1122,URLLC,0.05904441697289864
1123,URLLC,0.05882433496426908
1124,URLLC,0.059423336748034856
1125,URLLC,0.05913977480130873
1126,URLLC,0.058867777392568855
1127,URLLC,0.05936202222821757
1128,URLLC,0.05930063352019406
1129,URLLC,0.05915323125325029
1130,URLLC,0.05942029578886502
1131,URLLC,0.05914340440924957
1132,URLLC,0.05929035299377796
1133,URLLC,0.05941261615384165
1134,URLLC,0.05932179556565557
1135,URLLC,0.05934418345431318
1136,URLLC,0.05887781831166624
1137,URLLC,0.05916541247037689
1138,URLLC,0.05941503722792677
1139,URLLC,0.059354889363298365
1140,URLLC,0.0591585344764591
1141,URLLC,0.05912589516361101
1142,URLLC,0.05922023677277767
1143,URLLC,0.05919746411957515
1144,URLLC,0.05911654022880588
1145,URLLC,0.05919617423362052
1146,URLLC,0.0594280297960508
1147,URLLC,0.05921530314287996
1148,URLLC,0.05942954546272544
1149,URLLC,0.05923998313347661
1150,URLLC,0.05915713165246054
1151,URLLC,0.05930018902105198
1152,URLLC,0.05911905003097448
1153,URLLC,0.059285884087730924
1154,URLLC,0.05912047185092101
1155,URLLC,0.05925649197328509
1156,URLLC,0.05948854656350347
1157,URLLC,0.05896201527637435
1158,URLLC,0.05902830454561217
1159,URLLC,0.05936793405827546
1160,URLLC,0.05898427082547655
1161,URLLC,0.05910886367082339
1162,URLLC,0.05925821195803787
1163,URLLC,0.05898225012706419
1164,URLLC,0.0591164901186041
1165,URLLC,0.05905140615014558
1166,URLLC,0.05909956707133633
1167,URLLC,0.05924165498770496
1168,URLLC,0.05918844220833884
1169,URLLC,0.05920616158232358
1170,URLLC,0.05924809820815093
1171,URLLC,0.059003075375561535
1172,URLLC,0.059242374117038074
1173,URLLC,0.059306838175377054
1174,URLLC,0.059266127716746754
1175,URLLC,0.05922455473847541
1176,URLLC,0.05913767053635004
1177,URLLC,0.059195909271149975
1178,URLLC,0.05932606505875398
1179,URLLC,0.05910331161907626
1180,URLLC,0.058965028044568435
1181,URLLC,0.05930005792211024
1182,URLLC,0.05921659359588209
1183,URLLC,0.05902130443532309
1184,URLLC,0.05949354711201963
1185,URLLC,0.05883715827214557
1186,URLLC,0.0595729751033048
1187,URLLC,0.059158473825071965
1188,URLLC,0.059153075209029946
1189,URLLC,0.05908873177133738
1190,URLLC,0.0591305951378455
1191,URLLC,0.05914656819084663
1192,URLLC,0.059075253290251595
1193,URLLC,0.05915286907021152
1194,URLLC,0.05894440125870802
1195,URLLC,0.05898143952463631
1196,URLLC,0.059152457465553324
1197,URLLC,0.05915192199891381
1198,URLLC,0.059194876979951065
1199,URLLC,0.05925909553923127
1200,URLLC,0.05885031400621916
1201,URLLC,0.059413857523454947
1202,URLLC,0.059336040513837625
1203,URLLC,0.05901812336157265
1204,URLLC,0.05929221806220251
1205,URLLC,0.05938142625272049
1206,URLLC,0.0590341899738492
1207,URLLC,0.05938595655481434
1208,URLLC,0.05942247721804605
1209,URLLC,0.05907371556125627
1210,URLLC,0.05924724588984351
1211,URLLC,0.059319779342073595
1212,URLLC,0.05927021432374951
1213,URLLC,0.05922274714797975
1214,URLLC,0.05908127129310343
1215,URLLC,0.05922065136421665
1216,URLLC,0.05919788750835558
1217,URLLC,0.05882273486787574
1218,URLLC,0.05916466932811461
1219,URLLC,0.05914351487667621
1220,URLLC,0.05903295769901061
1221,URLLC,0.05899912832582804
1222,URLLC,0.05917789093679505
1223,URLLC,0.059288810997679825
1224,URLLC,0.059190367607211386
1225,URLLC,0.05940275197094963
1226,URLLC,0.05913129249297399
1227,URLLC,0.05933182156410144
1228,URLLC,0.059212625058224874
1229,URLLC,0.059138892577143005
1230,URLLC,0.059101067657514314
1231,URLLC,0.05931997466875722
1232,URLLC,0.059339271130725395
1233,URLLC,0.05909454152574709
1234,URLLC,0.05908894378121921
1235,URLLC,0.0590814492694378
1236,URLLC,0.05923464832401289
1237,URLLC,0.05890459010291752
1238,URLLC,0.05920479922595667
1239,URLLC,0.05914744842432182
1240,URLLC,0.05926335022602433
1241,URLLC,0.059249765187765646
1242,URLLC,0.05894840013369506
1243,URLLC,0.05913404820123063
1244,URLLC,0.0589398271114729
1245,URLLC,0.0596128647282593
1246,URLLC,0.05887153815373254
1247,URLLC,0.05892506364139305
1248,URLLC,0.059591041299023914
1249,URLLC,0.059254467666850566
1250,URLLC,0.059240532190217944
1251,URLLC,0.058951952788317386
1252,URLLC,0.05902266486242684
1253,URLLC,0.05917858709641445
1254,URLLC,0.05893796473094183
1255,URLLC,0.05945446639582257
1256,URLLC,0.059353038053990524
1257,URLLC,0.05915452480687432
1258,URLLC,0.05937401555315474
1259,URLLC,0.05937317651691652
1260,URLLC,0.05946742538894411
1261,URLLC,0.05908716108570007
1262,URLLC,0.059063155265414564
1263,URLLC,0.05940582970056608
1264,URLLC,0.05923206287444943
1265,URLLC,0.059316063684194724
1266,URLLC,0.05923815502956736
1267,URLLC,0.059280928564187804
1268,URLLC,0.05890511948742167
1269,URLLC,0.05908560931820402
1270,URLLC,0.05944277412847345
1271,URLLC,0.059285995460854814
1272,URLLC,0.059146769675835126
1273,URLLC,0.05906666344507329
1274,URLLC,0.059358117602968365
1275,URLLC,0.05886375357877106
1276,URLLC,0.05912140933485279
1277,URLLC,0.05890580377955405
1278,URLLC,0.059022576863742925
1279,URLLC,0.05935846213359567
1280,URLLC,0.05905147846325269
1281,URLLC,0.058986154724850165
1282,URLLC,0.05930903997061333
1283,URLLC,0.05925972435463908
1284,URLLC,0.059431646519101995
1285,URLLC,0.058930712779846156
1286,URLLC,0.05926516659508611
1287,URLLC,0.0590240557239058
1288,URLLC,0.05933784334622255
1289,URLLC,0.05956094248622447
1290,URLLC,0.05902522109055773
1291,URLLC,0.05879148728760409
1292,URLLC,0.059172768392165224
1293,URLLC,0.059068067604624686
1294,URLLC,0.059219820938241616
1295,URLLC,0.05928455297673637
1296,URLLC,0.05947727537390393
1297,URLLC,0.05899366135808631
1298,URLLC,0.05925690259080497
1299,URLLC,0.059341346564376514
1300,URLLC,0.05950020652716393
1301,URLLC,0.059149419602915754
1302,URLLC,0.05934098964958053
1303,URLLC,0.05944240489488307
1304,URLLC,0.059207272287899106
1305,URLLC,0.05911176674426567
1306,URLLC,0.059301646990969015
1307,URLLC,0.059099074511216654
1308,URLLC,0.058987524213729985
1309,URLLC,0.05904785734480931
1310,URLLC,0.058976165745218405
1311,URLLC,0.05925365117690742
1312,URLLC,0.059455188449723355
1313,URLLC,0.058925178317617365
1314,URLLC,0.05895141606243385
1315,URLLC,0.059062654867116766
1316,URLLC,0.05930925144611207
1317,URLLC,0.05924568193675839
1318,URLLC,0.059022091541781264
1319,URLLC,0.059384206541856464
1320,URLLC,0.05918492698082247
1321,URLLC,0.0591276083171859
1322,URLLC,0.059136483981410116
1323,URLLC,0.05930409551206143
1324,URLLC,0.0592300304724998
1325,URLLC,0.058833700311451076
1326,URLLC,0.058998314970606806
1327,URLLC,0.059032095484539505
1328,URLLC,0.059117947036071025
1329,URLLC,0.059163087809104696
1330,URLLC,0.05951515056083309
1331,URLLC,0.05903258687468857
1332,URLLC,0.058990578048265886
1333,URLLC,0.05923700919990993
1334,URLLC,0.05889107123892947
1335,URLLC,0.05906879734937273
1336,URLLC,0.05922566832297108
1337,URLLC,0.05904895783765818
1338,URLLC,0.05899897904903318
1339,URLLC,0.05918905126122023
1340,URLLC,0.05897593421178082
1341,URLLC,0.0591841650112626
1342,URLLC,0.05920039425186813
1343,URLLC,0.05914989821562147
1344,URLLC,0.05919718852869205
1345,URLLC,0.05916860895558658
1346,URLLC,0.0592182079818099
1347,URLLC,0.05923738867621827
1348,URLLC,0.05905830602106353
1349,URLLC,0.05932217212000113
1350,URLLC,0.05906470570432849
1351,URLLC,0.05915465250956485
1352,URLLC,0.05911009750857544
1353,URLLC,0.059054813028566674
1354,URLLC,0.05934025718253453
1355,URLLC,0.0592133568053207
1356,URLLC,0.05915731026520071
1357,URLLC,0.058979197087385346
1358,URLLC,0.05925568093928489
1359,URLLC,0.05934577187252465
1360,URLLC,0.05891995117048435
1361,URLLC,0.05916035058890018
1362,URLLC,0.05898177333674231
1363,URLLC,0.059006568714985774
1364,URLLC,0.05929162961083045
1365,URLLC,0.05919070056175796
1366,URLLC,0.059147468309785935
1367,URLLC,0.059289832655366616
1368,URLLC,0.05916117559704394
1369,URLLC,0.059438537237079224
1370,URLLC,0.059106270287313724
1371,URLLC,0.05920521950250537
1372,URLLC,0.05888787823019991
1373,URLLC,0.059184972865756906
1374,URLLC,0.05912902862324339
1375,URLLC,0.05897919863229089
1376,URLLC,0.05928220781478128
1377,URLLC,0.05902260392208774
1378,URLLC,0.059312570751777746
1379,URLLC,0.05925818527741905
1380,URLLC,0.05893735260987166
1381,URLLC,0.05900485190925651
1382,URLLC,0.05934604116184819
1383,URLLC,0.059222905929847386
1384,URLLC,0.05900958061678045
1385,URLLC,0.05901398043766316
1386,URLLC,0.05944442033641088
1387,URLLC,0.059530548645241356
1388,URLLC,0.05904347460364366
1389,URLLC,0.059082997391812914
1390,URLLC,0.059316564510122814
1391,URLLC,0.058896740992459305
1392,URLLC,0.05928137420411157
1393,URLLC,0.059152538330948745
1394,URLLC,0.05904914715222248
1395,URLLC,0.05918633215939452
1396,URLLC,0.059392815282466774
1397,URLLC,0.05907915585731984
1398,URLLC,0.0591499249032443
1399,URLLC,0.0593130969860947
1400,URLLC,0.059358825772392536
1401,URLLC,0.05919431829880463
1402,URLLC,0.05916185598943083
1403,URLLC,0.05925408541932754
1404,URLLC,0.059540646373764765
1405,URLLC,0.05945305684044248
1406,URLLC,0.05887428766908067
1407,URLLC,0.05923937680143316
1408,URLLC,0.05893556011756723
1409,URLLC,0.05880496211553208
1410,URLLC,0.05916693195842251
1411,URLLC,0.05893033386805037
1412,URLLC,0.05922014940724629
1413,URLLC,0.05935873364486593
1414,URLLC,0.05906300024526952
1415,URLLC,0.05933999589915408
1416,URLLC,0.05936747254966529
1417,URLLC,0.05919526146349003
1418,URLLC,0.05889101162557739
1419,URLLC,0.059091812628371064
1420,URLLC,0.05909090355701146
1421,URLLC,0.059100848104567276
1422,URLLC,0.0588641378576239
1423,URLLC,0.05920467496818083
1424,URLLC,0.058908940854042635
1425,URLLC,0.059052593776093766
1426,URLLC,0.05912395097482643
1427,URLLC,0.05920620031882244
1428,URLLC,0.05937850424433342
1429,URLLC,0.05962229534746615
1430,URLLC,0.0590669378974879
1431,URLLC,0.05899315683342707
1432,URLLC,0.05887578167094255
1433,URLLC,0.058956342833788665
1434,URLLC,0.05922356395547181
1435,URLLC,0.059092126007326974
1436,URLLC,0.059303579720531366
1437,URLLC,0.05911832096136152
1438,URLLC,0.05934252415158685
1439,URLLC,0.058869834169599046
1440,URLLC,0.05924124280712221
1441,URLLC,0.05954508541386898
1442,URLLC,0.059195474455756424
1443,URLLC,0.05908902434709756
1444,URLLC,0.05884099332698602
1445,URLLC,0.059431294044782645
1446,URLLC,0.05933983517933501
1447,URLLC,0.0592159856715644
1448,URLLC,0.059417026668663664
1449,URLLC,0.05920289275973526
1450,URLLC,0.05907610969349763
1451,URLLC,0.059044947366748875
1452,URLLC,0.05927639570123396
1453,URLLC,0.05923463377746974
1454,URLLC,0.05928806710005542
1455,URLLC,0.059135915224781926
1456,URLLC,0.0592460645287009
1457,URLLC,0.05917392908220301
1458,URLLC,0.0593766528703668
1459,URLLC,0.05907731535919931
1460,URLLC,0.05912512595175492
1461,URLLC,0.05916808101761231
1462,URLLC,0.059069315355779285
1463,URLLC,0.05931205912566586
1464,URLLC,0.058922646848214494
1465,URLLC,0.05898995887167311
1466,URLLC,0.05931340115742645
1467,URLLC,0.05914260186851084
1468,URLLC,0.05893147831954248
1469,URLLC,0.0589568713075401
1470,URLLC,0.059160127094800834
1471,URLLC,0.05940624345312615
1472,URLLC,0.059275608086820634
1473,URLLC,0.059111944511409935
1474,URLLC,0.059042746884473495
1475,URLLC,0.05919892280874915
1476,URLLC,0.0592824827795915
1477,URLLC,0.05950654462140018
1478,URLLC,0.05931898458538927
1479,URLLC,0.05902825440305659
1480,URLLC,0.05904990110807081
1481,URLLC,0.05918506500980498
1482,URLLC,0.05924995302441453
1483,URLLC,0.05950134129990129
1484,URLLC,0.05926291317181752
1485,URLLC,0.059092834588435034
1486,URLLC,0.05920214755677844
1487,URLLC,0.059233115539972514
1488,URLLC,0.05890107039392879
1489,URLLC,0.05898049285192065
1490,URLLC,0.05903131711289322
1491,URLLC,0.059220130854872086
1492,URLLC,0.059184251300581
1493,URLLC,0.05927991690980415
1494,URLLC,0.05898154866020841
1495,URLLC,0.05917704861765008
1496,URLLC,0.05900141370545329
1497,URLLC,0.05947059455463774
1498,URLLC,0.059073187128389874
1499,URLLC,0.05946685104985691
1500,URLLC,0.059254292116617695
1501,URLLC,0.059004844494261334
1502,URLLC,0.059091673877419044
1503,URLLC,0.05921757271052777
1504,URLLC,0.059558140092762384
1505,URLLC,0.05912837983016047
1506,URLLC,0.059001362721748586
1507,URLLC,0.059000139923185514
1508,URLLC,0.059232151053406845
1509,URLLC,0.05910831127307908
1510,URLLC,0.0591785339419345
1511,URLLC,0.059251934289279246
1512,URLLC,0.05907708372496635
1513,URLLC,0.059212723462992174
1514,URLLC,0.058750225898539586
1515,URLLC,0.05923203027535109
1516,URLLC,0.05913419568223031
1517,URLLC,0.05926237053213769
1518,URLLC,0.0590239946547538
1519,URLLC,0.05931827476863377
1520,URLLC,0.059335850777758756
1521,URLLC,0.059163223973977205
1522,URLLC,0.05927743037311809
1523,URLLC,0.059297604043997
1524,URLLC,0.059425064679942005
1525,URLLC,0.059263670662069064
1526,URLLC,0.05918516518680468
1527,URLLC,0.05933720048198713
1528,URLLC,0.05917028554536931
1529,URLLC,0.05926924496196479
1530,URLLC,0.05915250220329976
1531,URLLC,0.059213541679826544
1532,URLLC,0.05924317758273313
1533,URLLC,0.05925115272631181
1534,URLLC,0.05903598596587587
1535,URLLC,0.05889729061120773
1536,URLLC,0.059323852871661156
1537,URLLC,0.05910670644927043
1538,URLLC,0.059346769274408726
1539,URLLC,0.05924848355028009
1540,URLLC,0.05938542594340634
1541,URLLC,0.05946129644426775
1542,URLLC,0.05906991961192122
1543,URLLC,0.059135437482201195
1544,URLLC,0.0592014730475465
1545,URLLC,0.05932011449395482
1546,URLLC,0.05890229262179001
1547,URLLC,0.05894940250722968
1548,URLLC,0.059407400020572515
1549,URLLC,0.05896299808855734
1550,URLLC,0.05920004898293516
1551,URLLC,0.058924037545275657
1552,URLLC,0.05929287442651718
1553,URLLC,0.05896526885494124
1554,URLLC,0.0593311643352869
1555,URLLC,0.059122427720349
1556,URLLC,0.05925175710925595
1557,URLLC,0.05924755844288517
1558,URLLC,0.05935775880985792
1559,URLLC,0.05887298625996653
1560,URLLC,0.05924063292353176
1561,URLLC,0.05926080400240305
1562,URLLC,0.059092047217298986
1563,URLLC,0.05960356662673838
1564,URLLC,0.0595425712981179
1565,URLLC,0.059134877226865744
1566,URLLC,0.05938721675027988
1567,URLLC,0.0592081246365753
1568,URLLC,0.05952569287625008
1569,URLLC,0.05930039987634866
1570,URLLC,0.05902522474566327
1571,URLLC,0.05918327181392669
1572,URLLC,0.059251544197896855
1573,URLLC,0.05891850246510927
1574,URLLC,0.05895761961939774
1575,URLLC,0.059108765491728985
1576,URLLC,0.05922673443742546
1577,URLLC,0.0588283002965195
1578,URLLC,0.05894088350150291
1579,URLLC,0.059420610329926064
1580,URLLC,0.05924347814400042
1581,URLLC,0.059010691261307216
1582,URLLC,0.058944051062920055
1583,URLLC,0.05905608180829809
1584,URLLC,0.059149955865737285
1585,URLLC,0.0591461181747372
1586,URLLC,0.05909857783245556
1587,URLLC,0.05891148243076941
1588,URLLC,0.05914734553799175
1589,URLLC,0.05908578073753244
1590,URLLC,0.05899326478566122
1591,URLLC,0.059041742808602776
1592,URLLC,0.05929317474388552
1593,URLLC,0.0592759487146234
1594,URLLC,0.0595205673193992
1595,URLLC,0.05912408986898848
1596,URLLC,0.05885568662773872
1597,URLLC,0.0590040200838335
1598,URLLC,0.059285368085460755
1599,URLLC,0.059324631384942934
1600,URLLC,0.05902526777472447
1601,URLLC,0.05918319924496608
1602,URLLC,0.0590303192124109
1603,URLLC,0.05892047821224722
1604,URLLC,0.058912953442800516
1605,URLLC,0.059150055338157696
1606,URLLC,0.059130512932619665
1607,URLLC,0.05893495791332732
1608,URLLC,0.059054535620893155
1609,URLLC,0.05926206060496497
1610,URLLC,0.05941243359857252
1611,URLLC,0.058956546631596454
1612,URLLC,0.05894273918167143
1613,URLLC,0.05940558841049777
1614,URLLC,0.05938638978963646
1615,URLLC,0.05905957083675117
1616,URLLC,0.05921714206421064
1617,URLLC,0.059104743885179105
1618,URLLC,0.0593462364020543
1619,URLLC,0.059434955368438395
1620,URLLC,0.059066225643483496
1621,URLLC,0.05938343428935491
1622,URLLC,0.0593820878254976
1623,URLLC,0.05892094981950463
1624,URLLC,0.059341331910870966
1625,URLLC,0.05927913251344267
1626,URLLC,0.05903944108491064
1627,URLLC,0.05927432862894593
1628,URLLC,0.059189695480714816
1629,URLLC,0.0591516483148919
1630,URLLC,0.058933987301937704
1631,URLLC,0.0592762281828728
1632,URLLC,0.059126856956090636
1633,URLLC,0.05947656878757035
1634,URLLC,0.05939619008459084
1635,URLLC,0.059174381419509405
1636,URLLC,0.059159257700061856
1637,URLLC,0.05926028284934652
1638,URLLC,0.05901002099177592
1639,URLLC,0.05921342435934396
1640,URLLC,0.05939217354000561
1641,URLLC,0.05909940288075602
1642,URLLC,0.05910880132045778
1643,URLLC,0.05949186318517726
1644,URLLC,0.059104232818881795
1645,URLLC,0.05907929235973898
1646,URLLC,0.05928060876595873
1647,URLLC,0.05948744112959349
1648,URLLC,0.05899397839468222
1649,URLLC,0.05933004564776308
1650,URLLC,0.05912041425606911
1651,URLLC,0.05930201806477937
1652,URLLC,0.05893150485614442
1653,URLLC,0.059101595241390255
1654,URLLC,0.05939181469878449
1655,URLLC,0.05916590386025588
1656,URLLC,0.05933209883076604
1657,URLLC,0.05896892751227686
1658,URLLC,0.05929286112438426
1659,URLLC,0.05925326866716442
1660,URLLC,0.05944472417229988
1661,URLLC,0.05917310910857931
1662,URLLC,0.058902681654057196
1663,URLLC,0.0590937176238533
1664,URLLC,0.05886450982732259
1665,URLLC,0.05930965757989677
1666,URLLC,0.05932857401779686
1667,URLLC,0.05908169813071431
1668,URLLC,0.05921535241773822
1669,URLLC,0.05931040961131404
1670,URLLC,0.0592548462468845
1671,URLLC,0.05917258376293133
1672,URLLC,0.059260566226558745
1673,URLLC,0.059155081580791365
1674,URLLC,0.059395159027657414
1675,URLLC,0.05917715019144529
1676,URLLC,0.05884717153550521
1677,URLLC,0.05945554556732049
1678,URLLC,0.059042356141188856
1679,URLLC,0.05924850202243494
1680,URLLC,0.05950894012585725
1681,URLLC,0.058814073071667895
1682,URLLC,0.05924623172144578
1683,URLLC,0.05930315887419991
1684,URLLC,0.059126675511929086
1685,URLLC,0.058977382395189286
1686,URLLC,0.05897566936534782
1687,URLLC,0.05913022759684977
1688,URLLC,0.05932671036963429
1689,URLLC,0.05932159972309327
1690,URLLC,0.059270437546487524
1691,URLLC,0.05896263780588764
1692,URLLC,0.059183053626829976
1693,URLLC,0.05908572628022185
1694,URLLC,0.05880337990996304
1695,URLLC,0.058714401247927324
1696,URLLC,0.05907122464765644
1697,URLLC,0.059187537460901295
1698,URLLC,0.05923128035220685
1699,URLLC,0.05911834329718215
1700,URLLC,0.05937782857182806
1701,URLLC,0.059244166563885564
1702,URLLC,0.058918440399315715
1703,URLLC,0.059100729356287136
1704,URLLC,0.05907067175913986
1705,URLLC,0.05918485327485548
1706,URLLC,0.05916006308754275
1707,URLLC,0.05911794331443213
1708,URLLC,0.05879429277554129
1709,URLLC,0.05935965117299698
1710,URLLC,0.059315676215921716
1711,URLLC,0.05956009504364332
1712,URLLC,0.05920477004450417
1713,URLLC,0.05915404893486394
1714,URLLC,0.05902004941515034
1715,URLLC,0.05902002374056362
1716,URLLC,0.05877742960977514
1717,URLLC,0.05920378853216375
1718,URLLC,0.059193479477183994
1719,URLLC,0.05902963812798224
1720,URLLC,0.059307392544951515
1721,URLLC,0.059111156271048765
1722,URLLC,0.05912150390605274
1723,URLLC,0.05902115166067321
1724,URLLC,0.05907228516587509
1725,URLLC,0.05918302126073759
1726,URLLC,0.05936525968323002
1727,URLLC,0.0590747210906979
1728,URLLC,0.05945436731904063
1729,URLLC,0.059163823285854164
1730,URLLC,0.059426239496065174
1731,URLLC,0.05899453246897584
1732,URLLC,0.059110087654687476
1733,URLLC,0.05925374242130244
1734,URLLC,0.05912447959815654
1735,URLLC,0.0591551146188245
1736,URLLC,0.05942276338812785
1737,URLLC,0.05899944357030986
1738,URLLC,0.0591036081100835
1739,URLLC,0.059397793772928316
1740,URLLC,0.05905883186505246
1741,URLLC,0.05903456628103087
1742,URLLC,0.0591995138739576
1743,URLLC,0.05932465638495288
1744,URLLC,0.05920245077143968
1745,URLLC,0.059151354010390754
1746,URLLC,0.059319941200634434
1747,URLLC,0.059497543736955635
1748,URLLC,0.059239794780916684
1749,URLLC,0.05919796422500775
1750,URLLC,0.05931209460722296
1751,URLLC,0.05937816815533305
1752,URLLC,0.05899562956292044
1753,URLLC,0.05918152435340281
1754,URLLC,0.05894396375136228
1755,URLLC,0.059411012076664396
1756,URLLC,0.059218038625961075
1757,URLLC,0.059195187391852346
1758,URLLC,0.05927980702167126
1759,URLLC,0.058880409684337186
1760,URLLC,0.0593819776751461
1761,URLLC,0.059025165022844855
1762,URLLC,0.059100865733409426
1763,URLLC,0.05897263354529026
1764,URLLC,0.059198081342229564
1765,URLLC,0.05900700633198918
1766,URLLC,0.05916754122615523
1767,URLLC,0.059312577037885575
1768,URLLC,0.05943158997341689
1769,URLLC,0.05931497231327455
1770,URLLC,0.05934675877492849
1771,URLLC,0.05903806541508843
1772,URLLC,0.05936280989645106
1773,URLLC,0.059199439733670964
1774,URLLC,0.059228109413159154
1775,URLLC,0.05922104646670945
1776,URLLC,0.05914215722735175
1777,URLLC,0.05931808100458341
1778,URLLC,0.059347158643583545
1779,URLLC,0.05907798171304733
1780,URLLC,0.05918645734773934
1781,URLLC,0.05912158556801635
1782,URLLC,0.05920340534428751
1783,URLLC,0.059294982738249895
1784,URLLC,0.05914408570398714
1785,URLLC,0.0593300798899362
1786,URLLC,0.059083126427987534
1787,URLLC,0.05908868419684423
1788,URLLC,0.05934712231498497
1789,URLLC,0.059140306111245745
1790,URLLC,0.059363102920655136
1791,URLLC,0.05946155539982861
1792,URLLC,0.05930413040478561
1793,URLLC,0.05924301419966945
1794,URLLC,0.059341775346323414
1795,URLLC,0.05925973818325433
1796,URLLC,0.05926716679375413
1797,URLLC,0.05921324246906588
1798,URLLC,0.05942714793490675
1799,URLLC,0.059329233002141414
1800,URLLC,0.059286067023981384
1801,URLLC,0.059429022739070185
1802,URLLC,0.05907829792037217
1803,URLLC,0.05908184163464572
1804,URLLC,0.059062418494321936
1805,URLLC,0.05922998926570002
1806,URLLC,0.05920758951972467
1807,URLLC,0.05916675654377126
1808,URLLC,0.059448596369760985
1809,URLLC,0.05907427168015285
1810,URLLC,0.059064206988967805
1811,URLLC,0.05943736244205312
1812,URLLC,0.05941719941921876
1813,URLLC,0.0593114018726125
1814,URLLC,0.0591010716386651
1815,URLLC,0.05923914030338127
1816,URLLC,0.059232987851037276
1817,URLLC,0.059391050413735685
1818,URLLC,0.05942457207815643
1819,URLLC,0.05932851965215808
1820,URLLC,0.05888394494590526
1821,URLLC,0.05906222966585067
1822,URLLC,0.05915103771727032
1823,URLLC,0.05903946843221091
1824,URLLC,0.058961047218077677
1825,URLLC,0.0591381212796482
1826,URLLC,0.05900404245253299
1827,URLLC,0.05904295704709098
1828,URLLC,0.05882078132187435
1829,URLLC,0.059212566191141035
1830,URLLC,0.05908995243618084
1831,URLLC,0.059194512526339206
1832,URLLC,0.05888648878507174
1833,URLLC,0.05920375062148257
1834,URLLC,0.05927399663542875
1835,URLLC,0.05917088287850146
1836,URLLC,0.05936741273310776
1837,URLLC,0.05901731742939195
1838,URLLC,0.05907503462212361
1839,URLLC,0.05915569227836581
1840,URLLC,0.059316787786841914
1841,URLLC,0.059108309456260846
1842,URLLC,0.05899690835764309
1843,URLLC,0.05928366406797074
1844,URLLC,0.059183890630060354
1845,URLLC,0.05931390592023155
1846,URLLC,0.05922967537692144
1847,URLLC,0.05935221198987231
1848,URLLC,0.05917946982491085
1849,URLLC,0.059322849542294914
1850,URLLC,0.059436221727698996
1851,URLLC,0.05919715798049963
1852,URLLC,0.059056660321969545
1853,URLLC,0.059167028207594105
1854,URLLC,0.059313439981267514
1855,URLLC,0.05910380824643735
1856,URLLC,0.05916686634112193
1857,URLLC,0.05913552650412837
1858,URLLC,0.05911072435791513
1859,URLLC,0.059063494979980646
1860,URLLC,0.05909799483437008
1861,URLLC,0.05939820186950063
1862,URLLC,0.059187388318259426
1863,URLLC,0.059135773866864576
1864,URLLC,0.05890340380554246
1865,URLLC,0.05914113730667348
1866,URLLC,0.05897879258737172
1867,URLLC,0.05908678692036881
1868,URLLC,0.05899870832838177
1869,URLLC,0.05906264254965062
1870,URLLC,0.0593648998463807
1871,URLLC,0.05907224802487388
1872,URLLC,0.0591002748659316
1873,URLLC,0.059237076702684584
1874,URLLC,0.05902955423180054
1875,URLLC,0.058927980076363295
1876,URLLC,0.05932534433857521
1877,URLLC,0.05960256304373139
1878,URLLC,0.05930950799754044
1879,URLLC,0.05909151559374642
1880,URLLC,0.059269624937548546
1881,URLLC,0.05901207436410785
1882,URLLC,0.0593249750130264
1883,URLLC,0.05943583976935886
1884,URLLC,0.05933187576648633
1885,URLLC,0.05919189839336549
1886,URLLC,0.05914530088825346
1887,URLLC,0.05907087172197301
1888,URLLC,0.059331274377460164
1889,URLLC,0.05916953197778518
1890,URLLC,0.05926040443437814
1891,URLLC,0.05922956680899285
1892,URLLC,0.059180180076261676
1893,URLLC,0.05933821565244639
1894,URLLC,0.05898485070085221
1895,URLLC,0.05896356741405954
1896,URLLC,0.05903177808304127
1897,URLLC,0.0590334732767033
1898,URLLC,0.05916995896087436
1899,URLLC,0.059077323874775954
1900,URLLC,0.05916482468896876
1901,URLLC,0.059289353709104826
1902,URLLC,0.05925369843160025
1903,URLLC,0.05905150974763544
1904,URLLC,0.05916865087692644
1905,URLLC,0.05909671269084958
1906,URLLC,0.05913785814048699
1907,URLLC,0.059201891980515634
1908,URLLC,0.059258438158584
1909,URLLC,0.059071789143214995
1910,URLLC,0.05919089144904617
1911,URLLC,0.059176412498929465
1912,URLLC,0.05910562600843648
1913,URLLC,0.059034406003484245
1914,URLLC,0.05910288103830139
1915,URLLC,0.059354068785933294
1916,URLLC,0.0590115615829181
1917,URLLC,0.05933743806416882
1918,URLLC,0.05912479473730447
1919,URLLC,0.05900644493388318
1920,URLLC,0.059273438626494576
1921,URLLC,0.05926625070536228
1922,URLLC,0.05936234074702751
1923,URLLC,0.05919397631527126
1924,URLLC,0.059193062109074296
1925,URLLC,0.059231167482750924
1926,URLLC,0.05915578497156228
1927,URLLC,0.058992218655010795
1928,URLLC,0.059038723455161125
1929,URLLC,0.059182174890498304
1930,URLLC,0.058861641333646915
1931,URLLC,0.05916639272810751
1932,URLLC,0.05948240277842717
1933,URLLC,0.05938894814018257
1934,URLLC,0.058855269488313114
1935,URLLC,0.059271607647321034
1936,URLLC,0.05922666903306352
1937,URLLC,0.059145117609166104
1938,URLLC,0.059486501601744214
1939,URLLC,0.05922042669674459
1940,URLLC,0.05930499820500582
1941,URLLC,0.0589725907992381
1942,URLLC,0.059215186312772006
1943,URLLC,0.05930321938552724
1944,URLLC,0.059104054298687723
1945,URLLC,0.059125275704091644
1946,URLLC,0.05928576938305829
1947,URLLC,0.05907364081780892
1948,URLLC,0.05908206636010127
1949,URLLC,0.05918396886217466
1950,URLLC,0.059246200933353574
1951,URLLC,0.05925481519446312
1952,URLLC,0.0593309453282635
1953,URLLC,0.058497069179633224
1954,URLLC,0.059209803094793304
1955,URLLC,0.05896779535927149
1956,URLLC,0.058991815938311584
1957,URLLC,0.059363380168030805
1958,URLLC,0.05895348961248809
1959,URLLC,0.05919238698390707
1960,URLLC,0.05930377950604997
1961,URLLC,0.059084433796828824
1962,URLLC,0.05870091971623381
1963,URLLC,0.05906878828644869
1964,URLLC,0.059184458533818554
1965,URLLC,0.059199268094366535
1966,URLLC,0.05926005551341868
1967,URLLC,0.059005564492327404
1968,URLLC,0.05911394399174204
1969,URLLC,0.05929382090439769
1970,URLLC,0.05892506625068363
1971,URLLC,0.05913711706431224
1972,URLLC,0.05933375140740841
1973,URLLC,0.0589637605571
1974,URLLC,0.05933374478880527
1975,URLLC,0.059101306457178135
1976,URLLC,0.05900098882976873
1977,URLLC,0.059317320856899995
1978,URLLC,0.059243017861347384
1979,URLLC,0.05890166923699159
1980,URLLC,0.05877914826748611
1981,URLLC,0.058948648372718675
1982,URLLC,0.05927017881323766
1983,URLLC,0.058954207681345544
1984,URLLC,0.05923234225710764
1985,URLLC,0.05917337110952824
1986,URLLC,0.0588650268464309
1987,URLLC,0.05912908292158072
1988,URLLC,0.05916146185981687
1989,URLLC,0.05927470225764591
1990,URLLC,0.05943253344656649
1991,URLLC,0.0591026774237973
1992,URLLC,0.05954820340219711
1993,URLLC,0.05908407111816286
1994,URLLC,0.059212196987655966
1995,URLLC,0.05916736260612065
1996,URLLC,0.05953850439684847
1997,URLLC,0.05908880125914375
1998,URLLC,0.059173042575734504
1999,URLLC,0.059092476907517025
0,eMBB,0.0
1,eMBB,0.0
2,eMBB,0.0
3,eMBB,0.0
4,eMBB,0.0
5,eMBB,0.0
6,eMBB,0.0
7,eMBB,0.0
8,eMBB,0.0
9,eMBB,0.0
10,eMBB,0.0
11,eMBB,0.0
12,eMBB,0.0
13,eMBB,0.0
14,eMBB,0.0
15,eMBB,1.4977743650908715
16,eMBB,1.6069874426785242
17,eMBB,1.7039227522851708
18,eMBB,1.7835722029348227
19,eMBB,1.8802966238921621
20,eMBB,1.9713991185766278
21,eMBB,2.0791655302667853
22,eMBB,2.170568779031705
23,eMBB,2.2632797037873265
24,eMBB,2.3935253836177868
25,eMBB,2.4450396635684934
26,eMBB,2.461922129274149
27,eMBB,2.5803297871255433
28,eMBB,2.5853596113821427
29,eMBB,2.756819900024595
30,eMBB,2.8843796507812978
31,eMBB,3.0188356744792286
32,eMBB,3.0760175537828665
33,eMBB,3.0295124408101404
34,eMBB,3.277014616118369
35,eMBB,3.3241219930772465
36,eMBB,3.5294708166199875
37,eMBB,3.545024516955524
38,eMBB,3.6040150043617802
39,eMBB,3.8115055639119335
40,eMBB,3.7910736238681855
41,eMBB,3.9267650148684554
42,eMBB,4.119081726369383
43,eMBB,4.186439646571507
44,eMBB,4.263246099258013
45,eMBB,4.425113811320587
46,eMBB,4.479141819223856
47,eMBB,4.1365009458952775
48,eMBB,4.597051753041559
49,eMBB,4.607214672887985
50,eMBB,4.7661416042427405
51,eMBB,5.000170122491975
52,eMBB,4.59843139896565
53,eMBB,5.006692967088696
54,eMBB,5.061744467158746
55,eMBB,5.423307389674096
56,eMBB,5.446290056462818
57,eMBB,5.31078686763998
58,eMBB,5.62764511415518
59,eMBB,4.785203718288089
60,eMBB,5.578511227452408
61,eMBB,5.9476011902968695
62,eMBB,6.079186202382896
63,eMBB,5.325983237095102
64,eMBB,6.123826187663735
65,eMBB,6.06918523024632
66,eMBB,6.211819905445907
67,eMBB,6.222803969995222
68,eMBB,6.175561905399425
69,eMBB,6.184191150766761
70,eMBB,6.006397802105824
71,eMBB,6.678542375454793
72,eMBB,6.830810202993913
73,eMBB,7.000723847119693
74,eMBB,6.588410475028419
75,eMBB,6.975206405155811
76,eMBB,7.4434479845811445
77,eMBB,6.791682550506924
78,eMBB,7.164167516780186
79,eMBB,7.37931038519772
80,eMBB,7.200566425719838
81,eMBB,7.442546872828954
82,eMBB,7.910314156860015
83,eMBB,7.304557763234096
84,eMBB,7.760931685913092
85,eMBB,7.211980108559501
86,eMBB,8.161062164547573
87,eMBB,6.9968028772541535
88,eMBB,7.862449018497697
89,eMBB,8.377200152521235
90,eMBB,8.509451607617356
91,eMBB,8.328543632019725
92,eMBB,8.435479189189007
93,eMBB,8.05919279580234
94,eMBB,8.458986505712863
95,eMBB,8.149366476660004
96,eMBB,7.858670057278153
97,eMBB,7.239342366190018
98,eMBB,8.361047217880154
99,eMBB,6.141263816296605
100,eMBB,7.817193214007938
101,eMBB,8.971820389889425
102,eMBB,8.78823869997889
103,eMBB,8.623442817904936
104,eMBB,8.426543313280046
105,eMBB,8.13506864566582
106,eMBB,6.791642521209073
107,eMBB,9.764764692372239
108,eMBB,9.145972120689969
109,eMBB,9.54475394800451
110,eMBB,9.16483702010992
111,eMBB,8.673816710503395
112,eMBB,9.514539312160382
113,eMBB,9.232566268362183
114,eMBB,10.022178347589218
115,eMBB,8.907995662455136
116,eMBB,8.089700202000355
117,eMBB,9.458150415160942
118,eMBB,9.250276271849334
119,eMBB,10.379273485441589
120,eMBB,9.130394077959092
121,eMBB,9.781074758508398
122,eMBB,9.284613799396757
123,eMBB,11.222936617210756
124,eMBB,9.339714507124361
125,eMBB,9.003978670585191
126,eMBB,10.566017666795505
127,eMBB,9.146606846294192
128,eMBB,11.38968192005351
129,eMBB,11.21225383310495
130,eMBB,8.467055759422802
131,eMBB,9.346357480217968
132,eMBB,9.92275798970735
133,eMBB,10.734230281470666
134,eMBB,10.081629022554443
135,eMBB,11.331353031015366
136,eMBB,10.352148602828933
137,eMBB,11.483665138065653
138,eMBB,11.590893336804458
139,eMBB,10.787548273489051
140,eMBB,11.22884559343131
141,eMBB,12.201303027306482
142,eMBB,11.279090400478404
143,eMBB,10.102069620744748
144,eMBB,10.949652574781926
145,eMBB,12.037025880504373
146,eMBB,12.907099101093682
147,eMBB,11.112986929099195
148,eMBB,11.973594873607754
149,eMBB,11.549613689051075
150,eMBB,9.950067564677324
151,eMBB,12.185514862232983
152,eMBB,11.956377755474428
153,eMBB,12.876903890628522
154,eMBB,11.302385631717137
155,eMBB,11.725895504974266
156,eMBB,12.105961089870288
157,eMBB,9.871852022407408
158,eMBB,11.541123906518802
159,eMBB,12.401845203306058
160,eMBB,11.537480418347211
161,eMBB,12.169137412748423
162,eMBB,11.789853620365605
163,eMBB,12.7454153019536
164,eMBB,11.267188810830623
165,eMBB,11.77903516507259
166,eMBB,13.315616820990453
167,eMBB,10.609007394927641
168,eMBB,10.895751482151685
169,eMBB,13.417330574890492
170,eMBB,12.568252993264407
171,eMBB,14.474674967958778
172,eMBB,11.405939810707501
173,eMBB,13.003984397405166
174,eMBB,10.47879010895997
175,eMBB,11.13217039569416
176,eMBB,13.326456095737072
177,eMBB,14.05312616085215
178,eMBB,11.741132376017106
179,eMBB,11.809872840828177
180,eMBB,10.882704729934597
181,eMBB,11.737644864568617
182,eMBB,9.779531643701876
183,eMBB,12.949008078142676
184,eMBB,9.640440017740522
185,eMBB,9.918092850676361
186,eMBB,10.291265562815928
187,eMBB,8.634351670173704
188,eMBB,10.477878950866996
189,eMBB,9.391698510476484
190,eMBB,9.478672613896109
191,eMBB,6.616855601052174
192,eMBB,11.550091198980622
193,eMBB,9.423871609944396
194,eMBB,8.758369726098717
195,eMBB,9.815552828049123
196,eMBB,10.190039029971564
197,eMBB,9.65090751400386
198,eMBB,9.397534281821274
199,eMBB,8.958317433481808
200,eMBB,10.583407620704255
201,eMBB,9.206526143512734
202,eMBB,7.571157110311723
203,eMBB,8.415138313336781
204,eMBB,9.117139618834532
205,eMBB,9.113618627171777
206,eMBB,8.92515214090648
207,eMBB,8.468885506780895
208,eMBB,7.933031230921591
209,eMBB,9.404401182561841
210,eMBB,7.263610273902042
211,eMBB,8.13023164333189
212,eMBB,10.071190583313028
213,eMBB,8.459170631439948
214,eMBB,7.163114277069077
215,eMBB,8.343963873151504
216,eMBB,10.990076388607248
217,eMBB,7.807104484572012
218,eMBB,8.700290599343175
219,eMBB,9.209699744785356
220,eMBB,7.979083731253935
221,eMBB,10.614482702069097
222,eMBB,9.31377761766932
223,eMBB,9.188410199368768
224,eMBB,9.921971969909803
225,eMBB,8.777073589961027
226,eMBB,10.149519945189518
227,eMBB,10.556174381128296
228,eMBB,10.033652471261169
229,eMBB,8.552173348573216
230,eMBB,10.388866999392677
231,eMBB,9.334433737777333
232,eMBB,10.222858035095037
233,eMBB,10.124652504161556
234,eMBB,10.943612869154272
235,eMBB,8.773807759364312
236,eMBB,9.161260155159956
237,eMBB,9.537817449486592
238,eMBB,8.70473773092282
239,eMBB,7.808684732153771
240,eMBB,10.357957433959955
241,eMBB,9.904433065977322
242,eMBB,10.567945757162398
243,eMBB,10.383615940948406
244,eMBB,9.94001170218145
245,eMBB,10.136607053274018
246,eMBB,9.108027787041609
247,eMBB,10.713726575891455
248,eMBB,11.58710090654637
249,eMBB,8.734783310640108
250,eMBB,8.964410830524933
251,eMBB,9.595755283403209
252,eMBB,8.036750117116366
253,eMBB,9.414436980862137
254,eMBB,10.349199767119526
255,eMBB,10.027896753102183
256,eMBB,10.335999085291498
257,eMBB,10.883089190460273
258,eMBB,10.244376538298171
259,eMBB,11.243479048988021
260,eMBB,8.525230482979365
261,eMBB,7.094959815418509
262,eMBB,10.288753138770568
263,eMBB,9.141195631605715
264,eMBB,12.022996148796162
265,eMBB,8.727660055228693
266,eMBB,10.877492063381661
267,eMBB,11.165530683952328
268,eMBB,8.812785676581735
269,eMBB,11.740302483109334
270,eMBB,10.342795018367404
271,eMBB,9.877962149322748
272,eMBB,10.79560649839958
273,eMBB,10.733087720306075
274,eMBB,10.091342665764202
275,eMBB,8.743600407352208
276,eMBB,9.43561357220389
277,eMBB,9.151696717321295
278,eMBB,10.044435026854368
279,eMBB,11.760918855680035
280,eMBB,9.251249970709354
281,eMBB,9.950141935484305
282,eMBB,8.34377674187863
283,eMBB,9.901520898151372
284,eMBB,10.636168092746413
285,eMBB,11.395524712533595
286,eMBB,8.953534169067817
287,eMBB,10.340521848005913
288,eMBB,9.967677381847968
289,eMBB,10.87405949556902
290,eMBB,11.782304010321328
291,eMBB,9.633765485663833
292,eMBB,10.230233538511337
293,eMBB,10.235243984787518
294,eMBB,10.595403655552895
295,eMBB,13.995151967336538
296,eMBB,10.67497337103844
297,eMBB,7.523906930524391
298,eMBB,10.043412564878823
299,eMBB,11.883799992720892
300,eMBB,10.87037208025314
301,eMBB,9.634607853553712
302,eMBB,12.381947732901157
303,eMBB,11.169483917498175
304,eMBB,10.194991512811681
305,eMBB,7.828222325552697
306,eMBB,10.29304033780424
307,eMBB,10.329787455858627
308,eMBB,9.329582601030847
309,eMBB,12.3495105676012
310,eMBB,8.931267272552457
311,eMBB,11.36409269609673
312,eMBB,11.868789783000013
313,eMBB,11.365620499052442
314,eMBB,11.726233341522862
315,eMBB,10.544481962284483
316,eMBB,10.806762680736872
317,eMBB,10.496705521452643
318,eMBB,11.949440076147521
319,eMBB,10.917185097367012
320,eMBB,8.769688188344352
321,eMBB,10.216519599999708
322,eMBB,9.960958295639392
323,eMBB,11.875782367944607
324,eMBB,12.770605585091756
325,eMBB,9.680795700446257
326,eMBB,10.814159158644948
327,eMBB,10.577569220507515
328,eMBB,10.38948717069855
329,eMBB,11.40772194487023
330,eMBB,10.368629003237645
331,eMBB,12.239484085370597
332,eMBB,9.501486734276485
333,eMBB,10.081788330321775
334,eMBB,9.944769339641548
335,eMBB,10.411295884525881
336,eMBB,8.871353771784422
337,eMBB,9.427110892017115
338,eMBB,9.802284888466097
339,eMBB,9.55300984532597
340,eMBB,10.135207429215507
341,eMBB,10.307898521587912
342,eMBB,11.701453627134617
343,eMBB,11.812941969809733
344,eMBB,9.000673725332382
345,eMBB,9.247006487774586
346,eMBB,10.457260626640155
347,eMBB,9.082073673999847
348,eMBB,11.056930571086495
349,eMBB,7.759573277736132
350,eMBB,9.872695178860102
351,eMBB,11.383705024422769
352,eMBB,9.645630024563802
353,eMBB,10.519948342368448
354,eMBB,11.841748711199127
355,eMBB,8.632827078324087
356,eMBB,11.009791342635435
357,eMBB,8.956451170169927
358,eMBB,7.302603489719317
359,eMBB,10.17037673790957
360,eMBB,11.296337919908828
361,eMBB,11.382692387272037
362,eMBB,10.200829636629315
363,eMBB,9.682355282820476
364,eMBB,9.769291008395092
365,eMBB,10.254062756406276
366,eMBB,10.107722447812165
367,eMBB,9.005707396411392
368,eMBB,11.118059980007443
369,eMBB,10.538919823524376
370,eMBB,9.301392059583536
371,eMBB,10.408923006877323
372,eMBB,10.50452374160294
373,eMBB,8.629871546722628
374,eMBB,8.838907940574279
375,eMBB,10.048279686930407
376,eMBB,11.007324372901373
377,eMBB,9.613109261947537
378,eMBB,7.968807138537738
379,eMBB,9.945276605574554
380,eMBB,10.705712113349914
381,eMBB,9.670159814129761
382,eMBB,10.305459376678503
383,eMBB,11.564990626819089
384,eMBB,10.861697568113666
385,eMBB,10.929371246330783
386,eMBB,10.290067588978614
387,eMBB,9.301495027708437
388,eMBB,9.942817625765535
389,eMBB,9.704509210735974
390,eMBB,10.297267419696254
391,eMBB,8.64337650035282
392,eMBB,10.502202906155903
393,eMBB,10.94854037533338
394,eMBB,9.26367765870117
395,eMBB,10.093905433553617
396,eMBB,7.202729125437547
397,eMBB,10.705424909910985
398,eMBB,9.928010818640736
399,eMBB,11.286604837610835
400,eMBB,8.809779023109737
401,eMBB,9.634709911115953
402,eMBB,9.415896605041707
403,eMBB,10.726242943488725
404,eMBB,11.948111468864274
405,eMBB,10.032688647962717
406,eMBB,8.562928128350878
407,eMBB,9.65263277627652
408,eMBB,9.504966313585438
409,eMBB,10.096151452278992
410,eMBB,9.682207224585289
411,eMBB,10.929994639014003
412,eMBB,9.24054874762805
413,eMBB,11.559347299207264
414,eMBB,11.296033152144757
415,eMBB,8.513374718550724
416,eMBB,8.601100916665299
417,eMBB,11.376423786118515
418,eMBB,10.782203233376745
419,eMBB,11.005523410716656
420,eMBB,10.728447417047072
421,eMBB,8.946375659651688
422,eMBB,8.53157480443183
423,eMBB,10.042838155775804
424,eMBB,9.575675494669458
425,eMBB,10.596697981396325
426,eMBB,11.896873836441108
427,eMBB,11.88515238387744
428,eMBB,11.60155766925087
429,eMBB,9.004651831077899
430,eMBB,11.523213922433852
431,eMBB,8.49454166454354
432,eMBB,8.670426843843746
433,eMBB,10.31027308542514
434,eMBB,8.33661357857531
435,eMBB,10.999140753644456
436,eMBB,10.755379852894073
437,eMBB,10.788993020890839
438,eMBB,10.199378359521713
439,eMBB,9.667102074376851
440,eMBB,11.909230621041996
441,eMBB,10.14434145650483
442,eMBB,10.25280704245513
443,eMBB,7.809266301814895
444,eMBB,10.150094579998255
445,eMBB,9.491553346107192
446,eMBB,10.866864408764531
447,eMBB,10.489153779978944
448,eMBB,10.652215053331531
449,eMBB,9.44877581985855
450,eMBB,10.963908560444924
451,eMBB,10.318072755549457
452,eMBB,10.01356799298753
453,eMBB,8.615558570557965
454,eMBB,9.020878500040455
455,eMBB,9.817404354731389
456,eMBB,10.359306585900034
457,eMBB,11.618613349490484
458,eMBB,9.988037005035391
459,eMBB,12.74946367815112
460,eMBB,8.539807716974599
461,eMBB,10.526703023354104
462,eMBB,8.757237054235272
463,eMBB,10.82161989218499
464,eMBB,10.822733432246114
465,eMBB,11.581844766872946
466,eMBB,9.043359314820583
467,eMBB,10.461390379842095
468,eMBB,9.830314754708015
469,eMBB,10.418506108208748
470,eMBB,10.598147160707244
471,eMBB,12.648281703302722
472,eMBB,10.09313029059149
473,eMBB,11.263355556561784
474,eMBB,11.73871879555938
475,eMBB,10.648384802659626
476,eMBB,8.906440737800553
477,eMBB,11.532632863507619
478,eMBB,10.265601440125018
479,eMBB,9.79334072062137
480,eMBB,11.339475086198794
481,eMBB,7.953195787079348
482,eMBB,9.668049645964986
483,eMBB,9.095128827667256
484,eMBB,8.81137706606178
485,eMBB,10.891734760706473
486,eMBB,10.874086317510319
487,eMBB,11.018019383412893
488,eMBB,11.220963597674825
489,eMBB,9.971504683182232
490,eMBB,8.713763905935078
491,eMBB,10.068063155387462
492,eMBB,12.845522845084881
493,eMBB,11.259834000126373
494,eMBB,10.459647850613562
495,eMBB,10.732912615610571
496,eMBB,9.688528568949831
497,eMBB,11.33283178430141
498,eMBB,9.31508354776254
499,eMBB,9.588254713990045
500,eMBB,11.306316283561323
501,eMBB,12.897193993181252
502,eMBB,9.306394859717637
503,eMBB,10.405342232171284
504,eMBB,9.651894059226954
505,eMBB,10.523972097547777
506,eMBB,10.592474577613316
507,eMBB,9.28925192798737
508,eMBB,9.219082795406557
509,eMBB,10.310975354700217
510,eMBB,9.78271552948547
511,eMBB,9.56985438758797
512,eMBB,10.466107096372129
513,eMBB,9.455364481211056
514,eMBB,9.97624605944562
515,eMBB,9.351595837042638
516,eMBB,10.138516940618299
517,eMBB,11.220290648724463
518,eMBB,10.238126066943527
519,eMBB,9.937395623999171
520,eMBB,10.729379324298321
521,eMBB,10.097451971766812
522,eMBB,9.525649151269374
523,eMBB,10.304382334099314
524,eMBB,9.11641025970868
525,eMBB,10.617750487686681
526,eMBB,8.78604792509813
527,eMBB,10.18438724666432
528,eMBB,10.003357473088174
529,eMBB,12.017513874847335
530,eMBB,10.740717635731208
531,eMBB,8.406752063073867
532,eMBB,9.440350612755305
533,eMBB,9.357917072152045
534,eMBB,9.01035343886691
535,eMBB,9.32077172021647
536,eMBB,7.943605926062175
537,eMBB,8.730282704816807
538,eMBB,9.683389565518842
539,eMBB,8.806388751914012
540,eMBB,9.449747947756507
541,eMBB,8.43700834318495
542,eMBB,11.790358112994898
543,eMBB,10.970663234468256
544,eMBB,8.43951080730173
545,eMBB,9.62394786248743
546,eMBB,12.105087993437406
547,eMBB,11.235410479779576
548,eMBB,9.832512890820329
549,eMBB,10.14809374526385
550,eMBB,9.121805214955883
551,eMBB,10.481938997867895
552,eMBB,11.719707781706555
553,eMBB,10.674465070905269
554,eMBB,10.352923951897512
555,eMBB,10.339713311362962
556,eMBB,9.463529072818528
557,eMBB,10.4350555831216
558,eMBB,8.935540792542863
559,eMBB,10.028185385912343
560,eMBB,10.889245340545706
561,eMBB,9.446102236774237
562,eMBB,10.727434132370378
563,eMBB,11.72590303564465
564,eMBB,11.270249154539439
565,eMBB,8.949257453059312
566,eMBB,8.73778023428897
567,eMBB,9.987338990251123
568,eMBB,9.999353947240218
569,eMBB,8.414885922522013
570,eMBB,8.577266178873899
571,eMBB,9.507900702869955
572,eMBB,9.477169653729796
573,eMBB,10.794754811897118
574,eMBB,9.458064708203652
575,eMBB,9.938051907821846
576,eMBB,11.259679568021939
577,eMBB,9.936359781204485
578,eMBB,10.481986964518047
579,eMBB,10.780583433175414
580,eMBB,9.783620398622553
581,eMBB,10.28230846379953
582,eMBB,9.595491555766676
583,eMBB,11.302563185255417
584,eMBB,10.188624803867977
585,eMBB,11.182014620021498
586,eMBB,10.024413657645209
587,eMBB,9.136610515045222
588,eMBB,8.258403263615635
589,eMBB,9.624392542617993
590,eMBB,9.572762147070915
591,eMBB,9.460620708878965
592,eMBB,11.222366844040696
593,eMBB,9.7233259259312
594,eMBB,11.059009601658026
595,eMBB,10.217810999928183
596,eMBB,9.146125969443755
597,eMBB,10.801468094728872
598,eMBB,10.681025661041852
599,eMBB,10.21200353169166
600,eMBB,9.39545135291278
601,eMBB,9.706002491947457
602,eMBB,8.30745677630083
603,eMBB,10.246944515347652
604,eMBB,10.163623228843242
605,eMBB,10.968559884815175
606,eMBB,11.307223546128203
607,eMBB,9.811342476530996
608,eMBB,9.281112969930023
609,eMBB,10.738108621890008
610,eMBB,10.027580856068003
611,eMBB,10.774110576726567
612,eMBB,9.624270026338607
613,eMBB,9.889168118625332
614,eMBB,10.170985262379679
615,eMBB,9.596855852847355
616,eMBB,10.15227039330423
617,eMBB,9.32604416373962
618,eMBB,8.758416841044033
619,eMBB,10.175518233974808
620,eMBB,10.076768274288687
621,eMBB,10.64818155254384
622,eMBB,7.844700224443891
623,eMBB,11.277542879213762
624,eMBB,11.811943562206292
625,eMBB,10.115415176483358
626,eMBB,9.655231093239866
627,eMBB,8.460004834131427
628,eMBB,10.667019031618112
629,eMBB,9.754439921804686
630,eMBB,9.553962122209827
631,eMBB,9.7293202788504
632,eMBB,8.985663388911293
633,eMBB,9.985716853447308
634,eMBB,11.213316579112544
635,eMBB,8.087022203816096
636,eMBB,9.56045877017823
637,eMBB,11.156657062661123
638,eMBB,11.017621286793807
639,eMBB,10.610402366235729
640,eMBB,9.642609051684548
641,eMBB,10.703894538208992
642,eMBB,10.649274052279637
643,eMBB,10.466285896479542
644,eMBB,10.575526831443486
645,eMBB,9.729956928270946
646,eMBB,10.104335065547392
647,eMBB,10.772804483876502
648,eMBB,10.119018831008622
649,eMBB,9.747856733521104
650,eMBB,9.722210946741338
651,eMBB,9.611841436652021
652,eMBB,12.070547591980123
653,eMBB,10.574523234940063
654,eMBB,10.576858686573312
655,eMBB,11.151945836194363
656,eMBB,11.893598497874942
657,eMBB,10.34794154562109
658,eMBB,11.18901148798953
659,eMBB,9.79086856846224
660,eMBB,10.862446006659816
661,eMBB,9.097307676310217
662,eMBB,11.268266358243174
663,eMBB,9.410376566965388
664,eMBB,10.592936085566613
665,eMBB,10.412777886436922
666,eMBB,10.070364090504377
667,eMBB,10.045613463693009
668,eMBB,11.992431443516947
669,eMBB,9.780397671580484
670,eMBB,9.471602698201329
671,eMBB,7.775235667779816
672,eMBB,9.63614641434024
673,eMBB,10.98586607519887
674,eMBB,10.654271921532061
675,eMBB,11.652260764876075
676,eMBB,8.573453303505532
677,eMBB,8.532274159819872
678,eMBB,9.364007520350706
679,eMBB,9.902411961784285
680,eMBB,10.008248542940592
681,eMBB,8.284570008000328
682,eMBB,8.919632897787054
683,eMBB,9.468403725138458
684,eMBB,11.247373362463172
685,eMBB,10.05049531629114
686,eMBB,10.958634169481293
687,eMBB,9.171871247635531
688,eMBB,10.337425772367615
689,eMBB,10.491547793203157
690,eMBB,10.62205399959801
691,eMBB,9.856508415862518
692,eMBB,10.18809251769724
693,eMBB,9.099399339461597
694,eMBB,9.111004944231306
695,eMBB,10.230107837093867
696,eMBB,9.112683440231544
697,eMBB,10.048188651598867
698,eMBB,8.65653065282156
699,eMBB,10.555038732676817
700,eMBB,10.906945326828085
701,eMBB,10.523778097180713
702,eMBB,9.496098140001246
703,eMBB,9.205777225461391
704,eMBB,11.694886260851554
705,eMBB,9.306223673505471
706,eMBB,10.182252097825733
707,eMBB,9.141523953248662
708,eMBB,10.017650642781168
709,eMBB,10.949945706444009
710,eMBB,10.510962139295176
711,eMBB,10.718534539153348
712,eMBB,9.48828663704337
713,eMBB,10.484840520490037
714,eMBB,11.282555392992967
715,eMBB,10.195449075678631
716,eMBB,11.240026211725187
717,eMBB,9.780928075454936
718,eMBB,9.647931071071284
719,eMBB,10.33593104200775
720,eMBB,9.481630421517249
721,eMBB,10.095031749128143
722,eMBB,10.593699000509739
723,eMBB,11.443212505022192
724,eMBB,9.059709510594152
725,eMBB,8.241611390812949
726,eMBB,11.40778680607832
727,eMBB,11.049452338542247
728,eMBB,10.19405707282338
729,eMBB,10.355278225844962
730,eMBB,10.360828770308624
731,eMBB,9.413941581059472
732,eMBB,10.15190953654012
733,eMBB,9.776591736598931
734,eMBB,7.244879933852451
735,eMBB,10.181035421813668
736,eMBB,11.092956285236665
737,eMBB,8.499908632011358
738,eMBB,9.143670505633688
739,eMBB,8.75129582767976
740,eMBB,9.261078864679906
741,eMBB,10.877045288947638
742,eMBB,9.026158594197966
743,eMBB,10.71174780954135
744,eMBB,9.482928925568478
745,eMBB,11.585297659521085
746,eMBB,10.321970575911822
747,eMBB,9.8314608292946
748,eMBB,10.490224800433607
749,eMBB,10.552029612299568
750,eMBB,10.953416703479213
751,eMBB,10.418666765364193
752,eMBB,8.36517494176423
753,eMBB,9.390938927154673
754,eMBB,8.68350149254186
755,eMBB,10.201855477898722
756,eMBB,8.251945785974696
757,eMBB,10.065890654984297
758,eMBB,10.870018654755505
759,eMBB,10.284441129478312
760,eMBB,10.121055290715953
761,eMBB,11.651560940237458
762,eMBB,9.285677353828142
763,eMBB,10.069807649928508
764,eMBB,8.84516251661098
765,eMBB,11.277715223756315
766,eMBB,10.367297668521102
767,eMBB,9.89162449106477
768,eMBB,9.135162120437963
769,eMBB,10.051329963839411
770,eMBB,10.623725577918325
771,eMBB,13.580271865474183
772,eMBB,9.63434896144673
773,eMBB,11.141246494240399
774,eMBB,9.86958831198255
775,eMBB,10.493899177441575
776,eMBB,10.572235105065168
777,eMBB,11.208291884565057
778,eMBB,7.802018339103908
779,eMBB,11.232755289190337
780,eMBB,10.287148964474218
781,eMBB,9.917501612777995
782,eMBB,9.934714096544216
783,eMBB,10.624755605080898
784,eMBB,11.216167535995917
785,eMBB,7.121591857255838
786,eMBB,9.634166048272354
787,eMBB,8.3135324443249
788,eMBB,10.94688194979323
789,eMBB,10.781477230596805
790,eMBB,9.685168427658375
791,eMBB,9.6669584362178
792,eMBB,10.206390323910348
793,eMBB,10.675417865485542
794,eMBB,9.38846776309478
795,eMBB,10.854259920965612
796,eMBB,10.84712580178362
797,eMBB,10.19882800471148
798,eMBB,9.914987588617123
799,eMBB,8.72373793426768
800,eMBB,9.615011432139408
801,eMBB,9.771668930470872
802,eMBB,10.395639530878503
803,eMBB,9.985126065061305
804,eMBB,9.360296700606117
805,eMBB,10.154497390863817
806,eMBB,11.672295471642569
807,eMBB,10.383513952201616
808,eMBB,10.173187013606567
809,eMBB,12.414851205043608
810,eMBB,10.671939807203563
811,eMBB,9.3295067860256
812,eMBB,8.34678608991891
813,eMBB,8.530450011192315
814,eMBB,8.432509880241561
815,eMBB,9.665984672246807
816,eMBB,11.013801798175
817,eMBB,9.665392160029965
818,eMBB,10.723442968767463
819,eMBB,10.710499884215244
820,eMBB,9.379018265378113
821,eMBB,10.350068557202658
822,eMBB,10.876432159796757
823,eMBB,9.49943972021725
824,eMBB,9.772782510646099
825,eMBB,10.657147639233488
826,eMBB,9.125990863217135
827,eMBB,8.711874280202485
828,eMBB,9.60344676953784
829,eMBB,8.73923159237204
830,eMBB,10.698235882451318
831,eMBB,9.620737535624126
832,eMBB,11.193272387920986
833,eMBB,10.695973372773382
834,eMBB,9.196952481049472
835,eMBB,10.447363512871048
836,eMBB,9.363185030832529
837,eMBB,10.507647284117214
838,eMBB,10.603785998451631
839,eMBB,9.28259541967674
840,eMBB,10.215523074063773
841,eMBB,8.687703450551169
842,eMBB,11.950520002719946
843,eMBB,9.47796478965258
844,eMBB,9.473910829588345
845,eMBB,10.106303058083046
846,eMBB,10.996338835671882
847,eMBB,10.658192861074637
848,eMBB,10.115441923038095
849,eMBB,10.097412908577395
850,eMBB,9.990188401809858
851,eMBB,8.956391402654301
852,eMBB,9.80826468149197
853,eMBB,10.875292039646988
854,eMBB,8.635077688521116
855,eMBB,9.53792596729611
856,eMBB,8.893457846084114
857,eMBB,9.543493437332419
858,eMBB,8.206798835292465
859,eMBB,10.04700702974772
860,eMBB,8.57761571278798
861,eMBB,8.728035816391408
862,eMBB,9.999902088188025
863,eMBB,11.086550881479981
864,eMBB,10.178248309295627
865,eMBB,10.392144043163109
866,eMBB,10.04431245024135
867,eMBB,9.758549283494322
868,eMBB,9.609294086725974
869,eMBB,10.519632922519813
870,eMBB,11.081705791287833
871,eMBB,10.60048480665984
872,eMBB,9.887124366467367
873,eMBB,9.896086723045075
874,eMBB,10.373458174064043
875,eMBB,8.62492618381412
876,eMBB,8.744606095686697
877,eMBB,11.395019364546272
878,eMBB,10.886900622061875
879,eMBB,9.2879173280605
880,eMBB,10.343402776291008
881,eMBB,10.182292465710928
882,eMBB,7.923288041075726
883,eMBB,8.483103268687334
884,eMBB,9.104173948661817
885,eMBB,10.162806129590765
886,eMBB,11.114134269559147
887,eMBB,9.223640031762896
888,eMBB,10.581798564601495
889,eMBB,10.314663573105896
890,eMBB,10.463231342780965
891,eMBB,11.246853907604706
892,eMBB,9.197025627893714
893,eMBB,9.611869505722213
894,eMBB,10.75329766764109
895,eMBB,9.649861275242854
896,eMBB,8.503408680500034
897,eMBB,10.426488064355707
898,eMBB,9.319300347902303
899,eMBB,8.256383700753746
900,eMBB,11.338807210032567
901,eMBB,11.004751669789592
902,eMBB,8.953182555844409
903,eMBB,9.123846735877127
904,eMBB,9.449855644761087
905,eMBB,9.36218597479974
906,eMBB,9.851182734923182
907,eMBB,11.18155918539797
908,eMBB,10.526152391026915
909,eMBB,10.459991549016602
910,eMBB,8.641282299815412
911,eMBB,11.381468438899244
912,eMBB,10.648473961898976
913,eMBB,8.928704422457574
914,eMBB,11.279824687734635
915,eMBB,9.914982703783332
916,eMBB,9.223028686138921
917,eMBB,11.044706440937757
918,eMBB,9.491494064554365
919,eMBB,10.66336484400165
920,eMBB,11.292885919889835
921,eMBB,10.50245241125731
922,eMBB,8.375740232290418
923,eMBB,8.714547271464426
924,eMBB,10.030298117052437
925,eMBB,10.470509731157144
926,eMBB,9.662195603985303
927,eMBB,10.526404921838154
928,eMBB,11.34561238200114
929,eMBB,9.23703617503746
930,eMBB,10.60233238388307
931,eMBB,9.519271507470576
932,eMBB,9.8650821112035
933,eMBB,10.342671633757204
934,eMBB,7.777100289707006
935,eMBB,11.036856397211299
936,eMBB,9.457055683545367
937,eMBB,9.477645424460658
938,eMBB,12.09044040469632
939,eMBB,10.972457210040266
940,eMBB,9.935534566992933
941,eMBB,10.358919467071903
942,eMBB,9.691061608799114
943,eMBB,10.526299404604398
944,eMBB,7.9057941930834446
945,eMBB,10.52094212462108
946,eMBB,10.019521873006008
947,eMBB,9.386097902508437
948,eMBB,9.825296140164738
949,eMBB,9.437189999544085
950,eMBB,10.345686855899535
951,eMBB,8.527398056219772
952,eMBB,11.148323716484997
953,eMBB,10.037451399780101
954,eMBB,8.958936231448183
955,eMBB,9.860487746937931
956,eMBB,8.398969764767356
957,eMBB,7.820771444963152
958,eMBB,9.142325550056873
959,eMBB,9.64421489398281
960,eMBB,10.700558199254361
961,eMBB,7.698562252756658
962,eMBB,9.240597723232087
963,eMBB,10.312211153410276
964,eMBB,8.932628636314822
965,eMBB,11.059766765058317
966,eMBB,10.647620280267407
967,eMBB,9.838967537912811
968,eMBB,9.422067345406909
969,eMBB,9.639071244404729
970,eMBB,11.848681132696742
971,eMBB,8.662047963140628
972,eMBB,8.334053834507998
973,eMBB,10.930821771578698
974,eMBB,9.861724710276492
975,eMBB,10.4413290324606
976,eMBB,10.364273353426542
977,eMBB,11.25899346394501
978,eMBB,9.35169863603191
979,eMBB,11.496431993487471
980,eMBB,9.107232206482767
981,eMBB,9.818436390622633
982,eMBB,11.398757968761776
983,eMBB,11.738437577488776
984,eMBB,11.269508145423027
985,eMBB,10.676532415982697
986,eMBB,9.597755930976193
987,eMBB,12.458950568268078
988,eMBB,9.897637784759615
989,eMBB,9.998964474441365
990,eMBB,9.612432049908646
991,eMBB,12.790590704962694
992,eMBB,11.301533463061237
993,eMBB,8.76998664290944
994,eMBB,9.216641663389003
995,eMBB,9.918861104203787
996,eMBB,10.199194828267057
997,eMBB,8.745948623336677
998,eMBB,9.110893956002101
999,eMBB,11.623417816455323
1000,eMBB,9.029822734351132
1001,eMBB,12.287200286458939
1002,eMBB,10.539566625101568
1003,eMBB,8.472960394031709
1004,eMBB,10.163553258507045
1005,eMBB,8.4714132103642
1006,eMBB,11.185254192620976
1007,eMBB,9.883327485503731
1008,eMBB,10.072691002287824
1009,eMBB,9.976842564833552
1010,eMBB,10.828305835660704
1011,eMBB,11.469413305142588
1012,eMBB,11.560326344126135
1013,eMBB,9.022114214752827
1014,eMBB,9.154054416144843
1015,eMBB,10.252344442295414
1016,eMBB,9.384476899478917
1017,eMBB,8.854733055852542
1018,eMBB,9.505379690454799
1019,eMBB,10.498350628431343
1020,eMBB,10.612267070443192
1021,eMBB,11.407610752980897
1022,eMBB,10.180808121809836
1023,eMBB,8.764618871986796
1024,eMBB,10.247699097099485
1025,eMBB,8.843387115194753
1026,eMBB,10.14924982342116
1027,eMBB,10.485990892943835
1028,eMBB,10.902465995700835
1029,eMBB,10.404511955058766
1030,eMBB,11.242938912546
1031,eMBB,9.93894138742035
1032,eMBB,9.187898065212158
1033,eMBB,9.001453612079548
1034,eMBB,11.82559201132158
1035,eMBB,11.098241478280814
1036,eMBB,10.399310178643608
1037,eMBB,10.528787465208694
1038,eMBB,11.551609062326637
1039,eMBB,10.032526449580958
1040,eMBB,11.98820996981375
1041,eMBB,10.227293878613013
1042,eMBB,7.3282710526745465
1043,eMBB,9.60192046800807
1044,eMBB,9.72275289765074
1045,eMBB,11.475472018919671
1046,eMBB,9.71257882072596
1047,eMBB,10.411258372373519
1048,eMBB,8.032910320923316
1049,eMBB,9.05155595456139
1050,eMBB,11.31579346389922
1051,eMBB,9.0097423222089
1052,eMBB,8.842871022689298
1053,eMBB,10.254501792775317
1054,eMBB,10.753404177211543
1055,eMBB,9.411759361625982
1056,eMBB,11.614432148558109
1057,eMBB,11.431777102252996
1058,eMBB,10.484891506605557
1059,eMBB,10.561920893331513
1060,eMBB,10.062633353761854
1061,eMBB,11.051654837861676
1062,eMBB,9.391896425017872
1063,eMBB,8.09120142589347
1064,eMBB,10.714429394207164
1065,eMBB,8.220327513544786
1066,eMBB,10.576888326138002
1067,eMBB,11.630594901645388
1068,eMBB,9.947613639821887
1069,eMBB,9.296663474310193
1070,eMBB,10.756402007577053
1071,eMBB,9.16938185576238
1072,eMBB,10.359539256860705
1073,eMBB,10.671698806400107
1074,eMBB,9.739443980249705
1075,eMBB,11.076262612650062
1076,eMBB,10.350334478211321
1077,eMBB,9.920692594462324
1078,eMBB,8.943732854985305
1079,eMBB,11.451528477214552
1080,eMBB,9.924965478806957
1081,eMBB,10.110154083186538
1082,eMBB,12.269580465856658
1083,eMBB,9.52317136623477
1084,eMBB,10.48467075961664
1085,eMBB,7.723591172269577
1086,eMBB,10.652710062248337
1087,eMBB,11.039264124396533
1088,eMBB,10.184975121103445
1089,eMBB,12.08872446666378
1090,eMBB,10.538161534586045
1091,eMBB,9.268186220826529
1092,eMBB,9.76632983896997
1093,eMBB,8.194984283954398
1094,eMBB,10.954977138514256
1095,eMBB,11.304085770469893
1096,eMBB,11.291935369961502
1097,eMBB,9.351824309070661
1098,eMBB,9.047291411050457
1099,eMBB,9.512628774015377
1100,eMBB,11.21218397942426
1101,eMBB,10.773207643226861
1102,eMBB,10.389400303706163
1103,eMBB,8.615296328017797
1104,eMBB,10.152799098163554
1105,eMBB,9.293083098757263
1106,eMBB,9.405481456275673
1107,eMBB,10.582903172552074
1108,eMBB,10.736351373332775
1109,eMBB,8.71631780171124
1110,eMBB,10.211983231111047
1111,eMBB,12.20235877582846
1112,eMBB,11.286526328114075
1113,eMBB,8.992620589231866
1114,eMBB,8.98353218753641
1115,eMBB,10.060817853746322
1116,eMBB,9.870645756887992
1117,eMBB,8.537584095053786
1118,eMBB,9.376909890947394
1119,eMBB,8.626024782206034
1120,eMBB,9.156006485498546
1121,eMBB,11.112202900327652
1122,eMBB,7.424399825546868
1123,eMBB,10.329929054128717
1124,eMBB,9.976430276753621
1125,eMBB,10.055334533988436
1126,eMBB,9.788140922054241
1127,eMBB,10.240594764604268
1128,eMBB,12.578582476022552
1129,eMBB,8.593630301765648
1130,eMBB,10.397812209921545
1131,eMBB,9.102776934162245
1132,eMBB,11.022409011112119
1133,eMBB,11.391090278154028
1134,eMBB,10.027684013414513
1135,eMBB,9.6900076143531
1136,eMBB,9.345364465820897
1137,eMBB,10.358660942026253
1138,eMBB,9.72108550773657
1139,eMBB,10.538905790862133
1140,eMBB,10.028065943148405
1141,eMBB,9.354851204244857
1142,eMBB,9.47716810693937
1143,eMBB,9.818316843843174
1144,eMBB,10.399097578854255
1145,eMBB,12.189588960652092
1146,eMBB,9.770331088246838
1147,eMBB,9.693400844895928
1148,eMBB,11.165425542550413
1149,eMBB,9.519600135747421
1150,eMBB,9.076076680157575
1151,eMBB,10.729420024254404
1152,eMBB,9.640291030345862
1153,eMBB,10.777575963059869
1154,eMBB,10.402169140768452
1155,eMBB,11.275792408745184
1156,eMBB,8.082972466242744
1157,eMBB,10.09363186187159
1158,eMBB,8.960409699222778
1159,eMBB,12.363725122584773
1160,eMBB,10.161431759482003
1161,eMBB,9.411836285652269
1162,eMBB,10.807821838418404
1163,eMBB,10.246320093438978
1164,eMBB,10.030174457098552
1165,eMBB,10.350063242057459
1166,eMBB,10.268113019628961
1167,eMBB,9.561706751842962
1168,eMBB,11.111969528516646
1169,eMBB,9.91700094356947
1170,eMBB,10.904405068084124
1171,eMBB,9.994338609041446
1172,eMBB,9.735436424751317
1173,eMBB,10.321165016370955
1174,eMBB,10.093798350549
1175,eMBB,10.885105998432321
1176,eMBB,10.054183446914985
1177,eMBB,9.081206868743646
1178,eMBB,10.628478348260513
1179,eMBB,10.247474538593282
1180,eMBB,8.894631826752988
1181,eMBB,10.147968359736216
1182,eMBB,9.081661870315072
1183,eMBB,8.867177807301111
1184,eMBB,10.722146787466867
1185,eMBB,9.482532459389066
1186,eMBB,10.20352467124139
1187,eMBB,10.020305698051244
1188,eMBB,8.455839818901167
1189,eMBB,11.648473711586565
1190,eMBB,9.960325717765874
1191,eMBB,8.776991580982388
1192,eMBB,10.176901082539572
1193,eMBB,8.188993379185344
1194,eMBB,10.560865677269309
1195,eMBB,8.485357440101561
1196,eMBB,10.316686024688266
1197,eMBB,9.546695703085202
1198,eMBB,8.956302726172499
1199,eMBB,10.087255041797247
1200,eMBB,8.990896938092558
1201,eMBB,9.857384449929802
1202,eMBB,11.285431929777365
1203,eMBB,9.555855590577321
1204,eMBB,8.84356438466589
1205,eMBB,9.978379760236864
1206,eMBB,9.094312366178116
1207,eMBB,10.170822851837187
1208,eMBB,9.305544674096852
1209,eMBB,10.240708310168024
1210,eMBB,10.682549714202286
1211,eMBB,9.404498519930241
1212,eMBB,10.80359108215591
1213,eMBB,10.260166273578674
1214,eMBB,10.582145011354056
1215,eMBB,9.858368620255524
1216,eMBB,7.66651859796791
1217,eMBB,11.208167204130204
1218,eMBB,10.62874959895275
1219,eMBB,10.06594799272635
1220,eMBB,12.032423211169599
1221,eMBB,10.225562847453403
1222,eMBB,11.107287577465097
1223,eMBB,9.73385044908155
1224,eMBB,9.896067343490957
1225,eMBB,9.359120181350448
1226,eMBB,10.373145152103362
1227,eMBB,10.52044148849918
1228,eMBB,9.953346034407922
1229,eMBB,10.850093055621008
1230,eMBB,9.362697638869724
1231,eMBB,11.204823258555454
1232,eMBB,12.589097783784123
1233,eMBB,9.984620718300166
1234,eMBB,8.996294153748952
1235,eMBB,10.577817699563635
1236,eMBB,10.905490539752149
1237,eMBB,10.024532637289617
1238,eMBB,9.69969091680808
1239,eMBB,12.440254324526512
1240,eMBB,8.74599576508314
1241,eMBB,9.607177232638286
1242,eMBB,9.244409956385324
1243,eMBB,10.226270472761898
1244,eMBB,9.216594758102495
1245,eMBB,10.275660047470936
1246,eMBB,10.824646092507127
1247,eMBB,8.9940106933859
1248,eMBB,9.311591848545685
1249,eMBB,8.987043377879441
1250,eMBB,12.363635965026347
1251,eMBB,9.90349513774496
1252,eMBB,7.969808276551891
1253,eMBB,10.057646160541482
1254,eMBB,9.442811290172322
1255,eMBB,10.442386497944929
1256,eMBB,10.63017256016305
1257,eMBB,11.24856330139621
1258,eMBB,8.509129413618787
1259,eMBB,12.662030824330872
1260,eMBB,9.70035689148941
1261,eMBB,8.295938753899913
1262,eMBB,9.786842861788307
1263,eMBB,12.068288551795531
1264,eMBB,9.8434794652488
1265,eMBB,10.757361737176826
1266,eMBB,10.361366905684203
1267,eMBB,9.850608184455632
1268,eMBB,10.34626920860505
1269,eMBB,10.014486416900246
1270,eMBB,10.856047518025497
1271,eMBB,9.446889735062276
1272,eMBB,10.292128039354317
1273,eMBB,10.376185497439215
1274,eMBB,11.054624625763218
1275,eMBB,9.592707933154774
1276,eMBB,9.986367221038664
1277,eMBB,11.47806976063265
1278,eMBB,9.216266041997295
1279,eMBB,8.66410790247405
1280,eMBB,11.05295490719658
1281,eMBB,10.652012726369586
1282,eMBB,11.522882721951762
1283,eMBB,11.827509984562022
1284,eMBB,11.28993572540515
1285,eMBB,11.459989667049532
1286,eMBB,10.61607922265729
1287,eMBB,10.27128395364757
1288,eMBB,9.88745633968287
1289,eMBB,9.816519003774378
1290,eMBB,11.648279921328172
1291,eMBB,8.98590865420576
1292,eMBB,10.134975749515299
1293,eMBB,9.818738372260277
1294,eMBB,10.8980333063079
1295,eMBB,10.919529191763704
1296,eMBB,11.476800459486467
1297,eMBB,12.188731367848208
1298,eMBB,10.20189155757638
1299,eMBB,9.31046824540582
1300,eMBB,9.403392084287761
1301,eMBB,9.556496150375285
1302,eMBB,9.770156786724524
1303,eMBB,10.449163651871894
1304,eMBB,11.566207466249379
1305,eMBB,10.001394840748608
1306,eMBB,10.340605785794681
1307,eMBB,11.769981146977905
1308,eMBB,9.520206274694043
1309,eMBB,8.064914807420246
1310,eMBB,9.905008902541995
1311,eMBB,10.704152584937487
1312,eMBB,11.76415789273708
1313,eMBB,10.175910579140439
1314,eMBB,8.754469450535648
1315,eMBB,13.219688005202972
1316,eMBB,9.406147702055115
1317,eMBB,10.321209672911499
1318,eMBB,11.614810448065942
1319,eMBB,9.64962207025345
1320,eMBB,12.314417935106885
1321,eMBB,10.471809198779763
1322,eMBB,11.43224974380018
1323,eMBB,8.623430385062264
1324,eMBB,9.596808648954687
1325,eMBB,9.846368564681422
1326,eMBB,11.776548901519861
1327,eMBB,11.472872986225545
1328,eMBB,7.983346094247348
1329,eMBB,10.344616800733567
1330,eMBB,9.845687664838108
1331,eMBB,8.420442402630043
1332,eMBB,10.209843792153354
1333,eMBB,10.267009334527634
1334,eMBB,8.896154339721866
1335,eMBB,11.243515564583932
1336,eMBB,9.11576498879653
1337,eMBB,10.86360800031952
1338,eMBB,8.919510562586632
1339,eMBB,10.098896578607727
1340,eMBB,11.22984172828027
1341,eMBB,9.177209259591555
1342,eMBB,10.75949412942282
1343,eMBB,9.758616680659165
1344,eMBB,9.794491897110678
1345,eMBB,10.408418777881828
1346,eMBB,10.61886400569683
1347,eMBB,9.686383160575714
1348,eMBB,10.918691408927906
1349,eMBB,11.724318496963084
1350,eMBB,10.527141213664464
1351,eMBB,10.5647171103424
1352,eMBB,10.872020799751612
1353,eMBB,10.262089791142069
1354,eMBB,8.988018300461018
1355,eMBB,9.03942661663549
1356,eMBB,12.025477049053567
1357,eMBB,10.173138718265715
1358,eMBB,9.517028406890285
1359,eMBB,9.146045883586101
1360,eMBB,9.382768595727962
1361,eMBB,7.3659560298921205
1362,eMBB,11.191427517110014
1363,eMBB,8.650335613765087
1364,eMBB,10.399691156647561
1365,eMBB,10.263402281807119
1366,eMBB,10.142935183674696
1367,eMBB,8.625073269888373
1368,eMBB,10.33351943789641
1369,eMBB,11.73964021411021
1370,eMBB,11.198817295253917
1371,eMBB,8.823498088194382
1372,eMBB,8.615695769772579
1373,eMBB,11.370782763090023
1374,eMBB,10.197148819807335
1375,eMBB,9.83704837365067
1376,eMBB,9.145974736540659
1377,eMBB,11.24844004357398
1378,eMBB,9.667105483149347
1379,eMBB,9.55108996962844
1380,eMBB,9.482498216631383
1381,eMBB,11.512427210190616
1382,eMBB,9.395429450454346
1383,eMBB,8.765776515442655
1384,eMBB,9.884199017085763
1385,eMBB,10.778343462615254
1386,eMBB,10.76071150916965
1387,eMBB,10.020501292779223
1388,eMBB,9.598487283098363
1389,eMBB,11.261492756970648
1390,eMBB,9.210355260535867
1391,eMBB,10.048908381905349
1392,eMBB,10.109989765331619
1393,eMBB,9.587411854754452
1394,eMBB,11.12820690062743
1395,eMBB,9.743789965236486
1396,eMBB,12.117969113567117
1397,eMBB,9.636731957275755
1398,eMBB,9.165359855540457
1399,eMBB,9.362665688641648
1400,eMBB,9.840788115781756
1401,eMBB,9.397189450744847
1402,eMBB,10.438970645605387
1403,eMBB,10.664491628289612
1404,eMBB,9.945572016806247
1405,eMBB,9.11307397914776
1406,eMBB,11.248208907632511
1407,eMBB,11.455998742949104
1408,eMBB,9.07365389298597
1409,eMBB,8.720665988521263
1410,eMBB,9.723184438660443
1411,eMBB,10.295327480572968
1412,eMBB,11.316368970907728
1413,eMBB,9.321538782708393
1414,eMBB,9.063550464685564
1415,eMBB,7.57918367526284
1416,eMBB,9.970295730381395
1417,eMBB,10.791883560252012
1418,eMBB,9.538135757184628
1419,eMBB,7.151846219899118
1420,eMBB,11.388539869650423
1421,eMBB,10.694834032524641
1422,eMBB,10.575382891239233
1423,eMBB,9.776677454280462
1424,eMBB,13.50798575369465
1425,eMBB,8.096620781741622
1426,eMBB,12.513410561193666
1427,eMBB,8.22353214801701
1428,eMBB,11.165391670995499
1429,eMBB,9.735776145480587
1430,eMBB,10.710309581061196
1431,eMBB,8.785374104248294
1432,eMBB,9.633043119479254
1433,eMBB,9.96377531956035
1434,eMBB,11.635534870702568
1435,eMBB,10.919248242715371
1436,eMBB,10.85540046186018
1437,eMBB,10.26721241435938
1438,eMBB,9.941795604693034
1439,eMBB,9.991572126765185
1440,eMBB,11.776543636991525
1441,eMBB,12.705402788515116
1442,eMBB,9.752840022179287
1443,eMBB,10.841142054450648
1444,eMBB,11.123478878750165
1445,eMBB,11.377431335327353
1446,eMBB,10.271149909374104
1447,eMBB,9.555489621156557
1448,eMBB,7.7305535328840325
1449,eMBB,10.047317461913552
1450,eMBB,10.707766190384604
1451,eMBB,9.633022066840253
1452,eMBB,9.238825868975498
1453,eMBB,11.010495239569096
1454,eMBB,9.449119412457392
1455,eMBB,10.383050380117234
1456,eMBB,10.60554072752134
1457,eMBB,10.336086203150744
1458,eMBB,8.48390235987229
1459,eMBB,9.696917197288299
1460,eMBB,10.310824194174247
1461,eMBB,9.637618794571635
1462,eMBB,11.359739353066864
1463,eMBB,9.962387123698239
1464,eMBB,10.151783925170202
1465,eMBB,9.003115258883634
1466,eMBB,10.558668020957754
1467,eMBB,10.00430722718102
1468,eMBB,9.44524463176894
1469,eMBB,10.11340635061835
1470,eMBB,9.956429290344435
1471,eMBB,11.021943836521892
1472,eMBB,9.318167581922086
1473,eMBB,10.008603669548423
1474,eMBB,10.518581787943583
1475,eMBB,10.19194852042053
1476,eMBB,10.237562131282397
1477,eMBB,11.623891571318438
1478,eMBB,10.314431168807351
1479,eMBB,10.947884247932821
1480,eMBB,10.959861486070382
1481,eMBB,10.387632142472041
1482,eMBB,10.59924037964809
1483,eMBB,9.116227516407168
1484,eMBB,11.90873239066957
1485,eMBB,9.299475126944426
1486,eMBB,10.865046192120701
1487,eMBB,11.185409679839795
1488,eMBB,9.22430008290686
1489,eMBB,10.36982921973405
1490,eMBB,9.303539313180597
1491,eMBB,10.150874068156229
1492,eMBB,9.80700025756958
1493,eMBB,10.46313845653346
1494,eMBB,10.239148618892482
1495,eMBB,10.92470414259912
1496,eMBB,11.648078379873269
1497,eMBB,10.334784189157432
1498,eMBB,9.738972719532645
1499,eMBB,7.416874410387665
1500,eMBB,10.706418910848337
1501,eMBB,9.234333558849976
1502,eMBB,9.244984573259492
1503,eMBB,10.908985181893026
1504,eMBB,11.096110737131006
1505,eMBB,11.400393220353044
1506,eMBB,10.810213511614396
1507,eMBB,10.982722858840209
1508,eMBB,12.300298855302204
1509,eMBB,9.818463443670534
1510,eMBB,8.345650927424906
1511,eMBB,11.200568951727414
1512,eMBB,10.47911670047733
1513,eMBB,8.537740699089941
1514,eMBB,9.931601212493998
1515,eMBB,9.543480714164092
1516,eMBB,9.405797255884702
1517,eMBB,8.55981744303609
1518,eMBB,9.586994132447666
1519,eMBB,8.177451929756776
1520,eMBB,8.148838955027
1521,eMBB,9.149932837831896
1522,eMBB,11.66322694552814
1523,eMBB,8.340374333994017
1524,eMBB,10.62556849861968
1525,eMBB,8.595211210504065
1526,eMBB,9.391391192860208
1527,eMBB,11.362915871435357
1528,eMBB,11.877417512085326
1529,eMBB,9.408903537443274
1530,eMBB,9.640057547803567
1531,eMBB,8.714782642722591
1532,eMBB,11.112666784518597
1533,eMBB,10.623848212433781
1534,eMBB,9.631292166092107
1535,eMBB,8.330209954629739
1536,eMBB,9.619002730037703
1537,eMBB,10.582367665056026
1538,eMBB,10.143317477923333
1539,eMBB,11.672125214434834
1540,eMBB,8.816687990953472
1541,eMBB,9.862061544147128
1542,eMBB,9.492622343319086
1543,eMBB,11.787892088896065
1544,eMBB,10.373339778626239
1545,eMBB,11.310767384208864
1546,eMBB,9.85582453722318
1547,eMBB,10.363645539324887
1548,eMBB,10.011255164990725
1549,eMBB,10.19395428021522
1550,eMBB,11.166675949410942
1551,eMBB,11.089621729414635
1552,eMBB,9.08365490426746
1553,eMBB,8.853303953781335
1554,eMBB,9.702121940565748
1555,eMBB,9.62462522040375
1556,eMBB,11.36556064008693
1557,eMBB,10.05813926704463
1558,eMBB,10.568697262807653
1559,eMBB,11.20712887009673
1560,eMBB,12.650710326624106
1561,eMBB,9.223536797318502
1562,eMBB,11.43259636084394
1563,eMBB,11.933059214721478
1564,eMBB,9.045282859396401
1565,eMBB,10.543875197420743
1566,eMBB,10.953052627345858
1567,eMBB,9.34612983548201
1568,eMBB,8.772466454997705
1569,eMBB,9.791753859748214
1570,eMBB,13.004390545333143
1571,eMBB,9.350278741763129
1572,eMBB,8.595845079561936
1573,eMBB,10.252063157034515
1574,eMBB,8.572183852805438
1575,eMBB,9.726739981765846
1576,eMBB,10.270599093848483
1577,eMBB,9.308076586404109
1578,eMBB,7.892504586577403
1579,eMBB,10.108576557393974
1580,eMBB,9.588692680528448
1581,eMBB,11.337489402798315
1582,eMBB,11.660502762476977
1583,eMBB,9.673153396437714
1584,eMBB,10.243089829361585
1585,eMBB,10.835681075124835
1586,eMBB,9.700949954722304
1587,eMBB,9.185948205798335
1588,eMBB,8.85256887719585
1589,eMBB,10.251127150735641
1590,eMBB,11.691333814078215
1591,eMBB,11.011019733611118
1592,eMBB,9.94552268891551
1593,eMBB,10.17818865749223
1594,eMBB,9.422498493611938
1595,eMBB,9.337517428961503
1596,eMBB,10.69053416727347
1597,eMBB,9.276799031378689
1598,eMBB,10.085340043697821
1599,eMBB,9.785289797297215
1600,eMBB,8.232302437615425
1601,eMBB,9.750404207364396
1602,eMBB,10.00968864715358
1603,eMBB,9.971135276147042
1604,eMBB,8.919834263514133
1605,eMBB,9.814306708479695
1606,eMBB,10.9780040814105
1607,eMBB,11.120710757178376
1608,eMBB,9.895426988856768
1609,eMBB,11.647675916484191
1610,eMBB,9.910714628507138
1611,eMBB,8.596847093901332
1612,eMBB,10.788329307637175
1613,eMBB,9.896859443411735
1614,eMBB,10.925595674335911
1615,eMBB,12.37243427971746
1616,eMBB,10.630630732697755
1617,eMBB,11.989067426266985
1618,eMBB,9.198748667291007
1619,eMBB,11.143573599441657
1620,eMBB,11.317332236696899
1621,eMBB,10.315509341816275
1622,eMBB,8.704564543916918
1623,eMBB,10.7045142580127
1624,eMBB,10.63667317394105
1625,eMBB,10.004613417647024
1626,eMBB,9.562337200226768
1627,eMBB,8.06027000989274
1628,eMBB,11.05541364928639
1629,eMBB,8.459923197998277
1630,eMBB,10.55919456573269
1631,eMBB,8.688069267972619
1632,eMBB,9.35540764808976
1633,eMBB,8.344633195860501
1634,eMBB,12.230707060952042
1635,eMBB,7.368517854252206
1636,eMBB,10.954158204639327
1637,eMBB,10.385623892099638
1638,eMBB,9.501559997589672
1639,eMBB,10.9753001967344
1640,eMBB,9.691934163164914
1641,eMBB,10.20993196873807
1642,eMBB,9.344081127670218
1643,eMBB,9.295375573548043
1644,eMBB,9.860259932018774
1645,eMBB,8.80775296126746
1646,eMBB,9.488643182252808
1647,eMBB,11.713524435004304
1648,eMBB,9.954689145752068
1649,eMBB,10.88354083345268
1650,eMBB,9.121644079929602
1651,eMBB,9.540901053910044
1652,eMBB,11.297096341340648
1653,eMBB,10.263397181125809
1654,eMBB,9.923336524044869
1655,eMBB,9.65607871356258
1656,eMBB,9.618077915396125
1657,eMBB,10.516175624600514
1658,eMBB,10.108982963525925
1659,eMBB,10.282729138831062
1660,eMBB,10.214843810551043
1661,eMBB,9.49893184232459
1662,eMBB,10.694281792286722
1663,eMBB,10.277646911166753
1664,eMBB,8.459388850053106
1665,eMBB,10.41627882185379
1666,eMBB,10.121872855543598
1667,eMBB,7.928087289312696
1668,eMBB,11.286962613080343
1669,eMBB,11.640286295231215
1670,eMBB,9.064730164388411
1671,eMBB,9.73081272729936
1672,eMBB,6.245958685445606
1673,eMBB,9.426085689102479
1674,eMBB,9.719709049696208
1675,eMBB,7.925456274512952
1676,eMBB,11.690676198639236
1677,eMBB,8.733465649045755
1678,eMBB,12.351787187466703
1679,eMBB,8.75631467949914
1680,eMBB,9.19810583966189
1681,eMBB,11.470334991560728
1682,eMBB,10.791756379427252
1683,eMBB,10.093326374589092
1684,eMBB,9.315398913590721
1685,eMBB,9.88740253334286
1686,eMBB,8.780297849308322
1687,eMBB,10.899648442222391
1688,eMBB,9.536470023095639
1689,eMBB,12.959225232472768
1690,eMBB,10.150199347223664
1691,eMBB,8.309877460561648
1692,eMBB,9.567132418174994
1693,eMBB,10.506558426211589
1694,eMBB,10.037957182131922
1695,eMBB,10.297852347771073
1696,eMBB,10.218183459562809
1697,eMBB,8.427899934846543
1698,eMBB,10.616834060132037
1699,eMBB,9.035615374311234
1700,eMBB,8.641922169514343
1701,eMBB,9.707733833526317
1702,eMBB,11.676466375611358
1703,eMBB,10.556535645727696
1704,eMBB,10.317203151076992
1705,eMBB,12.93514345828951
1706,eMBB,9.796581376451346
1707,eMBB,9.749132109054672
1708,eMBB,11.471031426515056
1709,eMBB,10.350214101744752
1710,eMBB,10.943807353442681
1711,eMBB,7.838521344833887
1712,eMBB,9.978201117593366
1713,eMBB,9.446052331905086
1714,eMBB,8.522589375848584
1715,eMBB,11.006008509517608
1716,eMBB,10.151785729501944
1717,eMBB,11.301929462695842
1718,eMBB,8.297319819160151
1719,eMBB,10.349987602402495
1720,eMBB,11.065286496466188
1721,eMBB,10.843723591927903
1722,eMBB,10.788302722721054
1723,eMBB,10.160251032954418
1724,eMBB,10.750021906290002
1725,eMBB,9.983910644303206
1726,eMBB,11.997480124515949
1727,eMBB,10.205151170936318
1728,eMBB,10.010433963408712
1729,eMBB,11.37745561515178
1730,eMBB,8.574323829892128
1731,eMBB,12.217595682778422
1732,eMBB,9.97449673710121
1733,eMBB,10.423890706514921
1734,eMBB,9.537549906826383
1735,eMBB,11.437064250939764
1736,eMBB,10.4490488913446
1737,eMBB,9.7321561987241
1738,eMBB,12.348083371340936
1739,eMBB,10.995931975032928
1740,eMBB,9.607228459069606
1741,eMBB,10.42501578230266
1742,eMBB,9.764949149537903
1743,eMBB,12.330519100070335
1744,eMBB,9.732519618050656
1745,eMBB,11.636086304121246
1746,eMBB,10.181919978757998
1747,eMBB,8.67942298877038
1748,eMBB,9.692949490707871
1749,eMBB,10.824645920876032
1750,eMBB,8.898017788587564
1751,eMBB,9.352502448845357
1752,eMBB,7.959944748767047
1753,eMBB,9.98962125129912
1754,eMBB,9.542921703165407
1755,eMBB,11.048926867531558
1756,eMBB,11.124946057408954
1757,eMBB,11.401346602432177
1758,eMBB,9.576555183251182
1759,eMBB,9.0567222920164
1760,eMBB,8.921309605843614
1761,eMBB,10.297201382009547
1762,eMBB,11.894454788008705
1763,eMBB,11.245180915747675
1764,eMBB,9.84942050657984
1765,eMBB,9.215505550369786
1766,eMBB,10.207302051992754
1767,eMBB,11.011151329609204
1768,eMBB,11.384881535065224
1769,eMBB,9.467135843298957
1770,eMBB,10.378082756502957
1771,eMBB,11.406666956292254
1772,eMBB,12.446445310440966
1773,eMBB,11.772300556101374
1774,eMBB,9.369891049778461
1775,eMBB,11.476971040591279
1776,eMBB,10.625199626858757
1777,eMBB,7.933479032055678
1778,eMBB,9.518979979737335
1779,eMBB,7.857045205008372
1780,eMBB,10.611958599603533
1781,eMBB,11.293000529954844
1782,eMBB,9.991778971786612
1783,eMBB,11.640573999400559
1784,eMBB,10.402527083525701
1785,eMBB,10.948199559390323
1786,eMBB,9.688152992064122
1787,eMBB,9.264639248674545
1788,eMBB,7.369613544294423
1789,eMBB,11.030406992245743
1790,eMBB,11.276511668646853
1791,eMBB,11.187068860982803
1792,eMBB,8.701840602425953
1793,eMBB,10.366384561841464
1794,eMBB,8.921979333860746
1795,eMBB,10.369898694180261
1796,eMBB,9.173116223958976
1797,eMBB,9.303038726740985
1798,eMBB,9.366301782813117
1799,eMBB,10.038697346997736
1800,eMBB,9.218779300256601
1801,eMBB,10.205466686869377
1802,eMBB,11.014279028068698
1803,eMBB,10.792537009612447
1804,eMBB,11.268061301803051
1805,eMBB,11.182661072397398
1806,eMBB,10.4696781577402
1807,eMBB,9.298574980720012
1808,eMBB,11.486190335245551
1809,eMBB,10.981659204878735
1810,eMBB,10.77866207494159
1811,eMBB,9.973742882141746
1812,eMBB,9.763850980177141
1813,eMBB,10.639268260795843
1814,eMBB,10.060095415405605
1815,eMBB,8.480060845271439
1816,eMBB,9.1857566371441
1817,eMBB,9.677296442817743
1818,eMBB,11.332994137181826
1819,eMBB,9.52718563692002
1820,eMBB,10.558323214822341
1821,eMBB,8.223612568323365
1822,eMBB,10.321514667168149
1823,eMBB,9.547277632353774
1824,eMBB,10.547497345636023
1825,eMBB,9.139229740697825
1826,eMBB,9.369719661036047
1827,eMBB,9.48137391619966
1828,eMBB,11.182712668024585
1829,eMBB,8.010785729069703
1830,eMBB,9.502853814299975
1831,eMBB,10.252777126810393
1832,eMBB,9.43738565486953
1833,eMBB,11.282763671024197
1834,eMBB,10.187738767836182
1835,eMBB,8.100392958094549
1836,eMBB,8.750246359867203
1837,eMBB,9.52297072387201
1838,eMBB,11.985752495015896
1839,eMBB,9.697852705307348
1840,eMBB,9.503575910798958
1841,eMBB,9.454885606508007
1842,eMBB,10.1547237776837
1843,eMBB,9.603623656673133
1844,eMBB,10.240158316617832
1845,eMBB,9.982608189554258
1846,eMBB,10.168274920894183
1847,eMBB,10.55718644313902
1848,eMBB,11.199697247246565
1849,eMBB,10.010348113203273
1850,eMBB,9.262472949940966
1851,eMBB,11.74973190694719
1852,eMBB,10.469660475769878
1853,eMBB,9.176160227947333
1854,eMBB,12.476184013260166
1855,eMBB,9.051608786695082
1856,eMBB,11.694902109834416
1857,eMBB,8.543114226581112
1858,eMBB,9.503103261892907
1859,eMBB,11.058691989447816
1860,eMBB,9.752264731886342
1861,eMBB,10.754178930568402
1862,eMBB,9.834837673756958
1863,eMBB,9.215622572242848
1864,eMBB,9.38244210227436
1865,eMBB,9.405277867122148
1866,eMBB,10.68520518767777
1867,eMBB,10.961627317458712
1868,eMBB,8.92020137624603
1869,eMBB,10.90520216166843
1870,eMBB,10.177810472191604
1871,eMBB,10.229304179332253
1872,eMBB,10.917901273565857
1873,eMBB,10.189522089568364
1874,eMBB,9.959200363099193
1875,eMBB,8.84570577439733
1876,eMBB,8.17298468803445
1877,eMBB,10.116014910160493
1878,eMBB,10.267002640108176
1879,eMBB,10.407727751668018
1880,eMBB,9.614984531607925
1881,eMBB,10.034484003386881
1882,eMBB,10.088541860395996
1883,eMBB,10.11257707278477
1884,eMBB,10.73213770076168
1885,eMBB,10.19253033638563
1886,eMBB,10.883031405109964
1887,eMBB,10.688256211653817
1888,eMBB,10.551078812451209
1889,eMBB,10.167629323469106
1890,eMBB,9.398327816400624
1891,eMBB,9.782300478392097
1892,eMBB,9.602508670130605
1893,eMBB,9.971498704824317
1894,eMBB,8.860925811830846
1895,eMBB,11.149821264014609
1896,eMBB,9.886424282780771
1897,eMBB,10.428042131788143
1898,eMBB,9.636951101515239
1899,eMBB,8.69522585961036
1900,eMBB,11.077981015280049
1901,eMBB,8.772638912083321
1902,eMBB,9.757475399694464
1903,eMBB,9.14357196229969
1904,eMBB,10.278623308852252
1905,eMBB,9.006324200766393
1906,eMBB,10.250143789511768
1907,eMBB,9.716393471132127
1908,eMBB,10.658756108705367
1909,eMBB,9.671976968185923
1910,eMBB,8.743809007856882
1911,eMBB,10.051279180124668
1912,eMBB,9.75030784549728
1913,eMBB,9.877534984573574
1914,eMBB,10.62783715990956
1915,eMBB,10.40438604605063
1916,eMBB,10.155959686653693
1917,eMBB,10.880530793845136
1918,eMBB,10.782927995988404
1919,eMBB,9.799955154763671
1920,eMBB,10.18605108691893
1921,eMBB,7.987748713909085
1922,eMBB,9.99787893402047
1923,eMBB,11.13802469294451
1924,eMBB,10.037502999685028
1925,eMBB,9.895262804024767
1926,eMBB,12.067443556407554
1927,eMBB,10.390353980320805
1928,eMBB,10.92351172586573
1929,eMBB,9.483116908072738
1930,eMBB,9.47653946666472
1931,eMBB,10.48781579752314
1932,eMBB,11.57281331989802
1933,eMBB,9.231252289156371
1934,eMBB,10.566992424375101
1935,eMBB,9.406990684156973
1936,eMBB,11.737682144527888
1937,eMBB,10.50701074901009
1938,eMBB,9.9458506361696
1939,eMBB,10.225583311916049
1940,eMBB,9.381379858788065
1941,eMBB,11.406007218567261
1942,eMBB,9.070665547640992
1943,eMBB,10.206196974205016
1944,eMBB,10.897280372998113
1945,eMBB,9.056287815642017
1946,eMBB,10.218544508192887
1947,eMBB,9.265590452735976
1948,eMBB,11.03105880538706
1949,eMBB,8.899270466673405
1950,eMBB,9.73275475961891
1951,eMBB,8.358758585748616
1952,eMBB,11.222680216740006
1953,eMBB,9.960838749934089
1954,eMBB,10.264009469198056
1955,eMBB,8.29635983606876
1956,eMBB,10.184874010881744
1957,eMBB,11.505375698238007
1958,eMBB,8.877712869028406
1959,eMBB,10.513099772872682
1960,eMBB,9.76888315014478
1961,eMBB,10.412578963092177
1962,eMBB,10.138659594485683
1963,eMBB,11.995451599139743
1964,eMBB,10.640738557366962
1965,eMBB,8.303528823341734
1966,eMBB,8.587601317040736
1967,eMBB,10.680763329933027
1968,eMBB,12.217126621891635
1969,eMBB,10.828067956763856
1970,eMBB,9.567942147667166
1971,eMBB,9.595058925506416
1972,eMBB,11.298443687574153
1973,eMBB,9.080787431141578
1974,eMBB,8.872091361030352
1975,eMBB,11.935584800489307
1976,eMBB,9.170747900205857
1977,eMBB,10.704134493202528
1978,eMBB,10.885639391497746
1979,eMBB,10.389211313330458
1980,eMBB,8.940824357611948
1981,eMBB,9.366304540852743
1982,eMBB,8.90750419888251
1983,eMBB,10.063878310972525
1984,eMBB,9.135691877180642
1985,eMBB,9.586510186198266
1986,eMBB,10.979091259202866
1987,eMBB,12.651517764084225
1988,eMBB,9.671695378197862
1989,eMBB,11.750745566193904
1990,eMBB,9.311701838576214
1991,eMBB,10.629803958338616
1992,eMBB,11.694697214091004
1993,eMBB,10.429522117624275
1994,eMBB,9.36476581426763
1995,eMBB,10.859602781630823
1996,eMBB,10.202733460118576
1997,eMBB,9.216313903107176
1998,eMBB,10.669635587589626
1999,eMBB,9.254941431953299
0,mMTC,0.0
1,mMTC,0.0
2,mMTC,0.24210685279438435
3,mMTC,0.2948942449569635
4,mMTC,0.28586706159124353
5,mMTC,0.29832028552857387
6,mMTC,0.29597104694678206
7,mMTC,0.29813903082641385
8,mMTC,0.3008030889109898
9,mMTC,0.2917061067317668
10,mMTC,0.2952262253100011
11,mMTC,0.29860052032596623
12,mMTC,0.29797417650623553
13,mMTC,0.29601530851580404
14,mMTC,0.29205484870496595
15,mMTC,0.2917508281614984
16,mMTC,0.29190847092479405
17,mMTC,0.2890554840473404
18,mMTC,0.2944278731873758
19,mMTC,0.2920882256492057
20,mMTC,0.29214476401780803
21,mMTC,0.29783551290714777
22,mMTC,0.2949896843353994
23,mMTC,0.2868642618128071
24,mMTC,0.2946262750346214
25,mMTC,0.29882801428922684
26,mMTC,0.29601982527805015
27,mMTC,0.2950630996767933
28,mMTC,0.2924212511455043
29,mMTC,0.29664467068524314
30,mMTC,0.2982481359650803
31,mMTC,0.29030855401185024
32,mMTC,0.2937971728763268
33,mMTC,0.292448459865718
34,mMTC,0.29232965229348473
35,mMTC,0.2924357903027806
36,mMTC,0.29672559700468293
37,mMTC,0.2927433252225575
38,mMTC,0.2913173737275413
39,mMTC,0.2920554436777673
40,mMTC,0.2962920695817218
41,mMTC,0.2934614572049383
42,mMTC,0.29316266901126986
43,mMTC,0.2928812526047587
44,mMTC,0.29130309654084935
45,mMTC,0.2868455375777014
46,mMTC,0.2906968543596196
47,mMTC,0.29404098679071794
48,mMTC,0.29738503587279574
49,mMTC,0.29845295120232473
50,mMTC,0.2938783107812519
51,mMTC,0.2962810117627116
52,mMTC,0.2942947191643164
53,mMTC,0.2970136988619841
54,mMTC,0.29519307807656897
55,mMTC,0.2902251683052123
56,mMTC,0.29857163740435694
57,mMTC,0.2949781405131891
58,mMTC,0.29399440516071257
59,mMTC,0.29564372641507775
60,mMTC,0.2891107596920366
61,mMTC,0.29311043057195824
62,mMTC,0.2944314833541911
63,mMTC,0.2979135060680373
64,mMTC,0.29816498137501884
65,mMTC,0.2902988503671246
66,mMTC,0.2950288149602872
67,mMTC,0.291641228927989
68,mMTC,0.2985318496054133
69,mMTC,0.2955917990898318
70,mMTC,0.29624533697810135
71,mMTC,0.29389927582785386
72,mMTC,0.2916717211196395
73,mMTC,0.29185772469856053
74,mMTC,0.29835846841428026
75,mMTC,0.2961267038060563
76,mMTC,0.29427222817410564
77,mMTC,0.2960182263471454
78,mMTC,0.2970072237686678
79,mMTC,0.2982883220257765
80,mMTC,0.29129406677915054
81,mMTC,0.29028633410002924
82,mMTC,0.29305866521056045
83,mMTC,0.2949283975042427
84,mMTC,0.29466738578494966
85,mMTC,0.2948425697873357
86,mMTC,0.2918962685431363
87,mMTC,0.29722887389609687
88,mMTC,0.2968163466865338
89,mMTC,0.290047813137769
90,mMTC,0.2926585917467541
91,mMTC,0.2936627493862194
92,mMTC,0.29797920462593463
93,mMTC,0.2965931920815035
94,mMTC,0.295338643793035
95,mMTC,0.2934557775707957
96,mMTC,0.2986108442889457
97,mMTC,0.29265464597151447
98,mMTC,0.2945398406759681
99,mMTC,0.2977640350226559
100,mMTC,0.2987204046345202
101,mMTC,0.2978275221283213
102,mMTC,0.29755981024040196
103,mMTC,0.28992737093706017
104,mMTC,0.29142845582596016
105,mMTC,0.2915665357238669
106,mMTC,0.29484900199113157
107,mMTC,0.2952869461093289
108,mMTC,0.29371763373921056
109,mMTC,0.29133272445409497
110,mMTC,0.29435603196318955
111,mMTC,0.2909361095393133
112,mMTC,0.29511070528474265
113,mMTC,0.29913105658747885
114,mMTC,0.2906872782713051
115,mMTC,0.2957817112178038
116,mMTC,0.2978475505170073
117,mMTC,0.3000734565250132
118,mMTC,0.29834977149665826
119,mMTC,0.2949618730902344
120,mMTC,0.29295394834747635
121,mMTC,0.2926166225020275
122,mMTC,0.2991993149581047
123,mMTC,0.29782910950036373
124,mMTC,0.2938511312191554
125,mMTC,0.2920166281399395
126,mMTC,0.2910650692304515
127,mMTC,0.29438655297723587
128,mMTC,0.2951985862511841
129,mMTC,0.2949146369675893
130,mMTC,0.2998114515921345
131,mMTC,0.2953417537191987
132,mMTC,0.2955106431264514
133,mMTC,0.2952058963630333
134,mMTC,0.2926972540810055
135,mMTC,0.2985434363292463
136,mMTC,0.29490964043390305
137,mMTC,0.2919232492770477
138,mMTC,0.2955353401352961
139,mMTC,0.2983808510646989
140,mMTC,0.2930520573817362
141,mMTC,0.29548594227149605
142,mMTC,0.30101018668851126
143,mMTC,0.2984993738504956
144,mMTC,0.29330098406125105
145,mMTC,0.2911038351143438
146,mMTC,0.29893835508012323
147,mMTC,0.2960805399946421
148,mMTC,0.2942816821953774
149,mMTC,0.29944186945233553
150,mMTC,0.2961973433664965
151,mMTC,0.29316630258643034
152,mMTC,0.28934622493866113
153,mMTC,0.2946241407865178
154,mMTC,0.29633830392980737
155,mMTC,0.29706506847434144
156,mMTC,0.2934123668816821
157,mMTC,0.2954356324992485
158,mMTC,0.29606658912386735
159,mMTC,0.29322465244964185
160,mMTC,0.2931343846570787
161,mMTC,0.2975600923580343
162,mMTC,0.2976128315940658
163,mMTC,0.2965562211588738
164,mMTC,0.2944195635201905
165,mMTC,0.297513118583447
166,mMTC,0.2958509669274265
167,mMTC,0.2993869842576148
168,mMTC,0.29708315662319756
169,mMTC,0.29249178738296844
170,mMTC,0.29776657752291685
171,mMTC,0.2946986052538263
172,mMTC,0.2952541366751192
173,mMTC,0.29454832157450317
174,mMTC,0.2962059887119329
175,mMTC,0.2990003819202447
176,mMTC,0.2950913026109158
177,mMTC,0.2946922226009005
178,mMTC,0.2967927950429043
179,mMTC,0.2935579082752585
180,mMTC,0.29404740653858874
181,mMTC,0.2985188814712929
182,mMTC,0.2963829043072887
183,mMTC,0.2941155905682638
184,mMTC,0.2925708820035405
185,mMTC,0.29446292349670944
186,mMTC,0.29281053551043323
187,mMTC,0.2949828850737994
188,mMTC,0.3013792169602073
189,mMTC,0.2929062804615959
190,mMTC,0.29568925711515626
191,mMTC,0.29534718500346824
192,mMTC,0.29970933223382823
193,mMTC,0.29867922764036786
194,mMTC,0.2939338464695769
195,mMTC,0.2958036065461136
196,mMTC,0.29623991470386796
197,mMTC,0.2920392960058641
198,mMTC,0.29700774452321665
199,mMTC,0.2958684332502348
200,mMTC,0.29274032637310726
201,mMTC,0.2929970948793654
202,mMTC,0.2958941614154439
203,mMTC,0.2975151464214848
204,mMTC,0.2938837020556816
205,mMTC,0.29655132614199303
206,mMTC,0.2963677507659024
207,mMTC,0.29475508469382244
208,mMTC,0.29577174536104395
209,mMTC,0.29238382008574193
210,mMTC,0.29760190942348
211,mMTC,0.2979962117721506
212,mMTC,0.2910715335621699
213,mMTC,0.2935884848383944
214,mMTC,0.2961615735404481
215,mMTC,0.2933632453500307
216,mMTC,0.2874794206523928
217,mMTC,0.2919909942684849
218,mMTC,0.2968637309058007
219,mMTC,0.2946989078434195
220,mMTC,0.29137662208662085
221,mMTC,0.2940150870076481
222,mMTC,0.2970927538809067
223,mMTC,0.292707093025574
224,mMTC,0.2966213775347504
225,mMTC,0.3017323030008342
226,mMTC,0.2969093208533654
227,mMTC,0.300834417728244
228,mMTC,0.2939468439330413
229,mMTC,0.2893855391140143
230,mMTC,0.2960378757601316
231,mMTC,0.2944405155323762
232,mMTC,0.29620075330150053
233,mMTC,0.29604672443097135
234,mMTC,0.2962919544745595
235,mMTC,0.29476079253216814
236,mMTC,0.2947202826912605
237,mMTC,0.29284970768792973
238,mMTC,0.2906031689337388
239,mMTC,0.2968146146287203
240,mMTC,0.3015755211640233
241,mMTC,0.299300743788579
242,mMTC,0.29106115658711273
243,mMTC,0.293572305449369
244,mMTC,0.29642307368099274
245,mMTC,0.2954243550126593
246,mMTC,0.29172053930264386
247,mMTC,0.2935540656264713
248,mMTC,0.2953245151255706
249,mMTC,0.2979902663582345
250,mMTC,0.3005894265815881
251,mMTC,0.2965970796681724
252,mMTC,0.29429282028333426
253,mMTC,0.29472283164108715
254,mMTC,0.29346427766247485
255,mMTC,0.2933599436807624
256,mMTC,0.2972379571546799
257,mMTC,0.2979864815374221
258,mMTC,0.29256793299739603
259,mMTC,0.28712679271046704
260,mMTC,0.2930830442867722
261,mMTC,0.29969991105594723
262,mMTC,0.29986085983201133
263,mMTC,0.29516448655593736
264,mMTC,0.29304426513671245
265,mMTC,0.29644540721804286
266,mMTC,0.29772891457947476
267,mMTC,0.29405965302153914
268,mMTC,0.29010781650601714
269,mMTC,0.29456018653765587
270,mMTC,0.29824825158766954
271,mMTC,0.29990711521319974
272,mMTC,0.29593450328215165
273,mMTC,0.30064452220275073
274,mMTC,0.2924779188137219
275,mMTC,0.2956067743083503
276,mMTC,0.29678986120722456
277,mMTC,0.3012938888404546
278,mMTC,0.2908260691858882
279,mMTC,0.29854229915641184
280,mMTC,0.29655309813203157
281,mMTC,0.29402518373271125
282,mMTC,0.29478858541435804
283,mMTC,0.29607734134034175
284,mMTC,0.29588656303885724
285,mMTC,0.2918556327951471
286,mMTC,0.2938823033033049
287,mMTC,0.297723734094771
288,mMTC,0.2967164527857651
289,mMTC,0.2914069688946157
290,mMTC,0.29155270388365057
291,mMTC,0.29233991031737744
292,mMTC,0.2916736327031258
293,mMTC,0.29476744253434883
294,mMTC,0.2941823981495655
295,mMTC,0.29437886524703855
296,mMTC,0.29749505822184646
297,mMTC,0.2942006077337453
298,mMTC,0.2930754523480951
299,mMTC,0.29922552377534267
300,mMTC,0.29401426550307563
301,mMTC,0.2946085776296806
302,mMTC,0.2944001349226865
303,mMTC,0.2967686797519731
304,mMTC,0.2986238585616685
305,mMTC,0.2938085627979315
306,mMTC,0.29963461142633435
307,mMTC,0.29627430331096144
308,mMTC,0.2973290227696273
309,mMTC,0.29877118617838344
310,mMTC,0.2927860222333882
311,mMTC,0.29404050676673466
312,mMTC,0.2956312640114672
313,mMTC,0.29414704194320246
314,mMTC,0.3004285828204405
315,mMTC,0.3036247958131821
316,mMTC,0.2901800537488255
317,mMTC,0.29330130369998836
318,mMTC,0.28994974670297446
319,mMTC,0.29160768223062505
320,mMTC,0.296581067633695
321,mMTC,0.29544187807706035
322,mMTC,0.29565976181307535
323,mMTC,0.2989589928606409
324,mMTC,0.29495336689722973
325,mMTC,0.2988777277183405
326,mMTC,0.295179607165223
327,mMTC,0.2956668747709237
328,mMTC,0.29749331810714774
329,mMTC,0.29504103876975313
330,mMTC,0.29524200958832497
331,mMTC,0.29454566297390516
332,mMTC,0.29568225774204093
333,mMTC,0.29485807573839334
334,mMTC,0.29152841948278685
335,mMTC,0.2918388255507612
336,mMTC,0.29677858056794004
337,mMTC,0.2945641424932538
338,mMTC,0.28836261874069785
339,mMTC,0.28984928061463316
340,mMTC,0.2962681692915375
341,mMTC,0.2914763148556319
342,mMTC,0.2898153300652819
343,mMTC,0.29569671783543044
344,mMTC,0.2943464977173924
345,mMTC,0.2962747905349158
346,mMTC,0.2972009544498271
347,mMTC,0.29840647619222316
348,mMTC,0.29925050032595296
349,mMTC,0.29756762057354874
350,mMTC,0.2966421449284474
351,mMTC,0.29189895815081474
352,mMTC,0.2995034217150949
353,mMTC,0.29702877071479356
354,mMTC,0.29716907199044146
355,mMTC,0.29540766977413785
356,mMTC,0.2936936868119295
357,mMTC,0.2939709712084734
358,mMTC,0.29630880242122115
359,mMTC,0.29332894122092296
360,mMTC,0.292023449570069
361,mMTC,0.29406912865183743
362,mMTC,0.28970330241721104
363,mMTC,0.29566314906412505
364,mMTC,0.29680919582187204
365,mMTC,0.2950739711180753
366,mMTC,0.29187026673710464
367,mMTC,0.29592816641947955
368,mMTC,0.29576879453995536
369,mMTC,0.2906178873451087
370,mMTC,0.2943408205089204
371,mMTC,0.2994504814003304
372,mMTC,0.2950674440270692
373,mMTC,0.2988459252889667
374,mMTC,0.2938521270312408
375,mMTC,0.29458183698319784
376,mMTC,0.2942313563839417
377,mMTC,0.29525625481739676
378,mMTC,0.2981878049044722
379,mMTC,0.2943745014061643
380,mMTC,0.294328186326928
381,mMTC,0.2928279819346854
382,mMTC,0.2915485394544397
383,mMTC,0.29450886805749377
384,mMTC,0.2976918477348421
385,mMTC,0.29725308517693083
386,mMTC,0.2937580859324414
387,mMTC,0.2955386049101894
388,mMTC,0.292500127634453
389,mMTC,0.29208466296344615
390,mMTC,0.29569306986568905
391,mMTC,0.29418768646150784
392,mMTC,0.2923431179893959
393,mMTC,0.2910322256888675
394,mMTC,0.29896829307506007
395,mMTC,0.29656288459492486
396,mMTC,0.29306742251567947
397,mMTC,0.29372826066911106
398,mMTC,0.2900674440198317
399,mMTC,0.2918399129479715
400,mMTC,0.2933738107883758
401,mMTC,0.29427524002132205
402,mMTC,0.2958695427721895
403,mMTC,0.299009470119748
404,mMTC,0.29562778998766825
405,mMTC,0.29328140938998565
406,mMTC,0.29794859189399087
407,mMTC,0.2950634578236532
408,mMTC,0.29138268720845806
409,mMTC,0.2971258315954981
410,mMTC,0.29534906939862593
411,mMTC,0.3000707556244267
412,mMTC,0.29517321224107695
413,mMTC,0.29910657269280855
414,mMTC,0.2961275285158031
415,mMTC,0.29553271318303803
416,mMTC,0.3017654599886258
417,mMTC,0.29381491958612577
418,mMTC,0.28750148597531333
419,mMTC,0.2897391749710012
420,mMTC,0.2908108341644448
421,mMTC,0.29466473681091504
422,mMTC,0.2940629330972408
423,mMTC,0.2942299306055269
424,mMTC,0.29419930104580044
425,mMTC,0.292278540003849
426,mMTC,0.29353381241105103
427,mMTC,0.2957933760313773
428,mMTC,0.3028934540601133
429,mMTC,0.2923801363534992
430,mMTC,0.29515902751327666
431,mMTC,0.29724597623841426
432,mMTC,0.2963891502252662
433,mMTC,0.2931276535197153
434,mMTC,0.2956889065719097
435,mMTC,0.2938191911168184
436,mMTC,0.2929532149370437
437,mMTC,0.2968790463876922
438,mMTC,0.2928021164562714
439,mMTC,0.2945799264759464
440,mMTC,0.29063684660399997
441,mMTC,0.2918789824111565
442,mMTC,0.298597856160918
443,mMTC,0.29953383372424847
444,mMTC,0.30111166713759024
445,mMTC,0.2979450620750515
446,mMTC,0.3000620474196076
447,mMTC,0.29705264927598507
448,mMTC,0.29179366603431417
449,mMTC,0.2929428147215505
450,mMTC,0.30165086537790425
451,mMTC,0.29530923342971993
452,mMTC,0.2957773702841648
453,mMTC,0.29680726156447834
454,mMTC,0.3019904528480115
455,mMTC,0.2965772996451461
456,mMTC,0.2943134210153265
457,mMTC,0.29547204168103836
458,mMTC,0.2934235173537975
459,mMTC,0.2894264376629306
460,mMTC,0.2913829205261308
461,mMTC,0.29661635834138306
462,mMTC,0.29523793851310215
463,mMTC,0.29207381906480495
464,mMTC,0.29800298908177447
465,mMTC,0.2921361471802599
466,mMTC,0.2939732997790845
467,mMTC,0.2950881598371769
468,mMTC,0.290586178603709
469,mMTC,0.2944751223862954
470,mMTC,0.29403484898834453
471,mMTC,0.29419562589436155
472,mMTC,0.2915967101654433
473,mMTC,0.2896166066541852
474,mMTC,0.2960590588069251
475,mMTC,0.3001191721723632
476,mMTC,0.2957484787698172
477,mMTC,0.2958226955851158
478,mMTC,0.2932895481184349
479,mMTC,0.2954294934096184
480,mMTC,0.2940993075627352
481,mMTC,0.28979813830347356
482,mMTC,0.29259863993769636
483,mMTC,0.2913407500688469
484,mMTC,0.28863925986115374
485,mMTC,0.2929412869776356
486,mMTC,0.2992371067536627
487,mMTC,0.2993437531186737
488,mMTC,0.2957424154547586
489,mMTC,0.2906346851408379
490,mMTC,0.2946223850172994
491,mMTC,0.2987285844816766
492,mMTC,0.2904837194076809
493,mMTC,0.2969581691348677
494,mMTC,0.29798900397340394
495,mMTC,0.29201063806900485
496,mMTC,0.2925443861044453
497,mMTC,0.2961171607149344
498,mMTC,0.2976612736625694
499,mMTC,0.2977579777855774
500,mMTC,0.29888821616511185
501,mMTC,0.2970611662346102
502,mMTC,0.294031664990479
503,mMTC,0.2944814699127175
504,mMTC,0.29781957711410845
505,mMTC,0.2995674526425382
506,mMTC,0.2962476466858278
507,mMTC,0.2976496242623206
508,mMTC,0.29887693795443143
509,mMTC,0.29281450694248584
510,mMTC,0.29816663991473197
511,mMTC,0.2976645562446979
512,mMTC,0.29736472937290015
513,mMTC,0.29766620376217834
514,mMTC,0.293154088556439
515,mMTC,0.2974184161625383
516,mMTC,0.29532797550035916
517,mMTC,0.2947204081809867
518,mMTC,0.2941119141542023
519,mMTC,0.2931418178814747
520,mMTC,0.29728246260453156
521,mMTC,0.29589018339603057
522,mMTC,0.29448366828084593
523,mMTC,0.2962205915896194
524,mMTC,0.29556803230945455
525,mMTC,0.29475864196153867
526,mMTC,0.2957280323335723
527,mMTC,0.2932793980715454
528,mMTC,0.29464709800289685
529,mMTC,0.29614420040769635
530,mMTC,0.2919106228296111
531,mMTC,0.29264788859323726
532,mMTC,0.2981522545936775
533,mMTC,0.29019454840234393
534,mMTC,0.29680366187440405
535,mMTC,0.29852086711574866
536,mMTC,0.2932710631118695
537,mMTC,0.2957653271527107
538,mMTC,0.294057085720998
539,mMTC,0.2927194869966889
540,mMTC,0.29164520753658274
541,mMTC,0.29533141181715533
542,mMTC,0.29820428113490227
543,mMTC,0.2924864412058471
544,mMTC,0.28926825995801503
545,mMTC,0.29327620758192974
546,mMTC,0.29489742364254856
547,mMTC,0.29724739102676473
548,mMTC,0.2949010967937099
549,mMTC,0.29385536285688696
550,mMTC,0.29526346766415756
551,mMTC,0.29269204963528306
552,mMTC,0.2942006678816671
553,mMTC,0.29594859821494096
554,mMTC,0.29865727466538045
555,mMTC,0.295496572328377
556,mMTC,0.2966036298365589
557,mMTC,0.2942235083348235
558,mMTC,0.29769549415661717
559,mMTC,0.29814410415070464
560,mMTC,0.2965264395157102
561,mMTC,0.2951850136462257
562,mMTC,0.29610839704487335
563,mMTC,0.29544073282867583
564,mMTC,0.2942295063347885
565,mMTC,0.2961715329081844
566,mMTC,0.29743696904399014
567,mMTC,0.29590108290495387
568,mMTC,0.2948481079794445
569,mMTC,0.292374980122356
570,mMTC,0.2965549329220398
571,mMTC,0.2960900098924719
572,mMTC,0.29329918031768554
573,mMTC,0.2973506710468935
574,mMTC,0.2913973174599153
575,mMTC,0.29159990174103184
576,mMTC,0.2902486181096894
577,mMTC,0.2985360352395995
578,mMTC,0.29546982528276167
579,mMTC,0.29595917720014886
580,mMTC,0.30023673235975273
581,mMTC,0.2942023339149314
582,mMTC,0.29183624258660407
583,mMTC,0.2967453467114793
584,mMTC,0.29585042623875046
585,mMTC,0.2970604068242733
586,mMTC,0.2979419016993452
587,mMTC,0.29338455476142056
588,mMTC,0.29328715896051266
589,mMTC,0.2979153203579633
590,mMTC,0.29667489607580383
591,mMTC,0.29117184438945337
592,mMTC,0.29088655018169945
593,mMTC,0.29960036164804815
594,mMTC,0.2998927060826258
595,mMTC,0.29741114031223376
596,mMTC,0.2985890940137752
597,mMTC,0.2965977150835664
598,mMTC,0.2929554046125171
599,mMTC,0.29418923201052377
600,mMTC,0.2930852916152682
601,mMTC,0.2927500314947518
602,mMTC,0.2936215833628586
603,mMTC,0.2953010179974023
604,mMTC,0.29773256556339367
605,mMTC,0.29187104602091024
606,mMTC,0.29281450338603
607,mMTC,0.29486238379746155
608,mMTC,0.2962181042279777
609,mMTC,0.29586735693091076
610,mMTC,0.29558982691576413
611,mMTC,0.2982285675299265
612,mMTC,0.2986462157348456
613,mMTC,0.29622228112036775
614,mMTC,0.2979899656047125
615,mMTC,0.29618186374529515
616,mMTC,0.2949161874018815
617,mMTC,0.2963787248872116
618,mMTC,0.2926236393309765
619,mMTC,0.29566599315159453
620,mMTC,0.2938485640434969
621,mMTC,0.29218114812980756
622,mMTC,0.2968405275507827
623,mMTC,0.3007809888228922
624,mMTC,0.303602222942229
625,mMTC,0.29620893356441863
626,mMTC,0.2985383588331845
627,mMTC,0.3004907164989777
628,mMTC,0.29642380805483515
629,mMTC,0.292166648011471
630,mMTC,0.2947058448744712
631,mMTC,0.2950723716195198
632,mMTC,0.29060946731236686
633,mMTC,0.2951838324977129
634,mMTC,0.30051096135240646
635,mMTC,0.2944089021732218
636,mMTC,0.2940433963884848
637,mMTC,0.29525717995880135
638,mMTC,0.2934756761266185
639,mMTC,0.29365885233839145
640,mMTC,0.2936573557429188
641,mMTC,0.2931985322067197
642,mMTC,0.2940048222318158
643,mMTC,0.2943891325715792
644,mMTC,0.29611442573315794
645,mMTC,0.29353907375823907
646,mMTC,0.2951618301862117
647,mMTC,0.29863768014018366
648,mMTC,0.2891069083561325
649,mMTC,0.293900105363671
650,mMTC,0.29800465357185524
651,mMTC,0.2935613372153309
652,mMTC,0.2952304338197573
653,mMTC,0.2939170717904897
654,mMTC,0.29048897000699836
655,mMTC,0.2958814765775305
656,mMTC,0.2994548891670985
657,mMTC,0.29340191312328195
658,mMTC,0.29139601789902836
659,mMTC,0.2956257435887026
660,mMTC,0.2967757301302586
661,mMTC,0.29770891714145636
662,mMTC,0.3011745913277513
663,mMTC,0.2970217349980464
664,mMTC,0.2961852766102116
665,mMTC,0.2920684087408928
666,mMTC,0.29567326598304206
667,mMTC,0.29829170836743585
668,mMTC,0.29489660468377105
669,mMTC,0.2933665466157056
670,mMTC,0.292204453924133
671,mMTC,0.2912459819473348
672,mMTC,0.2930397913149211
673,mMTC,0.2979255003250559
674,mMTC,0.30081204731792416
675,mMTC,0.29436336399178803
676,mMTC,0.2947713348394709
677,mMTC,0.2955808039192945
678,mMTC,0.29452388309820243
679,mMTC,0.29895328760446266
680,mMTC,0.2925689898137254
681,mMTC,0.29152774177771124
682,mMTC,0.2969615250034494
683,mMTC,0.2960577633296874
684,mMTC,0.2937625094185861
685,mMTC,0.2946917910845801
686,mMTC,0.2925941957411662
687,mMTC,0.2962402679813185
688,mMTC,0.29602269362665623
689,mMTC,0.2923527300917846
690,mMTC,0.29436843206688906
691,mMTC,0.2929068712285319
692,mMTC,0.2947595299847579
693,mMTC,0.29448046675100714
694,mMTC,0.29042341439353353
695,mMTC,0.2960464975639458
696,mMTC,0.2936352668547745
697,mMTC,0.29402304086794034
698,mMTC,0.2981413171860042
699,mMTC,0.2986965434830847
700,mMTC,0.2934276561330198
701,mMTC,0.29571747546095034
702,mMTC,0.2975518001962023
703,mMTC,0.2968124472206616
704,mMTC,0.29448911440049325
705,mMTC,0.29770606098354885
706,mMTC,0.29597462506249
707,mMTC,0.2912956268520246
708,mMTC,0.2944586085575559
709,mMTC,0.2950724295302357
710,mMTC,0.2916111005129212
711,mMTC,0.29320809386484614
712,mMTC,0.29636012943216644
713,mMTC,0.29522231565281915
714,mMTC,0.29755096904661815
715,mMTC,0.2954220603596662
716,mMTC,0.29646004629766265
717,mMTC,0.29133897108512
718,mMTC,0.2931195737434428
719,mMTC,0.2931398623375609
720,mMTC,0.2946041745437877
721,mMTC,0.2955614763250621
722,mMTC,0.2944181192943686
723,mMTC,0.29397063811850926
724,mMTC,0.2985150872857623
725,mMTC,0.29755507772624273
726,mMTC,0.294183168347248
727,mMTC,0.2934394724061533
728,mMTC,0.2957492804655787
729,mMTC,0.2958479966541997
730,mMTC,0.29351106999425225
731,mMTC,0.2960471154498114
732,mMTC,0.29458207148378857
733,mMTC,0.2929106272724084
734,mMTC,0.2951047360916205
735,mMTC,0.29473444197660126
736,mMTC,0.29562999004931645
737,mMTC,0.2974825164211794
738,mMTC,0.2967508707906475
739,mMTC,0.2975139405512505
740,mMTC,0.29582803029325994
741,mMTC,0.2923175914123293
742,mMTC,0.29515759253847096
743,mMTC,0.2894456392867013
744,mMTC,0.2907470230794673
745,mMTC,0.29107448343428616
746,mMTC,0.2939831535331043
747,mMTC,0.29510910342225716
748,mMTC,0.293836636660141
749,mMTC,0.29295836548672827
750,mMTC,0.29678725124774513
751,mMTC,0.29527972721487256
752,mMTC,0.2928729453304076
753,mMTC,0.2956208633723631
754,mMTC,0.2971265786864888
755,mMTC,0.2968427830529458
756,mMTC,0.2894426753191523
757,mMTC,0.2960721354864777
758,mMTC,0.294744332361194
759,mMTC,0.2939462140192028
760,mMTC,0.29550128079857046
761,mMTC,0.2990110576137154
762,mMTC,0.2934020290338887
763,mMTC,0.2964484889314161
764,mMTC,0.29852026226883627
765,mMTC,0.2927979306452305
766,mMTC,0.2959669764475905
767,mMTC,0.2937659977074879
768,mMTC,0.2949115861898291
769,mMTC,0.29844727211788336
770,mMTC,0.2945995847080346
771,mMTC,0.29337485904399907
772,mMTC,0.29456278777710043
773,mMTC,0.2913636056872101
774,mMTC,0.2937807834380551
775,mMTC,0.2885954497431079
776,mMTC,0.2931535609508263
777,mMTC,0.29788767992479964
778,mMTC,0.29653480764208523
779,mMTC,0.30082602900063166
780,mMTC,0.28983667259792667
781,mMTC,0.2925212897895731
782,mMTC,0.29300689048382816
783,mMTC,0.29391440896071847
784,mMTC,0.2924534756266403
785,mMTC,0.2980966617865215
786,mMTC,0.2975394505989779
787,mMTC,0.29457449700844257
788,mMTC,0.2930159461493145
789,mMTC,0.2925157451188301
790,mMTC,0.29788523880806367
791,mMTC,0.29725596921759195
792,mMTC,0.29610015825387254
793,mMTC,0.29105835579310063
794,mMTC,0.2918197389608211
795,mMTC,0.29682502218367957
796,mMTC,0.2971294730810299
797,mMTC,0.28961901570731863
798,mMTC,0.29218985841166156
799,mMTC,0.29159165224149564
800,mMTC,0.2896154937556366
801,mMTC,0.29368867014567296
802,mMTC,0.29488558942173726
803,mMTC,0.2888398140203358
804,mMTC,0.2923644432753851
805,mMTC,0.29566764369441156
806,mMTC,0.29713953462760295
807,mMTC,0.2943115427519181
808,mMTC,0.29078927190223686
809,mMTC,0.2918972785163901
810,mMTC,0.2933968320425703
811,mMTC,0.2963434835324569
812,mMTC,0.30001501645485523
813,mMTC,0.2954721764541784
814,mMTC,0.2897993435600406
815,mMTC,0.29705066059231355
816,mMTC,0.2955422236567395
817,mMTC,0.28755868645167215
818,mMTC,0.2941637968855345
819,mMTC,0.295248391257754
820,mMTC,0.29109203704000025
821,mMTC,0.28899238083673157
822,mMTC,0.2959115319055542
823,mMTC,0.29711371779564805
824,mMTC,0.2963139183517838
825,mMTC,0.291663342863181
826,mMTC,0.29270581494333253
827,mMTC,0.2930669702101571
828,mMTC,0.2948393458540104
829,mMTC,0.2945347569837422
830,mMTC,0.29381953404823496
831,mMTC,0.29956846199877046
832,mMTC,0.298298821934405
833,mMTC,0.29012698923303404
834,mMTC,0.2928691955968809
835,mMTC,0.29578378090082436
836,mMTC,0.2936631081157732
837,mMTC,0.29539821396632
838,mMTC,0.29831805387001276
839,mMTC,0.29623434671559146
840,mMTC,0.2978871021291028
841,mMTC,0.29205082797917875
842,mMTC,0.2934700732832181
843,mMTC,0.29551238571004834
844,mMTC,0.2962977955395441
845,mMTC,0.2948593757547496
846,mMTC,0.29564051305521644
847,mMTC,0.29731845093951065
848,mMTC,0.29932925916487546
849,mMTC,0.2969688595881314
850,mMTC,0.2948676007805252
851,mMTC,0.29128600737118215
852,mMTC,0.2936432102401961
853,mMTC,0.2983643788282553
854,mMTC,0.29729069349163184
855,mMTC,0.291237383253983
856,mMTC,0.29082611556190346
857,mMTC,0.29238267310559285
858,mMTC,0.29650329384908036
859,mMTC,0.2962696334560542
860,mMTC,0.29385241762054354
861,mMTC,0.29685412999411537
862,mMTC,0.2879049460516038
863,mMTC,0.2914769722568657
864,mMTC,0.2932409408418198
865,mMTC,0.2935679643796437
866,mMTC,0.2931946859299487
867,mMTC,0.29566094016704214
868,mMTC,0.29516101111668464
869,mMTC,0.2925822859069349
870,mMTC,0.29675394227071245
871,mMTC,0.2987642086151713
872,mMTC,0.29639028978990434
873,mMTC,0.2969308721835652
874,mMTC,0.2919324887025689
875,mMTC,0.29746152127839165
876,mMTC,0.29373369556903206
877,mMTC,0.29077052999861003
878,mMTC,0.29513834766238317
879,mMTC,0.2933693785154899
880,mMTC,0.2939295077776972
881,mMTC,0.2947946136564918
882,mMTC,0.29573592354295
883,mMTC,0.29651609380074834
884,mMTC,0.2964755392767094
885,mMTC,0.2948639016914932
886,mMTC,0.29521379567062267
887,mMTC,0.29428004933031543
888,mMTC,0.29727221857576686
889,mMTC,0.29303422119381906
890,mMTC,0.2921776008334038
891,mMTC,0.2932808701537911
892,mMTC,0.2976558711086145
893,mMTC,0.29731397985012825
894,mMTC,0.29651275077585526
895,mMTC,0.2929301516638822
896,mMTC,0.29319267286598516
897,mMTC,0.2979717750263692
898,mMTC,0.29854055238146554
899,mMTC,0.2961168157467757
900,mMTC,0.29454766748616734
901,mMTC,0.2941184776948138
902,mMTC,0.2952638103078473
903,mMTC,0.29743856967103094
904,mMTC,0.2950676138019217
905,mMTC,0.2978023619208998
906,mMTC,0.29517862231349
907,mMTC,0.296743769961228
908,mMTC,0.2923436188073078
909,mMTC,0.2948909708857989
910,mMTC,0.29968337758219954
911,mMTC,0.2968964955800806
912,mMTC,0.29597307708535314
913,mMTC,0.2966192655562241
914,mMTC,0.2934081304944171
915,mMTC,0.29652710421615164
916,mMTC,0.29803222278034447
917,mMTC,0.2971632600647802
918,mMTC,0.29662560622000095
919,mMTC,0.29732661921529185
920,mMTC,0.2941505259744254
921,mMTC,0.2937419317664711
922,mMTC,0.29403525578816403
923,mMTC,0.29622420112017933
924,mMTC,0.2923607276587086
925,mMTC,0.29688850946822487
926,mMTC,0.300289136374156
927,mMTC,0.2963371106192936
928,mMTC,0.2965461124710733
929,mMTC,0.3027935865188762
930,mMTC,0.2962163268546382
931,mMTC,0.29752879671532356
932,mMTC,0.29019099180083424
933,mMTC,0.297713409908544
934,mMTC,0.2980604228429879
935,mMTC,0.2892763403827176
936,mMTC,0.2951878400833556
937,mMTC,0.2969806683381014
938,mMTC,0.2930996835829141
939,mMTC,0.29477754562489483
940,mMTC,0.293143180430447
941,mMTC,0.29763761669987726
942,mMTC,0.29757493012271274
943,mMTC,0.29455196348790175
944,mMTC,0.2952110953680456
945,mMTC,0.2982921212461502
946,mMTC,0.2957062715743928
947,mMTC,0.2908168615637218
948,mMTC,0.29622636767415644
949,mMTC,0.30519299710801734
950,mMTC,0.2959575580869995
951,mMTC,0.2937188958599597
952,mMTC,0.29626177632601536
953,mMTC,0.29677025417696
954,mMTC,0.29465614043326965
955,mMTC,0.2874867937440843
956,mMTC,0.29331068606386573
957,mMTC,0.29515284876457054
958,mMTC,0.293171125750216
959,mMTC,0.2982747441004841
960,mMTC,0.2956445601046726
961,mMTC,0.29665082542441146
962,mMTC,0.29488134503529284
963,mMTC,0.29273599678604806
964,mMTC,0.2960265126350829
965,mMTC,0.2929468327295548
966,mMTC,0.29262119063458225
967,mMTC,0.29110869184148624
968,mMTC,0.29652608049598883
969,mMTC,0.2937078370863721
970,mMTC,0.29620802861435347
971,mMTC,0.2968689116895456
972,mMTC,0.29457546136492274
973,mMTC,0.2949220450212921
974,mMTC,0.29477703942291766
975,mMTC,0.2966613872726324
976,mMTC,0.2935964872375002
977,mMTC,0.293421888518964
978,mMTC,0.2930870719051302
979,mMTC,0.2966080134995567
980,mMTC,0.29433299798214085
981,mMTC,0.2955640405816774
982,mMTC,0.2910844020120644
983,mMTC,0.292917613115946
984,mMTC,0.2964343450531948
985,mMTC,0.2919914513667417
986,mMTC,0.2923435393575955
987,mMTC,0.29233405696605336
988,mMTC,0.29045364670384355
989,mMTC,0.2941459558609145
990,mMTC,0.2947986109883525
991,mMTC,0.2975509361842641
992,mMTC,0.2997717384036475
993,mMTC,0.29634538961716617
994,mMTC,0.29268976547894804
995,mMTC,0.2887532934376406
996,mMTC,0.29345714587814437
997,mMTC,0.29540884377969034
998,mMTC,0.2925267198778945
999,mMTC,0.2927092359428941
1000,mMTC,0.293492009711098
1001,mMTC,0.2968321637677534
1002,mMTC,0.29468912646946444
1003,mMTC,0.2967672555895608
1004,mMTC,0.29824562542917843
1005,mMTC,0.29786628007746746
1006,mMTC,0.2917125289600418
1007,mMTC,0.2922728324673994
1008,mMTC,0.29647143964626765
1009,mMTC,0.29564042601682766
1010,mMTC,0.2975423435876239
1011,mMTC,0.2890598764186676
1012,mMTC,0.2938820085974256
1013,mMTC,0.2947698579173998
1014,mMTC,0.29727772070353214
1015,mMTC,0.29970317491532766
1016,mMTC,0.2969356129017765
1017,mMTC,0.2967181040887115
1018,mMTC,0.2950114331614649
1019,mMTC,0.2957346650092713
1020,mMTC,0.2932632684502958
1021,mMTC,0.2932499833425356
1022,mMTC,0.29713987247896023
1023,mMTC,0.2971025986887444
1024,mMTC,0.29830099143952404
1025,mMTC,0.29487126088787363
1026,mMTC,0.301979464447031
1027,mMTC,0.2958254896556578
1028,mMTC,0.2933061108410887
1029,mMTC,0.2957701007113463
1030,mMTC,0.29515659165551217
1031,mMTC,0.29638685437831275
1032,mMTC,0.29650329720111795
1033,mMTC,0.2951843902755757
1034,mMTC,0.29513549042785386
1035,mMTC,0.2956038249703329
1036,mMTC,0.30152251461920093
1037,mMTC,0.29470871544518307
1038,mMTC,0.2918081649890864
1039,mMTC,0.29683692796740013
1040,mMTC,0.2983932606743059
1041,mMTC,0.29855244936817704
1042,mMTC,0.2944132636399857
1043,mMTC,0.29723886845371134
1044,mMTC,0.28935992357295
1045,mMTC,0.28944793204631186
1046,mMTC,0.2984337774514374
1047,mMTC,0.2962666907300999
1048,mMTC,0.29544595126935624
1049,mMTC,0.29353980791226975
1050,mMTC,0.29273577251478683
1051,mMTC,0.2964060421144929
1052,mMTC,0.29280960528513555
1053,mMTC,0.2927733035077745
1054,mMTC,0.29376834987376615
1055,mMTC,0.2940473432671493
1056,mMTC,0.2929837767133022
1057,mMTC,0.294848899747168
1058,mMTC,0.2979820958795498
1059,mMTC,0.2925635421679521
1060,mMTC,0.289338752037534
1061,mMTC,0.29999523281026763
1062,mMTC,0.29958496617260816
1063,mMTC,0.2947104683090161
1064,mMTC,0.2941801185398631
1065,mMTC,0.29440694306684473
1066,mMTC,0.2953338149291837
1067,mMTC,0.2954208378530306
1068,mMTC,0.29491052771828774
1069,mMTC,0.29894476083780297
1070,mMTC,0.2998568053370937
1071,mMTC,0.2911131236652787
1072,mMTC,0.2914794176011638
1073,mMTC,0.2957958443352395
1074,mMTC,0.2978047634563307
1075,mMTC,0.2969433895113023
1076,mMTC,0.29243113545775257
1077,mMTC,0.29742439885497135
1078,mMTC,0.2885758120313072
1079,mMTC,0.2907310658870093
1080,mMTC,0.2994187468900163
1081,mMTC,0.2988266939083936
1082,mMTC,0.2987267361679806
1083,mMTC,0.29819292369551686
1084,mMTC,0.2953730523646212
1085,mMTC,0.2999368446673612
1086,mMTC,0.2983809028243554
1087,mMTC,0.294807213956495
1088,mMTC,0.29350722957060527
1089,mMTC,0.2991108470373114
1090,mMTC,0.29806820760709035
1091,mMTC,0.29598526130522473
1092,mMTC,0.2936241892887292
1093,mMTC,0.29220556358365135
1094,mMTC,0.2940342287759499
1095,mMTC,0.29341271722252116
1096,mMTC,0.29070143833697915
1097,mMTC,0.2997423267058657
1098,mMTC,0.30092151916465043
1099,mMTC,0.2942478981040881
1100,mMTC,0.29396915218499686
1101,mMTC,0.29423006104034793
1102,mMTC,0.29383272425540924
1103,mMTC,0.29475097778077963
1104,mMTC,0.29025599878231145
1105,mMTC,0.29252321789815555
1106,mMTC,0.2921632077725821
1107,mMTC,0.29242554349406186
1108,mMTC,0.29281064819545144
1109,mMTC,0.2970857276625694
1110,mMTC,0.2944764325777686
1111,mMTC,0.2969114761590405
1112,mMTC,0.2954875898796848
1113,mMTC,0.29242741020248364
1114,mMTC,0.29439162494899235
1115,mMTC,0.2955975006435103
1116,mMTC,0.29397201151129504
1117,mMTC,0.28859574699288304
1118,mMTC,0.28963273912757703
1119,mMTC,0.29658028884434734
1120,mMTC,0.29845342329890645
1121,mMTC,0.29595757000901457
1122,mMTC,0.29553638780645936
1123,mMTC,0.2973201538513457
1124,mMTC,0.3004094826780183
1125,mMTC,0.29293296143735714
1126,mMTC,0.29407325507593673
1127,mMTC,0.29633699768679544
1128,mMTC,0.29554189579548934
1129,mMTC,0.2962488675564877
1130,mMTC,0.2967779359728194
1131,mMTC,0.2995581679295383
1132,mMTC,0.2975695135478127
1133,mMTC,0.2992320354446966
1134,mMTC,0.29562277638891926
1135,mMTC,0.2932708606867035
1136,mMTC,0.2942850937996377
1137,mMTC,0.2927760793031608
1138,mMTC,0.29178419789376725
1139,mMTC,0.29332815640445414
1140,mMTC,0.2895421278872299
1141,mMTC,0.29470149488318964
1142,mMTC,0.299903552398422
1143,mMTC,0.3004599066248736
1144,mMTC,0.2958300489795498
1145,mMTC,0.2962634371067609
1146,mMTC,0.2966700399541863
1147,mMTC,0.291035218907946
1148,mMTC,0.2955564440969699
1149,mMTC,0.29820065071434
1150,mMTC,0.2990188031528248
1151,mMTC,0.2956891746473182
1152,mMTC,0.2944053987529605
1153,mMTC,0.29846545089345716
1154,mMTC,0.2910779142420703
1155,mMTC,0.2968749179629578
1156,mMTC,0.295548270860443
1157,mMTC,0.292557482758883
1158,mMTC,0.29700765364407195
1159,mMTC,0.2937678428472043
1160,mMTC,0.29661463735129656
1161,mMTC,0.2997927381247892
1162,mMTC,0.29349291692875584
1163,mMTC,0.29052164644076856
1164,mMTC,0.2960171010302072
1165,mMTC,0.29864974717257575
1166,mMTC,0.2962616942971583
1167,mMTC,0.2919959541607305
1168,mMTC,0.2925557544047848
1169,mMTC,0.29423169209010114
1170,mMTC,0.29531279488749007
1171,mMTC,0.2987770432833697
1172,mMTC,0.29563825336318345
1173,mMTC,0.2951330718131825
1174,mMTC,0.2966869472542262
1175,mMTC,0.29299202923511714
1176,mMTC,0.29536152706520113
1177,mMTC,0.2962687512595819
1178,mMTC,0.294788049604611
1179,mMTC,0.2948132735855239
1180,mMTC,0.2936546345252745
1181,mMTC,0.2939935718245757
1182,mMTC,0.2913937987840522
1183,mMTC,0.2960008672853326
1184,mMTC,0.2916430355707432
1185,mMTC,0.2941327140925887
1186,mMTC,0.29630538307416515
1187,mMTC,0.2909997337867713
1188,mMTC,0.29334362096421956
1189,mMTC,0.2980064662784907
1190,mMTC,0.29297373403115656
1191,mMTC,0.29212928013847833
1192,mMTC,0.2941111964527081
1193,mMTC,0.29316554600591205
1194,mMTC,0.2964335248565807
1195,mMTC,0.29744410953763495
1196,mMTC,0.29582820314270114
1197,mMTC,0.2960148575063058
1198,mMTC,0.2925317472162106
1199,mMTC,0.2954738011080742
1200,mMTC,0.2942115304197339
1201,mMTC,0.29502551913031116
1202,mMTC,0.2930342869087177
1203,mMTC,0.2959086043857757
1204,mMTC,0.295564881147055
1205,mMTC,0.29692338659372497
1206,mMTC,0.29768382004995125
1207,mMTC,0.2939074115162739
1208,mMTC,0.29619212060782274
1209,mMTC,0.2950891337799719
1210,mMTC,0.29541175885386867
1211,mMTC,0.29486463293021387
1212,mMTC,0.2957384409301791
1213,mMTC,0.29718412635569774
1214,mMTC,0.2955819085683299
1215,mMTC,0.29803631116964724
1216,mMTC,0.29795450134632767
1217,mMTC,0.3006037222495371
1218,mMTC,0.2970829990434047
1219,mMTC,0.2898999726716207
1220,mMTC,0.2927720583032781
1221,mMTC,0.2963215357882501
1222,mMTC,0.2911018866070433
1223,mMTC,0.294836373002264
1224,mMTC,0.2934614754497079
1225,mMTC,0.29107554956104215
1226,mMTC,0.2985705248363969
1227,mMTC,0.29647694451047074
1228,mMTC,0.2956318456208762
1229,mMTC,0.29474082436249976
1230,mMTC,0.2966117517079593
1231,mMTC,0.2945361704398122
1232,mMTC,0.29129489693081423
1233,mMTC,0.29535135893183945
1234,mMTC,0.2971694981062351
1235,mMTC,0.29553472778522333
1236,mMTC,0.29764889212954476
1237,mMTC,0.2967185461201483
1238,mMTC,0.2919082879532433
1239,mMTC,0.2933372471229205
1240,mMTC,0.3029737677833344
1241,mMTC,0.2958775126208086
1242,mMTC,0.2920119173360148
1243,mMTC,0.298628311804033
1244,mMTC,0.29542099399402383
1245,mMTC,0.2942917445752811
1246,mMTC,0.2920223134114717
1247,mMTC,0.2933665500201612
1248,mMTC,0.29904624617151915
1249,mMTC,0.2955265301453018
1250,mMTC,0.2918523892514441
1251,mMTC,0.29687397497276186
1252,mMTC,0.2977605609271643
1253,mMTC,0.2945390377716974
1254,mMTC,0.293471449999296
1255,mMTC,0.2976620775306112
1256,mMTC,0.29374895034481235
1257,mMTC,0.297508418391078
1258,mMTC,0.29519281376776285
1259,mMTC,0.29834583478271354
1260,mMTC,0.29678906096859126
1261,mMTC,0.29531298258021665
1262,mMTC,0.2940790143576446
1263,mMTC,0.29621443759430904
1264,mMTC,0.29237737848222856
1265,mMTC,0.29622612664012116
1266,mMTC,0.29303263713961597
1267,mMTC,0.28926783130484923
1268,mMTC,0.29213146476451984
1269,mMTC,0.2935057769910882
1270,mMTC,0.2942587027708038
1271,mMTC,0.29664134228696426
1272,mMTC,0.2951323417053373
1273,mMTC,0.29922812221823686
1274,mMTC,0.29467496269934906
1275,mMTC,0.298216791925681
1276,mMTC,0.29902534399088854
1277,mMTC,0.3007493877376937
1278,mMTC,0.2942310333595124
1279,mMTC,0.29764773317096055
1280,mMTC,0.29686177856120466
1281,mMTC,0.2923005052204622
1282,mMTC,0.29721764467077133
1283,mMTC,0.29553049118298574
1284,mMTC,0.29274841773022764
1285,mMTC,0.2973834572546185
1286,mMTC,0.2954459383614508
1287,mMTC,0.29454073148695403
1288,mMTC,0.297151970900587
1289,mMTC,0.2962609671353496
1290,mMTC,0.2956345396324364
1291,mMTC,0.29965182371713805
1292,mMTC,0.2988991616901186
1293,mMTC,0.2951544140378533
1294,mMTC,0.29741025526179027
1295,mMTC,0.2945656788360843
1296,mMTC,0.29087421190024837
1297,mMTC,0.29517252909810204
1298,mMTC,0.29535907771581804
1299,mMTC,0.29492236829148344
1300,mMTC,0.29331545531209613
1301,mMTC,0.2958449249481036
1302,mMTC,0.2969281848669439
1303,mMTC,0.29789874936109983
1304,mMTC,0.29416606753292046
1305,mMTC,0.29615274546907056
1306,mMTC,0.29494309789091017
1307,mMTC,0.29373958189295113
1308,mMTC,0.30058210777210415
1309,mMTC,0.29902377911769273
1310,mMTC,0.29657033612324596
1311,mMTC,0.29554491603911726
1312,mMTC,0.2960827472518521
1313,mMTC,0.2954636688633086
1314,mMTC,0.29536886104139093
1315,mMTC,0.2957692740675885
1316,mMTC,0.2975213288677621
1317,mMTC,0.29753950697057757
1318,mMTC,0.29390081793769246
1319,mMTC,0.29501147639577274
1320,mMTC,0.30055117401341974
1321,mMTC,0.29830970148549146
1322,mMTC,0.2914794844554231
1323,mMTC,0.2941617814114659
1324,mMTC,0.2969410532342111
1325,mMTC,0.2928438343559651
1326,mMTC,0.2939185206480666
1327,mMTC,0.29438937746877986
1328,mMTC,0.29925729249659727
1329,mMTC,0.30103706406544967
1330,mMTC,0.2981122876459394
1331,mMTC,0.2981911644405273
1332,mMTC,0.29879900408526694
1333,mMTC,0.29557423822114576
1334,mMTC,0.2977971621550303
1335,mMTC,0.2987236874649591
1336,mMTC,0.2981080753523241
1337,mMTC,0.29885751877038086
1338,mMTC,0.29970271150537714
1339,mMTC,0.2921293778824811
1340,mMTC,0.2934118942949761
1341,mMTC,0.3035577500868934
1342,mMTC,0.3008382457092331
1343,mMTC,0.2980118161093668
1344,mMTC,0.2971770929492566
1345,mMTC,0.29191012054633103
1346,mMTC,0.29791750158857283
1347,mMTC,0.295264521080915
1348,mMTC,0.2954380776047788
1349,mMTC,0.297307063771055
1350,mMTC,0.2960552278895029
1351,mMTC,0.2930421048811525
1352,mMTC,0.290904315903929
1353,mMTC,0.29294656641071604
1354,mMTC,0.2917001869226217
1355,mMTC,0.2964060339102928
1356,mMTC,0.2957015738080168
1357,mMTC,0.29400837202297825
1358,mMTC,0.29974916243185873
1359,mMTC,0.29446731663881437
1360,mMTC,0.29478573855665013
1361,mMTC,0.2960210459576978
1362,mMTC,0.29558988677653814
1363,mMTC,0.2879119883252533
1364,mMTC,0.29349965386488663
1365,mMTC,0.2947916859318231
1366,mMTC,0.29224007507654404
1367,mMTC,0.3002512315570832
1368,mMTC,0.2940967740434007
1369,mMTC,0.29813745690640303
1370,mMTC,0.29721326753892396
1371,mMTC,0.29637745165112245
1372,mMTC,0.29644833966350315
1373,mMTC,0.29665415374682014
1374,mMTC,0.2972360293514968
1375,mMTC,0.29510645208552516
1376,mMTC,0.29637999829336786
1377,mMTC,0.2999365654880602
1378,mMTC,0.29818069594987173
1379,mMTC,0.29381563927177495
1380,mMTC,0.2927091429710227
1381,mMTC,0.29594021418138383
1382,mMTC,0.29528726731829624
1383,mMTC,0.28944405740203444
1384,mMTC,0.2931995037496743
1385,mMTC,0.288659225962001
1386,mMTC,0.2962757672548435
1387,mMTC,0.2947331415108987
1388,mMTC,0.29334885042149395
1389,mMTC,0.2919090310354813
1390,mMTC,0.294286960198455
1391,mMTC,0.2964736694734388
1392,mMTC,0.29639886604579474
1393,mMTC,0.2950138351261967
1394,mMTC,0.29541104805921675
1395,mMTC,0.2964546783657653
1396,mMTC,0.29638037661107364
1397,mMTC,0.2907365707393046
1398,mMTC,0.2928495537783465
1399,mMTC,0.29259051889164667
1400,mMTC,0.2918183938735461
1401,mMTC,0.29796480524741137
1402,mMTC,0.2944244994960188
1403,mMTC,0.2928553684866312
1404,mMTC,0.29224496419099055
1405,mMTC,0.29173542653379964
1406,mMTC,0.29173105687109935
1407,mMTC,0.2922442018634231
1408,mMTC,0.2948250878810833
1409,mMTC,0.2946801729990427
1410,mMTC,0.28982436277226103
1411,mMTC,0.29437484686179566
1412,mMTC,0.29450806289832243
1413,mMTC,0.29688280032654635
1414,mMTC,0.29257685647551834
1415,mMTC,0.29225678252471504
1416,mMTC,0.2967522494382298
1417,mMTC,0.2974916214347702
1418,mMTC,0.29637347797870456
1419,mMTC,0.29741510608282234
1420,mMTC,0.29521345514572417
1421,mMTC,0.29349363565780967
1422,mMTC,0.29718606125900304
1423,mMTC,0.2966065432363357
1424,mMTC,0.29172125123147336
1425,mMTC,0.28933648849811033
1426,mMTC,0.29810707628860866
1427,mMTC,0.299035300298726
1428,mMTC,0.29600591987867425
1429,mMTC,0.2938097157299902
1430,mMTC,0.2914785651349647
1431,mMTC,0.2929309540139798
1432,mMTC,0.29299523579633424
1433,mMTC,0.2974569268547942
1434,mMTC,0.2951234954493791
1435,mMTC,0.29339642371460056
1436,mMTC,0.29076119897605485
1437,mMTC,0.2926693769358015
1438,mMTC,0.29122499937654084
1439,mMTC,0.29283357469567
1440,mMTC,0.2932820344589703
1441,mMTC,0.2955004296408215
1442,mMTC,0.2957490422210369
1443,mMTC,0.29562692238648347
1444,mMTC,0.29278372322548263
1445,mMTC,0.2902415181234317
1446,mMTC,0.2927080052726815
1447,mMTC,0.29417978704093845
1448,mMTC,0.29174894054074446
1449,mMTC,0.2968884664394869
1450,mMTC,0.2954634364775177
1451,mMTC,0.29582203910174604
1452,mMTC,0.29390974240793405
1453,mMTC,0.2957240430057445
1454,mMTC,0.29654663281033916
1455,mMTC,0.29375261057068897
1456,mMTC,0.2922957339401686
1457,mMTC,0.2941473870005433
1458,mMTC,0.2968565993704777
1459,mMTC,0.2925757694018102
1460,mMTC,0.29436329680826034
1461,mMTC,0.30007515341007834
1462,mMTC,0.30067334870054635
1463,mMTC,0.29496137119395505
1464,mMTC,0.2928262068015191
1465,mMTC,0.2930687767296579
1466,mMTC,0.29317191558254996
1467,mMTC,0.2933579690828617
1468,mMTC,0.2950503059129767
1469,mMTC,0.2950007838837773
1470,mMTC,0.2942228074627035
1471,mMTC,0.2954689370783128
1472,mMTC,0.29765145553640454
1473,mMTC,0.2979102409558366
1474,mMTC,0.2947165597889111
1475,mMTC,0.2911768222098759
1476,mMTC,0.29199391510116707
1477,mMTC,0.2891033876569015
1478,mMTC,0.29512570569023683
1479,mMTC,0.29624499857033854
1480,mMTC,0.2915480394789022
1481,mMTC,0.29014114115027234
1482,mMTC,0.2918711333069231
1483,mMTC,0.29584293282094015
1484,mMTC,0.29345123817228985
1485,mMTC,0.2973524417824142
1486,mMTC,0.2975884096884566
1487,mMTC,0.2887336760453538
1488,mMTC,0.29332796421225227
1489,mMTC,0.295204845976125
1490,mMTC,0.2968567544454136
1491,mMTC,0.295755555985485
1492,mMTC,0.2966337352105687
1493,mMTC,0.2939496317605066
1494,mMTC,0.29237865527699447
1495,mMTC,0.2919222129196088
1496,mMTC,0.29133445441913897
1497,mMTC,0.29550613223053007
1498,mMTC,0.3007412131663687
1499,mMTC,0.29582168448934804
1500,mMTC,0.2945503403829322
1501,mMTC,0.2960996951255735
1502,mMTC,0.28901770212247924
1503,mMTC,0.293674543990534
1504,mMTC,0.2977296292911346
1505,mMTC,0.29251744962819265
1506,mMTC,0.29233690327747847
1507,mMTC,0.2975780789774197
1508,mMTC,0.2978155999068749
1509,mMTC,0.29280715051490674
1510,mMTC,0.2941634825015608
1511,mMTC,0.295126178471745
1512,mMTC,0.2940055969715537
1513,mMTC,0.29485943332889636
1514,mMTC,0.29195785571893085
1515,mMTC,0.29617103132059674
1516,mMTC,0.2994376958866177
1517,mMTC,0.29245987625064684
1518,mMTC,0.29394034524094265
1519,mMTC,0.2945151777194255
1520,mMTC,0.28994302282823425
1521,mMTC,0.29446212791808146
1522,mMTC,0.2942203015043091
1523,mMTC,0.29666756835594976
1524,mMTC,0.2957516491281824
1525,mMTC,0.2968836984503384
1526,mMTC,0.2902491611769593
1527,mMTC,0.29346240067319584
1528,mMTC,0.29731971104706567
1529,mMTC,0.29807227466017816
1530,mMTC,0.2982768071529817
1531,mMTC,0.2916397054113737
1532,mMTC,0.29195637605382274
1533,mMTC,0.29561049966655717
1534,mMTC,0.2947411396238513
1535,mMTC,0.2981493403878069
1536,mMTC,0.2962628175798593
1537,mMTC,0.2951002661520175
1538,mMTC,0.29598701923645193
1539,mMTC,0.2922546614929492
1540,mMTC,0.291108824087883
1541,mMTC,0.29412277446163754
1542,mMTC,0.2944155826649731
1543,mMTC,0.30137580730345215
1544,mMTC,0.29518531124044195
1545,mMTC,0.2909426181747216
1546,mMTC,0.2920953433035115
1547,mMTC,0.2945728882435305
1548,mMTC,0.2961791397935767
1549,mMTC,0.2970124994255413
1550,mMTC,0.29296782823223594
1551,mMTC,0.2912782907591752
1552,mMTC,0.2959141076651412
1553,mMTC,0.2984177338268443
1554,mMTC,0.2987341058933513
1555,mMTC,0.29400375302509
1556,mMTC,0.2963991468269539
1557,mMTC,0.2971313870991187
1558,mMTC,0.2958268355224785
1559,mMTC,0.29300567890892837
1560,mMTC,0.293952708422896
1561,mMTC,0.2977511635268624
1562,mMTC,0.2939003143773897
1563,mMTC,0.2954529315544796
1564,mMTC,0.29412910332163816
1565,mMTC,0.2917597475205615
1566,mMTC,0.2944218635555968
1567,mMTC,0.2988451249798352
1568,mMTC,0.2961786806391737
1569,mMTC,0.2947151524140252
1570,mMTC,0.29274616151062477
1571,mMTC,0.2935264549728322
1572,mMTC,0.2958195373950043
1573,mMTC,0.2940831497271802
1574,mMTC,0.2954573396216621
1575,mMTC,0.29713831546650266
1576,mMTC,0.2970406783671547
1577,mMTC,0.29577546002348404
1578,mMTC,0.2968378778251222
1579,mMTC,0.28877835417402403
1580,mMTC,0.2943384616555128
1581,mMTC,0.2961606438976708
1582,mMTC,0.289081795148306
1583,mMTC,0.2922297012056198
1584,mMTC,0.2934149583132906
1585,mMTC,0.2922517112903293
1586,mMTC,0.29203399448584966
1587,mMTC,0.29648082714443674
1588,mMTC,0.29767176187291167
1589,mMTC,0.2957231512943379
1590,mMTC,0.29506262476375983
1591,mMTC,0.29392873737014547
1592,mMTC,0.29551290681743064
1593,mMTC,0.29092365133139114
1594,mMTC,0.2947549127901716
1595,mMTC,0.2950340620214072
1596,mMTC,0.2914926248016698
1597,mMTC,0.29256091744775387
1598,mMTC,0.2894388450899281
1599,mMTC,0.293963350928636
1600,mMTC,0.2948859743554504
1601,mMTC,0.3000097067228662
1602,mMTC,0.2922098656032429
1603,mMTC,0.29215222675239383
1604,mMTC,0.29922712248737804
1605,mMTC,0.2956771398292466
1606,mMTC,0.2952006638807898
1607,mMTC,0.29442446976064157
1608,mMTC,0.2918875397434608
1609,mMTC,0.2935154699774476
1610,mMTC,0.29517198313110105
1611,mMTC,0.29497638271230003
1612,mMTC,0.2876703639164231
1613,mMTC,0.2922703681428741
1614,mMTC,0.2920751013232145
1615,mMTC,0.2963042950587171
1616,mMTC,0.29729520805184767
1617,mMTC,0.2969476318325298
1618,mMTC,0.2973415081054632
1619,mMTC,0.29208353774346635
1620,mMTC,0.2945338046088769
1621,mMTC,0.2976340142192264
1622,mMTC,0.29413266116775605
1623,mMTC,0.2908720643590212
1624,mMTC,0.29386155229486305
1625,mMTC,0.29489318840406736
1626,mMTC,0.29742111353182377
1627,mMTC,0.29377852189807896
1628,mMTC,0.2917175846269008
1629,mMTC,0.2951914515627542
1630,mMTC,0.2958041788640456
1631,mMTC,0.2960096711550228
1632,mMTC,0.29640678688725397
1633,mMTC,0.2927898203133803
1634,mMTC,0.294131234902037
1635,mMTC,0.2900438650386567
1636,mMTC,0.2956509685997448
1637,mMTC,0.29309642005252046
1638,mMTC,0.29215699595918204
1639,mMTC,0.29231744678260474
1640,mMTC,0.29642283386914725
1641,mMTC,0.29186465836731046
1642,mMTC,0.2937501960585738
1643,mMTC,0.29653803012405855
1644,mMTC,0.2934914517072941
1645,mMTC,0.2952626142538897
1646,mMTC,0.29447597385507646
1647,mMTC,0.29605577591804216
1648,mMTC,0.2985132144436918
1649,mMTC,0.2945843138435488
1650,mMTC,0.29415098581951676
1651,mMTC,0.2918032241054204
1652,mMTC,0.29446171572932
1653,mMTC,0.29161160874246694
1654,mMTC,0.2932052118329854
1655,mMTC,0.29594062384326997
1656,mMTC,0.2942078435935934
1657,mMTC,0.2944346769171867
1658,mMTC,0.29597385717091584
1659,mMTC,0.29701197202601387
1660,mMTC,0.29979837559638417
1661,mMTC,0.30085235731848897
1662,mMTC,0.29678737264685123
1663,mMTC,0.3000996037904161
1664,mMTC,0.2942182925937943
1665,mMTC,0.2972305056488251
1666,mMTC,0.29689059622823155
1667,mMTC,0.29403126452317263
1668,mMTC,0.2954335436650836
1669,mMTC,0.29647439367084377
1670,mMTC,0.296310432698025
1671,mMTC,0.29306473901377805
1672,mMTC,0.29411302375728715
1673,mMTC,0.29509819075514443
1674,mMTC,0.2992681780427863
1675,mMTC,0.2946030025547417
1676,mMTC,0.29336531816595857
1677,mMTC,0.29589762681614
1678,mMTC,0.2943040816665726
1679,mMTC,0.2995835632957166
1680,mMTC,0.2998793983107517
1681,mMTC,0.2903889747921601
1682,mMTC,0.2912468968820193
1683,mMTC,0.2916634463474582
1684,mMTC,0.29378976599316237
1685,mMTC,0.2945392208244679
1686,mMTC,0.29871742302410564
1687,mMTC,0.29661264581161145
1688,mMTC,0.2967468326928939
1689,mMTC,0.29065999066931447
1690,mMTC,0.2985315281252755
1691,mMTC,0.2925337285733124
1692,mMTC,0.2937242429989277
1693,mMTC,0.3037435014673119
1694,mMTC,0.29542819558547606
1695,mMTC,0.29800511978579364
1696,mMTC,0.29746088672710885
1697,mMTC,0.2925583857859685
1698,mMTC,0.29825651526015945
1699,mMTC,0.29153023170606124
1700,mMTC,0.2934734940143457
1701,mMTC,0.2926279438627471
1702,mMTC,0.29541812222668473
1703,mMTC,0.2946004945933004
1704,mMTC,0.2911393395299831
1705,mMTC,0.29309419035025575
1706,mMTC,0.29236885402024376
1707,mMTC,0.2924145520309857
1708,mMTC,0.2923213759967606
1709,mMTC,0.2932834959669382
1710,mMTC,0.29504793282807323
1711,mMTC,0.295266641961546
1712,mMTC,0.29327262940215315
1713,mMTC,0.292542058627533
1714,mMTC,0.28886395590139713
1715,mMTC,0.2955977546727511
1716,mMTC,0.29444597925414867
1717,mMTC,0.2895561755852223
1718,mMTC,0.2950939177176398
1719,mMTC,0.30484108540875315
1720,mMTC,0.2998391261132551
1721,mMTC,0.2971252729208012
1722,mMTC,0.29693061987727526
1723,mMTC,0.29468624478847766
1724,mMTC,0.2909383761524051
1725,mMTC,0.2937508946033807
1726,mMTC,0.2988293766255626
1727,mMTC,0.29253389419799114
1728,mMTC,0.29391574167550416
1729,mMTC,0.29191808238440375
1730,mMTC,0.2968943288253848
1731,mMTC,0.29232849507391856
1732,mMTC,0.2922059693945563
1733,mMTC,0.2875052773800902
1734,mMTC,0.29415420558056005
1735,mMTC,0.2955332835432614
1736,mMTC,0.29517141672726216
1737,mMTC,0.29739253130675386
1738,mMTC,0.2965688003617942
1739,mMTC,0.2966965496749256
1740,mMTC,0.29355937126974757
1741,mMTC,0.29035268697637007
1742,mMTC,0.2920619214840801
1743,mMTC,0.2993104975503638
1744,mMTC,0.29069956524641494
1745,mMTC,0.2949551886000156
1746,mMTC,0.2976056299852476
1747,mMTC,0.292003139454003
1748,mMTC,0.29526167836126077
1749,mMTC,0.3058110566032572
1750,mMTC,0.30082012596971497
1751,mMTC,0.2964710254263821
1752,mMTC,0.2976793940844466
1753,mMTC,0.30057866644448156
1754,mMTC,0.29230868684353756
1755,mMTC,0.2924209781106309
1756,mMTC,0.2956852546228169
1757,mMTC,0.29410779659241365
1758,mMTC,0.29668800949686863
1759,mMTC,0.29223682534882706
1760,mMTC,0.2937777241946037
1761,mMTC,0.298465063885899
1762,mMTC,0.2954197773701931
1763,mMTC,0.2923409972734326
1764,mMTC,0.29423900840037254
1765,mMTC,0.29514452154666776
1766,mMTC,0.2979779115963099
1767,mMTC,0.2943610577713152
1768,mMTC,0.28900950229909256
1769,mMTC,0.2980319886550372
1770,mMTC,0.29661934201217544
1771,mMTC,0.29416672318157505
1772,mMTC,0.2952236280116891
1773,mMTC,0.2932542237463592
1774,mMTC,0.2886665643642749
1775,mMTC,0.2931418716620658
1776,mMTC,0.29793046206396695
1777,mMTC,0.2966703464906826
1778,mMTC,0.2918351546622743
1779,mMTC,0.29973781701446334
1780,mMTC,0.29693276811837516
1781,mMTC,0.2931896459770449
1782,mMTC,0.2950476559547216
1783,mMTC,0.2868866686313673
1784,mMTC,0.2903183085306483
1785,mMTC,0.29607859945638504
1786,mMTC,0.2963175876728661
1787,mMTC,0.2991516078931147
1788,mMTC,0.29720994382316807
1789,mMTC,0.2935576927096549
1790,mMTC,0.29518975589239327
1791,mMTC,0.28986217171250445
1792,mMTC,0.29281032070448887
1793,mMTC,0.2940328170392429
1794,mMTC,0.44924487956219655
1795,mMTC,0.293825150876236
1796,mMTC,0.29405756772937836
1797,mMTC,0.2976141818353448
1798,mMTC,0.29312455792025754
1799,mMTC,0.2932906190986232
1800,mMTC,0.2929708348954987
1801,mMTC,0.2942725323951136
1802,mMTC,0.2930921509495688
1803,mMTC,0.29281292539598025
1804,mMTC,0.2966330300988445
1805,mMTC,0.2978232036327248
1806,mMTC,0.2961934602834388
1807,mMTC,0.295797047153226
1808,mMTC,0.29815402079511333
1809,mMTC,0.29246741067798215
1810,mMTC,0.2903790910376918
1811,mMTC,0.29776590720697443
1812,mMTC,0.2940106858128565
1813,mMTC,0.29482969419952326
1814,mMTC,0.29325296779304355
1815,mMTC,0.2918862330007618
1816,mMTC,0.2947745063491723
1817,mMTC,0.2979420388110837
1818,mMTC,0.295029934968591
1819,mMTC,0.2935875340407521
1820,mMTC,0.29488883066747756
1821,mMTC,0.2937090299841267
1822,mMTC,0.3001148494461379
1823,mMTC,0.299446478443845
1824,mMTC,0.2934365852889737
1825,mMTC,0.29586564859643105
1826,mMTC,0.29593441548114197
1827,mMTC,0.2942836464712535
1828,mMTC,0.2909556025504155
1829,mMTC,0.2949350078403361
1830,mMTC,0.30040295989350596
1831,mMTC,0.2967274449280623
1832,mMTC,0.2933894477417378
1833,mMTC,0.2904243564013859
1834,mMTC,0.2926817505861517
1835,mMTC,0.29698296258137497
1836,mMTC,0.29551177996623745
1837,mMTC,0.2923948653902267
1838,mMTC,0.2905724240380878
1839,mMTC,0.2970575965257644
1840,mMTC,0.2958011742373835
1841,mMTC,0.29284681308786153
1842,mMTC,0.29220766221711014
1843,mMTC,0.30349269775353416
1844,mMTC,0.29805248111791605
1845,mMTC,0.2956638150423311
1846,mMTC,0.29381611257719914
1847,mMTC,0.2955863523160989
1848,mMTC,0.2999424994890105
1849,mMTC,0.2917773593757058
1850,mMTC,0.29590034921498864
1851,mMTC,0.29893461433575785
1852,mMTC,0.2932197519838166
1853,mMTC,0.29496625374878715
1854,mMTC,0.2987477604038981
1855,mMTC,0.2945374184149478
1856,mMTC,0.29414854925877376
1857,mMTC,0.29537670131304844
1858,mMTC,0.29234375700786386
1859,mMTC,0.29329989404783674
1860,mMTC,0.29351074311727854
1861,mMTC,0.2968555659097486
1862,mMTC,0.29941634870827205
1863,mMTC,0.2954446970546626
1864,mMTC,0.294792377562261
1865,mMTC,0.2959841941528338
1866,mMTC,0.29505424487211357
1867,mMTC,0.29654003735540935
1868,mMTC,0.29154411222320165
1869,mMTC,0.2954409695982381
1870,mMTC,0.29310781018637644
1871,mMTC,0.2942844956073039
1872,mMTC,0.29156617557149556
1873,mMTC,0.293000261450776
1874,mMTC,0.2972524699402262
1875,mMTC,0.29474741518055203
1876,mMTC,0.2926065160390845
1877,mMTC,0.2958612629915332
1878,mMTC,0.29524350860972576
1879,mMTC,0.2955879483784067
1880,mMTC,0.2976293060897604
1881,mMTC,0.291893239157376
1882,mMTC,0.2976062424188915
1883,mMTC,0.29494736651674236
1884,mMTC,0.2911181606231524
1885,mMTC,0.29767535529399286
1886,mMTC,0.29614176334904263
1887,mMTC,0.2993130224739035
1888,mMTC,0.29850279989490325
1889,mMTC,0.2922464905629031
1890,mMTC,0.2930339697199533
1891,mMTC,0.2950748996795809
1892,mMTC,0.2942761692411264
1893,mMTC,0.29355522518434807
1894,mMTC,0.2922876068057701
1895,mMTC,0.29304547099381456
1896,mMTC,0.2949183365595598
1897,mMTC,0.29296479172841994
1898,mMTC,0.2954989525319672
1899,mMTC,0.2957854591584922
1900,mMTC,0.2956369594581404
1901,mMTC,0.29429211223137725
1902,mMTC,0.29322196949427076
1903,mMTC,0.29568055585145786
1904,mMTC,0.2964257445974573
1905,mMTC,0.2992201897038313
1906,mMTC,0.29687912031811015
1907,mMTC,0.2951422088839864
1908,mMTC,0.2975226766917797
1909,mMTC,0.2946913054773716
1910,mMTC,0.2942607478199559
1911,mMTC,0.2901894120540331
1912,mMTC,0.2929735811213677
1913,mMTC,0.29515736705143397
1914,mMTC,0.29681659603665883
1915,mMTC,0.2964325678088737
1916,mMTC,0.2940192847827103
1917,mMTC,0.29584382752702576
1918,mMTC,0.2906921831553998
1919,mMTC,0.29237492267670045
1920,mMTC,0.29626713207460637
1921,mMTC,0.29720378686255755
1922,mMTC,0.2975690353091682
1923,mMTC,0.2955339427542689
1924,mMTC,0.29443688021710285
1925,mMTC,0.2982677750545892
1926,mMTC,0.2958831586495459
1927,mMTC,0.2978541605285812
1928,mMTC,0.2985930011037418
1929,mMTC,0.2938673296609324
1930,mMTC,0.2959242326795177
1931,mMTC,0.2939600074389728
1932,mMTC,0.2958135638081795
1933,mMTC,0.29704184895655034
1934,mMTC,0.29750433155815414
1935,mMTC,0.298209943640651
1936,mMTC,0.2959566538346219
1937,mMTC,0.28816743170077597
1938,mMTC,0.2921013564609044
1939,mMTC,0.2980944281931513
1940,mMTC,0.2986066319139026
1941,mMTC,0.2963475325019494
1942,mMTC,0.28998411856909934
1943,mMTC,0.29228332937616297
1944,mMTC,0.2954005430398377
1945,mMTC,0.2906543287593119
1946,mMTC,0.291958450362037
1947,mMTC,0.2933183192941408
1948,mMTC,0.2909059197887974
1949,mMTC,0.2957608977808312
1950,mMTC,0.2917079530376658
1951,mMTC,0.292745105416309
1952,mMTC,0.2961776183413911
1953,mMTC,0.29588818348305895
1954,mMTC,0.29433042859967357
1955,mMTC,0.2905765642366529
1956,mMTC,0.2986670075779959
1957,mMTC,0.2962182388402047
1958,mMTC,0.2973644297356009
1959,mMTC,0.2965914674636256
1960,mMTC,0.29681361019949287
1961,mMTC,0.2982442889932206
1962,mMTC,0.298206346327966
1963,mMTC,0.29674705445097166
1964,mMTC,0.2926303667478002
1965,mMTC,0.29643810411852467
1966,mMTC,0.29817154207019586
1967,mMTC,0.294096202259724
1968,mMTC,0.290841594671238
1969,mMTC,0.2973955596427355
1970,mMTC,0.29123360190476044
1971,mMTC,0.29397169355375974
1972,mMTC,0.29265627581371734
1973,mMTC,0.29282053105485933
1974,mMTC,0.2976555818756781
1975,mMTC,0.2933312813935042
1976,mMTC,0.29210457681150803
1977,mMTC,0.296442642524772
1978,mMTC,0.29718509405130095
1979,mMTC,0.29692193030152947
1980,mMTC,0.29385420591232136
1981,mMTC,0.2940996806580536
1982,mMTC,0.29250999948106055
1983,mMTC,0.29322316897998557
1984,mMTC,0.2955866349997213
1985,mMTC,0.29050855273655524
1986,mMTC,0.28985026104230177
1987,mMTC,0.29329860916719575
1988,mMTC,0.2967515555142412
1989,mMTC,0.2967326126651043
1990,mMTC,0.2936832868326744
1991,mMTC,0.2972612772018859
1992,mMTC,0.2967563750440764
1993,mMTC,0.2898718236385397
1994,mMTC,0.28943726237625594
1995,mMTC,0.2970032791660694
1996,mMTC,0.2938053024778194
1997,mMTC,0.2955160134664767
1998,mMTC,0.29586127215417707
1999,mMTC,0.289053698318948
