client_id,slice_name,total_connected_time,total_unconnected_time,total_request_count,total_consume_time,total_usage,avg_served_bandwidth,total_completed_requests,completion_ratio,total_latency_ms,avg_completion_latency_ms,max_completion_latency_ms,completion_latency_violation_count,completion_latency_violation_ratio,total_first_service_latency_ms,avg_first_service_latency_ms,max_first_service_latency_ms,first_service_latency_violation_count,first_service_latency_violation_ratio
0,eMBB,494.25,5.75,24,1952,288480729.7328826,147787.25908446856,23,0.9583333333333334,195.65132338632398,8.50657927766626,17.528707925488057,0,0.0,5.676743356239267,0.2365309731766361,0.23955255726536098,0,0.0
1,mMTC,309.75,190.25,620,619,49957661.0,80707.04523424878,619,0.9983870967741936,161.5596794168811,0.26100109760400825,0.28864838495726497,0,0.0,93.07987241517178,0.1501288264760835,0.18169444444444444,0,0.0
2,eMBB,495.75,4.25,18,1964,310807565.09620136,158252.3243870679,17,0.9444444444444444,194.68915252313496,11.452303089596175,17.820538042446056,0,0.0,4.059676523368962,0.225537584631609,0.23182004100593653,0,0.0
3,eMBB,495.5,4.5,19,1962,288442928.14681214,147014.74421346185,18,0.9473684210526315,198.52313229501826,11.029062905278792,17.130217779617997,0,0.0,4.413187355236053,0.23227301869663436,0.24100043148685224,0,0.0
4,mMTC,298.75,201.25,598,597,48395129.0,81063.8676716918,597,0.9983277591973244,154.793195355074,0.25928508434685765,0.27792982393162396,0,0.0,88.89657925148416,0.14865648704261564,0.16894444444444445,0,0.0
5,eMBB,488.75,11.25,20,1934,288680969.7563675,149266.2718492076,19,0.95,185.00283555389007,9.736991344941583,18.727268709100827,0,0.0,4.5989968455029455,0.22994984227514728,0.2390676308952809,0,0.0
6,mMTC,233.0,267.0,466,466,36632348.0,78610.18884120171,466,1.0,122.11007574413446,0.26203878915050316,0.2795750028033354,0,0.0,71.35617751885664,0.15312484446106575,0.1761229759397157,0,0.0
7,eMBB,494.25,5.75,23,1953,290699053.6252634,148847.44169240317,22,0.9565217391304348,199.90176730478322,9.086443968399237,18.928790560183124,0,0.0,5.422846861124322,0.23577595048366617,0.2400638061078495,0,0.0
8,URLLC,177.0,323.0,708,707,99035415.0,140078.38048090524,707,0.998587570621469,43.745057927101215,0.06187419791669196,0.06399031423076927,0,0.0,1.0677689747935204,0.0015081482694823734,0.001528139724888302,0,0.0
9,eMBB,487.5,12.5,16,1933,307718497.26218444,159192.18689197334,15,0.9375,184.26554789387276,12.284369859591518,18.42152564292021,0,0.0,3.621333589241263,0.22633334932757893,0.23133849333384374,0,0.0
10,URLLC,158.0,342.0,632,632,88542809.0,140099.38132911394,632,1.0,38.83629892147447,0.061449840065624164,0.06317421398145738,0,0.0,0.9642015730129713,0.00152563540033698,0.0015519066707259555,0,0.0
11,eMBB,492.75,7.25,19,1951,284023065.22759247,145578.19847646976,18,0.9473684210526315,194.03917953646078,10.779954418692265,19.334165225375248,0,0.0,4.429007602640575,0.23310566329687238,0.2424446586051283,0,0.0
12,eMBB,493.0,7.0,21,1950,289960567.7420479,148697.72704720404,20,0.9523809523809523,196.92836439575083,9.846418219787541,17.92786425337551,0,0.0,4.83385154287616,0.23018340680362667,0.23908078785792442,0,0.0
13,mMTC,282.5,217.5,565,564,44629063.0,79129.54432624113,564,0.9982300884955753,147.99963217860818,0.2624106953521422,0.2806111291922243,0,0.0,86.73659486214227,0.15351609710113676,0.17190800550648325,0,0.0
14,eMBB,494.5,5.5,15,1962,294650567.55777615,150178.67867368815,14,0.9333333333333333,194.81411702268568,13.915294073048978,18.628655152038643,0,0.0,3.468363499070281,0.23122423327135208,0.2391252910846247,0,0.0
15,URLLC,202.75,297.25,811,811,112222635.0,138375.62885326758,811,1.0,50.16879662581186,0.06186041507498379,0.0639672727538462,0,0.0,1.2923798573502983,0.001593563325955978,0.0017736109781634078,0,0.0
16,eMBB,494.75,5.25,16,1962,312868970.9560157,159464.30731703146,15,0.9375,194.29246135160867,12.952830756773912,18.522860724905332,0,0.0,3.549583919567403,0.22184899497296268,0.23136675448420277,0,0.0
17,mMTC,311.0,189.0,622,622,49622363.0,79778.71864951769,622,1.0,160.1349698239871,0.25745171997425575,0.2748866109850077,0,0.0,91.88566835321784,0.14772615490871036,0.16914262295081967,0,0.0
18,mMTC,322.5,177.5,645,645,49294259.0,76425.20775193798,645,1.0,167.30933961637325,0.2593943249866252,0.2778280582718728,0,0.0,96.32299679312547,0.14933797952422553,0.1705908743722882,0,0.0
19,eMBB,492.25,7.75,21,1947,290256534.41784537,149078.85691722925,20,0.9523809523809523,194.36337279548468,9.718168639774234,19.227230801827645,0,0.0,4.971744370790868,0.2367497319424223,0.23864316600190785,0,0.0
20,mMTC,253.0,247.0,506,505,40427491.0,80054.43762376238,505,0.9980237154150198,132.7697069397218,0.26291031077172633,0.28819877409855355,0,0.0,78.05327216770051,0.1542554785922935,0.18040164520966462,0,0.0
21,mMTC,304.5,195.5,609,609,49607238.0,81456.87684729064,609,1.0,156.19710214445544,0.25648128430945066,0.2774834742833035,0,0.0,89.45285620052398,0.14688482134733002,0.17211882744569662,0,0.0
22,eMBB,491.5,8.5,24,1941,297899809.8034243,153477.49088275337,23,0.9583333333333334,193.55914379284422,8.415614947514966,16.82440875554148,0,0.0,5.482535317863093,0.22843897157762885,0.23420555555555558,0,0.0
23,eMBB,491.5,8.5,21,1944,305097689.07363856,156943.25569631613,20,0.9523809523809523,196.10287844815142,9.80514392240757,17.62175725813383,0,0.0,4.806396131956284,0.22887600628363255,0.23143417133687882,0,0.0
24,eMBB,494.25,5.75,17,1959,288523159.1030633,147280.83670396288,16,0.9411764705882353,196.14450044615415,12.259031277884635,18.532594077087868,0,0.0,4.01823933011787,0.23636701941869825,0.24104792277714496,0,0.0
25,eMBB,480.5,19.5,16,1903,278347917.5873005,146267.95459132973,15,0.9375,177.13381995818168,11.808921330545445,17.73161511579669,0,0.0,3.6992479737061967,0.2312029983566373,0.24105510653871134,0,0.0
26,mMTC,286.5,213.5,573,573,45182858.0,78853.15532286213,573,1.0,151.50457826719017,0.2644058957542586,0.2863704133057492,0,0.0,87.72722433077993,0.1531016131427224,0.1777888375792535,0,0.0
27,eMBB,489.25,10.75,26,1930,368204232.1592074,190779.39490114374,25,0.9615384615384616,194.83695907411354,7.793478362964541,15.620670497059002,0,0.0,5.870274059108094,0.22577977150415746,0.22892111338572793,0,0.0
28,eMBB,489.75,10.25,19,1939,290737996.78423864,149942.23660868418,18,0.9473684210526315,196.88064607558323,10.937813670865735,19.63056457525641,0,0.0,4.3709047967307395,0.23004762088056524,0.2396357008146662,0,0.0
29,eMBB,488.25,11.75,20,1932,299167421.2159478,154848.56170597713,19,0.95,191.97010567843253,10.10368977254908,18.823513846410147,0,0.0,4.56133783512571,0.2280668917562855,0.2347649663312749,0,0.0
30,URLLC,196.75,303.25,787,787,107818044.0,136998.78526048284,787,1.0,48.32654985481608,0.061406035393667194,0.06331027187105653,0,0.0,1.2272071659699464,0.0015593483684497413,0.0015859440223699828,0,0.0
31,eMBB,496.0,4.0,16,1967,290926797.6113326,147903.81169869477,15,0.9375,198.8135650404767,13.254237669365114,19.631549445268195,0,0.0,3.6825994419022106,0.23016246511888816,0.24110117079489202,0,0.0
32,eMBB,493.5,6.5,18,1955,285898390.77846104,146239.58607593915,17,0.9444444444444444,191.48684451202524,11.263932030119133,19.93021900285263,0,0.0,4.27167198297861,0.23731511016547835,0.2429797813106375,0,0.0
33,mMTC,286.75,213.25,574,573,46287105.0,80780.28795811518,573,0.9982578397212544,151.3474602346524,0.26413169325419267,0.28468674467687793,0,0.0,87.56168754371231,0.15254649397859288,0.17357559219824542,0,0.0
34,eMBB,483.0,17.0,25,1906,364461668.661029,191218.08429225025,24,0.96,193.9326993913567,8.08052914130653,14.218099298133566,0,0.0,5.661008984468917,0.22644035937875667,0.2294483012928229,0,0.0
35,eMBB,497.25,2.75,18,1970,295829088.3026384,150167.04989981645,17,0.9444444444444444,189.24176120987718,11.131868306463364,19.295038866943514,0,0.0,4.12499101667269,0.22916616759292724,0.23870628767663496,0,0.0
36,eMBB,490.0,10.0,20,1939,300443422.8747263,154947.61365380418,19,0.95,194.21896907995927,10.222051004208382,18.721515864943733,0,0.0,4.5127816758953045,0.22563908379476522,0.23430124484158726,0,0.0
37,mMTC,246.25,253.75,493,492,40251811.0,81812.62398373983,492,0.9979716024340771,131.48331280402664,0.26724250569924113,0.2936432153049359,0,0.0,76.31956891616336,0.15480642782183238,0.18334815000579063,0,0.0
38,eMBB,488.75,11.25,19,1935,283297725.3773555,146407.0932182716,18,0.9473684210526315,192.26267034201032,10.681259463445018,20.029696457846168,0,0.0,4.557162201117692,0.23985064216408905,0.24160422269052392,0,0.0
39,URLLC,203.25,296.75,813,813,113077800.0,139087.08487084872,813,1.0,49.67864399176964,0.06110534316330829,0.06289428482987691,0,0.0,1.2598702463850364,0.0015496558996125908,0.0015864259516483522,0,0.0
40,eMBB,492.0,8.0,19,1948,292080340.02236164,149938.57290675648,18,0.9473684210526315,193.77340160632596,10.76518897812922,19.226329121497614,0,0.0,4.3674066707427315,0.22986350898645955,0.23965321255044855,0,0.0
41,eMBB,491.0,9.0,23,1940,372697002.4947595,192111.8569560616,22,0.9565217391304348,194.08383602773227,8.821992546715103,14.71724970389635,0,0.0,5.098773011277554,0.22168578309902406,0.23090398370028506,0,0.0
42,eMBB,492.5,7.5,16,1953,292849141.517374,149948.35715175318,15,0.9375,186.0895256649004,12.405968377660027,19.726997086550565,0,0.0,3.655304969027127,0.22845656056419544,0.2382545623251836,0,0.0
43,eMBB,491.25,8.75,17,1947,303927555.04493433,156100.43916021282,16,0.9411764705882353,185.19247131982044,11.574529457488778,19.02240521981477,0,0.0,3.8617169686632717,0.22715982168607482,0.2338357091730316,0,0.0
44,URLLC,182.25,317.75,729,729,101891496.0,139768.85596707818,729,1.0,44.813490870193824,0.06147255263401073,0.06325856269027323,0,0.0,1.2043934505785012,0.0016521172161570662,0.0018345576739627848,0,0.0
45,mMTC,238.75,261.25,478,477,39939834.0,83731.30817610063,477,0.997907949790795,122.95306383983896,0.25776323656150724,0.2758903460769865,0,0.0,70.69209191334316,0.14789140567645012,0.16646040932484968,0,0.0
46,mMTC,219.5,280.5,439,439,34995631.0,79716.6993166287,439,1.0,114.21338036651949,0.2601671534544863,0.2776639682861847,0,0.0,65.91918804891272,0.1501576037560654,0.17230745820071464,0,0.0
47,mMTC,303.25,196.75,607,606,48451072.0,79952.26402640264,606,0.9983525535420099,160.2573880212897,0.2644511353486629,0.2858688079177045,0,0.0,92.92699663359744,0.15309225145567948,0.17508071937069597,0,0.0
48,eMBB,491.25,8.75,23,1941,373276557.6046764,192311.46708123464,22,0.9565217391304348,192.46453096645675,8.74838777120258,15.218694080463294,0,0.0,5.175014768324698,0.22500064210107382,0.2299795969649541,0,0.0
49,eMBB,494.5,5.5,16,1961,294577074.1921608,150217.78388177502,15,0.9375,190.49578283791845,12.69971885586123,18.330477807728492,0,0.0,3.664909147769708,0.22905682173560676,0.23973019547126115,0,0.0
50,mMTC,267.0,233.0,534,533,43105363.0,80873.10131332083,533,0.99812734082397,139.7127065874767,0.2621251530721889,0.28063888061346765,0,0.0,80.99351467344364,0.15167324845214164,0.17096764847671547,0,0.0
51,eMBB,490.0,10.0,21,1938,306127114.1654033,157960.3272267303,20,0.9523809523809523,186.90436718898317,9.34521835944916,17.519355283436735,0,0.0,4.706841624666348,0.22413531546030227,0.23239467191829605,0,0.0
52,eMBB,497.0,3.0,16,1971,290791144.41714627,147534.82720301687,15,0.9375,189.97445738552722,12.664963825701815,19.63028637148127,0,0.0,3.7455417375752673,0.2340963585984542,0.24112184761521024,0,0.0
53,eMBB,496.25,3.75,15,1969,289776289.7917753,147169.2685585451,14,0.9333333333333333,191.09698156567015,13.649784397547867,19.93105397753741,0,0.0,3.557447902523568,0.2371631935015712,0.24304305544072521,0,0.0
54,eMBB,493.75,6.25,19,1955,292258253.78139,149492.7129316573,18,0.9473684210526315,194.46509381238522,10.80361632291029,19.631538655332935,0,0.0,4.458814768611026,0.23467446150584345,0.2401518742001111,0,0.0
55,eMBB,493.5,6.5,24,1950,373934839.0000006,191761.45589743622,24,1.0,200.18742307640636,8.341142628183599,14.720356949631725,0,0.0,5.397448917480105,0.22489370489500438,0.23000517532586415,0,0.0
56,mMTC,241.75,258.25,484,483,40407473.0,83659.36438923396,483,0.9979338842975206,124.36933717032235,0.25749345169838994,0.27900581971340765,0,0.0,71.55396152245903,0.14783876347615502,0.17389435954246746,0,0.0
57,eMBB,490.25,9.75,16,1944,303403382.4073972,156071.69876923723,15,0.9375,185.42035782950364,12.361357188633576,18.919932731050338,0,0.0,3.6838113806797725,0.23023821129248578,0.233865294795478,0,0.0
58,eMBB,493.25,6.75,18,1954,309979506.3651423,158638.43723906975,17,0.9444444444444444,191.12202308024908,11.242471945897005,18.62164058754985,0,0.0,4.004233828311661,0.2224574349062034,0.2319742222804576,0,0.0
59,eMBB,490.25,9.75,18,1942,285642476.60587204,147086.7541739815,17,0.9444444444444444,182.0346688711427,10.707921698302513,19.831980185698182,0,0.0,4.224936349618665,0.23471868608992585,0.24114608810484522,0,0.0
60,eMBB,490.5,9.5,17,1944,283902389.9999995,146040.32407407384,16,0.9411764705882353,198.06969990311825,12.37935624394489,19.330977846714333,0,0.0,4.048803141177393,0.2381648906574937,0.24164451608106458,0,0.0
61,mMTC,271.5,228.5,543,542,42636496.0,78665.12177121772,542,0.998158379373849,143.443608826351,0.2646561048456661,0.2789980442133463,0,0.0,83.46767385865904,0.15371578979495218,0.17234945975913143,0,0.0
62,eMBB,493.75,6.25,19,1955,377150198.307779,192915.702459222,18,0.9473684210526315,195.30273186438518,10.85015177024362,15.119756219495804,0,0.0,4.186838720181716,0.22035993264114295,0.23145347435450472,0,0.0
63,mMTC,298.0,202.0,596,596,48925621.0,82089.96812080537,596,1.0,153.73636816388927,0.25794692644947864,0.28035364364503157,0,0.0,88.61956049688064,0.14869053774644403,0.17531102620913414,0,0.0
64,eMBB,492.0,8.0,17,1950,304096131.99999994,155946.73435897433,16,0.9411764705882353,198.43508246562203,12.402192654101377,18.422182171138488,0,0.0,3.8089833573439567,0.2240578445496445,0.23445023275558383,0,0.0
65,eMBB,489.75,10.25,19,1939,305992288.3518468,157809.32870131347,18,0.9473684210526315,192.84094727988844,10.713385959993802,18.620254367877816,0,0.0,4.230977080386438,0.22268300423086518,0.23054096018552508,0,0.0
66,eMBB,495.5,4.5,19,1962,287899972.41841125,146738.00836820147,18,0.9473684210526315,195.42035290782147,10.856686272656749,19.830767020491056,0,0.0,4.4180300110642685,0.23252789531917203,0.24265824779256878,0,0.0
67,eMBB,492.25,7.75,18,1950,284466665.0024181,145880.34102688107,17,0.9444444444444444,188.89829354204997,11.11166432600294,18.729589442200737,0,0.0,4.188884268336153,0.23271579268534184,0.24259338725906318,0,0.0
68,eMBB,492.75,7.25,17,1953,293409193.74204767,150235.122243752,16,0.9411764705882353,196.37524385089102,12.273452740680689,18.028145006594283,0,0.0,3.9523971471777313,0.2324939498339842,0.23874990448745767,0,0.0
69,eMBB,490.0,10.0,24,1935,370675294.9879042,191563.45994206934,23,0.9583333333333334,196.01873398032856,8.522553651318633,14.916820190634187,0,0.0,5.450217010939029,0.22709237545579286,0.22959936798402988,0,0.0
70,URLLC,174.5,325.5,698,698,97261884.0,139343.67335243552,698,1.0,43.10358142915568,0.06175298199019438,0.06357971680012535,0,0.0,1.1269385399248935,0.0016145251288322256,0.0016450692723992712,0,0.0
71,mMTC,254.0,246.0,508,508,40850291.0,80413.95866141732,508,1.0,133.11384130210828,0.2620351206734415,0.2810068629695338,0,0.0,77.04694665663826,0.15166721782802806,0.17239053168748253,0,0.0
72,eMBB,492.5,7.5,20,1949,308027263.7133345,158043.74741576938,19,0.95,193.35955965907905,10.176818929425213,18.221196965759244,0,0.0,4.560136105471855,0.22800680527359277,0.2310746465185958,0,0.0
73,eMBB,491.25,8.75,16,1948,286453872.4246702,147050.24251779786,15,0.9375,187.63034562842995,12.508689708561997,18.628839195411754,0,0.0,3.8054120337736133,0.23783825211085083,0.24023595199666475,0,0.0
74,mMTC,263.0,237.0,526,526,42294909.0,80408.572243346,526,1.0,137.1932327117098,0.2608236363340491,0.2764506748801745,0,0.0,79.37713039410306,0.1509070920039982,0.17385966908800665,0,0.0
75,eMBB,494.0,6.0,19,1956,291888788.67247075,149227.3970718153,18,0.9473684210526315,195.98701289804382,10.888167383224657,17.229576429775502,0,0.0,4.483206949111419,0.23595826047954835,0.23882223013496653,0,0.0
76,eMBB,490.0,10.0,23,1936,371032233.2213704,191648.88079616238,22,0.9565217391304348,193.96825206987185,8.816738730448721,14.91968553672686,0,0.0,5.194777228513973,0.22585987950060754,0.22958803095305452,0,0.0
77,eMBB,495.25,4.75,18,1962,292023112.7751775,148839.5070209875,17,0.9444444444444444,190.75143418243943,11.220672598967026,19.02842094102744,0,0.0,4.242081718702327,0.23567120659457372,0.23930351599914737,0,0.0
78,eMBB,491.75,8.25,18,1948,303262522.3949261,155678.91293374027,17,0.9444444444444444,188.30792407829918,11.076936710488187,18.921594164260018,0,0.0,4.091326038410409,0.22729589102280048,0.23298586134794513,0,0.0
79,eMBB,487.5,12.5,21,1928,303210793.7569366,157267.00921002936,20,0.9523809523809523,185.98278086782457,9.299139043391229,17.52058054296214,0,0.0,4.693318112800842,0.223491338704802,0.23061805065247068,0,0.0
80,eMBB,493.0,7.0,17,1954,288086014.67630655,147433.9890871579,16,0.9411764705882353,192.45011038276112,12.02813189892257,19.630264739112803,0,0.0,3.9341233920503105,0.23141902306178297,0.241233224723142,0,0.0
81,mMTC,268.5,231.5,537,536,42876873.0,79994.16604477612,536,0.9981378026070763,140.06544350467084,0.26131612594155007,0.2766828290798297,0,0.0,81.38356613294891,0.15155226467960692,0.1682521991440864,0,0.0
82,eMBB,493.0,7.0,18,1953,293702274.3347061,150385.18911147266,17,0.9444444444444444,197.14868807172277,11.59698165127781,19.628882209095607,0,0.0,4.138223459357801,0.2299013032976556,0.23927993363715977,0,0.0
83,eMBB,492.5,7.5,22,1947,374775393.54446644,192488.64588827244,21,0.9545454545454546,195.70972962168693,9.319510934366045,15.420110262992175,0,0.0,4.928498280385332,0.22402264910842418,0.23154143866587606,0,0.0
84,mMTC,303.75,196.25,608,607,47556421.0,78346.65733113674,607,0.9983552631578947,156.5610241166688,0.257925904640311,0.2756081198441257,0,0.0,90.29664829307903,0.1485142241662484,0.1669157273654932,0,0.0
85,eMBB,488.75,11.25,18,1936,300888467.40265405,155417.59679889155,17,0.9444444444444444,195.07873127075317,11.475219486514892,17.823117381165602,0,0.0,4.1623018598658,0.23123899221476668,0.2334699518794526,0,0.0
86,eMBB,493.5,6.5,20,1953,308682856.78572613,158055.73824153925,19,0.95,193.87541123147525,10.203969012182908,18.20650042910358,0,0.0,4.578188651597092,0.22890943257985458,0.23162446006863074,0,0.0
87,eMBB,490.0,10.0,20,1939,284119041.1468127,146528.64422218292,19,0.95,196.44532390608452,10.339227574004449,18.43018353075078,0,0.0,4.659271175234537,0.23296355876172684,0.24085185769813042,0,0.0
88,eMBB,488.0,12.0,18,1933,281329369.6817203,145540.28436716003,17,0.9444444444444444,192.99479542539387,11.352635025023169,18.63025606082689,0,0.0,4.18649993162346,0.23258332953463665,0.2431062577972814,0,0.0
89,eMBB,489.0,11.0,18,1937,289967855.4658895,149699.46074645818,17,0.9444444444444444,190.1282918260753,11.184017166239723,19.32931508436266,0,0.0,4.2183218309519015,0.23435121283066118,0.24029423150341958,0,0.0
90,URLLC,190.5,309.5,762,761,105231203.0,138280.16162943497,761,0.9986876640419947,46.52526233742661,0.0611370070137012,0.06243370870991226,0,0.0,1.2513582765493927,0.001642202462663245,0.0016780379973867785,0,0.0
91,eMBB,488.5,11.5,17,1936,290293473.57039416,149944.97601776558,16,0.9411764705882353,195.65299568693607,12.228312230433504,18.728438359110587,0,0.0,4.032539383048711,0.23720819900286536,0.239781607083731,0,0.0
92,URLLC,186.25,313.75,745,745,105245709.0,141269.40805369127,745,1.0,46.23265174999958,0.06205725067114038,0.06418588774717089,0,0.0,1.3440244961534207,0.0018040597263804304,0.0021326826082337462,0,0.0
93,mMTC,264.0,236.0,528,527,42249017.0,80168.91271347248,527,0.9981060606060606,141.20410022380176,0.26793946911537336,0.28987375408866495,0,0.0,82.30697212469882,0.15588441690283866,0.1771737612681521,0,0.0
94,eMBB,490.25,9.75,16,1944,287439743.6402108,147859.9504322072,15,0.9375,187.6147151844009,12.50764767896006,19.429331614123807,0,0.0,3.69095224822384,0.23068451551399,0.24127559586133993,0,0.0
95,eMBB,491.0,9.0,18,1945,284151495.0106136,146093.31363013553,17,0.9444444444444444,197.44038224185806,11.614140131874004,20.12943875938745,0,0.0,4.330779856143857,0.24059888089688095,0.24410505565465945,0,0.0
96,eMBB,490.0,10.0,19,1940,289459683.21462774,149206.02227558132,18,0.9473684210526315,196.97027669476591,10.942793149709217,17.828180351084967,0,0.0,4.472125819969757,0.235375043156303,0.2383857619496471,0,0.0
97,eMBB,493.25,6.75,23,1949,374888217.27574646,192349.00835081912,22,0.9565217391304348,190.7272406310999,8.669420028686359,15.416706944575072,0,0.0,5.1547844242943945,0.22412106192584325,0.22973977528741202,0,0.0
98,eMBB,489.75,10.25,19,1939,289170739.96712655,149133.95563028703,18,0.9473684210526315,189.3729825058276,10.520721250323755,19.226885590923672,0,0.0,4.3744665721386795,0.23023508274414103,0.23983427313313072,0,0.0
99,URLLC,182.75,317.25,731,730,99006335.0,135625.11643835617,730,0.9986320109439124,45.33844788254967,0.06210746285280777,0.06413370583947858,0,0.0,1.38263394587081,0.0018914281065264156,0.002370539592849131,0,0.0
100,mMTC,269.5,230.5,539,539,43553413.0,80804.10575139147,539,1.0,144.61704863239052,0.2683062126760492,0.29592075344775653,0,0.0,84.32934038623651,0.1564551769688989,0.1857129722511753,0,0.0
101,mMTC,254.5,245.5,509,509,42011666.0,82537.65422396857,509,1.0,131.91885800573618,0.2591726090485976,0.2769715259079587,0,0.0,76.19451131342831,0.1496945212444564,0.1671591658220919,0,0.0
102,eMBB,489.75,10.25,21,1938,280981140.9999998,144985.1088751289,20,0.9523809523809523,198.411134122244,9.9205567061122,18.313281811802412,0,0.0,4.7912595863210035,0.22815521839623826,0.24218693821265233,0,0.0
103,mMTC,261.5,238.5,523,523,41397683.0,79154.26959847036,523,1.0,139.04389709417998,0.26585831184355635,0.2830949035812359,0,0.0,81.0184045184536,0.1549109073010585,0.17427082991806686,0,0.0
104,eMBB,490.25,9.75,23,1937,372984715.5941723,192557.93267639252,22,0.9565217391304348,195.98989659701058,8.908631663500481,15.3186751014915,0,0.0,5.122779414418508,0.22272953975732643,0.23065363665769642,0,0.0
105,eMBB,495.0,5.0,21,1958,291032519.60177463,148637.65046055906,20,0.9523809523809523,193.52236087238538,9.676118043619269,17.496306538325765,0,0.0,4.843041138175328,0.23062100657977755,0.23936200545065323,0,0.0
106,eMBB,495.75,4.25,19,1963,305023377.0043192,155386.33571284727,18,0.9473684210526315,196.08997666564028,10.89388759253557,18.924477862013433,0,0.0,4.286258701519505,0.22559256323786867,0.23404189896872304,0,0.0
107,mMTC,274.5,225.5,549,549,43494438.0,79224.84153005465,549,1.0,147.542726123233,0.26874813501499634,0.2910738087895196,0,0.0,86.19152216665165,0.1569973081359775,0.17979000291013914,0,0.0
108,eMBB,484.25,15.75,16,1920,282742753.5369174,147261.8508004778,15,0.9375,183.40370584172936,12.226913722781957,18.929628695813683,0,0.0,3.7857133451984986,0.23660708407490616,0.24235745668553343,0,0.0
109,URLLC,161.5,338.5,646,646,89386948.0,138369.88854489164,646,1.0,39.55804781656681,0.06123536813710033,0.06287178150330792,0,0.0,1.116335258874511,0.0017280731561524938,0.0019090303491621238,0,0.0
110,eMBB,493.0,7.0,16,1955,292932339.3188828,149837.51371809863,15,0.9375,194.3785043999432,12.958566959996213,18.025665645641606,0,0.0,3.753562162277589,0.23459763514234933,0.2389151133684088,0,0.0
111,mMTC,250.5,249.5,501,501,39295592.0,78434.31536926147,501,1.0,132.22699482620249,0.2639261373776497,0.28152383651269525,0,0.0,77.76067382009133,0.15521092578860543,0.17866183123491747,0,0.0
112,eMBB,489.25,10.75,20,1936,289750145.7222016,149664.33146807933,19,0.95,196.48324615418284,10.341223481799096,19.678387236873892,0,0.0,4.696060333631369,0.23480301668156844,0.23897840030339473,0,0.0
113,eMBB,493.75,6.25,20,1954,302777341.42164767,154952.5800520203,19,0.95,189.90169979791992,9.99482630515368,18.123049625495977,0,0.0,4.508466499507105,0.22542332497535528,0.23309116350109252,0,0.0
114,eMBB,491.75,8.25,18,1948,308536442.4580727,158386.26409551987,17,0.9444444444444444,195.37107726863067,11.49241630991945,17.321365773551094,0,0.0,4.05862662032757,0.22547925668486501,0.23123767091635172,0,0.0
115,eMBB,493.25,6.75,18,1954,287142623.2084247,146951.1889500638,17,0.9444444444444444,185.82618605066202,10.930952120627177,18.25415752096832,0,0.0,4.22761820946844,0.2348676783038022,0.241391649391304,0,0.0
116,URLLC,186.5,313.5,746,746,107091017.0,143553.6420911528,746,1.0,45.697532121060405,0.06125674547059035,0.06302718965247082,0,0.0,1.343987729521929,0.0018015921307264462,0.0021381986598980112,0,0.0
117,eMBB,491.75,8.25,17,1949,293218019.7868157,150445.36674541596,16,0.9411764705882353,195.55936948867358,12.222460593042099,18.927637457435697,0,0.0,3.9474908626342153,0.2322053448608362,0.23843485875663864,0,0.0
118,eMBB,484.0,16.0,23,1912,367563548.26921636,192240.34951318847,22,0.9565217391304348,191.67235436629284,8.712379743922401,15.61834203639517,0,0.0,5.104680198463457,0.22194261732449813,0.23024423044852313,0,0.0
119,eMBB,494.5,5.5,16,1961,294814638.4052632,150338.92830457073,15,0.9375,194.48595495231692,12.96573033015446,18.227553375678884,0,0.0,3.6624949094417807,0.2289059318401113,0.24042912897617802,0,0.0
120,eMBB,494.75,5.25,23,1955,301958335.25491303,154454.39143473812,22,0.9565217391304348,196.57421263393672,8.93519148336076,17.823883314894285,0,0.0,5.209227730046044,0.22648816217591497,0.23456321057044635,0,0.0
121,eMBB,492.25,7.75,21,1947,307621818.4861695,157997.85232982514,20,0.9523809523809523,190.1780313527722,9.50890156763861,17.419434846907183,0,0.0,4.694778735041239,0.2235608921448209,0.2317128115525604,0,0.0
122,eMBB,492.0,8.0,17,1950,287048993.8812491,147204.61224679442,16,0.9411764705882353,190.17272684163567,11.885795427602229,19.729026345301826,0,0.0,4.064586266085465,0.23909330976973323,0.24186093107417309,0,0.0
123,mMTC,309.5,190.5,619,618,48945657.0,79200.09223300971,618,0.9983844911147012,161.6539010559694,0.2615758916763259,0.2793867173767111,0,0.0,94.14162695439211,0.15208663482131196,0.17437630985534353,0,0.0
124,eMBB,492.0,8.0,16,1951,293788742.8903529,150583.67139433773,15,0.9375,192.43443382701926,12.828962255134618,19.424274317759416,0,0.0,3.713083060572468,0.23206769128577925,0.23849613145728343,0,0.0
125,eMBB,492.0,8.0,22,1945,373957722.8266892,192266.18140189676,21,0.9545454545454546,189.04948831726,9.002356586536191,14.9188277066249,0,0.0,4.876036549142436,0.2216380249610198,0.23023694114812268,0,0.0
126,eMBB,497.5,2.5,20,1969,292853816.9110892,148732.25846170096,19,0.95,190.65498861405746,10.034473084950392,17.228970201345934,0,0.0,4.670479195500674,0.23352395977503368,0.24041299064887353,0,0.0
127,eMBB,493.5,6.5,17,1956,304211126.86800325,155527.1609754618,16,0.9411764705882353,194.03062704321925,12.126914190201203,19.02390182527388,0,0.0,3.9118887118257546,0.23011110069563262,0.23364348931732207,0,0.0
128,eMBB,494.0,6.0,17,1958,309978989.7395811,158314.09077608841,16,0.9411764705882353,191.24558346463516,11.952848966539698,15.919748235886738,0,0.0,3.8268559568999554,0.2251091739352915,0.23169957291275128,0,0.0
129,eMBB,493.25,6.75,17,1955,287922872.93570185,147275.12682133086,16,0.9411764705882353,194.6427410997535,12.165171318734593,19.131848456178666,0,0.0,3.93603697267246,0.23153158662779177,0.24145496530431698,0,0.0
130,eMBB,492.0,8.0,20,1947,283420906.41157603,145568.00534749668,19,0.95,186.66248229701023,9.824341173526854,20.13212727331389,0,0.0,4.677939287354906,0.23389696436774532,0.24322099620105703,0,0.0
131,eMBB,493.5,6.5,20,1953,291681576.014109,149350.5253528464,19,0.95,198.20667460419688,10.431930242326152,18.627635813096536,0,0.0,4.726334669972877,0.23631673349864385,0.23947424571875248,0,0.0
132,mMTC,277.0,223.0,554,553,43741022.0,79097.68896925858,553,0.9981949458483754,146.34360431554765,0.2646358125055111,0.2830049320542276,0,0.0,86.51816070446792,0.1561699651705197,0.18025819622089428,0,0.0
133,eMBB,489.75,10.25,18,1940,290024673.9725407,149497.25462502096,17,0.9444444444444444,179.77169327957802,10.574805487034,18.727508448831202,0,0.0,4.271456650009294,0.23730314722273857,0.2390190562668386,0,0.0
134,eMBB,493.75,6.25,15,1959,306745743.15433085,156582.8193743394,14,0.9333333333333333,188.27416668320328,13.448154763085949,18.321243605240106,0,0.0,3.4367359800594293,0.22911573200396196,0.23409550656220482,0,0.0
135,mMTC,225.25,274.75,451,450,37717157.0,83815.90444444444,450,0.9977827050997783,121.12919775069331,0.26917599500154066,0.2947160210777318,0,0.0,70.85432997599246,0.1571049445143957,0.18438946654781724,0,0.0
136,eMBB,490.75,9.25,18,1944,285189754.01925576,146702.54836381468,17,0.9444444444444444,191.374692751823,11.257334867754295,18.628488590456758,0,0.0,4.2773152880586665,0.23762862711437036,0.24141587841323509,0,0.0
137,eMBB,493.5,6.5,18,1955,285807424.9999998,146193.05626598457,17,0.9444444444444444,199.29870867388007,11.72345345140471,19.531289018985376,0,0.0,4.195379198095885,0.2330766221164381,0.2423450770361525,0,0.0
138,mMTC,302.25,197.75,605,604,49393890.0,81777.96357615895,604,0.9983471074380166,160.9451560924772,0.2664654902193331,0.28415197724066055,0,0.0,94.02458786239177,0.1554125419213087,0.17558733393428996,0,0.0
139,eMBB,490.5,9.5,25,1936,370614777.9879043,191433.2530929258,24,0.96,196.20689260036286,8.175287191681786,14.021201808438553,0,0.0,5.565213383295269,0.22260853533181077,0.23074310654196153,0,0.0
140,mMTC,296.0,204.0,592,592,47479234.0,80201.40878378379,592,1.0,153.31986204442077,0.2589862534534135,0.27854381217500185,0,0.0,88.83501167826687,0.15005914134842377,0.17040634038013003,0,0.0
141,eMBB,492.0,8.0,20,1947,301567122.62691,154888.09585357472,19,0.95,188.90892181740583,9.942574832495044,17.32117368516014,0,0.0,4.5222735802040495,0.22611367901020246,0.23515927424252284,0,0.0
142,mMTC,265.25,234.75,531,530,42537530.0,80259.49056603774,530,0.9981167608286252,142.81970811274994,0.26947114738254707,0.2904939707046425,0,0.0,83.71847977736537,0.15766192048468056,0.1773453835525477,0,0.0
143,eMBB,491.75,8.25,17,1949,286340810.86884725,146916.7834114147,16,0.9411764705882353,194.79461253889733,12.174663283681083,17.827369354674712,0,0.0,3.992979151639439,0.2348811265670258,0.24242331054619137,0,0.0
144,eMBB,492.75,7.25,21,1949,283057618.2133423,145232.23099709713,20,0.9523809523809523,189.06291322351188,9.453145661175594,19.527738726150943,0,0.0,4.98872545197324,0.23755835485586857,0.24232864868742826,0,0.0
145,eMBB,486.75,13.25,17,1929,288605825.4636592,149614.21745135263,16,0.9411764705882353,185.51562344024404,11.594726465015253,19.528598637554392,0,0.0,4.005412786262903,0.2356125168389943,0.238544022641489,0,0.0
146,eMBB,493.0,7.0,23,1948,374615514.91292036,192307.75919554432,22,0.9565217391304348,194.06950784248872,8.82134126556767,15.017564194115367,0,0.0,5.109630261185167,0.22215783744283335,0.22888942888386646,0,0.0
147,eMBB,483.5,16.5,20,1913,285007945.2380493,148984.81193834258,19,0.95,179.0286316056072,9.422559558189851,19.628432027558734,0,0.0,4.749791770534484,0.23748958852672422,0.24094639923265812,0,0.0
148,eMBB,487.0,13.0,21,1926,297466472.71206164,154447.80514644945,20,0.9523809523809523,195.30694680755786,9.765347340377893,17.62205298400301,0,0.0,4.83176175044024,0.23008389287810666,0.23461034681335988,0,0.0
149,eMBB,494.25,5.75,18,1958,309927214.27097046,158287.6477379829,17,0.9444444444444444,186.66883745745574,10.980519850438572,18.120712862180334,0,0.0,4.062243458219497,0.22568019212330537,0.23176465783509692,0,0.0
150,mMTC,308.5,191.5,617,617,48692901.0,78918.80226904376,617,1.0,160.08612649346796,0.2594588760023792,0.27786983431853757,0,0.0,92.75768234133128,0.15033660022906203,0.17179348708308811,0,0.0
151,eMBB,491.0,9.0,18,1945,283217467.6115357,145613.09388767905,17,0.9444444444444444,185.4229635729039,10.907233151347288,18.529944327341287,0,0.0,4.322207096350144,0.2401226164638969,0.24240662604436677,0,0.0
152,eMBB,494.5,5.5,19,1958,292530740.19509363,149402.82951741247,18,0.9473684210526315,195.71145284641833,10.872858491467685,18.626781024706055,0,0.0,4.42226608891011,0.23275084678474264,0.23859580391240717,0,0.0
153,mMTC,262.0,238.0,524,523,42368805.0,81011.09942638624,523,0.9980916030534351,138.59789313528324,0.2650055318074249,0.2839837224621325,0,0.0,82.09775720263369,0.15667510916533148,0.18186415912879916,0,0.0
154,URLLC,157.25,342.75,629,629,86629125.0,137725.15898251193,629,1.0,38.93928688596375,0.06190665641647655,0.06408547722723124,0,0.0,1.1441832971175943,0.0018190513467688304,0.002013386379250367,0,0.0
155,eMBB,491.25,8.75,21,1943,300765114.73161423,154794.191833049,20,0.9523809523809523,194.2218036411067,9.711090182055335,17.522003062834543,0,0.0,4.752102567799378,0.22629059846663704,0.2347125556465875,0,0.0
156,URLLC,176.75,323.25,707,707,100644708.0,142354.60820367752,707,1.0,43.577336389919935,0.06163696801968874,0.06354946731436698,0,0.0,1.3431468029968505,0.0018997833139983741,0.0022351888324055255,0,0.0
157,URLLC,195.75,304.25,783,782,107793822.0,137843.76214833758,782,0.9987228607918263,48.229619699160075,0.061674705497647156,0.06356988069696727,0,0.0,1.427242792803187,0.0018227877302722695,0.0020171403123518793,0,0.0
158,eMBB,495.5,4.5,17,1964,288176883.88787776,146729.57428099684,16,0.9411764705882353,191.95930439842255,11.99745652490141,19.927307869045904,0,0.0,3.9507555981941085,0.2323973881290652,0.24286933578412143,0,0.0
159,eMBB,488.75,11.25,21,1933,287585418.0414524,148776.72945755426,20,0.9523809523809523,190.51317419461066,9.525658709730532,19.128191516312025,0,0.0,4.845935342360756,0.23075882582670265,0.23906078281483922,0,0.0
160,eMBB,482.75,17.25,23,1907,366055651.8266912,191953.6716448302,22,0.9565217391304348,185.51411976888213,8.432459989494642,14.418104746867222,0,0.0,5.156309164100983,0.2241873549609123,0.230382403126108,0,0.0
161,eMBB,493.0,7.0,22,1949,289192704.66083175,148380.0434380871,21,0.9545454545454546,197.82536070686825,9.42025527175563,17.728424593786592,0,0.0,5.166951374078143,0.23486142609446103,0.23915848279376348,0,0.0
162,eMBB,488.75,11.25,21,1933,298917909.2549141,154639.37364454946,20,0.9523809523809523,193.96999016353016,9.698499508176507,18.745490657151777,0,0.0,4.79910308311928,0.22852871824377524,0.23480138022255329,0,0.0
163,eMBB,490.75,9.25,19,1943,307672711.01262945,158349.3108659956,18,0.9473684210526315,182.14856761975497,10.119364867764165,17.71916811525952,0,0.0,4.351840827931529,0.2290442541016594,0.2327439462164371,0,0.0
164,eMBB,494.75,5.25,21,1957,285828340.52094895,146054.33853906437,20,0.9523809523809523,192.97221478713664,9.648610739356831,19.82795020686167,0,0.0,5.008122402755219,0.23848201917881995,0.24159117484208226,0,0.0
165,eMBB,494.0,6.0,15,1960,287070722.90254354,146464.65454211406,14,0.9333333333333333,191.08540879798838,13.648957771284884,19.33236621769926,0,0.0,3.5587013288859994,0.23724675525906663,0.2429005713483685,0,0.0
166,mMTC,265.25,234.75,531,530,42865647.0,80878.57924528302,530,0.9981167608286252,141.3441098388103,0.2666869996958685,0.28870024336819805,0,0.0,82.78843839539171,0.15591043012314823,0.18048193875281343,0,0.0
167,eMBB,489.25,10.75,22,1934,372023300.6610285,192359.51430249665,21,0.9545454545454546,196.08161340965742,9.337219686174162,14.91800285678155,0,0.0,5.016112162437681,0.22800509829262186,0.2303937710393243,0,0.0
168,mMTC,254.0,246.0,508,507,40536026.0,79952.71400394477,507,0.9980314960629921,131.56445632917755,0.25949596909107997,0.2799226421226578,0,0.0,76.48149746043062,0.1505541288591154,0.17200597272094847,0,0.0
169,eMBB,491.0,9.0,18,1945,302631361.40856284,155594.53028717884,17,0.9444444444444444,190.74873323470982,11.220513719688812,18.62179629161056,0,0.0,4.151238358937843,0.23062435327432462,0.23431068994371604,0,0.0
170,eMBB,487.75,12.25,16,1934,309234242.79164684,159893.61054376775,15,0.9375,196.36844206008382,13.091229470672255,18.196110052090138,0,0.0,3.5444999672941617,0.2215312479558851,0.2313277505043943,0,0.0
171,eMBB,492.5,7.5,16,1953,289317048.08749706,148139.8095686109,15,0.9375,195.8705575077636,13.05803716718424,18.827572308352643,0,0.0,3.7602529885085074,0.2350158117817817,0.2420745081754156,0,0.0
172,mMTC,283.0,217.0,566,565,44487701.0,78739.29380530973,565,0.9982332155477032,148.37885426275645,0.26261744117302027,0.28425012694017093,0,0.0,86.68809333409239,0.15315917550193,0.17644959805128207,0,0.0
173,eMBB,491.25,8.75,17,1947,292866090.74204755,150419.15292349644,16,0.9411764705882353,195.70201119418627,12.231375699636642,19.62541517939804,0,0.0,3.8975103104452415,0.22926531237913186,0.23959526189298017,0,0.0
174,mMTC,305.0,195.0,610,610,49522148.0,81183.84918032787,610,1.0,161.8778144920913,0.26537346638047754,0.2906126021546137,0,0.0,95.87702103986923,0.15717544432765448,0.18345854548794707,0,0.0
175,eMBB,492.0,8.0,16,1951,292662157.12314296,150006.23122662376,15,0.9375,194.55604821133878,12.970403214089252,18.878846229911705,0,0.0,3.7410296877400144,0.2338143554837509,0.23867016318396847,0,0.0
176,eMBB,494.5,5.5,20,1957,301973470.25978905,154304.27708727084,19,0.95,194.90489599668075,10.258152420877934,17.01231034535653,0,0.0,4.629031878657422,0.2314515939328711,0.23434439936297885,0,0.0
177,eMBB,489.75,10.25,21,1937,305335116.6655992,157632.99776231244,20,0.9523809523809523,186.98746193732939,9.349373096866469,18.422471941857825,0,0.0,4.715085541492535,0.22452788292821593,0.2328300454033214,0,0.0
178,eMBB,492.75,7.25,18,1952,287272912.024093,147168.5000123427,17,0.9444444444444444,197.62427247182325,11.624957204224897,18.82953865968283,0,0.0,4.23469441471235,0.2352608008173528,0.24108537222807505,0,0.0
179,eMBB,492.25,7.75,17,1951,285959114.8043391,146570.53552247008,16,0.9411764705882353,184.66256477573825,11.54141029848364,19.628391792655677,0,0.0,4.056328041332964,0.23860753184311556,0.24243937163251156,0,0.0
180,URLLC,214.25,285.75,857,856,117025973.0,136712.58528037384,856,0.9988331388564761,52.409608669730694,0.06122617835248913,0.06264982751939635,0,0.0,1.5150918649517342,0.00176790182608137,0.0018247397764490371,0,0.0
181,eMBB,491.25,8.75,23,1941,373287855.29618114,192317.2876332721,22,0.9565217391304348,198.71823826482552,9.032647193855706,15.221893306222036,0,0.0,5.16322922777381,0.22448822729451348,0.2319083757548575,0,0.0
182,eMBB,488.75,11.25,20,1934,289354848.36646616,149614.7096000342,19,0.95,194.53543302245728,10.238707001181963,18.926617568921106,0,0.0,4.661213292732453,0.23306066463662267,0.2396308692360783,0,0.0
183,mMTC,238.5,261.5,477,476,38104687.0,80051.86344537816,476,0.9979035639412998,125.4784009290837,0.26361008598547,0.28077440931151443,0,0.0,73.18183795476091,0.15342104393031636,0.17095287092109682,0,0.0
184,eMBB,491.75,8.25,17,1949,308908355.8090448,158495.82134891985,16,0.9411764705882353,197.59841771973768,12.349901107483605,18.41892429112895,0,0.0,3.8858009880992013,0.2285765287117177,0.2309493954773379,0,0.0
185,eMBB,492.25,7.75,19,1949,286273856.35503584,146882.43014624724,18,0.9473684210526315,193.09485168907975,10.72749176050443,19.13061228564936,0,0.0,4.417936801606201,0.23252298955822112,0.24158799285590418,0,0.0
186,eMBB,493.25,6.75,18,1954,286301899.7148952,146520.9312768143,17,0.9444444444444444,196.97428976854158,11.586722927561269,20.02980034976159,0,0.0,4.281367881539416,0.23785377119663423,0.24295338493357685,0,0.0
187,eMBB,495.0,5.0,20,1959,292799082.6724697,149463.5439879886,19,0.95,196.39334239486647,10.336491704992971,18.72733155459852,0,0.0,4.619534501555369,0.23097672507776842,0.24011455822946087,0,0.0
188,eMBB,490.5,9.5,22,1939,371988940.1284845,191845.76592495333,21,0.9545454545454546,196.27396589943723,9.34637932854463,14.616849741989627,0,0.0,5.013740156307912,0.2278972798321778,0.23238909934674143,0,0.0
189,eMBB,491.0,9.0,17,1946,292169003.6848901,150138.23416489727,16,0.9411764705882353,180.60898457591986,11.288061535994991,19.626709079146124,0,0.0,4.008075362427674,0.23576913896633378,0.23970548978444772,0,0.0
190,eMBB,493.25,6.75,18,1954,304052511.0021115,155605.17451489842,17,0.9444444444444444,183.4335876088055,10.790211035812089,18.82177612366846,0,0.0,4.137054947378983,0.22983638596549907,0.2353174147651989,0,0.0
191,mMTC,250.5,249.5,501,500,38994378.0,77988.756,500,0.998003992015968,134.96300698743485,0.2699260139748697,0.2921961185272435,0,0.0,79.4298004893558,0.15854251594681795,0.17929324005712594,0,0.0
192,eMBB,494.25,5.75,19,1957,287317600.1302064,146815.32965263486,18,0.9473684210526315,184.38716203875265,10.243731224375146,18.429634095610385,0,0.0,4.509285034484685,0.2373307912886676,0.24209252365865708,0,0.0
193,eMBB,491.5,8.5,18,1947,284955526.12709856,146356.20242788832,17,0.9444444444444444,195.28825448607736,11.487544381533963,19.93096326701961,0,0.0,4.196898426317607,0.2331610236843115,0.24159130778813612,0,0.0
194,eMBB,493.25,6.75,16,1956,294239397.42160857,150429.13978609844,15,0.9375,185.27845950371528,12.351897300247686,19.527350718422454,0,0.0,3.6634001606129156,0.22896251003830723,0.239650211371726,0,0.0
195,eMBB,489.75,10.25,28,1930,367940615.07845056,190642.8057401298,27,0.9642857142857143,196.7257058892456,7.286137255157245,15.418858927502475,0,0.0,6.326331271731254,0.2259404025618305,0.23001998124039286,0,0.0
196,mMTC,270.0,230.0,540,539,43301124.0,80336.0371057514,539,0.9981481481481481,139.9759818916179,0.25969569924233377,0.2808518358946458,0,0.0,81.55112017371427,0.15102059291428568,0.17368871692028678,0,0.0
197,URLLC,173.75,326.25,695,695,95029709.0,136733.3942446043,695,1.0,43.27409708264684,0.062264887888700486,0.06445976370354631,0,0.0,1.4995767853391797,0.0021576644393369493,0.0027756875185755716,0,0.0
198,eMBB,492.25,7.75,24,1944,304121232.6893332,156440.96331755823,23,0.9583333333333334,195.52557333631347,8.501111884187543,17.7198976667729,0,0.0,5.489297245073995,0.22872071854474982,0.23290882743973862,0,0.0
199,eMBB,489.0,11.0,19,1936,283280879.36873376,146322.76826897406,18,0.9473684210526315,183.69916323325404,10.205509068514113,19.730871252384336,0,0.0,4.525565338137916,0.2381876493756798,0.2411981457544351,0,0.0
200,eMBB,492.5,7.5,20,1949,283286622.12709856,145349.72915705416,19,0.95,195.9562303503815,10.313485807914816,19.031189704984723,0,0.0,4.6859184088262085,0.23429592044131042,0.242989442013924,0,0.0
201,eMBB,489.0,11.0,21,1934,287960361.2686478,148893.67180385097,20,0.9523809523809523,187.46341931533763,9.373170965766882,19.22697536771575,0,0.0,4.903094132815878,0.23348067299123226,0.23976793924129233,0,0.0
202,eMBB,481.25,18.75,25,1900,363717399.0000007,191430.21000000037,25,1.0,195.31740890121944,7.812696356048778,14.615601604994994,0,0.0,5.575321430796704,0.22301285723186814,0.23098686932452173,0,0.0
203,eMBB,492.5,7.5,17,1952,291930481.3333981,149554.54986342115,16,0.9411764705882353,186.49292205615367,11.655807628509605,18.0282590433602,0,0.0,3.991450863625781,0.23479122727210477,0.24014066956182462,0,0.0
204,eMBB,497.25,2.75,14,1974,310465289.3894103,157277.24893080562,13,0.9285714285714286,194.1589061973243,14.935300476717256,18.620781687784714,0,0.0,3.1223457592033768,0.2230246970859555,0.23436110696588766,0,0.0
205,eMBB,495.75,4.25,18,1964,312061077.98964715,158890.56924116454,17,0.9444444444444444,192.6690901748695,11.333475892639383,17.719773299498215,0,0.0,4.073234412346412,0.22629080068591179,0.23189125689496787,0,0.0
206,eMBB,491.5,8.5,20,1945,285178436.8305749,146621.30428307195,19,0.95,192.1348482209235,10.112360432680184,19.629865728270765,0,0.0,4.669580603193723,0.23347903015968616,0.24213931124173016,0,0.0
207,eMBB,492.25,7.75,22,1946,281985704.668048,144905.2953073217,21,0.9545454545454546,198.5110355944038,9.452906456876372,17.530770185516676,0,0.0,5.162283467001779,0.23464924850008087,0.24306137880235776,0,0.0
208,eMBB,496.0,4.0,14,1969,297631832.4886743,151158.8788667721,13,0.9285714285714286,195.514215631863,15.039555048604846,18.826120341128437,0,0.0,3.1846361168300685,0.2274740083450049,0.23877580328502082,0,0.0
209,mMTC,306.0,194.0,612,611,50887249.0,83285.18657937807,611,0.9983660130718954,162.57379700713275,0.26607822750758225,0.2858157725304003,0,0.0,96.60603859602888,0.15785300424187726,0.17953578503040035,0,0.0
210,eMBB,493.25,6.75,22,1950,289253522.2986243,148335.13964032015,21,0.9545454545454546,197.03976886302237,9.382846136334399,18.326863217345334,0,0.0,5.093080271527944,0.23150364870581563,0.2396825205209375,0,0.0
211,eMBB,489.25,10.75,21,1935,299501032.8364805,154780.89552272894,20,0.9523809523809523,186.7068121552752,9.33534060776376,18.91783110693814,0,0.0,4.745518776847849,0.22597708461180233,0.23445005260956644,0,0.0
212,mMTC,235.5,264.5,471,470,37920776.0,80682.50212765958,470,0.9978768577494692,127.17385382894138,0.27058266772115186,0.2903906549892302,0,0.0,75.02095681850409,0.15928016309661167,0.18090215686957212,0,0.0
213,eMBB,487.25,12.75,20,1928,283569613.6501972,147079.67512977033,19,0.95,193.81115978691483,10.200587357206043,19.92982996294276,0,0.0,4.749780392665315,0.23748901963326574,0.24220030310877808,0,0.0
214,mMTC,306.5,193.5,613,613,48831071.0,79659.1696574225,613,1.0,161.08436133481155,0.26278036106820807,0.2809002748587194,0,0.0,94.04353442130729,0.15341522744095806,0.17779642377371097,0,0.0
215,eMBB,487.0,13.0,21,1926,287657365.10979813,149354.81054506652,20,0.9523809523809523,193.94551305603414,9.697275652801707,19.027642981518923,0,0.0,4.989472444572626,0.2375939259320298,0.2402469594253732,0,0.0
216,eMBB,486.5,13.5,20,1925,371954493.0846024,193223.11329070255,19,0.95,191.20969471204316,10.063668142739113,15.519538725918327,0,0.0,4.4335776091982995,0.22167888045991496,0.23100897556534253,0,0.0
217,eMBB,489.75,10.25,21,1937,287319343.3861567,148332.13391128377,20,0.9523809523809523,191.90057688354906,9.595028844177452,19.02707521706415,0,0.0,4.9452322662925745,0.23548725077583688,0.24023799822683567,0,0.0
218,mMTC,264.25,235.75,529,528,42680789.0,80834.82765151515,528,0.998109640831758,139.57238920054388,0.2643416462131513,0.29167531811359426,0,0.0,81.4636438244755,0.15399554598199527,0.1854944271734233,0,0.0
219,eMBB,490.5,9.5,25,1936,301597927.3255522,155784.05337063648,24,0.96,184.647126084715,7.6936302535297925,13.819844880653582,0,0.0,5.724016441299285,0.2289606576519714,0.23250347179544845,0,0.0
220,eMBB,495.25,4.75,17,1963,289097505.8206077,147273.30912919395,16,0.9411764705882353,190.1858008692363,11.886612554327268,20.03019988452975,0,0.0,3.9956254715536224,0.23503679244433073,0.24176402843388214,0,0.0
221,mMTC,257.5,242.5,515,515,41392060.0,80372.93203883494,515,1.0,135.79163799087112,0.26367308347741963,0.28096684375846276,0,0.0,79.5018005259138,0.15437242820565786,0.1767998047841038,0,0.0
222,eMBB,497.5,2.5,22,1967,293970418.6452601,149451.15335295378,21,0.9545454545454546,192.63282744003067,9.172991782858603,19.72540601360935,0,0.0,5.090226218471038,0.23137391902141083,0.23927706245410055,0,0.0
223,mMTC,250.0,250.0,500,500,41641261.0,83282.522,500,1.0,133.30871758287145,0.2666174351657429,0.285511665747583,0,0.0,79.27396421648268,0.15854792843296536,0.17675819013183325,0,0.0
224,mMTC,291.75,208.25,584,583,47859917.0,82092.48198970841,583,0.9982876712328768,151.7470309277285,0.260286502448934,0.2785043138257994,0,0.0,88.45212394482229,0.1514591163438738,0.17392700136355024,0,0.0
225,eMBB,492.25,7.75,20,1948,301797715.57899064,154926.95871611428,19,0.95,192.58105588411317,10.135845046532273,17.822154229848195,0,0.0,4.51128907484603,0.22556445374230152,0.23354192174063496,0,0.0
226,mMTC,295.75,204.25,592,591,44884756.0,75947.1336717428,591,0.9983108108108109,160.02392848446775,0.2707680685016375,0.2963485278925629,0,0.0,94.39743834190352,0.15945513233429648,0.18663436857632354,0,0.0
227,eMBB,495.5,4.5,16,1965,289893115.2192422,147528.30291055582,15,0.9375,185.30067781866168,12.353378521244112,20.12912904943396,0,0.0,3.8003092856965903,0.2375193303560369,0.2422740763378504,0,0.0
228,eMBB,494.0,6.0,14,1961,289059769.99999964,147404.26823049446,13,0.9285714285714286,199.04900213989768,15.311461703069053,19.832023509761292,0,0.0,3.322516806766631,0.23732262905475937,0.24311060590773714,0,0.0
229,eMBB,494.0,6.0,17,1958,293293364.0185073,149792.32074489648,16,0.9411764705882353,190.00542324278751,11.87533895267422,17.327329160392388,0,0.0,3.911157768117645,0.2300681040069203,0.23986113881640705,0,0.0
230,eMBB,489.5,10.5,27,1930,369726308.920189,191568.0357099425,26,0.9629629629629629,195.73325036665705,7.528201937179118,15.419527045518386,0,0.0,6.031230418671054,0.22337890439522423,0.23057101233989716,0,0.0
231,mMTC,271.5,228.5,543,543,43160971.0,79486.13443830571,543,1.0,141.6799270715103,0.2609206760064646,0.2783953102764157,0,0.0,82.82061400005719,0.15252415101299666,0.17115063986925355,0,0.0
232,eMBB,490.75,9.25,19,1943,302812614.3627487,155847.9744532932,18,0.9473684210526315,197.05236651648156,10.947353695360086,18.223190607730917,0,0.0,4.374319270378411,0.23022733001991638,0.2340453218765311,0,0.0
233,eMBB,489.5,10.5,19,1938,307591393.3138444,158715.88922282992,18,0.9473684210526315,195.7395338246078,10.874418545811544,18.593094020298583,0,0.0,4.35532253947269,0.22922750207751,0.2324932050198257,0,0.0
234,eMBB,491.75,8.25,18,1948,285849234.8210233,146739.8536042214,17,0.9444444444444444,188.66482179398673,11.097930693763926,18.330812871011133,0,0.0,4.188297012295519,0.23268316734975103,0.2413287728211945,0,0.0
235,eMBB,496.5,3.5,17,1968,289959495.9999994,147337.14227642247,16,0.9411764705882353,200.36767992435432,12.522979995272145,20.230925550275117,0,0.0,3.972125097123947,0.2336544174778792,0.24218927370263243,0,0.0
236,mMTC,288.25,211.75,577,576,44776916.0,77737.70138888889,576,0.9982668977469671,154.42756165759806,0.2681034056555522,0.2903661371242079,0,0.0,90.7947793157177,0.15735663659569793,0.18268337609856683,0,0.0
237,eMBB,490.25,9.75,23,1937,372190873.80578023,192148.1021196594,22,0.9565217391304348,197.43526192480178,8.97433008749099,14.2192194496214,0,0.0,5.196910742998541,0.22595264099993656,0.22964427615399538,0,0.0
238,mMTC,311.5,188.5,623,623,48536174.0,77907.18138041733,623,1.0,162.4163055244623,0.2607003298948031,0.2791766128405182,0,0.0,94.95167286087242,0.15241038982483535,0.1684336740004595,0,0.0
239,mMTC,243.0,257.0,486,486,39220221.0,80700.04320987655,486,1.0,128.53043223182434,0.2644659099420254,0.2928551567681911,0,0.0,75.11318247831994,0.15455387341218096,0.18714136189639624,0,0.0
240,URLLC,191.5,308.5,766,765,109703331.0,143403.04705882352,765,0.9986945169712794,47.23803491736624,0.06174906525145914,0.06380410447214531,0,0.0,1.6029189052839354,0.002092583427263623,0.002578171387235786,0,0.0
241,eMBB,487.0,13.0,18,1929,284272119.3143876,147367.6098052813,17,0.9444444444444444,183.64551439236513,10.802677317197949,18.828583978187424,0,0.0,4.2720563587910965,0.23733646437728315,0.24284486285769447,0,0.0
242,eMBB,494.5,5.5,16,1961,286567971.808969,146133.59092757216,15,0.9375,195.12188464760274,13.008125643173516,19.42858906684711,0,0.0,3.8166207894748685,0.23853879934217928,0.24213193228948723,0,0.0
243,eMBB,488.75,11.25,18,1936,290234012.0903061,149914.26244333992,17,0.9444444444444444,184.4090657967495,10.847592105691147,18.278631267096397,0,0.0,4.227741067566819,0.23487450375371216,0.2398183458567322,0,0.0
244,eMBB,491.5,8.5,22,1943,374121722.5917639,192548.49335654345,21,0.9545454545454546,191.3369661509076,9.111284102424172,15.417393425038055,0,0.0,4.88798187316821,0.22218099423491863,0.22969764741952053,0,0.0
245,eMBB,490.75,9.25,17,1945,291180539.8966544,149707.21845586345,16,0.9411764705882353,181.91420121014625,11.36963757563414,19.825980104935148,0,0.0,4.016860618363054,0.2362859187272385,0.24024293317218606,0,0.0
246,eMBB,488.5,11.5,20,1933,300824254.8398826,155625.58450071528,19,0.95,197.0426849742121,10.37066763022169,19.022849387217434,0,0.0,4.5762642417212405,0.22881321208606203,0.23503587520913796,0,0.0
247,eMBB,493.0,7.0,19,1952,308022420.4480436,157798.37113116987,18,0.9473684210526315,194.07624296915034,10.78201349828613,15.620135532854519,0,0.0,4.294983424066625,0.2260517591614013,0.23159279267819424,0,0.0
248,eMBB,489.75,10.25,20,1938,283724706.19212997,146400.77718892155,19,0.95,186.71710545127283,9.827216076382781,19.52901753143324,0,0.0,4.762801467680249,0.23814007338401244,0.24284244638057895,0,0.0
249,mMTC,227.75,272.25,456,455,37144530.0,81636.32967032967,455,0.9978070175438597,120.24677518587553,0.26427862678214403,0.28231376903103006,0,0.0,70.68236483852515,0.15500518604939725,0.17947251744043588,0,0.0
250,eMBB,488.75,11.25,18,1936,289873425.6932982,149728.00913910032,17,0.9444444444444444,195.88175286699118,11.52245605099948,18.227382275563013,0,0.0,4.2025064413651405,0.23347258007584115,0.2397969184767019,0,0.0
251,eMBB,493.5,6.5,17,1956,378830739.9758987,193676.24743144104,16,0.9411764705882353,194.07852415011138,12.129907759381961,15.118815787142507,0,0.0,3.8783644083659468,0.22813908284505569,0.23160676672430053,0,0.0
252,eMBB,490.25,9.75,19,1941,290002527.660832,149408.82414262337,18,0.9473684210526315,196.3777858958819,10.909876994215661,19.727796381771977,0,0.0,4.503377638152465,0.23701987569223498,0.23886489843442363,0,0.0
253,mMTC,258.25,241.75,517,516,41917412.0,81235.2945736434,516,0.9980657640232108,136.66300318477667,0.2648507813658463,0.2816126860675647,0,0.0,79.8421820869989,0.15443362105802497,0.1744178918795305,0,0.0
254,eMBB,496.0,4.0,20,1963,310930187.4580732,158395.40879168274,19,0.95,197.2945474119264,10.383923547996126,18.42012934648024,0,0.0,4.525320159954733,0.22626600799773663,0.23215854101742298,0,0.0
255,eMBB,487.25,12.75,19,1929,282614306.54707277,146508.1941664452,18,0.9473684210526315,193.99816330295212,10.777675739052896,19.03054104328602,0,0.0,4.5384088749925,0.23886362499960528,0.24234564493859667,0,0.0
256,URLLC,173.25,326.75,693,692,98263763.0,141999.65751445087,692,0.9985569985569985,42.551528056625166,0.061490647480672206,0.06325670505615164,0,0.0,1.4482057975226286,0.0020897630555882086,0.0025787649529989713,0,0.0
257,URLLC,180.5,319.5,722,722,98894722.0,136973.29916897506,722,1.0,44.330918019239334,0.061400163461550326,0.0629019560859097,0,0.0,1.4405867242393582,0.0019952724712456486,0.002178777432542568,0,0.0
258,eMBB,490.75,9.25,22,1940,373861266.8723151,192711.9932331521,21,0.9545454545454546,197.93941592621297,9.425686472676809,15.517885649945498,0,0.0,4.8950770363471205,0.22250350165214183,0.23021865281560647,0,0.0
259,eMBB,491.5,8.5,17,1948,291783221.9190598,149786.0482130697,16,0.9411764705882353,197.22357921344505,12.326473700840316,18.727058456353443,0,0.0,4.029265535507142,0.23701561973571425,0.23939514618240226,0,0.0
260,eMBB,489.5,10.5,17,1940,301547401.5694788,155436.80493272105,16,0.9411764705882353,181.94251206559105,11.37140700409944,18.021428896349853,0,0.0,3.9464200365241635,0.23214235508965667,0.2355356084199643,0,0.0
261,eMBB,491.75,8.25,17,1950,310020494.9999998,158984.86923076914,17,1.0,198.61027346472264,11.682957262630744,17.61897035871035,0,0.0,3.790828600572062,0.22298991768070953,0.2316605179266438,0,0.0
262,mMTC,291.0,209.0,582,582,45678292.0,78485.03780068729,582,1.0,151.6612846672774,0.2605863997719543,0.27818303271751194,0,0.0,88.13418089838835,0.15143330051269477,0.16896699250816527,0,0.0
263,eMBB,494.5,5.5,17,1960,286271050.0519656,146056.65818977836,16,0.9411764705882353,190.70622823479323,11.919139264674577,19.928325107219333,0,0.0,4.012874470550064,0.2360514394441214,0.24223677266757715,0,0.0
264,eMBB,492.0,8.0,20,1947,291299223.1950275,149614.39301234076,19,0.95,196.57674325360887,10.346144381768887,19.02621096815314,0,0.0,4.61943244730117,0.2309716223650585,0.239848625914609,0,0.0
265,eMBB,489.0,11.0,21,1934,372567540.2504209,192640.92050176882,20,0.9523809523809523,196.34370942462644,9.817185471231323,15.119753475110173,0,0.0,4.793177666650306,0.22824655555477646,0.23076799786178312,0,0.0
266,eMBB,488.75,11.25,19,1935,288512989.2978375,149102.320050562,18,0.9473684210526315,197.04395357168073,10.946886309537819,17.427080593699326,0,0.0,4.473130867899991,0.23542794041578902,0.24039740270176888,0,0.0
267,eMBB,482.0,18.0,24,1903,293578427.0382301,154271.37521714668,23,0.9583333333333334,194.18785433504894,8.442950188480388,18.923401651457052,0,0.0,5.469015913117181,0.2278756630465492,0.23558511450286887,0,0.0
268,eMBB,486.0,14.0,22,1921,303065889.07082844,157764.64813681855,21,0.9545454545454546,192.33500069657597,9.158809556979808,18.118489821462337,0,0.0,4.989262224309623,0.22678464655952835,0.23267080664780723,0,0.0
269,eMBB,489.25,10.75,19,1937,284914142.6507393,147090.41954090827,18,0.9473684210526315,195.48597092604794,10.860331718113775,17.929441333941984,0,0.0,4.425820227955289,0.23293790673448891,0.24187297274575442,0,0.0
270,eMBB,493.5,6.5,19,1954,284450312.89204955,145573.34334291174,18,0.9473684210526315,191.0008480226084,10.611158223478245,18.029973342277597,0,0.0,4.529288564736474,0.23838360867034072,0.2432577975991191,0,0.0
271,eMBB,491.0,9.0,18,1945,291202835.6104058,149718.6815477665,17,0.9444444444444444,190.51835464349907,11.206962037852886,17.72476954767425,0,0.0,4.139378139888954,0.22996545221605302,0.2379981613880317,0,0.0
272,eMBB,488.75,11.25,26,1928,369727396.29618126,191767.32173038446,25,0.9615384615384616,197.99577828756483,7.919831131502593,15.317645545574454,0,0.0,5.797764266517152,0.22299093332758277,0.23079276733933357,0,0.0
273,eMBB,494.0,6.0,15,1960,294468415.0584539,150238.98727472138,14,0.9333333333333333,189.43354531204062,13.530967522288616,19.626751405441137,0,0.0,3.523023092959926,0.23486820619732843,0.23942136837286465,0,0.0
274,URLLC,192.25,307.75,769,769,105788707.0,137566.58907672303,769,1.0,47.999227531353135,0.062417721107091206,0.06466317189973482,0,0.0,1.8102056536608357,0.002353973541821633,0.003111602302506892,0,0.0
275,eMBB,490.0,10.0,20,1939,305796454.78572667,157708.331503727,19,0.95,192.4158583591864,10.127150439957179,17.81841624209194,0,0.0,4.551550937996515,0.22757754689982573,0.23262793162714468,0,0.0
276,mMTC,267.5,232.5,535,535,45905314.0,85804.32523364486,535,1.0,139.92068283146796,0.2615339866008747,0.28070439119921475,0,0.0,81.59631489403203,0.15251647643744307,0.17058520760947116,0,0.0
277,mMTC,242.5,257.5,485,485,37428221.0,77171.58969072165,485,1.0,128.21093008494776,0.26435243316484075,0.2824594995197607,0,0.0,75.36121493486223,0.15538394831930358,0.17865856789582904,0,0.0
278,URLLC,199.5,300.5,798,798,110445898.0,138403.38095238095,798,1.0,49.03376177761146,0.06144581676392413,0.06300012271079387,0,0.0,1.6844219676114252,0.002110804470691009,0.0024304171353174034,0,0.0
279,eMBB,483.25,16.75,26,1906,363728160.52568954,190833.24266825264,25,0.9615384615384616,188.3553384844853,7.534213539379412,13.916486440403833,0,0.0,5.861892807493867,0.22545741567284105,0.2306862665829644,0,0.0
280,mMTC,252.0,248.0,504,504,39248707.0,77874.41865079365,504,1.0,131.9597989770654,0.26182499797036785,0.28093555035070067,0,0.0,77.38390218595433,0.1535394884641951,0.17165589757009297,0,0.0
281,URLLC,223.25,276.75,893,893,120363285.0,134785.31354983203,893,1.0,55.722460964109274,0.06239917241221643,0.06444841824701299,0,0.0,2.1591473568015527,0.0024178581823085694,0.0033500173101378063,0,0.0
282,eMBB,494.0,6.0,20,1955,308497619.0708283,157799.29364236744,19,0.95,195.3488545356776,10.281518659772505,17.717480629951872,0,0.0,4.585506086499267,0.22927530432496335,0.23224824778989195,0,0.0
283,mMTC,254.0,246.0,508,508,40019322.0,78778.19291338582,508,1.0,132.7913148529162,0.26140022608841773,0.28027991035443656,0,0.0,77.4946637281299,0.15254855064592499,0.17204541518157612,0,0.0
284,eMBB,494.25,5.75,19,1957,284948889.15435034,145604.95102419538,18,0.9473684210526315,197.63040033890564,10.979466685494758,19.91291058383196,0,0.0,4.56045960386557,0.24002418967713526,0.24272382739540208,0,0.0
285,eMBB,485.25,14.75,21,1919,284639927.930021,148327.21622200156,20,0.9523809523809523,185.33482602982045,9.266741301491022,16.22668662715785,0,0.0,4.989918458216676,0.23761516467698454,0.24007471143453019,0,0.0
286,mMTC,309.5,190.5,619,619,48975702.0,79120.6817447496,619,1.0,165.45928714807974,0.2673009485429398,0.28476879973188957,0,0.0,98.58206738169088,0.15926020578625344,0.18031868278744512,0,0.0
287,eMBB,492.75,7.25,16,1954,292800809.6879872,149846.8831565953,15,0.9375,191.3565225134657,12.757101500897713,18.325040531459443,0,0.0,3.757457664073718,0.23484110400460737,0.23943117762237234,0,0.0
288,eMBB,495.0,5.0,19,1960,303666699.4613788,154931.98952111165,18,0.9473684210526315,191.2564632254054,10.625359068078078,18.82088132316036,0,0.0,4.384514032348857,0.23076389643941353,0.23557670759603114,0,0.0
289,eMBB,494.0,6.0,22,1953,308109218.24688905,157762.01651146394,21,0.9545454545454546,199.4708314497064,9.49861102141459,18.1195028985224,0,0.0,4.932184238725064,0.22419019266932108,0.23131857708210116,0,0.0
290,mMTC,273.0,227.0,546,545,43614018.0,80025.72110091744,545,0.9981684981684982,142.57503625044066,0.261605571101726,0.2816988766693002,0,0.0,83.5209798381519,0.15296882754240276,0.17207580248126603,0,0.0
291,eMBB,491.0,9.0,22,1941,280259878.3729347,144389.42729156863,21,0.9545454545454546,192.84303123970378,9.183001487604942,18.231270651557438,0,0.0,5.204080813719443,0.23654912789633833,0.2418248499821528,0,0.0
292,mMTC,216.5,283.5,433,432,36049540.0,83448.00925925926,432,0.9976905311778291,116.14125057058814,0.268845487431917,0.2892676815097172,0,0.0,68.6050379382321,0.15844119616219884,0.17890624356099927,0,0.0
293,eMBB,484.5,15.5,25,1912,365721794.59176445,191277.08922163412,24,0.96,188.96831199219974,7.873679666341656,13.216147007845821,0,0.0,5.665863859007907,0.2266345543603163,0.2308609698840273,0,0.0
294,eMBB,495.75,4.25,17,1965,294821002.68489033,150036.13368187804,16,0.9411764705882353,182.50992528550026,11.406870330343766,19.71160025064578,0,0.0,4.023601582216481,0.23668244601273414,0.24040961087358304,0,0.0
295,eMBB,491.25,8.75,16,1948,304855871.6646894,156496.8540373149,15,0.9375,188.69100080138864,12.579400053425909,18.420827564589224,0,0.0,3.6886946930468785,0.2305434183154299,0.23560488223444012,0,0.0
296,mMTC,279.75,220.25,560,559,45596610.0,81568.17531305904,559,0.9982142857142857,151.91527575950323,0.2717625684427607,0.29437378510928675,0,0.0,89.79444298035797,0.1603472196077821,0.18320229861356024,0,0.0
297,mMTC,286.5,213.5,573,572,45111580.0,78866.3986013986,572,0.9982547993019197,149.99407447432768,0.2622274029271463,0.28081693290077375,0,0.0,88.01900490238097,0.1536108287999668,0.1731223096529105,0,0.0
298,mMTC,257.75,242.25,516,515,40345395.0,78340.57281553397,515,0.998062015503876,136.51536537549595,0.26507837936989503,0.28584399712332115,0,0.0,80.56407874335912,0.1561319355491456,0.17884488020024422,0,0.0
299,mMTC,284.5,215.5,569,568,46134608.0,81222.9014084507,568,0.9982425307557118,152.77501508646287,0.2689700969832093,0.28520804236166414,0,0.0,90.30073774299576,0.15870076931985197,0.18063588031038208,0,0.0
300,mMTC,306.0,194.0,612,612,49416842.0,80746.47385620915,612,1.0,163.9872239877084,0.26795298037207255,0.287171457069998,0,0.0,98.00959748104175,0.1601464011128133,0.17749384078954855,0,0.0
301,eMBB,490.0,10.0,16,1943,292176842.2978374,150374.08250017362,15,0.9375,197.15552512198235,13.143701674798823,19.723122519490193,0,0.0,3.75889487170492,0.2349309294815575,0.23957856004877381,0,0.0
302,eMBB,489.5,10.5,19,1938,300830374.7696321,155227.23156327766,18,0.9473684210526315,195.01197465951978,10.833998592195544,17.2220094802198,0,0.0,4.342872210898814,0.22857222162625335,0.2347210738196235,0,0.0
303,URLLC,189.75,310.25,759,759,106692665.0,140570.04611330698,759,1.0,46.97814006072441,0.06189478268870146,0.06390420672323206,0,0.0,1.7464860618782416,0.0023010356546485397,0.00291746120020758,0,0.0
304,eMBB,490.0,10.0,20,1939,283540945.78714406,146230.5032424673,19,0.95,193.02161570912367,10.159032405743352,19.928420338419595,0,0.0,4.776167814004178,0.2388083907002089,0.24150444972644405,0,0.0
305,eMBB,494.5,5.5,16,1961,286656499.85545546,146178.73526540308,15,0.9375,186.818443275233,12.454562885015532,20.126780220125543,0,0.0,3.717437478986639,0.23233984243666495,0.242314718019174,0,0.0
306,eMBB,494.25,5.75,20,1956,291578371.33470684,149068.69700138387,19,0.95,197.9704572115478,10.4194977479762,16.82696568251451,0,0.0,4.718084600945487,0.23590423004727437,0.23912258480127016,0,0.0
307,mMTC,272.0,228.0,544,544,44549762.0,81892.94485294117,544,1.0,145.80882937731886,0.26803093635536557,0.28515911312040537,0,0.0,87.15097758259658,0.1602040029091849,0.17889993173151653,0,0.0
308,eMBB,489.5,10.5,24,1933,285390752.10819507,147641.36167004402,23,0.9583333333333334,194.89677502616172,8.473772827224423,19.627980383241294,0,0.0,5.688679094477892,0.23702829560324548,0.24005583145569434,0,0.0
309,mMTC,302.25,197.75,605,604,47264804.0,78252.98675496689,604,0.9983471074380166,160.54628325815895,0.26580510473205127,0.29434042352535217,0,0.0,94.32173329986827,0.15590369140474095,0.18907363856808715,0,0.0
310,eMBB,490.25,9.75,17,1943,308674369.6434171,158864.83254936547,16,0.9411764705882353,191.1552772272133,11.947204826700832,18.12013681305438,0,0.0,3.862036597043701,0.2271786233555118,0.231862338261496,0,0.0
311,eMBB,488.75,11.25,18,1936,283459622.88124907,146415.0944634551,17,0.9444444444444444,188.97691920762253,11.116289365154266,19.12715059444993,0,0.0,4.310211054783054,0.2394561697101697,0.2424613088959793,0,0.0
312,eMBB,492.5,7.5,17,1952,284748575.4979322,145875.29482476035,16,0.9411764705882353,186.80246973589337,11.675154358493335,20.030863813834664,0,0.0,4.016467639031878,0.2362628022959928,0.24330734586950098,0,0.0
313,mMTC,295.0,205.0,590,589,46891238.0,79611.60950764007,589,0.9983050847457627,158.21648166649763,0.2686188143743593,0.2860826857499304,0,0.0,93.59947187693773,0.1586431726727758,0.17642608233112694,0,0.0
314,mMTC,232.5,267.5,465,465,37674640.0,81020.7311827957,465,1.0,124.8071420441058,0.26840245600882967,0.28609731006484984,0,0.0,74.8080962321613,0.16087762630572325,0.18031659839818318,0,0.0
315,mMTC,272.0,228.0,544,544,44122710.0,81107.92279411765,544,1.0,142.68948696799018,0.2622968510440996,0.2779404542968967,0,0.0,83.94833415944312,0.15431679073427043,0.17333912632141907,0,0.0
316,eMBB,488.25,11.75,20,1932,298297664.12147903,154398.37687447155,19,0.95,185.90562557446705,9.784506609182477,17.21806737347929,0,0.0,4.6508967431717405,0.23254483715858704,0.2352126883868387,0,0.0
317,eMBB,496.25,3.75,15,1969,314412139.05293274,159681.12699488713,14,0.9333333333333333,195.55012805700918,13.96786628978637,18.61964829715216,0,0.0,3.436465419291255,0.229097694619417,0.23233447841115648,0,0.0
318,eMBB,488.0,12.0,17,1934,284841371.12934744,147280.957150645,16,0.9411764705882353,186.7255518054682,11.670346987841762,19.32889436178644,0,0.0,3.9454672819968515,0.23208631070569716,0.24200212203152527,0,0.0
319,eMBB,493.25,6.75,20,1952,283004305.6393647,144981.7139545926,19,0.95,195.28753019341087,10.278291062811098,19.329023136386883,0,0.0,4.734656267932852,0.2367328133966426,0.24334395888079863,0,0.0
320,mMTC,308.0,192.0,616,616,48533925.0,78788.83928571429,616,1.0,166.10918266794658,0.26965776407134184,0.2867178987413834,0,0.0,98.40284226794641,0.15974487381160132,0.17784274899779362,0,0.0
321,eMBB,489.5,10.5,26,1931,369093034.21199316,191140.87737544958,25,0.9615384615384616,195.3469360479366,7.813877441917464,14.918081847236767,0,0.0,5.857550073000035,0.22529038742307828,0.22992096428505482,0,0.0
322,mMTC,256.5,243.5,513,513,41588154.0,81068.52631578948,513,1.0,134.80342564457885,0.26277470885882814,0.28286417918617524,0,0.0,79.44413509996345,0.15486186179330105,0.1763584244399562,0,0.0
323,mMTC,235.0,265.0,470,470,37632380.0,80068.89361702128,470,1.0,125.10901089361386,0.26618938488002947,0.295432259422788,0,0.0,73.57226047275908,0.1565367244101257,0.1904903052347538,0,0.0
324,eMBB,491.0,9.0,18,1945,308681419.2899941,158705.09989202782,17,0.9444444444444444,192.60723532115395,11.329837371832586,18.717686285800937,0,0.0,4.029494798451699,0.2238608221362055,0.23280890074371424,0,0.0
325,eMBB,490.5,9.5,20,1941,285570722.1198438,147125.56523433476,19,0.95,188.06527708639808,9.898172478231478,19.72667314259735,0,0.0,4.721920020197291,0.23609600100986455,0.24254361568955568,0,0.0
326,eMBB,494.75,5.25,18,1960,286269865.59493613,146056.05387496742,17,0.9444444444444444,199.1796179734631,11.716448116086065,19.42962738132153,0,0.0,4.205982391125506,0.23366568839586144,0.24381846608372484,0,0.0
327,mMTC,289.5,210.5,579,578,46060018.0,79688.6124567474,578,0.998272884283247,155.80946291974175,0.26956654484384385,0.2875261862627509,0,0.0,92.52376800402854,0.15979925389296812,0.18062310912220292,0,0.0
328,eMBB,493.5,6.5,21,1952,375832238.8744197,192537.00762009204,20,0.9523809523809523,190.96746559811356,9.548373279905679,15.51823288983412,0,0.0,4.721532289863728,0.22483487094589183,0.23084712650588982,0,0.0
329,eMBB,484.75,15.25,19,1919,286334137.4020127,149210.07681188782,18,0.9473684210526315,183.8725222474089,10.21514012485605,19.326411722460474,0,0.0,4.510635977276527,0.23740189354086985,0.24007828717027135,0,0.0
330,mMTC,295.25,204.75,591,590,46945852.0,79569.2406779661,590,0.9983079526226735,157.35958502287792,0.2667111610557253,0.2839562753657326,0,0.0,92.87587827347632,0.15715038624953692,0.17639711286678147,0,0.0
331,eMBB,495.0,5.0,17,1962,312117727.31892943,159081.41045816994,16,0.9411764705882353,193.77654456258588,12.111034035161618,18.3185202096868,0,0.0,3.7892703116889233,0.2228982536287602,0.2324266687342946,0,0.0
332,URLLC,163.5,336.5,654,654,91778242.0,140333.70336391436,654,1.0,40.55363527802806,0.06200861663307043,0.06387149179183405,0,0.0,1.4203756264895844,0.0021718281750605266,0.002530378030741688,0,0.0
333,eMBB,495.0,5.0,18,1961,287329288.3483843,146521.81965751367,17,0.9444444444444444,193.77739195391715,11.398670114936303,19.930389720066245,0,0.0,4.204368211704934,0.23357601176138523,0.24292215374498288,0,0.0
334,eMBB,494.0,6.0,20,1955,292471321.3295007,149601.69888977017,19,0.95,193.37608284522705,10.177688570801424,18.427009458859708,0,0.0,4.624616966307228,0.2312308483153614,0.23960034499089963,0,0.0
335,eMBB,493.0,7.0,20,1951,376352644.53190565,192902.43184618434,19,0.95,184.40243245533708,9.705391181859847,15.61862984470013,0,0.0,4.448863458261199,0.22244317291305996,0.23092150919996002,0,0.0
336,mMTC,269.0,231.0,538,537,41756803.0,77759.40968342645,537,0.9981412639405205,141.28946563093402,0.26310887454550097,0.2838532923030304,0,0.0,83.57950420274989,0.15535223829507414,0.17919848409790212,0,0.0
337,mMTC,276.0,224.0,552,552,42364631.0,76747.51992753622,552,1.0,147.314500519931,0.26687409514480254,0.2878620572567172,0,0.0,86.92146995480265,0.15746643107754102,0.18066390956440953,0,0.0
338,eMBB,490.0,10.0,19,1940,305919827.4497905,157690.63270607757,18,0.9473684210526315,190.83209757829937,10.60178319879441,17.920919669491067,0,0.0,4.3692867468163135,0.22996246035875334,0.23288760217931823,0,0.0
339,mMTC,296.5,203.5,593,593,47958462.0,80874.30354131534,593,1.0,155.7312317831579,0.2626159051992545,0.27942847730251325,0,0.0,91.43077774247419,0.15418343632794973,0.17385780328849354,0,0.0
340,eMBB,493.75,6.25,17,1957,285940681.391017,146111.743173744,16,0.9411764705882353,189.49769437224552,11.843605898265345,19.630336694856418,0,0.0,4.017654754712047,0.23633263263012041,0.24301067627331532,0,0.0
341,mMTC,291.0,209.0,582,582,46575220.0,80026.15120274914,582,1.0,157.35756852566755,0.270373829081903,0.28861995351976155,0,0.0,93.62262291951382,0.16086361326376944,0.18076039249412051,0,0.0
342,mMTC,282.0,218.0,564,563,44842698.0,79649.55239786857,563,0.99822695035461,151.60340285938508,0.2692778025921582,0.2871793766300523,0,0.0,91.20622790292587,0.16171317004064872,0.18509494108262312,0,0.0
343,mMTC,270.0,230.0,540,540,41873208.0,77542.97777777778,540,1.0,142.28220400419957,0.26348556297073994,0.28168948931836874,0,0.0,84.06163862539607,0.15566970115814088,0.17789139681185018,0,0.0
344,eMBB,495.75,4.25,17,1965,306735581.6646892,156099.53265378583,16,0.9411764705882353,190.59880913175957,11.912425570734973,18.92101791778886,0,0.0,3.9130203038347586,0.2301776649314564,0.23433729463570052,0,0.0
345,eMBB,491.75,8.25,21,1945,305494758.1657773,157066.71370991122,20,0.9523809523809523,194.5557405027097,9.727787025135486,17.017817178282957,0,0.0,4.717446103596224,0.22464029064743923,0.23203154473610568,0,0.0
346,eMBB,492.25,7.75,14,1954,290271817.4376866,148552.6189548038,13,0.9285714285714286,181.13676671974923,13.93359743998071,19.127069365188778,0,0.0,3.2298431674764942,0.23070308339117815,0.24309609827782694,0,0.0
347,eMBB,492.0,8.0,18,1949,283747999.90254354,145586.4545420952,17,0.9444444444444444,190.62010427075208,11.21294731004424,19.729489426475673,0,0.0,4.252010349566071,0.23622279719811504,0.24290044230140387,0,0.0
348,URLLC,209.75,290.25,839,839,118174311.0,140851.38379022645,839,1.0,51.623371736975045,0.0615296445017581,0.06316812919464816,0,0.0,1.8925788596674007,0.0022557554942400485,0.0027298952922129504,0,0.0
349,eMBB,486.0,14.0,17,1926,373035294.27574605,193683.95341419836,16,0.9411764705882353,187.15341296395147,11.697088310246967,14.713065342525772,0,0.0,3.865292687404722,0.22737015808263072,0.2313771938496906,0,0.0
350,mMTC,224.0,276.0,448,448,35127797.0,78410.26116071429,448,1.0,118.23868928491694,0.26392564572526106,0.28433010270773623,0,0.0,69.99730597312202,0.15624398654714738,0.17779245005816358,0,0.0
351,eMBB,492.75,7.25,22,1948,300902793.7120617,154467.5532402781,21,0.9545454545454546,197.6191212615328,9.410434345787277,17.1200590900405,0,0.0,4.990799217928317,0.22685450990583259,0.23485528457176916,0,0.0
352,URLLC,219.25,280.75,877,876,122393866.0,139719.02511415526,876,0.9988597491448119,54.312997461900245,0.06200113865513727,0.06408298885162796,0,0.0,2.16511444532365,0.0024687735978604903,0.003225818582657743,0,0.0
353,mMTC,239.5,260.5,479,479,38728902.0,80853.65762004175,479,1.0,126.02532343464414,0.2631008839971694,0.28257756749034635,0,0.0,74.1252939252423,0.15475009170196724,0.17507249569547456,0,0.0
354,eMBB,493.25,6.75,15,1957,287981241.7797723,147154.4413795464,14,0.9333333333333333,196.7745714205936,14.055326530042398,19.930193237790697,0,0.0,3.5738996687230005,0.2382599779148667,0.24303114044391128,0,0.0
355,mMTC,289.5,210.5,579,579,45999839.0,79447.04490500863,579,1.0,156.64060443155927,0.27053644979543917,0.2904507140352065,0,0.0,93.28667763155899,0.16111688710113814,0.1822571468872829,0,0.0
356,URLLC,197.0,303.0,788,788,112042323.0,142185.6890862944,788,1.0,48.50553865784494,0.06155525210386413,0.06305758862626482,0,0.0,1.6638251603449334,0.002111453249168697,0.00231786773310232,0,0.0
357,eMBB,485.75,14.25,18,1924,287650050.5703945,149506.26329022585,17,0.9444444444444444,194.6438263868919,11.44963684628776,18.52836846341959,0,0.0,4.272189853220905,0.2373438807344947,0.24014492858723172,0,0.0
358,mMTC,294.5,205.5,589,589,46973158.0,79750.69269949067,589,1.0,157.38165757166664,0.2672014559790605,0.28597502863733437,0,0.0,93.12892967799135,0.15811363273003626,0.17936774863733435,0,0.0
359,mMTC,290.5,209.5,581,580,47902468.0,82590.46206896551,580,0.9982788296041308,158.24559087228283,0.27283722564186697,0.2987632218359619,0,0.0,94.05156984887728,0.161878777708911,0.18928312200690195,0,0.0
360,mMTC,271.0,229.0,542,542,42808048.0,78981.63837638377,542,1.0,142.87364575580057,0.26360451246457667,0.28361885672111553,0,0.0,84.26818349699715,0.1554763533154929,0.17648916236214124,0,0.0
361,mMTC,259.0,241.0,518,518,41223408.0,79581.86872586873,518,1.0,137.45274513732753,0.2653527898404006,0.2836996562288063,0,0.0,81.1725564101481,0.15670377685356776,0.17650083125747706,0,0.0
362,eMBB,487.25,12.75,22,1926,286401430.16621923,148702.71555878464,21,0.9545454545454546,192.078498611564,9.146595171979238,18.72460916746829,0,0.0,5.152332251242148,0.23419692051100674,0.23969047885359387,0,0.0
363,eMBB,491.0,9.0,22,1941,373733826.0000005,192547.05100463703,21,0.9545454545454546,198.61753134195752,9.457977682950357,15.217786638443464,0,0.0,4.989725218428348,0.22680569174674312,0.2315503896660587,0,0.0
364,mMTC,257.25,242.75,515,514,40741304.0,79263.2373540856,514,0.9980582524271845,135.4252498073984,0.263473248652526,0.28360999381429963,0,0.0,80.20594342244114,0.15573969596590512,0.1793945205787843,0,0.0
365,mMTC,266.75,233.25,534,533,42549033.0,79829.33020637899,533,0.99812734082397,142.57949615830694,0.26750374513753644,0.2860074665556028,0,0.0,84.40800833950364,0.1580674313473851,0.17807959168380788,0,0.0
366,mMTC,301.0,199.0,602,601,48021847.0,79903.23960066556,601,0.9983388704318937,164.2409441492625,0.27327944118013725,0.30010050286160284,0,0.0,97.82488744141256,0.16249981302560226,0.19069978867356863,0,0.0
367,eMBB,492.5,7.5,18,1951,286836656.4184106,147020.32620113305,17,0.9444444444444444,194.0560867072599,11.415063923956465,18.32815092748973,0,0.0,4.194110464998965,0.23300613694438693,0.24220712821881787,0,0.0
368,eMBB,491.25,8.75,20,1944,282135261.6237046,145131.30741960113,19,0.95,191.30814663559266,10.06884982292593,19.38126042384362,0,0.0,4.764296313877723,0.23821481569388614,0.24299773033320068,0,0.0
369,eMBB,496.5,3.5,15,1970,297231788.7455348,150879.08058148975,14,0.9333333333333333,184.6185587301795,13.187039909298536,19.525410124158135,0,0.0,3.5157420080912427,0.23438280053941618,0.2396962218519945,0,0.0
370,eMBB,493.25,6.75,23,1949,375064587.0784511,192439.5008098774,22,0.9565217391304348,197.4404346288063,8.974565210400286,15.319211069566188,0,0.0,5.127620658552268,0.22294002863270732,0.23153406265846965,0,0.0
371,mMTC,289.0,211.0,578,578,44535077.0,77050.30622837371,578,1.0,152.33325129054072,0.2635523378729078,0.2854902334008339,0,0.0,90.24245482421595,0.1561288145747681,0.17930079887091935,0,0.0
372,eMBB,493.25,6.75,20,1952,303326633.3949264,155392.74251789265,19,0.95,189.08392878266034,9.951785725403175,18.121648087060386,0,0.0,4.534665435542434,0.2267332717771217,0.23589117055476597,0,0.0
373,eMBB,489.75,10.25,20,1938,306440553.17866945,158122.06046370973,19,0.95,195.47851091226775,10.28834267959304,17.818473218995607,0,0.0,4.531876836771671,0.22659384183858355,0.2315192541536516,0,0.0
374,eMBB,493.75,6.25,15,1959,291376351.6507394,148737.29027602827,14,0.9333333333333333,196.77133335742303,14.05509523981593,19.82761100877616,0,0.0,3.47621754916093,0.23174783661072867,0.2436659157310225,0,0.0
375,eMBB,490.75,9.25,19,1943,283076831.05196583,145690.59755633856,18,0.9473684210526315,189.51117824727288,10.52839879151516,20.127659201509083,0,0.0,4.559897926675023,0.23999462771973806,0.2425984620218011,0,0.0
376,eMBB,493.0,7.0,15,1956,295404736.84671867,151024.91658830197,14,0.9333333333333333,194.81493392939743,13.915352423528388,19.325499616833554,0,0.0,3.511659384266459,0.23411062561776394,0.23917111531789598,0,0.0
377,mMTC,262.25,237.75,525,524,41468572.0,79138.49618320611,524,0.9980952380952381,141.23975537080324,0.2695415178832123,0.28541234774271784,0,0.0,84.88304046219213,0.1616819818327469,0.18089625032780932,0,0.0
378,eMBB,492.5,7.5,15,1954,293929008.6848896,150424.26237711855,14,0.9333333333333333,180.88804258911117,12.920574470650797,19.425584579758716,0,0.0,3.486803887628479,0.23245359250856526,0.24057504390860732,0,0.0
379,URLLC,154.25,345.75,617,617,85313822.0,138271.9967585089,617,1.0,38.62278940130269,0.06259771377844844,0.06470580186189742,0,0.0,1.6281778986103854,0.0026388620723020832,0.0037171059636214587,0,0.0
380,eMBB,483.5,16.5,24,1909,300060705.4580731,157182.1401037575,23,0.9583333333333334,192.81888695939776,8.383429867799903,18.11839581207328,0,0.0,5.520184765259855,0.23000769855249395,0.233551826194683,0,0.0
381,eMBB,492.5,7.5,20,1949,285064862.6367817,146262.11525745597,19,0.95,194.5170425178751,10.237739079888163,19.82846034193929,0,0.0,4.780869654222147,0.23904348271110734,0.24271792983898569,0,0.0
382,eMBB,487.0,13.0,22,1925,278069936.7518227,144451.91519575205,21,0.9545454545454546,196.3388735596412,9.349470169506723,18.430009835525663,0,0.0,5.222583771449969,0.23739017142954405,0.24312686840944453,0,0.0
383,eMBB,495.75,4.25,16,1966,297062320.2510688,151099.85770654565,15,0.9375,188.16029318356738,12.544019545571159,19.226159667119855,0,0.0,3.670163070288807,0.22938519189305043,0.23921960762103928,0,0.0
384,mMTC,304.25,195.75,609,608,49650885.0,81662.63980263157,608,0.9983579638752053,164.17784385555123,0.2700293484466303,0.29348984794237065,0,0.0,98.92056032360692,0.16243113353630037,0.18697324405348173,0,0.0
385,mMTC,252.0,248.0,504,504,39682981.0,78736.07341269842,504,1.0,133.42932956822958,0.2647407332702968,0.28196113294237,0,0.0,79.35172961677655,0.15744390796979474,0.18089943311331014,0,0.0
386,eMBB,481.0,19.0,19,1904,294890902.7369349,154879.6758072137,18,0.9473684210526315,186.18017936249973,10.343343297916652,18.320955615430798,0,0.0,4.4192078348407895,0.23258988604425207,0.2350325689401044,0,0.0
387,eMBB,491.5,8.5,19,1946,308902973.0863733,158737.3962417129,18,0.9473684210526315,196.99190612698425,10.943994784832459,18.418608091348748,0,0.0,4.337817569187973,0.22830618785199855,0.23256051742566577,0,0.0
388,mMTC,252.0,248.0,504,503,39760718.0,79047.15308151093,503,0.998015873015873,132.97786437814858,0.26436951168618006,0.2821343854517196,0,0.0,78.77684628236243,0.1563032664332588,0.1727365487612606,0,0.0
389,eMBB,493.75,6.25,18,1956,286918516.0758859,146686.3579120071,17,0.9444444444444444,197.88006918762218,11.640004069860128,20.231075682492236,0,0.0,4.319028660955161,0.23994603671973116,0.24273288438650534,0,0.0
390,eMBB,485.25,14.75,22,1918,285744382.33470684,148980.38703582212,21,0.9545454545454546,194.6508057099357,9.269085986187415,18.925696775134213,0,0.0,5.232200111595651,0.2378272777998023,0.24011699930080174,0,0.0
391,mMTC,291.5,208.5,583,583,46749635.0,80188.05317324185,583,1.0,157.5427057141078,0.27022762558166,0.28654923767782514,0,0.0,95.04979020521881,0.16303566072936332,0.18106963692538094,0,0.0
392,mMTC,252.5,247.5,505,505,40614002.0,80423.76633663366,505,1.0,133.62490794142832,0.26460377810183827,0.2801614658723581,0,0.0,79.4582705848471,0.15734311006900414,0.1764662008641918,0,0.0
393,URLLC,179.5,320.5,718,718,98759775.0,137548.4331476323,718,1.0,44.942477767268734,0.06259398017725451,0.06486039520375561,0,0.0,1.9624989391918024,0.0027332854306292512,0.0039693252442934805,0,0.0
394,eMBB,492.0,8.0,20,1947,308327461.0708944,158360.2778997917,19,0.95,196.83093115282364,10.359522692253876,18.31827303481225,0,0.0,4.489437312140648,0.22447186560703242,0.23309939474544708,0,0.0
395,eMBB,494.25,5.75,21,1955,285668660.4270429,146122.07694477896,20,0.9523809523809523,193.34573656202937,9.667286828101469,18.42842171046721,0,0.0,5.023591690183091,0.23921865191348052,0.24176663864644798,0,0.0
396,eMBB,490.5,9.5,20,1941,282405324.26271516,145494.75747692693,19,0.95,193.85644372191376,10.202970722205988,19.731088144972727,0,0.0,4.822699249457763,0.24113496247288815,0.24364269742031266,0,0.0
397,URLLC,172.25,327.75,689,688,97208724.0,141291.75,688,0.9985486211901307,42.41505756151561,0.0616497929673192,0.06302327102248928,0,0.0,1.6762188203941013,0.00243282847662424,0.0030312635506323923,0,0.0
398,mMTC,306.25,193.75,613,612,48640385.0,79477.75326797385,612,0.99836867862969,165.7534771226944,0.27083901490636336,0.2943195844145929,0,0.0,100.20641829547218,0.16346887160762183,0.18839488747014838,0,0.0
399,mMTC,304.25,195.75,609,608,48703969.0,80105.21217105263,608,0.9983579638752053,161.17958809087006,0.2650980067284047,0.2810474862944785,0,0.0,96.12613095514358,0.1578425795650962,0.17788286753085847,0,0.0
400,eMBB,484.25,15.75,21,1915,296142068.57899076,154643.37784803694,20,0.9523809523809523,189.55084714373615,9.477542357186808,18.321733108449838,0,0.0,4.816781457176089,0.22937054557981376,0.2345309515871009,0,0.0
401,eMBB,492.5,7.5,19,1950,309032668.44804335,158478.2915118171,18,0.9473684210526315,193.91075779663967,10.772819877591093,18.02010032238592,0,0.0,4.3610634495871,0.2295296552414263,0.23265279911573258,0,0.0
402,mMTC,304.5,195.5,609,609,49680401.0,81577.013136289,609,1.0,160.7305202381463,0.2639253205880892,0.285165332925103,0,0.0,94.9543021383171,0.15591839431579163,0.1782438406174107,0,0.0
403,mMTC,292.0,208.0,584,584,47910081.0,82037.80993150685,584,1.0,155.67834300401842,0.26657250514386716,0.28722792714529916,0,0.0,92.2880289281209,0.15802744679472755,0.1809206840683761,0,0.0
404,eMBB,488.0,12.0,19,1932,290832544.42332125,150534.44328329258,18,0.9473684210526315,196.20195873843127,10.900108818801737,19.72763108451253,0,0.0,4.450647108867097,0.23424458467721562,0.24075548687428378,0,0.0
405,eMBB,492.0,8.0,21,1946,374862192.5924027,192632.1647442974,20,0.9523809523809523,192.10698560215715,9.605349280107857,14.614282449670503,0,0.0,4.673021993525537,0.22252485683454937,0.23102155391362597,0,0.0
406,URLLC,185.75,314.25,743,742,102509845.0,138153.42991913747,742,0.9986541049798116,46.141867814980216,0.06218580568056633,0.06444248176495695,0,0.0,1.6226078046799886,0.0021838597640376697,0.0025601415021695296,0,0.0
407,eMBB,490.5,9.5,18,1943,302735510.00469595,155808.291304527,17,0.9444444444444444,196.63453397061312,11.566737292389007,18.920399860435534,0,0.0,4.167036633644665,0.2315020352024814,0.2345668099779895,0,0.0
408,eMBB,496.0,4.0,17,1966,312997183.1146323,159205.07788129823,16,0.9411764705882353,186.98178868649757,11.686361792906098,18.717732532581017,0,0.0,3.806770862299024,0.22392769778229552,0.23268633403312297,0,0.0
409,eMBB,494.75,5.25,17,1961,289936510.35886717,147851.35663379254,16,0.9411764705882353,199.01280643062807,12.438300401914255,19.42665095726753,0,0.0,3.9477115277825967,0.23221832516368215,0.24270565557485288,0,0.0
410,eMBB,495.5,4.5,18,1963,286120718.5830132,145756.86122415343,17,0.9444444444444444,195.7707294406589,11.51592526121523,20.03122461961843,0,0.0,4.212740933975789,0.23404116299865496,0.24461213120901673,0,0.0
411,eMBB,493.0,7.0,18,1953,293143349.64526016,150099.00135445988,17,0.9444444444444444,190.31465891287354,11.194979936051384,19.127140379371696,0,0.0,4.154137304877728,0.23078540582654045,0.24039021849063397,0,0.0
412,URLLC,170.25,329.75,681,681,96227644.0,141303.44199706314,681,1.0,41.989580706800204,0.0616587088205583,0.06316427746517816,0,0.0,1.5323537809668266,0.0022501523949586292,0.002593358903581771,0,0.0
413,mMTC,243.0,257.0,486,486,38977716.0,80201.06172839506,486,1.0,129.07439426991323,0.2655851733948832,0.28640001457629255,0,0.0,77.19682105008414,0.1588411955763048,0.18087537594381398,0,0.0
414,mMTC,297.0,203.0,594,593,46684348.0,78725.71332209106,593,0.9983164983164983,158.89589894167554,0.26795261204329773,0.28731228975493195,0,0.0,94.42777712254156,0.15896932175512046,0.17988579573783797,0,0.0
415,mMTC,291.5,208.5,583,583,45040763.0,77256.8833619211,583,1.0,159.61724774401566,0.27378601671357744,0.2949622781446546,0,0.0,95.29861566298987,0.1634624625437219,0.18422975533267558,0,0.0
416,eMBB,490.0,10.0,20,1939,284678349.61133254,146817.0962410173,19,0.95,197.01070883131217,10.36898467533222,20.229764572464454,0,0.0,4.782813829282065,0.23914069146410327,0.24277681702639833,0,0.0
417,mMTC,288.5,211.5,577,577,46495910.0,80582.16637781629,577,1.0,154.1593783573014,0.2671739659571948,0.2881144370842491,0,0.0,91.63970092858348,0.15882097214659183,0.18255322375091576,0,0.0
418,mMTC,309.5,190.5,619,619,52079648.0,84135.13408723749,619,1.0,167.73432779351432,0.2709762969200554,0.2897661936734621,0,0.0,99.93602256889896,0.1614475324214846,0.1827812614624666,0,0.0
419,mMTC,286.5,213.5,573,572,46070840.0,80543.42657342658,572,0.9982547993019197,154.84583332055382,0.27070949881215706,0.2957691742629691,0,0.0,93.85828867759272,0.16380155092075518,0.18992265842963574,0,0.0
420,mMTC,272.0,228.0,544,543,43998868.0,81029.22283609577,543,0.9981617647058824,144.20484762986538,0.2655706217861241,0.2847539555680811,0,0.0,86.30975082005202,0.15865763018391915,0.17954502873047423,0,0.0
421,eMBB,489.75,10.25,21,1937,299421028.169345,154579.77706212958,20,0.9523809523809523,196.31650157634695,9.815825078817348,18.92165323433995,0,0.0,4.8850212369459625,0.23262005890218868,0.23543365309962483,0,0.0
422,eMBB,496.0,4.0,22,1961,309738474.31384444,157949.24748283756,21,0.9545454545454546,198.56498643127057,9.455475544346218,18.21765274497969,0,0.0,4.954207975793983,0.22519127162699923,0.23221666674523975,0,0.0
423,eMBB,493.25,6.75,20,1952,285012133.7619995,146010.31442725385,19,0.95,186.8978009818845,9.836726367467605,18.327765453284165,0,0.0,4.771182387740683,0.23855911938703414,0.24281801360547178,0,0.0
424,mMTC,239.75,260.25,480,479,39367803.0,82187.48016701461,479,0.9979166666666667,127.87827199215316,0.26696925259322163,0.28619476016251516,0,0.0,75.9358240304439,0.1581996333967581,0.1798315187949938,0,0.0
425,mMTC,259.0,241.0,518,518,40180075.0,77567.71235521235,518,1.0,140.8990768782899,0.2720059399194786,0.2886816228541322,0,0.0,84.42810239350354,0.16298861465927322,0.18096413533276465,0,0.0
426,eMBB,490.5,9.5,21,1940,373977925.7245205,192772.12666212398,20,0.9523809523809523,186.11817857606493,9.305908928803246,14.01760825704075,0,0.0,4.684927086582322,0.22309176602772962,0.23109794016693683,0,0.0
427,eMBB,495.25,4.75,16,1964,294538761.0365797,149968.81926506097,15,0.9375,187.5574066541194,12.503827110274626,18.926326542102263,0,0.0,3.7669262202233003,0.23543288876395627,0.24017404534562256,0,0.0
428,eMBB,483.25,16.75,20,1912,295847823.45008093,154732.12523539798,19,0.95,190.62076092541014,10.032671627653166,19.02021435518046,0,0.0,4.580498641520065,0.22902493207600325,0.23457375933789984,0,0.0
429,mMTC,293.0,207.0,586,586,46532916.0,79407.70648464163,586,1.0,160.61198305322918,0.27408188234339453,0.3021245972550431,0,0.0,95.80986576160551,0.16349806443959986,0.19286575896444477,0,0.0
430,eMBB,492.0,8.0,20,1947,285218238.14681315,146491.1341277931,19,0.95,197.2143981424543,10.37970516539233,17.228005140173906,0,0.0,4.688660460371237,0.23443302301856184,0.24240035681478628,0,0.0
431,mMTC,305.75,194.25,612,611,48983401.0,80169.23240589198,611,0.9983660130718954,163.9261145523981,0.26829151317904765,0.28855614090146325,0,0.0,97.95984613325282,0.16006510806087063,0.18150860387291334,0,0.0
432,URLLC,158.25,341.75,633,633,87902330.0,138866.2401263823,633,1.0,39.06199939623944,0.06170931974129454,0.0632586229572914,0,0.0,1.6125475512394292,0.002547468485370346,0.003263703162287542,0,0.0
433,eMBB,487.75,12.25,21,1929,371486249.80578065,192579.7044094249,20,0.9523809523809523,196.2164138518764,9.81082069259382,15.416063381251773,0,0.0,4.789821677616172,0.22808674655315103,0.23208190113513025,0,0.0
434,eMBB,494.25,5.75,18,1958,293462258.0689625,149878.5791976315,17,0.9444444444444444,188.8934105013362,11.111377088313894,19.6267892706685,0,0.0,4.227630316483426,0.23486835091574587,0.23878532180458087,0,0.0
435,eMBB,492.5,7.5,19,1950,303071523.6943004,155421.29420220535,18,0.9473684210526315,195.45018522266344,10.858343623481302,18.720223464472163,0,0.0,4.29818483116009,0.22622025427158368,0.23457744537508018,0,0.0
436,eMBB,492.0,8.0,19,1948,307145324.79233396,157672.13798374432,18,0.9473684210526315,195.81708786776278,10.878727103764598,18.417998652820838,0,0.0,4.269757115826082,0.22472405872768855,0.2336079419869121,0,0.0
437,URLLC,190.0,310.0,760,760,104759227.0,137841.08815789473,760,1.0,47.245622967528554,0.06216529337832705,0.06409583302388037,0,0.0,1.804162348297846,0.002373897826707692,0.002887952248931387,0,0.0
438,mMTC,239.0,261.0,478,478,36147563.0,75622.51673640167,478,1.0,128.00841310677922,0.2678000274200402,0.28652212828394086,0,0.0,76.39862682438594,0.15982976323093293,0.18291836529070965,0,0.0
439,eMBB,491.5,8.5,16,1949,292747621.98774326,150204.01333388573,15,0.9375,194.4836910428259,12.965579402855061,19.826625868194014,0,0.0,3.8003703871245316,0.23752314919528322,0.23946527660550593,0,0.0
440,eMBB,486.0,14.0,24,1919,366910773.69391125,191198.9440822883,23,0.9583333333333334,187.53899739758944,8.153869452069106,13.919540912412852,0,0.0,5.44833710026557,0.22701404584439874,0.23165155195906584,0,0.0
441,URLLC,187.0,313.0,748,748,104583051.0,139816.91310160427,748,1.0,46.5761576318285,0.062267590416883026,0.06452302466108235,0,0.0,1.724428601059277,0.002305385830293151,0.002825907060894287,0,0.0
442,eMBB,495.0,5.0,16,1963,306343370.6581842,156058.77262261038,15,0.9375,186.0897689687829,12.40598459791886,17.52225244022138,0,0.0,3.60570372028916,0.2253564825180725,0.23512438588588944,0,0.0
443,URLLC,171.5,328.5,686,686,95059122.0,138570.14868804664,686,1.0,42.642327334440125,0.062160827018134295,0.06419042631582361,0,0.0,1.8389695190555064,0.0026807135846290183,0.0035924444466093036,0,0.0
444,mMTC,247.75,252.25,496,495,38342782.0,77460.16565656566,495,0.9979838709677419,130.98839799318276,0.26462302624885403,0.2834786567663259,0,0.0,77.55705177232798,0.15636502373453223,0.17448542259736027,0,0.0
445,eMBB,495.5,4.5,18,1963,286637624.1543499,146020.1855090932,17,0.9444444444444444,197.96583280624708,11.645048988602769,20.12823047008405,0,0.0,4.309957364341711,0.23944207579676174,0.24224335552437903,0,0.0
446,eMBB,492.25,7.75,18,1950,292031678.5896545,149759.8351741818,17,0.9444444444444444,192.16444161164938,11.3037906830382,19.325910226136756,0,0.0,4.2064502780707835,0.23369168211504354,0.24038561476548834,0,0.0
447,mMTC,254.25,245.75,509,508,42363814.0,83393.3346456693,508,0.9980353634577603,138.0731256915221,0.2717974915187443,0.2897546882418431,0,0.0,83.84090224068886,0.16471690027640248,0.18319507404607843,0,0.0
448,mMTC,239.5,260.5,479,479,39144635.0,81721.57620041753,479,1.0,127.34700461891212,0.26586013490378313,0.28563570170118857,0,0.0,76.32773346814274,0.15934808657232305,0.18132638580375265,0,0.0
449,eMBB,494.5,5.5,16,1961,307532878.5830285,156824.5173804327,15,0.9375,195.39680859287225,13.026453906191483,18.92259802898932,0,0.0,3.6121450613600037,0.22575906633500023,0.2350710930565189,0,0.0
450,eMBB,494.5,5.5,21,1956,308896359.1506643,157922.47400340711,20,0.9523809523809523,191.35228114558313,9.567614057279156,18.018443566812774,0,0.0,4.7315219072191645,0.22531056701043642,0.23321647227528175,0,0.0
451,eMBB,495.0,5.0,18,1961,288665676.4428228,147203.30262255116,17,0.9444444444444444,189.50596461090583,11.14740968299446,19.32949216745638,0,0.0,4.257576070967924,0.23653200394266247,0.24191809630725258,0,0.0
452,eMBB,491.0,9.0,16,1947,284946498.4597857,146351.56572151295,15,0.9375,197.4195547233175,13.161303648221168,19.12910632512986,0,0.0,3.840799801374965,0.24004998758593532,0.2423570353180001,0,0.0
453,mMTC,307.75,192.25,616,615,48520387.0,78894.93821138212,615,0.9983766233766234,167.1400533909696,0.27177244453816196,0.29367042359928747,0,0.0,100.06030908737961,0.16243556670029158,0.1861160256505695,0,0.0
454,URLLC,195.75,304.25,783,782,108504228.0,138752.20971867008,782,0.9987228607918263,48.28671913885337,0.061747722683955716,0.06312346736239693,0,0.0,1.8715929661848563,0.002390284758856777,0.002851633175347617,0,0.0
455,eMBB,492.0,8.0,21,1946,287857331.88350785,147922.575479706,20,0.9523809523809523,190.40415484459487,9.520207742229744,18.423633934188036,0,0.0,4.976873343388528,0.23699396873278702,0.23975195698288246,0,0.0
456,eMBB,491.5,8.5,18,1947,303015706.4401583,155632.103975428,17,0.9444444444444444,189.17497950107887,11.127939970651697,18.92174431726161,0,0.0,4.117142867226459,0.22873015929035884,0.23516673414811237,0,0.0
457,eMBB,490.75,9.25,18,1944,307782735.7836185,158324.45256358976,17,0.9444444444444444,195.88994429639135,11.522937899787726,17.419048430182137,0,0.0,4.136009023789103,0.2297782790993946,0.23329473588900304,0,0.0
458,URLLC,182.25,317.75,729,729,105841008.0,145186.56790123458,729,1.0,45.33731778122175,0.06219110806751955,0.0637737682039625,0,0.0,1.810807543914029,0.002483960965588517,0.003124107686516996,0,0.0
459,eMBB,493.75,6.25,16,1958,286903988.96702576,146529.1057032818,15,0.9375,192.4110154195906,12.827401027972707,19.230981442607572,0,0.0,3.7338869005134083,0.23336793128208802,0.24285414105013464,0,0.0
460,eMBB,493.75,6.25,16,1958,294713301.39967966,150517.51859023477,15,0.9375,185.4451965434965,12.363013102899767,19.1269151274693,0,0.0,3.76139559204073,0.23508722450254563,0.2394904417354228,0,0.0
461,mMTC,250.75,249.25,502,501,40111373.0,80062.62075848304,501,0.99800796812749,136.26454687214888,0.27198512349730314,0.28884164693469777,0,0.0,82.70941380076,0.1647597884477291,0.1846117407127451,0,0.0
462,eMBB,490.25,9.75,18,1942,290722722.90531963,149702.74093991742,17,0.9444444444444444,186.36069883401626,10.96239404905978,18.727419029451955,0,0.0,4.198898784666269,0.2332721547036816,0.24077483984713646,0,0.0
463,eMBB,491.25,8.75,18,1946,303561210.44084907,155992.4000209913,17,0.9444444444444444,197.528301734989,11.619311866764058,17.818903273003823,0,0.0,4.072619073772392,0.22625661520957735,0.2346719253121916,0,0.0
464,eMBB,496.5,3.5,15,1970,314054546.94769174,159418.55175009734,14,0.9333333333333333,184.93644538154078,13.209746098681483,18.01965056192341,0,0.0,3.3459330665474543,0.22306220443649696,0.2334395731043492,0,0.0
465,eMBB,485.25,14.75,19,1921,281688118.6113327,146636.1887617557,18,0.9473684210526315,194.99774026601415,10.833207792556342,19.826480989253533,0,0.0,4.564387848908995,0.24023093941626286,0.24337331060508005,0,0.0
466,mMTC,304.5,195.5,609,609,48828278.0,80177.79638752053,609,1.0,163.11351535358247,0.26783828465284476,0.2870714559229702,0,0.0,97.3917220011038,0.15992072578177963,0.18156184703408124,0,0.0
467,mMTC,253.0,247.0,506,506,39545474.0,78153.11067193675,506,1.0,138.22896903207536,0.2731797806958011,0.2935939609582618,0,0.0,83.20877742489591,0.16444422415987334,0.18453423309150588,0,0.0
468,mMTC,251.0,249.0,502,502,39892126.0,79466.38645418327,502,1.0,137.1571738749739,0.2732214619023384,0.2906336628529542,0,0.0,83.67484195164043,0.16668295209490125,0.1860284073794118,0,0.0
469,eMBB,492.0,8.0,19,1948,290435317.06628424,149094.10527016644,18,0.9473684210526315,195.09340902585092,10.838522723658384,18.02617706448184,0,0.0,4.442022461553455,0.23379065587123446,0.24033045880580411,0,0.0
470,eMBB,491.25,8.75,16,1948,304058032.3894097,156087.28562084687,15,0.9375,192.06386765586495,12.804257843724331,18.71850092883335,0,0.0,3.6830590980056934,0.23019119362535584,0.23567104657367205,0,0.0
471,eMBB,493.25,6.75,16,1956,310668901.0602298,158828.68152363485,15,0.9375,188.40155045653623,12.560103363769082,17.9180813656149,0,0.0,3.624488789753283,0.2265305493595802,0.23336566901775307,0,0.0
472,eMBB,490.0,10.0,20,1939,282629780.4627301,145760.58817056735,19,0.95,190.62705305891762,10.033002792574612,16.92928707241074,0,0.0,4.804858554497409,0.24024292772487046,0.24246984295409763,0,0.0
473,eMBB,494.25,5.75,15,1961,287496226.4334012,146606.9487166758,14,0.9333333333333333,185.27884804186417,13.234203431561726,20.32941109355738,0,0.0,3.4906710399911978,0.23271140266607984,0.24388661853256152,0,0.0
474,mMTC,241.0,259.0,482,482,37128477.0,77030.03526970954,482,1.0,131.66069057625782,0.2731549597017797,0.28811292777717895,0,0.0,79.21497017112961,0.1643464111434224,0.18165748493418432,0,0.0
475,eMBB,491.5,8.5,25,1940,371329380.8107325,191406.89732511985,24,0.96,191.2147414544581,7.9672808939357544,14.818878752191377,0,0.0,5.6377241417982535,0.22550896567193013,0.23125127023438483,0,0.0
476,eMBB,488.5,11.5,20,1933,287524515.06628466,148745.222486438,19,0.95,193.890071356214,10.204740597695475,19.42600852366908,0,0.0,4.753903684688309,0.23769518423441544,0.24033273551526171,0,0.0
477,mMTC,254.25,245.75,509,508,41075685.0,80857.64763779528,508,0.9980353634577603,136.76883956489152,0.2692299991434873,0.29823981962387364,0,0.0,81.47616523121613,0.16007105153480575,0.19340213791447192,0,0.0
478,eMBB,492.25,7.75,20,1948,307378226.7569379,157791.6975138285,19,0.95,187.8350641396399,9.886056007349469,18.217032673203537,0,0.0,4.608608350743481,0.23043041753717403,0.23383468215819736,0,0.0
479,eMBB,490.0,10.0,18,1941,285619638.93508905,147150.76709690318,17,0.9444444444444444,193.83728432391516,11.40219319552442,19.128178951927676,0,0.0,4.2937008229994476,0.23853893461108042,0.2425409961378838,0,0.0
480,eMBB,493.75,6.25,18,1956,284764908.3729346,145585.3314790054,17,0.9444444444444444,193.40990303698948,11.37705311982291,18.228159704930906,0,0.0,4.259121922974802,0.23661788460971123,0.24392425744420657,0,0.0
481,mMTC,288.5,211.5,577,577,46537089.0,80653.53379549393,577,1.0,157.30197286555247,0.27262040357981365,0.2890795282909406,0,0.0,94.63380740538163,0.16401006482735117,0.1827321497360362,0,0.0
482,eMBB,494.5,5.5,24,1953,374487975.809747,191750.11562199026,23,0.9583333333333334,196.3470037144455,8.536826248454151,15.317663313909526,0,0.0,5.458948138263596,0.22745617242764982,0.231682897972153,0,0.0
483,URLLC,185.25,314.75,741,740,103453582.0,139802.13783783783,740,0.9986504723346828,46.12536523492661,0.06233157464179272,0.06440466189825943,0,0.0,1.8138172860570843,0.0024477966073644863,0.0031064919813579483,0,0.0
484,eMBB,491.0,9.0,18,1945,302624421.5789908,155590.96225140916,17,0.9444444444444444,191.82632112921078,11.283901242894752,18.519826437759992,0,0.0,4.074610520684906,0.22636725114916142,0.23530890505205548,0,0.0
485,mMTC,275.0,225.0,550,550,45349850.0,82454.27272727272,550,1.0,151.20590865866177,0.2749198339248396,0.2952017169598387,0,0.0,90.37154838379,0.16431190615234545,0.18527156749119383,0,0.0
486,eMBB,492.75,7.25,17,1953,288033530.12075144,147482.60630862848,16,0.9411764705882353,198.77379893457592,12.423362433410995,19.82672186744046,0,0.0,4.018919083091511,0.23640700488773594,0.24396930696611605,0,0.0
487,eMBB,491.5,8.5,21,1944,281057782.18492115,144577.04844903352,20,0.9523809523809523,198.44768343967354,9.922384171983676,19.228442287719226,0,0.0,4.934565130323776,0.2349792919201798,0.24376061322677128,0,0.0
488,URLLC,191.5,308.5,766,765,107036475.0,139916.96078431373,765,0.9986945169712794,47.241879455014896,0.061754090790869146,0.0632902404534851,0,0.0,2.0395596533584532,0.0026626105135227848,0.003552068977469479,0,0.0
489,eMBB,492.0,8.0,26,1941,371946006.8460261,191625.96952397018,25,0.9615384615384616,194.28109379638005,7.771243751855202,15.019338682616091,0,0.0,5.823278024007693,0.22397223169260358,0.23181809793935254,0,0.0
490,mMTC,242.0,258.0,484,484,39243578.0,81081.77272727272,484,1.0,129.07673796071825,0.26668747512545093,0.2848107161744661,0,0.0,77.51974760447877,0.1601647677778487,0.17862639617446618,0,0.0
491,eMBB,496.25,3.75,18,1966,305816281.9149801,155552.5340361038,17,0.9444444444444444,184.38434723807617,10.84613807282801,17.522504751993544,0,0.0,4.133244570972075,0.2296246983873375,0.2354001218230531,0,0.0
492,eMBB,491.0,9.0,18,1945,307417385.7269454,158055.211170666,17,0.9444444444444444,183.37143514011453,10.786555008242031,18.618667481615073,0,0.0,4.122991424729887,0.22905507915166037,0.2333418684181884,0,0.0
493,eMBB,492.0,8.0,18,1949,285934695.93483925,146708.41248580773,17,0.9444444444444444,189.2494802503894,11.132322367669966,18.82737056243019,0,0.0,4.209601898449204,0.23386677213606688,0.24306065934623028,0,0.0
494,mMTC,309.0,191.0,618,618,48833605.0,79018.7783171521,618,1.0,165.81411421604895,0.268307628181309,0.28827951892422593,0,0.0,99.09833505057877,0.16035329296210157,0.18322112781311478,0,0.0
495,eMBB,487.5,12.5,20,1929,287608610.59509856,149097.25795495,19,0.95,196.76628303896538,10.356120159945547,18.92636954140388,0,0.0,4.734550230735173,0.23672751153675864,0.24005459784421332,0,0.0
496,eMBB,490.0,10.0,22,1937,371746506.0245729,191918.69180411613,21,0.9545454545454546,194.8579448175814,9.278949753218162,14.715899666526404,0,0.0,4.948815119718476,0.22494614180538527,0.231759923839763,0,0.0
497,eMBB,490.5,9.5,21,1940,288028477.9556818,148468.28760602153,20,0.9523809523809523,195.59948244954006,9.779974122477004,17.42722177049778,0,0.0,4.97776404809305,0.23703638324252618,0.24038649790432964,0,0.0
498,eMBB,492.0,8.0,19,1948,302185911.86800283,155126.23812525813,18,0.9473684210526315,193.65098224105793,10.758387902280996,18.82102225057825,0,0.0,4.413586324196878,0.23229401706299357,0.23471248478438475,0,0.0
499,eMBB,491.25,8.75,15,1949,310596536.7951101,159361.99938179072,14,0.9333333333333333,189.04408157047135,13.503148683605096,18.017960248516033,0,0.0,3.456571391021509,0.23043809273476726,0.23249896806193646,0,0.0
500,eMBB,489.75,10.25,18,1940,284742543.74865746,146774.50708693685,17,0.9444444444444444,193.4971300488851,11.382184120522654,18.225226311889823,0,0.0,4.256892961600516,0.2364940534222509,0.24264701848904507,0,0.0
501,URLLC,176.75,323.25,707,707,99673952.0,140981.54455445544,707,1.0,43.70959546523959,0.061824038847580746,0.0636556931460344,0,0.0,1.7727106956241896,0.002507370149397722,0.0031573555783400995,0,0.0
502,eMBB,486.75,13.25,20,1926,287710064.19502705,149382.1724792456,19,0.95,194.55022684766863,10.239485623561507,19.625801754440186,0,0.0,4.721727981740958,0.23608639908704793,0.23987459714944206,0,0.0
503,eMBB,488.75,11.25,27,1927,368779197.88084626,191374.77835020563,26,0.9629629629629629,197.79602981448883,7.607539608249571,15.317525103563513,0,0.0,6.055342315783172,0.22427193762159894,0.23137179467248328,0,0.0
504,eMBB,496.25,3.75,16,1968,296409734.97858727,150614.702733022,15,0.9375,198.55277678122084,13.236851785414723,19.22638687214745,0,0.0,3.6726546239799043,0.22954091399874402,0.23944177474329517,0,0.0
505,eMBB,489.0,11.0,20,1935,298356788.6569143,154189.5548614544,19,0.95,189.28131871297364,9.962174669103876,17.22037698644616,0,0.0,4.659685656581728,0.2329842828290864,0.2354045497548691,0,0.0
506,eMBB,495.25,4.75,18,1962,312052900.3664525,159048.36919798804,17,0.9444444444444444,197.985049415546,11.646179377385058,18.516062867730625,0,0.0,4.04074913063715,0.22448606281317499,0.23390807546257736,0,0.0
507,eMBB,492.0,8.0,19,1948,285431350.5795992,146525.3339731002,18,0.9473684210526315,187.236728491659,10.402040471758832,19.82722975693989,0,0.0,4.508001450753459,0.23726323425018203,0.2439877413676263,0,0.0
508,URLLC,191.0,309.0,764,763,108305158.0,141946.47182175622,763,0.9986910994764397,47.20218279792399,0.06186393551497246,0.06370067999804374,0,0.0,1.975130311554869,0.0025852490988938076,0.0033732612000520875,0,0.0
509,eMBB,493.0,7.0,17,1955,294044526.9999992,150406.40767263388,16,0.9411764705882353,199.0392613592879,12.439953834955494,19.425496077733296,0,0.0,3.7354573815682097,0.21973278715107117,0.24010983293728194,0,0.0
510,eMBB,493.5,6.5,27,1946,372476581.0539233,191406.25953439018,26,0.9629629629629629,197.20710428327396,7.584888626279768,14.012700369839571,0,0.0,6.06553547357346,0.22464946198420221,0.2328149921878885,0,0.0
511,eMBB,495.75,4.25,17,1965,294612447.99924093,149929.998981802,16,0.9411764705882353,195.4407579786122,12.215047373663262,18.927406335078683,0,0.0,3.9738004562706446,0.23375296801592027,0.2395146337738686,0,0.0
512,mMTC,265.5,234.5,531,530,43104407.0,81329.06981132076,530,0.9981167608286252,142.58595789291925,0.2690301092319231,0.289402712449968,0,0.0,85.01366425942102,0.1601010626354445,0.18242639805224403,0,0.0
513,mMTC,256.0,244.0,512,511,40647497.0,79545.00391389432,511,0.998046875,140.91596620555063,0.27576510020655703,0.2975158112637234,0,0.0,84.75270389199792,0.16553262478905845,0.1855820522103771,0,0.0
514,URLLC,174.25,325.75,697,697,100416774.0,144069.9770444763,697,1.0,43.4371047281551,0.06232009286679354,0.0641890775532444,0,0.0,1.8565543212320126,0.00266363604193976,0.0034454422399741408,0,0.0
515,eMBB,493.5,6.5,17,1956,285867016.0653776,146148.7812195182,16,0.9411764705882353,193.41503847172103,12.088439904482565,19.83018454077825,0,0.0,4.05500674911065,0.23852980877121469,0.24338994840831404,0,0.0
516,mMTC,245.75,254.25,492,491,40080866.0,81631.0916496945,491,0.9979674796747967,134.46631316114704,0.27386214493105304,0.2946695111799524,0,0.0,81.09133665448032,0.16481978994813073,0.1879797884449097,0,0.0
517,eMBB,492.25,7.75,22,1946,375141245.05392313,192775.5627204127,21,0.9545454545454546,196.1621664828204,9.341055546800971,15.213455164812892,0,0.0,4.961061003020388,0.2255027728645631,0.23097966599101966,0,0.0
518,eMBB,490.75,9.25,20,1942,288497621.9782481,148556.962913619,19,0.95,191.37495659445682,10.07236613655036,17.928815323260057,0,0.0,4.647872741582915,0.23239363707914573,0.2410184624740764,0,0.0
519,eMBB,491.75,8.25,16,1950,305232298.28256804,156529.38373465027,15,0.9375,191.83091216826156,12.788727477884104,18.723293565167644,0,0.0,3.6585010221918224,0.2286563138869889,0.23627679714504646,0,0.0
520,URLLC,180.75,319.25,723,723,102666547.0,142000.75656984784,723,1.0,45.04541410626335,0.06230347732539883,0.06428218733899264,0,0.0,2.0944428854941157,0.002896878126547878,0.003942368376272134,0,0.0
521,eMBB,490.25,9.75,15,1945,287506696.6693587,147818.35304337207,14,0.9333333333333333,183.88197759026306,13.134426970733076,19.224078606878802,0,0.0,3.6071486563908164,0.2404765770927211,0.2440935457220992,0,0.0
522,eMBB,493.25,6.75,17,1955,285361124.68917227,145964.7696619807,16,0.9411764705882353,195.13342220746202,12.195838887966376,19.128274955392246,0,0.0,3.9761030318333384,0.2338884136372552,0.2433465814318062,0,0.0
523,eMBB,495.0,5.0,15,1964,295866410.29169345,150644.8117574814,14,0.9333333333333333,183.72430293192548,13.123164495137534,19.32241703932288,0,0.0,3.5382011413553656,0.23588007609035772,0.2396115160947255,0,0.0
524,mMTC,263.5,236.5,527,527,41950666.0,79602.78178368122,527,1.0,143.85868915038284,0.2729766397540471,0.290264886571289,0,0.0,87.7589436167718,0.1665255097092444,0.1863068616345345,0,0.0
525,URLLC,183.0,317.0,732,732,103122473.0,140877.69535519124,732,1.0,45.69088641377302,0.0624192437346626,0.06431316668928116,0,0.0,1.8873203749268535,0.0025783065231241168,0.003398427282392713,0,0.0
526,eMBB,492.0,8.0,15,1953,305180775.0000001,156262.5576036867,15,1.0,198.57727695056818,13.238485130037878,17.019062064135273,0,0.0,3.4727896033124823,0.23151930688749883,0.23549216719002986,0,0.0
527,eMBB,493.25,6.75,18,1954,310180642.0293028,158741.37258408536,17,0.9444444444444444,191.68630039816728,11.275664729303957,18.417923365861018,0,0.0,4.042127329348579,0.22456262940825442,0.23297303474903536,0,0.0
528,eMBB,496.25,3.75,15,1969,291900676.4310931,148248.18508435405,14,0.9333333333333333,182.45420741839064,13.032443387027902,19.729270524889994,0,0.0,3.4815803093278554,0.23210535395519036,0.24299346173101996,0,0.0
529,mMTC,291.0,209.0,582,582,46483563.0,79868.6649484536,582,1.0,156.48530044570668,0.268875086676472,0.28843676619739783,0,0.0,93.77878753698884,0.1611319373487781,0.1818734827785944,0,0.0
530,eMBB,491.25,8.75,20,1944,290079283.32950026,149217.7383382203,19,0.95,192.36227500808934,10.12433026358365,18.92672931158012,0,0.0,4.737805589951736,0.23689027949758681,0.24054618192640057,0,0.0
531,eMBB,492.25,7.75,24,1944,372398946.92018723,191563.24430050782,23,0.9583333333333334,196.49228735659187,8.543142928547473,14.44542072163932,0,0.0,5.418100494747226,0.22575418728113442,0.23143573328712144,0,0.0
532,mMTC,281.75,218.25,564,563,46368360.0,82359.43161634103,563,0.99822695035461,150.57594130598852,0.26745282647600094,0.28587178814389574,0,0.0,90.69239941026193,0.16080212661393958,0.17876383904243265,0,0.0
533,eMBB,494.25,5.75,19,1957,304387010.3894097,155537.5627947929,18,0.9473684210526315,193.56114053836603,10.75339669657589,18.922866618255387,0,0.0,4.329823668472342,0.2278854562353864,0.23679948077336632,0,0.0
534,mMTC,277.0,223.0,554,553,43996142.0,79559.02712477396,553,0.9981949458483754,152.50684420058832,0.2757809117551326,0.2985884063559989,0,0.0,91.70564310048334,0.1655336518059266,0.18814850088602292,0,0.0
535,eMBB,487.25,12.75,20,1928,282791125.96246964,146675.8952087498,19,0.95,190.6905811787145,10.036346377827078,19.726789880103794,0,0.0,4.683746788409534,0.2341873394204767,0.24358464272428496,0,0.0
536,mMTC,262.75,237.25,526,525,41605494.0,79248.56,525,0.9980988593155894,141.52351668866066,0.2695686032164965,0.29040171663492065,0,0.0,85.03426953891721,0.16166210938957645,0.18509649133577538,0,0.0
537,URLLC,199.5,300.5,798,798,112547168.0,141036.5513784461,798,1.0,49.36978152079359,0.06186689413633282,0.06338426791375325,0,0.0,2.2478643942551306,0.0028168726745051763,0.0038094873121477927,0,0.0
538,eMBB,495.75,4.25,24,1958,375134222.02457196,191590.5117592298,23,0.9583333333333334,197.34043007372736,8.580018698857712,14.717108986386148,0,0.0,5.368765493458658,0.22369856222744408,0.2304867452706649,0,0.0
539,eMBB,488.0,12.0,21,1930,286938584.9265303,148672.8419308447,20,0.9523809523809523,193.2413261886489,9.662066309432445,18.327286742268438,0,0.0,4.927555683621046,0.23464550874385934,0.2401145603867438,0,0.0
540,eMBB,493.0,7.0,19,1952,303491778.8682002,155477.34573165994,18,0.9473684210526315,198.4986598821174,11.0277033267843,18.219413924877507,0,0.0,4.369870634061161,0.22999319126637688,0.23592869530373745,0,0.0
541,mMTC,267.25,232.75,535,534,43265550.0,81021.62921348315,534,0.9981308411214953,147.50635126782876,0.27622912222439844,0.29598394115848586,0,0.0,88.76576739705934,0.16591732223749409,0.18802706698949911,0,0.0
542,mMTC,296.25,203.75,593,592,45696260.0,77189.62837837837,592,0.9983136593591906,157.5768196953938,0.2661770602962733,0.28544450266608196,0,0.0,93.8269979049664,0.15822427977228737,0.17679379360625289,0,0.0
543,eMBB,490.25,9.75,15,1945,285066044.7760097,146563.51916504354,14,0.9333333333333333,188.5061589165647,13.464725636897478,20.028094309101203,0,0.0,3.6257289197319977,0.24171526131546653,0.2434864806740575,0,0.0
544,eMBB,494.25,5.75,16,1960,293906278.6104449,149952.1829645127,15,0.9375,187.18091128402025,12.478727418934684,18.72481389327434,0,0.0,3.8086745436157594,0.23804215897598496,0.24015839896319466,0,0.0
545,mMTC,258.5,241.5,517,517,40494688.0,78326.2823984526,517,1.0,141.32580533998404,0.27335745713729986,0.29074311291873467,0,0.0,86.22623790998394,0.16678189150867298,0.18642687097429023,0,0.0
546,mMTC,247.5,252.5,495,495,38355063.0,77484.97575757575,495,1.0,132.2548662520432,0.2671815479839257,0.2844758666014267,0,0.0,79.66476243905193,0.16093891401828672,0.18347396608860617,0,0.0
547,eMBB,494.25,5.75,19,1957,303962227.40265566,155320.5045491342,18,0.9473684210526315,197.29046238122663,10.96058124340148,18.019831287823,0,0.0,4.362678341988439,0.2296146495783389,0.23603234309900975,0,0.0
548,mMTC,303.5,196.5,607,607,50289474.0,82849.215815486,607,1.0,167.93509846708153,0.27666408314181473,0.30426889162587656,0,0.0,101.22875304007302,0.1667689506426244,0.19570409504467992,0,0.0
549,eMBB,493.5,6.5,15,1958,290306214.9348394,148266.7083426146,14,0.9333333333333333,189.4541011828874,13.532435798777671,19.828499951657324,0,0.0,3.48337061047723,0.23222470736514866,0.2437253223674888,0,0.0
550,mMTC,285.0,215.0,570,569,46465111.0,81661.0035149385,569,0.9982456140350877,153.66695551489425,0.2700649481808335,0.2910206851819292,0,0.0,92.7223210828571,0.1626707387418546,0.18651315800244203,0,0.0
551,eMBB,494.25,5.75,18,1958,293467233.9228205,149881.1204917367,17,0.9444444444444444,198.96799109329913,11.703999476076419,19.526476850813168,0,0.0,4.222032496842659,0.23455736093570329,0.2401971100276775,0,0.0
552,mMTC,278.5,221.5,557,557,45158627.0,81074.7342908438,557,1.0,152.1805614974075,0.2732146525985772,0.29168763291873473,0,0.0,92.87623632435196,0.16674369178519205,0.18974494491615884,0,0.0
553,URLLC,187.5,312.5,750,750,106578683.0,142104.91066666666,750,1.0,46.86733113045266,0.06248977484060355,0.06464487842356796,0,0.0,2.022527910452689,0.0026967038806035852,0.003643741807345386,0,0.0
554,URLLC,193.0,307.0,772,771,107152469.0,138978.55901426717,771,0.9987046632124352,48.50602501205014,0.06291313231134908,0.06518748386874373,0,0.0,2.375141731920928,0.0030766084610374714,0.0039787902410525185,0,0.0
555,eMBB,490.5,9.5,20,1941,306829398.8090458,158078.00041681906,19,0.95,197.33546765816416,10.386077245166534,17.315496822941522,0,0.0,4.515658514116414,0.22578292570582068,0.23356100049420306,0,0.0
556,mMTC,270.5,229.5,541,540,42933850.0,79507.12962962964,540,0.9981515711645101,143.84081683766786,0.26637188303271825,0.28607935690878633,0,0.0,85.8880772449512,0.15875799860434603,0.17829973947288885,0,0.0
557,eMBB,492.0,8.0,19,1948,283401214.7743104,145483.1698020074,18,0.9473684210526315,189.50100488361994,10.527833604645553,19.430573413299832,0,0.0,4.470772163314177,0.23530379806916718,0.2439791943461842,0,0.0
558,eMBB,491.0,9.0,18,1945,291461426.1599389,149851.6329871151,17,0.9444444444444444,190.65096822135487,11.214762836550287,19.12459513166981,0,0.0,4.206476946631993,0.23369316370177737,0.24104028965315977,0,0.0
559,eMBB,484.0,16.0,24,1911,366894865.8413968,191991.03393061057,23,0.9583333333333334,185.1462185367527,8.049835588554465,14.811119965841117,0,0.0,5.375926220429779,0.22399692585124079,0.2320789208632948,0,0.0
560,eMBB,494.5,5.5,18,1959,292869161.1215491,149499.3165500506,17,0.9444444444444444,194.21382838725629,11.424342846309193,18.924618568604615,0,0.0,4.263597920710719,0.23686655115059552,0.24053467090698488,0,0.0
561,eMBB,493.75,6.25,21,1953,301832450.91287845,154548.10594617433,20,0.9523809523809523,181.3688678764488,9.06844339382244,18.419963837804357,0,0.0,4.8687322343204205,0.2318443921104962,0.2359973398191261,0,0.0
562,mMTC,232.0,268.0,464,463,35570097.0,76825.26349892009,463,0.9978448275862069,128.03203920010856,0.276527082505634,0.30075387351536553,0,0.0,77.379600756501,0.16676638094073493,0.18312142617799834,0,0.0
563,eMBB,494.5,5.5,19,1958,288481543.2863947,147334.80249560505,18,0.9473684210526315,183.86727276182918,10.214848486768288,19.029308196490998,0,0.0,4.4512565055289475,0.23427665818573407,0.24371086101263362,0,0.0
564,mMTC,232.5,267.5,465,465,37828781.0,81352.21720430108,465,1.0,125.44130515923499,0.26976624765426876,0.2901257587969784,0,0.0,75.5654054638504,0.1625062483093557,0.18529254370738502,0,0.0
565,mMTC,276.0,224.0,552,552,44704666.0,80986.71376811594,552,1.0,151.53549599718053,0.2745208260818488,0.29611323815082585,0,0.0,91.64972362555659,0.16603210801731266,0.1898218908003984,0,0.0
566,URLLC,189.25,310.75,757,756,103468546.0,136863.15608465608,756,0.9986789960369881,46.81850380837973,0.06192923784177213,0.06345947447534805,0,0.0,1.9808114508879489,0.00261665977660231,0.00324070978028901,0,0.0
567,mMTC,277.5,222.5,555,554,44559843.0,80432.92960288809,554,0.9981981981981982,148.28602267278924,0.2676643008534102,0.28777327930448965,0,0.0,89.60978690952642,0.16145907551266023,0.18382181776602807,0,0.0
568,eMBB,493.25,6.75,19,1953,302620528.078509,154951.62728034254,18,0.9473684210526315,186.6944045778416,10.371911365435643,16.92067357875175,0,0.0,4.3735386565640875,0.23018624508232038,0.23658226185257777,0,0.0
569,mMTC,289.0,211.0,578,578,47099852.0,81487.63321799308,578,1.0,160.3701541426793,0.2774570140876804,0.2963796863891053,0,0.0,97.0453460014829,0.16789852249391504,0.18717723310727286,0,0.0
570,eMBB,491.25,8.75,17,1947,287887425.00542533,147862.05701357234,16,0.9411764705882353,187.16650879915102,11.697906799946939,20.02787537265088,0,0.0,4.022274744199716,0.23660439671763037,0.24276413363586608,0,0.0
571,eMBB,492.0,8.0,18,1949,284863633.7797723,146158.86802451118,17,0.9444444444444444,196.6970500316106,11.570414707741799,20.229771205084244,0,0.0,4.355535312938492,0.24197418405213844,0.24353046973489462,0,0.0
572,eMBB,491.75,8.25,18,1948,291931299.9690987,149862.0636391677,17,0.9444444444444444,194.9551614574789,11.467950673969348,19.72591592160971,0,0.0,4.212572521931344,0.23403180677396357,0.24072702634029272,0,0.0
573,URLLC,165.75,334.25,663,662,92701323.0,140032.20996978853,662,0.9984917043740573,41.03794971106486,0.061990860590732416,0.06354974630868139,0,0.0,1.7897304244897563,0.002699442570874444,0.0034723416552890104,0,0.0
574,eMBB,493.5,6.5,19,1954,291901507.5215794,149386.6466333569,18,0.9473684210526315,196.54171269300198,10.91898403850011,19.327948750950974,0,0.0,4.40460613095386,0.23182137531336108,0.24060271200129169,0,0.0
575,eMBB,493.25,6.75,20,1952,302160424.11458355,154795.29923902845,19,0.95,198.3093825183345,10.437335922017605,17.82077067473457,0,0.0,4.602169429296575,0.23010847146482877,0.23512482535182283,0,0.0
576,eMBB,495.0,5.0,18,1961,312137684.2264442,159172.70995739123,17,0.9444444444444444,197.3824602212866,11.61073295419333,18.616333908883533,0,0.0,4.043583643417506,0.22464353574541698,0.2331101785856483,0,0.0
577,eMBB,495.75,4.25,16,1966,290865647.3811145,147947.93864756587,15,0.9375,192.38253846378657,12.825502564252439,19.92800340435954,0,0.0,3.7276173411906792,0.23297608382441745,0.24225664199074998,0,0.0
578,eMBB,497.0,3.0,18,1969,287730873.1543503,146130.45868682087,17,0.9444444444444444,198.47172973689783,11.674807631582226,18.63025537003928,0,0.0,4.23430920813863,0.23523940045214614,0.2440074850003096,0,0.0
579,mMTC,284.0,216.0,568,568,45793830.0,80622.94014084506,568,1.0,155.95725761238873,0.2745726366415295,0.2922202848386477,0,0.0,94.4648567217905,0.166311367467941,0.18656342979591262,0,0.0
580,mMTC,306.75,193.25,614,613,48925141.0,79812.62805872757,613,0.998371335504886,168.08893475964004,0.27420707138603595,0.29133982045149537,0,0.0,103.00674835436202,0.16776343380189254,0.18697566029314266,0,0.0
581,mMTC,300.25,199.75,600,600,47628861.0,79381.435,600,1.0,162.42740590014887,0.2707123431669148,0.512898023495174,0,0.0,98.66093424044787,0.16443489040074646,0.32761861349517396,0,0.0
582,eMBB,490.5,9.5,20,1941,301124152.56109476,155138.66695574176,19,0.95,195.26002110883073,10.27684321625425,18.8213353797074,0,0.0,4.555672661736495,0.22778363308682475,0.23514145000803904,0,0.0
583,eMBB,494.5,5.5,18,1959,310133117.2264438,158311.95366331996,17,0.9444444444444444,197.28416181850483,11.604950695206167,18.11923677807253,0,0.0,4.147232629621338,0.230401812756741,0.23359351191898164,0,0.0
584,eMBB,493.0,7.0,18,1953,287469299.15423244,147193.7015638671,17,0.9444444444444444,186.9392339547465,10.996425526749794,19.626983726808408,0,0.0,4.214214596879854,0.2341230331599919,0.24242851464533846,0,0.0
585,mMTC,279.25,220.75,559,558,46828409.0,83921.87992831541,558,0.998211091234347,151.06466639484384,0.2707252085929101,0.2904390789991098,0,0.0,91.24697233911736,0.16323250865673947,0.1868806646520106,0,0.0
586,eMBB,490.75,9.25,14,1948,295088538.01916814,151482.82239177008,13,0.9285714285714286,183.19764246592877,14.092126343532982,19.326254939170916,0,0.0,3.203070514210424,0.22879075101503027,0.23921247142927926,0,0.0
587,eMBB,495.0,5.0,26,1953,373949234.1592074,191474.2622422977,25,0.9615384615384616,196.98510301696842,7.879404120678737,15.014847066194003,0,0.0,5.8443719653680954,0.22478353712954213,0.23200869835648485,0,0.0
588,eMBB,490.0,10.0,17,1942,291316364.7216358,150008.42673616676,16,0.9411764705882353,187.48663690052132,11.717914806282582,19.826389066744273,0,0.0,3.9263092783156663,0.23095936931268626,0.24116539984624205,0,0.0
589,eMBB,492.0,8.0,18,1949,303694021.1543302,155820.43158251935,17,0.9444444444444444,187.81929480061106,11.048193811800651,18.82049766629198,0,0.0,4.085357099712214,0.2269642833173452,0.2351932431554532,0,0.0
590,mMTC,308.5,191.5,617,616,50643668.0,82213.74675324676,616,0.9983792544570502,171.09750292074767,0.2777556865596553,0.30053296520236966,0,0.0,103.79552218276885,0.16822612995586522,0.19127721676597909,0,0.0
591,eMBB,492.75,7.25,18,1952,286678214.6402099,146863.83946732065,17,0.9444444444444444,188.83229604432552,11.107782120254441,18.42723209328884,0,0.0,4.20587157558672,0.23365953197703998,0.2419616280949677,0,0.0
592,eMBB,492.5,7.5,19,1950,283994004.15625423,145637.95084936114,18,0.9473684210526315,195.2673484752294,10.848186026401633,18.529607236127177,0,0.0,4.543228436620064,0.2391172861378981,0.24355569999187357,0,0.0
593,eMBB,486.75,13.25,21,1925,287399038.73220664,149298.20193880863,20,0.9523809523809523,194.3974995783567,9.719874978917835,19.7254339938867,0,0.0,4.993682264184379,0.23779439353258947,0.240810360668448,0,0.0
594,eMBB,491.25,8.75,24,1940,371057154.24082035,191266.57435093832,23,0.9583333333333334,195.16155602785344,8.48528504468928,14.813929544399373,0,0.0,5.495219858007695,0.22896749408365394,0.2320901709277691,0,0.0
595,eMBB,491.0,9.0,18,1945,291937592.0150889,150096.44833680664,17,0.9444444444444444,196.51087644059598,11.559463320035057,19.62677961222467,0,0.0,4.1640231985587635,0.23133462214215353,0.24068610412863675,0,0.0
596,URLLC,160.75,339.25,643,643,90796864.0,141208.18662519442,643,1.0,40.50724997050021,0.06299727833670328,0.06541259719228816,0,0.0,2.079970858192501,0.003234791381325818,0.00453812793057096,0,0.0
597,mMTC,222.0,278.0,444,444,34442750.0,77573.76126126126,444,1.0,123.56561979429587,0.27830094548264833,0.30161913381098554,0,0.0,74.88806424933853,0.16866681137238407,0.18862440862596203,0,0.0
598,eMBB,492.75,7.25,17,1953,288172204.1279991,147553.6119447,16,0.9411764705882353,183.9958108375401,11.499738177346256,19.326111980880743,0,0.0,4.056640984187676,0.23862594024633388,0.24338583981907538,0,0.0
599,eMBB,490.25,9.75,18,1942,284718681.997665,146611.06179076468,17,0.9444444444444444,196.71162518862587,11.57127206991917,19.229673765789638,0,0.0,4.277206989492328,0.23762261052735154,0.24452425550372853,0,0.0
600,URLLC,170.5,329.5,682,682,93663036.0,137335.82991202347,682,1.0,42.25823651289365,0.06196222362594377,0.06362110394319707,0,0.0,2.032064946355211,0.002979567370022304,0.003974390569675383,0,0.0
601,mMTC,276.5,223.5,553,553,44830295.0,81067.44122965643,553,1.0,152.2630642183311,0.2753400799608157,0.29218921826218625,0,0.0,93.62604888138642,0.1693056941797223,0.19154323551583455,0,0.0
602,eMBB,495.75,4.25,18,1964,293694194.7693585,149538.79570741268,17,0.9444444444444444,197.1159460954122,11.595055652671306,18.723367717964617,0,0.0,4.169895443087833,0.2316608579493241,0.24130223239360085,0,0.0
603,eMBB,489.75,10.25,16,1941,297713289.2839365,153381.39581861746,15,0.9375,181.6068254043258,12.10712169362172,18.218177382406825,0,0.0,3.7349278583235987,0.23343299114522492,0.24294918190377834,0,0.0
604,eMBB,491.0,9.0,19,1944,308345527.7395806,158613.95459854967,18,0.9473684210526315,190.20340285206572,10.566855714003651,18.017258560698178,0,0.0,4.279236596388662,0.225222978757298,0.23320489044329623,0,0.0
605,eMBB,488.75,11.25,15,1939,285940900.5209498,147468.23131560071,14,0.9333333333333333,189.77177901669802,13.555127072621287,18.924957300127062,0,0.0,3.6083224177341924,0.24055482784894616,0.24205694576607428,0,0.0
606,eMBB,494.0,6.0,18,1957,284934778.39012265,145597.74061835598,17,0.9444444444444444,184.977185425095,10.88101090735853,19.02912703917741,0,0.0,4.341666166130483,0.24120367589613792,0.2450904628018557,0,0.0
607,mMTC,244.5,255.5,489,489,39085360.0,79929.16155419222,489,1.0,134.58609949751758,0.27522719733643675,0.2960087810424397,0,0.0,81.77219174845777,0.1672232960091161,0.188228925315944,0,0.0
608,eMBB,491.5,8.5,23,1942,372620532.90221936,191874.63074264643,22,0.9565217391304348,193.39868742936764,8.79084942860762,15.616306301990365,0,0.0,5.223084709115275,0.2270906395267511,0.23109036727622018,0,0.0
609,eMBB,493.5,6.5,15,1958,294318314.897362,150315.78901806026,14,0.9333333333333333,184.69215159250294,13.192296542321639,19.127939033257732,0,0.0,3.5095377315579386,0.23396918210386258,0.24084859373767636,0,0.0
610,eMBB,495.75,4.25,17,1965,306887848.00431824,156177.02188514924,16,0.9411764705882353,195.86016319116075,12.241260199447547,17.718365821744847,0,0.0,3.917077409123653,0.2304163181837443,0.2361971266543838,0,0.0
611,eMBB,489.25,10.75,19,1937,306485131.5147862,158226.7070288003,18,0.9473684210526315,192.79129087996742,10.710627271109301,18.316857744952323,0,0.0,4.369764915732502,0.2299876271438159,0.23360859382633653,0,0.0
612,mMTC,269.75,230.25,540,539,43850059.0,81354.4693877551,539,0.9981481481481481,144.14039837247884,0.2674218893738012,0.2877161349029898,0,0.0,86.18721605623945,0.15960595565970268,0.1803202699457248,0,0.0
613,URLLC,175.25,324.75,701,701,96455771.0,137597.39087018545,701,1.0,43.4844078828641,0.062031965596097145,0.063759868628295,0,0.0,1.9685665282487037,0.0028082261458612034,0.0037439785251013524,0,0.0
614,mMTC,236.0,264.0,472,472,38788691.0,82179.43008474576,472,1.0,130.16416226953345,0.2757715302320624,0.29357787947149816,0,0.0,79.17881890645647,0.16775173497130608,0.18721215639457503,0,0.0
615,eMBB,495.0,5.0,18,1960,359051667.475476,183189.62626299798,17,0.9444444444444444,190.13501564931698,11.18441268525394,18.329881975814548,0,0.0,4.085000108091928,0.22694445044955158,0.2439461005870303,0,0.0
616,mMTC,244.5,255.5,489,488,40399053.0,82784.94467213115,488,0.9979550102249489,131.2031665510005,0.26885894785041087,0.28731751319890136,0,0.0,79.58797500884566,0.16275659511011384,0.1826672499510381,0,0.0
617,eMBB,487.5,12.5,21,1928,298013425.50007516,154571.27878634603,20,0.9523809523809523,194.98903141680879,9.749451570840439,16.517153718072045,0,0.0,4.904483335792666,0.23354682551393646,0.23573109632781586,0,0.0
618,mMTC,276.0,224.0,552,552,45136235.0,81768.54166666667,552,1.0,153.6652930122084,0.2783791540076239,0.30257027759717436,0,0.0,93.30451803784938,0.16902992398161118,0.19009978798595722,0,0.0
619,eMBB,497.25,2.75,17,1971,290210334.25896543,147240.14929424934,16,0.9411764705882353,189.76003325293206,11.860002078308254,20.025577324500052,0,0.0,4.025907974135934,0.23681811612564316,0.24257955109545304,0,0.0
620,eMBB,492.5,7.5,17,1952,285629700.40742415,146326.69078249187,16,0.9411764705882353,197.030235340158,12.314389708759874,19.927469568983415,0,0.0,3.984660103863643,0.2343917708155084,0.2441564906618736,0,0.0
621,mMTC,235.5,264.5,471,471,37915612.0,80500.23779193206,471,1.0,129.9173690951729,0.27583305540376407,0.2971959854868842,0,0.0,79.08355642748066,0.16790563997341965,0.18968167266637137,0,0.0
622,mMTC,286.5,213.5,573,572,46574943.0,81424.72552447552,572,0.9982547993019197,157.25267347536666,0.2749172613205711,0.29338629728747534,0,0.0,96.72317656870217,0.16880135526824114,0.18987896256525308,0,0.0
623,eMBB,496.0,4.0,19,1964,293434158.73214227,149406.39446646755,18,0.9473684210526315,196.57842633825285,10.921023685458492,19.52529386098019,0,0.0,4.4517209122949115,0.2343011006471006,0.2411885079459339,0,0.0
624,mMTC,287.75,212.25,576,575,44629744.0,77616.94608695652,575,0.9982638888888888,155.743698191626,0.27085860555065394,0.29137749109768346,0,0.0,93.18979237213891,0.16178783397940782,0.1850440418669142,0,0.0
625,eMBB,490.5,9.5,19,1942,308130900.5147862,158666.78708279412,18,0.9473684210526315,193.27493905700894,10.737496614278275,18.518290949021505,0,0.0,4.355718522787139,0.2292483433045863,0.2346071638790869,0,0.0
626,eMBB,494.75,5.25,17,1961,288742458.59082526,147242.45721102768,16,0.9411764705882353,190.68755037196078,11.917971898247549,18.82595511095168,0,0.0,4.056573591539783,0.2386219759729284,0.24295465126480317,0,0.0
627,eMBB,496.0,4.0,16,1967,288529451.6117925,146685.0287807791,15,0.9375,190.40149370212134,12.693432913474757,19.927392847324324,0,0.0,3.743991032842559,0.23399943955265995,0.24408254916044284,0,0.0
628,URLLC,199.0,301.0,796,795,111381775.0,140102.86163522012,795,0.9987437185929648,49.312013414108186,0.0620276898290669,0.06363343262826986,0,0.0,2.464040156026595,0.003095527834204265,0.0041788482324245655,0,0.0
629,eMBB,492.0,8.0,26,1941,371951599.4717114,191628.85083550305,25,0.9615384615384616,198.71378405306822,7.948551362122729,14.816859807003327,0,0.0,5.886171827569645,0.22639122413729404,0.2312354852956374,0,0.0
630,URLLC,211.0,289.0,844,844,114329843.0,135461.89928909953,844,1.0,52.7957192658365,0.06255416974625178,0.06435659068424629,0,0.0,2.437260270067253,0.002887749135150774,0.0037473383207014405,0,0.0
631,mMTC,290.75,209.25,582,581,46390072.0,79845.21858864027,581,0.9982817869415808,157.57273148689495,0.27120952063148873,0.29158091241054424,0,0.0,94.5091048448437,0.1623867780839239,0.1848523366840485,0,0.0
632,mMTC,230.0,270.0,460,460,37828787.0,82236.49347826088,460,1.0,128.0461308941168,0.2783611541176452,0.3039188668237166,0,0.0,77.8048775665955,0.16914103818825107,0.18872370814915018,0,0.0
633,eMBB,489.25,10.75,17,1939,284705532.63678163,146831.11533614318,16,0.9411764705882353,192.83477898248057,12.052173686405036,19.9280013087859,0,0.0,4.103698758615565,0.24139404462444497,0.24298521092753064,0,0.0
634,eMBB,493.25,6.75,16,1956,286500643.8920504,146472.72182620162,15,0.9375,190.44680832116413,12.696453888077608,20.229372027954636,0,0.0,3.7904170285009835,0.23690106428131147,0.24424702863009864,0,0.0
635,eMBB,487.25,12.75,19,1929,288532833.8067819,149576.37833425708,18,0.9473684210526315,190.01064797821823,10.556147109901012,18.925183892749118,0,0.0,4.4838394323358965,0.23599154907031034,0.2393629985265345,0,0.0
636,eMBB,490.75,9.25,21,1941,374214784.4431024,192794.84000159835,20,0.9523809523809523,197.3126283780255,9.865631418901275,14.916476033150513,0,0.0,4.815852439513552,0.22932630664350248,0.23313131807831294,0,0.0
637,eMBB,491.75,8.25,18,1948,290715238.5299982,149237.80212012227,17,0.9444444444444444,182.85886006525666,10.756403533250392,19.124875223054588,0,0.0,4.220970515743473,0.2344983619857485,0.24092392641417074,0,0.0
638,eMBB,490.75,9.25,18,1944,302658457.69429946,155688.50704439273,17,0.9444444444444444,194.6967329789809,11.452748998763582,19.01797293859443,0,0.0,4.171622383156956,0.23175679906427535,0.23587341985574328,0,0.0
639,URLLC,208.0,292.0,832,832,116495790.0,140018.97836538462,832,1.0,51.969151265191144,0.062462922193739355,0.06457048921353035,0,0.0,2.580071823652729,0.0031010478649672224,0.004308387226193724,0,0.0
640,eMBB,495.0,5.0,18,1961,289938252.86742324,147852.24521541214,17,0.9444444444444444,199.53958704192033,11.737622767171784,19.427669559079973,0,0.0,4.223787634272006,0.234654868570667,0.24400347343493894,0,0.0
641,eMBB,494.75,5.25,19,1959,286265506.1849213,146128.3849846459,18,0.9473684210526315,199.48084525542976,11.082269180857208,19.729824098064874,0,0.0,4.46521760585154,0.23501145293955472,0.2433586329892015,0,0.0
642,mMTC,257.25,242.75,515,514,42032441.0,81775.17704280156,514,0.9980582524271845,141.8882033853808,0.2760470882984062,0.2979676619459756,0,0.0,86.44923845444076,0.16786259894066166,0.1911868657066594,0,0.0
643,URLLC,202.75,297.25,811,810,116788881.0,144183.8037037037,810,0.998766954377312,50.32519469945809,0.06212986999933097,0.06354963559028377,0,0.0,2.338967907644564,0.0028840541401289324,0.0037872810067831877,0,0.0
644,mMTC,300.5,199.5,601,600,47581017.0,79301.695,600,0.9983361064891847,161.52088505661803,0.2692014750943634,0.2894038903352572,0,0.0,98.28356887690936,0.16353339247405882,0.18595869751474434,0,0.0
645,eMBB,489.5,10.5,19,1938,300406439.4392876,155008.48268281095,18,0.9473684210526315,190.58344022405808,10.58796890133656,18.920002617704544,0,0.0,4.371694380418139,0.2300891779167442,0.23635224424672982,0,0.0
646,mMTC,293.0,207.0,586,585,47253885.0,80775.8717948718,585,0.9982935153583617,163.1672751466807,0.27891841905415504,0.3000444523200904,0,0.0,99.54851046327792,0.16987800420354593,0.19019723385855192,0,0.0
647,mMTC,270.25,229.75,541,540,42893859.0,79433.07222222222,540,0.9981515711645101,144.91093471821458,0.26835358281150845,0.28769780715062115,0,0.0,86.92202293428306,0.16066917363083746,0.17946152747164607,0,0.0
648,eMBB,496.25,3.75,20,1964,285382244.3865925,145306.64174470087,19,0.95,195.52908184190937,10.291004307468915,18.730361941990882,0,0.0,4.829771215773426,0.24148856078867129,0.24518146304075247,0,0.0
649,URLLC,194.0,306.0,776,775,110773811.0,142933.94967741935,775,0.9987113402061856,48.108766518215134,0.062075827765438886,0.06376024109165583,0,0.0,2.4806137528771424,0.003196667207315905,0.0044275900679193346,0,0.0
650,mMTC,291.75,208.25,584,583,47267731.0,81076.72555746141,583,0.9982876712328768,160.83985984160748,0.2758831215121912,0.29490376768956383,0,0.0,99.19638354994089,0.16985682114715905,0.19147788657845272,0,0.0
651,mMTC,280.0,220.0,560,560,45892030.0,81950.05357142857,560,1.0,150.96858033457568,0.26958675059745657,0.290385351189958,0,0.0,91.7822245061997,0.1638968294753566,0.18737536418141099,0,0.0
652,eMBB,487.75,12.25,19,1931,300346675.38048226,155539.44866933313,18,0.9473684210526315,187.68335562599862,10.426853090333257,18.22087140327686,0,0.0,4.376374335360377,0.2303354913347567,0.23628366986082916,0,0.0
653,eMBB,493.25,6.75,20,1952,309076077.3426069,158338.1543763355,19,0.95,197.6039701888096,10.400208957305768,18.11674398051888,0,0.0,4.499636645712094,0.2249818322856047,0.23378679263914476,0,0.0
654,mMTC,248.75,251.25,498,497,40164089.0,80813.05633802817,497,0.9979919678714859,133.3405114600904,0.2682907675253328,0.2883365534148121,0,0.0,79.96702732641513,0.16057636009320309,0.18223281050882917,0,0.0
655,eMBB,496.5,3.5,17,1968,288025831.4979318,146354.58917577835,16,0.9411764705882353,188.38462772292038,11.774039232682524,19.528194383134228,0,0.0,4.046467050061636,0.23802747353303744,0.24426796116311006,0,0.0
656,eMBB,493.25,6.75,17,1955,293232519.7322063,149991.05868655053,16,0.9411764705882353,196.37311667003675,12.273319791877297,18.823621932694245,0,0.0,3.92238634850509,0.23072860873559353,0.2404148194330248,0,0.0
657,eMBB,494.5,5.5,23,1954,375397268.03009695,192117.3326663751,22,0.9565217391304348,197.5304283191629,8.978655832689222,15.517691880049181,0,0.0,5.261565456585293,0.2287637155037084,0.23133680856755698,0,0.0
658,eMBB,493.5,6.5,21,1952,289628184.7693591,148375.09465643397,20,0.9523809523809523,196.58323000331876,9.829161500165938,19.525497121952576,0,0.0,4.884410947041289,0.23259099747815662,0.24083943205316263,0,0.0
659,mMTC,299.5,200.5,599,598,49733262.0,83165.98996655518,598,0.998330550918197,162.56225680180796,0.27184323879900996,0.2897088197483046,0,0.0,97.94573159805309,0.1635154116828933,0.18385091221464,0,0.0
660,eMBB,494.25,5.75,18,1958,310232085.20377856,158443.35301520868,17,0.9444444444444444,190.176293342449,11.18684078484994,18.319002005909102,0,0.0,4.1453161824649785,0.23029534347027658,0.233039637688348,0,0.0
661,eMBB,493.75,6.25,15,1959,290873534.3606336,148480.61988802123,14,0.9333333333333333,197.5437396244056,14.11026711602897,19.326793904707802,0,0.0,3.5869268745916103,0.23912845830610735,0.24271286649965942,0,0.0
662,eMBB,489.5,10.5,18,1939,282338931.86901885,145610.5888958323,17,0.9444444444444444,189.03345255822606,11.119614856366239,19.829654131053122,0,0.0,4.310754256105812,0.23948634756143403,0.24340474262788486,0,0.0
663,mMTC,283.25,216.75,565,564,45580258.0,80816.06028368794,564,0.9982300884955753,159.32482602229666,0.28249082628066785,2.5498327866769768,0,0.0,98.7290716956007,0.17474171981522246,2.440007438642789,0,0.0
664,mMTC,263.25,236.75,527,526,43772368.0,83217.42965779468,526,0.9981024667931688,145.13608473441232,0.2759241154646622,0.2945332515924242,0,0.0,89.46617761941224,0.16976504292108582,0.19162948770353533,0,0.0
665,eMBB,491.75,8.25,17,1949,292205085.4519585,149925.6467172696,16,0.9411764705882353,196.32833471028331,12.270520919392707,19.023625352421877,0,0.0,3.97875313793234,0.23404430223131412,0.2403975905292279,0,0.0
666,eMBB,494.25,5.75,19,1957,305342911.6943001,156026.01517337767,18,0.9473684210526315,196.13329486353734,10.896294159085407,18.217635343522822,0,0.0,4.3261331455125545,0.22769121818487129,0.2359087364165085,0,0.0
667,eMBB,493.75,6.25,20,1954,309610752.97994965,158449.7200511513,19,0.95,191.0178164929689,10.053569289103626,17.81695583092656,0,0.0,4.516933273653219,0.22584666368266096,0.2337909337293863,0,0.0
668,mMTC,268.0,232.0,536,536,42672498.0,79612.86940298507,536,1.0,143.83635598269467,0.2683514104154751,0.28892193467122224,0,0.0,86.34746999773729,0.1610960261151815,0.18210662697891455,0,0.0
669,eMBB,495.25,4.75,16,1964,287201416.08375806,146232.90024631267,15,0.9375,193.37523278202627,12.891682185468419,18.827084235011174,0,0.0,3.825492208230336,0.239093263014396,0.24390985793699743,0,0.0
670,mMTC,250.0,250.0,500,499,39444329.0,79046.75150300602,499,0.998,137.97645119251578,0.2765059142134585,0.29296003365177753,0,0.0,84.47480615607616,0.1689496123121523,0.18880168701292616,0,0.0
671,mMTC,280.5,219.5,561,561,43984849.0,78404.36541889483,561,1.0,155.17057273559385,0.27659638633795697,0.293896638636501,0,0.0,95.92292878698268,0.17098561281102082,0.19014771194992966,0,0.0
672,eMBB,486.5,13.5,20,1925,286857743.6370618,149017.00968159054,19,0.95,191.13729753060045,10.059857764768445,19.425441396059934,0,0.0,4.73012473699555,0.2365062368497775,0.24179883408423417,0,0.0
673,mMTC,242.5,257.5,485,485,39087394.0,80592.56494845361,485,1.0,132.18941857445589,0.27255550221537295,0.29263603193378324,0,0.0,79.68825129172077,0.1643056727664346,0.18667210748933877,0,0.0
674,mMTC,257.75,242.25,516,515,41451012.0,80487.40194174758,515,0.998062015503876,143.9077070694354,0.279432440911525,0.30280058654801895,0,0.0,87.78760758943525,0.17013102246014583,0.19374523680442918,0,0.0
675,eMBB,490.75,9.25,16,1946,286166935.90267044,147053.92389654185,15,0.9375,189.98203209373332,12.665468806248889,17.228207933386642,0,0.0,3.742607851513393,0.23391299071958707,0.24365538622371494,0,0.0
676,eMBB,488.75,11.25,18,1936,282758779.9313265,146053.08880750337,17,0.9444444444444444,184.94910312852176,10.879359007560103,19.52641742091722,0,0.0,4.229643021252674,0.23498016784737075,0.24433150917586033,0,0.0
677,eMBB,493.25,6.75,16,1956,293438335.46365887,150019.59890780106,15,0.9375,187.96204518304353,12.530803012202902,19.225303541270613,0,0.0,3.8003004120058663,0.23751877575036665,0.2395448174996641,0,0.0
678,eMBB,495.5,4.5,24,1957,374201839.81073207,191211.97741989375,23,0.9583333333333334,192.63950447546392,8.375630629367997,14.917009135155245,0,0.0,5.387518873635338,0.2244799530681391,0.23179358030629696,0,0.0
679,eMBB,490.25,9.75,18,1942,290215848.423969,149441.73451285734,17,0.9444444444444444,188.15716940699633,11.068068788646842,19.52708538156209,0,0.0,4.224971462433009,0.23472063680183386,0.24138090599836406,0,0.0
680,eMBB,492.75,7.25,19,1951,303690856.33568037,155659.07551803195,18,0.9473684210526315,196.98404888028148,10.943558271126749,18.71995837840252,0,0.0,4.380248765560879,0.23053940871373046,0.23537863250198068,0,0.0
681,eMBB,491.5,8.5,17,1948,309809766.07777315,159039.92098448315,16,0.9411764705882353,190.9586689910193,11.934916811938706,18.615716648257198,0,0.0,3.815141718335623,0.22442010107856605,0.23323303835689546,0,0.0
682,eMBB,490.0,10.0,14,1945,289864817.99923646,149030.7547553915,13,0.9285714285714286,184.02230786651023,14.15556214357771,19.525767319641826,0,0.0,3.254883304433666,0.2324916646024047,0.2432873171257703,0,0.0
683,eMBB,494.25,5.75,21,1955,284165455.27641577,145353.1740544326,20,0.9523809523809523,192.75677146627066,9.637838573313534,19.325635730959164,0,0.0,5.079098741808363,0.2418618448480173,0.24484703671297214,0,0.0
684,eMBB,493.0,7.0,16,1955,294574051.7759593,150677.26433552906,15,0.9375,184.9515988854986,12.330106592366574,18.9247740268786,0,0.0,3.6876220016917993,0.23047637510573746,0.24095512351173276,0,0.0
685,mMTC,256.5,243.5,513,512,41571577.0,81194.486328125,512,0.9980506822612085,141.84456671359973,0.2770401693624995,0.29941608311562173,0,0.0,87.98435329431554,0.17150946061270086,0.19377900256006622,0,0.0
686,eMBB,494.0,6.0,21,1954,291997136.3514033,149435.58666909073,20,0.9523809523809523,185.92634082114128,9.296317041057064,18.62534916971439,0,0.0,4.933318521949663,0.23491992961665062,0.24052063102758783,0,0.0
687,eMBB,490.0,10.0,23,1936,298946620.8747268,154414.57689810268,22,0.9565217391304348,194.50952177833298,8.841341899015136,17.81975711167265,0,0.0,5.264264371621348,0.22888105963571076,0.23588274370384602,0,0.0
688,mMTC,249.25,250.75,499,498,40833691.0,81995.36345381525,498,0.9979959919839679,139.5474636061133,0.28021579037372146,0.30498219021408074,0,0.0,85.4361224269681,0.17121467420234088,0.19354622821498624,0,0.0
689,URLLC,159.75,340.25,639,639,90067470.0,140950.6572769953,639,1.0,40.016063885048325,0.06262294817691444,0.06450374004982648,0,0.0,1.9269285212021616,0.0030155375918656676,0.0037496842655896975,0,0.0
690,eMBB,489.75,10.25,19,1939,283962915.66099817,146448.12566322752,18,0.9473684210526315,195.98162021027167,10.887867789459538,19.528048371190003,0,0.0,4.478642827424022,0.23571804354863277,0.2440210559268221,0,0.0
691,URLLC,153.5,346.5,614,613,84025304.0,137072.2740619902,613,0.998371335504886,38.111467127599816,0.06217205077911879,0.06387831053430093,0,0.0,2.054668784093591,0.003346366097872298,0.004493790775620895,0,0.0
692,mMTC,299.5,200.5,599,599,46913967.0,78320.47913188647,599,1.0,165.8964944175234,0.2769557502796718,0.3007599331156218,0,0.0,102.73079297807885,0.17150382801014832,0.19519566922673287,0,0.0
693,eMBB,492.5,7.5,20,1949,289784210.56311464,148683.53543515375,19,0.95,193.1002556171393,10.16317134827049,17.624527435912317,0,0.0,4.699173907613628,0.2349586953806814,0.24053589597980915,0,0.0
694,eMBB,488.0,12.0,18,1933,299958059.65100086,155177.47524624979,17,0.9444444444444444,183.31258763161887,10.783093390095228,18.719807908328775,0,0.0,4.194257470412514,0.23301430391180633,0.23699724981210507,0,0.0
695,eMBB,491.75,8.25,21,1945,306451721.3518465,157558.72563076942,20,0.9523809523809523,193.9298545488907,9.696492727444534,18.518779933950647,0,0.0,4.848008426117058,0.2308575441008123,0.23343399433246279,0,0.0
696,eMBB,490.75,9.25,18,1945,286027992.0,147058.09357326478,18,1.0,198.50389679600423,11.02799426644468,19.925501109987295,0,0.0,4.268101589974158,0.23711675499856433,0.24273868758907868,0,0.0
697,eMBB,492.75,7.25,17,1953,285856102.48501974,146367.6920046184,16,0.9411764705882353,195.7256534247666,12.232853339047912,19.927306300791887,0,0.0,3.9978541445896183,0.23516789085821285,0.24408831317206342,0,0.0
698,eMBB,490.75,9.25,20,1942,288872731.15674347,148750.11903024896,19,0.95,187.75425715258672,9.88180300803088,16.722936632305974,0,0.0,4.648074428736154,0.2324037214368077,0.24111301266878532,0,0.0
699,eMBB,486.5,13.5,29,1916,364859322.6236607,190427.6214110964,28,0.9655172413793104,197.2660052984962,7.045214474946293,13.518019934583705,0,0.0,6.5868891899231015,0.22713410999734832,0.2328107162848017,0,0.0
700,eMBB,491.5,8.5,18,1948,290961169.9999998,149364.05030800813,18,1.0,198.72662234174325,11.040367907874625,18.82385759600389,0,0.0,4.17394210984856,0.23188567276936445,0.24107791164183096,0,0.0
701,mMTC,245.0,255.0,490,490,39626039.0,80869.46734693878,490,1.0,133.75455756797675,0.2729684848326056,0.290953805315881,0,0.0,80.69256606301953,0.16467870625106026,0.1816115751111298,0,0.0
702,mMTC,251.5,248.5,503,503,41986859.0,83472.88071570576,503,1.0,141.14260848082756,0.28060160731774864,0.303682371976967,0,0.0,86.52584156937462,0.17201956574428354,0.19544031966927472,0,0.0
703,eMBB,495.25,4.75,19,1961,288295409.24133855,147014.4871194995,18,0.9473684210526315,199.36404671990016,11.075780373327786,19.42630566634212,0,0.0,4.573931438273919,0.24073323359336418,0.24371653247845512,0,0.0
704,eMBB,494.0,6.0,18,1957,284891338.34838504,145575.54335635414,17,0.9444444444444444,193.3485116986286,11.373441864625212,17.802090683695003,0,0.0,4.232912891224244,0.2351618272902358,0.24404439470090722,0,0.0
705,eMBB,493.0,7.0,18,1953,293072324.3384931,150062.63406988894,17,0.9444444444444444,188.86071444295482,11.109453790762048,19.424076264105377,0,0.0,4.229895528280599,0.23499419601558882,0.24142433347183323,0,0.0
706,eMBB,486.75,13.25,23,1923,369918108.37184083,192365.11095779555,22,0.9565217391304348,195.45764609847382,8.884438459021537,15.61758045533112,0,0.0,5.200028261004532,0.2260881852610666,0.2318664185180307,0,0.0
707,eMBB,494.25,5.75,19,1957,291116494.8595983,148756.51244741865,18,0.9473684210526315,187.9284389578201,10.440468830990007,18.12459085250296,0,0.0,4.413931198639106,0.2323121683494266,0.24147045578424822,0,0.0
708,mMTC,249.5,250.5,499,499,40371139.0,80904.08617234469,499,1.0,136.3637736498372,0.27327409549065573,0.29052115472665085,0,0.0,82.48860501906798,0.165307825689515,0.18286962139331758,0,0.0
709,eMBB,491.75,8.25,17,1949,308917408.3697216,158500.46606963652,16,0.9411764705882353,192.25721157590982,12.016075723494364,17.902285503996648,0,0.0,3.818338845025924,0.22460816735446612,0.23354196258249077,0,0.0
710,eMBB,490.0,10.0,18,1941,285738319.59082484,147211.9111750772,17,0.9444444444444444,188.82868240683678,11.107569553343339,19.426979213698726,0,0.0,4.224567205231248,0.23469817806840268,0.2437846417645952,0,0.0
711,eMBB,490.5,9.5,20,1941,281989715.6768684,145280.6366186854,19,0.95,191.50441726972002,10.079179856301053,19.62814994446894,0,0.0,4.718927388562494,0.2359463694281247,0.24457946182732693,0,0.0
712,URLLC,163.5,336.5,654,654,91258777.0,139539.4143730887,654,1.0,40.67674992230478,0.062196865324625046,0.06395916553803511,0,0.0,2.2520810965355715,0.003443549077271516,0.0047639004407798585,0,0.0
713,eMBB,493.0,7.0,21,1950,375329355.556425,192476.59259303845,20,0.9523809523809523,197.38210661271216,9.869105330635609,15.014562221893952,0,0.0,4.696176061460512,0.22362743149811962,0.2318395592845721,0,0.0
714,eMBB,492.75,7.25,17,1953,292268535.8595982,149651.06802846811,16,0.9411764705882353,187.07369948704854,11.692106217940534,19.324858234697043,0,0.0,3.9341245688108155,0.23141909228298915,0.24144187908371628,0,0.0
715,URLLC,162.0,338.0,648,647,91584203.0,141552.09119010819,647,0.9984567901234568,40.89876722157637,0.06321293233628496,0.06522469661824357,0,0.0,2.2598805430179563,0.0034874699737931425,0.004667754421823484,0,0.0
716,eMBB,494.5,5.5,19,1958,309730315.62225944,158187.08663036744,18,0.9473684210526315,185.8870055278546,10.32705586265859,17.215592666956347,0,0.0,4.380402422373599,0.23054749591439996,0.23309546669365178,0,0.0
717,eMBB,494.75,5.25,15,1963,290318672.68511015,147895.4012659756,14,0.9333333333333333,192.54169183126103,13.752977987947217,19.526430596296446,0,0.0,3.492379729001067,0.2328253152667378,0.2428293624389121,0,0.0
718,eMBB,492.25,7.75,20,1948,282788370.73322487,145168.5681382058,19,0.95,191.95355131279965,10.10281849014735,19.027931996845783,0,0.0,4.7718147101703945,0.23859073550851972,0.24411012243104668,0,0.0
719,eMBB,487.75,12.25,19,1931,288453535.691451,149380.39134720404,18,0.9473684210526315,189.09896847166752,10.505498248425972,18.924394419150296,0,0.0,4.4843710106361145,0.23601952687558497,0.2399956736640219,0,0.0
720,eMBB,489.75,10.25,25,1933,368871631.6464054,190828.57301935097,24,0.96,186.46358189377636,7.769315912240682,13.014327935882168,0,0.0,5.736552099874401,0.22946208399497603,0.231866010658813,0,0.0
721,mMTC,236.5,263.5,473,473,37675404.0,79652.01691331924,473,1.0,128.1630596850216,0.27095784288588076,0.2898942890932389,0,0.0,78.28914834211564,0.16551616985648127,0.18512283473426452,0,0.0
722,mMTC,304.0,196.0,608,608,48149102.0,79192.60197368421,608,1.0,165.96225712177113,0.27296423868712355,0.2927771704851314,0,0.0,100.33128823185663,0.16501856617081684,0.18568431817743908,0,0.0
723,eMBB,496.25,3.75,15,1969,314031387.50703573,159487.75393958137,14,0.9333333333333333,185.3282355359754,13.237731109712529,17.616512996056443,0,0.0,3.459642553632042,0.2306428369088028,0.23309584991880897,0,0.0
724,eMBB,493.0,7.0,19,1952,287068491.68511003,147063.7764780277,18,0.9473684210526315,192.35136619857036,10.686187011031686,20.128309144959086,0,0.0,4.464025118251686,0.23494869043429928,0.24390418061356262,0,0.0
725,eMBB,492.25,7.75,19,1949,283651066.8776337,145536.71979355245,18,0.9473684210526315,197.43482470396893,10.968601372442718,18.827473663718912,0,0.0,4.5414571902719185,0.23902406264589046,0.24467756492303258,0,0.0
726,mMTC,268.25,231.75,537,536,41514736.0,77452.86567164179,536,0.9981378026070763,148.988966901278,0.2779644904874589,0.29871446728797973,0,0.0,91.25659677444033,0.16993779660044753,0.1936098884845609,0,0.0
727,URLLC,159.5,340.5,638,638,88518310.0,138743.43260188086,638,1.0,39.70633084466028,0.06223562828316658,0.06379048606155649,0,0.0,1.9496527163269326,0.0030558820005124336,0.004125922572536746,0,0.0
728,mMTC,243.5,256.5,487,487,38217096.0,78474.52977412731,487,1.0,131.99544754540378,0.2710378799700283,0.2920602090667145,0,0.0,80.65848867429287,0.1656231800293488,0.1896736774427829,0,0.0
729,eMBB,490.5,9.5,18,1943,302659589.61029184,155769.21750401022,17,0.9444444444444444,189.91231312200304,11.171312536588415,18.821169537096495,0,0.0,4.097165946740282,0.2276203303744601,0.2360474238591873,0,0.0
730,eMBB,488.5,11.5,19,1934,305467014.47540814,157945.71586112108,18,0.9473684210526315,190.61569740117125,10.589760966731737,18.51675446836545,0,0.0,4.4069415643138825,0.2319442928586254,0.23448932868363315,0,0.0
731,mMTC,295.5,204.5,591,591,47388013.0,80182.76311336717,591,1.0,159.297691023083,0.2695392403097851,0.29041393905669105,0,0.0,96.02527901898046,0.16247932152111752,0.1842962782859236,0,0.0
732,eMBB,489.25,10.75,17,1939,283288525.8808904,146100.3227853999,16,0.9411764705882353,192.56587877331725,12.035367423332328,18.728631447248095,0,0.0,4.044055831929176,0.2378856371723045,0.244727017269818,0,0.0
733,eMBB,491.75,8.25,16,1950,293644465.93669116,150586.90560855958,15,0.9375,195.96619633348953,13.064413088899302,19.126306155255868,0,0.0,3.812102010684326,0.2382563756677704,0.24152108241397202,0,0.0
734,eMBB,492.25,7.75,23,1945,373090913.1732588,191820.52091170117,22,0.9565217391304348,195.01265639308028,8.864211654230921,14.713956735622357,0,0.0,5.155073309303076,0.22413362214361202,0.2328133704826613,0,0.0
735,eMBB,488.0,12.0,21,1930,286098748.8551389,148237.69370732585,20,0.9523809523809523,194.2804672850959,9.714023364254796,19.410909383384293,0,0.0,4.997344152816428,0.23796876918173465,0.24115130030106172,0,0.0
736,eMBB,493.75,6.25,25,1949,299751509.8682,153797.59357013853,24,0.96,199.4991436273665,8.312464317806937,16.817663760948506,0,0.0,5.789209058656547,0.23156836234626188,0.23705484971993565,0,0.0
737,eMBB,487.75,12.25,20,1930,304875702.6234167,157966.68529710712,19,0.95,193.51233675074536,10.184859828986598,16.618169104168906,0,0.0,4.524669822367325,0.22623349111836624,0.2345787145270632,0,0.0
738,eMBB,487.75,12.25,18,1932,283315951.74291337,146643.8673617564,17,0.9444444444444444,184.34217407240766,10.843657298376922,19.32692990158698,0,0.0,4.342029932816842,0.2412238851564912,0.24385977403861098,0,0.0
739,eMBB,495.0,5.0,20,1959,285073147.7518228,145519.72830618828,19,0.95,199.20443394015132,10.484443891586912,20.129814056499384,0,0.0,4.725855768779892,0.23629278843899462,0.24517800788350227,0,0.0
740,mMTC,276.5,223.5,553,552,44121092.0,79929.51449275362,552,0.9981916817359855,153.30994172675312,0.2777354016789006,0.3000444944843397,0,0.0,94.23191188208142,0.17040128730936965,0.19512030747579262,0,0.0
741,eMBB,490.0,10.0,21,1938,372936767.77322614,192433.83270032308,20,0.9523809523809523,191.96424732114505,9.598212366057252,15.41487371004545,0,0.0,4.78137429571699,0.2276844902722376,0.23285952155459852,0,0.0
742,eMBB,493.5,6.5,18,1955,291750701.59371376,149233.09544435487,17,0.9444444444444444,181.4856764192101,10.675628024659417,19.425566790194384,0,0.0,4.264989993388231,0.2369438885215684,0.24109444008505052,0,0.0
743,eMBB,488.5,11.5,21,1932,298741768.9290848,154628.24478731095,20,0.9523809523809523,194.76925273769677,9.738462636884838,18.719626925348738,0,0.0,4.901515360417551,0.2334054933532167,0.23602320034246005,0,0.0
744,eMBB,490.0,10.0,19,1940,307626072.09620124,158570.14025577385,18,0.9473684210526315,192.40183481157865,10.688990822865481,18.302815898020008,0,0.0,4.29992591022239,0.22631189001170474,0.2335768123115534,0,0.0
745,eMBB,493.75,6.25,20,1954,286551857.0054251,146648.85210103638,19,0.95,188.47149542163186,9.919552390612203,20.02577159719136,0,0.0,4.701290363992138,0.2350645181996069,0.2429418206701996,0,0.0
746,eMBB,493.0,7.0,18,1953,285485479.1270983,146177.92069999914,17,0.9444444444444444,195.95635541692744,11.52684443628985,19.42054676738437,0,0.0,4.353638237701832,0.24186879098343508,0.2451927868568943,0,0.0
747,eMBB,494.5,5.5,16,1961,294565063.80350256,150211.659257268,15,0.9375,186.22326668736503,12.414884445824335,19.2228714443192,0,0.0,3.770190214488943,0.23563688840555894,0.2411719509201003,0,0.0
748,eMBB,490.25,9.75,19,1941,374429159.5449919,192905.28570066558,18,0.9473684210526315,196.22613870386348,10.901452150214638,14.615367678292023,0,0.0,4.319061549337339,0.2273190289124915,0.23153915921521473,0,0.0
749,eMBB,495.25,4.75,17,1963,294984026.74770856,150272.0462290925,16,0.9411764705882353,188.57728240218822,11.786080150136764,19.225504102967093,0,0.0,4.042102222712929,0.23777071898311347,0.24209890875814166,0,0.0
750,eMBB,493.75,6.25,19,1955,303526589.29416317,155256.5674138942,18,0.9473684210526315,197.7947874215684,10.988599301198244,17.01981421844364,0,0.0,4.4019455966971295,0.23168134719458577,0.23555546754672085,0,0.0
751,mMTC,247.5,252.5,495,494,37130443.0,75162.84008097165,494,0.997979797979798,138.81725046375797,0.28100657988614974,0.3080121434215819,0,0.0,85.387333475665,0.17249966358720203,0.19955392666944508,0,0.0
752,eMBB,494.5,5.5,15,1962,290560788.1030637,148094.18353876844,14,0.9333333333333333,195.84514084731987,13.988938631951418,19.127076518437683,0,0.0,3.5012941075103616,0.23341960716735743,0.24300962043155994,0,0.0
753,eMBB,494.5,5.5,17,1960,286528411.22759247,146187.964912037,16,0.9411764705882353,194.4748316180481,12.154676976128007,19.129152929424222,0,0.0,4.056053834670313,0.23859140203943016,0.24435975870186094,0,0.0
754,mMTC,257.5,242.5,515,515,41987281.0,81528.70097087379,515,1.0,143.10267312158547,0.2778692681972533,0.2995855911297191,0,0.0,87.81763630825209,0.1705196821519458,0.19358889882202673,0,0.0
755,eMBB,491.75,8.25,21,1945,373987643.83715755,192281.5649548368,20,0.9523809523809523,193.88503911940907,9.694251955970454,15.313434698389106,0,0.0,4.709015313697699,0.2242388244617952,0.23297098941727945,0,0.0
756,eMBB,495.0,5.0,20,1959,291306956.7511699,148701.86664174063,19,0.95,194.93314473701327,10.259639196684908,17.22661477330244,0,0.0,4.743695027274202,0.23718475136371012,0.2420880114404038,0,0.0
757,URLLC,179.0,321.0,716,715,98165558.0,137294.48671328672,715,0.9986033519553073,45.25223126728067,0.06328983394025268,0.06580161215317744,0,0.0,2.5819278237366268,0.0036060444465595347,0.004979389847233424,0,0.0
758,eMBB,486.75,13.25,24,1922,301050886.057665,156634.17588848335,23,0.9583333333333334,193.52942367144095,8.414322768323519,15.91915824824048,0,0.0,5.504854501792663,0.22936893757469431,0.23410388525394016,0,0.0
759,mMTC,307.25,192.75,615,614,49066837.0,79913.41530944625,614,0.9983739837398374,165.77099085886553,0.2699853271317028,0.2918503903932363,0,0.0,100.21613583322447,0.16295306639548696,0.18598167101579333,0,0.0
760,URLLC,199.75,300.25,799,799,112758675.0,141124.74968710888,799,1.0,49.79764688881599,0.06232496481704129,0.06395307835513449,0,0.0,2.5111293053544803,0.003142840181920501,0.004030431977446878,0,0.0
761,mMTC,284.0,216.0,568,567,46604928.0,82195.64021164022,567,0.9982394366197183,158.04679960253077,0.2787421509744811,0.3007165473690353,0,0.0,97.54658825030671,0.1717369511449062,0.1950055654886934,0,0.0
762,eMBB,493.75,6.25,22,1952,375089888.8660818,192156.7053617222,21,0.9545454545454546,188.9778328971449,8.998944423673567,15.212174908041368,0,0.0,5.018612391257537,0.22811874505716076,0.23296102667447385,0,0.0
763,URLLC,201.25,298.75,805,805,110949349.0,137825.27826086956,805,1.0,50.58618084721628,0.0628399762077221,0.06476337480714056,0,0.0,2.5604624872163066,0.0031806987418836106,0.004190837268798271,0,0.0
764,eMBB,489.75,10.25,20,1938,300361020.43556255,154985.04666437695,19,0.95,187.63796773808232,9.875682512530648,18.793787896826863,0,0.0,4.657974315638074,0.23289871578190371,0.23632180566969696,0,0.0
765,mMTC,264.0,236.0,528,528,43809009.0,82971.60795454546,528,1.0,148.60352809094758,0.28144607592982496,0.3063281469423772,0,0.0,91.34807718701612,0.17300772194510627,0.19710063951739543,0,0.0
766,eMBB,490.25,9.75,20,1940,285056611.66464007,146936.39776527838,19,0.95,192.17743744598914,10.114601970841534,19.726298725559136,0,0.0,4.711674763776215,0.23558373818881076,0.2434658795963229,0,0.0
767,eMBB,490.5,9.5,19,1942,282978155.18492085,145714.80699532485,18,0.9473684210526315,197.82391657674276,10.99021758759682,18.62820033849564,0,0.0,4.5369990530630995,0.23878942384542629,0.24476243682773094,0,0.0
768,eMBB,495.75,4.25,19,1963,294228930.7356084,149887.38193357535,18,0.9473684210526315,183.0182390284846,10.167679946026922,19.824939258033968,0,0.0,4.409733912378782,0.2320912585462517,0.24160523393194103,0,0.0
769,mMTC,268.5,231.5,537,536,41730320.0,77855.07462686567,536,0.9981378026070763,149.338200762288,0.27861604619829855,0.29789651128801853,0,0.0,93.00669852309248,0.1731968315141387,0.19267696070434723,0,0.0
770,URLLC,178.25,321.75,713,713,98770834.0,138528.51893408134,713,1.0,44.83571349487847,0.06288318863236812,0.06493082982252518,0,0.0,2.337724924109249,0.0032787165836034343,0.004410950400808597,0,0.0
771,mMTC,301.0,199.0,602,602,48099322.0,79899.20598006644,602,1.0,164.8132097635974,0.2737760959528196,0.2917554702926269,0,0.0,100.00572620940922,0.16612246878639406,0.18495855622057014,0,0.0
772,mMTC,298.25,201.75,597,596,48014237.0,80560.80033557047,596,0.998324958123953,167.96289520038246,0.2818169382556753,0.30391090242337837,0,0.0,103.36539144448496,0.17314135920349238,0.1985173061840621,0,0.0
773,mMTC,279.5,220.5,559,558,45490342.0,81523.91039426523,558,0.998211091234347,150.8595559033525,0.27035762706693994,0.2905605687450594,0,0.0,91.42969317008684,0.16355937955292815,0.1831999475484783,0,0.0
774,eMBB,491.0,9.0,17,1946,284309783.99506533,146099.58067577868,16,0.9411764705882353,186.76456376116806,11.672785235073004,19.729012312973875,0,0.0,4.048250871505938,0.23813240420623163,0.24567993504622504,0,0.0
775,eMBB,487.75,12.25,20,1930,287429508.61044526,148927.20653390946,19,0.95,184.9844518726942,9.736023782773378,19.624314317768373,0,0.0,4.691490442600246,0.23457452213001231,0.24073600338593756,0,0.0
776,mMTC,285.5,214.5,571,570,45664951.0,80113.94912280701,570,0.9982486865148862,158.98570922149753,0.27892229687982023,0.2991565276769075,0,0.0,99.17780772146853,0.1736914320866349,0.19547567222720233,0,0.0
777,eMBB,487.5,12.5,17,1932,289751215.4519591,149974.7491987366,16,0.9411764705882353,194.62500038094905,12.164062523809315,19.423381441728633,0,0.0,3.9932798353140706,0.23489881384200414,0.2417030801027672,0,0.0
778,URLLC,212.75,287.25,851,851,117066118.0,137563.00587544066,851,1.0,53.88412754261167,0.06331859875747553,0.06594264330130546,0,0.0,3.1467994453040053,0.0036977666807332613,0.004976154590667494,0,0.0
779,eMBB,490.75,9.25,17,1945,309100321.4754078,158920.4737662765,16,0.9411764705882353,191.19454085286156,11.949658803303848,18.61618745179546,0,0.0,3.8639097081936,0.2272888063643294,0.23417928003095,0,0.0
780,mMTC,291.75,208.25,584,583,47288523.0,81112.38936535163,583,0.9982876712328768,157.75073445162647,0.2705844501743164,0.2931986189326053,0,0.0,95.63154749196833,0.16375264981501428,0.18729734747961377,0,0.0
781,eMBB,487.5,12.5,20,1929,279873959.7571424,145087.58929867414,19,0.95,189.95115704519034,9.997429318167912,19.726343254662645,0,0.0,4.7831192249090355,0.23915596124545177,0.24534498119620612,0,0.0
782,eMBB,496.5,3.5,21,1964,292328932.25106937,148843.65185899663,20,0.9523809523809523,189.065038699862,9.4532519349931,18.324694753656466,0,0.0,4.885171199844403,0.23262719999259063,0.24066408938900602,0,0.0
783,eMBB,488.0,12.0,23,1928,370733172.2408213,192288.98975146332,22,0.9565217391304348,193.67093716291544,8.803224416496157,15.116146567929889,0,0.0,5.224584273615091,0.2271558379832648,0.23208402473303671,0,0.0
784,eMBB,493.0,7.0,16,1955,293459730.71254075,150107.27913684948,15,0.9375,184.3473975544176,12.28982650362784,19.724283635078475,0,0.0,3.802115122135049,0.23763219513344055,0.2408100518119095,0,0.0
785,eMBB,496.0,4.0,19,1964,305146679.6063935,155369.99979958936,18,0.9473684210526315,195.49917084250333,10.861065046805741,18.418399456065043,0,0.0,4.408717960130979,0.2320377873753147,0.23621014023900222,0,0.0
786,URLLC,184.25,315.75,737,737,105437280.0,143062.79511533244,737,1.0,46.2135188257233,0.06270491021129349,0.06471209802912802,0,0.0,2.5122005688001847,0.0034086846252376997,0.004524840774179028,0,0.0
787,mMTC,243.75,256.25,488,487,39192502.0,80477.41683778234,487,0.9979508196721312,131.89230253037005,0.27082608322457913,0.28639620256021897,0,0.0,79.99560869173762,0.1639254276470033,0.18198923869451836,0,0.0
788,eMBB,493.5,6.5,15,1959,287447763.00000006,146731.88514548243,15,1.0,199.2319083545042,13.282127223633614,20.02782722140106,0,0.0,3.5615156539228803,0.23743437692819203,0.24427301374969032,0,0.0
789,eMBB,496.25,3.75,20,1964,293956951.7322065,149672.58234837398,19,0.95,197.94505992704023,10.41816104879159,17.422523036586437,0,0.0,4.652776913242509,0.23263884566212548,0.2417267277453501,0,0.0
790,eMBB,486.25,13.75,24,1920,367957132.5963999,191644.33989395827,23,0.9583333333333334,193.9013774771368,8.430494672918991,15.215092155635071,0,0.0,5.4737105617858735,0.22807127340774472,0.232133932602391,0,0.0
791,URLLC,203.5,296.5,814,814,116812463.0,143504.2542997543,814,1.0,51.21067277592975,0.06291237441760411,0.06489919866393405,0,0.0,2.7637270363142896,0.003395242059354164,0.004670691774560699,0,0.0
792,eMBB,491.75,8.25,19,1947,301750787.17126256,154982.4279256613,18,0.9473684210526315,187.91799604569337,10.439888669205187,18.519823704683194,0,0.0,4.325577547055094,0.2276619761607944,0.23617954122154286,0,0.0
793,mMTC,275.5,224.5,551,550,45097032.0,81994.60363636364,550,0.9981851179673321,155.09943441047614,0.28199897165541116,0.3092028123788467,0,0.0,95.82017871164852,0.17390232071079587,0.20108281716517157,0,0.0
794,eMBB,492.5,7.5,20,1949,284682892.6005561,146066.1326837127,19,0.95,183.88164055330634,9.677981081752966,15.427094957636317,0,0.0,4.816551878707092,0.24082759393535458,0.24447083502062467,0,0.0
795,eMBB,492.0,8.0,18,1949,284899578.4295932,146177.310636015,17,0.9444444444444444,192.49608378308383,11.323299046063754,20.327174570655565,0,0.0,4.3009186236469255,0.2389399235359403,0.24496090792643918,0,0.0
796,mMTC,254.0,246.0,508,507,39428559.0,77768.36094674557,507,0.9980314960629921,141.44169639492748,0.27897770492096147,0.29849772838388267,0,0.0,87.33532132521458,0.17191992386853264,0.19287928937412166,0,0.0
797,eMBB,489.0,11.0,20,1935,372070380.0046834,192284.43411094748,19,0.95,186.46231197294327,9.813805893312804,14.711966522624694,0,0.0,4.578371768447838,0.22891858842239193,0.2317424222389418,0,0.0
798,eMBB,493.75,6.25,20,1954,289941631.8648093,148383.63964422172,19,0.95,190.74380676329878,10.039147724384145,17.025847440529482,0,0.0,4.659088169487763,0.23295440847438814,0.24089066525719313,0,0.0
799,eMBB,492.75,7.25,22,1948,302020952.9939021,155041.55697838916,21,0.9545454545454546,195.6732544888202,9.317774023277153,17.81831206007878,0,0.0,5.031670033081734,0.22871227423098792,0.23629498521182815,0,0.0
800,eMBB,497.0,3.0,17,1970,312817187.6153015,158790.45056614288,16,0.9411764705882353,199.65328818027237,12.478330511267023,18.41867128989445,0,0.0,3.826382945872433,0.22508134975720195,0.23375261068946315,0,0.0
801,eMBB,492.25,7.75,18,1950,287147903.0298784,147255.33488711712,17,0.9444444444444444,190.47329284914983,11.204311344067637,19.22518959863532,0,0.0,4.282481881888577,0.23791566010492093,0.24451732061006437,0,0.0
802,mMTC,296.0,204.0,592,592,48525528.0,81968.7972972973,592,1.0,161.78434429221412,0.2732843653584698,0.29266235386168277,0,0.0,98.44494338896624,0.16629213410298352,0.18739413334886218,0,0.0
803,mMTC,303.75,196.25,608,607,48507365.0,79913.2866556837,607,0.9983552631578947,169.2054709129663,0.2787569537281158,0.29984212325567755,0,0.0,104.32805390441929,0.17159219392174227,0.19350536815084327,0,0.0
804,mMTC,257.75,242.25,516,515,41402680.0,80393.55339805825,515,0.998062015503876,143.78323843226198,0.2791907542374019,0.30039030723573573,0,0.0,89.58486009698399,0.17361406995539533,0.19415394810585734,0,0.0
805,eMBB,492.0,8.0,18,1949,291129634.74770784,149373.85056321594,17,0.9444444444444444,187.33712099062961,11.019830646507625,19.624782378239328,0,0.0,4.224009146383977,0.2346671747991098,0.24126385216852286,0,0.0
806,URLLC,199.25,300.75,797,797,113235324.0,142076.9435382685,797,1.0,50.53882429036336,0.06341132282354248,0.06594409516235171,0,0.0,3.0769175957479287,0.0038606243359447035,0.005263892270164739,0,0.0
807,eMBB,486.5,13.5,22,1923,304488152.1166773,158340.1727075805,21,0.9545454545454546,193.87747582197878,9.23226075342756,18.216961241571386,0,0.0,5.030648780207659,0.22866585364580266,0.2333673012372012,0,0.0
808,mMTC,282.5,217.5,565,564,43736532.0,77547.0425531915,564,0.9982300884955753,152.98822679597762,0.27125572126946385,0.29402145707078586,0,0.0,93.15882928888833,0.1648828836971475,0.18879604749813633,0,0.0
809,eMBB,493.0,7.0,17,1954,285469020.86158615,146094.68826079127,16,0.9411764705882353,190.61978587822816,11.91373661738926,19.928004173975406,0,0.0,4.010955128150041,0.23593853695000241,0.24544942818635623,0,0.0
810,mMTC,293.75,206.25,588,587,45750522.0,77939.56047700171,587,0.9982993197278912,164.1699538548825,0.2796762416607879,0.30235958754343417,0,0.0,101.57343675881424,0.1727439400660106,0.1968252138682205,0,0.0
811,eMBB,491.0,9.0,23,1940,371427507.2159753,191457.47794637902,22,0.9565217391304348,188.89458295623902,8.586117407101774,14.701150889555729,0,0.0,5.156009298749207,0.22417431733692203,0.23271608016832762,0,0.0
812,eMBB,494.0,6.0,16,1959,293823816.8720008,149986.6344420627,15,0.9375,185.26200346827332,12.350800231218221,19.824615630117787,0,0.0,3.821170373339965,0.23882314833374782,0.24091573203530905,0,0.0
813,mMTC,275.5,224.5,551,551,43540579.0,79021.01451905626,551,1.0,151.31058323387026,0.2746108588636484,0.29303011520159966,0,0.0,92.04692457882746,0.16705430958044912,0.1864079100733945,0,0.0
814,eMBB,491.75,8.25,15,1951,311209261.31893,159512.69160375703,14,0.9333333333333333,192.32921458067864,13.737801041477045,18.31747681315416,0,0.0,3.476095852949842,0.23173972352998945,0.23423599727344724,0,0.0
815,eMBB,486.5,13.5,18,1927,283272692.6530939,147001.91627041716,17,0.9444444444444444,192.74618102009634,11.338010648240962,19.92806208069921,0,0.0,4.356108828738333,0.2420060460410185,0.24443852219493414,0,0.0
816,mMTC,304.0,196.0,608,608,49552729.0,81501.1990131579,608,1.0,166.01116481483413,0.27304467897176665,0.2932939238076587,0,0.0,100.97906715910779,0.16608399203800622,0.19079622128813203,0,0.0
817,eMBB,496.25,3.75,19,1965,293275863.4106943,149249.80326243985,18,0.9473684210526315,199.51133535860316,11.083963075477953,18.02492740702514,0,0.0,4.40914334976505,0.23206017630342368,0.23994476927131658,0,0.0
818,eMBB,482.25,17.75,27,1901,363316040.6610288,191118.3801478321,26,0.9629629629629629,193.65863685224824,7.448409109701855,14.713262567802946,0,0.0,6.086554558495134,0.2254279466109309,0.23224327383269128,0,0.0
819,mMTC,266.5,233.5,533,533,42416514.0,79580.70168855535,533,1.0,144.91611660720068,0.271887648418763,0.2869185122624379,0,0.0,88.85024338908102,0.1666983928500582,0.18453357775254248,0,0.0
820,URLLC,173.25,326.75,693,693,97936554.0,141322.58874458875,693,1.0,43.97347331762107,0.06345378545111266,0.06600645713158249,0,0.0,2.753424096851847,0.00397319494495216,0.005502394024010892,0,0.0
821,mMTC,262.5,237.5,525,524,41112784.0,78459.51145038167,524,0.9980952380952381,148.22722866149562,0.28287639057537334,0.3049928777967385,0,0.0,91.79622277074353,0.17484994813474958,0.20033295506169577,0,0.0
822,eMBB,492.0,8.0,19,1948,286646654.4894843,147149.2066167784,18,0.9473684210526315,193.45327685579142,10.74740426976619,18.22886529796996,0,0.0,4.478619744917009,0.2357168286798426,0.24454691956448815,0,0.0
823,eMBB,488.25,11.75,18,1934,281561061.1673556,145584.82997277952,17,0.9444444444444444,192.76486874024317,11.339109925896658,19.027966920715045,0,0.0,4.3735593211832455,0.24297551784351365,0.245470026143464,0,0.0
824,eMBB,488.75,11.25,19,1935,289369774.1567433,149545.10292338155,18,0.9473684210526315,186.90575460613005,10.383653033673891,19.822766769110817,0,0.0,4.504827768158095,0.23709619832411027,0.24039920174375248,0,0.0
825,eMBB,489.25,10.75,25,1931,370530813.7549123,191885.45507763454,24,0.96,190.07770958744953,7.919904566143731,15.115174057838038,0,0.0,5.6727929003775674,0.2269117160151027,0.23224320455764566,0,0.0
826,mMTC,311.5,188.5,623,622,50136007.0,80604.51286173634,622,0.9983948635634029,169.24452256190716,0.27209730315419156,0.28824486098038665,0,0.0,103.93974911805614,0.16683747852015432,0.18321222408130203,0,0.0
827,mMTC,272.0,228.0,544,544,45248653.0,83177.67095588235,544,1.0,149.36364793756596,0.27456552929699624,0.3016765713443054,0,0.0,90.89647537619845,0.16708910914742361,0.19741904587421996,0,0.0
828,mMTC,252.75,247.25,506,505,39678569.0,78571.42376237623,505,0.9980237154150198,142.87523592607013,0.2829212592595448,0.3103371606752357,0,0.0,88.36118205940325,0.1746268420146309,0.2027365227265177,0,0.0
829,URLLC,214.5,285.5,858,858,120426928.0,140357.72494172494,858,1.0,53.88884763247993,0.06280751472317009,0.06478100125508522,0,0.0,2.8074244178645933,0.0032720564310776148,0.00418277556502061,0,0.0
830,mMTC,289.5,210.5,579,578,46097400.0,79753.28719723184,578,0.998272884283247,158.30308019219916,0.27388076157819924,0.2921694025575787,0,0.0,96.78181088260213,0.16715338667116084,0.1866533006405206,0,0.0
831,eMBB,494.75,5.25,16,1962,294332280.3622721,150016.45278403265,15,0.9375,186.02245255773948,12.401496837182632,19.424943560423404,0,0.0,3.775834176764628,0.23598963604778925,0.2410166946920781,0,0.0
832,eMBB,487.25,12.75,26,1922,367439267.8004232,191175.4775236333,25,0.9615384615384616,193.85628975456467,7.754251590182587,15.21376992240625,0,0.0,5.970184867934708,0.2296224949205657,0.23271694088251443,0,0.0
833,mMTC,232.75,267.25,466,465,36284557.0,78031.30537634408,465,0.9978540772532188,126.79495018501838,0.27267731222584596,0.2913362335327539,0,0.0,77.91724465065943,0.1672043876623593,0.18745652578065305,0,0.0
834,mMTC,233.75,266.25,468,467,37997907.0,81365.96788008565,467,0.9978632478632479,128.5227377633078,0.2752092885723936,0.29397168262900786,0,0.0,78.40567335168389,0.1675334900677006,0.1867207563414789,0,0.0
835,eMBB,491.0,9.0,20,1943,306736513.45807344,157867.47990636821,19,0.95,195.31464089419822,10.279717941799907,17.516977016683807,0,0.0,4.63999851645441,0.2319999258227205,0.23391482542057182,0,0.0
836,eMBB,490.25,9.75,19,1941,284296849.6646398,146469.26824556402,18,0.9473684210526315,192.14272027310852,10.67459557072825,19.42586594457662,0,0.0,4.569633949040855,0.2405070499495187,0.2439968523405687,0,0.0
837,mMTC,279.5,220.5,559,559,46082851.0,82438.0161001789,559,1.0,153.0335337956642,0.2737630300459109,0.29418805037890533,0,0.0,93.36570608968113,0.16702273003520773,0.19056826610540112,0,0.0
838,URLLC,159.75,340.25,639,639,86381043.0,135181.60093896714,639,1.0,39.84895413804925,0.06236143057597692,0.06410753439463936,0,0.0,2.326836115356947,0.0036413710725460824,0.005139645797240316,0,0.0
839,eMBB,486.5,13.5,23,1922,368139454.0394848,191539.77837642288,22,0.9565217391304348,191.11393018602016,8.68699682663728,14.71341003047295,0,0.0,5.285344516776855,0.22979758768595024,0.23281775682722217,0,0.0
840,eMBB,492.0,8.0,18,1949,290657133.7916165,149131.41805624243,17,0.9444444444444444,194.57069202735906,11.445334825138769,18.323235469997247,0,0.0,4.262248256342628,0.23679156979681265,0.24085230456603782,0,0.0
841,eMBB,490.25,9.75,20,1940,300622449.83955646,154960.02569049303,19,0.95,196.25487560155463,10.329203979029192,17.617342873512683,0,0.0,4.683628736399835,0.23418143681999176,0.23624289472406595,0,0.0
842,eMBB,495.5,4.5,21,1960,307978797.3647883,157132.03947183077,20,0.9523809523809523,193.84928964447917,9.692464482223958,17.414825665523228,0,0.0,4.79116331485436,0.22815063404068384,0.2347371413607896,0,0.0
843,eMBB,493.0,7.0,18,1953,287024108.5795994,146965.74940071654,17,0.9444444444444444,187.41771136478542,11.024571256752083,18.7264368043159,0,0.0,4.229316708318763,0.23496203935104237,0.24314784341834353,0,0.0
844,mMTC,257.0,243.0,514,514,41984109.0,81681.14591439688,514,1.0,140.88853838385305,0.2741022147545779,0.2944513779421941,0,0.0,86.05954209530603,0.16743101574962263,0.18947155693482723,0,0.0
845,eMBB,491.5,8.5,17,1948,291774741.8145185,149781.69497665222,16,0.9411764705882353,196.29457720000195,12.268411075000122,18.926057324874243,0,0.0,4.0675275796172174,0.2392663282127775,0.240883917350699,0,0.0
846,eMBB,490.75,9.25,24,1938,371925967.8307831,191912.26410257127,23,0.9583333333333334,197.82134561149442,8.600928070064976,15.116043324482238,0,0.0,5.413020747204711,0.22554253113352962,0.23287350325844577,0,0.0
847,eMBB,486.0,14.0,19,1924,285761716.51503646,148524.80068349087,18,0.9473684210526315,185.84296704841032,10.32460928046724,19.426451994352636,0,0.0,4.548973740511738,0.2394196705532494,0.24138754477196275,0,0.0
848,URLLC,157.25,342.75,629,629,91321959.0,145185.94435612083,629,1.0,39.951322325481435,0.06351561577977971,0.06589505813755961,0,0.0,2.5518995135583764,0.004057073948423492,0.005773686801362027,0,0.0
849,eMBB,488.5,11.5,21,1932,304535240.28999424,157626.9359679059,20,0.9523809523809523,192.02310735165895,9.601155367582948,16.51623401042387,0,0.0,4.867856954192961,0.2318027121044267,0.23439441552045515,0,0.0
850,URLLC,206.25,293.75,825,824,113377201.0,137593.69053398058,824,0.9987878787878788,51.797434363037304,0.06286096403281226,0.06495707787974947,0,0.0,2.8033474410255863,0.0033979968982128317,0.004397041396312927,0,0.0
851,eMBB,496.0,4.0,15,1968,288922938.6883197,146810.4363253657,14,0.9333333333333333,183.7498961728502,13.124992583775015,19.426192666161988,0,0.0,3.613723881360382,0.24091492542402546,0.24447893584328367,0,0.0
852,eMBB,493.75,6.25,17,1957,294256797.31888247,150361.1636785296,16,0.9411764705882353,194.78673383544955,12.174170864715597,19.325252345653816,0,0.0,4.0603001132165195,0.2388411831303835,0.24060942893730167,0,0.0
853,eMBB,491.25,8.75,21,1943,375044966.2961816,193023.65738352117,20,0.9523809523809523,198.37361961157845,9.918680980578923,15.112846986593645,0,0.0,4.715860267974092,0.22456477466543295,0.23332092192455392,0,0.0
854,eMBB,493.0,7.0,16,1955,293206481.3861571,149977.73983946655,15,0.9375,192.49326278980175,12.832884185986783,19.42491499435862,0,0.0,3.7586943407399294,0.23491839629624559,0.24108248710068592,0,0.0
855,mMTC,289.5,210.5,579,579,46003999.0,79454.22970639032,579,1.0,159.38014517601147,0.2752679536718678,0.29586338602911866,0,0.0,97.2499772840456,0.16796196422114956,0.1910169689351016,0,0.0
856,eMBB,493.5,6.5,17,1956,310945069.50511193,158969.8719351288,16,0.9411764705882353,186.75565154278934,11.672228221424334,18.718426852503736,0,0.0,3.8394443594980574,0.22584966820576807,0.2348826756623996,0,0.0
857,eMBB,489.5,10.5,17,1940,286124827.35388577,147487.02440921948,16,0.9411764705882353,195.0751139233864,12.19219462021165,19.726007959495476,0,0.0,4.0733390132203136,0.23960817724825373,0.24329593789232476,0,0.0
858,URLLC,217.75,282.25,871,870,119978336.0,137906.13333333333,870,0.9988518943742825,54.36322768061783,0.0624864685984113,0.06437413518055345,0,0.0,2.951326344665253,0.0033884343796386374,0.004376035257305901,0,0.0
859,eMBB,490.75,9.25,20,1942,288793258.31888264,148709.19583876553,19,0.95,193.9505946332409,10.20792603332847,17.825346616855846,0,0.0,4.771258692705156,0.2385629346352578,0.241016064444268,0,0.0
860,eMBB,491.5,8.5,24,1941,373210405.0735461,192277.38540625764,23,0.9583333333333334,187.60807332758512,8.156872753373266,15.51495311393538,0,0.0,5.404290999829953,0.22517879165958135,0.23198706229249852,0,0.0
861,URLLC,175.0,325.0,700,700,98585826.0,140836.89428571428,700,1.0,44.14744066369734,0.06306777237671049,0.0651955592591627,0,0.0,2.4932950390819193,0.003561850055831313,0.004996126497697835,0,0.0
862,URLLC,178.75,321.25,715,714,100699581.0,141035.82773109243,714,0.9986013986013986,45.310074242097166,0.06345948773402964,0.06585020804525192,0,0.0,2.9256159903494177,0.004091770615873311,0.0055310446951779765,0,0.0
863,eMBB,494.25,5.75,17,1959,312162357.2392896,159347.80869795283,16,0.9411764705882353,184.22244395944497,11.51390274746531,18.61721443958126,0,0.0,3.9070909700661187,0.22982888059212464,0.2343646740008623,0,0.0
864,eMBB,493.25,6.75,16,1956,289791013.3338846,148154.91479237453,15,0.9375,184.41669707178988,12.294446471452659,19.926491471979258,0,0.0,3.7997500122501413,0.23748437576563383,0.24377459679174254,0,0.0
865,eMBB,491.25,8.75,22,1942,280500058.6891722,144438.75318700937,21,0.9545454545454546,194.99526637171923,9.285488874843773,20.12705256110965,0,0.0,5.269150877738735,0.2395068580790334,0.24554089979125657,0,0.0
866,eMBB,493.75,6.25,16,1958,294615741.7367281,150467.69240895202,15,0.9375,186.3419263722842,12.422795091485614,18.424377885327363,0,0.0,3.7051464563903136,0.2315716535243946,0.24131074183680243,0,0.0
867,URLLC,152.0,348.0,608,608,84060207.0,138256.91940789475,608,1.0,38.01545359839077,0.0625254171026164,0.06412418446920679,0,0.0,2.0461067183907566,0.003365307102616376,0.004365469746678854,0,0.0
868,mMTC,250.25,249.75,501,500,40921206.0,81842.412,500,0.998003992015968,136.50132264233082,0.2730026452846616,0.2942027249108925,0,0.0,84.00499739754443,0.1676746455040807,0.1921138763638839,0,0.0
869,eMBB,492.0,8.0,20,1947,302655484.76963204,155447.09027716078,19,0.95,196.09531964935226,10.320806297334329,18.419769367461605,0,0.0,4.625599133770914,0.23127995668854567,0.23638256992304021,0,0.0
870,mMTC,259.5,240.5,519,518,43236878.0,83468.87644787645,518,0.9980732177263969,146.9549700391594,0.2836968533574506,0.3094993547673115,0,0.0,91.37753177673675,0.17606460843301877,0.19544288399808066,0,0.0
871,eMBB,494.75,5.25,19,1959,287410589.00542504,146712.90914008426,18,0.9473684210526315,188.73715104373488,10.485397280207494,17.524498321328686,0,0.0,4.4704368826266645,0.23528615171719286,0.24323697096336597,0,0.0
872,mMTC,280.25,219.75,561,560,44194619.0,78918.9625,560,0.9982174688057041,153.90246828939695,0.274825836231066,0.2950089734407815,0,0.0,94.31439599811488,0.16811835293781618,0.192681647068098,0,0.0
873,eMBB,498.0,2.0,18,1973,295383818.67591524,149713.03531470615,17,0.9444444444444444,195.25086060455902,11.48534474144465,19.326475282248726,0,0.0,4.244010850847944,0.23577838060266357,0.24148021232959793,0,0.0
874,eMBB,490.0,10.0,21,1938,373495548.53019196,192722.16126428894,20,0.9523809523809523,194.7761088877476,9.73880544438738,15.416671056791023,0,0.0,4.722756824420826,0.22489318211527745,0.23261092901897873,0,0.0
875,eMBB,491.25,8.75,19,1945,290217870.39423233,149212.27269626342,18,0.9473684210526315,197.83805145901636,10.991002858834243,19.621598455271325,0,0.0,4.549071738565432,0.23942482834554904,0.24241760597167436,0,0.0
876,mMTC,300.0,200.0,600,599,47056086.0,78557.73956594324,599,0.9983333333333333,165.1992230568035,0.2757916912467504,0.30296464710498927,0,0.0,101.21327354656674,0.1686887892442779,0.19897229257507468,0,0.0
877,eMBB,493.75,6.25,18,1956,309611964.2399435,158288.32527604475,17,0.9444444444444444,188.31132575583524,11.07713680916678,18.114305800589577,0,0.0,4.114178728822835,0.22856548493460194,0.2340868902382893,0,0.0
878,eMBB,493.25,6.75,20,1952,287299034.66464067,147181.8825126233,19,0.95,193.36421120986378,10.177063747887567,19.82373504261014,0,0.0,4.715529888283383,0.23577649441416915,0.24326410741868582,0,0.0
879,eMBB,485.5,14.5,18,1923,280196952.757143,145708.2437634649,17,0.9444444444444444,188.91331272338633,11.11254780725802,18.12809957460687,0,0.0,4.32604692213903,0.240335940118835,0.24462706300544942,0,0.0
880,eMBB,490.5,9.5,21,1940,289472302.04374796,149212.5268266742,20,0.9523809523809523,183.5416863424803,9.177084317124015,19.2254115899514,0,0.0,4.983592990556116,0.23731395193124363,0.24239360166314536,0,0.0
881,mMTC,287.0,213.0,574,573,45399187.0,79230.69284467713,573,0.9982578397212544,160.70453634533357,0.2804616690145437,0.30369686262798723,0,0.0,100.68775311575062,0.17541420403440874,0.19859560790576497,0,0.0
882,mMTC,254.5,245.5,509,509,41537796.0,81606.67190569744,509,1.0,139.18517983437033,0.27344829044080615,0.29317502790188515,0,0.0,85.87899816531055,0.16872101800650402,0.1878132579873552,0,0.0
883,mMTC,245.5,254.5,491,491,39101596.0,79636.65173116089,491,1.0,135.66320633041485,0.27629980922691416,0.3039235052246473,0,0.0,83.09231141144029,0.16923077680537738,0.20038895924174133,0,0.0
884,eMBB,494.5,5.5,16,1961,312243679.1786686,159226.76143736287,15,0.9375,196.91544280612993,13.127696187075328,18.616854772981636,0,0.0,3.6887968392428023,0.23054980245267515,0.2339437695634193,0,0.0
885,eMBB,485.25,14.75,20,1920,279872512.24133915,145766.9334590308,19,0.95,195.37552285354084,10.282922255449519,15.127116311582508,0,0.0,4.731530415846489,0.23657652079232444,0.24472787680142227,0,0.0
886,eMBB,491.0,9.0,19,1944,282859496.6237046,145503.8562879139,18,0.9473684210526315,190.96515606739112,10.609175337077284,18.92661207559828,0,0.0,4.493090494485818,0.23647844707820095,0.2455978085051197,0,0.0
887,eMBB,491.75,8.25,18,1948,291989440.1026322,149891.90970360997,17,0.9444444444444444,193.2004964271418,11.364735083949517,19.422527838819377,0,0.0,4.2988122981762285,0.2388229054542349,0.2417137651873312,0,0.0
888,eMBB,487.75,12.25,24,1926,369592065.6046763,191896.19190273952,23,0.9583333333333334,191.0935421626866,8.308414876638547,15.212929594710085,0,0.0,5.487227485162807,0.2286344785484503,0.23254270534755128,0,0.0
889,eMBB,493.5,6.5,20,1953,290485010.91170424,148737.84480886033,19,0.95,198.1272150439436,10.427748160207559,17.297323781111412,0,0.0,4.6533481375523,0.23266740687761497,0.24196683817050466,0,0.0
890,eMBB,493.0,7.0,21,1950,302272831.1629505,155011.70828869258,20,0.9523809523809523,199.05533214283886,9.952766607141943,17.418086316469655,0,0.0,4.802501937016557,0.22869056842935986,0.2362876268026434,0,0.0
891,eMBB,496.5,3.5,20,1965,309389650.17866904,157450.20365326668,19,0.95,198.14222225125,10.428538013223683,17.317536892329944,0,0.0,4.5822024174757585,0.22911012087378793,0.2350735515765573,0,0.0
892,eMBB,489.5,10.5,18,1939,285967898.3842578,147482.15491710047,17,0.9444444444444444,197.46662482471598,11.615683813218586,19.926443873451845,0,0.0,4.290293339413624,0.23834962996742354,0.24436960696011875,0,0.0
893,eMBB,488.75,11.25,17,1937,282832374.9173458,146015.6814235136,16,0.9411764705882353,193.90726412887068,12.119204008054417,19.127054524227923,0,0.0,4.106753554354843,0.24157373849146135,0.24559204034432933,0,0.0
894,eMBB,495.25,4.75,15,1965,295268046.424114,150263.63685705548,14,0.9333333333333333,191.80625997224482,13.70044714087463,18.023105430141694,0,0.0,3.5581841857750725,0.2372122790516715,0.2416553390793895,0,0.0
895,eMBB,486.5,13.5,23,1922,369063868.6046763,192020.74329067447,22,0.9565217391304348,190.43318435494623,8.656053834315738,15.513967149251254,0,0.0,5.213298582222723,0.22666515574881405,0.23251029949323604,0,0.0
896,eMBB,494.25,5.75,17,1959,294126299.8551379,150141.04127367938,16,0.9411764705882353,196.16205916758216,12.260128697973885,19.12197630291702,0,0.0,3.94473278359785,0.2320431049175206,0.24115193691872092,0,0.0
897,eMBB,491.5,8.5,17,1948,304501755.2549135,156315.06943270715,16,0.9411764705882353,194.56109026091244,12.160068141307027,19.0213691725797,0,0.0,3.948953268602851,0.23229136874134418,0.23701326271331227,0,0.0
898,eMBB,494.5,5.5,21,1956,308201226.791646,157567.08936178221,20,0.9523809523809523,199.64662057187496,9.982331028593748,16.816414990545397,0,0.0,4.802472627073063,0.2286891727177649,0.23409063655316442,0,0.0
899,eMBB,490.25,9.75,19,1941,284921924.8783451,146791.3059651443,18,0.9473684210526315,191.04302050163423,10.613501138979679,18.027208206961713,0,0.0,4.4811497979004065,0.23584998936317927,0.24531861980739395,0,0.0
900,eMBB,496.25,3.75,19,1965,286183165.27749324,145640.28767302455,18,0.9473684210526315,200.31850711895896,11.128805951053275,19.027769455756882,0,0.0,4.548531139711923,0.23939637577431172,0.24425234407321322,0,0.0
901,eMBB,493.25,6.75,17,1955,292708257.15143144,149722.89368359666,16,0.9411764705882353,190.06499258273905,11.87906203642119,17.523100564171642,0,0.0,3.9494692345270828,0.2323217196780637,0.2415743622134841,0,0.0
902,mMTC,250.75,249.25,501,501,40956808.0,81750.11576846307,501,1.0,140.3728467040579,0.2801853227625906,0.5387602449359428,0,0.0,87.587987007199,0.17482632137165469,0.3539750743376522,0,0.0
903,eMBB,493.25,6.75,15,1957,293454250.80225503,149951.07348096833,14,0.9333333333333333,187.39604267072957,13.385431619337826,18.224177402085758,0,0.0,3.5487259959377964,0.23658173306251976,0.24152396522462508,0,0.0
904,eMBB,493.25,6.75,18,1954,303939681.76963204,155547.43181659776,17,0.9444444444444444,196.38367159238624,11.551980681905073,18.620856993702844,0,0.0,4.187447795004612,0.23263598861136733,0.23684260013308042,0,0.0
905,eMBB,494.25,5.75,17,1959,311298062.44978994,158906.61687074526,16,0.9411764705882353,192.15014967610696,12.009384354756685,18.714308169668342,0,0.0,3.841685402636591,0.22598149427274067,0.23451611522286703,0,0.0
906,mMTC,272.0,228.0,544,543,43819072.0,80698.10681399632,543,0.9981617647058824,147.85264414749585,0.2722884790929942,0.28975807769090656,0,0.0,90.27806173585888,0.16595231936738766,0.18608278333193218,0,0.0
907,eMBB,494.0,6.0,18,1957,285126125.0921346,145695.51614314492,17,0.9444444444444444,189.14555625496433,11.12620919146849,20.226095176200396,0,0.0,4.263453010858352,0.23685850060324176,0.24616363148782516,0,0.0
908,eMBB,493.75,6.25,18,1956,292197624.7347549,149385.28871919986,17,0.9444444444444444,189.39572447448057,11.140924969087093,19.12386034845208,0,0.0,4.295508894889782,0.23863938304943233,0.24168677570984057,0,0.0
909,eMBB,487.25,12.75,24,1924,367134986.05392325,190818.59982012643,23,0.9583333333333334,194.41200636915937,8.452695929093887,12.71489294990944,0,0.0,5.516044933434211,0.22983520555975878,0.23253553270291455,0,0.0
910,mMTC,248.0,252.0,496,496,38969627.0,78567.79637096774,496,1.0,135.76097942039883,0.27371165205725567,0.29446653221728186,0,0.0,83.89201902381757,0.16913713512866446,0.18948841597796556,0,0.0
911,mMTC,310.5,189.5,621,621,48851727.0,78666.2270531401,621,1.0,171.68341837413755,0.27646283152035034,0.3054834464433468,0,0.0,105.41993552729994,0.16975835028550715,0.20203589396471427,0,0.0
912,eMBB,491.0,9.0,20,1943,306578896.44978994,157786.3594697838,19,0.95,191.19353202156734,10.062817474819333,16.61531279557776,0,0.0,4.53694541156405,0.22684727057820248,0.23464711341496325,0,0.0
913,eMBB,493.0,7.0,20,1951,285834643.18054575,146506.73663790146,19,0.95,191.26128182304856,10.066383253844661,19.625509583784186,0,0.0,4.721582316916537,0.23607911584582686,0.2435585394037071,0,0.0
914,mMTC,294.0,206.0,588,588,44634189.0,75908.48469387754,588,1.0,161.95518559406523,0.2754339891055531,0.2957809276897883,0,0.0,99.54318178927875,0.16929112549197067,0.19248165589491648,0,0.0
915,eMBB,489.75,10.25,19,1939,290655599.2045626,149899.74172489045,18,0.9473684210526315,194.70346855434457,10.816859364130254,19.223196959207637,0,0.0,4.4230030014506445,0.2327896316552971,0.24119658883729006,0,0.0
916,eMBB,492.25,7.75,22,1946,374641899.2266985,192518.96157589852,21,0.9545454545454546,193.8231470729015,9.229673670138165,15.414390914326768,0,0.0,4.9961838110208605,0.22709926413731185,0.23207583052066408,0,0.0
917,eMBB,488.25,11.75,18,1934,288098741.3591332,148965.22303988272,17,0.9444444444444444,184.3031993765412,10.841364669208305,18.124257371565175,0,0.0,4.304196686566225,0.23912203814256808,0.24259962022608986,0,0.0
918,mMTC,224.5,275.5,449,449,36936534.0,82263.99554565702,449,1.0,124.44794336594151,0.27716691172815483,0.30635281191343233,0,0.0,76.5564412667963,0.17050432353406747,0.20345256063138095,0,0.0
919,eMBB,495.75,4.25,17,1965,312378494.4837418,158971.24401208234,16,0.9411764705882353,192.38748440665555,12.024217775415972,17.546804845808023,0,0.0,3.884933608254209,0.22852550636789465,0.23464203741257442,0,0.0
920,eMBB,495.5,4.5,20,1961,288684994.1217074,147213.15355517968,19,0.95,199.91488580064467,10.521836094770771,20.02584060221683,0,0.0,4.774867960201558,0.23874339801007788,0.24394172308271775,0,0.0
921,mMTC,230.75,269.25,461,461,38270212.0,83015.6442516269,461,1.0,127.58686576509595,0.2767610971043296,0.5289339197389792,0,0.0,78.53241234960451,0.17035230444599678,0.34441101446120137,0,0.0
922,eMBB,496.5,3.5,18,1967,294235730.35438234,149586.03475057567,17,0.9444444444444444,197.08391253981765,11.593171325871626,17.123970348022038,0,0.0,4.186609420012994,0.2325894122229441,0.24131403432565932,0,0.0
923,eMBB,487.25,12.75,24,1924,369007257.0300958,191791.71363310594,23,0.9583333333333334,194.70021963159735,8.465226940504232,15.113301644257133,0,0.0,5.506473433423507,0.22943639305931277,0.23393961536771873,0,0.0
924,eMBB,492.75,7.25,20,1950,291441266.80180746,149457.05989836282,19,0.95,191.5309015868567,10.0805737677293,19.421385898678786,0,0.0,4.667258088809872,0.2333629044404936,0.2419696215071418,0,0.0
925,eMBB,493.5,6.5,15,1958,307317170.3567045,156954.6324600125,14,0.9333333333333333,181.8866049870232,12.991900356215941,18.719363667248913,0,0.0,3.444849463534824,0.2296566309023216,0.23794288923361498,0,0.0
926,eMBB,494.0,6.0,18,1957,310590056.05766463,158707.23355016077,17,0.9444444444444444,195.65921870412217,11.509365806124833,17.716239284608264,0,0.0,4.074041965943257,0.2263356647746254,0.23425636950347423,0,0.0
927,mMTC,313.5,186.5,627,627,50841672.0,81087.1961722488,627,1.0,171.1287960486021,0.27293268907273066,0.2939110812100415,0,0.0,104.63836503219166,0.16688734454895002,0.18769762850497407,0,0.0
928,eMBB,488.5,11.5,19,1934,281503220.7797726,145554.92284372935,18,0.9473684210526315,195.26548808661468,10.848082671478593,19.728928593648824,0,0.0,4.501274624334315,0.23690919075443764,0.24512456732513085,0,0.0
929,eMBB,490.5,9.5,22,1939,288811343.3295007,148948.60408947946,21,0.9545454545454546,192.27026253376377,9.155726787322084,18.32332523944043,0,0.0,5.238540805869351,0.2381154911758796,0.24118827268476822,0,0.0
930,eMBB,488.0,12.0,23,1928,369443800.0300966,191620.2282313779,22,0.9565217391304348,194.82116380173977,8.855507445533625,15.615456944821705,0,0.0,5.213499916689394,0.22667390942127802,0.23213666390692522,0,0.0
931,eMBB,493.0,7.0,17,1954,292660385.1920996,149775.01801028638,16,0.9411764705882353,192.4643784350658,12.029023652191613,19.722117518213487,0,0.0,3.953571873504417,0.23256305138261277,0.24228200319934967,0,0.0
932,eMBB,490.5,9.5,21,1940,300047698.100738,154663.7619075969,20,0.9523809523809523,192.59988745758736,9.629994372879368,18.417063999061245,0,0.0,4.857147165619313,0.23129272217234825,0.23712696845763062,0,0.0
933,mMTC,251.5,248.5,503,502,38922073.0,77534.00996015937,502,0.9980119284294234,142.65922432770128,0.28418172176832923,0.30557881831887196,0,0.0,88.82241633714341,0.17658532074978808,0.1984664261821198,0,0.0
934,eMBB,491.25,8.75,18,1946,286469592.0545967,147209.4512099675,17,0.9444444444444444,196.59049596476248,11.564146821456617,17.927687301982424,0,0.0,4.320597221072541,0.2400331789484745,0.24442147839699258,0,0.0
935,eMBB,493.25,6.75,15,1957,287017605.6115356,146662.0365925067,14,0.9333333333333333,185.80837838808404,13.272027027720288,19.528996140832028,0,0.0,3.580439840564952,0.23869598937099681,0.24565488045898495,0,0.0
936,eMBB,492.25,7.75,19,1949,293005399.35438174,150336.27468157094,18,0.9473684210526315,195.51388396012558,10.861882442229199,19.324326639255464,0,0.0,4.435364946234617,0.23344026032813772,0.24164225407110185,0,0.0
937,eMBB,493.0,7.0,20,1950,333550492.8681996,171051.53480420492,19,0.95,198.78740442285692,10.462494969624048,18.430027978941723,0,0.0,4.619407244093888,0.2309703622046944,0.23660077863363665,0,0.0
938,eMBB,490.75,9.25,18,1944,290727613.0546911,149551.2412832773,17,0.9444444444444444,193.43083682152283,11.378284518913107,19.14853404215427,0,0.0,4.235030266021394,0.2352794592234108,0.24173982841368233,0,0.0
939,eMBB,493.75,6.25,18,1956,304507207.7120616,155678.53155013375,17,0.9444444444444444,197.4975793687974,11.617504668752789,18.31953795822801,0,0.0,4.108780121638929,0.2282655623132738,0.23677821949922892,0,0.0
940,mMTC,235.5,264.5,471,471,35671932.0,75736.58598726115,471,1.0,133.9233103087067,0.2843382384473603,0.3111026694835863,0,0.0,83.2000410738348,0.1766455224497554,0.20294004201186083,0,0.0
941,eMBB,491.0,9.0,19,1944,284602423.0240932,146400.4233663031,18,0.9473684210526315,197.05072692631077,10.947262607017265,16.024048519527405,0,0.0,4.597191927010628,0.2419574698426646,0.24455107478596214,0,0.0
942,eMBB,493.25,6.75,16,1956,286410873.0733279,146426.82672460526,15,0.9375,191.38326079255572,12.758884052837049,19.32775863716511,0,0.0,3.771868035913641,0.23574175224460256,0.2457313103001483,0,0.0
943,mMTC,283.0,217.0,566,565,45358672.0,80280.83539823009,565,0.9982332155477032,158.68692775739643,0.2808618190396397,0.3001024567450116,0,0.0,98.56990924189165,0.17415178311288276,0.1956798000188069,0,0.0
944,eMBB,489.0,11.0,20,1935,372178393.2886256,192340.25492952229,19,0.95,188.34669436214318,9.91298391379701,15.114199676798094,0,0.0,4.491972241813717,0.22459861209068585,0.23328247421321546,0,0.0
945,eMBB,485.0,15.0,17,1922,287721278.9265303,149698.89642379308,16,0.9411764705882353,191.59263545909772,11.974539716193608,18.72305985752095,0,0.0,4.085150712437023,0.24030298308453074,0.24254775175863347,0,0.0
946,eMBB,488.5,11.5,19,1934,300405764.50007504,155328.7303516417,18,0.9473684210526315,195.0178473256196,10.834324851423311,18.61775872848108,0,0.0,4.348095659699089,0.2288471399841626,0.23710142049739333,0,0.0
947,mMTC,247.5,252.5,495,495,39852626.0,80510.35555555555,495,1.0,141.21384487436126,0.2852804946956793,0.3122076833650648,0,0.0,88.00389908632698,0.1777856547198525,0.20518367960438105,0,0.0
948,URLLC,156.0,344.0,624,623,85796935.0,137715.78651685393,623,0.9983974358974359,39.293604621968036,0.06307159650396153,0.06489628528697096,0,0.0,2.2831618446218114,0.0036589132125349542,0.004777610532615214,0,0.0
949,eMBB,493.5,6.5,19,1954,285206166.82258177,145960.16725823018,18,0.9473684210526315,188.3535706689121,10.464087259384007,19.624358318211403,0,0.0,4.493411202606391,0.23649532645296797,0.24573897891321184,0,0.0
950,mMTC,258.25,241.75,517,516,41039625.0,79534.15697674418,516,0.9980657640232108,145.08441043103286,0.28117133804463734,0.30338276722007057,0,0.0,90.08314343445194,0.1742420569331759,0.1986806902969936,0,0.0
951,eMBB,489.25,10.75,22,1934,371907170.36397,192299.4676132213,21,0.9545454545454546,195.52203313614268,9.310573006482985,14.715876643128137,0,0.0,5.005637822451363,0.2275289919296074,0.2327593829513032,0,0.0
952,URLLC,200.0,300.0,800,799,110475868.0,138267.66958698374,799,0.99875,50.48887483261017,0.06319008114219045,0.06535639189703446,0,0.0,3.0210705447087753,0.003776338180885969,0.005121478107975842,0,0.0
953,eMBB,495.25,4.75,17,1963,306010066.98858666,155888.97961721176,16,0.9411764705882353,189.87272731153098,11.867045456970686,19.017427212923785,0,0.0,3.8700395289269545,0.22764938405452673,0.2363145450940219,0,0.0
954,eMBB,485.0,15.0,21,1918,302100889.0708286,157508.2841870848,20,0.9523809523809523,191.79671738351396,9.589835869175698,17.41661966487984,0,0.0,4.861571634125709,0.2315034111488433,0.23477557824444292,0,0.0
955,mMTC,257.5,242.5,515,515,40246413.0,78148.37475728155,515,1.0,140.8868685498293,0.2735667350482122,0.2889229101477627,0,0.0,86.33936676316277,0.1676492558508015,0.18498637954947209,0,0.0
956,mMTC,295.25,204.75,591,590,45719715.0,77491.04237288136,590,0.9983079526226735,163.09896759302652,0.27643892812377374,0.29357014967690115,0,0.0,100.56817812567601,0.17016612204006093,0.19033140979731078,0,0.0
957,eMBB,493.5,6.5,18,1955,293405373.9304217,150079.47515622593,17,0.9444444444444444,190.10447306835732,11.182616062844549,19.623735237464768,0,0.0,4.313680415547178,0.2396489119748432,0.2417697151221277,0,0.0
958,eMBB,490.0,10.0,21,1938,372909477.44877523,192419.75100555999,20,0.9523809523809523,189.945457337027,9.49727286685135,15.310092205456314,0,0.0,4.7120816131705805,0.2243848387224086,0.2322889473314229,0,0.0
959,eMBB,491.25,8.75,21,1943,288282196.44270116,148369.6327548642,20,0.9523809523809523,185.74406040784515,9.287203020392258,17.39967924626163,0,0.0,5.001481179553807,0.23816577045494322,0.24174366165255276,0,0.0
960,mMTC,276.0,224.0,552,552,44430715.0,80490.42572463768,552,1.0,153.39594913410482,0.2778912121994653,0.29673060118446076,0,0.0,94.51876599051496,0.1712296485335416,0.1921663231096563,0,0.0
961,eMBB,492.25,7.75,17,1952,309664273.99999976,158639.4846311474,17,1.0,198.75325977811482,11.691368222242048,18.116594487555236,0,0.0,3.8375857326691656,0.22574033721583328,0.23435656504156047,0,0.0
962,eMBB,490.0,10.0,19,1940,284873606.3748858,146842.06514169372,18,0.9473684210526315,196.03557977020404,10.890865542789113,19.326964485563483,0,0.0,4.484761717711617,0.2360400904058746,0.24394207697571904,0,0.0
963,eMBB,494.5,5.5,20,1957,284087327.65446556,145164.7049843973,19,0.95,196.4951832055519,10.341851747660627,18.028819018283425,0,0.0,4.853788638989285,0.24268943194946427,0.24587085520636776,0,0.0
964,eMBB,486.25,13.75,17,1927,288941348.05823827,149943.61601361612,16,0.9411764705882353,184.9585061430809,11.559906633942557,19.524161843102863,0,0.0,3.9533470967458455,0.23254982922034384,0.24329591527201314,0,0.0
965,URLLC,167.5,332.5,670,670,95049789.0,141865.3567164179,670,1.0,42.01068332316867,0.06270251242263981,0.06429227696127288,0,0.0,2.4048315873353596,0.0035893008766199395,0.0047421128633758245,0,0.0
966,eMBB,493.5,6.5,18,1955,292947232.6181763,149845.1317740032,17,0.9444444444444444,186.4830002543779,10.969588250257525,19.32592079284916,0,0.0,4.192404205050193,0.2329113447250107,0.24219791777856833,0,0.0
967,mMTC,236.0,264.0,472,472,37155227.0,78718.70127118644,472,1.0,131.15479184603518,0.27787032170770165,0.2955963272495214,0,0.0,80.91369102381277,0.17142731149112875,0.1895606773349915,0,0.0
968,eMBB,493.25,6.75,21,1951,307954623.64341736,157844.50212374033,20,0.9523809523809523,192.73627846204678,9.63681392310234,18.315629511780806,0,0.0,4.8055590196400075,0.22883614379238132,0.23522715713671763,0,0.0
969,eMBB,492.25,7.75,19,1949,286429127.10306317,146962.09702568658,18,0.9473684210526315,195.42704043199953,10.857057801777751,19.924926136470432,0,0.0,4.476074362620436,0.23558286119054925,0.24301691948679569,0,0.0
970,eMBB,489.25,10.75,17,1939,283323285.01867974,146118.24910710662,16,0.9411764705882353,183.5257470549618,11.470359190935113,19.027006621411253,0,0.0,4.13535392113357,0.24325611300785704,0.24592526553734426,0,0.0
971,eMBB,495.0,5.0,20,1959,291994054.96909857,149052.6059056144,19,0.95,196.47101458276612,10.340579714882427,19.724170959406635,0,0.0,4.716195354011527,0.23580976770057632,0.24173356855256753,0,0.0
972,mMTC,296.0,204.0,592,591,47883345.0,81020.8883248731,591,0.9983108108108109,166.29254342422982,0.281374861969932,0.2983415047143376,0,0.0,104.46969121011824,0.1764690729900646,0.19450804827954338,0,0.0
973,eMBB,490.5,9.5,21,1940,288576755.11998504,148750.90470102322,20,0.9523809523809523,190.15052162942342,9.507526081471172,19.825856211622735,0,0.0,4.913325631740867,0.23396788722575557,0.24194289597846932,0,0.0
974,eMBB,490.5,9.5,20,1941,300470473.76963204,154801.89272005772,19,0.95,195.50011551996917,10.289479764208904,17.415535950420725,0,0.0,4.649043187495529,0.23245215937477645,0.2362813847603736,0,0.0
975,URLLC,198.0,302.0,792,791,113614998.0,143634.6371681416,791,0.9987373737373737,49.825976924725374,0.06299112127019643,0.06506079257388805,0,0.0,2.977339827361372,0.003759267458789611,0.0050274162530669405,0,0.0
976,eMBB,486.25,13.75,21,1923,281847425.9999998,146566.52418096716,20,0.9523809523809523,196.77205328204184,9.838602664102092,19.023910538310357,0,0.0,5.059094058085784,0.2409092408612278,0.24453555569091473,0,0.0
977,URLLC,184.25,315.75,737,737,104563304.0,141876.93894165536,737,1.0,46.16610892722117,0.06264058199080212,0.06443537319916953,0,0.0,2.6790090083749605,0.0036350190072930266,0.004554756095854043,0,0.0
978,URLLC,165.0,335.0,660,660,89625927.0,135796.8590909091,660,1.0,41.3120569962508,0.06259402575189515,0.06412848965204009,0,0.0,2.611066805866172,0.003956161827069957,0.005147723053601064,0,0.0
979,eMBB,492.25,7.75,23,1945,373030188.0394852,191789.29976323148,22,0.9565217391304348,193.3197479324981,8.787261269659005,14.711238506465662,0,0.0,5.223218642886218,0.2270964627341834,0.2327539115226471,0,0.0
980,eMBB,491.5,8.5,19,1947,289709878.0000008,148798.0883410379,19,1.0,198.82872641977377,10.46466981156704,17.02143872405573,0,0.0,4.436823596970901,0.2335170314195211,0.24156677682671043,0,0.0
981,eMBB,492.5,7.5,19,1950,302943268.1629503,155355.5221348463,18,0.9473684210526315,198.71235323873046,11.03957517992947,17.003590865491674,0,0.0,4.446206659438781,0.2340108768125674,0.23739220304094152,0,0.0
982,mMTC,253.25,246.75,507,506,41226749.0,81475.78853754941,506,0.9980276134122288,144.6158049507032,0.28580198606858337,0.31269940888182945,0,0.0,90.37429818660048,0.17825305362248617,0.2008678806767013,0,0.0
983,eMBB,495.25,4.75,18,1962,289024919.7055104,147311.37599669234,17,0.9444444444444444,188.70526891857168,11.10030993638657,18.02648929752842,0,0.0,4.241618863997099,0.23564549244428326,0.24410166924280519,0,0.0
984,eMBB,492.25,7.75,17,1951,285044698.8554558,146101.84462094097,16,0.9411764705882353,186.03870015011975,11.627418759382484,19.82527009897194,0,0.0,4.049900556939144,0.23822944452583197,0.24483555374680982,0,0.0
985,eMBB,495.0,5.0,16,1963,294842329.6914516,150199.8622982433,15,0.9375,191.53555602083046,12.769037068055363,19.125634605406525,0,0.0,3.7170296745986895,0.2323143546624181,0.24253469559147003,0,0.0
986,eMBB,492.5,7.5,21,1948,376074392.8884876,193056.6698606199,20,0.9523809523809523,193.04586913634463,9.652293456817231,15.315665027921245,0,0.0,4.8157731227742655,0.2293225296559174,0.23278051320546467,0,0.0
987,eMBB,493.5,6.5,17,1956,292680055.9930443,149631.9304667916,16,0.9411764705882353,193.43786020564613,12.089866262852883,18.32563908717855,0,0.0,4.037849879835602,0.23752058116680014,0.24189346072705137,0,0.0
988,eMBB,493.5,6.5,20,1953,302755752.48413044,155020.86660733767,19,0.95,199.13138492051505,10.480599206342896,18.31715567453235,0,0.0,4.682502261961636,0.2341251130980818,0.23716351491117957,0,0.0
989,URLLC,155.0,345.0,620,620,88223385.0,142295.78225806452,620,1.0,39.06161226077596,0.06300260042060639,0.06486095726892684,0,0.0,2.384492454237523,0.0038459555713508437,0.0052622349299900175,0,0.0
990,eMBB,490.75,9.25,17,1945,286448560.6716043,147274.32425275285,16,0.9411764705882353,195.38759218719335,12.211724511699584,18.424905596008333,0,0.0,4.006965682084969,0.235703863652057,0.24459846577799688,0,0.0
991,eMBB,491.0,9.0,22,1941,279839143.38443464,144172.66531913172,21,0.9545454545454546,184.120878164087,8.767660864956524,18.12503860679835,0,0.0,5.318284544873398,0.24174020658515447,0.24691851822786084,0,0.0
992,eMBB,491.0,9.0,19,1944,289811506.19509405,149079.99289871092,18,0.9473684210526315,194.29580088402065,10.79421116022337,17.32472407365808,0,0.0,4.5258114802773655,0.23820060422512448,0.24193186279066897,0,0.0
993,eMBB,491.25,8.75,22,1942,372764469.92018867,191948.74867156986,21,0.9545454545454546,195.77009861329745,9.32238564825226,14.812626079369105,0,0.0,4.958441840211452,0.22538372000961146,0.23331026007329272,0,0.0
994,eMBB,483.0,17.0,24,1907,281876752.78452873,147811.61656241675,23,0.9583333333333334,195.2171994097836,8.487704322164504,17.42265811845592,0,0.0,5.734034914301022,0.23891812142920923,0.24237580008013337,0,0.0
995,eMBB,497.0,3.0,18,1969,306245724.10073733,155533.63336756593,17,0.9444444444444444,194.79126452094528,11.458309677702664,18.317635716849857,0,0.0,4.113045374304294,0.228502520794683,0.23649010729370357,0,0.0
996,eMBB,496.0,4.0,20,1964,310126827.99999994,157905.71690427695,19,0.95,200.37956301029635,10.546292790015597,18.115217031372406,0,0.0,4.301362716925938,0.21506813584629692,0.2339134601743249,0,0.0
997,URLLC,163.0,337.0,652,652,95447444.0,146391.7852760736,652,1.0,41.19260067949481,0.06317883539799818,0.0650409914823287,0,0.0,2.474560683340956,0.0037953384713818347,0.0050671620347886494,0,0.0
998,eMBB,493.75,6.25,20,1954,285129763.65446603,145921.0663533603,19,0.95,196.18131929656118,10.325332594555851,20.225381552926116,0,0.0,4.84849301738483,0.2424246508692415,0.24456333136845942,0,0.0
999,eMBB,490.25,9.75,20,1940,290785250.21462876,149889.30423434472,19,0.95,197.10403935519935,10.373896808168388,19.423923870821298,0,0.0,4.753741241968817,0.23768706209844087,0.24136181926269235,0,0.0
1000,eMBB,494.25,5.75,24,1952,373815128.591765,191503.65194250256,23,0.9583333333333334,192.63860567952466,8.37559155128368,14.814472770108859,0,0.0,5.46629305842093,0.22776221076753875,0.23291805631305082,0,0.0
1001,URLLC,156.25,343.75,625,625,90175286.0,144280.4576,625,1.0,39.54581272168382,0.06327330035469411,0.06538884785094222,0,0.0,2.4536136701453715,0.003925781872232594,0.005205452761073594,0,0.0
1002,mMTC,251.75,248.25,504,503,41812595.0,83126.43141153081,503,0.998015873015873,140.20636751053695,0.27874029326150485,0.2977524516020986,0,0.0,86.81513112216082,0.17225224429000163,0.1908023411747482,0,0.0
1003,eMBB,491.5,8.5,19,1946,307704922.6434175,158121.74853207477,18,0.9473684210526315,191.824923494924,10.656940194162445,18.313344350872338,0,0.0,4.363565867757801,0.2296613614609369,0.23449332255694233,0,0.0
1004,mMTC,268.25,231.75,537,536,43397174.0,80964.87686567164,536,0.9981378026070763,147.0068254643126,0.2742664654184937,0.2951869054601172,0,0.0,90.26112681132102,0.16808403503039296,0.18952100118661291,0,0.0
1005,mMTC,233.5,266.5,467,466,36338580.0,77979.78540772533,466,0.9978586723768736,129.17243170397919,0.2771940594505991,0.2974088659788427,0,0.0,80.00138731753981,0.17130918055147712,0.19467738837200504,0,0.0
1006,eMBB,485.5,14.5,18,1923,287459961.25044864,149485.15925660357,17,0.9444444444444444,187.05513330077486,11.003243135339698,19.720153465648973,0,0.0,4.273841481244573,0.23743563784692073,0.2415951782180476,0,0.0
1007,mMTC,275.0,225.0,550,549,44583474.0,81208.51366120219,549,0.9981818181818182,155.01195756648968,0.2823532924708373,0.30607546197720115,0,0.0,97.70875161918654,0.17765227567124825,0.20111352225497897,0,0.0
1008,eMBB,496.25,3.75,21,1963,292615194.4239694,149065.30536116628,20,0.9523809523809523,190.85124840416415,9.542562420208208,18.720896937698825,0,0.0,4.920222097016562,0.234296290334122,0.2424766445442574,0,0.0
1009,mMTC,246.0,254.0,492,492,38935884.0,79137.9756097561,492,1.0,137.2358680992151,0.2789346912585673,0.2985775066448337,0,0.0,84.91152412690741,0.17258439863192562,0.19248248008748198,0,0.0
1010,eMBB,491.75,8.25,20,1946,307128792.85237455,157825.69005774643,19,0.95,189.891354852641,9.994281834349527,17.51660681876801,0,0.0,4.5503377205310205,0.227516886026551,0.2349530245060025,0,0.0
1011,eMBB,489.5,10.5,15,1942,287163086.7302856,147869.76659643953,14,0.9333333333333333,180.37596561585633,12.883997543989738,20.025150069628395,0,0.0,3.5647229619407343,0.23764819746271562,0.24428302392243106,0,0.0
1012,URLLC,161.25,338.75,645,644,87261835.0,135499.74378881988,644,0.9984496124031008,40.41540525434578,0.06275684045705866,0.06452878143502848,0,0.0,2.4339007622730557,0.0037734895539117143,0.004785858957295586,0,0.0
1013,eMBB,493.0,7.0,17,1954,294052961.31888247,150487.6977066952,16,0.9411764705882353,194.36135627361347,12.147584767100842,19.52352265814522,0,0.0,3.964989027543606,0.23323464867903565,0.24157828120287478,0,0.0
1014,mMTC,277.0,223.0,554,554,43963427.0,79356.36642599278,554,1.0,156.65684837852422,0.2827740945460726,0.30031750969524496,0,0.0,98.74327768296853,0.17823696332665798,0.19846695547257318,0,0.0
1015,eMBB,490.25,9.75,19,1941,288778931.9782489,148778.42966421891,18,0.9473684210526315,191.00122938243544,10.611179410135302,16.724088602981407,0,0.0,4.440928896472612,0.233733099814348,0.24251838177245547,0,0.0
1016,URLLC,197.0,303.0,788,787,111803426.0,142062.80304955528,787,0.998730964467005,50.14291707878339,0.06371399882945793,0.06623720223558277,0,0.0,3.4710409004319756,0.004404874239126872,0.00597519783289745,0,0.0
1017,eMBB,491.25,8.75,20,1944,307275486.52077425,158063.52187282627,19,0.95,197.48247574764332,10.39381451303386,17.11642560377596,0,0.0,4.641589042032361,0.23207945210161807,0.23451649033533295,0,0.0
1018,mMTC,231.25,268.75,463,462,35652593.0,77170.11471861471,462,0.9978401727861771,126.90140953797605,0.2746783756233248,0.29717035373983514,0,0.0,78.08150365797601,0.16864255649670845,0.19214127237231376,0,0.0
1019,eMBB,489.75,10.25,22,1936,280834384.3100613,145059.0828047837,21,0.9545454545454546,180.03016476860554,8.572864988981216,18.4257183518732,0,0.0,5.332507143750807,0.24238668835230942,0.24590818576578202,0,0.0
1020,mMTC,235.25,264.75,471,470,37392789.0,79559.12553191489,470,0.9978768577494692,133.03115424474143,0.28304500903136476,0.30546130812563155,0,0.0,83.09783249636524,0.17642851910056315,0.20048849821110162,0,0.0
1021,eMBB,495.75,4.25,21,1961,378850332.6566193,193192.4184888421,20,0.9523809523809523,191.97202159489427,9.598601079744714,15.014479084764924,0,0.0,4.7467691235453815,0.22603662493073245,0.23398786239726377,0,0.0
1022,eMBB,487.25,12.75,17,1931,288583715.52528495,149447.80710786377,16,0.9411764705882353,181.95201059167408,11.37200066197963,19.524050070163465,0,0.0,4.058126567014078,0.23871332747141635,0.24193764701280412,0,0.0
1023,mMTC,229.5,270.5,459,459,36157767.0,78775.09150326798,459,1.0,128.22544163630772,0.2793582606455506,0.2990790983964344,0,0.0,79.49407125374373,0.17318969772057458,0.19528571070412665,0,0.0
1024,eMBB,492.0,8.0,22,1945,305641668.4754077,157142.24600278033,21,0.9545454545454546,192.22052442181814,9.153358305800865,16.81651419948869,0,0.0,5.014077352613803,0.22791260693699106,0.23503792842383164,0,0.0
1025,eMBB,496.25,3.75,20,1964,288721631.5795989,147006.94072281005,19,0.95,188.9549223045941,9.94499591076811,20.123376368436016,0,0.0,4.728866826919709,0.23644334134598544,0.24419699789308094,0,0.0
1026,eMBB,490.0,10.0,18,1941,282967194.10768306,145784.23189473624,17,0.9444444444444444,195.32148281385403,11.489498989050237,18.52729552387733,0,0.0,4.256830870980656,0.2364906039433698,0.24507654072000648,0,0.0
1027,mMTC,270.0,230.0,540,539,41961045.0,77849.8051948052,539,0.9981481481481481,152.2877332121652,0.2825375384270226,0.30519598087037936,0,0.0,95.19235032674231,0.17628213023470798,0.200754913519952,0,0.0
1028,eMBB,492.25,7.75,23,1945,373150283.22136974,191851.0453580307,22,0.9565217391304348,194.73284314059626,8.851492870027103,15.513495856852574,0,0.0,5.248385150704905,0.22819065872630023,0.23335624907489017,0,0.0
1029,mMTC,272.5,227.5,545,545,46858532.0,85978.95779816514,545,1.0,149.9448430910928,0.2751281524607207,0.29679250581743327,0,0.0,92.91670881758857,0.17048937397722674,0.19219288222768965,0,0.0
1030,eMBB,495.0,5.0,18,1961,304404690.4339741,155229.31689646817,17,0.9444444444444444,187.9699583000366,11.057056370590388,17.517380904070784,0,0.0,4.193188570609636,0.23295492058942424,0.23730367305728095,0,0.0
1031,URLLC,190.0,310.0,760,760,105875002.0,139309.21315789473,760,1.0,47.96773513325088,0.06311544096480379,0.06487307922548446,0,0.0,3.0532829724816617,0.004017477595370607,0.005572915364747543,0,0.0
1032,eMBB,496.5,3.5,17,1968,290322049.8909047,147521.36681448412,16,0.9411764705882353,187.4845654169653,11.717785338560331,19.424652679373164,0,0.0,4.011087612406374,0.23594633014155142,0.24472683661994704,0,0.0
1033,eMBB,495.5,4.5,19,1962,285804435.49314815,145669.94673453015,18,0.9473684210526315,197.2415471554675,10.957863730859305,19.026692722393314,0,0.0,4.4957565017130285,0.23661876324805414,0.24564238889418397,0,0.0
1034,eMBB,491.0,9.0,19,1944,290743758.8145196,149559.54671528784,18,0.9473684210526315,196.2044237964601,10.900245766470006,18.62381268584223,0,0.0,4.442484163642075,0.23381495598116186,0.24296260781413032,0,0.0
1035,mMTC,259.25,240.75,519,518,41695328.0,80492.9111969112,518,0.9980732177263969,146.80407549563853,0.2834055511498813,0.3016685769286274,0,0.0,92.58652223758281,0.1783940698219322,0.19787976479982672,0,0.0
1036,eMBB,493.75,6.25,17,1957,292809914.1215488,149621.8263268006,16,0.9411764705882353,193.7063808207824,12.1066488012989,19.52470352729548,0,0.0,4.013983821836295,0.23611669540213498,0.24204107026363691,0,0.0
1037,eMBB,492.25,7.75,19,1949,302052046.9170039,154977.96147614362,18,0.9473684210526315,188.7096597059646,10.4838699836647,18.51859256808923,0,0.0,4.450558452072445,0.2342399185301287,0.2369459972418137,0,0.0
1038,eMBB,489.0,11.0,18,1937,307018908.14016724,158502.27575641056,17,0.9444444444444444,189.04881677308558,11.120518633710915,18.714275439477603,0,0.0,4.077915006055052,0.22655083366972514,0.23451024416819027,0,0.0
1039,eMBB,488.75,11.25,19,1935,284563539.659485,147061.2608059354,18,0.9473684210526315,188.23588286804738,10.457549048224855,19.82623964007512,0,0.0,4.499523790895158,0.23681704162606096,0.24519045806826498,0,0.0
1040,eMBB,488.75,11.25,19,1935,281609951.26185685,145534.85853325936,18,0.9473684210526315,191.89579321586052,10.66087740088114,19.127383819444397,0,0.0,4.551380929434917,0.23954636470710086,0.2459404068862286,0,0.0
1041,eMBB,494.25,5.75,19,1957,292436381.9871597,149430.9565596115,18,0.9473684210526315,184.99503362400995,10.277501868000552,18.622421096101956,0,0.0,4.434250346466334,0.23338159718243864,0.24102881311529628,0,0.0
1042,eMBB,489.0,11.0,24,1931,369374241.37184095,191286.50511229463,23,0.9583333333333334,196.4953162113229,8.543274617883604,15.412941790159357,0,0.0,5.5318208646680125,0.23049253602783384,0.2334559018528917,0,0.0
1043,eMBB,491.75,8.25,20,1946,290245674.72220224,149149.8842354585,19,0.95,197.3650973785936,10.387636704136504,19.048894523089167,0,0.0,4.723057062416406,0.2361528531208203,0.24210255015405738,0,0.0
1044,URLLC,158.25,341.75,633,633,88071928.0,139134.16745655608,633,1.0,40.38080909061256,0.06379274737853485,0.06613059413057266,0,0.0,2.8548213459971383,0.004509986328589476,0.006232288397410906,0,0.0
1045,eMBB,495.5,4.5,19,1962,310266196.0327779,158137.71459366864,18,0.9473684210526315,185.6077734052335,10.311542966957417,16.71470042229639,0,0.0,4.356167028201878,0.22927194885273045,0.23463263806373472,0,0.0
1046,eMBB,489.0,11.0,20,1935,283533547.3568973,146528.96504232418,19,0.95,186.85705363109412,9.834581770057586,19.125411413456447,0,0.0,4.737644381084084,0.2368822190542042,0.24525835205112864,0,0.0
1047,mMTC,287.5,212.5,575,574,46694987.0,81350.15156794425,574,0.9982608695652174,159.22563128972018,0.27739657019115016,0.2975844391501832,0,0.0,98.65582018739161,0.17157533945633324,0.1937880243439593,0,0.0
1048,URLLC,214.75,285.25,859,859,120899552.0,140744.5308498254,859,1.0,53.878486933459826,0.06272233636025591,0.06439299659755131,0,0.0,3.5584951365368065,0.004142602021579519,0.005715485300085628,0,0.0
1049,eMBB,492.75,7.25,23,1947,373790892.66102874,191982.99571701526,22,0.9565217391304348,197.37153768100347,8.971433530954704,14.31280672984864,0,0.0,5.191486504128477,0.2257168045273251,0.2329882293192033,0,0.0
1050,mMTC,263.0,237.0,526,526,42665535.0,81113.18441064638,526,1.0,145.07323303676262,0.2758046255451761,0.2971542401574319,0,0.0,90.13027540804481,0.17135033347537035,0.19523643776426955,0,0.0
1051,eMBB,494.25,5.75,19,1957,302777408.0947103,154715.07822928476,18,0.9473684210526315,188.2602660345974,10.458903668588745,16.91820823926381,0,0.0,4.403401316204925,0.23175796401078552,0.23737323354850254,0,0.0
1052,mMTC,242.5,257.5,485,485,38964105.0,80338.36082474227,485,1.0,139.13917060595224,0.28688488784732424,0.3053872706137187,0,0.0,87.20294629449921,0.17979988926700868,0.1975740270037361,0,0.0
1053,eMBB,492.75,7.25,20,1950,286815346.1207517,147084.79288243677,19,0.95,199.09276167489514,10.47856640394185,19.425877599869864,0,0.0,4.776908908861824,0.2388454454430912,0.24491864718873166,0,0.0
1054,mMTC,257.0,243.0,514,513,39670761.0,77330.91812865497,513,0.9980544747081712,142.72418001848902,0.278214775864501,0.2988122862743639,0,0.0,88.72318662966475,0.17261320355965906,0.1965792544794921,0,0.0
1055,URLLC,201.0,299.0,804,803,111699145.0,139102.29763387298,803,0.9987562189054726,50.39465655210252,0.06275797827160962,0.0645403979599169,0,0.0,3.4060382194110606,0.00423636594454112,0.005697282414610957,0,0.0
1056,mMTC,315.25,184.75,631,630,51205308.0,81278.26666666666,630,0.9984152139461173,178.63907633195075,0.28355408941579485,0.30146417161362327,0,0.0,112.8217830950064,0.17879838842314802,0.19676938592934456,0,0.0
1057,eMBB,487.25,12.75,20,1928,286453828.9785877,148575.6374370268,19,0.95,195.54623244777437,10.291906970935493,17.822085502862095,0,0.0,4.806296950447112,0.2403148475223556,0.2421948546645444,0,0.0
1058,eMBB,494.75,5.25,18,1960,304587332.21594816,155401.70011017763,17,0.9444444444444444,194.2413131926106,11.42595959956533,18.719294669205784,0,0.0,4.1685108844062455,0.23158393802256919,0.23650326975319236,0,0.0
1059,eMBB,493.5,6.5,21,1952,306158318.73958075,156843.40099363768,20,0.9523809523809523,191.50939873989094,9.575469936994548,17.815410799963015,0,0.0,4.896019949421979,0.23314380711533234,0.23615907830744928,0,0.0
1060,eMBB,490.0,10.0,17,1942,285359513.2367549,146941.04698082127,16,0.9411764705882353,186.4595539748145,11.653722123425906,19.4232351799289,0,0.0,4.088600472157612,0.24050591012691835,0.24381786368121958,0,0.0
1061,URLLC,213.75,286.25,855,855,118986523.0,139165.52397660818,855,1.0,53.72956242988742,0.06284159348524845,0.06449525487812341,0,0.0,3.337400449118211,0.0039033923381499545,0.00506741164888052,0,0.0
1062,eMBB,494.0,6.0,20,1955,291290231.4264842,148997.56083196125,19,0.95,191.02138422840133,10.053757064652702,18.923391278962892,0,0.0,4.680151364503326,0.23400756822516627,0.24223901259572703,0,0.0
1063,eMBB,493.0,7.0,22,1949,376020060.0245729,192929.7383399553,21,0.9545454545454546,195.9600197794487,9.33142951330708,15.41650839155061,0,0.0,4.962847594799947,0.22558398158181578,0.23398323824351083,0,0.0
1064,mMTC,258.0,242.0,516,516,40243909.0,77992.07170542635,516,1.0,142.39133662032503,0.2759522027525679,0.2971829281888195,0,0.0,88.57081134237602,0.1716488591906512,0.1939389456247169,0,0.0
1065,mMTC,241.5,258.5,483,483,39155998.0,81068.31884057971,483,1.0,135.12613155109673,0.2797642475177986,0.29988780189580294,0,0.0,83.9231371941737,0.17375390723431408,0.1944957176408678,0,0.0
1066,mMTC,258.0,242.0,516,516,41534593.0,80493.39728682171,516,1.0,148.0717264316194,0.28696071013879726,0.31512046607777866,0,0.0,92.83191535367064,0.17990681270091208,0.20816790881282135,0,0.0
1067,mMTC,290.0,210.0,580,580,47761042.0,82346.62413793104,580,1.0,159.7777884305191,0.2754789455698605,0.29282713838644386,0,0.0,98.6199095871003,0.17003432687431086,0.18783609052319603,0,0.0
1068,URLLC,236.0,264.0,944,944,132224860.0,140068.70762711865,944,1.0,59.312473690148366,0.06283101026498768,0.06453562892427725,0,0.0,3.78052943553291,0.004004798130861134,0.0052936114514896835,0,0.0
1069,eMBB,493.25,6.75,17,1955,293727803.84671926,150244.40094461344,16,0.9411764705882353,195.05651147002806,12.191031966876754,18.52379333045173,0,0.0,3.964305688830997,0.2331944522841763,0.24176840963221619,0,0.0
1070,mMTC,245.0,255.0,490,489,38570096.0,78875.45194274028,489,0.9979591836734694,138.79051211807078,0.28382517815556396,0.3029718053790934,0,0.0,88.02260107874773,0.17963796138519944,0.19816780982353777,0,0.0
1071,eMBB,492.25,7.75,18,1950,291724959.19216084,149602.5431754671,17,0.9444444444444444,189.81814674217705,11.165773337775121,19.823712112813663,0,0.0,4.247844268507393,0.2359913482504107,0.24232741566826044,0,0.0
1072,eMBB,494.0,6.0,18,1957,305067123.13968676,155885.09102692222,17,0.9444444444444444,196.77410022842105,11.574947072260061,18.81809894036547,0,0.0,4.203161831103239,0.23350899061684663,0.23688284436894366,0,0.0
1073,URLLC,168.5,331.5,674,673,96088157.0,142775.8647845468,673,0.9985163204747775,42.51968644393564,0.06317932606825503,0.06476580634220014,0,0.0,2.7784434837339247,0.0041223197088040425,0.005362977683747321,0,0.0
1074,eMBB,490.0,10.0,19,1940,284756107.74865633,146781.49883951357,18,0.9473684210526315,193.72952291396246,10.762751272997914,19.925918683277327,0,0.0,4.5992645605925455,0.24206655582066028,0.24444824751962516,0,0.0
1075,eMBB,491.25,8.75,17,1947,284220578.0106129,145978.72522373544,16,0.9411764705882353,197.27711177453546,12.329819485908466,18.92634382997617,0,0.0,4.0973908993350685,0.24102299407853345,0.24622329833750956,0,0.0
1076,eMBB,494.25,5.75,16,1960,295417419.8512176,150723.17339347838,15,0.9375,190.8281926866984,12.72187951244656,19.724118523221307,0,0.0,3.7223588678974666,0.23264742924359166,0.24174212484526392,0,0.0
1077,eMBB,488.25,11.75,23,1929,371055557.90221983,192356.43229767747,22,0.9565217391304348,191.97138938380058,8.725972244718209,15.210619650550464,0,0.0,5.1943703746599335,0.2258421902026058,0.23302274627559047,0,0.0
1078,URLLC,179.75,320.25,719,719,102617680.0,142722.7816411683,719,1.0,45.5928164873425,0.06341142765972532,0.06540327971670917,0,0.0,2.9591523304193714,0.004115649972766859,0.005314729209016696,0,0.0
1079,eMBB,490.25,9.75,17,1943,302042364.4073973,155451.55141914423,16,0.9411764705882353,185.37552343256806,11.585970214535504,19.018987273833602,0,0.0,3.8891361687138204,0.2287727158066953,0.23707913927849214,0,0.0
1080,URLLC,190.25,309.75,761,761,106130828.0,139462.3232588699,761,1.0,48.10651670836199,0.06321487083884623,0.06500495490745502,0,0.0,3.205676339900466,0.00421245248344345,0.005607501314516552,0,0.0
1081,eMBB,495.25,4.75,19,1961,287785192.88124883,146754.30539584337,18,0.9473684210526315,191.60531233304562,10.64473957405809,19.128032113869615,0,0.0,4.575994631319137,0.2408418227010072,0.24605917474528033,0,0.0
1082,eMBB,494.25,5.75,18,1958,286093904.8802783,146115.37532189902,17,0.9444444444444444,187.09170669541615,11.005394511495068,19.2254375154531,0,0.0,4.331884548259533,0.24066025268108518,0.24523207053880036,0,0.0
1083,eMBB,487.5,12.5,22,1927,287897869.65659034,149402.11191312422,21,0.9545454545454546,196.75806190547192,9.369431519308186,17.822004655174315,0,0.0,5.156812747724816,0.23440057944203707,0.24161822036033126,0,0.0
1084,eMBB,488.75,11.25,23,1932,371010543.0000007,192034.4425465842,23,1.0,197.96984449564073,8.607384543288727,15.012338842152744,0,0.0,5.184386824770996,0.22540812281613026,0.2336358308706011,0,0.0
1085,eMBB,494.0,6.0,19,1956,291450826.4559485,149003.4900081536,18,0.9473684210526315,193.68651462157789,10.760361923420994,19.822002948842098,0,0.0,4.433370043237141,0.23333526543353375,0.24225804630992484,0,0.0
1086,mMTC,248.5,251.5,497,497,40639026.0,81768.66398390342,497,1.0,139.08522647743746,0.2798495502564134,0.3012555552203301,0,0.0,86.47172569897586,0.1739873756518629,0.19585261333998816,0,0.0
1087,URLLC,214.0,286.0,856,855,123589396.0,144549.00116959066,855,0.9988317757009346,54.06975253694003,0.06323947665139185,0.06505440663053194,0,0.0,3.6926200959075617,0.004313808523256497,0.0058132248316283865,0,0.0
1088,mMTC,244.0,256.0,488,488,39959918.0,81885.07786885246,488,1.0,134.59548406793402,0.275810418171996,0.29592029403161013,0,0.0,83.01741460263483,0.1701176528742517,0.19185505163844774,0,0.0
1089,eMBB,493.0,7.0,21,1950,281946139.94451773,144587.76407411165,20,0.9523809523809523,186.30342524313647,9.315171262156824,19.123404695533292,0,0.0,4.9970468544836235,0.2379546121182678,0.24522808929062262,0,0.0
1090,eMBB,490.25,9.75,18,1942,291952381.7366095,150335.9329230739,17,0.9444444444444444,194.4776097709493,11.439859398291135,19.424723076403293,0,0.0,4.207255019557061,0.23373638997539226,0.24269203946049583,0,0.0
1091,eMBB,490.5,9.5,21,1940,373980278.0421546,192773.33919698693,20,0.9523809523809523,192.02225683952926,9.601112841976462,15.311993811889835,0,0.0,4.810293979105519,0.22906161805264377,0.2346440550079582,0,0.0
1092,eMBB,495.75,4.25,19,1963,292755578.1921605,149136.82027109552,18,0.9473684210526315,191.34872115041276,10.630484508356265,19.424183066762772,0,0.0,4.497708761893525,0.23672151378386977,0.24279731373168978,0,0.0
1093,eMBB,493.75,6.25,20,1954,303291659.6103077,155215.7930451933,19,0.95,192.5685989575742,10.135189418819696,17.518194986849092,0,0.0,4.633527439762453,0.23167637198812266,0.23645815758026453,0,0.0
1094,eMBB,491.0,9.0,17,1946,309691796.2478508,159142.75243979998,16,0.9411764705882353,187.73918319286008,11.733698949553755,18.514710660760286,0,0.0,3.856759522827362,0.22686820722513895,0.23519804062288396,0,0.0
1095,eMBB,497.0,3.0,16,1971,291433607.5149455,147860.78514203223,15,0.9375,197.73141792043063,13.182094528028708,19.324651984359733,0,0.0,3.8474948250815735,0.24046842656759834,0.24541493785128854,0,0.0
1096,URLLC,168.75,331.25,675,675,94807023.0,140454.8488888889,675,1.0,42.49376229841264,0.06295372192357428,0.06473134545330136,0,0.0,2.8083742607203517,0.004160554460326447,0.005151877775342985,0,0.0
1097,mMTC,297.0,203.0,594,593,46096039.0,77733.6239460371,593,0.9983164983164983,168.28344403573448,0.2837832108528406,0.3006437850611324,0,0.0,105.59346178861651,0.17776677068790658,0.19545927302630012,0,0.0
1098,mMTC,306.0,194.0,612,612,48192980.0,78746.69934640524,612,1.0,174.2958487443699,0.28479713847119265,0.308066611798182,0,0.0,110.48009236659196,0.18052302674279733,0.20336066374262646,0,0.0
1099,eMBB,488.25,11.75,20,1932,286319715.80225474,148198.61066369293,19,0.95,185.96059758026166,9.78739987264535,19.623970033865486,0,0.0,4.728560109252984,0.23642800546264922,0.24236639254391654,0,0.0
1100,mMTC,301.0,199.0,602,602,47102998.0,78244.18272425249,602,1.0,168.84111517067896,0.28046696872205806,0.3013552664490467,0,0.0,105.21622277238846,0.17477777869167518,0.1958201546541749,0,0.0
1101,eMBB,487.25,12.75,22,1926,303358471.95601606,157506.99478505508,21,0.9545454545454546,192.0019421934689,9.142949628260423,17.41397157086396,0,0.0,5.108615300324626,0.2322097863783921,0.23533250986211043,0,0.0
1102,mMTC,263.0,237.0,526,525,42492418.0,80937.93904761905,525,0.9980988593155894,144.94594091576957,0.27608750650622776,0.2941584149573317,0,0.0,89.73432606989786,0.17059757807965373,0.18956337119664785,0,0.0
1103,eMBB,495.75,4.25,21,1961,283406077.9981959,144521.20244681076,20,0.9523809523809523,196.7930339472865,9.839651697364324,17.02499330144337,0,0.0,4.991141419376464,0.23767340092268877,0.24578345121924264,0,0.0
1104,mMTC,304.5,195.5,609,609,48557602.0,79733.33661740558,609,1.0,172.91078541235373,0.2839257560137171,0.3071333814082372,0,0.0,108.44026281474706,0.178062828924051,0.20290606653644228,0,0.0
1105,eMBB,489.25,10.75,23,1933,372078897.9879031,192487.78995752876,22,0.9565217391304348,195.46444808268615,8.884747640122098,14.705443353242751,0,0.0,5.29540818706903,0.23023513856821867,0.23362787055194567,0,0.0
1106,eMBB,486.0,14.0,17,1926,288293829.8018081,149685.26988671243,16,0.9411764705882353,188.5725895590013,11.785786847437581,19.621835644630536,0,0.0,4.091540477735336,0.24067885163149036,0.24239470310345693,0,0.0
1107,mMTC,317.25,182.75,635,634,50206008.0,79189.28706624606,634,0.9984251968503937,177.85976549133676,0.2805359077150422,0.3089412856992372,0,0.0,110.87955087937078,0.17461346595176502,0.20643646894710044,0,0.0
1108,eMBB,492.75,7.25,17,1953,310756530.0708949,159117.52691802094,16,0.9411764705882353,196.78161497544147,12.298850935965092,17.815588572052228,0,0.0,3.902040939834983,0.22953181999029312,0.23527032561026817,0,0.0
1109,eMBB,496.0,4.0,18,1965,288694221.6763071,146918.17897013083,17,0.9444444444444444,193.78288781322095,11.398993400777703,19.625122384271357,0,0.0,4.337665853621764,0.24098143631232022,0.24487595629644474,0,0.0
1110,URLLC,203.25,296.75,813,813,117118523.0,144057.22386223864,813,1.0,51.18476478352277,0.06295789026263564,0.06472753125487782,0,0.0,3.458835826215151,0.00425441061035074,0.005398437075130932,0,0.0
1111,eMBB,495.75,4.25,19,1963,294018840.42602634,149780.35681407354,18,0.9473684210526315,195.49795646835182,10.8609975815751,19.42407431241214,0,0.0,4.4485458388485,0.2341339915183421,0.24233913319816502,0,0.0
1112,mMTC,276.5,223.5,553,553,42357312.0,76595.50090415913,553,1.0,157.63569636368624,0.28505550879509267,0.30466558149050493,0,0.0,100.05164897090845,0.18092522417885795,0.2000594895460605,0,0.0
1113,eMBB,493.75,6.25,16,1958,294286730.99999994,150299.6583248212,15,0.9375,199.1036667031202,13.273577780208013,19.120292226896613,0,0.0,3.80494310700958,0.23780894418809875,0.24290234030425642,0,0.0
1114,eMBB,492.25,7.75,24,1944,298758248.3894107,153682.2265377627,23,0.9583333333333334,193.28624974989404,8.403749989125828,16.217060139896965,0,0.0,5.524653632706592,0.23019390136277465,0.2370095731682308,0,0.0
1115,eMBB,492.5,7.5,17,1952,309599939.43263197,158606.52634868442,16,0.9411764705882353,188.73880018650547,11.796175011656592,17.50515855059655,0,0.0,3.862122753095107,0.2271836913585357,0.2352610632429101,0,0.0
1116,URLLC,197.25,302.75,789,788,111437087.0,141417.6230964467,788,0.9987325728770595,49.90941560684337,0.06333682183609564,0.06531780143647116,0,0.0,3.174839675335094,0.00402387791550709,0.005027290825728244,0,0.0
1117,eMBB,492.0,8.0,18,1949,283590028.3216258,145505.4019095053,17,0.9444444444444444,195.97913918661172,11.528184658035983,18.927222862282363,0,0.0,4.326165248220926,0.24034251379005145,0.245836501335685,0,0.0
1118,eMBB,492.75,7.25,22,1948,289699893.9159798,148716.5779856159,21,0.9545454545454546,199.30707265408856,9.490812983528027,18.622384383562963,0,0.0,5.209252392320178,0.2367841996509172,0.24236715534152597,0,0.0
1119,eMBB,495.5,4.5,23,1958,376222530.30777997,192146.33825729313,22,0.9565217391304348,196.370071258006,8.925912329909364,15.009971530430276,0,0.0,5.197955188494143,0.2259980516736584,0.23329298142258265,0,0.0
1120,eMBB,495.25,4.75,18,1962,292801949.9229287,149236.46785062624,17,0.9444444444444444,187.8675925334652,11.051034854909718,17.92316400008166,0,0.0,4.204731755660469,0.23359620864780384,0.24153421862131638,0,0.0
1121,mMTC,307.0,193.0,614,613,49191243.0,80246.72593800978,613,0.998371335504886,172.52198232933887,0.28143879662208626,0.3010516219564332,0,0.0,108.100142650733,0.17605886425200815,0.19755165135814257,0,0.0
1122,eMBB,492.5,7.5,19,1950,309216279.2447807,158572.45089475936,18,0.9473684210526315,194.82992915267675,10.823884952926486,18.512756016389584,0,0.0,4.389101427350781,0.23100533828162004,0.2351597874248251,0,0.0
1123,eMBB,490.0,10.0,18,1941,285452028.23415864,147064.41434011265,17,0.9444444444444444,193.25319599810817,11.367835058712245,17.823067234651813,0,0.0,4.310434483850748,0.23946858243615265,0.24512559761888425,0,0.0
1124,mMTC,293.75,206.25,588,587,47014871.0,80093.47700170358,587,0.9982993197278912,163.82490285026634,0.27908842052856275,0.2995302439000438,0,0.0,101.93442524411255,0.1733578660614159,0.1972089922761121,0,0.0
1125,eMBB,492.5,7.5,19,1950,290825526.19509375,149141.29548466345,18,0.9473684210526315,194.89803287665023,10.827668493147236,19.12411848558525,0,0.0,4.549796755697702,0.23946298714198433,0.24141227419257166,0,0.0
1126,eMBB,490.0,10.0,23,1936,370806794.91292167,191532.4353889058,22,0.9565217391304348,192.82116932403267,8.764598605637849,15.112703163541989,0,0.0,5.253634634144481,0.22841889713671656,0.23370163759076548,0,0.0
1127,eMBB,488.5,11.5,16,1937,291845388.66083145,150668.76027921087,15,0.9375,195.17070857113663,13.01138057140911,19.322026491726348,0,0.0,3.7740435795183367,0.23587772371989604,0.24242972549850972,0,0.0
1128,URLLC,214.25,285.75,857,857,119312336.0,139220.92882147024,857,1.0,54.771209116544064,0.0639103957019184,0.06650816783447812,0,0.0,4.038436618467146,0.004712294770673449,0.006366779940846607,0,0.0
1129,mMTC,265.0,235.0,530,530,43158813.0,81431.72264150943,530,1.0,152.42363508898487,0.28759176431883937,0.30935584728360443,0,0.0,95.77562935701899,0.18070873463588488,0.2030323713861685,0,0.0
1130,eMBB,492.25,7.75,22,1946,283667078.4736321,145769.31062365472,21,0.9545454545454546,193.28231754634618,9.203919883159342,20.0234861104842,0,0.0,5.215531882590738,0.23706963102685172,0.244456426112672,0,0.0
1131,mMTC,280.5,219.5,561,560,45734592.0,81668.91428571429,560,0.9982174688057041,156.48165520665242,0.27943152715473646,0.30085425415269046,0,0.0,97.65038683686916,0.17406486067178104,0.19874937039200669,0,0.0
1132,eMBB,492.25,7.75,19,1949,292303105.73220664,149975.93931873096,18,0.9473684210526315,196.18529983424264,10.899183324124591,19.622950971573797,0,0.0,4.439639056040089,0.23366521347579414,0.24132715265550553,0,0.0
1133,eMBB,486.0,14.0,23,1920,368868681.70065665,192119.10505242535,22,0.9565217391304348,187.46088257886746,8.52094920813034,14.61237973873735,0,0.0,5.297021839306453,0.23030529736115013,0.2337816445929611,0,0.0
1134,eMBB,497.25,2.75,16,1972,296092399.7269419,150148.27572360137,15,0.9375,185.62120046824825,12.374746697883216,18.42348202391803,0,0.0,3.7244258020203156,0.23277661262626972,0.24286611060447888,0,0.0
1135,URLLC,192.0,308.0,768,767,107818604.0,140571.84354628422,767,0.9986979166666666,49.04826242783214,0.06394819090982026,0.06647346388063195,0,0.0,3.705004749381691,0.004824224934090743,0.00660351889469276,0,0.0
1136,eMBB,493.0,7.0,22,1949,306829236.133435,157429.05907308107,21,0.9545454545454546,196.7951288248396,9.371196610706647,18.5148573657919,0,0.0,5.110215788122158,0.23228253582373445,0.23550449095021392,0,0.0
1137,mMTC,275.5,224.5,551,550,41640430.0,75709.87272727273,550,0.9981851179673321,152.162270585088,0.2766586737910691,0.29532016964508195,0,0.0,94.45872388295705,0.1714314408039148,0.1912331672519195,0,0.0
1138,eMBB,496.0,4.0,16,1967,289471343.1673555,147163.87552992144,15,0.9375,195.4739001980609,13.031593346537393,20.125908316626024,0,0.0,3.7865309391521644,0.23665818369701028,0.2458889225776286,0,0.0
1139,eMBB,493.75,6.25,20,1954,291130781.1026324,148992.2114138344,19,0.95,194.16334881229722,10.219123621699854,19.121833733079207,0,0.0,4.7396164782464565,0.23698082391232284,0.2430102896239472,0,0.0
1140,URLLC,207.5,292.5,830,830,117797323.0,141924.48554216867,830,1.0,52.27307658558011,0.06297961034407241,0.06466939547143592,0,0.0,3.238623071413392,0.0039019555077269784,0.005208018714480505,0,0.0
1141,eMBB,494.75,5.25,16,1962,293839209.8018077,149765.14261050342,15,0.9375,191.91988341262086,12.794658894174724,19.623915903698407,0,0.0,3.8289817750341597,0.23931136093963498,0.24247227091770443,0,0.0
1142,eMBB,485.0,15.0,19,1920,297870095.0833071,155140.67452255578,18,0.9473684210526315,188.88442806442427,10.49357933691246,18.916292634495463,0,0.0,4.435460517602967,0.23344529040015613,0.23719011739677645,0,0.0
1143,mMTC,292.75,207.25,586,585,47008703.0,80356.75726495727,585,0.9982935153583617,168.68917908776746,0.28835757109020077,0.3168306153201291,0,0.0,106.23327356195563,0.1812854497644294,0.21005865326884704,0,0.0
1144,eMBB,492.25,7.75,16,1952,287918819.4055295,147499.39518725895,15,0.9375,184.74614222304203,12.316409481536136,18.624424309506928,0,0.0,3.769593172548072,0.2355995732842545,0.2459529101994514,0,0.0
1145,mMTC,295.75,204.25,592,591,47234469.0,79922.95939086295,591,0.9983108108108109,165.03111142624445,0.27924045926606506,0.2991192196303656,0,0.0,102.80403317667168,0.17365546144708055,0.19653320685507833,0,0.0
1146,eMBB,493.25,6.75,17,1955,293749583.9178256,150255.5416459466,16,0.9411764705882353,183.8368921678339,11.489805760489618,19.820466819466084,0,0.0,4.060463266880068,0.23885078040470986,0.24194357927629714,0,0.0
1147,eMBB,492.25,7.75,24,1944,372916788.55141836,191829.62374044154,23,0.9583333333333334,188.87853440006688,8.212110191307255,14.512704644887153,0,0.0,5.434617548767576,0.22644239786531564,0.23328953003058214,0,0.0
1148,eMBB,493.25,6.75,22,1950,288732753.6112863,148068.0787750186,21,0.9545454545454546,189.94337354162093,9.044922549600997,18.021669016298556,0,0.0,5.161290481248544,0.23460411278402474,0.24256486880811542,0,0.0
1149,eMBB,491.5,8.5,20,1945,301344307.1693451,154932.80574259386,19,0.95,196.7709715406337,10.356366923191247,16.017349714332433,0,0.0,4.642556425098339,0.23212782125491693,0.23726096733470564,0,0.0
1150,eMBB,489.0,11.0,20,1935,305714565.6027155,157992.02356729482,19,0.95,192.29306951664725,10.120687869297223,18.11575353251941,0,0.0,4.671868124977992,0.23359340624889963,0.23540097206423352,0,0.0
1151,eMBB,495.75,4.25,19,1963,288714969.11454463,147078.43561617148,18,0.9473684210526315,197.11650103425958,10.950916724125532,19.30933135976469,0,0.0,4.497947876117786,0.23673409874304138,0.24516552085884832,0,0.0
1152,mMTC,259.75,240.25,520,519,41181148.0,79347.10597302504,519,0.9980769230769231,145.35613345561794,0.28006962130176866,0.3022827798477757,0,0.0,90.80183845903663,0.17461892011353197,0.20025607865119452,0,0.0
1153,eMBB,494.25,5.75,19,1957,292980418.26662344,149708.95159255157,18,0.9473684210526315,190.08581779957035,10.560323211087242,19.824543388655602,0,0.0,4.446148769252912,0.2340078299606796,0.24248085859152693,0,0.0
1154,mMTC,305.5,194.5,611,611,49773428.0,81462.23895253682,611,1.0,174.5959278230837,0.28575438268917136,0.30960370541586335,0,0.0,111.00751058141708,0.18168168671263024,0.20528998513808555,0,0.0
1155,URLLC,155.25,344.75,621,621,88523095.0,142549.26731078906,621,1.0,39.46556553674238,0.06355163532486696,0.06570122746480135,0,0.0,2.698576775588475,0.004345534260206884,0.005617782080185965,0,0.0
1156,eMBB,493.25,6.75,18,1954,304008390.9939017,155582.59518623425,17,0.9444444444444444,195.43824212157813,11.496367183622242,17.3188130758298,0,0.0,4.177141981241862,0.23206344340232565,0.23765670720983145,0,0.0
1157,URLLC,220.0,280.0,880,880,124774623.0,141789.34431818183,880,1.0,55.7512296193109,0.0633536700219442,0.06542251561855755,0,0.0,3.963795840464729,0.0045043134550735555,0.00616108195617383,0,0.0
1158,eMBB,496.5,3.5,17,1968,290361418.1196879,147541.37099577638,16,0.9411764705882353,181.57379770093698,11.348362356308561,17.72350622587014,0,0.0,4.015364874831351,0.2361979338136089,0.2450849602966664,0,0.0
1159,eMBB,494.0,6.0,18,1957,286087551.15435034,146186.7915964999,17,0.9444444444444444,197.33928541081028,11.608193259459428,19.725905111845126,0,0.0,4.388737454183405,0.24381874745463364,0.24636236194479047,0,0.0
1160,eMBB,490.75,9.25,14,1948,294472548.2816805,151166.6058940865,13,0.9285714285714286,191.16769260505546,14.705207123465804,19.623704849754816,0,0.0,3.339542587016142,0.2385387562154387,0.24202142752971006,0,0.0
1161,URLLC,158.5,341.5,634,634,86264350.0,136063.64353312302,634,1.0,39.955281298166376,0.06302094841982078,0.06465907289465743,0,0.0,2.542219545666328,0.004009810008937425,0.00519569764368686,0,0.0
1162,eMBB,486.75,13.25,16,1930,289496602.0085307,149998.2393826584,15,0.9375,182.5994653229097,12.17329768819398,19.32376724571874,0,0.0,3.8089513610472694,0.23805946006545434,0.2434531667749524,0,0.0
1163,eMBB,492.5,7.5,15,1954,306423479.71206206,156818.56689460698,14,0.9333333333333333,196.72108032847075,14.051505737747911,18.316025186820628,0,0.0,3.5078533469316437,0.23385688979544292,0.23734098955953542,0,0.0
1164,mMTC,257.0,243.0,514,513,40167835.0,78299.87329434698,513,0.9980544747081712,147.9799279437979,0.2884598985259218,0.3159017892437628,0,0.0,93.40395036652845,0.18171974779480243,0.20673006556228574,0,0.0
1165,URLLC,147.25,352.75,589,589,81304933.0,138038.93548387097,589,1.0,37.344365946685514,0.06340299821169018,0.06535168246336757,0,0.0,2.449470141300901,0.0041586929393903245,0.005288767828420995,0,0.0
1166,mMTC,293.75,206.25,588,587,46391395.0,79031.33730834753,587,0.9982993197278912,164.5450069812774,0.2803151737330109,0.30369385319657155,0,0.0,102.89747083050803,0.17499569869134018,0.20175898687178523,0,0.0
1167,eMBB,491.25,8.75,19,1945,291171501.4658899,149702.5714477583,18,0.9473684210526315,191.03653824045233,10.613141013358463,18.622463901430084,0,0.0,4.498947837397266,0.2367867282840666,0.24299258041196387,0,0.0
1168,eMBB,489.75,10.25,28,1930,366738358.6046764,190019.8749247028,27,0.9642857142857143,192.31063070944907,7.1226159522018175,13.712379304264301,0,0.0,6.441336338447777,0.2300477263731349,0.23333553726755846,0,0.0
1169,eMBB,493.0,7.0,15,1956,295466271.2817018,151056.3759108905,14,0.9333333333333333,198.4489222418739,14.174923017276708,19.32215938918496,0,0.0,3.5420521346154787,0.23613680897436526,0.2430083474044311,0,0.0
1170,eMBB,492.0,8.0,18,1949,302052530.0181673,154978.20934744348,17,0.9444444444444444,190.88091528653277,11.228289134501928,18.517522012801756,0,0.0,4.124857491250594,0.2291587495139219,0.2372155737506248,0,0.0
1171,eMBB,492.0,8.0,18,1949,309128387.73958045,158608.71613113413,17,0.9444444444444444,190.4532873698847,11.203134551169688,18.614069142091914,0,0.0,4.099645794757632,0.22775809970875732,0.23582505867600384,0,0.0
1172,mMTC,285.25,214.75,571,570,45582578.0,79969.43508771929,570,0.9982486865148862,157.75099521042517,0.2767561319481143,0.2962658550481891,0,0.0,97.9112959646131,0.17147337296779877,0.19282605573194977,0,0.0
1173,eMBB,492.5,7.5,19,1950,283522146.9632076,145395.97280164494,18,0.9473684210526315,188.9198710836724,10.495548393537355,18.081479047651825,0,0.0,4.588092639072781,0.241478559951199,0.24579397265612374,0,0.0
1174,mMTC,304.5,195.5,609,609,49975932.0,82062.28571428571,609,1.0,173.64724989601922,0.2851350573005242,0.30646786990376057,0,0.0,109.27282546217289,0.17942992686727896,0.2013333734135269,0,0.0
1175,eMBB,493.5,6.5,21,1952,376087726.1644345,192667.89250227177,20,0.9523809523809523,197.77690584350833,9.888845292175416,15.31412392101551,0,0.0,4.783683141765874,0.22779443532218446,0.23345288455513458,0,0.0
1176,eMBB,494.75,5.25,21,1957,290615206.3605099,148500.36094047516,20,0.9523809523809523,194.6314476484735,9.731572382423675,19.123887499656686,0,0.0,4.9333530695286365,0.23492157473945888,0.24308241194340993,0,0.0
1177,mMTC,286.0,214.0,572,571,44788206.0,78438.18914185639,571,0.9982517482517482,161.15712514507325,0.28223664648874475,0.30254281015701506,0,0.0,101.23072909137852,0.1769767991108016,0.1994222446869296,0,0.0
1178,mMTC,303.0,197.0,606,606,50257217.0,82932.70132013201,606,1.0,174.93234765245876,0.288667240350592,0.3100583116702233,0,0.0,110.35029443365515,0.1820961954350745,0.20359587620296365,0,0.0
1179,eMBB,489.5,10.5,17,1940,285695463.9152779,147265.70304911232,16,0.9411764705882353,185.2741270123175,11.579632938269844,19.12445318712929,0,0.0,4.018562091177828,0.23638600536340165,0.24461487101774892,0,0.0
1180,eMBB,493.75,6.25,20,1954,283250886.90254366,144959.51223262213,19,0.95,191.5494194639326,10.081548392838558,19.02680962087173,0,0.0,4.8384307234390755,0.24192153617195378,0.24590328773889072,0,0.0
1181,eMBB,493.5,6.5,17,1956,293349301.85121727,149974.08070103131,16,0.9411764705882353,190.68754846376746,11.917971778985466,19.323831786315147,0,0.0,4.016583734056583,0.23626963141509313,0.242643633989778,0,0.0
1182,eMBB,490.25,9.75,25,1935,369992011.2234231,191210.34171753132,24,0.96,197.22750697445426,8.217812790602261,15.013886862425569,0,0.0,5.712397145877061,0.22849588583508243,0.23384897517536743,0,0.0
1183,mMTC,253.0,247.0,506,505,41122692.0,81431.07326732673,505,0.9980237154150198,140.2615596064668,0.27774566258706296,0.2997674359302737,0,0.0,87.8572115301651,0.17363085282641325,0.19811353165676945,0,0.0
1184,eMBB,489.75,10.25,20,1938,300088386.10730207,154844.36847642006,19,0.95,193.0320355948398,10.159580820781043,18.6142842318073,0,0.0,4.71336192454979,0.23566809622748952,0.23734929381256836,0,0.0
1185,mMTC,262.0,238.0,524,524,43793197.0,83574.8034351145,524,1.0,151.41481546000958,0.2889595714885679,0.3112992732553736,0,0.0,95.65289030171877,0.18254368378190605,0.20429549867877028,0,0.0
1186,eMBB,491.0,9.0,17,1946,286216360.51494586,147079.32195012635,16,0.9411764705882353,195.47520592056097,12.21720037003506,18.323625705282918,0,0.0,4.121193191603332,0.24242312891784307,0.24521583762672355,0,0.0
1187,mMTC,257.5,242.5,515,515,41879779.0,81319.95922330098,515,1.0,144.6238454253022,0.2808230008258295,0.2986794462991927,0,0.0,90.5919609733364,0.17590672033657553,0.1982617355299619,0,0.0
1188,eMBB,490.5,9.5,17,1944,292977997.9113304,150708.84666220698,16,0.9411764705882353,196.13956546050028,12.258722841281267,19.822284432698062,0,0.0,3.9714920651718995,0.23361718030422937,0.24218445991343715,0,0.0
1189,eMBB,486.0,14.0,23,1920,368300790.8107321,191823.32854725633,22,0.9565217391304348,188.72654120675045,8.578479145761385,14.51088057791567,0,0.0,5.272433594216834,0.22923624322681888,0.234891646942169,0,0.0
1190,eMBB,491.75,8.25,17,1949,291360940.7222019,149492.52987285884,16,0.9411764705882353,197.06312567346606,12.316445354591629,18.022298939902146,0,0.0,4.094772557427145,0.24086897396630266,0.24255634034291956,0,0.0
1191,eMBB,491.5,8.5,20,1945,301002550.4216468,154757.0953324662,19,0.95,189.01036628439857,9.947914014968346,18.91850689998401,0,0.0,4.692335161758487,0.23461675808792437,0.2375876588905607,0,0.0
1192,eMBB,494.5,5.5,19,1958,309933176.7569371,158290.6929299985,18,0.9473684210526315,188.5084293855735,10.47269052142075,18.016476408586666,0,0.0,4.374846111676611,0.2302550585092953,0.23594524343418907,0,0.0
1193,eMBB,491.5,8.5,18,1947,286339492.35503596,147067.02226760963,17,0.9444444444444444,192.69160408036097,11.334800240021234,19.297900120484794,0,0.0,4.359028119367905,0.2421682288537725,0.2453003562268553,0,0.0
1194,eMBB,490.5,9.5,18,1943,282747903.83165175,145521.30922884805,17,0.9444444444444444,193.12004919692154,11.360002893936562,19.224439935438888,0,0.0,4.3752510462690735,0.24306950257050408,0.2469649259547245,0,0.0
1195,eMBB,488.5,11.5,20,1934,287293193.00000024,148548.70372285432,20,1.0,197.77554698093314,9.888777349046658,16.21971516517529,0,0.0,4.739530753332395,0.23697653766661975,0.2426297093221059,0,0.0
1196,eMBB,492.5,7.5,25,1944,373481785.2234229,192120.25988859203,24,0.96,198.08653600016083,8.253605666673367,15.311659260578452,0,0.0,5.6752750398621,0.227011001594484,0.233871962636128,0,0.0
1197,eMBB,497.25,2.75,22,1966,292545864.054691,148802.57581622127,21,0.9545454545454546,196.45258155598154,9.35488483599912,18.61948626338999,0,0.0,5.175754194352999,0.23526155428877268,0.24281262881526164,0,0.0
1198,eMBB,490.5,9.5,21,1940,300778043.461379,155040.2285883397,20,0.9523809523809523,189.531984290735,9.476599214536751,19.01775234686376,0,0.0,4.834153631857657,0.23019779199322174,0.2378252096666377,0,0.0
1199,mMTC,243.0,257.0,486,485,38563213.0,79511.7793814433,485,0.9979423868312757,140.5928129554625,0.28988208856796394,0.3167233894981948,0,0.0,89.16629947359341,0.1834697520032786,0.20580397377169907,0,0.0
1200,eMBB,493.75,6.25,19,1955,287838907.65309346,147232.17782766928,18,0.9473684210526315,195.67139772963628,10.870633207202015,18.624148402329695,0,0.0,4.559903777228442,0.2399949356436022,0.2466426168087207,0,0.0
1201,eMBB,492.5,7.5,15,1954,287051994.2323488,146904.80769311608,14,0.9333333333333333,189.84018842117325,13.560013458655233,20.125061930494116,0,0.0,3.5406695300130084,0.23604463533420056,0.24546134757447763,0,0.0
1202,eMBB,493.75,6.25,18,1956,293089995.6724704,149841.51107999508,17,0.9444444444444444,195.63965956361494,11.508215268447938,19.12171262681418,0,0.0,4.29112367020915,0.2383957594560639,0.24310968284729112,0,0.0
1203,mMTC,289.5,210.5,579,579,46389364.0,80119.79965457685,579,1.0,165.79338388450407,0.28634435904059424,0.307069207352958,0,0.0,105.5899437731152,0.1823660514216152,0.20237297503596804,0,0.0
1204,eMBB,495.0,5.0,19,1960,291535622.0546913,148742.664313618,18,0.9473684210526315,195.18124215323635,10.843402341846463,19.121430052611128,0,0.0,4.451483488404631,0.23428860465287532,0.24354401694129013,0,0.0
1205,eMBB,490.75,9.25,21,1941,300319507.2825668,154724.1150348103,20,0.9523809523809523,191.97953210825082,9.598976605412542,18.116257761084324,0,0.0,4.883665655732294,0.2325555074158235,0.23738883105889294,0,0.0
1206,eMBB,488.5,11.5,19,1934,305661891.80864483,158046.47973559712,18,0.9473684210526315,191.3276037016022,10.629311316755677,18.269152407059313,0,0.0,4.394260707510168,0.2312768793426404,0.23507927645932658,0,0.0
1207,eMBB,493.5,6.5,15,1958,290379175.25896466,148303.9710209217,14,0.9333333333333333,187.92177549493098,13.422983963923642,19.624080281345858,0,0.0,3.5336099102345275,0.23557399401563517,0.2452714725500538,0,0.0
1208,eMBB,497.5,2.5,16,1973,289624434.86901927,146793.93556463218,15,0.9375,191.8707557169762,12.791383714465079,19.82655293164154,0,0.0,3.790067194310388,0.23687919964439924,0.24649603485379407,0,0.0
1209,mMTC,262.0,238.0,524,524,42957625.0,81980.20038167939,524,1.0,149.8415888011948,0.2859572305366313,0.30486418705858465,0,0.0,94.4919799167503,0.18032820594799676,0.20075895252867007,0,0.0
1210,eMBB,490.0,10.0,28,1931,367769825.596399,190455.63210585137,27,0.9642857142857143,195.7702678716091,7.2507506619114475,14.614220057147326,0,0.0,6.415017171728747,0.22910775613316955,0.2334596232694745,0,0.0
1211,eMBB,488.5,11.5,17,1936,289598528.563115,149586.01681979082,16,0.9411764705882353,191.03487903535867,11.939679939709917,19.119307098997393,0,0.0,3.972353207079965,0.2336678357105862,0.24322189166639763,0,0.0
1212,mMTC,234.75,265.25,470,469,38137375.0,81316.36460554371,469,0.997872340425532,132.54380769465203,0.28260939806962054,0.30150940142546023,0,0.0,83.22502263208776,0.17707451623848458,0.19773771561349446,0,0.0
1213,mMTC,222.25,277.75,445,444,37264719.0,83929.5472972973,444,0.9977528089887641,128.60451828072343,0.2896498159475753,0.31768732194130433,0,0.0,81.45381814260372,0.18304228796090724,0.21173376604386843,0,0.0
1214,mMTC,290.5,209.5,581,580,47053550.0,81126.81034482758,580,0.9982788296041308,161.10710643678473,0.2777708731668702,0.2998168357992195,0,0.0,100.39231799797479,0.17279228571079996,0.1953981270812708,0,0.0
1215,eMBB,485.5,14.5,17,1924,280695323.8758696,145891.54047602369,16,0.9411764705882353,192.88843587056596,12.055527241910372,18.627123985858127,0,0.0,4.029199413170507,0.2370117301865004,0.24603113641878507,0,0.0
1216,eMBB,493.0,7.0,18,1953,293012830.26662284,150032.17115546484,17,0.9444444444444444,189.4605417035021,11.144737747264829,19.322561125718696,0,0.0,4.213503612522235,0.23408353402901305,0.24218871336413983,0,0.0
1217,eMBB,485.25,14.75,27,1913,365114716.8611055,190859.7578991665,26,0.9629629629629629,191.19615722547726,7.353698354826049,14.213759742607861,0,0.0,6.226137556176484,0.23059768726579571,0.23446001151678814,0,0.0
1218,eMBB,495.5,4.5,17,1964,293603530.85959816,149492.63282056933,16,0.9411764705882353,188.19074349878022,11.761921468673764,19.72262612015886,0,0.0,4.0281851148376475,0.23695206557868514,0.24361766616622796,0,0.0
1219,URLLC,211.0,289.0,844,844,115312458.0,136626.13507109004,844,1.0,54.113007346660744,0.06411493761452695,0.06643885984838396,0,0.0,4.249812307045393,0.005035322638679376,0.0066936130252841656,0,0.0
1220,mMTC,238.25,261.75,477,476,38069217.0,79977.34663865546,476,0.9979035639412998,138.22753591287673,0.2903939830102452,0.31176556289943436,0,0.0,87.75494447082542,0.183972629917873,0.20597230683105833,0,0.0
1221,eMBB,496.5,3.5,19,1966,288616037.1260417,146803.68114244236,18,0.9473684210526315,189.51358505651066,10.52853250313948,18.92500071680635,0,0.0,4.501971790823331,0.23694588372754377,0.24441041597058755,0,0.0
1222,eMBB,485.5,14.5,20,1921,278982837.1947956,145227.92149650995,19,0.95,192.74280500007714,10.144358157898797,19.42336499752418,0,0.0,4.840984109404105,0.24204920547020525,0.24559382414278474,0,0.0
1223,eMBB,492.0,8.0,18,1949,291865020.81451875,149751.1651177623,17,0.9444444444444444,196.50124975409838,11.558897044358728,18.92177731512541,0,0.0,4.256551208960101,0.23647506716445005,0.24172372022001132,0,0.0
1224,eMBB,490.0,10.0,25,1934,370191483.22342354,191412.3491331042,24,0.96,197.08972344316004,8.212071810131668,15.111886576972477,0,0.0,5.68632530941436,0.2274530123765744,0.23404187582052863,0,0.0
1225,eMBB,495.25,4.75,17,1963,295409044.123143,150488.5604295176,16,0.9411764705882353,195.91939518539036,12.244962199086897,19.82082947190553,0,0.0,4.058071897338857,0.23871011160816807,0.24273290940901585,0,0.0
1226,mMTC,238.5,261.5,477,476,38032079.0,79899.3256302521,476,0.9979035639412998,134.82588607986366,0.28324765983164635,0.3043425727917154,0,0.0,84.95727958922541,0.17810750437992748,0.20129339569769822,0,0.0
1227,mMTC,233.75,266.25,468,467,36646762.0,78472.72376873661,467,0.9978632478632479,135.51264466650136,0.2901769693072834,0.31840860433446677,0,0.0,86.08723505385171,0.1839470834484011,0.2131504327105351,0,0.0
1228,eMBB,495.75,4.25,16,1966,290493369.6402106,147758.58069186704,15,0.9375,189.7395271121916,12.649301807479441,18.72340033804914,0,0.0,3.7724686881566747,0.23577929300979217,0.2451589263705497,0,0.0
1229,eMBB,491.25,8.75,15,1949,286244116.5949366,146867.1711621019,14,0.9333333333333333,197.43647317664903,14.102605226903503,19.221927052407032,0,0.0,3.6412204893507703,0.24274803262338468,0.24596141168423571,0,0.0
1230,mMTC,294.5,205.5,589,588,47859666.0,81393.98979591837,588,0.99830220713073,168.328693217619,0.28627328778506633,0.30908200078315345,0,0.0,106.47015346838651,0.18076426734870377,0.205639853432726,0,0.0
1231,URLLC,148.5,351.5,594,594,86307403.0,145298.65824915824,594,1.0,37.5210589277958,0.0631667658717101,0.06498065992435564,0,0.0,2.4882789936291574,0.004189021874796561,0.005358822583761252,0,0.0
1232,eMBB,494.75,5.25,16,1962,294835207.23948824,150272.78656446905,15,0.9375,197.33338416805782,13.155558944537187,19.623535546302747,0,0.0,3.855025180942241,0.24093907380889007,0.24243758381009384,0,0.0
1233,eMBB,493.25,6.75,17,1955,304611928.1712626,155811.72796484022,16,0.9411764705882353,188.25062496051345,11.76566406003209,18.21492150685708,0,0.0,3.8797108852428295,0.22821828736722527,0.23703067805226094,0,0.0
1234,eMBB,492.0,8.0,16,1951,309794749.6930178,158787.67283086508,15,0.9375,182.91378820000455,12.19425254666697,18.115860774659488,0,0.0,3.7268726744663776,0.2329295421541486,0.2354664261481591,0,0.0
1235,eMBB,491.0,9.0,20,1943,283623014.9026705,145971.7009277769,19,0.95,190.52968703791282,10.027878265153307,18.62390328887916,0,0.0,4.745775447508526,0.2372887723754263,0.2453929808810464,0,0.0
1236,URLLC,186.0,314.0,744,744,103090834.0,138562.94892473117,744,1.0,46.98403543568169,0.06315058526301302,0.0650046675683105,0,0.0,3.3478707306816946,0.004499826250916256,0.005811241072285515,0,0.0
1237,eMBB,486.5,13.5,19,1926,288763377.10979843,149929.0639199369,18,0.9473684210526315,193.32596107942936,10.74033117107941,19.320993525474677,0,0.0,4.500419079994662,0.23686416210498223,0.24268008613210248,0,0.0
1238,eMBB,489.25,10.75,24,1932,370441068.10986894,191739.68328668165,23,0.9583333333333334,183.25562710172858,7.967635960944721,14.712409469641772,0,0.0,5.532389649745426,0.2305162354060594,0.23361121776162358,0,0.0
1239,mMTC,289.5,210.5,579,579,47218615.0,81552.01208981001,579,1.0,161.1729524951015,0.27836433936977806,0.30031392373762805,0,0.0,100.9106653569819,0.17428439612604818,0.19584330254104682,0,0.0
1240,URLLC,210.25,289.75,841,841,121226281.0,144145.39952437574,841,1.0,53.93160041272648,0.06412794341584599,0.06663133244108485,0,0.0,4.319266702341748,0.0051358700384563,0.006986167237993619,0,0.0
1241,URLLC,198.0,302.0,792,791,109072384.0,137891.7623261694,791,0.9987373737373737,50.20135046686819,0.06346567694926447,0.06530507881285964,0,0.0,3.7020237848478446,0.004674272455615965,0.0060385721605109265,0,0.0
1242,eMBB,492.25,7.75,18,1950,286416239.3687341,146880.12275319698,17,0.9444444444444444,184.7318026083461,10.86657662402036,19.05785532033593,0,0.0,4.309916654139555,0.23943981411886417,0.24522107148834293,0,0.0
1243,eMBB,490.5,9.5,18,1943,283753724.22759295,146038.97283972875,17,0.9444444444444444,192.9889417295457,11.352290689973277,19.926835898179096,0,0.0,4.352243894824857,0.24179132749026985,0.24611268502240555,0,0.0
1244,eMBB,494.0,6.0,16,1959,294488119.28167987,150325.7372545584,15,0.9375,192.62085274330767,12.841390182887178,18.621930054517883,0,0.0,3.7410542393656208,0.2338158899603513,0.2427474674243583,0,0.0
1245,eMBB,491.0,9.0,23,1940,372403153.846025,191960.38858042526,22,0.9565217391304348,193.53054242865977,8.796842837666354,15.412800740420908,0,0.0,5.291298581268464,0.2300564600551506,0.2335741127794249,0,0.0
1246,eMBB,495.0,5.0,17,1962,293582361.7866709,149634.23128780373,16,0.9411764705882353,196.33272540239977,12.270795337649986,18.90184239776718,0,0.0,3.975070821062675,0.23382769535662792,0.242887110444038,0,0.0
1247,eMBB,495.0,5.0,19,1960,304453182.97129035,155333.25661800528,18,0.9473684210526315,195.18974978976644,10.843874988320358,18.116648600873383,0,0.0,4.361155623753812,0.22953450651335855,0.2374606698098164,0,0.0
1248,eMBB,494.0,6.0,18,1957,310122114.0602293,158468.12164549273,17,0.9444444444444444,188.83812921627162,11.108125248015979,18.516667761550284,0,0.0,4.090507031311101,0.2272503906283945,0.23540866436950933,0,0.0
1249,eMBB,491.0,9.0,17,1946,285884170.8206072,146908.61809897595,16,0.9411764705882353,188.46890261672803,11.779306413545502,17.724623376704898,0,0.0,4.128792204958008,0.2428701297034122,0.24567896239679296,0,0.0
1250,eMBB,494.75,5.25,18,1960,285654178.46947193,145741.9277905469,17,0.9444444444444444,190.38820906764875,11.199306415744044,20.12621771846606,0,0.0,4.352320354903192,0.24179557527239956,0.24602938718129816,0,0.0
1251,eMBB,496.0,4.0,19,1965,294272965.0000001,149757.23409669218,18,0.9473684210526315,200.3760729884274,11.132004054912635,19.721080425541885,0,0.0,4.213709620483849,0.22177419055178152,0.24333862087629293,0,0.0
1252,eMBB,493.0,7.0,22,1949,374392492.24082136,192094.65994911306,21,0.9545454545454546,195.54674973321494,9.311749987295949,15.108296510584845,0,0.0,5.085363337275793,0.2311528789670815,0.23452404368272464,0,0.0
1253,URLLC,199.0,301.0,796,796,108934422.0,136852.2889447236,796,1.0,50.74328744573863,0.06374784854992291,0.06588084900339256,0,0.0,3.634688423046351,0.004566191486239135,0.005831143645094316,0,0.0
1254,eMBB,492.0,8.0,17,1950,304901636.3697876,156359.81352296798,16,0.9411764705882353,191.756291135199,11.984768195949938,19.01723285585411,0,0.0,3.891253199856256,0.22889724705036799,0.23737976508841982,0,0.0
1255,eMBB,491.0,9.0,20,1943,307256928.980313,158135.32114272413,19,0.95,193.76916274890556,10.198376986784503,18.51513723704193,0,0.0,4.558602576854846,0.2279301288427423,0.23498219428813544,0,0.0
1256,eMBB,486.0,14.0,20,1923,281699806.3462851,146489.75889042387,19,0.95,190.09187462349706,10.004835506499845,20.024046054680905,0,0.0,4.812246018717501,0.24061230093587507,0.2453951170837264,0,0.0
1257,mMTC,271.5,228.5,543,543,42370729.0,78030.80847145487,543,1.0,152.88540180061761,0.2815569093934026,0.3007529085106753,0,0.0,95.9862107797631,0.1767701855980904,0.19714042406623086,0,0.0
1258,URLLC,215.75,284.25,863,863,122708027.0,142187.74855156432,863,1.0,54.47452415750174,0.06312227596466019,0.06502910944340155,0,0.0,4.027910967886352,0.00466733599986831,0.006272591613625998,0,0.0
1259,eMBB,490.25,9.75,25,1935,370448616.3043687,191446.31333559105,24,0.96,196.575659769549,8.190652490397875,15.311353189269344,0,0.0,5.77780690718274,0.23111227628730957,0.23354100535216674,0,0.0
1260,mMTC,268.5,231.5,537,537,41575470.0,77421.73184357541,537,1.0,149.48144200102865,0.27836395158478333,0.2960959894658823,0,0.0,93.66812512034491,0.17442853839915254,0.19295794331123778,0,0.0
1261,mMTC,298.25,201.75,597,596,47065978.0,78969.76174496644,596,0.998324958123953,168.83989067722302,0.2832884071765487,0.30553792922626755,0,0.0,106.20420265431729,0.1778964868581529,0.20310876683310514,0,0.0
1262,mMTC,281.5,218.5,563,562,45296335.0,80598.46085409253,562,0.9982238010657194,163.36480264935207,0.2906847022230464,0.313196376503064,0,0.0,104.03933759011197,0.18479456055082055,0.2088177013636826,0,0.0
1263,eMBB,496.0,4.0,18,1965,289353678.65073895,147253.78048383663,17,0.9444444444444444,198.02307854796234,11.648416385174256,19.82315852278566,0,0.0,4.305825790402732,0.2392125439112629,0.24503137320913004,0,0.0
1264,URLLC,171.75,328.25,687,686,94646386.0,137968.49271137026,686,0.9985443959243085,43.3540820574566,0.06319837034614664,0.06518172599539636,0,0.0,3.171961994555574,0.004617120807213353,0.005818733512555992,0,0.0
1265,eMBB,494.75,5.25,16,1962,295430844.59009075,150576.37338944484,15,0.9375,184.756459941761,12.317097329450734,19.021626630536872,0,0.0,3.7809646392719456,0.2363102899544966,0.24332941236138972,0,0.0
1266,eMBB,486.5,13.5,22,1923,369272928.03636694,192029.60376306134,21,0.9545454545454546,196.53258544651663,9.35869454507222,14.912971010738692,0,0.0,5.077104843831874,0.2307774929014488,0.23371928677735937,0,0.0
1267,eMBB,494.75,5.25,16,1962,295324612.62526333,150522.22865711688,15,0.9375,199.08650653415035,13.272433768943356,19.821790009459228,0,0.0,3.8115715391851936,0.2382232211990746,0.2432982692920579,0,0.0
1268,eMBB,490.25,9.75,21,1939,300897223.9699032,155181.65238262154,20,0.9523809523809523,197.33196872626425,9.866598436313213,17.617876464258842,0,0.0,4.8430128782402715,0.23061966086858435,0.23806489971214476,0,0.0
1269,eMBB,490.25,9.75,21,1939,305402241.64341676,157505.024055398,20,0.9523809523809523,191.5504855795089,9.577524278975444,18.415359318476476,0,0.0,4.862510279302309,0.23154810853820518,0.23561635690983113,0,0.0
1270,eMBB,489.25,10.75,18,1938,284531340.8305753,146816.9973325982,17,0.9444444444444444,190.98276917030017,11.234280539429422,19.0227446476747,0,0.0,4.362979945939881,0.24238777477443785,0.2459581021807908,0,0.0
1271,eMBB,494.0,6.0,16,1959,286434851.2410807,146214.82962791255,15,0.9375,185.9631937598539,12.397546250656927,19.928382282144394,0,0.0,3.7878559573481496,0.23674099733425935,0.2471509186411632,0,0.0
1272,mMTC,277.75,222.25,556,555,44939251.0,80971.62342342343,555,0.9982014388489209,159.29520231687783,0.28701838255293305,0.3079943992155197,0,0.0,100.77361195380074,0.1812475035140301,0.20303123691851033,0,0.0
1273,eMBB,494.75,5.25,23,1955,375281477.0245729,191959.83479517797,22,0.9565217391304348,196.79567587469887,8.945257994304495,15.412756156948136,0,0.0,5.263429599194687,0.2288447651823777,0.23380283300926555,0,0.0
1274,mMTC,308.0,192.0,616,615,48165582.0,78318.01951219513,615,0.9983766233766234,171.84600690491376,0.2794244014714045,0.2966759787051566,0,0.0,108.18981918978463,0.17563282336004,0.19406220844288363,0,0.0
1275,eMBB,491.5,8.5,20,1945,301867637.9085473,155201.8703899986,19,0.95,183.60478940390072,9.663409968626354,18.916729939326594,0,0.0,4.698788232632117,0.23493941163160584,0.23760025331000265,0,0.0
1276,URLLC,174.0,326.0,696,696,95370997.0,137027.2945402299,696,1.0,44.24884759019051,0.06357593044567601,0.06572351568805551,0,0.0,3.3661177971135943,0.004836376145278153,0.006512028699627892,0,0.0
1277,eMBB,485.0,15.0,18,1921,281655618.86742353,146619.27062333343,17,0.9444444444444444,195.53695859167928,11.502174034804664,18.224367223455335,0,0.0,4.319094612288315,0.23994970068268417,0.24514755010103242,0,0.0
1278,eMBB,496.0,4.0,18,1965,286787913.6237043,145948.04764565104,17,0.9444444444444444,192.80322200830452,11.3413660004885,19.70610559224359,0,0.0,4.268590202616387,0.23714390014535486,0.245797773624079,0,0.0
1279,eMBB,486.25,13.75,21,1923,287073341.7886029,149284.10909443727,20,0.9523809523809523,195.4244707773919,9.771223538869595,18.322729829709317,0,0.0,4.94589600619829,0.23551885743801382,0.24280941781245466,0,0.0
1280,eMBB,490.0,10.0,22,1937,371333067.5256903,191705.249109804,21,0.9545454545454546,190.4921613943374,9.071055304492257,15.011066040294711,0,0.0,5.042706764017154,0.22921394381896157,0.23422512908376134,0,0.0
1281,eMBB,495.25,4.75,22,1958,290437314.19209915,148333.66404090865,21,0.9545454545454546,193.99519562337719,9.237866458256056,19.22311110997566,0,0.0,5.235868220587589,0.23799401002670859,0.24341266473950346,0,0.0
1282,eMBB,492.0,8.0,20,1947,301490958.55074126,154848.97717038586,19,0.95,188.3171000979011,9.911426320942162,17.91591958146926,0,0.0,4.609999240547603,0.23049996202738016,0.23826953356425995,0,0.0
1283,eMBB,495.0,5.0,18,1961,310615318.80904526,158396.3889898242,17,0.9444444444444444,198.83657393839115,11.69626905519948,17.213959545391656,0,0.0,4.09084973825265,0.22726942990292498,0.23585012468764266,0,0.0
1284,eMBB,493.0,7.0,20,1951,285828199.8305749,146503.4340495002,19,0.95,192.67677355592184,10.14088281873273,20.224949870818385,0,0.0,4.801611160063244,0.2400805580031622,0.2455850826737882,0,0.0
1285,eMBB,494.0,6.0,18,1957,285247400.7062356,145757.48630875605,17,0.9444444444444444,180.89358974429487,10.640799396723228,19.72581262477599,0,0.0,4.36230967281527,0.2423505373786261,0.24623374645319632,0,0.0
1286,eMBB,495.0,5.0,19,1960,293373007.84672,149680.1060442449,18,0.9473684210526315,195.96455331919967,10.886919628844426,18.62305569005881,0,0.0,4.44706881066501,0.23405625319289525,0.2423728398895935,0,0.0
1287,eMBB,489.0,11.0,24,1931,370655200.6236604,191949.87085637514,23,0.9583333333333334,197.6684516562147,8.594280506791943,15.311029426255137,0,0.0,5.56140323444195,0.23172513476841458,0.2342864748435101,0,0.0
1288,eMBB,494.5,5.5,19,1957,298767433.86800313,152666.03672355806,18,0.9473684210526315,194.86158995931905,10.825643886628836,18.51768313933402,0,0.0,4.524696091228195,0.23814189953832607,0.2428204547906009,0,0.0
1289,eMBB,494.0,6.0,18,1957,304498872.15361696,155594.7226129877,17,0.9444444444444444,196.02302929815053,11.530766429302972,18.41774262348088,0,0.0,4.18429515939082,0.2324608421883789,0.2371029516623771,0,0.0
1290,eMBB,488.0,12.0,21,1930,304386876.0062936,157713.40725714693,20,0.9523809523809523,190.6793180095216,9.53396590047608,17.015093074622357,0,0.0,4.795063611797289,0.22833636246653757,0.23559976862940277,0,0.0
1291,eMBB,494.0,6.0,20,1955,285624697.4246696,146099.58947553433,19,0.95,189.07716465291458,9.95142971857445,19.22454209479611,0,0.0,4.805642648891191,0.24028213244455957,0.24525059271745325,0,0.0
1292,eMBB,493.75,6.25,16,1958,286681267.27735174,146415.35611713573,15,0.9375,192.53529362902555,12.835686241935036,19.827125945207413,0,0.0,3.8667447755511413,0.24167154847194633,0.24623402637326067,0,0.0
1293,eMBB,492.25,7.75,20,1949,291341188.0000001,149482.39507439718,19,0.95,199.1079095773676,10.479363661966715,18.421667654126622,0,0.0,4.570544922310735,0.22852724611553676,0.2432577832094953,0,0.0
1294,URLLC,222.25,277.75,889,888,122243868.0,137662.01351351352,888,0.9988751406074241,56.241499196703145,0.06333502161790895,0.06495344950404262,0,0.0,3.8888269854339903,0.004374383560668156,0.005692863923732655,0,0.0
1295,eMBB,490.75,9.25,17,1945,292204889.0708443,150233.87612896878,16,0.9411764705882353,197.83386219012223,12.36461638688264,19.222860841264396,0,0.0,3.9810409862671237,0.23417888154512492,0.24242039544559565,0,0.0
1296,mMTC,239.75,260.25,480,479,37536950.0,78365.2400835073,479,0.9979166666666667,135.95782765461294,0.2838368009490876,0.3047940007222646,0,0.0,85.66219459717708,0.17846290541078558,0.2003954072179911,0,0.0
1297,eMBB,495.5,4.5,17,1964,313133124.8131145,159436.4179292844,16,0.9411764705882353,198.8646020048209,12.429037625301307,18.014499100889115,0,0.0,3.9041928505908876,0.22965840297593457,0.23539210916609882,0,0.0
1298,eMBB,491.25,8.75,17,1947,286471049.12799907,147134.59123163793,16,0.9411764705882353,183.2543886957029,11.45339929348143,18.624879802959555,0,0.0,4.021868706915012,0.2365805121714713,0.24527427920122752,0,0.0
1299,eMBB,491.5,8.5,17,1948,285008535.99819535,146308.28336663006,16,0.9411764705882353,194.6209395934532,12.163808724590824,19.92589407291162,0,0.0,4.074245561557176,0.23966150362101035,0.24566777140123872,0,0.0
1300,mMTC,271.0,229.0,542,541,43673491.0,80727.34011090573,541,0.9981549815498155,155.45543985951292,0.28734831767007935,0.3066979984797972,0,0.0,98.75877389408313,0.18221175995218292,0.204713975674906,0,0.0
1301,eMBB,491.25,8.75,23,1941,372443140.3516278,191882.09188646462,22,0.9565217391304348,186.96038771674023,8.49819944167001,14.812256387350638,0,0.0,5.236107979167393,0.22765686865945187,0.23483494758011467,0,0.0
1302,mMTC,286.5,213.5,573,573,47075737.0,82156.60907504363,573,1.0,160.19181455120423,0.27956686658150826,0.3008895743797516,0,0.0,100.73968185445202,0.1758109630967749,0.1978968547216319,0,0.0
1303,eMBB,495.0,5.0,18,1961,305688483.0219939,155883.97910351548,17,0.9444444444444444,195.59208665971,11.505416862335881,18.318511903797,0,0.0,4.255369677024755,0.2364094265013753,0.23764412291695894,0,0.0
1304,eMBB,490.5,9.5,19,1942,307573386.50715184,158379.70468957355,18,0.9473684210526315,191.74185669101075,10.652325371722819,17.71535375586156,0,0.0,4.423240233955708,0.2328021175766162,0.23559826730311517,0,0.0
1305,eMBB,490.25,9.75,19,1941,284746488.723277,146700.92154728333,18,0.9473684210526315,196.76200304077457,10.931222391154144,18.12395343993272,0,0.0,4.571894948950702,0.2406260499447738,0.24563001931726763,0,0.0
1306,mMTC,276.0,224.0,552,552,43986661.0,79685.98007246378,552,1.0,155.86995364689082,0.28237310443277325,0.3038074482269445,0,0.0,98.12122107048063,0.17775583527260982,0.2004411760901923,0,0.0
1307,eMBB,485.5,14.5,19,1922,287380649.42332107,149521.6698352347,18,0.9473684210526315,195.15870181159903,10.84215010064439,18.422135705758258,0,0.0,4.54633269231628,0.23928066801664633,0.24306289515988225,0,0.0
1308,URLLC,182.5,317.5,730,730,103103904.0,141238.22465753424,730,1.0,46.27026953058599,0.06338393086381643,0.06525049519562581,0,0.0,3.2712563739192935,0.004481173114957936,0.005690261020533222,0,0.0
1309,eMBB,487.75,12.25,18,1932,287755317.4020129,148941.6756739197,17,0.9444444444444444,184.8505623444322,10.873562490848954,18.52301527849056,0,0.0,4.317927554697048,0.239884864149836,0.24335264634030523,0,0.0
1310,eMBB,486.5,13.5,21,1924,297330640.33202755,154537.75485032616,20,0.9523809523809523,187.62193713829694,9.381096856914848,18.11197835879162,0,0.0,4.946461332853861,0.23554577775494576,0.2372440499086949,0,0.0
1311,eMBB,493.75,6.25,20,1954,308175310.19870454,157715.10245583652,19,0.95,190.76471748233257,10.04024828854382,16.813706088412115,0,0.0,4.567217962730426,0.22836089813652133,0.23629073424736594,0,0.0
1312,eMBB,485.0,15.0,18,1922,282633671.0000003,147051.857960458,18,1.0,196.1648359289351,10.898046440496394,19.023812080721267,0,0.0,4.333870313127544,0.2407705729515302,0.24612546175014444,0,0.0
1313,URLLC,202.25,297.75,809,809,112677444.0,139279.90605686032,809,1.0,51.21367056138103,0.06330490798687395,0.06537995775827597,0,0.0,3.862328001381069,0.004774200248925919,0.006142289265890122,0,0.0
1314,eMBB,489.25,10.75,18,1938,289759809.930021,149514.8658049644,17,0.9444444444444444,186.3573080676838,10.962194592216694,19.321261902179938,0,0.0,4.224251768463026,0.23468065380350145,0.24295188588960373,0,0.0
1315,eMBB,483.5,16.5,21,1912,367594841.3829648,192256.71620447948,20,0.9523809523809523,182.126329227773,9.10631646138865,14.50888604528567,0,0.0,4.861370561540229,0.23149383626382045,0.2349066533044865,0,0.0
1316,eMBB,494.75,5.25,20,1958,292794752.76935863,149537.66740008103,19,0.95,196.9978507111869,10.368307932167733,19.524439048635923,0,0.0,4.805141824401677,0.24025709122008382,0.24393481341080664,0,0.0
1317,eMBB,491.0,9.0,17,1946,304722191.36978704,156588.99864840033,16,0.9411764705882353,191.34823921399473,11.95926495087467,18.81592900956798,0,0.0,3.8943153545752276,0.2290773737985428,0.23780223426895875,0,0.0
1318,eMBB,493.75,6.25,21,1953,308698162.8899068,158063.57546846228,20,0.9523809523809523,199.07804294269454,9.953902147134727,18.613389406433512,0,0.0,4.801747944725528,0.22865466403454895,0.23579216112748494,0,0.0
1319,eMBB,484.0,16.0,17,1918,282489549.94456136,147283.39413167955,16,0.9411764705882353,193.302905463922,12.081431591495125,19.72305883328823,0,0.0,4.07560365681194,0.23974139157717295,0.24524952137916492,0,0.0
1320,mMTC,264.25,235.75,529,528,41318930.0,78255.54924242424,528,0.998109640831758,149.25972536796866,0.2826888738029709,0.3048724909619872,0,0.0,94.16664074882335,0.17800877268208573,0.20185784275685897,0,0.0
1321,URLLC,197.0,303.0,788,788,105985899.0,134499.87182741117,788,1.0,49.85067625528776,0.06326227951178649,0.06508911378478723,0,0.0,3.83384714490315,0.004865288254953236,0.00628723150076694,0,0.0
1322,eMBB,491.75,8.25,22,1944,373919469.80974597,192345.40628073353,21,0.9545454545454546,194.92491491136843,9.282138805303259,15.412131643460775,0,0.0,5.081970329810144,0.23099865135500652,0.2348224283266381,0,0.0
1323,mMTC,291.0,209.0,582,581,47127776.0,81114.93287435456,581,0.9982817869415808,162.7514959591835,0.2801230567283709,0.29770708318479705,0,0.0,102.77971645151634,0.17659745094762258,0.1952824483130022,0,0.0
1324,mMTC,292.5,207.5,585,585,45340646.0,77505.37777777777,585,1.0,166.3559313192933,0.2843691133663133,0.30265453278182863,0,0.0,105.0891615890368,0.17963959245989197,0.1992375803031961,0,0.0
1325,mMTC,303.0,197.0,606,605,45727457.0,75582.573553719,605,0.9983498349834984,176.3848463702705,0.2915452006120174,0.32113728683074894,0,0.0,112.5845848648007,0.18578314334125529,0.21612408956579165,0,0.0
1326,eMBB,494.0,6.0,19,1956,288215980.8848964,147349.68347898588,18,0.9473684210526315,199.05221993057378,11.058456662809654,19.521625903208477,0,0.0,4.568021932190549,0.2404222069573973,0.24531062690474778,0,0.0
1327,eMBB,495.5,4.5,21,1960,284623778.11710423,145216.2133250532,20,0.9523809523809523,195.58427445530617,9.77921372276531,18.426065403260658,0,0.0,5.016032435861869,0.2388586874219938,0.24679021917288166,0,0.0
1328,eMBB,495.75,4.25,17,1965,294385295.4936208,149814.39974230068,16,0.9411764705882353,189.51411264098354,11.844632040061471,19.12000842953421,0,0.0,4.063584495774458,0.23903438210437986,0.24208792257935102,0,0.0
1329,mMTC,262.5,237.5,525,525,43531705.0,82917.53333333334,525,1.0,151.05866011775257,0.28773078117667156,0.30943371745052217,0,0.0,96.53056193775245,0.18386773702429038,0.20356344926645864,0,0.0
1330,URLLC,193.5,306.5,774,773,110865948.0,143422.95989650712,773,0.9987080103359173,49.38212389918785,0.0638837307880826,0.06592572129638062,0,0.0,3.6800706304629087,0.004754613217652337,0.006084326296380623,0,0.0
1331,eMBB,492.5,7.5,21,1948,301784836.3473185,154920.34720088218,20,0.9523809523809523,189.11306189927274,9.455653094963637,18.5177313457842,0,0.0,4.940425669690389,0.23525836522335183,0.23878238828227033,0,0.0
1332,mMTC,227.0,273.0,454,454,36838897.0,81142.9449339207,454,1.0,132.6445049517452,0.2921685131095709,0.3218563432410053,0,0.0,84.59440347755725,0.18633128519285738,0.21754075623245833,0,0.0
1333,eMBB,494.25,5.75,18,1958,288674599.74424386,147433.40129940954,17,0.9444444444444444,195.8791893120428,11.522305253649577,19.62357543511944,0,0.0,4.275978004855899,0.23755433360310552,0.2458538602974669,0,0.0
1334,mMTC,283.5,216.5,567,566,44840789.0,79224.00883392226,566,0.9982363315696648,160.24160004391288,0.2831123675687507,0.30345584750671556,0,0.0,101.27882849176004,0.1786222724722399,0.20053511485714287,0,0.0
1335,eMBB,493.5,6.5,19,1954,292497185.25044835,149691.49705754776,18,0.9473684210526315,190.33917431610016,10.574398573116675,19.321011602589103,0,0.0,4.530768721571159,0.23846151166163998,0.24269906032580552,0,0.0
1336,mMTC,232.5,267.5,465,465,37061755.0,79702.69892473119,465,1.0,134.26604545123837,0.288744183766104,0.3104960143949666,0,0.0,86.0795746120718,0.18511736475714363,0.2050427942448414,0,0.0
1337,mMTC,259.5,240.5,519,519,42033921.0,80990.21387283238,519,1.0,145.5346536837402,0.2804135909127942,0.29701041789849353,0,0.0,91.87642878596247,0.17702587434674852,0.1959146192660149,0,0.0
1338,mMTC,294.5,205.5,589,589,47884762.0,81298.40747028863,589,1.0,167.72216426489038,0.28475749450745397,0.305550388473012,0,0.0,106.0367970618135,0.18002851793177166,0.20098873445591803,0,0.0
1339,eMBB,488.0,12.0,19,1932,305763041.9896619,158262.4440940279,18,0.9473684210526315,192.35462876604646,10.68636826478036,17.40748964884306,0,0.0,4.341505337418902,0.22850028091678434,0.23586533133521145,0,0.0
1340,eMBB,494.0,6.0,16,1959,289593623.18324935,147827.27063973932,15,0.9375,184.2087579003732,12.28058386002488,19.422465596655755,0,0.0,3.8634470739311757,0.24146544212069848,0.24483761853724437,0,0.0
1341,mMTC,304.75,195.25,610,609,49670838.0,81561.31034482758,609,0.9983606557377049,172.55915814844036,0.2833483713439086,0.3062460244774389,0,0.0,109.11866419083334,0.17888305605054647,0.20459423575949015,0,0.0
1342,eMBB,496.5,3.5,17,1968,296239660.45728284,150528.28275268438,16,0.9411764705882353,193.5275735132104,12.09547334457565,18.720201469344875,0,0.0,3.980538399695449,0.23414931762914404,0.24228360969929466,0,0.0
1343,mMTC,239.75,260.25,480,479,37117077.0,77488.67849686848,479,0.9979166666666667,138.34522741337568,0.28882093405715176,0.3126578098366395,0,0.0,88.67988820087568,0.18474976708515767,0.2085956281699728,0,0.0
1344,eMBB,494.5,5.5,16,1961,294496113.05469155,150176.49824308595,15,0.9375,194.59999816919262,12.973333211279508,19.721702483487153,0,0.0,3.731388985075753,0.23321181156723456,0.24294942026489577,0,0.0
1345,eMBB,495.0,5.0,21,1958,303487666.13720816,154998.80803738924,20,0.9523809523809523,193.31318170498403,9.665659085249201,18.51586129287905,0,0.0,4.839736886950826,0.23046366128337267,0.23873195103899447,0,0.0
1346,URLLC,172.0,328.0,688,688,98157874.0,142671.3284883721,688,1.0,43.81871073835262,0.06368998653830323,0.06572665646974489,0,0.0,3.4536801587372308,0.005019883951652952,0.006657867734472991,0,0.0
1347,eMBB,494.25,5.75,16,1960,289265044.0944192,147584.20617062203,15,0.9375,187.63215141036886,12.508810094024591,19.30724701986582,0,0.0,3.888945608522579,0.2430591005326612,0.24550854562890514,0,0.0
1348,URLLC,192.0,308.0,768,767,107850499.0,140613.42764015644,767,0.9986979166666666,48.5827136557398,0.06334121728258123,0.06539283345468684,0,0.0,3.7386482185001793,0.004868031534505442,0.006334717685456074,0,0.0
1349,eMBB,492.5,7.5,20,1949,290936933.50089645,149274.9787074892,19,0.95,193.29479582758,10.173410306714738,19.121038011427945,0,0.0,4.710319182763785,0.23551595913818923,0.24409391550052167,0,0.0
1350,eMBB,492.75,7.25,22,1948,374484296.1592058,192240.39843901736,21,0.9545454545454546,195.57546341375502,9.313117305416906,14.711592188094581,0,0.0,5.034596466027406,0.22884529391033662,0.2343597076281835,0,0.0
1351,eMBB,492.25,7.75,18,1950,291532707.04479724,149503.95233066526,17,0.9444444444444444,191.24849140360206,11.249911259035414,19.422946777359492,0,0.0,4.323122733329099,0.24017348518494996,0.24349976437944817,0,0.0
1352,eMBB,490.5,9.5,18,1943,301543949.2366814,155195.03306056684,17,0.9444444444444444,189.00513996326058,11.117949409603563,16.61300815499597,0,0.0,4.176650035933998,0.23203611310744435,0.23788808319052787,0,0.0
1353,eMBB,490.25,9.75,18,1942,308698443.3647888,158959.0336584906,17,0.9444444444444444,191.37569995107276,11.257394114768985,18.712751613602926,0,0.0,4.143725521648014,0.2302069734248897,0.23635300865725573,0,0.0
1354,eMBB,492.5,7.5,20,1949,285031877.67160374,146245.19121170024,19,0.95,196.42157558481642,10.337977662358758,19.721112116560278,0,0.0,4.7649134965855575,0.2382456748292779,0.24584241494962042,0,0.0
1355,mMTC,313.5,186.5,627,627,49452236.0,78871.18979266347,627,1.0,177.7069541526938,0.28342416930254194,0.30605870949936376,0,0.0,112.40633962346304,0.17927645872960613,0.20344932967030382,0,0.0
1356,eMBB,496.0,4.0,19,1964,295052077.49326164,150230.18202304564,18,0.9473684210526315,199.9722686765702,11.109570482031678,18.221475054301923,0,0.0,4.470013987235369,0.2352638940650194,0.24225442261069852,0,0.0
1357,mMTC,262.0,238.0,524,524,40169393.0,76659.14694656488,524,1.0,151.22886131439986,0.28860469716488524,0.3065967679955938,0,0.0,96.9832263382888,0.18508249301200153,0.2030491293241474,0,0.0
1358,eMBB,486.5,13.5,23,1922,285589757.4389207,148589.88420339266,22,0.9565217391304348,190.35313644353252,8.652415292887842,19.522708980071698,0,0.0,5.425755452651311,0.2359024109848396,0.2429184244227106,0,0.0
1359,mMTC,271.75,228.25,544,543,43327373.0,79792.5837937385,543,0.9981617647058824,155.230040793436,0.2858748449234549,0.3047108758566772,0,0.0,98.58830661258123,0.18122850480253905,0.20126749526248447,0,0.0
1360,mMTC,290.75,209.25,582,581,45466100.0,78254.90533562822,581,0.9982817869415808,170.16059859078018,0.29287538483783165,0.3217536207064933,0,0.0,108.96634361129293,0.18722739452112186,0.2127062507919633,0,0.0
1361,mMTC,298.0,202.0,596,596,48007270.0,80549.11073825504,596,1.0,166.6198538019398,0.27956351309050304,0.3004610774738614,0,0.0,104.16196431544427,0.17476839650242326,0.19738835610634003,0,0.0
1362,mMTC,275.0,225.0,550,549,42481122.0,77379.09289617486,549,0.9981818181818182,155.86120819175983,0.28390019707060077,0.30573531386569,0,0.0,98.92728364053016,0.17986778843732756,0.20344877711355314,0,0.0
1363,eMBB,492.25,7.75,19,1949,291641003.27330285,149636.22538394196,18,0.9473684210526315,189.01336506953132,10.50074250386285,18.821251487898593,0,0.0,4.511492030031794,0.2374469489490418,0.24253982522026324,0,0.0
1364,eMBB,484.75,15.25,26,1912,365029073.9999996,190914.78765690356,25,0.9615384615384616,196.44906603704024,7.85796264148161,14.71159345866558,0,0.0,5.992215560158408,0.23046982923686185,0.23486241674690536,0,0.0
1365,eMBB,489.75,10.25,22,1936,288694416.72694206,149119.01690441222,21,0.9545454545454546,183.38463411856722,8.732601624693677,19.1510927310483,0,0.0,5.237780715213157,0.23808094160059803,0.24354875918531785,0,0.0
1366,eMBB,494.0,6.0,20,1955,302461603.40485823,154711.81759839295,19,0.95,188.55290598247404,9.923837156972318,16.516138121119,0,0.0,4.6635532613222885,0.23317766306611443,0.23791105512015895,0,0.0
1367,mMTC,281.0,219.0,562,562,43950892.0,78204.43416370107,562,1.0,164.57863824234946,0.29284455203265025,0.3230152589970916,0,0.0,105.34077766012736,0.18743910615681025,0.21412291745863,0,0.0
1368,eMBB,492.5,7.5,18,1951,287812370.7445095,147520.43605561738,17,0.9444444444444444,181.47975931601167,10.675279959765392,19.82226123911035,0,0.0,4.281345796889685,0.23785254427164915,0.2463678519007724,0,0.0
1369,eMBB,494.25,5.75,16,1960,286934341.1562542,146395.072018497,15,0.9375,195.53416605803997,13.035611070535998,18.226886654049373,0,0.0,3.87069368273379,0.24191835517086188,0.24604974419207976,0,0.0
1370,eMBB,495.75,4.25,18,1964,293911043.53198147,149649.2075010089,17,0.9444444444444444,190.14891823721328,11.185230484541957,17.81952491179156,0,0.0,4.227161216375868,0.23484228979865934,0.24327104128211338,0,0.0
1371,mMTC,278.75,221.25,558,557,44264511.0,79469.49910233394,557,0.9982078853046595,160.94519937610477,0.2889500886465077,0.3095971520695706,0,0.0,103.27289821554909,0.1850768785224894,0.20530399275743977,0,0.0
1372,URLLC,173.5,326.5,694,694,95377384.0,137431.38904899135,694,1.0,44.390356534374575,0.06396304976134665,0.06587357024315758,0,0.0,3.407980741682266,0.004910635074470124,0.006226442646267076,0,0.0
1373,eMBB,491.75,8.25,20,1946,302172761.48412955,155278.91134847357,19,0.95,198.37641400730874,10.440863895121513,18.016831358152075,0,0.0,4.69009431566421,0.23450471578321047,0.23745939958570378,0,0.0
1374,eMBB,494.0,6.0,16,1959,311569415.1657778,159045.1328053996,15,0.9375,194.80763315601686,12.987175543734457,18.015146877785902,0,0.0,3.6371065003914502,0.22731915627446564,0.2359125382896919,0,0.0
1375,URLLC,149.25,350.75,597,597,80407019.0,134685.12395309884,597,1.0,38.09023976967847,0.06380274668287851,0.06581273579827883,0,0.0,2.7425393200631176,0.004593868207810917,0.005891590768484871,0,0.0
1376,eMBB,493.0,7.0,21,1950,282590831.7784615,144918.3752710059,20,0.9523809523809523,191.4784126854735,9.573920634273675,17.623354501808297,0,0.0,5.01291728147583,0.2387103467369443,0.24594071820144536,0,0.0
1377,eMBB,491.75,8.25,18,1948,292211304.2686484,150005.80301265317,17,0.9444444444444444,188.0932038802068,11.0643061106004,19.72144036109166,0,0.0,4.273300561385323,0.23740558674362905,0.24233592396860554,0,0.0
1378,eMBB,494.75,5.25,25,1953,374393500.97589946,191701.74141111082,24,0.96,195.30613426019232,8.13775559417468,14.511808821508493,0,0.0,5.7335385021622916,0.22934154008649166,0.2344465706236955,0,0.0
1379,eMBB,493.0,7.0,20,1951,290526458.5473672,148911.5625563133,19,0.95,180.7729873530672,9.51436775542459,17.823169159169236,0,0.0,4.791999887970961,0.23959999439854807,0.2442256936136356,0,0.0
1380,URLLC,213.75,286.25,855,855,121064903.0,141596.3777777778,855,1.0,55.0619718576285,0.06439996708494561,0.06687883185074885,0,0.0,4.676385365705443,0.005469456568076541,0.007179518004595,0,0.0
1381,eMBB,491.0,9.0,18,1945,307831131.33526593,158267.93384846576,17,0.9444444444444444,195.13628190743063,11.478604818084154,18.412652056425255,0,0.0,4.209392562374562,0.23385514235414234,0.23550994054870394,0,0.0
1382,eMBB,495.5,4.5,21,1960,285558135.57959914,145692.926316122,20,0.9523809523809523,188.73113999619775,9.436556999809888,16.822810968660498,0,0.0,4.9961845615512,0.23791355055005714,0.24501702859184143,0,0.0
1383,mMTC,234.5,265.5,469,469,37094538.0,79092.8315565032,469,1.0,133.21005450764616,0.2840299669672626,0.30402869291271,0,0.0,84.46412884268895,0.18009409134901694,0.20202902898108607,0,0.0
1384,eMBB,495.5,4.5,15,1966,297136855.02491456,151137.76959558218,14,0.9333333333333333,186.28701588761763,13.306215420544117,19.620660734070878,0,0.0,3.508813672213817,0.23392091148092115,0.24269416214065268,0,0.0
1385,eMBB,490.5,9.5,26,1935,370866966.9879031,191662.51523922643,25,0.9615384615384616,196.15672655430933,7.846269062172373,14.508112992247117,0,0.0,5.908598727545062,0.2272537972132716,0.2340484993432293,0,0.0
1386,eMBB,494.25,5.75,17,1959,293296704.7817833,149717.56242051214,16,0.9411764705882353,192.12266957119513,12.007666848199696,18.72231230750257,0,0.0,3.9838579627627504,0.23434458604486766,0.2436555814585287,0,0.0
1387,mMTC,307.0,193.0,614,614,46844901.0,76294.62703583062,614,1.0,175.4772558395481,0.28579357628590896,0.31267307576657366,0,0.0,111.46557626142848,0.1815400264844112,0.21041540123665906,0,0.0
1388,mMTC,299.5,200.5,599,598,48250915.0,80687.14882943143,598,0.998330550918197,175.41593615460096,0.2933376858772591,0.3233840147739541,0,0.0,112.71181763534709,0.18816664045967793,0.21947489921839852,0,0.0
1389,mMTC,252.0,248.0,504,503,38420539.0,76382.78131212723,503,0.998015873015873,141.02720981059895,0.28037218650218476,0.2997130624266308,0,0.0,88.46968969951368,0.17553509861014618,0.19654071815312657,0,0.0
1390,eMBB,489.5,10.5,20,1937,281372790.8554554,145262.15325526867,19,0.95,185.35335490182695,9.755439731675102,19.124090618386333,0,0.0,4.870561810309878,0.2435280905154939,0.24606237898782,0,0.0
1391,eMBB,498.25,1.75,16,1976,296368135.0414527,149983.87400883235,15,0.9375,193.60255652512018,12.906837101674679,18.021247078209903,0,0.0,3.7469033428388743,0.23418145892742964,0.24381335177901478,0,0.0
1392,mMTC,265.75,234.25,532,531,43108184.0,81183.02071563089,531,0.9981203007518797,153.91616332862554,0.2898609478881837,0.3139526169380974,0,0.0,99.0028859119588,0.18609565021044888,0.21038376110476403,0,0.0
1393,mMTC,226.75,273.25,454,453,35177710.0,77654.9889624724,453,0.9977973568281938,127.5736590503256,0.28161955640248476,0.29914272620644,0,0.0,80.80200576998375,0.17797798627749725,0.19784441133808567,0,0.0
1394,URLLC,176.5,323.5,706,706,97426377.0,137997.70113314447,706,1.0,45.46523235351955,0.06439834610980107,0.06657462691808011,0,0.0,3.902169739288811,0.005527152605224944,0.007403053653964163,0,0.0
1395,mMTC,249.0,251.0,498,498,40131120.0,80584.578313253,498,1.0,145.9753080308723,0.2931231084957275,0.319621056393948,0,0.0,93.57945152112869,0.18791054522314998,0.21440326630847786,0,0.0
1396,eMBB,491.75,8.25,17,1949,287692739.38588077,147610.4358059932,16,0.9411764705882353,183.59718342146485,11.474823963841553,19.523117165069102,0,0.0,4.0821003474560476,0.24012354985035575,0.24556006160854169,0,0.0
1397,eMBB,487.75,12.25,19,1931,280854098.9025439,145444.89844771824,18,0.9473684210526315,189.06030856444374,10.50335047580243,20.026362457179008,0,0.0,4.65900252354534,0.24521065913396525,0.24766110766884783,0,0.0
1398,eMBB,494.75,5.25,17,1961,294039658.7759599,149943.7321652014,16,0.9411764705882353,185.72842734750867,11.608026709219292,18.82179317561341,0,0.0,3.9926839622443517,0.23486376248496188,0.24329770397657677,0,0.0
1399,eMBB,491.5,8.5,24,1941,372819885.9879041,192076.1906171582,23,0.9583333333333334,196.39014644659963,8.538702019417375,15.311055735601899,0,0.0,5.502823626257693,0.2292843177607372,0.23362758681504053,0,0.0
1400,URLLC,178.25,321.75,713,712,102568535.0,144056.93117977527,712,0.9985974754558204,45.567966184205176,0.06399995250590615,0.06598414242695273,0,0.0,3.569485912180631,0.005006291601936368,0.006445416851525688,0,0.0
1401,URLLC,175.5,324.5,702,702,96667716.0,137703.29914529916,702,1.0,45.247117110309794,0.06445458277821908,0.06706652565074886,0,0.0,3.963436024925161,0.005645920263426155,0.007639276607810315,0,0.0
1402,eMBB,490.5,9.5,19,1942,307587702.15066564,158387.07628767542,18,0.9473684210526315,189.53544974842185,10.52974720824566,18.41369588290151,0,0.0,4.430199259848241,0.23316838209727583,0.23596113178076267,0,0.0
1403,eMBB,493.75,6.25,16,1958,289439112.2284232,147823.85711359713,15,0.9375,186.77454947704533,12.451636631803021,19.4211204685397,0,0.0,3.8383775790132475,0.23989859868832797,0.24546101772711884,0,0.0
1404,eMBB,488.75,11.25,18,1936,281157364.2410809,145225.91128155004,17,0.9444444444444444,184.21563430757507,10.836213782798534,19.525384720903876,0,0.0,4.39432577880085,0.24412920993338055,0.24651494447011382,0,0.0
1405,mMTC,222.75,277.25,446,445,35605591.0,80012.56404494382,445,0.9977578475336323,128.5704445579836,0.28892234732131145,0.3076958279461841,0,0.0,81.75239288071863,0.18330132932896553,0.20221460160949817,0,0.0
1406,URLLC,216.25,283.75,865,865,121356047.0,140296.00809248554,865,1.0,54.974597260899365,0.06355444770046169,0.06541090028009451,0,0.0,4.069621532566008,0.0047047647775329575,0.005837131657714311,0,0.0
1407,eMBB,495.75,4.25,17,1965,294312734.4831009,149777.47301938976,16,0.9411764705882353,198.9079249404682,12.431745308779263,18.521796263732945,0,0.0,4.068713155985176,0.239336067999128,0.24362486814576403,0,0.0
1408,mMTC,240.5,259.5,481,481,38035715.0,79076.33056133056,481,1.0,137.82029629533258,0.28652868252667896,0.3040050927339541,0,0.0,87.7335106187513,0.1823981509745349,0.20084739453260692,0,0.0
1409,eMBB,494.5,5.5,19,1958,309724251.0602304,158183.98930553134,18,0.9473684210526315,189.1857598730354,10.510319992946412,17.315269064048195,0,0.0,4.381680849449717,0.2306147815499851,0.23552019339436686,0,0.0
1410,eMBB,490.0,10.0,16,1943,287353060.353886,147891.43610596296,15,0.9375,195.033153652681,13.002210243512065,20.023151201301815,0,0.0,3.7989276184700764,0.23743297615437978,0.24591072145093953,0,0.0
1411,eMBB,489.25,10.75,16,1940,283562214.3232057,146166.08985732254,15,0.9375,185.95040454798428,12.396693636532286,19.622827920903262,0,0.0,3.79339611451928,0.237087257157455,0.24698982717592546,0,0.0
1412,eMBB,493.5,6.5,16,1957,294355378.8555052,150411.5374836511,15,0.9375,185.57893862365154,12.371929241576769,18.822199951601746,0,0.0,3.8246590753465552,0.2390411922091597,0.24300524046810332,0,0.0
1413,eMBB,494.5,5.5,25,1952,373370027.82601,191275.62900922642,24,0.96,189.29760856364086,7.887400356818369,15.25070481351728,0,0.0,5.7312099720839615,0.22924839888335846,0.23409356475000914,0,0.0
1414,eMBB,492.75,7.25,22,1948,288717267.4020127,148212.1495903556,21,0.9545454545454546,187.24027328419226,8.91620348972344,19.52087604743651,0,0.0,5.202103589564706,0.23645925407112298,0.24411910201262652,0,0.0
1415,eMBB,490.75,9.25,20,1942,300581862.65100133,154779.5379253354,19,0.95,184.60637684517476,9.716125097114462,18.3177448008166,0,0.0,4.720059286677893,0.23600296433389464,0.23884254481445752,0,0.0
1416,eMBB,492.25,7.75,18,1950,309088719.23994356,158507.03550766336,17,0.9444444444444444,187.66713038982542,11.039242964107377,18.111828766608358,0,0.0,4.144973185309403,0.23027628807274458,0.2356365233260423,0,0.0
1417,eMBB,495.0,5.0,17,1962,289575801.5078536,147592.15163499166,16,0.9411764705882353,198.74778818315357,12.421736761447098,19.12273224231154,0,0.0,4.139136693152474,0.24347862900896905,0.24652522132562554,0,0.0
1418,eMBB,487.25,12.75,18,1930,281532412.47612894,145871.7163088751,17,0.9444444444444444,189.75139165568828,11.161846567981664,20.0270508029909,0,0.0,4.334938165826834,0.2408298981014908,0.24721655825899794,0,0.0
1419,eMBB,489.0,11.0,20,1935,287542652.6916357,148600.8541042045,19,0.95,186.13683420813962,9.796675484638927,15.820804083735446,0,0.0,4.767743104529227,0.23838715522646137,0.24398969591910927,0,0.0
1420,mMTC,300.0,200.0,600,600,47769135.0,79615.225,600,1.0,174.00050708140355,0.2900008451356726,0.31347330326762346,0,0.0,112.03108112918127,0.18671846854863547,0.20732483437873456,0,0.0
1421,mMTC,258.25,241.75,517,516,40355475.0,78208.28488372093,516,0.9980657640232108,145.4303980848769,0.28184185675363743,0.2984043632919532,0,0.0,92.18469233650089,0.17830694842650074,0.19575481696716684,0,0.0
1422,eMBB,492.5,7.5,18,1952,303761415.99999994,155615.4795081967,18,1.0,199.06748853343012,11.059304918523896,17.916775122723937,0,0.0,4.228432739546447,0.23491292997480262,0.23856448100202465,0,0.0
1423,mMTC,237.0,263.0,474,474,37932624.0,80026.6329113924,474,1.0,139.3202973353462,0.2939246779226713,0.3155602289883803,0,0.0,89.54844788303826,0.1889207761245533,0.20977849045333352,0,0.0
1424,eMBB,489.0,11.0,21,1934,283875883.374886,146781.73907698345,20,0.9523809523809523,195.90635132319363,9.795317566159682,19.12151943338244,0,0.0,5.083562879226488,0.24207442282030894,0.2456024427929699,0,0.0
1425,eMBB,496.25,3.75,14,1970,289889880.77431035,147152.22374330476,13,0.9285714285714286,190.56995169678572,14.6592270535989,20.126274627653416,0,0.0,3.3754031912120435,0.24110022794371738,0.24626058893769187,0,0.0
1426,mMTC,316.0,184.0,632,631,51109503.0,80997.62757527734,631,0.9984177215189873,182.21023266124442,0.2887642355962669,0.30920868975662147,0,0.0,116.0718808733003,0.1836580393564878,0.20380699116196122,0,0.0
1427,eMBB,483.25,16.75,23,1909,366450894.00468457,191959.60922194057,22,0.9565217391304348,184.38383000641068,8.381083182109576,15.412812088391554,0,0.0,5.276293047741926,0.22940404555399677,0.23364658708201538,0,0.0
1428,eMBB,496.25,3.75,17,1967,295691640.3664669,150326.2025248942,16,0.9411764705882353,197.12497458909388,12.320310911818368,18.721678224828782,0,0.0,4.087604006035924,0.24044729447270144,0.24346524445015894,0,0.0
1429,mMTC,290.0,210.0,580,580,48975686.0,84440.83793103449,580,1.0,166.4187037264572,0.2869287995283745,0.30720913941747185,0,0.0,106.05349615791029,0.18285085544467292,0.20313885804995052,0,0.0
1430,eMBB,485.75,14.25,21,1921,302924724.4553856,157691.1631730274,20,0.9523809523809523,191.15864999767794,9.557932499883897,18.713473585958837,0,0.0,4.898172733148369,0.23324632062611284,0.23628331887389034,0,0.0
1431,eMBB,494.75,5.25,18,1960,288853903.0148177,147374.4403136825,17,0.9444444444444444,191.02344110757244,11.236673006327791,19.72423890703809,0,0.0,4.338813185812852,0.2410451769896029,0.24670828383641744,0,0.0
1432,eMBB,489.25,10.75,18,1938,282427880.8622824,145731.62067197234,17,0.9444444444444444,186.60330170461776,10.976664806153986,19.725587799665515,0,0.0,4.288114584184524,0.23822858801025135,0.24628473850270463,0,0.0
1433,eMBB,487.25,12.75,24,1924,285718290.86912215,148502.23018145643,23,0.9583333333333334,189.15791677283062,8.224257250992636,18.922130878085596,0,0.0,5.771941909489167,0.24049757956204862,0.24340136914039875,0,0.0
1434,eMBB,491.5,8.5,21,1945,374543023.99999964,192567.10745501268,21,1.0,198.88509742543351,9.470718925020643,15.512891803483317,0,0.0,4.8301347028879595,0.23000641442323616,0.23454332168320105,0,0.0
1435,eMBB,494.5,5.5,18,1959,292931794.5458232,149531.28869107872,17,0.9444444444444444,184.43661337707763,10.849212551592801,19.103711732753673,0,0.0,4.222046417624704,0.23455813431248357,0.24289010857995558,0,0.0
1436,eMBB,492.0,8.0,24,1943,298889995.58302855,153829.12793773986,23,0.9583333333333334,195.34246428723648,8.493150621184196,18.015611006970357,0,0.0,5.641776726384013,0.23507403026600052,0.238067778731049,0,0.0
1437,eMBB,494.75,5.25,20,1958,308650635.79510945,157635.6669025074,19,0.95,190.95597244091118,10.050314338995326,18.411164611403958,0,0.0,4.677277277882601,0.23386386389413003,0.23564123418674393,0,0.0
1438,URLLC,153.25,346.75,613,612,87208492.0,142497.53594771243,612,0.99836867862969,39.12559810443204,0.0639307158569151,0.06586943951949681,0,0.0,2.917022059525996,0.004758600423370303,0.005967324519496807,0,0.0
1439,eMBB,496.25,3.75,17,1967,288860160.18492085,146853.15718602992,16,0.9411764705882353,199.77922112199755,12.486201320124847,19.324001107578983,0,0.0,4.046094640330941,0.23800556707829065,0.24618837905273314,0,0.0
1440,eMBB,486.75,13.25,20,1926,287342437.7813907,149191.29687507308,19,0.95,191.5910655697959,10.083740293147152,17.42136299214039,0,0.0,4.725307226465854,0.2362653613232927,0.2436362732024309,0,0.0
1441,mMTC,273.5,226.5,547,547,44853325.0,81998.76599634369,547,1.0,158.94220307911442,0.2905707551720556,0.3155346098580127,0,0.0,102.54419002439222,0.18746652655281942,0.21216207096912376,0,0.0
1442,eMBB,495.5,4.5,19,1962,293724196.5215785,149706.52218225203,18,0.9473684210526315,197.26489703693724,10.959160946496514,19.72073498767485,0,0.0,4.4713371201875125,0.23533353264144802,0.243374526426161,0,0.0
1443,mMTC,255.75,244.25,512,511,41492450.0,81198.53228962819,511,0.998046875,146.9543767801165,0.28758195064602055,0.30774295391559126,0,0.0,93.77721288062915,0.1831586189074788,0.20611030400106137,0,0.0
1444,eMBB,493.0,7.0,21,1950,307852048.8090463,157872.84554310067,20,0.9523809523809523,198.36917237116165,9.918458618558082,18.21204004716602,0,0.0,4.811183413348044,0.22910397206419256,0.23605136768453502,0,0.0
1445,eMBB,489.25,10.75,15,1941,287474253.35689664,148106.2613894367,14,0.9333333333333333,186.3528932327575,13.310920945196965,19.724000151928962,0,0.0,3.601812480827571,0.2401208320551714,0.24678709618870062,0,0.0
1446,eMBB,491.5,8.5,19,1946,283756184.9976652,145815.10020435008,18,0.9473684210526315,197.27384834881326,10.959658241600737,18.823556908921898,0,0.0,4.585915309834727,0.24136396367551194,0.2470639402295503,0,0.0
1447,eMBB,495.0,5.0,19,1960,292790785.2671306,149383.0537077197,18,0.9473684210526315,195.30833403296026,10.850463001831125,17.221960248746388,0,0.0,4.522065563538138,0.2380034507125336,0.24390477175411177,0,0.0
1448,eMBB,495.25,4.75,22,1958,376914134.30777967,192499.5578691418,21,0.9545454545454546,196.11554607157075,9.338835527217654,15.009926471588773,0,0.0,4.99076042925031,0.226852746784105,0.23388862703762126,0,0.0
1449,URLLC,196.0,304.0,784,783,107778198.0,137647.76245210727,783,0.9987244897959183,50.165708495068486,0.06406859322486397,0.06621064071507052,0,0.0,4.0270663399647155,0.005136564209138668,0.006733480387629995,0,0.0
1450,mMTC,260.5,239.5,521,521,40564315.0,77858.57005758157,521,1.0,149.87554713668104,0.287668996423572,0.30805187410101326,0,0.0,95.79153926625366,0.18386091989684006,0.204689745895885,0,0.0
1451,eMBB,493.5,6.5,17,1955,301513161.1591548,154226.6808998234,16,0.9411764705882353,182.27731951794266,11.392332469871416,16.413352233316836,0,0.0,4.024063678812271,0.23670962816542773,0.24551361696675483,0,0.0
1452,mMTC,312.5,187.5,625,625,50222599.0,80356.1584,625,1.0,175.85091441829266,0.28136146306926824,0.2980828083054505,0,0.0,110.46769778034422,0.17674831644855077,0.19541851702339919,0,0.0
1453,eMBB,489.25,10.75,15,1941,284706635.48641723,146680.38922535663,14,0.9333333333333333,192.42165615873174,13.74440401133798,19.6251038519995,0,0.0,3.55314452318538,0.236876301545692,0.24585223809249235,0,0.0
1454,eMBB,491.5,8.5,18,1947,290665871.3295003,149289.0967280433,17,0.9444444444444444,192.1247840483072,11.30145788519454,17.520382840469306,0,0.0,4.319947214946812,0.23999706749704514,0.24404218683806353,0,0.0
1455,URLLC,227.25,272.75,909,909,128917008.0,141822.89108910892,909,1.0,57.869387530325696,0.06366269255261353,0.06564972634564094,0,0.0,4.421154098659004,0.0048637558841133155,0.006090071597223258,0,0.0
1456,eMBB,492.0,8.0,20,1947,290132436.68798727,149015.1189974254,19,0.95,191.38560451958543,10.072926553662391,18.82027412015297,0,0.0,4.715508140116712,0.2357754070058356,0.24268808572373077,0,0.0
1457,URLLC,199.5,300.5,798,798,113783287.0,142585.57268170427,798,1.0,51.5103498408294,0.06454931057748045,0.06691250419261235,0,0.0,4.636746917752492,0.005810459796682321,0.007744069173249714,0,0.0
1458,URLLC,151.25,348.75,605,605,81750546.0,135124.86942148762,605,1.0,38.66025936050952,0.06390125514133806,0.0660900517319682,0,0.0,3.1937689324325875,0.005278956913111715,0.0070370829327183375,0,0.0
1459,URLLC,198.75,301.25,795,795,110752270.0,139311.03144654087,795,1.0,50.85397946025898,0.06396726976133205,0.06581498135550146,0,0.0,3.865319691412751,0.004862037347688995,0.006036690029079625,0,0.0
1460,eMBB,493.5,6.5,18,1955,286067802.18094593,146326.24152478052,17,0.9444444444444444,181.39723968484515,10.67042586381442,19.925488932517027,0,0.0,4.292777559518197,0.2384876421954554,0.2473102952948357,0,0.0
1461,eMBB,494.5,5.5,20,1957,291968083.0108586,149191.66224366816,19,0.95,197.66375267541213,10.403355403969059,18.62011305972177,0,0.0,4.802714870414517,0.24013574352072586,0.2434228329003711,0,0.0
1462,eMBB,487.25,12.75,22,1926,369870097.8402393,192040.54924207646,21,0.9545454545454546,187.57154274317995,8.931978225865711,15.410310009300701,0,0.0,5.0477853762051055,0.2294447898275048,0.23480708486778626,0,0.0
1463,eMBB,494.25,5.75,20,1956,291437842.19209933,148996.8518364516,19,0.95,193.29259560004098,10.173294505265314,18.922242979490722,0,0.0,4.725158885794853,0.23625794428974264,0.24396340522923973,0,0.0
1464,eMBB,484.25,15.75,17,1919,298996332.8232592,155808.40689070307,16,0.9411764705882353,194.44065910249188,12.152541193905742,18.015577335034195,0,0.0,4.001174260506478,0.23536319179449872,0.23750475056133985,0,0.0
1465,mMTC,318.0,182.0,636,635,51194186.0,80620.76535433071,635,0.9984276729559748,186.85537349274267,0.29426043069723257,0.3211901203085689,0,0.0,120.43299025543764,0.18936004757144284,0.21646186047950905,0,0.0
1466,mMTC,301.5,198.5,603,603,48749564.0,80845.048092869,603,1.0,169.93323303468713,0.2818129901072755,0.30301440549232217,0,0.0,106.89893677519994,0.17727850211475943,0.19936145232992897,0,0.0
1467,eMBB,494.0,6.0,16,1959,286891024.6527356,146447.68997076855,15,0.9375,190.99519226082214,12.733012817388142,19.6254474601944,0,0.0,3.8510598469486688,0.2406912404342918,0.2473850295515893,0,0.0
1468,mMTC,250.5,249.5,501,500,40070960.0,80141.92,500,0.998003992015968,144.9749722624326,0.2899499445248652,0.3121201968594446,0,0.0,92.66337987323429,0.18495684605435986,0.20782890967995743,0,0.0
1469,eMBB,484.5,15.5,28,1909,364681786.07354534,191032.88950945277,27,0.9642857142857143,185.2922779275436,6.862676960279393,15.311402274687326,0,0.0,6.502672882137178,0.23223831721918492,0.23480630796579377,0,0.0
1470,eMBB,489.5,10.5,19,1938,289081466.38615733,149164.8433365105,18,0.9473684210526315,191.36168055963444,10.631204475535247,19.72403348942289,0,0.0,4.476237760353007,0.23559146107121087,0.24452441793156932,0,0.0
1471,eMBB,494.5,5.5,16,1961,305851091.017805,155966.90006007394,15,0.9375,190.47161060196882,12.698107373464588,16.9162304877081,0,0.0,3.7149698842199688,0.23218561776374805,0.2382796933732255,0,0.0
1472,eMBB,487.25,12.75,16,1932,307993428.1657776,159416.888284564,15,0.9375,192.126660713043,12.8084440475362,17.914296740294045,0,0.0,3.6702555828693018,0.22939097392933136,0.23481954511948194,0,0.0
1473,eMBB,486.75,13.25,20,1926,282056531.33388466,146446.79716193388,19,0.95,182.2163935739499,9.590336503892098,19.623256922579724,0,0.0,4.776610748912494,0.23883053744562469,0.24617439295330068,0,0.0
1474,eMBB,489.75,10.25,21,1938,282766818.00000006,145906.51083591333,21,1.0,198.39978083156265,9.447608611026793,20.125829458018533,0,0.0,5.034418243343298,0.23973420206396656,0.24646746353899163,0,0.0
1475,eMBB,490.5,9.5,18,1943,291365549.48867375,149956.53602093348,17,0.9444444444444444,193.81221451639206,11.400718500964238,19.221035024376736,0,0.0,4.3105676551618695,0.23947598084232607,0.24307488124610366,0,0.0
1476,eMBB,494.0,6.0,22,1953,375832404.8004238,192438.50732228562,21,0.9545454545454546,195.9146103714792,9.329267160546628,15.510334974338553,0,0.0,4.9950846527534685,0.22704930239788493,0.2343843241903936,0,0.0
1477,eMBB,490.0,10.0,21,1938,287996794.9992423,148605.15737835,20,0.9523809523809523,193.60809671248472,9.680404835624236,19.320318409215517,0,0.0,5.064369054294381,0.24116043115687527,0.24471286814910176,0,0.0
1478,URLLC,180.75,319.25,723,723,99145399.0,137130.56569847857,723,1.0,46.683544225672435,0.0645692174628941,0.06700214904104262,0,0.0,4.261508947210872,0.005894203246488066,0.007938798893636608,0,0.0
1479,mMTC,300.0,200.0,600,599,47487789.0,79278.44574290483,599,0.9983333333333333,176.40005217468664,0.2944909051330328,0.3244028299079499,0,0.0,113.85878427246777,0.18976464045411295,0.22117962512162503,0,0.0
1480,mMTC,270.5,229.5,541,540,44960082.0,83259.41111111111,540,0.9981515711645101,152.2047909989327,0.2818607240720976,0.3043984194675885,0,0.0,96.07216798871023,0.17758256559835534,0.20086274015134917,0,0.0
1481,eMBB,492.25,7.75,19,1949,283189825.0758857,145300.0641743898,18,0.9473684210526315,197.27476541221336,10.959709189567409,18.425869243349908,0,0.0,4.593858816433596,0.24178204297018926,0.24717773123210954,0,0.0
1482,mMTC,286.5,213.5,573,573,45270444.0,79006.0104712042,573,1.0,166.387625144207,0.2903797995535899,0.30920268841527854,0,0.0,106.33590329600199,0.18557749266317974,0.20551472381149533,0,0.0
1483,URLLC,186.25,313.75,745,744,107133781.0,143997.0174731183,744,0.9986577181208054,47.41855069047902,0.06373461114311697,0.06541001936810129,0,0.0,3.713018449135473,0.004983917381389897,0.006352537171445932,0,0.0
1484,eMBB,495.5,4.5,19,1962,293427279.9785883,149555.1885721653,18,0.9473684210526315,198.56416017895106,11.031342232163947,17.82012632843082,0,0.0,4.4799120916463,0.23578484692875262,0.24512181328583083,0,0.0
1485,eMBB,487.25,12.75,19,1929,298916968.86407965,154959.54840024866,18,0.9473684210526315,181.4526439581868,10.080702442121488,17.417012181271957,0,0.0,4.457788392378492,0.23462044170413118,0.23820376141402114,0,0.0
1486,eMBB,490.5,9.5,20,1941,306693666.6893332,158008.0714525158,19,0.95,194.19314664022593,10.220691928432943,17.913519798553146,0,0.0,4.623555666664198,0.2311777833332099,0.23572589712402495,0,0.0
1487,eMBB,488.75,11.25,14,1940,288674887.74424404,148801.48852796084,13,0.9285714285714286,193.18130678238214,14.860100521721703,19.82174898632477,0,0.0,3.3130668045169207,0.23664762889406576,0.24672641233754408,0,0.0
1488,eMBB,489.25,10.75,20,1936,281998679.2774935,145660.47483341605,19,0.95,197.63185824778128,10.401676749883226,20.224445006874106,0,0.0,4.87189203684054,0.24359460184202703,0.2465128495648102,0,0.0
1489,URLLC,174.75,325.25,699,699,97734067.0,139819.8383404864,699,1.0,44.40189415662796,0.06352202311391697,0.06549812958918157,0,0.0,3.630947487012605,0.005194488536498719,0.006666519490603024,0,0.0
1490,mMTC,241.5,258.5,483,482,38980039.0,80871.45020746888,482,0.9979296066252588,140.43224021390606,0.29135319546453536,0.3092312978715738,0,0.0,90.98933864064561,0.18838372389367622,0.20615282120490708,0,0.0
1491,eMBB,492.0,8.0,20,1947,289518902.4397719,148700.0012530929,19,0.95,195.38860448092743,10.283610762154074,19.92257081972119,0,0.0,4.7257016909098875,0.23628508454549438,0.2444478257771693,0,0.0
1492,mMTC,274.0,226.0,548,547,45259793.0,82741.85191956125,547,0.9981751824817519,157.75685871790498,0.2884037636524771,0.3090639994466187,0,0.0,101.1928361646516,0.1846584601544737,0.20638034269448202,0,0.0
1493,mMTC,274.75,225.25,550,549,43558048.0,79340.70673952642,549,0.9981818181818182,162.31428021892154,0.2956544266282724,0.3221877158530139,0,0.0,104.89622301481918,0.1907204054814894,0.2181357479897661,0,0.0
1494,eMBB,497.0,3.0,14,1973,293601985.5127229,148809.92676772576,13,0.9285714285714286,191.33000642593308,14.717692801994852,20.02290037603933,0,0.0,3.3625588459987803,0.2401827747141986,0.2468426167118141,0,0.0
1495,URLLC,192.5,307.5,770,769,105722336.0,137480.2808842653,769,0.9987012987012988,48.90512306540426,0.06359573870663753,0.06537101369602012,0,0.0,3.9970362105709962,0.0051909561176246705,0.006600725338141066,0,0.0
1496,eMBB,493.25,6.75,19,1953,291965851.9113306,149496.08392797265,18,0.9473684210526315,197.50410266425558,10.972450148014198,18.519659363282603,0,0.0,4.5268810568186915,0.23825689772729955,0.24323111573467435,0,0.0
1497,URLLC,202.0,298.0,808,808,112445998.0,139165.83910891088,808,1.0,51.54545004144377,0.06379387381366804,0.06576453362884115,0,0.0,4.120890288943733,0.005100111743742244,0.0064278164774770035,0,0.0
1498,mMTC,237.75,262.25,476,475,36924429.0,77735.64,475,0.9978991596638656,134.32257270709187,0.2827843635938776,0.3007188234958027,0,0.0,85.40242520657912,0.17941685967768722,0.20019783628823376,0,0.0
1499,eMBB,493.25,6.75,17,1955,305271972.3265792,156149.34645860828,16,0.9411764705882353,187.99263604961322,11.749539753100827,18.6530553237262,0,0.0,3.956836045044939,0.2327550614732317,0.23916824015943017,0,0.0
1500,eMBB,489.5,10.5,25,1932,302079714.9803132,156355.96013473766,24,0.96,193.76710045589707,8.073629185662378,14.413760082850981,0,0.0,5.79978237631166,0.23199129505246638,0.23666297869783373,0,0.0
1501,mMTC,306.0,194.0,612,612,48464183.0,79189.84150326798,612,1.0,172.82932842237813,0.2824008634352584,0.301279155403671,0,0.0,109.1046941892157,0.17827564410002567,0.20006487403614964,0,0.0
1502,eMBB,490.75,9.25,16,1946,284787679.9910923,146345.1592965531,15,0.9375,187.31790240806507,12.487860160537672,19.12488840684536,0,0.0,3.8769090249153675,0.24230681405721047,0.24632689432219396,0,0.0
1503,eMBB,494.5,5.5,18,1959,293378309.2146283,149759.21858837584,17,0.9444444444444444,198.4781274798284,11.67518396940167,17.82096549755185,0,0.0,4.280637621978495,0.2378132012210275,0.24462822975334636,0,0.0
1504,eMBB,495.25,4.75,23,1957,375632301.55642515,191942.92363639508,22,0.9565217391304348,198.4753785462766,9.021608115739845,15.411219790999395,0,0.0,5.283550851611458,0.22971960224397642,0.2342855238135733,0,0.0
1505,mMTC,306.25,193.75,613,612,48005804.0,78440.85620915033,612,0.99836867862969,173.1961709396066,0.28300027931308264,0.3019057322578652,0,0.0,110.19157891328153,0.17975787750943154,0.19699301638790065,0,0.0
1506,eMBB,494.5,5.5,19,1958,303736340.7696319,155125.81244618585,18,0.9473684210526315,197.00059055873228,10.944477253262905,16.516987167237204,0,0.0,4.508861627471464,0.2373085067090244,0.2393209179457348,0,0.0
1507,mMTC,244.5,255.5,489,489,37342315.0,76364.65235173824,489,1.0,144.7689405156782,0.2960510030995464,0.3231054116823918,0,0.0,93.73331181516538,0.191683664243692,0.21964917031487047,0,0.0
1508,eMBB,490.0,10.0,16,1943,287173014.04522187,147798.77202533293,15,0.9375,188.97453694164508,12.598302462776338,19.824700659396967,0,0.0,3.8512046808119216,0.2407002925507451,0.246873425921794,0,0.0
1509,URLLC,199.75,300.25,799,799,114388091.0,143164.06883604504,799,1.0,50.87848883071073,0.06367770817360542,0.0655782398358497,0,0.0,4.251045691864603,0.005320457686939429,0.006825883383872269,0,0.0
1510,mMTC,290.0,210.0,580,579,45918376.0,79306.34887737478,579,0.9982758620689656,168.3504480732229,0.29076070478967686,0.31263030651703383,0,0.0,107.98319195669701,0.186177917166719,0.20994761455122185,0,0.0
1511,eMBB,486.5,13.5,24,1921,368919215.99999976,192045.4013534616,23,0.9583333333333334,196.89345632965998,8.560585057811304,15.611347649877212,0,0.0,5.523208607136128,0.23013369196400535,0.2346834985446242,0,0.0
1512,eMBB,487.75,12.25,16,1934,290203085.545823,150053.30173000155,15,0.9375,181.60720360916045,12.107146907277363,18.720038712518505,0,0.0,3.8632315070165038,0.24145196918853148,0.24353087468552792,0,0.0
1513,eMBB,492.0,8.0,17,1950,305111324.3695163,156467.3458305212,16,0.9411764705882353,186.38796281422722,11.649247675889201,18.315996702880305,0,0.0,3.955831514142494,0.2326959714201467,0.2378997176285808,0,0.0
1514,eMBB,485.0,15.0,21,1918,301706902.3352663,157302.86878793864,20,0.9523809523809523,193.01727540705323,9.650863770352661,18.513695926207806,0,0.0,4.87078922480259,0.2319423440382186,0.23547005154230563,0,0.0
1515,URLLC,191.5,308.5,766,765,106324980.0,138986.9019607843,765,0.9986945169712794,49.00787538420033,0.06406258220156906,0.06604523334953205,0,0.0,3.8499442021392025,0.005026036817414103,0.0063299376414051,0,0.0
1516,eMBB,494.0,6.0,17,1958,286111542.19479555,146124.38314340936,16,0.9411764705882353,195.75436711128617,12.234647944455386,19.523883484725438,0,0.0,4.13740023462788,0.2433764843898753,0.24669273100149564,0,0.0
1517,URLLC,144.75,355.25,579,579,82044728.0,141700.73920552677,579,1.0,36.852000617694415,0.06364766946061212,0.06519914805449102,0,0.0,3.088485220771307,0.005334171365753553,0.006735822682257383,0,0.0
1518,eMBB,492.5,7.5,30,1939,367313685.1934238,189434.59783054347,29,0.9666666666666667,197.20454761456543,6.8001568142953595,12.309237193239086,0,0.0,6.8677902313871915,0.2289263410462397,0.235411799325339,0,0.0
1519,eMBB,494.0,6.0,18,1957,293438822.21728724,149943.18968691223,17,0.9444444444444444,188.43557185033288,11.084445402960757,19.12133212542462,0,0.0,4.337024268089635,0.2409457926716464,0.2446265620487411,0,0.0
1520,eMBB,491.75,8.25,16,1950,305378099.69671386,156604.1536906225,15,0.9375,190.8199372736159,12.721329151574393,18.0140584573928,0,0.0,3.7697604119694983,0.23561002574809364,0.2384369319714992,0,0.0
1521,mMTC,295.75,204.25,592,591,46971671.0,79478.29272419628,591,0.9983108108108109,174.98042463750167,0.2960751685913734,0.3257281284036764,0,0.0,113.37694705425385,0.19151511326732068,0.22265456430111222,0,0.0
1522,mMTC,271.5,228.5,543,542,44257089.0,81655.14575645757,542,0.998158379373849,153.23884234167264,0.28272849140530004,0.3054854654878634,0,0.0,97.04102983512912,0.17871276212730963,0.20258226172717952,0,0.0
1523,eMBB,490.0,10.0,21,1938,281190829.2082742,145093.30712501248,20,0.9523809523809523,184.96851296573263,9.24842564828663,20.325816640998923,0,0.0,5.135704879526689,0.24455737521555662,0.24705509813490462,0,0.0
1524,eMBB,492.25,7.75,16,1952,293807898.1514313,150516.3412661021,15,0.9375,189.4917458625648,12.632783057504321,19.62017493648822,0,0.0,3.7530313008297167,0.2345644563018573,0.24314121727166962,0,0.0
1525,mMTC,247.0,253.0,494,493,37835032.0,76744.48681541582,493,0.9979757085020243,144.0408428859632,0.2921720951033736,0.3169945964931359,0,0.0,93.42674619761272,0.18912296801136178,0.21426825593758025,0,0.0
1526,eMBB,491.5,8.5,16,1949,292663548.56718594,150160.87663785837,15,0.9375,190.39108643558077,12.692739095705384,17.72102446835035,0,0.0,3.852219144942281,0.24076369655889257,0.2440197348614609,0,0.0
1527,URLLC,202.5,297.5,810,809,111525156.0,137855.56983930778,809,0.9987654320987654,52.32551174394033,0.06467924813836877,0.06728204373520362,0,0.0,4.9164935718047245,0.006069745150376203,0.008019913206677677,0,0.0
1528,eMBB,493.5,6.5,20,1953,307383398.74441266,157390.3731410203,19,0.95,197.85037897000151,10.413177840526396,17.411953306457214,0,0.0,4.5851149707220005,0.22925574853610003,0.23681343286531836,0,0.0
1529,mMTC,308.0,192.0,616,616,50374853.0,81777.35876623377,616,1.0,174.28536285505118,0.28293078385560255,0.3016846857576441,0,0.0,110.22645148035026,0.17893904461095822,0.1973789500311483,0,0.0
1530,URLLC,196.5,303.5,786,785,105993481.0,135023.54267515923,785,0.9987277353689568,50.00551459412426,0.06370129247659141,0.06555871269439388,0,0.0,4.262949694817128,0.005423600120632479,0.006877331287808241,0,0.0
1531,mMTC,284.0,216.0,568,568,45340494.0,79824.81338028169,568,1.0,165.15940604315404,0.29077360218865145,0.3120954168061526,0,0.0,105.72114747289743,0.18612878076214337,0.20609336651745633,0,0.0
1532,eMBB,493.25,6.75,22,1950,374844764.7732269,192228.08449909074,21,0.9545454545454546,193.26696875694864,9.203188988426126,14.81024768434652,0,0.0,5.057534949730005,0.22988795226045478,0.23420804974450157,0,0.0
1533,eMBB,492.25,7.75,16,1952,293367620.8419114,150290.78936573328,15,0.9375,195.90024409301128,13.060016272867419,19.820503747681197,0,0.0,3.7635004291000143,0.2352187768187509,0.24462787707800035,0,0.0
1534,eMBB,494.25,5.75,19,1957,303994323.1629503,155336.90503983153,18,0.9473684210526315,199.32200665454445,11.073444814141359,18.11630307616358,0,0.0,4.4348842126281065,0.23341495855937403,0.23818576235639524,0,0.0
1535,eMBB,494.75,5.25,17,1961,311460174.5724032,158827.21803794146,16,0.9411764705882353,192.60740488208177,12.03796280513011,18.514201769984197,0,0.0,3.8770320890963257,0.22806071112331328,0.23546122893653823,0,0.0
1536,eMBB,490.25,9.75,16,1945,287370266.9999996,147748.2092544985,16,1.0,197.99436275101624,12.374647671938515,20.022692078046376,0,0.0,3.8506914302203334,0.24066821438877084,0.2463870286583095,0,0.0
1537,eMBB,491.25,8.75,19,1945,283420427.26185757,145717.4433222918,18,0.9473684210526315,192.80681635779936,10.71148979765552,19.824306315099705,0,0.0,4.534239021315482,0.23864415901660432,0.24613635552227361,0,0.0
1538,eMBB,494.0,6.0,20,1955,290191407.62826484,148435.50262315338,19,0.95,192.6301815087963,10.138430605726121,16.419568871392748,0,0.0,4.77693744853405,0.2388468724267025,0.24412770804128403,0,0.0
1539,eMBB,495.0,5.0,22,1957,377182470.9999998,192735.03883495135,21,0.9545454545454546,200.1022817371268,9.528680082720323,15.309637943726122,0,0.0,5.095034870221137,0.23159249410096078,0.2354563354327901,0,0.0
1540,eMBB,495.5,4.5,17,1964,294413704.35913336,149905.14478570945,16,0.9411764705882353,186.95737301011454,11.684835813132159,19.41915615829443,0,0.0,4.03959977296449,0.23762351605673468,0.24368386130761577,0,0.0
1541,eMBB,491.25,8.75,21,1943,300838048.25259197,154831.72838527636,20,0.9523809523809523,191.30349283036318,9.565174641518158,18.715570691867224,0,0.0,4.860588663251247,0.23145660301196413,0.23874409485331458,0,0.0
1542,URLLC,177.0,323.0,708,708,97811228.0,138151.45197740113,708,1.0,45.318406716319735,0.06400904903434991,0.06616560120016515,0,0.0,3.8284211924735754,0.005407374565640643,0.007111595843693649,0,0.0
1543,eMBB,490.5,9.5,17,1944,286857325.3384917,147560.35254037636,16,0.9411764705882353,195.53967926908436,12.221229954317772,19.02218294203661,0,0.0,4.1432234877255665,0.24371902868973921,0.2463035812551767,0,0.0
1544,eMBB,496.5,3.5,15,1970,289722685.06537753,147067.35282506474,14,0.9333333333333333,194.2718667583622,13.876561911311585,20.023403376674366,0,0.0,3.614066467952041,0.24093776453013607,0.24709180699445302,0,0.0
1545,eMBB,492.25,7.75,16,1952,292243075.2404819,149714.69018467312,15,0.9375,186.06404079549637,12.404269386366424,17.92036571126896,0,0.0,3.828143615949301,0.23925897599683132,0.2436299102294716,0,0.0
1546,mMTC,275.0,225.0,550,550,42187869.0,76705.21636363637,550,1.0,160.8109743074927,0.29238358964998673,0.3131235329103364,0,0.0,104.1962967916593,0.18944781234847144,0.20814749263255858,0,0.0
1547,eMBB,494.5,5.5,17,1960,293067043.51503634,149524.0017933859,16,0.9411764705882353,188.91415736229303,11.807134835143314,19.50648362515808,0,0.0,4.098490471522411,0.24108767479543597,0.24359415877254,0,0.0
1548,mMTC,271.5,228.5,543,542,46445714.0,85693.19926199262,542,0.998158379373849,156.4849971219657,0.2887177068670954,0.3097790865897508,0,0.0,100.5208814337537,0.18512132860728123,0.2084396329145371,0,0.0
1549,mMTC,236.0,264.0,472,472,37598136.0,79657.06779661016,472,1.0,140.00007548012366,0.29661032940704163,0.3194695873437378,0,0.0,90.78033488456798,0.19233121797577962,0.21373749059160102,0,0.0
1550,URLLC,187.75,312.25,751,751,105228160.0,140117.39014647139,751,1.0,48.115794094063844,0.06406896683630339,0.0661707885254544,0,0.0,3.825893225986857,0.005094398436733498,0.006563260833146699,0,0.0
1551,mMTC,248.5,251.5,497,497,39630818.0,79740.07645875252,497,1.0,142.31034029106652,0.2863387128592888,0.3039886784143844,0,0.0,90.7043763563655,0.18250377536492052,0.200079488670671,0,0.0
1552,mMTC,271.25,228.75,543,542,41744290.0,77018.9852398524,542,0.998158379373849,158.1258738619567,0.2917451547268574,0.3107852037363031,0,0.0,101.53906022503375,0.18699642767041205,0.20856853925509272,0,0.0
1553,eMBB,493.0,7.0,23,1948,373928016.47976476,191954.83392185048,22,0.9565217391304348,192.21865529518334,8.737211604326516,15.00989446738798,0,0.0,5.239262074315747,0.22779400323111945,0.23401095616833514,0,0.0
1554,eMBB,489.75,10.25,17,1941,291146824.91108984,149998.36419942803,16,0.9411764705882353,187.1054950503375,11.694093440646094,19.720243772875527,0,0.0,4.091133235093853,0.24065489618199135,0.2434381607145766,0,0.0
1555,eMBB,491.0,9.0,19,1944,303051071.1287882,155890.46868764824,18,0.9473684210526315,187.6727969589636,10.4262664977202,18.116632481239222,0,0.0,4.387689603699363,0.2309310317736507,0.23886727647497663,0,0.0
1556,eMBB,493.0,7.0,18,1953,309547136.8131142,158498.27793810252,17,0.9444444444444444,198.02734892745195,11.648667583967763,17.51469998607182,0,0.0,4.221624537286609,0.23453469651592274,0.2365124965710643,0,0.0
1557,eMBB,489.25,10.75,23,1933,280917890.4627305,145327.41358651346,22,0.9565217391304348,190.5482426342471,8.66128375610214,18.519742707039125,0,0.0,5.5855427136925435,0.24284968320402364,0.24557467005768358,0,0.0
1558,eMBB,495.5,4.5,17,1964,287270744.7760099,146268.19998778508,16,0.9411764705882353,190.66260810260954,11.916413006413096,19.522992658435438,0,0.0,4.0503016899575925,0.23825304058574073,0.24665045315980513,0,0.0
1559,eMBB,489.25,10.75,20,1936,290024155.5170401,149805.86545301657,19,0.95,195.6743932560732,10.298652276635432,19.719515102757686,0,0.0,4.726250047639441,0.23631250238197204,0.2438551058947819,0,0.0
1560,eMBB,489.0,11.0,23,1932,371011442.47531146,192034.90811351524,22,0.9565217391304348,184.72179385847122,8.396445175385056,15.310220980177903,0,0.0,5.243091420310243,0.22796049653522796,0.23619509252814155,0,0.0
1561,eMBB,425.5,74.5,12,1684,254463416.11176723,151106.54163406606,11,0.9166666666666666,154.35280923979957,14.032073567254507,19.419449035594965,0,0.0,2.83383048817411,0.23615254068117583,0.24368058417516936,0,0.0
1562,eMBB,489.5,10.5,21,1936,299534736.7369351,154718.3557525491,20,0.9523809523809523,189.64944672890536,9.482472336445268,18.91601393794038,0,0.0,4.907745924032767,0.2337021868587032,0.23796565340342882,0,0.0
1563,eMBB,495.5,4.5,21,1960,309220479.1334346,157765.55057828294,20,0.9523809523809523,197.559905211656,9.8779952605828,17.41198562898717,0,0.0,4.820770033567167,0.22956047778891273,0.2364434338394863,0,0.0
1564,eMBB,489.5,10.5,20,1937,283259793.02987844,146236.3412647798,19,0.95,189.58598209314871,9.978209583849932,19.397194381801366,0,0.0,4.859734256988267,0.24298671284941334,0.247288457598202,0,0.0
1565,eMBB,497.25,2.75,14,1974,290246509.0921339,147034.70572043257,13,0.9285714285714286,189.89085291875995,14.606988686058457,19.323133930259683,0,0.0,3.315740138734216,0.2368385813381583,0.24767462326779977,0,0.0
1566,eMBB,496.0,4.0,18,1965,295556633.78138983,150410.5006521068,17,0.9444444444444444,195.07477867172315,11.474986980689597,19.71929988340123,0,0.0,4.286340610775842,0.23813003393199125,0.24344567279417859,0,0.0
1567,mMTC,287.5,212.5,575,574,43502497.0,75788.32229965157,574,0.9982608695652174,167.97812883981723,0.2926448237627478,0.3117713431796202,0,0.0,109.21615377184878,0.18994113699451962,0.20961026083341638,0,0.0
1568,mMTC,279.75,220.25,560,559,44805570.0,80153.07692307692,559,0.9982142857142857,158.63822776864276,0.28378931622297454,0.30423094942062445,0,0.0,101.17788492283087,0.18067479450505514,0.20169351010438513,0,0.0
1569,mMTC,288.5,211.5,577,576,44421212.0,77120.15972222222,576,0.9982668977469671,166.64346348831867,0.2893115685561088,0.3143917647338871,0,0.0,107.24240646421751,0.1858620562638085,0.21269245738345965,0,0.0
1570,mMTC,277.25,222.75,555,554,44152464.0,79697.58844765343,554,0.9981981981981982,164.74452994928487,0.29737279774239145,0.3275660649509627,0,0.0,107.08964867509665,0.1929543219371111,0.22482577640395418,0,0.0
1571,eMBB,495.5,4.5,17,1964,288991396.5149456,147144.29557787455,16,0.9411764705882353,197.2103038311116,12.325643989444474,18.92098424291257,0,0.0,4.116975271241381,0.24217501595537538,0.24643150157144564,0,0.0
1572,mMTC,289.0,211.0,578,578,46821201.0,81005.53806228374,578,1.0,165.72775914550334,0.2867262268953345,0.3068582601779083,0,0.0,105.83325489627258,0.18310251712157885,0.2054826153915834,0,0.0
1573,eMBB,490.0,10.0,18,1941,290920607.3772721,149881.81729895525,17,0.9444444444444444,181.27616961215415,10.663304094832597,19.321338664310886,0,0.0,4.286593310604975,0.23814407281138752,0.24422984160212782,0,0.0
1574,mMTC,289.0,211.0,578,578,47322680.0,81873.14878892734,578,1.0,169.44423466025947,0.29315611532916863,0.31193730042029477,0,0.0,110.06226470637044,0.1904191430906063,0.21102692750008306,0,0.0
1575,eMBB,493.25,6.75,20,1952,290344380.76935786,148741.99834495792,19,0.95,196.35455168674693,10.334450088776155,18.41760220801793,0,0.0,4.807672113860757,0.24038360569303788,0.24391772669512438,0,0.0
1576,eMBB,493.0,7.0,21,1950,302644272.0382298,155202.1907888358,20,0.9523809523809523,198.10139175779477,9.905069587889738,18.716654235110795,0,0.0,4.864732383725779,0.23165392303456092,0.23832370042421222,0,0.0
1577,mMTC,264.5,235.5,529,528,42922321.0,81292.27462121213,528,0.998109640831758,157.12211574296137,0.29757976466469954,0.3255157530889867,0,0.0,102.36012477292182,0.19349740032688434,0.21712976163599523,0,0.0
1578,mMTC,302.0,198.0,604,604,48242589.0,79871.83609271524,604,1.0,171.43843508710992,0.2838384686872681,0.30202703635566397,0,0.0,108.68190842899034,0.17993693448508336,0.19789625242403996,0,0.0
1579,eMBB,488.75,11.25,21,1933,279570606.0671145,144630.42217646894,20,0.9523809523809523,191.7632799224752,9.58816399612376,18.221708470214708,0,0.0,5.038303913198029,0.23991923396181092,0.24700792287020537,0,0.0
1580,eMBB,489.75,10.25,22,1935,306312789.30777985,158301.18310479578,21,0.9545454545454546,194.37518268754454,9.255961080359263,18.520150713243087,0,0.0,5.253781456910284,0.23880824804137654,0.24427297981316146,0,0.0
1581,eMBB,489.75,10.25,23,1935,371687221.03009623,192086.41913700063,22,0.9565217391304348,195.48438757988902,8.885653980904046,15.013123159305009,0,0.0,5.306938125780937,0.2307364402513451,0.2356330982445388,0,0.0
1582,mMTC,294.0,206.0,588,587,49298297.0,83983.47018739353,587,0.9982993197278912,166.93928941700173,0.2843940194497474,0.3055419631132519,0,0.0,106.83251969153116,0.1816879586590666,0.20319859695940573,0,0.0
1583,mMTC,249.25,250.75,499,498,37942747.0,76190.25502008032,498,0.9979959919839679,144.1540961042327,0.2894660564342022,0.3071832327977373,0,0.0,92.72361585124108,0.1858188694413649,0.20463033436809264,0,0.0
1584,mMTC,257.5,242.5,515,515,42598474.0,82715.48349514563,515,1.0,153.22184331622364,0.2975181423615993,0.32618249018300377,0,0.0,99.75593071622366,0.19370083634218185,0.22301046788745593,0,0.0
1585,eMBB,489.5,10.5,17,1940,286322027.54291356,147588.67399119257,16,0.9411764705882353,180.7440961839666,11.296506011497913,19.82053197930448,0,0.0,4.153670730654105,0.24433357239141795,0.24705594844044865,0,0.0
1586,eMBB,495.0,5.0,17,1962,287051410.7743102,146305.51007864941,16,0.9411764705882353,190.41027192970608,11.90064199560663,19.023077931533745,0,0.0,4.103307163166907,0.24137100959805333,0.24761636259425598,0,0.0
1587,eMBB,494.25,5.75,19,1957,292581879.50197107,149505.3037823051,18,0.9473684210526315,185.29104818351396,10.293947121306331,19.719603703580056,0,0.0,4.525875984959548,0.23820399920839724,0.24340652834585555,0,0.0
1588,eMBB,485.25,14.75,25,1915,366371308.97589844,191316.61043127856,24,0.96,191.4833026517856,7.978470943824401,15.609732911523102,0,0.0,5.753845622710279,0.23015382490841116,0.23498743288962445,0,0.0
1589,eMBB,491.0,9.0,17,1946,291842102.2812982,149970.24783211623,16,0.9411764705882353,193.71399674757697,12.10712479672356,19.21901874904982,0,0.0,4.004187495591612,0.23554044091715365,0.2448890970004157,0,0.0
1590,mMTC,248.5,251.5,497,496,38545869.0,77713.44556451614,496,0.9979879275653923,144.07500729952608,0.2904738050393671,0.31086390897747496,0,0.0,93.06552869599136,0.18725458490139107,0.21020547239627835,0,0.0
1591,mMTC,211.25,288.75,421,421,34887543.0,82868.2731591449,421,1.0,129.73269662891582,0.30815367370288793,3.5035661817162937,0,0.0,86.04762375609522,0.20438865500260148,3.3991662572718493,0,0.0
1592,eMBB,490.75,9.25,16,1946,287327439.8264548,147650.27740311142,15,0.9375,180.1227554477552,12.008183696517014,19.823595011351344,0,0.0,3.909023497805456,0.244313968612841,0.24695263814377338,0,0.0
1593,eMBB,492.25,7.75,18,1950,283511298.27641577,145390.4093725209,17,0.9444444444444444,191.4209793950244,11.260057611472023,19.556529171033862,0,0.0,4.33550847868303,0.24086158214905723,0.24768936785734508,0,0.0
1594,eMBB,493.75,6.25,16,1958,295425844.09030646,150881.43211966622,15,0.9375,185.9928768746764,12.399525124978426,19.718774507671124,0,0.0,3.7658691808670857,0.23536682380419285,0.2439258886032036,0,0.0
1595,eMBB,492.5,7.5,22,1947,374787629.0539229,192494.93017664246,21,0.9545454545454546,196.10226709150956,9.338203194833788,15.208556595981094,0,0.0,5.005492771080155,0.22752239868546156,0.2346524609846716,0,0.0
1596,eMBB,492.25,7.75,19,1949,290835708.56410444,149223.041849207,18,0.9473684210526315,193.749005286785,10.763833627043612,18.518784754654114,0,0.0,4.48296829598424,0.23594569978864421,0.24376294143347443,0,0.0
1597,URLLC,161.25,338.75,645,644,90093005.0,139895.9704968944,644,0.9984496124031008,41.72113174279676,0.06478436606024342,0.06729042820860742,0,0.0,4.007217692787654,0.006212740608973107,0.008097086285530497,0,0.0
1598,eMBB,493.5,6.5,19,1954,308723893.7836191,157995.85147575184,18,0.9473684210526315,196.94053639861863,10.941140911034369,16.912730109889193,0,0.0,4.361343521478743,0.22954439586730224,0.23697867984746848,0,0.0
1599,URLLC,164.5,335.5,658,658,93110094.0,141504.70212765958,658,1.0,42.2761605673123,0.06424948414485153,0.06603936727950027,0,0.0,3.4955179338507745,0.005312337285487499,0.0066740808113268804,0,0.0
1600,mMTC,237.0,263.0,474,474,37489668.0,79092.12658227848,474,1.0,136.25475853154623,0.28745729648005536,0.3066915412187661,0,0.0,87.22330188436685,0.18401540481933934,0.2033276338197103,0,0.0
1601,eMBB,492.5,7.5,19,1950,291793963.84671915,149637.9301778047,18,0.9473684210526315,194.95998294401807,10.83111016355656,18.819652325378925,0,0.0,4.497688669262842,0.23672045627699168,0.24439363240230622,0,0.0
1602,eMBB,490.0,10.0,24,1935,370683398.2159748,191567.64765683454,23,0.9583333333333334,188.57770872617965,8.199030814181723,14.50937874903453,0,0.0,5.529401751506696,0.23039173964611234,0.23599280830971087,0,0.0
1603,eMBB,494.5,5.5,19,1958,292692522.7866708,149485.45596867762,18,0.9473684210526315,196.34206608681055,10.907892560378365,19.421244161229087,0,0.0,4.479447805274685,0.23576041080393076,0.2433071004506545,0,0.0
1604,eMBB,489.5,10.5,22,1935,300794995.4841307,155449.61006931818,21,0.9545454545454546,197.6214675053201,9.41054607168191,19.01611978567149,0,0.0,5.106749936763493,0.23212499712561332,0.2399413667162352,0,0.0
1605,eMBB,493.5,6.5,17,1956,311556050.16577756,159282.2342360826,16,0.9411764705882353,194.75050076336112,12.17190629771007,18.411649749232957,0,0.0,3.929228736051298,0.23113110212066457,0.23657891459425381,0,0.0
1606,eMBB,495.25,4.75,16,1964,290844572.867423,148087.86805876935,15,0.9375,199.3215942813471,13.28810628542314,19.721821064844253,0,0.0,3.8088319142109803,0.23805199463818627,0.2465013621999297,0,0.0
1607,eMBB,496.25,3.75,19,1965,286320925.8808905,145710.39485032595,18,0.9473684210526315,195.55851830902557,10.864362128279199,20.123242684236942,0,0.0,4.59713615693014,0.24195453457527052,0.2472918133761645,0,0.0
1608,eMBB,492.75,7.25,20,1950,291491554.354382,149482.84838686255,19,0.95,195.83231412428378,10.306963901278094,19.21855449013564,0,0.0,4.7937667684281635,0.2396883384214082,0.2434726209148465,0,0.0
1609,eMBB,492.5,7.5,24,1944,363324027.6153016,186895.0759337971,23,0.9583333333333334,198.74172015202984,8.64094435443608,17.614988566518676,0,0.0,5.48141180657484,0.228392158607285,0.23653420745882517,0,0.0
1610,eMBB,483.5,16.5,19,1914,284823342.3298647,148810.52368331488,18,0.9473684210526315,184.04885019677826,10.224936122043237,18.420560257395795,0,0.0,4.487709857072168,0.23619525563537724,0.24405315117164864,0,0.0
1611,eMBB,493.75,6.25,16,1958,305922198.568732,156242.185172999,15,0.9375,190.41085265945188,12.694056843963459,18.11476075339514,0,0.0,3.670023707440671,0.22937648171504194,0.23850399909303813,0,0.0
1612,eMBB,491.25,8.75,19,1945,307623850.6653072,158161.3628099266,18,0.9473684210526315,194.21979080190408,10.78998837788356,18.012914394507508,0,0.0,4.4422345510853845,0.23380181847817813,0.2366960994741222,0,0.0
1613,eMBB,495.5,4.5,17,1964,290845303.15423214,148088.23989523022,16,0.9411764705882353,187.79166795294404,11.736979247059002,19.12277816852764,0,0.0,4.10458081531488,0.24144593031264,0.24571685366105597,0,0.0
1614,eMBB,491.25,8.75,15,1949,286716229.0758864,147109.4043488386,14,0.9333333333333333,196.38620286559527,14.02758591897109,19.823739535179264,0,0.0,3.6397198545382365,0.2426479903025491,0.24643079851643898,0,0.0
1615,eMBB,494.25,5.75,18,1958,294810271.8171707,150567.0438289942,17,0.9444444444444444,196.4774011400876,11.557494184711036,19.420253762845803,0,0.0,4.297539808660895,0.23875221159227195,0.24386585862086646,0,0.0
1616,mMTC,265.5,234.5,531,530,41910337.0,79076.10754716981,530,0.9981167608286252,154.75724342539047,0.2919947989158311,0.5548088809502418,0,0.0,100.30872308295456,0.18890531654040407,0.3734033161639171,0,0.0
1617,mMTC,250.5,249.5,501,500,39372998.0,78745.996,500,0.998003992015968,142.71921700396342,0.28543843400792684,0.3071944681188305,0,0.0,91.67704049144177,0.18298810477333688,0.20495006230686472,0,0.0
1618,mMTC,243.5,256.5,487,487,40019027.0,82174.5934291581,487,1.0,141.48121766005585,0.290515847351244,0.31258512656968857,0,0.0,91.32097588398753,0.18751740427923516,0.2102645433218253,0,0.0
1619,eMBB,486.75,13.25,24,1923,301950489.9999999,157020.5356214248,23,0.9583333333333334,197.16701061296527,8.572478722302838,18.512964671678066,0,0.0,5.366657291108376,0.223610720462849,0.23737856015738903,0,0.0
1620,mMTC,287.75,212.25,576,575,46884339.0,81537.98086956522,575,0.9982638888888888,163.59649582566075,0.2845156449141926,0.30330603900824893,0,0.0,104.01450905984912,0.18058074489557138,0.19975641097406086,0,0.0
1621,eMBB,494.5,5.5,18,1959,285147221.8043388,145557.54048205147,17,0.9444444444444444,185.59775718195093,10.917515128350054,19.3234543173985,0,0.0,4.416008947806243,0.24533383043368018,0.2478083104944096,0,0.0
1622,eMBB,493.0,7.0,19,1952,291680019.7322065,149426.2396169091,18,0.9473684210526315,196.49078605405438,10.916154780780799,19.42121282266697,0,0.0,4.535664843173129,0.23871920227226995,0.2436329369372445,0,0.0
1623,eMBB,487.5,12.5,26,1923,367588551.88848865,191153.6931297393,25,0.9615384615384616,191.49196546857976,7.6596786187431904,14.907440229205289,0,0.0,5.993372977195407,0.23051434527674644,0.23660714689873294,0,0.0
1624,eMBB,492.0,8.0,17,1950,292522779.0699135,150011.68157431463,16,0.9411764705882353,188.08686248300307,11.755428905187692,19.61942627379135,0,0.0,4.083501286024269,0.2402059580014276,0.24439413827291057,0,0.0
1625,eMBB,491.25,8.75,18,1946,302373077.0067726,155381.84841046896,17,0.9444444444444444,183.83722126342943,10.813954191966436,17.415149210885463,0,0.0,4.239870934031724,0.23554838522398466,0.23921980035621043,0,0.0
1626,eMBB,495.0,5.0,18,1961,310139227.4554842,158153.60910529536,17,0.9444444444444444,190.2214722845855,11.1894983696815,18.012500198154832,0,0.0,4.227025946989927,0.2348347748327737,0.2366687565314052,0,0.0
1627,eMBB,495.75,4.25,20,1962,288232497.6501973,146907.49115708325,19,0.95,197.06318851103723,10.371746763738802,18.820027822644338,0,0.0,4.846774319517263,0.24233871597586315,0.24620239703192098,0,0.0
1628,eMBB,494.75,5.25,14,1964,289376890.9313258,147340.57583061396,13,0.9285714285714286,186.78768758534272,14.36828366041098,20.222132136620022,0,0.0,3.321667222919581,0.2372619444942558,0.24677728702050425,0,0.0
1629,mMTC,255.25,244.75,511,510,41190374.0,80765.43921568627,510,0.9980430528375733,149.34584656886207,0.2928349932722786,0.31461910635308676,0,0.0,96.14911321775102,0.18815873428131316,0.21253684857530897,0,0.0
1630,mMTC,290.5,209.5,581,580,45808719.0,78980.55,580,0.9982788296041308,170.75942701099513,0.2944128051913709,0.3141641103509939,0,0.0,111.49168519139478,0.19189618793699617,0.2118409221221379,0,0.0
1631,eMBB,495.25,4.75,16,1964,294681123.5641049,150041.30527703915,15,0.9375,194.63124488974492,12.975416325982994,19.619004340972335,0,0.0,3.8058426039085056,0.2378651627442816,0.24365477299743613,0,0.0
1632,mMTC,264.5,235.5,529,528,41542202.0,78678.41287878787,528,0.998109640831758,153.55824519268435,0.2908300098346295,0.30898636987953865,0,0.0,99.31131326758842,0.18773405154553577,0.20635314001659893,0,0.0
1633,eMBB,497.25,2.75,17,1971,313809248.80864495,159213.2160368569,16,0.9411764705882353,194.54455989713335,12.159034993570835,18.450365981914764,0,0.0,3.9294099169639516,0.23114175982140892,0.23666465072591703,0,0.0
1634,URLLC,211.25,288.75,845,845,116277211.0,137606.16686390532,845,1.0,54.28553462726608,0.0642432362452853,0.06641981207735169,0,0.0,4.57137840226616,0.005409915268954036,0.006955074695692554,0,0.0
1635,mMTC,253.75,246.25,508,507,41561160.0,81974.67455621302,507,0.9980314960629921,145.90747098810354,0.2877859388325514,0.3066991108170499,0,0.0,93.5132028328896,0.18408110793875906,0.20366421372303278,0,0.0
1636,eMBB,492.0,8.0,17,1950,292478873.69145185,149989.16599561632,16,0.9411764705882353,190.4764863155698,11.904780394723112,19.120801312556285,0,0.0,4.077187281348697,0.23983454596168804,0.2450239767529539,0,0.0
1637,URLLC,194.75,305.25,779,779,109067333.0,140009.4133504493,779,1.0,49.89654906310954,0.06405205271259248,0.06603897886196193,0,0.0,4.187707835609482,0.005375748184351068,0.006553720552923848,0,0.0
1638,mMTC,270.5,229.5,541,541,43244392.0,79934.18114602588,541,1.0,154.39414162222886,0.28538658340522893,0.30822080072674235,0,0.0,98.94516588376742,0.18289309775188062,0.20654890841905005,0,0.0
1639,URLLC,210.5,289.5,842,842,120142312.0,142686.83135391923,842,1.0,54.63020971845778,0.06488148422619688,0.06742014683009198,0,0.0,5.381595348842386,0.00639144340717623,0.008169720676245813,0,0.0
1640,mMTC,276.25,223.75,553,552,45178449.0,81845.01630434782,552,0.9981916817359855,164.7944367505753,0.2985406462872741,0.3289826016234201,0,0.0,107.64737457313946,0.19466071351381456,0.22667020162342,0,0.0
1641,eMBB,495.0,5.0,20,1959,286977674.1196885,146491.92144956024,19,0.95,181.3910704248208,9.54689844341162,17.82288516565439,0,0.0,4.874972707212407,0.24374863536062036,0.24616672415516871,0,0.0
1642,URLLC,221.0,279.0,884,884,121643287.0,137605.528280543,884,1.0,56.49296101661039,0.06390606449842803,0.0657697954183719,0,0.0,5.028943519302686,0.005688850134957789,0.0072709443833443394,0,0.0
1643,mMTC,231.25,268.75,463,462,36926948.0,79928.45887445887,462,0.9978401727861771,135.35180699889727,0.2929692792183924,0.3156769682558342,0,0.0,87.19888043240141,0.18833451497278922,0.2140393781703641,0,0.0
1644,mMTC,299.0,201.0,598,598,47819374.0,79965.50836120402,598,1.0,176.09652320067184,0.2944757913054713,0.314818043650658,0,0.0,114.90391439039404,0.19214701403075926,0.21441196698399134,0,0.0
1645,URLLC,225.5,274.5,902,901,123605671.0,137187.20421753608,901,0.9988913525498891,58.0295854769523,0.06440575524633996,0.06665111840892562,0,0.0,5.0078238066785214,0.005551911093878627,0.007277579044350569,0,0.0
1646,eMBB,492.5,7.5,17,1952,305231503.08930725,156368.59789411232,16,0.9411764705882353,192.43847882637957,12.027404926648723,18.91688770142103,0,0.0,3.921598218271714,0.23068224813363022,0.23851396681368003,0,0.0
1647,eMBB,495.75,4.25,20,1962,310243458.4861694,158126.12563005576,19,0.95,191.33731873383337,10.070385196517545,18.01181379302316,0,0.0,4.5889488045545335,0.22944744022772667,0.2372694327021966,0,0.0
1648,eMBB,492.5,7.5,21,1948,285509450.65309405,146565.42641329265,20,0.9523809523809523,195.37876904969454,9.768938452484727,17.021298433858032,0,0.0,5.09029154617036,0.24239483553192193,0.24713887224569733,0,0.0
1649,eMBB,496.0,4.0,18,1965,286106815.7323707,145601.43294268227,17,0.9444444444444444,184.13213192606614,10.83130187800389,19.525269900528468,0,0.0,4.35543198772666,0.24196844376259222,0.2477267657142773,0,0.0
1650,mMTC,296.75,203.25,594,593,45221593.0,76259.01011804385,593,0.9983164983164983,173.7365895511824,0.2929790717557882,0.3167816079139538,0,0.0,112.03328813443036,0.1886082291825427,0.21545604483703076,0,0.0
1651,eMBB,495.25,4.75,21,1959,377337685.6046771,192617.5015848275,20,0.9523809523809523,193.5895314128722,9.67947657064361,15.211283956728805,0,0.0,4.777459577809431,0.22749807513378242,0.23474906078190547,0,0.0
1652,eMBB,492.5,7.5,18,1951,291198889.3956241,149256.22214024814,17,0.9444444444444444,191.9234473668141,11.289614550989064,18.21846837246086,0,0.0,4.2462990361493045,0.2359055020082947,0.24358949230314586,0,0.0
1653,URLLC,169.75,330.25,679,679,96626734.0,142307.41384388806,679,1.0,44.09805197282296,0.06494558464333278,0.06734807307733529,0,0.0,4.416164414361367,0.006503924027041777,0.008419871647993665,0,0.0
1654,mMTC,282.0,218.0,564,564,44489104.0,78881.39007092199,564,1.0,168.64842574222985,0.29902203145785433,0.32429682450611286,0,0.0,110.318406167187,0.19560001093472873,0.22064672606986818,0,0.0
1655,mMTC,294.0,206.0,588,588,47416127.0,80639.67176870749,588,1.0,167.35899344630312,0.28462413851412094,0.303512409583308,0,0.0,106.50101708698675,0.18112417871936523,0.20023548476950193,0,0.0
1656,eMBB,490.75,9.25,19,1943,282566883.2531759,145428.14372268447,18,0.9473684210526315,189.91005803076285,10.550558779486826,18.925284665123762,0,0.0,4.656408550476722,0.24507413423561694,0.24738019310184414,0,0.0
1657,eMBB,494.0,6.0,17,1958,293530527.12460047,149913.44592676224,16,0.9411764705882353,198.4789319001486,12.404933243759288,17.8206232982766,0,0.0,4.08005750289402,0.24000338252317763,0.24437389477754642,0,0.0
1658,eMBB,484.5,15.5,25,1912,365287091.17325854,191049.73387722726,24,0.96,192.09694705577434,8.004039460657264,14.00711764827756,0,0.0,5.778756265095692,0.23115025060382766,0.23663400527315726,0,0.0
1659,eMBB,487.75,12.25,16,1934,291062985.3009441,150497.92414733407,15,0.9375,183.06392275359167,12.204261516906111,19.619060667616434,0,0.0,3.842192783442743,0.24013704896517143,0.2443910008480669,0,0.0
1660,eMBB,492.0,8.0,20,1947,301594733.00838524,154902.27684046494,19,0.95,190.99007233961578,10.052109070506093,17.515620732873646,0,0.0,4.639226003969797,0.23196130019848984,0.23903602781206457,0,0.0
1661,eMBB,492.75,7.25,21,1949,307972778.24478006,158015.7918136378,20,0.9523809523809523,195.05618826613238,9.752809413306618,18.212932013401684,0,0.0,4.8333593937522545,0.23015997113105974,0.23666724662090655,0,0.0
1662,eMBB,489.75,10.25,18,1940,284650542.18324995,146727.08359961337,17,0.9444444444444444,182.73961811802792,10.749389301060466,18.421630623309035,0,0.0,4.379320568822983,0.24329558715683242,0.24627634657600664,0,0.0
1663,eMBB,490.25,9.75,21,1939,281589695.37293506,145224.1853393167,20,0.9523809523809523,192.2561425670033,9.612807128350166,20.022827475452903,0,0.0,5.047112233939967,0.2403386778066651,0.24732271368926997,0,0.0
1664,eMBB,491.75,8.25,17,1949,292689672.93775284,150174.28062480906,16,0.9411764705882353,190.20100482312452,11.887562801445283,18.416646472259824,0,0.0,4.004497973828271,0.2355587043428395,0.24451644566550587,0,0.0
1665,mMTC,311.75,188.25,624,623,50919561.0,81732.84269662922,623,0.9983974358974359,183.74417757271465,0.29493447443453397,0.3156135428245387,0,0.0,120.07942889299237,0.19243498220030827,0.21231811310231646,0,0.0
1666,eMBB,490.75,9.25,19,1943,289387702.0085312,148938.60113666044,18,0.9473684210526315,184.44513082207342,10.246951712337413,17.820384984397943,0,0.0,4.493751092909674,0.23651321541629863,0.244662331789571,0,0.0
1667,eMBB,492.5,7.5,18,1951,305018538.3299746,156339.5890978855,17,0.9444444444444444,182.25675394424198,10.720985526131882,18.81687216128135,0,0.0,4.166577404709981,0.23147652248388784,0.23933658776121824,0,0.0
1668,eMBB,490.0,10.0,19,1940,305825694.5147856,157642.11057463175,18,0.9473684210526315,193.03018279317624,10.723899044065346,17.91225171081553,0,0.0,4.466169227519484,0.23506153829049917,0.23689999764286196,0,0.0
1669,eMBB,496.5,3.5,18,1967,290867446.7442151,147873.6384058033,17,0.9444444444444444,194.1481030825942,11.420476651917305,19.421345292610823,0,0.0,4.2934491984939775,0.23852495547188765,0.2468942586478694,0,0.0
1670,mMTC,300.5,199.5,601,601,48737916.0,81094.70216306156,601,1.0,173.20773407688756,0.2881992247535567,0.31056228406184705,0,0.0,111.12086227962278,0.18489328166326585,0.2077768888481718,0,0.0
1671,eMBB,493.75,6.25,18,1956,293798057.283114,150203.5057684632,17,0.9444444444444444,193.3648117691426,11.374400692302505,19.119806156250934,0,0.0,4.2940409842050205,0.23855783245583448,0.24404543538222379,0,0.0
1672,eMBB,494.0,6.0,22,1953,375400718.0514055,192217.46956037148,21,0.9545454545454546,192.80588142140806,9.181232448638479,14.407984133508817,0,0.0,5.019213916337651,0.22814608710625686,0.2363160693235216,0,0.0
1673,eMBB,494.0,6.0,20,1955,291570742.5215783,149141.04476807074,19,0.95,196.803958362851,10.358103071729,19.218653486188458,0,0.0,4.774537113225654,0.2387268556612827,0.24463454187835967,0,0.0
1674,eMBB,489.5,10.5,18,1940,302067810.0,155705.05670103093,18,1.0,197.82111717606725,10.990062065337069,17.016492717496696,0,0.0,4.215007230359129,0.23416706835328494,0.23856316727589627,0,0.0
1675,eMBB,493.0,7.0,19,1952,309013194.98031414,158305.94005139044,18,0.9473684210526315,194.42481528200128,10.801378626777849,18.512268271575945,0,0.0,4.3602385993509225,0.2294862420711012,0.23787581114250886,0,0.0
1676,eMBB,496.5,3.5,19,1966,288176418.70551074,146580.07055214178,18,0.9473684210526315,189.28023310862773,10.515568506034874,18.82083608414914,0,0.0,4.5477619061863805,0.23935588979928318,0.24829747213749673,0,0.0
1677,eMBB,494.0,6.0,18,1957,285607495.8920503,145941.48998060825,17,0.9444444444444444,190.94848569164367,11.232263864214334,18.621779271251956,0,0.0,4.377170744360097,0.24317615246444982,0.247271336583481,0,0.0
1678,eMBB,488.75,11.25,21,1933,288801576.6565903,149405.88549228676,20,0.9523809523809523,197.07886132926723,9.853943066463362,19.51571116914675,0,0.0,4.977073324768608,0.23700349165564802,0.24359986993548222,0,0.0
1679,eMBB,487.0,13.0,25,1922,368206286.8808455,191574.55092655853,24,0.96,196.83253978058028,8.201355824190845,15.211952659149675,0,0.0,5.819897109893459,0.23279588439573837,0.2358698882524262,0,0.0
1680,URLLC,165.25,334.75,661,660,93046673.0,140979.8075757576,660,0.9984871406959153,42.61187342215002,0.06456344457901518,0.06671514018841397,0,0.0,3.798063720787776,0.005745936037500418,0.007353149084095376,0,0.0
1681,eMBB,494.25,5.75,21,1955,303132513.4026548,155054.99406785413,20,0.9523809523809523,197.391107825051,9.86955539125255,18.415721687383144,0,0.0,4.8682201150555215,0.23182000547883436,0.23846673531932,0,0.0
1682,eMBB,494.75,5.25,16,1962,312050552.6918504,159047.1726258157,15,0.9375,187.33187573088918,12.488791715392612,17.413621729127943,0,0.0,3.703454070075917,0.2314658793797448,0.23674978095329063,0,0.0
1683,eMBB,489.75,10.25,18,1940,285212541.6409675,147016.77404173583,17,0.9444444444444444,193.2284847404574,11.366381455321022,19.22119859586339,0,0.0,4.3742041940763725,0.24301134411535402,0.2471960855479688,0,0.0
1684,eMBB,487.5,12.5,19,1931,282129324.9999994,146105.29518384227,19,1.0,197.31421637607147,10.38495875663534,19.42334202223052,0,0.0,4.643226085927066,0.24438032031195084,0.2475519757144966,0,0.0
1685,eMBB,496.5,3.5,20,1965,293020656.8428409,149119.9271464839,19,0.95,197.76157601325949,10.408504000697867,18.41933822110504,0,0.0,4.739813506049963,0.23699067530249812,0.244195058424658,0,0.0
1686,eMBB,489.25,10.75,27,1929,367993847.4947606,190769.23146436526,26,0.9629629629629629,193.73238571412804,7.45124560438954,14.71082407662415,0,0.0,6.268964580884267,0.23218387336608398,0.23543399158211606,0,0.0
1687,eMBB,496.5,3.5,17,1968,294725374.9556813,149758.82873764294,16,0.9411764705882353,197.3070588341151,12.331691177132194,19.117933502925187,0,0.0,4.01262085981077,0.23603652116533944,0.24501945418104895,0,0.0
1688,eMBB,491.75,8.25,19,1947,302301194.42164695,155265.12296951565,18,0.9473684210526315,188.8573897525202,10.492077208473344,18.813650716337264,0,0.0,4.393818867622274,0.23125362461169863,0.23917884837770853,0,0.0
1689,mMTC,258.75,241.25,518,517,41617359.0,80497.79303675049,517,0.9980694980694981,154.90926581139504,0.2996310750703966,0.3307401121878004,0,0.0,101.48980213207884,0.19592625894223714,0.22887158364079188,0,0.0
1690,URLLC,195.5,304.5,782,782,108848665.0,139192.66624040922,782,1.0,50.33201766836367,0.06436319394931415,0.06618738046735843,0,0.0,4.36870557874828,0.005586580023974782,0.007267027049065216,0,0.0
1691,eMBB,492.25,7.75,16,1952,286052993.2136054,146543.54160533063,15,0.9375,181.1371367149476,12.07580911432984,20.124572583274283,0,0.0,3.9232249309423337,0.24520155818389586,0.24815835478807236,0,0.0
1692,eMBB,488.5,11.5,21,1932,288083587.15993863,149111.58755690407,20,0.9523809523809523,189.96232278538724,9.498116139269362,19.119835167178106,0,0.0,5.0635875767826715,0.24112321794203198,0.24419398680883933,0,0.0
1693,mMTC,283.25,216.75,567,566,43558238.0,76958.01766784453,566,0.9982363315696648,167.3253562349031,0.2956278378708535,0.31911331987346986,0,0.0,109.5321294860141,0.19317835888185908,0.2170952229290254,0,0.0
1694,eMBB,493.75,6.25,19,1956,292672309.99999946,149627.970347648,19,1.0,199.7305064193188,10.512131916806252,19.081499828723057,0,0.0,4.56381013956969,0.24020053366156263,0.24457402910383252,0,0.0
1695,eMBB,487.75,12.25,24,1926,296627222.4841304,154012.05736455368,23,0.9583333333333334,197.14513485629604,8.571527602447654,18.614155001552366,0,0.0,5.593038628174678,0.2330432761739449,0.23983834171906895,0,0.0
1696,eMBB,493.0,7.0,17,1954,310020515.50703555,158659.4245174184,16,0.9411764705882353,184.09884455903978,11.506177784939986,17.910384756825568,0,0.0,3.8897966420425365,0.22881156717897275,0.23762267194529835,0,0.0
1697,eMBB,493.75,6.25,17,1957,288690246.4251702,147516.73297147173,16,0.9411764705882353,181.22473482994025,11.326545926871265,19.92236003969788,0,0.0,4.047913798144916,0.23811257636146563,0.24687097746133613,0,0.0
1698,eMBB,494.75,5.25,18,1960,285243187.083758,145532.23830803978,17,0.9444444444444444,193.35607528122085,11.373886781248286,17.52324897801351,0,0.0,4.387483754821579,0.24374909749008772,0.24847102857087505,0,0.0
1699,eMBB,495.0,5.0,16,1963,295428859.9300208,150498.65508406563,15,0.9375,188.3836198961844,12.558907993078959,19.019252892242616,0,0.0,3.7715457437300923,0.23572160898313077,0.24479509860782478,0,0.0
1700,eMBB,487.0,13.0,23,1924,369445052.801844,192019.25821301664,22,0.9565217391304348,190.66067145117748,8.666394156871704,15.511429359942356,0,0.0,5.302755288684684,0.2305545777688993,0.23503129748456011,0,0.0
1701,eMBB,487.0,13.0,20,1927,286349024.5747595,148598.3521405083,19,0.95,190.26003624495348,10.013686118155446,18.020499449333286,0,0.0,4.736441621327092,0.2368220810663546,0.24375946263087156,0,0.0
1702,eMBB,489.0,11.0,16,1939,303737436.584387,156646.43454584168,15,0.9375,192.7193716207624,12.847958108050825,19.115837651073964,0,0.0,3.6927624650738973,0.23079765406711858,0.23939387363374554,0,0.0
1703,eMBB,492.25,7.75,18,1950,308986500.24688804,158454.61551122463,17,0.9444444444444444,198.29530306709898,11.664429592182293,17.11298827485506,0,0.0,4.2122237370738205,0.23401242983743448,0.23732784602944373,0,0.0
1704,mMTC,295.5,204.5,591,590,47514230.0,80532.59322033898,590,0.9983079526226735,168.7383146203069,0.285997143424249,0.30426460226339813,0,0.0,108.00238005849855,0.1827451439230094,0.20183237115228692,0,0.0
1705,eMBB,492.5,7.5,19,1950,283533134.96320766,145401.60767343984,18,0.9473684210526315,188.88056054459926,10.493364474699959,20.023860388640635,0,0.0,4.6377908599180095,0.2440942557851584,0.24760574777031427,0,0.0
1706,eMBB,486.75,13.25,19,1927,287953905.9800462,149431.19147900687,18,0.9473684210526315,196.43697154156578,10.913165085642543,17.819806241465816,0,0.0,4.597312000440733,0.2419637894968807,0.24431344657488482,0,0.0
1707,eMBB,491.0,9.0,26,1937,370191551.73548853,191115.92758672615,25,0.9615384615384616,184.0021557856086,7.3600862314243445,13.710655026291521,0,0.0,6.020769711560362,0.2315680658292447,0.23555815843482922,0,0.0
1708,eMBB,495.5,4.5,20,1961,291261091.8784401,148526.81890792458,19,0.95,199.86175220604366,10.519039589791772,15.519366559098751,0,0.0,4.739800603415962,0.23699003017079812,0.24478593228353088,0,0.0
1709,eMBB,492.25,7.75,17,1951,302875200.0067724,155241.00461649022,16,0.9411764705882353,184.1368392313694,11.508552451960588,16.21456379383183,0,0.0,4.030824759482431,0.23710733879308415,0.23932738409428306,0,0.0
1710,eMBB,494.5,5.5,20,1957,309369451.6153021,158083.5215203383,19,0.95,198.9802272872737,10.472643541435458,16.21129691178103,0,0.0,4.645169000032727,0.23225845000163634,0.2371594496467846,0,0.0
1711,eMBB,496.75,3.25,19,1967,287759802.0252541,146293.74785218813,18,0.9473684210526315,193.44568401092488,10.746982445051382,18.720008311730012,0,0.0,4.617209179158179,0.24301100942937784,0.24642739626936558,0,0.0
1712,eMBB,491.75,8.25,18,1948,284713355.18492043,146156.7531750105,17,0.9444444444444444,198.07211867228185,11.65130109836952,20.022369344064973,0,0.0,4.307627128900822,0.23931261827226788,0.24761025389298424,0,0.0
1713,URLLC,165.0,335.0,660,659,91333581.0,138594.2048558422,659,0.9984848484848485,42.12988220156132,0.06393001851526756,0.065800091218742,0,0.0,3.765210358428767,0.005704864179437525,0.007230698054158017,0,0.0
1714,URLLC,190.25,309.75,761,761,107030389.0,140644.40078843627,761,1.0,48.85658078465094,0.06420050037404854,0.06620076613834841,0,0.0,4.2480047721509315,0.00558213504881857,0.00690446303511705,0,0.0
1715,eMBB,490.5,9.5,18,1943,291118385.10819525,149829.32841389359,17,0.9444444444444444,194.36884062225235,11.433461213073668,19.521261085836144,0,0.0,4.3020354992718035,0.23900197218176686,0.24437494417374125,0,0.0
1716,URLLC,155.0,345.0,620,620,88089725.0,142080.2016129032,620,1.0,40.3338285590795,0.06505456219206371,0.06742020063768214,0,0.0,4.131722738694895,0.006664068933378863,0.008775152632842497,0,0.0
1717,eMBB,494.5,5.5,16,1961,312148767.5071527,159178.3618088489,15,0.9375,192.92721148188025,12.861814098792017,17.713591755470116,0,0.0,3.7036166825528154,0.23147604265955096,0.2368313133256797,0,0.0
1718,eMBB,484.25,15.75,16,1920,283946098.7232761,147888.5930850396,15,0.9375,193.9055364724408,12.927035764829386,19.621422835865957,0,0.0,3.8094904320549343,0.2380931520034334,0.246636356899951,0,0.0
1719,eMBB,494.75,5.25,17,1961,286674004.9387484,146187.66187595535,16,0.9411764705882353,187.65861002485434,11.728663126553396,19.423684950844546,0,0.0,4.072862194718068,0.23958012910106283,0.24758269184697196,0,0.0
1720,eMBB,494.5,5.5,16,1961,295198246.9159803,150534.54712696598,15,0.9375,199.21763677155883,13.28117578477059,19.31809289195446,0,0.0,3.8094763394866633,0.23809227121791646,0.24294537762031998,0,0.0
1721,mMTC,230.25,269.75,461,460,37072048.0,80591.40869565218,460,0.9978308026030369,136.27809498579072,0.29625672822997984,0.32018160167754683,0,0.0,89.34370982995735,0.19380414279817212,0.21868623112199126,0,0.0
1722,mMTC,308.75,191.25,618,617,49490580.0,80211.63695299838,617,0.9983818770226537,176.58919617135138,0.286206152627798,0.3060180522634155,0,0.0,113.46999617271877,0.1836084080464705,0.2044525073061505,0,0.0
1723,mMTC,275.75,224.25,552,551,42835485.0,77741.35208711434,551,0.9981884057971014,160.93366909358681,0.29207562448926827,0.310125412473789,0,0.0,104.27608029187725,0.18890594255774865,0.20846257305683732,0,0.0
1724,mMTC,285.25,214.75,571,570,45789436.0,80332.34385964912,570,0.9982486865148862,170.94486712505724,0.2999032756579952,0.3226084537620227,0,0.0,112.12292154283492,0.19636238448832735,0.22281836555689444,0,0.0
1725,URLLC,168.75,331.25,675,674,95198908.0,141244.6706231454,674,0.9985185185185185,43.45621284585113,0.06447509324310256,0.0662804623469272,0,0.0,3.8613257099948703,0.005720482533325734,0.007486464754589311,0,0.0
1726,mMTC,230.25,269.75,461,460,35498912.0,77171.54782608696,460,0.9978308026030369,133.04355494479037,0.28922511944519647,0.3065005419798124,0,0.0,85.60160576291003,0.18568678039676795,0.204235153355316,0,0.0
1727,eMBB,492.25,7.75,17,1951,292640970.5008966,149995.37186104385,16,0.9411764705882353,192.88072617676727,12.055045386047954,19.7199180305278,0,0.0,4.097181323040347,0.2410106660611969,0.24401501630770245,0,0.0
1728,URLLC,165.25,334.75,661,661,92301830.0,139639.68229954614,661,1.0,42.47948406579695,0.06426548270165953,0.06628064347168175,0,0.0,3.7557190016302457,0.0056818744351440935,0.00713758103511705,0,0.0
1729,eMBB,496.25,3.75,19,1965,293390943.43892086,149308.3681623007,18,0.9473684210526315,193.74038920506086,10.763354955836714,18.719875814754452,0,0.0,4.49997525270565,0.2368408027739816,0.2443546157888779,0,0.0
1730,eMBB,492.75,7.25,16,1954,305178961.3042191,156181.65880461573,15,0.9375,185.25385132172124,12.350256754781416,18.115005383529375,0,0.0,3.729391597749725,0.2330869748593578,0.2389795494849108,0,0.0
1731,mMTC,274.0,226.0,548,547,45836827.0,83796.75868372944,547,0.9981751824817519,164.11400151866602,0.3000255969262633,0.3299419862219261,0,0.0,107.91340448230285,0.19692227095310738,0.22276981220483202,0,0.0
1732,eMBB,492.25,7.75,19,1949,285749815.3550362,146613.55328631925,18,0.9473684210526315,193.05248154574178,10.725137863652321,19.721457015333467,0,0.0,4.6296863222844085,0.2436677011728636,0.24784034162805882,0,0.0
1733,eMBB,489.5,10.5,21,1936,281349502.2618572,145325.15612699237,20,0.9523809523809523,192.33978201092307,9.616989100546153,18.923516334135208,0,0.0,5.047889750206115,0.24037570239076736,0.24767956243744535,0,0.0
1734,URLLC,185.75,314.25,743,743,103205070.0,138903.18977119785,743,1.0,47.525564147509954,0.06396442011777921,0.06578614264027816,0,0.0,4.299579781740666,0.005786783017147599,0.007489466784773616,0,0.0
1735,eMBB,482.75,17.25,29,1901,361971176.8097458,190410.92941070267,28,0.9655172413793104,192.0474032260294,6.858835829501049,14.90851279968009,0,0.0,6.737440779104199,0.23232554410704134,0.23596325769447563,0,0.0
1736,URLLC,150.0,350.0,600,599,84352843.0,140822.77629382303,599,0.9983333333333333,38.73214583490783,0.06466134530034696,0.06682153842968117,0,0.0,3.5443608988331294,0.005907268164721882,0.007671925677878111,0,0.0
1737,eMBB,488.75,11.25,21,1933,299059813.32920766,154712.7849607903,20,0.9523809523809523,197.03421273746397,9.851710636873198,18.915678664359145,0,0.0,4.923586756369568,0.23445651220807467,0.2393572910012976,0,0.0
1738,eMBB,492.75,7.25,21,1949,308596653.61530226,158335.89205505504,20,0.9523809523809523,198.393035124915,9.91965175624575,18.1108115190756,0,0.0,4.885446332042502,0.23264030152583343,0.23690866230019142,0,0.0
1739,mMTC,290.0,210.0,580,579,45543400.0,78658.7219343696,579,0.9982758620689656,165.80353840319202,0.2863618970694163,0.302847533319489,0,0.0,106.18558939995832,0.18307860241372123,0.1992058955516982,0,0.0
1740,eMBB,494.75,5.25,15,1963,288053912.6343245,146741.67734810212,14,0.9333333333333333,191.77764904186094,13.698403502990066,20.122262951426574,0,0.0,3.6458220648512847,0.24305480432341897,0.24709809718397843,0,0.0
1741,mMTC,239.5,260.5,479,478,38998579.0,81586.98535564853,478,0.9979123173277662,140.8775801588288,0.2947229710435749,0.3177263274769377,0,0.0,91.36543810180409,0.19074204196618808,0.21452545807522827,0,0.0
1742,eMBB,485.75,14.25,22,1920,368058891.75491285,191697.33945568377,21,0.9545454545454546,188.28909967550527,8.96614760359549,15.20726609316405,0,0.0,5.114149261239431,0.2324613300563378,0.2352028497896148,0,0.0
1743,mMTC,292.0,208.0,584,583,46816151.0,80302.14579759863,583,0.9982876712328768,167.36287537304406,0.28707182739801723,0.30498004167222403,0,0.0,108.02470081917791,0.18497380277256492,0.201750781028258,0,0.0
1744,eMBB,489.5,10.5,19,1938,300790486.52391976,155206.64939314744,18,0.9473684210526315,195.13386734008495,10.840770407782497,18.612840316201552,0,0.0,4.479369267355612,0.23575627722924272,0.23975476729739084,0,0.0
1745,eMBB,487.0,13.0,17,1930,305221431.4020866,158145.8193793195,16,0.9411764705882353,184.25087245727585,11.51567952857974,17.314394594542847,0,0.0,3.956041416580469,0.23270831862238053,0.2373851221454697,0,0.0
1746,eMBB,495.5,4.5,19,1962,286965658.49020696,146261.8035118282,18,0.9473684210526315,190.57891731417118,10.587717628565066,16.921001336797172,0,0.0,4.557267828831707,0.23985620151745826,0.24712764105419813,0,0.0
1747,mMTC,297.5,202.5,595,595,47688362.0,80148.50756302521,595,1.0,172.49682199928458,0.28991062520888167,0.3120314190752296,0,0.0,111.24941642697698,0.18697380912096973,0.20988769975899024,0,0.0
1748,eMBB,485.75,14.25,17,1925,288701293.7347545,149974.6980440283,16,0.9411764705882353,185.99538455515858,11.624711534697411,19.019513632755707,0,0.0,4.111161575205098,0.24183303383559399,0.24494290811806244,0,0.0
1749,mMTC,304.5,195.5,609,609,49621285.0,81479.94252873563,609,1.0,180.75354738455786,0.29680385449024277,0.3166450482915466,0,0.0,118.69464362455791,0.19490089265116242,0.21426889055021503,0,0.0
1750,mMTC,289.0,211.0,578,578,45588581.0,78872.97750865053,578,1.0,166.05616219471912,0.2872943982607597,0.3071441276440694,0,0.0,107.1559740548901,0.1853909585724742,0.2060925290115907,0,0.0
1751,eMBB,487.0,13.0,21,1926,298030830.9366206,154740.82603147486,20,0.9523809523809523,181.38304171866832,9.069152085933416,16.4162792698926,0,0.0,4.876520075462732,0.23221524168870153,0.23978039174900584,0,0.0
1752,eMBB,494.5,5.5,18,1959,309397709.16191417,157936.55393665857,17,0.9444444444444444,191.80226487548092,11.282486169145937,18.61131142632206,0,0.0,4.2300226003419565,0.23500125557455315,0.2367100523338685,0,0.0
1753,mMTC,250.5,249.5,501,501,40981237.0,81798.87624750499,501,1.0,143.56909156297317,0.28656505301990653,0.305337019521988,0,0.0,91.94387066929784,0.18352069993871825,0.20240420379549223,0,0.0
1754,eMBB,490.5,9.5,21,1940,281405657.06711423,145054.462405729,20,0.9523809523809523,192.4369703671383,9.621848518356915,16.82334277807762,0,0.0,5.046482527036847,0.24030869176365938,0.24722374631559718,0,0.0
1755,mMTC,281.5,218.5,563,563,45812142.0,81371.47779751332,563,1.0,166.06659608506098,0.29496731098589873,0.3185296249190987,0,0.0,107.5968804960011,0.19111346446891847,0.2160297948336286,0,0.0
1756,URLLC,192.75,307.25,771,770,110788694.0,143881.4207792208,770,0.9987029831387808,49.544422187476066,0.0643434054382806,0.06646360510192215,0,0.0,4.482503706595851,0.005813882887932362,0.0074017789313543325,0,0.0
1757,eMBB,494.5,5.5,17,1960,293817261.68496555,149906.76616579876,16,0.9411764705882353,196.75035389321044,12.296897118325653,18.319794805159777,0,0.0,4.065388588135227,0.23914050518442512,0.2448782474555073,0,0.0
1758,eMBB,494.0,6.0,20,1955,303313961.6103083,155147.80645028557,19,0.95,192.5666945285376,10.135089185712506,17.413098933617587,0,0.0,4.637345887042986,0.23186729435214928,0.23946075316610163,0,0.0
1759,mMTC,257.0,243.0,514,514,40619903.0,79027.0486381323,514,1.0,154.5988479819599,0.3007759688364978,0.33221555255256535,0,0.0,101.62506046127623,0.19771412541104325,0.23063199050128333,0,0.0
1760,URLLC,224.5,275.5,898,898,126055908.0,140374.0623608018,898,1.0,57.909682064972145,0.06448739650887766,0.06664029556586559,0,0.0,5.236030473049095,0.0058307689009455405,0.007592483198151817,0,0.0
1761,mMTC,299.5,200.5,599,598,48807478.0,81617.85618729096,598,0.998330550918197,173.48097687019575,0.29010196801036076,0.3115674537226463,0,0.0,112.14887893751327,0.18722684296746792,0.21017725922825886,0,0.0
1762,eMBB,493.25,6.75,18,1954,292878368.9304218,149886.5757064595,17,0.9444444444444444,189.82034011892114,11.165902359936538,19.415940753247124,0,0.0,4.264137086233178,0.2368965047907321,0.24405875940102773,0,0.0
1763,eMBB,487.0,13.0,22,1925,368791824.0046834,191580.16831412123,21,0.9545454545454546,185.74281630832235,8.844896014682016,13.20885098306543,0,0.0,5.072919400040658,0.23058724545639356,0.23558278345258096,0,0.0
1764,URLLC,184.25,315.75,737,736,103006670.0,139954.71467391305,736,0.9986431478968792,47.60941270170629,0.06468670204036181,0.06689426335572857,0,0.0,4.393832989018751,0.0059617815319114665,0.007940122338509062,0,0.0
1765,mMTC,312.5,187.5,625,624,50086927.0,80267.51121794872,624,0.9984,182.65804191424672,0.292721221016421,0.3182636534095624,0,0.0,118.7489387720933,0.1899983020353493,0.2171174650334941,0,0.0
1766,eMBB,492.25,7.75,18,1950,310575243.6287962,159269.35570707498,17,0.9444444444444444,197.37063651476132,11.610037442044783,18.713593249878468,0,0.0,4.199948102861795,0.2333304501589886,0.237554781846045,0,0.0
1767,eMBB,495.25,4.75,17,1963,290183278.6402106,147826.42824259328,16,0.9411764705882353,189.63003069270462,11.851876918294039,20.020528765677355,0,0.0,4.05944660068318,0.2387909765107753,0.24797554559205942,0,0.0
1768,mMTC,237.25,262.75,475,474,36808723.0,77655.53375527426,474,0.9978947368421053,137.65659436579318,0.29041475604597716,0.3124784735517061,0,0.0,88.96483929741716,0.18729439852087823,0.21159392589492554,0,0.0
1769,eMBB,497.0,3.0,18,1969,295179182.8067817,149913.24672766973,17,0.9444444444444444,193.61093044994524,11.388878261761485,19.019401664232717,0,0.0,4.254225433729727,0.23634585742942926,0.24403204677794663,0,0.0
1770,eMBB,488.75,11.25,22,1932,370808971.754912,191930.10960399173,21,0.9545454545454546,189.45063425430502,9.021458774014524,15.508926009701103,0,0.0,5.079930930494521,0.23090595138611458,0.23615578808367996,0,0.0
1771,eMBB,494.5,5.5,16,1961,294409086.119985,150132.11938805965,15,0.9375,191.12812321305614,12.741874880870409,19.719292761090756,0,0.0,3.822093316023502,0.2388808322514689,0.24438773330073427,0,0.0
1772,URLLC,155.25,344.75,621,621,83251488.0,134060.36714975844,621,1.0,40.473033728521585,0.06517396735671753,0.0673835458468556,0,0.0,4.246227099675447,0.006837724798189125,0.008750802253505698,0,0.0
1773,mMTC,283.0,217.0,566,566,47265499.0,83507.94876325088,566,1.0,170.5480172862915,0.3013215853114691,0.333355244176497,0,0.0,112.33593901894106,0.19847339049282872,0.23204865716795,0,0.0
1774,mMTC,267.0,233.0,534,534,41752466.0,78188.13857677902,534,1.0,153.3135136567972,0.28710395815879625,0.30430845558077624,0,0.0,98.35681827628444,0.18418879827019558,0.20318805489701552,0,0.0
1775,mMTC,307.5,192.5,615,615,50458605.0,82046.51219512195,615,1.0,178.66545561490568,0.29051293595919625,0.3119791972997798,0,0.0,115.53939585388007,0.18786893634777246,0.2102495572997798,0,0.0
1776,eMBB,490.75,9.25,20,1942,290015586.8035028,149338.61318409,19,0.95,185.13222645705446,9.74380139247655,17.71851497840849,0,0.0,4.826181567602237,0.24130907838011187,0.2449523086381545,0,0.0
1777,eMBB,487.75,12.25,23,1927,370772217.7732258,192409.03880291944,22,0.9565217391304348,191.09236835076644,8.686016743216657,15.309104694981864,0,0.0,5.251648095940203,0.2283325259104436,0.23567845841261847,0,0.0
1778,eMBB,481.5,18.5,20,1905,283034502.2172874,148574.5418463451,19,0.95,183.6472638246111,9.665645464453215,19.11896649065612,0,0.0,4.835586292748941,0.24177931463744703,0.24434996900133285,0,0.0
1779,eMBB,490.0,10.0,21,1938,300284953.40265405,154945.79638939837,20,0.9523809523809523,195.7706555902191,9.788532779510955,18.29200778339489,0,0.0,4.966234965987549,0.23648737933274042,0.23888235396999177,0,0.0
1780,URLLC,198.5,301.5,794,793,111621036.0,140757.9268600252,793,0.9987405541561712,51.033949358907336,0.06435554774137117,0.06642522297991782,0,0.0,4.621704563884034,0.005820786604387952,0.007663483649367584,0,0.0
1781,eMBB,489.75,10.25,17,1941,285434591.5109895,147055.4309690827,16,0.9411764705882353,177.66851382145148,11.104282113840718,20.12266775586955,0,0.0,4.101194594350467,0.24124674084414513,0.24690727784241495,0,0.0
1782,eMBB,489.5,10.5,20,1937,282124084.0653773,145650.01758666872,19,0.95,192.01184154566218,10.105886397140114,19.422852860158056,0,0.0,4.801307502684658,0.2400653751342329,0.2478057064440822,0,0.0
1783,eMBB,493.75,6.25,17,1957,293245560.3771647,149844.43555297123,16,0.9411764705882353,187.19547189858594,11.699716993661621,17.61962881372054,0,0.0,4.017169455513386,0.23630408561843447,0.24491982632867165,0,0.0
1784,URLLC,172.5,327.5,690,690,95895291.0,138978.68260869564,690,1.0,44.45031958374733,0.06442075301992367,0.06612965535436378,0,0.0,4.084452299580661,0.005919496086348785,0.007438467694132647,0,0.0
1785,URLLC,176.25,323.75,705,704,98859923.0,140426.02698863635,704,0.9985815602836879,45.577240276227705,0.06474039811964162,0.06687944003027957,0,0.0,4.2921582850069,0.006088167780151632,0.008214125685755642,0,0.0
1786,mMTC,280.75,219.25,562,561,46357014.0,82632.82352941176,561,0.998220640569395,164.31726132929515,0.29290064408074,0.3109052746299299,0,0.0,106.77861118673097,0.1899975288020124,0.2081657423054762,0,0.0
1787,eMBB,495.0,5.0,17,1962,312438920.0200607,159245.1172375437,16,0.9411764705882353,186.14760115561725,11.634225072226078,17.713319738609076,0,0.0,3.9551824468171306,0.23265779098924297,0.2366602709274628,0,0.0
1788,eMBB,492.5,7.5,17,1952,289066787.8783448,148087.49379013563,16,0.9411764705882353,191.73377501214924,11.983360938259327,19.920987133528225,0,0.0,4.1663089630970775,0.24507699782923986,0.2479253019677399,0,0.0
1789,eMBB,493.75,6.25,16,1958,286822175.6393643,146487.32157270904,15,0.9375,194.8752230592768,12.991681537285121,19.92351089178041,0,0.0,3.8721870796370004,0.24201169247731252,0.24882802941030444,0,0.0
1790,eMBB,494.0,6.0,17,1958,292283069.0414523,149276.33761054763,16,0.9411764705882353,192.0989908035135,12.006186925219593,18.018231126611038,0,0.0,4.123999896140498,0.2425882291847352,0.24466389750800702,0,0.0
1791,URLLC,211.25,288.75,845,845,119622261.0,141564.80591715977,845,1.0,54.449895926129805,0.06443774665814178,0.06616652389796596,0,0.0,5.060941864463098,0.00598928031297408,0.007670969644132647,0,0.0
1792,eMBB,495.75,4.25,19,1963,293324550.1081952,149426.6684198651,18,0.9473684210526315,196.54056164190078,10.91892009121671,19.721620339197933,0,0.0,4.504349571047628,0.23707103005513833,0.24543826569025293,0,0.0
1793,eMBB,488.0,12.0,21,1930,298834342.8232582,154836.44705868303,20,0.9523809523809523,196.35019752150185,9.817509876075093,18.215685090484644,0,0.0,4.9492873932848465,0.23568035206118315,0.23947809925561006,0,0.0
1794,mMTC,247.0,253.0,494,493,39088427.0,79286.87018255578,493,0.9979757085020243,148.82069055127906,0.30186752647318266,0.3219069361380563,0,0.0,98.38816462742889,0.19916632515673866,0.21958142434318456,0,0.0
1795,eMBB,492.5,7.5,18,1951,286472244.9084498,146833.54428931308,17,0.9444444444444444,194.8555686485979,11.462092273446936,17.62145812165574,0,0.0,4.315634227736315,0.23975745709646196,0.2474619254126482,0,0.0
1796,eMBB,492.0,8.0,18,1949,284029447.9950653,145730.86095180362,17,0.9444444444444444,187.26214078739838,11.015420046317551,19.022906626831844,0,0.0,4.407698329752515,0.24487212943069528,0.24880160511044788,0,0.0
1797,eMBB,494.75,5.25,17,1961,294045176.6132374,149946.54595269627,16,0.9411764705882353,196.84059319229533,12.302537074518458,19.619144167155152,0,0.0,4.066476516411552,0.23920450096538542,0.24515561544877293,0,0.0
1798,eMBB,484.0,16.0,21,1914,369143189.9999999,192864.78056426326,20,0.9523809523809523,195.54143352778775,9.777071676389387,14.810532888483733,0,0.0,4.855037295971555,0.23119225218912168,0.2355992950108092,0,0.0
1799,eMBB,496.0,4.0,17,1966,294217998.55478853,149653.1020115913,16,0.9411764705882353,190.96561184208298,11.935350740130186,19.317890821825873,0,0.0,4.0867294593019405,0.24039585054717297,0.24557593413365247,0,0.0
1800,URLLC,211.5,288.5,846,845,119133400.0,140986.2721893491,845,0.9988179669030733,55.08509462107457,0.06518946109002907,0.06763969209822066,0,0.0,5.843019107018207,0.006906641970470693,0.008868188203266429,0,0.0
1801,URLLC,187.25,312.75,749,748,104285046.0,139418.51069518717,748,0.9986648865153538,48.16457326909063,0.06439114073407838,0.06648723278895147,0,0.0,4.441718995143375,0.005930198925425067,0.007550859123074603,0,0.0
1802,eMBB,491.5,8.5,18,1947,285736500.4270425,146757.3191715678,17,0.9444444444444444,191.71836355072202,11.277550797101295,19.719525993874402,0,0.0,4.379080629879347,0.24328225721551927,0.2485795928641273,0,0.0
1803,eMBB,489.5,10.5,17,1940,284736615.6459783,146771.45136390632,16,0.9411764705882353,194.7198187051193,12.169988669069957,20.220805597581556,0,0.0,4.144644393741434,0.24380261139655493,0.24788480606483476,0,0.0
1804,URLLC,197.25,302.75,789,788,112725281.0,143052.38705583755,788,0.9987325728770595,50.519092418048,0.06411052337315735,0.06591101521785347,0,0.0,4.737878448606138,0.00600491565095835,0.007570311577032615,0,0.0
1805,URLLC,177.5,322.5,710,709,93526455.0,131913.1946403385,709,0.9985915492957746,45.73146518244239,0.06450136132925584,0.0667167042214155,0,0.0,4.324820779278808,0.006091296872223673,0.00791469743162517,0,0.0
1806,URLLC,209.25,290.75,837,837,115491303.0,137982.44086021505,837,1.0,54.23014242512024,0.06479109011364426,0.06687605170037102,0,0.0,5.196481576658693,0.0062084606650641486,0.00793055231983247,0,0.0
1807,mMTC,247.0,253.0,494,494,38518275.0,77972.21659919029,494,1.0,145.16387682744244,0.2938540016749847,0.311443516499353,0,0.0,94.57516480077575,0.19144770202586184,0.20892099068738718,0,0.0
1808,mMTC,278.75,221.25,558,557,45063392.0,80903.75583482944,557,0.9982078853046595,168.43313812021424,0.3023934257095408,0.328428375089709,0,0.0,111.24943999029975,0.19937175625501746,0.2261211989628546,0,0.0
1809,eMBB,494.75,5.25,16,1962,289973372.54707295,147794.78723092403,15,0.9375,196.45684020053295,13.09712268003553,19.82110084329368,0,0.0,3.8724771609158952,0.24202982255724345,0.24757864034766372,0,0.0
1810,mMTC,303.25,196.75,607,606,49940187.0,82409.5495049505,606,0.9983525535420099,176.48827471890888,0.29123477676387605,0.3095485129452502,0,0.0,114.35399144506262,0.18839207816320036,0.21041955328713052,0,0.0
1811,mMTC,276.75,223.25,554,553,44727500.0,80881.55515370706,553,0.9981949458483754,163.58030488877483,0.29580525296342647,0.3199086868811854,0,0.0,106.26929981903142,0.19182184082857656,0.21801124380426223,0,0.0
1812,eMBB,489.25,10.75,27,1929,367489389.84790725,190507.7189465564,26,0.9629629629629629,194.03122666237394,7.462739487014383,14.308993100747667,0,0.0,6.28959080556681,0.23294780761358555,0.23585571699275212,0,0.0
1813,eMBB,493.75,6.25,18,1956,292433708.6042069,149505.98599397083,17,0.9444444444444444,191.91445571802544,11.289085630472085,19.319683339627794,0,0.0,4.261384996238039,0.2367436109021133,0.24504827834589102,0,0.0
1814,eMBB,491.25,8.75,21,1943,301097878.971291,154965.45495177098,20,0.9523809523809523,193.95494407474735,9.697747203737368,18.01536258541999,0,0.0,4.957007310452122,0.23604796716438675,0.2401010619456548,0,0.0
1815,mMTC,264.0,236.0,528,528,42184693.0,79895.25189393939,528,1.0,159.45786244081873,0.3020035273500355,0.32917933919227316,0,0.0,105.25958631705795,0.19935527711564005,0.22740550500423895,0,0.0
1816,eMBB,494.25,5.75,18,1958,288236876.0240936,147209.84475183536,17,0.9444444444444444,198.1162661172591,11.653898006897593,19.41965628083765,0,0.0,4.381122505571924,0.2433956947539958,0.24733610303602951,0,0.0
1817,mMTC,288.0,212.0,576,576,46003736.0,79867.59722222222,576,1.0,167.75902663234726,0.29124831012560287,0.3084776493775967,0,0.0,108.77661000021045,0.18884828125036537,0.20818721125602926,0,0.0
1818,mMTC,277.75,222.25,556,555,45257132.0,81544.38198198198,555,0.9982014388489209,164.18753058560378,0.2958333884425293,0.3171921040257409,0,0.0,106.74231160064663,0.1919825748213069,0.21246286503933465,0,0.0
1819,eMBB,491.75,8.25,24,1942,371319746.1592069,191204.81264634753,23,0.9583333333333334,195.37776222990152,8.494685314343544,13.910894313564771,0,0.0,5.566785132623153,0.2319493805259647,0.23665160434291013,0,0.0
1820,eMBB,494.5,5.5,18,1959,293047138.91108954,149590.16789744233,17,0.9444444444444444,189.01094926369805,11.118291133158708,18.020502518647287,0,0.0,4.257728491445712,0.236540471746984,0.24537262250486952,0,0.0
1821,eMBB,493.5,6.5,18,1955,305021784.33568025,156021.373061729,17,0.9444444444444444,197.0884689454528,11.593439349732519,18.516107216016433,0,0.0,4.221940210841052,0.234552233935614,0.23974865855058325,0,0.0
1822,mMTC,243.0,257.0,486,486,39049758.0,80349.29629629629,486,1.0,147.12361258211632,0.3027234826792517,0.3334471091293969,0,0.0,97.31384979305659,0.20023425883344978,0.2274913330610208,0,0.0
1823,mMTC,278.0,222.0,556,556,47183259.0,84861.97661870504,556,1.0,159.86531094512006,0.28752753767107925,0.30650211833314933,0,0.0,102.60158337212843,0.18453522189231733,0.20443436722203823,0,0.0
1824,mMTC,252.0,248.0,504,504,39910506.0,79187.51190476191,504,1.0,146.8812658284663,0.2914310829929887,0.31343130539067326,0,0.0,95.34789562368017,0.189182332586667,0.21205173167674576,0,0.0
1825,eMBB,487.25,12.75,18,1930,289073610.8171707,149779.0729622646,17,0.9444444444444444,193.71729763699932,11.395135155117607,19.61801851429679,0,0.0,4.368930628276299,0.24271836823757217,0.24458527208848369,0,0.0
1826,eMBB,491.0,9.0,24,1939,373208882.80042315,192474.9266634467,23,0.9583333333333334,194.90024971826242,8.473923900794018,15.308844854264011,0,0.0,5.490126606123213,0.22875527525513387,0.23535268682903882,0,0.0
1827,eMBB,492.25,7.75,17,1951,292199381.40526414,149769.03198629632,16,0.9411764705882353,193.6607644494524,12.103797778090774,19.48182146798889,0,0.0,4.085246614810258,0.24030862440060344,0.24426166392341686,0,0.0
1828,eMBB,496.0,4.0,14,1969,309255105.9984082,157062.014219608,13,0.9285714285714286,185.33165871688786,14.256281439760604,18.914449964981625,0,0.0,3.272029865222114,0.2337164189444367,0.24017250943975474,0,0.0
1829,URLLC,201.5,298.5,806,806,114384636.0,141916.42183622828,806,1.0,51.92084297177397,0.06441791931981883,0.06652983643510532,0,0.0,4.859965422927896,0.006029733775344785,0.007795777553843836,0,0.0
1830,mMTC,272.5,227.5,545,545,43531657.0,79874.6,545,1.0,157.07666799099007,0.28821406970823865,0.3072532569792982,0,0.0,101.11036081970798,0.18552359783432656,0.20441043373143492,0,0.0
1831,mMTC,283.5,216.5,567,567,46265893.0,81597.69488536155,567,1.0,165.55867588174715,0.2919906100207181,0.3146925194077672,0,0.0,107.69652642704625,0.18994096371613095,0.21321616487785267,0,0.0
1832,eMBB,495.0,5.0,18,1961,295474204.9999998,150675.27027027018,17,0.9444444444444444,199.70888938268354,11.747581728393149,19.319300118806883,0,0.0,4.262345946875983,0.23679699704866572,0.24468042580336324,0,0.0
1833,mMTC,226.5,273.5,453,453,36286532.0,80102.71964679912,453,1.0,134.73658996649112,0.29743176593044396,0.31793543926875595,0,0.0,88.60801912871331,0.1956026912333627,0.21519170676875593,0,0.0
1834,URLLC,152.25,347.75,609,609,86157232.0,141473.28735632185,609,1.0,39.508709634185806,0.06487472846335929,0.06710117909718415,0,0.0,3.85697341957041,0.006333289687307734,0.008041363880885272,0,0.0
1835,eMBB,490.25,9.75,20,1940,300043704.4500817,154661.70332478438,19,0.95,193.36120007523402,10.176905267117581,18.71152702894672,0,0.0,4.744884682259377,0.23724423411296885,0.23942188136409195,0,0.0
1836,mMTC,266.0,234.0,532,531,41992958.0,79082.78342749529,531,0.9981203007518797,161.07669308906785,0.3033459380208434,0.3302158858589398,0,0.0,107.02773673031146,0.20117995625998394,0.2288221716709056,0,0.0
1837,URLLC,233.5,266.5,934,933,129155632.0,138430.47374062164,933,0.9989293361884368,60.29868964988526,0.06462882063224573,0.06671581342986732,0,0.0,5.657465667584757,0.006057243755444066,0.007890932034958317,0,0.0
1838,eMBB,492.5,7.5,17,1952,286024795.75182295,146529.09618433553,16,0.9411764705882353,197.85217418073367,12.365760886295854,20.321242767143506,0,0.0,4.1767341812041545,0.24569024595318556,0.2485426108558015,0,0.0
1839,eMBB,491.0,9.0,19,1944,289785817.02491504,149066.77830499745,18,0.9473684210526315,184.99270527169818,10.277372515094344,18.71705007419661,0,0.0,4.5709685801904225,0.24057729369423275,0.24471460328132685,0,0.0
1840,eMBB,490.75,9.25,21,1941,373736481.2692168,192548.4189949597,20,0.9523809523809523,194.06641878150083,9.703320939075041,15.308668288149134,0,0.0,4.8843931182522615,0.23259014848820292,0.235814074414769,0,0.0
1841,eMBB,491.5,8.5,23,1942,287297596.96985835,147939.03036552953,22,0.9565217391304348,192.7474051076804,8.761245686712746,17.11947930253365,0,0.0,5.5182897090158995,0.23992563952243043,0.24511724044395486,0,0.0
1842,eMBB,490.0,10.0,19,1940,300641331.08347344,154969.75829045023,18,0.9473684210526315,183.74914954855925,10.20828608603107,18.513006014589585,0,0.0,4.509538454696062,0.2373441291945296,0.23963623820301577,0,0.0
1843,URLLC,205.5,294.5,822,821,113569088.0,138330.19244823387,821,0.9987834549878345,52.90030706868758,0.06443399155747574,0.06650098659671386,0,0.0,5.024751388309548,0.006112836238819402,0.008041062538459218,0,0.0
1844,eMBB,493.25,6.75,18,1954,287292097.4171464,147027.68547448638,17,0.9444444444444444,188.5508505902121,11.091226505306594,19.62151867895083,0,0.0,4.317747396563756,0.2398748553646531,0.2467919516964492,0,0.0
1845,eMBB,492.75,7.25,16,1954,286248242.85545534,146493.47126686558,15,0.9375,186.0971908348122,12.406479388987481,19.124657534569238,0,0.0,3.8992101010897375,0.2437006313181086,0.24841877551497796,0,0.0
1846,eMBB,487.0,13.0,17,1930,289604353.48867315,150054.06916511562,16,0.9411764705882353,192.19338191558103,12.012086369723814,19.01718439534309,0,0.0,4.025467566785321,0.2367922098109012,0.2451530792946555,0,0.0
1847,mMTC,278.5,221.5,557,557,44106166.0,79185.21723518851,557,1.0,165.92951928170336,0.2978985983513525,0.32238841504795357,0,0.0,109.2459613119812,0.1961327851202535,0.22110232865906465,0,0.0
1848,eMBB,495.25,4.75,18,1962,293303896.297836,149492.30188472784,17,0.9444444444444444,199.37650008905382,11.728029417003166,18.82027789851161,0,0.0,4.328755995751678,0.24048644420842655,0.2445350258911734,0,0.0
1849,eMBB,492.75,7.25,19,1951,302747121.03942347,155175.35676034007,18,0.9473684210526315,190.7520599551817,10.59733666417676,18.406975718642993,0,0.0,4.413643969376261,0.2322970510198032,0.2407006811377501,0,0.0
1850,eMBB,490.75,9.25,18,1944,307348274.79511,158100.96440077675,17,0.9444444444444444,189.06794561258778,11.121643859563987,18.11290399135206,0,0.0,4.200502473524965,0.23336124852916473,0.23724082465991658,0,0.0
1851,mMTC,296.75,203.25,594,593,48891413.0,82447.57672849916,593,0.9983164983164983,170.89044585501867,0.2881795039713637,0.30626708069367564,0,0.0,110.08948250971937,0.1853358291409417,0.20443662563132983,0,0.0
1852,eMBB,492.5,7.5,19,1950,283509634.3003886,145389.5560514813,18,0.9473684210526315,184.20339580334235,10.233521989074575,19.02106626256001,0,0.0,4.679121921927973,0.24626957483831438,0.24815865364484788,0,0.0
1853,eMBB,491.75,8.25,21,1945,290072848.66965675,149137.7113982811,20,0.9523809523809523,195.32768570890937,9.766384285445469,18.918446080127755,0,0.0,5.057706751114176,0.24084317862448457,0.2448828136700346,0,0.0
1854,eMBB,492.5,7.5,27,1942,371656962.98790425,191378.45673939458,26,0.9629629629629629,197.07526246043358,7.579817786939753,15.610009008553021,0,0.0,6.246874526451716,0.2313657232019154,0.23490206247923148,0,0.0
1855,eMBB,496.5,3.5,18,1967,293989555.5747596,149460.88234609028,17,0.9444444444444444,193.8046604252772,11.400274142663365,19.517938225114325,0,0.0,4.2581989866399566,0.2365666103688865,0.24471216476425373,0,0.0
1856,eMBB,491.5,8.5,18,1947,302740198.1712619,155490.5999852398,17,0.9444444444444444,187.63094196817477,11.037114233422045,18.115039387929045,0,0.0,4.169350539788205,0.23163058554378915,0.23931798947795616,0,0.0
1857,mMTC,238.0,262.0,476,476,38421426.0,80717.28151260504,476,1.0,144.35961252563496,0.30327649690259445,0.32604350696935136,0,0.0,95.82395274546383,0.20131082509551224,0.22775048235396672,0,0.0
1858,eMBB,488.75,11.25,17,1937,285961528.1542322,147631.14514931967,16,0.9411764705882353,185.06347137311886,11.566466960819929,20.117673391622535,0,0.0,4.106696016087586,0.24157035388750506,0.2472225446268939,0,0.0
1859,eMBB,491.0,9.0,17,1946,284961939.88027805,146434.7070299476,16,0.9411764705882353,185.62221087461904,11.60138817966369,18.82257963785484,0,0.0,4.151459364746282,0.24420349204389893,0.24838800045691434,0,0.0
1860,eMBB,494.75,5.25,19,1959,292654474.3543821,149389.72657191532,18,0.9473684210526315,196.42994631894828,10.912774795497127,18.61898889354635,0,0.0,4.513189946406244,0.23753631296874966,0.24462604980042457,0,0.0
1861,eMBB,492.75,7.25,22,1948,375361779.77322596,192690.8520396437,21,0.9545454545454546,192.9822009848105,9.18962861832431,14.108876915708851,0,0.0,5.031478945979027,0.22870358845359212,0.2353232941562162,0,0.0
1862,URLLC,220.25,279.75,881,881,124063184.0,140820.86719636776,881,1.0,57.175089206668375,0.06489794461596865,0.06721132239087156,0,0.0,5.673286457822278,0.006439598703544016,0.008570821620822172,0,0.0
1863,eMBB,490.25,9.75,18,1942,301922364.4613792,155469.8066227493,17,0.9444444444444444,189.03673183596106,11.119807755056533,18.8136652562476,0,0.0,4.179278976894776,0.2321821653830431,0.23980227168966214,0,0.0
1864,mMTC,280.0,220.0,560,560,43791367.0,78198.86964285714,560,1.0,169.97821823424525,0.3035325325611522,0.32963138710215834,0,0.0,112.90164626672393,0.20161008261914987,0.2283962640252352,0,0.0
1865,mMTC,269.0,231.0,538,537,43682599.0,81345.62197392924,537,0.9981412639405205,155.14592892061216,0.28891234435868185,0.30709567360700707,0,0.0,100.3382338950916,0.18650229348530037,0.20593927941897283,0,0.0
1866,eMBB,494.25,5.75,18,1958,285415732.01724124,145769.01533056243,17,0.9444444444444444,184.5649673914292,10.85676278773113,19.72165214585849,0,0.0,4.318343130032856,0.239907951668492,0.24938002689481426,0,0.0
1867,eMBB,490.25,9.75,21,1939,289066797.37727207,149080.34934361634,20,0.9523809523809523,181.66209005392287,9.083104502696143,16.11957664316393,0,0.0,4.997145255909976,0.23795929790047504,0.24466078387437318,0,0.0
1868,eMBB,486.75,13.25,25,1920,354978092.5449924,184884.42320051687,24,0.96,195.66244899451613,8.152602041438172,14.408356459521512,0,0.0,5.875592156555293,0.23502368626221173,0.24430921657344912,0,0.0
1869,eMBB,492.5,7.5,15,1954,294877328.7842386,150909.58484352025,14,0.9333333333333333,197.44902928631987,14.10350209187999,19.219588831677527,0,0.0,3.630696369747196,0.24204642464981305,0.2451609276007196,0,0.0
1870,URLLC,150.75,349.25,603,603,85752954.0,142210.53731343284,603,1.0,39.41184266696946,0.06535960641288469,0.06753291441428544,0,0.0,4.297451783507968,0.0071267857106268135,0.009228993787561476,0,0.0
1871,eMBB,497.25,2.75,20,1968,311021996.5207744,158039.6323784423,19,0.95,199.7920185964399,10.515369399812627,18.112613290672705,0,0.0,4.6719807278939935,0.23359903639469967,0.23738141501155746,0,0.0
1872,mMTC,312.0,188.0,624,623,48633507.0,78063.41412520064,623,0.9983974358974359,180.0037572380809,0.28893058946722455,0.30794754218467146,0,0.0,116.55511943683385,0.18678705037954144,0.20616882594535518,0,0.0
1873,mMTC,246.0,254.0,492,492,40681569.0,82686.11585365854,492,1.0,143.98166959494415,0.29264566990842306,0.3159501783868677,0,0.0,93.79559799049959,0.1906414593302837,0.21505087650652582,0,0.0
1874,eMBB,493.75,6.25,19,1955,292657174.91133034,149696.76466052703,18,0.9473684210526315,197.6649787839122,10.981387710217344,19.418781196233525,0,0.0,4.554414810294875,0.2397060426470987,0.24497200587845333,0,0.0
1875,mMTC,269.0,231.0,538,537,42668981.0,79458.06517690876,537,0.9981412639405205,160.36718107747026,0.29863534651298,0.3236679668982638,0,0.0,106.03972952098057,0.19709986899810517,0.22279143412048596,0,0.0
1876,eMBB,492.75,7.25,18,1952,292176419.1882768,149680.5426169451,17,0.9444444444444444,185.61558579608666,10.918563870358039,19.018407537949564,0,0.0,4.270403888536061,0.2372446604742256,0.24471152217237238,0,0.0
1877,eMBB,492.0,8.0,19,1948,302130572.8504314,155097.83000535492,18,0.9473684210526315,182.7936111354909,10.155200618638382,19.114514673343407,0,0.0,4.462554887185689,0.23487130985187837,0.24007322720742588,0,0.0
1878,eMBB,492.25,7.75,23,1945,304113316.4531683,156356.46090137187,22,0.9565217391304348,199.04955103434486,9.047706865197494,16.912552186024385,0,0.0,5.40197914099511,0.2348686583041352,0.23727116383686572,0,0.0
1879,eMBB,492.5,7.5,15,1954,289790413.8198297,148306.2506754502,14,0.9333333333333333,185.9306336049134,13.2807595432081,19.82079377426651,0,0.0,3.6254213304825065,0.24169475536550042,0.2468619210313682,0,0.0
1880,eMBB,489.5,10.5,19,1938,281985095.66099757,145503.14533591206,18,0.9473684210526315,195.8774997034391,10.882083316857727,18.52198577748307,0,0.0,4.658261775494857,0.24517167239446616,0.2486445032712144,0,0.0
1881,eMBB,496.75,3.25,21,1965,292345518.33849394,148776.34521042948,20,0.9523809523809523,190.5617479623574,9.52808739811787,18.01795874928917,0,0.0,5.000940365462138,0.23814001740295895,0.2447599243383481,0,0.0
1882,eMBB,484.25,15.75,23,1912,344644235.58965427,180253.2612916602,22,0.9565217391304348,189.44594055495224,8.611179116134194,17.032993510007536,0,0.0,5.3106718649408515,0.23089877673655876,0.24334856658404544,0,0.0
1883,eMBB,492.0,8.0,21,1946,288287678.0173347,148143.7194333683,20,0.9523809523809523,189.05710521077975,9.452855260538987,19.50087356865568,0,0.0,5.089029153923593,0.2423347216154092,0.24544494868311123,0,0.0
1884,URLLC,213.5,286.5,854,854,116292314.0,136173.66978922716,854,1.0,55.82003523061197,0.06536303891172363,0.06793140565381495,0,0.0,6.1541883667658075,0.00720630956295762,0.009474177460717915,0,0.0
1885,eMBB,488.0,12.0,18,1933,306431135.643417,158526.19536648577,17,0.9444444444444444,190.2602772386841,11.191781014040242,18.511945972514457,0,0.0,4.196788881643104,0.23315493786906133,0.237777366578532,0,0.0
1886,eMBB,486.25,13.75,19,1925,282659236.36063266,146835.9669405884,18,0.9473684210526315,194.9681830583426,10.831565725463477,19.217500616232744,0,0.0,4.6651012439491835,0.24553164441837808,0.24697631323231517,0,0.0
1887,eMBB,490.5,9.5,19,1942,281963010.5704471,145192.07547396864,18,0.9473684210526315,180.1682535906519,10.009347421702882,18.522391356569962,0,0.0,4.650349555616183,0.24475523976927277,0.24853922057670075,0,0.0
1888,eMBB,494.75,5.25,18,1960,293520518.36227244,149755.36651136348,17,0.9444444444444444,186.15063999230563,10.950037646606214,19.017273244598663,0,0.0,4.315183617427653,0.23973242319042518,0.2448037711542844,0,0.0
1889,URLLC,213.5,286.5,854,853,118534968.0,138962.44783118405,853,0.9988290398126464,55.17413902372341,0.06468246075465817,0.067005408335288,0,0.0,5.3971046569857055,0.0063197946803111305,0.008019606668621329,0,0.0
1890,URLLC,176.5,323.5,706,705,96056534.0,136250.40283687942,705,0.9985835694050992,45.836281315240534,0.06501600186558941,0.06727613904048525,0,0.0,4.669793714588598,0.006614438689218978,0.008570621260570645,0,0.0
1891,eMBB,493.5,6.5,20,1953,303512944.80342406,155408.57388808197,19,0.95,193.66168436273347,10.192720229617551,18.715003298696647,0,0.0,4.654756563166925,0.23273782815834626,0.23972616805034508,0,0.0
1892,URLLC,153.5,346.5,614,613,82565058.0,134690.1435562806,613,0.998371335504886,39.56722510903808,0.06454685988423829,0.06661071514688788,0,0.0,3.855187519491849,0.006278807035003012,0.008200161603211487,0,0.0
1893,eMBB,496.5,3.5,19,1966,288253073.75190216,146619.06091144565,18,0.9473684210526315,186.96258363382498,10.386810201879165,18.519621378692584,0,0.0,4.560281706290534,0.24001482664687024,0.24738859127130944,0,0.0
1894,eMBB,487.25,12.75,15,1933,282915791.0733284,146360.98865666238,14,0.9333333333333333,188.88343284172072,13.491673774408623,20.122663765892455,0,0.0,3.6700320144169947,0.24466880096113297,0.24810533227945955,0,0.0
1895,mMTC,217.5,282.5,435,435,33962914.0,78075.66436781609,435,1.0,129.14247575023523,0.29687925459824194,0.31861587045714534,0,0.0,84.08769879809849,0.1933050547082724,0.2130508677221026,0,0.0
1896,eMBB,487.5,12.5,27,1922,366082303.847906,190469.46089901458,26,0.9629629629629629,193.29701063995716,7.434500409229122,15.109680863053505,0,0.0,6.276088706414109,0.23244772986718923,0.2359653268272759,0,0.0
1897,eMBB,487.75,12.25,17,1933,289291416.21112853,149659.29447032,16,0.9411764705882353,188.59031629322948,11.786894768326842,19.718861126767873,0,0.0,4.027487287188829,0.23691101689346053,0.24486305002792555,0,0.0
1898,eMBB,217.75,282.25,9,860,133195206.35249214,154878.14692150248,8,0.8888888888888888,86.94295995108831,10.867869993886039,17.606490772918388,0,0.0,2.1354384556409394,0.23727093951565992,0.23937557117365654,0,0.0
1899,eMBB,488.0,12.0,19,1932,306534334.0708952,158661.66359777184,18,0.9473684210526315,195.10243342695213,10.839024079275118,18.411799875735383,0,0.0,4.465539046352936,0.23502837086068085,0.23729691207355874,0,0.0
1900,eMBB,494.0,6.0,17,1958,289768707.54291373,147992.18975634,16,0.9411764705882353,182.41933527673385,11.401208454795865,19.82073346234073,0,0.0,4.068831777373521,0.2393430457278542,0.24685707888032282,0,0.0
1901,URLLC,213.0,287.0,852,851,120442633.0,141530.70857814336,851,0.9988262910798122,54.69482693748088,0.06427124199468964,0.0661555842729551,0,0.0,5.222929281929557,0.006130198687710748,0.00781672658064741,0,0.0
1902,eMBB,492.0,8.0,18,1949,292244985.7813901,149946.1189232376,17,0.9444444444444444,193.40418779543168,11.37671692914304,18.81905231807597,0,0.0,4.273297344377982,0.23740540802099896,0.2448235645095731,0,0.0
1903,eMBB,490.25,9.75,21,1939,373076259.2409476,192406.5287472654,20,0.9523809523809523,189.43557991698077,9.47177899584904,15.207957339061593,0,0.0,4.866423888872848,0.23173447089870708,0.23647916208888514,0,0.0
1904,eMBB,496.5,3.5,16,1969,295919069.4831015,150289.0144657702,15,0.9375,199.03519558233725,13.269013038822484,19.320314785201546,0,0.0,3.847228752291059,0.2404517970181912,0.24559685298613362,0,0.0
1905,eMBB,495.0,5.0,18,1961,305837060.8446496,155959.74545877083,17,0.9444444444444444,184.82884081905272,10.872284754061925,18.215356223932503,0,0.0,4.178147048229447,0.23211928045719152,0.2395179476760447,0,0.0
1906,eMBB,491.75,8.25,21,1945,305950688.602715,157301.12524561182,20,0.9523809523809523,193.39869860262024,9.669934930131012,18.510430688645243,0,0.0,4.909694765980741,0.23379498885622577,0.237650572720093,0,0.0
1907,eMBB,492.5,7.5,17,1952,287752719.51272255,147414.30302905868,16,0.9411764705882353,189.9260002213413,11.870375013833831,20.020941976657905,0,0.0,4.176697234470945,0.24568807261593792,0.24750460626605297,0,0.0
1908,eMBB,493.25,6.75,17,1955,286067604.5633749,146326.14044162398,16,0.9411764705882353,194.94373105149919,12.183983190718699,19.61106704724932,0,0.0,4.078411390161949,0.23990655236246758,0.2480175623184322,0,0.0
1909,eMBB,495.0,5.0,18,1961,294175338.69257605,150012.9213118695,17,0.9444444444444444,195.70336617438005,11.511962716140003,18.918647361828036,0,0.0,4.270989570731625,0.23727719837397915,0.24528949854049759,0,0.0
1910,eMBB,494.75,5.25,23,1955,376077114.8004233,192366.8106396027,22,0.9565217391304348,196.33217691351282,8.924189859705129,14.710769671223087,0,0.0,5.315141233712524,0.23109309711793583,0.23600169298391918,0,0.0
1911,eMBB,492.5,7.5,18,1951,292111036.8382253,149723.75030149939,17,0.9444444444444444,192.64491242671448,11.332053672159676,19.41819033866287,0,0.0,4.307943816226644,0.23933021201259136,0.2453972946895033,0,0.0
1912,mMTC,238.0,262.0,476,476,37392754.0,78556.20588235294,476,1.0,140.37615417164469,0.2949078869152199,0.3150750336546586,0,0.0,91.6575388629267,0.19255785475404769,0.21475279023585514,0,0.0
1913,eMBB,489.75,10.25,20,1938,306851021.80904496,158333.86058258254,19,0.95,196.91677240634507,10.36404065296553,17.91205337649252,0,0.0,4.604036403242006,0.23020182016210028,0.23713678990305276,0,0.0
1914,mMTC,278.5,221.5,557,557,44703057.0,80256.83482944344,557,1.0,161.44919810335776,0.2898549337582725,0.3091150428871618,0,0.0,104.56363769720382,0.1877264590614072,0.2080152281863071,0,0.0
1915,mMTC,276.25,223.75,553,552,45298903.0,82063.23007246378,552,0.9981916817359855,161.93594163186705,0.2933622131012084,0.3145750284911194,0,0.0,105.73329642571308,0.19119945104107247,0.21422277208086293,0,0.0
1916,mMTC,248.5,251.5,497,496,40391028.0,81433.5241935484,496,0.9979879275653923,147.40437869347443,0.29718624736587584,0.32045621458810686,0,0.0,96.35241187667458,0.19386803194501928,0.219510271682124,0,0.0
1917,eMBB,487.75,12.25,26,1924,367111885.1592061,190806.59311809047,25,0.9615384615384616,193.97734647402706,7.759093858961083,15.010603127873646,0,0.0,6.0380818801303935,0.23223391846655358,0.23557927432919412,0,0.0
1918,mMTC,271.75,228.25,544,543,45518178.0,83827.21546961326,543,0.9981617647058824,156.92586609850858,0.2889979117836254,0.30958631576636886,0,0.0,101.65624772756846,0.18686810244038318,0.20919443337320648,0,0.0
1919,eMBB,492.75,7.25,20,1950,302423148.56109357,155088.79413389415,19,0.95,196.16393238002337,10.32441749368544,18.913780837329494,0,0.0,4.762549646736702,0.23812748233683512,0.24044314850142154,0,0.0
1920,eMBB,495.0,5.0,17,1962,311853723.057665,158946.8517113481,16,0.9411764705882353,195.89195323550163,12.243247077218852,18.012752045541507,0,0.0,3.9117591520391275,0.2301034795317134,0.23708977131595518,0,0.0
1921,eMBB,491.25,8.75,19,1945,285467414.35388607,146769.87884518565,18,0.9473684210526315,195.91858730888197,10.884365961604553,19.61919821660599,0,0.0,4.620632884733302,0.24319120445964748,0.24792331363914988,0,0.0
1922,eMBB,494.75,5.25,17,1961,286014946.6768683,145851.57913149838,16,0.9411764705882353,192.83186495323528,12.051991559577205,19.22062503082584,0,0.0,4.169921055420518,0.2452894738482658,0.24771553349290434,0,0.0
1923,eMBB,492.5,7.5,17,1952,292586923.3334846,149890.84187166218,16,0.9411764705882353,194.1903503214569,12.136896895091056,19.618873725724807,0,0.0,4.0359230150011465,0.23740723617653803,0.2455154789775291,0,0.0
1924,eMBB,489.25,10.75,23,1933,370595998.80974674,191720.64087415766,22,0.9565217391304348,193.95833217757234,8.816287826253289,15.207002643073555,0,0.0,5.345948907997571,0.2324325612172857,0.23533052265719903,0,0.0
1925,eMBB,496.25,3.75,17,1967,295338739.45195854,150146.7917905229,16,0.9411764705882353,197.97809773580525,12.373631108487828,19.31102965130058,0,0.0,4.019545744409247,0.236443867318191,0.24503222751716228,0,0.0
1926,eMBB,494.75,5.25,18,1960,304752028.71206105,155485.72893472502,17,0.9444444444444444,197.82587941276398,11.63681643604494,18.81313935244674,0,0.0,4.177790878147839,0.2320994932304355,0.23995176383494957,0,0.0
1927,eMBB,495.25,4.75,19,1961,310370256.62341624,158271.4210216299,18,0.9473684210526315,196.3482340425488,10.908235224586043,17.81190484092565,0,0.0,4.4180374292026565,0.23252828574750825,0.23713215304429663,0,0.0
1928,eMBB,495.0,5.0,18,1961,289143418.2367547,147446.9241390896,17,0.9444444444444444,188.43349345955411,11.084323144679654,20.019264114312055,0,0.0,4.311797000758748,0.23954427781993046,0.24760364517337233,0,0.0
1929,eMBB,496.0,4.0,18,1965,286882523.02317953,145996.19492273766,17,0.9444444444444444,198.36157647464842,11.668328027920495,18.5224733732647,0,0.0,4.326131330612924,0.24034062947849577,0.24823854818178495,0,0.0
1930,eMBB,490.75,9.25,19,1943,291445100.0414524,149997.47814794257,18,0.9473684210526315,190.927866363969,10.607103686887166,19.618146353503587,0,0.0,4.527248017527209,0.23827621144880048,0.24541222939283258,0,0.0
1931,eMBB,489.5,10.5,21,1936,372351753.0300963,192330.45094529766,20,0.9523809523809523,195.14632219598482,9.757316109799241,15.309772399937744,0,0.0,4.885820094546378,0.2326580997403037,0.23569901223844275,0,0.0
1932,mMTC,291.5,208.5,583,582,45543723.0,78253.81958762887,582,0.9982847341337907,168.31258223857836,0.28919687669858823,0.31156350191934323,0,0.0,109.2518573728741,0.18739598177165367,0.2106495538851552,0,0.0
1933,mMTC,259.25,240.75,519,518,41839623.0,80771.47297297297,518,0.9980732177263969,152.85162834150555,0.29508036359364004,0.3134392511974179,0,0.0,99.91962547996695,0.19252336315985927,0.2117314350823456,0,0.0
1934,eMBB,493.25,6.75,21,1951,307963215.71260524,157848.90605464132,20,0.9523809523809523,197.9722241509155,9.898611207545775,18.41174710383993,0,0.0,4.892524218828916,0.2329773437537579,0.23755588138303993,0,0.0
1935,eMBB,498.5,1.5,17,1976,291650572.71412057,147596.4436812351,16,0.9411764705882353,194.91176927795624,12.181985579872265,19.71982909354371,0,0.0,4.064160035149262,0.2390682373617213,0.24693704700470512,0,0.0
1936,URLLC,157.75,342.25,631,631,89453803.0,141765.13946117274,631,1.0,40.610827499950624,0.06435947305855884,0.06637484668152177,0,0.0,3.955200088412166,0.006268145940431325,0.008098887450752528,0,0.0
1937,eMBB,489.0,11.0,20,1935,287967033.2000954,148820.17219643173,19,0.95,190.839125580673,10.044164504245947,17.81846978717788,0,0.0,4.862726463189406,0.2431363231594703,0.24559891371099146,0,0.0
1938,eMBB,488.0,12.0,21,1931,372187840.9999997,192743.5737959605,20,0.9523809523809523,197.2389066821441,9.861945334107205,15.309326249125695,0,0.0,4.647882246810479,0.22132772603859424,0.23655311516859226,0,0.0
1939,mMTC,302.5,197.5,605,605,50037622.0,82706.81322314049,605,1.0,175.44980708673668,0.28999968113510194,0.3106478077575031,0,0.0,113.94954542793309,0.18834635607922826,0.21078913835579371,0,0.0
1940,eMBB,493.75,6.25,19,1956,304396245.99999934,155621.80265848638,18,0.9473684210526315,199.34440510184965,11.07468917232498,18.614976139196852,0,0.0,4.183803714512264,0.22020019550064546,0.23961949924965814,0,0.0
1941,mMTC,272.25,227.75,545,544,43507304.0,79976.66176470589,544,0.998165137614679,165.75505923792707,0.3046968000697189,0.3320356382731403,0,0.0,110.38800731006397,0.2025468024037871,0.23133529741843945,0,0.0
1942,mMTC,263.0,237.0,526,525,42385810.0,80734.87619047619,525,0.9980988593155894,152.44045901221384,0.2903627790708835,0.30848074638010997,0,0.0,99.04949891338279,0.18830703215472014,0.20833176723042277,0,0.0
1943,URLLC,189.0,311.0,756,755,107435466.0,142298.63046357615,755,0.9986772486772487,48.61163719744931,0.0643862744337077,0.06642772278921408,0,0.0,4.805586308414375,0.00635659564605076,0.008328919327675604,0,0.0
1944,eMBB,489.25,10.75,22,1934,287092768.44483125,148445.07158471108,21,0.9545454545454546,188.8357832914031,8.99218015673348,19.316062416377413,0,0.0,5.314053229865657,0.24154787408480258,0.2454967853887167,0,0.0
1945,URLLC,166.5,333.5,666,665,94276712.0,141769.49172932332,665,0.9984984984984985,43.11662309757725,0.06483702721440189,0.06661244120594485,0,0.0,4.341790471726497,0.006519204912502247,0.008362214539278176,0,0.0
1946,eMBB,494.25,5.75,18,1958,293945574.0000004,150125.4208375896,17,0.9444444444444444,199.40770555567866,11.72986503268698,19.31971163131253,0,0.0,4.273203487743289,0.23740019376351607,0.2460668159373826,0,0.0
1947,eMBB,489.5,10.5,19,1938,300859689.8034241,155242.35799970286,18,0.9473684210526315,191.93972391993702,10.663317995552056,18.713001507275152,0,0.0,4.4184974605698795,0.2325524979247305,0.23928015366081978,0,0.0
1948,eMBB,491.75,8.25,22,1944,307494315.61530185,158176.08827947627,21,0.9545454545454546,198.13641435116006,9.43506735005524,18.613085962128768,0,0.0,5.1836250878687045,0.23561932217585022,0.23766123087495494,0,0.0
1949,URLLC,201.5,298.5,806,806,114715674.0,142327.13895781638,806,1.0,52.15577670636426,0.06470940038010453,0.06697914405684445,0,0.0,5.04244280059508,0.006256132506941787,0.008215899026669991,0,0.0
1950,eMBB,494.25,5.75,19,1957,284740056.11710525,145498.24022335475,18,0.9473684210526315,194.78608615647696,10.821449230915386,19.622162409197568,0,0.0,4.577335130297147,0.24091237527879722,0.24886160766087131,0,0.0
1951,eMBB,492.0,8.0,17,1950,292310170.826738,149902.65170601947,16,0.9411764705882353,192.87847252825586,12.054904533015991,19.318725287689826,0,0.0,4.133323328053876,0.24313666635611036,0.24552616551161713,0,0.0
1952,mMTC,233.5,266.5,467,466,37044519.0,79494.67596566524,466,0.9978586723768736,139.6563400449182,0.29969171683458845,0.3210824667583696,0,0.0,92.5772256375109,0.19823817053000195,0.2187394442724815,0,0.0
1953,eMBB,492.0,8.0,19,1948,291018750.29862463,149393.60898286686,18,0.9473684210526315,196.07145545511838,10.892858636395466,19.519734623363355,0,0.0,4.5646106777170035,0.24024266724826335,0.245538323733899,0,0.0
1954,mMTC,274.0,226.0,548,547,43642907.0,79785.93601462523,547,0.9981751824817519,161.5260640573314,0.2952944498305876,0.32153888274890163,0,0.0,105.87790759240288,0.19320786057007824,0.22058212958650852,0,0.0
1955,eMBB,494.25,5.75,18,1958,309378346.66530746,158007.3272039364,17,0.9444444444444444,195.29062465907683,11.487683803475107,17.609769877296202,0,0.0,4.241666229423338,0.23564812385685208,0.23700540400764314,0,0.0
1956,mMTC,295.5,204.5,591,590,46977970.0,79623.67796610169,590,0.9983079526226735,171.43447182883068,0.29056690140479774,0.3093359015937852,0,0.0,111.51758966196559,0.18869304511330895,0.20982656008512363,0,0.0
1957,mMTC,238.0,262.0,476,476,39298174.0,82559.18907563025,476,1.0,140.03868293660994,0.29419891373237383,0.3176666069717165,0,0.0,91.63120306344742,0.19250252744421725,0.21699227466402413,0,0.0
1958,eMBB,493.25,6.75,22,1950,290448487.99999994,148947.94256410253,21,0.9545454545454546,199.5212099664107,9.50100999840051,18.41845440754489,0,0.0,5.3027278856938445,0.24103308571335658,0.24520254764921606,0,0.0
1959,mMTC,303.25,196.75,607,606,46468593.0,76680.84653465346,606,0.9983525535420099,182.06596407619622,0.30043888461418516,0.3221168931472585,0,0.0,120.63058899314068,0.198732436562011,0.2190877967583696,0,0.0
1960,mMTC,309.5,190.5,619,619,50395159.0,81413.82714054927,619,1.0,179.74089953876188,0.2903730202564812,0.30841921257961685,0,0.0,116.90829090252231,0.18886638271812975,0.20639372608389037,0,0.0
1961,eMBB,495.5,4.5,18,1963,305740809.6510007,155751.81337289896,17,0.9444444444444444,186.1219185563663,10.948348150374487,18.61273009969931,0,0.0,4.176886870901278,0.23204927060562655,0.24011112303525836,0,0.0
1962,eMBB,493.5,6.5,17,1956,310663646.4861701,158825.9951360788,16,0.9411764705882353,190.0751717616437,11.879698235102731,18.209091177190317,0,0.0,3.9021193260802187,0.2295364309458952,0.23715445780953232,0,0.0
1963,mMTC,315.75,184.25,632,631,49283197.0,78103.323296355,631,0.9984177215189873,183.52114076812944,0.2908417444819801,0.31034239031119604,0,0.0,119.35710243000983,0.18885617473102823,0.20814818244794808,0,0.0
1964,eMBB,495.25,4.75,15,1965,288271836.6623025,146703.22476453052,14,0.9333333333333333,189.78746668645917,13.556247620461368,20.218722321800406,0,0.0,3.5801201456676846,0.23867467637784565,0.2483197462140788,0,0.0
1965,eMBB,492.25,7.75,16,1952,294550320.3188818,150896.68049123042,15,0.9375,193.8604405965218,12.924029373101455,18.91749133698379,0,0.0,3.7907162057455994,0.23691976285909996,0.2446650780945447,0,0.0
1966,eMBB,493.5,6.5,23,1950,374304257.30382335,191950.90118144787,22,0.9565217391304348,187.22673823502245,8.510306283410111,14.81054122608759,0,0.0,5.322549306465157,0.2314151872376155,0.23668642459860872,0,0.0
1967,eMBB,488.75,11.25,16,1938,291309833.883509,150314.6717665165,15,0.9375,188.31105561310613,12.554070374207075,19.21935108572117,0,0.0,3.8305689848761904,0.2394105615547619,0.2449951936276141,0,0.0
1968,eMBB,492.75,7.25,17,1953,304367430.80372477,155846.09872182528,16,0.9411764705882353,193.15864145624914,12.072415091015571,18.21462952391314,0,0.0,3.9918652473242684,0.2348156027837805,0.24018485457235197,0,0.0
1969,eMBB,488.5,11.5,18,1935,307100571.62938887,158708.30575162216,17,0.9444444444444444,182.99050423671653,10.76414730804215,18.710027020872104,0,0.0,4.245534029468317,0.2358630016371287,0.23786398308898118,0,0.0
1970,eMBB,485.75,14.25,17,1925,282666234.6693589,146839.602425641,16,0.9411764705882353,182.2172808936268,11.388580055851675,19.41914431177403,0,0.0,4.175157258797938,0.24559748581164342,0.2480032164776013,0,0.0
1971,mMTC,303.0,197.0,606,605,46312484.0,76549.56033057852,605,0.9983498349834984,178.21137195731637,0.294564251169118,0.31422922300854705,0,0.0,116.93594781655683,0.1929636102583446,0.2130040790769231,0,0.0
1972,eMBB,493.5,6.5,17,1956,292553922.69145215,149567.4451387792,16,0.9411764705882353,191.02234784464721,11.938896740290451,18.618874055043207,0,0.0,4.079459293448443,0.23996819373226136,0.24471402632813846,0,0.0
1973,eMBB,488.5,11.5,20,1933,371828226.36397105,192358.1098623751,19,0.95,194.93418627960327,10.259694014715961,14.90651182406596,0,0.0,4.656163980248553,0.23280819901242764,0.23676159744929448,0,0.0
1974,mMTC,239.5,260.5,479,478,37099382.0,77613.76987447699,478,0.9979123173277662,138.8083613146981,0.29039406132782025,0.30693174306509996,0,0.0,90.571674575283,0.18908491560601878,0.20522246163902863,0,0.0
1975,eMBB,495.5,4.5,19,1962,304306328.91700405,155100.06570693376,18,0.9473684210526315,189.91279009550803,10.550710560861557,17.913062981317484,0,0.0,4.498587269191233,0.23676775101006492,0.23974148907568088,0,0.0
1976,mMTC,306.25,193.75,613,612,49639775.0,81110.74346405228,612,0.99836867862969,186.817015611731,0.3052565614570768,0.3359113954216859,0,0.0,124.52045371429521,0.2031328771848209,0.23041078345587399,0,0.0
1977,eMBB,493.0,7.0,17,1954,287813491.1921306,147294.51954561446,16,0.9411764705882353,187.48717319891205,11.717948324932003,19.720868795039923,0,0.0,4.143325652282506,0.2437250383695592,0.24762341164356405,0,0.0
1978,eMBB,496.75,3.25,17,1969,288247235.88027847,146392.70486555534,16,0.9411764705882353,187.87558920074576,11.74222432504661,20.32059299070028,0,0.0,4.120805274346801,0.2424003102556942,0.2483552558493216,0,0.0
1979,mMTC,280.25,219.75,561,560,45626230.0,81475.41071428571,560,0.9982174688057041,167.07811015908035,0.2983537681412149,0.3208344461285032,0,0.0,109.26047361036257,0.19476020251401527,0.21554715024450566,0,0.0
1980,mMTC,235.5,264.5,471,470,37983825.0,80816.64893617021,470,0.9978768577494692,140.85734243088655,0.29969647325720544,0.32581038072303653,0,0.0,93.37010315985093,0.19823801095509752,0.22526572572303646,0,0.0
1981,eMBB,489.75,10.25,19,1939,289357969.1081948,149230.51526982716,18,0.9473684210526315,194.19951084324416,10.788861713513564,19.21672460060024,0,0.0,4.594212259666601,0.24180064524561057,0.24555217373015273,0,0.0
1982,mMTC,258.0,242.0,516,516,40380097.0,78256.00193798449,516,1.0,152.86748981781915,0.2962548252283317,0.31629035382702375,0,0.0,100.26226356209276,0.19430671232963712,0.21682218459625446,0,0.0
1983,eMBB,494.0,6.0,16,1959,311544856.0665125,159032.5962565148,15,0.9375,185.71967712872424,12.381311808581616,17.411740400116862,0,0.0,3.7252706090415653,0.23282941306509783,0.23659104174653547,0,0.0
1984,mMTC,280.0,220.0,560,560,45162102.0,80646.6107142857,560,1.0,163.19717809463702,0.2914235323118518,0.3107853126529626,0,0.0,106.30941808882527,0.18983824658718798,0.2094108767555267,0,0.0
1985,eMBB,488.0,12.0,16,1935,282771735.79218215,146135.26397528793,15,0.9375,179.15812674815197,11.943875116543465,19.62202893768809,0,0.0,3.880635146660758,0.24253969666629738,0.24844805830541078,0,0.0
1986,mMTC,276.25,223.75,553,552,42228257.0,76500.46557971014,552,0.9981916817359855,164.7227167870422,0.29841071881710546,0.32142753980371674,0,0.0,107.80286971080285,0.19494189821121674,0.2168033780943151,0,0.0
1987,eMBB,493.5,6.5,24,1949,373533227.1934229,191653.78511720005,23,0.9583333333333334,196.97495519751584,8.564128486848515,15.305698783674902,0,0.0,5.599214102981292,0.23330058762422048,0.23659445529138604,0,0.0
1988,eMBB,488.5,11.5,19,1934,288641902.9785879,149246.07186069697,18,0.9473684210526315,195.79356563548845,10.877420313082691,19.71729887500299,0,0.0,4.590768829522885,0.24161941208015184,0.24570950168832273,0,0.0
1989,URLLC,211.5,288.5,846,846,119090507.0,140768.9208037825,846,1.0,55.4463556434079,0.06553942747447743,0.06809248526364053,0,0.0,6.294032889561773,0.007439755188607297,0.009848136700010982,0,0.0
1990,eMBB,492.25,7.75,19,1949,308857035.5443188,158469.4897610666,18,0.9473684210526315,188.90944547554,10.494969193085556,18.513038570843634,0,0.0,4.391904654862882,0.23115287657173064,0.2377082437542189,0,0.0
1991,eMBB,489.25,10.75,18,1938,285173102.86742383,147148.14389443953,17,0.9444444444444444,197.21472271867188,11.600866042274816,19.818407141241337,0,0.0,4.399555513397836,0.2444197507443242,0.24728524592766196,0,0.0
1992,eMBB,493.0,7.0,19,1952,284496376.9981961,145746.09477366606,18,0.9473684210526315,195.37249330077623,10.854027405598679,20.12243766821375,0,0.0,4.57165461373527,0.24061340072290896,0.249300125131112,0,0.0
1993,eMBB,493.25,6.75,19,1953,291751813.2988164,149386.48914429924,18,0.9473684210526315,190.98553972875598,10.610307762708665,19.494481009865787,0,0.0,4.594053731590489,0.24179230166265733,0.24441513791833108,0,0.0
1994,URLLC,219.5,280.5,878,878,121118732.0,137948.44191343963,878,1.0,56.97929785418726,0.06489669459474631,0.06683459275304963,0,0.0,5.820130798353926,0.006628850567601282,0.0084281616301839,0,0.0
1995,mMTC,229.0,271.0,458,458,36003589.0,78610.45633187774,458,1.0,133.27322455563498,0.29098957326557856,0.3094977391570567,0,0.0,86.94389952999404,0.18983384176854595,0.2092426297553473,0,0.0
1996,eMBB,496.0,4.0,20,1963,304636322.516531,155189.16073180386,19,0.95,192.0265326626072,10.106659613821432,18.778988377826803,0,0.0,4.736163973615543,0.23680819868077715,0.23977106818057523,0,0.0
1997,eMBB,486.25,13.75,24,1920,300075572.0777741,156289.360457174,23,0.9583333333333334,189.61893203901172,8.24430139300051,17.70916931752062,0,0.0,5.62413118982385,0.23433879957599377,0.23800474142341901,0,0.0
1998,mMTC,229.5,270.5,459,458,35303309.0,77081.46069868996,458,0.9978213507625272,133.85364074303425,0.29225685751754205,0.3122226634087402,0,0.0,87.53316483991047,0.19070406283204897,0.21091662853694532,0,0.0
1999,eMBB,488.25,11.75,16,1936,284238221.4931482,146817.26316794846,15,0.9375,194.02218154944583,12.93481210329639,20.22097880462088,0,0.0,3.9461802482266766,0.24663626551416729,0.2481670000275619,0,0.0
2000,eMBB,492.5,7.5,15,1954,294897777.9300201,150920.05011771756,14,0.9333333333333333,187.2825366908267,13.377324049344764,19.215315883773524,0,0.0,3.5903844288491715,0.2393589619232781,0.24538470582968838,0,0.0
2001,eMBB,496.25,3.75,24,1960,377253843.7402503,192476.4508878828,23,0.9583333333333334,187.99292784601835,8.173605558522537,15.508720665323068,0,0.0,5.520778427227959,0.23003243446783161,0.23682825547751685,0,0.0
2002,eMBB,491.0,9.0,16,1947,291639697.30094415,149789.26415045923,15,0.9375,184.26728343014102,12.284485562009401,19.61769254530326,0,0.0,3.7908730694505413,0.23692956684065883,0.2457113941856549,0,0.0
2003,eMBB,492.75,7.25,18,1952,304525015.4500814,156006.6677510663,17,0.9444444444444444,194.01739639999948,11.412788023529382,19.01403327131401,0,0.0,4.1811601834409835,0.2322866768578324,0.23918240179187567,0,0.0
2004,eMBB,492.75,7.25,19,1951,307937456.4754079,157835.70296022957,18,0.9473684210526315,192.0981882657146,10.67212157031748,18.707895995573864,0,0.0,4.380264920697979,0.23054025898410413,0.23826432013064094,0,0.0
2005,URLLC,150.75,349.25,603,603,85319817.0,141492.23383084577,603,1.0,39.12537091064647,0.06488452887337723,0.06707408449485208,0,0.0,3.867651452569527,0.00641401567590303,0.008496627261656332,0,0.0
2006,eMBB,492.75,7.25,17,1953,285138267.0837579,146000.1367556364,16,0.9411764705882353,192.3422373823414,12.021389836396338,19.323603097020584,0,0.0,4.092914941969424,0.24075970246878964,0.24941841738182904,0,0.0
2007,eMBB,491.75,8.25,22,1944,289655934.59509856,148999.96635550336,21,0.9545454545454546,198.47486041429278,9.451183829252036,19.617446219009956,0,0.0,5.266100317924425,0.23936819626929207,0.24574311769007723,0,0.0
2008,URLLC,159.75,340.25,639,638,92699083.0,145296.368338558,638,0.9984350547730829,41.44201087094745,0.06495612989176716,0.06676478471145215,0,0.0,4.298293793100837,0.00672659435540037,0.008576299711452155,0,0.0
2009,mMTC,263.75,236.25,528,527,43056312.0,81700.78178368122,527,0.9981060606060606,153.69267296857635,0.29163695060450917,0.31294160555648853,0,0.0,100.41280873404645,0.19017577411751221,0.2124935679496509,0,0.0
2010,eMBB,491.25,8.75,18,1946,303448975.41215175,155934.72528887552,17,0.9444444444444444,186.27156478665088,10.957150869802993,19.012943761883022,0,0.0,4.23765024208185,0.23542501344899167,0.24031724472144633,0,0.0
2011,mMTC,274.5,225.5,549,549,43392598.0,79039.34061930783,549,1.0,168.13232260545016,0.30625195374398934,0.3376021231635342,0,0.0,112.37376694356993,0.20468810007936236,0.23220101205242308,0,0.0
2012,mMTC,248.0,252.0,496,496,40106239.0,80859.35282258065,496,1.0,144.60490475031844,0.2915421466740291,0.3098190303695703,0,0.0,94.34253291066025,0.19020671957794405,0.20942853703623698,0,0.0
2013,eMBB,495.75,4.25,16,1966,288228164.69067365,146606.3909922043,15,0.9375,184.41069894085626,12.294046596057084,19.120643136790815,0,0.0,3.837512804722299,0.23984455029514368,0.24803111835742914,0,0.0
2014,eMBB,494.25,5.75,18,1958,293909204.12459964,150106.84582461676,17,0.9444444444444444,198.59429671276132,11.682017453691842,19.81843106858889,0,0.0,4.282956773646649,0.23794204298036942,0.2459157480576295,0,0.0
2015,eMBB,484.5,15.5,26,1911,366756218.8723146,191918.48187980877,25,0.9615384615384616,195.711321687086,7.82845286748344,15.008123221587857,0,0.0,5.992459675496214,0.2304792182883159,0.23776102486442918,0,0.0
2016,eMBB,496.5,3.5,17,1968,295426117.9117043,150114.89731285788,16,0.9411764705882353,198.88443110884924,12.430276944303078,19.515769902894288,0,0.0,4.0329097846834445,0.23722998733432027,0.24563091490382874,0,0.0
2017,eMBB,493.25,6.75,19,1953,302996087.433974,155143.92597745726,18,0.9473684210526315,187.23909601435503,10.402172000797501,17.713537304559296,0,0.0,4.431304686246264,0.2332265624340139,0.24025850040643704,0,0.0
2018,eMBB,494.0,6.0,19,1956,308527567.1654033,157733.93004366223,18,0.9473684210526315,188.15721228426602,10.453178460237002,17.009650323744893,0,0.0,4.443644820097058,0.23387604316300303,0.23861863023048524,0,0.0
2019,eMBB,495.75,4.25,18,1964,289033090.10306376,147165.524492395,17,0.9444444444444444,196.63278337052407,11.56663431591318,19.92115314069682,0,0.0,4.31932261474076,0.2399623674855978,0.2488985127605124,0,0.0
2020,eMBB,495.75,4.25,18,1964,286329199.8262256,145788.79828219226,17,0.9444444444444444,183.50519267864675,10.794423098743927,19.12144272183812,0,0.0,4.383910027764184,0.2435505570980102,0.24852068838795827,0,0.0
2021,mMTC,302.5,197.5,605,604,49020411.0,81159.62086092716,604,0.9983471074380166,180.70472060333657,0.29918000099890163,0.3226733491145453,0,0.0,118.81637677713273,0.19639070541674833,0.21856653954189573,0,0.0
2022,eMBB,485.0,15.0,28,1911,364061948.44310135,190508.6072439044,27,0.9642857142857143,195.58612491407158,7.243930552373022,14.50554680059565,0,0.0,6.523441282450201,0.2329800458017929,0.23717524685634783,0,0.0
2023,eMBB,495.5,4.5,18,1963,293464975.6247138,149498.20459740894,17,0.9444444444444444,182.70334883573128,10.747255813866545,18.718539127475935,0,0.0,4.380521868965268,0.24336232605362598,0.24667253650336116,0,0.0
2024,eMBB,492.5,7.5,17,1952,304446936.6943003,155966.6683884735,16,0.9411764705882353,195.15327887665939,12.197079929791212,18.112980082938723,0,0.0,3.996131582277882,0.23506656366340484,0.23985441649893824,0,0.0
2025,eMBB,494.25,5.75,20,1956,309609823.8090453,158287.23098621948,19,0.95,198.74859352887802,10.46045229099358,18.309542789691392,0,0.0,4.661238793482127,0.23306193967410635,0.2379278593387763,0,0.0
2026,eMBB,492.25,7.75,17,1951,286441091.4528039,146817.57634690104,16,0.9411764705882353,193.59408597756288,12.09963037359768,19.519851582250748,0,0.0,4.155916448719151,0.24446567345406772,0.24773808601981995,0,0.0
2027,eMBB,493.25,6.75,17,1955,286026085.80896807,146304.90322709363,16,0.9411764705882353,194.58180205479448,12.161362628424655,19.921982553970654,0,0.0,4.13572740465659,0.24327808262685824,0.24849016788285266,0,0.0
2028,mMTC,312.25,187.75,625,624,49932789.0,80020.49519230769,624,0.9984,186.69041736850554,0.29918336116747685,0.322598657890076,0,0.0,122.58321527414662,0.1961331444386346,0.21708995566785377,0,0.0
2029,eMBB,489.25,10.75,23,1933,371244660.0766999,192056.2131798758,22,0.9565217391304348,190.8137156479015,8.673350711268249,15.205465399753692,0,0.0,5.320549209039674,0.23132822647998583,0.23662803247360395,0,0.0
2030,eMBB,493.25,6.75,18,1954,292699330.8966544,149794.9492818088,17,0.9444444444444444,182.8054548346422,10.7532620490966,19.416609651825578,0,0.0,4.284655716402504,0.23803642868902802,0.24561573022470676,0,0.0
2031,eMBB,493.25,6.75,15,1957,306592182.8802325,156664.37551365994,14,0.9333333333333333,187.02891343966039,13.359208102832884,19.013301204142213,0,0.0,3.5233833160647383,0.23489222107098257,0.24161124888608437,0,0.0
2032,eMBB,490.75,9.25,19,1943,306712204.39302355,157854.96880752628,18,0.9473684210526315,197.59080720963723,10.97726706720207,18.00933182649141,0,0.0,4.482529870180393,0.2359226247463365,0.2378876128125778,0,0.0
2033,eMBB,495.0,5.0,19,1960,288414163.6501978,147150.0834949989,18,0.9473684210526315,196.551993803403,10.919555211300167,19.318487508254407,0,0.0,4.567737771350283,0.24040725112369912,0.24742003177008032,0,0.0
2034,eMBB,494.5,5.5,19,1958,285161270.5830134,145639.0554560845,18,0.9473684210526315,195.37075964799766,10.853931091555426,18.222548407828977,0,0.0,4.576954198740653,0.24089232624950804,0.24939179939736109,0,0.0
2035,eMBB,491.25,8.75,20,1944,289814448.9304221,149081.50665145172,19,0.95,189.29144486183952,9.962707624307344,18.61670192064903,0,0.0,4.835304669644652,0.2417652334822326,0.24634151484639857,0,0.0
2036,mMTC,238.0,262.0,476,475,37153608.0,78218.12210526316,475,0.9978991596638656,142.93171907533858,0.3009088822638707,0.322629129395517,0,0.0,95.02243646312574,0.19962696735950786,0.22140051879181838,0,0.0
2037,eMBB,490.5,9.5,19,1942,289553521.0584539,149100.6802566704,18,0.9473684210526315,188.4166884393648,10.467593802186933,18.517995293618558,0,0.0,4.624917860796057,0.24341672951558194,0.24613203581638035,0,0.0
2038,eMBB,490.5,9.5,16,1945,303607423.55074126,156096.36172274614,15,0.9375,187.29025059508874,12.48601670633925,18.81145720398879,0,0.0,3.8089702023052183,0.23806063764407615,0.24040020056249195,0,0.0
2039,URLLC,203.25,296.75,813,813,117814914.0,144913.79335793358,813,1.0,52.68267692960741,0.06480034062682338,0.06697135579051383,0,0.0,5.364368884222838,0.0065982397099911905,0.008568715197409116,0,0.0
2040,eMBB,495.25,4.75,20,1960,287358847.37488693,146611.6568239219,19,0.95,198.17718507204563,10.430378161686612,18.62006600516798,0,0.0,4.821429847244447,0.24107149236222236,0.24812094109316635,0,0.0
2041,eMBB,492.75,7.25,18,1952,285217682.77977246,146115.61617816213,17,0.9444444444444444,196.80112216605306,11.576536598003122,19.82184792617399,0,0.0,4.3847002453803166,0.24359445807668426,0.2490821188278596,0,0.0
2042,eMBB,492.25,7.75,20,1948,290849808.195094,149306.88305702977,19,0.95,194.7253170679157,10.248700898311354,16.714888523054004,0,0.0,4.768396020807508,0.23841980104037538,0.24526775497716138,0,0.0
2043,eMBB,492.75,7.25,19,1951,377468988.4753109,193474.62248862683,18,0.9473684210526315,185.74159208983878,10.318977338324377,15.508179922854367,0,0.0,4.346078846408658,0.22874099191624517,0.23659645157654063,0,0.0
2044,mMTC,248.5,251.5,497,497,38895088.0,78259.73440643863,497,1.0,145.14386741598847,0.29203997468005727,0.31150884853224586,0,0.0,94.95133007000551,0.19104895386319015,0.2099108379339552,0,0.0
2045,mMTC,286.25,213.75,573,572,44536703.0,77861.36888111888,572,0.9982547993019197,170.0737666680515,0.2973317599091809,0.31823329003345185,0,0.0,111.86350023420546,0.19522425869843885,0.21886232011892193,0,0.0
2046,mMTC,230.5,269.5,461,460,37048376.0,80539.94782608695,460,0.9978308026030369,141.07065856244475,0.30667534470096686,0.338499846492725,0,0.0,94.58096773604213,0.20516478901527577,0.23390352991152843,0,0.0
2047,mMTC,285.5,214.5,571,571,45887963.0,80364.20840630472,571,1.0,166.98164651294792,0.29243720930463735,0.31124770630077914,0,0.0,109.15405705448647,0.19116297207440713,0.21031355006146296,0,0.0
2048,URLLC,203.0,297.0,812,811,114335512.0,140980.90258939582,811,0.9987684729064039,52.35074490302031,0.06455085684712739,0.06645285296173915,0,0.0,5.349276488592377,0.006587778926837902,0.008446076043791773,0,0.0
2049,mMTC,307.5,192.5,615,615,49787714.0,80955.6325203252,615,1.0,184.4804271641977,0.29996817425072797,0.32360337311608606,0,0.0,121.35166630368495,0.19731978260761782,0.22190457140668438,0,0.0
2050,mMTC,248.25,251.75,497,496,38979478.0,78587.65725806452,496,0.9979879275653923,149.71157379021605,0.3018378503835001,0.32751949824607524,0,0.0,99.55879588688248,0.2003195088267253,0.22725710935718632,0,0.0
2051,eMBB,493.0,7.0,17,1954,293991098.4389211,150456.03809566074,16,0.9411764705882353,192.28239502670004,12.017649689168753,19.219710605640092,0,0.0,4.1385384188010885,0.24344343640006402,0.24589099708119844,0,0.0
2052,eMBB,493.25,6.75,21,1951,303293680.00469685,155455.49974612857,20,0.9523809523809523,197.86653375012415,9.893326687506207,19.012492961969976,0,0.0,4.915721676106486,0.23408198457649934,0.2410947554600116,0,0.0
2053,mMTC,293.5,206.5,587,587,47615957.0,81117.47359454856,587,1.0,179.9007505534933,0.3064748731746053,0.33911451418503274,0,0.0,120.41513816443333,0.20513652157484383,0.2353201965781951,0,0.0
2054,URLLC,188.25,311.75,753,753,103761814.0,137797.89375830014,753,1.0,48.89371037871431,0.06493188629311329,0.06730036840673949,0,0.0,4.918172392945072,0.00653143744083011,0.008634199923443995,0,0.0
2055,eMBB,492.25,7.75,16,1952,286081546.01867974,146558.16906694658,15,0.9375,184.4903634561211,12.299357563741406,19.522530719037892,0,0.0,3.921742914923692,0.24510893218273075,0.2486597093016806,0,0.0
2056,eMBB,492.25,7.75,18,1950,291309586.2831133,149389.53142723758,17,0.9444444444444444,192.7321936120271,11.337187859531005,17.318480392128937,0,0.0,4.327184426318145,0.2403991347954525,0.24523326816041313,0,0.0
2057,eMBB,492.75,7.25,25,1945,372353898.35768664,191441.59298595713,24,0.96,192.22499611921785,8.009374838300744,15.110084768106615,0,0.0,5.789768222045278,0.23159072888181112,0.2366387358661544,0,0.0
2058,eMBB,491.75,8.25,20,1946,289619888.74154913,148828.30870583202,19,0.95,193.53105139261214,10.185844810137482,19.11750064026204,0,0.0,4.763854963235433,0.23819274816177166,0.24547897658871906,0,0.0
2059,mMTC,303.0,197.0,606,606,47996548.0,79202.22442244225,606,1.0,180.19933929073542,0.2973586456942829,0.31592406481657564,0,0.0,118.52587556902601,0.19558725341423436,0.21657595917554995,0,0.0
2060,mMTC,261.0,239.0,521,520,40678137.0,78227.18653846154,520,0.9980806142034548,160.50990079538226,0.3086728861449659,0.6264259921108182,0,0.0,108.03885787451797,0.20736824927930514,0.5232321493757754,0,0.0
2061,mMTC,246.0,254.0,492,491,39226025.0,79890.07128309572,491,0.9979674796747967,143.90475441801257,0.2930850395478871,0.31191417023240314,0,0.0,94.43404591116001,0.19193911770560979,0.2117302167281296,0,0.0
2062,eMBB,494.25,5.75,18,1958,286307141.45978594,146224.28062297546,17,0.9444444444444444,198.75229920049895,11.69131171767641,19.819630556518163,0,0.0,4.338435793973405,0.24102421077630026,0.2496452619411683,0,0.0
2063,eMBB,486.5,13.5,18,1928,288163165.0,149462.22251037345,18,1.0,196.70163680589846,10.927868711438803,18.51946399474462,0,0.0,4.377993509314199,0.2432218616285666,0.24592577467966018,0,0.0
2064,eMBB,491.25,8.75,26,1938,370794667.0421547,191328.5175656113,25,0.9615384615384616,192.69559491450335,7.707823796580134,15.20861449924332,0,0.0,5.986804226271912,0.23026170101045815,0.2374998099863776,0,0.0
2065,eMBB,492.75,7.25,16,1954,294004238.5547882,150462.76282230715,15,0.9375,189.4591922568308,12.630612817122053,19.718814338284698,0,0.0,3.792628317042695,0.23703926981516843,0.24641141810210862,0,0.0
2066,eMBB,493.75,6.25,19,1955,304077266.72608215,155538.24384965838,18,0.9473684210526315,195.23605013392338,10.84644722966241,18.711328191424506,0,0.0,4.435222885606079,0.23343278345295151,0.24106358462112704,0,0.0
2067,eMBB,490.0,10.0,18,1941,307818325.45538545,158587.49379463444,17,0.9444444444444444,192.44270545325114,11.32015914430889,18.510095933813115,0,0.0,4.208922094905083,0.2338290052725046,0.237873706472572,0,0.0
2068,eMBB,491.25,8.75,16,1948,287372170.31438726,147521.64800533227,15,0.9375,184.9601552056938,12.33067701371292,19.719467543992067,0,0.0,3.902933423215678,0.24393333895097988,0.2488673365786217,0,0.0
2069,mMTC,309.25,190.75,619,618,48899948.0,79126.12944983819,618,0.9983844911147012,182.6573739936276,0.2955620938408214,0.3136363387160465,0,0.0,119.97956854405463,0.19382805903724495,0.21336334696216233,0,0.0
2070,mMTC,253.5,246.5,507,507,40850912.0,80573.79092702169,507,1.0,152.45916386898242,0.3007084099979929,0.32370439041728827,0,0.0,100.54721854556355,0.19831798529696953,0.21891884204121984,0,0.0
2071,eMBB,485.75,14.25,24,1918,367773537.08460295,191748.45520573668,23,0.9583333333333334,191.24201066759085,8.31487002902569,14.906715204668206,0,0.0,5.584594816582311,0.23269145069092964,0.23682500617333974,0,0.0
2072,eMBB,487.5,12.5,20,1929,286759772.91170496,148657.217683621,19,0.95,195.63183631364046,10.296412437560024,17.21847483112665,0,0.0,4.768701914741829,0.23843509573709146,0.24591746482444365,0,0.0
2073,eMBB,489.25,10.75,18,1938,301990659.9984087,155825.93395170727,17,0.9444444444444444,183.0198225296975,10.765871913511617,18.11330138004049,0,0.0,4.195850902214914,0.2331028279008286,0.24008059268505766,0,0.0
2074,mMTC,211.5,288.5,423,422,33303547.0,78918.35781990521,422,0.9976359338061466,129.91583669702183,0.30785743293133133,0.3404388011548603,0,0.0,87.17697720915838,0.2060921447025021,0.2368327331206723,0,0.0
2075,eMBB,494.5,5.5,15,1962,290001503.37735575,147809.12506491118,14,0.9333333333333333,193.82080444436195,13.844343174597283,19.920141057177798,0,0.0,3.6375006975445916,0.24250004650297277,0.2482448189985766,0,0.0
2076,eMBB,495.0,5.0,18,1961,285135633.117105,145403.17854008413,17,0.9444444444444444,194.99948665756543,11.47055803868032,17.022908835811403,0,0.0,4.38722953474689,0.243734974152605,0.24869916450993892,0,0.0
2077,mMTC,282.25,217.75,565,564,44120007.0,78226.96276595745,564,0.9982300884955753,169.66136917993146,0.30081803046087136,0.32361226823218026,0,0.0,111.91777983805113,0.19808456608504624,0.22252631010977525,0,0.0
2078,URLLC,189.0,311.0,756,756,107233638.0,141843.4365079365,756,1.0,49.21428366291844,0.06509825881338419,0.0670457657448192,0,0.0,5.2285469120851245,0.006916067344027942,0.008786793872756214,0,0.0
2079,eMBB,493.0,7.0,19,1952,291538979.5215792,149353.98541064508,18,0.9473684210526315,196.32077153330047,10.906709529627804,19.618535972105306,0,0.0,4.63434007789753,0.24391263567881738,0.24615022759943977,0,0.0
2080,eMBB,490.5,9.5,19,1942,300747920.137208,154865.04641462822,18,0.9473684210526315,191.2155118234488,10.6230839901916,19.013061429699295,0,0.0,4.417810987277253,0.23251636775143436,0.24006355504972848,0,0.0
2081,mMTC,309.5,190.5,619,619,49072533.0,79277.11308562197,619,1.0,190.53476518185005,0.30781060610961236,0.34152899807793724,0,0.0,128.02419904749067,0.2068242310944922,0.23824939978733897,0,0.0
2082,mMTC,283.5,216.5,567,566,42599571.0,75264.25971731449,566,0.9982363315696648,165.84995783680444,0.2930211269201492,0.313273268215084,0,0.0,108.8488937334131,0.19197335755452047,0.21332302548004123,0,0.0
2083,eMBB,492.5,7.5,17,1952,284550481.0103705,145773.81199301768,16,0.9411764705882353,187.92611455222163,11.745382159513852,18.12066864574798,0,0.0,4.087865914312868,0.2404627008419334,0.24875094487023738,0,0.0
2084,URLLC,197.5,302.5,790,790,110271312.0,139583.93924050633,790,1.0,51.001618260092684,0.06455901045581353,0.06643108779322439,0,0.0,5.155307288938872,0.0065257054290365464,0.008170261254762846,0,0.0
2085,mMTC,254.5,245.5,509,509,39809371.0,78210.94499017682,509,1.0,153.73637890983414,0.30203610787786667,0.32167388204298336,0,0.0,102.3020399753898,0.20098632608131592,0.2199393120538178,0,0.0
2086,eMBB,494.0,6.0,17,1958,293550343.18827677,149923.56649043757,16,0.9411764705882353,186.02071225863432,11.626294516164645,19.35323448191659,0,0.0,4.083075639322167,0.24018091996012747,0.24576857924200085,0,0.0
2087,eMBB,490.25,9.75,17,1943,303130462.9091594,156011.5609414099,16,0.9411764705882353,186.80545620039283,11.675341012524552,18.115194873983544,0,0.0,3.9583492710913166,0.23284407477007746,0.24098738860761398,0,0.0
2088,eMBB,491.75,8.25,20,1946,307522732.052932,158028.12541260637,19,0.95,194.19892394002102,10.220995996843211,17.912551471148692,0,0.0,4.717607187574875,0.23588035937874374,0.23807675157928132,0,0.0
2089,eMBB,491.75,8.25,20,1946,283759164.38111395,145816.6312338715,19,0.95,191.2141545698745,10.063902872098657,17.318926524206432,0,0.0,4.8623964203289,0.243119821016445,0.24787850451146096,0,0.0
2090,mMTC,271.5,228.5,543,542,45896048.0,84679.0553505535,542,0.998158379373849,160.4478528895798,0.2960292488737635,0.315907331110487,0,0.0,105.65815852750642,0.19458224406538935,0.21617544393099986,0,0.0
2091,eMBB,491.5,8.5,18,1947,291537745.26864815,149736.90049750803,17,0.9444444444444444,187.89059851491743,11.05238814793632,18.315698851517535,0,0.0,4.2868831952225435,0.2381601775123635,0.24605698010341592,0,0.0
2092,mMTC,269.5,230.5,539,538,42357474.0,78731.36431226766,538,0.9981447124304267,162.78863392857212,0.30258110395645377,0.3238813560153538,0,0.0,108.713860490902,0.2016954740090946,0.22339026518202043,0,0.0
2093,URLLC,222.75,277.25,891,891,124694910.0,139949.39393939395,891,1.0,58.191916557901656,0.06531079299427796,0.06771506557688148,0,0.0,6.209315684055406,0.006968928938333789,0.00912042150314312,0,0.0
2094,eMBB,497.5,2.5,19,1970,306132581.61030805,155397.2495483797,18,0.9473684210526315,193.87398801878703,10.770777112154835,18.411595580099153,0,0.0,4.48013285320454,0.2357964659581337,0.24077790716209005,0,0.0
2095,mMTC,270.25,229.75,541,540,45347569.0,83976.97962962963,540,0.9981515711645101,166.27843623220014,0.3079230300596299,0.3426809405764367,0,0.0,111.8537649528839,0.20675372449701276,0.23976235835421447,0,0.0
2096,eMBB,494.5,5.5,18,1959,287566920.65019804,146792.71089851865,17,0.9444444444444444,196.32738030439623,11.548669429670367,19.52013993267854,0,0.0,4.42542536194878,0.24585696455271,0.2478429242584188,0,0.0
2097,eMBB,495.0,5.0,17,1963,287454099.0000002,146436.11767702506,17,1.0,199.95015733992423,11.761773961172013,19.620239657715757,0,0.0,4.094133019779002,0.24083135410464718,0.24891263957440518,0,0.0
2098,eMBB,494.0,6.0,18,1957,292915207.47737753,149675.6297789359,17,0.9444444444444444,195.0547492886952,11.473808781687953,19.517613933136513,0,0.0,4.351985404219664,0.24177696690109243,0.24569489507590178,0,0.0
2099,mMTC,258.0,242.0,516,516,40788201.0,79046.9011627907,516,1.0,155.85113903714833,0.3020370911572642,0.32399408478746167,0,0.0,103.80554687937057,0.20117354046389646,0.22165320978746172,0,0.0
2100,mMTC,314.0,186.0,628,628,49987842.0,79598.47452229299,628,1.0,183.76243370593141,0.2926153402960691,0.31350131853896523,0,0.0,120.40960334695707,0.19173503717668322,0.2138025014449481,0,0.0
2101,eMBB,489.0,11.0,21,1934,298200455.0394236,154188.446245824,20,0.9523809523809523,189.54738930232475,9.477369465116237,18.81296717265093,0,0.0,5.007053135009038,0.23843110166709702,0.24142977206808144,0,0.0
2102,eMBB,491.25,8.75,23,1941,304650167.80864537,156955.26419816865,22,0.9565217391304348,192.73787808313963,8.76081264014271,17.210709539996426,0,0.0,5.335516425234547,0.2319789750101977,0.23814548746898606,0,0.0
2103,mMTC,266.5,233.5,533,533,42891294.0,80471.47091932458,533,1.0,156.6257466927401,0.2938569356336587,0.31370462140111754,0,0.0,102.85175123427848,0.19296763833823355,0.21324263507633123,0,0.0
2104,eMBB,495.25,4.75,16,1964,287766159.71967864,146520.4479224433,15,0.9375,192.7116135420288,12.84744090280192,19.922011073686292,0,0.0,3.850097863364952,0.2406311164603095,0.2484530562658245,0,0.0
2105,mMTC,236.25,263.75,473,472,39237904.0,83131.15254237287,472,0.9978858350951374,142.22297128709252,0.3013198544218062,0.32459831177019,0,0.0,93.91431872401557,0.19855035671039234,0.22204488373600195,0,0.0
2106,eMBB,494.5,5.5,25,1952,374059890.0245728,191629.04202078524,24,0.96,196.78767280699188,8.199486366957995,15.103940786904593,0,0.0,5.759400102845775,0.230376004113831,0.23701343621933377,0,0.0
2107,eMBB,494.0,6.0,18,1957,293380500.955682,149913.38832686868,17,0.9444444444444444,196.3941697659381,11.55259822152577,18.117247744432067,0,0.0,4.286620316970961,0.23814557316505336,0.24654637624065395,0,0.0
2108,eMBB,492.75,7.25,19,1951,302732566.7696322,155167.89685783302,18,0.9473684210526315,196.2108734000663,10.90060407778146,19.014690119625087,0,0.0,4.521281835133716,0.23796220184914296,0.24053556462265338,0,0.0
2109,eMBB,490.5,9.5,18,1943,308448653.2468889,158748.66353416824,17,0.9444444444444444,197.54295702465672,11.620173942626865,18.512083760654825,0,0.0,4.213792466864908,0.2340995814924949,0.23780118800806158,0,0.0
2110,eMBB,491.5,8.5,20,1945,284252200.23337424,146145.09009427982,19,0.95,195.44994394131066,10.286839154805824,19.915589290535664,0,0.0,4.903129090227895,0.24515645451139476,0.24863340548390225,0,0.0
2111,eMBB,492.0,8.0,17,1950,285566615.0671146,146444.41798313567,16,0.9411764705882353,192.5293618319134,12.033085114494588,19.720552903237817,0,0.0,4.095391557485544,0.24090538573444378,0.2489053738930759,0,0.0
2112,mMTC,247.5,252.5,495,495,39655842.0,80112.81212121212,495,1.0,148.92276181244625,0.30085406426756817,0.31965213343449667,0,0.0,98.34005230748889,0.19866677233836139,0.21819318615989763,0,0.0
2113,mMTC,306.25,193.75,613,612,48914686.0,79925.95751633987,612,0.99836867862969,185.15158240771856,0.30253526537208913,0.32490281999843984,0,0.0,123.5030380452185,0.20147314526136786,0.22315969333177316,0,0.0
2114,eMBB,487.5,12.5,19,1930,288308825.3514039,149382.81106290358,18,0.9473684210526315,182.9513812919333,10.163965627329627,18.617196791717358,0,0.0,4.571460272543327,0.24060317223912245,0.24537683859978396,0,0.0
2115,eMBB,495.5,4.5,15,1966,308136229.0083842,156732.56816296247,14,0.9333333333333333,191.81332085128545,13.700951489377532,18.91179636891207,0,0.0,3.5194281304794313,0.2346285420319621,0.24011897003138277,0,0.0
2116,eMBB,493.75,6.25,20,1954,308484951.14016736,157873.56762546947,19,0.95,191.16089053952606,10.06109950208032,18.508606583284934,0,0.0,4.686801023711431,0.23434005118557155,0.23871762403285274,0,0.0
2117,eMBB,487.25,12.75,18,1930,283750770.6402107,147021.12468404698,17,0.9444444444444444,186.53756509247293,10.972797946616055,19.817911955304545,0,0.0,4.338106464027649,0.24100591466820273,0.2482590065133263,0,0.0
2118,eMBB,493.25,6.75,19,1954,284559372.0000001,145629.15660184243,19,1.0,199.57970063506212,10.504194770266428,19.922414846018548,0,0.0,4.680913506585443,0.2463638687676549,0.24927139736286727,0,0.0
2119,mMTC,306.75,193.25,614,613,48942256.0,79840.54812398042,613,0.998371335504886,184.9949897029886,0.30178628010275466,0.32544437706933527,0,0.0,122.45699388589459,0.1994413581203495,0.2234615504026686,0,0.0
2120,eMBB,488.75,11.25,22,1932,372011433.3576875,192552.50173793346,21,0.9545454545454546,190.26259860128886,9.060123742918517,15.406274898849059,0,0.0,5.056391030181739,0.2298359559173518,0.236556134626947,0,0.0
2121,mMTC,307.5,192.5,615,614,48395643.0,78820.2654723127,614,0.9983739837398374,179.87309867921883,0.2929529294449818,0.3145827183554958,0,0.0,118.19982262344412,0.19219483353405548,0.21539155903925644,0,0.0
2122,mMTC,306.0,194.0,612,612,50513085.0,82537.7205882353,612,1.0,182.45141031977676,0.2981232194767594,0.31702113487787265,0,0.0,120.29404195225561,0.19655889207884905,0.2151567095787274,0,0.0
2123,URLLC,182.5,317.5,730,730,101707304.0,139325.07397260275,730,1.0,47.40504780834188,0.06493842165526284,0.0671136554523161,0,0.0,4.957226395264974,0.006790721089404074,0.008893905686805348,0,0.0
2124,eMBB,488.25,11.75,19,1933,283310440.1460075,146565.15268805352,18,0.9473684210526315,186.44396963547732,10.357998313082073,19.31679882356867,0,0.0,4.573522961558415,0.24071173481886393,0.2478904284794212,0,0.0
2125,eMBB,492.0,8.0,17,1950,284159789.1202701,145722.9687796257,16,0.9411764705882353,181.92768550608096,11.37048034413006,17.920664876538662,0,0.0,4.098208955526582,0.24107111503097542,0.2487612245902934,0,0.0
2126,URLLC,147.5,352.5,590,589,82492611.0,140055.36672325977,589,0.9983050847457627,38.071808848210146,0.06463804558269974,0.06639466511311803,0,0.0,3.921279569622031,0.006646236558681408,0.008225115582544512,0,0.0
2127,eMBB,488.5,11.5,24,1929,370031120.8311009,191825.36072115132,23,0.9583333333333334,191.7136872828213,8.335377707948751,15.20597360851198,0,0.0,5.563106319902223,0.23179609666259263,0.23742782145788843,0,0.0
2128,eMBB,495.75,4.25,18,1964,293538581.4041441,149459.56283306726,17,0.9444444444444444,197.72876865583245,11.63110403857838,18.317160367574257,0,0.0,4.323044168318123,0.24016912046211797,0.24511028137363763,0,0.0
2129,eMBB,490.25,9.75,19,1941,302425876.9290843,155809.31320406197,18,0.9473684210526315,195.02680483837932,10.834822491021074,18.21399550685792,0,0.0,4.439891770172714,0.23367851421961655,0.24050338365345136,0,0.0
2130,eMBB,496.0,4.0,20,1963,309685228.1786689,157761.19621939323,19,0.95,197.84432459415166,10.412859189165877,17.2102184366521,0,0.0,4.671523694767918,0.23357618473839592,0.2380875537083018,0,0.0
2131,mMTC,287.5,212.5,575,575,45744008.0,79554.79652173913,575,1.0,169.0600654908252,0.2940175052014351,0.3124526368509851,0,0.0,111.11722333971399,0.19324734493863302,0.21228116744927578,0,0.0
2132,eMBB,490.75,9.25,17,1945,284085014.4931478,146059.13341550014,16,0.9411764705882353,195.06951205480206,12.191844503425129,20.2222215359997,0,0.0,4.1430074084129105,0.2437063181419359,0.2488494760677137,0,0.0
2133,eMBB,484.75,15.25,18,1920,286413437.589654,149173.66541127814,17,0.9444444444444444,189.08745770235305,11.122791629550179,17.916091419180486,0,0.0,4.3873125918254985,0.2437395884347499,0.24647177716014237,0,0.0
2134,mMTC,271.5,228.5,543,543,42552241.0,78365.08471454881,543,1.0,164.6879913828942,0.30329280181011825,0.3258387392621075,0,0.0,110.0393248098386,0.20265069025752966,0.2246667417621075,0,0.0
2135,eMBB,491.75,8.25,18,1948,291680383.441873,149733.25638699846,17,0.9444444444444444,197.53450385621002,11.619676697424119,19.11560184479604,0,0.0,4.330115150293963,0.24056195279410908,0.2462319271273623,0,0.0
2136,mMTC,217.5,282.5,435,435,35094610.0,80677.2643678161,435,1.0,129.97907085301463,0.2988024617310681,0.31721356744081153,0,0.0,85.88683392993778,0.19744099754008684,0.21788124613676577,0,0.0
2137,eMBB,494.5,5.5,20,1957,309410041.0708282,158104.26217211457,19,0.95,195.30439268195158,10.279178562207978,18.71025798814688,0,0.0,4.632634871405706,0.23163174357028532,0.23870202984143915,0,0.0
2138,eMBB,492.75,7.25,18,1952,286502460.5127225,146773.8014921734,17,0.9444444444444444,190.027484916218,11.178087348012824,17.818818032357616,0,0.0,4.332219624097927,0.24067886800544042,0.2481267181710033,0,0.0
2139,eMBB,491.5,8.5,17,1948,285710489.4979324,146668.62910571476,16,0.9411764705882353,186.22490949211488,11.63905684325718,19.822273762688226,0,0.0,4.099433448347648,0.2411431440204499,0.24884343870234535,0,0.0
2140,eMBB,493.0,7.0,19,1952,291919913.01640874,149549.13576660285,18,0.9473684210526315,197.20219032741448,10.955677240411916,18.31531474141699,0,0.0,4.530215932870382,0.2384324175194938,0.24513826188702406,0,0.0
2141,URLLC,227.5,272.5,910,909,129037873.0,141955.85588558856,909,0.9989010989010989,59.25129980923646,0.0651829480849686,0.06742455513978711,0,0.0,6.4207012799959635,0.007055715692303257,0.00902294623755801,0,0.0
2142,eMBB,493.75,6.25,21,1953,290920795.9930441,148960.98105122586,20,0.9523809523809523,193.9440492348722,9.697202461743611,18.21615842072527,0,0.0,5.121255987789636,0.24386933275188744,0.24679666757729465,0,0.0
2143,eMBB,492.75,7.25,17,1953,303799145.4392883,155555.11799246713,16,0.9411764705882353,191.50452372233596,11.969032732645998,18.813744410072225,0,0.0,3.9659304982908568,0.23329002931122686,0.2408932613013298,0,0.0
2144,eMBB,487.75,12.25,21,1929,302705036.7569366,156923.29536388628,20,0.9523809523809523,185.97968359828525,9.298984179914262,15.91263730551373,0,0.0,4.936587927618873,0.2350756156008987,0.23869791613219526,0,0.0
2145,eMBB,495.75,4.25,18,1964,289011436.8206074,147154.4993994946,17,0.9444444444444444,190.37862963140162,11.198742919494213,18.72005754320486,0,0.0,4.384344793547324,0.24357471075262913,0.24867491742690936,0,0.0
2146,eMBB,493.25,6.75,17,1955,285103700.8089688,145833.0950429508,16,0.9411764705882353,194.62739404343708,12.164212127714817,19.320964634133322,0,0.0,4.202805496764165,0.24722385275083322,0.24899378455423263,0,0.0
2147,mMTC,263.0,237.0,526,526,41043816.0,78030.06844106464,526,1.0,159.05641325672957,0.3023886183588015,0.326449637597075,0,0.0,105.48755753194337,0.20054668732308625,0.22505190152869892,0,0.0
2148,eMBB,490.75,9.25,27,1936,370438406.99999934,191342.15237603273,27,1.0,199.10213692337865,7.374153219384395,14.907479348418217,0,0.0,6.228508224516485,0.23068548979690687,0.23666029445191714,0,0.0
2149,mMTC,295.0,205.0,590,590,47350649.0,80255.33728813559,590,1.0,173.35202807346434,0.2938169967346853,0.3155730270376233,0,0.0,114.08979889534452,0.19337254050058392,0.2153529928495891,0,0.0
2150,eMBB,493.25,6.75,18,1954,305519215.3032589,156355.7908409718,17,0.9444444444444444,186.1115025288733,10.947735442874901,18.913692635934865,0,0.0,4.2024750456662385,0.2334708358703466,0.2408385108662476,0,0.0
2151,eMBB,484.25,15.75,21,1915,301999517.0850484,157702.09769454223,20,0.9523809523809523,192.24664679070503,9.612332339535252,17.511062218571713,0,0.0,4.905630575519944,0.2336014559771402,0.2377894609458656,0,0.0
2152,eMBB,496.25,3.75,19,1965,288821063.8674237,146982.7297035235,18,0.9473684210526315,200.0394315805249,11.113301754473605,19.71900488272288,0,0.0,4.573627365253258,0.24071722975017149,0.24808246933512537,0,0.0
2153,mMTC,290.0,210.0,580,580,45541818.0,78520.37586206896,580,1.0,172.15651276048496,0.2968215737249741,0.3181897260386132,0,0.0,113.47988011672416,0.19565496571848992,0.218279556807844,0,0.0
2154,mMTC,309.5,190.5,619,618,49397094.0,79930.57281553397,618,0.9983844911147012,186.71048876826728,0.3021205319874875,0.32761614563126307,0,0.0,124.07248235046475,0.20044019765826293,0.22646856819536557,0,0.0
2155,mMTC,275.5,224.5,551,550,44033285.0,80060.51818181819,550,0.9981851179673321,167.18043282524852,0.30396442331863366,0.32690135745624804,0,0.0,112.08663244171142,0.20342401532071036,0.22622350745624803,0,0.0
2156,eMBB,492.5,7.5,17,1952,291218855.38005865,149189.98738732512,16,0.9411764705882353,187.75164052766962,11.734477532979351,18.39975629393382,0,0.0,4.124403556243408,0.24261197389667105,0.24576250953728684,0,0.0
2157,eMBB,488.25,11.75,20,1932,298925415.4903922,154723.2999432672,19,0.95,193.9315406358073,10.206923191358278,16.809356725315187,0,0.0,4.677557617864562,0.2338778808932281,0.2403912860882104,0,0.0
2158,mMTC,252.0,248.0,504,504,41407443.0,82157.625,504,1.0,155.54865521245387,0.3086282841516942,0.3306276018370491,0,0.0,104.76209424630017,0.20786129810773843,0.22988145687978417,0,0.0
2159,eMBB,493.25,6.75,17,1955,288444637.3074984,147542.01396802987,16,0.9411764705882353,195.40557706724957,12.212848566703098,18.21889012669748,0,0.0,4.08740011053475,0.24043530061969118,0.24879983281462062,0,0.0
2160,mMTC,238.5,261.5,477,477,38474774.0,80659.9035639413,477,1.0,142.09561362173886,0.29789436817974607,0.32094668803597415,0,0.0,93.85608747062788,0.19676328610194524,0.22037119983084588,0,0.0
2161,eMBB,494.75,5.25,23,1955,290746580.8145194,148719.47867750353,22,0.9565217391304348,198.11687473414713,9.005312487915779,18.615944713611487,0,0.0,5.55530564802841,0.24153502817514827,0.2464258485190343,0,0.0
2162,mMTC,284.75,215.25,570,569,45082528.0,79231.15641476274,569,0.9982456140350877,172.89729722623906,0.30386168229567495,0.32346087946656343,0,0.0,115.76719730735027,0.2031003461532461,0.2222665741887856,0,0.0
2163,eMBB,492.75,7.25,17,1953,292524511.3605098,149782.13587327691,16,0.9411764705882353,193.27217673058095,12.07951104566131,17.81876953426364,0,0.0,4.044376352910576,0.23790449134768094,0.24569032338930422,0,0.0
2164,eMBB,495.0,5.0,16,1963,307441997.88023233,156618.44008162626,15,0.9375,187.780929391991,12.518728626132734,18.811415364932326,0,0.0,3.723172051641419,0.2326982532275887,0.24055410066151206,0,0.0
2165,eMBB,485.0,15.0,19,1920,303617248.79164594,158133.98374564893,18,0.9473684210526315,195.54537367351898,10.863631870751055,18.51061444066058,0,0.0,4.451815418877452,0.23430607467776063,0.2377037105876878,0,0.0
2166,eMBB,491.25,8.75,16,1948,289231996.6113325,148476.3842973986,15,0.9375,196.78326471928708,13.11888431461914,19.31994358615313,0,0.0,3.840440220838461,0.2400275138024038,0.24915581646285365,0,0.0
2167,eMBB,489.5,10.5,18,1939,282584166.9632082,145737.06393151532,17,0.9444444444444444,187.48442565202026,11.028495626589427,20.32166554984253,0,0.0,4.388814894460248,0.243823049692236,0.2493576743415911,0,0.0
2168,eMBB,492.25,7.75,16,1952,293737733.39967984,150480.39620885238,15,0.9375,184.69094217958377,12.312729478638918,19.11505009909211,0,0.0,3.8384698989199446,0.23990436868249654,0.24518533294540862,0,0.0
2169,mMTC,304.5,195.5,609,608,49775792.0,81868.07894736843,608,0.9983579638752053,185.29865831096538,0.30476753011671937,0.32432317141100786,0,0.0,124.53311911687254,0.20448788032327184,0.22368324085545227,0,0.0
2170,mMTC,291.0,209.0,582,582,46400236.0,79725.49140893471,582,1.0,171.35479886241188,0.29442405302819913,0.31632259649568484,0,0.0,112.96074128018975,0.1940906207563398,0.21693946794867625,0,0.0
2171,eMBB,491.0,9.0,24,1939,297909745.23668134,153640.92069968095,23,0.9583333333333334,189.87234463854185,8.255319332110515,17.5115318969948,0,0.0,5.730679247500318,0.23877830197917993,0.24148878128731457,0,0.0
2172,eMBB,491.75,8.25,16,1950,310627540.3771459,159296.1745523825,15,0.9375,196.39682301616682,13.093121534411122,17.809964838416295,0,0.0,3.728656417101493,0.2330410260688433,0.23818481312864373,0,0.0
2173,eMBB,492.0,8.0,18,1949,287031813.4246702,147271.32551291442,17,0.9444444444444444,187.9258681809049,11.054462834170877,20.019755063938174,0,0.0,4.338060677587062,0.24100337097705898,0.2481341071048393,0,0.0
2174,mMTC,256.25,243.75,513,512,41617284.0,81283.7578125,512,0.9980506822612085,152.45293083267035,0.29775963053255927,0.32012094974630884,0,0.0,100.80105994890957,0.19649329424738707,0.22018121504545413,0,0.0
2175,mMTC,296.75,203.25,594,593,47040830.0,79326.8634064081,593,0.9983164983164983,179.55720008588492,0.30279460385478063,0.32570303489840047,0,0.0,119.30106129579966,0.20084353753501624,0.22248904207788756,0,0.0
2176,eMBB,495.25,4.75,23,1957,376521360.8107317,192397.22064932637,22,0.9565217391304348,192.27324063923268,8.739692756328758,15.106957723412783,0,0.0,5.301816924533004,0.2305137793275219,0.2372473788912986,0,0.0
2177,eMBB,492.0,8.0,19,1948,289995894.71254164,148868.5291132144,18,0.9473684210526315,184.10393662963372,10.227996479424096,18.01667791550847,0,0.0,4.532932358624124,0.23857538729600652,0.24596996269930213,0,0.0
2178,eMBB,491.5,8.5,21,1944,302068678.54413617,155385.12270788898,20,0.9523809523809523,195.5556645206304,9.77778322603152,18.114199503990303,0,0.0,4.93403888319579,0.23495423253313288,0.24144929575848306,0,0.0
2179,eMBB,491.5,8.5,23,1943,304034646.00000006,156476.91507977358,23,1.0,199.07083686817433,8.655253776877144,17.610092579570974,0,0.0,5.378256702322501,0.23383724792706526,0.23779308114944972,0,0.0
2180,eMBB,494.25,5.75,17,1959,287464254.5795993,146740.3035117914,16,0.9411764705882353,187.70483058764677,11.731551911727923,18.51926333280704,0,0.0,4.08852010257454,0.2405011825043847,0.24794824763516013,0,0.0
2181,eMBB,392.5,107.5,14,1539,225138070.95006198,146288.5451267459,13,0.9285714285714286,151.60262683133175,11.661740525487058,20.021563515041944,0,0.0,3.35197578068524,0.23942684147751714,0.24841725682135105,0,0.0
2182,eMBB,493.25,6.75,16,1956,294260079.45728266,150439.71342396864,15,0.9375,192.12708453967323,12.808472302644882,19.214130797630204,0,0.0,3.8767077111442365,0.24229423194651478,0.24527412385844855,0,0.0
2183,eMBB,488.0,12.0,19,1932,373087456.22669894,193109.44939270132,18,0.9473684210526315,191.6956930843375,10.649760726907639,15.00681132531329,0,0.0,4.416532452462478,0.2324490764453936,0.23669197772389974,0,0.0
2184,eMBB,496.0,4.0,16,1967,295108854.43439263,150029.9209122484,15,0.9375,183.59947490556837,12.239964993704557,18.254535689429172,0,0.0,3.8496228228525,0.24060142642828125,0.2458448695125603,0,0.0
2185,eMBB,483.75,16.25,18,1916,297314632.8802322,155174.65181640512,17,0.9444444444444444,183.60002341046726,10.800001377086309,18.311611532933572,0,0.0,4.299993348201648,0.23888851934453598,0.2408959398877578,0,0.0
2186,eMBB,490.5,9.5,18,1943,308288044.5503186,158666.00337123964,17,0.9444444444444444,184.87088415896312,10.874757891703712,18.609991000930933,0,0.0,4.156744744463302,0.23093026358129456,0.2386382577605871,0,0.0
2187,eMBB,489.25,10.75,18,1938,285259424.0298779,147192.68525793494,17,0.9444444444444444,189.16411790435814,11.127301053197538,19.918066967925522,0,0.0,4.380992809140539,0.24338848939669658,0.24910478556900698,0,0.0
2188,eMBB,494.75,5.25,18,1960,286170399.0252847,146005.30562514527,17,0.9444444444444444,186.7437525507191,10.984926620630535,20.215920408198652,0,0.0,4.348864287229981,0.24160357151277673,0.2495168903378082,0,0.0
2189,URLLC,216.5,283.5,866,866,121018098.0,139743.76212471133,866,1.0,56.02361596530805,0.06469239718857743,0.06653945884788617,0,0.0,5.870570757231177,0.006778950066086809,0.0085244280786554,0,0.0
2190,eMBB,494.25,5.75,21,1955,375793637.8402395,192221.80963695116,20,0.9523809523809523,190.19617645294062,9.509808822647031,15.006003851152588,0,0.0,4.872756269627115,0.23203601283938644,0.2365622899058009,0,0.0
2191,eMBB,491.5,8.5,16,1949,292305041.44270056,149976.9325001029,15,0.9375,185.14576708715143,12.343051139143428,19.51786350219965,0,0.0,3.8963227053490774,0.24352016908431734,0.2462714206769463,0,0.0
2192,eMBB,494.75,5.25,19,1959,303403920.6102917,154876.93752439597,18,0.9473684210526315,191.66591193119666,10.648106218399814,17.511063738308582,0,0.0,4.493534688158623,0.2365018256925591,0.24119533251871259,0,0.0
2193,eMBB,490.75,9.25,20,1942,306717798.5207741,157939.13415075908,19,0.95,197.15053163270636,10.37634377014244,17.511664498097534,0,0.0,4.692068010988608,0.2346034005494304,0.23880659249753716,0,0.0
2194,mMTC,257.75,242.25,516,515,41218635.0,80036.18446601942,515,0.998062015503876,152.0874541233706,0.29531544489974876,0.3154251943438928,0,0.0,100.24438316131922,0.19427206039015352,0.2146276577514343,0,0.0
2195,mMTC,293.5,206.5,585,585,45899001.0,78459.83076923077,585,1.0,176.00269375888533,0.30085930557074414,0.7102066501028541,0,0.0,117.07361140640684,0.2001258314639433,0.6105696490772131,0,0.0
2196,URLLC,199.25,300.75,797,796,110837196.0,139242.70854271358,796,0.998745294855709,51.51137311214949,0.0647127802916451,0.06651671486928629,0,0.0,5.466851048583956,0.006859286133731437,0.00855998031273419,0,0.0
2197,eMBB,493.75,6.25,19,1955,378054985.6464052,193378.5092820487,18,0.9473684210526315,187.1251148915396,10.395839716196644,15.304715563214668,0,0.0,4.350851863143757,0.22899220332335563,0.2374515704099598,0,0.0
2198,eMBB,485.5,14.5,19,1922,288271064.738829,149984.94523352187,18,0.9473684210526315,195.24239531393974,10.846799739663318,19.617382803359572,0,0.0,4.575556178232862,0.2408187462227822,0.24541774530060656,0,0.0
2199,eMBB,490.0,10.0,18,1941,302442072.4048577,155817.65708648,17,0.9444444444444444,186.70812552397518,10.982830913175011,18.812871460956778,0,0.0,4.30958260815047,0.23942125600835945,0.2410713347977799,0,0.0
2200,eMBB,491.5,8.5,18,1947,308322791.5349132,158357.8795762266,17,0.9444444444444444,187.56743563070216,11.033378566511892,18.310371269568,0,0.0,4.158020518940341,0.23100113994113006,0.23789568506762665,0,0.0
2201,eMBB,493.25,6.75,20,1952,286128741.66463995,146582.34716426226,19,0.95,193.30348050154782,10.173867394818307,19.620152236244643,0,0.0,4.874407445745766,0.24372037228728832,0.2480208889900796,0,0.0
2202,eMBB,493.75,6.25,16,1958,286593965.5642382,146370.76892964158,15,0.9375,195.80414988541966,13.053609992361311,20.11998917899657,0,0.0,3.9586244898847136,0.2474140306177946,0.2496197419477381,0,0.0
2203,eMBB,490.5,9.5,20,1941,289437164.10979784,149117.54977320856,19,0.95,194.96460193522552,10.26129483869608,19.215707903877167,0,0.0,4.827188015620019,0.24135940078100093,0.2463108627101752,0,0.0
2204,eMBB,481.0,19.0,28,1895,362748434.3043679,191423.97588620998,27,0.9642857142857143,193.00351986504455,7.148278513520169,15.509246754562104,0,0.0,6.475805479900072,0.23127876713928827,0.23680885065808074,0,0.0
2205,eMBB,493.75,6.25,18,1956,293088205.23948896,149840.5957257101,17,0.9444444444444444,196.98454534295914,11.587326196644655,19.118564327065055,0,0.0,4.291924299120753,0.23844023884004184,0.2464277823137506,0,0.0
2206,eMBB,487.5,12.5,18,1931,300802768.16294974,155775.64379230954,17,0.9444444444444444,196.4844843493619,11.557910844080112,18.910216668695906,0,0.0,4.289206267042984,0.23828923705794358,0.24164646456265954,0,0.0
2207,eMBB,493.0,7.0,22,1949,306244307.0576652,157128.94153805295,21,0.9545454545454546,195.69555944338015,9.318836163970483,17.509463037378648,0,0.0,5.194420674843607,0.2361100306747094,0.23839644595471365,0,0.0
2208,eMBB,490.0,10.0,20,1939,285390120.3538859,147184.1775935461,19,0.95,195.53841207311544,10.291495372269233,19.21953073056793,0,0.0,4.911444619918716,0.24557223099593578,0.24854429148201224,0,0.0
2209,mMTC,296.5,203.5,593,592,47883006.0,80883.45608108108,592,0.9983136593591906,176.50512603058468,0.298150550727339,0.3232158163488663,0,0.0,117.11963540074966,0.19750360101306857,0.22349042694715687,0,0.0
2210,eMBB,493.75,6.25,20,1954,293654198.91598034,150283.6227819756,19,0.95,199.32221787573758,10.490643046091451,18.91704358611075,0,0.0,4.785883868055135,0.23929419340275676,0.24631606627397937,0,0.0
2211,eMBB,492.0,8.0,23,1944,373588017.0300955,192174.90587967876,22,0.9565217391304348,196.3022679258063,8.922830360263923,15.3086063349417,0,0.0,5.3424025725621656,0.23227837272009416,0.23635985724052616,0,0.0
2212,URLLC,173.5,326.5,694,694,96607345.0,139203.66714697407,694,1.0,45.44589077093912,0.06548399246533015,0.06789594717416146,0,0.0,5.005862358246844,0.007213058153093435,0.009458815704099408,0,0.0
2213,eMBB,495.75,4.25,19,1963,303757946.36978745,154741.69453376843,18,0.9473684210526315,193.4978611786508,10.74988117659171,18.513400617087974,0,0.0,4.531280224511878,0.23848843286904622,0.24114333413017477,0,0.0
2214,mMTC,270.75,229.25,542,541,43303370.0,80043.19778188539,541,0.9981549815498155,167.37821224003693,0.30938671393722167,0.3452603679165502,0,0.0,112.92282015798546,0.20834468663834954,0.24249441372851596,0,0.0
2215,mMTC,248.0,252.0,496,496,40648012.0,81951.6370967742,496,1.0,146.90215344891126,0.29617369646957914,0.31362169087802894,0,0.0,97.05181434634721,0.19566898053699036,0.21344819891221692,0,0.0
2216,eMBB,496.0,4.0,16,1967,287895181.68917185,146362.57330410363,15,0.9375,196.02954239939257,13.068636159959505,19.717603080884754,0,0.0,3.8853746165451883,0.24283591353407427,0.24896536509885145,0,0.0
2217,mMTC,224.25,275.75,449,448,35679130.0,79640.91517857143,448,0.9977728285077951,135.93989413065896,0.3034372636845066,0.32522688525130494,0,0.0,90.46215930399222,0.20147474232514972,0.22499533755899725,0,0.0
2218,mMTC,280.0,220.0,560,560,43962892.0,78505.16428571429,560,1.0,171.06055921724752,0.30546528431651343,0.3296825150340892,0,0.0,114.94316130530306,0.20525564518804118,0.230021326422978,0,0.0
2219,mMTC,231.0,269.0,462,462,37701509.0,81604.99783549784,462,1.0,136.53069720904276,0.29552098962996265,0.3146322551047756,0,0.0,90.20618265041023,0.19525147759829053,0.21380720108768153,0,0.0
2220,mMTC,290.5,209.5,581,581,46419483.0,79895.83993115318,581,1.0,174.20507498436297,0.2998366178732581,0.318909336013478,0,0.0,115.35085288282431,0.19853847312017955,0.2177888901140378,0,0.0
2221,eMBB,492.0,8.0,20,1947,307393020.7444118,157880.3393653887,19,0.95,197.29519749835643,10.383957763071392,18.511056580166635,0,0.0,4.7445455277018995,0.23722727638509497,0.23933574968893934,0,0.0
2222,eMBB,495.0,5.0,16,1963,289192303.1871557,147321.60121607524,15,0.9375,186.36114122094213,12.424076081396143,18.519485864313744,0,0.0,3.925857114673071,0.24536606966706695,0.24841669804259553,0,0.0
2223,mMTC,247.75,252.25,495,495,39149367.0,79089.63030303031,495,1.0,149.09288177401828,0.3011977409576127,1.4916111105954908,0,0.0,99.37285337983018,0.20075323915117207,1.3907245078604484,0,0.0
2224,eMBB,494.5,5.5,17,1960,294375056.46588904,150191.3553397393,16,0.9411764705882353,192.02104174214364,12.001315108883977,19.216890831093714,0,0.0,4.103838374618578,0.24140225733050458,0.24572242301546665,0,0.0
2225,mMTC,312.0,188.0,624,623,50787746.0,81521.26163723916,623,0.9983974358974359,190.26345824522184,0.30539880938237857,0.33054680920075574,0,0.0,128.1108950323306,0.20530592152617083,0.2314379930896447,0,0.0
2226,mMTC,289.5,210.5,579,579,45836317.0,79164.62348877375,579,1.0,170.91635284278988,0.29519231924488754,0.3153014797201602,0,0.0,112.93303185680689,0.19504841426046096,0.2152238677543482,0,0.0
2227,eMBB,493.5,6.5,16,1957,306531107.3315926,156633.16675094154,15,0.9375,196.67576217862847,13.111717478575232,18.312976053393804,0,0.0,3.7282517527258165,0.23301573454536353,0.2404709683680817,0,0.0
2228,eMBB,493.0,7.0,18,1953,310254095.10387635,158860.2637500647,17,0.9444444444444444,184.86524693067435,10.874426290039667,18.209462014718717,0,0.0,4.162770850066142,0.23126504722589677,0.23850131264526095,0,0.0
2229,eMBB,490.25,9.75,17,1943,287146083.94866866,147784.91196534672,16,0.9411764705882353,179.38581282092292,11.211613301307683,20.020188525542974,0,0.0,4.179083640807691,0.24582844945927593,0.2481458365873568,0,0.0
2230,eMBB,489.25,10.75,19,1937,282847824.21334183,146023.6573119989,18,0.9473684210526315,187.16345043746867,10.39796946874826,20.018933611835084,0,0.0,4.599615392163129,0.24208502064016466,0.24891840240281704,0,0.0
2231,URLLC,174.25,325.75,697,697,97796445.0,140310.5380200861,697,1.0,45.16823136623656,0.06480377527437096,0.06658533942589959,0,0.0,4.881433756236569,0.007003491759306412,0.008747582871153011,0,0.0
2232,URLLC,205.5,294.5,822,821,114625577.0,139617.02436053593,821,0.9987834549878345,53.64192147833566,0.06533729778116402,0.06729403485072036,0,0.0,5.963440257909517,0.007254793501106469,0.00915674305994223,0,0.0
2233,eMBB,495.5,4.5,16,1965,295232139.6849656,150245.36370736163,15,0.9375,196.94439720082607,13.129626480055071,18.11646405812679,0,0.0,3.8009424512699743,0.2375589032043734,0.24595037723744562,0,0.0
2234,mMTC,266.5,233.5,533,533,43721844.0,82029.72607879926,533,1.0,160.28853982808664,0.30072896778252656,0.32643768738836787,0,0.0,106.37244868107821,0.199573074448552,0.2255666374738379,0,0.0
2235,eMBB,492.25,7.75,22,1946,306559974.2478503,157533.3886165726,21,0.9545454545454546,188.7954781753248,8.990260865491658,18.610615388861188,0,0.0,5.20088861455036,0.23640402793410728,0.23891387506558373,0,0.0
2236,eMBB,489.5,10.5,21,1936,283179249.74421525,146270.27362821036,20,0.9523809523809523,191.68210979312866,9.584105489656434,19.120322403525073,0,0.0,5.089365074054897,0.24235071781213796,0.24893528953282662,0,0.0
2237,eMBB,494.25,5.75,17,1959,286927731.40742433,146466.42746678117,16,0.9411764705882353,197.62795637691266,12.351747273557041,20.12032425642491,0,0.0,4.11295756145852,0.2419386800857953,0.2505489957077276,0,0.0
2238,mMTC,264.5,235.5,529,529,42345847.0,80048.86011342156,529,1.0,161.04593160610625,0.30443465331967157,0.32152121238749476,0,0.0,107.39031424234548,0.20300626510840356,0.2216844171441418,0,0.0
2239,eMBB,492.25,7.75,25,1943,373410916.8723146,192182.6643707229,24,0.96,198.67569538091297,8.278153974204708,14.10659748800181,0,0.0,5.770878990720154,0.23083515962880616,0.23729087410966473,0,0.0
2240,eMBB,493.5,6.5,19,1954,292198799.4418726,149538.79193545168,18,0.9473684210526315,198.37820600792688,11.021011444884827,19.11877462679315,0,0.0,4.617053145941806,0.24300279715483186,0.2463021372697247,0,0.0
2241,eMBB,492.5,7.5,18,1951,303056053.46827376,155333.70244401525,17,0.9444444444444444,194.1713447134873,11.421843806675723,17.31108443060465,0,0.0,4.280971395475406,0.23783174419307812,0.24155358032905497,0,0.0
2242,eMBB,494.75,5.25,21,1957,308243785.1619145,157508.321493058,20,0.9523809523809523,192.09380332124744,9.604690166062372,16.009291850812712,0,0.0,4.875264497739778,0.23215545227332277,0.23835579314317695,0,0.0
2243,eMBB,492.25,7.75,19,1949,286599278.90131,147049.39912842997,18,0.9473684210526315,194.73599270373992,10.818666261318885,20.121208149106216,0,0.0,4.589093907489936,0.24153125828894398,0.24904631212328873,0,0.0
2244,eMBB,493.0,7.0,22,1949,281917804.40742505,144647.41118903286,21,0.9545454545454546,197.78179384741375,9.418180659400655,16.619655788286053,0,0.0,5.406091452428486,0.24573142965584027,0.24868528744888393,0,0.0
2245,eMBB,493.25,6.75,21,1951,289999066.7126358,148641.24383015675,20,0.9523809523809523,197.81277207834646,9.890638603917322,18.01685506497644,0,0.0,5.109475859114012,0.24330837424352436,0.24642953710036156,0,0.0
2246,eMBB,488.75,11.25,19,1935,372989947.544466,192759.66281367754,18,0.9473684210526315,193.71501357954762,10.761945198863756,15.306664588237105,0,0.0,4.44736951870686,0.23407207993193999,0.23792343628463195,0,0.0
2247,mMTC,269.5,230.5,539,539,44549083.0,82651.35992578849,539,1.0,159.49586468965921,0.2959106951570672,0.31843602296239437,0,0.0,105.59077328624022,0.19590124913959225,0.2191185986888901,0,0.0
2248,URLLC,197.5,302.5,790,790,109570171.0,138696.41898734178,790,1.0,52.148795138588255,0.06601113308682058,0.06854790464687004,0,0.0,6.30727065935742,0.007983886910579012,0.01027845254213133,0,0.0
2249,eMBB,464.25,35.75,20,1835,290613971.0509613,158372.73626755385,19,0.95,179.52769869309085,9.448826247004781,24.24894818818072,0,0.0,14.082123218926558,0.7041061609463279,9.576227630133955,0,0.0
2250,eMBB,494.75,5.25,18,1960,288327395.90844965,147105.81423900492,17,0.9444444444444444,195.713679466565,11.512569380386177,19.91771471156991,0,0.0,4.339099319700002,0.24106107331666676,0.2480212196556262,0,0.0
2251,mMTC,295.5,204.5,591,590,47235516.0,80060.19661016949,590,0.9983079526226735,176.6687038758606,0.2994384811455264,0.31767488810942146,0,0.0,117.65131269674386,0.19907159508755307,0.2184803287931822,0,0.0
2252,URLLC,189.5,310.5,758,758,104578347.0,137966.15699208443,758,1.0,49.16031158563459,0.06485529232933324,0.06676114790900761,0,0.0,5.398471926403789,0.0071219946258625185,0.008862568650759116,0,0.0
2253,eMBB,488.5,11.5,19,1934,373758581.80184376,193256.76411677548,18,0.9473684210526315,190.77250664938165,10.598472591632314,15.505154224099826,0,0.0,4.403496112887424,0.23176295330986443,0.23759041949263052,0,0.0
2254,eMBB,488.25,11.75,17,1935,288634022.71740013,149164.86962139542,16,0.9411764705882353,187.9808457723384,11.74880286077115,17.716375187240285,0,0.0,4.165871271195887,0.2450512512468169,0.24698240744095534,0,0.0
2255,eMBB,485.5,14.5,22,1919,295283067.8395565,153873.4068991957,21,0.9545454545454546,194.44579004669495,9.259323335556903,14.3118027556399,0,0.0,5.265054965649136,0.2393206802567789,0.24119373351634615,0,0.0
2256,eMBB,490.0,10.0,19,1940,307152840.23831946,158326.2063084121,18,0.9473684210526315,185.97080591115153,10.331711439508418,17.709213841881635,0,0.0,4.40230320518089,0.23170016869373106,0.23898426866504732,0,0.0
2257,eMBB,495.0,5.0,20,1960,286666834.9999997,146258.58928571414,20,1.0,200.2759102172616,10.01379551086308,17.520315701227425,0,0.0,4.839778711505111,0.24198893557525553,0.24848626456451225,0,0.0
2258,eMBB,486.0,14.0,19,1924,280268427.194796,145669.66070415595,18,0.9473684210526315,192.72320001886533,10.706844445492518,20.02038281977389,0,0.0,4.666994281035251,0.24563127794922374,0.2494925339745012,0,0.0
2259,eMBB,490.0,10.0,18,1941,290491275.3622727,149660.6261526392,17,0.9444444444444444,184.19008759497896,10.834711034998762,18.91739606376442,0,0.0,4.302056110106042,0.23900311722811343,0.24568846259583083,0,0.0
2260,eMBB,486.25,13.75,25,1920,367472395.00000036,191391.87239583352,25,1.0,197.06837161646243,7.882734864658497,15.307889840674509,0,0.0,5.76506241368438,0.23060249654737522,0.23794175738035866,0,0.0
2261,eMBB,490.25,9.75,20,1940,287781342.7173992,148340.89830793772,19,0.95,189.10637516500475,9.952967113947619,19.405357923753996,0,0.0,4.875523084915723,0.24377615424578614,0.24697236902417952,0,0.0
2262,mMTC,286.25,213.75,573,572,46358385.0,81046.12762237762,572,0.9982547993019197,172.19640024510645,0.3010426577711651,0.3217701730210658,0,0.0,114.37880097946537,0.1996139633149483,0.22251605849115122,0,0.0
2263,eMBB,494.25,5.75,18,1958,310178835.453168,158416.1570240899,17,0.9444444444444444,199.1683154497264,11.715783261748612,17.10809121702128,0,0.0,4.171931802612083,0.23177398903400462,0.23997172340840867,0,0.0
2264,mMTC,263.75,236.25,528,527,43101225.0,81786.00569259962,527,0.9981060606060606,156.09659794641126,0.2961984780766817,0.31717127783238747,0,0.0,103.15126570982987,0.19536224566255658,0.21652023407170373,0,0.0
2265,eMBB,495.0,5.0,21,1958,284860261.5949361,145485.3225714689,20,0.9523809523809523,199.50450447562864,9.975225223781433,18.219403009554714,0,0.0,5.101657714549193,0.24293608164519964,0.24976342026432932,0,0.0
2266,mMTC,301.5,198.5,603,602,49828928.0,82772.30564784053,602,0.9983416252072969,183.0679804764475,0.30409963534293605,0.323762428378404,0,0.0,122.32404805939453,0.20285911784310867,0.22329164273737828,0,0.0
2267,eMBB,477.0,23.0,24,1883,360639976.47589976,191524.15107588941,23,0.9583333333333334,188.46266211952624,8.19402878780549,15.509601606877654,0,0.0,5.540767377884034,0.23086530741183475,0.2373017340510916,0,0.0
2268,eMBB,487.25,12.75,19,1929,287147125.5641046,148858.02258377636,18,0.9473684210526315,191.76521518689543,10.653623065938636,17.616747760315587,0,0.0,4.608130084999237,0.2425331623683809,0.2458737575017937,0,0.0
2269,eMBB,490.5,9.5,21,1940,300872497.7120609,155088.91634642315,20,0.9523809523809523,196.43336084677503,9.821668042338752,18.110944348004395,0,0.0,4.928801136278748,0.23470481601327373,0.24128386646242175,0,0.0
2270,eMBB,491.5,8.5,20,1945,308468809.1619144,158595.7887721925,19,0.95,190.68335734300823,10.0359661759478,18.011440828515198,0,0.0,4.645279028321124,0.23226395141605619,0.2390562243326802,0,0.0
2271,URLLC,208.75,291.25,835,835,117812579.0,141092.90898203594,835,1.0,54.52457428473736,0.0652988913589669,0.0676104227650424,0,0.0,5.799213222045035,0.006945165535383276,0.00887003122658085,0,0.0
2272,eMBB,494.25,5.75,20,1956,284014586.6934243,145201.731438356,19,0.95,199.46390194503235,10.498100102370124,19.318081804817727,0,0.0,4.936103570124601,0.24680517850623004,0.2500665317378751,0,0.0
2273,eMBB,488.5,11.5,19,1935,290484900.99999994,150121.39586563304,18,0.9473684210526315,197.34489904385615,10.963605502436453,19.516054610928663,0,0.0,4.344531772787127,0.22865956698879614,0.2459822736215766,0,0.0
2274,eMBB,494.75,5.25,21,1957,377212016.5301925,192750.13619325115,20,0.9523809523809523,196.62548989276695,9.831274494638347,14.907609956017088,0,0.0,4.918444286993583,0.23421163271398013,0.23699043312472165,0,0.0
2275,mMTC,259.5,240.5,519,518,40742190.0,78652.87644787645,518,0.9980732177263969,153.54326777402554,0.29641557485333114,0.3185107649723727,0,0.0,102.00181120311251,0.19653528170156553,0.2196367471945949,0,0.0
2276,eMBB,494.5,5.5,19,1958,304100220.137208,155311.65481982022,18,0.9473684210526315,192.86538038306938,10.714743354614965,18.312514644149804,0,0.0,4.505437310306241,0.23712827948980214,0.24192717756102236,0,0.0
2277,mMTC,240.75,259.25,482,481,39709199.0,82555.50727650728,481,0.9979253112033195,149.45968931166456,0.31072700480595544,0.3467499734302584,0,0.0,101.12076423200627,0.20979411666391343,0.24465236625077116,0,0.0
2278,eMBB,480.75,19.25,20,1902,278301920.83057547,146320.67341250024,19,0.95,187.74823434953555,9.881486018396608,19.117368492374332,0,0.0,4.930983421577185,0.24654917107885926,0.24879882168524392,0,0.0
2279,mMTC,301.75,198.25,604,603,49256507.0,81685.7495854063,603,0.9983443708609272,180.77818549277276,0.2997979858918288,0.32504837876120773,0,0.0,120.35351613174721,0.19926078829759472,0.22550481089795982,0,0.0
2280,eMBB,497.0,3.0,18,1969,294724287.49362063,149682.21812779107,17,0.9444444444444444,190.04774789875754,11.179279288162208,18.117081305204508,0,0.0,4.363473749623321,0.2424152083124067,0.24573387554083265,0,0.0
2281,URLLC,161.25,338.75,645,645,89511142.0,138776.96434108526,645,1.0,42.210465367588924,0.06544258196525414,0.0677200344429121,0,0.0,4.772795894255619,0.007399683556985456,0.009473341330800978,0,0.0
2282,eMBB,493.5,6.5,20,1953,290216690.57475984,148600.45600346127,19,0.95,192.85892141040205,10.150469547915897,15.915894476390621,0,0.0,4.832268829088235,0.24161344145441177,0.24664034997193482,0,0.0
2283,eMBB,491.5,8.5,20,1945,301512601.6344846,155019.33245988924,19,0.95,184.56990384499562,9.714205465526085,18.412557568535235,0,0.0,4.737890393642351,0.23689451968211755,0.24074762982410414,0,0.0
2284,mMTC,224.5,275.5,449,448,36221457.0,80851.46651785714,448,0.9977728285077951,139.17721580214055,0.31066342812977804,0.33077678093947643,0,0.0,94.41781212411017,0.21028465951917633,0.23050203290528834,0,0.0
2285,eMBB,491.75,8.25,22,1944,284432347.2333744,146312.93581963706,21,0.9545454545454546,195.6824242073439,9.318210676540186,19.120551081933186,0,0.0,5.3277096729049385,0.24216862149567903,0.24894398219346717,0,0.0
2286,eMBB,493.0,7.0,17,1954,285697524.46947163,146211.6297182557,16,0.9411764705882353,189.49741594067825,11.84358849629239,20.218530779421886,0,0.0,4.189079900612923,0.24641646474193668,0.25049576290748743,0,0.0
2287,eMBB,494.5,5.5,20,1957,291188847.73475426,148793.48376839768,19,0.95,189.7178220184827,9.985148527288564,17.017739796923095,0,0.0,4.791295223620901,0.23956476118104506,0.2473798235286321,0,0.0
2288,mMTC,307.25,192.75,615,614,49522780.0,80655.99348534201,614,0.9983739837398374,187.91088665537472,0.3060437893410012,0.33191395207052005,0,0.0,126.5224523578745,0.20572756480955204,0.2333923679038534,0,0.0
2289,URLLC,189.75,310.25,759,759,105720540.0,139289.2490118577,759,1.0,49.8216074197983,0.06564111649512293,0.06810204156757352,0,0.0,5.624523005182897,0.007410438742006451,0.00977155436281554,0,0.0
2290,mMTC,264.0,236.0,528,528,42550991.0,80588.99810606061,528,1.0,159.24322563570718,0.3015970182494454,0.32104578050730764,0,0.0,105.91995600630544,0.2006059772846694,0.22103457606286323,0,0.0
2291,eMBB,161.25,338.75,8,637,100561348.00000004,157867.10832025125,7,0.875,65.07044327755978,9.295777611079968,16.108784157180786,0,0.0,1.5632303400821566,0.19540379251026957,0.23924884170901886,0,0.0
2292,URLLC,208.75,291.25,835,835,116375330.0,139371.6526946108,835,1.0,54.61287588926925,0.06540464178355598,0.06764024960026056,0,0.0,5.935226797730827,0.00710805604518662,0.009138280754106724,0,0.0
2293,mMTC,298.75,201.25,598,597,46499651.0,77888.86264656617,597,0.9983277591973244,179.25682346814145,0.30026268587628385,0.3221522883379586,0,0.0,119.4460014059194,0.19974247726742375,0.22368806645761674,0,0.0
2294,eMBB,488.75,11.25,18,1936,289394860.610445,149480.816431015,17,0.9444444444444444,185.07278597653712,10.886634469208065,18.118409858112237,0,0.0,4.393281593937127,0.24407119966317373,0.24632901486429717,0,0.0
2295,eMBB,485.25,14.75,24,1916,367116598.86642635,191605.74053571312,23,0.9583333333333334,195.35603767978844,8.493740768686454,14.807337917478879,0,0.0,5.538943738514585,0.2307893224381077,0.2372186212215116,0,0.0
2296,eMBB,491.75,8.25,20,1946,290498958.5215788,149280.04035024604,19,0.95,195.81333071017175,10.305964774219566,19.317199033817086,0,0.0,4.78789707943098,0.239394853971549,0.24644544558377865,0,0.0
2297,eMBB,489.5,10.5,20,1937,298887449.58302873,154304.31057461473,19,0.95,193.79692093939474,10.19983794417867,16.812331685981565,0,0.0,4.769979455080624,0.2384989727540312,0.24130750990621408,0,0.0
2298,eMBB,491.75,8.25,21,1945,306495190.88119143,157581.07500318324,20,0.9523809523809523,198.02136106863844,9.901068053431922,17.907625734547572,0,0.0,4.912871590063379,0.2339462661934942,0.23789127708879768,0,0.0
2299,eMBB,493.75,6.25,15,1959,289249547.75812906,147651.63234207712,14,0.9333333333333333,190.70164364313734,13.62154597450981,20.01768009323137,0,0.0,3.6497136970527695,0.24331424647018463,0.24954628659007963,0,0.0
2300,eMBB,490.25,9.75,17,1943,284147192.9999997,146241.47864127622,16,0.9411764705882353,197.79997099036584,12.362498186897865,19.608797879507666,0,0.0,4.194464422007223,0.24673320129454251,0.24924293963987298,0,0.0
2301,eMBB,496.5,3.5,19,1966,293441320.61040616,149258.04710600516,18,0.9473684210526315,192.73947515667336,10.707748619815186,18.215898260272624,0,0.0,4.587029137463528,0.24142258618229095,0.24609053785977325,0,0.0
2302,mMTC,264.5,235.5,529,529,43136548.0,81543.56899810964,529,1.0,162.46301132822367,0.307113442964506,0.32734551533084033,0,0.0,109.61454298239045,0.20721085629941483,0.22701196292562517,0,0.0
2303,eMBB,493.75,6.25,16,1958,293464661.84199584,149879.8068651664,15,0.9375,191.8888600424191,12.792590669494608,19.21630667497505,0,0.0,3.854633009132974,0.24091456307081088,0.24598396639011735,0,0.0
2304,eMBB,489.0,11.0,20,1935,300217025.5507411,155150.9175972822,19,0.95,187.12201245893783,9.848526971523043,19.012208035762566,0,0.0,4.794758333562989,0.23973791667814942,0.2416537591398799,0,0.0
2305,eMBB,492.5,7.5,24,1945,305657592.7569364,157150.4332940547,23,0.9583333333333334,188.10253301879416,8.178371000817137,17.50994153483095,0,0.0,5.578225846498185,0.23242607693742437,0.2389310869803942,0,0.0
2306,eMBB,494.25,5.75,17,1959,288770235.3811143,147406.96037831256,16,0.9411764705882353,191.80189013221363,11.987618133263352,19.01789711579557,0,0.0,4.106682234564961,0.2415695432097036,0.24920021634339065,0,0.0
2307,mMTC,299.5,200.5,599,599,48243074.0,80539.35559265442,599,1.0,180.20520042031754,0.3008434063778256,0.32339898467713013,0,0.0,120.35187232903556,0.20092132275298089,0.22519528997627536,0,0.0
2308,eMBB,490.5,9.5,18,1943,289757125.4572827,149128.73157863237,17,0.9444444444444444,191.26981735132532,11.251165726548548,17.70257306731495,0,0.0,4.392868855819011,0.24404826976772284,0.24618369512168164,0,0.0
2309,mMTC,305.5,194.5,611,610,48245899.0,79091.63770491803,610,0.9983633387888707,187.33466839121223,0.30710601375608565,0.3313358314288477,0,0.0,126.66218559076587,0.20730308607326656,0.23164895865107,0,0.0
2310,eMBB,496.75,3.25,19,1967,293754418.17564464,149341.34121791797,18,0.9473684210526315,196.49994642352607,10.916663690195893,19.517853995789277,0,0.0,4.549778834220102,0.23946204390632114,0.2465880476606937,0,0.0
2311,URLLC,211.25,288.75,845,844,120419360.0,142676.96682464454,844,0.9988165680473373,55.86166810673984,0.06618681055300929,0.06863430181899932,0,0.0,6.938569914334769,0.00821132534240801,0.010603501498920797,0,0.0
2312,eMBB,491.0,9.0,23,1940,303883268.0529329,156640.85982109944,22,0.9565217391304348,194.1384514345592,8.824475065207237,16.110430673896328,0,0.0,5.38709512278882,0.2342215270777748,0.23877408011389292,0,0.0
2313,eMBB,495.75,4.25,21,1961,286330108.0240925,146012.29373997578,20,0.9523809523809523,198.97006434854063,9.948503217427032,16.716532084533675,0,0.0,5.090131330387106,0.2423872062089098,0.24855989527966246,0,0.0
2314,eMBB,491.0,9.0,18,1945,283685139.37293446,145853.5420940537,17,0.9444444444444444,192.1304685083544,11.301792265197317,19.42205049861309,0,0.0,4.351135375447048,0.24172974308039155,0.2498368473521783,0,0.0
2315,mMTC,306.0,194.0,612,611,48579026.0,79507.40752864158,611,0.9983660130718954,186.43240429067063,0.3051266846001156,0.32985560892087895,0,0.0,124.81262130548473,0.20394219167562863,0.22925938362173362,0,0.0
2316,mMTC,308.75,191.25,618,617,49859234.0,80809.13128038897,617,0.9983818770226537,189.90599217598213,0.3077892903986745,0.32857655616417375,0,0.0,128.44414050792662,0.20783841506136994,0.2298452962589585,0,0.0
2317,eMBB,490.5,9.5,19,1942,289611854.3298652,149130.71798654232,18,0.9473684210526315,186.87113055042644,10.381729475023691,17.91533989309878,0,0.0,4.623516275413118,0.2433429618638483,0.24723329825789495,0,0.0
2318,eMBB,494.75,5.25,19,1959,304693933.61030835,155535.4433947465,18,0.9473684210526315,192.69865027305568,10.705480570725316,19.111168065513276,0,0.0,4.446223815416408,0.2340117797587583,0.2404815651273158,0,0.0
2319,mMTC,267.0,233.0,534,534,43554780.0,81563.25842696629,534,1.0,166.37164369059846,0.3115573851883866,0.3340459630983946,0,0.0,112.84307865504289,0.21131662669483686,0.23528679557702703,0,0.0
2320,mMTC,305.5,194.5,611,610,47735578.0,78255.04590163934,610,0.9983633387888707,181.27433582481754,0.29717104233576647,0.3188616119421761,0,0.0,120.30352023815412,0.19689610513609512,0.2184707873267915,0,0.0
2321,eMBB,489.75,10.25,18,1940,282229237.99109274,145478.98865520244,17,0.9444444444444444,187.13710602247994,11.00806506014588,19.917508687561725,0,0.0,4.460789041441926,0.2478216134134403,0.24990165645934162,0,0.0
2322,eMBB,487.25,12.75,20,1928,287642479.5319808,149192.15743360002,19,0.95,186.89386239496474,9.836519073419197,19.618460213754677,0,0.0,4.773935296649075,0.23869676483245375,0.2466387491439995,0,0.0
2323,eMBB,492.75,7.25,24,1946,373945643.37201977,192161.17336691663,23,0.9583333333333334,198.7035389426703,8.63928430185523,15.307477829283936,0,0.0,5.588050046683864,0.23283541861182766,0.2385578873955831,0,0.0
2324,eMBB,492.5,7.5,17,1952,293256013.76935834,150233.6136113516,16,0.9411764705882353,195.57041184780758,12.223150740487974,19.71879074185682,0,0.0,4.067086235339974,0.23924036678470434,0.24719053695610882,0,0.0
2325,eMBB,489.5,10.5,18,1939,300761846.303259,155111.83409141775,17,0.9444444444444444,184.59453846130103,10.858502262429472,17.911362100353912,0,0.0,4.216512877448177,0.2342507154137876,0.2409619530319894,0,0.0
2326,eMBB,485.0,15.0,19,1920,302782229.6997564,157699.0779686231,18,0.9473684210526315,186.67365156876255,10.370758420486808,18.60865813661352,0,0.0,4.509854426962594,0.23736075931382072,0.2390071568482301,0,0.0
2327,eMBB,495.25,4.75,18,1962,290075357.5330141,147846.76734608263,17,0.9444444444444444,181.71524023668485,10.689131778628521,20.018997330978287,0,0.0,4.351081935514463,0.24172677419524793,0.24824039131395298,0,0.0
2328,eMBB,492.25,7.75,18,1950,284386537.59840155,145839.25005046235,17,0.9444444444444444,196.03338552451237,11.531375619088962,18.818537876784543,0,0.0,4.35992399000272,0.24221799944459554,0.24944736010540794,0,0.0
2329,eMBB,489.75,10.25,20,1938,288624239.98004675,148928.91639837294,19,0.95,197.60700608262897,10.400368741190999,18.317101160499398,0,0.0,4.7904835941781085,0.23952417970890544,0.24619658429604663,0,0.0
2330,mMTC,232.75,267.25,466,465,36397976.0,78275.21720430108,465,0.9978540772532188,143.35753570075735,0.30829577570055344,0.3288513482687132,0,0.0,97.07897586270167,0.20832398253798642,0.22846316882426881,0,0.0
2331,eMBB,490.25,9.75,22,1938,286975761.6017747,148078.30836004886,21,0.9545454545454546,191.539233110358,9.120915862398,18.31629504619695,0,0.0,5.279511691880977,0.23997780417640804,0.2458408888093317,0,0.0
2332,eMBB,494.75,5.25,20,1958,303700546.6112564,155107.5314664231,19,0.95,191.16055045331757,10.061081602806189,18.513475065930983,0,0.0,4.738920129458298,0.2369460064729149,0.2418571454742684,0,0.0
2333,URLLC,201.25,298.75,805,804,113886432.0,141649.79104477612,804,0.9987577639751553,52.48789818804792,0.06528345545777105,0.06743640425706743,0,0.0,5.802560965033206,0.007208150267121995,0.009464844842055902,0,0.0
2334,mMTC,304.25,195.75,609,608,48629781.0,79983.19243421052,608,0.9983579638752053,181.19766717252847,0.298022478902185,0.3198508885577641,0,0.0,120.29346393936581,0.19752621336513268,0.2199749866774222,0,0.0
2335,eMBB,495.0,5.0,19,1960,286568381.2774938,146208.35779463968,18,0.9473684210526315,199.65347685775268,11.091859825430705,19.921219653194502,0,0.0,4.607626177416209,0.24250664091664256,0.24987178639967147,0,0.0
2336,eMBB,493.0,7.0,20,1951,290416535.62578243,148855.22072054454,19,0.95,187.0716129070494,9.845874363528916,16.7173238783722,0,0.0,4.853585552707921,0.24267927763539604,0.24672883040582308,0,0.0
2337,eMBB,496.25,3.75,17,1966,344111400.91598004,175031.23139164803,16,0.9411764705882353,200.0955612072379,12.505972575452368,17.81701389727765,0,0.0,3.97051971590395,0.23355998328846764,0.24700418967414486,0,0.0
2338,eMBB,493.5,6.5,17,1956,292508714.4831012,149544.3325578227,16,0.9411764705882353,197.8938844620647,12.368367778879044,19.61603500048108,0,0.0,4.095448242299509,0.2409087201352652,0.24567756028682103,0,0.0
2339,eMBB,489.5,10.5,18,1939,302180250.8681994,155843.34753388315,17,0.9444444444444444,196.79081914327546,11.575930537839733,18.709688191514513,0,0.0,4.215193585624644,0.23417742142359133,0.2411040460609303,0,0.0
2340,eMBB,491.75,8.25,23,1943,305167020.0529327,157059.71181314086,22,0.9565217391304348,194.46979080874857,8.839535945852207,15.809800945812922,0,0.0,5.422406951183808,0.2357568239645134,0.23883948904395003,0,0.0
2341,mMTC,242.5,257.5,485,484,38090687.0,78699.76652892563,484,0.9979381443298969,144.1653164421629,0.29786222405405555,0.31679938244303024,0,0.0,95.99539742170121,0.19792865447773447,0.21640965047721822,0,0.0
2342,eMBB,490.0,10.0,16,1943,285027112.56337476,146694.3451175372,15,0.9375,193.53536813665926,12.902357875777284,20.220208956456005,0,0.0,3.9065726170559834,0.24416078856599896,0.24996346896090935,0,0.0
2343,eMBB,489.0,11.0,20,1935,289121517.41069466,149416.8048634081,19,0.95,196.6804199745232,10.351601051290695,19.215639834676956,0,0.0,4.867478451805613,0.24337392259028062,0.2462300735218696,0,0.0
2344,URLLC,147.75,352.25,591,590,83101584.0,140850.14237288135,590,0.9983079526226735,38.710663402517085,0.06561129390257132,0.06790647312263055,0,0.0,4.489205944801676,0.007595949145180501,0.009493735399730528,0,0.0
2345,eMBB,492.25,7.75,16,1952,293351748.39423245,150282.6579888486,15,0.9375,197.71566251709837,13.181044167806558,19.71709422871067,0,0.0,3.887805560075878,0.24298784750474237,0.2470094355621246,0,0.0
2346,eMBB,493.75,6.25,19,1955,303766248.1693439,155379.1550738332,18,0.9473684210526315,197.40117930329995,10.966732183516664,18.511422384222712,0,0.0,4.456447723920916,0.234549880206364,0.24121657637673488,0,0.0
2347,mMTC,301.0,199.0,602,602,48813225.0,81085.09136212624,602,1.0,187.94606799079256,0.31220277074882485,0.34303380351701024,0,0.0,127.64854071831401,0.21204076531281396,0.2434954664229931,0,0.0
2348,URLLC,154.25,345.75,617,616,87459485.0,141979.68344155845,616,0.9983792544570502,40.341171631150566,0.06548891498563404,0.06744495288149753,0,0.0,4.4812722990294995,0.007263002105396272,0.009024331343035983,0,0.0
2349,eMBB,493.75,6.25,16,1958,287497147.7518231,146832.04685997096,15,0.9375,198.09503250145534,13.206335500097023,19.5202202861164,0,0.0,3.8677915650006343,0.24173697281253964,0.24948618861315155,0,0.0
2350,eMBB,494.25,5.75,18,1958,292590406.64526033,149433.3026788868,17,0.9444444444444444,190.75397141639996,11.220821848023528,18.614218136731264,0,0.0,4.387366033948065,0.24374255744155915,0.24672817371304398,0,0.0
2351,eMBB,491.5,8.5,22,1943,373666659.8057803,192314.28708480715,21,0.9545454545454546,197.5868250139395,9.408896429235213,14.707527401201064,0,0.0,5.118836087389988,0.2326743676086358,0.23713716852618144,0,0.0
2352,mMTC,306.25,193.75,613,612,49895407.0,81528.44281045752,612,0.99836867862969,181.854104107437,0.2971472289337206,0.3202236935570422,0,0.0,120.76510172794983,0.19700669123645975,0.22184581424080294,0,0.0
2353,eMBB,488.5,11.5,18,1935,301784667.5000748,155961.06847549084,17,0.9444444444444444,194.79582279008665,11.458577811181568,18.21212447471204,0,0.0,4.225437426337819,0.23474652368543436,0.24122395768339355,0,0.0
2354,mMTC,238.0,262.0,476,476,37966311.0,79761.1575630252,476,1.0,148.6884290921029,0.31237064935315734,0.33465764921505686,0,0.0,101.10087695706034,0.2123968003299587,0.23465966699283466,0,0.0
2355,URLLC,191.0,309.0,764,764,108253515.0,141693.08246073299,764,1.0,50.02534614824214,0.06547820176471485,0.06782199111555295,0,0.0,5.586193423242143,0.00731177149639024,0.009439864192476033,0,0.0
2356,eMBB,495.75,4.25,16,1966,288519860.6343242,146754.76125855758,15,0.9375,192.19217820861383,12.812811880574255,19.819601403447237,0,0.0,3.8655584764026933,0.24159740477516833,0.24957896660749082,0,0.0
2357,mMTC,282.0,218.0,564,564,46329984.0,82145.36170212766,564,1.0,172.3149263046295,0.3055229189798395,0.32461167521434475,0,0.0,115.33663247796272,0.20449757531553675,0.2243740365818661,0,0.0
2358,eMBB,490.0,10.0,23,1936,372227604.0784509,192266.32442068745,22,0.9565217391304348,195.94256935766074,8.906480425348215,15.105656723690078,0,0.0,5.301652990712028,0.23050665177008817,0.23703896526984797,0,0.0
2359,eMBB,486.75,13.25,20,1926,286591560.43977225,148801.43325014136,19,0.95,193.28166200660206,10.172719052979057,19.718250210287188,0,0.0,4.870160490744786,0.24350802453723933,0.24733450328020537,0,0.0
2360,eMBB,492.75,7.25,20,1950,302852759.25978875,155309.10731271218,19,0.95,193.97284539827817,10.209097126225167,19.10891699996161,0,0.0,4.760319718942294,0.2380159859471147,0.24152982779781962,0,0.0
2361,eMBB,492.5,7.5,18,1951,308518392.4554835,158133.466148377,17,0.9444444444444444,189.11877498641124,11.124633822730074,17.009041435256055,0,0.0,4.234270800714782,0.2352372667063768,0.2388844978227604,0,0.0
2362,eMBB,491.0,9.0,19,1944,285056225.01925635,146633.86060661334,18,0.9473684210526315,191.39114413542458,10.63284134085692,18.61596389127152,0,0.0,4.656878460446211,0.24509886633927425,0.24794400894419139,0,0.0
2363,eMBB,492.5,7.5,19,1950,283657845.8004795,145465.56194896382,18,0.9473684210526315,193.22506733072174,10.734725962817874,19.620843554955655,0,0.0,4.686160067971759,0.246640003577461,0.249569894236267,0,0.0
2364,eMBB,491.25,8.75,19,1945,291254623.6724703,149745.30780075592,18,0.9473684210526315,194.67457870810017,10.815254372672232,19.71563884082998,0,0.0,4.637168133256993,0.24406148069773648,0.24562969251911357,0,0.0
2365,URLLC,206.0,294.0,824,824,115637411.0,140336.66383495147,824,1.0,54.06277312574142,0.06561016156036581,0.06800051834558749,0,0.0,6.305883195741428,0.007652770868618238,0.009765436116973973,0,0.0
2366,URLLC,154.25,345.75,617,617,87101844.0,141169.925445705,617,1.0,40.581266743747015,0.06577190720218316,0.06823562608009609,0,0.0,4.701606599131639,0.0076201079402457685,0.009516919819094563,0,0.0
2367,eMBB,493.75,6.25,17,1957,306046367.48413044,156385.47137666348,16,0.9411764705882353,198.68474101681971,12.417796313551232,18.711867985969853,0,0.0,3.987624316986889,0.2345661362933464,0.24122932102425296,0,0.0
2368,eMBB,493.5,6.5,16,1957,311392259.1654028,159117.14827051753,15,0.9375,187.60030039914824,12.50668669327655,18.107781608434795,0,0.0,3.7598897021923747,0.23499310638702342,0.2390346541581534,0,0.0
2369,mMTC,253.5,246.5,507,506,40984297.0,80996.63438735178,506,0.9980276134122288,150.7997494573503,0.29802322027144323,0.3183479227827669,0,0.0,100.44393597542755,0.19811427214088273,0.21998875218447622,0,0.0
2370,eMBB,493.5,6.5,18,1955,285261400.68171984,145913.75993949865,17,0.9444444444444444,195.09998948802186,11.476469969883638,19.919186895582833,0,0.0,4.435400365532299,0.24641113141846105,0.2504734780410809,0,0.0
2371,eMBB,490.5,9.5,18,1943,290160506.2910337,149336.33880135548,17,0.9444444444444444,183.162116254891,10.774242132640648,19.416606375309016,0,0.0,4.398556919864892,0.24436427332582733,0.24672399749429685,0,0.0
2372,URLLC,174.75,325.25,699,698,96394351.0,138100.78939828082,698,0.9985693848354793,45.83998501320851,0.06567333096448211,0.06810194477892084,0,0.0,5.425987551365077,0.007762500073483659,0.010004513766973974,0,0.0
2373,mMTC,259.5,240.5,519,518,39568765.0,76387.57722007722,518,0.9980732177263969,154.2510183214516,0.29778188865145094,0.31712974754726825,0,0.0,102.82836844845404,0.1981278775500078,0.21786891737375352,0,0.0
2374,eMBB,496.0,4.0,22,1961,303657313.1372082,154848.19639837238,21,0.9545454545454546,193.73961155611633,9.225695788386492,16.812004397811613,0,0.0,5.187558671906202,0.2357981214502819,0.24164900485225868,0,0.0
2375,eMBB,491.25,8.75,18,1946,308377211.24688894,158467.2205790796,17,0.9444444444444444,197.84888628158987,11.638169781269992,18.111123133630773,0,0.0,4.266727763427776,0.2370404313015431,0.2394764592554709,0,0.0
2376,eMBB,495.25,4.75,18,1962,288794152.93872285,147193.75786886996,17,0.9444444444444444,199.11785064728892,11.712814743958171,19.11792846763727,0,0.0,4.359231082138525,0.24217950456325138,0.2497094712795742,0,0.0
2377,URLLC,210.5,289.5,842,841,116640082.0,138692.13079667062,841,0.998812351543943,54.75123769525375,0.06510254184929103,0.06713517252717717,0,0.0,6.064380768580527,0.007202352456746469,0.009241440988715625,0,0.0
2378,eMBB,493.5,6.5,18,1955,292717420.61040604,149727.580874888,17,0.9444444444444444,191.36696604407018,11.25688035553354,19.515475317394277,0,0.0,4.30332115788641,0.23907339766035612,0.24632109590040405,0,0.0
2379,mMTC,289.5,210.5,579,579,45601617.0,78759.26943005182,579,1.0,178.64368863168175,0.3085383223345108,0.33046322118998583,0,0.0,121.07614658307075,0.20911251568751424,0.2316078146490383,0,0.0
2380,eMBB,490.25,9.75,22,1938,287835049.7222014,148521.69748307607,21,0.9545454545454546,196.83311429530454,9.37300544263355,19.21565002164048,0,0.0,5.2810833644719395,0.2400492438396336,0.24689487326849846,0,0.0
2381,URLLC,200.5,299.5,802,801,111794191.0,139568.2784019975,801,0.9987531172069826,53.08873746725769,0.06627807424127052,0.06879005093983281,0,0.0,6.725860056248019,0.008386359172379076,0.010963647478294354,0,0.0
2382,eMBB,493.0,7.0,20,1951,308366227.9799503,158055.47308044607,19,0.95,190.62139028453666,10.032704751817718,18.21157015021542,0,0.0,4.699655381776764,0.2349827690888382,0.24008117620577274,0,0.0
2383,eMBB,487.25,12.75,17,1931,284300155.12934756,147229.49514725406,16,0.9411764705882353,186.3826493665283,11.64891558540802,18.719268411534028,0,0.0,4.191562583898356,0.24656250493519738,0.24836394496511716,0,0.0
2384,mMTC,271.5,228.5,543,543,41569534.0,76555.31123388582,543,1.0,164.12713048600304,0.3022599088140019,0.3267081216160845,0,0.0,109.91560590685806,0.2024228469739559,0.2279318378554007,0,0.0
2385,eMBB,491.75,8.25,20,1946,292117600.6759154,150111.81946347145,19,0.95,192.80084829233243,10.147413068017496,19.416224908185217,0,0.0,4.797340389976618,0.2398670194988309,0.24679438653801822,0,0.0
2386,eMBB,488.0,12.0,23,1928,370327023.77668524,192078.3318343803,22,0.9565217391304348,190.69606342975442,8.668002883170656,15.007463664822328,0,0.0,5.356695704425266,0.23289981323588113,0.23777271028807043,0,0.0
2387,mMTC,219.0,281.0,438,438,35442638.0,80919.26484018264,438,1.0,130.46394721366266,0.29786289318187825,0.31500652705693005,0,0.0,86.86639794870541,0.19832510947193016,0.2147660632657196,0,0.0
2388,eMBB,490.25,9.75,20,1940,300893039.8680032,155099.5050865996,19,0.95,192.81577795510444,10.148198839742339,17.910426717642082,0,0.0,4.7080881842400135,0.23540440921200068,0.24256287839887655,0,0.0
2389,eMBB,494.5,5.5,17,1960,313102183.4497899,159746.0119641785,16,0.9411764705882353,192.15008261560808,12.009380163475505,18.508905275660247,0,0.0,3.9438899150667295,0.23199352441568996,0.23935487796580163,0,0.0
2390,eMBB,493.0,7.0,17,1954,287814428.73028433,147294.99935019668,16,0.9411764705882353,181.8932199341851,11.36832624588657,18.320005259088166,0,0.0,4.107989062867364,0.2416464154627861,0.2493023528554905,0,0.0
2391,mMTC,269.25,230.75,539,538,42954583.0,79841.23234200744,538,0.9981447124304267,162.66928421894596,0.3023592643474832,0.3212555199169006,0,0.0,109.03366282715119,0.20228879930825824,0.22260433290835357,0,0.0
2392,eMBB,495.5,4.5,18,1963,294962698.8903523,150261.18129921157,17,0.9444444444444444,193.86833885899256,11.404019932881916,19.514337989357823,0,0.0,4.307662735601583,0.23931459642231015,0.24678858241728088,0,0.0
2393,eMBB,481.75,18.25,25,1901,363619052.3718411,191277.77610302003,24,0.96,193.45764491824784,8.060735204926994,14.406113295214062,0,0.0,5.782752875648136,0.23131011502592544,0.23770037809543185,0,0.0
2394,eMBB,494.75,5.25,18,1960,293385772.515036,149686.6186301204,17,0.9444444444444444,189.04637272484499,11.120374866167353,19.616047995662708,0,0.0,4.381464555092184,0.24341469750512135,0.24742326432372536,0,0.0
2395,mMTC,284.25,215.75,569,568,45217948.0,79609.06338028169,568,0.9982425307557118,171.99765470464516,0.302812772367333,0.3228258091120164,0,0.0,114.70792715079908,0.20159565404358362,0.22362182278723014,0,0.0
2396,eMBB,490.75,9.25,19,1943,306943137.98964715,157973.82294886626,18,0.9473684210526315,190.64570574656793,10.591428097031551,16.207147963916846,0,0.0,4.499282923903042,0.23680436441594957,0.23949941235248923,0,0.0
2397,eMBB,494.0,6.0,17,1958,288803248.46273017,147499.10544572532,16,0.9411764705882353,191.59862924677066,11.974914327923166,20.11897170361849,0,0.0,4.112459086396127,0.2419093580233016,0.24936983188208828,0,0.0
2398,eMBB,493.25,6.75,16,1956,286885939.660998,146669.7033031687,15,0.9375,196.93005903034594,13.128670602023062,18.921178119707857,0,0.0,3.909747000032887,0.24435918750205543,0.2499424034125189,0,0.0
2399,URLLC,170.75,329.25,683,682,95187012.0,139570.39882697948,682,0.9985358711566618,44.42353928125405,0.06513715437134025,0.0670421606495621,0,0.0,5.093676712021945,0.007457798992711486,0.009340228341869785,0,0.0
2400,URLLC,220.25,279.75,881,881,121412201.0,137811.80590238367,881,1.0,57.922244048506414,0.06574602048638639,0.06820254331034273,0,0.0,6.9369010093397945,0.007873894448739835,0.010014774977009384,0,0.0
2401,mMTC,265.0,235.0,530,529,42787073.0,80882.93572778828,529,0.9981132075471698,157.65599588803877,0.29802645725527177,0.3182202534342186,0,0.0,105.27331095109074,0.19862888858696365,0.21960869240857758,0,0.0
2402,mMTC,261.75,238.25,524,523,42920878.0,82066.68833652008,523,0.9980916030534351,158.3135239456639,0.3027027226494529,0.32328459381330465,0,0.0,105.604020351134,0.20153438998308015,0.22281423825774907,0,0.0
2403,URLLC,161.75,338.25,647,646,87923373.0,136104.29256965945,646,0.9984544049459042,42.273807847230096,0.06543933103286392,0.06759572223687559,0,0.0,4.797093068718673,0.007414363321048953,0.009513960727088832,0,0.0
2404,eMBB,491.0,9.0,22,1941,281847314.6646402,145207.2718519527,21,0.9545454545454546,192.58270548599918,9.170605023142818,17.017111154541283,0,0.0,5.345402510572009,0.24297284138963676,0.24989166506901314,0,0.0
2405,eMBB,495.0,5.0,19,1960,284295963.2275925,145048.96083040436,18,0.9473684210526315,194.74584615161314,10.81921367508962,18.818076904656223,0,0.0,4.613193176950518,0.24279964089213255,0.249648876817899,0,0.0
2406,eMBB,489.0,11.0,16,1939,290959908.3250226,150056.68299382288,15,0.9375,189.1796588964802,12.611977259765347,18.515109189260976,0,0.0,3.8629538491650752,0.2414346155728172,0.2468503152118367,0,0.0
2407,eMBB,489.5,10.5,21,1936,372275054.4201942,192290.83389472842,20,0.9523809523809523,187.1092747292457,9.355463736462285,15.008571133273753,0,0.0,4.918840202144034,0.2342304858163826,0.23735198651442613,0,0.0
2408,eMBB,493.25,6.75,16,1956,293226609.91906,149911.3547643456,15,0.9375,197.60656111357866,13.173770740905244,19.115196936713055,0,0.0,3.88391552295873,0.24274472018492063,0.24643277818054915,0,0.0
2409,mMTC,275.0,225.0,550,550,44977720.0,81777.67272727273,550,1.0,166.80366052240115,0.3032793827680021,0.32954818557033816,0,0.0,111.51268335590532,0.20275033337437331,0.22930975069854323,0,0.0
2410,eMBB,494.5,5.5,23,1954,307115646.3518466,157172.797518857,22,0.9565217391304348,195.09451277883358,8.86793239903789,17.208067979163598,0,0.0,5.464261202266114,0.23757657401157015,0.2398434593803178,0,0.0
2411,mMTC,301.25,198.75,603,602,47560081.0,79003.45681063124,602,0.9983416252072969,180.05675205634856,0.29909759477798764,0.32140452671898956,0,0.0,119.96253345634868,0.19894284155281705,0.22191828227454505,0,0.0
2412,eMBB,495.0,5.0,17,1962,286669096.88027805,146110.65080544242,16,0.9411764705882353,187.1117849197123,11.69448655748202,19.919574448239175,0,0.0,4.121897157286537,0.24246453866391396,0.24989708098538022,0,0.0
2413,eMBB,491.0,9.0,21,1942,290055091.41069466,149358.95541230415,20,0.9523809523809523,197.51881248897232,9.875940624448615,17.815537941890234,0,0.0,5.049515076221637,0.24045309886769703,0.24650877021210016,0,0.0
2414,mMTC,249.0,251.0,498,498,39350897.0,79017.8654618474,498,1.0,154.21289126685784,0.30966444029489526,0.3319394249619775,0,0.0,104.7594516729689,0.21036034472483714,0.23190297551753308,0,0.0
2415,eMBB,493.5,6.5,17,1955,288507707.15473574,147574.2747594556,16,0.9411764705882353,197.86345393568928,12.36646587098058,19.816310912563992,0,0.0,4.146635502818394,0.24391973545990553,0.2499370358132899,0,0.0
2416,eMBB,490.5,9.5,18,1943,302833757.08347315,155858.85593591002,17,0.9444444444444444,183.74810092999172,10.808711819411277,18.811936263415816,0,0.0,4.284210449631267,0.23801169164618152,0.24121918748924917,0,0.0
2417,eMBB,488.25,11.75,19,1933,306726775.1166785,158679.13870495523,18,0.9473684210526315,194.06381087172952,10.781322826207195,18.5098742180844,0,0.0,4.421196185024824,0.2326945360539381,0.23972174116541967,0,0.0
2418,URLLC,149.25,350.75,597,597,85104856.0,142554.19765494138,597,1.0,39.18587928479884,0.06563798875175685,0.06781352157698728,0,0.0,4.490884373260344,0.007522419385695718,0.00932675788604422,0,0.0
2419,eMBB,491.0,9.0,17,1946,283503414.23346525,145685.20772531617,16,0.9411764705882353,184.50749138634217,11.531718211646385,19.418875681190553,0,0.0,4.2210021432672065,0.2482942437216004,0.25037720030946653,0,0.0
2420,eMBB,496.25,3.75,19,1965,294281414.5008961,149761.53409714813,18,0.9473684210526315,194.66358864798366,10.81464381377687,19.615580503362036,0,0.0,4.638818873010567,0.24414836173739823,0.24695931957443948,0,0.0
2421,URLLC,195.0,305.0,780,779,109773866.0,140916.38767650834,779,0.9987179487179487,51.26259311724869,0.06580563943164146,0.06833213483811419,0,0.0,6.229616075499106,0.007986687276280905,0.010270170671447526,0,0.0
2422,mMTC,268.0,232.0,536,535,44881243.0,83890.1738317757,535,0.9981343283582089,160.0258164385014,0.29911367558598395,0.32091604978753635,0,0.0,107.05810963167163,0.19973527916356648,0.2222169198730064,0,0.0
2423,eMBB,490.75,9.25,19,1943,302655477.61029136,155767.10118903313,18,0.9473684210526315,190.00855572921978,10.556030873845543,18.611219400095816,0,0.0,4.476427306532935,0.23560143718594395,0.24232659024515488,0,0.0
2424,eMBB,496.5,3.5,18,1967,312027311.36972183,158631.06831200907,17,0.9444444444444444,194.1507270374847,11.420631002204983,18.30727991556917,0,0.0,4.179679297008282,0.232204405389349,0.2392331225154488,0,0.0
2425,URLLC,220.0,280.0,880,880,122005551.0,138642.6715909091,880,1.0,57.76262958691447,0.0656393518033119,0.0678823366846796,0,0.0,6.676367343068296,0.007586781071668518,0.00950651437698729,0,0.0
2426,eMBB,488.5,11.5,15,1938,283360373.6379448,146212.78309491478,14,0.9333333333333333,185.66873536934668,13.262052526381906,18.019779654813032,0,0.0,3.7244087423077126,0.2482939161538475,0.24989128078839723,0,0.0
2427,eMBB,488.0,12.0,18,1933,289084999.8067818,149552.50895332737,17,0.9444444444444444,190.0431481899886,11.179008717058153,19.315287745922106,0,0.0,4.387630980543859,0.24375727669688108,0.24643549912690546,0,0.0
2428,eMBB,482.0,18.0,22,1905,365475794.1592066,191850.8105822607,21,0.9545454545454546,191.14293597790953,9.102044570376645,13.403374441630113,0,0.0,5.083708266341842,0.23107764847008372,0.237553015584583,0,0.0
2429,eMBB,497.25,2.75,16,1972,297292194.1231431,150756.69073181698,15,0.9375,196.44538851642363,13.096359234428242,19.41584537596973,0,0.0,3.8265702678767943,0.23916064174229965,0.24728461175544508,0,0.0
2430,eMBB,488.0,12.0,18,1933,300912019.1629506,155670.98766836553,17,0.9444444444444444,196.66442668361455,11.568495687271444,18.009409276914166,0,0.0,4.303920032316949,0.23910666846205272,0.24140356742473687,0,0.0
2431,mMTC,237.5,262.5,475,475,38594051.0,81250.63368421052,475,1.0,148.811856221924,0.31328811836194526,0.3450414622523308,0,0.0,101.36995004482989,0.2134104211470103,0.2456957743890829,0,0.0
2432,eMBB,492.75,7.25,19,1951,286861017.86742264,147032.81284849957,18,0.9473684210526315,198.6351350855071,11.035285282528172,19.7189352732736,0,0.0,4.611891053101626,0.24273110805798032,0.249672039971038,0,0.0
2433,mMTC,293.5,206.5,587,586,46449467.0,79265.30204778157,586,0.9982964224872232,177.30095223174246,0.3025613519313011,0.31956062461881446,0,0.0,119.10580709498221,0.20290597460814686,0.22049900286095758,0,0.0
2434,eMBB,494.75,5.25,18,1960,293033872.42602617,149507.0777683807,17,0.9444444444444444,194.91747623974695,11.465733896455703,18.41609946970656,0,0.0,4.36564513190945,0.24253584066163614,0.24665286532296235,0,0.0
2435,eMBB,489.25,10.75,24,1933,371446068.9999995,192160.40817382283,23,0.9583333333333334,197.95307811494018,8.60665557021479,13.408766935041632,0,0.0,5.320872302784208,0.22170301261600867,0.23796445776570405,0,0.0
2436,mMTC,235.5,264.5,471,471,38500345.0,81741.70912951168,471,1.0,140.90711721324445,0.29916585395593304,0.31893894872029,0,0.0,94.16986127273155,0.19993601119475912,0.2195148225664438,0,0.0
2437,eMBB,493.25,6.75,19,1953,303630732.1176253,155468.88485285474,18,0.9473684210526315,192.5462563996621,10.697014244425672,18.710497682459064,0,0.0,4.517478996631613,0.23776205245429544,0.24187139422966475,0,0.0
2438,eMBB,489.75,10.25,18,1940,307686056.31893075,158601.05995821173,17,0.9444444444444444,191.64534677636013,11.273255692727066,18.108187571831078,0,0.0,4.175613720457702,0.23197854002542787,0.23907287195658075,0,0.0
2439,URLLC,147.0,353.0,588,588,82484770.0,140280.22108843538,588,1.0,38.6326297857421,0.06570175133629608,0.06791043997934271,0,0.0,4.52787203651134,0.00770046264712813,0.009779530748573469,0,0.0
2440,mMTC,297.0,203.0,594,594,47378279.0,79761.41245791246,594,1.0,180.08283520293128,0.30316975623389103,0.3217653150467784,0,0.0,120.94275629216214,0.2036073338251888,0.22226243675618007,0,0.0
2441,mMTC,303.0,197.0,606,606,48646559.0,80274.8498349835,606,1.0,186.03465817128142,0.30698788477109146,0.3294571561751031,0,0.0,124.86261807452915,0.20604392421539464,0.22835949771356465,0,0.0
2442,eMBB,487.5,12.5,24,1925,368859515.82600963,191615.3328966284,23,0.9583333333333334,186.29593490207816,8.099823256612094,15.205545303946494,0,0.0,5.597995909444519,0.23324982956018828,0.23765445048185885,0,0.0
2443,eMBB,492.75,7.25,18,1952,292897442.98503274,150049.91956200448,17,0.9444444444444444,193.47404798809717,11.38082635224101,19.6166596647559,0,0.0,4.314399454174413,0.23968885856524513,0.2464402332918361,0,0.0
2444,eMBB,491.0,9.0,24,1939,299338825.1693441,154377.93974695416,23,0.9583333333333334,196.8506387619064,8.558723424430713,16.61130496776999,0,0.0,5.670269815045036,0.23626124229354317,0.24192151783893415,0,0.0
2445,eMBB,494.75,5.25,20,1958,309041207.98031414,157835.14197155982,19,0.95,195.16728053100243,10.271962133210655,16.808209450563975,0,0.0,4.657614575930281,0.23288072879651406,0.24032080217382693,0,0.0
2446,eMBB,495.75,4.25,18,1964,288303084.5127226,146793.83121829052,17,0.9444444444444444,191.28307426483175,11.251945544990104,18.89693608979417,0,0.0,4.432519480854278,0.24625108226968212,0.24924657442279083,0,0.0
2447,eMBB,491.75,8.25,16,1950,284453490.6821332,145873.58496519653,15,0.9375,182.95147474337006,12.196764982891336,18.41861507539434,0,0.0,3.9374968527964316,0.24609355329977697,0.24996983215232219,0,0.0
2448,eMBB,493.75,6.25,18,1956,293075428.28311414,149834.06353942442,17,0.9444444444444444,193.30606680635304,11.37094510625606,18.51790309631127,0,0.0,4.35668158878733,0.24203786604374056,0.247628298463351,0,0.0
2449,eMBB,486.75,13.25,26,1920,367138269.2266984,191217.84855557207,25,0.9615384615384616,191.8628059886687,7.674512239546748,14.804878542529805,0,0.0,6.026808750148323,0.23180033654416626,0.2388909994156031,0,0.0
2450,eMBB,486.25,13.75,19,1925,287627046.9190601,149416.6477501611,18,0.9473684210526315,195.08291068854052,10.837939482696695,19.315580472318693,0,0.0,4.553014081369142,0.2396323200720601,0.24751375345921867,0,0.0
2451,eMBB,484.25,15.75,22,1914,295211054.16295004,154237.75034636888,21,0.9545454545454546,195.53579624150956,9.311228392452836,15.31029223696714,0,0.0,5.200208686148793,0.2363731220976724,0.2423880838439085,0,0.0
2452,eMBB,490.0,10.0,20,1939,305911082.2582961,157767.44830237032,19,0.95,183.0745469900634,9.635502473161232,17.407656047724057,0,0.0,4.665088909268644,0.23325444546343221,0.23965483198619847,0,0.0
2453,mMTC,267.75,232.25,536,535,42528727.0,79492.9476635514,535,0.9981343283582089,160.41451864715773,0.29984022177038827,0.32025569165753,0,0.0,107.13581392066216,0.19988024985198163,0.22202536071735904,0,0.0
2454,mMTC,284.25,215.75,569,568,45500958.0,80107.32042253521,568,0.9982425307557118,172.32446930514902,0.3033881501851215,0.32288867443539054,0,0.0,115.92237752531986,0.2037300132255182,0.2237674388798349,0,0.0
2455,eMBB,491.0,9.0,17,1946,292954198.4932623,150541.72584443077,16,0.9411764705882353,197.68522886031738,12.355326803769836,17.815846933144147,0,0.0,4.107354035693163,0.24160906092312723,0.24614274508367598,0,0.0
2456,eMBB,485.25,14.75,23,1917,367447070.0514052,191678.17947386813,22,0.9565217391304348,189.41583848602906,8.609810840274049,15.003926262104986,0,0.0,5.391587231392293,0.234416836147491,0.2380651296206213,0,0.0
2457,eMBB,494.25,5.75,22,1954,290407532.52157855,148622.0739619133,21,0.9545454545454546,197.07987282694356,9.384755848902074,17.717093369176848,0,0.0,5.3408779735456235,0.24276718061571015,0.24750921363784137,0,0.0
2458,eMBB,494.5,5.5,21,1956,302878132.69012874,154845.67110947278,20,0.9523809523809523,188.05581813020348,9.402790906510173,18.3111885691312,0,0.0,4.992100147289582,0.23771905463283724,0.24224219554189397,0,0.0
2459,eMBB,485.25,14.75,23,1917,299772376.02006084,156375.78300472657,22,0.9565217391304348,182.85489288394984,8.311586040179538,15.308091610641252,0,0.0,5.4370412080029835,0.23639309600012973,0.23934457575073306,0,0.0
2460,eMBB,496.5,3.5,17,1969,290085475.9999995,147326.29558151323,17,1.0,200.50462556328745,11.794389739016909,19.118885832498954,0,0.0,4.105981110252869,0.24152830060310992,0.24854578588944545,0,0.0
2461,URLLC,177.0,323.0,708,708,98955830.0,139768.12146892655,708,1.0,46.18406713244745,0.06523173323792013,0.06688233280865256,0,0.0,5.2346299359089965,0.007393545107216097,0.009102498348972194,0,0.0
2462,eMBB,492.25,7.75,17,1951,292865590.9366909,150110.50278661758,16,0.9411764705882353,196.13121670460598,12.258201044037873,19.013702673984934,0,0.0,4.153715544745208,0.244336208514424,0.24598147151645314,0,0.0
2463,mMTC,243.0,257.0,486,486,37939085.0,78063.9609053498,486,1.0,150.76841870063893,0.31022308374617064,0.333128744288255,0,0.0,102.51461810452774,0.21093542819861674,0.23377763567714385,0,0.0
2464,mMTC,288.0,212.0,576,575,45375247.0,78913.47304347825,575,0.9982638888888888,172.00281114983397,0.2991353237388417,0.31780865617146503,0,0.0,115.23361830103917,0.20005836510597078,0.21914575805180692,0,0.0
2465,eMBB,494.25,5.75,18,1958,304601554.2549134,155567.6988023051,17,0.9444444444444444,195.6253663973099,11.507374493959405,16.80814739964096,0,0.0,4.2734646525036,0.23741470291686667,0.24165801407662946,0,0.0
2466,eMBB,492.5,7.5,18,1951,310110858.0327784,158949.69658266447,17,0.9444444444444444,184.14793267037123,10.832231333551249,17.708054282973954,0,0.0,4.185785648048041,0.23254364711378006,0.239461938310738,0,0.0
2467,URLLC,202.25,297.75,809,809,112802160.0,139434.06674907292,809,1.0,53.16608315766523,0.06571827337165047,0.06789840310809261,0,0.0,6.304028008049843,0.007792370838133304,0.010050889947107742,0,0.0
2468,eMBB,489.0,11.0,17,1938,282914409.2618572,145982.6673177798,16,0.9411764705882353,191.6796465660469,11.979977910377931,20.02018197716804,0,0.0,4.197255215980077,0.24689736564588685,0.2495023665229151,0,0.0
2469,mMTC,297.5,202.5,595,594,47458342.0,79896.19865319865,594,0.9983193277310924,182.49957398625125,0.30723834004419404,0.3321899374481774,0,0.0,122.89836806740409,0.20655187910488082,0.23225778155074145,0,0.0
2470,eMBB,491.25,8.75,22,1942,373300949.1487533,192224.99956166494,21,0.9545454545454546,190.1084217015187,9.052781985786604,14.906441241993539,0,0.0,5.157107643014257,0.2344139837733753,0.23745330883297047,0,0.0
2471,mMTC,301.0,199.0,602,601,47526989.0,79079.84858569052,601,0.9983388704318937,180.32274387445707,0.3000378433851199,0.3221205199092223,0,0.0,121.05141126463718,0.20108207851268634,0.22397854247332488,0,0.0
2472,eMBB,492.75,7.25,20,1950,303233413.5687327,155504.31465063215,19,0.95,190.4067617934155,10.021408515442921,17.90944903632512,0,0.0,4.7150209504032095,0.23575104752016046,0.24157453717720934,0,0.0
2473,URLLC,204.25,295.75,817,816,113531418.0,139131.63970588235,816,0.9987760097919217,53.526092506339864,0.06559570160090669,0.06766611676803215,0,0.0,6.22870531997954,0.0076238743206603924,0.009865383181379498,0,0.0
2474,eMBB,485.0,15.0,20,1919,281922220.3384918,146911.00590854185,19,0.95,193.54924402320398,10.186802317010736,19.61990234815543,0,0.0,4.860964993304967,0.24304824966524835,0.24938459376946612,0,0.0
2475,eMBB,491.5,8.5,18,1947,284775151.9862746,146263.56034220575,17,0.9444444444444444,186.55573569765707,10.973866805744533,20.119312576936103,0,0.0,4.403707239103579,0.24465040217242107,0.24951606535936302,0,0.0
2476,mMTC,305.0,195.0,610,609,48079026.0,78947.49753694581,609,0.9983606557377049,187.54405704033186,0.30795411665079125,0.3329005606960406,0,0.0,126.52409156216899,0.20741654354453934,0.2336744482174081,0,0.0
2477,mMTC,307.0,193.0,614,614,48127669.0,78383.82573289903,614,1.0,190.35048149123506,0.3100170708326304,0.33335107552812715,0,0.0,129.480681578735,0.21088058889044786,0.23281202580590488,0,0.0
2478,eMBB,490.5,9.5,18,1943,291027352.521579,149782.47685104428,17,0.9444444444444444,195.16528028810674,11.48031060518275,17.816004298056974,0,0.0,4.4117273284417315,0.24509596269120731,0.24754836671519656,0,0.0
2479,mMTC,283.75,216.25,568,567,44488585.0,78463.11287477954,567,0.9982394366197183,172.68122198922123,0.30455241973407626,0.331606845487871,0,0.0,115.78223625144338,0.2038419652314144,0.23164748959043502,0,0.0
2480,URLLC,192.0,308.0,768,768,106913914.0,139210.82552083334,768,1.0,50.39434094622224,0.06561763144039355,0.06780278564684965,0,0.0,5.931692945453018,0.007723558522725284,0.009579378839245012,0,0.0
2481,eMBB,494.0,6.0,17,1958,288521176.60587186,147355.0442318038,16,0.9411764705882353,183.18917108641938,11.449323192901211,17.819614579991274,0,0.0,4.114004087194295,0.24200024042319382,0.24942299659158243,0,0.0
2482,eMBB,491.25,8.75,20,1944,281578324.88089097,144844.8173255612,19,0.95,193.65603116404512,10.19242269284448,18.61862309679763,0,0.0,4.965379747117113,0.24826898735585562,0.24990757472153313,0,0.0
2483,mMTC,256.0,244.0,512,512,42120447.0,82266.498046875,512,1.0,157.76773317371172,0.3081401038549057,0.33135959614617294,0,0.0,106.27970644174594,0.20757755164403505,0.23148807648805328,0,0.0
2484,eMBB,494.25,5.75,21,1955,377033499.91292155,192856.01018563763,20,0.9523809523809523,194.16637700188593,9.708318850094297,15.306283766806269,0,0.0,4.890232858059106,0.2328682313361479,0.2377424806885906,0,0.0
2485,eMBB,491.0,9.0,20,1944,290851655.9999994,149615.04938271575,19,0.95,198.39842510595093,10.442022373997418,19.814691212496914,0,0.0,4.560178876832237,0.22800894384161183,0.2467883145296934,0,0.0
2486,mMTC,302.0,198.0,604,604,49246240.0,81533.50993377484,604,1.0,184.0511972799335,0.3047205252979031,0.3235237450162247,0,0.0,123.4958046365147,0.20446325270946145,0.22560201202477176,0,0.0
2487,mMTC,271.0,229.0,542,541,44552706.0,82352.50646950092,541,0.9981549815498155,170.1739004197843,0.3145543445837048,0.3498725954817359,0,0.0,116.42689229516235,0.21480976438221835,0.24821777872959908,0,0.0
2488,eMBB,489.25,10.75,18,1938,284477762.83057487,146789.35130576618,17,0.9444444444444444,190.89336574031643,11.22902151413626,18.516909057511945,0,0.0,4.446855654735731,0.24704753637420726,0.24909289013817934,0,0.0
2489,eMBB,496.25,3.75,17,1967,287557607.2531757,146190.9543737548,16,0.9411764705882353,191.69967565629608,11.981229728518505,18.617410928697648,0,0.0,4.121822045829885,0.2424601203429344,0.24962889230866736,0,0.0
2490,eMBB,497.5,2.5,16,1973,297139174.9304214,150602.72424248426,15,0.9375,191.27280151801688,12.751520101201125,18.114252993237145,0,0.0,3.867870922851,0.2417419326781875,0.24697002967160359,0,0.0
2491,eMBB,484.0,16.0,24,1911,365379287.58148056,191197.95268523315,23,0.9583333333333334,186.2425232669832,8.097501011607966,14.60540953298406,0,0.0,5.556569516824219,0.23152372986767578,0.23779461426511636,0,0.0
2492,URLLC,217.5,282.5,870,869,122810450.0,141323.87802071346,869,0.9988505747126437,57.305413793088256,0.06594408952023965,0.06843308647714227,0,0.0,6.826381698537154,0.007846415745445005,0.010289669250001859,0,0.0
2493,eMBB,494.0,6.0,18,1957,305006101.0693908,155853.90959089974,17,0.9444444444444444,189.55371767746132,11.15021868690949,18.708623969022106,0,0.0,4.3039820137618365,0.2391101118756576,0.24239197066468274,0,0.0
2494,eMBB,490.0,10.0,20,1939,306449514.3352659,158045.1337469138,19,0.95,194.8040749321244,10.252846049059178,17.70841155478466,0,0.0,4.702945134029782,0.2351472567014891,0.23989557735833078,0,0.0
2495,mMTC,282.0,218.0,564,564,46167443.0,81857.16843971632,564,1.0,169.45478504555985,0.3004517465346806,0.31984960612764446,0,0.0,113.34329374573105,0.20096328678321107,0.22038213433277265,0,0.0
2496,mMTC,277.75,222.25,556,555,44064665.0,79395.7927927928,555,0.9982014388489209,168.77208763975403,0.30409385160316044,0.32522692154334554,0,0.0,113.69898578095052,0.20449457874271676,0.22558700291086692,0,0.0
2497,eMBB,494.25,5.75,22,1954,290171197.46365935,148501.1245975739,21,0.9545454545454546,188.8920839667008,8.994861141271466,16.615065516678794,0,0.0,5.369326566614387,0.24406029848247213,0.2467364387920134,0,0.0
2498,eMBB,492.0,8.0,21,1946,374576416.5964001,192485.3117144913,20,0.9523809523809523,195.71369652005274,9.785684826002637,15.505534113946208,0,0.0,4.939005181388531,0.23519072292326337,0.23867956990849376,0,0.0
2499,URLLC,213.75,286.25,855,855,115876543.0,135528.12046783627,855,1.0,56.39207951918778,0.06595564856045355,0.06806081793041717,0,0.0,6.7733231264954625,0.007922015352626271,0.01037826446887871,0,0.0
2500,mMTC,260.25,239.75,521,520,41854750.0,80489.90384615384,520,0.9980806142034548,158.5419791875051,0.30488842151443285,0.32432545969933824,0,0.0,106.43373449041107,0.20428739825414793,0.22323731939207841,0,0.0
2501,eMBB,487.0,13.0,20,1927,304755584.4531687,158150.277349854,19,0.95,196.52231209643065,10.343279584022666,17.90762262028809,0,0.0,4.722948894810958,0.2361474447405479,0.23926306929143157,0,0.0
2502,eMBB,492.0,8.0,19,1948,286054924.7285011,146845.44390580137,18,0.9473684210526315,190.3061248671701,10.57256249262056,18.616592496103433,0,0.0,4.692750108525491,0.2469868478171311,0.24877658501055472,0,0.0
2503,mMTC,255.75,244.25,512,511,39370229.0,77045.457925636,511,0.998046875,155.38812223908997,0.304086344890587,0.32357653473276327,0,0.0,104.72984110951715,0.2045504709170257,0.22511113883532732,0,0.0
2504,mMTC,287.5,212.5,575,574,46130072.0,80365.97909407665,574,0.9982608695652174,177.11545580655218,0.3085635118581048,0.33268370413505355,0,0.0,119.76758425683994,0.20829145088146075,0.23309029285300226,0,0.0
2505,mMTC,232.75,267.25,466,465,37248608.0,80104.53333333334,465,0.9978540772532188,144.36934168355523,0.31047170254528006,0.3335400513976424,0,0.0,98.29429897938856,0.21093197205877373,0.2345366447309757,0,0.0
2506,eMBB,486.75,13.25,20,1926,287372084.3664669,149206.6897022154,19,0.95,193.50123561923027,10.184275558906856,19.615098154948473,0,0.0,4.80776737001051,0.24038836850052553,0.2469059567664012,0,0.0
2507,mMTC,292.0,208.0,584,583,46436946.0,79651.70840480275,583,0.9982876712328768,177.95680213862877,0.30524322836814544,0.3250261484519076,0,0.0,119.83510881918099,0.2051971041424332,0.226045520439968,0,0.0
2508,eMBB,489.75,10.25,19,1939,307396784.9560158,158533.66939454142,18,0.9473684210526315,192.54783315520817,10.697101841956009,18.007557485162152,0,0.0,4.519229922238936,0.2378542064336282,0.23967012128031165,0,0.0
2509,mMTC,276.5,223.5,553,553,44499448.0,80469.16455696203,553,1.0,166.32776580417226,0.30077353671640555,0.32028443632800796,0,0.0,111.41824536348857,0.20147964803524154,0.2215977963280079,0,0.0
2510,eMBB,493.5,6.5,21,1952,282595484.6794619,144772.27698742924,20,0.9523809523809523,184.52019564612488,9.226009782306244,18.319444312583077,0,0.0,5.160448917126715,0.24573566272031974,0.2500713920964341,0,0.0
2511,eMBB,490.5,9.5,17,1944,291832149.3771645,150119.4184038912,16,0.9411764705882353,185.9376483092186,11.621103019326162,19.51554335890489,0,0.0,4.164324089573182,0.24496024056312837,0.24657286226734168,0,0.0
2512,eMBB,486.5,13.5,27,1918,366202655.2408211,190929.4344321278,26,0.9629629629629629,193.3141167173749,7.43515833528365,14.806520253793627,0,0.0,6.319744352177355,0.23406460563619833,0.23818028618962123,0,0.0
2513,URLLC,198.75,301.25,795,794,111111322.0,139938.6926952141,794,0.9987421383647799,52.420417306127526,0.06602067670796917,0.06852613049728987,0,0.0,6.407868899719252,0.008060212452477046,0.01039179130647336,0,0.0
2514,mMTC,248.0,252.0,496,496,38851822.0,78330.28629032258,496,1.0,151.3345487344557,0.30510997728720907,0.32298405448327555,0,0.0,101.78338944693444,0.2052084464655936,0.2234481526029337,0,0.0
2515,eMBB,489.25,10.75,20,1936,305389461.9983353,157742.49070161948,19,0.95,179.81776034062355,9.464092649506503,17.510129480438547,0,0.0,4.721061876990605,0.23605309384953027,0.2398388152988542,0,0.0
2516,URLLC,188.5,311.5,754,753,108665002.0,144309.4316069057,753,0.9986737400530504,49.52430320990341,0.06576932697198327,0.0678517063035134,0,0.0,5.954563107966332,0.007897298551679486,0.009657150333821236,0,0.0
2517,eMBB,491.0,9.0,18,1945,283735384.90281385,145879.3752713696,17,0.9444444444444444,192.7182027548021,11.336364867929534,20.018280051637632,0,0.0,4.373635305908682,0.242979739217149,0.25095129311860276,0,0.0
2518,mMTC,311.0,189.0,622,622,49430272.0,79469.89067524116,622,1.0,192.23230102802697,0.30905514634731024,0.3325167945941302,0,0.0,129.89999922700102,0.2088424424871399,0.23052889101335292,0,0.0
2519,mMTC,230.5,269.5,461,460,37816866.0,82210.57826086956,460,0.9978308026030369,143.2529178918444,0.31141938672140085,0.3346794669111447,0,0.0,97.94581948296411,0.21246381666586575,0.23626424136403473,0,0.0
2520,mMTC,238.5,261.5,477,476,39015463.0,81965.25840336134,476,0.9979035639412998,143.1276238338301,0.3006882853651893,0.3192987523803977,0,0.0,96.30055823919945,0.2018879627656173,0.22022090896159427,0,0.0
2521,eMBB,493.75,6.25,23,1951,300156545.0083846,153847.53716472813,22,0.9565217391304348,191.98577059882845,8.726625936310384,17.81066043037588,0,0.0,5.488357107503029,0.2386242220653491,0.24306589390453137,0,0.0
2522,eMBB,491.25,8.75,18,1946,309219919.0736389,158900.26673876613,17,0.9444444444444444,195.34589485319606,11.490934991364474,18.009681717993054,0,0.0,4.191979062062508,0.23288772567013932,0.2394959184201114,0,0.0
2523,eMBB,494.0,6.0,18,1957,287604980.59082526,146962.1771031299,17,0.9444444444444444,190.2970168136127,11.193942165506629,18.317606927916156,0,0.0,4.356158506274089,0.24200880590411605,0.2492870314544006,0,0.0
2524,mMTC,261.5,238.5,523,522,40576211.0,77732.20498084291,522,0.9980879541108987,158.99626039670142,0.3045905371584318,0.32538539740461037,0,0.0,107.52214366446013,0.2055872727809945,0.22612859193452486,0,0.0
2525,URLLC,184.75,315.25,739,739,103443509.0,139977.6847090663,739,1.0,48.250399466030856,0.06529147424361414,0.06719292623757082,0,0.0,5.670003241415485,0.00767253483276791,0.00946442496326118,0,0.0
2526,eMBB,488.0,12.0,23,1928,370954064.240822,192403.5602908828,22,0.9565217391304348,193.43516464608993,8.792507483913178,15.3084977314308,0,0.0,5.3243288005700204,0.23149255654652262,0.23820593266748175,0,0.0
2527,eMBB,495.25,4.75,19,1961,293086660.73882824,149457.7566235738,18,0.9473684210526315,199.15514458446034,11.064174699136686,19.116263896602206,0,0.0,4.633816710931982,0.24388509004905168,0.2477553248030153,0,0.0
2528,mMTC,278.5,221.5,557,557,43741547.0,78530.60502692999,557,1.0,170.57763853888585,0.30624351622780227,0.32578830606337045,0,0.0,115.01841922538145,0.2064962643184586,0.2267257190548234,0,0.0
2529,eMBB,487.25,12.75,24,1924,301245433.7923332,156572.47078603596,23,0.9583333333333334,194.28704964223374,8.447263027923206,14.606500691125946,0,0.0,5.613090367755144,0.233878765323131,0.23962161165388815,0,0.0
2530,mMTC,237.0,263.0,474,474,38644211.0,81527.87130801688,474,1.0,142.6289842983022,0.30090503016519454,0.3199081738790575,0,0.0,95.6185424579603,0.20172688282270107,0.22163864704145064,0,0.0
2531,mMTC,303.25,196.75,607,606,45473177.0,75038.24587458746,606,0.9983525535420099,184.8023577063914,0.3049543856541112,0.32412601071977065,0,0.0,124.90515982639153,0.20577456314067796,0.22568856456592445,0,0.0
2532,eMBB,487.5,12.5,19,1930,289179350.4233213,149833.8603229644,18,0.9473684210526315,195.77925112051867,10.876625062251037,18.81552555438431,0,0.0,4.569295154667255,0.24048921866669765,0.24722657234193962,0,0.0
2533,eMBB,487.5,12.5,23,1926,369156740.3508214,191670.16632960612,22,0.9565217391304348,189.28926381528768,8.60405744614944,14.503972979789785,0,0.0,5.38279427575539,0.2340345337284952,0.23833007343223253,0,0.0
2534,mMTC,281.5,218.5,563,563,45211105.0,80303.91651865009,563,1.0,169.17933412020213,0.30049615296661125,0.320385187194931,0,0.0,113.60915181148403,0.2017924543720853,0.2219496648017686,0,0.0
2535,mMTC,240.5,259.5,481,481,37452854.0,77864.56133056134,481,1.0,147.1704959434403,0.30596776703417944,0.33230314165881114,0,0.0,99.2351538395088,0.20631009114242993,0.23311415020581963,0,0.0
2536,eMBB,494.25,5.75,20,1956,309439433.3150949,158200.11928174587,19,0.95,197.3613596947461,10.387439983934007,17.808920643728364,0,0.0,4.670325235918725,0.23351626179593624,0.23999984318555148,0,0.0
2537,mMTC,273.5,226.5,547,547,42789994.0,78226.68007312615,547,1.0,164.90222103905614,0.30146658325238784,0.3232984234501201,0,0.0,110.6816136260646,0.2023429865193137,0.22422585729627395,0,0.0
2538,mMTC,250.75,249.25,502,501,39409283.0,78661.24351297405,501,0.99800796812749,152.99557535759521,0.3053803899353198,0.3286919366749215,0,0.0,103.4980790146893,0.20617147214081533,0.2305409506920155,0,0.0
2539,eMBB,491.75,8.25,22,1944,289561250.3347068,148951.26046024013,21,0.9545454545454546,196.91123366871517,9.37672541279596,19.613809205948176,0,0.0,5.293627913416487,0.24061945060984033,0.24695011306345696,0,0.0
2540,eMBB,488.5,11.5,25,1928,368691362.0539241,191229.9595715374,24,0.96,194.7452081899445,8.11438367458102,14.01318461793005,0,0.0,5.8003989350404686,0.23201595740161873,0.23878731447036763,0,0.0
2541,eMBB,492.5,7.5,17,1952,292684397.7321421,149940.77752671213,16,0.9411764705882353,194.79242910133507,12.174526818833442,19.114475835391158,0,0.0,4.114756310899295,0.2420444888764291,0.2472281623165712,0,0.0
2542,eMBB,492.0,8.0,17,1950,304584013.3949254,156196.9299461156,16,0.9411764705882353,188.1077087362007,11.756731796012543,19.009686881510447,0,0.0,4.032631368538717,0.2372136099140422,0.24270957162285095,0,0.0
2543,mMTC,272.0,228.0,544,544,41752426.0,76750.7830882353,544,1.0,171.30283647363999,0.3148949199883088,0.3511060880890384,0,0.0,117.07215360252903,0.2152061647105313,0.2501785051830555,0,0.0
2544,eMBB,492.0,8.0,17,1950,286493271.82102305,146919.62657488362,16,0.9411764705882353,188.56097896565748,11.785061185353593,18.52067441968496,0,0.0,4.190972960321242,0.24652782119536715,0.25064807563664,0,0.0
2545,eMBB,496.5,3.5,18,1967,286893468.9506714,145853.3141589585,17,0.9444444444444444,199.30430194306538,11.72378246723914,19.91892118166733,0,0.0,4.458140208816366,0.24767445604535368,0.25016176782339483,0,0.0
2546,eMBB,491.0,9.0,22,1941,288286310.01850754,148524.63164271382,21,0.9545454545454546,189.2243422610491,9.010682964811862,19.514138333447,0,0.0,5.307167752422346,0.2412348978373794,0.24696005785768907,0,0.0
2547,eMBB,495.75,4.25,24,1958,375998432.5564246,192031.8858817286,23,0.9583333333333334,198.63456302433215,8.636285348884007,15.505780645135212,0,0.0,5.564955342712429,0.23187313927968456,0.23817972720369376,0,0.0
2548,mMTC,241.75,258.25,484,483,38940029.0,80621.17805383023,483,0.9979338842975206,145.36163138958673,0.30095575857057294,0.3215855750774608,0,0.0,97.75547585967222,0.2019741236770087,0.2234563897783154,0,0.0
2549,URLLC,166.75,333.25,667,667,92389789.0,138515.42578710645,667,1.0,44.337118423741344,0.06647244141490456,0.06895387650844573,0,0.0,5.767940367202872,0.008647586757425595,0.010945906123830357,0,0.0
2550,eMBB,493.25,6.75,17,1955,311310676.61530155,159238.1977571875,16,0.9411764705882353,198.08729274866002,12.380455796791251,18.408779156100653,0,0.0,4.00881435988244,0.23581260940484944,0.23953434674519555,0,0.0
2551,eMBB,494.75,5.25,18,1960,288224555.46273047,147053.34462384207,17,0.9444444444444444,192.0820738305395,11.298945519443501,18.818711455978452,0,0.0,4.442353425450992,0.24679741252505513,0.24940624429760808,0,0.0
2552,eMBB,489.25,10.75,21,1935,280053283.75182325,144730.37919990867,20,0.9523809523809523,196.97536125989345,9.848768062994672,19.715204137511943,0,0.0,5.22232514611668,0.24868214981508002,0.2511981773164917,0,0.0
2553,eMBB,494.0,6.0,18,1957,293571864.75973946,150011.17259056692,17,0.9444444444444444,187.94034591233367,11.055314465431392,19.314995820751406,0,0.0,4.403399946055586,0.24463333033642146,0.2473785938082614,0,0.0
2554,eMBB,495.0,5.0,21,1958,377274868.0784507,192683.7937070739,20,0.9523809523809523,197.78851199110497,9.88942559955525,15.503332871941762,0,0.0,4.9263242478389,0.2345868689447095,0.23833398242550297,0,0.0
2555,eMBB,490.5,9.5,17,1944,290078905.40670013,149217.54393348773,16,0.9411764705882353,187.45211072135064,11.715756920084415,17.11532329079451,0,0.0,4.076585067967679,0.2397991216451576,0.24729217364820855,0,0.0
2556,eMBB,493.25,6.75,20,1952,300939804.38941014,154169.98175686994,19,0.95,193.1946207728827,10.16813793541488,16.009639420909373,0,0.0,4.811432883568543,0.24057164417842714,0.24209443265993355,0,0.0
2557,mMTC,247.75,252.25,496,495,40953268.0,82733.87474747475,495,0.9979838709677419,156.0234559817781,0.3151989009732891,0.3522502279603683,0,0.0,106.7403994234876,0.21520241819251532,0.2516911120629324,0,0.0
2558,eMBB,494.75,5.25,18,1960,288297263.50785315,147090.4405652312,17,0.9444444444444444,198.64774447332894,11.685161439607585,18.417393077801723,0,0.0,4.411523407954391,0.24508463377524395,0.2501630247149238,0,0.0
2559,eMBB,492.75,7.25,19,1951,283179168.8615869,145145.65292751766,18,0.9473684210526315,190.7030204317693,10.594612246209405,19.69790977412376,0,0.0,4.69351952197346,0.24702734326176107,0.25003479167387654,0,0.0
2560,eMBB,495.5,4.5,15,1966,296728106.09030575,150929.860676656,14,0.9333333333333333,186.50920721962598,13.322086229973284,19.018915856069928,0,0.0,3.58395086035102,0.23893005735673467,0.24696835461905722,0,0.0
2561,URLLC,161.25,338.75,645,645,91098078.0,141237.33023255813,645,1.0,42.65258574710551,0.06612803991799304,0.06869348122114723,0,0.0,5.376634764605458,0.008335867852101485,0.010729064554480564,0,0.0
2562,mMTC,280.5,219.5,561,561,44458408.0,79248.49910873441,561,1.0,169.29554072606211,0.3017745823993977,0.3241588591831289,0,0.0,114.05042708401108,0.20329844400001976,0.22609523285834257,0,0.0
2563,mMTC,227.5,272.5,455,455,36535576.0,80297.96923076923,455,1.0,139.63050265936945,0.3068802256249878,0.3263389950710813,0,0.0,94.37391529834383,0.20741519845789852,0.22820802549843164,0,0.0
2564,eMBB,495.0,5.0,20,1959,309204947.6655995,157838.15603144438,19,0.95,188.81603092057048,9.937685837924763,18.206398858825327,0,0.0,4.728308644548128,0.2364154322274064,0.23996562880843483,0,0.0
2565,eMBB,496.5,3.5,15,1970,290785120.7519021,147606.66028015336,14,0.9333333333333333,186.46163401281007,13.318688143772148,18.918290471707884,0,0.0,3.6345127162378406,0.24230084774918936,0.24923211784486693,0,0.0
2566,eMBB,491.0,9.0,21,1942,280936727.0106135,144663.60814140757,20,0.9523809523809523,197.50656449177197,9.875328224588598,16.218449896342356,0,0.0,5.155518657498071,0.2455008884522891,0.25015886043153557,0,0.0
2567,eMBB,492.75,7.25,18,1952,292542695.25106895,149868.1840425558,17,0.9444444444444444,187.09368015055543,11.005510597091495,18.015452763230396,0,0.0,4.359940459854665,0.2422189144363703,0.2464887991442329,0,0.0
2568,mMTC,242.5,257.5,485,485,38829117.0,80060.0350515464,485,1.0,151.12244872853103,0.31159267779078564,0.3350985868535077,0,0.0,103.16439533936423,0.21271009348322523,0.2361166521312854,0,0.0
2569,eMBB,493.75,6.25,19,1955,291466408.5577762,149087.67701165023,18,0.9473684210526315,194.8188760787251,10.823270893262507,16.51679710225441,0,0.0,4.602563767499745,0.24224019828946025,0.24738956434575274,0,0.0
2570,eMBB,493.75,6.25,22,1952,302208758.99840856,154820.06096229947,21,0.9545454545454546,185.25733662223038,8.821777934391923,18.50874233477822,0,0.0,5.236103037499144,0.23800468352268836,0.2426861921801246,0,0.0
2571,eMBB,488.75,11.25,20,1934,306007399.3771464,158225.12894371583,19,0.95,195.55479387657962,10.292357572451559,16.60783370469269,0,0.0,4.669463786320145,0.23347318931600727,0.2405298117323649,0,0.0
2572,eMBB,493.0,7.0,19,1952,286221873.9350894,146630.05836838597,18,0.9473684210526315,194.9833107575482,10.832406153197121,20.12015151630035,0,0.0,4.680658184363726,0.2463504307559856,0.2507020467666568,0,0.0
2573,eMBB,495.25,4.75,19,1961,284506957.16735536,145082.58907055348,18,0.9473684210526315,195.47962624971274,10.859979236095151,17.719097531383955,0,0.0,4.672173268463357,0.24590385623491354,0.25024779860419866,0,0.0
2574,mMTC,297.0,203.0,594,593,45751440.0,77152.5126475548,593,0.9983164983164983,183.5492923871527,0.309526631344271,0.33457062820891226,0,0.0,124.45854469255784,0.20952616951609063,0.235127618978143,0,0.0
2575,eMBB,492.25,7.75,25,1943,372376987.27574676,191650.53385267462,24,0.96,190.2762242047305,7.928176008530438,15.007167711539337,0,0.0,5.837532409078451,0.23350129636313802,0.23835586463007338,0,0.0
2576,eMBB,492.5,7.5,17,1952,292523220.3219503,149858.20713214666,16,0.9411764705882353,181.78584751675635,11.361615469797272,18.91431148734853,0,0.0,4.11175737947638,0.2418680811456694,0.24774995098040165,0,0.0
2577,eMBB,494.0,6.0,20,1955,302678349.0000004,154822.68491048616,19,0.95,199.40327243195452,10.494909075366028,15.309175213914113,0,0.0,4.723271656876502,0.2361635828438251,0.24259699600611487,0,0.0
2578,eMBB,483.5,16.5,20,1913,302371353.3664524,158061.3451994001,19,0.95,193.35482786602455,10.176569887685503,18.208244089353474,0,0.0,4.672320717373856,0.2336160358686928,0.2397722516785368,0,0.0
2579,URLLC,178.0,322.0,712,712,100690265.0,141418.91151685393,712,1.0,46.95944863217429,0.06595428178676165,0.06822066535097084,0,0.0,5.796870444481966,0.008141671972587031,0.010191026889432376,0,0.0
2580,eMBB,489.5,10.5,18,1939,283037219.51882887,145970.7166162088,17,0.9444444444444444,197.06051778593434,11.59179516387849,20.01917232543159,0,0.0,4.422225128025612,0.24567917377920068,0.24974760821897546,0,0.0
2581,eMBB,494.0,6.0,16,1959,294602300.1192604,150384.02252131718,15,0.9375,190.22635629336406,12.681757086224271,18.915845228296483,0,0.0,3.8327790156805635,0.23954868848003522,0.24791099048554296,0,0.0
2582,eMBB,489.5,10.5,23,1934,371962162.92018825,192327.90223380984,22,0.9565217391304348,195.03112333312865,8.865051060596757,15.205967812431957,0,0.0,5.3335235580706986,0.2318923286117695,0.23836411503499635,0,0.0
2583,eMBB,494.0,6.0,16,1959,295965983.62526286,151080.13457134398,15,0.9375,198.63385100292294,13.242256733528196,19.714899805326557,0,0.0,3.831030617397104,0.239439413587319,0.24732760148853958,0,0.0
2584,eMBB,491.25,8.75,21,1943,300594512.98858714,154706.3885684957,20,0.9523809523809523,188.67166683174543,9.433583341587271,19.009541797589566,0,0.0,5.023013367630782,0.23919111274432298,0.242452415420028,0,0.0
2585,eMBB,494.5,5.5,17,1960,312148344.13343424,159259.35925175218,16,0.9411764705882353,196.71135106394368,12.29445944149648,17.609022721520812,0,0.0,4.038304039872993,0.23754729646311723,0.23957951392051435,0,0.0
2586,eMBB,494.5,5.5,16,1961,289100851.9357019,147425.2177132595,15,0.9375,194.95012735409748,12.996675156939832,20.01640243194102,0,0.0,3.9558980559205392,0.2472436284950337,0.24989673847647872,0,0.0
2587,eMBB,497.75,2.25,16,1974,289814635.34838474,146815.92469523035,15,0.9375,194.51674443298407,12.967782962198937,19.818083837288132,0,0.0,3.9188303247170118,0.24492689529481323,0.2506997568548571,0,0.0
2588,mMTC,265.75,234.25,532,531,42840158.0,80678.263653484,531,0.9981203007518797,165.023681598607,0.3107790613909736,0.3357967751272961,0,0.0,111.94836456817985,0.210429256707105,0.23663768623840725,0,0.0
2589,mMTC,300.75,199.25,602,601,48093454.0,80022.38602329452,601,0.9983388704318937,187.9033108550872,0.31265109959249116,0.33647400552884876,0,0.0,128.5730254167538,0.21357645418065416,0.2377154460844043,0,0.0
2590,URLLC,162.0,338.0,648,648,90569899.0,139768.36265432098,648,1.0,42.872933403422216,0.06616193426454045,0.06869735610512168,0,0.0,5.351406672653018,0.008258343630637374,0.01072425661341227,0,0.0
2591,mMTC,237.5,262.5,475,474,36769212.0,77572.17721518988,474,0.9978947368421053,145.62916101828608,0.30723451691621534,0.33310068489460465,0,0.0,98.64558781080025,0.2076749217069479,0.23477875737323706,0,0.0
2592,mMTC,313.25,186.75,627,626,50350757.0,80432.51916932907,626,0.9984051036682615,197.72209718353815,0.3158499955008597,0.35387950567710813,0,0.0,135.5247016710594,0.21614784955511868,0.2534710010617235,0,0.0
2593,eMBB,497.0,3.0,18,1969,290570868.5765138,147572.81288802123,17,0.9444444444444444,195.4043777829755,11.494375163704442,20.0174051500564,0,0.0,4.372858025944077,0.24293655699689318,0.25029169977084376,0,0.0
2594,eMBB,491.25,8.75,17,1947,284506213.5869893,146125.4307072364,16,0.9411764705882353,195.78995797273615,12.23687237329601,19.318610433198128,0,0.0,4.226233276152369,0.2486019574207276,0.24979991992440673,0,0.0
2595,mMTC,276.0,224.0,552,552,44138110.0,79960.34420289854,552,1.0,171.63813225609655,0.31093864539147925,0.334734184327524,0,0.0,116.52551357199418,0.21109694487680106,0.23478355219077185,0,0.0
2596,mMTC,276.5,223.5,553,552,44029025.0,79762.72644927536,552,0.9981916817359855,172.55164664783427,0.3125935627678157,0.33766203636218206,0,0.0,118.33007891251447,0.213978442879773,0.239132112751071,0,0.0
2597,URLLC,163.25,336.75,653,652,90015482.0,138060.55521472392,652,0.998468606431853,43.16629734408797,0.06620597752160733,0.06861194651201216,0,0.0,5.450679758063053,0.00834713592352688,0.010860889204319858,0,0.0
2598,mMTC,236.5,263.5,473,473,37769458.0,79850.86257928118,473,1.0,145.22719868900083,0.30703424669979035,0.3277063399977936,0,0.0,98.22587769549665,0.20766570337314302,0.22861507414208776,0,0.0
2599,mMTC,255.0,245.0,510,510,40312771.0,79044.64901960784,510,1.0,161.33382218827197,0.3163408278201411,0.33817260712250385,0,0.0,110.72449575340026,0.2171068544184319,0.24036006934472604,0,0.0
2600,eMBB,490.5,9.5,19,1942,285346664.2413384,146934.43060831018,18,0.9473684210526315,197.26957122536643,10.959420623631468,19.117385013484803,0,0.0,4.672689192522549,0.24593101013276575,0.25026049956116236,0,0.0
2601,eMBB,492.0,8.0,19,1948,282620046.8878786,145082.15959336684,18,0.9473684210526315,190.669090478203,10.592727248789055,17.419837386432178,0,0.0,4.6667913927807785,0.24562059962004099,0.25115325033714686,0,0.0
2602,eMBB,491.25,8.75,19,1945,290875347.0686986,149550.30697619464,18,0.9473684210526315,181.22950244800273,10.068305691555707,19.11205832099737,0,0.0,4.6299605679291505,0.2436821351541658,0.24775460716709446,0,0.0
2603,eMBB,496.75,3.25,21,1965,377446607.9022198,192084.7877364986,20,0.9523809523809523,195.0156904591794,9.75078452295897,14.105959521870458,0,0.0,4.8605286317373935,0.23145374436844732,0.23847054421100508,0,0.0
2604,eMBB,492.25,7.75,18,1950,292229312.88350755,149861.18609410644,17,0.9444444444444444,189.90290691814047,11.17075923047885,19.515013564059,0,0.0,4.362811900927343,0.24237843894040795,0.24757426383693634,0,0.0
2605,eMBB,488.0,12.0,18,1933,301062412.86819977,155748.79093026373,17,0.9444444444444444,196.1820441186797,11.540120242275277,19.008355834390837,0,0.0,4.2439759665152526,0.2357764425841807,0.2428120566212976,0,0.0
2606,eMBB,495.0,5.0,15,1964,313252980.66530764,159497.44433060472,14,0.9333333333333333,195.1541943002985,13.93958530716418,18.60838708656959,0,0.0,3.5202392203932003,0.23468261469288001,0.23955957396735017,0,0.0
2607,mMTC,303.5,196.5,607,606,48132559.0,79426.66501650165,606,0.9983525535420099,183.16257047105012,0.3022484661238451,0.32309514852843646,0,0.0,123.36519017137357,0.20323754558710638,0.22497314100706894,0,0.0
2608,eMBB,492.25,7.75,18,1950,283745755.2370888,145510.64371132758,17,0.9444444444444444,182.85481824127282,10.756165778898401,17.518774041661548,0,0.0,4.425620451224459,0.24586780284580328,0.2508625802529071,0,0.0
2609,mMTC,292.5,207.5,585,584,46763668.0,80074.77397260274,584,0.9982905982905983,181.49535099922832,0.310779710615117,0.3325695349984769,0,0.0,123.51797996019707,0.21114184608580694,0.234057806109588,0,0.0
2610,URLLC,191.5,308.5,766,766,103788844.0,135494.57441253265,766,1.0,50.691077550259706,0.0661763414494252,0.06884996894498387,0,0.0,6.4618695085930575,0.008435860977275531,0.011006151444983878,0,0.0
2611,mMTC,254.0,246.0,508,508,39203255.0,77171.76181102362,508,1.0,153.55833114314842,0.3022801794156465,0.32209807586901207,0,0.0,103.57989053631069,0.2038974223155722,0.2238566556980719,0,0.0
2612,mMTC,298.5,201.5,597,597,47300642.0,79230.55611390284,597,1.0,183.67772877662887,0.3076678873980383,0.3346795091902271,0,0.0,124.4371805834665,0.20843748841451676,0.23642569209620998,0,0.0
2613,mMTC,318.5,181.5,637,637,50191201.0,78793.09419152276,637,1.0,201.77326081494027,0.31675551148342274,0.34310662182209806,0,0.0,138.6252344508379,0.21762203210492606,0.2451629370357732,0,0.0
2614,eMBB,495.75,4.25,16,1966,290774156.65309316,147901.40216332307,15,0.9375,195.96385690355862,13.064257126903907,20.11566972739627,0,0.0,3.876304381049378,0.24226902381558613,0.250327323082714,0,0.0
2615,eMBB,496.25,3.75,17,1967,287386410.639365,146103.9199996772,16,0.9411764705882353,195.96436622850598,12.247772889281624,19.119261161942536,0,0.0,4.2042595136516345,0.2473093831559785,0.2502040844000407,0,0.0
2616,eMBB,492.0,8.0,17,1950,293062446.4658894,150288.4340850715,16,0.9411764705882353,190.94282013210005,11.933926258256253,19.714952605367905,0,0.0,4.082627556391757,0.24015456214069159,0.24749288945305772,0,0.0
2617,URLLC,154.75,345.25,619,618,86884386.0,140589.6213592233,618,0.9983844911147012,40.91926072712072,0.06621239599857721,0.06904267953665054,0,0.0,5.269616214904886,0.008513111817293839,0.011242005369983878,0,0.0
2618,mMTC,239.0,261.0,478,478,37981871.0,79459.98117154812,478,1.0,144.64184888091998,0.30259801021112964,0.32293015780433254,0,0.0,97.69376040946717,0.204380251902651,0.22528768447257452,0,0.0
2619,eMBB,493.5,6.5,19,1954,303792355.40173775,155472.03449423632,18,0.9473684210526315,185.88929716132228,10.327183175629015,18.30894927088011,0,0.0,4.484244363373973,0.23601286123020912,0.24260897257298794,0,0.0
2620,mMTC,283.5,216.5,567,566,44576685.0,78757.39399293286,566,0.9982363315696648,179.40782626033797,0.3169749580571342,0.33953573659767344,0,0.0,123.60077613735662,0.21799078683837145,0.23970841761795905,0,0.0
2621,eMBB,492.25,7.75,16,1952,288042294.7285004,147562.65098796127,15,0.9375,189.9693219986898,12.66462146657932,19.216938993056367,0,0.0,3.8811457786901964,0.24257161116813727,0.25036915940504945,0,0.0
2622,eMBB,489.25,10.75,16,1940,284933274.6794616,146872.82199972248,15,0.9375,182.2595741583534,12.150638277223559,19.91835143004713,0,0.0,3.970062129864721,0.24812888311654507,0.2505469938587921,0,0.0
2623,mMTC,274.0,226.0,548,548,45133304.0,82360.04379562044,548,1.0,170.75751114194603,0.3116012977042811,0.335005424987872,0,0.0,116.22504652177517,0.21208950095214446,0.23407041438958132,0,0.0
2624,eMBB,493.75,6.25,23,1951,375069880.5814805,192244.94135391107,22,0.9565217391304348,190.02212130582785,8.637369150264902,14.906399769674943,0,0.0,5.331111600480182,0.2317874608904427,0.2378749725270194,0,0.0
2625,mMTC,255.0,245.0,510,510,40251488.0,78924.4862745098,510,1.0,154.53937282043216,0.3030183780792787,0.324177411993942,0,0.0,104.54245011376557,0.2049851963015011,0.2267043511392412,0,0.0
2626,eMBB,492.75,7.25,17,1953,304866749.4903925,156101.7662521211,16,0.9411764705882353,195.445477420536,12.2153423387835,18.910839513104566,0,0.0,4.080436618394797,0.2400256834349881,0.24197541697141403,0,0.0
2627,eMBB,493.5,6.5,18,1955,310726915.78361905,158939.5988663013,17,0.9444444444444444,196.73925234719655,11.572897196893916,18.307742886679137,0,0.0,4.201118752605079,0.23339548625583773,0.23997802676012295,0,0.0
2628,mMTC,250.75,249.25,502,501,39877350.0,79595.50898203593,501,0.99800796812749,151.6767894343622,0.30274808270331777,0.32501715573611367,0,0.0,102.12108374889239,0.20342845368305257,0.22667607778739576,0,0.0
2629,mMTC,283.5,216.5,567,567,45201516.0,79720.48677248677,567,1.0,173.8374853232175,0.30659168487339944,0.32619083408058613,0,0.0,117.92558570236297,0.20798163263203345,0.22819614277144862,0,0.0
2630,mMTC,289.5,210.5,579,579,44235994.0,76400.6804835924,579,1.0,180.16720559072482,0.31116961241921387,0.33740525805709,0,0.0,122.61326655380178,0.21176729974749875,0.23832789703144897,0,0.0
2631,eMBB,488.5,11.5,21,1932,372637834.10213184,192876.72572574113,20,0.9523809523809523,184.0146172824845,9.200730864124225,14.61477541220731,0,0.0,4.864154441762428,0.23162640198868703,0.23862911895341107,0,0.0
2632,eMBB,495.75,4.25,20,1962,292331556.3026386,148996.71575058033,19,0.95,188.69063241603644,9.931085916633497,19.21565851264491,0,0.0,4.811447189042814,0.24057235945214067,0.2477804367677995,0,0.0
2633,eMBB,490.75,9.25,18,1944,302364730.6967138,155537.4129098322,17,0.9444444444444444,190.55961197560387,11.209388939741403,19.010473900916736,0,0.0,4.327765796993698,0.24043143316631654,0.24288545793161692,0,0.0
2634,eMBB,492.0,8.0,17,1950,310002143.122034,158975.4580112995,16,0.9411764705882353,195.08618217962737,12.19288638622671,18.506537651195853,0,0.0,4.016381090183958,0.23625771118729166,0.23965133821221263,0,0.0
2635,mMTC,257.0,243.0,514,513,40559444.0,79063.24366471735,513,0.9980544747081712,155.4888126455298,0.3030971006735474,0.32330715354693085,0,0.0,105.04682490242297,0.20437125467397466,0.22474076858170228,0,0.0
2636,mMTC,290.75,209.25,582,581,47073987.0,81022.35283993115,581,0.9982817869415808,178.35256303538503,0.3069751515238985,0.3258292975370889,0,0.0,121.1510706931629,0.20816335170646547,0.2266014821524735,0,0.0
2637,URLLC,185.25,314.75,741,741,103179142.0,139243.10661268557,741,1.0,48.50199584233565,0.06545478521232882,0.0673376987591774,0,0.0,5.846942778874109,0.00789061103761688,0.009775338220202136,0,0.0
2638,eMBB,490.0,10.0,23,1936,371560912.1487538,191921.9587545216,22,0.9565217391304348,189.6270449301693,8.619411133189514,13.606403094235498,0,0.0,5.338829854453201,0.23212303715013918,0.23798261631175063,0,0.0
2639,mMTC,280.5,219.5,561,561,45201617.0,80573.29233511587,561,1.0,169.93522999871425,0.3029148484825566,0.325179379625815,0,0.0,114.96200914914166,0.20492336746727569,0.22795715740359276,0,0.0
2640,mMTC,271.75,228.25,544,543,41005761.0,75517.05524861878,543,0.9981617647058824,167.36637166779158,0.3082253621874615,0.32679370758421733,0,0.0,113.52587768556944,0.20868727515729676,0.22834725288336258,0,0.0
2641,eMBB,490.25,9.75,22,1938,305251905.3352659,157508.72308321254,21,0.9545454545454546,195.1254418288201,9.29168770613429,18.104616756606852,0,0.0,5.213965375817242,0.236998426173511,0.24023852215142041,0,0.0
2642,eMBB,496.0,4.0,16,1967,289939086.4894838,147401.670813159,15,0.9375,194.5604259244895,12.970695061632632,18.31754866312285,0,0.0,3.873515490000463,0.24209471812502895,0.249599105271633,0,0.0
2643,mMTC,241.25,258.75,483,482,39273380.0,81480.04149377593,482,0.9979296066252588,148.0360819029993,0.3071288006286293,0.3255587325362488,0,0.0,100.6414335741104,0.20836735729629483,0.22763916159607783,0,0.0
2644,eMBB,492.25,7.75,21,1947,289931165.50197136,148911.743966087,20,0.9523809523809523,184.67455936158618,9.23372796807931,17.715183481078913,0,0.0,5.140165355041918,0.2447697788115199,0.24713633075597474,0,0.0
2645,eMBB,491.0,9.0,22,1941,373531177.0421543,192442.6465956488,21,0.9545454545454546,192.15507360154842,9.150241600073734,15.006028158190727,0,0.0,5.137236270513402,0.23351073956879098,0.2380933744503038,0,0.0
2646,eMBB,493.5,6.5,19,1954,290653926.62526304,148748.17125141405,18,0.9473684210526315,198.81633782585413,11.045352101436341,17.416447202115805,0,0.0,4.609343221798326,0.24259701167359612,0.2473946136425704,0,0.0
2647,eMBB,493.0,7.0,20,1951,302016043.43397456,154800.63733161177,19,0.95,187.26347867769763,9.855972561984085,19.00978949741126,0,0.0,4.796358356829351,0.23981791784146753,0.24279598218065393,0,0.0
2648,eMBB,492.5,7.5,18,1951,308891722.50715303,158324.81932709023,17,0.9444444444444444,192.30052459764326,11.31179556456725,18.60682345830648,0,0.0,4.265778796800873,0.23698771093338186,0.23994537771098146,0,0.0
2649,eMBB,488.5,11.5,16,1937,285943572.8264546,147621.8754912001,15,0.9375,179.0678698940464,11.937857992936426,19.71936751550466,0,0.0,3.8816387707711826,0.2426024231731989,0.25038882885616137,0,0.0
2650,eMBB,495.25,4.75,17,1963,287096370.3003887,146253.881966576,16,0.9411764705882353,184.89412421962123,11.555882763726327,19.318813463955138,0,0.0,4.136655204711051,0.24333265910065005,0.25059833811194476,0,0.0
2651,mMTC,237.5,262.5,475,475,37647977.0,79258.89894736842,475,1.0,148.255902824334,0.3121176901564926,0.33871133517797536,0,0.0,101.07063748724006,0.21278028944682117,0.23982762304122318,0,0.0
2652,mMTC,259.5,240.5,519,518,40926991.0,79009.63513513513,518,0.9980732177263969,162.1773781076343,0.31308374152052953,0.33759995796190373,0,0.0,111.35140338006886,0.21454991017354308,0.23896584348526573,0,0.0
2653,eMBB,495.0,5.0,14,1965,296594773.05469114,150938.81580391407,13,0.9285714285714286,194.56301652070522,14.966385886208094,19.917276326456133,0,0.0,3.4043893478941776,0.24317066770672696,0.24822946411585917,0,0.0
2654,eMBB,493.25,6.75,18,1954,303711216.5687326,155430.51001470452,17,0.9444444444444444,190.41250998237942,11.200735881316437,18.30977669188755,0,0.0,4.282475067603945,0.23791528153355251,0.24204382090466894,0,0.0
2655,mMTC,296.5,203.5,593,593,47213383.0,79617.84654300168,593,1.0,188.45874091805442,0.3178056339258928,0.3549018060742196,0,0.0,129.8450983813021,0.21896306641029023,0.255353809493023,0,0.0
2656,mMTC,232.0,268.0,464,464,38622189.0,83237.47629310345,464,1.0,140.72494163318757,0.30328651214049046,0.3211535810304996,0,0.0,94.95286354190537,0.20463979211617536,0.2235957875262261,0,0.0
2657,eMBB,495.5,4.5,15,1966,289031972.01684684,147015.2451764226,14,0.9333333333333333,188.49398955093645,13.46385639649546,19.517520725283962,0,0.0,3.6758166176832607,0.24505444117888406,0.25031514701374835,0,0.0
2658,mMTC,278.0,222.0,556,556,44289928.0,79658.14388489208,556,1.0,173.79095782202117,0.3125736651475201,0.3368530456320845,0,0.0,118.67488676800413,0.21344404094964772,0.23698784939276824,0,0.0
2659,eMBB,484.5,15.5,22,1915,368083334.4947603,192210.61853512286,21,0.9545454545454546,191.15779144111124,9.10275197338625,14.905477574534448,0,0.0,5.14484762769305,0.23385671034968408,0.23817984311902043,0,0.0
2660,eMBB,495.0,5.0,20,1959,291607814.56718594,148855.44388319855,19,0.95,192.08815908372821,10.109903109669906,19.014067500936147,0,0.0,4.816798682597704,0.2408399341298852,0.24814863081345442,0,0.0
2661,eMBB,489.0,11.0,19,1936,301755201.6943,155865.2901313533,18,0.9473684210526315,193.88464765467592,10.771369314148663,18.40990257375761,0,0.0,4.488510107756542,0.23623737409244958,0.24249952199190328,0,0.0
2662,URLLC,207.25,292.75,829,828,116656911.0,140889.98913043478,828,0.9987937273823885,54.5723810636954,0.06590867278224083,0.06804972911617702,0,0.0,6.692947873104805,0.008073519750427992,0.009941851673113846,0,0.0
2663,eMBB,493.25,6.75,18,1954,287302923.82670677,147033.22611397482,17,0.9444444444444444,194.83701822032108,11.461001071783594,19.315466214782607,0,0.0,4.415833356480323,0.24532407536001793,0.24963925188863487,0,0.0
2664,eMBB,492.0,8.0,24,1943,280192803.66804737,144206.28083790393,23,0.9583333333333334,198.41344395780277,8.626671476426207,16.918110411149677,0,0.0,5.877058920250859,0.24487745501045247,0.2515117109789644,0,0.0
2665,eMBB,490.75,9.25,17,1945,292461822.1433045,150365.97539501518,16,0.9411764705882353,183.89915419471012,11.493697137169383,19.717356634745176,0,0.0,4.14150153083421,0.24361773710789472,0.24859089454976868,0,0.0
2666,mMTC,255.0,245.0,510,509,40626206.0,79815.72888015717,509,0.9980392156862745,159.7691272387619,0.3138882656950136,0.33678611133028163,0,0.0,109.89616370385822,0.21548267392913376,0.23878836327472605,0,0.0
2667,eMBB,483.25,16.75,17,1915,285924333.35913306,149307.74587944287,16,0.9411764705882353,182.02613764774463,11.37663360298404,19.21429058054332,0,0.0,4.162116282240436,0.24483036954355503,0.24741618898425638,0,0.0
2668,eMBB,494.0,6.0,18,1957,303438403.82792366,155052.83792944488,17,0.9444444444444444,187.0104181255805,11.000612830916499,19.008811059065582,0,0.0,4.285523525411515,0.2380846403006397,0.2427092540683538,0,0.0
2669,eMBB,492.25,7.75,17,1951,310433645.95601547,159115.14400615863,16,0.9411764705882353,193.29745892427312,12.08109118276707,18.604964808058945,0,0.0,4.034215640487412,0.23730680238161247,0.23979554094855132,0,0.0
2670,eMBB,493.25,6.75,16,1956,289160807.54291373,147832.7236926962,15,0.9375,182.0035375264311,12.13356916842874,19.017473102767955,0,0.0,3.9218642904793106,0.2451165181549569,0.24980581674885327,0,0.0
2671,eMBB,495.25,4.75,15,1965,288805302.06537753,146974.70843021758,14,0.9333333333333333,193.69355734272483,13.835254095908917,20.118234344852464,0,0.0,3.678613408250594,0.24524089388337295,0.24966001188070164,0,0.0
2672,mMTC,299.5,200.5,599,599,48404505.0,80808.85642737897,599,1.0,187.24829947893565,0.31260150163428324,0.339615863584237,0,0.0,127.93956124406381,0.21358858304518166,0.24132715144748487,0,0.0
2673,eMBB,493.75,6.25,23,1951,374460365.42019486,191932.5296874397,22,0.9565217391304348,188.99434035812794,8.590651834460362,14.606513252631864,0,0.0,5.412790228015024,0.2353387055658706,0.23846821525192105,0,0.0
2674,URLLC,155.0,345.0,620,620,87983660.0,141909.12903225806,620,1.0,41.094392985504605,0.0662812790088784,0.0689362016162977,0,0.0,5.255193531658435,0.008476118599449089,0.010783711558028602,0,0.0
2675,URLLC,152.25,347.75,609,609,85027664.0,139618.4958949097,609,1.0,40.65356079443117,0.06675461542599535,0.06936407860515838,0,0.0,5.45754068635424,0.008961478959530771,0.01158289783592761,0,0.0
2676,URLLC,235.0,265.0,940,939,135605814.0,144415.1373801917,939,0.9989361702127659,61.8729439793942,0.06589237910478615,0.0680278361736494,0,0.0,7.652199445835969,0.008140637708336137,0.010189792879745951,0,0.0
2677,eMBB,496.75,3.25,19,1967,287523893.94866896,146173.81492052312,18,0.9473684210526315,182.14468803020898,10.11914933501161,16.117530167591628,0,0.0,4.6581417438599795,0.24516535493999891,0.2496403915796559,0,0.0
2678,eMBB,493.5,6.5,17,1956,286053232.18094605,146243.98373259002,16,0.9411764705882353,181.26463663698294,11.329039789811434,19.917793592539017,0,0.0,4.21533911962862,0.24796112468403647,0.25058410763116357,0,0.0
2679,eMBB,492.25,7.75,19,1949,291850597.11926,149743.76455580298,18,0.9473684210526315,189.8674965377092,10.548194252094955,18.814499240898588,0,0.0,4.575093950710039,0.24079441845842312,0.24796584881733977,0,0.0
2680,URLLC,192.5,307.5,770,770,108926896.0,141463.5012987013,770,1.0,51.084661538547195,0.06634371628382753,0.06917543198575647,0,0.0,6.687162451880488,0.008684626560883752,0.011556915319089806,0,0.0
2681,eMBB,494.0,6.0,17,1958,293767822.4335131,150034.63862794335,16,0.9411764705882353,189.188125375894,11.824257835993375,19.71632261426219,0,0.0,4.126747265333049,0.24274983913723816,0.2476947858111498,0,0.0
2682,eMBB,495.0,5.0,20,1959,302681991.254914,154508.41820056865,19,0.95,196.14703661228248,10.32352824275171,17.906936514496905,0,0.0,4.785764163935482,0.23928820819677413,0.24338700647689826,0,0.0
2683,eMBB,492.25,7.75,23,1945,306863586.8090445,157770.48164989433,22,0.9565217391304348,198.22958196772058,9.010435543987299,18.40750845330999,0,0.0,5.453281704050379,0.23709920452392955,0.24050413217886238,0,0.0
2684,mMTC,235.25,264.75,470,469,36827439.0,78523.32409381663,469,0.997872340425532,144.5187377148922,0.30814229789955694,0.5736108729863083,0,0.0,98.24326659736212,0.20902822680289812,0.3948025885418639,0,0.0
2685,eMBB,490.5,9.5,19,1942,282597058.5869889,145518.56775849068,18,0.9473684210526315,195.66324181342574,10.870180100745875,18.01932944968735,0,0.0,4.677142665877492,0.2461654034672364,0.25080213783283484,0,0.0
2686,eMBB,493.5,6.5,17,1956,293359523.2910336,149979.306386009,16,0.9411764705882353,184.23189948858678,11.514493718036674,18.813469826590627,0,0.0,4.179098199996608,0.24582930588215343,0.2473673652870228,0,0.0
2687,eMBB,489.25,10.75,28,1928,368495843.66102904,191128.5496167163,27,0.9642857142857143,196.3745841672058,7.273132746933548,15.50504287514132,0,0.0,6.552232072147876,0.23400828829099557,0.2376886962445142,0,0.0
2688,eMBB,487.25,12.75,20,1928,287165992.6181757,148945.01691814093,19,0.95,184.13684369524827,9.691412826065699,18.61596776668856,0,0.0,4.867332110634154,0.2433666055317077,0.2476580351405616,0,0.0
2689,mMTC,270.75,229.25,542,541,43964198.0,81264.69131238447,541,0.9981549815498155,167.35368905126674,0.30934138456796073,0.33615406362762607,0,0.0,113.78203500648041,0.20992995388649524,0.2383099843113867,0,0.0
2690,eMBB,494.25,5.75,16,1960,312223619.1803906,159297.7648879544,15,0.9375,192.15574759057841,12.810383172705228,18.20727072920914,0,0.0,3.762500187412698,0.23515626171329362,0.24040961975879313,0,0.0
2691,eMBB,494.0,6.0,20,1955,287672904.88489676,147147.2659257784,19,0.95,199.02601696436295,10.475053524440156,18.217061287620876,0,0.0,4.871446241441376,0.2435723120720688,0.24991601181550266,0,0.0
2692,eMBB,488.25,11.75,16,1936,284204251.4694715,146799.71666811546,15,0.9375,187.43214945422596,12.49547663028173,20.11655789177976,0,0.0,3.9532825819155377,0.2470801613697211,0.250717387635886,0,0.0
2693,eMBB,494.0,6.0,19,1956,293382762.16621935,149991.18720154362,18,0.9473684210526315,194.1726656489598,10.787370313831099,19.214794741199263,0,0.0,4.5839246493649295,0.2412591920718384,0.2482476723838068,0,0.0
2694,eMBB,491.75,8.25,20,1946,374960121.14875394,192682.48774345012,19,0.95,190.0915992929943,10.004821015420752,15.507031057077446,0,0.0,4.7201270999241265,0.2360063549962063,0.23872258989052372,0,0.0
2695,URLLC,177.5,322.5,710,710,97878149.0,137856.54788732395,710,1.0,47.07761634908694,0.06630650190012245,0.06880865835034579,0,0.0,6.073043432548455,0.008553582299364022,0.011202311811884249,0,0.0
2696,mMTC,268.0,232.0,536,536,41392152.0,77224.16417910448,536,1.0,165.91679500176824,0.30954625933165714,0.3311031156609411,0,0.0,112.95399162057149,0.2107350589936035,0.23189764728487264,0,0.0
2697,eMBB,494.75,5.25,18,1959,312580005.26921666,159561.0032002127,17,0.9444444444444444,195.48042755861613,11.498848679918595,18.00784639309151,0,0.0,4.232003049298458,0.23511128051658103,0.23945103581830054,0,0.0
2698,mMTC,275.0,225.0,550,550,44520463.0,80946.29636363636,550,1.0,167.1204232484527,0.30385531499718677,0.3263839831962121,0,0.0,112.92550475033303,0.20531909954606006,0.22808668097398993,0,0.0
2699,mMTC,266.5,233.5,533,533,42701081.0,80114.59849906192,533,1.0,164.26695781833965,0.3081931666385359,0.32614967187165944,0,0.0,111.92353076637373,0.2099878626010764,0.22845008964943717,0,0.0
2700,mMTC,305.5,194.5,611,611,47862145.0,78334.116202946,611,1.0,191.35411519659075,0.3131818579322271,0.3405890207522087,0,0.0,130.98739293402647,0.2143819851620728,0.24299339135049933,0,0.0
2701,eMBB,496.5,3.5,19,1966,380510145.8884882,193545.34378865117,18,0.9473684210526315,194.19842868339026,10.788801593521681,15.00258639886202,0,0.0,4.398188238006826,0.2314835914740435,0.23784491975194552,0,0.0
2702,URLLC,210.0,290.0,840,839,114311081.0,136246.8188319428,839,0.9988095238095238,55.66679133599016,0.06634897656256276,0.06896635065943044,0,0.0,7.277221055688718,0.008663358399629426,0.011438888673422711,0,0.0
2703,eMBB,493.0,7.0,20,1951,302342337.7696325,154967.88199366097,19,0.95,196.33185128507526,10.333255330793435,18.808953880689568,0,0.0,4.772899108827336,0.23864495544136682,0.2426372442752448,0,0.0
2704,eMBB,493.0,7.0,20,1951,308949597.62934387,158354.483664451,19,0.95,187.54524730478101,9.870802489725316,18.506916602537068,0,0.0,4.6802662962108545,0.23401331481054272,0.23998878932033757,0,0.0
2705,eMBB,490.75,9.25,22,1940,282982307.3588673,145867.16874168417,21,0.9545454545454546,197.8967020212327,9.423652477201557,16.71462676530958,0,0.0,5.407926628882663,0.24581484676739376,0.2500939090728088,0,0.0
2706,mMTC,233.75,266.25,468,467,36021580.0,77134.00428265525,467,0.9978632478632479,144.05054783956447,0.3084594172153415,0.32917872864795894,0,0.0,98.23786643375243,0.20990997101229153,0.23058631223770246,0,0.0
2707,eMBB,487.0,13.0,19,1928,287032376.33849347,148875.7138685132,18,0.9473684210526315,186.36274213637367,10.353485674242982,17.815647119102273,0,0.0,4.57460540532128,0.24076870554322524,0.2473400360785473,0,0.0
2708,mMTC,294.25,205.75,589,588,45511163.0,77399.93707482993,588,0.99830220713073,184.90001741634276,0.31445581193255573,0.33918037386113076,0,0.0,127.06300507328687,0.2157266639614378,0.24085988631301566,0,0.0
2709,eMBB,495.0,5.0,20,1959,291935565.32986504,149022.74901983922,19,0.95,188.73660198545815,9.933505367655693,17.713723733053534,0,0.0,4.871898289669512,0.24359491448347562,0.24825717911104817,0,0.0
2710,eMBB,490.25,9.75,20,1940,301488105.0046959,155406.2396931422,19,0.95,196.5478173955076,10.34462196818461,18.711607807864837,0,0.0,4.789712696167333,0.23948563480836665,0.24320791106157572,0,0.0
2711,mMTC,259.5,240.5,519,518,40697507.0,78566.61583011583,518,0.9980732177263969,165.06359484345492,0.3186555885008782,0.34302763491627297,0,0.0,114.138208495358,0.2199194768696686,0.2448033367966148,0,0.0
2712,mMTC,276.5,223.5,553,552,45062280.0,81634.56521739131,552,0.9981916817359855,167.74887767615022,0.3038928943408518,0.32479293485457594,0,0.0,113.66505692672371,0.20554259842083852,0.2262923533161144,0,0.0
2713,mMTC,300.5,199.5,601,600,47266111.0,78776.85166666667,600,0.9983361064891847,185.06430312519265,0.3084405052086544,0.3296883354220186,0,0.0,126.48893791166671,0.21046412298114262,0.23194264106304424,0,0.0
2714,mMTC,276.25,223.75,553,552,43971558.0,79658.61956521739,552,0.9981916817359855,173.00349782418377,0.31341213373946336,0.330986654373325,0,0.0,118.4903620197391,0.21426828574998028,0.23276824861134937,0,0.0
2715,eMBB,496.75,3.25,19,1967,380226296.18567216,193302.6416805654,18,0.9473684210526315,191.30009742257766,10.627783190143203,15.206298343530506,0,0.0,4.400647090179252,0.2316130047462764,0.23824378545580285,0,0.0
2716,eMBB,491.75,8.25,19,1947,290101575.10819453,148999.26816034646,18,0.9473684210526315,194.86227269803814,10.825681816557674,19.515090419135248,0,0.0,4.566487663152545,0.2403414559553971,0.24708758192130162,0,0.0
2717,mMTC,251.5,248.5,503,503,39205761.0,77943.85884691849,503,1.0,155.94321650919377,0.31002627536619043,0.33197698936408104,0,0.0,106.30431334474945,0.21134058319035676,0.2334936286803203,0,0.0
2718,eMBB,491.5,8.5,19,1946,307717249.6153017,158128.0830500009,18,0.9473684210526315,197.57827064165116,10.976570591202842,18.20695827730791,0,0.0,4.485851727150809,0.2360974593237268,0.24066260035025705,0,0.0
2719,mMTC,290.5,209.5,581,580,46447880.0,80082.55172413793,580,0.9982788296041308,176.59275009069236,0.3044702587770558,0.3256904883588495,0,0.0,119.81478687049675,0.20622166414887563,0.22770901998278106,0,0.0
2720,URLLC,166.75,333.25,667,666,94942415.0,142556.17867867867,666,0.9985007496251874,43.676475539243235,0.06558029360246732,0.0677410119610344,0,0.0,5.202576178552124,0.007799964285685343,0.009945889268726695,0,0.0
2721,eMBB,491.0,9.0,16,1947,293629774.9228208,150811.38927725772,15,0.9375,197.29193600835282,13.152795733890189,19.413414794607142,0,0.0,3.910703815426385,0.24441898846414906,0.24729168313652683,0,0.0
2722,eMBB,485.25,14.75,23,1917,367476683.1856721,191693.62711824314,22,0.9565217391304348,187.19075743348006,8.508670792430912,14.904384010468657,0,0.0,5.419914758375976,0.2356484677554772,0.23936202799373774,0,0.0
2723,eMBB,490.0,10.0,22,1937,287072319.49532163,148204.60479882377,21,0.9545454545454546,193.8032706870379,9.228727175573233,18.616314595271536,0,0.0,5.4018001969924585,0.2455363725905663,0.2475973374003928,0,0.0
2724,mMTC,250.5,249.5,501,500,40646343.0,81292.686,500,0.998003992015968,155.08205911979985,0.3101641182395997,0.32971401588740473,0,0.0,105.99572485061555,0.21156831307508092,0.2322983117095207,0,0.0
2725,URLLC,162.5,337.5,650,650,92154224.0,141775.72923076924,650,1.0,42.9520677607037,0.06608010424723645,0.06818507163562751,0,0.0,5.442681158011333,0.008373355627709744,0.01038520516351457,0,0.0
2726,mMTC,314.0,186.0,628,628,49957842.0,79550.70382165605,628,1.0,191.30047364492705,0.30461858860657176,0.3240189381711406,0,0.0,129.72371037586714,0.2065664177959668,0.226075125521568,0,0.0
2727,eMBB,495.75,4.25,15,1967,289027178.9950652,146938.0676131496,14,0.9333333333333333,188.24983006938376,13.446416433527412,19.819788390754525,0,0.0,3.6396051537661043,0.24264034358440695,0.25120072096921936,0,0.0
2728,eMBB,494.75,5.25,17,1961,294819071.973267,150341.18917555688,16,0.9411764705882353,184.07650813364634,11.504781758352896,18.713622217031727,0,0.0,4.130206831475171,0.2429533430279512,0.24839865449816378,0,0.0
2729,URLLC,160.75,339.25,643,643,90034196.0,140022.07776049766,643,1.0,42.72216031009735,0.06644192894260863,0.06939919330025301,0,0.0,5.671761031764026,0.008820779209586354,0.011868640800253008,0,0.0
2730,eMBB,494.0,6.0,19,1956,292112412.9116075,149341.72439243738,18,0.9473684210526315,192.4697208053434,10.692762266963522,17.814278198226532,0,0.0,4.578798923743803,0.24098941703914753,0.24831147835935038,0,0.0
2731,mMTC,301.5,198.5,603,603,49682138.0,82391.60530679933,603,1.0,187.00034538736625,0.31011665901719115,0.33306097329570494,0,0.0,127.66610027283667,0.2117182425751852,0.23499538252647417,0,0.0
2732,mMTC,226.25,273.75,453,452,35062608.0,77572.14159292035,452,0.9977924944812362,143.90463367686647,0.31837308335589926,0.3504599380254293,0,0.0,99.29150193908885,0.21918653849688488,0.25127159751260875,0,0.0
2733,eMBB,488.5,11.5,17,1936,285344838.6501977,147388.8629391517,16,0.9411764705882353,193.75073217915894,12.109420761197434,19.217443922747915,0,0.0,4.2057111457186425,0.2473947732775672,0.249799015770083,0,0.0
2734,eMBB,495.5,4.5,16,1965,288347415.16735584,146741.68710806913,15,0.9375,195.16148488135445,13.010765658756963,19.41874620445154,0,0.0,3.8865810723639203,0.24291131702274502,0.25054623734965065,0,0.0
2735,mMTC,277.0,223.0,554,554,44519190.0,80359.5487364621,554,1.0,173.92517693984212,0.31394436270729625,0.3373607089106755,0,0.0,119.34212553847452,0.2154189991669215,0.23857846788503448,0,0.0
2736,eMBB,488.5,11.5,21,1932,371576691.275746,192327.47995639025,20,0.9523809523809523,188.36688591716123,9.418344295858061,15.504663703050129,0,0.0,4.934727063184748,0.23498700300879752,0.2384092970045973,0,0.0
2737,mMTC,255.5,244.5,511,511,40477691.0,79212.70254403132,511,1.0,155.48899931176126,0.30428375599170504,0.32396730410274155,0,0.0,105.50330950082103,0.2064644021542486,0.22629463128222874,0,0.0
2738,mMTC,271.25,228.75,543,542,42368208.0,78170.12546125462,542,0.998158379373849,168.39774096686543,0.31069693905325724,0.33212712084466955,0,0.0,115.11648186259185,0.21200088740808812,0.2333151452527913,0,0.0
2739,eMBB,495.75,4.25,21,1961,309121542.7854696,157634.64700941846,20,0.9523809523809523,196.85301238330274,9.842650619165138,17.406901671603496,0,0.0,4.925050837081669,0.2345262303372223,0.24056842419522786,0,0.0
2740,mMTC,245.75,254.25,492,491,39392110.0,80228.3299389002,491,0.9979674796747967,150.00131036318965,0.3055016504341948,0.3279943727291896,0,0.0,101.92519029002715,0.20716502091468933,0.22980449307106995,0,0.0
2741,eMBB,481.25,18.75,17,1907,276936861.61179227,145221.21741572747,16,0.9411764705882353,184.53457278829666,11.533410799268541,16.918935430142284,0,0.0,4.189853025501315,0.24646194267654795,0.25161272208364305,0,0.0
2742,mMTC,234.0,266.0,468,468,38763990.0,82829.03846153847,468,1.0,147.21211519719034,0.31455580170339814,0.33968041807232396,0,0.0,101.13351433291689,0.21609725284811301,0.24052225909796504,0,0.0
2743,eMBB,490.75,9.25,21,1941,374157686.4797648,192765.42322502052,20,0.9523809523809523,191.00239706820415,9.550119853410207,15.30300403642838,0,0.0,4.874665901513901,0.23212694769113815,0.2382614321698353,0,0.0
2744,eMBB,490.75,9.25,21,1941,287422129.23804903,148079.40712934005,20,0.9523809523809523,181.74064604693183,9.087032302346591,17.714366199585307,0,0.0,5.113618819423197,0.24350565806777127,0.24781827914241708,0,0.0
2745,eMBB,493.5,6.5,18,1955,304741733.01816785,155878.1243059682,17,0.9444444444444444,191.36981226558524,11.257047780328543,18.809568061863207,0,0.0,4.251107681987793,0.2361726489993218,0.2429703495887341,0,0.0
2746,mMTC,249.5,250.5,499,499,40664622.0,81492.22845691383,499,1.0,159.5374524318841,0.3197143335308299,0.34444995253811367,0,0.0,110.40723336111496,0.22125698068359712,0.2464292824526436,0,0.0
2747,eMBB,494.25,5.75,18,1958,287904629.1871558,147040.1579096812,17,0.9444444444444444,186.2294680136703,10.95467458903943,19.815462944496606,0,0.0,4.418006008138182,0.245444778229899,0.2501381372085469,0,0.0
2748,eMBB,490.5,9.5,15,1946,285101420.4710845,146506.38256479162,14,0.9333333333333333,191.3316559685343,13.666546854895307,19.01601867514875,0,0.0,3.726233854113924,0.2484155902742616,0.2506887292379381,0,0.0
2749,mMTC,235.5,264.5,471,470,38250991.0,81385.08723404256,470,0.9978768577494692,147.8993287116368,0.3146794227907166,0.3386921314747781,0,0.0,101.89895880740092,0.216345984729089,0.23999513455170116,0,0.0
2750,mMTC,261.25,238.75,523,522,43485279.0,83305.13218390805,522,0.9980879541108987,164.40699651430742,0.31495593201974603,0.33669233091488304,0,0.0,113.11330309041844,0.2162778261767083,0.23834289063710526,0,0.0
2751,eMBB,495.5,4.5,17,1964,293241229.3514036,149308.1615842177,16,0.9411764705882353,185.90512643104285,11.619070401940178,19.613753265979113,0,0.0,4.153785547576374,0.24434032632802197,0.24791669632800034,0,0.0
2752,eMBB,494.75,5.25,17,1961,306830298.96990305,156466.24118811986,16,0.9411764705882353,198.60416519939426,12.412760324962141,18.60985043754461,0,0.0,4.053735428708332,0.23845502521813716,0.2432737625031298,0,0.0
2753,eMBB,482.0,18.0,18,1909,302811627.16540337,158623.16771367384,17,0.9444444444444444,183.19145678483108,10.775968046166534,17.70541824757847,0,0.0,4.269371674287205,0.23718731523817807,0.24081182788999808,0,0.0
2754,URLLC,230.5,269.5,922,921,129461598.0,140566.338762215,921,0.9989154013015185,60.92806885953492,0.0661542550049239,0.06831203869806689,0,0.0,7.740697052400674,0.008395549948373833,0.010635091774989969,0,0.0
2755,eMBB,492.5,7.5,17,1952,285543387.99109244,146282.47335609244,16,0.9411764705882353,187.9881918247999,11.749261989049995,19.4188611274339,0,0.0,4.147308052017176,0.24395929717748094,0.25106247853566566,0,0.0
2756,eMBB,493.75,6.25,21,1953,290308167.74204755,148647.29531082822,20,0.9523809523809523,196.98583670395104,9.849291835197551,18.612983742540795,0,0.0,5.066489435838534,0.24126140170659685,0.24749459325023318,0,0.0
2757,eMBB,491.75,8.25,25,1941,371236256.832278,191260.3074870057,24,0.96,194.0234723248329,8.084311346868038,15.10558570542635,0,0.0,5.823787554079717,0.23295150216318866,0.23935964129921722,0,0.0
2758,URLLC,220.0,280.0,880,880,122866469.0,139620.9875,880,1.0,58.48261659267392,0.06645751885531127,0.06901373445947387,0,0.0,7.787270675750786,0.008849171222444075,0.011273889450933439,0,0.0
2759,mMTC,284.0,216.0,568,568,45437768.0,79996.07042253521,568,1.0,176.90889639208106,0.31145932463394554,0.3325593488625729,0,0.0,121.15726596438866,0.21330504571195186,0.23491570099932504,0,0.0
2760,URLLC,228.5,271.5,914,914,125890801.0,137736.10612691467,914,1.0,60.41820623641811,0.06610307028054498,0.0682209579290973,0,0.0,7.739835640648814,0.00846809151055669,0.010534642262260047,0,0.0
2761,eMBB,493.75,6.25,19,1955,287346597.6763065,146980.35686767596,18,0.9473684210526315,192.85630076577027,10.714238931431682,19.915749013789092,0,0.0,4.676364846485436,0.24612446560449663,0.25080219778955415,0,0.0
2762,eMBB,493.25,6.75,19,1953,284208003.5304774,145523.81133152964,18,0.9473684210526315,189.66511690176372,10.536950938986873,19.81736704960934,0,0.0,4.689705074502211,0.2468265828685374,0.2511985898999299,0,0.0
2763,eMBB,494.75,5.25,20,1958,292664689.2309174,149471.2406695186,19,0.95,199.12016055058302,10.480008450030686,18.71291634039527,0,0.0,4.87044023626128,0.24352201181306402,0.2477832730004919,0,0.0
2764,eMBB,493.75,6.25,22,1952,375709958.26921713,192474.36386742681,21,0.9545454545454546,195.25314020933374,9.297768581396845,14.773813638168996,0,0.0,5.1589487058648835,0.2344976684484038,0.23853224336113216,0,0.0
2765,mMTC,299.5,200.5,599,599,50490448.0,84291.23205342237,599,1.0,182.49173759319774,0.3046606637615989,0.32436007107743897,0,0.0,123.96084573234265,0.2069463200873834,0.22677254936803723,0,0.0
2766,eMBB,496.5,3.5,17,1968,307521047.31635517,156260.69477457073,16,0.9411764705882353,198.55110474973253,12.409444046858283,18.609201700463803,0,0.0,4.002647977987536,0.23544988105809034,0.24278863624915079,0,0.0
2767,mMTC,255.5,244.5,511,510,41090129.0,80568.88039215686,510,0.9980430528375733,162.78328275838948,0.31918290736939114,0.3569444516699318,0,0.0,112.81111218410945,0.22076538587888345,0.25794956243916256,0,0.0
2768,mMTC,238.5,261.5,477,477,37385334.0,78375.96226415095,477,1.0,146.28564077093358,0.3066784921822507,0.3277112462017885,0,0.0,99.58096790187366,0.20876513186975612,0.2299039740650363,0,0.0
2769,eMBB,491.75,8.25,18,1948,284046015.6393642,145814.17640624446,17,0.9444444444444444,194.19764704947272,11.42339100291016,18.51743586875887,0,0.0,4.3911946562244495,0.2439552586791361,0.2508570779217354,0,0.0
2770,mMTC,278.5,221.5,557,557,43639110.0,78346.69658886894,557,1.0,175.4549032801894,0.3149998263558158,0.3394706222135326,0,0.0,120.75635257386456,0.2167977604557712,0.24158739930754966,0,0.0
2771,mMTC,276.5,223.5,553,552,44223995.0,80115.9329710145,552,0.9981916817359855,174.04986577580678,0.31530772785472244,0.3408753313541656,0,0.0,120.13558040784767,0.21724336420948945,0.24248824079860998,0,0.0
2772,eMBB,497.0,3.0,19,1968,294191157.4519591,149487.37675404423,18,0.9473684210526315,198.46529664102368,11.025849813390204,19.11521773228643,0,0.0,4.579594917988678,0.24103131147308832,0.24853919045506648,0,0.0
2773,eMBB,493.5,6.5,18,1955,304922298.4401587,155970.48513563105,17,0.9444444444444444,189.804145297532,11.164949723384234,19.008507206020123,0,0.0,4.289901390866703,0.23832785504815016,0.24320763981120969,0,0.0
2774,eMBB,491.0,9.0,19,1944,308070420.1654031,158472.43835668886,18,0.9473684210526315,186.83589152608351,10.379771751449084,18.50588595686555,0,0.0,4.4480046739737285,0.23410550915651201,0.2403750860747809,0,0.0
2775,URLLC,173.75,326.25,695,695,98324354.0,141473.890647482,695,1.0,46.011769752397704,0.0662039852552485,0.06825551565519118,0,0.0,5.918711838551575,0.008516132141800827,0.010736674029286913,0,0.0
2776,eMBB,484.75,15.25,21,1917,278211156.4864165,145128.4071394974,20,0.9523809523809523,191.2508822153584,9.56254411076792,18.816671139535817,0,0.0,5.143586233976868,0.2449326778084223,0.2512844187407589,0,0.0
2777,eMBB,495.5,4.5,18,1963,294797507.4106945,150177.0287369814,17,0.9444444444444444,199.00171104565067,11.705983002685333,18.613371394375758,0,0.0,4.391516159988826,0.2439731199993792,0.24742943470193873,0,0.0
2778,eMBB,487.75,12.25,24,1926,369658116.27574635,191930.4861244789,23,0.9583333333333334,188.32366889968714,8.187985604334223,14.501304547303748,0,0.0,5.596509650974049,0.2331879021239187,0.24010831596029736,0,0.0
2779,eMBB,494.75,5.25,18,1960,292722449.0699135,149348.18830097627,17,0.9444444444444444,189.19684551347856,11.12922620667521,18.715375350703336,0,0.0,4.379375132375609,0.2432986184653116,0.24805010079601789,0,0.0
2780,eMBB,493.5,6.5,17,1956,305260162.6102918,156063.4778171226,16,0.9411764705882353,190.9015400126924,11.931346250793275,18.909043289708148,0,0.0,4.056943210111994,0.238643718241882,0.2428022502145826,0,0.0
2781,eMBB,492.0,8.0,18,1949,309530812.3647882,158815.19361969634,17,0.9444444444444444,191.93029972521572,11.290017630895042,18.206654955174628,0,0.0,4.211646463243374,0.23398035906907635,0.24124833098168044,0,0.0
2782,eMBB,492.25,7.75,19,1949,285273963.34628487,146369.40140907382,18,0.9473684210526315,192.39208795048432,10.688449330582463,18.416411551972487,0,0.0,4.715111874737858,0.2481637828809399,0.2513163708822539,0,0.0
2783,URLLC,156.75,343.25,627,627,87522355.0,139589.08293460924,627,1.0,41.2081745013356,0.06572276634981754,0.06755026892485876,0,0.0,5.006152420950976,0.007984294132298207,0.010050268924858753,0,0.0
2784,eMBB,489.75,10.25,16,1942,292035233.0566726,150378.5958067315,15,0.9375,185.71879430326518,12.381252953551012,18.21398379134447,0,0.0,3.84487254607473,0.24030453412967062,0.24825557632570752,0,0.0
2785,eMBB,495.75,4.25,22,1960,376737601.0767003,192213.0617738267,21,0.9545454545454546,193.19839330206034,9.199923490574301,14.80199799412117,0,0.0,5.1103015267207885,0.2322864330327631,0.23995602380479716,0,0.0
2786,eMBB,491.0,9.0,20,1943,289667484.4831014,149082.59623422616,19,0.95,197.219115507585,10.379953447767631,19.616119969708958,0,0.0,4.866551900226869,0.24332759501134346,0.24796560973076603,0,0.0
2787,URLLC,180.25,319.75,721,721,99987982.0,138679.5866851595,721,1.0,48.216388591920925,0.06687432537020933,0.06922317190640725,0,0.0,6.588195299228569,0.00913758016536556,0.011263993139267583,0,0.0
2788,mMTC,243.75,256.25,488,487,39609231.0,81333.12320328542,487,0.9979508196721312,155.69493173159898,0.3197021185453778,0.35780613183664495,0,0.0,107.80569571963319,0.2209133109008877,0.25945619064006376,0,0.0
2789,eMBB,492.75,7.25,19,1951,286184063.5908249,146685.83474670677,18,0.9473684210526315,189.9534297103788,10.552968317243266,18.615970466012595,0,0.0,4.678679662026401,0.2462462980013895,0.25048594113222544,0,0.0
2790,eMBB,489.25,10.75,17,1939,283290193.7249546,146101.18294221486,16,0.9411764705882353,183.8787079921958,11.492419249512238,19.917960427902766,0,0.0,4.142414489495675,0.2436714405585691,0.2507970587867566,0,0.0
2791,eMBB,492.0,8.0,19,1948,290866552.00016624,149315.4784395104,18,0.9473684210526315,186.05894687275887,10.336608159597715,18.11434902214991,0,0.0,4.583223459265388,0.24122228732975726,0.24752501970240792,0,0.0
2792,eMBB,491.75,8.25,24,1942,373188614.0576523,192167.15450960468,23,0.9583333333333334,184.7893745143318,8.034320631057904,14.903415801889436,0,0.0,5.667191682964675,0.2361329867901948,0.23919815239260617,0,0.0
2793,eMBB,494.25,5.75,15,1961,295108699.80905646,150488.883125475,14,0.9333333333333333,188.94673572431128,13.496195408879377,19.21386316303195,0,0.0,3.636998473405326,0.2424665648936884,0.24813879776282372,0,0.0
2794,eMBB,495.25,4.75,19,1961,305696422.36274767,155888.0277219519,18,0.9473684210526315,198.57795845952054,11.032108803306697,18.80915177247826,0,0.0,4.498940327604028,0.23678633303179092,0.24316675610657665,0,0.0
2795,mMTC,297.75,202.25,596,595,48162124.0,80944.7462184874,595,0.9983221476510067,190.5772475114067,0.32029789497715416,0.3525256885214336,0,0.0,132.18976329568034,0.22179490485852404,0.25360078117100626,0,0.0
2796,URLLC,179.0,321.0,716,716,98797349.0,137985.12430167597,716,1.0,47.46361584742635,0.06628996626735523,0.06844031174612741,0,0.0,6.197323556272454,0.008655479827196165,0.010754625575789486,0,0.0
2797,eMBB,496.25,3.75,18,1966,285756300.9025433,145349.08489447777,17,0.9444444444444444,192.1598190781519,11.303518769303054,18.783259709012665,0,0.0,4.45854615017472,0.24769700834303998,0.2517645891803666,0,0.0
2798,eMBB,496.0,4.0,16,1967,296219803.0686988,150594.71432063996,15,0.9375,182.778933195625,12.185262213041666,19.514980379321788,0,0.0,3.9087600922727925,0.24429750576704953,0.24808390666152758,0,0.0
2799,eMBB,481.75,18.25,21,1905,365611825.2692163,191922.21798908993,20,0.9523809523809523,190.37763221797388,9.518881610898694,14.20421464971972,0,0.0,4.959256897340013,0.23615509034952442,0.2394878804985664,0,0.0
2800,mMTC,268.0,232.0,536,535,43950287.0,82150.0691588785,535,0.9981343283582089,163.36299739574133,0.30535139700138564,0.32691953323404976,0,0.0,111.3746114708089,0.20778845423658376,0.22969731101182753,0,0.0
2801,eMBB,496.25,3.75,17,1967,306940031.91498065,156044.7544051757,16,0.9411764705882353,184.13024988854505,11.508140618034066,18.408703761068708,0,0.0,4.088806957920717,0.24051805634827747,0.242890325608843,0,0.0
2802,eMBB,488.5,11.5,17,1936,307854402.3138446,159015.7036745065,16,0.9411764705882353,194.88057730059683,12.180036081287302,18.105028819808272,0,0.0,4.032736445555848,0.23721979091504988,0.24085463394557036,0,0.0
2803,mMTC,314.5,185.5,629,629,50805171.0,80771.33704292528,629,1.0,192.6567959021478,0.3062906135169281,0.3280935001828923,0,0.0,131.1874656170198,0.2085651281669631,0.23087127796066997,0,0.0
2804,URLLC,160.25,339.75,641,640,88244611.0,137882.2046875,640,0.9984399375975039,42.065371159870566,0.06572714243729776,0.06798963280069648,0,0.0,5.1577937108635,0.008046480048148986,0.010316709339158002,0,0.0
2805,mMTC,275.0,225.0,550,550,42814005.0,77843.64545454546,550,1.0,173.6668589909929,0.3157579254381689,0.34126003512649644,0,0.0,119.72769677492448,0.2176867214089536,0.24255387273333404,0,0.0
2806,URLLC,163.0,337.0,652,652,94752296.0,145325.6073619632,652,1.0,43.4313688310588,0.06661252888199203,0.06883180164217391,0,0.0,5.88967978772543,0.009033251208167838,0.011291783308840566,0,0.0
2807,eMBB,493.5,6.5,19,1954,292085665.0546918,149480.89306790777,18,0.9473684210526315,194.46485378209897,10.803602987894386,19.014114169541248,0,0.0,4.583764278442456,0.24125075149697137,0.24783546624895927,0,0.0
2808,eMBB,494.25,5.75,17,1959,305936009.89183867,156169.47927097432,16,0.9411764705882353,189.71173432595424,11.85698339537214,18.909985402473126,0,0.0,4.071170934476525,0.23948064320450146,0.24241159596129522,0,0.0
2809,URLLC,190.0,310.0,760,759,107455254.0,141574.7747035573,759,0.9986842105263158,50.24491974322837,0.06619884024140761,0.06826533400133573,0,0.0,6.559993697135427,0.008631570654125563,0.010748484398816566,0,0.0
2810,eMBB,491.0,9.0,16,1947,288434308.0,148142.94196199282,15,0.9375,197.93603275836082,13.195735517224055,19.815951608857137,0,0.0,3.9661672575928,0.24788545359955,0.25073636110565156,0,0.0
2811,eMBB,493.5,6.5,17,1956,285951117.4436947,146191.77783419975,16,0.9411764705882353,181.83499968007936,11.36468748000496,19.817184919191202,0,0.0,4.204160881391059,0.24730358125829757,0.2519769569907533,0,0.0
2812,eMBB,498.0,2.0,17,1974,295265287.46001005,149577.14663627662,16,0.9411764705882353,191.06680189436148,11.941675118397592,19.014671724645073,0,0.0,4.129958566497417,0.24293873920573042,0.24789205306346265,0,0.0
2813,eMBB,491.5,8.5,23,1942,373208348.17325735,192177.31625811398,22,0.9565217391304348,194.5710483394578,8.844138560884446,15.203928209785637,0,0.0,5.4180141894882325,0.23556583432557532,0.23946264042648116,0,0.0
2814,eMBB,496.25,3.75,19,1965,293138562.1920995,149179.92986875292,18,0.9473684210526315,193.86099240564215,10.770055133646785,18.715364379859174,0,0.0,4.582957545174072,0.24120829185126694,0.24779481834396622,0,0.0
2815,eMBB,491.75,8.25,18,1948,302764560.171262,155423.28550886142,17,0.9444444444444444,187.75006499399979,11.044121470235282,18.708027150389217,0,0.0,4.341275312591585,0.2411819618106436,0.24318187523164356,0,0.0
2816,eMBB,490.0,10.0,24,1935,303793212.62879574,156999.07629395128,23,0.9583333333333334,196.99544146098773,8.565019193955989,18.4083446085426,0,0.0,5.674049760114462,0.23641874000476926,0.2404838222407873,0,0.0
2817,mMTC,282.0,218.0,564,564,44664686.0,79192.70567375887,564,1.0,173.0243912610318,0.3067808355692053,0.32975384091368787,0,0.0,117.98552205761291,0.20919418804541295,0.2316788463837734,0,0.0
2818,eMBB,497.25,2.75,18,1970,287068714.8622821,145720.1598285696,17,0.9444444444444444,189.69658582598802,11.158622695646354,18.116867330011594,0,0.0,4.395952747598842,0.24421959708882454,0.251598233189262,0,0.0
2819,eMBB,493.75,6.25,20,1954,291487469.5950988,149174.7541428346,19,0.95,198.9685611160496,10.472029532423663,19.81234594346853,0,0.0,4.829156199538492,0.2414578099769246,0.24833960871913158,0,0.0
2820,eMBB,486.25,13.75,21,1923,369513258.59639925,192154.58065335374,20,0.9523809523809523,193.38584140190983,9.66929207009549,15.20506292849013,0,0.0,4.971820668945644,0.2367533651878878,0.23952262101788488,0,0.0
2821,eMBB,492.0,8.0,19,1948,290790501.97858834,149276.4383873657,18,0.9473684210526315,197.06542656833722,10.948079253796513,16.91628318700794,0,0.0,4.588994268627013,0.24152601413826383,0.2483089090031554,0,0.0
2822,URLLC,185.0,315.0,740,740,104338430.0,140997.87837837837,740,1.0,49.55206150711148,0.06696224527988039,0.06965944686121175,0,0.0,6.869633655188364,0.00928328872322752,0.011996629938134837,0,0.0
2823,mMTC,240.75,259.25,482,481,37924566.0,78845.25155925156,481,0.9979253112033195,154.23620159844504,0.32065738378055103,0.35379873570092085,0,0.0,107.08350989417164,0.22216495828666316,0.255017447837673,0,0.0
2824,eMBB,496.5,3.5,16,1969,290017158.4246699,147291.59899678512,15,0.9375,189.45064419793175,12.630042946528784,19.315828370447274,0,0.0,3.881883624752929,0.24261772654705807,0.2502798417062446,0,0.0
2825,eMBB,474.0,26.0,14,1874,276517389.4931482,147554.6368693427,13,0.9285714285714286,196.07403870506022,15.08261836192771,23.718253498373706,0,0.0,3.398164130795986,0.24272600934257044,0.2522848500333297,0,0.0
2826,mMTC,254.5,245.5,509,508,42268432.0,83205.5748031496,508,0.9980353634577603,160.626268005909,0.31619344095651375,0.34276495678392344,0,0.0,111.08102506762303,0.21823384099729476,0.24544156245755003,0,0.0
2827,mMTC,261.75,238.25,524,523,40741971.0,77900.51816443594,523,0.9980916030534351,165.4899138402085,0.3164243094459053,0.34235330891464966,0,0.0,114.2000291374308,0.2179389869034939,0.2444505625257607,0,0.0
2828,eMBB,493.0,7.0,19,1952,292674565.0447973,149935.74028934288,18,0.9473684210526315,191.46817141588693,10.63712063421594,19.71500920673511,0,0.0,4.594360573435937,0.24180845123347036,0.24918116498391826,0,0.0
2829,eMBB,493.5,6.5,16,1957,305524246.4510016,156118.67473224405,15,0.9375,186.04342975280457,12.402895316853638,18.609382148877156,0,0.0,3.77522065922894,0.23595129120180874,0.24337023000675656,0,0.0
2830,eMBB,490.75,9.25,21,1941,306380907.36972237,157846.9383666782,20,0.9523809523809523,192.14322879867368,9.607161439933684,17.308780738648625,0,0.0,4.926921643346529,0.2346153163498347,0.2410920956056144,0,0.0
2831,eMBB,486.75,13.25,20,1926,283225985.1468125,147053.99021122145,19,0.95,194.9789564329257,10.262050338575037,19.283435874838055,0,0.0,4.9408801563036535,0.24704400781518268,0.2506528859407916,0,0.0
2832,eMBB,491.0,9.0,18,1945,284051876.9506717,146042.09611859726,17,0.9444444444444444,197.05776936785492,11.59163349222676,19.616984017683404,0,0.0,4.4610377141058875,0.2478354285614382,0.2518135829314565,0,0.0
2833,mMTC,299.5,200.5,599,599,46479950.0,77595.90984974959,599,1.0,189.26054582727494,0.3159608444528797,0.3435073017411884,0,0.0,130.6425998433432,0.2181011683528267,0.2455576538779405,0,0.0
2834,mMTC,272.0,228.0,544,543,44939814.0,82762.08839779005,543,0.9981617647058824,171.8804848792427,0.3165386461864506,0.34037513327416025,0,0.0,118.9540931744609,0.2186656124530531,0.243152911051938,0,0.0
2835,URLLC,171.75,328.25,687,686,97387127.0,141963.7419825073,686,0.9985443959243085,45.68385790059675,0.06659454504460167,0.06915510140768587,0,0.0,6.207005678487835,0.009034942763446631,0.011528354869224327,0,0.0
2836,eMBB,489.5,10.5,22,1935,298161643.039424,154088.70441313903,21,0.9545454545454546,189.76834312191727,9.036587767710346,18.70833485198707,0,0.0,5.294636386445559,0.24066529029297995,0.24348021672768366,0,0.0
2837,eMBB,493.0,7.0,19,1952,309089313.6434424,158344.93526815696,18,0.9473684210526315,194.12726288666525,10.784847938148069,18.406568966239615,0,0.0,4.447974692730025,0.2341039311963171,0.24040705434815693,0,0.0
2838,eMBB,486.75,13.25,16,1930,284606163.52094895,147464.33343054348,15,0.9375,188.8938660960018,12.59292440640012,20.01692546379835,0,0.0,3.9275572781860024,0.24547232988662515,0.25046988115366553,0,0.0
2839,eMBB,483.5,16.5,19,1914,278646041.08375776,145583.09356518168,18,0.9473684210526315,188.89436352893262,10.494131307162924,20.11693757189507,0,0.0,4.732998128771553,0.249105164672187,0.25159536167708346,0,0.0
2840,eMBB,495.25,4.75,18,1962,293667393.00000054,149677.5703363917,17,0.9444444444444444,199.7364668072637,11.749203929839041,17.913992592312585,0,0.0,4.333892232710855,0.2407717907061586,0.2475857869085476,0,0.0
2841,eMBB,491.5,8.5,23,1943,373151314.0000001,192049.05506948024,23,1.0,198.91471028475513,8.648465664554571,15.303424445869869,0,0.0,5.365838499075053,0.23329732604674144,0.2395538959015218,0,0.0
2842,URLLC,176.25,323.75,705,705,102004662.0,144687.46382978724,705,1.0,46.9715702097616,0.0666263407230661,0.06926949846922434,0,0.0,6.4340702097616145,0.00912634072306612,0.011769498469224328,0,0.0
2843,mMTC,296.5,203.5,593,593,48843328.0,82366.48903878583,593,1.0,185.20375147268933,0.31231661293876783,0.3341881922060367,0,0.0,127.07480470038168,0.21429140758917653,0.2357313282744127,0,0.0
2844,mMTC,313.5,186.5,627,626,48760391.0,77891.99840255591,626,0.9984051036682615,200.84151981460778,0.32083309874537985,0.3590192475041316,0,0.0,139.80880375784352,0.22298054825812363,0.2613099128032769,0,0.0
2845,eMBB,492.0,8.0,16,1951,286910083.83057535,147057.96198389307,15,0.9375,191.73508037616213,12.782338691744142,19.715239325496412,0,0.0,3.9691798949855066,0.24807374343659416,0.2500126432997581,0,0.0
2846,eMBB,496.25,3.75,17,1967,287630295.6883198,146227.90833163183,16,0.9411764705882353,183.88010445568136,11.492506528480085,19.118249780410352,0,0.0,4.1557492999452945,0.2444558411732526,0.2515100496530309,0,0.0
2847,mMTC,255.75,244.25,512,511,39607727.0,77510.228962818,511,0.998046875,161.6341839902651,0.3163095577108906,0.3375464687879084,0,0.0,111.68053240838466,0.2181260398601263,0.2396033070785067,0,0.0
2848,mMTC,299.75,200.25,600,599,48285842.0,80610.75459098497,599,0.9983333333333333,190.31031902989884,0.3177133873621016,0.34322955509304354,0,0.0,131.71906514517667,0.21953177524196113,0.24600733287082124,0,0.0
2849,eMBB,491.0,9.0,21,1942,289396903.5703943,149020.03273449757,20,0.9523809523809523,196.82033289353413,9.841016644676706,19.61263642470859,0,0.0,5.109320052929209,0.2433009549013909,0.2479269532468364,0,0.0
2850,eMBB,495.25,4.75,17,1963,306693770.2442003,156237.2747041265,16,0.9411764705882353,185.98498973265106,11.624061858290691,18.507120799613634,0,0.0,4.048946192840172,0.2381733054611866,0.2430444046560684,0,0.0
2851,eMBB,494.25,5.75,19,1957,308656969.2899942,157719.4528819592,18,0.9473684210526315,193.86693994342693,10.770385552412607,16.30755459054588,0,0.0,4.489615446442371,0.23629554981275636,0.24101780341623338,0,0.0
2852,eMBB,494.0,6.0,20,1955,285891342.1542324,146235.98064155108,19,0.95,187.50046967582867,9.868445772412036,19.116921540737742,0,0.0,4.96814171197869,0.2484070855989345,0.2509818356656017,0,0.0
2853,eMBB,493.5,6.5,20,1953,283649506.96702605,145237.84278905584,19,0.95,192.66046881644792,10.14002467454989,19.262694077117764,0,0.0,4.9356774501186305,0.24678387250593153,0.2515472741399213,0,0.0
2854,eMBB,489.75,10.25,19,1939,289532796.736609,149320.6790802522,18,0.9473684210526315,194.34242765096812,10.796801536164896,18.612823967309446,0,0.0,4.673488357894007,0.24597307146810563,0.2474563224228177,0,0.0
2855,URLLC,185.0,315.0,740,739,101844335.0,137813.71447902572,739,0.9986486486486487,49.2939230768422,0.06670354949505033,0.0690679079116468,0,0.0,6.784703625830651,0.009168518413284664,0.011567907911646786,0,0.0
2856,mMTC,289.5,210.5,579,578,45158910.0,78129.60207612457,578,0.998272884283247,176.82327485107376,0.3059226208496086,0.32343685314484427,0,0.0,120.71219903002043,0.20848393614856722,0.22621463092262198,0,0.0
2857,eMBB,492.5,7.5,19,1950,302964345.10032874,155366.3308206814,18,0.9473684210526315,181.36272911445616,10.075707173025343,18.80850413922025,0,0.0,4.496594754521187,0.23666288181690456,0.2426637342978195,0,0.0
2858,eMBB,487.75,12.25,18,1932,306099308.4861699,158436.4950756573,17,0.9444444444444444,187.8757636771548,11.05151551042087,18.206488173012062,0,0.0,4.268395034653106,0.2371330574807281,0.24055457559074883,0,0.0
2859,eMBB,493.0,7.0,20,1951,286291944.52094954,146741.12994410534,19,0.95,191.82047934575115,10.095814702407955,19.516134974800476,0,0.0,4.888357512173127,0.24441787560865635,0.25015440836870495,0,0.0
2860,URLLC,166.75,333.25,667,666,93780577.0,140811.6771771772,666,0.9985007496251874,43.86870094915038,0.06586892034406965,0.06814757614491543,0,0.0,5.496798833985434,0.00824107771212209,0.010647576144915427,0,0.0
2861,mMTC,286.0,214.0,572,572,45247983.0,79104.86538461539,572,1.0,181.291749134456,0.3169436173679301,0.3411488913513041,0,0.0,125.4657655905243,0.21934574403937815,0.24392666912908187,0,0.0
2862,mMTC,262.5,237.5,525,524,42626740.0,81348.74045801527,524,0.9980952380952381,166.5356824768644,0.3178161879329473,0.3407808960391901,0,0.0,115.56850745674949,0.22013049039380855,0.24350463270585673,0,0.0
2863,eMBB,493.5,6.5,17,1956,293326297.281701,149962.31967367127,16,0.9411764705882353,198.81792749867964,12.426120468667477,19.914917127719093,0,0.0,4.1814911878536485,0.24597006987374403,0.249132413696057,0,0.0
2864,mMTC,287.5,212.5,575,575,45224703.0,78651.65739130435,575,1.0,179.9102243895993,0.3128873467645205,0.3342566825898181,0,0.0,123.65415276874447,0.21505070046738167,0.23633109626503185,0,0.0
2865,eMBB,491.5,8.5,20,1945,307641717.6893329,158170.54894053107,19,0.95,194.43453449468348,10.233396552351762,18.105548771248316,0,0.0,4.694661027968418,0.23473305139842088,0.24088022118549107,0,0.0
2866,eMBB,493.75,6.25,16,1958,290052479.90131027,148137.11945930045,15,0.9375,194.99060754125952,12.999373836083969,19.51573547986698,0,0.0,3.9305455443799517,0.24565909652374698,0.2505102432970934,0,0.0
2867,eMBB,495.25,4.75,14,1966,289923061.5630399,147468.49519991857,13,0.9285714285714286,197.32053651984089,15.17850280921853,19.416354427938458,0,0.0,3.399169333742333,0.2427978095530238,0.25161633174912146,0,0.0
2868,eMBB,491.75,8.25,23,1943,288110683.81914485,148281.36068921504,22,0.9565217391304348,191.6052146543871,8.709327938835777,16.51404988677751,0,0.0,5.5679761710935365,0.24208592048232766,0.24806042089319552,0,0.0
2869,eMBB,487.5,12.5,23,1926,369756642.8004237,191981.6421601369,22,0.9565217391304348,193.3475123861135,8.788523290277887,14.803992683708959,0,0.0,5.402579885708957,0.23489477763951988,0.23823886037797323,0,0.0
2870,eMBB,494.5,5.5,15,1962,295202014.36646724,150459.74228668056,14,0.9333333333333333,196.06424894006406,14.004589210004577,19.214278317450304,0,0.0,3.6635566639391834,0.24423711092927888,0.24861068398898808,0,0.0
2871,URLLC,211.0,289.0,844,843,119691102.0,141982.32740213524,843,0.9988151658767772,56.52055726657783,0.06704692439688947,0.0697974090912923,0,0.0,7.964394237186617,0.00943648606301732,0.012297409091292288,0,0.0
2872,eMBB,493.5,6.5,21,1952,308847464.0863735,158221.0369294946,20,0.9523809523809523,197.7436397751171,9.887181988755854,17.907176449309613,0,0.0,4.938337354216447,0.23515892162935462,0.2408550427015096,0,0.0
2873,eMBB,493.75,6.25,18,1957,289082236.00000006,147717.03423607565,18,1.0,199.49877624339314,11.083265346855175,19.513679030703916,0,0.0,4.388094536797245,0.24378302982206915,0.2519231408510575,0,0.0
2874,eMBB,493.75,6.25,19,1955,284580407.67686874,145565.425921672,18,0.9473684210526315,192.50812109093917,10.694895616163286,20.118166647976842,0,0.0,4.653058063448479,0.24489779281307786,0.2515991780096447,0,0.0
2875,eMBB,493.0,7.0,19,1952,292417688.9398455,149804.14392410117,18,0.9473684210526315,187.207016215748,10.400389789763778,18.713679713110732,0,0.0,4.642359441525916,0.24433470744873242,0.24770180191340438,0,0.0
2876,eMBB,485.0,15.0,23,1916,367892163.0507559,192010.52351292063,22,0.9565217391304348,185.00578506097676,8.409353866408035,15.103691850559995,0,0.0,5.3646173428573585,0.23324423229814603,0.24030528010847924,0,0.0
2877,eMBB,495.25,4.75,19,1961,292429610.38615674,149122.69780018192,18,0.9473684210526315,193.56140993342038,10.7534116629678,19.013007321137636,0,0.0,4.594944041139657,0.24183916005998193,0.24851266558977406,0,0.0
2878,mMTC,287.5,212.5,575,574,44350345.0,77265.4094076655,574,0.9982608695652174,179.62942856194059,0.31294325533439127,0.3315237828660035,0,0.0,123.72441918591224,0.2151729029320213,0.2339143907292513,0,0.0
2879,eMBB,493.0,7.0,17,1954,311326698.18039155,159327.8905733836,16,0.9411764705882353,191.7412290464072,11.98382681540045,18.253812982354003,0,0.0,4.004841378912065,0.2355789046418862,0.2404391328287895,0,0.0
2880,eMBB,494.5,5.5,18,1959,288380336.18324965,147207.93067036735,17,0.9444444444444444,184.47755858391528,10.851621093171488,19.01486162567315,0,0.0,4.383077754802728,0.24350431971126266,0.2507454833310605,0,0.0
2881,eMBB,492.25,7.75,14,1954,287843182.64597803,147309.71476252715,13,0.9285714285714286,195.3932512197261,15.030250093825085,19.91612082967331,0,0.0,3.4755886877285507,0.2482563348377536,0.2512218615754209,0,0.0
2882,eMBB,491.75,8.25,18,1948,291373214.47163165,149575.57211069387,17,0.9444444444444444,180.1823103775292,10.598959433972306,19.413572272497547,0,0.0,4.385631191290408,0.24364617729391153,0.24829320215735795,0,0.0
2883,eMBB,490.25,9.75,23,1937,371444102.80042344,191762.57243181387,22,0.9565217391304348,194.4033801108185,8.836517277764477,15.105030611702693,0,0.0,5.363059948335464,0.23317651949284626,0.2392749149088368,0,0.0
2884,eMBB,493.5,6.5,16,1957,293662507.5215786,150057.4897913023,15,0.9375,196.10108015887297,13.073405343924865,19.613199335615853,0,0.0,3.9377559541899254,0.24610974713687034,0.24831996604969447,0,0.0
2885,mMTC,297.25,202.75,595,594,47713274.0,80325.3771043771,594,0.9983193277310924,186.22798478395057,0.3135151258989067,0.33520505148768265,0,0.0,128.23909683762585,0.21552789384474932,0.23732186345349465,0,0.0
2886,eMBB,493.25,6.75,18,1954,309901704.0529317,158598.62029320968,17,0.9444444444444444,194.4160038072077,11.43623551807104,18.104852138108342,0,0.0,4.213767554372652,0.23409819746514732,0.24158550881229426,0,0.0
2887,eMBB,493.75,6.25,17,1957,288402864.6191709,147369.8848335058,16,0.9411764705882353,191.72842575223683,11.983026609514802,20.0150352437952,0,0.0,4.203044612597736,0.24723791838810213,0.25026204756135373,0,0.0
2888,mMTC,286.0,214.0,572,572,44405396.0,77631.81118881119,572,1.0,177.77538027551984,0.31079611936279694,0.32989056015569196,0,0.0,121.81036452440881,0.21295518273498043,0.2321814379383853,0,0.0
2889,mMTC,238.25,261.75,477,476,37529499.0,78843.48529411765,476,0.9979035639412998,151.08767874715875,0.31741108980495536,0.34473179560149636,0,0.0,104.6619026076715,0.21941698659889203,0.24750957337927407,0,0.0
2890,eMBB,492.5,7.5,23,1946,374293112.9201891,192339.7291470653,22,0.9565217391304348,196.19632908967512,8.918014958621596,15.406276505850977,0,0.0,5.3583454158387145,0.23297153981907454,0.23927273338656802,0,0.0
2891,eMBB,490.5,9.5,20,1941,289100995.5056524,148944.35626257208,19,0.95,185.7116657185211,9.774298195711637,18.014181513347832,0,0.0,4.878291225674993,0.24391456128374966,0.2483788031652557,0,0.0
2892,eMBB,492.0,8.0,17,1950,304289189.9149805,156045.7384179387,16,0.9411764705882353,182.39923819160074,11.399952386975047,18.208546082114015,0,0.0,4.069240116725885,0.23936706568975794,0.24290601787297708,0,0.0
2893,eMBB,490.5,9.5,21,1940,305546105.30477077,157497.99242513956,20,0.9523809523809523,183.5706169047311,9.178530845236555,17.00486975310945,0,0.0,4.968562308115268,0.2365982051483461,0.24114288955950725,0,0.0
2894,eMBB,488.0,12.0,17,1934,285076317.9016274,147402.43945275462,16,0.9411764705882353,184.41051564906405,11.525657228066503,19.3162548531181,0,0.0,4.18857476176108,0.24638675069182825,0.25027508113188,0,0.0
2895,eMBB,493.25,6.75,15,1957,287832325.2774933,147078.34710142732,14,0.9333333333333333,198.5041602988666,14.178868592776185,20.11680276845219,0,0.0,3.719287219547068,0.24795248130313788,0.25155081109140653,0,0.0
2896,eMBB,476.75,23.25,17,1875,282368869.7813901,150596.73055007472,16,0.9411764705882353,196.72384893838122,12.295240558648826,24.286021364231097,0,0.0,4.138829320243044,0.24346054824959082,0.24811860134171562,0,0.0
2897,mMTC,271.0,229.0,542,542,43496569.0,80251.97232472325,542,1.0,172.30843198895258,0.31791223614197894,0.3424963408638637,0,0.0,119.39224216534137,0.22028088960395087,0.2452741186416414,0,0.0
2898,eMBB,491.0,9.0,16,1947,292220950.6849655,150087.8020980819,15,0.9375,195.19631113460431,13.013087408973622,18.114113309972023,0,0.0,3.9361513025459685,0.24600945640912303,0.2481811748647642,0,0.0
2899,mMTC,304.5,195.5,609,608,48811818.0,80282.59539473684,608,0.9983579638752053,190.53984905716885,0.3133879096335014,0.3385118610715506,0,0.0,131.47805365737648,0.21589171372311408,0.2412896388493284,0,0.0
2900,eMBB,490.0,10.0,23,1936,303290277.07777387,156658.2009699245,22,0.9565217391304348,190.8844324737746,8.676565112444301,16.307072277235832,0,0.0,5.450576156912543,0.2369815720396758,0.24087973676034663,0,0.0
2901,URLLC,183.75,316.25,735,735,100649071.0,136937.51156462586,735,1.0,48.82688073864854,0.06643113025666468,0.06876927952914227,0,0.0,6.5093354255715665,0.008856238674247029,0.011081933797240142,0,0.0
2902,URLLC,221.75,278.25,887,887,124698953.0,140585.0653889515,887,1.0,58.485608656456726,0.06593642464087568,0.06799105892948365,0,0.0,7.432860239533628,0.008379774790906007,0.010491058929483637,0,0.0
2903,eMBB,492.5,7.5,20,1949,290631550.4886731,149118.2916822335,19,0.95,194.7155215024727,10.248185342235406,17.709251299075554,0,0.0,4.889132407497002,0.2444566203748501,0.24807728157371317,0,0.0
2904,eMBB,493.75,6.25,23,1951,373808758.60467577,191598.5436210537,22,0.9565217391304348,193.12743236207982,8.77851965282181,14.303093689360264,0,0.0,5.389649678315894,0.23433259470938667,0.2392520039407019,0,0.0
2905,eMBB,490.5,9.5,15,1946,292169276.8382248,150138.3745314619,14,0.9333333333333333,191.43727538213238,13.674091098723741,19.714050049298873,0,0.0,3.6435275017625357,0.2429018334508357,0.24823266440828476,0,0.0
2906,eMBB,490.75,9.25,18,1944,303205359.41816884,155969.83509165063,17,0.9444444444444444,184.35164268162777,10.844214275389868,18.20700450732461,0,0.0,4.254238067001218,0.23634655927784542,0.24367733135088232,0,0.0
2907,mMTC,305.0,195.0,610,610,47598996.0,78031.14098360656,610,1.0,196.39640191464835,0.32196131461417765,0.3557889013879936,0,0.0,136.75918866883617,0.22419539126038718,0.2577008183110705,0,0.0
2908,eMBB,488.5,11.5,19,1934,284554057.86316985,147132.3980678231,18,0.9473684210526315,191.64227204879347,10.646792891599638,19.616391366746484,0,0.0,4.688218595059174,0.2467483471083776,0.25075719563821997,0,0.0
2909,URLLC,169.75,330.25,679,679,99036435.0,145856.31075110455,679,1.0,44.799623247194795,0.06597882657907923,0.06768453771554864,0,0.0,5.757123247194765,0.008478826579079182,0.010184537715548626,0,0.0
2910,eMBB,494.0,6.0,17,1958,293289008.66924864,149790.09635814538,16,0.9411764705882353,192.78533541462954,12.049083463414346,18.61337794963828,0,0.0,4.160016375028532,0.24470684558991368,0.24720791729843875,0,0.0
2911,eMBB,492.0,8.0,20,1947,376333080.1580175,193288.69037391758,19,0.95,185.97844810905846,9.788339374160971,14.317969348998552,0,0.0,4.645949452284792,0.23229747261423958,0.23931806050150076,0,0.0
2912,eMBB,492.5,7.5,23,1946,287558567.6370617,147769.048117709,22,0.9565217391304348,193.69174798618565,8.804170363008438,17.413231566353584,0,0.0,5.6630150695831105,0.2462180465036135,0.249079446482724,0,0.0
2913,eMBB,492.0,8.0,16,1951,304415398.92908424,156030.4453762605,15,0.9375,195.38613808438237,13.025742538958825,18.00911976149314,0,0.0,3.8243284951292646,0.23902053094557904,0.2436154371845793,0,0.0
2914,mMTC,266.25,233.75,533,532,43089211.0,80994.75751879699,532,0.99812382739212,171.4139671488188,0.32220670516695266,0.3606864976324933,0,0.0,119.47080541172478,0.22414785255483075,0.26346427541027106,0,0.0
2915,eMBB,494.0,6.0,21,1954,285834556.95701283,146281.75893398814,20,0.9523809523809523,180.7313695048278,9.03656847524139,16.31578855433869,0,0.0,5.1430243810005685,0.24490592290478896,0.2507649043067271,0,0.0
2916,eMBB,491.25,8.75,19,1945,282469270.80047923,145228.4168639996,18,0.9473684210526315,192.64665041566204,10.702591689759002,19.81550952684187,0,0.0,4.696930737530783,0.2472068809226728,0.2517526798189859,0,0.0
2917,eMBB,493.75,6.25,20,1954,291628318.93669033,149246.83671273815,19,0.95,197.00442852808933,10.368654133057333,17.61325716334732,0,0.0,4.881881827168996,0.2440940913584498,0.2488955084985047,0,0.0
2918,eMBB,489.5,10.5,28,1929,368225893.5564251,190889.5249126102,27,0.9642857142857143,196.56266857610134,7.280098836151901,13.90345668036617,0,0.0,6.600746704055419,0.23574095371626497,0.23991423535546974,0,0.0
2919,eMBB,497.0,3.0,15,1972,296494344.956707,150352.10190502382,14,0.9333333333333333,185.99760490114306,13.285543207224505,19.61497584059391,0,0.0,3.6056849255623398,0.24037899503748933,0.24833890938311487,0,0.0
2920,eMBB,493.75,6.25,20,1954,302877633.1693443,155003.90643262246,19,0.95,197.5563323759503,10.397701703997384,18.709810030275975,0,0.0,4.829751767014973,0.24148758835074866,0.2432610912650783,0,0.0
2921,mMTC,299.0,201.0,598,598,47610802.0,79616.72575250836,598,1.0,192.8570857501955,0.3225034878765811,0.35638198343927574,0,0.0,134.5516667792552,0.22500278725627962,0.2591597612170534,0,0.0
2922,eMBB,494.0,6.0,17,1958,287828912.6402101,147001.4875588407,16,0.9411764705882353,189.14699570057098,11.821687231285686,19.812177904035302,0,0.0,4.228426670617086,0.24873098062453447,0.25039592584535453,0,0.0
2923,eMBB,489.0,11.0,18,1937,282834824.0231794,146016.94580442924,17,0.9444444444444444,195.58637956946865,11.505081151145214,19.916246969066876,0,0.0,4.505049175557453,0.2502805097531918,0.25282055837235845,0,0.0
2924,mMTC,284.5,215.5,569,569,44982536.0,79055.42355008787,569,1.0,181.1413340597401,0.31835032347933234,0.336926123689197,0,0.0,125.72993696982536,0.22096649731076512,0.23958066972454567,0,0.0
2925,eMBB,487.75,12.25,24,1926,368884686.75491244,191528.91316454436,23,0.9583333333333334,189.16471432441463,8.22455279671368,14.904527650936043,0,0.0,5.6661009651416245,0.23608754021423436,0.2390632116950393,0,0.0
2926,eMBB,492.75,7.25,17,1953,292020759.8419957,149524.19858781144,16,0.9411764705882353,191.61620495904643,11.976012809940402,19.011966224609676,0,0.0,4.193660651183457,0.24668592065785042,0.24903919679100342,0,0.0
2927,eMBB,493.25,6.75,17,1955,305664569.3163557,156350.16333317428,16,0.9411764705882353,197.3149008923711,12.332181305773194,18.80784003205643,0,0.0,4.090280554103859,0.24060473847669758,0.24379769299937493,0,0.0
2928,mMTC,293.0,207.0,586,586,48814880.0,83301.84300341297,586,1.0,188.9279837001019,0.32240270255990083,0.3461620110846393,0,0.0,131.88654267377703,0.2250623595115649,0.24869310578549403,0,0.0
2929,mMTC,239.25,260.75,479,478,37932052.0,79355.75732217573,478,0.9979123173277662,147.31319104182253,0.30818659213770405,0.32783370070030515,0,0.0,100.71230114917287,0.2102553259899225,0.2306114784780829,0,0.0
2930,mMTC,285.75,214.25,572,571,43704729.0,76540.68126094571,571,0.9982517482517482,177.75911044053595,0.31131192721635015,0.33221175077411486,0,0.0,121.95863859130523,0.2132144031316525,0.23481576821001224,0,0.0
2931,eMBB,490.0,10.0,21,1938,287488091.6914518,148342.66857144056,20,0.9523809523809523,190.06630449960952,9.503315224980476,17.31397168214678,0,0.0,5.17905174016913,0.24662151143662522,0.2488349540808018,0,0.0
2932,mMTC,255.25,244.75,511,510,40382749.0,79181.86078431373,510,0.9980430528375733,162.46835243267853,0.3185653969268206,0.3424820707550159,0,0.0,112.72108324490074,0.2205892040017627,0.24485494631057148,0,0.0
2933,eMBB,494.75,5.25,18,1960,293153234.12154895,149567.976592627,17,0.9444444444444444,194.07976386576848,11.416456697986382,19.514137808459232,0,0.0,4.391600229051842,0.2439777905028801,0.24814283443556603,0,0.0
2934,URLLC,166.5,333.5,666,666,94516341.0,141916.42792792793,666,1.0,44.727603425800325,0.06715856370240289,0.06943725347924144,0,0.0,6.398600619261859,0.009607508437330119,0.011937253479241435,0,0.0
2935,eMBB,485.0,15.0,18,1921,303447864.18039125,157963.48994294181,17,0.9444444444444444,188.6887283931898,11.099336964305282,17.40649834648098,0,0.0,4.2918490798573865,0.23843605999207704,0.24105255361039976,0,0.0
2936,eMBB,495.25,4.75,17,1963,289546968.81985307,147502.27652565108,16,0.9411764705882353,185.461029468176,11.591314341761,19.81688842298846,0,0.0,4.1439495223475245,0.24376173660867792,0.2503866780413784,0,0.0
2937,eMBB,493.0,7.0,19,1952,284775863.262715,145889.27421245645,18,0.9473684210526315,194.3930937665405,10.799616320363361,19.115720909934772,0,0.0,4.646886525723914,0.24457297503810072,0.25113249873459076,0,0.0
2938,eMBB,495.0,5.0,15,1964,297091331.25044847,151268.49860002467,14,0.9333333333333333,190.2960920702119,13.592578005015136,19.41368272193281,0,0.0,3.609499174667075,0.24063327831113834,0.24857870630532813,0,0.0
2939,eMBB,485.25,14.75,19,1921,370623045.8664262,192932.35078939417,18,0.9473684210526315,194.81738841783897,10.823188245435498,14.502943816647313,0,0.0,4.458885796084983,0.2346781997939465,0.2389316784982347,0,0.0
2940,eMBB,494.75,5.25,17,1961,294284109.40414464,150068.3882734037,16,0.9411764705882353,197.195509939506,12.324719371219125,18.013809817080343,0,0.0,4.17485846314779,0.24557990959692882,0.2489387107440466,0,0.0
2941,eMBB,487.5,12.5,15,1934,302613749.43928856,156470.3978486497,14,0.9333333333333333,189.2133744107707,13.515241029340766,19.109188006192895,0,0.0,3.6219672787230994,0.24146448524820663,0.24318469284047234,0,0.0
2942,eMBB,493.75,6.25,19,1955,308833280.623416,157970.98753115907,18,0.9473684210526315,195.69434428773096,10.871908015985053,18.107010892620956,0,0.0,4.533734051096256,0.23861758163664507,0.24114550784153485,0,0.0
2943,eMBB,492.0,8.0,19,1948,285802331.2149628,146715.77577770164,18,0.9473684210526315,196.56974500852112,10.920541389362285,19.502395021222927,0,0.0,4.721606877631998,0.2485056251385262,0.25070326950785005,0,0.0
2944,eMBB,494.5,5.5,15,1962,288834600.213342,147214.373197422,14,0.9333333333333333,188.74166896010902,13.481547782864931,19.522586158669327,0,0.0,3.6612902433118952,0.244086016220793,0.2523665028099828,0,0.0
2945,eMBB,492.75,7.25,18,1952,292346713.6066159,149767.78360994667,17,0.9444444444444444,185.9732821568534,10.939604832756082,18.913093878907816,0,0.0,4.389755994599401,0.24387533303330006,0.247971574153492,0,0.0
2946,URLLC,165.0,335.0,660,660,93777785.0,142087.55303030304,660,1.0,44.13097351323414,0.06686511138368809,0.06990036338272555,0,0.0,6.180973513234083,0.009365111383688004,0.012400363382725548,0,0.0
2947,mMTC,250.0,250.0,500,500,38933471.0,77866.942,500,1.0,153.80571833530612,0.30761143667061225,0.32726678895200645,0,0.0,105.12564215889579,0.21025128431779158,0.23004456672978418,0,0.0
2948,eMBB,495.25,4.75,18,1962,305853941.5065669,155888.85907572217,17,0.9444444444444444,184.75271723532035,10.867806896195315,18.907825355634237,0,0.0,4.264887822327131,0.23693821235150725,0.24302119520573612,0,0.0
2949,eMBB,489.25,10.75,18,1938,306218080.54431856,158007.26550274435,17,0.9444444444444444,187.56908219539062,11.033475423258272,18.70556591674073,0,0.0,4.276807049007265,0.2376003916115147,0.24074497492334504,0,0.0
2950,eMBB,488.25,11.75,16,1936,285648089.04795885,147545.50054130107,15,0.9375,188.97977030817478,12.598651353878319,19.113640335822875,0,0.0,3.9331420354254236,0.24582137721408898,0.25093780410028266,0,0.0
2951,eMBB,492.0,8.0,16,1951,286814113.6768696,147008.7717462171,15,0.9375,191.4527283230938,12.763515221539587,20.016826361734953,0,0.0,3.9082147606322875,0.24426342253951797,0.25175805964482345,0,0.0
2952,URLLC,190.75,309.25,763,762,106178301.0,139341.60236220472,762,0.9986893840104849,50.22459646957861,0.06591154392333151,0.06777265498047122,0,0.0,6.41799524362257,0.00841152718692342,0.010272654980471212,0,0.0
2953,mMTC,244.75,255.25,490,489,38889693.0,79529.0245398773,489,0.9979591836734694,156.19112552972786,0.31940925466202014,0.34358375229548077,0,0.0,108.5496776275057,0.22152995434184838,0.24636153007325845,0,0.0
2954,eMBB,493.25,6.75,18,1954,291864269.9538225,149367.58953624486,17,0.9444444444444444,186.18162883002557,10.95186051941327,17.16142104591384,0,0.0,4.3937802804207164,0.24409890446781757,0.24903806401625483,0,0.0
2955,eMBB,494.25,5.75,17,1959,305387591.3804825,155889.53107732645,16,0.9411764705882353,189.87798980780428,11.867374362987768,18.707430860421656,0,0.0,4.05786258766746,0.23869779927455645,0.24267090170246156,0,0.0
2956,eMBB,494.25,5.75,20,1956,309006587.792333,157978.82811468968,19,0.95,196.6264010459098,10.348757949784726,16.106365137695466,0,0.0,4.70178458565194,0.235089229282597,0.24134113472499594,0,0.0
2957,URLLC,224.5,275.5,898,897,123115806.0,137252.84949832776,897,0.9988864142538976,59.688807061110914,0.06654270575374684,0.06889851608987829,0,0.0,8.119494595187447,0.009041753446756623,0.011398516089878281,0,0.0
2958,eMBB,489.75,10.25,15,1943,284726814.86228204,146539.79148856513,14,0.9333333333333333,186.3395072804759,13.30996480574828,19.615705490277055,0,0.0,3.661253943587426,0.24408359623916173,0.251790577702413,0,0.0
2959,eMBB,487.75,12.25,18,1932,289203572.73220676,149691.29023406148,17,0.9444444444444444,194.17086229029536,11.421815428840903,18.01263142129771,0,0.0,4.386900732171438,0.24371670734285766,0.24828829217939563,0,0.0
2960,eMBB,487.75,12.25,21,1929,371676401.6610288,192678.2797620678,20,0.9523809523809523,194.98625447346424,9.749312723673212,15.103286029039213,0,0.0,4.895845951700694,0.23313552150955685,0.24054302893972632,0,0.0
2961,mMTC,252.25,247.75,505,504,39953038.0,79271.9007936508,504,0.998019801980198,155.10850742956748,0.3077549750586656,0.32724061823475303,0,0.0,106.10850742956771,0.2101158562961737,0.2300183960125308,0,0.0
2962,mMTC,246.5,253.5,493,493,38823867.0,78750.23732251521,493,1.0,155.22798553202585,0.31486406801627964,0.33710977025807254,0,0.0,107.23223752211136,0.2175096095783192,0.2398875480358503,0,0.0
2963,eMBB,490.75,9.25,18,1944,307620512.6434166,158241.00444620196,17,0.9444444444444444,191.2527668202304,11.2501627541312,16.80618637678919,0,0.0,4.262640157833912,0.236813342101884,0.24158700127783184,0,0.0
2964,eMBB,493.75,6.25,16,1958,289956717.02409273,148088.21094182468,15,0.9375,197.59911556196548,13.173274370797698,19.914197986933214,0,0.0,3.9531336569010325,0.24707085355631453,0.25039861286743537,0,0.0
2965,eMBB,493.25,6.75,21,1951,283651253.2618565,145387.62340433444,20,0.9523809523809523,193.8074863363326,9.69037431681663,20.116050128414667,0,0.0,5.23555940413046,0.24931235257764095,0.2519698607449693,0,0.0
2966,mMTC,303.5,196.5,607,607,48882535.0,80531.35914332785,607,1.0,193.38531524525862,0.3185919526281032,0.33868218263411287,0,0.0,134.37142635636974,0.22136973040588095,0.24145996041189058,0,0.0
2967,mMTC,291.5,208.5,583,583,46150992.0,79161.22126929674,583,1.0,186.24203491505972,0.3194546053431556,0.3418222044159063,0,0.0,129.49858920533728,0.2221245097861703,0.24406887386035075,0,0.0
2968,eMBB,488.0,12.0,17,1934,289387101.35099053,149631.38642760628,16,0.9411764705882353,182.36638554344057,11.397899096465036,19.513939526757323,0,0.0,4.147909525589479,0.2439946779758517,0.24837513284563686,0,0.0
2969,eMBB,489.75,10.25,18,1940,302116914.49039304,155730.36829401704,17,0.9444444444444444,194.3046100740062,11.429682945529777,18.009821177971236,0,0.0,4.320195919979835,0.2400108844433242,0.24365072432597082,0,0.0
2970,eMBB,490.25,9.75,21,1939,305374218.3518466,157490.57161002918,20,0.9523809523809523,193.06961570249575,9.653480785124788,17.60411793887216,0,0.0,4.983467847469272,0.237307992736632,0.24117526523790672,0,0.0
2971,eMBB,486.5,13.5,20,1925,281659463.46865,146316.6043992987,19,0.95,176.94501277437433,9.312895409177596,18.314340271642266,0,0.0,4.9350926128355495,0.24675463064177747,0.25077690483976467,0,0.0
2972,mMTC,262.25,237.75,525,524,42482364.0,81073.21374045801,524,0.9980952380952381,163.6991021905865,0.31240286677592843,0.3341022761465202,0,0.0,112.56578789725341,0.21441102456619698,0.23688005392429795,0,0.0
2973,eMBB,492.5,7.5,21,1948,291316244.5170404,149546.3267541275,20,0.9523809523809523,197.03662489238957,9.85183124461948,19.71299525308789,0,0.0,5.156562494799332,0.2455505949904444,0.24785040083454474,0,0.0
2974,mMTC,272.0,228.0,544,543,43733087.0,80539.75506445672,543,0.9981617647058824,173.81816272015175,0.3201071136651045,0.3428792201453954,0,0.0,121.26211331149945,0.22290829652849165,0.24565699792317314,0,0.0
2975,eMBB,495.5,4.5,19,1962,293537598.74154896,149611.4162800963,18,0.9473684210526315,194.84881912929353,10.824934396071862,19.61268601809379,0,0.0,4.598536068352951,0.24202821412383954,0.24914053013813311,0,0.0
2976,mMTC,261.5,238.5,523,523,42640367.0,81530.33843212237,523,1.0,164.7423184554041,0.314994872763679,0.3353617161350969,0,0.0,113.89509623318182,0.21777265054145664,0.23813949391287462,0,0.0
2977,eMBB,493.75,6.25,20,1954,309547826.7916461,158417.51627003384,19,0.95,199.0258257642564,10.475043461276654,16.805287261186034,0,0.0,4.7054889116074134,0.23527444558037067,0.24202769156970744,0,0.0
2978,mMTC,290.5,209.5,581,580,45672067.0,78744.94310344827,580,0.9982788296041308,179.05331747699952,0.30871261633965436,0.3300081047926843,0,0.0,122.8072696037261,0.21137223683945972,0.23278588257046195,0,0.0
2979,mMTC,280.25,219.75,561,560,45805104.0,81794.82857142857,560,0.9982174688057041,174.6919330795928,0.31194988049927286,0.33340176963511436,0,0.0,120.10998750318258,0.2140997994709137,0.23617954741289204,0,0.0
2980,eMBB,494.75,5.25,17,1962,295690129.0000006,150708.52650356808,16,0.9411764705882353,199.51971932235884,12.469982457647427,19.713481711875875,0,0.0,3.858957586436196,0.2269975050844821,0.24817195670180608,0,0.0
2981,eMBB,488.25,11.75,20,1932,371768732.7695784,192426.88031551676,19,0.95,189.36509506919674,9.966583951010355,15.606288941708808,0,0.0,4.74178309401816,0.23708915470090802,0.24008124680323908,0,0.0
2982,eMBB,490.0,10.0,20,1939,289386613.9671268,149245.2882759808,19,0.95,189.36577125453942,9.966619539712601,19.613322654749584,0,0.0,4.853793892514986,0.2426896946257493,0.2491745442465797,0,0.0
2983,URLLC,164.75,335.25,659,659,87200138.0,132321.90895295903,659,1.0,44.33309968334497,0.0672732923874734,0.06974968073325029,0,0.0,6.440599683344948,0.009773292387473367,0.012249680733250282,0,0.0
2984,eMBB,492.5,7.5,19,1950,308429042.34260666,158168.73966287522,18,0.9473684210526315,197.01506320791378,10.945281289328543,16.80749422600702,0,0.0,4.463795209745388,0.2349365899865994,0.24128551653253516,0,0.0
2985,mMTC,249.0,251.0,498,498,39285938.0,78887.42570281125,498,1.0,153.8209384238741,0.3088773863933215,0.3320400792674252,0,0.0,105.40427175720754,0.21165516417109947,0.2348178570452029,0,0.0
2986,mMTC,259.5,240.5,519,519,41446122.0,79857.65317919075,519,1.0,162.24902078709945,0.31261853716204135,0.3336443646280074,0,0.0,111.7313924824838,0.21528206644023853,0.23619430172202452,0,0.0
2987,eMBB,493.0,7.0,17,1954,293517673.69145185,150213.7531686038,16,0.9411764705882353,190.80598669968816,11.92537416873051,18.51143431746495,0,0.0,4.1949984752878775,0.24676461619340456,0.248736070294156,0,0.0
2988,eMBB,494.5,5.5,21,1955,345919600.1401676,176940.97193870466,20,0.9523809523809523,191.6813943627855,9.584069718139276,14.804136982722303,0,0.0,4.980400474762033,0.2371619273696206,0.24176861144794023,0,0.0
2989,eMBB,494.25,5.75,18,1958,293628163.43977225,149963.31125626774,17,0.9444444444444444,195.97655669602537,11.528032746825021,18.513658380212178,0,0.0,4.396589478184533,0.24425497101025184,0.2482812919555556,0,0.0
2990,eMBB,495.5,4.5,18,1963,305246201.80947864,155499.84809448733,17,0.9444444444444444,185.12181071565738,10.88951827739161,18.20957828147627,0,0.0,4.335925268672085,0.24088473714844916,0.24337309889961994,0,0.0
2991,mMTC,268.75,231.25,538,537,42389877.0,78938.31843575419,537,0.9981412639405205,173.9991314768166,0.3240207290071072,0.3480776329351024,0,0.0,121.79079814348317,0.22637694822208768,0.2508554107128801,0,0.0
2992,eMBB,491.5,8.5,16,1949,287725104.35689676,147627.04174289212,15,0.9375,187.24404271561437,12.482936181040959,18.816325466600578,0,0.0,3.9011862871654257,0.2438241429478391,0.25113557980829304,0,0.0
2993,mMTC,272.5,227.5,545,545,40905452.0,75055.8752293578,545,1.0,170.29330582058896,0.3124647813221816,0.33483319061091343,0,0.0,117.30719470947793,0.21524255909995949,0.2376109683886912,0,0.0
2994,eMBB,489.75,10.25,18,1940,289632969.0414525,149295.34486672812,17,0.9444444444444444,190.41092900832206,11.200642882842473,17.91379496921439,0,0.0,4.433802421172638,0.24632235673181324,0.24815306657688713,0,0.0
2995,eMBB,491.75,8.25,25,1941,372073618.52569014,191691.71485094805,24,0.96,191.33929839152268,7.972470766313445,15.002918433432152,0,0.0,5.888738004952657,0.23554952019810627,0.23871879880570124,0,0.0
2996,eMBB,491.25,8.75,20,1945,288503884.0000007,148331.04575835512,20,1.0,198.72721745721367,9.936360872860684,18.312473709382097,0,0.0,4.904118650842284,0.24520593254211417,0.24910984337336592,0,0.0
2997,eMBB,491.0,9.0,21,1942,299569145.034269,154258.05614534963,20,0.9523809523809523,185.45471646709697,9.272735823354848,17.408591450367396,0,0.0,5.073055337058068,0.2415740636694318,0.24389907177421438,0,0.0
2998,URLLC,211.25,288.75,845,845,118462977.0,140192.87218934912,845,1.0,56.19637061056628,0.06650458060422045,0.06868035905363996,0,0.0,7.608870610566222,0.009004580604220382,0.011180359053639956,0,0.0
2999,eMBB,494.5,5.5,19,1958,286648061.355036,146398.39701482942,18,0.9473684210526315,193.78473734816743,10.765818741564857,17.616245563409063,0,0.0,4.645633475039683,0.2445070250020886,0.25151046724159976,0,0.0
