time,slice_name,avg_first_service_latency_ms
0,URLLC,0.0059821080653076125
1,URLLC,0.00807805780982477
2,URLLC,0.00798373239807227
3,URLLC,0.007954630271090198
4,URLLC,0.00845181648410927
5,URLLC,0.007667166071934778
6,URLLC,0.008029068366377934
7,URLLC,0.00807836593041365
8,URLLC,0.0078555967468197
9,URLLC,0.007635260308345305
10,URLLC,0.008270928909397237
11,URLLC,0.007725277362570917
12,URLLC,0.007818839604895706
13,URLLC,0.008157631474849283
14,URLLC,0.008217104025483072
15,URLLC,0.00808837288927666
16,URLLC,0.007774705832757975
17,URLLC,0.008024962551928394
18,URLLC,0.008276716060229023
19,URLLC,0.00785853252870341
20,URLLC,0.007763641516325163
21,URLLC,0.007603409343794336
22,URLLC,0.008142357982911555
23,URLLC,0.008127900269920137
24,URLLC,0.007574820756450456
25,URLLC,0.007592616370500688
26,URLLC,0.008243024189893625
27,URLLC,0.007996030933087393
28,URLLC,0.007958146011950929
29,URLLC,0.007977792623596585
30,URLLC,0.008282681351562408
31,URLLC,0.007724504278332957
32,URLLC,0.007782840551285434
33,URLLC,0.008510890732173402
34,URLLC,0.008395306190161038
35,URLLC,0.008306251208979758
36,URLLC,0.007695963980358543
37,URLLC,0.00799504209152339
38,URLLC,0.00778651818264999
39,URLLC,0.00817199611959435
40,URLLC,0.007867185337863297
41,URLLC,0.008111619050253656
42,URLLC,0.007374411521725621
43,URLLC,0.007881095792841783
44,URLLC,0.00799727047320574
45,URLLC,0.007944021550818726
46,URLLC,0.008348218518464788
47,URLLC,0.008296456818069403
48,URLLC,0.007680237794325832
49,URLLC,0.008019808682962697
50,URLLC,0.008190342515722936
51,URLLC,0.007943456595055012
52,URLLC,0.00785902867441749
53,URLLC,0.00743034956600092
54,URLLC,0.008235527887717194
55,URLLC,0.007819952671712656
56,URLLC,0.008005135563354613
57,URLLC,0.007816236706418957
58,URLLC,0.008166335601050553
59,URLLC,0.007822555606649084
60,URLLC,0.0077696161401016395
61,URLLC,0.008329909297825299
62,URLLC,0.007972644785562895
63,URLLC,0.008412369312734187
64,URLLC,0.008112376274844901
65,URLLC,0.007926003708227396
66,URLLC,0.007640860502055213
67,URLLC,0.008084507589458063
68,URLLC,0.008339745495133142
69,URLLC,0.008478407961729901
70,URLLC,0.007806924310713228
71,URLLC,0.008447193595543837
72,URLLC,0.007572834450905183
73,URLLC,0.008213450010359492
74,URLLC,0.008019271039481203
75,URLLC,0.007952209531301527
76,URLLC,0.007911052732935067
77,URLLC,0.008086540080581982
78,URLLC,0.008285141853736801
79,URLLC,0.008420984562368033
80,URLLC,0.00818324160623193
81,URLLC,0.0077061949203146895
82,URLLC,0.008137628501745101
83,URLLC,0.007952642153231451
84,URLLC,0.0078002222064698324
85,URLLC,0.007961190857369842
86,URLLC,0.008256033396397763
87,URLLC,0.00794077976848447
88,URLLC,0.008076484132979839
89,URLLC,0.007813339753622561
90,URLLC,0.007875523685348714
91,URLLC,0.008382304294064787
92,URLLC,0.008165122449505844
93,URLLC,0.008359034004176326
94,URLLC,0.0076537045971818395
95,URLLC,0.007970323591903385
96,URLLC,0.007671741669123604
97,URLLC,0.008002820332092658
98,URLLC,0.008337464918255738
99,URLLC,0.007820646981327097
100,URLLC,0.008005202121508527
101,URLLC,0.008114320356629522
102,URLLC,0.007762795880077471
103,URLLC,0.008436334132345258
104,URLLC,0.008149230841704717
105,URLLC,0.007752933947019169
106,URLLC,0.007858174406106505
107,URLLC,0.00794091671768233
108,URLLC,0.008255195854955898
109,URLLC,0.008255419704406169
110,URLLC,0.008006580746210617
111,URLLC,0.007647555333288572
112,URLLC,0.007964029673077501
113,URLLC,0.00847709513909307
114,URLLC,0.007935878519729265
115,URLLC,0.007947261276116651
116,URLLC,0.007952809436794868
117,URLLC,0.008144914772065994
118,URLLC,0.007713830699430484
119,URLLC,0.008016814519116483
120,URLLC,0.007939290679704284
121,URLLC,0.007992585790785078
122,URLLC,0.007942158609327519
123,URLLC,0.008417173862762665
124,URLLC,0.007993074896512202
125,URLLC,0.007843985120751077
126,URLLC,0.007761949129006909
127,URLLC,0.008242033172607162
128,URLLC,0.007992031590238561
129,URLLC,0.008295457189618945
130,URLLC,0.008140316774358251
131,URLLC,0.008285265375726917
132,URLLC,0.008015467276717106
133,URLLC,0.007806203624972528
134,URLLC,0.00807903635367256
135,URLLC,0.008141461829954866
136,URLLC,0.008349540663223813
137,URLLC,0.008129546425124316
138,URLLC,0.008048119996552349
139,URLLC,0.00782416447429298
140,URLLC,0.008107299872390311
141,URLLC,0.008290654949673255
142,URLLC,0.007917495644430478
143,URLLC,0.008054440087968672
144,URLLC,0.007937611518542132
145,URLLC,0.00819718851360685
146,URLLC,0.007527342277543431
147,URLLC,0.007952685280869114
148,URLLC,0.007870272109472705
149,URLLC,0.008320426220736608
150,URLLC,0.008188187131949489
151,URLLC,0.008241791043828323
152,URLLC,0.007859614070110684
153,URLLC,0.00782585188449411
154,URLLC,0.0076386798655171725
155,URLLC,0.007965617493757054
156,URLLC,0.00817416158035647
157,URLLC,0.0076483253122778035
158,URLLC,0.00809682162997643
159,URLLC,0.007639274066269749
160,URLLC,0.008191649426995871
161,URLLC,0.007929831812203775
162,URLLC,0.00787992668905698
163,URLLC,0.007989672296086669
164,URLLC,0.008049441654475017
165,URLLC,0.007977884837744772
166,URLLC,0.0076438007584500095
167,URLLC,0.008417319310882717
168,URLLC,0.00826225653009051
169,URLLC,0.00847369753494215
170,URLLC,0.008099645660615362
171,URLLC,0.008007486911493032
172,URLLC,0.00782642120258164
173,URLLC,0.008170978325898581
174,URLLC,0.007712624029238874
175,URLLC,0.008102931465163546
176,URLLC,0.007931369251561172
177,URLLC,0.008138939275597447
178,URLLC,0.007946607916553404
179,URLLC,0.007994979667357488
180,URLLC,0.008318578734793778
181,URLLC,0.007803397710148705
182,URLLC,0.008013414350976952
183,URLLC,0.008044243893671468
184,URLLC,0.007652403642815605
185,URLLC,0.007742709103125827
186,URLLC,0.00793571321508356
187,URLLC,0.008284526690510042
188,URLLC,0.007668141895591201
189,URLLC,0.007884157750837013
190,URLLC,0.007960986521916494
191,URLLC,0.007939545319537469
192,URLLC,0.007404631863110946
193,URLLC,0.007601432104537421
194,URLLC,0.008208731596941563
195,URLLC,0.008066076696789548
196,URLLC,0.0085550807273836
197,URLLC,0.00803328639265217
198,URLLC,0.007699054362424169
199,URLLC,0.007956400068477438
200,URLLC,0.008115585112272646
201,URLLC,0.008082476975676047
202,URLLC,0.008239743740527493
203,URLLC,0.007977254059877922
204,URLLC,0.007872918134648375
205,URLLC,0.008052582406975779
206,URLLC,0.007777657464980143
207,URLLC,0.008071894246619086
208,URLLC,0.008104584427146889
209,URLLC,0.00826466625431383
210,URLLC,0.007987791220599776
211,URLLC,0.007692419581022596
212,URLLC,0.007863490526177729
213,URLLC,0.007827905621316167
214,URLLC,0.00839572827035196
215,URLLC,0.007993964395723762
216,URLLC,0.008253625363460915
217,URLLC,0.007841238607518994
218,URLLC,0.008188358383870026
219,URLLC,0.00784161775614543
220,URLLC,0.008230057960859221
221,URLLC,0.008049361328452838
222,URLLC,0.007724078301574327
223,URLLC,0.00749308426700804
224,URLLC,0.007961889586722528
225,URLLC,0.007608230042319931
226,URLLC,0.007907732231303496
227,URLLC,0.008050090306995343
228,URLLC,0.008272558087381766
229,URLLC,0.008004525081019826
230,URLLC,0.0074024753685441825
231,URLLC,0.007934239807717063
232,URLLC,0.008177834656000211
233,URLLC,0.007717906250594061
234,URLLC,0.007812037295719634
235,URLLC,0.007764799806854043
236,URLLC,0.00809079885964219
237,URLLC,0.008058639299269648
238,URLLC,0.007959059279332215
239,URLLC,0.008099176820362219
240,URLLC,0.007682827235104683
241,URLLC,0.008153050415562874
242,URLLC,0.008411497371913802
243,URLLC,0.008063534578134187
244,URLLC,0.008217212119629388
245,URLLC,0.008109938766782593
246,URLLC,0.0077839040143792
247,URLLC,0.007942825116038624
248,URLLC,0.007597848426843526
249,URLLC,0.008092764830293826
250,URLLC,0.00793926638677106
251,URLLC,0.007877283460353894
252,URLLC,0.0076614682848923175
253,URLLC,0.007944329940439978
254,URLLC,0.007880954948898728
255,URLLC,0.007831800162668573
256,URLLC,0.008363031788326236
257,URLLC,0.007690348058345107
258,URLLC,0.00800491891345404
259,URLLC,0.008274131704548814
260,URLLC,0.007880310814017855
261,URLLC,0.008095123345539261
262,URLLC,0.008240417822249829
263,URLLC,0.008591586147020066
264,URLLC,0.008002207642323475
265,URLLC,0.007928998783095841
266,URLLC,0.0080952275120132
267,URLLC,0.007871004537691953
268,URLLC,0.007886320304117445
269,URLLC,0.00809983220880665
270,URLLC,0.007610440631887062
271,URLLC,0.008149309005606883
272,URLLC,0.008123150900142333
273,URLLC,0.00805596940417568
274,URLLC,0.007525438231867635
275,URLLC,0.008384779166452139
276,URLLC,0.007917311734867044
277,URLLC,0.007399132770132542
278,URLLC,0.007862535368929413
279,URLLC,0.008033892785528806
280,URLLC,0.007587536570280161
281,URLLC,0.007900023439713097
282,URLLC,0.0080648020934737
283,URLLC,0.00790830272706226
284,URLLC,0.007724996348174591
285,URLLC,0.007974829199843802
286,URLLC,0.007941794489190452
287,URLLC,0.0077490720988064275
288,URLLC,0.00772128789987888
289,URLLC,0.008296993628314209
290,URLLC,0.008240799005416898
291,URLLC,0.00782639151222337
292,URLLC,0.007731459870427405
293,URLLC,0.007628334732284907
294,URLLC,0.00827397511324269
295,URLLC,0.00793250732954857
296,URLLC,0.007510222702237593
297,URLLC,0.007577842720466858
298,URLLC,0.008246249175572097
299,URLLC,0.007673910007958517
300,URLLC,0.00781885550001736
301,URLLC,0.008055211120002808
302,URLLC,0.007901850917940354
303,URLLC,0.007847096455352871
304,URLLC,0.008265373585730937
305,URLLC,0.008308176302036334
306,URLLC,0.0080203576404966
307,URLLC,0.007837061634359996
308,URLLC,0.008233874103080019
309,URLLC,0.008210922022946054
310,URLLC,0.008239109265351487
311,URLLC,0.007711444686629936
312,URLLC,0.008150428361631643
313,URLLC,0.008071543560455346
314,URLLC,0.008365581981471111
315,URLLC,0.008069719735257008
316,URLLC,0.008043857746891042
317,URLLC,0.007798656955447918
318,URLLC,0.008327288145808864
319,URLLC,0.007667719631471991
320,URLLC,0.008250982175594104
321,URLLC,0.008267498927595051
322,URLLC,0.00753875678656865
323,URLLC,0.00792299774987065
324,URLLC,0.007912685032518414
325,URLLC,0.007774397839960431
326,URLLC,0.007613990648966499
327,URLLC,0.007927479437098992
328,URLLC,0.00789826499144499
329,URLLC,0.00836753402761107
330,URLLC,0.00781740424876263
331,URLLC,0.008074535839487933
332,URLLC,0.007874491741462241
333,URLLC,0.007899116213428368
334,URLLC,0.008143952749890698
335,URLLC,0.007957731036484913
336,URLLC,0.007927446861206045
337,URLLC,0.007874072683338614
338,URLLC,0.007974161287280524
339,URLLC,0.007754225942425316
340,URLLC,0.008241464621833963
341,URLLC,0.008240359919672726
342,URLLC,0.007984300556408624
343,URLLC,0.007866741190536587
344,URLLC,0.008384793258782296
345,URLLC,0.00789473971735149
346,URLLC,0.007826570010024986
347,URLLC,0.007631492615131125
348,URLLC,0.00824881728165099
349,URLLC,0.008088643645251678
350,URLLC,0.008089235778102225
351,URLLC,0.007936157280219847
352,URLLC,0.007939222926473175
353,URLLC,0.008368163849770549
354,URLLC,0.008060470775481799
355,URLLC,0.007797829725821355
356,URLLC,0.007994310833355847
357,URLLC,0.008155505511616035
358,URLLC,0.0076578600210480035
359,URLLC,0.008237352135954073
360,URLLC,0.007904879891327847
361,URLLC,0.007645372575939844
362,URLLC,0.008498456843220559
363,URLLC,0.008430909078043902
364,URLLC,0.008260816237405088
365,URLLC,0.007851895360904857
366,URLLC,0.008194711411773652
367,URLLC,0.007782784155111134
368,URLLC,0.007926996190469361
369,URLLC,0.008099152234182352
370,URLLC,0.007838577948185224
371,URLLC,0.007765177721395817
372,URLLC,0.008347881936539108
373,URLLC,0.008056352839455626
374,URLLC,0.008015278925375813
375,URLLC,0.007516988875992866
376,URLLC,0.007755219070397636
377,URLLC,0.008317667109128233
378,URLLC,0.008356199026818363
379,URLLC,0.00796747967272474
380,URLLC,0.008774856182041149
381,URLLC,0.007794976142628938
382,URLLC,0.0077436194425007585
383,URLLC,0.007750522743842957
384,URLLC,0.00849564470022819
385,URLLC,0.007432640011579153
386,URLLC,0.00813878190464151
387,URLLC,0.0076386447677570645
388,URLLC,0.007868577625830365
389,URLLC,0.007941912726641378
390,URLLC,0.008256771219611296
391,URLLC,0.007684152524516379
392,URLLC,0.008093671822836343
393,URLLC,0.008008428000927006
394,URLLC,0.007917753146272615
395,URLLC,0.007913373510398083
396,URLLC,0.007740077165020175
397,URLLC,0.007922566322598341
398,URLLC,0.008263287178244063
399,URLLC,0.008088980097950506
400,URLLC,0.0077747782659853505
401,URLLC,0.007972480699275556
402,URLLC,0.008267911338670362
403,URLLC,0.008155133935765833
404,URLLC,0.007848972751933476
405,URLLC,0.007649244074939007
406,URLLC,0.0077891698067655965
407,URLLC,0.007805826246597017
408,URLLC,0.008216126913883766
409,URLLC,0.007856874257318874
410,URLLC,0.008120549304830891
411,URLLC,0.008087435665935404
412,URLLC,0.008210889765990173
413,URLLC,0.008079649409240545
414,URLLC,0.00747622241305587
415,URLLC,0.007971322341579793
416,URLLC,0.007764595125177261
417,URLLC,0.008210410982355561
418,URLLC,0.008010846428583828
419,URLLC,0.008184834220197855
420,URLLC,0.00809852385687123
421,URLLC,0.00800582989693474
422,URLLC,0.007648602964887114
423,URLLC,0.008272814802952307
424,URLLC,0.008265328385971908
425,URLLC,0.00799483887030171
426,URLLC,0.007837013498499187
427,URLLC,0.00780729629146386
428,URLLC,0.0076432344306664
429,URLLC,0.008337641554279695
430,URLLC,0.00789494366255112
431,URLLC,0.00797873365626405
432,URLLC,0.007739321270035455
433,URLLC,0.008098272734064728
434,URLLC,0.007956009391290934
435,URLLC,0.007931336184909283
436,URLLC,0.008017079709984462
437,URLLC,0.007704179825956757
438,URLLC,0.007980757439223565
439,URLLC,0.00797544586659573
440,URLLC,0.008061865592818398
441,URLLC,0.008565769510304909
442,URLLC,0.007767205656658842
443,URLLC,0.007809948917342293
444,URLLC,0.00843118818181305
445,URLLC,0.008372057970934457
446,URLLC,0.007965376138120702
447,URLLC,0.008519255097796642
448,URLLC,0.008624452004869453
449,URLLC,0.008263831371758436
450,URLLC,0.0075501628329783955
451,URLLC,0.008379879895205397
452,URLLC,0.00800610572596473
453,URLLC,0.007840767920050923
454,URLLC,0.008150672511269788
455,URLLC,0.007814736583456378
456,URLLC,0.007513935606669781
457,URLLC,0.008494333029352279
458,URLLC,0.007706604162959735
459,URLLC,0.0077889242757898285
460,URLLC,0.008174622993203302
461,URLLC,0.007904334888305671
462,URLLC,0.007647798922122681
463,URLLC,0.008622412716339005
464,URLLC,0.008132645188283149
465,URLLC,0.008090378262061926
466,URLLC,0.007682676759835267
467,URLLC,0.007698625576090081
468,URLLC,0.007841626686457874
469,URLLC,0.008070197486298093
470,URLLC,0.007767389107961922
471,URLLC,0.007756919949700666
472,URLLC,0.008258471439962955
473,URLLC,0.007843452679358957
474,URLLC,0.008004430799254331
475,URLLC,0.008638594827434851
476,URLLC,0.007742093669745381
477,URLLC,0.008007517223226512
478,URLLC,0.008531326709581961
479,URLLC,0.008595914149235585
480,URLLC,0.007747283984435074
481,URLLC,0.008040949167151232
482,URLLC,0.008043262201608838
483,URLLC,0.007843719216097543
484,URLLC,0.008162145537692945
485,URLLC,0.008110862400969142
486,URLLC,0.008626188450774576
487,URLLC,0.007676941670942765
488,URLLC,0.0078100157564344385
489,URLLC,0.008280100715893619
490,URLLC,0.00749484480478241
491,URLLC,0.008358148651748552
492,URLLC,0.008136115112396076
493,URLLC,0.00773629196753906
494,URLLC,0.008577223388859221
495,URLLC,0.00796892975596072
496,URLLC,0.007745465712816402
497,URLLC,0.00801825152031639
498,URLLC,0.007910584926841806
499,URLLC,0.008047548296427643
500,URLLC,0.008354030923280084
501,URLLC,0.008208228144153838
502,URLLC,0.007972236961098451
503,URLLC,0.008340014516149217
504,URLLC,0.007717338626330174
505,URLLC,0.007977242625568409
506,URLLC,0.007888231405207889
507,URLLC,0.008073234240389296
508,URLLC,0.008179690677404176
509,URLLC,0.008203297420152748
510,URLLC,0.008032648856314023
511,URLLC,0.0075252800051791345
512,URLLC,0.008051267532859037
513,URLLC,0.007619323853356777
514,URLLC,0.008060115809654054
515,URLLC,0.007832429417320739
516,URLLC,0.00804032197729761
517,URLLC,0.008006721718352417
518,URLLC,0.007662441692110492
519,URLLC,0.008367429112772452
520,URLLC,0.008110243772363085
521,URLLC,0.007738594687125699
522,URLLC,0.00789376777670719
523,URLLC,0.008069296379185745
524,URLLC,0.008177966162003725
525,URLLC,0.008077407661213648
526,URLLC,0.007794613514036992
527,URLLC,0.008277894631086382
528,URLLC,0.00776710647732563
529,URLLC,0.007837721398264299
530,URLLC,0.007795740028826501
531,URLLC,0.007916295517936064
532,URLLC,0.007890031162750713
533,URLLC,0.00798335861656705
534,URLLC,0.00798380211680571
535,URLLC,0.008062472762868488
536,URLLC,0.007917945103309445
537,URLLC,0.008009217409113806
538,URLLC,0.007899939048238708
539,URLLC,0.008324098716117287
540,URLLC,0.007735562310758323
541,URLLC,0.007923471613021755
542,URLLC,0.008359866046627671
543,URLLC,0.007743772898315244
544,URLLC,0.007878441428407256
545,URLLC,0.007966342311276338
546,URLLC,0.007656408119517702
547,URLLC,0.007524426925249993
548,URLLC,0.008043537521418126
549,URLLC,0.008006781622218751
550,URLLC,0.008031061677529358
551,URLLC,0.008168472097711396
552,URLLC,0.008153953125051353
553,URLLC,0.007620630041383332
554,URLLC,0.007982440792822116
555,URLLC,0.007819813526190626
556,URLLC,0.007540641127405321
557,URLLC,0.007707406356463359
558,URLLC,0.007814409259474348
559,URLLC,0.007981746902930008
560,URLLC,0.00805208981675275
561,URLLC,0.007771130376051833
562,URLLC,0.00785987642705844
563,URLLC,0.008078679552170155
564,URLLC,0.00802361291225437
565,URLLC,0.008194359506163129
566,URLLC,0.007989635164829038
567,URLLC,0.0077959062568231175
568,URLLC,0.008229963957197366
569,URLLC,0.008149580260203732
570,URLLC,0.0077755094167965095
571,URLLC,0.007981203177230948
572,URLLC,0.008096778555667067
573,URLLC,0.008181964470325421
574,URLLC,0.007534769435426974
575,URLLC,0.00801580786066936
576,URLLC,0.00796199997236894
577,URLLC,0.0077762050835656965
578,URLLC,0.008423550754147482
579,URLLC,0.00781726571662077
580,URLLC,0.007982679489890666
581,URLLC,0.00824452430105289
582,URLLC,0.00793263457425317
583,URLLC,0.007922339875769995
584,URLLC,0.007952634338882228
585,URLLC,0.008042374332017798
586,URLLC,0.007814399109500835
587,URLLC,0.007828031718437788
588,URLLC,0.007516649135383723
589,URLLC,0.007879374402138102
590,URLLC,0.007925198834391956
591,URLLC,0.007873098903941087
592,URLLC,0.008171767065359582
593,URLLC,0.00813036921816589
594,URLLC,0.007465163442466866
595,URLLC,0.008153593154777747
596,URLLC,0.008323473072895039
597,URLLC,0.008275537738591715
598,URLLC,0.007779464299368871
599,URLLC,0.007736512919785083
600,URLLC,0.008029372822657366
601,URLLC,0.008003584174288205
602,URLLC,0.008137186481499028
603,URLLC,0.007717632988470964
604,URLLC,0.008181731674014783
605,URLLC,0.00815529834206115
606,URLLC,0.00823671094480038
607,URLLC,0.008039272372015216
608,URLLC,0.00805397451094883
609,URLLC,0.00807706635504782
610,URLLC,0.007521298836877905
611,URLLC,0.008132188566129022
612,URLLC,0.007919776561310772
613,URLLC,0.008200188873454153
614,URLLC,0.007807106233356645
615,URLLC,0.00791739648203761
616,URLLC,0.007958333220262286
617,URLLC,0.007729646653247156
618,URLLC,0.007748028977931162
619,URLLC,0.00834177150524989
620,URLLC,0.008038596645804278
621,URLLC,0.008133892420621243
622,URLLC,0.007855354342942268
623,URLLC,0.00813822944325942
624,URLLC,0.008384351772886095
625,URLLC,0.008154514179421582
626,URLLC,0.008310558740551817
627,URLLC,0.008159664172736085
628,URLLC,0.007949568548829788
629,URLLC,0.007916284114909774
630,URLLC,0.008015190846511845
631,URLLC,0.008624007936248316
632,URLLC,0.008079671400399639
633,URLLC,0.008051784368880766
634,URLLC,0.007555746031949964
635,URLLC,0.0078651393565906
636,URLLC,0.007585505537374208
637,URLLC,0.008403458883010962
638,URLLC,0.007695167585500269
639,URLLC,0.008211857325345594
640,URLLC,0.007931734911464674
641,URLLC,0.008242367546409004
642,URLLC,0.00828287974939639
643,URLLC,0.008201798868035027
644,URLLC,0.007965207350130931
645,URLLC,0.0083059042569614
646,URLLC,0.007977747662845454
647,URLLC,0.008154144012083484
648,URLLC,0.008066956145360675
649,URLLC,0.008132986954275112
650,URLLC,0.007944286527359446
651,URLLC,0.007789026300176233
652,URLLC,0.007959239645926264
653,URLLC,0.008168593736968013
654,URLLC,0.008338141374617867
655,URLLC,0.007980816573395477
656,URLLC,0.008104485997443704
657,URLLC,0.007988898846029272
658,URLLC,0.007892459188841567
659,URLLC,0.008441576118907666
660,URLLC,0.008003325855702953
661,URLLC,0.008051156422232579
662,URLLC,0.007654909301802872
663,URLLC,0.008159587744800821
664,URLLC,0.007899224085035194
665,URLLC,0.007855775387226692
666,URLLC,0.007851501832670627
667,URLLC,0.008440852457406896
668,URLLC,0.007981856920252226
669,URLLC,0.008221247271507305
670,URLLC,0.007937525864892025
671,URLLC,0.008193929117796027
672,URLLC,0.008093402546754794
673,URLLC,0.007784526447902626
674,URLLC,0.00793975232068232
675,URLLC,0.007697989942460262
676,URLLC,0.008082114556179963
677,URLLC,0.007624665070837977
678,URLLC,0.008050848739294961
679,URLLC,0.008177753387302922
680,URLLC,0.008283095489678642
681,URLLC,0.007869761548379053
682,URLLC,0.008115567353437124
683,URLLC,0.007739668226917388
684,URLLC,0.008125477340412439
685,URLLC,0.007812420415930613
686,URLLC,0.008096129304164632
687,URLLC,0.008053593848645789
688,URLLC,0.007772557917413383
689,URLLC,0.008032349938052179
690,URLLC,0.008212422409102778
691,URLLC,0.007678922097841022
692,URLLC,0.008052077058204038
693,URLLC,0.007880510705472979
694,URLLC,0.00813686635050693
695,URLLC,0.008402998644784561
696,URLLC,0.008295963881948086
697,URLLC,0.008001035657160722
698,URLLC,0.007667856663077107
699,URLLC,0.008065419090565684
700,URLLC,0.008011133233456785
701,URLLC,0.008155988226538529
702,URLLC,0.008030718029913765
703,URLLC,0.00843652880283389
704,URLLC,0.00794962105203699
705,URLLC,0.008206572368759067
706,URLLC,0.008172807669165713
707,URLLC,0.007799448607214189
708,URLLC,0.007955300754398308
709,URLLC,0.008098104243889955
710,URLLC,0.007770132190434398
711,URLLC,0.007958020938746094
712,URLLC,0.007781795971699553
713,URLLC,0.00797989595779196
714,URLLC,0.007763105531445494
715,URLLC,0.008173595529639614
716,URLLC,0.007730560808198975
717,URLLC,0.00823922689900799
718,URLLC,0.008246600270924321
719,URLLC,0.007684800404285193
720,URLLC,0.007933152092767449
721,URLLC,0.007918719603424001
722,URLLC,0.00779696873459882
723,URLLC,0.008257710765956564
724,URLLC,0.008261660099886554
725,URLLC,0.007664615667052414
726,URLLC,0.008108352992438153
727,URLLC,0.008117096410474282
728,URLLC,0.008024504063435035
729,URLLC,0.008169641705156126
730,URLLC,0.007907170362586263
731,URLLC,0.00776728840126254
732,URLLC,0.007844033986342055
733,URLLC,0.0077845198893348
734,URLLC,0.008297590645735911
735,URLLC,0.00808496931391125
736,URLLC,0.007979852232597125
737,URLLC,0.007789827546513749
738,URLLC,0.00805246603688279
739,URLLC,0.008337588111228587
740,URLLC,0.00776396810915548
741,URLLC,0.007332617795610852
742,URLLC,0.008152293493600951
743,URLLC,0.007897139729164384
744,URLLC,0.008163482245237356
745,URLLC,0.00817244067878978
746,URLLC,0.008125766270709907
747,URLLC,0.007856355299772763
748,URLLC,0.008340823038746878
749,URLLC,0.008347993602377117
750,URLLC,0.008430784413134414
751,URLLC,0.008148755771105926
752,URLLC,0.008000256433268123
753,URLLC,0.007952955413504059
754,URLLC,0.007741092906378139
755,URLLC,0.0077033582302941
756,URLLC,0.008050868788020353
757,URLLC,0.008283707372340982
758,URLLC,0.008325493088613122
759,URLLC,0.00822332279755443
760,URLLC,0.007903664619171535
761,URLLC,0.008025557742476246
762,URLLC,0.008151415567377973
763,URLLC,0.007924328144128955
764,URLLC,0.007928429321052751
765,URLLC,0.008283412240943444
766,URLLC,0.00790520667374098
767,URLLC,0.00783283383965089
768,URLLC,0.007847225147291713
769,URLLC,0.007660154321864967
770,URLLC,0.007833209644599548
771,URLLC,0.007822214062157535
772,URLLC,0.008013658670174959
773,URLLC,0.007926799035100678
774,URLLC,0.00757611917855632
775,URLLC,0.008146107417318353
776,URLLC,0.007881751317613057
777,URLLC,0.008031840126740403
778,URLLC,0.007942852271651243
779,URLLC,0.008383329656035813
780,URLLC,0.007772620367626603
781,URLLC,0.007929933362174532
782,URLLC,0.008298381649600464
783,URLLC,0.008301764099961887
784,URLLC,0.008045612784819738
785,URLLC,0.007949337245196215
786,URLLC,0.007991450690527964
787,URLLC,0.008258012425291023
788,URLLC,0.007988168516665202
789,URLLC,0.008351162518739741
790,URLLC,0.008052076734017968
791,URLLC,0.008263450616741967
792,URLLC,0.008223509461345042
793,URLLC,0.008324722351958927
794,URLLC,0.00790277058188095
795,URLLC,0.007932375404635315
796,URLLC,0.007597013221696578
797,URLLC,0.008081641346365152
798,URLLC,0.008261151738912922
799,URLLC,0.007953395011597876
800,URLLC,0.007812123348767573
801,URLLC,0.008033168629455526
802,URLLC,0.008393939847973274
803,URLLC,0.008155399537459354
804,URLLC,0.007875104657567347
805,URLLC,0.007642565217433488
806,URLLC,0.007918650517594899
807,URLLC,0.008010478582873366
808,URLLC,0.008022534272910553
809,URLLC,0.0079369554011334
810,URLLC,0.008300153749602268
811,URLLC,0.007822555579772444
812,URLLC,0.008058342794284436
813,URLLC,0.007753029415140848
814,URLLC,0.008188446373975462
815,URLLC,0.00801923059967055
816,URLLC,0.007962931513338368
817,URLLC,0.008057630313616084
818,URLLC,0.007614919061178466
819,URLLC,0.007877558169631652
820,URLLC,0.00785870929438573
821,URLLC,0.008137716952209417
822,URLLC,0.008163691517399659
823,URLLC,0.007831997839097934
824,URLLC,0.007818505090973036
825,URLLC,0.007696113048445548
826,URLLC,0.008058228177675807
827,URLLC,0.008124942301835364
828,URLLC,0.007824268472485114
829,URLLC,0.008394037016688435
830,URLLC,0.00772354356814119
831,URLLC,0.00791695731462219
832,URLLC,0.007720107069438663
833,URLLC,0.007852973599316073
834,URLLC,0.007728636485763748
835,URLLC,0.007470719006014737
836,URLLC,0.00801338130086098
837,URLLC,0.007912053622773139
838,URLLC,0.007739755619759398
839,URLLC,0.007925919596794007
840,URLLC,0.008097326150311206
841,URLLC,0.008200442737343853
842,URLLC,0.00799668423643093
843,URLLC,0.007694833564637732
844,URLLC,0.00849050905040062
845,URLLC,0.007955881194540613
846,URLLC,0.008002851133348088
847,URLLC,0.008099245430597528
848,URLLC,0.008155107655072094
849,URLLC,0.007744735894150798
850,URLLC,0.008034425306924628
851,URLLC,0.008031995900708938
852,URLLC,0.007527661585905529
853,URLLC,0.007977352961623033
854,URLLC,0.007709320047582905
855,URLLC,0.008206544273771104
856,URLLC,0.007806536969240609
857,URLLC,0.00817942900668295
858,URLLC,0.00812291956320816
859,URLLC,0.008050676065748157
860,URLLC,0.008067884608946488
861,URLLC,0.008457882612763467
862,URLLC,0.007835807206850207
863,URLLC,0.007831705716984877
864,URLLC,0.008092098311797413
865,URLLC,0.007444531161552234
866,URLLC,0.007838018960991873
867,URLLC,0.007861860166596233
868,URLLC,0.008146297532916633
869,URLLC,0.007913305817190281
870,URLLC,0.007991257986415328
871,URLLC,0.008235658641679812
872,URLLC,0.008509590639849773
873,URLLC,0.007981825119836762
874,URLLC,0.007864100150716726
875,URLLC,0.00767777185482465
876,URLLC,0.008304443523795689
877,URLLC,0.0077588163255186615
878,URLLC,0.00810451507630897
879,URLLC,0.008338086310257996
880,URLLC,0.008236938072965017
881,URLLC,0.008052813401397086
882,URLLC,0.008017602409422871
883,URLLC,0.007978752081285213
884,URLLC,0.008253445808692103
885,URLLC,0.007823507583876134
886,URLLC,0.007792773274367923
887,URLLC,0.007656555968698237
888,URLLC,0.007804667787212458
889,URLLC,0.008122335687053443
890,URLLC,0.007740533402727664
891,URLLC,0.007813524907582496
892,URLLC,0.008166776417501137
893,URLLC,0.008161469204452996
894,URLLC,0.007968429373839039
895,URLLC,0.008110727476294634
896,URLLC,0.007847893916880531
897,URLLC,0.0077803142204848985
898,URLLC,0.00826568428771553
899,URLLC,0.007954134109071455
900,URLLC,0.007897897521247503
901,URLLC,0.007916167615152967
902,URLLC,0.008174292275992215
903,URLLC,0.008331674813932507
904,URLLC,0.008115097644857391
905,URLLC,0.007785007740593694
906,URLLC,0.008048895587477678
907,URLLC,0.007876388776913108
908,URLLC,0.007836049193957095
909,URLLC,0.008159812604770186
910,URLLC,0.007818125856439732
911,URLLC,0.007934588196307234
912,URLLC,0.008058290619367029
913,URLLC,0.007612270158082766
914,URLLC,0.008055226945362972
915,URLLC,0.00783362280288274
916,URLLC,0.008115334527603374
917,URLLC,0.008373544661672418
918,URLLC,0.007685214273052382
919,URLLC,0.008032032875198932
920,URLLC,0.007762892589468783
921,URLLC,0.008169232535263443
922,URLLC,0.007776601134620035
923,URLLC,0.00807490292283941
924,URLLC,0.008235155548563926
925,URLLC,0.007966833124718662
926,URLLC,0.007763197441333711
927,URLLC,0.008020913771186484
928,URLLC,0.007995102323270515
929,URLLC,0.007860614029172906
930,URLLC,0.007718925100950002
931,URLLC,0.0078355147073086
932,URLLC,0.008206324021711535
933,URLLC,0.008195713176116354
934,URLLC,0.007866978304302729
935,URLLC,0.008090991835647387
936,URLLC,0.0078404212938882
937,URLLC,0.007909795927909335
938,URLLC,0.008297278239067708
939,URLLC,0.007857028047266484
940,URLLC,0.007924537625461152
941,URLLC,0.008135106742416034
942,URLLC,0.00816928002749455
943,URLLC,0.007797213419813607
944,URLLC,0.007694744678323214
945,URLLC,0.008153884351382291
946,URLLC,0.007768215968557018
947,URLLC,0.007999062578384859
948,URLLC,0.008187929196746825
949,URLLC,0.007698653232059865
950,URLLC,0.007938124141998003
951,URLLC,0.008253833674836111
952,URLLC,0.007562069601322577
953,URLLC,0.008105476712168451
954,URLLC,0.007858188350401958
955,URLLC,0.008073454119671555
956,URLLC,0.0080856866868433
957,URLLC,0.007841345961585916
958,URLLC,0.007926085136210488
959,URLLC,0.00806210066792364
960,URLLC,0.008042831035703043
961,URLLC,0.00804258070037808
962,URLLC,0.007787095759755838
963,URLLC,0.00777990457003203
964,URLLC,0.00785746812268599
965,URLLC,0.007898076512344306
966,URLLC,0.008179996778216486
967,URLLC,0.008452907860004508
968,URLLC,0.007817085451944839
969,URLLC,0.007927233037017275
970,URLLC,0.007536897760460212
971,URLLC,0.0081474411916927
972,URLLC,0.00810067935605379
973,URLLC,0.007547666950007297
974,URLLC,0.007902942363920267
975,URLLC,0.00769003361527919
976,URLLC,0.007906849377418472
977,URLLC,0.007828987585525036
978,URLLC,0.008024894304617242
979,URLLC,0.008135089590627151
980,URLLC,0.008267877693473136
981,URLLC,0.008067207810933345
982,URLLC,0.008433831245087916
983,URLLC,0.008080378288012058
984,URLLC,0.00838607628459146
985,URLLC,0.007957787380568224
986,URLLC,0.00798268805166446
987,URLLC,0.008103851809423761
988,URLLC,0.007968758054051835
989,URLLC,0.007901361533444218
990,URLLC,0.008075638539318553
991,URLLC,0.008014164992450322
992,URLLC,0.008067285240712778
993,URLLC,0.008125863921209588
994,URLLC,0.008094998101724407
995,URLLC,0.008141195273320695
996,URLLC,0.007563786727019031
997,URLLC,0.00817178553997762
998,URLLC,0.008286109341563853
999,URLLC,0.007998772224093877
1000,URLLC,0.008210080618545825
1001,URLLC,0.008029184094778503
1002,URLLC,0.007710340938981009
1003,URLLC,0.007775382404783767
1004,URLLC,0.007492893549759444
1005,URLLC,0.008195297834174121
1006,URLLC,0.0077033927298217056
1007,URLLC,0.008235109663055393
1008,URLLC,0.0077659667125798346
1009,URLLC,0.008086341130368518
1010,URLLC,0.007663722456744118
1011,URLLC,0.007982157884309015
1012,URLLC,0.007703430278397579
1013,URLLC,0.007969081515991606
1014,URLLC,0.008217087550766791
1015,URLLC,0.008011350026213475
1016,URLLC,0.0075905390466690405
1017,URLLC,0.007812664144703952
1018,URLLC,0.008313961118665001
1019,URLLC,0.008276432471965715
1020,URLLC,0.008188580264726497
1021,URLLC,0.007651735744313276
1022,URLLC,0.00797030719097905
1023,URLLC,0.008211002978993206
1024,URLLC,0.007417771486734102
1025,URLLC,0.007870590720254726
1026,URLLC,0.007852540094080032
1027,URLLC,0.007956639200028818
1028,URLLC,0.00821463594556134
1029,URLLC,0.008181869567274923
1030,URLLC,0.007791927703805196
1031,URLLC,0.00783888907957716
1032,URLLC,0.007918183460240627
1033,URLLC,0.007890264072086097
1034,URLLC,0.007889925312510072
1035,URLLC,0.007922702093009796
1036,URLLC,0.007914719516051839
1037,URLLC,0.008028359009049952
1038,URLLC,0.007674423250077469
1039,URLLC,0.007723758256321773
1040,URLLC,0.007751604193801707
1041,URLLC,0.007809308734775927
1042,URLLC,0.00808164714961054
1043,URLLC,0.008334319781174878
1044,URLLC,0.008086237178015213
1045,URLLC,0.007973036884337972
1046,URLLC,0.008113453303259703
1047,URLLC,0.008157223618537867
1048,URLLC,0.007478309985714916
1049,URLLC,0.007954476417152096
1050,URLLC,0.008276267912820785
1051,URLLC,0.008032062952436617
1052,URLLC,0.008032602749961862
1053,URLLC,0.008237723448644362
1054,URLLC,0.00810105943259219
1055,URLLC,0.008471814322675627
1056,URLLC,0.008022875903007981
1057,URLLC,0.00799428253803473
1058,URLLC,0.00804892718200152
1059,URLLC,0.008076749968460426
1060,URLLC,0.008200577517460717
1061,URLLC,0.007717952521640203
1062,URLLC,0.007701107684621403
1063,URLLC,0.008296578739287842
1064,URLLC,0.007712295428718939
1065,URLLC,0.008227630616354752
1066,URLLC,0.008047267222323812
1067,URLLC,0.007848567540802837
1068,URLLC,0.008625493728201112
1069,URLLC,0.008287758135452546
1070,URLLC,0.008356068507577658
1071,URLLC,0.008161650469747142
1072,URLLC,0.007807152284492172
1073,URLLC,0.007982744262668252
1074,URLLC,0.007631393807772422
1075,URLLC,0.008043074950018136
1076,URLLC,0.007657949449951761
1077,URLLC,0.0084900113796553
1078,URLLC,0.007628422539769889
1079,URLLC,0.007706564071072278
1080,URLLC,0.008239440659623294
1081,URLLC,0.007637993911973778
1082,URLLC,0.008178895072565695
1083,URLLC,0.008107290521751614
1084,URLLC,0.007513888729743388
1085,URLLC,0.0077204239269132975
1086,URLLC,0.0079489837705411
1087,URLLC,0.007996996265794927
1088,URLLC,0.00786720364895692
1089,URLLC,0.008249433572213834
1090,URLLC,0.00803093136503657
1091,URLLC,0.007896484087618514
1092,URLLC,0.00777645801137352
1093,URLLC,0.008421006099010576
1094,URLLC,0.008080148262854069
1095,URLLC,0.00783805820381417
1096,URLLC,0.0076418582522772265
1097,URLLC,0.00783174552596253
1098,URLLC,0.008069472842964226
1099,URLLC,0.008149341940637825
1100,URLLC,0.008186257241092986
1101,URLLC,0.007985038252207477
1102,URLLC,0.008151948789447007
1103,URLLC,0.008236876878433993
1104,URLLC,0.007647365938448725
1105,URLLC,0.007645660444854528
1106,URLLC,0.00775065881002289
1107,URLLC,0.008245502852162636
1108,URLLC,0.007980316032911015
1109,URLLC,0.00765237376710532
1110,URLLC,0.008123360137589202
1111,URLLC,0.008025210939624038
1112,URLLC,0.007843424871374868
1113,URLLC,0.007947682509033068
1114,URLLC,0.007860188528154429
1115,URLLC,0.007982218683738294
1116,URLLC,0.007902371308573682
1117,URLLC,0.007779730024096057
1118,URLLC,0.007885687199036
1119,URLLC,0.008398954523210296
1120,URLLC,0.007872214205763494
1121,URLLC,0.007444695827947625
1122,URLLC,0.008010992473616344
1123,URLLC,0.008393487868151245
1124,URLLC,0.008392054632788843
1125,URLLC,0.008185659847215152
1126,URLLC,0.008199305731866696
1127,URLLC,0.008145701813809698
1128,URLLC,0.008189107219213329
1129,URLLC,0.0075881507750107284
1130,URLLC,0.007865192574564007
1131,URLLC,0.008064069398556134
1132,URLLC,0.008064099732193743
1133,URLLC,0.0081562285250803
1134,URLLC,0.008109294924649214
1135,URLLC,0.007814434701468628
1136,URLLC,0.00800185491367087
1137,URLLC,0.007965472287415891
1138,URLLC,0.00822543870499774
1139,URLLC,0.008037225828502787
1140,URLLC,0.007579968217469738
1141,URLLC,0.008494674907489239
1142,URLLC,0.007567173638075694
1143,URLLC,0.00832782083259192
1144,URLLC,0.007715128512892524
1145,URLLC,0.00806131420637953
1146,URLLC,0.008505408595970222
1147,URLLC,0.007949899603474385
1148,URLLC,0.007642927672607108
1149,URLLC,0.007942405232712956
1150,URLLC,0.008206463826822132
1151,URLLC,0.007966560235589556
1152,URLLC,0.008099882720414406
1153,URLLC,0.00814495123204774
1154,URLLC,0.008075794509685104
1155,URLLC,0.008106837795333157
1156,URLLC,0.007867902202720201
1157,URLLC,0.008329078362032036
1158,URLLC,0.00856088129442737
1159,URLLC,0.007746047540091752
1160,URLLC,0.007685463111013692
1161,URLLC,0.008088020677762741
1162,URLLC,0.008197156366470218
1163,URLLC,0.008001028666990654
1164,URLLC,0.008393393775569833
1165,URLLC,0.007949337276277951
1166,URLLC,0.008334893363299697
1167,URLLC,0.007721656758501437
1168,URLLC,0.007717202125514242
1169,URLLC,0.008116513869887357
1170,URLLC,0.00804576496463219
1171,URLLC,0.008134387206332748
1172,URLLC,0.007683613164209744
1173,URLLC,0.008007704815464587
1174,URLLC,0.00772706591836835
1175,URLLC,0.007689870455132427
1176,URLLC,0.00849692725778157
1177,URLLC,0.007952528174800058
1178,URLLC,0.008242786163060043
1179,URLLC,0.008044858128984289
1180,URLLC,0.008205761968502952
1181,URLLC,0.007805243189714052
1182,URLLC,0.007806416750883628
1183,URLLC,0.007857772379718192
1184,URLLC,0.007695014138914888
1185,URLLC,0.007816986550925272
1186,URLLC,0.008042690165951433
1187,URLLC,0.00814983186788657
1188,URLLC,0.007770984580670869
1189,URLLC,0.007960893789757431
1190,URLLC,0.008266252239226649
1191,URLLC,0.007611971936409339
1192,URLLC,0.008072166625911429
1193,URLLC,0.00807502395809893
1194,URLLC,0.00866612692137824
1195,URLLC,0.008187978303160537
1196,URLLC,0.007841728170545818
1197,URLLC,0.00808916698039435
1198,URLLC,0.008353875772457442
1199,URLLC,0.008017338675822161
1200,URLLC,0.007548432346033936
1201,URLLC,0.007824975643052562
1202,URLLC,0.007937385110919182
1203,URLLC,0.008412673841988301
1204,URLLC,0.007848017639500457
1205,URLLC,0.007724328223820706
1206,URLLC,0.007848250176305754
1207,URLLC,0.00810505303709801
1208,URLLC,0.008541924566070265
1209,URLLC,0.008089461161654227
1210,URLLC,0.007815860446818385
1211,URLLC,0.007841362068345828
1212,URLLC,0.007769171539937483
1213,URLLC,0.00802203972819632
1214,URLLC,0.008005587256452206
1215,URLLC,0.00773570772864823
1216,URLLC,0.007560789074201404
1217,URLLC,0.007982620485438754
1218,URLLC,0.00817753964492794
1219,URLLC,0.007792299689094937
1220,URLLC,0.007738804049083034
1221,URLLC,0.007636127093726945
1222,URLLC,0.008091693496437931
1223,URLLC,0.008088915674074925
1224,URLLC,0.008190302506390643
1225,URLLC,0.00828395301057899
1226,URLLC,0.008020188898231233
1227,URLLC,0.007885335940643865
1228,URLLC,0.008006196787234078
1229,URLLC,0.0076163404353278225
1230,URLLC,0.007680989405079323
1231,URLLC,0.007928522781015638
1232,URLLC,0.007997461961431035
1233,URLLC,0.00808032176067058
1234,URLLC,0.007808393381619062
1235,URLLC,0.00792455508585187
1236,URLLC,0.00775635946836953
1237,URLLC,0.007914640792662794
1238,URLLC,0.007829974528891611
1239,URLLC,0.008415386113566316
1240,URLLC,0.008164084461420067
1241,URLLC,0.008085701298434647
1242,URLLC,0.008019038259126917
1243,URLLC,0.008228441491462974
1244,URLLC,0.007991520713321572
1245,URLLC,0.008012361398865183
1246,URLLC,0.008349335123747116
1247,URLLC,0.007854746133119848
1248,URLLC,0.008159156875697167
1249,URLLC,0.008151411276157748
1250,URLLC,0.00824408178754543
1251,URLLC,0.007574369969215647
1252,URLLC,0.007950833937766306
1253,URLLC,0.008012736080071057
1254,URLLC,0.008149642321234966
1255,URLLC,0.008342968897476263
1256,URLLC,0.008211657710090898
1257,URLLC,0.008109317156379055
1258,URLLC,0.008203366725735567
1259,URLLC,0.00801441940180988
1260,URLLC,0.008045658973680129
1261,URLLC,0.007870256563782728
1262,URLLC,0.008197190994178658
1263,URLLC,0.007770955109220048
1264,URLLC,0.007512478009402962
1265,URLLC,0.0082365254519578
1266,URLLC,0.008284806357140356
1267,URLLC,0.008025396787497533
1268,URLLC,0.008185084908425665
1269,URLLC,0.008063290888144631
1270,URLLC,0.007971757725996965
1271,URLLC,0.007700652110100082
1272,URLLC,0.008090235965975884
1273,URLLC,0.007800208583552815
1274,URLLC,0.007889606679870535
1275,URLLC,0.007918862134588072
1276,URLLC,0.008061224989935433
1277,URLLC,0.007761603730365693
1278,URLLC,0.007236693674708254
1279,URLLC,0.007925958728732927
1280,URLLC,0.007867368711970494
1281,URLLC,0.008094772433652175
1282,URLLC,0.008216133857855473
1283,URLLC,0.007923157788410089
1284,URLLC,0.00779440172655687
1285,URLLC,0.007955736100295208
1286,URLLC,0.008290739251468199
1287,URLLC,0.007804943673588482
1288,URLLC,0.008339474619777416
1289,URLLC,0.008450180058089457
1290,URLLC,0.007891904028447177
1291,URLLC,0.007862456429637031
1292,URLLC,0.007662051004741924
1293,URLLC,0.007878124729883048
1294,URLLC,0.007995936139903834
1295,URLLC,0.007726191694339767
1296,URLLC,0.007930745150622146
1297,URLLC,0.008034076385278761
1298,URLLC,0.008108661508933045
1299,URLLC,0.008036181149655734
1300,URLLC,0.007565740709124929
1301,URLLC,0.008103442589675146
1302,URLLC,0.007933450148953828
1303,URLLC,0.008253572785029084
1304,URLLC,0.008069112957033317
1305,URLLC,0.007817147097647638
1306,URLLC,0.008301634268354152
1307,URLLC,0.007571653910465777
1308,URLLC,0.007686702687826522
1309,URLLC,0.008217881875786683
1310,URLLC,0.0079030085282488
1311,URLLC,0.008110631270855526
1312,URLLC,0.007618693185614633
1313,URLLC,0.00813521661421099
1314,URLLC,0.008408100776051582
1315,URLLC,0.008163054704092667
1316,URLLC,0.007956866203261385
1317,URLLC,0.008470025232253616
1318,URLLC,0.008345505387337393
1319,URLLC,0.007863193755927863
1320,URLLC,0.007710869673732039
1321,URLLC,0.008178622419804327
1322,URLLC,0.0079169957082055
1323,URLLC,0.008223328030847046
1324,URLLC,0.008081126998168996
1325,URLLC,0.007581262210624542
1326,URLLC,0.007783397927238504
1327,URLLC,0.007931642308502936
1328,URLLC,0.007895270895806035
1329,URLLC,0.007903597967901374
1330,URLLC,0.007952821120526445
1331,URLLC,0.007931792127595856
1332,URLLC,0.008031951795167701
1333,URLLC,0.00809805528692514
1334,URLLC,0.008461398480874386
1335,URLLC,0.008176267586445853
1336,URLLC,0.008180177078268463
1337,URLLC,0.008467369291099893
1338,URLLC,0.00806443656729148
1339,URLLC,0.0077774206194118345
1340,URLLC,0.00828076982679949
1341,URLLC,0.007679158573642045
1342,URLLC,0.008065019654530539
1343,URLLC,0.007881936289482281
1344,URLLC,0.007684710963939721
1345,URLLC,0.008179680348829203
1346,URLLC,0.008014045335330554
1347,URLLC,0.0075616850375580654
1348,URLLC,0.007949751454722544
1349,URLLC,0.007634201433189486
1350,URLLC,0.007795878526186198
1351,URLLC,0.0082356032775111
1352,URLLC,0.008183438632501447
1353,URLLC,0.007974555056616858
1354,URLLC,0.008131781682526599
1355,URLLC,0.00801226744704315
1356,URLLC,0.007893310933977025
1357,URLLC,0.007888513888967946
1358,URLLC,0.0077224100120640805
1359,URLLC,0.0082125713757704
1360,URLLC,0.008001531793461126
1361,URLLC,0.008270217195231357
1362,URLLC,0.008169278670876901
1363,URLLC,0.007775585885833368
1364,URLLC,0.008482319896413494
1365,URLLC,0.008018931643276342
1366,URLLC,0.007856077709567581
1367,URLLC,0.007983041068095517
1368,URLLC,0.007998204351020794
1369,URLLC,0.008152332226248957
1370,URLLC,0.007910415261595586
1371,URLLC,0.007968990908608215
1372,URLLC,0.008224044174347954
1373,URLLC,0.008251403878611561
1374,URLLC,0.008261928203170206
1375,URLLC,0.008212680151889943
1376,URLLC,0.007753807101007943
1377,URLLC,0.008240689925213263
1378,URLLC,0.008033215179600782
1379,URLLC,0.007796126737349325
1380,URLLC,0.007831140993295214
1381,URLLC,0.00784353896201456
1382,URLLC,0.008081905677935748
1383,URLLC,0.008025930919852492
1384,URLLC,0.00777415504355901
1385,URLLC,0.007825533920240298
1386,URLLC,0.008098974469555662
1387,URLLC,0.007864774165309918
1388,URLLC,0.008143348087925781
1389,URLLC,0.00807217956876863
1390,URLLC,0.007935620515779717
1391,URLLC,0.008219302916538175
1392,URLLC,0.007970986367010347
1393,URLLC,0.008058024739366797
1394,URLLC,0.007845941248834747
1395,URLLC,0.00812862329159454
1396,URLLC,0.007906072174712744
1397,URLLC,0.008130998619414832
1398,URLLC,0.00782288886440633
1399,URLLC,0.007691680032306793
1400,URLLC,0.007760886398018776
1401,URLLC,0.00770170152494672
1402,URLLC,0.00830674361393877
1403,URLLC,0.0080811659116813
1404,URLLC,0.008140318751576524
1405,URLLC,0.008137244948804393
1406,URLLC,0.007854221620304025
1407,URLLC,0.007644965862122965
1408,URLLC,0.008188233046436715
1409,URLLC,0.007849502439458023
1410,URLLC,0.007840465915851106
1411,URLLC,0.008223060615659798
1412,URLLC,0.008236631171599004
1413,URLLC,0.00799419385635614
1414,URLLC,0.007969777519885743
1415,URLLC,0.007857088011887448
1416,URLLC,0.008052309568544112
1417,URLLC,0.008045234427405077
1418,URLLC,0.007998586396700357
1419,URLLC,0.007796165265314381
1420,URLLC,0.00816464291707779
1421,URLLC,0.008289535781545673
1422,URLLC,0.00782348195381251
1423,URLLC,0.007817964132358265
1424,URLLC,0.007802395896353365
1425,URLLC,0.007693548776511059
1426,URLLC,0.007685844598821551
1427,URLLC,0.007873137780572258
1428,URLLC,0.007909059154609037
1429,URLLC,0.008066418979188647
1430,URLLC,0.007889379303796615
1431,URLLC,0.008112345216355257
1432,URLLC,0.007999096360993068
1433,URLLC,0.008044731036511758
1434,URLLC,0.007777483561779558
1435,URLLC,0.00785739060191399
1436,URLLC,0.008033132450707005
1437,URLLC,0.0078055222411063845
1438,URLLC,0.007806071833169012
1439,URLLC,0.007711155520778099
1440,URLLC,0.007954280983777654
1441,URLLC,0.007833867144039199
1442,URLLC,0.008241335550338442
1443,URLLC,0.008103758646359458
1444,URLLC,0.007562058928945105
1445,URLLC,0.007999220133444854
1446,URLLC,0.008274019611096264
1447,URLLC,0.008251551886351014
1448,URLLC,0.007999637718298187
1449,URLLC,0.008158881758880219
1450,URLLC,0.007784193303127357
1451,URLLC,0.007959465569248094
1452,URLLC,0.008311799596196403
1453,URLLC,0.008223291019883752
1454,URLLC,0.008016731553501062
1455,URLLC,0.007798767515921744
1456,URLLC,0.008090949779095271
1457,URLLC,0.007699543973291905
1458,URLLC,0.007554330766318352
1459,URLLC,0.007626026352845623
1460,URLLC,0.008397539192724965
1461,URLLC,0.007569675159374994
1462,URLLC,0.007957321872228449
1463,URLLC,0.008552195490050544
1464,URLLC,0.007976712061853075
1465,URLLC,0.008040413959376684
1466,URLLC,0.007740190637973293
1467,URLLC,0.00823413701693141
1468,URLLC,0.007677248016250502
1469,URLLC,0.007904563948744819
1470,URLLC,0.008003881154062581
1471,URLLC,0.007812611398499477
1472,URLLC,0.007862860405273833
1473,URLLC,0.007840784784975581
1474,URLLC,0.008040759038015599
1475,URLLC,0.008185547988690218
1476,URLLC,0.007731847427088644
1477,URLLC,0.008050067313016227
1478,URLLC,0.00819153167462042
1479,URLLC,0.007977983468315958
1480,URLLC,0.00826155997243106
1481,URLLC,0.0080375816824711
1482,URLLC,0.007941112581658397
1483,URLLC,0.007823836785477906
1484,URLLC,0.008153025162818699
1485,URLLC,0.00799091202226974
1486,URLLC,0.008028948179092632
1487,URLLC,0.008295019307280408
1488,URLLC,0.008029084344523459
1489,URLLC,0.00756531487180406
1490,URLLC,0.008421508400492128
1491,URLLC,0.007709204886141757
1492,URLLC,0.008003423483213125
1493,URLLC,0.00841163864265009
1494,URLLC,0.007618599129207095
1495,URLLC,0.007734990557134422
1496,URLLC,0.008241578866798202
1497,URLLC,0.007866262095037272
1498,URLLC,0.007734774093850478
1499,URLLC,0.00840063807475106
1500,URLLC,0.007908706441565905
1501,URLLC,0.007593843729753076
1502,URLLC,0.008123825303241069
1503,URLLC,0.008096689963254154
1504,URLLC,0.008166323300349268
1505,URLLC,0.007755800593013723
1506,URLLC,0.008335910805575216
1507,URLLC,0.0078085908308912
1508,URLLC,0.008298361149550708
1509,URLLC,0.008294085250538074
1510,URLLC,0.007871241958326287
1511,URLLC,0.007607914600205367
1512,URLLC,0.007806642864116112
1513,URLLC,0.007912469195679487
1514,URLLC,0.00764939573943389
1515,URLLC,0.007768624681926866
1516,URLLC,0.007690042109087068
1517,URLLC,0.007965628144316532
1518,URLLC,0.00805589298108357
1519,URLLC,0.007903454959317506
1520,URLLC,0.008269318248971334
1521,URLLC,0.008191720467758661
1522,URLLC,0.008144370697521464
1523,URLLC,0.008097218864292512
1524,URLLC,0.008108302292630879
1525,URLLC,0.00804303458671868
1526,URLLC,0.0077274519711538515
1527,URLLC,0.008006524532013084
1528,URLLC,0.0077279667807710435
1529,URLLC,0.008034037310608378
1530,URLLC,0.00810309201512292
1531,URLLC,0.007684833351611261
1532,URLLC,0.008078093729625339
1533,URLLC,0.007936537821182739
1534,URLLC,0.007903974627909982
1535,URLLC,0.007520626603887777
1536,URLLC,0.008003330277893426
1537,URLLC,0.008143073539426286
1538,URLLC,0.008212332978762999
1539,URLLC,0.008178568905452968
1540,URLLC,0.008074090086881196
1541,URLLC,0.008064051649732238
1542,URLLC,0.008064290430271738
1543,URLLC,0.007658548375444366
1544,URLLC,0.00752475893635978
1545,URLLC,0.008272448600314718
1546,URLLC,0.00820256678064106
1547,URLLC,0.007605770872161289
1548,URLLC,0.007927419816803965
1549,URLLC,0.00759341689941935
1550,URLLC,0.008432570794550199
1551,URLLC,0.007752137950448583
1552,URLLC,0.007960654264795725
1553,URLLC,0.007816831496964466
1554,URLLC,0.007898673362004597
1555,URLLC,0.007916371199381815
1556,URLLC,0.007534549521805294
1557,URLLC,0.00766736919049379
1558,URLLC,0.008048692018878978
1559,URLLC,0.008349878023224167
1560,URLLC,0.00765123281955082
1561,URLLC,0.007770457063816867
1562,URLLC,0.008225592160978403
1563,URLLC,0.008163988907635873
1564,URLLC,0.007921966070245161
1565,URLLC,0.0075965582958723585
1566,URLLC,0.008118909293862444
1567,URLLC,0.007807131879252387
1568,URLLC,0.007795546561721635
1569,URLLC,0.007573792801760141
1570,URLLC,0.008034402850079206
1571,URLLC,0.0077643304813221296
1572,URLLC,0.007882291733095948
1573,URLLC,0.007576852828419962
1574,URLLC,0.007957763700263486
1575,URLLC,0.008248641813516259
1576,URLLC,0.0078476824085029
1577,URLLC,0.007963142024008177
1578,URLLC,0.008247662824637715
1579,URLLC,0.00806028076975221
1580,URLLC,0.007752695617747885
1581,URLLC,0.007921213652550323
1582,URLLC,0.007981184715389172
1583,URLLC,0.008113776819255254
1584,URLLC,0.008021945718549443
1585,URLLC,0.008063165747645514
1586,URLLC,0.008316042584259128
1587,URLLC,0.00818036518215399
1588,URLLC,0.008165322862403923
1589,URLLC,0.007988544194180417
1590,URLLC,0.007985176474539512
1591,URLLC,0.007821723646526474
1592,URLLC,0.008006088894430037
1593,URLLC,0.008034352586434368
1594,URLLC,0.007535049554647851
1595,URLLC,0.008252969485972076
1596,URLLC,0.00820253039451382
1597,URLLC,0.0077105519226440804
1598,URLLC,0.008150602320101006
1599,URLLC,0.007805264795510593
1600,URLLC,0.008145148467108504
1601,URLLC,0.007841694650652035
1602,URLLC,0.00808148579130735
1603,URLLC,0.008158923184676424
1604,URLLC,0.007783307212275591
1605,URLLC,0.007898560276363353
1606,URLLC,0.008403589891584372
1607,URLLC,0.007921838106247686
1608,URLLC,0.0076356528012225785
1609,URLLC,0.008262810936467758
1610,URLLC,0.00796049622456797
1611,URLLC,0.008034621086909725
1612,URLLC,0.00804634223196156
1613,URLLC,0.007953774257322434
1614,URLLC,0.008016435460138359
1615,URLLC,0.007781667071798483
1616,URLLC,0.008089791115770538
1617,URLLC,0.00817535907916664
1618,URLLC,0.007651061852384932
1619,URLLC,0.00837630495202115
1620,URLLC,0.008155061419298452
1621,URLLC,0.008051997147268316
1622,URLLC,0.007849664658167981
1623,URLLC,0.007968989652664502
1624,URLLC,0.008193840539339595
1625,URLLC,0.007970141060662668
1626,URLLC,0.00796261482770193
1627,URLLC,0.008091041044845563
1628,URLLC,0.007777130857236691
1629,URLLC,0.007458516361738223
1630,URLLC,0.007777346198544539
1631,URLLC,0.008257505770713448
1632,URLLC,0.008135837012242114
1633,URLLC,0.008261884273782494
1634,URLLC,0.008148221857367419
1635,URLLC,0.008174948414871172
1636,URLLC,0.0076958491167445145
1637,URLLC,0.007922192911507978
1638,URLLC,0.0077610978604004885
1639,URLLC,0.007957225316225029
1640,URLLC,0.00812644983313632
1641,URLLC,0.00854552630464646
1642,URLLC,0.007693046677286553
1643,URLLC,0.008108601994185144
1644,URLLC,0.007920757823025724
1645,URLLC,0.007924651049314193
1646,URLLC,0.007752234754958065
1647,URLLC,0.007991501012055556
1648,URLLC,0.008345300702279427
1649,URLLC,0.007791750753876101
1650,URLLC,0.007962060095496538
1651,URLLC,0.0077412854306623214
1652,URLLC,0.008044004306734898
1653,URLLC,0.008124739135120468
1654,URLLC,0.008046840479485546
1655,URLLC,0.007954630126675572
1656,URLLC,0.007962755469392057
1657,URLLC,0.00803802109554593
1658,URLLC,0.008173873754939706
1659,URLLC,0.008223272755486758
1660,URLLC,0.00788900209957344
1661,URLLC,0.008305313838084782
1662,URLLC,0.00797687819416849
1663,URLLC,0.007641835471923083
1664,URLLC,0.008226499686822675
1665,URLLC,0.00786605387993253
1666,URLLC,0.008143823862074726
1667,URLLC,0.008060542191664353
1668,URLLC,0.007763392730845503
1669,URLLC,0.008249774172465836
1670,URLLC,0.007611712935861795
1671,URLLC,0.008473280542446348
1672,URLLC,0.007895531014695872
1673,URLLC,0.008060904909686455
1674,URLLC,0.007976253174795259
1675,URLLC,0.008168182627265498
1676,URLLC,0.007813642955949475
1677,URLLC,0.007857384660562778
1678,URLLC,0.007874054212729683
1679,URLLC,0.007966395020070686
1680,URLLC,0.007617986695221835
1681,URLLC,0.008421141678344839
1682,URLLC,0.008080099769180966
1683,URLLC,0.008061381983649104
1684,URLLC,0.008103165586913492
1685,URLLC,0.007868738536086956
1686,URLLC,0.007977376838811133
1687,URLLC,0.008530151477134588
1688,URLLC,0.007844429887002218
1689,URLLC,0.007624801068817197
1690,URLLC,0.008124762278399934
1691,URLLC,0.008177731529184263
1692,URLLC,0.008010691103381573
1693,URLLC,0.007947565608855237
1694,URLLC,0.007691246975820545
1695,URLLC,0.007638321678179429
1696,URLLC,0.007893369757185508
1697,URLLC,0.007825456411698647
1698,URLLC,0.007342518688155589
1699,URLLC,0.00854238293085736
1700,URLLC,0.00747600737665438
1701,URLLC,0.008067074655754748
1702,URLLC,0.007812190948740926
1703,URLLC,0.0077985162701206655
1704,URLLC,0.008033765403386808
1705,URLLC,0.008044148094252279
1706,URLLC,0.007787558049109253
1707,URLLC,0.008042450110276655
1708,URLLC,0.00769116271094766
1709,URLLC,0.007789649037538823
1710,URLLC,0.008104593858717417
1711,URLLC,0.007711429742500918
1712,URLLC,0.00758723424818686
1713,URLLC,0.007590129874425932
1714,URLLC,0.007912084214902868
1715,URLLC,0.008195212687677056
1716,URLLC,0.007863853854862272
1717,URLLC,0.007788604358406406
1718,URLLC,0.007981859408079009
1719,URLLC,0.0075237109324272945
1720,URLLC,0.007809413081200567
1721,URLLC,0.008532071182108913
1722,URLLC,0.008069951966962237
1723,URLLC,0.007507180522368963
1724,URLLC,0.007881672388479371
1725,URLLC,0.008079238176541482
1726,URLLC,0.0078089340332021615
1727,URLLC,0.007833871339191405
1728,URLLC,0.008399758286653927
1729,URLLC,0.00788124925962558
1730,URLLC,0.007846406996438807
1731,URLLC,0.008023999988573978
1732,URLLC,0.008298699062648698
1733,URLLC,0.007757389147860259
1734,URLLC,0.0077396630684195096
1735,URLLC,0.007894486569828227
1736,URLLC,0.0081772482668146
1737,URLLC,0.008293724077922188
1738,URLLC,0.007696191223584797
1739,URLLC,0.007865427050262514
1740,URLLC,0.008302460210316165
1741,URLLC,0.007990936193074016
1742,URLLC,0.008028349367277733
1743,URLLC,0.007798952210707375
1744,URLLC,0.008008041337332756
1745,URLLC,0.007980150832710734
1746,URLLC,0.008087346193144888
1747,URLLC,0.008152868902462432
1748,URLLC,0.008099118716985489
1749,URLLC,0.008179345670494746
1750,URLLC,0.007739615858906644
1751,URLLC,0.007673635439334185
1752,URLLC,0.008247467363780878
1753,URLLC,0.00782254401037495
1754,URLLC,0.007993436586161229
1755,URLLC,0.007979087215059901
1756,URLLC,0.008125048541228114
1757,URLLC,0.007983923354980845
1758,URLLC,0.008044281784712332
1759,URLLC,0.0077148139898918465
1760,URLLC,0.007996450963675036
1761,URLLC,0.008109312390105514
1762,URLLC,0.008141937432451675
1763,URLLC,0.00838453274672056
1764,URLLC,0.007889196585314942
1765,URLLC,0.00764977615950616
1766,URLLC,0.008357880731528603
1767,URLLC,0.007998727386720509
1768,URLLC,0.007818531225815585
1769,URLLC,0.007941465619587924
1770,URLLC,0.008617582825467342
1771,URLLC,0.007835793252962783
1772,URLLC,0.007853001565693185
1773,URLLC,0.008421205215198981
1774,URLLC,0.008217012470516543
1775,URLLC,0.007806575852862657
1776,URLLC,0.008273425709221195
1777,URLLC,0.007607827748669999
1778,URLLC,0.008072823830796213
1779,URLLC,0.007882554478444881
1780,URLLC,0.008047089770579437
1781,URLLC,0.007852226230233477
1782,URLLC,0.008224589546062215
1783,URLLC,0.00785765957109178
1784,URLLC,0.008128425076997485
1785,URLLC,0.008324052851969048
1786,URLLC,0.007924740235717282
1787,URLLC,0.008205686820163585
1788,URLLC,0.007729411161975451
1789,URLLC,0.008194600947475457
1790,URLLC,0.008301264783657631
1791,URLLC,0.008034529864222281
1792,URLLC,0.007911394417793241
1793,URLLC,0.008344169736690865
1794,URLLC,0.007767980290951289
1795,URLLC,0.007657780586795022
1796,URLLC,0.008077083374308439
1797,URLLC,0.008305256402131471
1798,URLLC,0.00786562255332154
1799,URLLC,0.008190016893157237
1800,URLLC,0.007839644454944577
1801,URLLC,0.007742457726256861
1802,URLLC,0.00851625674346471
1803,URLLC,0.008208889467379866
1804,URLLC,0.007973755290251483
1805,URLLC,0.007901482068693448
1806,URLLC,0.00795603194323577
1807,URLLC,0.007817415592006684
1808,URLLC,0.007998426986943936
1809,URLLC,0.008171080741479098
1810,URLLC,0.008300284664994885
1811,URLLC,0.00790765209063813
1812,URLLC,0.00808701736587123
1813,URLLC,0.008127939916475993
1814,URLLC,0.00833706617881658
1815,URLLC,0.007849879552138542
1816,URLLC,0.008198547597315439
1817,URLLC,0.00784922214331935
1818,URLLC,0.008078887433879961
1819,URLLC,0.007936145020469906
1820,URLLC,0.0078117425682850735
1821,URLLC,0.008257942753751052
1822,URLLC,0.007772980929360969
1823,URLLC,0.008408270099606256
1824,URLLC,0.008158804943860768
1825,URLLC,0.008044436902914225
1826,URLLC,0.00812595695378802
1827,URLLC,0.007852668248332974
1828,URLLC,0.007827372179156872
1829,URLLC,0.007941359032826683
1830,URLLC,0.00781502266635798
1831,URLLC,0.008083023786324396
1832,URLLC,0.008183580627904235
1833,URLLC,0.007856418600057815
1834,URLLC,0.008203184353205198
1835,URLLC,0.008158468646658514
1836,URLLC,0.008010792057944357
1837,URLLC,0.008156447319917779
1838,URLLC,0.007513326193905905
1839,URLLC,0.007961598789855287
1840,URLLC,0.007824959305646563
1841,URLLC,0.007686328092279542
1842,URLLC,0.008022127805946919
1843,URLLC,0.007940653274357745
1844,URLLC,0.00800440754664428
1845,URLLC,0.00791160659364582
1846,URLLC,0.007778810901439578
1847,URLLC,0.008369718272371486
1848,URLLC,0.00844356527931675
1849,URLLC,0.007933268953050274
1850,URLLC,0.008042819712824882
1851,URLLC,0.00814438847910467
1852,URLLC,0.007963221266612103
1853,URLLC,0.007628900865978853
1854,URLLC,0.008041394192634633
1855,URLLC,0.008001121939790213
1856,URLLC,0.008028888909421198
1857,URLLC,0.008016320998115039
1858,URLLC,0.007973882751776806
1859,URLLC,0.0076715481674791254
1860,URLLC,0.007747643988609312
1861,URLLC,0.008060433445464697
1862,URLLC,0.008031610602886359
1863,URLLC,0.007804107055416282
1864,URLLC,0.008076005356943224
1865,URLLC,0.007833611040812113
1866,URLLC,0.00796288679859299
1867,URLLC,0.008387283409297574
1868,URLLC,0.008187971938281828
1869,URLLC,0.007844240836961315
1870,URLLC,0.008523751139839345
1871,URLLC,0.008034338777908968
1872,URLLC,0.008056305848635889
1873,URLLC,0.008433466191806047
1874,URLLC,0.007711519918486693
1875,URLLC,0.007985086827889372
1876,URLLC,0.007490521685180721
1877,URLLC,0.008085943586608175
1878,URLLC,0.00847940597415545
1879,URLLC,0.007657969249517935
1880,URLLC,0.007858949969757709
1881,URLLC,0.007761362328699162
1882,URLLC,0.008142236237444847
1883,URLLC,0.007472585785627505
1884,URLLC,0.008314116239625953
1885,URLLC,0.007856763132585811
1886,URLLC,0.008003250647781313
1887,URLLC,0.008054019889187596
1888,URLLC,0.007947029352738508
1889,URLLC,0.008309454410883274
1890,URLLC,0.008752549708457603
1891,URLLC,0.00813299623777358
1892,URLLC,0.008531075258948079
1893,URLLC,0.00822809772975779
1894,URLLC,0.007926570454399583
1895,URLLC,0.008004846250997373
1896,URLLC,0.008379662969428369
1897,URLLC,0.00777389534334106
1898,URLLC,0.008111337333453277
1899,URLLC,0.007864499915723458
1900,URLLC,0.008258478896810662
1901,URLLC,0.0077736915183916466
1902,URLLC,0.007659888024770004
1903,URLLC,0.007905644848171986
1904,URLLC,0.00817998330196351
1905,URLLC,0.00825295821059128
1906,URLLC,0.008241250917520478
1907,URLLC,0.008039289836536755
1908,URLLC,0.007767757642362262
1909,URLLC,0.007836203636345285
1910,URLLC,0.007900057689805555
1911,URLLC,0.008228905650614094
1912,URLLC,0.007875091261071046
1913,URLLC,0.007759067578002374
1914,URLLC,0.007782930898565131
1915,URLLC,0.007609705273068859
1916,URLLC,0.008098884614958935
1917,URLLC,0.00805861133861127
1918,URLLC,0.008169796555840585
1919,URLLC,0.007521585866514793
1920,URLLC,0.008319835810497972
1921,URLLC,0.007954879833668955
1922,URLLC,0.00811663484256155
1923,URLLC,0.008311239058957287
1924,URLLC,0.00759826693037347
1925,URLLC,0.008070097612643637
1926,URLLC,0.007985360961818129
1927,URLLC,0.008201908069682651
1928,URLLC,0.008295011542805975
1929,URLLC,0.007950383367050617
1930,URLLC,0.007735101392332087
1931,URLLC,0.00781729597903648
1932,URLLC,0.007943087779771051
1933,URLLC,0.008019793199874215
1934,URLLC,0.007765106795114572
1935,URLLC,0.008180982907960346
1936,URLLC,0.00765114389622021
1937,URLLC,0.0077453672006874965
1938,URLLC,0.007866806815399837
1939,URLLC,0.00798564682218388
1940,URLLC,0.008231008877259548
1941,URLLC,0.007984356840404955
1942,URLLC,0.007736677134566229
1943,URLLC,0.007977862880516554
1944,URLLC,0.007865545424133301
1945,URLLC,0.008250864325538855
1946,URLLC,0.0076560402665110895
1947,URLLC,0.007646469084869789
1948,URLLC,0.008173651342928533
1949,URLLC,0.00794317780406103
1950,URLLC,0.008057228033185886
1951,URLLC,0.008345961940913367
1952,URLLC,0.008234134120556427
1953,URLLC,0.008078070719743794
1954,URLLC,0.008020464744765218
1955,URLLC,0.007875902771308462
1956,URLLC,0.008079836455708929
1957,URLLC,0.007712420762794598
1958,URLLC,0.007978245229290104
1959,URLLC,0.0077478877462856454
1960,URLLC,0.007878925241525838
1961,URLLC,0.00810609728711407
1962,URLLC,0.008091159405740787
1963,URLLC,0.008266243374829242
1964,URLLC,0.00810189667301817
1965,URLLC,0.008176787170101465
1966,URLLC,0.0078063924488337025
1967,URLLC,0.007944960128741744
1968,URLLC,0.008151149197867413
1969,URLLC,0.008425116519305158
1970,URLLC,0.008039211734736644
1971,URLLC,0.007833181578242384
1972,URLLC,0.007905079499273394
1973,URLLC,0.007735951095127632
1974,URLLC,0.008102738781169594
1975,URLLC,0.008107284046756827
1976,URLLC,0.007838841167713299
1977,URLLC,0.007894515542477358
1978,URLLC,0.007955968549344376
1979,URLLC,0.0077133512337162115
1980,URLLC,0.008163902796959766
1981,URLLC,0.007999155958361901
1982,URLLC,0.007522390863317375
1983,URLLC,0.00829692758409677
1984,URLLC,0.007868480521368867
1985,URLLC,0.008219298099412253
1986,URLLC,0.008291057335759498
1987,URLLC,0.008174303864521263
1988,URLLC,0.007852722117315346
1989,URLLC,0.007893532650534715
1990,URLLC,0.007931287126236935
1991,URLLC,0.007700772389954365
1992,URLLC,0.007740999001152949
1993,URLLC,0.008920619701732701
1994,URLLC,0.007852931621475424
1995,URLLC,0.007909866127413115
1996,URLLC,0.0076866831454868115
1997,URLLC,0.008431276029887599
1998,URLLC,0.00807037292346451
1999,URLLC,0.00797197989546026
0,eMBB,0.0
1,eMBB,0.15305510778763556
2,eMBB,0.24107038543915651
3,eMBB,0.2967209701533266
4,eMBB,0.3319752306463949
5,eMBB,0.35403874172511424
6,eMBB,0.3711850091078139
7,eMBB,0.38358533867221073
8,eMBB,0.3906410550418096
9,eMBB,0.3973457499937463
10,eMBB,0.40290329144440273
11,eMBB,0.40483802262834045
12,eMBB,0.40377679248828696
13,eMBB,0.4038795675540306
14,eMBB,0.4049298123726843
15,eMBB,0.4072405222164555
16,eMBB,0.40323429156336743
17,eMBB,0.41899322791646726
18,eMBB,0.39804723289217814
19,eMBB,0.41112387035675535
20,eMBB,0.0
21,eMBB,0.0
22,eMBB,0.40849549961016773
23,eMBB,0.0
24,eMBB,0.40497099678150067
25,eMBB,0.0
26,eMBB,0.0
27,eMBB,0.0
28,eMBB,0.0
29,eMBB,0.0
30,eMBB,0.0
31,eMBB,0.0
32,eMBB,0.0
33,eMBB,0.0
34,eMBB,0.4048187137319872
35,eMBB,0.0
36,eMBB,0.0
37,eMBB,0.4000674286797604
38,eMBB,0.40400063185002466
39,eMBB,0.0
40,eMBB,0.0
41,eMBB,0.40174637262830426
42,eMBB,0.4051372353904201
43,eMBB,0.4029978962051967
44,eMBB,0.40429484990199016
45,eMBB,0.4033660244312758
46,eMBB,0.4032406069486931
47,eMBB,0.4027830014577147
48,eMBB,0.4078584160425936
49,eMBB,0.4131049993327998
50,eMBB,0.41108856256798987
51,eMBB,0.4065668804899194
52,eMBB,0.40468849299661097
53,eMBB,0.40836371108829417
54,eMBB,0.4053390997720951
55,eMBB,0.4033572505200963
56,eMBB,0.40984863735849675
57,eMBB,0.4070101993891401
58,eMBB,0.4081690244617082
59,eMBB,0.41382379043255973
60,eMBB,0.407927712280236
61,eMBB,0.40451624384055274
62,eMBB,0.4052029749723275
63,eMBB,0.40755534434472546
64,eMBB,0.4073633324903032
65,eMBB,0.4038864018198758
66,eMBB,0.40772223020443354
67,eMBB,0.40900333930823324
68,eMBB,0.408163268122593
69,eMBB,0.4104300779197856
70,eMBB,0.40240904151427853
71,eMBB,0.40955943695300784
72,eMBB,0.40920172372965363
73,eMBB,0.4115173210282988
74,eMBB,0.4071597331854137
75,eMBB,0.40872838757760444
76,eMBB,0.4052517767605748
77,eMBB,0.40692007204474245
78,eMBB,0.40635602641059393
79,eMBB,0.40873268543128455
80,eMBB,0.4078456775599311
81,eMBB,0.4092623594005608
82,eMBB,0.4106291891480262
83,eMBB,0.40944239542496536
84,eMBB,0.4061118282977402
85,eMBB,0.40980952530858483
86,eMBB,0.40604645444299664
87,eMBB,0.40817067251617345
88,eMBB,0.4090507237208701
89,eMBB,0.41013344722304845
90,eMBB,0.41123097647666856
91,eMBB,0.4084105025762233
92,eMBB,0.4055942302398275
93,eMBB,0.4038067930707156
94,eMBB,0.4101250753460872
95,eMBB,0.40748564042471136
96,eMBB,0.41044282138943816
97,eMBB,0.4045223879878785
98,eMBB,0.40620670379335944
99,eMBB,0.40900050964242074
100,eMBB,0.4072005191874821
101,eMBB,0.41056228511363463
102,eMBB,0.40861198568950113
103,eMBB,0.40312848354364594
104,eMBB,0.4112762038946236
105,eMBB,0.40489970565309097
106,eMBB,0.40971825153926106
107,eMBB,0.40800539281182996
108,eMBB,0.40462872667360456
109,eMBB,0.4074605603886234
110,eMBB,0.4073782694391667
111,eMBB,0.4084114612146757
112,eMBB,0.4072492021030678
113,eMBB,0.4094729047931112
114,eMBB,0.4113615497958935
115,eMBB,0.40779046223203724
116,eMBB,0.4021472873899441
117,eMBB,0.4079702379910175
118,eMBB,0.40431427672109427
119,eMBB,0.4101521954063973
120,eMBB,0.4050781996382835
121,eMBB,0.405912873853284
122,eMBB,0.4072384299531538
123,eMBB,0.40214071462789425
124,eMBB,0.4052618938071524
125,eMBB,0.4082739082827426
126,eMBB,0.4048643673956399
127,eMBB,0.4098315449744128
128,eMBB,0.40232317661998
129,eMBB,0.4114227952913494
130,eMBB,0.4037122266995783
131,eMBB,0.40693956659846836
132,eMBB,0.40863759967870356
133,eMBB,0.40200948437472106
134,eMBB,0.4068661670507277
135,eMBB,0.40678780055812824
136,eMBB,0.4092198464723602
137,eMBB,0.4059261098507795
138,eMBB,0.4063826496644892
139,eMBB,0.40563575031496824
140,eMBB,0.40577611072033004
141,eMBB,0.40601107496617167
142,eMBB,0.40980101759298815
143,eMBB,0.4077131928617625
144,eMBB,0.4014179524551997
145,eMBB,0.4051665349601891
146,eMBB,0.4039870287284566
147,eMBB,0.40770393272414956
148,eMBB,0.4043164387257812
149,eMBB,0.40703480804570474
150,eMBB,0.40746461469063927
151,eMBB,0.4046805120972329
152,eMBB,0.40774564797881185
153,eMBB,0.4096350247821457
154,eMBB,0.4046843583941391
155,eMBB,0.40783871582104464
156,eMBB,0.4058979564487533
157,eMBB,0.4098429921803384
158,eMBB,0.4032492221074394
159,eMBB,0.4109040922801809
160,eMBB,0.4074273927401637
161,eMBB,0.40898436865050236
162,eMBB,0.4092758995355947
163,eMBB,0.40605140787504307
164,eMBB,0.40683710042332133
165,eMBB,0.40682541926746246
166,eMBB,0.408441958298231
167,eMBB,0.4079974145776304
168,eMBB,0.4052618294086861
169,eMBB,0.4051519605263962
170,eMBB,0.4074210249854893
171,eMBB,0.40826230612812203
172,eMBB,0.4101470157831683
173,eMBB,0.4039620977789499
174,eMBB,0.40562153360714437
175,eMBB,0.4064158064703106
176,eMBB,0.40742823145707724
177,eMBB,0.4094825498243216
178,eMBB,0.4104479092575796
179,eMBB,0.4077716230011403
180,eMBB,0.413284519034674
181,eMBB,0.4110156066316456
182,eMBB,0.4065762732436036
183,eMBB,0.4098613273161917
184,eMBB,0.40472957267512805
185,eMBB,0.40621314017902643
186,eMBB,0.41001450281562557
187,eMBB,0.4072528956449542
188,eMBB,0.4010714811646689
189,eMBB,0.4086019122681401
190,eMBB,0.4095821614358764
191,eMBB,0.40852241359410824
192,eMBB,0.40741480394253243
193,eMBB,0.41055165928427445
194,eMBB,0.40540277127569335
195,eMBB,0.40890585893316683
196,eMBB,0.40424908860475023
197,eMBB,0.40489840303111563
198,eMBB,0.40720580756892544
199,eMBB,0.40487321603944415
200,eMBB,0.40374207127522005
201,eMBB,0.40762989027659396
202,eMBB,0.40397385150227133
203,eMBB,0.40329431055843684
204,eMBB,0.40285976341173524
205,eMBB,0.4095199280989162
206,eMBB,0.4037979224134041
207,eMBB,0.4049907067741767
208,eMBB,0.40563799768642483
209,eMBB,0.4107891116133355
210,eMBB,0.40938684149046306
211,eMBB,0.4063956261338162
212,eMBB,0.4091552212712405
213,eMBB,0.404944333993412
214,eMBB,0.4023084327424344
215,eMBB,0.4073274986310513
216,eMBB,0.4104789621378869
217,eMBB,0.4053852752495985
218,eMBB,0.4056073003525484
219,eMBB,0.40511157486176325
220,eMBB,0.4044432001017234
221,eMBB,0.40358115385269
222,eMBB,0.4096349268085688
223,eMBB,0.4066880355708633
224,eMBB,0.4083556358407092
225,eMBB,0.408777291696515
226,eMBB,0.40566814620714436
227,eMBB,0.40827619201130483
228,eMBB,0.40667502873472816
229,eMBB,0.4073186009005526
230,eMBB,0.40547677527741083
231,eMBB,0.4057961226880977
232,eMBB,0.40739165156114515
233,eMBB,0.4056812140705011
234,eMBB,0.4066284100505337
235,eMBB,0.40677077787389226
236,eMBB,0.4045265835471117
237,eMBB,0.4092730029374682
238,eMBB,0.40512110208268687
239,eMBB,0.40734021023300976
240,eMBB,0.4092626649796177
241,eMBB,0.4062210743951565
242,eMBB,0.40751478335727737
243,eMBB,0.408604342906104
244,eMBB,0.41070304239835886
245,eMBB,0.4082551904587306
246,eMBB,0.40954928368799315
247,eMBB,0.4083977241832516
248,eMBB,0.4048414699188802
249,eMBB,0.4042500564748912
250,eMBB,0.4096652832566203
251,eMBB,0.4012863791084626
252,eMBB,0.4047259178986121
253,eMBB,0.40313590865204424
254,eMBB,0.4069332651445787
255,eMBB,0.4038391312320889
256,eMBB,0.40850374356199787
257,eMBB,0.4085260179396106
258,eMBB,0.40886113199050284
259,eMBB,0.40639099940372486
260,eMBB,0.4051119889145206
261,eMBB,0.406401509938953
262,eMBB,0.40237783371520125
263,eMBB,0.4080602628083748
264,eMBB,0.40518250486114293
265,eMBB,0.4066130566339803
266,eMBB,0.4035833982989071
267,eMBB,0.4050795967424854
268,eMBB,0.4089285711879994
269,eMBB,0.4022242697778328
270,eMBB,0.4026783230742409
271,eMBB,0.4041048931963106
272,eMBB,0.4045579989598031
273,eMBB,0.40492671005340697
274,eMBB,0.40698838608122667
275,eMBB,0.4056560194000485
276,eMBB,0.40458584639413914
277,eMBB,0.4071663371444213
278,eMBB,0.408353060359798
279,eMBB,0.4097773656638576
280,eMBB,0.4069087322597187
281,eMBB,0.40428435792447287
282,eMBB,0.4065312664828214
283,eMBB,0.40930526635510334
284,eMBB,0.403877565582067
285,eMBB,0.4051147146792376
286,eMBB,0.4057266797971822
287,eMBB,0.404126485578513
288,eMBB,0.40303626995434333
289,eMBB,0.4092543095954305
290,eMBB,0.40932366830783734
291,eMBB,0.4021923417171721
292,eMBB,0.40437786797957986
293,eMBB,0.40351656693740834
294,eMBB,0.4030262734562744
295,eMBB,0.40679029491999164
296,eMBB,0.40297704263677236
297,eMBB,0.40282989758573207
298,eMBB,0.4048676143159288
299,eMBB,0.4075688793435011
300,eMBB,0.40493770153554914
301,eMBB,0.4048147822839953
302,eMBB,0.4060707356841303
303,eMBB,0.4065649142653647
304,eMBB,0.40312655754462107
305,eMBB,0.4018919956984151
306,eMBB,0.39955464966672055
307,eMBB,0.4026811287500763
308,eMBB,0.40508207801407436
309,eMBB,0.4033380154083319
310,eMBB,0.40436331360785344
311,eMBB,0.4064645107786488
312,eMBB,0.4036373735397751
313,eMBB,0.4051846857091585
314,eMBB,0.405776667015862
315,eMBB,0.4003792927167356
316,eMBB,0.4050321075313269
317,eMBB,0.404781068230653
318,eMBB,0.4067977175464089
319,eMBB,0.4034505900107562
320,eMBB,0.406218236092643
321,eMBB,0.4023706855321169
322,eMBB,0.40509335383123835
323,eMBB,0.40264005442728446
324,eMBB,0.40575220946795076
325,eMBB,0.40679162428314947
326,eMBB,0.403685042878854
327,eMBB,0.4083118422105972
328,eMBB,0.40326032831843356
329,eMBB,0.4060632114426427
330,eMBB,0.4041841441550025
331,eMBB,0.41015332704661883
332,eMBB,0.4042127937095562
333,eMBB,0.40780612520709836
334,eMBB,0.4032903038280497
335,eMBB,0.40926843171719135
336,eMBB,0.405582959944751
337,eMBB,0.40448931992305215
338,eMBB,0.40540684120628784
339,eMBB,0.40687547360163145
340,eMBB,0.4075812137822406
341,eMBB,0.407144418332897
342,eMBB,0.40314651888034275
343,eMBB,0.40929273084178047
344,eMBB,0.4052608052132956
345,eMBB,0.4058597279716303
346,eMBB,0.4055596299399904
347,eMBB,0.40453362112864755
348,eMBB,0.4057752812661517
349,eMBB,0.40474076742494147
350,eMBB,0.40515139947145395
351,eMBB,0.4062031438518056
352,eMBB,0.40980095570147923
353,eMBB,0.406781580604663
354,eMBB,0.40619935521934647
355,eMBB,0.4055163839088674
356,eMBB,0.4055176788472414
357,eMBB,0.4055367811334195
358,eMBB,0.40733551681905006
359,eMBB,0.40765653025072934
360,eMBB,0.408191806578032
361,eMBB,0.406825194432017
362,eMBB,0.4038307627620178
363,eMBB,0.40641202884407834
364,eMBB,0.40385510301809463
365,eMBB,0.4056423209208056
366,eMBB,0.4019374933233839
367,eMBB,0.4036857499135318
368,eMBB,0.4060292453343855
369,eMBB,0.40270333012001835
370,eMBB,0.4065700961298301
371,eMBB,0.4040393110429907
372,eMBB,0.40680304972601894
373,eMBB,0.4044189068661501
374,eMBB,0.4049286160921404
375,eMBB,0.4053351852620029
376,eMBB,0.4076916241252408
377,eMBB,0.40592821084811387
378,eMBB,0.4088595470861236
379,eMBB,0.4074785787071489
380,eMBB,0.4032210541269462
381,eMBB,0.4072001493543614
382,eMBB,0.4069351620416844
383,eMBB,0.40325879294507005
384,eMBB,0.3984295880657475
385,eMBB,0.40322029423110994
386,eMBB,0.40635424752332244
387,eMBB,0.406187530876492
388,eMBB,0.41016143261179316
389,eMBB,0.40426346312522576
390,eMBB,0.4056925890285089
391,eMBB,0.41234239419280994
392,eMBB,0.4080350286056181
393,eMBB,0.4077479064420526
394,eMBB,0.4076937619147758
395,eMBB,0.40960321373115327
396,eMBB,0.40734111039798626
397,eMBB,0.4087218228538499
398,eMBB,0.40674551993780406
399,eMBB,0.40630775812173653
400,eMBB,0.4096119125469024
401,eMBB,0.40809339625447794
402,eMBB,0.41257586613567865
403,eMBB,0.4081615583746012
404,eMBB,0.40928601876100523
405,eMBB,0.4092716673718514
406,eMBB,0.40763863754353985
407,eMBB,0.41098691413296545
408,eMBB,0.40581277443529307
409,eMBB,0.4102348823804504
410,eMBB,0.4095853064712784
411,eMBB,0.40739841880940797
412,eMBB,0.4071304960323067
413,eMBB,0.4113235625802975
414,eMBB,0.408791237677845
415,eMBB,0.40640621653130754
416,eMBB,0.41203291260298325
417,eMBB,0.40784622841622026
418,eMBB,0.4064355969607821
419,eMBB,0.4046617517093931
420,eMBB,0.40491843679518424
421,eMBB,0.41077071468224857
422,eMBB,0.4091303165893841
423,eMBB,0.4107525927698702
424,eMBB,0.4067160533620441
425,eMBB,0.4064392747141446
426,eMBB,0.40550189364828815
427,eMBB,0.4057751490026583
428,eMBB,0.40284970007394316
429,eMBB,0.40433833164405786
430,eMBB,0.40703454579047016
431,eMBB,0.4067025862739599
432,eMBB,0.41258081124114876
433,eMBB,0.40491298414123916
434,eMBB,0.40882924714117497
435,eMBB,0.40402352984001566
436,eMBB,0.4083391705546159
437,eMBB,0.4088386440044854
438,eMBB,0.40477509855684474
439,eMBB,0.4046211730122161
440,eMBB,0.4074492328732223
441,eMBB,0.40408682555776393
442,eMBB,0.41086609830108306
443,eMBB,0.41015405236084507
444,eMBB,0.4058044083010626
445,eMBB,0.40486479663257163
446,eMBB,0.40478156771731644
447,eMBB,0.404988305552566
448,eMBB,0.4042778159355093
449,eMBB,0.4050288483892732
450,eMBB,0.4076221347591746
451,eMBB,0.40735593806220766
452,eMBB,0.4048167304461558
453,eMBB,0.40838483050208485
454,eMBB,0.40998769820084086
455,eMBB,0.40794479064139116
456,eMBB,0.4075837738736372
457,eMBB,0.4050109994315195
458,eMBB,0.4053829900534513
459,eMBB,0.40577538381178435
460,eMBB,0.4064283880739107
461,eMBB,0.4062619342958187
462,eMBB,0.40227969353331017
463,eMBB,0.40461203475141766
464,eMBB,0.4042505283646393
465,eMBB,0.4068449080156104
466,eMBB,0.406710724515815
467,eMBB,0.4072384564654328
468,eMBB,0.4078882057556092
469,eMBB,0.4073119177328228
470,eMBB,0.40900632520784774
471,eMBB,0.4080293841874711
472,eMBB,0.40498512009860543
473,eMBB,0.4084779214888834
474,eMBB,0.4048971049936082
475,eMBB,0.40552322609948666
476,eMBB,0.40426097986395426
477,eMBB,0.4108987896670525
478,eMBB,0.40424739732221265
479,eMBB,0.4045456418873922
480,eMBB,0.4068118360960851
481,eMBB,0.4071862892659246
482,eMBB,0.4049331247794559
483,eMBB,0.40700888505475485
484,eMBB,0.4067437802606147
485,eMBB,0.40625398340027025
486,eMBB,0.4066809196920948
487,eMBB,0.40477585906706504
488,eMBB,0.4051218382982146
489,eMBB,0.4059457740289295
490,eMBB,0.40700672588486886
491,eMBB,0.406354331858267
492,eMBB,0.4062914475338777
493,eMBB,0.4099736406933333
494,eMBB,0.4055647924183083
495,eMBB,0.4044316017892438
496,eMBB,0.40646607294323445
497,eMBB,0.4076551489640851
498,eMBB,0.4038659399040224
499,eMBB,0.4049679472203143
500,eMBB,0.4113991704751027
501,eMBB,0.404634027430028
502,eMBB,0.40772927996516517
503,eMBB,0.4052083448769039
504,eMBB,0.4120451113546006
505,eMBB,0.403318011003173
506,eMBB,0.40134914855150683
507,eMBB,0.4041853617173552
508,eMBB,0.40621145500035516
509,eMBB,0.40806659670984813
510,eMBB,0.4051783448370645
511,eMBB,0.40727640612554966
512,eMBB,0.4046592105743236
513,eMBB,0.40994392851377864
514,eMBB,0.40364737886746743
515,eMBB,0.4051062931618398
516,eMBB,0.40779132626563314
517,eMBB,0.403687833461965
518,eMBB,0.40227607662668036
519,eMBB,0.4017161702412516
520,eMBB,0.404470497424318
521,eMBB,0.402818064290771
522,eMBB,0.40699539174952537
523,eMBB,0.40448036924174763
524,eMBB,0.40245581383032086
525,eMBB,0.4052854204331177
526,eMBB,0.4063780889858565
527,eMBB,0.4060006109811833
528,eMBB,0.4061406510504584
529,eMBB,0.4072029368577018
530,eMBB,0.4052731361426347
531,eMBB,0.40791762515407176
532,eMBB,0.40321031642221666
533,eMBB,0.4076516845692012
534,eMBB,0.40770970498839887
535,eMBB,0.40956145865953564
536,eMBB,0.4083559557358257
537,eMBB,0.4053286879095885
538,eMBB,0.40529924092758257
539,eMBB,0.4049323019448833
540,eMBB,0.40628839589557836
541,eMBB,0.4080008597941166
542,eMBB,0.40257314568228564
543,eMBB,0.40292912448486284
544,eMBB,0.40676607292622813
545,eMBB,0.40633747434571715
546,eMBB,0.4060755067768149
547,eMBB,0.40603099188713654
548,eMBB,0.40647522975766265
549,eMBB,0.40572678726758193
550,eMBB,0.4068829673170488
551,eMBB,0.4096599082555249
552,eMBB,0.4084408146471093
553,eMBB,0.4092420333695805
554,eMBB,0.406822352831833
555,eMBB,0.4048399872701099
556,eMBB,0.4085418991778476
557,eMBB,0.40513291277145946
558,eMBB,0.4038359197424461
559,eMBB,0.40818191640538803
560,eMBB,0.4073454436169691
561,eMBB,0.40715551798526467
562,eMBB,0.40486173412588217
563,eMBB,0.40676654095441683
564,eMBB,0.40898490658450387
565,eMBB,0.4065211833072687
566,eMBB,0.40471082479494525
567,eMBB,0.40796741338566417
568,eMBB,0.40442085132797095
569,eMBB,0.4057704438338916
570,eMBB,0.4039467483136085
571,eMBB,0.4066565915612188
572,eMBB,0.4060134492490884
573,eMBB,0.40516831687949606
574,eMBB,0.4086957408076691
575,eMBB,0.40700839471842554
576,eMBB,0.407194504960856
577,eMBB,0.40542079253651
578,eMBB,0.40988157785534596
579,eMBB,0.4068213729813958
580,eMBB,0.4034934087595317
581,eMBB,0.4071966931639572
582,eMBB,0.4028829497195017
583,eMBB,0.40772312840851904
584,eMBB,0.4089816563798023
585,eMBB,0.40528311015195073
586,eMBB,0.4044056494432747
587,eMBB,0.40517438078238055
588,eMBB,0.405733685155051
589,eMBB,0.40392874040154025
590,eMBB,0.4032528340452292
591,eMBB,0.40447628725971957
592,eMBB,0.40498545970640126
593,eMBB,0.4046877523786367
594,eMBB,0.408080095315493
595,eMBB,0.404564927159245
596,eMBB,0.40902082880800245
597,eMBB,0.40809331248229275
598,eMBB,0.40688283847967305
599,eMBB,0.4055633992361601
600,eMBB,0.4096022794560719
601,eMBB,0.4120848989892311
602,eMBB,0.40462846294833477
603,eMBB,0.4080723174797241
604,eMBB,0.4080443489688955
605,eMBB,0.40832266792295757
606,eMBB,0.41133387776688624
607,eMBB,0.40514762106511404
608,eMBB,0.4034757133595989
609,eMBB,0.4061269181516018
610,eMBB,0.40528360138640107
611,eMBB,0.40464818570745326
612,eMBB,0.4040334686967858
613,eMBB,0.4059953327835105
614,eMBB,0.40591844417045014
615,eMBB,0.40992160624091917
616,eMBB,0.40643748712502464
617,eMBB,0.4056381240556081
618,eMBB,0.4022000733789475
619,eMBB,0.4056781104962618
620,eMBB,0.40772633282514753
621,eMBB,0.40396836112933
622,eMBB,0.40843432629941945
623,eMBB,0.40486797282353293
624,eMBB,0.4086092342045717
625,eMBB,0.40612356720172227
626,eMBB,0.4083339837427688
627,eMBB,0.4104052130716723
628,eMBB,0.4021765731373106
629,eMBB,0.40488794168145403
630,eMBB,0.40608460071203356
631,eMBB,0.40591657807529236
632,eMBB,0.4047532217538193
633,eMBB,0.40609126501971815
634,eMBB,0.40719107409601274
635,eMBB,0.4068757014998633
636,eMBB,0.4066730535944405
637,eMBB,0.4059305535736386
638,eMBB,0.4062362499930499
639,eMBB,0.40817931993773304
640,eMBB,0.40823395209673075
641,eMBB,0.40671838487728795
642,eMBB,0.4114337746688027
643,eMBB,0.4079236056347045
644,eMBB,0.4034723470093498
645,eMBB,0.4105777756613112
646,eMBB,0.404743077772806
647,eMBB,0.40370660163471067
648,eMBB,0.4062548534961289
649,eMBB,0.4088683556485354
650,eMBB,0.4038060516026973
651,eMBB,0.4052384582508701
652,eMBB,0.4115071014224327
653,eMBB,0.4084233129195567
654,eMBB,0.41009743829885414
655,eMBB,0.4029976203914246
656,eMBB,0.40631290681694904
657,eMBB,0.4065101911619965
658,eMBB,0.4037217203995195
659,eMBB,0.4060949033761803
660,eMBB,0.404471691673639
661,eMBB,0.40507837861789303
662,eMBB,0.40250977276380684
663,eMBB,0.40984476943370624
664,eMBB,0.4070295432561019
665,eMBB,0.4035355969889021
666,eMBB,0.40545229295787566
667,eMBB,0.4054908615306373
668,eMBB,0.40752330269392
669,eMBB,0.4073531456310249
670,eMBB,0.40459739973295494
671,eMBB,0.40264154317447926
672,eMBB,0.404700283052841
673,eMBB,0.4018130014819532
674,eMBB,0.40714097465725063
675,eMBB,0.4068311611593878
676,eMBB,0.4067761078399646
677,eMBB,0.41035016327559604
678,eMBB,0.4030384668253263
679,eMBB,0.4021001999146722
680,eMBB,0.4057667042106543
681,eMBB,0.4072921266922645
682,eMBB,0.4046041985346633
683,eMBB,0.4074288606327541
684,eMBB,0.40546994592598995
685,eMBB,0.4072546710444608
686,eMBB,0.404607757227988
687,eMBB,0.40546675027622203
688,eMBB,0.4030500736794469
689,eMBB,0.404798931838189
690,eMBB,0.40320447912210516
691,eMBB,0.40499958003527825
692,eMBB,0.40552231995729554
693,eMBB,0.40848045813389133
694,eMBB,0.4092266691647438
695,eMBB,0.40452369951375006
696,eMBB,0.41211101228954766
697,eMBB,0.4032593517848675
698,eMBB,0.4083739141214138
699,eMBB,0.405137524284474
700,eMBB,0.4058325105041467
701,eMBB,0.4057866592196391
702,eMBB,0.40723684717641795
703,eMBB,0.4095381239247047
704,eMBB,0.40708458601654657
705,eMBB,0.4066895951929886
706,eMBB,0.40951180354027494
707,eMBB,0.4057000884677063
708,eMBB,0.4033050729861232
709,eMBB,0.4067565033579461
710,eMBB,0.40586706500606035
711,eMBB,0.40858675646899995
712,eMBB,0.40184824655302037
713,eMBB,0.4120532839509612
714,eMBB,0.4063233151981302
715,eMBB,0.40665681449942387
716,eMBB,0.4069345006731545
717,eMBB,0.41133787615529505
718,eMBB,0.4033848223447294
719,eMBB,0.40485483957676066
720,eMBB,0.4059791418768571
721,eMBB,0.40273015711222754
722,eMBB,0.4082436651655919
723,eMBB,0.40651247251805783
724,eMBB,0.4056294220881527
725,eMBB,0.40879384563529014
726,eMBB,0.40946023553216393
727,eMBB,0.407762087485144
728,eMBB,0.40904528920448535
729,eMBB,0.4042004486475655
730,eMBB,0.4076206169850034
731,eMBB,0.4056432899984633
732,eMBB,0.404523063846221
733,eMBB,0.40677162379343645
734,eMBB,0.40805317438498817
735,eMBB,0.4077038651146073
736,eMBB,0.40480031502341096
737,eMBB,0.4025434710192526
738,eMBB,0.4068392260672296
739,eMBB,0.4071182685531429
740,eMBB,0.40990645756758004
741,eMBB,0.4045524109253041
742,eMBB,0.4049601004634547
743,eMBB,0.40841632242816467
744,eMBB,0.40753897816141527
745,eMBB,0.4053105304613576
746,eMBB,0.40627168445394285
747,eMBB,0.40565261786289203
748,eMBB,0.40374559298682294
749,eMBB,0.40494999045110597
750,eMBB,0.40417021891809013
751,eMBB,0.4092966597103132
752,eMBB,0.408064814276568
753,eMBB,0.40673408094420255
754,eMBB,0.4087895685723508
755,eMBB,0.4073168209021262
756,eMBB,0.40480387541564605
757,eMBB,0.40651375569516945
758,eMBB,0.40883087101836213
759,eMBB,0.40735924382937466
760,eMBB,0.41080979470278284
761,eMBB,0.40798062784433886
762,eMBB,0.4075289797000183
763,eMBB,0.4051697356592742
764,eMBB,0.40524404729877245
765,eMBB,0.40715908629408815
766,eMBB,0.40642155937431995
767,eMBB,0.4031285968348113
768,eMBB,0.40477837814494405
769,eMBB,0.40343599284929643
770,eMBB,0.41029512999935724
771,eMBB,0.4068192439263841
772,eMBB,0.40736063805496897
773,eMBB,0.40776102474037984
774,eMBB,0.40641196088829107
775,eMBB,0.405025304872279
776,eMBB,0.4052287491236663
777,eMBB,0.4068996745452653
778,eMBB,0.4023289021257037
779,eMBB,0.4068146392116536
780,eMBB,0.40878599271685395
781,eMBB,0.4035786024688357
782,eMBB,0.4105581266646388
783,eMBB,0.4065311837214651
784,eMBB,0.4073463688017585
785,eMBB,0.4037621266769378
786,eMBB,0.4066293962334514
787,eMBB,0.41106586990592797
788,eMBB,0.4103117459361059
789,eMBB,0.4060682090804787
790,eMBB,0.4102952101806132
791,eMBB,0.4057764543792693
792,eMBB,0.40460173967456453
793,eMBB,0.4035510696821952
794,eMBB,0.4053057660793248
795,eMBB,0.40376857022717183
796,eMBB,0.406283934585732
797,eMBB,0.40388513125297143
798,eMBB,0.40496871293813946
799,eMBB,0.40488805859879756
800,eMBB,0.405048153074865
801,eMBB,0.4068101150075054
802,eMBB,0.40349892218018113
803,eMBB,0.4037182047915926
804,eMBB,0.4048192546991249
805,eMBB,0.4038688333179982
806,eMBB,0.4046404167561246
807,eMBB,0.4079534559316968
808,eMBB,0.40510293692212784
809,eMBB,0.40259122023130417
810,eMBB,0.40594999373125795
811,eMBB,0.40671974486803386
812,eMBB,0.4066262052460816
813,eMBB,0.40870057882113386
814,eMBB,0.40687411025428366
815,eMBB,0.40764526540343
816,eMBB,0.4083223891796794
817,eMBB,0.4066136514232272
818,eMBB,0.4123039312433018
819,eMBB,0.4067130990102884
820,eMBB,0.411901950237896
821,eMBB,0.40924851698486814
822,eMBB,0.40643205711818603
823,eMBB,0.4071572441171515
824,eMBB,0.4055542367064857
825,eMBB,0.4088507246262206
826,eMBB,0.4068707129780283
827,eMBB,0.405970111924315
828,eMBB,0.40670643396805034
829,eMBB,0.4076711904364612
830,eMBB,0.4085666476942004
831,eMBB,0.4071886506852399
832,eMBB,0.4079300245584909
833,eMBB,0.4053698092170747
834,eMBB,0.4066171760395538
835,eMBB,0.403945965848135
836,eMBB,0.40841466681646976
837,eMBB,0.40484548240662926
838,eMBB,0.407264045970483
839,eMBB,0.4063520255406437
840,eMBB,0.41130026185108415
841,eMBB,0.4115447463354154
842,eMBB,0.404378999451422
843,eMBB,0.4057441346816191
844,eMBB,0.40625648338493425
845,eMBB,0.40596253411525407
846,eMBB,0.40457168837472673
847,eMBB,0.4098630279996047
848,eMBB,0.4056268972655659
849,eMBB,0.4051073730548338
850,eMBB,0.40749130277872614
851,eMBB,0.40503087925673986
852,eMBB,0.40428156874523924
853,eMBB,0.40508020446285065
854,eMBB,0.40322670633677643
855,eMBB,0.40308795068384495
856,eMBB,0.40566135284116067
857,eMBB,0.40503294016030167
858,eMBB,0.407360024642297
859,eMBB,0.4069986750996031
860,eMBB,0.4065791702205186
861,eMBB,0.40852970537513794
862,eMBB,0.407964649015952
863,eMBB,0.403707182333102
864,eMBB,0.4058895621661572
865,eMBB,0.4104875459149574
866,eMBB,0.4032278486147165
867,eMBB,0.4071040767855253
868,eMBB,0.4060176033183391
869,eMBB,0.4061940245098357
870,eMBB,0.4037373988639818
871,eMBB,0.40680335914922533
872,eMBB,0.4095194938034352
873,eMBB,0.4087991237721149
874,eMBB,0.4065879537670139
875,eMBB,0.4065850755988275
876,eMBB,0.40906752288059767
877,eMBB,0.40396391636131407
878,eMBB,0.4076636064435974
879,eMBB,0.40534639002943473
880,eMBB,0.40691956235099724
881,eMBB,0.4075932572788045
882,eMBB,0.4092611730897099
883,eMBB,0.40612693169983144
884,eMBB,0.4055392583869672
885,eMBB,0.4069882315805312
886,eMBB,0.4025626789002981
887,eMBB,0.4084968204453859
888,eMBB,0.40375946720210587
889,eMBB,0.40689576481175527
890,eMBB,0.40617203217210823
891,eMBB,0.4041397043585956
892,eMBB,0.4075367631723766
893,eMBB,0.4048162009716808
894,eMBB,0.4095523725465229
895,eMBB,0.4045645262641651
896,eMBB,0.4059292886913615
897,eMBB,0.40855864118364665
898,eMBB,0.40595644344365667
899,eMBB,0.407141278357495
900,eMBB,0.40863691214706865
901,eMBB,0.40703412563298574
902,eMBB,0.40849563526903176
903,eMBB,0.4046953730280016
904,eMBB,0.40734317123241254
905,eMBB,0.4069529649991507
906,eMBB,0.4093491283767389
907,eMBB,0.40394834106942684
908,eMBB,0.4061958425600078
909,eMBB,0.40715170070298695
910,eMBB,0.4073228707797164
911,eMBB,0.40251450870379574
912,eMBB,0.40317102330821475
913,eMBB,0.4068430244022221
914,eMBB,0.4052464847893879
915,eMBB,0.4059634188082441
916,eMBB,0.4071517833638345
917,eMBB,0.40516820844752016
918,eMBB,0.402235285223318
919,eMBB,0.405932207376883
920,eMBB,0.4046282955798627
921,eMBB,0.4024982455590956
922,eMBB,0.4038360685822655
923,eMBB,0.40618298574494394
924,eMBB,0.4048782370051668
925,eMBB,0.4034403593988335
926,eMBB,0.4015020866075903
927,eMBB,0.40587003743571065
928,eMBB,0.40828431628564293
929,eMBB,0.41170294438064475
930,eMBB,0.40521425235051495
931,eMBB,0.404171446346986
932,eMBB,0.4067007833633752
933,eMBB,0.40864320586231195
934,eMBB,0.40330033836852414
935,eMBB,0.41202984081738453
936,eMBB,0.4076530257662595
937,eMBB,0.40887113915227397
938,eMBB,0.40789872160776175
939,eMBB,0.40528040720046105
940,eMBB,0.4065233469044763
941,eMBB,0.4069160876849482
942,eMBB,0.40479185925171646
943,eMBB,0.40947840980728484
944,eMBB,0.4033188947742397
945,eMBB,0.4059964934546489
946,eMBB,0.40805701948590467
947,eMBB,0.40999975324204535
948,eMBB,0.40762910619665377
949,eMBB,0.4063605373461054
950,eMBB,0.40663359215046746
951,eMBB,0.40882063640165023
952,eMBB,0.40602297357359085
953,eMBB,0.4059922291658066
954,eMBB,0.40519887742340105
955,eMBB,0.4038527570154452
956,eMBB,0.40439746291713113
957,eMBB,0.4077289052478335
958,eMBB,0.40709422555629926
959,eMBB,0.40697696358635627
960,eMBB,0.4046066310116516
961,eMBB,0.4090266279458884
962,eMBB,0.40602875157637924
963,eMBB,0.4069993836746702
964,eMBB,0.4057207299953917
965,eMBB,0.40869840465516866
966,eMBB,0.40446805168600597
967,eMBB,0.40838697781361644
968,eMBB,0.4063699097414211
969,eMBB,0.40853625847132174
970,eMBB,0.4087452633444936
971,eMBB,0.4029668971036977
972,eMBB,0.40735106418986816
973,eMBB,0.40799484286875587
974,eMBB,0.4057374132357763
975,eMBB,0.4066577638134043
976,eMBB,0.40309742028750234
977,eMBB,0.40501896163478474
978,eMBB,0.40856953875265983
979,eMBB,0.40953822203611123
980,eMBB,0.41004104967293264
981,eMBB,0.4060457394798406
982,eMBB,0.40539708471115415
983,eMBB,0.4073313808520981
984,eMBB,0.4089792297328544
985,eMBB,0.40959351216141604
986,eMBB,0.40589092812145994
987,eMBB,0.403574414536011
988,eMBB,0.4056042702536949
989,eMBB,0.40843922120974546
990,eMBB,0.4039768417694445
991,eMBB,0.4056214989876895
992,eMBB,0.40451619370892444
993,eMBB,0.40812311854641514
994,eMBB,0.406132741766614
995,eMBB,0.4042488463279953
996,eMBB,0.4055706570380045
997,eMBB,0.40511615537615586
998,eMBB,0.40747584937452747
999,eMBB,0.4094559606911376
1000,eMBB,0.41012709742812775
1001,eMBB,0.4101884991411557
1002,eMBB,0.4052914245994021
1003,eMBB,0.40498626477217886
1004,eMBB,0.40553711563854494
1005,eMBB,0.4051803913685241
1006,eMBB,0.4066646031089204
1007,eMBB,0.40651324687624896
1008,eMBB,0.4072057626909461
1009,eMBB,0.40670865664694883
1010,eMBB,0.40274262661300375
1011,eMBB,0.406724696005348
1012,eMBB,0.4022961458854971
1013,eMBB,0.40573480747483825
1014,eMBB,0.4026673662329101
1015,eMBB,0.4062271547840245
1016,eMBB,0.40547663169777337
1017,eMBB,0.40478152690914254
1018,eMBB,0.4037324739571812
1019,eMBB,0.4115831075947403
1020,eMBB,0.40431478145960165
1021,eMBB,0.4077869825350177
1022,eMBB,0.40465461713499584
1023,eMBB,0.40465457106137426
1024,eMBB,0.40495578447475744
1025,eMBB,0.40352729558448686
1026,eMBB,0.40631244524051374
1027,eMBB,0.40317844535462855
1028,eMBB,0.4063004293486392
1029,eMBB,0.40662397699788927
1030,eMBB,0.4033031825460987
1031,eMBB,0.40449015382651415
1032,eMBB,0.40788438388161746
1033,eMBB,0.404509048955276
1034,eMBB,0.4061256934922722
1035,eMBB,0.4072084487836007
1036,eMBB,0.4034402700520675
1037,eMBB,0.4053980022217494
1038,eMBB,0.4076353864071174
1039,eMBB,0.4074406421667832
1040,eMBB,0.40858010139363093
1041,eMBB,0.4077368652463552
1042,eMBB,0.4073820107125853
1043,eMBB,0.40506420841862967
1044,eMBB,0.40566900132154043
1045,eMBB,0.399850890177455
1046,eMBB,0.4072497439627772
1047,eMBB,0.4009854281210779
1048,eMBB,0.40724987692817416
1049,eMBB,0.40680952628175643
1050,eMBB,0.40464771503444985
1051,eMBB,0.40673344565131314
1052,eMBB,0.40427417672775945
1053,eMBB,0.40419868242471524
1054,eMBB,0.40668734789331135
1055,eMBB,0.405768676829386
1056,eMBB,0.4059862967176429
1057,eMBB,0.40508119693254563
1058,eMBB,0.4060435183272399
1059,eMBB,0.40358192160044665
1060,eMBB,0.40972404298912696
1061,eMBB,0.406763477564742
1062,eMBB,0.406383028832602
1063,eMBB,0.40441172580659906
1064,eMBB,0.40319808324364037
1065,eMBB,0.40265194170707125
1066,eMBB,0.40458291008614394
1067,eMBB,0.40489652509585783
1068,eMBB,0.40724593540636495
1069,eMBB,0.4086008361617085
1070,eMBB,0.41229753528061464
1071,eMBB,0.4050426577316902
1072,eMBB,0.40594383352978197
1073,eMBB,0.4084503358597753
1074,eMBB,0.40389400825777066
1075,eMBB,0.4063718479663691
1076,eMBB,0.4051330265340669
1077,eMBB,0.40916268775376685
1078,eMBB,0.4076131718103872
1079,eMBB,0.40847164319181556
1080,eMBB,0.40305890481518103
1081,eMBB,0.4055291679529898
1082,eMBB,0.4062987687660279
1083,eMBB,0.4041293261992848
1084,eMBB,0.4057772614164119
1085,eMBB,0.40671735857318714
1086,eMBB,0.40832855672408513
1087,eMBB,0.4062396275028712
1088,eMBB,0.4044352365805787
1089,eMBB,0.40851595310388683
1090,eMBB,0.4055969809955398
1091,eMBB,0.40749443186509116
1092,eMBB,0.4055569070913544
1093,eMBB,0.4063497517430915
1094,eMBB,0.40592496999131644
1095,eMBB,0.4069922946100424
1096,eMBB,0.40523674573151874
1097,eMBB,0.40784841032803865
1098,eMBB,0.40628665659103796
1099,eMBB,0.4041185165824731
1100,eMBB,0.4048781639307928
1101,eMBB,0.40627217289945644
1102,eMBB,0.4035134966526853
1103,eMBB,0.40723887510861556
1104,eMBB,0.40810520314190707
1105,eMBB,0.40202985198521723
1106,eMBB,0.40355513646628927
1107,eMBB,0.4025625480233503
1108,eMBB,0.40684439256517485
1109,eMBB,0.40714173146050325
1110,eMBB,0.40689189779338625
1111,eMBB,0.40329106513484564
1112,eMBB,0.40702328863319265
1113,eMBB,0.40539019672211674
1114,eMBB,0.40434548173299645
1115,eMBB,0.40641259797492124
1116,eMBB,0.40728991482036975
1117,eMBB,0.40794108040109184
1118,eMBB,0.40557631414151357
1119,eMBB,0.41054844026887183
1120,eMBB,0.40605162116422233
1121,eMBB,0.40917687308774714
1122,eMBB,0.412178664196769
1123,eMBB,0.40717330084913855
1124,eMBB,0.4054832193026079
1125,eMBB,0.40549626539386957
1126,eMBB,0.4052809577014389
1127,eMBB,0.4072367484389134
1128,eMBB,0.4070879449982625
1129,eMBB,0.4035390836367011
1130,eMBB,0.40426526844651667
1131,eMBB,0.4032397570531041
1132,eMBB,0.4077674548832945
1133,eMBB,0.4079887661822071
1134,eMBB,0.4021352987971323
1135,eMBB,0.405005326901307
1136,eMBB,0.4071233043254131
1137,eMBB,0.40562469472342894
1138,eMBB,0.4078158647284326
1139,eMBB,0.40474230218285645
1140,eMBB,0.4075524003058118
1141,eMBB,0.40480750756630807
1142,eMBB,0.4049924956184254
1143,eMBB,0.4050192352505281
1144,eMBB,0.40700452647422247
1145,eMBB,0.4085757520562871
1146,eMBB,0.4033277138924415
1147,eMBB,0.4044902612864228
1148,eMBB,0.40925642788012745
1149,eMBB,0.40541836405177484
1150,eMBB,0.40857615566932953
1151,eMBB,0.40476314010555015
1152,eMBB,0.4047162130658569
1153,eMBB,0.40212369775832213
1154,eMBB,0.40412159695920974
1155,eMBB,0.4056602062247888
1156,eMBB,0.40685892020136916
1157,eMBB,0.40693481220902344
1158,eMBB,0.4064165989415523
1159,eMBB,0.4059409487593592
1160,eMBB,0.40473305594219644
1161,eMBB,0.40512122477488616
1162,eMBB,0.40863330543962245
1163,eMBB,0.4052407035597199
1164,eMBB,0.4057870656382578
1165,eMBB,0.4037328853375827
1166,eMBB,0.4067492938662967
1167,eMBB,0.4048162274744191
1168,eMBB,0.40378128024980553
1169,eMBB,0.40717786843905757
1170,eMBB,0.4081507391039421
1171,eMBB,0.4041272747612834
1172,eMBB,0.40254032091689534
1173,eMBB,0.40247143387932893
1174,eMBB,0.4055273310837981
1175,eMBB,0.4030685240592758
1176,eMBB,0.4059251655482366
1177,eMBB,0.4068296771222276
1178,eMBB,0.4067484284556723
1179,eMBB,0.4076382134688666
1180,eMBB,0.40448603062908145
1181,eMBB,0.4067020535320218
1182,eMBB,0.405827199397501
1183,eMBB,0.4082081366717672
1184,eMBB,0.4060764510140989
1185,eMBB,0.40752064769875035
1186,eMBB,0.40553715995388057
1187,eMBB,0.40805620909110574
1188,eMBB,0.41000317615303794
1189,eMBB,0.40488308241809634
1190,eMBB,0.40678734762157875
1191,eMBB,0.4085978620684567
1192,eMBB,0.40749944621797174
1193,eMBB,0.408610155277328
1194,eMBB,0.4079526347801849
1195,eMBB,0.4088511163586483
1196,eMBB,0.40616409735592296
1197,eMBB,0.408850575459393
1198,eMBB,0.4092692792513078
1199,eMBB,0.4069342959283599
1200,eMBB,0.40544599930204617
1201,eMBB,0.4057569925493078
1202,eMBB,0.4068742433057676
1203,eMBB,0.40745835573887956
1204,eMBB,0.40269515606940426
1205,eMBB,0.40671860056837866
1206,eMBB,0.4084009008447116
1207,eMBB,0.4070580060363436
1208,eMBB,0.40326473125218715
1209,eMBB,0.405718169822033
1210,eMBB,0.40945399098012586
1211,eMBB,0.4089427095675458
1212,eMBB,0.4028602042552285
1213,eMBB,0.40451782003708314
1214,eMBB,0.40356940867487606
1215,eMBB,0.4075403007230607
1216,eMBB,0.4071719879491403
1217,eMBB,0.4053664989429148
1218,eMBB,0.40918892098539467
1219,eMBB,0.4066151303420057
1220,eMBB,0.41002148247408277
1221,eMBB,0.406937204812919
1222,eMBB,0.40657295780430963
1223,eMBB,0.4042010685130208
1224,eMBB,0.4071557957181404
1225,eMBB,0.4075349351956378
1226,eMBB,0.4048706051351999
1227,eMBB,0.4080605629172166
1228,eMBB,0.40372180977384126
1229,eMBB,0.41049049114709957
1230,eMBB,0.4063310721519105
1231,eMBB,0.4036601804995764
1232,eMBB,0.40493477013902657
1233,eMBB,0.40448014891487416
1234,eMBB,0.40707927952389505
1235,eMBB,0.4086056497224387
1236,eMBB,0.4030969959828256
1237,eMBB,0.40393869928659387
1238,eMBB,0.40688834742856594
1239,eMBB,0.4054135797340009
1240,eMBB,0.4085636652768275
1241,eMBB,0.4068427587069613
1242,eMBB,0.4086485563271904
1243,eMBB,0.40957033198201426
1244,eMBB,0.4055887425038551
1245,eMBB,0.4094406448749671
1246,eMBB,0.4071869332542001
1247,eMBB,0.4029564985774846
1248,eMBB,0.40567065888150994
1249,eMBB,0.40092161011875743
1250,eMBB,0.4066597700190609
1251,eMBB,0.4085996586168349
1252,eMBB,0.40954023999423644
1253,eMBB,0.40739466664272334
1254,eMBB,0.40647157777015824
1255,eMBB,0.40713168361881796
1256,eMBB,0.4070837211529043
1257,eMBB,0.40589544466731353
1258,eMBB,0.4073992102078916
1259,eMBB,0.403102846699564
1260,eMBB,0.4042575136916282
1261,eMBB,0.40766157505944
1262,eMBB,0.4097916168426443
1263,eMBB,0.4048756168382604
1264,eMBB,0.4071021229047143
1265,eMBB,0.40246717632437917
1266,eMBB,0.40529673225732854
1267,eMBB,0.4094788428994809
1268,eMBB,0.4027847379925318
1269,eMBB,0.407571818746306
1270,eMBB,0.4074108571583628
1271,eMBB,0.40741545359108927
1272,eMBB,0.40481576904244176
1273,eMBB,0.4069566684912385
1274,eMBB,0.4090284208799402
1275,eMBB,0.4088877787174667
1276,eMBB,0.40794192106400506
1277,eMBB,0.4041938838039536
1278,eMBB,0.40546013492952626
1279,eMBB,0.4044927705902467
1280,eMBB,0.40272509036086934
1281,eMBB,0.4050966530651601
1282,eMBB,0.40638455193770845
1283,eMBB,0.4069415069869509
1284,eMBB,0.4045716364042732
1285,eMBB,0.4075767835162913
1286,eMBB,0.40784002143431214
1287,eMBB,0.40645760710384893
1288,eMBB,0.40711966203197103
1289,eMBB,0.40612343317131255
1290,eMBB,0.40529401934668124
1291,eMBB,0.4027907903262775
1292,eMBB,0.4051417388742877
1293,eMBB,0.4002424065681647
1294,eMBB,0.4026604325831609
1295,eMBB,0.4058200961854662
1296,eMBB,0.40601899422791043
1297,eMBB,0.40711024018373754
1298,eMBB,0.4077022440101887
1299,eMBB,0.40946306341563354
1300,eMBB,0.41049575335048055
1301,eMBB,0.3977472471203468
1302,eMBB,0.4074851030321443
1303,eMBB,0.40379090857028777
1304,eMBB,0.41019597969208865
1305,eMBB,0.4038996401049162
1306,eMBB,0.4075183619769263
1307,eMBB,0.41000113946482747
1308,eMBB,0.4056214591616021
1309,eMBB,0.4056883723474112
1310,eMBB,0.4091174545615941
1311,eMBB,0.404904017421968
1312,eMBB,0.4036593766016537
1313,eMBB,0.4103058629885301
1314,eMBB,0.4077634189026749
1315,eMBB,0.40410449159344525
1316,eMBB,0.4048288218646281
1317,eMBB,0.4045654464754842
1318,eMBB,0.4126257261523361
1319,eMBB,0.4052533601419409
1320,eMBB,0.40913131058284496
1321,eMBB,0.4099422001115564
1322,eMBB,0.4064094645126705
1323,eMBB,0.40951442437585445
1324,eMBB,0.4025701323367933
1325,eMBB,0.40582666756392155
1326,eMBB,0.4072725689004698
1327,eMBB,0.40367422450849716
1328,eMBB,0.4095969710711446
1329,eMBB,0.4043615909111118
1330,eMBB,0.40440869474698915
1331,eMBB,0.40467287092330567
1332,eMBB,0.4045260255612378
1333,eMBB,0.4051287865795588
1334,eMBB,0.4037182759810438
1335,eMBB,0.4075680455731131
1336,eMBB,0.40743703592855723
1337,eMBB,0.40841325744369605
1338,eMBB,0.40769605614085813
1339,eMBB,0.40739363600213124
1340,eMBB,0.4051500142123114
1341,eMBB,0.4064576113726619
1342,eMBB,0.40853968217823455
1343,eMBB,0.40681667254792553
1344,eMBB,0.40751149435786177
1345,eMBB,0.404578612882728
1346,eMBB,0.4068322038976448
1347,eMBB,0.40330109319611346
1348,eMBB,0.41336770988020216
1349,eMBB,0.4013685114509142
1350,eMBB,0.40657386525229655
1351,eMBB,0.40637030743446734
1352,eMBB,0.4076811723735611
1353,eMBB,0.4075619504378918
1354,eMBB,0.40521510615729395
1355,eMBB,0.40463159535433346
1356,eMBB,0.4057724189342963
1357,eMBB,0.40524139926034164
1358,eMBB,0.4072250513433476
1359,eMBB,0.4003594905281359
1360,eMBB,0.4056627194335918
1361,eMBB,0.4075974179950004
1362,eMBB,0.40530261439012594
1363,eMBB,0.40691127216930356
1364,eMBB,0.4044836130600463
1365,eMBB,0.4066644858713136
1366,eMBB,0.4043950037421757
1367,eMBB,0.40610925727272307
1368,eMBB,0.41105840246488384
1369,eMBB,0.4044004148342976
1370,eMBB,0.4058480488245484
1371,eMBB,0.40951438847966815
1372,eMBB,0.41230204362975165
1373,eMBB,0.4051422372065571
1374,eMBB,0.39915259234749384
1375,eMBB,0.40440892109719606
1376,eMBB,0.4059358524826921
1377,eMBB,0.40393987011619387
1378,eMBB,0.4050924653086747
1379,eMBB,0.4034206451319521
1380,eMBB,0.405964662873249
1381,eMBB,0.4041701611143711
1382,eMBB,0.40692636105836055
1383,eMBB,0.4057243716980997
1384,eMBB,0.4022942118167299
1385,eMBB,0.40612056967387006
1386,eMBB,0.40910572706609416
1387,eMBB,0.40668613301589274
1388,eMBB,0.40593925194487196
1389,eMBB,0.40599844386657846
1390,eMBB,0.4062719054585404
1391,eMBB,0.4020152517421192
1392,eMBB,0.41291927459549715
1393,eMBB,0.4014496034899462
1394,eMBB,0.4052948423969652
1395,eMBB,0.4032668426416786
1396,eMBB,0.40542814949017825
1397,eMBB,0.4089551515747666
1398,eMBB,0.40830369545683315
1399,eMBB,0.4056351302068669
1400,eMBB,0.4093411236290786
1401,eMBB,0.4046927495507767
1402,eMBB,0.41122615772683174
1403,eMBB,0.4103538532907049
1404,eMBB,0.4010217842208388
1405,eMBB,0.406383501829921
1406,eMBB,0.40614499212405414
1407,eMBB,0.40819553156433186
1408,eMBB,0.40715376836927053
1409,eMBB,0.4061383270418247
1410,eMBB,0.4084148329238701
1411,eMBB,0.4056815017341605
1412,eMBB,0.40662392425701377
1413,eMBB,0.4113703487125633
1414,eMBB,0.4091459250614674
1415,eMBB,0.4050472688156441
1416,eMBB,0.4046959858721769
1417,eMBB,0.40671611239783045
1418,eMBB,0.40901353655013156
1419,eMBB,0.40506363624122627
1420,eMBB,0.40504580934048956
1421,eMBB,0.4024734419868758
1422,eMBB,0.4076736403084028
1423,eMBB,0.40951061126072297
1424,eMBB,0.40484350982008155
1425,eMBB,0.40555733475919
1426,eMBB,0.4073800287110163
1427,eMBB,0.4092187268054949
1428,eMBB,0.40708565777049244
1429,eMBB,0.40477860843672914
1430,eMBB,0.4083620734516816
1431,eMBB,0.40775332792877933
1432,eMBB,0.40549124473788917
1433,eMBB,0.4059076417231471
1434,eMBB,0.4065060781226215
1435,eMBB,0.40677403944348534
1436,eMBB,0.4057919978858339
1437,eMBB,0.40569692110885236
1438,eMBB,0.4034796142974388
1439,eMBB,0.4106961231104492
1440,eMBB,0.40613227503977334
1441,eMBB,0.4080212638132188
1442,eMBB,0.40352179114143094
1443,eMBB,0.4062536449034187
1444,eMBB,0.40432807944331034
1445,eMBB,0.40621122328873843
1446,eMBB,0.4065673096334916
1447,eMBB,0.4089885843063763
1448,eMBB,0.40454075723704175
1449,eMBB,0.40147850886099606
1450,eMBB,0.40464196525001067
1451,eMBB,0.4067486067987636
1452,eMBB,0.4063540532951153
1453,eMBB,0.40667256501453686
1454,eMBB,0.40780012666413645
1455,eMBB,0.405810854254985
1456,eMBB,0.4091690477616085
1457,eMBB,0.4102312105559767
1458,eMBB,0.40707660408254087
1459,eMBB,0.40761683504555857
1460,eMBB,0.4074672031326501
1461,eMBB,0.40574513212576935
1462,eMBB,0.408282877333934
1463,eMBB,0.40720247047556674
1464,eMBB,0.4061632432192069
1465,eMBB,0.4038712760293916
1466,eMBB,0.4070144156502771
1467,eMBB,0.40290741045352263
1468,eMBB,0.40884028363637326
1469,eMBB,0.403872323352099
1470,eMBB,0.40488602424832254
1471,eMBB,0.40635075733157844
1472,eMBB,0.40400836952728997
1473,eMBB,0.4096694626774962
1474,eMBB,0.40521404949180584
1475,eMBB,0.40496258404264485
1476,eMBB,0.4045730646528253
1477,eMBB,0.4062302509141748
1478,eMBB,0.40413846704766
1479,eMBB,0.40866286407141883
1480,eMBB,0.40815306026728737
1481,eMBB,0.41039202472017133
1482,eMBB,0.4074377479378882
1483,eMBB,0.4108587733306336
1484,eMBB,0.4053937030424231
1485,eMBB,0.4120371583973603
1486,eMBB,0.40536802832791957
1487,eMBB,0.4073321181084173
1488,eMBB,0.40541639871392865
1489,eMBB,0.40564074224184166
1490,eMBB,0.40720148299044023
1491,eMBB,0.40549183233648184
1492,eMBB,0.4015081161164776
1493,eMBB,0.4038954227496011
1494,eMBB,0.4057777382002796
1495,eMBB,0.40531492954380555
1496,eMBB,0.40693783354480223
1497,eMBB,0.4113416294446171
1498,eMBB,0.405282836443875
1499,eMBB,0.40573695272217786
1500,eMBB,0.40792000237387
1501,eMBB,0.40486518551373923
1502,eMBB,0.40371891652720476
1503,eMBB,0.40461598159519546
1504,eMBB,0.40473392900520594
1505,eMBB,0.4055160785844972
1506,eMBB,0.4096580630299534
1507,eMBB,0.4071788709646962
1508,eMBB,0.4046040140923683
1509,eMBB,0.4026911386303462
1510,eMBB,0.403008946070985
1511,eMBB,0.4036996105500725
1512,eMBB,0.40579021357062756
1513,eMBB,0.40759660214876653
1514,eMBB,0.40406208040588504
1515,eMBB,0.40783286441798033
1516,eMBB,0.407786134613793
1517,eMBB,0.408078728607228
1518,eMBB,0.4049518312083583
1519,eMBB,0.4083437061008052
1520,eMBB,0.4033370465115782
1521,eMBB,0.4050692761113328
1522,eMBB,0.40708707392819987
1523,eMBB,0.4045164129785013
1524,eMBB,0.4067322669008129
1525,eMBB,0.4049069052208268
1526,eMBB,0.4088171066400667
1527,eMBB,0.4069896137317903
1528,eMBB,0.4042471368963893
1529,eMBB,0.4080520519329792
1530,eMBB,0.4044355319684052
1531,eMBB,0.4039121733363256
1532,eMBB,0.4011868800294724
1533,eMBB,0.40499665017829667
1534,eMBB,0.4038252370874864
1535,eMBB,0.40607699684684284
1536,eMBB,0.40905496814186726
1537,eMBB,0.40663732275644987
1538,eMBB,0.4063135718863457
1539,eMBB,0.4072698529045768
1540,eMBB,0.405144358542519
1541,eMBB,0.405968568707414
1542,eMBB,0.4071956455966815
1543,eMBB,0.4074599053214139
1544,eMBB,0.4047538293824521
1545,eMBB,0.40600975096531483
1546,eMBB,0.40645058299345455
1547,eMBB,0.4074143003533619
1548,eMBB,0.40355557884623905
1549,eMBB,0.406282270809645
1550,eMBB,0.4061033813602017
1551,eMBB,0.40955983516830957
1552,eMBB,0.41011977414470024
1553,eMBB,0.4039703413720601
1554,eMBB,0.4070568822477045
1555,eMBB,0.4062641110091159
1556,eMBB,0.4067347132502717
1557,eMBB,0.40430743592303875
1558,eMBB,0.40593822143478286
1559,eMBB,0.40696418925618
1560,eMBB,0.40273495698921846
1561,eMBB,0.40555067967657765
1562,eMBB,0.41105520700190823
1563,eMBB,0.40168411428229606
1564,eMBB,0.4056871953720124
1565,eMBB,0.4106012662768818
1566,eMBB,0.40430824675797983
1567,eMBB,0.4116358569519272
1568,eMBB,0.41027835149768666
1569,eMBB,0.40891961243822106
1570,eMBB,0.4085350492954426
1571,eMBB,0.4087911348209559
1572,eMBB,0.40540577894116875
1573,eMBB,0.40669656212037864
1574,eMBB,0.4061376733903068
1575,eMBB,0.4048066992903414
1576,eMBB,0.40810266394179606
1577,eMBB,0.40655542346554147
1578,eMBB,0.40289927465469144
1579,eMBB,0.4068601254638462
1580,eMBB,0.4137456311689258
1581,eMBB,0.4071476529896645
1582,eMBB,0.40828047340117063
1583,eMBB,0.40880379891817636
1584,eMBB,0.40436746923043143
1585,eMBB,0.407198465734909
1586,eMBB,0.4034965839990782
1587,eMBB,0.40396992811737437
1588,eMBB,0.40769713013244224
1589,eMBB,0.4099781277322636
1590,eMBB,0.40806481314582904
1591,eMBB,0.4051338378717628
1592,eMBB,0.40479534895050373
1593,eMBB,0.4054127042235731
1594,eMBB,0.4036955032685374
1595,eMBB,0.40429715470285205
1596,eMBB,0.4060301690566251
1597,eMBB,0.40855126996223406
1598,eMBB,0.4071595239248749
1599,eMBB,0.4077071800354444
1600,eMBB,0.4057932145438508
1601,eMBB,0.4137081519888096
1602,eMBB,0.40851217126507744
1603,eMBB,0.40926803112371923
1604,eMBB,0.4037130684690196
1605,eMBB,0.40503364075074194
1606,eMBB,0.4051750300506195
1607,eMBB,0.4096089147383593
1608,eMBB,0.4071663508018415
1609,eMBB,0.4051203394106107
1610,eMBB,0.40727767894244316
1611,eMBB,0.4071067135618638
1612,eMBB,0.40570952017897377
1613,eMBB,0.4096328575758106
1614,eMBB,0.4091144420115969
1615,eMBB,0.4061846499599956
1616,eMBB,0.4048494231426453
1617,eMBB,0.4038768777688768
1618,eMBB,0.4054608548181398
1619,eMBB,0.40585966928267886
1620,eMBB,0.40530406304470573
1621,eMBB,0.40456223906984556
1622,eMBB,0.40371923994330283
1623,eMBB,0.40913751326959313
1624,eMBB,0.40036095158488594
1625,eMBB,0.40415616650598235
1626,eMBB,0.4033438795879019
1627,eMBB,0.40489773874499746
1628,eMBB,0.4062566227402793
1629,eMBB,0.40493782880334783
1630,eMBB,0.4085899606079564
1631,eMBB,0.4045855768515697
1632,eMBB,0.40939889759951537
1633,eMBB,0.4100205287004467
1634,eMBB,0.40525614903507884
1635,eMBB,0.40604308527899396
1636,eMBB,0.4076803967835208
1637,eMBB,0.40633609634815177
1638,eMBB,0.4060253978124788
1639,eMBB,0.4032108611683195
1640,eMBB,0.40658949133448635
1641,eMBB,0.40746267313306833
1642,eMBB,0.40506011869450453
1643,eMBB,0.4071299983376831
1644,eMBB,0.4065504490905971
1645,eMBB,0.40558198140771134
1646,eMBB,0.4027952794528443
1647,eMBB,0.4037025499227972
1648,eMBB,0.4041647621868065
1649,eMBB,0.40946308983434765
1650,eMBB,0.40858852311506516
1651,eMBB,0.4029741953857752
1652,eMBB,0.4074891581352405
1653,eMBB,0.4044996225000668
1654,eMBB,0.4051659656033221
1655,eMBB,0.4075775135413698
1656,eMBB,0.401153325518848
1657,eMBB,0.4071151530615334
1658,eMBB,0.4025674202863874
1659,eMBB,0.4064731448986709
1660,eMBB,0.4033440087281565
1661,eMBB,0.4046236139541425
1662,eMBB,0.4066368926237069
1663,eMBB,0.4071835457226351
1664,eMBB,0.4089428864927454
1665,eMBB,0.4040682545408409
1666,eMBB,0.408197782355877
1667,eMBB,0.40283811345485127
1668,eMBB,0.40705561221522657
1669,eMBB,0.40662307053573876
1670,eMBB,0.40415962853816334
1671,eMBB,0.40598846569100966
1672,eMBB,0.4042654334008735
1673,eMBB,0.40742798188264123
1674,eMBB,0.4087013845333198
1675,eMBB,0.40896488433629646
1676,eMBB,0.4053082343529834
1677,eMBB,0.41131908757747654
1678,eMBB,0.40491296831312146
1679,eMBB,0.4085696377041169
1680,eMBB,0.40600323364582325
1681,eMBB,0.41000397898092045
1682,eMBB,0.40618912740889634
1683,eMBB,0.4049655199982362
1684,eMBB,0.40805872839310436
1685,eMBB,0.4064214902203873
1686,eMBB,0.40575363360925454
1687,eMBB,0.40536646449269687
1688,eMBB,0.4016863889291732
1689,eMBB,0.4074937537304271
1690,eMBB,0.40548368948054747
1691,eMBB,0.41363383635995515
1692,eMBB,0.40399702750947875
1693,eMBB,0.40346782062439607
1694,eMBB,0.4025903514224896
1695,eMBB,0.40589909607150143
1696,eMBB,0.4053533661329146
1697,eMBB,0.40437778711677963
1698,eMBB,0.40539394791544275
1699,eMBB,0.40391735694798303
1700,eMBB,0.4036798370595987
1701,eMBB,0.4043573410813877
1702,eMBB,0.4075722440328909
1703,eMBB,0.405033536316156
1704,eMBB,0.40572210221478394
1705,eMBB,0.404523544750664
1706,eMBB,0.4029363202816147
1707,eMBB,0.4072998680113708
1708,eMBB,0.4049750961997479
1709,eMBB,0.40614940214385076
1710,eMBB,0.40829731928219504
1711,eMBB,0.40557394284084164
1712,eMBB,0.40643738680753955
1713,eMBB,0.4072314847359007
1714,eMBB,0.4056879555560577
1715,eMBB,0.4122758927031347
1716,eMBB,0.4065926250316795
1717,eMBB,0.4058690754717139
1718,eMBB,0.40726122665417336
1719,eMBB,0.40653096195144944
1720,eMBB,0.40726780471475627
1721,eMBB,0.40197006818928216
1722,eMBB,0.4069933801600503
1723,eMBB,0.4025817017269816
1724,eMBB,0.4028235950587873
1725,eMBB,0.4055611757325569
1726,eMBB,0.4033478349722726
1727,eMBB,0.40555946475261384
1728,eMBB,0.40251713174550424
1729,eMBB,0.40683765494980123
1730,eMBB,0.4048080067407303
1731,eMBB,0.40833305228590483
1732,eMBB,0.40805834399615853
1733,eMBB,0.40754701022063633
1734,eMBB,0.4051948301440805
1735,eMBB,0.40395890900523795
1736,eMBB,0.4058206695520962
1737,eMBB,0.4073911184795511
1738,eMBB,0.40832561605941997
1739,eMBB,0.4062047380527829
1740,eMBB,0.4064153756055182
1741,eMBB,0.40964685203368767
1742,eMBB,0.4056984930535962
1743,eMBB,0.40952249794428347
1744,eMBB,0.4064874645778596
1745,eMBB,0.40578251143493443
1746,eMBB,0.4077453131161642
1747,eMBB,0.40487712275052085
1748,eMBB,0.40182657258945476
1749,eMBB,0.40764958114478916
1750,eMBB,0.4069772613703612
1751,eMBB,0.40749198003971676
1752,eMBB,0.4091867642186107
1753,eMBB,0.4058776245326207
1754,eMBB,0.4037564359218692
1755,eMBB,0.40406231712202334
1756,eMBB,0.40638150912375315
1757,eMBB,0.40586372466484394
1758,eMBB,0.40483343569660724
1759,eMBB,0.4048752259072473
1760,eMBB,0.40510499472455935
1761,eMBB,0.40749555610229604
1762,eMBB,0.4103213760200128
1763,eMBB,0.4062528068871101
1764,eMBB,0.40141612987201375
1765,eMBB,0.4068055452548573
1766,eMBB,0.40590089524032813
1767,eMBB,0.4047562450933395
1768,eMBB,0.4059414205873847
1769,eMBB,0.40487441453107953
1770,eMBB,0.4071158649378016
1771,eMBB,0.40712211446217084
1772,eMBB,0.40620164411842374
1773,eMBB,0.40473338893716665
1774,eMBB,0.40555208857109465
1775,eMBB,0.4040569962208923
1776,eMBB,0.4042808255109971
1777,eMBB,0.40838648520420195
1778,eMBB,0.402807765791837
1779,eMBB,0.40796754771905885
1780,eMBB,0.40412260656081406
1781,eMBB,0.4054753397798907
1782,eMBB,0.4046805490635561
1783,eMBB,0.40455165807952076
1784,eMBB,0.40720541107695024
1785,eMBB,0.4065188964907246
1786,eMBB,0.4051336502453804
1787,eMBB,0.40311800700800066
1788,eMBB,0.40741808702315435
1789,eMBB,0.4067844007510985
1790,eMBB,0.40311818164895374
1791,eMBB,0.40441637681387804
1792,eMBB,0.40470682535474733
1793,eMBB,0.40497342331550695
1794,eMBB,0.40544881528793975
1795,eMBB,0.40636971089758994
1796,eMBB,0.4016350743409969
1797,eMBB,0.4044483532582284
1798,eMBB,0.4077670612199557
1799,eMBB,0.4045268786150456
1800,eMBB,0.40250137160610877
1801,eMBB,0.406064301726892
1802,eMBB,0.4081044121818689
1803,eMBB,0.40399120196282756
1804,eMBB,0.4035452434421943
1805,eMBB,0.4085509086664059
1806,eMBB,0.4051941721907477
1807,eMBB,0.4086440140096403
1808,eMBB,0.4087501572102648
1809,eMBB,0.40387132433393413
1810,eMBB,0.4006337126136438
1811,eMBB,0.4050501164157736
1812,eMBB,0.4001709154745731
1813,eMBB,0.40717210101139045
1814,eMBB,0.3996023625750006
1815,eMBB,0.4066715096171692
1816,eMBB,0.40294209857011787
1817,eMBB,0.4077305927188757
1818,eMBB,0.40734175446132875
1819,eMBB,0.4051520480998067
1820,eMBB,0.40543908774568604
1821,eMBB,0.40659330202298843
1822,eMBB,0.40841810855940236
1823,eMBB,0.40573706371066987
1824,eMBB,0.4069947792552544
1825,eMBB,0.40812065882304227
1826,eMBB,0.40822777622409345
1827,eMBB,0.4077792675074972
1828,eMBB,0.4064931637330858
1829,eMBB,0.40779314894120733
1830,eMBB,0.40754285436284166
1831,eMBB,0.4059044895766825
1832,eMBB,0.4049222461697017
1833,eMBB,0.40572086379109235
1834,eMBB,0.40523895292127676
1835,eMBB,0.4014551031537631
1836,eMBB,0.4047113307161414
1837,eMBB,0.41379442253830334
1838,eMBB,0.4039983114314739
1839,eMBB,0.40613250039400856
1840,eMBB,0.3983146759260231
1841,eMBB,0.4074311238765073
1842,eMBB,0.403359994709625
1843,eMBB,0.4084023089496473
1844,eMBB,0.4070116861067467
1845,eMBB,0.4059048469865836
1846,eMBB,0.40409210871803347
1847,eMBB,0.4049282405844549
1848,eMBB,0.40753509232460067
1849,eMBB,0.40948471068486264
1850,eMBB,0.40794974305368065
1851,eMBB,0.4079964572407365
1852,eMBB,0.40402847075903037
1853,eMBB,0.4051159777617917
1854,eMBB,0.40991929432332425
1855,eMBB,0.4044193509926828
1856,eMBB,0.4038217704445715
1857,eMBB,0.4046751973622489
1858,eMBB,0.4039216329666916
1859,eMBB,0.4040959258935264
1860,eMBB,0.40430213713195345
1861,eMBB,0.4044059506125396
1862,eMBB,0.4051518799685602
1863,eMBB,0.4069400598583082
1864,eMBB,0.40382220982750117
1865,eMBB,0.4075681947418924
1866,eMBB,0.40498997012251653
1867,eMBB,0.40414267919513974
1868,eMBB,0.4067960293118521
1869,eMBB,0.4031878660516254
1870,eMBB,0.4059323128343613
1871,eMBB,0.40755276137504015
1872,eMBB,0.4046263635481789
1873,eMBB,0.40457244819682275
1874,eMBB,0.40612577430111013
1875,eMBB,0.40541983560384226
1876,eMBB,0.407147376829285
1877,eMBB,0.4073542023423738
1878,eMBB,0.40324759195934273
1879,eMBB,0.4041279336733417
1880,eMBB,0.40557439297577746
1881,eMBB,0.4030723235471515
1882,eMBB,0.40353429082673936
1883,eMBB,0.40770888606334316
1884,eMBB,0.40279690604098206
1885,eMBB,0.40483422341915026
1886,eMBB,0.40462559662616165
1887,eMBB,0.4088689888392745
1888,eMBB,0.4073495491110408
1889,eMBB,0.40647154385881623
1890,eMBB,0.402987527531702
1891,eMBB,0.40362439065347655
1892,eMBB,0.40368967142566275
1893,eMBB,0.4061886615515059
1894,eMBB,0.40569322865583435
1895,eMBB,0.41368404196975567
1896,eMBB,0.4021202004136454
1897,eMBB,0.4045143405700595
1898,eMBB,0.4073161574048385
1899,eMBB,0.407898977359547
1900,eMBB,0.4054300198183845
1901,eMBB,0.40544902662985915
1902,eMBB,0.40371065403214706
1903,eMBB,0.40344325805382925
1904,eMBB,0.4097614486972177
1905,eMBB,0.40662128780730206
1906,eMBB,0.4074079419157586
1907,eMBB,0.4051113683042038
1908,eMBB,0.4069325278505908
1909,eMBB,0.4087663116567267
1910,eMBB,0.4037581519627486
1911,eMBB,0.40599994723103916
1912,eMBB,0.40565292995265506
1913,eMBB,0.4080710739288005
1914,eMBB,0.4010780557775523
1915,eMBB,0.40578270626495244
1916,eMBB,0.40883432796702446
1917,eMBB,0.4039147933752155
1918,eMBB,0.4052619625157484
1919,eMBB,0.40194745943845284
1920,eMBB,0.40489848845257337
1921,eMBB,0.40741376127359397
1922,eMBB,0.40766520715291454
1923,eMBB,0.4061899221430418
1924,eMBB,0.40767085420121857
1925,eMBB,0.4084426547439267
1926,eMBB,0.4083625137098192
1927,eMBB,0.4050325495237772
1928,eMBB,0.40398034525865184
1929,eMBB,0.40137864678459906
1930,eMBB,0.40623762185715423
1931,eMBB,0.4026512221006135
1932,eMBB,0.4089522273026442
1933,eMBB,0.40552333557151865
1934,eMBB,0.4052278566898102
1935,eMBB,0.4083194587020329
1936,eMBB,0.40707436005198955
1937,eMBB,0.40690356947917367
1938,eMBB,0.4040849318873243
1939,eMBB,0.4057757743390037
1940,eMBB,0.40153991230294545
1941,eMBB,0.4075771905517696
1942,eMBB,0.40492166453233464
1943,eMBB,0.40329503000283334
1944,eMBB,0.40724539749587163
1945,eMBB,0.408306281040014
1946,eMBB,0.4014992680128316
1947,eMBB,0.4061938306171925
1948,eMBB,0.4040618067649972
1949,eMBB,0.4067326866620686
1950,eMBB,0.40543678779286385
1951,eMBB,0.40876803803846884
1952,eMBB,0.4070776651120022
1953,eMBB,0.404754967388355
1954,eMBB,0.40525785153237753
1955,eMBB,0.40597823853368276
1956,eMBB,0.4076263022501906
1957,eMBB,0.4056401846734385
1958,eMBB,0.4046483170002417
1959,eMBB,0.40614658369475215
1960,eMBB,0.40578121090273933
1961,eMBB,0.4046125013397915
1962,eMBB,0.4006045053390002
1963,eMBB,0.40410575709091906
1964,eMBB,0.40695027714848975
1965,eMBB,0.4022951539195379
1966,eMBB,0.4044990563290144
1967,eMBB,0.40996976895545423
1968,eMBB,0.40484662925026876
1969,eMBB,0.40236352408654663
1970,eMBB,0.4040645886086421
1971,eMBB,0.408648477833336
1972,eMBB,0.4078790207639202
1973,eMBB,0.4073425070702999
1974,eMBB,0.40696723594854206
1975,eMBB,0.4058526556748293
1976,eMBB,0.4068165553766652
1977,eMBB,0.4029939311763327
1978,eMBB,0.4047208228814804
1979,eMBB,0.40579733443185245
1980,eMBB,0.40674692363557285
1981,eMBB,0.40615636462895793
1982,eMBB,0.4055575320084224
1983,eMBB,0.4075139604002705
1984,eMBB,0.4030534313649816
1985,eMBB,0.4036694633022541
1986,eMBB,0.4038584582981414
1987,eMBB,0.40166335282780663
1988,eMBB,0.40514346181489125
1989,eMBB,0.4082600203436337
1990,eMBB,0.40982818273597316
1991,eMBB,0.4050678296711149
1992,eMBB,0.40357069515017724
1993,eMBB,0.4063652969239807
1994,eMBB,0.40531090666698594
1995,eMBB,0.40796168103603386
1996,eMBB,0.4098493854786546
1997,eMBB,0.40772420683573757
1998,eMBB,0.4070357990758701
1999,eMBB,0.40568604904399114
0,mMTC,0.0
1,mMTC,0.18883326825489535
2,mMTC,0.3275823916015891
3,mMTC,0.2752098835947011
4,mMTC,0.2999974514560949
5,mMTC,0.2922079776024807
6,mMTC,0.295029478932141
7,mMTC,0.29386367837965
8,mMTC,0.29976438056516225
9,mMTC,0.28740214141709897
10,mMTC,0.2962598101996528
11,mMTC,0.3005736221676978
12,mMTC,0.2973314330642952
13,mMTC,0.29462158707635905
14,mMTC,0.2915991035007222
15,mMTC,0.28753896161365083
16,mMTC,0.28625771074746637
17,mMTC,0.28934657220553434
18,mMTC,0.28709883475879383
19,mMTC,0.2922398741711432
20,mMTC,0.28562945686703395
21,mMTC,0.2952033656243514
22,mMTC,0.30257815283306577
23,mMTC,0.2908129116064965
24,mMTC,0.28756310393712886
25,mMTC,0.29174899920841524
26,mMTC,0.30152907951583524
27,mMTC,0.29817223093816336
28,mMTC,0.29277883601278926
29,mMTC,0.2937317892914591
30,mMTC,0.2894361999730756
31,mMTC,0.28225185050867085
32,mMTC,0.29300765829124265
33,mMTC,0.2951143400978807
34,mMTC,0.2940663415181992
35,mMTC,0.29297538326091116
36,mMTC,0.29382945264700944
37,mMTC,0.2899990530607469
38,mMTC,0.29439328599373354
39,mMTC,0.2929706747394737
40,mMTC,0.2928988436901081
41,mMTC,0.2898778137287193
42,mMTC,0.28751591689871014
43,mMTC,0.29113112097953714
44,mMTC,0.29077740327320994
45,mMTC,0.2884034990281444
46,mMTC,0.2958803902733019
47,mMTC,0.28871551382247973
48,mMTC,0.2937980286752765
49,mMTC,0.2977950819462293
50,mMTC,0.28871700923347726
51,mMTC,0.29815877748177766
52,mMTC,0.29551642084440527
53,mMTC,0.2896522600574272
54,mMTC,0.29570305750827774
55,mMTC,0.29135096851048375
56,mMTC,0.2914698398567816
57,mMTC,0.294020411567415
58,mMTC,0.29350359141235477
59,mMTC,0.28769492912803313
60,mMTC,0.2983494722494235
61,mMTC,0.295609952948684
62,mMTC,0.2923889970862433
63,mMTC,0.2867165609085347
64,mMTC,0.2911744119740571
65,mMTC,0.29588300517920413
66,mMTC,0.29229267745578286
67,mMTC,0.2889081503900779
68,mMTC,0.2910679181445792
69,mMTC,0.2917421523570721
70,mMTC,0.2968479244090356
71,mMTC,0.2959053253070669
72,mMTC,0.29040621371182734
73,mMTC,0.2871806198092388
74,mMTC,0.2883051636939059
75,mMTC,0.29559651109584656
76,mMTC,0.2817396402010385
77,mMTC,0.28569999635422155
78,mMTC,0.2952507712075664
79,mMTC,0.2939526468930602
80,mMTC,0.2954545161602075
81,mMTC,0.29209617622440853
82,mMTC,0.29347371304498776
83,mMTC,0.29032498513436417
84,mMTC,0.28653900451295833
85,mMTC,0.2915795514408196
86,mMTC,0.29310366171801666
87,mMTC,0.2863190937244433
88,mMTC,0.2902597951490017
89,mMTC,0.2946580320239552
90,mMTC,0.2862302193985808
91,mMTC,0.2984777818281255
92,mMTC,0.2904732964530769
93,mMTC,0.2946044167813939
94,mMTC,0.2980232925461735
95,mMTC,0.294403790259339
96,mMTC,0.28480770210786377
97,mMTC,0.29743405426014785
98,mMTC,0.29612413284154454
99,mMTC,0.2819826875827114
100,mMTC,0.286539935146387
101,mMTC,0.2899495836657436
102,mMTC,0.29466014753722947
103,mMTC,0.2887162056282777
104,mMTC,0.2938129591404142
105,mMTC,0.2970717335319688
106,mMTC,0.2908385616320834
107,mMTC,0.2909135704419764
108,mMTC,0.294615067293706
109,mMTC,0.2891864266944711
110,mMTC,0.28776568163432065
111,mMTC,0.2894366457144657
112,mMTC,0.28864061841300526
113,mMTC,0.2940126811069728
114,mMTC,0.29167845609023874
115,mMTC,0.2843187550846631
116,mMTC,0.2919336046568013
117,mMTC,0.293490547564282
118,mMTC,0.2922579383546659
119,mMTC,0.2941694169259186
120,mMTC,0.29361502766978265
121,mMTC,0.29351718416459494
122,mMTC,0.2875424357963472
123,mMTC,0.28698522332575854
124,mMTC,0.2910933535763716
125,mMTC,0.2962270828425324
126,mMTC,0.28995765371729443
127,mMTC,0.29174949752623724
128,mMTC,0.2865044215415676
129,mMTC,0.2949872798322745
130,mMTC,0.29428373528530294
131,mMTC,0.29538264434823436
132,mMTC,0.29188143213154527
133,mMTC,0.28502115648434123
134,mMTC,0.2966257053556919
135,mMTC,0.2963381447768242
136,mMTC,0.2886321755035909
137,mMTC,0.2973697151833547
138,mMTC,0.2947611033219825
139,mMTC,0.2848271743851207
140,mMTC,0.2880251152569307
141,mMTC,0.2967609479741167
142,mMTC,0.2849207382261155
143,mMTC,0.2882862395931613
144,mMTC,0.29494415476621455
145,mMTC,0.28672526197438064
146,mMTC,0.2913556738288735
147,mMTC,0.28686497256262233
148,mMTC,0.2879549488023933
149,mMTC,0.2892809018596656
150,mMTC,0.2921840565424503
151,mMTC,0.2909668044095966
152,mMTC,0.2912304063969099
153,mMTC,0.2956830272615802
154,mMTC,0.2919090295429246
155,mMTC,0.2897813013000191
156,mMTC,0.2989421537727606
157,mMTC,0.293159688158538
158,mMTC,0.29546867969681034
159,mMTC,0.2962039093920669
160,mMTC,0.2883020548704133
161,mMTC,0.2870373971832251
162,mMTC,0.29010487589354955
163,mMTC,0.28613438187782303
164,mMTC,0.28955596037348547
165,mMTC,0.2925237180842897
166,mMTC,0.2853866635632208
167,mMTC,0.2891051347050736
168,mMTC,0.28502235344233684
169,mMTC,0.2917643809100711
170,mMTC,0.2925990771688331
171,mMTC,0.2889566523283442
172,mMTC,0.2900156371330406
173,mMTC,0.2903206545451891
174,mMTC,0.2931133633655342
175,mMTC,0.2909906371360185
176,mMTC,0.2950756493374389
177,mMTC,0.2901081028700066
178,mMTC,0.2934203694535342
179,mMTC,0.28629272053421523
180,mMTC,0.27798467081681966
181,mMTC,0.2878000288836103
182,mMTC,0.2979756655076012
183,mMTC,0.29578113828603714
184,mMTC,0.29122253192568204
185,mMTC,0.2872260688856792
186,mMTC,0.2875849127416387
187,mMTC,0.28896386578805544
188,mMTC,0.28304008466569763
189,mMTC,0.2898417013231338
190,mMTC,0.2884307210844253
191,mMTC,0.2851381251715797
192,mMTC,0.2882904448166691
193,mMTC,0.2898676257347097
194,mMTC,0.28723704916619236
195,mMTC,0.28910177185358943
196,mMTC,0.2880155956674811
197,mMTC,0.2924906405001769
198,mMTC,0.2978992323833594
199,mMTC,0.2922868540990999
200,mMTC,0.29456082232860153
201,mMTC,0.2956594646416503
202,mMTC,0.28303397613093106
203,mMTC,0.2866989432278946
204,mMTC,0.2896104762086936
205,mMTC,0.2864542228835717
206,mMTC,0.2895236076796666
207,mMTC,0.29029909098390444
208,mMTC,0.2952786606851306
209,mMTC,0.29071092274131544
210,mMTC,0.28997483996244217
211,mMTC,0.28616472921262426
212,mMTC,0.28613335958727437
213,mMTC,0.28491462582384736
214,mMTC,0.2894294929839866
215,mMTC,0.2899102612395528
216,mMTC,0.2866779117244782
217,mMTC,0.29009037110301444
218,mMTC,0.29709763100783904
219,mMTC,0.28390672246135956
220,mMTC,0.2977416427338332
221,mMTC,0.2924349177738825
222,mMTC,0.2927362785884556
223,mMTC,0.29362326585872145
224,mMTC,0.2920698418057584
225,mMTC,0.2942094557220241
226,mMTC,0.29272348150909977
227,mMTC,0.2940405541676246
228,mMTC,0.29453630061212976
229,mMTC,0.28891607893188853
230,mMTC,0.28951231833483243
231,mMTC,0.2962363470350878
232,mMTC,0.2877091901746968
233,mMTC,0.28862039757495794
234,mMTC,0.2917704051587987
235,mMTC,0.2931643341375991
236,mMTC,0.28661357067330906
237,mMTC,0.29620949829361787
238,mMTC,0.2944123180526632
239,mMTC,0.29132458068178463
240,mMTC,0.2908935330967087
241,mMTC,0.29789840406635126
242,mMTC,0.2992576936312883
243,mMTC,0.2911815731282686
244,mMTC,0.28888263427092586
245,mMTC,0.28886319483519757
246,mMTC,0.2947881878135329
247,mMTC,0.2925427789341777
248,mMTC,0.28894016240013204
249,mMTC,0.290922449826328
250,mMTC,0.2923987904750646
251,mMTC,0.29319674337361096
252,mMTC,0.2918600520173523
253,mMTC,0.2900760610631987
254,mMTC,0.2948279089390084
255,mMTC,0.2975434736065386
256,mMTC,0.2989995394686333
257,mMTC,0.2882183316207975
258,mMTC,0.2865053110148385
259,mMTC,0.28849482592509984
260,mMTC,0.2834924107595784
261,mMTC,0.28844984975440313
262,mMTC,0.2896740145590168
263,mMTC,0.28820979230211946
264,mMTC,0.29272206505417026
265,mMTC,0.2881069352127888
266,mMTC,0.28365782375454224
267,mMTC,0.2909676519838578
268,mMTC,0.28902317668881256
269,mMTC,0.29109855810733815
270,mMTC,0.30200974919268925
271,mMTC,0.28798457869399985
272,mMTC,0.29334945223364955
273,mMTC,0.28850451942384525
274,mMTC,0.2960328804671379
275,mMTC,0.2940501437593038
276,mMTC,0.2879143777299031
277,mMTC,0.29442411434356314
278,mMTC,0.28953674373046784
279,mMTC,0.29218963603339104
280,mMTC,0.2850795599227135
281,mMTC,0.29024306953290113
282,mMTC,0.28506177641529434
283,mMTC,0.28803274666956286
284,mMTC,0.2933790318046939
285,mMTC,0.28838903895030366
286,mMTC,0.29417526183881904
287,mMTC,0.2906199025108848
288,mMTC,0.28776929377057764
289,mMTC,0.28224410797905347
290,mMTC,0.2871506797342064
291,mMTC,0.2935669410573513
292,mMTC,0.29430908650256304
293,mMTC,0.29039778357853196
294,mMTC,0.29581882047187574
295,mMTC,0.2988150600625063
296,mMTC,0.29326151385259475
297,mMTC,0.2934333264416978
298,mMTC,0.28914289560602674
299,mMTC,0.28989097828795624
300,mMTC,0.2953820922511292
301,mMTC,0.2974464014643287
302,mMTC,0.2852670205547019
303,mMTC,0.2919892221400648
304,mMTC,0.28762716974417074
305,mMTC,0.3008126018255873
306,mMTC,0.29957352676175886
307,mMTC,0.29106949518239544
308,mMTC,0.280742658461599
309,mMTC,0.29009029286764715
310,mMTC,0.2918425264286175
311,mMTC,0.2881691816268194
312,mMTC,0.2884095539203722
313,mMTC,0.28866081392583975
314,mMTC,0.28672216981993104
315,mMTC,0.2925906262980936
316,mMTC,0.28691941573121055
317,mMTC,0.29018317712934305
318,mMTC,0.2909449231555547
319,mMTC,0.2898076133329614
320,mMTC,0.28701420441329156
321,mMTC,0.2879073084991484
322,mMTC,0.28625684807739094
323,mMTC,0.28930668785092184
324,mMTC,0.28933442418751193
325,mMTC,0.28709300516860853
326,mMTC,0.29499631388211767
327,mMTC,0.2930499568057183
328,mMTC,0.28813315937194506
329,mMTC,0.28864944901113165
330,mMTC,0.2892376754876816
331,mMTC,0.29529057198102443
332,mMTC,0.287335501301871
333,mMTC,0.2945482129234218
334,mMTC,0.2893185966799362
335,mMTC,0.28557131598264324
336,mMTC,0.29659509883522206
337,mMTC,0.29278183132031316
338,mMTC,0.29022747829562995
339,mMTC,0.29976523418033474
340,mMTC,0.3005561917508939
341,mMTC,0.2998478649994848
342,mMTC,0.29813006040040285
343,mMTC,0.2936310363728402
344,mMTC,0.2899370928744127
345,mMTC,0.2920235959813094
346,mMTC,0.290477932345529
347,mMTC,0.28483275259021223
348,mMTC,0.2906888048895678
349,mMTC,0.2843991795510015
350,mMTC,0.2918427968330159
351,mMTC,0.2833991995832934
352,mMTC,0.2869110509535304
353,mMTC,0.29964038947201505
354,mMTC,0.28866961794844626
355,mMTC,0.2873053636405451
356,mMTC,0.2872836210614486
357,mMTC,0.2960551336589171
358,mMTC,0.28632675691419507
359,mMTC,0.2843379718011581
360,mMTC,0.28807533102846555
361,mMTC,0.2918964221938028
362,mMTC,0.2966632213848661
363,mMTC,0.2985505126078488
364,mMTC,0.2970777458355011
365,mMTC,0.29213015049817886
366,mMTC,0.2907374538746887
367,mMTC,0.28755091027268215
368,mMTC,0.29759513771299484
369,mMTC,0.2917744109271817
370,mMTC,0.2920874497215527
371,mMTC,0.2903541386895076
372,mMTC,0.28687976542090504
373,mMTC,0.2969826791601963
374,mMTC,0.29425677843724046
375,mMTC,0.2907160182157559
376,mMTC,0.29006849972902515
377,mMTC,0.2940362875351016
378,mMTC,0.29620042497997406
379,mMTC,0.2879809151923918
380,mMTC,0.28716605948539276
381,mMTC,0.2825060611711257
382,mMTC,0.28518827708688543
383,mMTC,0.2868908714711162
384,mMTC,0.28820961402459794
385,mMTC,0.2922170254108259
386,mMTC,0.290876862911603
387,mMTC,0.2936199636979237
388,mMTC,0.28622183614708574
389,mMTC,0.28785389858950045
390,mMTC,0.2826270072861869
391,mMTC,0.28723874151836054
392,mMTC,0.2869539106013598
393,mMTC,0.29525051897985244
394,mMTC,0.2982306308535375
395,mMTC,0.2892657844626076
396,mMTC,0.28749025578142373
397,mMTC,0.29431415668230076
398,mMTC,0.29799712584678617
399,mMTC,0.28941851865816126
400,mMTC,0.29370123816202115
401,mMTC,0.29167848467143703
402,mMTC,0.2916421853507175
403,mMTC,0.29848056511568954
404,mMTC,0.2916245626056701
405,mMTC,0.2914559359387267
406,mMTC,0.2942732707110483
407,mMTC,0.29266351836579274
408,mMTC,0.2848255212489008
409,mMTC,0.2967945187404491
410,mMTC,0.29208308571864583
411,mMTC,0.2901474041919418
412,mMTC,0.29475268887673306
413,mMTC,0.2971434637120025
414,mMTC,0.2885187176183971
415,mMTC,0.2933493322988859
416,mMTC,0.2939048733195987
417,mMTC,0.2923400791177777
418,mMTC,0.29191410320414674
419,mMTC,0.2967023004235013
420,mMTC,0.2886813058700898
421,mMTC,0.294562105276643
422,mMTC,0.29015437296579205
423,mMTC,0.29212915530095107
424,mMTC,0.29615814524472567
425,mMTC,0.2870539537210482
426,mMTC,0.28743781090314136
427,mMTC,0.2988448416853867
428,mMTC,0.29369640887317333
429,mMTC,0.2924660756106979
430,mMTC,0.2926111826093694
431,mMTC,0.2973290644832741
432,mMTC,0.29419279841295115
433,mMTC,0.29061423645934353
434,mMTC,0.2861887286370202
435,mMTC,0.2852156085281635
436,mMTC,0.2948590043819765
437,mMTC,0.2900632735680036
438,mMTC,0.2837485633864704
439,mMTC,0.28997259455210583
440,mMTC,0.29086432460225753
441,mMTC,0.29339093129391003
442,mMTC,0.29790244050780706
443,mMTC,0.2940309845704884
444,mMTC,0.2909287561540589
445,mMTC,0.28351858607220326
446,mMTC,0.28970809591450597
447,mMTC,0.2933388602287329
448,mMTC,0.2898784090330816
449,mMTC,0.29284388751482443
450,mMTC,0.28640035514425505
451,mMTC,0.29264254330175593
452,mMTC,0.30031968206908644
453,mMTC,0.29152858454794683
454,mMTC,0.28475044716021825
455,mMTC,0.28983607403413614
456,mMTC,0.2891462991830689
457,mMTC,0.29015926583009277
458,mMTC,0.29058671125660285
459,mMTC,0.2930588525770266
460,mMTC,0.29025025223688605
461,mMTC,0.2934824688280955
462,mMTC,0.2940724305675624
463,mMTC,0.2926869395313038
464,mMTC,0.2912330519006711
465,mMTC,0.29912409608718227
466,mMTC,0.2960605790617525
467,mMTC,0.28838305915878054
468,mMTC,0.2886558576764896
469,mMTC,0.29413489600410503
470,mMTC,0.290866335912102
471,mMTC,0.28946391759522605
472,mMTC,0.29368227585110795
473,mMTC,0.28688127867685376
474,mMTC,0.2924911069661381
475,mMTC,0.29401455845089774
476,mMTC,0.2922108348275956
477,mMTC,0.29603229758733696
478,mMTC,0.29038908515219836
479,mMTC,0.29083413872621366
480,mMTC,0.28950904372770936
481,mMTC,0.28746278468429826
482,mMTC,0.28735199555732066
483,mMTC,0.28809953887590295
484,mMTC,0.2952104400289316
485,mMTC,0.2823342426420872
486,mMTC,0.2915974624922897
487,mMTC,0.28623941119057567
488,mMTC,0.29670679359430135
489,mMTC,0.29483618593964556
490,mMTC,0.2895029560004946
491,mMTC,0.29318920691737466
492,mMTC,0.29307715012492397
493,mMTC,0.2850990632669001
494,mMTC,0.2915255905972381
495,mMTC,0.2974496461391457
496,mMTC,0.2922976623117645
497,mMTC,0.2903177045250417
498,mMTC,0.3005101661976407
499,mMTC,0.28640373121830753
500,mMTC,0.2902605412860656
501,mMTC,0.2903401729905447
502,mMTC,0.2908440348324972
503,mMTC,0.28766101501070057
504,mMTC,0.2900135635570821
505,mMTC,0.28995480349585073
506,mMTC,0.29531269916228853
507,mMTC,0.2935184214562797
508,mMTC,0.2849402742084387
509,mMTC,0.28857123667364143
510,mMTC,0.2892914504222612
511,mMTC,0.2958816811921796
512,mMTC,0.2999700211003207
513,mMTC,0.30014556224667094
514,mMTC,0.2947721112371271
515,mMTC,0.2881199421878493
516,mMTC,0.28978054921320445
517,mMTC,0.2882615426682221
518,mMTC,0.29540669533094277
519,mMTC,0.2959974815718066
520,mMTC,0.2978846685807502
521,mMTC,0.2881643890893753
522,mMTC,0.29241538066624007
523,mMTC,0.29340905992567473
524,mMTC,0.2929554234367589
525,mMTC,0.28952472575591615
526,mMTC,0.29390316631903746
527,mMTC,0.2906150450476937
528,mMTC,0.29495999981128185
529,mMTC,0.29795367442326104
530,mMTC,0.29610493906494345
531,mMTC,0.2983153097900846
532,mMTC,0.29342560411402424
533,mMTC,0.28365380195251844
534,mMTC,0.29483039141729267
535,mMTC,0.2832835305329666
536,mMTC,0.2899766060107766
537,mMTC,0.28873387943181983
538,mMTC,0.2932126083876515
539,mMTC,0.2984731798980811
540,mMTC,0.29147630192290674
541,mMTC,0.28616959687095384
542,mMTC,0.28961799717057585
543,mMTC,0.2880311289875011
544,mMTC,0.2937705805028942
545,mMTC,0.29110882529175774
546,mMTC,0.2896916198675104
547,mMTC,0.28603175358487515
548,mMTC,0.2888834388350634
549,mMTC,0.2964704847217438
550,mMTC,0.28640647238991107
551,mMTC,0.29496113552914904
552,mMTC,0.29383356911756925
553,mMTC,0.28808358094762293
554,mMTC,0.2937848960879016
555,mMTC,0.30016252284743367
556,mMTC,0.2940666800771136
557,mMTC,0.2860878604623488
558,mMTC,0.284063848824899
559,mMTC,0.2928043530145485
560,mMTC,0.2933062412738328
561,mMTC,0.29385742560098915
562,mMTC,0.2950871854516531
563,mMTC,0.2915559303085539
564,mMTC,0.2947082972425187
565,mMTC,0.29466774628923553
566,mMTC,0.2880177604423262
567,mMTC,0.28990178623228513
568,mMTC,0.2950981072301922
569,mMTC,0.28880468208209265
570,mMTC,0.2950082617516478
571,mMTC,0.2991271279413888
572,mMTC,0.2871605966629562
573,mMTC,0.29070538040552846
574,mMTC,0.2899725003063968
575,mMTC,0.28889556069536787
576,mMTC,0.2846256320357298
577,mMTC,0.2968363677411402
578,mMTC,0.2909295650010437
579,mMTC,0.28356462717702735
580,mMTC,0.2984378365049898
581,mMTC,0.2908791178481994
582,mMTC,0.28466386073122313
583,mMTC,0.2893885137472977
584,mMTC,0.29620088671768324
585,mMTC,0.295140324673404
586,mMTC,0.2906211743224947
587,mMTC,0.2859417663883312
588,mMTC,0.28918058620261927
589,mMTC,0.296525931781154
590,mMTC,0.2929652941109211
591,mMTC,0.29729432028844927
592,mMTC,0.29230315880869157
593,mMTC,0.2871218333546304
594,mMTC,0.29079387781727933
595,mMTC,0.2923188739573337
596,mMTC,0.2879145696805299
597,mMTC,0.2870959442203055
598,mMTC,0.29178428512562987
599,mMTC,0.29403712614453575
600,mMTC,0.28496320221885135
601,mMTC,0.2893564631340404
602,mMTC,0.28849026071591616
603,mMTC,0.29716085915694335
604,mMTC,0.29361640545314793
605,mMTC,0.29814387077513754
606,mMTC,0.29705382422178483
607,mMTC,0.28919546654768746
608,mMTC,0.2955359968996321
609,mMTC,0.2878837468474427
610,mMTC,0.2908940206898806
611,mMTC,0.29293352425546043
612,mMTC,0.2941558087208039
613,mMTC,0.2878522696211144
614,mMTC,0.29344840665292693
615,mMTC,0.29780166718722756
616,mMTC,0.29192519905866676
617,mMTC,0.29290722445634204
618,mMTC,0.2962503401716515
619,mMTC,0.2891152200370193
620,mMTC,0.28930693995932877
621,mMTC,0.2967394305697298
622,mMTC,0.2921587397933701
623,mMTC,0.2886473490301862
624,mMTC,0.2867226914739609
625,mMTC,0.28630299464702946
626,mMTC,0.2885108174457995
627,mMTC,0.2959253657610087
628,mMTC,0.29410245094881976
629,mMTC,0.30063069334136405
630,mMTC,0.2908226757217414
631,mMTC,0.29155104633052037
632,mMTC,0.2905011401614711
633,mMTC,0.29656311348403946
634,mMTC,0.29782605856695576
635,mMTC,0.29384425967677785
636,mMTC,0.28859453924996475
637,mMTC,0.2926286502963935
638,mMTC,0.2867630216193218
639,mMTC,0.2958882877952041
640,mMTC,0.2976093274550464
641,mMTC,0.28976385316841474
642,mMTC,0.29467526716283987
643,mMTC,0.2985737279056586
644,mMTC,0.2934886601345864
645,mMTC,0.2953691545134717
646,mMTC,0.2922831119135999
647,mMTC,0.29081014091219987
648,mMTC,0.29468403405907145
649,mMTC,0.2897594813058848
650,mMTC,0.29453742943823885
651,mMTC,0.2906271217211605
652,mMTC,0.2913939159254019
653,mMTC,0.2853819307884402
654,mMTC,0.28703919099853875
655,mMTC,0.2906639487674384
656,mMTC,0.28972877105391537
657,mMTC,0.29213586895283905
658,mMTC,0.3018954601000958
659,mMTC,0.2934518810491202
660,mMTC,0.29056975710354205
661,mMTC,0.2867103445906684
662,mMTC,0.28300019617523614
663,mMTC,0.2951259285283081
664,mMTC,0.29675923289501077
665,mMTC,0.29036323231203465
666,mMTC,0.2920366878011894
667,mMTC,0.29549382083650527
668,mMTC,0.2911887082832726
669,mMTC,0.28790356201861056
670,mMTC,0.28979512349229836
671,mMTC,0.2953377131337374
672,mMTC,0.2890659107843896
673,mMTC,0.2864369861676695
674,mMTC,0.2932911210123734
675,mMTC,0.29968730411738315
676,mMTC,0.2975366261062189
677,mMTC,0.2894417279748852
678,mMTC,0.2946334706499827
679,mMTC,0.2921212344262653
680,mMTC,0.2974752078329001
681,mMTC,0.2953322502674611
682,mMTC,0.2965918225975708
683,mMTC,0.2894372465038881
684,mMTC,0.29328797324268124
685,mMTC,0.2935563623668314
686,mMTC,0.2905874556027172
687,mMTC,0.2877051918225285
688,mMTC,0.2954842851273317
689,mMTC,0.2909663665856436
690,mMTC,0.28206954173663684
691,mMTC,0.2872077927074415
692,mMTC,0.2895214878180882
693,mMTC,0.29789989572073877
694,mMTC,0.29154743436591524
695,mMTC,0.2932134098867817
696,mMTC,0.2892569505575152
697,mMTC,0.28927974309920595
698,mMTC,0.29606175767884485
699,mMTC,0.2933927746716308
700,mMTC,0.2855964020701003
701,mMTC,0.284702446049507
702,mMTC,0.27995555171571174
703,mMTC,0.2911346571016344
704,mMTC,0.29924038230762073
705,mMTC,0.28519361921548597
706,mMTC,0.29092176908778616
707,mMTC,0.29439559082727934
708,mMTC,0.29394416438658005
709,mMTC,0.28824697684519474
710,mMTC,0.2946265258047204
711,mMTC,0.2880250462444004
712,mMTC,0.28634763882983405
713,mMTC,0.29368246786724717
714,mMTC,0.3034269916634826
715,mMTC,0.29717924852031763
716,mMTC,0.297263395387231
717,mMTC,0.297651906638256
718,mMTC,0.28735486044648323
719,mMTC,0.29420017620626604
720,mMTC,0.29272236865834106
721,mMTC,0.2896123987413741
722,mMTC,0.29258746530143354
723,mMTC,0.2898489612015964
724,mMTC,0.2925544593624408
725,mMTC,0.29663117724763866
726,mMTC,0.28909601274462343
727,mMTC,0.29731180863720363
728,mMTC,0.2909681182906855
729,mMTC,0.2903015784171469
730,mMTC,0.29090401005219685
731,mMTC,0.29087722208828487
732,mMTC,0.2915299674483719
733,mMTC,0.29189964272378904
734,mMTC,0.29217706761286616
735,mMTC,0.28911901843042676
736,mMTC,0.2911252445446912
737,mMTC,0.2988328309267285
738,mMTC,0.29102930453655945
739,mMTC,0.2963604135737185
740,mMTC,0.29562807995559925
741,mMTC,0.2944787688730254
742,mMTC,0.29381351545337425
743,mMTC,0.29957735819913217
744,mMTC,0.29369261429186655
745,mMTC,0.2940193811206762
746,mMTC,0.29302237461699654
747,mMTC,0.2901933632835509
748,mMTC,0.29783349604829357
749,mMTC,0.29548751109326
750,mMTC,0.2848450064996296
751,mMTC,0.28155606184604065
752,mMTC,0.28677998796967236
753,mMTC,0.282915660049352
754,mMTC,0.2886617423770528
755,mMTC,0.2896177428142371
756,mMTC,0.29455711425641135
757,mMTC,0.2888558639834291
758,mMTC,0.2941454852471414
759,mMTC,0.29501323742161506
760,mMTC,0.29208397668107144
761,mMTC,0.2891790067866679
762,mMTC,0.29479032566176383
763,mMTC,0.29058353020073113
764,mMTC,0.28345636679378733
765,mMTC,0.2943840983153814
766,mMTC,0.29031615005582095
767,mMTC,0.2917678641659376
768,mMTC,0.2933299672935085
769,mMTC,0.2893852797410667
770,mMTC,0.2902807420761942
771,mMTC,0.2923548235947376
772,mMTC,0.29736126410160507
773,mMTC,0.2911874909445308
774,mMTC,0.2877913958506234
775,mMTC,0.2910126158307083
776,mMTC,0.2921409960926873
777,mMTC,0.28525019782944344
778,mMTC,0.2829056076941758
779,mMTC,0.29270960416189007
780,mMTC,0.2908846648050979
781,mMTC,0.28695084844516344
782,mMTC,0.2965514997696141
783,mMTC,0.28704608264115655
784,mMTC,0.2836866274241274
785,mMTC,0.2944851400713979
786,mMTC,0.2936085798305039
787,mMTC,0.29406697940247856
788,mMTC,0.29164536385540607
789,mMTC,0.2927267398925754
790,mMTC,0.289879753551679
791,mMTC,0.3009790483443739
792,mMTC,0.29713661459710516
793,mMTC,0.2903862021234014
794,mMTC,0.293268048849205
795,mMTC,0.29713458856665814
796,mMTC,0.29398763939515904
797,mMTC,0.29482926783834096
798,mMTC,0.2892093473584218
799,mMTC,0.2949276597267233
800,mMTC,0.29104297994615186
801,mMTC,0.28989002304336414
802,mMTC,0.29305833913026647
803,mMTC,0.2975451798535117
804,mMTC,0.28889238180500987
805,mMTC,0.2869640844416708
806,mMTC,0.29269524631534377
807,mMTC,0.2823669128409591
808,mMTC,0.2911263598243503
809,mMTC,0.2956762872515373
810,mMTC,0.29762652252524463
811,mMTC,0.2863684270002174
812,mMTC,0.28698340996724
813,mMTC,0.2930884978188374
814,mMTC,0.29585160402908584
815,mMTC,0.29419734175577994
816,mMTC,0.29444780224906325
817,mMTC,0.2903208127358737
818,mMTC,0.2913586792053388
819,mMTC,0.2965494388879165
820,mMTC,0.29352591118631116
821,mMTC,0.292533713298444
822,mMTC,0.2924907056166356
823,mMTC,0.29379493627939646
824,mMTC,0.2878932708554997
825,mMTC,0.2953154395722311
826,mMTC,0.2949045386732366
827,mMTC,0.2975957405383797
828,mMTC,0.2936847531334039
829,mMTC,0.2861784895189564
830,mMTC,0.296997231949819
831,mMTC,0.29256086375247925
832,mMTC,0.29965001543597375
833,mMTC,0.298771466801812
834,mMTC,0.2942354180588175
835,mMTC,0.29301476603055104
836,mMTC,0.28997356101109945
837,mMTC,0.295849039453803
838,mMTC,0.2944600488026737
839,mMTC,0.28700613564070304
840,mMTC,0.2910306110639293
841,mMTC,0.28683679944186774
842,mMTC,0.2934765297863233
843,mMTC,0.28770869231368723
844,mMTC,0.2931317212624998
845,mMTC,0.2940396316572536
846,mMTC,0.2902416957753902
847,mMTC,0.28990408085610275
848,mMTC,0.2928007739131172
849,mMTC,0.29391273788482486
850,mMTC,0.28776619699995604
851,mMTC,0.28992939627404674
852,mMTC,0.2921202717668887
853,mMTC,0.29029562664910596
854,mMTC,0.2972180018515831
855,mMTC,0.28598250543049103
856,mMTC,0.28837953929585297
857,mMTC,0.29604609660284015
858,mMTC,0.2976372396997885
859,mMTC,0.29416175542465123
860,mMTC,0.2934450813376682
861,mMTC,0.2948856163669742
862,mMTC,0.2924353801795279
863,mMTC,0.2862971146969018
864,mMTC,0.29299996197889555
865,mMTC,0.3029962972465385
866,mMTC,0.28946610417366864
867,mMTC,0.295069233847806
868,mMTC,0.2892055916051588
869,mMTC,0.28800180160947436
870,mMTC,0.29073409516345355
871,mMTC,0.28328139240186145
872,mMTC,0.2930909764302956
873,mMTC,0.28661537957519895
874,mMTC,0.2896901773829933
875,mMTC,0.29372549858029245
876,mMTC,0.29688060370956487
877,mMTC,0.2935060525161875
878,mMTC,0.294441413737175
879,mMTC,0.2936347986307715
880,mMTC,0.29069581804407707
881,mMTC,0.29326651164174283
882,mMTC,0.2883597339353027
883,mMTC,0.29183842224260714
884,mMTC,0.29132269827966706
885,mMTC,0.2917638670976793
886,mMTC,0.2952476848575814
887,mMTC,0.29190202594559483
888,mMTC,0.2919672539235102
889,mMTC,0.29875202300136167
890,mMTC,0.29436971120130134
891,mMTC,0.29002267130023596
892,mMTC,0.2917209861581897
893,mMTC,0.28888942653765043
894,mMTC,0.2900513668986956
895,mMTC,0.2922600526652467
896,mMTC,0.28971488781148086
897,mMTC,0.2920566816265005
898,mMTC,0.2879712036938093
899,mMTC,0.2896597317950207
900,mMTC,0.2919421383042221
901,mMTC,0.29329882286069
902,mMTC,0.28898808224781414
903,mMTC,0.2930207170466479
904,mMTC,0.2919181729794419
905,mMTC,0.2912382305070453
906,mMTC,0.2880300348083799
907,mMTC,0.2902394109617793
908,mMTC,0.28286692630368715
909,mMTC,0.2942886730939495
910,mMTC,0.2879411386365471
911,mMTC,0.2898629877725274
912,mMTC,0.2961317365472468
913,mMTC,0.295530386291176
914,mMTC,0.2849343698876154
915,mMTC,0.2865589979477141
916,mMTC,0.2907747107837486
917,mMTC,0.2886963528524832
918,mMTC,0.2958111092849853
919,mMTC,0.2895776393032194
920,mMTC,0.28861226408420093
921,mMTC,0.2852880196025189
922,mMTC,0.29577564699668996
923,mMTC,0.2935332084292184
924,mMTC,0.29253184098191787
925,mMTC,0.28948462402179614
926,mMTC,0.2919733833016022
927,mMTC,0.29013445943325367
928,mMTC,0.2939839957947497
929,mMTC,0.28717671955545804
930,mMTC,0.28763996853764734
931,mMTC,0.2915627220389496
932,mMTC,0.29301527242823777
933,mMTC,0.29107169059436977
934,mMTC,0.2942825123024263
935,mMTC,0.3003061611814181
936,mMTC,0.29602115722010824
937,mMTC,0.29435734348951664
938,mMTC,0.29198492363091694
939,mMTC,0.29554490497042324
940,mMTC,0.29187476059035666
941,mMTC,0.2953265930167386
942,mMTC,0.2941639218554123
943,mMTC,0.2972760043403879
944,mMTC,0.2854775513820197
945,mMTC,0.29181985729882937
946,mMTC,0.2877935992638858
947,mMTC,0.28877828545843
948,mMTC,0.292265160285797
949,mMTC,0.2888343748164549
950,mMTC,0.29451762770860873
951,mMTC,0.2912186873695592
952,mMTC,0.30114079894050966
953,mMTC,0.2936013981517332
954,mMTC,0.2885305185792358
955,mMTC,0.28675368928230144
956,mMTC,0.29317571474323706
957,mMTC,0.29638821451708053
958,mMTC,0.2911257402649364
959,mMTC,0.2958290669303797
960,mMTC,0.29540951496748535
961,mMTC,0.29362361502339734
962,mMTC,0.28441589553057894
963,mMTC,0.2926541346199121
964,mMTC,0.3034457751885196
965,mMTC,0.2975561318572216
966,mMTC,0.2941041850118629
967,mMTC,0.28854051720200113
968,mMTC,0.29091468283320304
969,mMTC,0.2962549842126384
970,mMTC,0.2962616953509687
971,mMTC,0.2971551577828266
972,mMTC,0.2908016362902998
973,mMTC,0.29139027245241184
974,mMTC,0.29245567191634786
975,mMTC,0.2935560219884769
976,mMTC,0.28837441104337397
977,mMTC,0.2920769202808189
978,mMTC,0.29369503650061674
979,mMTC,0.29183037259699224
980,mMTC,0.2915391098725628
981,mMTC,0.29435789838315235
982,mMTC,0.2971791385826361
983,mMTC,0.292544103883733
984,mMTC,0.29235701820506976
985,mMTC,0.29288229265351196
986,mMTC,0.29277680293969727
987,mMTC,0.296258833116361
988,mMTC,0.28706910648031414
989,mMTC,0.2957656658608447
990,mMTC,0.28542730630324803
991,mMTC,0.2919840120940454
992,mMTC,0.2921309102810549
993,mMTC,0.2871424132201768
994,mMTC,0.2893560276933985
995,mMTC,0.2861509229827264
996,mMTC,0.28345207549493373
997,mMTC,0.28809161557275226
998,mMTC,0.2953741363768211
999,mMTC,0.29772655092587086
1000,mMTC,0.2959101568402154
1001,mMTC,0.28843047129019556
1002,mMTC,0.28464257632687784
1003,mMTC,0.29771388547805744
1004,mMTC,0.29421686226653104
1005,mMTC,0.2922869168378051
1006,mMTC,0.2925058649251974
1007,mMTC,0.28872063399138814
1008,mMTC,0.28916308354233833
1009,mMTC,0.28933685410339843
1010,mMTC,0.28895448299788656
1011,mMTC,0.2883795566843686
1012,mMTC,0.28499721247093457
1013,mMTC,0.2908724254778729
1014,mMTC,0.29159092755604477
1015,mMTC,0.29404228193780124
1016,mMTC,0.28871449275580086
1017,mMTC,0.29867855177853614
1018,mMTC,0.29609547835637173
1019,mMTC,0.29472073501851326
1020,mMTC,0.287010169623667
1021,mMTC,0.29336788901196476
1022,mMTC,0.2942157369230638
1023,mMTC,0.2943401510926564
1024,mMTC,0.2838199158386508
1025,mMTC,0.2918412036017518
1026,mMTC,0.29185129767441437
1027,mMTC,0.32948180864999455
1028,mMTC,0.2777407971216986
1029,mMTC,0.2909951087925941
1030,mMTC,0.28875906487291564
1031,mMTC,0.2926517631117208
1032,mMTC,0.28551890967475047
1033,mMTC,0.28540552850022205
1034,mMTC,0.28734064331145054
1035,mMTC,0.2957526058356091
1036,mMTC,0.29294992768371153
1037,mMTC,0.2910417415243126
1038,mMTC,0.29370125589107643
1039,mMTC,0.29476190193779417
1040,mMTC,0.292640692443328
1041,mMTC,0.2920517258357816
1042,mMTC,0.2949329147196386
1043,mMTC,0.2909449326741135
1044,mMTC,0.2892063661758067
1045,mMTC,0.29338098577662747
1046,mMTC,0.28851429428352154
1047,mMTC,0.2945331273997517
1048,mMTC,0.29005213642667194
1049,mMTC,0.2874600632946125
1050,mMTC,0.28569028508222366
1051,mMTC,0.28974247881844806
1052,mMTC,0.29231077092975744
1053,mMTC,0.294042839696834
1054,mMTC,0.29027688486416375
1055,mMTC,0.288366850167539
1056,mMTC,0.29120233109729954
1057,mMTC,0.29239899057161506
1058,mMTC,0.2920581633757595
1059,mMTC,0.29157956749121056
1060,mMTC,0.28733728022267185
1061,mMTC,0.2948881298481902
1062,mMTC,0.29192967938259357
1063,mMTC,0.2926027562445153
1064,mMTC,0.29204992136491814
1065,mMTC,0.291336454601119
1066,mMTC,0.2914452455432298
1067,mMTC,0.28684150732775776
1068,mMTC,0.2907041310389955
1069,mMTC,0.28853571785610915
1070,mMTC,0.28846175954722675
1071,mMTC,0.293881257847319
1072,mMTC,0.2965705400538613
1073,mMTC,0.2959194038488423
1074,mMTC,0.2903705133374691
1075,mMTC,0.2908670468507599
1076,mMTC,0.2832195930555673
1077,mMTC,0.2906404123832018
1078,mMTC,0.2952717422445327
1079,mMTC,0.28915375192024056
1080,mMTC,0.28972012018135906
1081,mMTC,0.291495674946909
1082,mMTC,0.28650370516663987
1083,mMTC,0.29118401920624604
1084,mMTC,0.2919087801467382
1085,mMTC,0.2973440487558112
1086,mMTC,0.2952862112290647
1087,mMTC,0.2942054257789412
1088,mMTC,0.2930254219788466
1089,mMTC,0.292792495335994
1090,mMTC,0.2995705460600164
1091,mMTC,0.2957289547308398
1092,mMTC,0.2907945757604625
1093,mMTC,0.2853583440193998
1094,mMTC,0.29209983974515435
1095,mMTC,0.2948250255476325
1096,mMTC,0.2952447233424461
1097,mMTC,0.29034895049853493
1098,mMTC,0.29539698243170764
1099,mMTC,0.2923785008975553
1100,mMTC,0.2921931393757017
1101,mMTC,0.29220545477172655
1102,mMTC,0.28909600686466097
1103,mMTC,0.2943102025740674
1104,mMTC,0.29432499959228736
1105,mMTC,0.29079408601513196
1106,mMTC,0.2944074653431795
1107,mMTC,0.28551479661319673
1108,mMTC,0.2874840350762904
1109,mMTC,0.2895834058553852
1110,mMTC,0.2890479888513298
1111,mMTC,0.28416594068541257
1112,mMTC,0.2930180774646248
1113,mMTC,0.29110367159074396
1114,mMTC,0.29041704275027935
1115,mMTC,0.2943763635918318
1116,mMTC,0.2931869384681234
1117,mMTC,0.29507001124299703
1118,mMTC,0.29393751460192696
1119,mMTC,0.2979553611515806
1120,mMTC,0.2945379781580298
1121,mMTC,0.2897445261176992
1122,mMTC,0.2964313478590334
1123,mMTC,0.29006566595889344
1124,mMTC,0.2905234427438481
1125,mMTC,0.29249341762895
1126,mMTC,0.2921605406061082
1127,mMTC,0.2913040280346837
1128,mMTC,0.2933719338909777
1129,mMTC,0.28968640217253994
1130,mMTC,0.2867983273985756
1131,mMTC,0.2949005208787984
1132,mMTC,0.29367839043449306
1133,mMTC,0.2894032488257333
1134,mMTC,0.2861392732088444
1135,mMTC,0.2811859796027191
1136,mMTC,0.28943681420590905
1137,mMTC,0.28656265471324976
1138,mMTC,0.28666273321449276
1139,mMTC,0.2902142649865392
1140,mMTC,0.29489998939313095
1141,mMTC,0.29227567408870236
1142,mMTC,0.28397935312931916
1143,mMTC,0.2903045243335978
1144,mMTC,0.29784304807379286
1145,mMTC,0.2914406482576407
1146,mMTC,0.29047616915710833
1147,mMTC,0.2888037035813566
1148,mMTC,0.2883606768045409
1149,mMTC,0.29095944450379363
1150,mMTC,0.29639155693932373
1151,mMTC,0.2972534023606631
1152,mMTC,0.29636019882720427
1153,mMTC,0.2896412576367845
1154,mMTC,0.29092119838569847
1155,mMTC,0.2912241214351832
1156,mMTC,0.28871140533009165
1157,mMTC,0.2954445445123964
1158,mMTC,0.2963421877191111
1159,mMTC,0.2981943828647794
1160,mMTC,0.28810548884272547
1161,mMTC,0.2916827788322582
1162,mMTC,0.2929239744971813
1163,mMTC,0.2979163264280426
1164,mMTC,0.2876572700846811
1165,mMTC,0.2945657349878665
1166,mMTC,0.29608083692779175
1167,mMTC,0.2908349443366216
1168,mMTC,0.29324071909654026
1169,mMTC,0.2948581237034651
1170,mMTC,0.2891429798502727
1171,mMTC,0.28795244714138174
1172,mMTC,0.2905263663730645
1173,mMTC,0.2948390088443942
1174,mMTC,0.2847001349290054
1175,mMTC,0.2913382128735153
1176,mMTC,0.2873209468224419
1177,mMTC,0.28868980053379933
1178,mMTC,0.2909549928599774
1179,mMTC,0.2892413209316345
1180,mMTC,0.2969279292808716
1181,mMTC,0.28885018986937777
1182,mMTC,0.2966638310809495
1183,mMTC,0.2870315800076892
1184,mMTC,0.2884313480588076
1185,mMTC,0.2948147470863257
1186,mMTC,0.2927722890884622
1187,mMTC,0.290216284863318
1188,mMTC,0.29175282764801014
1189,mMTC,0.2887264845875501
1190,mMTC,0.29003626141088745
1191,mMTC,0.3014343788433136
1192,mMTC,0.2944700392635884
1193,mMTC,0.29022826518877537
1194,mMTC,0.29187935494638495
1195,mMTC,0.2883347311079276
1196,mMTC,0.2882587291812961
1197,mMTC,0.29128293450644593
1198,mMTC,0.2949151434606606
1199,mMTC,0.2969393966144227
1200,mMTC,0.2927501834848718
1201,mMTC,0.2898831287540136
1202,mMTC,0.29326074663878
1203,mMTC,0.29010144591332626
1204,mMTC,0.292070587939427
1205,mMTC,0.28422507047905554
1206,mMTC,0.28400878077730046
1207,mMTC,0.31865690537764874
1208,mMTC,0.2873325903959406
1209,mMTC,0.2967564482083792
1210,mMTC,0.2917411315209184
1211,mMTC,0.2853167873399773
1212,mMTC,0.28652944644027195
1213,mMTC,0.2940960218479038
1214,mMTC,0.2893783789374085
1215,mMTC,0.28904343540200556
1216,mMTC,0.2879670965176445
1217,mMTC,0.2864807251844384
1218,mMTC,0.2917555673514766
1219,mMTC,0.28884516672318833
1220,mMTC,0.290212046478716
1221,mMTC,0.2902110620192995
1222,mMTC,0.29637828647809306
1223,mMTC,0.28882932235977965
1224,mMTC,0.2909196883685142
1225,mMTC,0.2927191897614483
1226,mMTC,0.29778133490260983
1227,mMTC,0.2978977972320174
1228,mMTC,0.2907436292145271
1229,mMTC,0.2947597134426146
1230,mMTC,0.29598598312911073
1231,mMTC,0.28906258525201434
1232,mMTC,0.28850162016696057
1233,mMTC,0.29528346298844127
1234,mMTC,0.2923862288700225
1235,mMTC,0.2948205337836466
1236,mMTC,0.29427651403356964
1237,mMTC,0.2934444995877805
1238,mMTC,0.29103767148624293
1239,mMTC,0.28891408100279486
1240,mMTC,0.2981825448521194
1241,mMTC,0.28935081343367264
1242,mMTC,0.29156945077794244
1243,mMTC,0.2910734966062212
1244,mMTC,0.2928996053879832
1245,mMTC,0.292595748838572
1246,mMTC,0.2893361748042925
1247,mMTC,0.2888038223281721
1248,mMTC,0.2923778949171411
1249,mMTC,0.28829414665979786
1250,mMTC,0.2906523657842146
1251,mMTC,0.29732052204489046
1252,mMTC,0.2960564098043443
1253,mMTC,0.28708952886152883
1254,mMTC,0.29511779662162213
1255,mMTC,0.29091250059343127
1256,mMTC,0.2887741012260998
1257,mMTC,0.2972712239583911
1258,mMTC,0.2885429658492162
1259,mMTC,0.2904427617875773
1260,mMTC,0.2919131035828576
1261,mMTC,0.29100127090097977
1262,mMTC,0.29164326272327873
1263,mMTC,0.2924973018268445
1264,mMTC,0.28454348226917114
1265,mMTC,0.28411078265135725
1266,mMTC,0.2875090121682791
1267,mMTC,0.2879130993125472
1268,mMTC,0.29182335158544537
1269,mMTC,0.29214380462111
1270,mMTC,0.2906274472825009
1271,mMTC,0.2888808199695979
1272,mMTC,0.2996124947806473
1273,mMTC,0.2895567910876717
1274,mMTC,0.28410276656978967
1275,mMTC,0.28660280602706634
1276,mMTC,0.2937280555873219
1277,mMTC,0.2932015986558709
1278,mMTC,0.2955747049252134
1279,mMTC,0.2911077400773402
1280,mMTC,0.29332841416052674
1281,mMTC,0.286081413458556
1282,mMTC,0.2895228464087363
1283,mMTC,0.2917198782323584
1284,mMTC,0.2965171245253154
1285,mMTC,0.28913167252343897
1286,mMTC,0.2887638233957669
1287,mMTC,0.29676808720863385
1288,mMTC,0.28954214685352536
1289,mMTC,0.2944682840603264
1290,mMTC,0.2880788823841242
1291,mMTC,0.29471349531350954
1292,mMTC,0.2858578939325057
1293,mMTC,0.28540523408064183
1294,mMTC,0.29004501772272206
1295,mMTC,0.2952727931368249
1296,mMTC,0.2886408435998154
1297,mMTC,0.29311083904413626
1298,mMTC,0.29033292188980125
1299,mMTC,0.28568508181758734
1300,mMTC,0.29324889602373705
1301,mMTC,0.2883140529920605
1302,mMTC,0.28517448465737166
1303,mMTC,0.29022027659676003
1304,mMTC,0.28606555073454576
1305,mMTC,0.2827260469787976
1306,mMTC,0.2856190267483331
1307,mMTC,0.29104043449737516
1308,mMTC,0.2901634841413143
1309,mMTC,0.2879508619461733
1310,mMTC,0.2935699630439877
1311,mMTC,0.2905077754844535
1312,mMTC,0.2965688264804815
1313,mMTC,0.296034432979581
1314,mMTC,0.29364676185472643
1315,mMTC,0.29275193746715567
1316,mMTC,0.28176777600009145
1317,mMTC,0.29036601451318744
1318,mMTC,0.29867717295166907
1319,mMTC,0.2863420685656272
1320,mMTC,0.2909595476263113
1321,mMTC,0.2876815516060226
1322,mMTC,0.29615643679151227
1323,mMTC,0.29219581348535245
1324,mMTC,0.2977924948773067
1325,mMTC,0.29436268680777833
1326,mMTC,0.28685183126736485
1327,mMTC,0.29638651527384224
1328,mMTC,0.2966092363653636
1329,mMTC,0.29203454133815254
1330,mMTC,0.29385396891938526
1331,mMTC,0.2959481290543558
1332,mMTC,0.28858967892747395
1333,mMTC,0.29360541122935
1334,mMTC,0.2992937108042748
1335,mMTC,0.2948111244558551
1336,mMTC,0.2864729726706514
1337,mMTC,0.28977555287671813
1338,mMTC,0.29523877320878616
1339,mMTC,0.2883329921235787
1340,mMTC,0.2901309126970478
1341,mMTC,0.29446218253971357
1342,mMTC,0.28952600941229123
1343,mMTC,0.2923474949521924
1344,mMTC,0.29270031780305134
1345,mMTC,0.2959525366024075
1346,mMTC,0.29618420203047846
1347,mMTC,0.28944442550519345
1348,mMTC,0.28930160572520996
1349,mMTC,0.288177490133157
1350,mMTC,0.2922175647484736
1351,mMTC,0.29878850249712424
1352,mMTC,0.28871275088944875
1353,mMTC,0.29356577948697643
1354,mMTC,0.29860398847697167
1355,mMTC,0.29011510853732286
1356,mMTC,0.2900640218401207
1357,mMTC,0.2863915648980751
1358,mMTC,0.2890571821519914
1359,mMTC,0.2931076309121019
1360,mMTC,0.291791262795971
1361,mMTC,0.28987776017496786
1362,mMTC,0.2948863524711489
1363,mMTC,0.29431126941070923
1364,mMTC,0.2859561115717867
1365,mMTC,0.29564683340630254
1366,mMTC,0.2912506097092104
1367,mMTC,0.29339721664499757
1368,mMTC,0.29562710308651596
1369,mMTC,0.29590992627204765
1370,mMTC,0.2913386826061306
1371,mMTC,0.28438539242012756
1372,mMTC,0.2899149996983995
1373,mMTC,0.2945104383667922
1374,mMTC,0.2966877949252604
1375,mMTC,0.28927153261949845
1376,mMTC,0.28838123705620594
1377,mMTC,0.29077046818473407
1378,mMTC,0.2923765655266597
1379,mMTC,0.29646129404334587
1380,mMTC,0.28899150681504143
1381,mMTC,0.28793879175521425
1382,mMTC,0.28989369010406313
1383,mMTC,0.2951360934827051
1384,mMTC,0.29117903272265777
1385,mMTC,0.29153021754465797
1386,mMTC,0.29456512815412406
1387,mMTC,0.28518817019518866
1388,mMTC,0.2916061373975821
1389,mMTC,0.29375786166690226
1390,mMTC,0.29633167634557733
1391,mMTC,0.2940777877131311
1392,mMTC,0.2911981862143154
1393,mMTC,0.2931239490303033
1394,mMTC,0.2867218573230834
1395,mMTC,0.2926226010146213
1396,mMTC,0.29497226840890606
1397,mMTC,0.295897419922157
1398,mMTC,0.29558827780132324
1399,mMTC,0.28972725706875874
1400,mMTC,0.2931095797496296
1401,mMTC,0.30268365962865407
1402,mMTC,0.28750275275486376
1403,mMTC,0.28692999873078723
1404,mMTC,0.28712880370209326
1405,mMTC,0.2848212970544917
1406,mMTC,0.294090378074608
1407,mMTC,0.29550491593015915
1408,mMTC,0.298504408304832
1409,mMTC,0.30163270930458524
1410,mMTC,0.28609000504134185
1411,mMTC,0.2923774087203547
1412,mMTC,0.29320958511641027
1413,mMTC,0.2850837803581522
1414,mMTC,0.2937342837360955
1415,mMTC,0.29131193722377235
1416,mMTC,0.28972059912968573
1417,mMTC,0.2978733126381321
1418,mMTC,0.2907267745834813
1419,mMTC,0.28531640695518884
1420,mMTC,0.29676070556335793
1421,mMTC,0.2912750221800294
1422,mMTC,0.2917358087617771
1423,mMTC,0.29311769915932384
1424,mMTC,0.29422350695490684
1425,mMTC,0.29376897219713843
1426,mMTC,0.2841761817047299
1427,mMTC,0.2806976056660978
1428,mMTC,0.2916556446481144
1429,mMTC,0.29480016511279955
1430,mMTC,0.2881486219287141
1431,mMTC,0.28420394358196227
1432,mMTC,0.2933486831131383
1433,mMTC,0.29249896105111184
1434,mMTC,0.28657807828926174
1435,mMTC,0.2826087372618603
1436,mMTC,0.29220425049582943
1437,mMTC,0.28956507260647096
1438,mMTC,0.2956169684637276
1439,mMTC,0.2962065165693378
1440,mMTC,0.2945895612503178
1441,mMTC,0.2913513816476957
1442,mMTC,0.2939704222879036
1443,mMTC,0.284249922346808
1444,mMTC,0.2889602728843842
1445,mMTC,0.28226879668679894
1446,mMTC,0.28570200796270023
1447,mMTC,0.2966303065869891
1448,mMTC,0.29095547616608036
1449,mMTC,0.2848799785772619
1450,mMTC,0.29606041556533713
1451,mMTC,0.2883027836240149
1452,mMTC,0.2913711086471959
1453,mMTC,0.29310143195354577
1454,mMTC,0.29342535322254354
1455,mMTC,0.29171213253073686
1456,mMTC,0.2947425967753824
1457,mMTC,0.2938467321307397
1458,mMTC,0.2982099981713291
1459,mMTC,0.2914714090601562
1460,mMTC,0.2971045972542816
1461,mMTC,0.29366485543583826
1462,mMTC,0.29222548621541916
1463,mMTC,0.30011324474202605
1464,mMTC,0.294951324357093
1465,mMTC,0.2943280836828684
1466,mMTC,0.2911451979923492
1467,mMTC,0.2902931152503219
1468,mMTC,0.2879953863296864
1469,mMTC,0.2934278572492038
1470,mMTC,0.2876115799738217
1471,mMTC,0.28820282846685313
1472,mMTC,0.29244831829478346
1473,mMTC,0.287253246898657
1474,mMTC,0.2862799420089196
1475,mMTC,0.28877103180637914
1476,mMTC,0.29111215603888
1477,mMTC,0.28981770303599075
1478,mMTC,0.2929900270852748
1479,mMTC,0.28275242362861963
1480,mMTC,0.2929976949132299
1481,mMTC,0.29979557966798703
1482,mMTC,0.29059870018037715
1483,mMTC,0.2896142401079646
1484,mMTC,0.28760737987845264
1485,mMTC,0.2886550038700609
1486,mMTC,0.29574725181869643
1487,mMTC,0.28678372768446864
1488,mMTC,0.28938321283830865
1489,mMTC,0.2950891885236611
1490,mMTC,0.2913158935373365
1491,mMTC,0.284544354473468
1492,mMTC,0.2867577567013126
1493,mMTC,0.29248937444095796
1494,mMTC,0.2917889228876452
1495,mMTC,0.2924223445378184
1496,mMTC,0.28875554059914027
1497,mMTC,0.28551362297323973
1498,mMTC,0.29669403922863985
1499,mMTC,0.2877291300498553
1500,mMTC,0.2901874727927357
1501,mMTC,0.2946517066008507
1502,mMTC,0.29189413598488423
1503,mMTC,0.2811412873483411
1504,mMTC,0.28236721084944044
1505,mMTC,0.2948260251927913
1506,mMTC,0.28973636719103574
1507,mMTC,0.2964016066745015
1508,mMTC,0.29135598890667197
1509,mMTC,0.29205561510733685
1510,mMTC,0.2903490403970962
1511,mMTC,0.2962420895796693
1512,mMTC,0.2960512177701023
1513,mMTC,0.2911035111869486
1514,mMTC,0.2866145286319634
1515,mMTC,0.294248667444381
1516,mMTC,0.28839925907961594
1517,mMTC,0.2860634204908418
1518,mMTC,0.2794528301320389
1519,mMTC,0.293863704144816
1520,mMTC,0.2997375426700953
1521,mMTC,0.2946603772218003
1522,mMTC,0.2908166543746059
1523,mMTC,0.2900437684295819
1524,mMTC,0.294180651293811
1525,mMTC,0.29267699456654955
1526,mMTC,0.296147282813911
1527,mMTC,0.28989279387471106
1528,mMTC,0.2967590765180254
1529,mMTC,0.29411169629413236
1530,mMTC,0.29375864422967635
1531,mMTC,0.28767894145259526
1532,mMTC,0.28817175561615777
1533,mMTC,0.29332632397421404
1534,mMTC,0.2837452616292867
1535,mMTC,0.28446621195277205
1536,mMTC,0.2867817575752374
1537,mMTC,0.3020929647482972
1538,mMTC,0.2946791139134216
1539,mMTC,0.2898449050233849
1540,mMTC,0.28418903162966436
1541,mMTC,0.2907831932950969
1542,mMTC,0.286561749796226
1543,mMTC,0.29228804780741846
1544,mMTC,0.29331862414971904
1545,mMTC,0.29443322036559905
1546,mMTC,0.29738712026265335
1547,mMTC,0.29205080971314146
1548,mMTC,0.28771845637128163
1549,mMTC,0.29392302864503456
1550,mMTC,0.2931671903803702
1551,mMTC,0.29149426705278014
1552,mMTC,0.29146721900461464
1553,mMTC,0.28886696398959155
1554,mMTC,0.2952385294516528
1555,mMTC,0.2902755262387426
1556,mMTC,0.2890806840344002
1557,mMTC,0.2896109357677661
1558,mMTC,0.29038362143261565
1559,mMTC,0.28579418446141974
1560,mMTC,0.2925326209674299
1561,mMTC,0.2938434597660803
1562,mMTC,0.2950805541977019
1563,mMTC,0.292683627793082
1564,mMTC,0.2916040108841538
1565,mMTC,0.2857399724634498
1566,mMTC,0.29919697057173517
1567,mMTC,0.2918935426970615
1568,mMTC,0.29264725285225796
1569,mMTC,0.2873629628779498
1570,mMTC,0.2850214181301756
1571,mMTC,0.2895224627164704
1572,mMTC,0.29967543330796004
1573,mMTC,0.2964182301667457
1574,mMTC,0.29651220149210544
1575,mMTC,0.28992032477833757
1576,mMTC,0.2935313098937118
1577,mMTC,0.29674496320086663
1578,mMTC,0.28906493787712795
1579,mMTC,0.2907403707686959
1580,mMTC,0.2909312190895616
1581,mMTC,0.2990284430921313
1582,mMTC,0.2856819820855355
1583,mMTC,0.28960151382753624
1584,mMTC,0.298413577526454
1585,mMTC,0.2908777534194181
1586,mMTC,0.29030347901474324
1587,mMTC,0.2969156388850921
1588,mMTC,0.2939175494681359
1589,mMTC,0.29140846974022333
1590,mMTC,0.29425259073869603
1591,mMTC,0.2943145552452539
1592,mMTC,0.2834093529251058
1593,mMTC,0.2908828485927448
1594,mMTC,0.28847223176262277
1595,mMTC,0.28920792623891595
1596,mMTC,0.2954994001037448
1597,mMTC,0.29573050839154885
1598,mMTC,0.28846054056009446
1599,mMTC,0.28893928167773303
1600,mMTC,0.2902503572341168
1601,mMTC,0.28797965182829305
1602,mMTC,0.29994311827973935
1603,mMTC,0.2899262599173509
1604,mMTC,0.2880222802680293
1605,mMTC,0.29356009267097005
1606,mMTC,0.29133138084634996
1607,mMTC,0.292353689411016
1608,mMTC,0.29614376423541605
1609,mMTC,0.28933401542187015
1610,mMTC,0.2912924934824958
1611,mMTC,0.28956614319915636
1612,mMTC,0.2966795600844428
1613,mMTC,0.29565947381572133
1614,mMTC,0.2924218753373589
1615,mMTC,0.29108876446598364
1616,mMTC,0.2861679151043363
1617,mMTC,0.29159464690982523
1618,mMTC,0.29077075818775067
1619,mMTC,0.29037456826022606
1620,mMTC,0.2893253260982602
1621,mMTC,0.2881825931966724
1622,mMTC,0.2925145434497148
1623,mMTC,0.29916167837540797
1624,mMTC,0.29324264712324466
1625,mMTC,0.2919452067289631
1626,mMTC,0.2930235368788018
1627,mMTC,0.29036560891626034
1628,mMTC,0.29202701075749904
1629,mMTC,0.2928331661985596
1630,mMTC,0.2908159712022315
1631,mMTC,0.28645223375710305
1632,mMTC,0.2859337268417515
1633,mMTC,0.29208271398270136
1634,mMTC,0.29840256896524375
1635,mMTC,0.2959186601532066
1636,mMTC,0.2976515264538256
1637,mMTC,0.29079693672582013
1638,mMTC,0.2880597575002352
1639,mMTC,0.29435210272910267
1640,mMTC,0.2924606422775348
1641,mMTC,0.2868666491124602
1642,mMTC,0.2899081663212416
1643,mMTC,0.29737665088226417
1644,mMTC,0.2911667973140763
1645,mMTC,0.29858135065775293
1646,mMTC,0.2886630174780661
1647,mMTC,0.28940313077527974
1648,mMTC,0.28590562271028064
1649,mMTC,0.29062386859009703
1650,mMTC,0.28654251655794716
1651,mMTC,0.2905439383794498
1652,mMTC,0.29418052484481905
1653,mMTC,0.2949816056272159
1654,mMTC,0.29361186243728554
1655,mMTC,0.28629424397690545
1656,mMTC,0.29736000363207093
1657,mMTC,0.3009968634469713
1658,mMTC,0.2919869639129633
1659,mMTC,0.2817189092839324
1660,mMTC,0.2822195478349829
1661,mMTC,0.2825378834828783
1662,mMTC,0.29496364892341637
1663,mMTC,0.2963277145823544
1664,mMTC,0.29228074422178113
1665,mMTC,0.288992610556226
1666,mMTC,0.2962943123110832
1667,mMTC,0.2861530997972555
1668,mMTC,0.2886586765443582
1669,mMTC,0.2905611920778613
1670,mMTC,0.29953887254736516
1671,mMTC,0.2933978242138374
1672,mMTC,0.2915462043754666
1673,mMTC,0.2892335254733206
1674,mMTC,0.2886601176737891
1675,mMTC,0.29425426354922357
1676,mMTC,0.2923407639382468
1677,mMTC,0.28276344553431076
1678,mMTC,0.2858254261115366
1679,mMTC,0.2928920804641736
1680,mMTC,0.2887768315131795
1681,mMTC,0.29706359492697776
1682,mMTC,0.2981817015602056
1683,mMTC,0.2853633672635153
1684,mMTC,0.2876785738700063
1685,mMTC,0.2951396672323746
1686,mMTC,0.28878503253117227
1687,mMTC,0.29547215907479013
1688,mMTC,0.29140650257207484
1689,mMTC,0.2904960358738958
1690,mMTC,0.28797817626736044
1691,mMTC,0.2816919974467805
1692,mMTC,0.29093102161276563
1693,mMTC,0.2891020808725194
1694,mMTC,0.281990527555471
1695,mMTC,0.28698054840214
1696,mMTC,0.29392829715573016
1697,mMTC,0.2923595398296563
1698,mMTC,0.29039611365037993
1699,mMTC,0.29346273181215404
1700,mMTC,0.29549246525527395
1701,mMTC,0.2895159865504317
1702,mMTC,0.2932739109771449
1703,mMTC,0.2950219725347548
1704,mMTC,0.28849661853960756
1705,mMTC,0.28561702732080724
1706,mMTC,0.28897040340802294
1707,mMTC,0.29005317948819764
1708,mMTC,0.28825721590559167
1709,mMTC,0.28965989884252735
1710,mMTC,0.28886922449247526
1711,mMTC,0.2939414352792056
1712,mMTC,0.28625348526488564
1713,mMTC,0.29564079659933273
1714,mMTC,0.29287146822255655
1715,mMTC,0.283458850505206
1716,mMTC,0.2879664119258989
1717,mMTC,0.29454295716565343
1718,mMTC,0.2921468693492776
1719,mMTC,0.2828246937334148
1720,mMTC,0.28818531556024063
1721,mMTC,0.28999751659922823
1722,mMTC,0.29000356447432396
1723,mMTC,0.288136564327101
1724,mMTC,0.28558549506815456
1725,mMTC,0.29258935566326966
1726,mMTC,0.29106730877867026
1727,mMTC,0.28959236285346934
1728,mMTC,0.29799772579354356
1729,mMTC,0.2888597739119374
1730,mMTC,0.2885853329785393
1731,mMTC,0.28563528528441684
1732,mMTC,0.28829701368796695
1733,mMTC,0.2913468203416473
1734,mMTC,0.2883797753722391
1735,mMTC,0.283825188897926
1736,mMTC,0.28909158662750023
1737,mMTC,0.3105410756401441
1738,mMTC,0.2968882810685676
1739,mMTC,0.2994181069857664
1740,mMTC,0.2880492758216718
1741,mMTC,0.30227620353583756
1742,mMTC,0.29110543661859717
1743,mMTC,0.29642631901923805
1744,mMTC,0.2953825602963381
1745,mMTC,0.29179638852633233
1746,mMTC,0.2875760874229002
1747,mMTC,0.28750802220563426
1748,mMTC,0.2963447725944552
1749,mMTC,0.29456080731757694
1750,mMTC,0.2894126190404597
1751,mMTC,0.29177348626205185
1752,mMTC,0.28544041166451767
1753,mMTC,0.29051344001385815
1754,mMTC,0.2894182316150364
1755,mMTC,0.29127508921625633
1756,mMTC,0.2998146445161317
1757,mMTC,0.2965048510876155
1758,mMTC,0.2866037490889378
1759,mMTC,0.29527025556130526
1760,mMTC,0.29967562512846907
1761,mMTC,0.2935069111679961
1762,mMTC,0.29694785465218093
1763,mMTC,0.29804385900192504
1764,mMTC,0.29002489356666883
1765,mMTC,0.29562889803283593
1766,mMTC,0.28991637763164
1767,mMTC,0.2949323337786367
1768,mMTC,0.2916388844315086
1769,mMTC,0.29012340347663873
1770,mMTC,0.296749885088542
1771,mMTC,0.29604290449649
1772,mMTC,0.283862211450818
1773,mMTC,0.284550939076398
1774,mMTC,0.29451423103272634
1775,mMTC,0.2969282699924842
1776,mMTC,0.29172831198166105
1777,mMTC,0.2946561243938376
1778,mMTC,0.2895035201471927
1779,mMTC,0.2955230272749872
1780,mMTC,0.2910296457192715
1781,mMTC,0.2903678129523357
1782,mMTC,0.2914512092156767
1783,mMTC,0.2877369650117321
1784,mMTC,0.2842403441769894
1785,mMTC,0.29907433555961493
1786,mMTC,0.2968581362206323
1787,mMTC,0.29367120594763846
1788,mMTC,0.28834514226278335
1789,mMTC,0.2900991649672404
1790,mMTC,0.2882408588209578
1791,mMTC,0.2957351663960393
1792,mMTC,0.29053964603392785
1793,mMTC,0.292818015511001
1794,mMTC,0.2904447865463635
1795,mMTC,0.2927890030070339
1796,mMTC,0.28906602116426816
1797,mMTC,0.28924409701169496
1798,mMTC,0.29154360025863363
1799,mMTC,0.2891164965865656
1800,mMTC,0.28926597517401215
1801,mMTC,0.2847605119173395
1802,mMTC,0.2908259344780129
1803,mMTC,0.2983949249218932
1804,mMTC,0.28389398958209167
1805,mMTC,0.28951950210704924
1806,mMTC,0.2899058913715615
1807,mMTC,0.28596954856229867
1808,mMTC,0.28614159562131186
1809,mMTC,0.29265400723028545
1810,mMTC,0.2986382068958064
1811,mMTC,0.28955160691406356
1812,mMTC,0.2841939266083385
1813,mMTC,0.2858237598082066
1814,mMTC,0.2892559826051658
1815,mMTC,0.29588738616672644
1816,mMTC,0.2927654434162041
1817,mMTC,0.2968016161578233
1818,mMTC,0.29357747743107293
1819,mMTC,0.3016983809794152
1820,mMTC,0.2942018208837025
1821,mMTC,0.2921829237397863
1822,mMTC,0.2903597679829668
1823,mMTC,0.2864811521316134
1824,mMTC,0.2916713024158484
1825,mMTC,0.2895467225881048
1826,mMTC,0.29186390339033547
1827,mMTC,0.2850646329431977
1828,mMTC,0.2948039842562618
1829,mMTC,0.29706132626299286
1830,mMTC,0.2939787219451099
1831,mMTC,0.2949438980604766
1832,mMTC,0.29052512090155747
1833,mMTC,0.2935217363945361
1834,mMTC,0.2978494496515437
1835,mMTC,0.2926746902588397
1836,mMTC,0.29316681467538996
1837,mMTC,0.29378306920857905
1838,mMTC,0.29681745660040953
1839,mMTC,0.2941153463182158
1840,mMTC,0.2909627549695266
1841,mMTC,0.2905924882279027
1842,mMTC,0.28951930266537473
1843,mMTC,0.2971160496297108
1844,mMTC,0.29415311422363366
1845,mMTC,0.29232021365024397
1846,mMTC,0.2954842575047547
1847,mMTC,0.2965850207128547
1848,mMTC,0.2912624146166179
1849,mMTC,0.29309708374888843
1850,mMTC,0.2870603639505525
1851,mMTC,0.2971921687124457
1852,mMTC,0.2875467017341502
1853,mMTC,0.2989044880559591
1854,mMTC,0.29490072329246525
1855,mMTC,0.291769989558843
1856,mMTC,0.2870588204252377
1857,mMTC,0.2919781719268322
1858,mMTC,0.2885679283544426
1859,mMTC,0.28885725288396097
1860,mMTC,0.290291248402403
1861,mMTC,0.2968321405208718
1862,mMTC,0.29236342447763114
1863,mMTC,0.29090144176608324
1864,mMTC,0.29113423677276623
1865,mMTC,0.2977721375765478
1866,mMTC,0.2918846674677734
1867,mMTC,0.29112805787084367
1868,mMTC,0.2977323935950754
1869,mMTC,0.2932745918956942
1870,mMTC,0.28832145015687805
1871,mMTC,0.29429770747912354
1872,mMTC,0.29135160442899166
1873,mMTC,0.2882934818974789
1874,mMTC,0.28887814051315697
1875,mMTC,0.2925998728454159
1876,mMTC,0.29087438871720106
1877,mMTC,0.2886590102051669
1878,mMTC,0.287398749103943
1879,mMTC,0.2913194095450151
1880,mMTC,0.2901795954387931
1881,mMTC,0.2895216355007415
1882,mMTC,0.29228127733841364
1883,mMTC,0.29292015932162696
1884,mMTC,0.288883644408446
1885,mMTC,0.2931393237569046
1886,mMTC,0.2895670515426771
1887,mMTC,0.28865554744397115
1888,mMTC,0.29754374450028676
1889,mMTC,0.29105262048281194
1890,mMTC,0.2885676467281079
1891,mMTC,0.28839481387673693
1892,mMTC,0.2934650786728356
1893,mMTC,0.29293760375936995
1894,mMTC,0.2978819912538166
1895,mMTC,0.29383604296837157
1896,mMTC,0.2834989333990807
1897,mMTC,0.28948922099352087
1898,mMTC,0.29325140173726805
1899,mMTC,0.29305623485581667
1900,mMTC,0.2985135543633912
1901,mMTC,0.2907161060698473
1902,mMTC,0.2891939930779945
1903,mMTC,0.3003554764750378
1904,mMTC,0.2904949356468381
1905,mMTC,0.2982801237111464
1906,mMTC,0.29517222078761973
1907,mMTC,0.2898672177138401
1908,mMTC,0.2856970525818828
1909,mMTC,0.2833737978869091
1910,mMTC,0.2844049403132474
1911,mMTC,0.291207023644609
1912,mMTC,0.29461012068420483
1913,mMTC,0.2917199371901331
1914,mMTC,0.2936994438858404
1915,mMTC,0.2923512998310409
1916,mMTC,0.29196412685342693
1917,mMTC,0.30346816874950056
1918,mMTC,0.292529819572866
1919,mMTC,0.2937164060404464
1920,mMTC,0.2964817051213977
1921,mMTC,0.29523027179494654
1922,mMTC,0.29669606064288523
1923,mMTC,0.2934606863413079
1924,mMTC,0.28840106531378856
1925,mMTC,0.299752109074205
1926,mMTC,0.2955256535143588
1927,mMTC,0.29208943188439107
1928,mMTC,0.29578614976668566
1929,mMTC,0.28751279929843043
1930,mMTC,0.2904102538743921
1931,mMTC,0.2900149254648927
1932,mMTC,0.2813510631715612
1933,mMTC,0.28871468368998454
1934,mMTC,0.29728767792628563
1935,mMTC,0.2958491812731845
1936,mMTC,0.28910159833699206
1937,mMTC,0.2977144861205926
1938,mMTC,0.2902382500447017
1939,mMTC,0.2933456751780437
1940,mMTC,0.2958212752362606
1941,mMTC,0.2902965263652818
1942,mMTC,0.29167685915362296
1943,mMTC,0.28378007767409047
1944,mMTC,0.2956098405828219
1945,mMTC,0.29826242282089843
1946,mMTC,0.29301187082735736
1947,mMTC,0.29027194558936165
1948,mMTC,0.29506053184077013
1949,mMTC,0.288431282846331
1950,mMTC,0.2890383788172657
1951,mMTC,0.2814121409433873
1952,mMTC,0.2886675300273781
1953,mMTC,0.2884334195336844
1954,mMTC,0.2829366803078899
1955,mMTC,0.28362427803178125
1956,mMTC,0.2959806584095833
1957,mMTC,0.2969673991710662
1958,mMTC,0.2956080460349003
1959,mMTC,0.29127855186804436
1960,mMTC,0.2921557498724015
1961,mMTC,0.29456572652124574
1962,mMTC,0.2931099889513868
1963,mMTC,0.29270229791120816
1964,mMTC,0.28836234879867306
1965,mMTC,0.29021480302373015
1966,mMTC,0.2917116962467899
1967,mMTC,0.28523599840874303
1968,mMTC,0.2943631834638909
1969,mMTC,0.30016052437049273
1970,mMTC,0.29043101111260866
1971,mMTC,0.2988103964673343
1972,mMTC,0.29491383827211887
1973,mMTC,0.29189232115861974
1974,mMTC,0.29038788166433854
1975,mMTC,0.2937109314247894
1976,mMTC,0.2932155969501804
1977,mMTC,0.28941309257843595
1978,mMTC,0.2966670398722848
1979,mMTC,0.28875322811297593
1980,mMTC,0.2886805650530769
1981,mMTC,0.29194960855450386
1982,mMTC,0.29206282765353286
1983,mMTC,0.28842627726484726
1984,mMTC,0.28517968626788737
1985,mMTC,0.2893604026188547
1986,mMTC,0.29807359052551274
1987,mMTC,0.29374340721083697
1988,mMTC,0.2980301677989824
1989,mMTC,0.29543009501960654
1990,mMTC,0.2900137700491562
1991,mMTC,0.28333538846086176
1992,mMTC,0.29260788241757363
1993,mMTC,0.2838411621044683
1994,mMTC,0.29205890069053725
1995,mMTC,0.29010344690075474
1996,mMTC,0.2916379623236455
1997,mMTC,0.3008850874499971
1998,mMTC,0.29728765560651915
1999,mMTC,0.2970182875756711
