client_id,slice_name,total_connected_time,total_unconnected_time,total_request_count,total_consume_time,total_usage,avg_served_bandwidth,total_completed_requests,completion_ratio,total_latency_ms,avg_completion_latency_ms,max_completion_latency_ms,completion_latency_violation_count,completion_latency_violation_ratio,total_first_service_latency_ms,avg_first_service_latency_ms,max_first_service_latency_ms,first_service_latency_violation_count,first_service_latency_violation_ratio
0,eMBB,492.25,7.75,20,1948,315187270.59417135,161800.44691692575,19,0.95,197.3446347004775,10.386559721077765,17.5845681805371,0,0.0,4.011138703592418,0.2005569351796209,0.2058212138664077,0,0.0
1,mMTC,314.5,185.5,629,629,50547230.0,80361.2559618442,629,1.0,173.0312816998086,0.2750894780601091,0.29646377038534416,0,0.0,95.04827340042047,0.15111013259208342,0.18169444444444444,0,0.0
2,eMBB,491.75,8.25,21,1945,332602032.5105572,171003.6156866618,20,0.9523809523809523,185.97305019097956,9.298652509548978,15.875691381860552,0,0.0,4.055348764183906,0.19311184591351932,0.2004734076754497,0,0.0
3,eMBB,492.5,7.5,22,1947,308533867.3983877,158466.2903946521,21,0.9545454545454546,195.77236330238463,9.322493490589745,17.08456442639845,0,0.0,4.374161144629621,0.1988255065740737,0.2076217006057171,0,0.0
4,mMTC,304.5,195.5,609,609,48503286.0,79644.14778325123,609,1.0,166.20206941848429,0.27290980200079523,0.2913154582833631,0,0.0,91.34641320685431,0.1499941103560826,0.1686882225338275,0,0.0
5,eMBB,492.75,7.25,18,1952,319315131.3577342,163583.57139228185,17,0.9444444444444444,190.47980665159264,11.204694508917214,17.68534940531643,0,0.0,3.508957178428264,0.1949420654682369,0.20604467967628343,0,0.0
6,mMTC,237.0,263.0,474,473,37690183.0,79683.2621564482,473,0.9978902953586498,130.3886232139637,0.27566305119231227,0.2935865065446379,0,0.0,73.38501224101613,0.15482070093041378,0.172025238742659,0,0.0
7,eMBB,491.25,8.75,20,1944,313761671.33800423,161400.03669650425,19,0.95,196.47133358817285,10.340596504640677,17.888833210892514,0,0.0,4.036602517327992,0.20183012586639962,0.20863627365686363,0,0.0
8,URLLC,179.0,321.0,716,716,99173211.0,138510.07122905029,716,1.0,41.20279232500063,0.05754579933659306,0.062092463092307704,0,0.0,0.7234468181544885,0.0010104005840146488,0.0015048227076923076,0,0.0
9,eMBB,490.5,9.5,19,1942,334290008.0190714,172136.9763228998,18,0.9473684210526315,191.65050397099492,10.647250220610829,16.67533941289813,0,0.0,3.6914031345343736,0.19428437550180913,0.19966288320034475,0,0.0
10,URLLC,145.25,354.75,581,581,81296062.0,139924.3752151463,581,1.0,33.306758261767214,0.057326606302525326,0.06174223397841826,0,0.0,0.5901594673825863,0.001015765004100837,0.0015519066707259555,0,0.0
11,eMBB,495.5,4.5,19,1962,313064189.37688184,159563.8070218562,18,0.9473684210526315,196.5000315160853,10.916668417560295,18.282213682163373,0,0.0,3.75082450393574,0.1974118159966179,0.20835066286964113,0,0.0
12,eMBB,495.0,5.0,19,1960,319720708.5437142,163122.81048148684,18,0.9473684210526315,187.0328512023657,10.390713955686984,17.878348149523152,0,0.0,3.683660631317882,0.1938768753325201,0.20244749605807708,0,0.0
13,mMTC,289.25,210.75,579,578,45405888.0,78556.89965397924,578,0.998272884283247,159.16791976092628,0.2753770238078309,0.2926035633466054,0,0.0,89.4112231022811,0.15442352867406062,0.17330696323051697,0,0.0
14,eMBB,495.0,5.0,17,1962,320667816.24566704,163439.25394784252,16,0.9411764705882353,195.06838143315125,12.191773839571953,17.88424263023182,0,0.0,3.379318591482616,0.19878344655780092,0.20621993610653394,0,0.0
15,URLLC,222.75,277.25,891,890,121941414.0,137012.82471910113,890,0.9988776655443322,51.231654013435055,0.057563656194870846,0.05866797490628639,0,0.0,0.9486084885971922,0.0010646559916915738,0.0011815885871934988,0,0.0
16,eMBB,487.75,12.25,22,1929,328295180.00000006,170189.3105235874,21,0.9545454545454546,196.51567845067004,9.357889450031907,15.877360543136348,0,0.0,4.020214307368386,0.18273701397129027,0.19961701372508944,0,0.0
17,mMTC,301.0,199.0,602,601,47337493.0,78764.54742096506,601,0.9983388704318937,162.8221106199619,0.27091865327780684,0.29109907166661,0,0.0,89.72613256960298,0.1490467318431943,0.17321524691546314,0,0.0
18,mMTC,324.5,175.5,649,649,51192876.0,78879.62403697996,649,1.0,177.1417581380465,0.27294569820962483,0.29085988980148103,0,0.0,97.46782671467058,0.15018155117822893,0.17314451719697604,0,0.0
19,eMBB,489.75,10.25,20,1938,314738593.1350975,162403.8148271917,19,0.95,194.94934657249783,10.260491924868306,17.883523560762736,0,0.0,4.013218215939862,0.20066091079699308,0.2046306532406403,0,0.0
20,mMTC,237.75,262.25,476,475,37274238.0,78472.08,475,0.9978991596638656,131.23030762225383,0.2762743318363239,0.2950917454435513,0,0.0,73.9288336028949,0.15531267563633383,0.17731465748683745,0,0.0
21,mMTC,305.5,194.5,611,611,49465019.0,80957.47790507365,611,1.0,165.4661485632383,0.2708120271084097,0.2864234822174787,0,0.0,90.83574216685392,0.14866733578863162,0.1720179056432974,0,0.0
22,eMBB,491.75,8.25,22,1944,325631316.76146656,167505.82137935524,21,0.9545454545454546,196.70135104584682,9.366731002183181,15.679644839533081,0,0.0,4.300936978656748,0.19549713539348854,0.20040674153836444,0,0.0
23,eMBB,486.5,13.5,22,1923,327456640.76198286,170284.26456681377,21,0.9545454545454546,186.78708420443655,8.89462305735412,16.276851717446668,0,0.0,4.289189973094158,0.194963180595189,0.1984904387635224,0,0.0
24,eMBB,493.25,6.75,21,1951,309566018.2601405,158670.434782235,20,0.9523809523809523,195.4678761085198,9.77339380542599,17.887554898129725,0,0.0,4.256297159048561,0.20268081709755054,0.20680845273594106,0,0.0
25,eMBB,490.75,9.25,18,1944,308865608.93459505,158881.4860774666,17,0.9444444444444444,186.33757680779053,10.96103392987003,17.581616188059797,0,0.0,3.5675478386166954,0.19819710214537198,0.20687773939707413,0,0.0
26,mMTC,275.0,225.0,550,549,44772135.0,81552.15846994535,549,0.9981818181818182,153.1682992194794,0.2789950805454998,0.29624479278244087,0,0.0,84.93486333160357,0.1544270242392792,0.17883606359133913,0,0.0
27,eMBB,490.5,9.5,22,1939,417502953.5313129,215318.6970249164,21,0.9545454545454546,196.18641341975777,9.342210162845609,13.173768291350292,0,0.0,4.286420562719064,0.194837298305412,0.1998888888888889,0,0.0
28,eMBB,493.75,6.25,20,1954,318107563.33800423,162798.1388628476,19,0.95,197.37066707911066,10.387929846268982,18.080099990257178,0,0.0,3.9372978928952516,0.1968648946447626,0.20887216567701417,0,0.0
29,eMBB,487.0,13.0,25,1922,321018221.7671514,167023.0082035127,24,0.96,191.4271080384165,7.9761295016006875,16.88040795623396,0,0.0,4.891977515430984,0.19567910061723937,0.2017122056695622,0,0.0
30,URLLC,189.75,310.25,759,758,105330872.0,138958.93403693932,758,0.9986824769433466,43.423815025897994,0.05728735491543271,0.06161784615384616,0,0.0,0.7964012358926446,0.0010492769906358954,0.0015859440223699828,0,0.0
31,eMBB,495.75,4.25,21,1961,312032470.4855617,159119.05685138283,20,0.9523809523809523,197.06348125634247,9.853174062817123,17.884294257023335,0,0.0,4.151917715325899,0.19771036739647138,0.2054804269563445,0,0.0
32,eMBB,493.75,6.25,19,1955,310911567.3328009,159034.04978659895,18,0.9473684210526315,194.4974770324235,10.805415390690193,18.484238360525037,0,0.0,3.8452017320170975,0.20237903852721564,0.2093313341733964,0,0.0
33,mMTC,281.0,219.0,562,562,45888084.0,81651.39501779359,562,1.0,156.76634709344313,0.278943678102212,0.29732021638546247,0,0.0,86.78657094463645,0.1544245034602072,0.1802713040328517,0,0.0
34,eMBB,485.25,14.75,27,1913,407253259.66096383,212887.22407786924,26,0.9629629629629629,189.63236973700356,7.293552682192445,13.674340645190604,0,0.0,5.23131516932856,0.19375241367883558,0.19726594043188272,0,0.0
35,eMBB,494.5,5.5,18,1959,320129333.33767915,163414.66734950442,17,0.9444444444444444,197.29711954968985,11.605712914687638,18.177370120402905,0,0.0,3.532445370396014,0.19624696502200079,0.20523737857733243,0,0.0
36,eMBB,491.25,8.75,22,1942,326373723.18688357,168060.61956070215,21,0.9545454545454546,191.2330286664961,9.106334698404575,16.477038837678254,0,0.0,4.237697015493853,0.19262259161335696,0.1993141134947109,0,0.0
37,mMTC,232.5,267.5,465,465,37379863.0,80386.80215053764,465,1.0,131.32746304739717,0.2824246517148326,0.30301492091794835,0,0.0,72.55949038399044,0.1560419148042805,0.18334815000579063,0,0.0
38,eMBB,492.0,8.0,18,1949,312124300.036429,160145.86969544843,17,0.9444444444444444,190.71953201639593,11.218796000964467,18.188368988701054,0,0.0,3.649462131124059,0.20274789617355882,0.207978188879059,0,0.0
39,URLLC,194.5,305.5,778,777,110755703.0,142542.7323037323,777,0.9987146529562982,44.4146338235973,0.05716169089266061,0.061120957874725275,0,0.0,0.8074928609482046,0.001037908561630083,0.0015864259516483522,0,0.0
40,eMBB,495.75,4.25,20,1962,318992491.34524405,162585.36765812643,19,0.95,195.6305381653772,10.296344113967221,17.48253364039885,0,0.0,3.9018047340115842,0.1950902367005792,0.20532506796182542,0,0.0
41,eMBB,492.75,7.25,26,1943,412651768.3983888,212378.67647884137,25,0.9615384615384616,196.20223058473354,7.848089223389342,13.576187689162163,0,0.0,4.998687571598816,0.19225721429226214,0.20097500713302197,0,0.0
42,eMBB,492.0,8.0,20,1947,315230028.25378656,161905.5101457558,19,0.95,195.65721214397695,10.297748007577734,17.58407734081703,0,0.0,3.930125563648867,0.19650627818244334,0.20412131909327574,0,0.0
43,eMBB,490.0,10.0,21,1938,326069858.10408825,168250.70077610333,20,0.9523809523809523,189.3152726591037,9.465763632955184,17.37740923270009,0,0.0,4.101856333392163,0.1953264920662935,0.20210939224661062,0,0.0
44,URLLC,187.5,312.5,750,749,108137341.0,144375.62216288384,749,0.9986666666666667,42.91994767446658,0.05730300090048942,0.06172857144615385,0,0.0,0.8319891862458032,0.0011093189149944042,0.0017384814461538461,0,0.0
45,mMTC,248.25,251.75,497,496,41110803.0,82884.68346774194,496,0.9979879275653923,134.38579913117675,0.27093911115156605,0.2924436801973258,0,0.0,73.82584553228597,0.14854294875711463,0.17494924656213706,0,0.0
46,mMTC,246.25,253.75,493,492,39930028.0,81158.59349593495,492,0.9979716024340771,134.55205318261653,0.273479782891497,0.29246193514232127,0,0.0,74.25125807811004,0.15061107115235303,0.16773888607932524,0,0.0
47,mMTC,305.5,194.5,611,611,49585770.0,81155.10638297872,611,1.0,170.41937646542252,0.2789187830857979,0.3017734124847593,0,0.0,94.29649330469574,0.1543314129373089,0.17762910168596496,0,0.0
48,eMBB,491.25,8.75,23,1941,416961001.66892,214817.6206434415,22,0.9565217391304348,194.34340606452568,8.833791184751167,13.575663241427609,0,0.0,4.466336742509692,0.19418855402216054,0.19812983885547258,0,0.0
49,eMBB,495.0,5.0,19,1960,318266141.9444621,162380.6846655419,18,0.9473684210526315,197.4690917520253,10.970505097334739,17.08329037921912,0,0.0,3.7282623260510177,0.19622433295005356,0.205928839577807,0,0.0
50,mMTC,265.0,235.0,530,529,41383104.0,78228.93005671077,529,0.9981132075471698,145.97146151441237,0.2759384905754487,0.29796636944071564,0,0.0,80.74116573437972,0.1523418221403391,0.16955705609191266,0,0.0
51,eMBB,491.5,8.5,23,1942,332718923.63818806,171327.97303717202,22,0.9565217391304348,193.2872752225658,8.785785237389355,17.074549611319924,0,0.0,4.417606627320444,0.1920698533617584,0.2026494936228591,0,0.0
52,eMBB,494.0,6.0,21,1954,310984271.12588143,159152.64643085026,20,0.9523809523809523,197.7235874670256,9.886179373351279,17.882774246523944,0,0.0,4.216710718123443,0.20079574848206874,0.20646669788211663,0,0.0
53,eMBB,491.0,9.0,20,1943,308366562.61225665,158706.41410821237,19,0.95,197.47887049319164,10.39362476279956,17.786320314441102,0,0.0,4.057017749654428,0.20285088748272143,0.20797839977452434,0,0.0
54,eMBB,486.75,13.25,22,1924,311088457.3490753,161688.3873955693,21,0.9545454545454546,194.6893225522208,9.270920121534324,17.880441622235228,0,0.0,4.400063250636265,0.20000287502892114,0.20540439593704574,0,0.0
55,eMBB,490.75,9.25,25,1937,414789112.7209644,214139.96526637292,24,0.96,186.9905415825605,7.79127256594002,13.580697862649085,0,0.0,4.854944771988915,0.1941977908795566,0.1995463098729473,0,0.0
56,mMTC,243.0,257.0,486,486,38803906.0,79843.42798353909,486,1.0,131.83434270020066,0.2712640796300425,0.2922393179329991,0,0.0,72.59907788435706,0.14938081869209272,0.16551688671218123,0,0.0
57,eMBB,489.5,10.5,20,1937,327753529.6046964,169206.7783194096,19,0.95,191.79214133803134,10.094323228317439,16.87690436621391,0,0.0,3.964502435232464,0.19822512176162319,0.20299698633359065,0,0.0
58,eMBB,493.0,7.0,21,1950,334336885.5040693,171454.8130790099,20,0.9523809523809523,188.73226637960673,9.436613318980337,17.07565861318965,0,0.0,4.0171694118155425,0.19129378151502582,0.1994690450938169,0,0.0
59,eMBB,492.0,8.0,20,1947,308798395.49491084,158602.1548510071,19,0.95,192.74582338640303,10.144517020337002,17.58264493124239,0,0.0,4.015885544587217,0.20079427722936086,0.20784482773092045,0,0.0
60,eMBB,492.25,7.75,21,1947,307845457.2873361,158112.71560726047,20,0.9523809523809523,194.4618112717772,9.72309056358886,18.286813835542237,0,0.0,4.259530016270001,0.20283476267952386,0.20926999956860393,0,0.0
61,mMTC,271.0,229.0,542,541,43148794.0,79757.47504621072,541,0.9981549815498155,151.20100488057608,0.2794842973762959,0.2989761264719438,0,0.0,84.21981328192018,0.1553871093762365,0.18189550991295908,0,0.0
62,eMBB,495.5,4.5,28,1953,417538213.6120356,213793.248137243,27,0.9642857142857143,195.02591387780225,7.223181995474158,13.77741807018476,0,0.0,5.350304214810697,0.1910822933860963,0.19992517706857094,0,0.0
63,mMTC,302.5,197.5,605,604,46797688.0,77479.61589403973,604,0.9983471074380166,163.94325567661642,0.2714292312526762,0.29291654433246145,0,0.0,90.43199443368846,0.1494743709647743,0.17385519359045812,0,0.0
64,eMBB,487.75,12.25,20,1930,325904931.2688086,168862.65868850186,19,0.95,189.28161402457616,9.962190211819797,17.07664873792952,0,0.0,3.8529375798275862,0.1926468789913793,0.2000143880398927,0,0.0
65,eMBB,205.5,294.5,10,803,136399533.4162711,169862.4326479092,9,0.9,76.60167977528481,8.511297752809423,15.274315123724104,0,0.0,1.8760037642156646,0.18760037642156646,0.20024970614471288,0,0.0
66,eMBB,491.5,8.5,22,1943,307625672.2601402,158325.10152348955,21,0.9545454545454546,194.76464308341116,9.274506813495769,16.78418643699746,0,0.0,4.377862069214766,0.198993730418853,0.20895318186234296,0,0.0
67,eMBB,495.25,4.75,17,1963,312932787.2344183,159415.58188202663,16,0.9411764705882353,193.4742550537846,12.092140940861537,17.188524254374947,0,0.0,3.385330042903048,0.1991370613472381,0.20929271547576758,0,0.0
68,eMBB,483.25,16.75,20,1912,311301741.0620964,162814.7181287115,19,0.95,189.1819810380754,9.95694637042502,18.077281388208704,0,0.0,3.954125601894338,0.19770628009471689,0.20665209147903818,0,0.0
69,eMBB,487.5,12.5,25,1924,411818308.0685217,214042.7796613938,24,0.96,191.9999805626491,7.99999919011038,13.576983798856553,0,0.0,4.86095401643022,0.19443816065720881,0.19930278251285166,0,0.0
70,URLLC,177.25,322.75,709,709,99661826.0,140566.75035260932,709,1.0,40.748659129844526,0.057473426135182686,0.05860553403905084,0,0.0,0.7646224073829564,0.0010784519145034645,0.0010993175828889305,0,0.0
71,mMTC,256.75,243.25,514,513,41282594.0,80472.89278752437,513,0.9980544747081712,141.418003959494,0.27566862370271733,0.29503043745267277,0,0.0,78.08993320948657,0.15192594009627738,0.16980277212694,0,0.0
72,eMBB,493.25,6.75,18,1954,336696730.98170984,172311.53069688324,17,0.9444444444444444,190.5936990092415,11.211394059367148,17.073976537133305,0,0.0,3.527918795601976,0.1959954886445542,0.20167385155093187,0,0.0
73,eMBB,491.5,8.5,21,1944,308642109.44048846,158766.51720189737,20,0.9523809523809523,196.93818863339996,9.846909431669998,18.283306167987327,0,0.0,4.238412479334811,0.20182916568261006,0.20561967022248442,0,0.0
74,mMTC,260.0,240.0,520,520,40246211.0,77396.55961538461,520,1.0,142.43113837389268,0.273906035334409,0.29309614065267287,0,0.0,78.82278791988772,0.15158228446132252,0.16947654090232503,0,0.0
75,eMBB,494.5,5.5,19,1958,319110529.35733706,162977.79844603527,18,0.9473684210526315,187.92930408162061,10.440516893423368,17.680098464446644,0,0.0,3.783147282858471,0.19911301488728794,0.20346250082565626,0,0.0
76,eMBB,489.5,10.5,26,1931,413335626.4889343,214052.62894300066,25,0.9615384615384616,190.1886630371373,7.607546521485492,13.775054545060827,0,0.0,5.07632137957807,0.19524312998377194,0.20053121013884365,0,0.0
77,eMBB,495.5,4.5,21,1960,315829075.7241363,161137.2835327226,20,0.9523809523809523,198.84726976252998,9.9423634881265,16.38348610742753,0,0.0,4.242629932743711,0.20202999679731956,0.2093208310158794,0,0.0
78,eMBB,493.25,6.75,17,1955,331747637.5936068,169691.88623713906,16,0.9411764705882353,187.495476246331,11.718467265395688,17.37532651618607,0,0.0,3.306621301568679,0.1945071353863929,0.2005479119235674,0,0.0
79,eMBB,483.0,17.0,22,1909,326490213.4603263,171026.82737576024,21,0.9545454545454546,193.7080650515791,9.224193573884719,16.576743781245664,0,0.0,4.2217277315425505,0.19189671507011594,0.20008717776424545,0,0.0
80,eMBB,495.75,4.25,20,1962,312690007.74091065,159373.09263043356,19,0.95,193.28333217534228,10.172806956596963,17.883783959735997,0,0.0,3.961830976011633,0.19809154880058163,0.20762348205981412,0,0.0
81,mMTC,262.5,237.5,525,525,42254992.0,80485.69904761904,525,1.0,143.87143234947922,0.27404082352281756,0.29308440934887403,0,0.0,79.86954750238374,0.15213247143311187,0.17519829326778086,0,0.0
82,eMBB,494.5,5.5,20,1957,317565770.7231675,162271.727502896,19,0.95,187.73611750589941,9.88084828978418,15.881737672744613,0,0.0,3.91451046037349,0.1957255230186745,0.20410498490618906,0,0.0
83,eMBB,482.75,17.25,31,1899,402964511.735499,212198.2684231169,30,0.967741935483871,194.9172672069731,6.497242240232437,13.67743549493475,0,0.0,6.007567694699591,0.19379250628063197,0.19905071190523915,0,0.0
84,mMTC,305.0,195.0,610,609,47245530.0,77578.8669950739,609,0.9983606557377049,165.46684100889965,0.27170253039228187,0.29382596897557495,0,0.0,91.61565265370184,0.1501895945142653,0.16817328970132145,0,0.0
85,eMBB,488.5,11.5,21,1932,326623770.2572134,169059.9224933817,20,0.9523809523809523,193.5612615369136,9.67806307684568,17.37570281293346,0,0.0,4.152239622315138,0.19772569630072084,0.20169231974193796,0,0.0
86,eMBB,492.75,7.25,20,1950,333561869.74865603,171057.36910187488,19,0.95,188.12736082821485,9.901440043590256,16.76573348325798,0,0.0,3.8987470839185554,0.19493735419592778,0.19922069705785772,0,0.0
87,eMBB,494.0,6.0,18,1957,314308516.1060726,160607.31533268912,17,0.9444444444444444,184.21622197985414,10.836248351756126,17.985727975479524,0,0.0,3.556179362830017,0.19756552015722317,0.20739416503616404,0,0.0
88,eMBB,491.25,8.75,19,1945,309980373.2491853,159372.9425445683,18,0.9473684210526315,197.00414686227268,10.944674825681815,18.185804951355596,0,0.0,3.766099785850061,0.1982157782026348,0.20866379745564795,0,0.0
89,eMBB,488.75,11.25,19,1935,315807089.304989,163207.7980904336,18,0.9473684210526315,183.943722043414,10.219095669078555,17.583277110835343,0,0.0,3.796936035515764,0.19983873871135602,0.2064302187000931,0,0.0
90,URLLC,180.75,319.25,723,723,101008658.0,139707.68741355464,723,1.0,41.422769040338665,0.05729290323698294,0.058203681855894016,0,0.0,0.794892722838683,0.001099436684424181,0.0011175567614859752,0,0.0
91,eMBB,488.0,12.0,20,1931,313169658.7794825,162180.04079724624,19,0.95,193.1611305338059,10.166375291252942,17.880582887211077,0,0.0,4.0390876553413335,0.20195438276706668,0.2053568869084166,0,0.0
92,URLLC,194.5,305.5,778,778,111680398.0,143548.06940874035,778,1.0,44.896898379256406,0.05770809560315734,0.062202967764889275,0,0.0,0.9502331409487366,0.001221379358545934,0.0018852881495046588,0,0.0
93,mMTC,251.5,248.5,503,503,38785283.0,77107.9184890656,503,1.0,142.46984925330915,0.2832402569648293,0.3022447970625861,0,0.0,79.29849225054346,0.15765107803288958,0.17970083483277693,0,0.0
94,eMBB,485.5,14.5,19,1922,306553656.09779584,159497.2196138376,18,0.9473684210526315,189.59569153628973,10.53309397423832,18.279181479924734,0,0.0,3.7539531033339952,0.19757647912284185,0.20796704581802888,0,0.0
95,eMBB,490.5,9.5,19,1942,306861485.93401355,158013.1235499555,18,0.9473684210526315,190.60497930307702,10.589165516837612,16.584563284835202,0,0.0,3.8609932744840316,0.20321017234126482,0.2067353418161289,0,0.0
96,eMBB,492.25,7.75,20,1948,315748680.54371446,162088.64504297456,19,0.95,186.13383259835953,9.796517505176817,16.68215161602549,0,0.0,4.0161469848031475,0.20080734924015736,0.20513748319343048,0,0.0
97,eMBB,486.5,13.5,25,1920,409183406.3116581,213116.35745398857,24,0.96,188.95775695668812,7.873239873195338,12.975897271034656,0,0.0,4.830018548832257,0.1932007419532903,0.19914665059423667,0,0.0
98,eMBB,491.5,8.5,21,1944,313176568.9986356,161099.05812687016,20,0.9523809523809523,195.95262307011194,9.797631153505597,17.181055346289124,0,0.0,4.147580730337869,0.1975038443018033,0.20954033010929132,0,0.0
99,URLLC,178.0,322.0,712,711,101102530.0,142197.6511954993,711,0.9985955056179775,41.03711341126314,0.05771745908757123,0.062229050878519016,0,0.0,0.911747404986987,0.0012805441081277908,0.001837266647749781,0,0.0
100,mMTC,266.75,233.25,534,533,42061958.0,78915.49343339587,533,0.99812734082397,150.8876233650431,0.2830912258255968,0.30738022758239725,0,0.0,83.88230237148913,0.15708296324248902,0.1857129722511753,0,0.0
101,mMTC,249.0,251.0,498,498,41374579.0,83081.48393574297,498,1.0,135.2304979999403,0.27154718473883593,0.29246542747535687,0,0.0,74.75467450232065,0.15010978815727039,0.17246584500808293,0,0.0
102,eMBB,489.0,11.0,17,1938,308472834.1387017,159170.70904989768,16,0.9411764705882353,185.22672683973394,11.576670427483371,17.08392124906605,0,0.0,3.4465057076742007,0.20273562986318827,0.20724379012814287,0,0.0
103,mMTC,272.25,227.75,545,544,44138262.0,81136.51102941176,544,0.998165137614679,152.54054856636506,0.2804054201587593,0.30331991675986353,0,0.0,85.19921855022493,0.1563288413765595,0.17423339872859386,0,0.0
104,eMBB,492.0,8.0,27,1940,415157714.8790215,213998.82210258843,26,0.9629629629629629,196.67666134667022,7.564486974871931,13.378327766479313,0,0.0,5.182551129873086,0.1919463381434476,0.1986623002247141,0,0.0
105,eMBB,492.0,8.0,19,1948,315404613.7785698,161912.01939351633,18,0.9473684210526315,197.68061230250362,10.98225623902798,16.98491943822339,0,0.0,3.7386508299529333,0.19677109631331227,0.20524766702234803,0,0.0
106,eMBB,491.75,8.25,22,1944,328851916.147613,169162.50830638528,21,0.9545454545454546,193.64765825798654,9.22131705990412,16.480122042720186,0,0.0,4.261550688217235,0.19370684946441977,0.2013750092797956,0,0.0
107,mMTC,264.0,236.0,528,528,41960526.0,79470.69318181818,528,1.0,149.6783511566839,0.2834817256755377,0.3025068220376157,0,0.0,83.45875264743657,0.1580658194080238,0.18122135070798717,0,0.0
108,eMBB,490.5,9.5,19,1942,309652754.1983094,159450.4398549482,18,0.9473684210526315,194.6024797206014,10.811248873366743,15.884864202857134,0,0.0,3.8629537693299123,0.2033133562805217,0.20738484547516042,0,0.0
109,URLLC,150.75,349.25,603,603,87620649.0,145307.87562189053,603,1.0,34.52067193508594,0.05724821216432163,0.058260281320728156,0,0.0,0.6963934347782241,0.0011548813180401727,0.00127787665429392,0,0.0
110,eMBB,493.75,6.25,16,1958,320790336.46443516,163835.71831687188,15,0.9375,190.91282948407374,12.727521965604916,17.578641936673435,0,0.0,3.211979189804018,0.20074869936275114,0.20549989318666065,0,0.0
111,mMTC,244.0,256.0,488,488,39336147.0,80606.85860655738,488,1.0,135.41372733151297,0.2774871461711331,0.29708096639505555,0,0.0,76.60820939529107,0.15698403564608826,0.1828504342850943,0,0.0
112,eMBB,492.25,7.75,21,1947,313907989.2807112,161226.49680570682,20,0.9523809523809523,195.72194100784225,9.786097050392112,18.067316888787726,0,0.0,4.225304917853908,0.20120499608828132,0.20550156005903972,0,0.0
113,eMBB,493.5,6.5,22,1950,323390961.2621533,165841.51859597606,21,0.9545454545454546,198.64200344399455,9.459143021142598,17.075154289216112,0,0.0,4.2795830484100845,0.1945265022004584,0.20545792204808594,0,0.0
114,eMBB,489.5,10.5,17,1938,335815298.99999964,173279.3080495354,17,1.0,198.62190741494067,11.68364161264357,18.66390621899847,0,0.0,3.2701274467142616,0.19236043804201539,0.19727393884822852,0,0.0
115,eMBB,489.25,10.75,20,1936,308895054.48556125,159553.23062270725,19,0.95,194.43917062793204,10.233640559364844,16.883334880299017,0,0.0,4.027142658492473,0.20135713292462368,0.20946004264857276,0,0.0
116,URLLC,193.5,306.5,774,774,107431743.0,138800.7015503876,774,1.0,44.32696282510352,0.057269977810211266,0.06057965388900598,0,0.0,0.9356053116420061,0.0012087923923023334,0.0018209958120828894,0,0.0
117,eMBB,492.75,7.25,19,1951,319164004.609943,163589.95623267195,18,0.9473684210526315,194.6936279111486,10.816312661730478,17.378156292973873,0,0.0,3.7565639894617204,0.19771389418219582,0.20536220286663948,0,0.0
118,eMBB,486.5,13.5,27,1918,409268629.5313134,213383.0185251895,26,0.9629629629629629,194.86689942596948,7.494880747152672,13.774294879453729,0,0.0,5.184252645103555,0.1920093572260576,0.1989613493029354,0,0.0
119,eMBB,495.25,4.75,20,1960,315836182.54473996,161140.90946160202,19,0.95,184.3512909625366,9.702699524344032,14.78271207275946,0,0.0,3.9351396194513986,0.19675698097256994,0.20335345951655487,0,0.0
120,eMBB,493.25,6.75,23,1949,328568843.2522003,168583.29566557225,22,0.9565217391304348,189.3050109669373,8.604773225769877,17.075831555345296,0,0.0,4.441698382584793,0.1931173209819475,0.20043335180727628,0,0.0
121,eMBB,493.25,6.75,23,1949,331339464.08556694,170004.85586740222,22,0.9565217391304348,191.37301997142802,8.69877363506491,15.075154060403692,0,0.0,4.408809843800769,0.1916873845130769,0.19996037738785286,0,0.0
122,eMBB,494.0,6.0,18,1957,313202236.79090214,160042.02186556061,17,0.9444444444444444,190.40689702831327,11.200405707547839,17.782229881713363,0,0.0,3.6537526236824074,0.20298625687124486,0.2068027611123766,0,0.0
123,mMTC,304.0,196.0,608,608,51103870.0,84052.4177631579,608,1.0,166.69592261236394,0.2741709253492828,0.2906672398376866,0,0.0,92.54470476227533,0.15221168546426864,0.1701481233862466,0,0.0
124,eMBB,487.25,12.75,23,1925,310667518.2838868,161385.72378383728,22,0.9565217391304348,185.91464494679073,8.45066567939958,16.279768708475984,0,0.0,4.559541711960738,0.19824094399829295,0.20624522821605323,0,0.0
125,eMBB,490.5,9.5,24,1937,415809359.28597575,214666.68006503652,23,0.9583333333333334,190.6150219645876,8.287609650634243,13.372814936764843,0,0.0,4.573631822174334,0.19056799259059723,0.19753548794974396,0,0.0
126,eMBB,488.75,11.25,20,1935,313095880.0,161806.65633074936,20,1.0,197.09145912238296,9.854572956119148,17.981835928936636,0,0.0,3.9941209620383713,0.19970604810191855,0.20928892476503133,0,0.0
127,eMBB,488.75,11.25,20,1934,325929200.62248844,168525.95688856693,19,0.95,189.8765216249768,9.993501138156674,17.07716402061088,0,0.0,3.9518096403855405,0.19759048201927704,0.20368741470255936,0,0.0
128,eMBB,496.25,3.75,19,1965,338151236.27481866,172087.14314240136,18,0.9473684210526315,189.0076226552047,10.500423480844706,16.374600188404425,0,0.0,3.670382251802882,0.19317801325278328,0.19840735626530476,0,0.0
129,eMBB,490.5,9.5,20,1941,309069164.6026475,159231.92406112698,19,0.95,190.78955217795587,10.041555377787152,16.382588038799128,0,0.0,3.9735197639179907,0.19867598819589954,0.20691772910417872,0,0.0
130,eMBB,493.5,6.5,17,1956,311997036.2344181,159507.68723641007,16,0.9411764705882353,192.72765710068566,12.045478568792854,18.283720443666468,0,0.0,3.349702633715231,0.1970413313950136,0.2056972997456391,0,0.0
131,eMBB,492.25,7.75,22,1946,315716958.5013656,162238.93037069147,21,0.9545454545454546,197.17414885178795,9.389245183418474,17.982325252877136,0,0.0,4.394533775450229,0.1997515352477377,0.2042703007288785,0,0.0
132,mMTC,278.0,222.0,556,556,44143552.0,79394.87769784173,556,1.0,154.14529824896215,0.2772397450520902,0.2953809217517543,0,0.0,87.33509791135828,0.15707751422906166,0.17739290986666,0,0.0
133,eMBB,494.0,6.0,17,1958,318143203.75948155,162483.7608577536,16,0.9411764705882353,184.80670786130182,11.550419241331364,18.079849822916387,0,0.0,3.4347188259254655,0.20204228387796855,0.205798578261333,0,0.0
134,eMBB,491.0,9.0,15,1948,332699545.2957741,170790.32099372387,14,0.9333333333333333,182.76606210132857,13.05471872152347,17.378475877432276,0,0.0,2.9440753042366907,0.1962716869491127,0.19976232890013423,0,0.0
135,mMTC,232.5,267.5,465,465,37269795.0,80150.09677419355,465,1.0,132.10582306263754,0.2840985442207259,0.305137181513005,0,0.0,73.80984056816295,0.15873083993153322,0.17866137429149834,0,0.0
136,eMBB,486.5,13.5,18,1927,307775799.8979132,159717.59205911428,17,0.9444444444444444,180.82762816595087,10.636919303879463,17.68210493693763,0,0.0,3.6732002785596736,0.20406668214220408,0.2086144294362498,0,0.0
137,eMBB,490.25,9.75,19,1941,307675853.47934324,158514.09246746174,18,0.9473684210526315,181.90507575805827,10.10583754211435,17.481949204439257,0,0.0,3.7693160889217214,0.19838505731166955,0.20872676903646906,0,0.0
138,mMTC,297.25,202.75,594,595,48619368.0,81713.22352941177,594,1.0,166.68506798076012,0.2806145925602022,0.3738366981045813,0,0.0,93.10436933327239,0.1567413625139266,0.17734891375214434,0,0.0
139,eMBB,491.25,8.75,26,1938,414061941.04278857,213654.25234406014,25,0.9615384615384616,188.88707631580832,7.555483052632333,13.578507788139929,0,0.0,4.987497577852557,0.19182682991740604,0.19833540311575376,0,0.0
140,mMTC,302.25,197.75,605,604,48119051.0,79667.30298013244,604,0.9983471074380166,164.60601266077765,0.2725265110277776,0.2908169035194939,0,0.0,91.39991453609693,0.15107423890263955,0.17606092772289741,0,0.0
141,eMBB,493.5,6.5,20,1954,330445080.9999999,169112.11924257927,20,1.0,198.8876934729095,9.944384673645475,17.28183938219931,0,0.0,3.8839353865976145,0.19419676932988073,0.2054863839005514,0,0.0
142,mMTC,250.5,249.5,501,501,38555327.0,76956.74051896208,501,1.0,142.14063038322314,0.2837138331002458,0.30586668903750025,0,0.0,79.67205808424742,0.15902606404041403,0.18002497608810264,0,0.0
143,eMBB,490.75,9.25,18,1944,311544272.6106586,160259.39949107953,17,0.9444444444444444,186.46636681135942,10.968609812432907,17.479615695378325,0,0.0,3.6161226962732385,0.20089570534851325,0.20946188293517284,0,0.0
144,eMBB,491.75,8.25,19,1947,308058424.0997562,158222.09763726563,18,0.9473684210526315,189.07222070806247,10.504012261559026,17.383186075641735,0,0.0,3.8418441550981783,0.2022023239525357,0.20553755022200698,0,0.0
145,eMBB,490.75,9.25,18,1944,317854372.1932279,163505.33549034357,17,0.9444444444444444,197.34541871268337,11.60855404192255,17.979743091838504,0,0.0,3.591883465657235,0.19954908142540195,0.20272052511170885,0,0.0
146,eMBB,494.0,6.0,28,1947,416743674.4379882,214044.00330661953,27,0.9642857142857143,196.93309301187645,7.293818259699128,13.27619396745782,0,0.0,5.372224078969274,0.19186514567747406,0.20008135322780063,0,0.0
147,eMBB,491.5,8.5,24,1941,310660270.9892217,160051.65944833678,23,0.9583333333333334,186.48337349982222,8.107972760861836,17.181591322541692,0,0.0,4.852297212533916,0.2021790505222465,0.21035847251395395,0,0.0
148,eMBB,490.0,10.0,18,1941,329713182.3631959,169867.687976917,17,0.9444444444444444,185.00167497945313,10.882451469379596,16.976436208119186,0,0.0,3.539627109968254,0.1966459505537919,0.20044061400983743,0,0.0
149,eMBB,494.0,6.0,23,1952,335214345.56224567,171728.66063639635,22,0.9565217391304348,197.2087623396826,8.964034651803756,17.176289633316447,0,0.0,4.448477910273544,0.19341208305537147,0.19930334908464803,0,0.0
150,mMTC,303.5,196.5,607,607,47325782.0,77966.69192751235,607,1.0,165.27284654508824,0.2722781656426495,0.29269434729236704,0,0.0,91.62274526501079,0.15094356715817264,0.17179348708308811,0,0.0
151,eMBB,489.25,10.75,21,1935,306777817.36814576,158541.50768379626,20,0.9523809523809523,184.9560638289416,9.24780319144708,17.98484081214959,0,0.0,4.263926130778984,0.2030441014656659,0.20563676536656697,0,0.0
152,eMBB,493.25,6.75,21,1951,315372819.31798446,161646.7551604226,20,0.9523809523809523,191.35778466796964,9.567889233398482,16.581821112766306,0,0.0,4.164049540072998,0.19828807333680945,0.20623012461382678,0,0.0
153,mMTC,252.0,248.0,504,503,40323230.0,80165.46719681908,503,0.998015873015873,140.00027259739267,0.2783305618238423,0.29679200253015525,0,0.0,79.7309208913621,0.15819627160984545,0.17779550793336635,0,0.0
154,URLLC,157.75,342.25,631,631,89065237.0,141149.34548335974,631,1.0,36.35109930100898,0.057608715215545135,0.05874092607954946,0,0.0,0.7743701871628486,0.0012272110731582386,0.0013549510970401947,0,0.0
155,eMBB,491.5,8.5,22,1943,327005069.35203147,168299.05782399973,21,0.9545454545454546,188.33980724881306,8.96856224994348,16.979547613068178,0,0.0,4.262772707506556,0.19376239579575252,0.20314101570010024,0,0.0
156,URLLC,182.0,318.0,728,727,100905462.0,138797.0591471802,727,0.9986263736263736,41.75852875234056,0.057439516853288256,0.05845783663265311,0,0.0,0.9250610500293615,0.001270688255534837,0.0014928716196214407,0,0.0
157,URLLC,200.5,299.5,802,802,109166880.0,136118.3042394015,802,1.0,46.104515247947454,0.05748692674307663,0.06094595,0,0.0,0.9801527810243472,0.0012221356371874654,0.0015,0,0.0
158,eMBB,491.5,8.5,18,1948,310395503.99999994,159340.6078028747,17,0.9444444444444444,197.81013681185834,11.63589040069755,17.8856680163866,0,0.0,3.35227361277033,0.186237422931685,0.20692764486983814,0,0.0
159,eMBB,491.0,9.0,20,1943,315747182.11634415,162504.98307583333,19,0.95,183.83716064865675,9.675640034139828,16.982395886533645,0,0.0,3.9230141769865794,0.19615070884932898,0.20443290103493794,0,0.0
160,eMBB,487.5,12.5,24,1925,412402560.0685219,214235.0961394919,23,0.9583333333333334,191.89061708943248,8.343070308236195,13.173791830636874,0,0.0,4.651670399541585,0.19381959998089937,0.2008719302495936,0,0.0
161,eMBB,493.0,7.0,20,1951,314501990.7555198,161200.40530780103,19,0.95,192.14078440608392,10.112672863478101,17.48681300846024,0,0.0,4.0259895091005395,0.20129947545502697,0.20729050414322087,0,0.0
162,eMBB,486.5,13.5,18,1927,327504871.1451505,169955.82311632094,17,0.9444444444444444,193.2727545573904,11.368985562199436,17.234663162889163,0,0.0,3.51469523911973,0.19526084661776277,0.20089670333825954,0,0.0
163,eMBB,492.5,7.5,20,1949,334871372.59394115,171817.02031500314,19,0.95,192.01893072749522,10.106259511973432,16.68068418589402,0,0.0,3.89941124456865,0.1949705622284325,0.20000425252895987,0,0.0
164,eMBB,488.25,11.75,20,1932,305860713.4814902,158312.99869642348,19,0.95,194.70538584051397,10.24765188634284,17.989033541530723,0,0.0,4.090631659150864,0.2045315829575432,0.2091357630745717,0,0.0
165,eMBB,491.75,8.25,18,1948,309508193.9621952,158885.10983685587,17,0.9444444444444444,195.79862234174252,11.517566020102501,18.081702823372133,0,0.0,3.6469655423898493,0.20260919679943606,0.20699713294339164,0,0.0
166,mMTC,272.0,228.0,544,544,43324923.0,79641.40257352941,544,1.0,152.77718358805726,0.2808404110074582,0.3009375465182435,0,0.0,85.85259712604508,0.15781727412875934,0.17768545838652905,0,0.0
167,eMBB,491.25,8.75,24,1940,415437959.7018067,214143.2781968076,23,0.9583333333333334,195.21627512807171,8.487664136003119,13.674617314407826,0,0.0,4.679479591006138,0.19497831629192242,0.1981168632810672,0,0.0
168,mMTC,262.0,238.0,524,523,42914761.0,82054.99235181644,523,0.9980916030534351,142.99491166556908,0.27341283301256036,0.2948061437313753,0,0.0,79.8734357568853,0.15243022091008646,0.17769957981584344,0,0.0
169,eMBB,489.75,10.25,21,1937,325426157.21868426,168005.24378868574,20,0.9523809523809523,194.17444429290188,9.708722214645094,16.779588872279213,0,0.0,4.17618110143821,0.19886576673515288,0.2043709102356068,0,0.0
170,eMBB,490.75,9.25,20,1942,334092432.41526467,172035.23811290663,19,0.95,195.3506667729103,10.28161404067949,16.785270673469967,0,0.0,3.8321650901765563,0.19160825450882782,0.19980595677083296,0,0.0
171,eMBB,492.75,7.25,19,1951,312123078.4855615,159981.0755948547,18,0.9473684210526315,195.75288667727094,10.875160370959497,18.283008364692098,0,0.0,3.823172831041409,0.20121962268638996,0.2067855150578632,0,0.0
172,mMTC,292.75,207.25,586,585,46785527.0,79975.25982905983,585,0.9982935153583617,161.04775318165676,0.2752953045840286,0.29502182949684125,0,0.0,89.85413364584336,0.15333469905434022,0.17644959805128207,0,0.0
173,eMBB,492.0,8.0,20,1947,315960397.9050673,162280.63580126726,19,0.95,188.2333255528109,9.907017134358469,17.882498291126115,0,0.0,3.9204251141345487,0.19602125570672743,0.20444744537812384,0,0.0
174,mMTC,308.25,191.75,617,616,48539260.0,78797.5,616,0.9983792544570502,171.74921127039627,0.27881365465973423,0.29634059030287824,0,0.0,97.77436590672414,0.1584673677580618,0.18045012156625417,0,0.0
175,eMBB,487.5,12.5,18,1931,312671406.77281576,161922.0128290087,17,0.9444444444444444,187.96073088356036,11.056513581385904,17.368144363329005,0,0.0,3.6089086551703047,0.20049492528723914,0.20403171106882212,0,0.0
176,eMBB,493.0,7.0,16,1955,332727749.4764784,170193.22223860788,15,0.9375,184.8581857945987,12.323879052973247,16.47876754622083,0,0.0,3.1628812574511906,0.19768007859069942,0.20051978221470557,0,0.0
177,eMBB,492.0,8.0,18,1949,335601516.32220536,172191.64511144452,17,0.9444444444444444,190.6841266839906,11.216713334352388,16.875663373446756,0,0.0,3.429091920673968,0.19050510670410933,0.1996957137684934,0,0.0
178,eMBB,494.0,6.0,15,1960,315387242.71398443,160911.85852754308,14,0.9333333333333333,187.41929859073613,13.387092756481152,18.18201737289602,0,0.0,3.010236902179103,0.20068246014527352,0.2087522321662572,0,0.0
179,eMBB,491.25,8.75,23,1942,306384197.9999996,157767.35221421195,22,0.9565217391304348,198.21138717246959,9.009608507839527,17.389315727266272,0,0.0,4.458387623604725,0.19384294015672718,0.21006266003451618,0,0.0
180,URLLC,212.75,287.25,851,851,115041577.0,135183.9917743831,851,1.0,48.735063030073746,0.057267994159898646,0.061163572307692315,0,0.0,1.0161571069967632,0.001194074156282918,0.0017284516376052123,0,0.0
181,eMBB,489.25,10.75,23,1933,415512491.033993,214957.3155892359,22,0.9565217391304348,192.8259194211691,8.76481451914405,13.675820569016558,0,0.0,4.468244377809591,0.19427149468737354,0.1999646095237726,0,0.0
182,eMBB,490.75,9.25,19,1943,314435526.918876,161829.9160673577,18,0.9473684210526315,190.42849078865527,10.579360599369737,17.28512044677175,0,0.0,3.802274372134192,0.20011970379653643,0.20727673209758693,0,0.0
183,mMTC,239.0,261.0,478,478,37301610.0,78036.8410041841,478,1.0,132.96257521144412,0.27816438328754,0.3004474798538156,0,0.0,74.16693989506646,0.15516096212357,0.17962623591621915,0,0.0
184,eMBB,490.25,9.75,23,1937,330282911.39310414,170512.6026810037,22,0.9565217391304348,191.14369089179968,8.688349585990894,16.37676347856684,0,0.0,4.49077633206701,0.1952511448724787,0.20125311326953546,0,0.0
185,eMBB,492.25,7.75,18,1950,312048868.5892741,160025.06081501237,17,0.9444444444444444,186.32749327083462,10.960440780637331,18.285397470045716,0,0.0,3.5807310393437057,0.19892950218576144,0.20833288325099703,0,0.0
186,eMBB,490.75,9.25,19,1943,308332165.33801824,158688.7109305292,18,0.9473684210526315,192.18940782479447,10.677189323599693,18.28243884121813,0,0.0,3.860251955575885,0.20317115555662552,0.20925637967932575,0,0.0
187,eMBB,494.5,5.5,21,1956,318358135.06209785,162759.78275158376,20,0.9523809523809523,193.69425284039397,9.684712642019699,17.77949808783328,0,0.0,4.107308488669829,0.19558611850808708,0.20283494540009636,0,0.0
188,eMBB,488.0,12.0,24,1927,412705331.87902105,214169.86605034824,23,0.9583333333333334,194.92617499492522,8.47505108673588,13.573351496264271,0,0.0,4.690658883085686,0.19544412012857026,0.20079221607480724,0,0.0
189,eMBB,495.5,4.5,16,1965,320547373.64187783,163128.4344233475,15,0.9375,184.52811914889492,12.301874609926328,17.580619683937844,0,0.0,3.238011028941356,0.20237568930883476,0.21010542989587927,0,0.0
190,eMBB,490.5,9.5,18,1943,329520135.8840812,169593.48218429295,17,0.9444444444444444,194.01230073616006,11.41248827859765,17.478319889624206,0,0.0,3.555093478714678,0.19750519326192656,0.20503131429334182,0,0.0
191,mMTC,259.5,240.5,519,519,40086851.0,77238.63391136802,519,1.0,147.71298701458696,0.2846107649606685,0.3037056548236628,0,0.0,83.11483613615592,0.16014419294057017,0.18192316290811195,0,0.0
192,eMBB,494.0,6.0,18,1957,312923408.50288105,159899.54445727187,17,0.9444444444444444,187.2057034265253,11.012100201560312,17.380940647359925,0,0.0,3.657782824838593,0.2032101569354774,0.2100624940291655,0,0.0
193,eMBB,491.75,8.25,17,1949,311544788.61225694,159848.53186878242,16,0.9411764705882353,197.43032308701137,12.33939519293821,17.881569726149998,0,0.0,3.366348261875703,0.1980204859926884,0.20870378697182035,0,0.0
194,eMBB,492.0,8.0,22,1945,314296479.9729961,161592.02055166895,21,0.9545454545454546,196.28298596951387,9.346808855691137,15.882419633338248,0,0.0,4.318096677976047,0.19627712172618395,0.20441503443437498,0,0.0
195,eMBB,488.0,12.0,23,1928,414363864.10991013,214919.0166545177,22,0.9565217391304348,191.43752554491644,8.701705706587111,13.771127870102372,0,0.0,4.483089420175657,0.19491693131198506,0.20094176827202093,0,0.0
196,mMTC,283.0,217.0,566,566,45516396.0,80417.66077738516,566,1.0,154.83123459477585,0.27355341801197147,0.2909253309452377,0,0.0,86.59448420497597,0.15299378834801408,0.17943128974753575,0,0.0
197,URLLC,133.0,367.0,532,532,73852171.0,138819.87030075188,532,1.0,30.78627718395976,0.05786894207511233,0.058953053443108146,0,0.0,0.7772424608828449,0.0014609820693286559,0.001861612839558626,0,0.0
198,eMBB,493.75,6.25,20,1954,335169333.0069707,171529.85312536883,19,0.95,189.42894262284435,9.969944348570754,15.775950217113387,0,0.0,3.9114404885978225,0.19557202442989113,0.20246983912628708,0,0.0
199,eMBB,489.5,10.5,22,1935,307347185.956706,158835.75501638552,21,0.9545454545454546,184.7475631184383,8.79750300563992,17.588140018995404,0,0.0,4.48685417372701,0.20394791698759135,0.20977109762785948,0,0.0
200,eMBB,494.25,5.75,18,1958,311408657.8607302,159044.25835583766,17,0.9444444444444444,187.2159204733227,11.012701204313101,17.486120962384692,0,0.0,3.566679188989145,0.19814884383273026,0.2085299859165659,0,0.0
201,eMBB,492.5,7.5,19,1950,318497382.6864408,163331.99112125172,18,0.9473684210526315,196.1006565271278,10.894480918173766,17.07971386755719,0,0.0,3.7759290070240112,0.1987331056328427,0.20471118451858045,0,0.0
202,eMBB,489.0,11.0,31,1925,409814178.00000006,212890.48207792212,30,0.967741935483871,197.6565907377312,6.5885530245910395,13.579171356821536,0,0.0,5.771681078670686,0.1861832606022802,0.1999780078716391,0,0.0
203,eMBB,494.0,6.0,20,1956,316626147.00000024,161874.30828220872,19,0.95,199.03375498346492,10.475460788603417,17.981900638472197,0,0.0,3.826307907706988,0.19131539538534942,0.20513361325406332,0,0.0
204,eMBB,491.75,8.25,19,1947,329464586.86716473,169216.53151883138,18,0.9473684210526315,188.30995527393063,10.461664181885034,15.68014371148125,0,0.0,3.674140083832868,0.19337579388594042,0.2009765713676938,0,0.0
205,eMBB,493.25,6.75,18,1954,336951075.7619827,172441.6969099195,17,0.9444444444444444,189.13133536721733,11.125372668659843,16.076012062644786,0,0.0,3.479799432163022,0.19332219067572345,0.19744442119702654,0,0.0
206,eMBB,492.75,7.25,21,1949,308841084.97923666,158461.30578719173,20,0.9523809523809523,194.36154968513958,9.718077484256979,16.781703889624843,0,0.0,4.179452567039567,0.19902155081140793,0.20844900417045847,0,0.0
207,eMBB,487.5,12.5,22,1927,304422275.1881087,157977.3093866677,21,0.9545454545454546,195.04670181185807,9.28793818151705,16.480483947876433,0,0.0,4.379939600387833,0.1990881636539924,0.20948946890061165,0,0.0
208,eMBB,488.25,11.75,20,1932,313682671.3068283,162361.6311111948,19,0.95,181.91299033115467,9.574367912166036,17.480294381197137,0,0.0,3.9082067267315885,0.19541033633657942,0.20231267996456553,0,0.0
209,mMTC,326.0,174.0,652,651,51307699.0,78813.66973886329,651,0.9984662576687117,181.70496124888024,0.2791166839460526,0.2964385867014679,0,0.0,103.90101057217005,0.1593573781781749,0.1769626234742833,0,0.0
210,eMBB,488.25,11.75,19,1933,313034940.16432005,161942.54535143304,18,0.9473684210526315,192.96914416576243,10.720508009209023,17.782455690322067,0,0.0,3.739908590783825,0.1968372942517803,0.2080752211383027,0,0.0
211,eMBB,493.75,6.25,19,1955,330739614.64153427,169176.27347393057,18,0.9473684210526315,192.60809902879717,10.700449946044287,17.38301145551074,0,0.0,3.674962991210925,0.193419104800575,0.20241799491606594,0,0.0
212,mMTC,258.25,241.75,517,516,41080072.0,79612.54263565892,516,0.9980657640232108,147.04229984798846,0.2849656973798226,0.30685443100591636,0,0.0,82.64080265016055,0.1598468136366742,0.18123189575279264,0,0.0
213,eMBB,493.25,6.75,18,1954,313259090.2601401,160316.83227233373,17,0.9444444444444444,195.18712135702185,11.481595373942461,17.781307668922203,0,0.0,3.649788048477549,0.20276600269319717,0.20666028288666927,0,0.0
214,mMTC,313.25,186.75,627,626,50328361.0,80396.7428115016,626,0.9984051036682615,172.84119904570892,0.2761041518302059,0.2964793993203176,0,0.0,97.0215737672894,0.15473935210094003,0.1764024523420767,0,0.0
215,eMBB,488.75,11.25,23,1931,311537998.31798464,161335.05868357568,22,0.9565217391304348,189.75737571093825,8.625335259588102,17.578230396169413,0,0.0,4.612757094970335,0.20055465630305805,0.2061950032656349,0,0.0
216,eMBB,489.0,11.0,25,1930,414087220.73549855,214552.9641116573,24,0.96,196.9083422676261,8.204514261151088,13.672344670005247,0,0.0,4.802504591115468,0.1921001836446187,0.19996151927053718,0,0.0
217,eMBB,494.75,5.25,16,1962,318781251.5488831,162477.70211461931,15,0.9375,186.2075032392947,12.413833549286315,17.18242988116107,0,0.0,3.2179612701832423,0.20112257938645264,0.2069485156004175,0,0.0
218,mMTC,266.5,233.5,533,532,44113755.0,82920.59210526316,532,0.99812382739212,148.00473525220676,0.2782043895718172,0.3008717754019475,0,0.0,82.74884300749773,0.1552511125844235,0.1854944271734233,0,0.0
219,eMBB,490.0,10.0,19,1941,333488788.00000054,171812.8737764042,19,1.0,197.44722202500444,10.391959053947602,16.28052233351873,0,0.0,3.7400841620318985,0.19684653484378414,0.20299379826903569,0,0.0
220,eMBB,490.5,9.5,23,1938,306682185.66541255,158246.74182941823,22,0.9565217391304348,197.18624069739886,8.963010940790857,15.685220970898838,0,0.0,4.651715112615577,0.20224848315719898,0.20924847534795746,0,0.0
221,mMTC,254.5,245.5,509,508,41274252.0,81248.52755905512,508,0.9980353634577603,140.32461973362788,0.2762295664047793,0.2942804195549105,0,0.0,79.00600496358076,0.15521808440782076,0.17509157285747867,0,0.0
222,eMBB,496.5,3.5,20,1965,321379919.09627074,163552.12167749146,19,0.95,197.12488301934874,10.374993843123619,17.979126868505105,0,0.0,3.9204690297004845,0.19602345148502423,0.20466095940351708,0,0.0
223,mMTC,250.25,249.75,501,500,41419730.0,82839.46,500,0.998003992015968,139.5599878121069,0.2791199756242138,0.29862782488295303,0,0.0,79.82893785522381,0.159339197315816,0.18253514406189955,0,0.0
224,mMTC,300.75,199.25,602,601,47946181.0,79777.3394342762,601,0.9983388704318937,164.4919610723176,0.27369710660951346,0.29339379397529675,0,0.0,92.35656851189749,0.15341622676394934,0.18116765834963627,0,0.0
225,eMBB,493.75,6.25,22,1952,328488305.76146644,168282.94352534143,21,0.9545454545454546,197.42784412512069,9.401325910720033,16.473958079147046,0,0.0,4.261802902473659,0.19371831374880266,0.20159008711946602,0,0.0
226,mMTC,294.5,205.5,589,589,46784199.0,79429.87945670629,588,0.99830220713073,167.84705676913546,0.2854541781788018,0.36748244523207874,0,0.0,94.74024558832726,0.16084931339274577,0.18105496258536574,0,0.0
227,eMBB,492.25,7.75,20,1948,310692357.5723762,159492.99670039845,19,0.95,197.281188212944,10.38322043226021,17.38299838349349,0,0.0,4.07930651968054,0.203965325984027,0.2094371891776157,0,0.0
228,eMBB,486.5,13.5,17,1929,307600681.0,159461.21358216694,17,1.0,195.99162007928774,11.528918828193397,17.18027065204702,0,0.0,3.4420517147003267,0.2024736302764898,0.2075262961171026,0,0.0
229,eMBB,492.75,7.25,22,1948,317142859.97299576,162804.34290194855,21,0.9545454545454546,196.58068888377687,9.360985184941756,17.677636556967137,0,0.0,4.323326300992872,0.19651483186331237,0.2059313677663378,0,0.0
230,eMBB,494.25,5.75,25,1951,416834684.06852233,213651.81141390177,24,0.96,194.57753329414993,8.107397220589581,13.47377538973908,0,0.0,4.773228852218054,0.19092915408872216,0.19765066126105324,0,0.0
231,mMTC,282.5,217.5,565,565,43449315.0,76901.4424778761,565,1.0,154.7408711229295,0.27387764800518494,0.2960583801035344,0,0.0,87.0223968290263,0.15402194129031205,0.17261156811772455,0,0.0
232,eMBB,489.25,10.75,20,1936,326045334.6046967,168411.8463867235,19,0.95,191.6484902289754,10.086762643630284,17.17519976713048,0,0.0,3.9478009808880183,0.1973900490444009,0.20222428440856888,0,0.0
233,eMBB,484.25,15.75,22,1914,327179656.5622462,170940.25943691024,21,0.9545454545454546,193.28171091537837,9.203890995970399,17.082646927591686,0,0.0,4.313015513185614,0.19604615969025518,0.20348718275450578,0,0.0
234,eMBB,489.25,10.75,18,1938,309915842.1529978,159915.29522858502,17,0.9444444444444444,191.7100318522967,11.277060697193924,17.883384428089144,0,0.0,3.569165750497819,0.19828698613876772,0.20840057420206104,0,0.0
235,eMBB,496.0,4.0,17,1966,314651310.5279322,160046.44482600826,16,0.9411764705882353,195.82118592684125,12.238824120427578,18.281339478496612,0,0.0,3.354130470837571,0.19730179240221007,0.20687480211809034,0,0.0
236,mMTC,296.75,203.25,594,593,46190749.0,77893.33726812816,593,0.9983164983164983,167.3233160261243,0.28216410796985547,0.3022921735399037,0,0.0,94.253699543113,0.1586762618570926,0.179624464979958,0,0.0
237,eMBB,483.25,16.75,28,1904,405268790.7826768,212851.2556631706,27,0.9642857142857143,192.39736598010802,7.125828369633631,13.672638264518604,0,0.0,5.455498091770088,0.19483921756321743,0.20001581575633426,0,0.0
238,mMTC,294.75,205.25,590,589,45881422.0,77897.15110356537,589,0.9983050847457627,161.43031517723458,0.2740752379919093,0.2921208747315601,0,0.0,90.69467858797906,0.15371979421691365,0.17121443414946952,0,0.0
239,mMTC,250.0,250.0,500,500,39714203.0,79428.406,500,1.0,139.12061192809514,0.27824122385619027,0.2999278507494774,0,0.0,78.09166993554231,0.15618333987108463,0.18714136189639624,0,0.0
240,URLLC,186.75,313.25,747,747,103387211.0,138403.22757697458,747,1.0,42.99334263917165,0.057554675554446655,0.05855343412381594,0,0.0,1.0593079954793134,0.0014180829926095226,0.0017408500152221945,0,0.0
241,eMBB,492.25,7.75,20,1948,308504895.1983109,158370.06940365036,19,0.95,195.37781168040848,10.283042720021498,16.58465500566093,0,0.0,4.0788551602089,0.203942758010445,0.20850649167861002,0,0.0
242,eMBB,490.75,9.25,21,1941,305050473.1487229,157161.5008494193,20,0.9523809523809523,184.662717266566,9.2331358633283,15.281362459167916,0,0.0,4.284006189397898,0.20400029473323325,0.210771994443892,0,0.0
243,eMBB,484.25,15.75,21,1915,311066377.6864418,162436.75075010015,20,0.9523809523809523,192.97283865456345,9.648641932728172,17.677569792808647,0,0.0,4.1990882362704145,0.19995658267954355,0.2042842069814299,0,0.0
244,eMBB,494.25,5.75,24,1952,419182429.4791886,214745.09706925647,23,0.9583333333333334,197.12450357054485,8.570630590023688,13.672711607944011,0,0.0,4.6009561322145345,0.19170650550893895,0.20035898427618443,0,0.0
245,eMBB,491.25,8.75,18,1946,315537739.15113515,162146.834096164,17,0.9444444444444444,192.2794877087192,11.310558100512893,17.08079828374705,0,0.0,3.638509797445568,0.20213943319142044,0.2107254367700996,0,0.0
246,eMBB,489.5,10.5,17,1940,328851421.7671509,169511.04214801593,16,0.9411764705882353,191.78369395265736,11.986480872041085,17.27767165437223,0,0.0,3.31894729322705,0.19523219371923822,0.20164808121610323,0,0.0
247,eMBB,494.5,5.5,19,1958,336349981.7732087,171782.42174321177,18,0.9473684210526315,195.9093097909275,10.883850543940417,16.6739772313527,0,0.0,3.682743705849738,0.19382861609735463,0.19880168811446552,0,0.0
248,eMBB,490.5,9.5,19,1942,311056936.06879973,160173.4995204942,18,0.9473684210526315,191.78121695414316,10.654512053007954,18.48282206455626,0,0.0,3.863184062823662,0.20332547699071904,0.20847680705962202,0,0.0
249,mMTC,254.25,245.75,509,508,39336963.0,77434.96653543306,508,0.9980353634577603,140.6406177531792,0.2768516097503528,0.29732523082284956,0,0.0,79.40506949380358,0.1560021011666082,0.17539891704828822,0,0.0
250,eMBB,492.25,7.75,20,1948,316630509.2074817,162541.32916195158,19,0.95,196.5865155848166,10.346658714990348,18.08112737797039,0,0.0,3.984476755253779,0.19922383776268895,0.2044544191816879,0,0.0
251,eMBB,490.5,9.5,27,1934,412704354.78267664,213394.18551327643,26,0.9629629629629629,195.2395771202976,7.509214504626831,13.475808260798773,0,0.0,5.279647207602956,0.19554248917047984,0.1993984445165543,0,0.0
252,eMBB,488.75,11.25,18,1936,314645973.3700799,162523.74657545448,17,0.9444444444444444,186.58096101504233,10.975350647943667,18.18171375738275,0,0.0,3.6317422693658665,0.2017634594092148,0.206326855841568,0,0.0
253,mMTC,270.0,230.0,540,539,42094137.0,78096.72912801485,539,0.9981481481481481,150.22681258403324,0.27871393800377225,0.3019168711925377,0,0.0,84.41247689059628,0.15631940164925237,0.18320536179952956,0,0.0
254,eMBB,494.5,5.5,24,1953,333956137.9367531,170996.4863987471,23,0.9583333333333334,195.28401776203006,8.49060946791435,16.67430282415899,0,0.0,4.658336278020643,0.1940973449175268,0.20092446071634174,0,0.0
255,eMBB,491.75,8.25,19,1947,311217419.35850376,159844.59135002762,18,0.9473684210526315,196.2691925909209,10.903844032828939,18.17958912806189,0,0.0,3.8566231807977713,0.20298016741040903,0.2080289387383208,0,0.0
256,URLLC,180.25,319.75,721,720,99964862.0,138840.0861111111,720,0.9986130374479889,41.363253763837406,0.05744896356088529,0.06089556234476642,0,0.0,1.019865810320607,0.0014145156869911333,0.0022250050370741,0,0.0
257,URLLC,185.25,314.75,741,741,101060439.0,136383.85829959513,741,1.0,42.528128571449116,0.05739288606133484,0.060801928183774556,0,0.0,1.0005291846029458,0.0013502418145788743,0.0021170057052331014,0,0.0
258,eMBB,488.5,11.5,26,1927,412310083.96882606,213964.75556244218,25,0.9615384615384616,187.38120171550202,7.49524806862008,13.375697944886438,0,0.0,5.0002905224330005,0.1923188662474231,0.2001539995510177,0,0.0
259,eMBB,484.75,15.25,19,1919,310623901.8053823,161867.58822583756,18,0.9473684210526315,186.14692171696012,10.341495650942228,17.184304588932825,0,0.0,3.827118966234189,0.20142731401232575,0.20550558295270005,0,0.0
260,eMBB,492.0,8.0,21,1946,329274491.5142044,169205.80242250997,20,0.9523809523809523,186.94323911363477,9.347161955681738,17.179618966716102,0,0.0,4.159571139535074,0.19807481616833686,0.20155868326204363,0,0.0
261,eMBB,488.0,12.0,22,1929,328757955.98170936,170429.21512789495,21,0.9545454545454546,188.6917557067663,8.985321700322205,15.374203861748196,0,0.0,4.227885808021587,0.19217662763734486,0.20026641705631132,0,0.0
262,mMTC,301.25,198.75,603,602,48092583.0,79888.01162790698,602,0.9983416252072969,164.91151401850928,0.27393939205732437,0.29564560362560266,0,0.0,91.84570597454,0.1523146036062023,0.17077166660524495,0,0.0
263,eMBB,492.75,7.25,20,1950,311175616.1472622,159577.23904987806,19,0.95,191.31443261098678,10.069180663736146,17.982536368148093,0,0.0,4.014999974874023,0.20074999874370114,0.20615132707281061,0,0.0
264,eMBB,489.5,10.5,19,1938,315795544.3577348,162949.1972950128,18,0.9473684210526315,189.25136400549377,10.513964666971876,18.078055470102807,0,0.0,3.7328059318100912,0.19646347009526796,0.20423860015304926,0,0.0
265,eMBB,485.5,14.5,25,1916,408635568.28597504,213275.34879226255,24,0.96,188.7967357789591,7.866530657456629,12.377471056277743,0,0.0,4.899943706179746,0.19599774824718985,0.20087061966530215,0,0.0
266,eMBB,485.25,14.75,19,1921,312039669.1246973,162436.05888844212,18,0.9473684210526315,187.94518030050244,10.441398905583469,18.180912255464097,0,0.0,3.8297134714038523,0.20156386691599223,0.20627735911772005,0,0.0
267,eMBB,491.75,8.25,19,1947,330672608.26430404,169836.9842138182,18,0.9473684210526315,193.19339893194228,10.732966607330127,17.37664804731584,0,0.0,3.671771990144105,0.19325115737600554,0.2015624081797326,0,0.0
268,eMBB,485.75,14.25,22,1920,327515818.7732086,170581.15561104615,21,0.9545454545454546,192.61355207292243,9.1720739082344,16.97203566823792,0,0.0,4.256010884426875,0.1934550402012216,0.19823464935778867,0,0.0
269,eMBB,492.5,7.5,25,1944,305800058.84861904,157304.55702089457,24,0.96,193.78738111772532,8.074474213238554,16.384239062760503,0,0.0,5.002535995390338,0.2001014398156135,0.2095566598443827,0,0.0
270,eMBB,489.25,10.75,23,1933,303972766.9820099,157254.40609519393,22,0.9565217391304348,194.72225654300058,8.851011661045481,18.482168581361133,0,0.0,4.686718428421569,0.2037703664531117,0.2099676687432929,0,0.0
271,eMBB,488.0,12.0,16,1935,318765294.0174658,164736.58605553786,15,0.9375,181.90119924066835,12.126746616044557,18.078194006822045,0,0.0,3.123975012928057,0.19524843830800356,0.20319543332069362,0,0.0
272,eMBB,494.5,5.5,24,1953,416906789.6738363,213469.93838906108,23,0.9583333333333334,193.91756695652614,8.431198563327223,12.07439851619853,0,0.0,4.600274148054815,0.19167808950228396,0.1990301244159164,0,0.0
273,eMBB,493.0,7.0,21,1950,313456154.0025706,160746.7456423439,20,0.9523809523809523,192.41395961989593,9.620697980994796,14.778487577859314,0,0.0,4.236840906946309,0.20175432890220518,0.2066509225137638,0,0.0
274,URLLC,192.0,308.0,768,768,107060337.0,139401.48046875,768,1.0,44.5184267196967,0.05796670145793841,0.06252065517800842,0,0.0,1.2175543136197877,0.0015853571791924319,0.002406170178008412,0,0.0
275,eMBB,492.75,7.25,19,1951,335316333.46766675,171868.95615974718,18,0.9473684210526315,186.33108369161005,10.351726871756114,17.17270374925949,0,0.0,3.7075930771650674,0.19513647774552986,0.19907355552768857,0,0.0
276,mMTC,260.0,240.0,520,520,41933106.0,80640.58846153846,520,1.0,142.56978512388528,0.2741726636997794,0.29571177928686676,0,0.0,79.69646041676351,0.15326242387839137,0.17588039648448367,0,0.0
277,mMTC,241.0,259.0,482,482,38694617.0,80279.28838174274,482,1.0,133.51539930503418,0.27700290312247755,0.29356981769689444,0,0.0,75.4891441496231,0.1566164816382222,0.17522171482807136,0,0.0
278,URLLC,191.75,308.25,767,766,107529646.0,140378.1279373368,766,0.9986962190352021,43.985367942702375,0.05742215136123025,0.06103828702677594,0,0.0,1.0949995862167137,0.0014276396169709436,0.0023958518155968466,0,0.0
279,eMBB,489.25,10.75,24,1932,415015058.56098914,214811.10691562586,23,0.9583333333333334,195.25937229059224,8.489537925677924,13.27168717061915,0,0.0,4.645638090760761,0.19356825378169837,0.1996732284477905,0,0.0
280,mMTC,245.25,254.75,491,490,38057040.0,77667.42857142857,490,0.9979633401221996,134.82413200317689,0.27515128980240183,0.2908647783584007,0,0.0,76.22151885987697,0.15523730928691845,0.17315972980592562,0,0.0
281,URLLC,230.5,269.5,922,921,125583331.0,136355.4082519001,921,0.9989154013015185,53.40531282254986,0.05798622456302916,0.06253489488570071,0,0.0,1.5050692035874575,0.0016323960993356373,0.00265335411646995,0,0.0
282,eMBB,493.5,6.5,18,1955,337089251.7968393,172424.16971705336,17,0.9444444444444444,191.96765371808934,11.292214924593491,16.374440134057586,0,0.0,3.5249447655754276,0.1958302647541904,0.20417364513491557,0,0.0
283,mMTC,262.0,238.0,524,524,42118697.0,80379.1927480916,524,1.0,143.95955950739997,0.27473198379274805,0.29613954416161004,0,0.0,80.80097661652447,0.154200337054436,0.17440057069868364,0,0.0
284,eMBB,490.5,9.5,17,1944,310266623.02256036,159602.172336708,16,0.9411764705882353,194.81205542233786,12.175753463896116,18.27109670725994,0,0.0,3.4507877860794474,0.2029875168282028,0.20661797760280937,0,0.0
285,eMBB,490.5,9.5,20,1941,316788171.83766085,163208.74386278252,19,0.95,196.41815250841506,10.337797500442898,17.678953956141918,0,0.0,4.02707487612364,0.201353743806182,0.20457513852550757,0,0.0
286,mMTC,308.5,191.5,617,616,47122711.0,76497.90746753247,616,0.9983792544570502,172.82076862565097,0.28055319582086197,0.29761743972893395,0,0.0,99.55682783801947,0.16135628498868634,0.17650558650388048,0,0.0
287,eMBB,494.5,5.5,23,1954,314006442.2082916,160699.30512195066,22,0.9565217391304348,195.67303014456525,8.894228642934785,17.980738332608116,0,0.0,4.637822483483191,0.201644455803617,0.20701090804288508,0,0.0
288,eMBB,494.75,5.25,21,1957,329449248.86611074,168344.02088201878,20,0.9523809523809523,197.1577430373641,9.857887151868205,17.380087993373575,0,0.0,4.176594404810753,0.1988854478481311,0.20513453459812447,0,0.0
289,eMBB,490.75,9.25,20,1942,333988906.92004466,171981.9294129993,19,0.95,191.91939575996372,10.101020829471775,17.17393643685114,0,0.0,3.8202995496676704,0.19101497748338353,0.19798464931431947,0,0.0
290,mMTC,261.25,238.75,523,522,41059406.0,78657.86590038314,522,0.9980879541108987,143.3428507889978,0.2746031624310303,0.29316718612707277,0,0.0,80.27866896517699,0.15349649897739387,0.17486726596848357,0,0.0
291,eMBB,491.75,8.25,23,1943,305916869.99999934,157445.63561502798,22,0.9565217391304348,198.26749039157767,9.01215865416262,15.482430651479156,0,0.0,4.63703054802683,0.2016100238272535,0.20830275773677714,0,0.0
292,mMTC,232.5,267.5,465,465,37963302.0,81641.50967741935,465,1.0,131.610184252542,0.28303265430654195,0.3019360841762282,0,0.0,74.40428212314795,0.16000920886698483,0.17759458414612428,0,0.0
293,eMBB,487.75,12.25,26,1924,410959547.3148307,213596.4383133216,25,0.9615384615384616,188.85773172758218,7.554309269103287,13.076914147756105,0,0.0,5.088420354373289,0.19570847516820342,0.1997261470015097,0,0.0
294,eMBB,492.5,7.5,19,1950,315764188.624689,161930.35314086615,18,0.9473684210526315,195.23627013106739,10.846459451725966,18.17005970794486,0,0.0,3.8197012589424855,0.20103690836539398,0.20641009534394025,0,0.0
295,eMBB,491.75,8.25,19,1947,328902371.9494896,168927.77193091402,18,0.9473684210526315,192.38060589694365,10.687811438719091,17.479773504100002,0,0.0,3.759587381391112,0.19787302007321642,0.2025592580673789,0,0.0
296,mMTC,267.0,233.0,534,533,43120961.0,80902.36585365854,533,0.99812734082397,152.56027906721957,0.2862294166364345,0.3029882190999209,0,0.0,86.56527417611663,0.16210725501145437,0.1807735170245528,0,0.0
297,mMTC,282.0,218.0,564,564,42526285.0,75401.2145390071,564,1.0,155.197333627176,0.27517257735314893,0.29675890484663797,0,0.0,87.34412304215726,0.15486546638680365,0.17631041568788344,0,0.0
298,mMTC,233.5,266.5,467,466,37720142.0,80944.51072961373,466,0.9978586723768736,129.2985837354462,0.2774647719644768,0.2977006507798338,0,0.0,73.35888532974012,0.15708540755833003,0.17884488020024422,0,0.0
299,mMTC,267.0,233.0,534,533,42020373.0,78837.47279549719,533,0.99812734082397,150.9418726076772,0.28319300676862513,0.30527285838000184,0,0.0,85.93298486982185,0.16092319264011581,0.18590546609777384,0,0.0
300,mMTC,306.75,193.25,614,613,49737968.0,81138.6101141925,613,0.998371335504886,172.1089627175283,0.28076502890298255,0.2986302815547345,0,0.0,99.09164633624323,0.16138704615023328,0.1779452286088875,0,0.0
301,eMBB,487.25,12.75,22,1926,308193156.0659409,160017.21498750825,21,0.9545454545454546,194.6029821225584,9.26680867250278,16.083644613858134,0,0.0,4.4499579014826,0.20227081370375455,0.20769850417518837,0,0.0
302,eMBB,489.75,10.25,20,1938,326889175.475972,168673.46515788027,19,0.95,196.03207250161222,10.317477500084854,17.184201414028323,0,0.0,3.9311700094861184,0.19655850047430592,0.20437362201212406,0,0.0
303,URLLC,190.5,309.5,762,762,106719650.0,140052.0341207349,762,1.0,43.92728603339216,0.05764735699920231,0.06091336827707017,0,0.0,1.1805062946228908,0.0015492208590851585,0.001977073640915769,0,0.0
304,eMBB,489.25,10.75,20,1936,307555220.0032943,158861.1673570735,19,0.95,187.65225853285122,9.87643465962375,17.881535626401956,0,0.0,4.060674895709032,0.2030337447854516,0.20660625067168187,0,0.0
305,eMBB,494.75,5.25,21,1957,310525554.9971648,158674.27439814244,20,0.9523809523809523,189.46748664730293,9.473374332365147,17.782218161190677,0,0.0,4.192510666437911,0.19964336506847194,0.20790086525704063,0,0.0
306,eMBB,493.0,7.0,16,1955,321104829.6864412,164247.99472452234,15,0.9375,196.1017371627537,13.073449144183579,17.479610398102626,0,0.0,3.223978465273991,0.20149865407962445,0.2066703847845015,0,0.0
307,mMTC,268.5,231.5,537,537,42509620.0,79161.30353817505,537,1.0,150.794610143925,0.28080932987695534,0.30057110580854274,0,0.0,87.00547768938718,0.1620213737232536,0.18483494502422806,0,0.0
308,eMBB,489.25,10.75,19,1937,313367213.2493851,161779.6661070651,18,0.9473684210526315,189.75899170305783,10.542166205725435,17.980515126471857,0,0.0,3.8501540434033985,0.2026396864949157,0.21135928256304948,0,0.0
309,mMTC,297.0,203.0,594,594,48793876.0,82144.57239057239,594,1.0,166.01420250226525,0.27948518939775296,0.3029986833965496,0,0.0,93.47831197419144,0.15737089557944686,0.18907363856808715,0,0.0
310,eMBB,495.0,5.0,19,1960,338705296.0054122,172808.82449255727,18,0.9473684210526315,197.22611367959144,10.957006315532858,17.173049986710467,0,0.0,3.70899040925636,0.1952100215398084,0.19768835219288272,0,0.0
311,eMBB,489.25,10.75,20,1936,308185752.398388,159186.85557767976,19,0.95,194.35564273337263,10.229244354388033,18.381155896776185,0,0.0,4.063052887444671,0.20315264437223357,0.2096642823316041,0,0.0
312,eMBB,490.75,9.25,18,1944,310023407.71022654,159477.06157933464,17,0.9444444444444444,186.76419374075533,10.986129043573843,17.88467694184505,0,0.0,3.6329322947522797,0.2018295719306822,0.20915266937272436,0,0.0
313,mMTC,304.5,195.5,609,609,48954154.0,80384.4893267652,609,1.0,172.30949429675204,0.282938414280381,0.3025028990038038,0,0.0,97.991370485778,0.1609053702557931,0.18195757196643825,0,0.0
314,mMTC,244.25,255.75,489,488,38714198.0,79332.37295081967,488,0.9979550102249489,137.47873912509993,0.2817187277153687,0.2991384063870708,0,0.0,79.57128425208167,0.1627224626831936,0.17946339278245327,0,0.0
315,mMTC,282.25,217.75,565,564,47249806.0,83776.25177304965,564,0.9982300884955753,155.32671040998846,0.27540196881203627,0.29724531072972277,0,0.0,88.10582943836367,0.15593952112984721,0.1749367100125394,0,0.0
316,eMBB,489.25,10.75,17,1939,329147012.91281676,169750.90918659966,16,0.9411764705882353,191.84192082347982,11.990120051467489,17.076943399456514,0,0.0,3.3784031897110065,0.1987295993947651,0.2029811204303653,0,0.0
317,eMBB,486.25,13.75,24,1920,327256061.6594822,170445.86544764697,23,0.9583333333333334,192.21820311152663,8.357313178762027,16.772249175503855,0,0.0,4.703928341439019,0.19599701422662577,0.20473823008707948,0,0.0
318,eMBB,491.75,8.25,18,1948,312420672.94721276,160380.2222521626,17,0.9444444444444444,193.9088345591688,11.406402032892283,18.28253828206449,0,0.0,3.5809736197568625,0.19894297887538126,0.20862138581666204,0,0.0
319,eMBB,493.25,6.75,18,1954,310670535.76155424,158992.08585545252,17,0.9444444444444444,191.8688930307007,11.286405472394158,18.383227354430193,0,0.0,3.6334269886042847,0.20185705492246026,0.20792792657535236,0,0.0
320,mMTC,307.25,192.75,615,614,46191315.0,75230.15472312704,614,0.9983739837398374,173.9525594674587,0.28331035743885785,0.3038629837611022,0,0.0,98.84687027691223,0.16072661833644264,0.18339964455816066,0,0.0
321,eMBB,489.25,10.75,25,1931,414945984.1600993,214886.5790575346,24,0.96,189.2634918605799,7.885978827524163,13.67260308168552,0,0.0,4.867630835953548,0.19470523343814194,0.19989624902809844,0,0.0
322,mMTC,245.5,254.5,491,491,38869341.0,79163.62729124236,491,1.0,135.56924502102063,0.2761084419980054,0.2947377067267668,0,0.0,76.93275439583763,0.15668585416667544,0.1763792459837018,0,0.0
323,mMTC,244.0,256.0,488,488,39253525.0,80437.5512295082,488,1.0,136.5610454862006,0.2798382079635258,0.3038656404395007,0,0.0,77.12463555851552,0.1580422859805646,0.1904903052347538,0,0.0
324,eMBB,492.75,7.25,21,1949,333118626.65889406,170917.715063568,20,0.9523809523809523,194.20479878092053,9.710239939046026,17.07560041168584,0,0.0,4.031708967407915,0.1919861413051388,0.1983967673379809,0,0.0
325,eMBB,492.0,8.0,21,1946,308444871.33234656,158501.98937941756,20,0.9523809523809523,192.71792284718777,9.635896142359389,17.24512536543513,0,0.0,4.249645647029133,0.20236407842995868,0.20962560620318949,0,0.0
326,eMBB,496.25,3.75,20,1964,310650889.95980537,158172.55089603126,19,0.95,195.283521268064,10.27808006674021,18.081597058666706,0,0.0,3.992393241418714,0.1996196620709357,0.20923874003838827,0,0.0
327,mMTC,294.75,205.25,589,589,47971745.0,81446.08658743634,588,0.99830220713073,166.70257627046254,0.28350778277289546,0.3792523407739349,0,0.0,95.27832460360679,0.16176286010799115,0.1848417171498831,0,0.0
328,eMBB,493.75,6.25,24,1950,418307391.5894137,214516.6110714942,23,0.9583333333333334,197.2534634582147,8.57623754166151,13.872645412774443,0,0.0,4.641991335534165,0.19341630564725687,0.19943745334835616,0,0.0
329,eMBB,484.5,15.5,18,1918,312977714.50263476,163179.20464162398,17,0.9444444444444444,182.84838684639033,10.755787461552373,17.178478050287687,0,0.0,3.631441346712461,0.2017467414840256,0.20667526871163333,0,0.0
330,mMTC,279.0,221.0,558,557,45974767.0,82539.97666068222,557,0.9982078853046595,156.01016119147633,0.28009005599905984,0.30385130787701,0,0.0,88.50768101666326,0.1586159158004718,0.18423351907838323,0,0.0
331,eMBB,494.25,5.75,18,1958,338182546.7486561,172718.35891146888,17,0.9444444444444444,188.47372028731272,11.086689428665453,16.874450537576227,0,0.0,3.436905360727041,0.19093918670705784,0.19851840247223945,0,0.0
332,URLLC,179.25,320.75,717,716,100394116.0,140215.24581005587,716,0.99860529986053,41.32855350663865,0.05772144344502605,0.05895999105572447,0,0.0,1.0564240163085779,0.001473394722885046,0.0020260040916295677,0,0.0
333,eMBB,494.25,5.75,18,1958,313468767.78263444,160096.40846916978,17,0.9444444444444444,195.7085352181187,11.512266777536395,18.285224633582136,0,0.0,3.5763126568343147,0.19868403649079525,0.20601366879646404,0,0.0
334,eMBB,493.75,6.25,18,1956,319814301.7296949,163504.24423808532,17,0.9444444444444444,183.06768890797372,10.768687582821983,17.57947845681883,0,0.0,3.5325742368951842,0.19625412427195468,0.20414620012689533,0,0.0
335,eMBB,492.25,7.75,24,1944,416427329.459263,214211.58922801595,23,0.9583333333333334,192.52592793117458,8.37069251874672,13.07395185625432,0,0.0,4.615088292729524,0.19229534553039684,0.20009088024161045,0,0.0
336,mMTC,286.0,214.0,572,571,45837667.0,80276.12434325744,571,0.9982517482517482,157.56852538431298,0.275951883335049,0.2974488338684189,0,0.0,89.7940153791238,0.15698254436909756,0.17782178195486426,0,0.0
337,mMTC,261.0,239.0,522,522,40071358.0,76765.05363984674,522,1.0,145.98486462326036,0.2796644916154413,0.3021469596791741,0,0.0,82.37067465641213,0.15779822731113435,0.1812006158847817,0,0.0
338,eMBB,490.5,9.5,19,1942,332793749.47143304,171366.5033323548,18,0.9473684210526315,191.93953650077506,10.663307583376392,16.272959890562483,0,0.0,3.7225933299790444,0.19592596473573917,0.19945840514040064,0,0.0
339,mMTC,290.0,210.0,580,579,45038926.0,77787.43696027633,579,0.9982758620689656,159.36852985599484,0.27524789267011196,0.29667208049719096,0,0.0,90.00198286825653,0.1551758325314768,0.1795925276798414,0,0.0
340,eMBB,493.5,6.5,21,1952,309199654.9238775,158401.46256346183,20,0.9523809523809523,189.6918605073703,9.484593025368515,17.883652764375615,0,0.0,4.224669153930115,0.20117472161571978,0.20534201041542077,0,0.0
341,mMTC,308.0,192.0,616,616,49028805.0,79592.21590909091,616,1.0,174.8541244934627,0.28385409820367324,0.3045595031036342,0,0.0,100.14833775945482,0.16257847038872536,0.18638308933455755,0,0.0
342,mMTC,296.5,203.5,593,592,47850320.0,80828.24324324324,592,0.9983136593591906,166.62730782029072,0.2814650469937343,0.2991881050462615,0,0.0,96.65103270639878,0.162986564429003,0.1812242157759778,0,0.0
343,mMTC,269.5,230.5,539,539,44019097.0,81668.08348794063,539,1.0,148.6504800654108,0.27578938787645785,0.2918210148491756,0,0.0,84.70962649908466,0.15716071706694743,0.1739232308002253,0,0.0
344,eMBB,487.75,12.25,18,1932,327631703.000341,169581.6268117707,17,0.9444444444444444,182.20544432705708,10.717967313356299,17.47537964403595,0,0.0,3.567078959720755,0.1981710533178197,0.20277716208849195,0,0.0
345,eMBB,496.0,4.0,24,1959,333908429.6588936,170448.4071765664,23,0.9583333333333334,195.7240981151868,8.50974339631247,15.678141050165312,0,0.0,4.619193677211432,0.192466403217143,0.20027425915320096,0,0.0
346,eMBB,494.25,5.75,19,1957,311561999.74091065,159203.88336275454,18,0.9473684210526315,192.59999064385627,10.699999480214238,17.77977932713547,0,0.0,3.792121142092048,0.19958532326800255,0.20918821313239383,0,0.0
347,eMBB,486.5,13.5,21,1924,303454081.3770188,157720.41651612203,20,0.9523809523809523,194.70623054604988,9.735311527302494,17.884357661258473,0,0.0,4.238417777739649,0.20182941798760232,0.20818060860578888,0,0.0
348,URLLC,222.25,277.75,889,889,122733473.0,138057.89988751407,889,1.0,51.120836499872624,0.05750375309322005,0.06128689561538462,0,0.0,1.3556720987187625,0.0015249404934969206,0.00267398130154795,0,0.0
349,eMBB,489.25,10.75,26,1930,411857231.3116585,213397.52917702514,25,0.9615384615384616,190.1315136044837,7.605260544179348,13.47516717734196,0,0.0,5.071680475039569,0.19506463365536805,0.19854517275741046,0,0.0
350,mMTC,226.5,273.5,453,453,36797752.0,81231.24061810154,453,1.0,125.18267406462394,0.27634144385126697,0.29840231428607095,0,0.0,71.45053180891425,0.15772744328678642,0.17927749634284956,0,0.0
351,eMBB,493.25,6.75,21,1951,327292904.3323583,167756.48607501708,20,0.9523809523809523,196.55000724605208,9.827500362302604,16.376685950520248,0,0.0,4.078809930286382,0.1942290442993515,0.2025102561403965,0,0.0
352,URLLC,220.5,279.5,882,882,126214334.0,143100.15192743763,882,1.0,50.92029317477506,0.05773275870155903,0.06178956578461539,0,0.0,1.472923866698124,0.001669981708274517,0.002287488919680901,0,0.0
353,mMTC,243.75,256.25,488,487,39162956.0,80416.74743326489,487,0.9979508196721312,134.45934389888603,0.27609721539812326,0.2964157865158567,0,0.0,76.12596298518228,0.15599582578930796,0.1754507253660998,0,0.0
354,eMBB,486.75,13.25,19,1927,306212785.36249465,158906.4791709884,18,0.9473684210526315,195.06407281356746,10.836892934087082,16.981249425996257,0,0.0,3.8576158485880008,0.203032413083579,0.20640302380084852,0,0.0
355,mMTC,299.0,201.0,598,598,49312426.0,82462.2508361204,598,1.0,169.86916750615603,0.28406215302032783,0.3043706377852926,0,0.0,97.20362145946595,0.16254786197235108,0.1877755599837633,0,0.0
356,URLLC,201.25,298.75,805,805,112765136.0,140080.91428571427,805,1.0,46.385449602662455,0.05762167652504653,0.061156772322689776,0,0.0,1.159009148829125,0.0014397629178001553,0.002036218989356433,0,0.0
357,eMBB,492.75,7.25,17,1953,317727649.71143353,162686.96861824553,16,0.9411764705882353,184.87428994941936,11.55464312183871,18.079843884017805,0,0.0,3.420067768812847,0.201180456988991,0.20469684240718283,0,0.0
358,mMTC,285.25,214.75,571,570,45929141.0,80577.4403508772,570,0.9982486865148862,159.669740463681,0.2801223516906684,0.30200549215864664,0,0.0,90.53725306327642,0.1585591121948799,0.17564490028207558,0,0.0
359,mMTC,280.0,220.0,560,559,44563811.0,79720.59212880144,559,0.9982142857142857,160.38688636593574,0.2869175069158063,0.30387820619946315,0,0.0,91.5152028791786,0.16342000514139035,0.18928312200690195,0,0.0
360,mMTC,283.0,217.0,566,566,44174373.0,78046.59540636043,566,1.0,156.05626771868128,0.2757177874888362,0.2929290793253188,0,0.0,88.30021950123671,0.15600745494918147,0.17829933674310072,0,0.0
361,mMTC,272.5,227.5,545,545,43300127.0,79449.77431192661,545,1.0,151.61460852587754,0.2781919422493166,0.29645081657217814,0,0.0,86.21171568769228,0.15818663428934363,0.179752132993591,0,0.0
362,eMBB,484.75,15.25,18,1920,314026172.54117167,163555.2981985269,17,0.9444444444444444,188.7196635899393,11.101156681761136,17.88073384723249,0,0.0,3.5846280372517363,0.19914600206954092,0.20576890057253455,0,0.0
363,eMBB,489.5,10.5,24,1933,412868423.32747054,213589.4585242993,23,0.9583333333333334,187.30794224463497,8.143823575853695,13.37304675663273,0,0.0,4.698095418001122,0.19575397575004674,0.2019550740458021,0,0.0
364,mMTC,268.0,232.0,536,536,43280165.0,80746.57649253731,536,1.0,148.10548226069153,0.2763161982475588,0.2934360608206485,0,0.0,84.9274932206296,0.15844681571012986,0.1766843166235179,0,0.0
365,mMTC,264.5,235.5,529,529,43997042.0,83170.21172022684,529,1.0,148.1577451457697,0.2800713518823624,0.30298229500495055,0,0.0,84.10912685057937,0.15899645907481924,0.18285120475175176,0,0.0
366,mMTC,282.75,217.25,566,565,45922038.0,81277.94336283187,565,0.9982332155477032,162.41228766742825,0.2874553764025279,0.3062167588160907,0,0.0,92.62115780115239,0.16364162155680634,0.19069978867356863,0,0.0
367,eMBB,486.5,13.5,18,1927,308170397.1529973,159922.36489517245,17,0.9444444444444444,190.59700241683757,11.211588377461034,18.08064884207096,0,0.0,3.566981591146056,0.19816564395255865,0.20742559042645992,0,0.0
368,eMBB,492.0,8.0,18,1949,311697709.1881084,159926.99291334447,17,0.9444444444444444,196.58325370287216,11.563720806051304,18.485161520571,0,0.0,3.654166473964444,0.20300924855358024,0.20803914430892342,0,0.0
369,eMBB,495.75,4.25,20,1962,319245042.4658625,162714.08892245794,19,0.95,193.69549612407818,10.194499796004115,17.87904489620905,0,0.0,4.007902434164381,0.20039512170821908,0.20450845582937616,0,0.0
370,eMBB,490.75,9.25,28,1934,411586184.15538573,212816.0207628675,27,0.9642857142857143,191.70379630711224,7.10014060396712,13.875025348790517,0,0.0,5.384245322435852,0.19229447580128042,0.20136349249889934,0,0.0
371,mMTC,282.5,217.5,565,564,45657938.0,80953.79078014185,564,0.9982300884955753,156.01176850815347,0.27661661083005934,0.29843789966937917,0,0.0,89.65569161190557,0.1586826400210718,0.17691222044319305,0,0.0
372,eMBB,493.25,6.75,18,1954,332217185.25479126,170019.03032486758,17,0.9444444444444444,191.02189259611157,11.236581917418327,17.17847452298876,0,0.0,3.4857146824572833,0.1936508156920713,0.20510858100603838,0,0.0
373,eMBB,493.25,6.75,19,1953,334976765.9469545,171519.0813860494,18,0.9473684210526315,195.90881324120588,10.883822957844771,16.1744850977648,0,0.0,3.694730925351371,0.19445952238691425,0.20057064403654767,0,0.0
374,eMBB,491.75,8.25,16,1950,313947814.9536549,160998.87946341277,15,0.9375,184.23635882978724,12.282423921985815,18.08100258799158,0,0.0,3.162618776415167,0.19766367352594794,0.20820346305565998,0,0.0
375,eMBB,488.5,11.5,19,1934,306916135.8662616,158695.0030332273,18,0.9473684210526315,193.4730933111871,10.74850518395484,17.783215814816966,0,0.0,3.865337740261005,0.20343882843478975,0.2082624135711194,0,0.0
376,eMBB,492.0,8.0,19,1948,318004823.5740187,163246.82935011227,18,0.9473684210526315,190.52196619194925,10.584553677330513,17.678652346484686,0,0.0,3.815177991888734,0.20079884167835443,0.20446506000716025,0,0.0
377,mMTC,261.5,238.5,523,522,42007961.0,80475.02107279694,522,0.9980879541108987,147.21125963900707,0.28201390735441967,0.30027869794903994,0,0.0,85.66800021071973,0.16380114763043924,0.1872333661502782,0,0.0
378,eMBB,490.0,10.0,21,1938,311392886.15113515,160677.44383443505,20,0.9523809523809523,191.96276121992938,9.598138060996469,17.779827121885063,0,0.0,4.19746509446759,0.1998792902127424,0.20577344751688303,0,0.0
379,URLLC,158.75,341.25,635,634,86435323.0,136333.3170347003,634,0.9984251968503937,36.828239838071845,0.058088706369198495,0.05930533279443639,0,0.0,1.1367588850363652,0.001790171472498213,0.0023362490316222676,0,0.0
380,eMBB,482.75,17.25,21,1909,326344610.88050795,170950.55572577682,20,0.9523809523809523,192.37422769561647,9.618711384780823,16.374005653592487,0,0.0,4.107498598570708,0.1955951713605099,0.1986325553943185,0,0.0
381,eMBB,493.0,7.0,18,1953,311436515.04088306,159465.7015058285,17,0.9444444444444444,188.40144156061075,11.082437738859456,18.182082827867386,0,0.0,3.6803549628460575,0.20446416460255876,0.21085747932809717,0,0.0
382,eMBB,492.0,8.0,19,1948,309307615.1387016,158782.14329502138,18,0.9473684210526315,186.53512302878465,10.363062390488036,17.68338454130417,0,0.0,3.830194059650963,0.2015891610342612,0.20824034568673255,0,0.0
383,eMBB,495.0,5.0,21,1958,317461431.0301323,162135.56232386737,20,0.9523809523809523,190.89612883741228,9.544806441870614,17.181008096562103,0,0.0,4.13106959758142,0.19671759988482954,0.2033626311794511,0,0.0
384,mMTC,313.5,186.5,627,626,48534460.0,77531.08626198083,626,0.9984051036682615,176.93000172291482,0.28263578549986396,0.3014619266865885,0,0.0,103.38888654311422,0.16489455589013433,0.18867636845837943,0,0.0
385,mMTC,255.25,244.75,511,510,40016480.0,78463.6862745098,510,0.9980430528375733,141.32026469071087,0.2770985582170801,0.2956990689049442,0,0.0,81.29170192475677,0.1590835654104829,0.1784485744667349,0,0.0
386,eMBB,489.25,10.75,19,1937,326392524.4060238,168504.14269799888,18,0.9473684210526315,182.09631669086346,10.116462038381304,17.27449505252219,0,0.0,3.782268071738301,0.1990667406178053,0.20332915148523373,0,0.0
387,eMBB,493.5,6.5,19,1954,336336113.4527577,172126.97720202545,18,0.9473684210526315,190.03474793702637,10.557485996501464,16.875025918278997,0,0.0,3.7256254066004995,0.19608554771581577,0.20128162327012666,0,0.0
388,mMTC,247.5,252.5,495,494,39515018.0,79989.91497975709,494,0.997979797979798,136.39886257575725,0.2761110578456624,0.2978206307335096,0,0.0,77.76706218925364,0.15710517613990632,0.18003364047154802,0,0.0
389,eMBB,486.25,13.75,23,1921,300988655.4457319,156683.31881610196,22,0.9565217391304348,190.31788135706304,8.650812788957412,16.282378607476634,0,0.0,4.699955920474438,0.20434590958584514,0.21174486644021012,0,0.0
390,eMBB,487.75,12.25,17,1933,317859069.5626719,164438.21498327568,16,0.9411764705882353,194.17211004181027,12.135756877613142,17.979837806951988,0,0.0,3.42359588157981,0.20138799303410648,0.20434191994068318,0,0.0
391,mMTC,280.0,220.0,560,559,43291175.0,77443.96243291593,559,0.9982142857142857,157.8610885280394,0.2823990850233263,0.29906377980461996,0,0.0,92.15340011182641,0.16455964305683288,0.18442782354668424,0,0.0
392,mMTC,276.75,223.25,554,553,43327333.0,78349.60759493671,553,0.9981949458483754,153.13173422360714,0.2769109117967579,0.296437604927365,0,0.0,88.24816457077004,0.1592927158317149,0.17729433030570646,0,0.0
393,URLLC,171.0,329.0,684,684,95152905.0,139112.43421052632,684,1.0,39.7432523674396,0.058104170127835676,0.06153682672307693,0,0.0,1.2518667235164898,0.0018302145080650435,0.002490518952375873,0,0.0
394,eMBB,489.25,10.75,21,1935,331404496.57020116,171268.47367969053,20,0.9523809523809523,195.7103478474175,9.785517392370874,14.271986571245025,0,0.0,4.046188695125314,0.19267565214882446,0.2010198963325701,0,0.0
395,eMBB,488.0,12.0,21,1931,308322628.00000006,159669.9264629726,20,0.9523809523809523,196.74964460150548,9.837482230075274,17.779304803145177,0,0.0,4.083982350728761,0.19447535003470293,0.20921440944056108,0,0.0
396,eMBB,490.0,10.0,16,1943,311483192.96219444,160310.44413906045,15,0.9375,194.9451466448048,12.996343109653653,17.78112286886523,0,0.0,3.2761508978810445,0.20475943111756528,0.20889117276030694,0,0.0
397,URLLC,164.25,335.75,657,657,91969424.0,139983.90258751903,657,1.0,37.82949791081392,0.05757914446090399,0.05853824725787589,0,0.0,1.0780886831216103,0.001640926458328174,0.0020384623136131728,0,0.0
398,mMTC,318.5,181.5,637,637,50343258.0,79031.8021978022,637,1.0,180.2100538306007,0.2829043231249619,0.30240611680275326,0,0.0,105.16317279692228,0.16509132307209148,0.18841321059527538,0,0.0
399,mMTC,311.0,189.0,622,622,48646421.0,78209.68006430868,622,1.0,172.25714710428412,0.2769407509715179,0.293149289376393,0,0.0,99.232846110958,0.15953833779896784,0.17874381072922169,0,0.0
400,eMBB,490.25,9.75,20,1941,326788890.99999917,168361.09788768634,20,1.0,197.60288763762549,9.880144381881275,16.679610068904243,0,0.0,3.9324406661920763,0.19662203330960382,0.20249984242074243,0,0.0
401,eMBB,495.25,4.75,19,1961,337788395.78067183,172253.13400340226,18,0.9473684210526315,193.63964710564883,10.757758172536047,17.073135446445566,0,0.0,3.734565019337939,0.1965560536493652,0.20546541562309323,0,0.0
402,mMTC,292.0,208.0,584,584,46716794.0,79994.5102739726,584,1.0,161.35390969568815,0.27629094125973996,0.2982926201854918,0,0.0,91.88037326029774,0.15732940626763312,0.17690707860375904,0,0.0
403,mMTC,302.0,198.0,604,603,47479451.0,78738.72470978441,603,0.9983443708609272,168.1758944451597,0.2788986640881587,0.29941681318040003,0,0.0,96.01591193236231,0.15896674160987137,0.1809244724685127,0,0.0
404,eMBB,493.5,6.5,24,1949,314073923.96123457,161146.18982105417,23,0.9583333333333334,194.39842034644303,8.452105232454045,16.776312587339905,0,0.0,4.797894724314939,0.19991228017978913,0.20584093401200187,0,0.0
405,eMBB,491.75,8.25,25,1941,416365984.4592635,214511.06875799253,24,0.96,192.38785760239134,8.016160733432972,13.874711312421464,0,0.0,4.809470419586636,0.19237881678346544,0.2020714799397628,0,0.0
406,URLLC,182.0,318.0,728,727,102983820.0,141655.8734525447,727,0.9986263736263736,42.02684527574828,0.057808590475582226,0.061650626923076934,0,0.0,1.080300761130729,0.0014839296169378144,0.0019229193282365585,0,0.0
407,eMBB,492.25,7.75,19,1949,329855884.10840505,169243.65526341973,18,0.9473684210526315,186.08375822491823,10.337986568051013,16.883592087208765,0,0.0,3.772392995609338,0.19854699976891252,0.20588324289931986,0,0.0
408,eMBB,489.0,11.0,21,1934,332844779.3619545,172101.74734330637,20,0.9523809523809523,192.31876022820865,9.615938011410432,16.775276241023874,0,0.0,4.056344187976779,0.1931592470465133,0.2019790415880649,0,0.0
409,eMBB,489.0,11.0,20,1935,308155309.30553335,159253.38982198105,19,0.95,195.3642460660562,10.282328740318748,17.981095531128826,0,0.0,3.9897622867617883,0.1994881143380894,0.20840237761979208,0,0.0
410,eMBB,495.0,5.0,18,1961,312990818.2873352,159607.76047288894,17,0.9444444444444444,195.2082414767542,11.482837733926718,18.38096920725647,0,0.0,3.588072961434284,0.19933738674634913,0.20869679762930626,0,0.0
411,eMBB,495.0,5.0,17,1962,321951727.9592377,164093.64320042697,16,0.9411764705882353,189.28247130137643,11.830154456336027,17.879172257666397,0,0.0,3.3282000839314168,0.19577647552537747,0.2054157796733161,0,0.0
412,URLLC,172.5,327.5,690,689,97218694.0,141101.15239477504,689,0.9985507246376811,39.74501911258285,0.0576850785378561,0.061093143306903616,0,0.0,1.0610179082336781,0.0015377071133821421,0.00208036164023695,0,0.0
413,mMTC,242.75,257.25,486,485,38991408.0,80394.6556701031,485,0.9979423868312757,134.56584944784186,0.2774553596862719,0.29509184154785867,0,0.0,77.83749699603865,0.1601594588395857,0.17835403888308893,0,0.0
414,mMTC,292.5,207.5,585,585,45894649.0,78452.39145299145,585,1.0,164.40894216714972,0.2810409267814525,0.30328319376772933,0,0.0,93.76659933509706,0.1602847851882001,0.18873868911775715,0,0.0
415,mMTC,270.25,229.75,541,540,40939757.0,75814.36481481482,540,0.9981515711645101,155.6171411523112,0.2881798910227985,0.3084539973707627,0,0.0,89.1152042434147,0.16472311320409372,0.18619674824099214,0,0.0
416,eMBB,487.0,13.0,23,1924,303611016.66541266,157801.98371383196,22,0.9565217391304348,195.8132398411213,8.900601810960058,16.783579526331543,0,0.0,4.703825366295844,0.20451414636068885,0.21137884331810042,0,0.0
417,mMTC,291.5,208.5,583,583,46322805.0,79455.92624356775,583,1.0,162.85248629300995,0.27933531096571174,0.2995188671754293,0,0.0,93.07841002923642,0.1596542196041791,0.18255322375091576,0,0.0
418,mMTC,297.75,202.25,596,595,48835224.0,82076.00672268908,595,0.9983221476510067,169.4330749655689,0.2847614705303679,0.3022642226360735,0,0.0,97.43015844171751,0.163473420204224,0.18993874206889727,0,0.0
419,mMTC,283.0,217.0,566,565,44618576.0,78970.93097345132,565,0.9982332155477032,160.22466687336916,0.2835834811918038,0.3036808047988477,0,0.0,94.03762745571119,0.16614421811963107,0.18995023515098716,0,0.0
420,mMTC,254.0,246.0,508,508,39076059.0,76921.37598425196,508,1.0,141.0398066460134,0.2776374146575067,0.29373041731987065,0,0.0,81.8344913120155,0.16109151833073918,0.17979689528082138,0,0.0
421,eMBB,484.75,15.25,25,1913,317966173.2186836,166213.3681226783,24,0.96,192.450598810469,8.018774950436208,14.975606137784894,0,0.0,4.966657252536882,0.19866629010147527,0.20487689109958473,0,0.0
422,eMBB,491.25,8.75,20,1944,333935735.43910056,171777.64168678012,19,0.95,189.92471615994683,9.99603769262878,16.87281498713424,0,0.0,3.8455728094800947,0.19227864047400473,0.19964695638140434,0,0.0
423,eMBB,492.75,7.25,20,1950,310521777.82852596,159241.93734796203,19,0.95,194.8634267267571,10.255969827724059,17.77866372770141,0,0.0,4.0884007562570925,0.20442003781285462,0.2079400367646942,0,0.0
424,mMTC,256.75,243.25,514,513,41737234.0,81359.1306042885,513,0.9980544747081712,142.94601148710603,0.2786471958812983,0.29628188135587735,0,0.0,81.81877485789389,0.15918049583247837,0.1774587630358595,0,0.0
425,mMTC,255.0,245.0,510,510,40881566.0,80159.93333333333,510,1.0,145.34765283238372,0.2849953977105563,0.3054049221795636,0,0.0,83.69612557667969,0.16411005015035235,0.18567780973070352,0,0.0
426,eMBB,486.25,13.75,25,1919,411387232.4592622,214375.8376546442,24,0.96,190.20782880849342,7.925326200353893,13.37275944168012,0,0.0,4.825387373572586,0.19301549494290346,0.20014664042166905,0,0.0
427,eMBB,494.0,6.0,19,1956,315969695.48283523,161538.6991221039,18,0.9473684210526315,186.4462422912082,10.35812457173379,17.77868358733447,0,0.0,3.8366512795825085,0.20192901471486888,0.20504043310859948,0,0.0
428,eMBB,489.25,10.75,20,1936,327407808.273736,169115.60344717768,19,0.95,196.22037647634906,10.327388235597319,17.38042252747753,0,0.0,3.929336011777952,0.1964668005888976,0.20370829850084762,0,0.0
429,mMTC,279.5,220.5,559,559,44910843.0,80341.4007155635,559,1.0,161.234832064999,0.28843440440965834,0.30882809319427174,0,0.0,92.6006970846315,0.16565419872027104,0.19286575896444477,0,0.0
430,eMBB,491.75,8.25,18,1948,311119701.6171101,159712.372493383,17,0.9444444444444444,197.69850053515518,11.62932356089148,16.18060429729247,0,0.0,3.58165027398201,0.19898057077677833,0.20986813248293257,0,0.0
431,mMTC,291.75,208.25,584,583,47055671.0,80712.98627787307,583,0.9982876712328768,164.18197181375515,0.28161573209906543,0.3045315398514585,0,0.0,95.29553321140325,0.16317728289623845,0.19149363129338237,0,0.0
432,URLLC,154.0,346.0,616,616,86352245.0,140182.2159090909,616,1.0,35.51052545618297,0.05764695690938793,0.06142479892307692,0,0.0,1.066663262798335,0.001731596205841453,0.003025275256513934,0,0.0
433,eMBB,481.0,19.0,25,1898,406006517.91738003,213912.8123906112,24,0.96,193.18767778249625,8.049486574270677,13.273893343714624,0,0.0,4.905866036097735,0.1962346414439094,0.20113565025837996,0,0.0
434,eMBB,492.5,7.5,24,1945,311443138.3361821,160125.0068566489,23,0.9583333333333334,197.94759145001746,8.606417019565976,16.070644824997036,0,0.0,4.844840980761225,0.20186837419838435,0.20672440448408136,0,0.0
435,eMBB,491.75,8.25,18,1948,329529881.334641,169163.183436674,17,0.9444444444444444,188.4124405517707,11.083084738339451,16.876134693512235,0,0.0,3.483732330838735,0.19354068504659638,0.2012075034265905,0,0.0
436,eMBB,491.75,8.25,22,1944,331191068.03152514,170365.77573638124,21,0.9545454545454546,188.47094770234682,8.974807033445087,16.57488860634754,0,0.0,4.233951645696828,0.19245234753167398,0.19955613388959276,0,0.0
437,URLLC,191.0,309.0,764,764,105512514.0,138105.38481675394,764,1.0,44.19666143663096,0.05784903329401958,0.06237036410397245,0,0.0,1.2406080070924608,0.00162383247001631,0.002299357180895524,0,0.0
438,mMTC,230.75,269.25,462,461,35577511.0,77174.6442516269,461,0.9978354978354979,128.9680645747063,0.2797571899668249,0.3010719788440617,0,0.0,74.07286792587509,0.16033088295643957,0.18411415764803873,0,0.0
439,eMBB,487.25,12.75,21,1927,311486553.7460056,161643.2557062821,20,0.9523809523809523,189.4885425523563,9.474427127617815,16.08246171968979,0,0.0,4.226434750699548,0.20125879765235943,0.2077932126923271,0,0.0
440,eMBB,491.0,9.0,27,1936,412703360.6950219,213173.2234994948,26,0.9629629629629629,189.74152729745396,7.297751049902075,13.77236663273629,0,0.0,5.307214139149871,0.19656348663518042,0.20259784926807797,0,0.0
441,URLLC,200.0,300.0,800,799,112653184.0,140992.72090112642,799,0.99875,46.23614690829385,0.05786751803290845,0.059046037461901346,0,0.0,1.2483486378071729,0.001560435797258966,0.0018969305258797202,0,0.0
442,eMBB,496.75,3.25,20,1966,333264247.51952314,169513.85936903517,19,0.95,199.2575901317604,10.487241585882126,16.674350096022454,0,0.0,3.8752304533982964,0.1937615226699148,0.20255447282165878,0,0.0
443,URLLC,171.5,328.5,686,686,95730161.0,139548.33965014576,686,1.0,39.68773177274777,0.0578538364034224,0.0611644726464039,0,0.0,1.2530669227477886,0.001826628167270829,0.0024119149540962077,0,0.0
444,mMTC,238.25,261.75,477,476,37593696.0,78978.35294117648,476,0.9979035639412998,131.89063621633218,0.2770811685217063,0.29984513011284125,0,0.0,75.36510046798003,0.15799811418863738,0.18188811805448973,0,0.0
445,eMBB,491.75,8.25,22,1944,305570310.465894,157186.37369644752,21,0.9545454545454546,191.54082164558815,9.12099150693277,18.180517612792265,0,0.0,4.503863399042839,0.2047210635928563,0.2123141777685414,0,0.0
446,eMBB,494.5,5.5,21,1956,316455535.1386294,161787.08340420725,20,0.9523809523809523,194.85770920260032,9.742885460130015,15.678536744816023,0,0.0,4.197666079023298,0.19988886090587132,0.20532291286390628,0,0.0
447,mMTC,250.5,249.5,501,501,40684432.0,81206.4510978044,501,1.0,141.97708346923568,0.28338739215416303,0.3010981981471487,0,0.0,83.51380296801611,0.16669421750103017,0.18663095621549136,0,0.0
448,mMTC,233.0,267.0,466,466,37189466.0,79805.72103004291,466,1.0,129.43560392321348,0.27775880670217484,0.29662658220955496,0,0.0,74.97565745730012,0.16089196879248951,0.17832040554107226,0,0.0
449,eMBB,490.0,10.0,19,1940,329399569.2107201,169793.59237665986,18,0.9473684210526315,196.59136077110347,10.921742265061305,17.374443125557722,0,0.0,3.685911866274918,0.19399536138289042,0.20441166232908214,0,0.0
450,eMBB,494.5,5.5,22,1955,334466054.4826254,171082.38080952707,21,0.9545454545454546,186.37633058255307,8.875063361073956,17.073646280153806,0,0.0,4.238646785158096,0.19266576296173163,0.2022027587850091,0,0.0
451,eMBB,495.75,4.25,20,1962,311451330.1789068,158741.75850097186,19,0.95,198.71737157506726,10.458809030266698,18.58110546526472,0,0.0,4.045439335950471,0.20227196679752354,0.20713901033798598,0,0.0
452,eMBB,489.25,10.75,19,1937,307028062.32755727,158507.00171789224,18,0.9473684210526315,188.65592312376353,10.480884617986863,17.78342402896631,0,0.0,3.8620775997025767,0.2032672420896093,0.20747915920228954,0,0.0
453,mMTC,318.0,182.0,636,636,51114032.0,80367.97484276729,636,1.0,181.70683915697234,0.285702577290837,0.3064876279689945,0,0.0,104.98052455893425,0.16506371785995952,0.18484189585546426,0,0.0
454,URLLC,196.75,303.25,787,786,108730355.0,138333.78498727735,786,0.9987293519695044,45.38811691891918,0.057745695825596924,0.06136672239719472,0,0.0,1.276804538272235,0.001622369171883399,0.0023946540638613827,0,0.0
455,eMBB,493.25,6.75,19,1953,316041167.6165328,161823.43451947405,18,0.9473684210526315,190.2455017876706,10.569194543759478,17.37985427600777,0,0.0,3.840240579345996,0.20211792522873664,0.20632041032897808,0,0.0
456,eMBB,494.25,5.75,18,1958,332746725.6513686,169942.1479322618,17,0.9444444444444444,189.76620749354564,11.162718087855625,17.476620974087503,0,0.0,3.5408033344873506,0.19671129636040838,0.20570653943669537,0,0.0
457,eMBB,485.75,14.25,22,1920,328158203.97700775,170915.73123802486,21,0.9545454545454546,192.8612614654736,9.18386959359398,17.074370019345324,0,0.0,4.330961244959697,0.19686187477089534,0.20613324670011712,0,0.0
458,URLLC,180.0,320.0,720,720,104154270.0,144658.70833333334,720,1.0,41.67981983975421,0.05788863866632529,0.062361313138271555,0,0.0,1.2212138446772927,0.0016961303398295732,0.002554317753656171,0,0.0
459,eMBB,492.75,7.25,20,1950,308771410.93401456,158344.31329949465,19,0.95,191.46588139382604,10.077151652306634,18.383056030223994,0,0.0,3.9899783364526455,0.19949891682263227,0.21028083790333024,0,0.0
460,eMBB,491.25,8.75,20,1944,317963366.80415326,163561.40267703356,19,0.95,195.39049322048464,10.283710169499193,18.077949080025697,0,0.0,4.012112666191766,0.2006056333095883,0.20594404305603692,0,0.0
461,mMTC,254.0,246.0,508,508,38762571.0,76304.27362204724,508,1.0,144.52271476128053,0.2844935329946467,0.30536319299411485,0,0.0,85.12145110322727,0.16756191162052614,0.19314012594640562,0,0.0
462,eMBB,490.25,9.75,23,1937,312360817.7785696,161260.10210561156,22,0.9565217391304348,197.32959290714436,8.969526950324743,18.077796279894333,0,0.0,4.613143057215099,0.2005714372702217,0.20562468238997605,0,0.0
463,eMBB,486.0,14.0,22,1921,321992322.22008955,167617.03395111376,21,0.9545454545454546,184.40874171650472,8.781368653166892,14.2727011570508,0,0.0,4.276028954212316,0.1943649524641962,0.20193135344652552,0,0.0
464,eMBB,486.25,13.75,21,1923,329049531.35496265,171112.60080861291,20,0.9523809523809523,195.19826722665417,9.759913361332709,15.874330909814416,0,0.0,4.045234872445668,0.19263023202122231,0.2000576187803184,0,0.0
465,eMBB,493.75,6.25,19,1955,311689944.62101895,159432.19673709408,18,0.9473684210526315,186.45764418119154,10.358758010066197,17.87432851947006,0,0.0,3.8656085123140915,0.2034530795954785,0.2071217811817324,0,0.0
466,mMTC,302.0,198.0,604,604,50222011.0,83149.02483443709,604,1.0,168.97355885942324,0.27975754778050205,0.298116544411663,0,0.0,97.3269208179378,0.16113728612241357,0.18288832712816666,0,0.0
467,mMTC,246.25,253.75,493,492,38653210.0,78563.43495934959,492,0.9979716024340771,140.63920257187814,0.2858520377477198,0.30722082116172533,0,0.0,81.42541086001128,0.16516310519272065,0.1849521257813339,0,0.0
468,mMTC,255.0,245.0,510,510,39953355.0,78339.91176470589,510,1.0,145.09646499292506,0.28450287253514717,0.3026038189130333,0,0.0,85.7126138368627,0.1680639486997308,0.19225560022744703,0,0.0
469,eMBB,490.25,9.75,20,1941,312854933.99999976,161182.34621329198,20,1.0,197.67507827777635,9.883753913888818,17.97950390464362,0,0.0,4.0071593467086695,0.20035796733543348,0.20762352337610296,0,0.0
470,eMBB,490.0,10.0,20,1939,325951325.5888945,168102.79813764544,19,0.95,184.83166901931705,9.727982579964054,17.27452495290451,0,0.0,3.9526267425599686,0.19763133712799844,0.20164915547673543,0,0.0
471,eMBB,486.25,13.75,28,1916,323911141.8805084,169055.919561852,27,0.9642857142857143,194.26141583782015,7.194867253252598,14.374656804430503,0,0.0,5.466656708904448,0.1952377396037303,0.20298962360908634,0,0.0
472,eMBB,486.75,13.25,21,1925,304366735.6141034,158112.58992940435,20,0.9523809523809523,187.8456433256077,9.392282166280385,16.881426189255627,0,0.0,4.296238305928599,0.2045827764727904,0.20980103775944425,0,0.0
473,eMBB,495.0,5.0,18,1961,313474580.1437469,159854.45188360373,17,0.9444444444444444,198.50488671259163,11.676758041917154,18.383247920851247,0,0.0,3.5859833520575,0.1992212973365278,0.20867200928703458,0,0.0
474,mMTC,233.5,266.5,467,467,38999850.0,83511.45610278372,467,1.0,133.68048547656184,0.28625371622390117,0.3050493360029276,0,0.0,77.60183307650678,0.16617094877196312,0.19171213361075212,0,0.0
475,eMBB,488.25,11.75,28,1924,410305391.6733269,213256.44057865223,27,0.9642857142857143,189.36716100234366,7.013598555642358,13.87356584002767,0,0.0,5.464980523330051,0.1951778758332161,0.20056799076207182,0,0.0
476,eMBB,490.0,10.0,19,1940,313765204.1729666,161734.64132627143,18,0.9473684210526315,188.34856072515208,10.463808929175116,18.082081938626395,0,0.0,3.8420945079278446,0.20221550041725497,0.2073404540857544,0,0.0
477,mMTC,253.0,247.0,506,505,41307600.0,81797.22772277228,505,0.9980237154150198,142.53067990131044,0.2822389701016048,0.304842754003522,0,0.0,81.97345969878066,0.16200288478019892,0.19340213791447192,0,0.0
478,eMBB,483.75,16.25,22,1912,326592784.34129727,170812.1257015153,21,0.9545454545454546,185.47425258177853,8.832107265798978,16.77332147480742,0,0.0,4.3446655553721545,0.19748479797146157,0.2066978641010106,0,0.0
479,eMBB,483.0,17.0,23,1908,298488705.60264796,156440.62138503563,22,0.9565217391304348,188.08455557483165,8.549297980674167,12.88225009147624,0,0.0,4.680714451724449,0.20350932398801952,0.2094538873932,0,0.0
480,eMBB,489.75,10.25,20,1938,307753458.9345949,158799.51441413566,19,0.95,186.1074411810645,9.79512848321392,18.28068607144003,0,0.0,4.039140560004801,0.20195702800024007,0.20735312305436432,0,0.0
481,mMTC,292.5,207.5,585,584,47920381.0,82055.44691780822,584,0.9982905982905983,166.89938878837057,0.28578662463762083,0.30811852537039747,0,0.0,97.12462292615974,0.16602499645497393,0.1890235313566101,0,0.0
482,eMBB,488.75,11.25,27,1927,411568093.2500934,213579.7058900329,26,0.9629629629629629,185.51803166896227,7.135308910344703,13.172329343331256,0,0.0,5.29173479193059,0.19599017747891076,0.20315064410834444,0,0.0
483,URLLC,173.0,327.0,692,692,97600276.0,141040.8612716763,692,1.0,40.10383774493325,0.05795352275279372,0.06164046116923077,0,0.0,1.1470391000871076,0.0016575709538831035,0.0021060032358816666,0,0.0
484,eMBB,494.75,5.25,17,1961,333570352.4764795,170102.16852446683,16,0.9411764705882353,185.5257898809811,11.59536186756132,17.373294894586568,0,0.0,3.2864811791779616,0.19332242230458596,0.20164417716554164,0,0.0
485,mMTC,276.0,224.0,552,551,44034695.0,79917.77676950998,551,0.9981884057971014,159.25708758335693,0.2890328268300489,0.30997756279069655,0,0.0,91.692293936664,0.16610922814613044,0.18647850729307341,0,0.0
486,eMBB,483.0,17.0,22,1909,301714941.35027105,158048.68588280305,21,0.9545454545454546,190.09032789636768,9.05192037601751,18.081631009095858,0,0.0,4.4648665565482215,0.20294847984310097,0.20983636560958063,0,0.0
487,eMBB,495.25,4.75,20,1960,309257014.18378985,157784.19091009686,19,0.95,197.1564387536703,10.376654671245806,16.58088691950833,0,0.0,3.9892345437955203,0.199461727189776,0.20691258992691458,0,0.0
488,URLLC,189.0,311.0,756,756,104547615.0,138290.49603174604,756,1.0,43.60611796105457,0.05768005021303515,0.0593068044249689,0,0.0,1.3587705155161327,0.0017973154967144613,0.0033039945788150542,0,0.0
489,eMBB,488.25,11.75,24,1928,413599813.1099103,214522.72464206966,23,0.9583333333333334,191.50004307202246,8.326088829218367,13.47344439258119,0,0.0,4.606797004829814,0.19194987520124226,0.20172074608232451,0,0.0
490,mMTC,261.5,238.5,523,523,41586115.0,79514.5602294455,523,1.0,145.64550929358515,0.2784808973108703,0.29943590859012337,0,0.0,84.75012653066631,0.1620461310337788,0.18064446476812893,0,0.0
491,eMBB,496.75,3.25,19,1967,332673667.6533656,169127.43652941822,18,0.9473684210526315,191.93772741489403,10.663207078605224,16.978487176949432,0,0.0,3.7367417912340075,0.19667062059126356,0.20234014003700052,0,0.0
492,eMBB,494.0,6.0,20,1955,334474068.5956635,171086.48010008363,19,0.95,192.086000635203,10.109789507115947,15.373517174653681,0,0.0,3.916429818131354,0.1958214909065677,0.2009337793707296,0,0.0
493,eMBB,496.5,3.5,15,1970,318974578.5633921,161916.0297276102,14,0.9333333333333333,194.75234790628622,13.910881993306159,18.179125191098194,0,0.0,2.971914306414418,0.19812762042762785,0.20957342482869695,0,0.0
494,mMTC,314.5,185.5,629,628,50344501.0,80166.40286624203,628,0.9984101748807631,176.1032713644804,0.2804192219179624,0.2981030805543031,0,0.0,101.80791937040247,0.16185678755230917,0.18197557181234372,0,0.0
495,eMBB,487.25,12.75,21,1927,313257818.15273106,162562.43806576598,20,0.9523809523809523,193.479149941172,9.6739574970586,16.779146703274517,0,0.0,4.220959773061785,0.20099808443151357,0.2052330694464825,0,0.0
496,eMBB,491.5,8.5,22,1943,417528268.3155196,214888.4551289344,21,0.9545454545454546,193.21469660559876,9.200699838361846,13.67591955144524,0,0.0,4.28143357409349,0.19461061700424953,0.19884823177465222,0,0.0
497,eMBB,489.5,10.5,18,1939,315079980.85799813,162496.12215471797,17,0.9444444444444444,190.27790367819023,11.192817863422954,18.183434929909485,0,0.0,3.6570335476924933,0.20316853042736074,0.2121101738514902,0,0.0
498,eMBB,490.0,10.0,21,1938,325205685.2520125,167804.79115170924,20,0.9523809523809523,188.12962406677477,9.406481203338739,15.87726703511911,0,0.0,4.1812323132973095,0.19910630063320522,0.20672699609130774,0,0.0
499,eMBB,490.75,9.25,18,1944,334787713.5105575,172215.90201160364,17,0.9444444444444444,185.3502482258983,10.902955777994018,17.077432655304072,0,0.0,3.533955749714745,0.1963308749841525,0.19986795450721964,0,0.0
500,eMBB,488.75,11.25,21,1933,307976403.0573166,159325.60944506808,20,0.9523809523809523,195.50585961388705,9.775292980694353,18.18313480680864,0,0.0,4.256802976112308,0.2027049036243956,0.2074760570618651,0,0.0
501,URLLC,183.0,317.0,732,732,102339630.0,139808.23770491802,732,1.0,42.238345212344974,0.0577026573939139,0.061681971272527475,0,0.0,1.2498978613449834,0.001707510739542327,0.002433180118681324,0,0.0
502,eMBB,489.75,10.25,18,1940,316153492.96080655,162965.7180210343,17,0.9444444444444444,181.84317155941466,10.696657150553804,17.885346847088407,0,0.0,3.620868425436372,0.20115935696868734,0.20790236966732123,0,0.0
503,eMBB,488.75,11.25,27,1927,411293527.58688825,213437.2224114625,26,0.9629629629629629,191.12866246713656,7.351102402582176,13.972282480561754,0,0.0,5.209293146058775,0.19293678318736202,0.20034496500344484,0,0.0
504,eMBB,495.5,4.5,18,1963,318804829.4146461,162406.94315570357,17,0.9444444444444444,198.68583602523756,11.68740211913162,16.884255636594016,0,0.0,3.5589961168491637,0.1977220064916202,0.20775891560150128,0,0.0
505,eMBB,487.75,12.25,23,1927,323517985.6911364,167886.86335814034,22,0.9565217391304348,195.78480252243713,8.899309205565324,17.175431460994123,0,0.0,4.577158557910255,0.19900689382218498,0.20257629090100937,0,0.0
506,eMBB,495.75,4.25,20,1962,337151522.9437001,171840.73544531094,19,0.95,189.01969355303945,9.948404923844182,16.889248551208574,0,0.0,3.8504893668375626,0.19252446834187814,0.20147546417302084,0,0.0
507,eMBB,494.75,5.25,21,1957,310646104.79058504,158735.8736793996,20,0.9523809523809523,196.81750169063625,9.840875084531813,16.284751566084957,0,0.0,4.273127903710603,0.20348228112907632,0.21063685261351278,0,0.0
508,URLLC,191.75,308.25,767,767,105712121.0,137825.45110821383,767,1.0,44.281619989456594,0.05773353323266831,0.05882147309358335,0,0.0,1.3558579463796558,0.001767741781459786,0.0023125207718412135,0,0.0
509,eMBB,457.25,42.75,17,1803,294402940.4770892,163285.04740825802,16,0.9411764705882353,178.52370045194203,11.157731278246377,17.374668577312104,0,0.0,3.3838089669301556,0.19904758629000915,0.20544162212582107,0,0.0
510,eMBB,486.0,14.0,26,1917,409681709.9173796,213709.81216347398,25,0.9615384615384616,195.17063649910304,7.806825459964122,13.076082828398706,0,0.0,5.028391660416151,0.19339967924677504,0.20055580069730128,0,0.0
511,eMBB,492.75,7.25,18,1952,316501378.3360305,162142.09955739268,17,0.9444444444444444,191.9134100799404,11.289024122349435,17.880032394075986,0,0.0,3.5931230569243957,0.19961794760691087,0.20419273824730172,0,0.0
512,mMTC,265.75,234.25,532,531,42493786.0,80025.96233521657,531,0.9981203007518797,149.96943998720158,0.282428323893035,0.3068308529069873,0,0.0,86.30685537545382,0.1622309311568681,0.1928574911543488,0,0.0
513,mMTC,250.25,249.75,501,500,39922970.0,79845.94,500,0.998003992015968,144.8123349048508,0.2896246698097016,0.3080099283434242,0,0.0,83.50154535067226,0.16666975119894661,0.18714819394630572,0,0.0
514,URLLC,184.75,315.25,739,738,105933056.0,143540.72628726286,738,0.9986468200270636,42.788451272872834,0.05797893126405533,0.06110835928474149,0,0.0,1.3428330623225935,0.001817094806931791,0.002572341592433795,0,0.0
515,eMBB,494.25,5.75,22,1954,308400277.50602025,157830.23413818845,21,0.9545454545454546,198.21676590884135,9.438893614706732,18.184355273372564,0,0.0,4.490534573753079,0.20411520789786722,0.21002267431865798,0,0.0
516,mMTC,240.5,259.5,481,481,37963151.0,78925.46985446985,481,1.0,137.8924140907539,0.28667861557329294,0.3050797841061581,0,0.0,80.38150607749603,0.16711331824843248,0.18657209101550687,0,0.0
517,eMBB,491.75,8.25,28,1938,413561083.99999946,213395.81217750232,27,0.9642857142857143,198.43745714708666,7.349535449892098,13.776326331317293,0,0.0,5.444815247681038,0.19445768741717992,0.19891507580661455,0,0.0
518,eMBB,483.75,16.25,18,1916,310036497.326539,161814.45580717066,17,0.9444444444444444,182.3925278061653,10.728972223892077,16.678360215267535,0,0.0,3.564386240900806,0.19802145782782254,0.20940050549157135,0,0.0
519,eMBB,479.75,20.25,19,1899,321170123.119121,169125.9205471938,18,0.9473684210526315,190.32239099538063,10.573466166410036,16.8743166034011,0,0.0,3.7270337409696106,0.19615967057734793,0.2009081606513099,0,0.0
520,URLLC,180.25,319.75,721,721,101728809.0,141094.0485436893,721,1.0,41.798348932961,0.057972744705909844,0.0617988308,0,0.0,1.4132185132687367,0.0019600811557125334,0.002521976402141592,0,0.0
521,eMBB,485.0,15.0,16,1924,309203621.00000095,160708.74272349323,16,1.0,195.30219326112473,12.206387078820295,18.482681955970513,0,0.0,3.2646256018391475,0.20403910011494672,0.2115527529939405,0,0.0
522,eMBB,494.0,6.0,18,1957,311922859.2033966,159388.2775694413,17,0.9444444444444444,189.10886656576807,11.124050974456946,17.480243048360965,0,0.0,3.589994452109183,0.19944413622828794,0.20900570044785777,0,0.0
523,eMBB,493.0,7.0,19,1952,318856781.1527312,163348.76083644017,18,0.9473684210526315,195.62755580424388,10.868197544680216,17.882621688510223,0,0.0,3.8305462981674157,0.20160769990354818,0.2077274225089504,0,0.0
524,mMTC,256.75,243.25,514,513,39884174.0,77746.92787524367,513,0.9980544747081712,146.33597269293907,0.2852553073936434,0.302344759498191,0,0.0,86.6123981466542,0.16850661118026108,0.18830830199568221,0,0.0
525,URLLC,180.5,319.5,722,722,102691741.0,142232.32825484764,722,1.0,41.88189441846032,0.058008164014487974,0.06168772713846154,0,0.0,1.2652607341526194,0.0017524386899620767,0.002290321183726311,0,0.0
526,eMBB,483.5,16.5,20,1913,322678796.7339716,168676.84094823396,19,0.95,192.4549908204456,10.129210043181347,16.275198487007323,0,0.0,3.9850500346644053,0.19925250173322026,0.207272921584242,0,0.0
527,eMBB,492.0,8.0,24,1943,330774623.6481742,170239.1269419322,23,0.9583333333333334,190.02109712860081,8.261786831678297,16.574739643419854,0,0.0,4.639988904795524,0.1933328710331468,0.1998659831597561,0,0.0
528,eMBB,491.5,8.5,19,1946,310130054.9724137,159367.96247297723,18,0.9473684210526315,190.86132286964747,10.603406826091526,16.881506175754833,0,0.0,3.779114257056984,0.19890075037142022,0.2068071460859228,0,0.0
529,mMTC,288.5,211.5,577,577,46635732.0,80824.49220103986,577,1.0,162.01898911604349,0.28079547507113256,0.29962750433775964,0,0.0,93.86470773046096,0.16267713644793927,0.18368688844173187,0,0.0
530,eMBB,492.5,7.5,20,1949,316631090.15985996,162458.22994348896,19,0.95,184.3057511699024,9.700302693152759,17.27711569314485,0,0.0,4.032422490672363,0.20162112453361813,0.20843822139747853,0,0.0
531,eMBB,491.5,8.5,23,1942,415994444.285976,214209.29159936972,22,0.9565217391304348,190.97072631489468,8.68048755976794,13.173774170748372,0,0.0,4.467392189658626,0.1942344430286359,0.20051736088224043,0,0.0
532,mMTC,260.75,239.25,522,521,39568113.0,75946.47408829174,521,0.9980842911877394,145.4418959056467,0.27915910922389003,0.2997162283929263,0,0.0,84.92260573624137,0.16268698416904476,0.1821700310154405,0,0.0
533,eMBB,494.75,5.25,24,1954,328889262.3216276,168315.8967869128,23,0.9583333333333334,195.57496050650906,8.503259152456916,17.37782701660717,0,0.0,4.6936908997789795,0.19557045415745747,0.2045244368513392,0,0.0
534,mMTC,283.5,216.5,567,567,46716070.0,82391.65784832451,567,1.0,164.5609114470829,0.2902308843863896,0.31227370071186905,0,0.0,95.07111259715431,0.16767391992443442,0.19105640153177517,0,0.0
535,eMBB,485.25,14.75,19,1921,306123186.41032493,159356.1615878839,18,0.9473684210526315,190.4718762825892,10.58177090458829,18.379532292515695,0,0.0,3.789571366618247,0.1994511245588551,0.21051121770467462,0,0.0
536,mMTC,266.5,233.5,533,533,42039813.0,78873.94559099436,533,1.0,149.9273293894167,0.28128954857301447,0.3031140839465468,0,0.0,87.01654987280683,0.16325806730357756,0.1863836769478793,0,0.0
537,URLLC,200.25,299.75,801,801,111438359.0,139124.04369538077,801,1.0,46.27426941794976,0.05777062349307086,0.061599826446153846,0,0.0,1.5412941135650986,0.001924212376485766,0.00357397254727002,0,0.0
538,eMBB,490.75,9.25,25,1937,416023388.00000083,214777.17501290698,24,0.96,197.79067128592328,8.241277970246804,13.573910573173007,0,0.0,4.832065827567546,0.19328263310270186,0.20119985344359217,0,0.0
539,eMBB,490.0,10.0,18,1941,314852254.2849737,162211.36233125898,17,0.9444444444444444,187.14578421236055,11.008575541903562,18.17988046248916,0,0.0,3.6182422251775415,0.20101345695430786,0.20696280836738973,0,0.0
540,eMBB,489.25,10.75,22,1934,324898541.8917187,167993.04130905826,21,0.9545454545454546,195.5615263170864,9.312453634146971,17.075180430072898,0,0.0,4.344292110215674,0.19746782319162157,0.20372670204979376,0,0.0
541,mMTC,274.5,225.5,549,549,43046935.0,78409.71766848816,548,0.9981785063752276,159.065995131727,0.29026641447395435,0.37458662987302616,0,0.0,92.07611955774044,0.16771606476819753,0.1859323568905779,0,0.0
542,mMTC,300.0,200.0,600,600,49331513.0,82219.18833333334,600,1.0,167.12531395264236,0.2785421899210706,0.29650685032784807,0,0.0,95.83575102095953,0.15972625170159924,0.17869041370505584,0,0.0
543,eMBB,489.25,10.75,21,1936,304658452.00000024,157364.9028925621,21,1.0,197.43408399958366,9.401623047599221,15.784804168419946,0,0.0,4.3048965126770975,0.20499507203224274,0.20902702907542126,0,0.0
544,eMBB,486.5,13.5,22,1923,311570399.8504275,162023.08884577613,21,0.9545454545454546,188.63850537615625,8.982785970293154,16.17810098525911,0,0.0,4.414417359645639,0.20065533452934722,0.2049524347214767,0,0.0
545,mMTC,244.25,255.75,489,488,39455070.0,80850.55327868853,488,0.9979550102249489,139.25377271295258,0.28535609162490283,0.3045364032934669,0,0.0,82.52814422777892,0.1687692110997524,0.19465291777340132,0,0.0
546,mMTC,238.5,261.5,477,477,37630695.0,78890.34591194968,477,1.0,133.30249558007537,0.27946015844879535,0.2967701478815023,0,0.0,77.97844671522049,0.16347682749522113,0.1825711687549064,0,0.0
547,eMBB,495.0,5.0,22,1957,329087026.27373517,168158.93013476502,21,0.9545454545454546,198.64539622657355,9.459304582217788,16.67696777432155,0,0.0,4.32817410070128,0.1967351863955127,0.20141328367710526,0,0.0
548,mMTC,307.0,193.0,614,613,50324111.0,82094.79771615007,613,0.998371335504886,177.92147568423962,0.2902471055207824,0.3102935476893,0,0.0,103.48675064386576,0.1685451964883807,0.19570409504467992,0,0.0
549,eMBB,489.75,10.25,19,1939,309030723.50462645,159376.34012616114,18,0.9473684210526315,185.28330852960488,10.293517140533604,18.2805781485683,0,0.0,3.8009057699160316,0.20004767210084376,0.20815946800211466,0,0.0
550,mMTC,289.25,210.75,579,578,46426174.0,80322.10034602076,578,0.998272884283247,162.49054602647163,0.2811255121565253,0.3034580449009485,0,0.0,94.51007404686084,0.16322983427782528,0.18792011886003435,0,0.0
551,eMBB,494.0,6.0,19,1957,320653857.00000054,163849.69698518168,18,0.9473684210526315,198.89062924635994,11.049479402575551,17.87974175022602,0,0.0,3.5950342820202486,0.18921233063264467,0.20647227420251074,0,0.0
552,mMTC,280.25,219.75,561,560,44125259.0,78795.10535714286,560,0.9982174688057041,159.98933285422277,0.2856952372396835,0.3065927940870663,0,0.0,94.99791968471699,0.16933675523122457,0.19557749031238073,0,0.0
553,URLLC,187.5,312.5,750,750,101890871.0,135854.49466666667,750,1.0,43.52646389097238,0.05803528518796317,0.06219775311605656,0,0.0,1.3699237932032076,0.0018265650576042766,0.002453604263811862,0,0.0
554,URLLC,188.0,312.0,752,752,106982102.0,142263.4335106383,752,1.0,43.89308904029848,0.058368469468482016,0.06303170223116408,0,0.0,1.5796499776830806,0.0021005983745785647,0.0032545822311640716,0,0.0
555,eMBB,491.25,8.75,21,1943,332847680.74366003,171306.06317223882,20,0.9523809523809523,195.39661536972557,9.769830768486278,16.973279628026027,0,0.0,4.049769164792374,0.19284615070439876,0.20140082346571087,0,0.0
556,mMTC,272.0,228.0,544,543,43258826.0,79666.34622467772,543,0.9981617647058824,151.79703891287073,0.2795525578505907,0.30432921263548374,0,0.0,87.62846494622393,0.16108173703349987,0.18191893122576658,0,0.0
557,eMBB,487.25,12.75,24,1924,302895474.95043933,157430.08053557138,23,0.9583333333333334,191.50107166992336,8.326133550866233,17.082639490428733,0,0.0,4.8247147112681095,0.20102977963617122,0.20997696067167654,0,0.0
558,eMBB,494.0,6.0,19,1956,318476394.22655684,162820.24244711496,18,0.9473684210526315,195.77399435982554,10.876333019990307,17.377061848687184,0,0.0,3.783791630511625,0.19914692792166447,0.2049615501620483,0,0.0
559,eMBB,486.0,14.0,32,1911,404700966.4471865,211774.44607388097,31,0.96875,192.6912634159589,6.215847206966417,12.873275585235804,0,0.0,6.191771607185899,0.19349286272455934,0.19999138902788433,0,0.0
560,eMBB,493.5,6.5,21,1952,314991165.27182466,161368.42483187738,20,0.9523809523809523,197.51345273312194,9.875672636656097,17.383603905857413,0,0.0,4.262667923636426,0.20298418683982983,0.21274952243296388,0,0.0
561,eMBB,490.5,9.5,20,1941,328559656.84304774,169273.3935306789,19,0.95,187.25003816810948,9.855265166742605,17.277564933466618,0,0.0,3.9843799494374985,0.19921899747187494,0.2037714164311167,0,0.0
562,mMTC,247.5,252.5,495,495,40656427.0,82134.19595959596,495,1.0,143.56902269807952,0.29003842969308996,0.3100261261114835,0,0.0,83.38991994856936,0.16846448474458456,0.18865816769324495,0,0.0
563,eMBB,488.5,11.5,19,1934,308211502.06352675,159364.78907111002,18,0.9473684210526315,194.969497654088,10.831638758560445,17.77965507576992,0,0.0,3.7898048603874375,0.19946341370460197,0.2087018733441532,0,0.0
564,mMTC,242.75,257.25,486,485,38081807.0,78519.18969072164,485,0.9979423868312757,136.6140973563783,0.28167855125026453,0.30009731778897664,0,0.0,79.68969664302973,0.16397056922434103,0.18264386982148545,0,0.0
565,mMTC,275.5,224.5,551,551,44687175.0,81101.95099818512,551,1.0,158.26325462518093,0.2872291372507821,0.3067695484648726,0,0.0,92.42107959266097,0.16773335679248816,0.19128499555805625,0,0.0
566,URLLC,191.25,308.75,765,764,106354619.0,139207.6164921466,764,0.9986928104575163,44.22502472348926,0.057886158015038304,0.05902255330039181,0,0.0,1.375428629224545,0.0017979459205549608,0.002225540510112153,0,0.0
567,mMTC,276.5,223.5,553,552,43723959.0,79210.07065217392,552,0.9981916817359855,154.20922316701916,0.2793645347228608,0.2947323809472087,0,0.0,90.50880465301607,0.1636687245081665,0.18283576716626176,0,0.0
568,eMBB,492.5,7.5,24,1945,325289284.19493335,167243.84791513282,23,0.9583333333333334,197.2952157625375,8.578052859240762,16.77266306677094,0,0.0,4.72647720652702,0.1969365502719592,0.20138249619538917,0,0.0
569,mMTC,302.0,198.0,604,604,46441608.0,76890.07947019867,604,1.0,175.54893233793405,0.29064392771181136,0.313527734163689,0,0.0,102.20168662851339,0.1692080904445586,0.192637289735622,0,0.0
570,eMBB,492.5,7.5,17,1952,314426305.5723772,161079.04998584898,16,0.9411764705882353,197.06431593916602,12.316519746197876,18.278923944530014,0,0.0,3.4379079314686685,0.20222987832168637,0.2108532725798411,0,0.0
571,eMBB,491.0,9.0,18,1945,308989719.93548274,158863.60922132788,17,0.9444444444444444,189.19097370162876,11.128880805978163,18.18144435298262,0,0.0,3.6823693019402084,0.20457607233001157,0.2099070186953888,0,0.0
572,eMBB,491.5,8.5,20,1945,316897776.5334452,162929.4480891749,19,0.95,182.8767938971845,9.625094415641291,16.578603723960743,0,0.0,4.0063926573911175,0.20031963286955587,0.20736981203748264,0,0.0
573,URLLC,164.0,336.0,656,656,93798705.0,142985.83079268291,656,1.0,37.99769165794004,0.05792331045417689,0.06155091361944329,0,0.0,1.2209671299400282,0.0018612303810061407,0.0025825986194432794,0,0.0
574,eMBB,491.0,9.0,19,1944,316598586.09057105,162859.35498486165,18,0.9473684210526315,192.94983960813437,10.719435533785242,17.978874035772378,0,0.0,3.7576935146300805,0.1977733428752674,0.20675094289020482,0,0.0
575,eMBB,492.0,8.0,22,1945,326206115.18688256,167715.22631716327,21,0.9545454545454546,191.5547710929387,9.121655766330415,16.17682607480014,0,0.0,4.337601195212335,0.19716369069146975,0.20214420241966935,0,0.0
576,eMBB,495.5,4.5,19,1962,338135705.8757252,172342.35773482427,18,0.9473684210526315,190.9486713074789,10.60825951708216,16.572325590988058,0,0.0,3.659841781886767,0.1926232516782509,0.20069938729826642,0,0.0
577,eMBB,496.75,3.25,19,1967,315678908.7905852,160487.49811417653,18,0.9473684210526315,197.39079407955379,10.966155226641877,18.379643519815826,0,0.0,3.8083632187643914,0.20044016940865217,0.2111692849374866,0,0.0
578,eMBB,490.5,9.5,25,1936,304223736.3599318,157140.35969004742,24,0.96,191.10326962277955,7.962636234282481,17.47836595484325,0,0.0,5.047514372716427,0.2019005749086571,0.21019738921588083,0,0.0
579,mMTC,292.5,207.5,585,585,46473220.0,79441.4017094017,585,1.0,168.19959699311545,0.2875206786207102,0.3072785659383431,0,0.0,98.5465213246623,0.16845559200796972,0.19419618013357487,0,0.0
580,mMTC,306.75,193.25,614,613,47431605.0,77376.19086460033,613,0.998371335504886,175.32370528885315,0.2860093071596299,0.3052276587606194,0,0.0,104.10840947392396,0.1695576701529706,0.1962438496961593,0,0.0
581,mMTC,295.25,204.75,590,589,46438019.0,78842.13752122241,589,0.9983050847457627,165.8639401244848,0.2816026148123681,0.522756615246615,0,0.0,97.38340701650269,0.16505662206186897,0.31746434645362537,0,0.0
582,eMBB,495.25,4.75,22,1958,329821378.93489325,168448.09955816815,21,0.9545454545454546,195.40145007374747,9.304830955892736,16.976645527652256,0,0.0,4.289634213921678,0.1949833733600763,0.20272361692353408,0,0.0
583,eMBB,490.75,9.25,24,1938,329624886.01907116,170085.08050519667,23,0.9583333333333334,192.10573530105665,8.352423273958985,16.474260321977525,0,0.0,4.733994037481895,0.19724975156174562,0.20741004495581417,0,0.0
584,eMBB,496.25,3.75,19,1965,313064265.828526,159320.2370628631,18,0.9473684210526315,196.0869652004375,10.893720288913194,18.08254665393883,0,0.0,3.8109294858729057,0.20057523609857397,0.21047477005622028,0,0.0
585,mMTC,276.5,223.5,553,552,44948991.0,81429.33152173914,552,0.9981916817359855,155.5589859581215,0.28180975717050993,0.30488215039592753,0,0.0,91.01796476654715,0.16458944804077244,0.18956064391863559,0,0.0
586,eMBB,494.75,5.25,20,1958,318092956.4644352,162458.0982964429,19,0.95,191.51760522940316,10.079873959442272,16.27959486248692,0,0.0,3.950581112092928,0.1975290556046464,0.205004257562395,0,0.0
587,eMBB,490.5,9.5,31,1930,410721471.2703067,212809.0524716615,30,0.967741935483871,195.2292723822204,6.50764241274068,13.175919088604543,0,0.0,6.008273683077528,0.1938152800992751,0.2013436994326734,0,0.0
588,eMBB,494.5,5.5,20,1957,316491835.33800447,161722.96133776417,19,0.95,197.62811923579423,10.401479959778644,16.480167854239383,0,0.0,3.9538357894107627,0.19769178947053814,0.20770307552497208,0,0.0
589,eMBB,487.75,12.25,22,1928,323839405.95599884,167966.49686514464,21,0.9545454545454546,190.80407852663572,9.085908501268367,17.374765927427315,0,0.0,4.293561986011167,0.19516190845505307,0.20205919810507983,0,0.0
590,mMTC,300.25,199.75,600,601,47688575.0,79348.71048252912,600,1.0,174.63912693671102,0.29106521156118503,0.3765632608016776,0,0.0,101.85449159079434,0.16975748598465723,0.19082879398426633,0,0.0
591,eMBB,493.75,6.25,21,1953,310097320.2533076,158779.98988904638,20,0.9523809523809523,196.0418263562395,9.802091317811975,17.17805933980363,0,0.0,4.206331590262079,0.20030150429819424,0.2095703369084363,0,0.0
592,eMBB,490.25,9.75,17,1943,309034548.1152473,159050.20489719367,16,0.9411764705882353,184.29012820450748,11.518133012781718,17.081482339216045,0,0.0,3.4634175569225234,0.2037304445248543,0.20790345879267613,0,0.0
593,eMBB,492.0,8.0,22,1945,314958605.7460062,161932.44511362785,21,0.9545454545454546,191.45838192622875,9.117065806010894,16.98027582944042,0,0.0,4.435543471137782,0.20161561232444464,0.20686754378326752,0,0.0
594,eMBB,487.0,13.0,23,1924,412849141.3393995,214578.55578970868,22,0.9565217391304348,190.51947828011635,8.659976285459834,13.271616711912623,0,0.0,4.5149474039089705,0.19630206103952047,0.20090771298500978,0,0.0
595,eMBB,487.0,13.0,21,1926,309862583.15321976,160883.99956034255,20,0.9523809523809523,194.61844275141695,9.730922137570847,18.084781279629897,0,0.0,4.1665415167827,0.19840673889441426,0.20701898263337903,0,0.0
596,URLLC,166.0,334.0,664,664,92647043.0,139528.67921686746,664,1.0,38.800253193109576,0.058434116254683095,0.06302682704752655,0,0.0,1.4699828414172826,0.0022138295804477147,0.003526773201372702,0,0.0
597,mMTC,221.25,278.75,443,442,35860689.0,81132.78054298642,442,0.9977426636568849,128.6024009554911,0.29095565827034187,0.3113267931997497,0,0.0,75.04957014729818,0.16941212222866406,0.19029150503572384,0,0.0
598,eMBB,489.25,10.75,19,1937,308565117.7139847,159300.52540732303,18,0.9473684210526315,185.8516885814321,10.32509381007956,17.378944644125298,0,0.0,3.877417161869784,0.20407458746683074,0.20975902555848147,0,0.0
599,eMBB,493.25,6.75,18,1954,312693185.672033,160027.21887002714,17,0.9444444444444444,197.37073902853044,11.610043472266497,18.081303385363587,0,0.0,3.6618283117222035,0.20343490620678908,0.21182310423323158,0,0.0
600,URLLC,165.0,335.0,660,660,92121599.0,139578.1803030303,660,1.0,38.19249224423382,0.05786741249126336,0.06141178073767179,0,0.0,1.3466457216184744,0.0020403723054825368,0.003886940410704115,0,0.0
601,mMTC,273.0,227.0,546,546,44946256.0,82319.15018315018,546,1.0,156.43440064907907,0.2865098912986796,0.3047519930710703,0,0.0,93.21370364504489,0.17072106894696865,0.19057017649313152,0,0.0
602,eMBB,488.5,11.5,20,1933,312827404.93657106,161835.18103288725,19,0.95,192.53960136272008,10.133663229616847,17.68435675479923,0,0.0,3.9684223595282657,0.1984211179764133,0.20675316171319996,0,0.0
603,eMBB,489.5,10.5,21,1936,325684061.2186834,168225.23823279102,20,0.9523809523809523,193.99647876812577,9.699823938406288,17.27430946276241,0,0.0,4.163581716847895,0.19826579604037592,0.2018312540555631,0,0.0
604,eMBB,491.75,8.25,18,1948,336760060.0176252,172874.7741363579,17,0.9444444444444444,196.9678543407309,11.58634437298417,16.975867889751296,0,0.0,3.459393280502124,0.19218851558345135,0.20023680543140282,0,0.0
605,eMBB,487.5,12.5,17,1932,308625293.17544365,159743.9405669998,16,0.9411764705882353,184.58814180720645,11.536758862950403,17.578314003318265,0,0.0,3.4680331455023174,0.20400194973543043,0.20964432991847345,0,0.0
606,eMBB,489.75,10.25,23,1935,304707963.2761919,157471.8156466108,22,0.9565217391304348,188.08653463073924,8.549387937760875,17.882278403104685,0,0.0,4.690764794091266,0.20394629539527245,0.20902800501804872,0,0.0
607,mMTC,251.25,248.75,503,502,40059224.0,79799.25099601594,502,0.9980119284294234,144.70037554887128,0.2882477600575125,0.31007678818434337,0,0.0,85.01086353970135,0.16900768099344204,0.1888734512362794,0,0.0
608,eMBB,489.5,10.5,22,1935,417698987.3424713,215865.10973771126,21,0.9545454545454546,192.33039409821748,9.158590195153213,13.374457636360999,0,0.0,4.306968943404028,0.195771315609274,0.19978290332281404,0,0.0
609,eMBB,492.75,7.25,19,1951,316566518.58831644,162258.59486843488,18,0.9473684210526315,194.70164596439614,10.816758109133119,16.880018390755463,0,0.0,3.8123197228303805,0.20064840646475687,0.20600635728697358,0,0.0
610,eMBB,483.75,16.25,22,1912,321417676.7403696,168105.4794667205,21,0.9545454545454546,187.45055914594641,8.926217102187925,15.874505583579246,0,0.0,4.3410447540031045,0.19732021609105022,0.2029561922275951,0,0.0
611,eMBB,490.25,9.75,18,1942,333700118.72669816,171833.22282528225,17,0.9444444444444444,191.35596777343503,11.256233398437354,16.973760456871666,0,0.0,3.5463289784009744,0.1970182765778319,0.20797320250968554,0,0.0
612,mMTC,274.25,225.75,549,548,43453877.0,79295.39598540145,548,0.9981785063752276,153.05927035366645,0.2793052378716541,0.3019788242663897,0,0.0,88.39174309317865,0.16100499652673705,0.1804685083753813,0,0.0
613,URLLC,182.0,318.0,728,728,104855324.0,144032.03846153847,728,1.0,42.12646892355222,0.057866028741143154,0.06196428652307693,0,0.0,1.4078436724753027,0.0019338511984550862,0.002926230132136577,0,0.0
614,mMTC,237.0,263.0,474,474,37667334.0,79466.9493670886,474,1.0,136.26828635329883,0.2874858361883942,0.30980410314523266,0,0.0,80.13140345844414,0.16905359379418594,0.19031012144710716,0,0.0
615,eMBB,490.5,9.5,25,1936,413557725.3696649,213614.52756697568,24,0.96,196.54515842651773,8.189381601104905,13.571891056352298,0,0.0,4.88904180406161,0.1955616721624644,0.2036311556208427,0,0.0
616,mMTC,245.5,254.5,491,490,39194483.0,79988.74081632654,490,0.9979633401221996,137.51522250840043,0.2806433112416335,0.30093860882142726,0,0.0,81.19199161129426,0.16536047171343027,0.18443447259344173,0,0.0
617,eMBB,488.75,11.25,19,1935,329265936.21072066,170163.27452750423,18,0.9473684210526315,196.1677885348329,10.898210474157384,17.17643676991634,0,0.0,3.790149789455883,0.1994815678660991,0.20512397065709187,0,0.0
618,mMTC,279.75,220.25,560,559,45694418.0,81743.14490161002,559,0.9982142857142857,163.1303952996441,0.2918253940959644,0.3147499035970609,0,0.0,95.95094963128687,0.17134098148444085,0.1945326422797698,0,0.0
619,eMBB,494.75,5.25,21,1957,310128776.0977962,158471.52585477577,20,0.9523809523809523,193.49244646862525,9.674622323431262,17.77953539959229,0,0.0,4.263000471453054,0.20300002245014545,0.2083296171037246,0,0.0
620,eMBB,495.75,4.25,18,1964,313361642.0551714,159552.77090385507,17,0.9444444444444444,192.10454262827307,11.300267213427828,18.47941869928399,0,0.0,3.598860109813615,0.19993667276742305,0.20942857152087513,0,0.0
621,mMTC,238.5,261.5,477,477,36288101.0,76075.68343815513,477,1.0,137.58550272960997,0.28843920907675047,0.3070774736123415,0,0.0,81.04168988548545,0.16989872093393177,0.1958908358048373,0,0.0
622,mMTC,265.25,234.75,531,530,42045558.0,79331.24150943397,530,0.9981167608286252,152.0985590041596,0.28697841321539547,0.30432710100467586,0,0.0,90.94350621471862,0.17126837328572245,0.19098635464169608,0,0.0
623,eMBB,496.75,3.25,21,1965,317822860.3814533,161741.9136801289,20,0.9523809523809523,197.28039768010376,9.864019884005188,17.58022944672736,0,0.0,4.23394995799318,0.2016166646663419,0.20950097103653142,0,0.0
624,mMTC,277.0,223.0,554,554,44725163.0,80731.34115523465,554,1.0,157.48686919709755,0.2842723270705732,0.3045940056769295,0,0.0,91.09847930269936,0.16443768827202052,0.18445251383510278,0,0.0
625,eMBB,491.25,8.75,17,1947,337638785.418697,173414.88722069698,16,0.9411764705882353,188.4719604771343,11.779497529820894,16.572252983075217,0,0.0,3.34071333848559,0.19651254932268175,0.20158203228338945,0,0.0
626,eMBB,493.75,6.25,17,1957,313534420.709785,160211.76326509198,16,0.9411764705882353,198.10232303693314,12.381395189808321,16.982955573651097,0,0.0,3.484210065813337,0.20495353328313748,0.21070435466579154,0,0.0
627,eMBB,479.0,21.0,21,1894,299026747.4025281,157881.07043428093,20,0.9523809523809523,183.72873602115456,9.186436801057727,17.481914481587975,0,0.0,4.192308440104452,0.19963373524306915,0.20774740323500845,0,0.0
628,URLLC,209.0,291.0,836,835,118016726.0,141337.39640718562,835,0.9988038277511961,48.33632246775861,0.05788781133863307,0.06162645444615385,0,0.0,1.7527140297155643,0.0020965478824348854,0.002873667373773701,0,0.0
629,eMBB,489.75,10.25,24,1934,414126850.7018067,214129.70563692178,23,0.9583333333333334,194.55243108764333,8.458801351636666,13.671200343771806,0,0.0,4.679321161111965,0.1949717150463319,0.20195796877690664,0,0.0
630,URLLC,221.0,279.0,884,883,120330955.0,136275.14722536807,883,0.998868778280543,51.345231567762916,0.058148620122041805,0.06229806725170995,0,0.0,1.7376566421859276,0.0019656749345994657,0.0026109101222619928,0,0.0
631,mMTC,278.5,221.5,557,557,45270009.0,81274.70197486535,557,1.0,158.2606301877875,0.28413039531021095,0.3036602276817473,0,0.0,91.74429827795554,0.1647114870340315,0.18589782279078615,0,0.0
632,mMTC,228.5,271.5,457,457,37192732.0,81384.53391684902,457,1.0,133.5375446938973,0.292204692984458,0.3119876441954603,0,0.0,78.4471078879374,0.1716566912208696,0.19361353943053802,0,0.0
633,eMBB,488.75,11.25,19,1935,308749450.0687998,159560.43931204124,18,0.9473684210526315,191.0537637804184,10.614097987801022,18.078688856926764,0,0.0,3.883155452024769,0.20437660273814573,0.20986532689298298,0,0.0
634,eMBB,493.25,6.75,20,1952,310124347.504466,158875.1780248289,19,0.95,191.40636013590182,10.074018954521149,18.2830082076762,0,0.0,4.049329991524453,0.20246649957622265,0.20784409572163381,0,0.0
635,eMBB,488.75,11.25,19,1935,315655511.2265565,163129.46316617905,18,0.9473684210526315,193.72285850036204,10.762381027797892,17.97980125307138,0,0.0,3.8377069999917506,0.20198457894693425,0.207442769786837,0,0.0
636,eMBB,482.5,17.5,25,1904,406678202.0685213,213591.4926830469,24,0.96,189.94576751647398,7.914406979853083,13.772311042950395,0,0.0,4.901671118993135,0.19606684475972538,0.1989893650574547,0,0.0
637,eMBB,489.75,10.25,24,1934,308763113.7241362,159650.00709624414,23,0.9583333333333334,196.69926548197316,8.552141977477094,15.479808297407256,0,0.0,4.828589791041176,0.2011912412933823,0.20707988444319536,0,0.0
638,eMBB,493.75,6.25,21,1953,329620839.3052907,168776.67143128044,20,0.9523809523809523,196.30270192282435,9.815135096141217,17.275303344551336,0,0.0,4.173963649433901,0.19876017378256672,0.2043255847946454,0,0.0
639,URLLC,212.75,287.25,851,851,118401574.0,139132.28437132784,851,1.0,49.430406214192665,0.0580850836829526,0.06214813072556696,0,0.0,1.7947526655003172,0.002108992556404603,0.002866865725566959,0,0.0
640,eMBB,492.25,7.75,16,1952,314089619.50288033,160906.56736827886,15,0.9375,186.2265584223788,12.415103894825252,18.2810532880377,0,0.0,3.1839796588092053,0.19899872867557533,0.2084171597920667,0,0.0
641,eMBB,496.0,4.0,16,1967,315696408.0551717,160496.39453745386,15,0.9375,192.03709540878944,12.80247302725263,18.481782748877308,0,0.0,3.1894106774982722,0.19933816734364201,0.20937805027868522,0,0.0
642,mMTC,262.5,237.5,525,524,41635565.0,79457.18511450382,524,0.9980952380952381,151.2808723846402,0.28870395493251944,0.3106166194319637,0,0.0,89.61797086408377,0.17070089688396908,0.18931219346644584,0,0.0
643,URLLC,199.5,300.5,798,797,109943337.0,137946.47051442912,797,0.9987468671679198,46.23884434482674,0.058016115865529155,0.061671298837871286,0,0.0,1.5826754408146078,0.001983302557411789,0.0028771188378712825,0,0.0
644,mMTC,290.25,209.75,581,580,45184652.0,77904.57241379311,580,0.9982788296041308,162.6872758858406,0.2804953032514493,0.298166081739546,0,0.0,95.9475092747043,0.1651420125210057,0.18608242995730762,0,0.0
645,eMBB,491.75,8.25,19,1947,329228698.26044357,169095.3766103973,18,0.9473684210526315,196.02522647386002,10.89029035965889,16.976543702949,0,0.0,3.751422553411857,0.1974432922848346,0.20165254604083593,0,0.0
646,mMTC,290.75,209.25,582,581,45355093.0,78063.84337349398,581,0.9982817869415808,169.66985965241994,0.2920307395050257,0.31225108521182904,0,0.0,99.73665632321435,0.17136882529761915,0.19505134147416733,0,0.0
647,mMTC,266.5,233.5,533,532,41427478.0,77871.1992481203,532,0.99812382739212,148.87154941288787,0.2798337394979095,0.29766433553219274,0,0.0,86.44312299178934,0.16218221949679051,0.17900627042345374,0,0.0
648,eMBB,494.25,5.75,20,1956,308301556.9290494,157618.38288806204,19,0.95,191.33974668521392,10.070512983432312,16.383445880778716,0,0.0,4.088074501855206,0.2044037250927603,0.2090911862561815,0,0.0
649,URLLC,198.25,301.75,793,793,109714365.0,138353.54981084488,793,1.0,45.92467519261348,0.05791257905752015,0.06176394070769231,0,0.0,1.7141059602288473,0.0021615459775899716,0.004147953063587826,0,0.0
650,mMTC,296.0,204.0,592,592,48124727.0,81291.76858108108,592,1.0,170.09134096462887,0.28731645433214337,0.3071365293595983,0,0.0,101.81552160915469,0.17198567839384238,0.198457487939361,0,0.0
651,mMTC,265.0,235.0,530,530,44693415.0,84327.19811320755,530,1.0,149.12286315604283,0.2813638927472506,0.29956390768200925,0,0.0,88.34729215098953,0.16669300405847082,0.18597066619697913,0,0.0
652,eMBB,491.5,8.5,21,1944,327073424.99278784,168247.6466012283,20,0.9523809523809523,189.67707677269803,9.483853838634902,16.675124316690457,0,0.0,4.147376060111838,0.1974940981005637,0.20259765792766074,0,0.0
653,eMBB,494.0,6.0,19,1956,335766416.7732095,171659.722276692,18,0.9473684210526315,195.62623011173662,10.86812389509648,16.071520398954878,0,0.0,3.649812194758285,0.19209537867148868,0.19954939304256386,0,0.0
654,mMTC,234.0,266.0,468,468,37567798.0,80273.07264957266,468,1.0,131.1171360274072,0.2801648205713829,0.302883161272016,0,0.0,76.08914529923051,0.1625836438017746,0.1818140282825407,0,0.0
655,eMBB,493.25,6.75,21,1951,307900728.0551715,157816.87752699718,20,0.9523809523809523,191.38323293771884,9.569161646885942,17.38401909197617,0,0.0,4.256318869219411,0.20268185091521007,0.2078115051158449,0,0.0
656,eMBB,494.5,5.5,22,1955,317180457.74737483,162240.64334904082,21,0.9545454545454546,196.96859741171062,9.379457019605267,17.478433662886673,0,0.0,4.351499948071836,0.19779545218508343,0.20879403593568996,0,0.0
657,eMBB,488.5,11.5,26,1927,411442706.0000003,213514.63725998977,25,0.9615384615384616,197.0192925381316,7.880771701525264,13.270605147452851,0,0.0,5.098696403349557,0.19610370782113679,0.20103910988129226,0,0.0
658,eMBB,496.0,4.0,17,1966,320424392.64187866,162982.90571814784,16,0.9411764705882353,184.70679321955257,11.544174576222035,18.08063704583588,0,0.0,3.3710117700748228,0.19829481000440133,0.20844683030900546,0,0.0
659,mMTC,306.5,193.5,613,613,49423250.0,80625.20391517128,613,1.0,174.50193517185943,0.284668736006296,0.3060732414239459,0,0.0,101.31397928008683,0.16527565951074524,0.1896095740411763,0,0.0
660,eMBB,488.0,12.0,23,1928,329157849.88050824,170725.0258716329,22,0.9565217391304348,194.64143177333682,8.847337807878946,16.27274496119453,0,0.0,4.548616829791092,0.19776594912135181,0.20857151371825972,0,0.0
661,eMBB,491.5,8.5,19,1946,310965382.44023734,159797.21605356492,18,0.9473684210526315,195.9585864463824,10.886588135910134,18.282602155809453,0,0.0,3.893398429823105,0.204915706832795,0.21269889035872963,0,0.0
662,eMBB,487.0,13.0,19,1928,304433962.49454814,157901.43282912247,18,0.9473684210526315,187.8735946918545,10.43742192732525,18.285262955189953,0,0.0,3.896082950684104,0.20505699740442654,0.2101454039563525,0,0.0
663,mMTC,295.0,205.0,590,590,45706434.0,77468.53220338983,590,1.0,170.44585551575932,0.2888912805351853,0.3091822916200509,0,0.0,100.71494083395956,0.170703289549084,0.19086671182662085,0,0.0
664,mMTC,272.25,227.75,545,544,41472131.0,76235.53492647059,544,0.998165137614679,156.61093581947796,0.287887749668158,0.30537674923307495,0,0.0,94.02885246449961,0.17253000452201764,0.19303375524651079,0,0.0
665,eMBB,492.25,7.75,19,1949,315590906.0659418,161924.52850997527,18,0.9473684210526315,196.31486186196184,10.906381214553436,17.436998587914175,0,0.0,3.8276031814282074,0.20145279902253724,0.207535500312915,0,0.0
666,eMBB,490.5,9.5,21,1940,327364934.2186836,168744.8114529297,20,0.9523809523809523,194.33905459210504,9.716952729605252,16.772988163703534,0,0.0,4.112593183246602,0.19583777063079058,0.2030562958308172,0,0.0
667,eMBB,495.25,4.75,19,1962,336427829.0,171471.88022426097,19,1.0,199.42097898478593,10.49584099919926,15.973545819984448,0,0.0,3.6664144180251554,0.1929691798960608,0.20091366159371316,0,0.0
668,mMTC,276.75,223.25,554,553,43463014.0,78594.96202531646,553,0.9981949458483754,155.06550567195035,0.28040778602522665,0.30342009696247857,0,0.0,90.03847738102,0.16252432740256317,0.18335746880668796,0,0.0
669,eMBB,490.0,10.0,18,1941,308109885.21867955,158737.70490400802,17,0.9444444444444444,190.96877511932155,11.233457359960092,17.780157338234456,0,0.0,3.66982065834614,0.20387892546367445,0.2072275220238066,0,0.0
670,mMTC,255.0,245.0,510,509,41509055.0,81550.20628683694,509,0.9980392156862745,147.3161729504328,0.2894227366413218,0.3107966630688836,0,0.0,87.47004608545087,0.1715098942851978,0.1934386923486761,0,0.0
671,mMTC,269.5,230.5,539,539,45435493.0,84295.90538033395,539,1.0,155.49763973792997,0.2884928381037662,0.3055655751340216,0,0.0,93.47305887805082,0.17341940422643937,0.1942332529093328,0,0.0
672,eMBB,494.75,5.25,20,1958,316518499.14245313,161653.9832188218,19,0.95,198.23334290929327,10.433333837331224,17.183706516530066,0,0.0,4.067994596410676,0.2033997298205338,0.20675791586088582,0,0.0
673,mMTC,236.0,264.0,472,472,37956111.0,80415.48940677966,472,1.0,134.60042509118753,0.28517039214234646,0.3056058357055982,0,0.0,78.26191682113384,0.16580914580748696,0.18808781754345452,0,0.0
674,mMTC,261.0,239.0,522,522,42590324.0,81590.65900383142,522,1.0,152.62868660726144,0.2923921199372825,0.3160918054989453,0,0.0,89.96633886826271,0.17234930817674848,0.196428957765032,0,0.0
675,eMBB,492.0,8.0,20,1947,308414982.8002077,158405.22999497055,19,0.95,191.55303561325638,10.081738716487179,16.680489877097436,0,0.0,4.010478200207525,0.20052391001037626,0.2103111001817547,0,0.0
676,eMBB,490.0,10.0,21,1938,306238413.2761917,158017.75710845806,20,0.9523809523809523,187.9322920819217,9.396614604096085,17.479896713361743,0,0.0,4.203231902650902,0.20015390012623344,0.20831716283802082,0,0.0
677,eMBB,488.5,11.5,18,1935,317048244.10118777,163849.2217577198,17,0.9444444444444444,192.52612779018017,11.325066340598834,17.77727510362052,0,0.0,3.6203917373645718,0.20113287429803176,0.2049029469304755,0,0.0
678,eMBB,489.0,11.0,26,1929,413522938.0225306,214371.6630495234,25,0.9615384615384616,196.05412788197407,7.842165115278963,13.872247812439783,0,0.0,5.035045231390989,0.19365558582273035,0.20056834921028455,0,0.0
679,eMBB,497.0,3.0,16,1971,321562453.0422415,163146.85593213674,15,0.9375,186.6660351912412,12.444402346082747,17.980136662071036,0,0.0,3.212828918063692,0.20080180737898076,0.2076621551384924,0,0.0
680,eMBB,492.5,7.5,21,1948,327948623.5936068,168351.44948337105,20,0.9523809523809523,187.4829171679574,9.37414585839787,16.673485060401397,0,0.0,4.15646228460258,0.19792677545726572,0.20453111398649818,0,0.0
681,eMBB,493.5,6.5,20,1953,334682257.2184441,171368.2832659724,19,0.95,189.80631576498578,9.98980609289399,17.073472241347414,0,0.0,3.8562502493049933,0.19281251246524966,0.20118766688639486,0,0.0
682,eMBB,485.5,14.5,20,1921,305412610.75286853,158986.26275526732,19,0.95,193.3679352948009,10.177259752357942,16.579645333069863,0,0.0,4.022554501632536,0.2011277250816268,0.2098950329843828,0,0.0
683,eMBB,493.0,7.0,18,1953,310730547.67415166,159104.22307944275,17,0.9444444444444444,194.3722410985482,11.43366124109107,18.484596590238628,0,0.0,3.6767917410632194,0.20426620783684551,0.20805502839136353,0,0.0
684,eMBB,493.5,6.5,17,1956,321414514.32479274,164322.3488368061,16,0.9411764705882353,188.27290630289818,11.767056643931136,17.67917394972081,0,0.0,3.3441038724730916,0.19671199249841714,0.20608697212418436,0,0.0
685,mMTC,251.25,248.75,503,502,39791742.0,79266.41832669322,502,0.9980119284294234,144.69962783957652,0.288246270596766,0.3080430473257161,0,0.0,87.02514210288669,0.17301221094013258,0.1982084813002666,0,0.0
686,eMBB,486.75,13.25,20,1927,312258328.99999994,162043.7618059159,20,1.0,196.2527068489965,9.812635342449825,17.476784906267614,0,0.0,4.015644780436212,0.20078223902181058,0.2063584273775108,0,0.0
687,eMBB,492.75,7.25,25,1945,326064578.94874364,167642.45704305585,24,0.96,194.71275793167416,8.113031580486423,17.27575869167867,0,0.0,4.890324918414946,0.19561299673659785,0.20337142127969293,0,0.0
688,mMTC,258.5,241.5,517,516,42448083.0,82263.72674418605,516,0.9980657640232108,151.22242808706164,0.29306672109895665,0.312602637136964,0,0.0,89.52187933509158,0.17315643971971292,0.1946388736041441,0,0.0
689,URLLC,168.25,331.75,673,672,93192349.0,138679.09077380953,672,0.9985141158989599,39.09371127770162,0.05817516559181789,0.0628198752872482,0,0.0,1.3807120939599924,0.0020515781485289635,0.003143292210325118,0,0.0
690,eMBB,492.0,8.0,18,1949,310443621.7615542,159283.5411808898,17,0.9444444444444444,191.2837502642833,11.251985309663723,18.078634482709294,0,0.0,3.5903458577064127,0.19946365876146738,0.20830796751957847,0,0.0
691,URLLC,158.0,342.0,632,631,88810596.0,140745.793977813,631,0.9984177215189873,36.58262324667353,0.05797563113577421,0.061751336692307694,0,0.0,1.4349134988181067,0.0022704327512944726,0.0030292174071103063,0,0.0
692,mMTC,307.25,192.75,615,614,50241405.0,81826.39250814333,614,0.9983739837398374,177.1784677805753,0.2885642797729239,0.3076602937768269,0,0.0,106.81929040700983,0.173689903100829,0.1955195416658521,0,0.0
693,eMBB,492.0,8.0,23,1944,310784339.07864565,159868.48718037328,22,0.9565217391304348,193.1395905862297,8.779072299374077,17.778723243363547,0,0.0,4.648927218186743,0.20212727035594535,0.20703199841183717,0,0.0
694,eMBB,489.0,11.0,21,1934,325146264.7182704,168121.12963716153,20,0.9523809523809523,192.70610312402906,9.635305156201452,16.27529961139117,0,0.0,4.185051740330853,0.199288178110993,0.2084621516566724,0,0.0
695,eMBB,490.25,9.75,22,1938,331127665.1344998,170860.50832533528,21,0.9545454545454546,188.8280331363688,8.991811101731846,16.872335298821522,0,0.0,4.323215217975644,0.19650978263525654,0.20365409745334798,0,0.0
696,eMBB,493.25,6.75,17,1955,312855293.95365506,160028.28335225323,16,0.9411764705882353,184.96100573574492,11.560062858484057,17.782140755754188,0,0.0,3.44894105715218,0.20287888571483412,0.2085890892620207,0,0.0
697,eMBB,492.0,8.0,18,1949,310500524.38583374,159312.73698606144,17,0.9444444444444444,194.39625158914333,11.435073622890783,18.381066502859472,0,0.0,3.60312762733149,0.20017375707397167,0.20853725725403294,0,0.0
698,eMBB,492.25,7.75,17,1951,319647973.2771421,163838.01808156952,16,0.9411764705882353,191.6777238941686,11.979857743385537,17.180591904357666,0,0.0,3.3487076417603854,0.19698280245649324,0.20578975593887106,0,0.0
699,eMBB,488.75,11.25,27,1927,411724528.4501471,213660.88658544217,26,0.9629629629629629,191.6750029360654,7.372115497540976,13.37676523164095,0,0.0,5.277502633993115,0.1954630605182635,0.2014086492021382,0,0.0
700,eMBB,490.0,10.0,20,1939,313498356.7794827,161680.4315520798,19,0.95,193.83962025986912,10.202085276835216,17.777403874494095,0,0.0,3.983163494341806,0.1991581747170903,0.20818392588496476,0,0.0
701,mMTC,233.0,267.0,466,466,38053407.0,81659.67167381974,466,1.0,133.19208954067628,0.28581993463664435,0.30718263786690414,0,0.0,77.7904868148319,0.16693237513912423,0.19145478841047497,0,0.0
702,mMTC,249.25,250.75,499,498,42436284.0,85213.421686747,498,0.9979959919839679,145.90607519970777,0.29298408674640114,0.31271184366234134,0,0.0,86.5516539845223,0.17345020838581623,0.1944344893220737,0,0.0
703,eMBB,495.0,5.0,21,1958,311457426.76410306,159069.16586522118,20,0.9523809523809523,185.4132148676487,9.270660743382434,17.28170678701524,0,0.0,4.293375338408672,0.20444644468612724,0.21093515161241383,0,0.0
704,eMBB,495.0,5.0,16,1963,315649384.4378961,160799.48264793484,15,0.9375,195.62221816778194,13.041481211185463,18.48435575431198,0,0.0,3.1825593674727823,0.1989099604670489,0.2083524992724876,0,0.0
705,eMBB,495.25,4.75,17,1963,320664565.46586305,163354.33798566635,16,0.9411764705882353,193.21875569638848,12.07617223102428,17.882941826016246,0,0.0,3.391102306803777,0.19947660628257513,0.2064732045522642,0,0.0
706,eMBB,489.75,10.25,28,1930,412736952.58941376,213853.34331057707,27,0.9642857142857143,195.94168329143224,7.257099381164157,13.437111467844076,0,0.0,5.468106259510327,0.19528950926822594,0.20166893813007797,0,0.0
707,eMBB,494.25,5.75,19,1957,315833116.8745607,161386.36529103765,18,0.9473684210526315,187.44919886909622,10.413844381616457,17.484451096928243,0,0.0,3.7763121330433846,0.19875327016017813,0.2080067474729153,0,0.0
708,mMTC,245.75,254.25,492,491,39756017.0,80969.48472505092,491,0.9979674796747967,140.17293909257793,0.2854846010032137,0.30586217170706664,0,0.0,81.98906228377867,0.1666444355361355,0.18816991252636786,0,0.0
709,eMBB,494.25,5.75,21,1955,335592994.68903434,171658.8208128053,20,0.9523809523809523,194.67138796844955,9.733569398422478,17.073425103776035,0,0.0,4.047212743576949,0.19272441636080712,0.20041866761098776,0,0.0
710,eMBB,488.25,11.75,22,1931,307928067.99999946,159465.59709994795,21,0.9545454545454546,196.8338677510129,9.373041321476805,18.279119590043887,0,0.0,4.2369711038570115,0.19258959562986416,0.21137089352814092,0,0.0
711,eMBB,494.0,6.0,23,1952,308127899.22520095,157852.4073899595,22,0.9565217391304348,194.28366714518876,8.831075779326762,17.88049756637798,0,0.0,4.614075918217793,0.20061199644425187,0.20923000097732364,0,0.0
712,URLLC,161.5,338.5,646,645,89861968.0,139320.88062015505,645,0.9984520123839009,37.425539721347974,0.05802409259123717,0.0590626671580133,0,0.0,1.5127451502327898,0.0023417107588742875,0.003206265927244068,0,0.0
713,eMBB,490.25,9.75,27,1933,412335957.4257568,213313.99763360416,26,0.9629629629629629,191.29536164618278,7.357513909468569,12.971387788466489,0,0.0,5.208073298242245,0.19289160363860167,0.19842592553991,0,0.0
714,eMBB,489.75,10.25,25,1933,308962286.67994946,159835.63718569552,24,0.96,184.31743985048757,7.679893327103649,15.380891302778789,0,0.0,4.978580304100906,0.19914321216403624,0.20809671447590608,0,0.0
715,URLLC,156.0,344.0,624,623,89934790.0,144357.60834670946,623,0.9983974358974359,36.49212336260331,0.05857483685811125,0.06334780220800229,0,0.0,1.477146034852534,0.0023672212096995738,0.003866545264507098,0,0.0
716,eMBB,491.5,8.5,20,1945,332836642.57020044,171124.23782529586,19,0.95,196.58381919055788,10.346516799503046,15.871448042772007,0,0.0,3.936193682086737,0.19680968410433686,0.20205377072606057,0,0.0
717,eMBB,491.25,8.75,18,1946,311915426.7409113,160285.41970242103,17,0.9444444444444444,191.2784324019495,11.251672494232324,17.379450126907724,0,0.0,3.5974156198410476,0.19985642332450265,0.20807962511962888,0,0.0
718,eMBB,495.0,5.0,15,1964,314467403.2761919,160115.7857821751,14,0.9333333333333333,189.50430292786046,13.53602163770432,17.583682437196103,0,0.0,3.0388231287695477,0.20258820858463653,0.20848326194286904,0,0.0
719,eMBB,486.5,13.5,20,1925,313543488.3577349,162879.73421181034,19,0.95,188.1963229054155,9.905069626600817,16.98005422642949,0,0.0,4.041577836766523,0.20207889183832614,0.20944692179738766,0,0.0
720,eMBB,491.0,9.0,24,1939,413342612.4970727,213173.08535176518,23,0.9583333333333334,193.87841618200645,8.429496355739412,13.276092953970585,0,0.0,4.720414280872649,0.1966839283696937,0.2011674838122206,0,0.0
721,mMTC,237.0,263.0,474,474,36646236.0,77312.73417721518,474,1.0,133.64076816905236,0.2819425488798573,0.298733791180767,0,0.0,79.33497617245415,0.16737336745243492,0.18431259179380902,0,0.0
722,mMTC,287.5,212.5,575,575,46242683.0,80422.05739130435,575,1.0,164.25710517085756,0.28566453073192616,0.3092134866435075,0,0.0,95.96820620252339,0.16690122817830155,0.190906723366078,0,0.0
723,eMBB,494.75,5.25,21,1957,334202657.6408025,170772.94718487607,20,0.9523809523809523,189.08685004784456,9.454342502392228,16.977282431537265,0,0.0,4.154055880766699,0.19781218479841425,0.20324489316633304,0,0.0
724,eMBB,491.25,8.75,17,1947,312653561.253308,160582.20916964972,16,0.9411764705882353,194.69998200351225,12.168748875219515,18.278751655567945,0,0.0,3.392279176362932,0.1995458339037019,0.2090326001723391,0,0.0
725,eMBB,494.25,5.75,18,1958,311271046.78263533,158973.97690635105,17,0.9444444444444444,195.7420154742418,11.514236204367165,17.981027736203124,0,0.0,3.6565107329515274,0.20313948516397373,0.2084155084358898,0,0.0
726,mMTC,268.75,231.25,538,537,43645661.0,81276.83612662942,537,0.9981412639405205,155.62005733203782,0.28979526505034975,0.31017379882104684,0,0.0,92.40708376838447,0.171760378751644,0.1923683068403078,0,0.0
727,URLLC,173.0,327.0,692,691,97039695.0,140433.71201157742,691,0.9985549132947977,40.16151582511809,0.058120862265004465,0.061904667500703066,0,0.0,1.4618463847512773,0.002112494775652135,0.0029713308340363963,0,0.0
728,mMTC,242.0,258.0,484,483,37482170.0,77602.83643892339,483,0.9979338842975206,136.13458718654906,0.28185214738415953,0.3004222493205592,0,0.0,81.12789767874425,0.1676196233031906,0.18849465383087405,0,0.0
729,eMBB,484.75,15.25,20,1918,324251718.28634506,169057.20452885563,19,0.95,188.75192668047941,9.934311930551548,17.27727337851521,0,0.0,3.907904684430294,0.1953952342215147,0.20373117779679772,0,0.0
730,eMBB,491.25,8.75,24,1940,328454488.53779393,169306.43739061544,23,0.9583333333333334,186.47333174990098,8.107536163039173,16.771816758964572,0,0.0,4.723084405989185,0.19679518358288273,0.20217658331866092,0,0.0
731,mMTC,298.0,202.0,596,596,48474117.0,81332.4110738255,596,1.0,167.40231120009838,0.28087636107399055,0.301491952027353,0,0.0,97.64797064254465,0.16383887691702123,0.1866914512222857,0,0.0
732,eMBB,489.0,11.0,19,1936,307404777.84339476,158783.45962985267,18,0.9473684210526315,188.2128117893823,10.45626732163235,18.385019367980714,0,0.0,3.8498896380176437,0.20262577042198124,0.20850434099903642,0,0.0
733,eMBB,489.5,10.5,24,1933,311898285.20748156,161354.5189899025,23,0.9583333333333334,195.790147984434,8.512615129758,17.580993956050264,0,0.0,4.828887886445988,0.2012036619352495,0.2061940995177145,0,0.0
734,eMBB,491.25,8.75,26,1938,414194109.91737956,213722.45093776035,25,0.9615384615384616,197.22903149787808,7.889161259915124,13.175257408525805,0,0.0,5.01969712969238,0.1930652742189377,0.19986582507666623,0,0.0
735,eMBB,493.75,6.25,21,1953,315201096.5503536,161393.29060437973,20,0.9523809523809523,193.38399788398254,9.669199894199128,17.769648695050652,0,0.0,4.2607981365166845,0.20289514935793734,0.2069600843317706,0,0.0
736,eMBB,490.5,9.5,18,1943,328526637.0695716,169082.16009756646,17,0.9444444444444444,192.75465000703304,11.338508823943119,17.077466671233466,0,0.0,3.5638251939458736,0.19799028855254852,0.20470977526375467,0,0.0
737,eMBB,489.75,10.25,18,1940,334794247.31785357,172574.35428755337,17,0.9444444444444444,190.95253364450747,11.232501979088674,16.97162460637457,0,0.0,3.461405649096107,0.19230031383867263,0.19946987706099586,0,0.0
738,eMBB,491.5,8.5,18,1947,311588559.68708694,160035.212987718,17,0.9444444444444444,190.37014800340532,11.198244000200313,18.28346533587476,0,0.0,3.686879773365341,0.20482665407585227,0.2080422598674787,0,0.0
739,eMBB,492.5,7.5,18,1951,311818144.3539152,159824.77926904932,17,0.9444444444444444,184.495627038879,10.852683943463472,17.580371504167783,0,0.0,3.6105580447172776,0.20058655803984876,0.21173317278080456,0,0.0
740,mMTC,272.5,227.5,545,544,43224418.0,79456.65073529411,544,0.998165137614679,157.7760184906665,0.29002944575490164,0.31236184968752573,0,0.0,94.02711028290028,0.17252680785853264,0.19236210071647025,0,0.0
741,eMBB,482.75,17.25,24,1906,408116348.13605976,214121.90353413418,23,0.9583333333333334,193.6740775831622,8.420612068833139,13.074838504343276,0,0.0,4.7149708083950275,0.1964571170164595,0.2007250956107573,0,0.0
742,eMBB,494.25,5.75,20,1956,317137413.1329841,162135.6917857792,19,0.95,186.5145940555899,9.816557581873152,18.07873985313542,0,0.0,4.0592490051055785,0.20296245025527893,0.20762908309851763,0,0.0
743,eMBB,491.75,8.25,20,1946,329051310.3346419,169091.11527987765,19,0.95,188.62274960287198,9.927513136993262,16.57335272756841,0,0.0,3.981951566576354,0.1990975783288177,0.20228857341300993,0,0.0
744,eMBB,486.25,13.75,24,1920,327434566.7732084,170538.83686104603,23,0.9583333333333334,192.87839470900798,8.386017161261217,16.792858259520578,0,0.0,4.633443085706614,0.1930601285711089,0.20016267928497944,0,0.0
745,eMBB,491.5,8.5,19,1946,310507009.7787979,159561.6699788273,18,0.9473684210526315,186.366294573608,10.353683031867112,17.881519865569125,0,0.0,3.8099410208177105,0.20052321162198475,0.2105589706131099,0,0.0
746,eMBB,492.25,7.75,19,1949,308572494.2425985,158323.49627634606,18,0.9473684210526315,191.73239010503863,10.651799450279924,18.078665120738844,0,0.0,3.8770451534721633,0.20405500807748228,0.20965670762016042,0,0.0
747,eMBB,491.25,8.75,22,1942,314383394.6353788,161886.40300482945,21,0.9545454545454546,190.742647975325,9.082983236920239,17.777605503664418,0,0.0,4.436498331675772,0.20165901507617143,0.20549001397257288,0,0.0
748,eMBB,488.75,11.25,27,1927,411241879.1690263,213410.4199112747,26,0.9629629629629629,191.27268154782885,7.356641597993417,13.171027909643017,0,0.0,5.2901039266260685,0.19592977506022477,0.20026565250167394,0,0.0
749,eMBB,492.5,7.5,20,1949,315377968.6246885,161815.27379409363,19,0.95,195.34327553123902,10.281225027959948,17.37948631577213,0,0.0,4.092450138081453,0.20462250690407266,0.2138903209491797,0,0.0
750,eMBB,488.5,11.5,22,1931,324247275.36078864,167916.76611123182,21,0.9545454545454546,195.46866081380008,9.308031467323813,16.07671963490977,0,0.0,4.37642027872449,0.1989281944874768,0.20111272863643734,0,0.0
751,mMTC,261.25,238.75,523,522,40828617.0,78215.74137931035,522,0.9980879541108987,153.60667190920273,0.2942656549984727,0.31452579078618204,0,0.0,91.28186677792182,0.17453511812222144,0.19955392666944508,0,0.0
752,eMBB,491.0,9.0,17,1946,311330890.2601401,159985.04124364856,16,0.9411764705882353,194.10392804834228,12.131495503021393,17.284312192345045,0,0.0,3.4015828769757994,0.20009311041034114,0.20926004334510606,0,0.0
753,eMBB,491.0,9.0,21,1942,306661294.28733563,157910.03825300495,20,0.9523809523809523,193.89425933616099,9.69471296680805,18.48111578547601,0,0.0,4.2844550588678345,0.2040216694698969,0.21108097571083462,0,0.0
754,mMTC,256.5,243.5,513,513,41722084.0,81329.59844054581,513,1.0,149.00090792425996,0.29045011291278744,0.3135027831661958,0,0.0,88.93478775501931,0.1733621593665094,0.19289226484774677,0,0.0
755,eMBB,488.5,11.5,28,1925,409033675.44613826,212485.0262057861,27,0.9642857142857143,190.57252182804973,7.058241549187027,12.27132018064544,0,0.0,5.416462475056336,0.19344508839486912,0.2008032816044739,0,0.0
756,eMBB,493.75,6.25,19,1955,318638859.2912418,162986.62879347408,18,0.9473684210526315,198.62741045411363,11.034856136339647,17.679888112865896,0,0.0,3.856167146074813,0.20295616558288487,0.20788886831994968,0,0.0
757,URLLC,180.25,319.75,721,720,99497280.0,138190.66666666666,720,0.9986130374479889,42.22258954857716,0.05864248548413495,0.06163100498461539,0,0.0,1.7843123096938998,0.0024747743546378637,0.00322800354274204,0,0.0
758,eMBB,490.5,9.5,21,1940,332084076.79683936,171177.35917362853,20,0.9523809523809523,190.92825245898752,9.546412622949376,16.672831902258867,0,0.0,4.111321187073783,0.19577719938446586,0.20258196765783718,0,0.0
759,mMTC,309.0,191.0,618,617,49761093.0,80650.06969205834,617,0.9983818770226537,173.85401536915685,0.2817731205334795,0.30460631539591515,0,0.0,101.92796776209094,0.16493198667005007,0.18843853023549928,0,0.0
760,URLLC,195.5,304.5,782,782,108448270.0,138680.65217391305,782,1.0,45.411198526427256,0.058070586350929994,0.059606001801929084,0,0.0,1.702847164581155,0.0021775539189017325,0.0030632978019290887,0,0.0
761,mMTC,284.75,215.25,570,569,45507141.0,79977.4007029877,569,0.9982456140350877,165.39773618985208,0.29068143442856254,0.31161381987639825,0,0.0,98.97866349457544,0.17364677806065867,0.19448025156608528,0,0.0
762,eMBB,487.25,12.75,27,1921,411301161.89497447,214107.84065329228,26,0.9629629629629629,186.3211226937221,7.166197026681619,13.470518556893255,0,0.0,5.337776754581578,0.19769543535487327,0.20448418286341524,0,0.0
763,URLLC,205.5,294.5,822,821,114734934.0,139750.22411693056,821,0.9987834549878345,47.871022723448895,0.058308188457306814,0.05947792923847432,0,0.0,1.7881797769604977,0.0021754011885164203,0.0028332977252576844,0,0.0
764,eMBB,490.5,9.5,18,1943,330029058.9375315,169855.4086142725,17,0.9444444444444444,187.39225180850443,11.023073635794377,17.284808834855752,0,0.0,3.599819198516969,0.19998995547316495,0.20907484704145812,0,0.0
765,mMTC,268.25,231.75,537,536,42413296.0,79129.28358208956,536,0.9981378026070763,157.64773309028746,0.294118905019193,0.31725346580862496,0,0.0,93.86664667951479,0.17479822472907783,0.19877319179012393,0,0.0
766,eMBB,491.5,8.5,22,1943,308341859.8712283,158693.70039692655,21,0.9545454545454546,195.8235983665164,9.3249332555484,17.8797390762248,0,0.0,4.441153239579993,0.20187060179909058,0.21064317684742406,0,0.0
767,eMBB,491.25,8.75,22,1942,306239064.6838161,157692.61827178995,21,0.9545454545454546,193.75708711537868,9.226527957875176,18.180170267344874,0,0.0,4.470479981889904,0.20320363554045018,0.20880097337831188,0,0.0
768,eMBB,491.25,8.75,16,1948,321103575.7055877,164837.56453058915,15,0.9375,180.99997475053306,12.06666498336887,17.67283842734026,0,0.0,3.151911507399219,0.1969944692124512,0.20839500964446617,0,0.0
769,mMTC,267.75,232.25,536,535,43363546.0,81053.3570093458,535,0.9981343283582089,155.0042022473159,0.2897274808361045,0.3078364831398917,0,0.0,93.85788779174455,0.1751079996114637,0.1981930045458687,0,0.0
770,URLLC,184.25,315.75,737,736,104318578.0,141737.19836956522,736,0.9986431478968792,42.94477972407452,0.05834888549466647,0.06172617009104121,0,0.0,1.6443876305092733,0.0022311908148022704,0.0030530500910412066,0,0.0
771,mMTC,297.75,202.25,596,595,48136015.0,80900.86554621848,595,0.9983221476510067,170.21414440896731,0.2860741922839787,0.3067803021482807,0,0.0,99.86851658583741,0.1675646251440225,0.19023142841366758,0,0.0
772,mMTC,291.5,208.5,583,583,46505829.0,79769.86106346484,583,1.0,171.62775972383756,0.2943872379482634,0.3140737497490763,0,0.0,102.55104655530349,0.17590230970034904,0.19694073873837184,0,0.0
773,mMTC,286.75,213.25,574,573,45817129.0,79960.08551483421,573,0.9982578397212544,161.51392666651088,0.28187421756808184,0.30241828299387774,0,0.0,94.78223590842316,0.16512584653035395,0.18447261453389985,0,0.0
774,eMBB,494.5,5.5,18,1959,312105809.49454796,159318.94308042264,17,0.9444444444444444,190.73023039807143,11.219425317533613,18.079567720334865,0,0.0,3.649157718356091,0.20273098435311615,0.2100743381226836,0,0.0
775,eMBB,493.75,6.25,20,1954,318964057.55070764,163236.46752850953,19,0.95,183.3722862958617,9.65117296294009,17.381166702167558,0,0.0,4.0217682524578136,0.20108841262289068,0.20921591277066717,0,0.0
776,mMTC,289.5,210.5,579,578,46647828.0,80705.5847750865,578,0.998272884283247,167.68157414151125,0.29010652965659384,0.30723434926278437,0,0.0,101.89240586500821,0.17597997558723352,0.19359805309179218,0,0.0
777,eMBB,487.75,12.25,20,1930,311608256.3814538,161455.05511992425,19,0.95,193.5783810895339,10.188335846817575,18.080009679054324,0,0.0,4.032593876437741,0.20162969382188706,0.20798261607433538,0,0.0
778,URLLC,212.75,287.25,851,851,119425175.0,140335.10575793186,851,1.0,49.93649124057322,0.05867977819103786,0.06348158815243829,0,0.0,2.160148195496256,0.0025383645070461295,0.003990541229361368,0,0.0
779,eMBB,493.5,6.5,22,1951,333642913.00000006,171011.2316760636,21,0.9545454545454546,198.68611611699393,9.461243624618758,16.572764808434904,0,0.0,4.297986728538489,0.19536303311538586,0.19977390126057942,0,0.0
780,mMTC,286.5,213.5,573,572,47351346.0,82782.07342657342,572,0.9982547993019197,161.24284477826353,0.2818930852766845,0.3018562498328,0,0.0,94.7202750315855,0.16530589010747906,0.18588516676514874,0,0.0
781,eMBB,494.25,5.75,20,1956,310570402.3998402,158778.3243352966,19,0.95,197.10606927822673,10.374003646222459,17.28686284232847,0,0.0,4.074945284879446,0.2037472642439723,0.21152849758897252,0,0.0
782,eMBB,488.75,11.25,22,1932,313303865.7029553,162165.5619580514,21,0.9545454545454546,196.46066540038018,9.355269780970485,17.177577831824898,0,0.0,4.355488890844887,0.1979767677656767,0.20628336334236388,0,0.0
783,eMBB,488.75,11.25,27,1927,412251277.703934,213934.23855938454,26,0.9629629629629629,197.0736607742646,7.579756183625562,13.672525063870177,0,0.0,5.299275608748732,0.19626946699069378,0.20166264760536445,0,0.0
784,eMBB,493.25,6.75,19,1953,316793116.5031836,162208.45699087743,18,0.9473684210526315,198.36365426931206,11.020203014961782,17.778974860376618,0,0.0,3.891282947453746,0.2048043656554603,0.21448621823177613,0,0.0
785,eMBB,493.5,6.5,24,1949,327569787.2547909,168070.69638521853,23,0.9583333333333334,191.6277315933359,8.331640504058083,16.373785786244575,0,0.0,4.7864017722152665,0.1994334071756361,0.20597882329155962,0,0.0
786,URLLC,167.75,332.25,671,670,93682845.0,139825.14179104476,670,0.9985096870342772,39.032190486152565,0.058257000725600847,0.05945366464438104,0,0.0,1.548634410712253,0.002307949941448961,0.003056187105919497,0,0.0
787,mMTC,258.0,242.0,516,516,39786451.0,77105.52519379844,516,1.0,145.6283666375373,0.2822255167394134,0.3060026477828371,0,0.0,85.61916476893339,0.16592861389328176,0.1873177290671827,0,0.0
788,eMBB,493.25,6.75,17,1955,312647885.26262325,159922.19195019093,16,0.9411764705882353,193.27545648495786,12.079716030309866,18.47872796185189,0,0.0,3.471108469213774,0.204182851130222,0.20982910919888476,0,0.0
789,eMBB,493.25,6.75,24,1948,314238370.19322836,161313.3317213698,23,0.9583333333333334,198.7118080452994,8.639643828056496,16.278726442943483,0,0.0,4.758017360327696,0.19825072334698735,0.20743085058015742,0,0.0
790,eMBB,482.0,18.0,28,1899,404605529.7058577,213062.4169067181,27,0.9642857142857143,187.0814729895173,6.928943444056196,13.770432543273879,0,0.0,5.530687284167078,0.1975245458631099,0.204224015412306,0,0.0
791,URLLC,199.75,300.25,799,799,115502300.0,144558.57321652066,799,1.0,46.63751128516212,0.058369851420728563,0.059616747473287296,0,0.0,1.8394224193159796,0.0023021557187934663,0.0030130117887739003,0,0.0
792,eMBB,494.0,6.0,21,1954,330930421.5444978,169360.50232574093,20,0.9523809523809523,197.80667694128263,9.89033384706413,17.373288049450704,0,0.0,4.094918724086761,0.1949961297184172,0.20309794180104263,0,0.0
793,mMTC,278.0,222.0,556,555,45504534.0,81990.15135135135,555,0.9982014388489209,163.73201645766727,0.29501264226606716,0.317527251141213,0,0.0,98.11150713193256,0.17645954520131754,0.20108281716517157,0,0.0
794,eMBB,490.25,9.75,23,1937,304950049.33694065,157434.2020324939,22,0.9565217391304348,184.63671783822454,8.39257808355566,15.17730773412222,0,0.0,4.683771820229309,0.2036422530534482,0.209586311447374,0,0.0
795,eMBB,491.5,8.5,18,1947,310713734.4172552,159585.89338328465,17,0.9444444444444444,188.73726016469138,11.10219177439361,17.1780108508637,0,0.0,3.6583654283589686,0.20324252379772048,0.20945066906204796,0,0.0
796,mMTC,253.5,246.5,507,507,40861060.0,80593.8067061144,507,1.0,147.7673863139216,0.29145441087558505,0.3151445624473248,0,0.0,88.57677947298923,0.17470765182049158,0.19630728980134962,0,0.0
797,eMBB,491.0,9.0,24,1939,415100908.1600984,214079.89074785888,23,0.9583333333333334,189.8657863635732,8.255034189720574,13.774070280354653,0,0.0,4.719736778454515,0.19665569910227146,0.19945667568496095,0,0.0
798,eMBB,493.0,7.0,19,1952,316475374.01089215,162128.7776695144,18,0.9473684210526315,188.56829270223355,10.476016261235197,17.68251096701256,0,0.0,3.7932282351907696,0.19964359132582998,0.20955363763197096,0,0.0
799,eMBB,495.75,4.25,19,1963,334124411.1476125,170211.11112970582,18,0.9473684210526315,194.97743585439775,10.832079769688765,17.2753511275693,0,0.0,3.7218318081761828,0.19588588464085172,0.20432198376184915,0,0.0
800,eMBB,491.5,8.5,22,1943,332176457.8757251,170960.60621498976,21,0.9545454545454546,189.54403521817684,9.025906438960803,17.172074275236994,0,0.0,4.248770547706952,0.19312593398667965,0.20068707667989574,0,0.0
801,eMBB,494.75,5.25,23,1955,308299196.3100696,157697.79862407653,22,0.9565217391304348,192.44969096102434,8.747713225501107,16.38001654824701,0,0.0,4.69354926380502,0.20406735929587042,0.2086315896439782,0,0.0
802,mMTC,302.25,197.75,605,604,49235173.0,81515.18708609272,604,0.9983471074380166,171.98790715582052,0.28474819065533197,0.302868280949864,0,0.0,101.14483775691254,0.16718155001142568,0.18685095893087672,0,0.0
803,mMTC,287.5,212.5,575,574,45008051.0,78411.23867595819,574,0.9982608695652174,167.22130005459402,0.2913263067153206,0.3128665845303048,0,0.0,100.58368298932955,0.1749281443292688,0.19638559558368351,0,0.0
804,mMTC,255.75,244.25,512,511,41750820.0,81704.14872798434,511,0.998046875,148.43129407914458,0.2904721997634923,0.3080983494912383,0,0.0,90.15611366045815,0.17608615949308232,0.1999566170523665,0,0.0
805,eMBB,492.75,7.25,22,1948,312285962.77347296,160311.06918556106,21,0.9545454545454546,194.7335811102786,9.27302767191803,16.1770626751561,0,0.0,4.4362372125305685,0.20164714602411674,0.2085984442775552,0,0.0
806,URLLC,184.75,315.25,739,738,101991535.0,138199.91192411925,738,0.9986468200270636,43.34707930148203,0.058735879812306276,0.061571012415384624,0,0.0,1.9436787811349507,0.002630147200453249,0.003607720587219737,0,0.0
807,eMBB,489.25,10.75,22,1934,330718338.13793683,171002.24309097044,21,0.9545454545454546,192.61307070787436,9.172050986089255,16.673420261747196,0,0.0,4.322267801443255,0.19646671824742068,0.20345029712898466,0,0.0
808,mMTC,278.0,222.0,556,556,45311525.0,81495.54856115108,556,1.0,157.03051176055993,0.2824289779866186,0.3023885976059609,0,0.0,92.68374162749771,0.16669737702787357,0.1875886339899817,0,0.0
809,eMBB,493.5,6.5,17,1956,312824339.93401396,159930.64413804395,16,0.9411764705882353,191.50284942887626,11.968928089304766,18.181562424094338,0,0.0,3.399958328845338,0.1999975487556081,0.20826490994072974,0,0.0
810,mMTC,277.0,223.0,554,554,44535024.0,80388.12996389891,554,1.0,161.19913617949308,0.29097316999908496,0.3124094626154821,0,0.0,96.77908488076841,0.1746914889544556,0.19490341641857323,0,0.0
811,eMBB,485.75,14.25,26,1916,409466178.70131683,213708.86153513406,25,0.9615384615384616,191.94524736384918,7.677809894553967,13.37349436252732,0,0.0,5.050103283683497,0.1942347416801345,0.20049484878774826,0,0.0
812,eMBB,491.25,8.75,22,1942,311907982.8592335,160611.7316473911,21,0.9545454545454546,193.17250873053987,9.19869089193047,17.884108943310284,0,0.0,4.478170473847178,0.20355320335668992,0.20795379960857271,0,0.0
813,mMTC,268.5,231.5,537,536,44452801.0,82934.33022388059,536,0.9981378026070763,153.78326388119757,0.28690907440521934,0.3083515047025617,0,0.0,90.69642088246465,0.16889463851483175,0.19197774122354877,0,0.0
814,eMBB,491.25,8.75,25,1939,328517251.64817417,169426.12256223525,24,0.96,189.85382150162644,7.910575895901101,16.368200607299613,0,0.0,4.935441579383332,0.1974176631753333,0.20174562664578086,0,0.0
815,eMBB,482.25,17.75,24,1904,299895106.50607014,157507.93408932255,23,0.9583333333333334,189.24079491956843,8.227860648676888,18.57825921554065,0,0.0,4.911943324872115,0.2046643052030048,0.21034344926834966,0,0.0
816,mMTC,310.5,189.5,621,621,50524549.0,81359.98228663446,621,1.0,176.93612881958654,0.28492130244699926,0.30372614292280964,0,0.0,104.45016260042883,0.16819671916333145,0.18961788275878771,0,0.0
817,eMBB,492.25,7.75,23,1945,315110072.21833766,162010.31990660034,22,0.9565217391304348,196.94641186665638,8.952109630302562,17.5802957810783,0,0.0,4.569768350851449,0.19868558047180213,0.20735282334505334,0,0.0
818,eMBB,489.5,10.5,28,1929,411274450.8386925,213206.0398334331,27,0.9642857142857143,194.28023038064518,7.195564088172044,13.074271933342322,0,0.0,5.430035312462435,0.1939298325879441,0.20208094491379824,0,0.0
819,mMTC,266.5,233.5,533,533,41496907.0,77855.36022514071,533,1.0,150.8919896128746,0.2830994176601775,0.3006613853555398,0,0.0,90.03932808358043,0.16892932098232727,0.18702098447191817,0,0.0
820,URLLC,175.75,324.25,703,702,95076305.0,135436.3319088319,702,0.9985775248933144,41.25079691361027,0.0587618189652568,0.06369034808836997,0,0.0,1.8986079094016246,0.0027007224884802628,0.004271965780677662,0,0.0
821,mMTC,265.5,234.5,531,530,41765426.0,78802.69056603774,530,0.9981167608286252,156.3709552723285,0.29503953824967644,0.3182072409545548,0,0.0,93.82453407119763,0.1766940377988656,0.20209440251566813,0,0.0
822,eMBB,487.0,13.0,21,1926,306090707.56339234,158925.60101941452,20,0.9523809523809523,191.42851517094172,9.571425758547086,18.177956376894322,0,0.0,4.226792481812571,0.20127583246726527,0.21301335743282876,0,0.0
823,eMBB,486.25,13.75,17,1927,306349018.69369894,158977.17628110998,16,0.9411764705882353,188.5782568172021,11.78614105107513,17.882276036149324,0,0.0,3.478164533871201,0.20459791375712946,0.20965514616337938,0,0.0
824,eMBB,489.0,11.0,21,1934,314253273.7447751,162488.7661555197,20,0.9523809523809523,196.46928254225014,9.823464127112507,17.678068494487256,0,0.0,4.2511978175724705,0.2024379913129748,0.20944826385534254,0,0.0
825,eMBB,486.0,14.0,27,1916,409397600.99999964,213673.06941544867,26,0.9629629629629629,196.05902591503641,7.540731765962939,13.87211472005933,0,0.0,5.2897873165257545,0.19591804876021313,0.19982739145344086,0,0.0
826,mMTC,312.0,188.0,624,624,50530317.0,80978.07211538461,624,1.0,176.84218804591615,0.2834009423812759,0.30093996125720307,0,0.0,105.76311190213137,0.1694921665098259,0.1884704648954334,0,0.0
827,mMTC,264.5,235.5,529,528,41829526.0,79222.58712121213,528,0.998109640831758,151.6200480727376,0.2871591819559424,0.30911182851270413,0,0.0,89.65612157316211,0.16948227140484332,0.19741904587421996,0,0.0
828,mMTC,250.5,249.5,501,501,40450830.0,80740.17964071856,501,1.0,148.1332382805395,0.2956751263084621,0.31496235737645895,0,0.0,88.97695381041719,0.1775987102004335,0.2027365227265177,0,0.0
829,URLLC,217.5,282.5,870,870,116947131.0,134421.98965517242,870,1.0,50.73850953220682,0.0583201258990883,0.061243895184615385,0,0.0,1.9479898961299156,0.00223906884612634,0.0031815744318784305,0,0.0
830,mMTC,297.5,202.5,595,594,48211961.0,81164.91750841751,594,0.9983193277310924,169.36785505676187,0.2851310691191277,0.308497470441736,0,0.0,100.53732494142277,0.16897029401919794,0.19390924850439456,0,0.0
831,eMBB,491.5,8.5,20,1945,318129047.1932282,163562.49213019444,19,0.95,197.77296378214956,10.40910335695524,17.579451071016077,0,0.0,4.029349463542993,0.20146747317714966,0.20569251252669646,0,0.0
832,eMBB,487.75,12.25,25,1925,410777732.03422177,213391.02962816716,24,0.96,192.84102520586174,8.035042716910906,13.471265509269337,0,0.0,4.924420239614243,0.1969768095845697,0.2005011360812025,0,0.0
833,mMTC,235.5,264.5,471,471,37491667.0,79600.14225053079,471,1.0,133.57628059668846,0.28360144500358486,0.30180515581189515,0,0.0,80.19848814202227,0.1702727986030197,0.18863926183253482,0,0.0
834,mMTC,225.0,275.0,449,448,35878455.0,80085.83705357143,448,0.9977728285077951,130.7938650577058,0.29195059164666476,1.9568843250672696,0,0.0,78.16957173783922,0.17409704173238133,1.8371916107422877,0,0.0
835,eMBB,494.5,5.5,20,1957,335051764.81499225,171206.82923607167,19,0.95,187.87619941580135,9.888221021884283,16.373441598240777,0,0.0,3.9410549273093016,0.19705274636546508,0.20110069807168415,0,0.0
836,eMBB,493.75,6.25,16,1958,314083170.41802007,160410.19939633302,15,0.9375,185.62135814856742,12.374757209904494,18.482241322903846,0,0.0,3.2959559920011037,0.20599724950006898,0.21366713437959073,0,0.0
837,mMTC,288.0,212.0,576,576,46471225.0,80679.21006944444,576,1.0,164.49519872514247,0.28558194223115013,0.30311344182268135,0,0.0,97.66262142124721,0.1695531621896653,0.189745486536593,0,0.0
838,URLLC,169.5,330.5,678,678,95521803.0,140887.6150442478,678,1.0,39.42862365481474,0.058154312175242986,0.061829150089794414,0,0.0,1.6948514503531817,0.0024997809002259316,0.0046183199011930395,0,0.0
839,eMBB,491.75,8.25,23,1943,417171285.6738358,214704.72757274102,22,0.9565217391304348,192.80659704551564,8.76393622934162,13.275032885011331,0,0.0,4.542222086643943,0.19748791681060623,0.20251446594196434,0,0.0
840,eMBB,488.5,11.5,23,1930,310727821.1643197,160998.87106959568,22,0.9565217391304348,193.44083578325944,8.79276526287543,17.97897433155027,0,0.0,4.6723462640637194,0.20314548974190086,0.20871238027557404,0,0.0
841,eMBB,490.5,9.5,22,1939,327335981.36078835,168816.9063232534,21,0.9545454545454546,196.27813138813121,9.346577685149105,17.27523019104132,0,0.0,4.392030833691474,0.19963776516779427,0.20599654376699073,0,0.0
842,eMBB,490.0,10.0,22,1937,331090417.7266979,170929.48772674132,21,0.9545454545454546,191.50825895192,9.11944090247238,15.87616569884509,0,0.0,4.318101137982357,0.1962773244537435,0.2027261519037804,0,0.0
843,eMBB,492.75,7.25,20,1950,310742820.83878785,159355.29273783992,19,0.95,194.02467406401863,10.211824950737823,17.680069620113972,0,0.0,4.004187874266878,0.20020939371334392,0.20668926771472618,0,0.0
844,mMTC,237.25,262.75,475,474,37617017.0,79360.79535864979,474,0.9978947368421053,135.21209904004223,0.2852575929114815,0.30862201911409703,0,0.0,80.21600508631587,0.16887580018171763,0.19543613500977874,0,0.0
845,eMBB,489.0,11.0,21,1934,313414033.6293953,162054.82607517854,20,0.9523809523809523,194.4676264833254,9.72338132416627,17.77757716984895,0,0.0,4.247975441690844,0.20228454484242114,0.20774456857506113,0,0.0
846,eMBB,491.25,8.75,27,1937,414345041.71987903,213910.70816720653,26,0.9629629629629629,185.80145228527812,7.146209703279927,13.773368487047158,0,0.0,5.239596018496079,0.19405911179615107,0.2024565894369369,0,0.0
847,eMBB,489.5,10.5,20,1937,312520319.17296726,161342.44665615243,19,0.95,188.2111234088301,9.905848600464742,18.079035402294735,0,0.0,4.074309293897307,0.20371546469486534,0.2087302691185555,0,0.0
848,URLLC,161.0,339.0,644,644,89599723.0,139130.0046583851,644,1.0,37.8761404594807,0.05881388270105699,0.06178170421538462,0,0.0,1.7842625680960778,0.00277059404983863,0.003851268064142814,0,0.0
849,eMBB,487.75,12.25,20,1930,329870088.9728224,170917.14454550386,19,0.95,183.16405523168615,9.64021343324664,16.373148580988364,0,0.0,3.9343122718214594,0.19671561359107298,0.2019592879691151,0,0.0
850,URLLC,205.0,295.0,820,819,110704370.0,135170.17094017094,819,0.998780487804878,47.824192971284916,0.058393398011336896,0.061796982923329136,0,0.0,1.9125816233978545,0.002332416613899823,0.0034317147582592503,0,0.0
851,eMBB,489.5,10.5,20,1937,306214590.8367318,158087.0370865936,19,0.95,187.0388982157496,9.844152537671032,18.279159419198912,0,0.0,4.116696274054755,0.20583481370273776,0.21420034592137255,0,0.0
852,eMBB,490.75,9.25,21,1941,315431875.3376179,162509.98214199787,20,0.9523809523809523,196.74759797352095,9.837379898676048,17.376152659437302,0,0.0,4.2362625677908,0.20172678894241905,0.20592648555651089,0,0.0
853,eMBB,489.0,11.0,26,1929,411882673.6542296,213521.3445589578,25,0.9615384615384616,194.9178807197274,7.796715228789096,13.392479470181817,0,0.0,5.032554775569934,0.19355979906038207,0.2019372655116652,0,0.0
854,eMBB,492.25,7.75,19,1949,316061689.18216753,162166.07962143022,18,0.9473684210526315,181.59836065277574,10.088797814043097,17.379322609266577,0,0.0,3.8367480030703844,0.20193410542475707,0.20839646452820243,0,0.0
855,mMTC,290.5,209.5,581,580,47312835.0,81573.85344827586,580,0.9982788296041308,166.85736427397555,0.2876851108171992,0.3094019667521613,0,0.0,99.04960852220803,0.1704812539108572,0.1955176471312456,0,0.0
856,eMBB,494.0,6.0,20,1955,335906467.28730565,171819.16485284176,19,0.95,188.71305866732345,9.932266245648602,16.572833231035958,0,0.0,3.8747120365400614,0.19373560182700306,0.20156792594438322,0,0.0
857,eMBB,493.75,6.25,17,1957,312851741.4806676,159862.923597684,16,0.9411764705882353,188.17530348625564,11.760956467890978,17.77642638517088,0,0.0,3.482303177812265,0.20484136340072145,0.2094269460638229,0,0.0
858,URLLC,219.0,281.0,876,875,120042156.0,137191.03542857143,875,0.9988584474885844,50.90680769955808,0.058179208799494946,0.06241125935824176,0,0.0,2.0317215861625795,0.0023193168791810267,0.003437229997880317,0,0.0
859,eMBB,490.25,9.75,18,1942,316422624.7323591,162936.46999606545,17,0.9444444444444444,190.31494542343913,11.194996789614066,16.876440571290196,0,0.0,3.627175989113617,0.20150977717297872,0.20716900927482512,0,0.0
860,eMBB,491.25,8.75,23,1941,416184003.00000036,214417.3122102011,22,0.9565217391304348,197.81681268839057,8.991673304017754,13.674119509647875,0,0.0,4.460454867252068,0.19393282031530729,0.20008440297530383,0,0.0
861,URLLC,174.75,325.25,699,699,92944533.0,132967.8583690987,699,1.0,40.890136882191705,0.05849804990299243,0.06246035234050745,0,0.0,1.7034093621917314,0.0024369232649380994,0.0032430425055121406,0,0.0
862,URLLC,185.5,314.5,742,742,106382291.0,143372.35983827492,742,1.0,43.6474017712218,0.05882399160542022,0.06343907505151639,0,0.0,2.0870304059140548,0.0028127094419326884,0.004231923897670229,0,0.0
863,eMBB,491.75,8.25,22,1944,333616510.53779423,171613.43134660198,21,0.9545454545454546,186.53312752908246,8.882529882337261,17.172814071372052,0,0.0,4.3454928830464645,0.1975224037748393,0.20129139153691478,0,0.0
864,eMBB,490.0,10.0,18,1941,310515808.7661887,159977.23274919562,17,0.9444444444444444,191.2279824842616,11.248704852015388,17.279620366701785,0,0.0,3.6558231630238827,0.20310128683466014,0.207760394401589,0,0.0
865,eMBB,490.5,9.5,22,1939,305914388.81572366,157769.153592431,21,0.9545454545454546,189.75831739418174,9.036110352103893,18.385728092098606,0,0.0,4.4872194155979415,0.20396451889081552,0.2109983476155181,0,0.0
866,eMBB,488.75,11.25,19,1935,315703828.5879076,163154.4333787636,18,0.9473684210526315,183.51755698848,10.195419832693334,17.784445365314248,0,0.0,3.7549125309314832,0.19762697531218332,0.20806134019846395,0,0.0
867,URLLC,152.25,347.75,609,609,85928444.0,141097.6091954023,609,1.0,35.50732893792454,0.05830431681104194,0.05947225532754115,0,0.0,1.4140545304245404,0.002321928621386766,0.003116166119411937,0,0.0
868,mMTC,247.25,252.75,495,494,37965713.0,76853.67004048583,494,0.997979797979798,140.5506717805002,0.2845155299200409,0.30199023451032825,0,0.0,84.60665019873834,0.17092252565401683,0.18982368420447515,0,0.0
869,eMBB,492.0,8.0,20,1947,328077358.42748475,168504.03617230855,19,0.95,191.79145929937854,10.094287331546239,16.97209229502157,0,0.0,3.960816644849189,0.19804083224245944,0.20369559887275412,0,0.0
870,mMTC,258.75,241.25,518,517,40280955.0,77912.87234042553,517,0.9980694980694981,153.10897801732352,0.29614889365052904,0.3155432566360009,0,0.0,92.10550121398353,0.17780984790344312,0.20019471033989106,0,0.0
871,eMBB,491.75,8.25,18,1948,310984928.9911403,159643.18736711514,17,0.9444444444444444,191.38319568962729,11.257835040566311,17.985427919360614,0,0.0,3.6150703515756515,0.20083724175420287,0.21062295591357277,0,0.0
872,mMTC,270.5,229.5,541,540,43955758.0,81399.55185185185,540,0.9981515711645101,154.4024360146118,0.28593043706409593,0.30470417933794847,0,0.0,92.08571465327039,0.17021389030179368,0.19073173959462764,0,0.0
873,eMBB,496.5,3.5,22,1963,318957281.35773414,162484.6058877912,21,0.9545454545454546,192.29550153084864,9.156928644326126,17.77921059295315,0,0.0,4.410797237253083,0.20049078351150376,0.20707568120717307,0,0.0
874,eMBB,489.25,10.75,25,1931,412763533.4604146,213756.3611913074,24,0.96,187.73995815990128,7.822498256662553,13.371139090108562,0,0.0,4.836262196728044,0.19345048786912178,0.20003325519165924,0,0.0
875,eMBB,492.5,7.5,17,1952,318184454.2718252,163004.33108187767,16,0.9411764705882353,196.76841124335104,12.29802570270944,17.979733365980284,0,0.0,3.457752747497507,0.20339722044102984,0.2073204398122825,0,0.0
876,mMTC,297.5,202.5,595,595,46437678.0,78046.51764705882,595,1.0,171.40000944686648,0.28806724276784285,0.3106265758219828,0,0.0,101.74308397864066,0.17099677979603473,0.19897229257507468,0,0.0
877,eMBB,489.5,10.5,17,1940,335443804.9092244,172909.17778825999,16,0.9411764705882353,182.9233683284144,11.4327105205259,16.870923341600744,0,0.0,3.3190195212773106,0.19523644242807708,0.20098117009121338,0,0.0
878,eMBB,493.25,6.75,18,1954,312484161.02715564,159920.246175617,17,0.9444444444444444,189.58143295356084,11.151848997268285,17.878534079658245,0,0.0,3.6163424036727183,0.200907911315151,0.21175325258393285,0,0.0
879,eMBB,490.5,9.5,18,1943,309760817.76155454,159423.9926719272,17,0.9444444444444444,190.77189236256456,11.221876021327327,18.481715733906807,0,0.0,3.696158326607941,0.20534212925599674,0.21293547018303155,0,0.0
880,eMBB,492.25,7.75,20,1948,316620947.9712291,162536.42092978905,19,0.95,188.89036280141121,9.941598042179537,17.876192666726137,0,0.0,4.052181038969329,0.20260905194846646,0.20888129071597347,0,0.0
881,mMTC,285.0,215.0,570,570,45940289.0,80596.99824561403,570,1.0,166.11582072910255,0.291431264437022,0.30824165334726894,0,0.0,101.30833490831894,0.1777339208917876,0.19630806681426974,0,0.0
882,mMTC,262.0,238.0,524,523,42173144.0,80636.98661567878,523,0.9980916030534351,148.5778214677144,0.28408761274897587,0.30316298800250996,0,0.0,89.64161612278161,0.17107178649385804,0.19137844411433194,0,0.0
883,mMTC,248.25,251.75,497,496,40631151.0,81917.64314516129,496,0.9979879275653923,143.0668594505302,0.28844124889219797,0.31092789741161153,0,0.0,85.15514934206783,0.1713383286560721,0.20038895924174133,0,0.0
884,eMBB,489.75,10.25,19,1939,332792627.55328006,171631.06114145438,18,0.9473684210526315,193.41629074395746,10.745349485775414,16.370498838157765,0,0.0,3.761115240904238,0.197953433731802,0.20961996909542902,0,0.0
885,eMBB,492.25,7.75,18,1950,311545715.494911,159767.03358713386,17,0.9444444444444444,192.5979579848803,11.32929164616943,18.081864590553444,0,0.0,3.6264984320316658,0.20147213511287032,0.21106173761975205,0,0.0
886,eMBB,494.75,5.25,21,1957,309938760.43789583,158374.43047414196,20,0.9523809523809523,195.92449280927542,9.796224640463771,18.180875174897086,0,0.0,4.226563717674387,0.20126493893687558,0.20762310826423633,0,0.0
887,eMBB,493.25,6.75,21,1951,316047374.60805,161992.50364328548,20,0.9523809523809523,192.0512680345438,9.60256340172719,16.884623582904023,0,0.0,4.240366144542906,0.201922197359186,0.20879518214482684,0,0.0
888,eMBB,479.25,20.75,28,1888,402208552.70131737,213034.19104942656,27,0.9642857142857143,189.5647143061969,7.020915344673959,13.57091512342071,0,0.0,5.53135110029097,0.19754825358182035,0.20533761897963396,0,0.0
889,eMBB,490.25,9.75,18,1942,315343847.37008005,162380.97186924823,17,0.9444444444444444,187.0607403313042,11.003572960664954,17.67835320025498,0,0.0,3.5721756878046027,0.19845420487803347,0.20792713027301776,0,0.0
890,eMBB,493.5,6.5,19,1954,330499507.15980214,169139.97295793355,18,0.9473684210526315,185.96834931589385,10.331574961994102,17.175952690661997,0,0.0,3.7133222485402104,0.1954380130810637,0.20271330504583512,0,0.0
891,eMBB,493.75,6.25,24,1950,331642957.5622455,170073.3115703823,23,0.9583333333333334,197.1347186001473,8.571074721745534,15.272505435782747,0,0.0,4.7073313092363405,0.1961388045515142,0.20132791765119734,0,0.0
892,eMBB,489.0,11.0,16,1939,311610989.36217743,160707.06001143757,15,0.9375,194.16771057211545,12.94451403814103,17.577887467808164,0,0.0,3.2510426737727447,0.20319016711079654,0.20905177780268475,0,0.0
893,eMBB,491.5,8.5,19,1946,308301777.5546677,158428.45711956202,18,0.9473684210526315,188.54295752343205,10.47460875130178,18.1804853158138,0,0.0,3.8978247842990066,0.20514867285784244,0.21482540819744594,0,0.0
894,eMBB,494.0,6.0,20,1955,317701631.27737325,162507.22827487122,19,0.95,188.19434796926075,9.904965682592671,17.377664442613575,0,0.0,4.060570972351477,0.20302854861757386,0.21013447976672858,0,0.0
895,eMBB,486.0,14.0,23,1920,411780849.5868881,214469.19249317088,22,0.9565217391304348,189.7689892485896,8.625863147663164,13.771999671974113,0,0.0,4.514787806939758,0.19629512204085903,0.20195405970834499,0,0.0
896,eMBB,492.5,7.5,17,1952,317304843.3438506,162553.71072943165,16,0.9411764705882353,184.27468572667868,11.517167857917418,17.081792024225557,0,0.0,3.3706102647028713,0.19827119204134536,0.2071832886460136,0,0.0
897,eMBB,489.75,10.25,18,1940,328319039.3216279,169236.6182070247,17,0.9444444444444444,193.16580743138576,11.362694554787398,16.87451566723613,0,0.0,3.5869851143196905,0.19927695079553837,0.20201799059118586,0,0.0
898,eMBB,487.75,12.25,21,1928,351266620.1099114,182192.2303474644,20,0.9523809523809523,191.29631625844218,9.56481581292211,16.474027486804946,0,0.0,4.119437664138925,0.19616369829232974,0.2010366176660366,0,0.0
899,eMBB,494.0,6.0,18,1957,312710778.6106581,159790.89351592137,17,0.9444444444444444,187.67766371218934,11.039862571305255,17.28218578186303,0,0.0,3.611857130027862,0.20065872944599233,0.20873416206485187,0,0.0
900,eMBB,493.75,6.25,20,1954,309601389.2998489,158444.92799378143,19,0.95,184.61180913123673,9.716411006907196,18.279462437694875,0,0.0,4.091847633231835,0.20459238166159177,0.20932423595754368,0,0.0
901,eMBB,491.75,8.25,21,1945,315782357.629395,162355.9679328509,20,0.9523809523809523,195.46638216746166,9.773319108373084,16.876837563479505,0,0.0,4.1603192382843215,0.19811043991830102,0.20663177423806584,0,0.0
902,mMTC,265.0,235.0,530,530,42501271.0,80191.07735849057,530,1.0,155.06538112111912,0.2925761907945644,0.311456920352994,0,0.0,94.99677517130658,0.17923919843642752,0.2022476619414072,0,0.0
903,eMBB,494.75,5.25,19,1959,316421726.59192085,161522.0656416135,18,0.9473684210526315,194.42034411640222,10.801130228689011,16.880708754946117,0,0.0,3.862473322042329,0.2032880695811752,0.2072345827431842,0,0.0
904,eMBB,490.5,9.5,22,1939,325625666.8430471,167934.84623158694,21,0.9545454545454546,187.37235153792787,8.922492930377517,17.378231304395953,0,0.0,4.392766265159308,0.19967119387087762,0.20344466582287174,0,0.0
905,eMBB,493.25,6.75,21,1951,334516254.7615416,171458.86968812998,20,0.9523809523809523,191.8809644285499,9.594048221427496,16.47500082941502,0,0.0,4.083648157708646,0.19445943608136412,0.2016429932030193,0,0.0
906,mMTC,275.5,224.5,551,550,44772845.0,81405.17272727273,550,0.9981851179673321,156.18913445034815,0.28398024445517844,0.30420954978237613,0,0.0,92.77827082543598,0.168381616743078,0.18723383240196337,0,0.0
907,eMBB,492.5,7.5,22,1947,308109639.8954027,158248.40261705327,21,0.9545454545454546,191.9098401214229,9.138563815305853,17.879500376528824,0,0.0,4.443940388233732,0.20199729037426054,0.20911791371709595,0,0.0
908,eMBB,492.25,7.75,18,1950,318562695.03139794,163365.48463148612,17,0.9444444444444444,193.91665507600996,11.406862063294703,17.676959435684637,0,0.0,3.6337179784956706,0.20187322102753724,0.20855539614158786,0,0.0
909,eMBB,491.5,8.5,26,1939,416040818.0177641,214564.63023092528,25,0.9615384615384616,193.73035744183653,7.749214297673461,13.47461261429056,0,0.0,5.1515370155515665,0.19813603905967564,0.2019858760517069,0,0.0
910,mMTC,242.75,257.25,486,485,39031061.0,80476.4144329897,485,0.9979423868312757,138.15047440155521,0.2848463389722788,0.30410140543800723,0,0.0,83.34687138682551,0.17149562013750105,0.1922164099599311,0,0.0
911,mMTC,306.0,194.0,612,611,47657521.0,77999.21603927987,611,0.9983660130718954,176.2382000627057,0.2884422259618751,0.31157017839032203,0,0.0,105.14242070629331,0.1718013410233551,0.20203589396471427,0,0.0
912,eMBB,484.5,15.5,24,1913,325097481.9873017,169941.18242932655,23,0.9583333333333334,190.2782670685053,8.272968133413274,17.073858657186413,0,0.0,4.659379159329338,0.19414079830538908,0.2017237740385614,0,0.0
913,eMBB,493.5,6.5,22,1951,310655757.40005726,159228.98892878383,21,0.9545454545454546,190.88912098126218,9.089958141964866,18.177995618036725,0,0.0,4.432487111273683,0.20147668687607648,0.2104687558966878,0,0.0
914,mMTC,290.25,209.75,581,580,46875068.0,80819.08275862069,580,0.9982788296041308,166.31242541695377,0.2867455610637134,0.30635840330811276,0,0.0,99.48413936373854,0.17122915553139162,0.1923061457997826,0,0.0
915,eMBB,494.75,5.25,19,1959,319838100.6058454,163266.00337204972,18,0.9473684210526315,183.32389908717167,10.184661060398426,16.277227221830692,0,0.0,3.769914488358898,0.19841655201888939,0.20838759394478357,0,0.0
916,eMBB,482.5,17.5,26,1904,406475756.9999995,213485.16649159638,26,1.0,194.83070874146634,7.4934887977487055,13.470162636683847,0,0.0,5.083190380287318,0.19550732231874302,0.20156140896254593,0,0.0
917,eMBB,494.5,5.5,19,1958,317363550.82636935,162085.57243430507,18,0.9473684210526315,193.21729955454128,10.734294419696738,16.97636910869452,0,0.0,3.864798316565138,0.20341043771395464,0.20793349255387772,0,0.0
918,mMTC,241.0,259.0,482,482,38346349.0,79556.74066390042,482,1.0,139.36860529800822,0.2891464840207639,0.3116426186300485,0,0.0,83.36396499861272,0.17295428422948697,0.20345256063138095,0,0.0
919,eMBB,495.25,4.75,19,1961,336812820.8425772,171755.64550870843,18,0.9473684210526315,191.77953784102334,10.65441876894574,16.237802397230336,0,0.0,3.7333822255840854,0.1964938013465308,0.2014934211519977,0,0.0
920,eMBB,491.0,9.0,21,1942,307774683.03642917,158483.3589271005,20,0.9523809523809523,190.4734983404488,9.52367491702244,17.481311773283128,0,0.0,4.286616615008015,0.20412460071466737,0.21001460155326981,0,0.0
921,mMTC,231.0,269.0,462,462,37071448.0,80241.22943722944,462,1.0,132.46150149650848,0.2867132067023993,0.3018304029458881,0,0.0,79.1994186829362,0.17142731316652857,0.18783686696326546,0,0.0
922,eMBB,495.25,4.75,19,1961,319774612.8712761,163067.11518168083,18,0.9473684210526315,190.60437082887344,10.589131712715192,16.57455737991758,0,0.0,3.753542211194191,0.1975548532207469,0.20492634670632415,0,0.0
923,eMBB,488.75,11.25,25,1929,412513086.0773194,213848.15245065806,24,0.96,194.05160474374523,8.085483530989384,13.470336825415401,0,0.0,4.954008709664774,0.19816034838659097,0.205900446271278,0,0.0
924,eMBB,496.0,4.0,17,1966,319324217.1643199,162423.3047631332,16,0.9411764705882353,195.8722708028098,12.242016925175612,17.688389356954826,0,0.0,3.367097676871186,0.1980645692277168,0.2082576408841395,0,0.0
925,eMBB,495.5,4.5,18,1963,332574789.733178,169421.6962471615,17,0.9444444444444444,188.1363313010314,11.066843017707729,16.674750801224583,0,0.0,3.560532034883415,0.19780733527130084,0.203226359101905,0,0.0
926,eMBB,488.0,12.0,22,1929,329786911.152416,170962.62890223743,21,0.9545454545454546,194.74899670057962,9.273761747646649,16.875900929156604,0,0.0,4.2791535924730795,0.19450698147604906,0.2020977349396507,0,0.0
927,mMTC,308.5,191.5,617,616,49006222.0,79555.5551948052,616,0.9983792544570502,175.20937855642782,0.2844308093448504,0.3036129582530688,0,0.0,104.35450885978547,0.16913210512120821,0.1915129908428342,0,0.0
928,eMBB,483.0,17.0,20,1911,302415796.1206676,158250.0241343106,19,0.95,192.83974654709445,10.149460344583918,17.176589047887674,0,0.0,4.022901183583595,0.20114505917917974,0.21048839062956137,0,0.0
929,eMBB,485.75,14.25,21,1921,311688992.53789544,162253.50991040887,20,0.9523809523809523,180.96328018644658,9.04816400932233,17.678246465607504,0,0.0,4.259084286002142,0.20281353742867342,0.2107357157565331,0,0.0
930,eMBB,487.0,13.0,25,1922,411383145.36966515,214039.0974868185,24,0.96,195.08803818489628,8.128668257704012,13.069518461110576,0,0.0,4.893417865817575,0.195736714632703,0.2014331078829233,0,0.0
931,eMBB,493.5,6.5,24,1949,312371878.3360306,160272.8980687689,23,0.9583333333333334,192.6426076947428,8.375765551945339,17.88232998285821,0,0.0,4.8118937307008895,0.20049557211253707,0.21157736157319068,0,0.0
932,eMBB,494.25,5.75,21,1955,328266299.1191204,167911.15044456287,20,0.9523809523809523,196.26413981021074,9.813206990510537,15.876427781385708,0,0.0,4.161663538766925,0.19817445422699645,0.20486046370025007,0,0.0
933,mMTC,250.5,249.5,501,501,39292284.0,78427.7125748503,501,1.0,148.4860876395113,0.29637941644613036,0.31974079327471616,0,0.0,89.54766436336757,0.17873785302069375,0.20473049202761387,0,0.0
934,eMBB,491.75,8.25,18,1948,311178457.11883426,159742.5344552537,17,0.9444444444444444,182.9551973531168,10.762070432536282,16.677141547326986,0,0.0,3.694783875024955,0.20526577083471972,0.20901703653472495,0,0.0
935,eMBB,489.0,11.0,21,1934,305817133.9820096,158126.7497321663,20,0.9523809523809523,194.3752666096838,9.71876333048419,17.978295358472675,0,0.0,4.288479574450204,0.20421331306905732,0.21114813700086515,0,0.0
936,eMBB,494.25,5.75,18,1958,321260486.1737318,164075.8356352052,17,0.9444444444444444,190.93988589919593,11.23175799407035,18.07773665925532,0,0.0,3.5637168677843056,0.19798427043246142,0.20931747584368104,0,0.0
937,eMBB,491.5,8.5,23,1942,417076182.85044926,214766.31454709024,22,0.9565217391304348,197.28321570558472,8.967418895708397,13.570370769051806,0,0.0,4.5388898708337795,0.19734303786233823,0.20156434791384126,0,0.0
938,eMBB,493.75,6.25,17,1957,318779965.0012067,162892.1640271879,16,0.9411764705882353,195.31960457142372,12.207475285713983,17.677771891707554,0,0.0,3.4159491058730374,0.20093818269841396,0.2070071394464874,0,0.0
939,eMBB,494.75,5.25,25,1953,327423831.7739025,167651.73157905912,24,0.96,194.18495117824855,8.091039632427023,17.173596608790916,0,0.0,4.894776696212611,0.19579106784850445,0.20443291931364585,0,0.0
940,mMTC,247.5,252.5,495,495,38875672.0,78536.71111111112,495,1.0,146.93628074505364,0.29684097120212855,0.31690144229849915,0,0.0,88.89163442466005,0.17957905944375768,0.20274235665129908,0,0.0
941,eMBB,486.0,14.0,20,1923,305290400.72469616,158757.35867118885,19,0.95,191.7223894476363,10.090652076191384,17.28305450696585,0,0.0,4.112976372178972,0.2056488186089486,0.20898584818171675,0,0.0
942,eMBB,491.5,8.5,20,1945,307408512.08749413,158050.6488881718,19,0.95,193.7268939284759,10.196152312025047,18.17905775437328,0,0.0,4.015066146531825,0.20075330732659125,0.2095193755870093,0,0.0
943,mMTC,268.25,231.75,537,536,42493438.0,79278.80223880598,536,0.9981378026070763,157.0384599372615,0.29298220137548786,0.31455399818949825,0,0.0,94.93280648635837,0.17678362474182194,0.19859284359676344,0,0.0
944,eMBB,495.75,4.25,24,1958,419580074.4461379,214290.12995206227,23,0.9583333333333334,193.18062215156118,8.399157484850486,13.771418511951213,0,0.0,4.662907462563135,0.19428781094013062,0.2015135585065302,0,0.0
945,eMBB,492.25,7.75,19,1949,315461881.1516853,161858.32793826849,18,0.9473684210526315,184.53535826037896,10.25196434779883,17.58258589825455,0,0.0,3.8838464059899227,0.20441296873631173,0.2077208706069278,0,0.0
946,eMBB,492.25,7.75,20,1948,331025909.27373546,169931.16492491553,19,0.95,197.34002655627233,10.386317187172228,17.470667764556122,0,0.0,3.914685365391076,0.1957342682695538,0.20510039108349346,0,0.0
947,mMTC,237.0,263.0,474,473,37843846.0,80008.1310782241,473,0.9978902953586498,140.72289031632903,0.29751139601760895,0.31541531795234934,0,0.0,85.4186639668408,0.18020815182877806,0.20518367960438105,0,0.0
948,URLLC,156.5,343.5,626,626,85781683.0,137031.44249201278,626,1.0,36.65278766032445,0.05855077901010296,0.06331315457338924,0,0.0,1.5765409624782718,0.002518436042297559,0.0037619576503123042,0,0.0
949,eMBB,491.75,8.25,19,1947,310280360.2425987,159363.30777740048,18,0.9473684210526315,191.46471078856925,10.636928377142736,17.88166703203417,0,0.0,3.829721156394091,0.2015642713891627,0.20909450978958496,0,0.0
950,mMTC,242.0,258.0,484,483,40001291.0,82818.40786749483,483,0.9979338842975206,141.50347550843378,0.2929678581955151,0.3127696408866233,0,0.0,85.8763080327066,0.1774303884973277,0.19798235782128787,0,0.0
951,eMBB,490.0,10.0,28,1931,411508535.4314683,213106.43989200843,27,0.9642857142857143,185.603226651357,6.874193579679889,13.570052478416269,0,0.0,5.487611173003347,0.1959861133215481,0.2028596437270604,0,0.0
952,URLLC,201.0,299.0,804,804,113237163.0,140842.24253731343,804,1.0,47.13381840256133,0.0586241522419917,0.06282808541462238,0,0.0,2.081091002407435,0.0025884216447853666,0.003336482011148839,0,0.0
953,eMBB,496.0,4.0,18,1965,332847512.84469855,169388.04724921045,17,0.9444444444444444,192.69256937653535,11.334857022149137,17.37319625088606,0,0.0,3.520685676523021,0.19559364869572338,0.20331800310930506,0,0.0
954,eMBB,488.5,11.5,22,1931,330541217.74365944,171176.1873348832,21,0.9545454545454546,194.42606875108538,9.25838422624216,16.672770784401038,0,0.0,4.357127353699783,0.19805124334999016,0.21034715463144277,0,0.0
955,mMTC,254.5,245.5,509,508,40011438.0,78762.67322834645,508,0.9980353634577603,144.51602051977812,0.28448035535389393,0.30819440091973527,0,0.0,86.06867891223538,0.1690936717332719,0.19039214058583998,0,0.0
956,mMTC,293.0,207.0,586,586,46643627.0,79596.63310580204,586,1.0,168.2169183112896,0.2870595875619276,0.30513383994681154,0,0.0,100.892364138249,0.17217126986049316,0.19364252165536094,0,0.0
957,eMBB,489.0,11.0,19,1936,315551027.6777011,162991.23330459767,18,0.9473684210526315,192.40152923528098,10.6889738464045,17.483196958667623,0,0.0,3.851205535102059,0.20269502816326626,0.2081416142771832,0,0.0
958,eMBB,494.25,5.75,26,1950,416894536.7013155,213792.07010323872,25,0.9615384615384616,195.31405074282804,7.8125620297131215,13.570963880764893,0,0.0,5.052318732113141,0.19431995123512083,0.20101507613034159,0,0.0
959,eMBB,491.5,8.5,20,1945,314337894.6056381,161613.3134219219,19,0.95,188.5018523689845,9.921150124683393,17.67916491186102,0,0.0,4.0798659716168615,0.20399329858084309,0.2154162484721917,0,0.0
960,mMTC,274.75,225.25,550,549,43974034.0,80098.42258652094,549,0.9981818181818182,158.91175480327746,0.28945674827555096,0.30960103225284175,0,0.0,95.23993732906317,0.17316352241647848,0.1993442225872906,0,0.0
961,eMBB,494.25,5.75,19,1957,336527175.43123084,171960.74370527893,18,0.9473684210526315,196.1331432925922,10.896285738477344,16.17344955666267,0,0.0,3.68699785615299,0.1940525187448942,0.20354222136698152,0,0.0
962,eMBB,488.75,11.25,21,1933,306795429.7799421,158714.65586132545,20,0.9523809523809523,196.41285225632532,9.820642612816266,17.8784156943114,0,0.0,4.236494179891943,0.2017378180900925,0.21110487710392445,0,0.0
963,eMBB,492.0,8.0,25,1942,303998466.4457326,156538.86016773048,24,0.96,192.71295333272997,8.02970638886375,16.37848368642904,0,0.0,5.129603708756272,0.20518414835025087,0.21167657547240648,0,0.0
964,eMBB,493.0,7.0,18,1953,318293786.4691172,162976.84919053622,17,0.9444444444444444,188.3355036742505,11.078559039661794,18.07787197124379,0,0.0,3.5586129722635853,0.19770072068131028,0.20844717747213554,0,0.0
965,URLLC,166.5,333.5,666,665,90700802.0,136392.1834586466,665,0.9984984984984985,38.8859933452009,0.058475177962708125,0.06240356192855532,0,0.0,1.6625629496454022,0.0024963407652333364,0.0035753085608910833,0,0.0
966,eMBB,495.25,4.75,22,1958,315944883.8592325,161361.02342146705,21,0.9545454545454546,194.67523592923195,9.270249329963425,16.979499699279675,0,0.0,4.40338263523006,0.20015375614682093,0.20889889142129464,0,0.0
967,mMTC,236.25,263.75,473,472,38192474.0,80916.25847457627,472,0.9978858350951374,136.65692992378854,0.28952739390633164,0.31136260492429946,0,0.0,81.93644270782599,0.17322715160216912,0.19188783857435052,0,0.0
968,eMBB,492.5,7.5,21,1948,333695483.4282405,171301.5828687066,20,0.9523809523809523,192.99966066169407,9.649983033084704,16.271966770625262,0,0.0,4.114364457431101,0.1959221170205286,0.1997779220397315,0,0.0
969,eMBB,495.75,4.25,18,1964,313781812.09779537,159766.70677077156,17,0.9444444444444444,193.56742547740976,11.386319145729985,17.67985114892546,0,0.0,3.6083875740654707,0.2004659763369706,0.20705854047508138,0,0.0
970,eMBB,486.0,14.0,21,1923,305138865.00000006,158678.55694227773,21,1.0,196.0675917682038,9.336551988962086,17.68078571497193,0,0.0,4.307240921436744,0.20510671054460686,0.20811485308564137,0,0.0
971,eMBB,492.75,7.25,19,1951,318315555.58790755,163155.07718498594,18,0.9473684210526315,185.16338955001922,10.286854975001068,18.077991986024056,0,0.0,3.818114511486948,0.20095339534141832,0.20794006662785014,0,0.0
972,mMTC,300.0,200.0,600,599,49993752.0,83462.02337228715,599,0.9983333333333333,175.53127059119336,0.29304051851618257,0.3112626090841659,0,0.0,107.87871491102645,0.1797978581850441,0.20015309776735515,0,0.0
973,eMBB,493.75,6.25,18,1956,318527505.3361813,162846.37287125833,17,0.9444444444444444,197.86755543960717,11.639267967035716,17.276132073188652,0,0.0,3.593519420543453,0.1996399678079696,0.20915504495976533,0,0.0
974,eMBB,493.5,6.5,21,1952,330254963.11912006,169187.99340118855,20,0.9523809523809523,195.99246385056745,9.799623192528372,16.474583322063033,0,0.0,4.1914843000625615,0.1995944904791696,0.2044586742208356,0,0.0
975,URLLC,197.0,303.0,788,788,110752231.0,140548.51649746194,788,1.0,46.086415451374585,0.05848529879616064,0.062096242123606454,0,0.0,2.0219157775284775,0.0025658829664066975,0.003468290585144916,0,0.0
976,eMBB,492.25,7.75,19,1949,310806299.0271558,159469.62494979776,18,0.9473684210526315,189.3705320807806,10.520585115598923,18.07806320818692,0,0.0,3.937575384958909,0.20724080973467943,0.21468397858102614,0,0.0
977,URLLC,181.5,318.5,726,726,102291403.0,140897.24931129476,726,1.0,42.33883596820511,0.0583179558790704,0.06016947331098386,0,0.0,1.8144492894358377,0.0024992414455039086,0.0038510136186761593,0,0.0
978,URLLC,220.0,280.0,880,880,126041183.0,143228.61704545454,880,1.0,51.34193924032528,0.05834311277309691,0.06204257678195482,0,0.0,2.3903684934790492,0.0027163278334989198,0.0038049713973394295,0,0.0
979,eMBB,489.25,10.75,24,1933,413696762.9999994,214017.9839627519,24,1.0,197.38482994772724,8.224367914488635,13.569237028334644,0,0.0,4.7002348602989255,0.1958431191791219,0.19996432822101964,0,0.0
980,eMBB,490.25,9.75,19,1941,315316358.2537864,162450.46793085337,18,0.9473684210526315,194.84074478307832,10.82448582128213,17.47785345300363,0,0.0,3.7938053851735236,0.19967396764071177,0.2092869754250109,0,0.0
981,eMBB,491.5,8.5,17,1948,330748939.514204,169788.98332351336,16,0.9411764705882353,186.37253480122834,11.648283425076771,17.373568793035577,0,0.0,3.379287079243506,0.19878159289667682,0.20300334252643928,0,0.0
982,mMTC,250.5,249.5,501,501,41643844.0,83121.44510978044,501,1.0,148.92522674924683,0.29725594161526314,0.3172233320273821,0,0.0,90.29799009923916,0.18023550918011808,0.19943898840433877,0,0.0
983,eMBB,493.25,6.75,18,1954,313312607.5892738,160344.2208747563,17,0.9444444444444444,186.67751434743386,10.981030255731403,17.683223670509847,0,0.0,3.6250052147809315,0.20138917859894065,0.21144346534607195,0,0.0
984,eMBB,489.5,10.5,18,1939,307775193.2761915,158728.82582578209,17,0.9444444444444444,187.53188309092027,11.031287240642369,16.17946843162491,0,0.0,3.6677116012616975,0.20376175562564985,0.21001772063301483,0,0.0
985,eMBB,432.0,68.0,15,1706,280581745.8010461,164467.61184117588,14,0.9333333333333333,180.51153509017345,12.893681077869532,24.883686551862194,0,0.0,2.957048471469449,0.19713656476462996,0.2060399754574258,0,0.0
986,eMBB,490.0,10.0,27,1932,410469355.8522962,212458.25872272058,26,0.9629629629629629,188.80050202901754,7.261557770346828,11.47203324916566,0,0.0,5.362063516671919,0.1985949450619229,0.2066222932263319,0,0.0
987,eMBB,490.5,9.5,19,1942,314745884.09820503,162073.06081266995,18,0.9473684210526315,195.21357381422757,10.845198545234865,17.376479639922103,0,0.0,3.871035241431067,0.20373869691742458,0.20787045811432744,0,0.0
988,eMBB,487.25,12.75,22,1926,323161410.77683496,167788.894484338,21,0.9545454545454546,188.55555773512853,8.978836082625168,15.370339894877308,0,0.0,4.386023259208245,0.19936469360037476,0.2032144838851132,0,0.0
989,URLLC,154.75,345.25,619,618,84177972.0,136210.31067961166,618,0.9983844911147012,36.1707672786084,0.05852874964176117,0.062130644046683385,0,0.0,1.6305534120042522,0.002634173525047257,0.003709008277452609,0,0.0
990,eMBB,489.75,10.25,23,1935,306989804.0573162,158651.06152832878,22,0.9565217391304348,195.9803514675855,8.90819779398116,18.08334508328236,0,0.0,4.653595881024129,0.20233025569670127,0.2100882910640678,0,0.0
991,eMBB,495.5,4.5,21,1960,310484677.8662611,158410.54993176588,20,0.9523809523809523,196.4117550392321,9.820587751961606,17.580908744942473,0,0.0,4.327497733734151,0.20607132065400718,0.2109324124072734,0,0.0
992,eMBB,492.25,7.75,21,1947,315138460.7265301,161858.48008553163,20,0.9523809523809523,189.37034631504756,9.468517315752377,17.778241626673815,0,0.0,4.277922643344586,0.20371060206402788,0.2113762212663967,0,0.0
993,eMBB,482.0,18.0,29,1898,403198126.1799742,212433.15394097692,28,0.9655172413793104,191.9159410457101,6.854140751632504,13.072579083953677,0,0.0,5.6325529776749566,0.1942259647474123,0.2004905874950314,0,0.0
994,eMBB,489.25,10.75,19,1937,313160915.1511346,161673.16218437513,18,0.9473684210526315,191.54194228968046,10.641219016093359,16.979788817629426,0,0.0,3.9011299814859606,0.20532263060452424,0.2160502747357167,0,0.0
995,eMBB,496.75,3.25,20,1966,332850028.4777652,169303.1680965235,19,0.95,189.22883044260595,9.959412128558208,17.173113752466048,0,0.0,3.9150029480100765,0.19575014740050384,0.20269854185253644,0,0.0
996,eMBB,490.5,9.5,21,1940,333295011.29458255,171801.55221370235,20,0.9523809523809523,193.4778381888918,9.67389190944459,17.073426523630957,0,0.0,4.086670794657937,0.19460337117418747,0.2039898304417443,0,0.0
997,URLLC,174.5,325.5,698,698,96551746.0,138326.28366762178,698,1.0,40.894701516689736,0.05858839758838071,0.06348802089387187,0,0.0,1.8159274506128686,0.0026016152587576913,0.0040787135861795575,0,0.0
998,eMBB,494.5,5.5,20,1957,308343710.8232497,157559.38212736315,19,0.95,193.60507717877215,10.189740904145902,17.57933237922053,0,0.0,4.100162320010131,0.20500811600050656,0.21023726347787552,0,0.0
999,eMBB,489.5,10.5,25,1932,310727936.64747655,160832.26534548475,24,0.96,184.25023080189592,7.677092950078997,18.078481801555018,0,0.0,5.056078822478511,0.20224315289914047,0.2057619995333147,0,0.0
1000,eMBB,495.75,4.25,26,1956,418608537.5734739,214012.54477171466,25,0.9615384615384616,196.55989424391052,7.862395769756421,13.673967942190822,0,0.0,5.1044347752655685,0.1963244144332911,0.2014238927020557,0,0.0
1001,URLLC,156.0,344.0,624,623,89342919.0,143407.5746388443,623,0.9983974358974359,36.57454016202231,0.0587071270658464,0.0631009320432855,0,0.0,1.6872689390447146,0.0027039566330844785,0.0035271329283459297,0,0.0
1002,mMTC,231.75,268.25,464,463,36233442.0,78257.97408207343,463,0.9978448275862069,134.26423242674275,0.28998754303832125,0.31354928228442447,0,0.0,80.88186952138625,0.17431437396850485,0.20210382713315495,0,0.0
1003,eMBB,489.75,10.25,22,1936,330647900.497071,170789.2048022061,21,0.9545454545454546,182.58439998008552,8.69449523714693,15.772758046079655,0,0.0,4.321080893098746,0.19641276786812484,0.19997572932387822,0,0.0
1004,mMTC,260.75,239.25,522,521,40287853.0,77327.93282149712,521,0.9980842911877394,148.52576498431,0.285078243731881,0.3055069979845057,0,0.0,88.74613326013174,0.17001174954048226,0.18967927610758892,0,0.0
1005,mMTC,239.25,260.75,479,478,39103791.0,81807.09414225942,478,0.9979123173277662,137.98568337215698,0.2886729777660188,0.3063913641114396,0,0.0,83.04071723411968,0.17336266645954004,0.1908020769035874,0,0.0
1006,eMBB,490.0,10.0,22,1937,313926354.309635,162068.32953517552,21,0.9545454545454546,195.71486402526273,9.319755429774416,18.076845112478527,0,0.0,4.450625064471208,0.20230113929414584,0.20946851418217538,0,0.0
1007,mMTC,270.0,230.0,540,539,42646118.0,79120.81261595547,539,0.9981481481481481,158.23599698272733,0.29357327826108964,0.3111438298610521,0,0.0,97.33072454421954,0.18024208248929544,0.19812681926563103,0,0.0
1008,eMBB,498.0,2.0,21,1970,317815757.00120664,161327.7954320846,20,0.9523809523809523,197.30394421645724,9.865197210822862,16.177484859684544,0,0.0,4.210310039768965,0.2004909542747126,0.21152907708409158,0,0.0
1009,mMTC,267.75,232.25,536,535,44188316.0,82594.98317757009,535,0.9981343283582089,155.3496556257227,0.290373188085463,0.31198813627957406,0,0.0,93.57632312310768,0.17458269239385762,0.19681680112596925,0,0.0
1010,eMBB,485.25,14.75,23,1917,326198186.1884265,170160.76483485993,22,0.9565217391304348,181.51223581343802,8.250556173338092,16.773159023606745,0,0.0,4.477542059352185,0.19467574171096458,0.20253837149270554,0,0.0
1011,eMBB,490.5,9.5,17,1944,311924604.60034233,160455.0435186946,16,0.9411764705882353,190.0445250642125,11.877782816513282,18.07804213035331,0,0.0,3.465005239996812,0.2038238376468713,0.2089777421996128,0,0.0
1012,URLLC,174.0,326.0,696,696,93791624.0,134758.0804597701,696,1.0,40.65042683899654,0.05840578568821342,0.06275307306813187,0,0.0,1.8184170689964985,0.002612668202581176,0.004134098030688743,0,0.0
1013,eMBB,490.25,9.75,22,1938,314784354.9921705,162427.42775653795,21,0.9545454545454546,193.65590808910866,9.221709909005174,17.576692776112242,0,0.0,4.388351835374045,0.19947053797154748,0.21009720048576322,0,0.0
1014,mMTC,258.25,241.75,517,516,41484521.0,80396.35852713179,516,0.9980657640232108,151.5671428998401,0.2937347730617056,0.31121937264075883,0,0.0,93.34540663573917,0.18055204378286105,0.2001755136005583,0,0.0
1015,eMBB,494.5,5.5,20,1957,316162619.2173462,161554.73644217997,19,0.95,188.1064448612295,9.900339203222606,17.083850959409,0,0.0,3.993427763433837,0.19967138817169186,0.20939672233584034,0,0.0
1016,URLLC,204.75,295.25,819,819,116903840.0,142739.73137973138,819,1.0,48.32611413069647,0.059006244359824746,0.06405042674991737,0,0.0,2.4740295884656756,0.003020793148309738,0.004712158288378903,0,0.0
1017,eMBB,488.25,11.75,21,1930,329835638.6582687,170899.29464159,20,0.9523809523809523,187.73452472810087,9.386726236405043,17.171852896675983,0,0.0,4.149089096025199,0.1975756712392952,0.20201662942099471,0,0.0
1018,mMTC,241.75,258.25,484,483,37973934.0,78620.98136645963,483,0.9979338842975206,137.9673170768376,0.2856466192067031,0.3094754887139878,0,0.0,82.52330757916444,0.17050270160984388,0.19233093521537736,0,0.0
1019,eMBB,493.5,6.5,20,1953,309117623.2033959,158278.35289472397,19,0.95,189.12906481399224,9.954161305999591,18.180783217411804,0,0.0,4.124663106296413,0.20623315531482067,0.21574655784598096,0,0.0
1020,mMTC,245.0,255.0,490,490,37976806.0,77503.68571428572,490,1.0,144.26111297935623,0.2944104346517474,0.31601485998319584,0,0.0,87.75519645362017,0.17909223766044932,0.2006614823402222,0,0.0
1021,eMBB,491.75,8.25,28,1938,413150071.23064494,213183.7312851625,27,0.9642857142857143,187.5654826057361,6.946869726138374,13.469199547655068,0,0.0,5.465477205504107,0.19519561448228953,0.2021612226719557,0,0.0
1022,eMBB,489.5,10.5,19,1938,312392991.03223604,161193.4938246832,18,0.9473684210526315,187.44065388290915,10.413369660161619,15.990683040227601,0,0.0,3.897458285390733,0.20512938344161755,0.216608984612575,0,0.0
1023,mMTC,233.0,267.0,466,466,37295867.0,80034.04935622317,466,1.0,135.26240591034156,0.29026267362734237,0.31263727539158515,0,0.0,81.55769138162192,0.17501650511077665,0.20124412865258684,0,0.0
1024,eMBB,493.5,6.5,21,1952,334441793.78837466,171332.8861620772,20,0.9523809523809523,197.4586318122277,9.872931590611385,17.06953072333758,0,0.0,4.076790179082954,0.19413286567061686,0.2002814206958155,0,0.0
1025,eMBB,489.25,10.75,19,1937,310663945.262154,160384.07086327,18,0.9473684210526315,196.54813951412143,10.919341084117857,18.376848804991646,0,0.0,3.8261959115782602,0.2013787321883295,0.20956184903919406,0,0.0
1026,eMBB,494.25,5.75,20,1956,309094707.1970468,158023.8789350955,19,0.95,187.63312732215257,9.875427753797505,17.580291638215716,0,0.0,4.029811630994587,0.20149058154972935,0.21098190595237232,0,0.0
1027,mMTC,275.0,225.0,550,549,42297843.0,77045.25136612022,549,0.9981818181818182,161.51288967793053,0.2941946988669044,0.31382080912736815,0,0.0,98.54995996870537,0.1791817453976461,0.19990572937380088,0,0.0
1028,eMBB,487.0,13.0,25,1922,410351398.05836856,213502.28827178385,24,0.96,187.6870973158507,7.820295721493779,13.072434020009654,0,0.0,4.90835955786954,0.1963343823147816,0.20089561051737506,0,0.0
1029,mMTC,260.25,239.75,521,520,41339015.0,79498.10576923077,520,0.9980806142034548,148.8043312798683,0.2861621755382083,0.3055503489895817,0,0.0,90.28929844652686,0.17329999701828572,0.19452267129367745,0,0.0
1030,eMBB,492.0,8.0,22,1945,327913922.11912024,168593.27615378934,21,0.9545454545454546,195.4612923823849,9.307680589637377,16.47707370067501,0,0.0,4.396080703472627,0.1998218501578467,0.20603283560359847,0,0.0
1031,URLLC,190.0,310.0,760,760,106645875.0,140323.5197368421,760,1.0,44.52622298668899,0.058587135508801305,0.062295879062112126,0,0.0,2.0813263825351633,0.0027385873454410046,0.00406345560057366,0,0.0
1032,eMBB,490.25,9.75,23,1937,307031062.0635266,158508.55036836685,22,0.9565217391304348,195.99797223717832,8.90899873805356,17.580353158881735,0,0.0,4.6752266042642745,0.2032707219245337,0.2124367023565072,0,0.0
1033,eMBB,494.25,5.75,20,1956,333255308.0000001,170375.9243353784,20,1.0,199.3465466774453,9.967327333872266,18.378791603789274,0,0.0,3.995497993058983,0.19977489965294914,0.20786663489829996,0,0.0
1034,eMBB,489.0,11.0,18,1937,316226261.7473742,163255.68494959947,17,0.9444444444444444,194.42290188761132,11.436641287506548,17.876039209520982,0,0.0,3.559641393690972,0.19775785520505398,0.20584450286151781,0,0.0
1035,mMTC,262.75,237.25,526,525,40619261.0,77370.02095238095,525,0.9980988593155894,154.34032236607683,0.2939815664115749,0.31425756880721295,0,0.0,95.27738325777032,0.18113570961553294,0.20522399967063976,0,0.0
1036,eMBB,492.0,8.0,19,1948,315336821.5093409,161877.2184339532,18,0.9473684210526315,196.88966392275674,10.938314662375374,17.077811125405592,0,0.0,3.849998946030179,0.20263152347527258,0.20862059288372561,0,0.0
1037,eMBB,493.25,6.75,19,1953,329995775.6224886,168968.65111238536,18,0.9473684210526315,191.5363844770215,10.640910248723417,16.87590794007135,0,0.0,3.7983288406207456,0.19991204424319714,0.2037722373571802,0,0.0
1038,eMBB,488.0,12.0,24,1927,327570955.653553,169990.1171009616,23,0.9583333333333334,191.99213216717072,8.347484007268292,15.77127897744651,0,0.0,4.691879865073476,0.1954949943780615,0.20282375999313906,0,0.0
1039,eMBB,494.0,6.0,17,1958,314237941.8486189,160489.24507079617,16,0.9411764705882353,193.70091059896413,12.106306912435258,18.078764481142635,0,0.0,3.4240172728174154,0.20141278075396563,0.20938641887989815,0,0.0
1040,eMBB,487.25,12.75,18,1930,306156443.23441774,158630.28146861022,17,0.9444444444444444,190.3099684405854,11.194704025916788,16.57919303536341,0,0.0,3.6573039645845986,0.20318355358803325,0.20880841256450483,0,0.0
1041,eMBB,491.25,8.75,22,1942,315309791.87164176,162363.43556727175,21,0.9545454545454546,194.13371366298585,9.244462555380279,17.775060434511136,0,0.0,4.3712883778760325,0.1986949262670924,0.20550212312290156,0,0.0
1042,eMBB,489.5,10.5,25,1932,413698221.6120351,214129.51429194363,24,0.96,192.42748601624592,8.01781191734358,13.671731585133225,0,0.0,4.95062287431334,0.1980249149725336,0.20322880292958204,0,0.0
1043,eMBB,492.25,7.75,22,1946,314284378.02532655,161502.76363069194,21,0.9545454545454546,196.4132665072594,9.353012690821876,17.539656744099105,0,0.0,4.454456560188583,0.20247529819039015,0.20903423733279278,0,0.0
1044,URLLC,165.75,334.25,663,663,92979463.0,140240.5173453997,663,1.0,39.153684790552994,0.059055331509129706,0.0642129927806866,0,0.0,2.0646394027068538,0.0031140865802516647,0.004943567396071211,0,0.0
1045,eMBB,495.75,4.25,19,1963,337392726.6408027,171876.07062700085,18,0.9473684210526315,189.27261568371497,10.515145315761943,16.076193420506804,0,0.0,3.7352523609641164,0.19659222952442718,0.20259896186614845,0,0.0
1046,eMBB,492.0,8.0,18,1949,312407055.3416009,160290.94681457203,17,0.9444444444444444,183.7784552944444,10.810497370261436,18.07774379883048,0,0.0,3.626621152142128,0.20147895289678489,0.21132511409961702,0,0.0
1047,mMTC,294.0,206.0,588,587,47913962.0,81625.1482112436,587,0.9982993197278912,169.19874907083408,0.28824318410704275,0.30822869329115565,0,0.0,102.09908877272584,0.17363790607606436,0.1950620297206116,0,0.0
1048,URLLC,218.5,281.5,874,873,125440997.0,143689.57273768613,873,0.9988558352402745,51.02057900293343,0.05844281672730061,0.05962554054736596,0,0.0,2.4970738327634368,0.0028570638818803625,0.004022919008904422,0,0.0
1049,eMBB,492.0,8.0,25,1942,416270033.4471857,214351.20156909665,24,0.96,194.55439801288753,8.10643325053698,13.268578798407457,0,0.0,4.875068421516726,0.19500273686066905,0.20348510023145838,0,0.0
1050,mMTC,262.0,238.0,524,524,42496920.0,81100.99236641222,524,1.0,150.1232763659219,0.2864948022250418,0.30647963962667885,0,0.0,91.17569433820111,0.1739994166759563,0.19473303915747328,0,0.0
1051,eMBB,493.25,6.75,19,1954,330964061.99999994,169377.71852610027,18,0.9473684210526315,198.5146584585332,11.028592136585178,17.075020016525183,0,0.0,3.577047885365035,0.1882656781771071,0.20393447121577452,0,0.0
1052,mMTC,236.0,264.0,472,471,39089453.0,82992.46921443737,471,0.9978813559322034,140.62414860297062,0.29856507134388666,0.3208891847642664,0,0.0,85.84494996967459,0.18187489400354787,0.20732158567117004,0,0.0
1053,eMBB,489.75,10.25,18,1940,309886299.84523684,159735.2061057922,17,0.9444444444444444,187.33496665227798,11.019703920722234,17.2841742769973,0,0.0,3.6862274098452152,0.20479041165806752,0.21082634933027977,0,0.0
1054,mMTC,251.0,249.0,502,502,40852211.0,81378.906374502,502,1.0,144.82422482315343,0.2884944717592698,0.3119520189225922,0,0.0,87.37668164075866,0.17405713474254714,0.1990268312208454,0,0.0
1055,URLLC,200.25,299.75,801,801,112548742.0,140510.28963795255,801,1.0,46.847809503514846,0.0584866535624405,0.06195341595384616,0,0.0,2.3501775812840844,0.0029340544085943625,0.004003900646056912,0,0.0
1056,mMTC,307.0,193.0,614,613,49101363.0,80100.10277324633,613,0.998371335504886,180.56212857868914,0.29455485901906875,0.31373920147234907,0,0.0,111.80437058735393,0.18209180877419207,0.204359056089197,0,0.0
1057,eMBB,493.0,7.0,18,1953,317334866.0905716,162485.85053280674,17,0.9444444444444444,193.75101572344624,11.397118571967425,17.576849102515457,0,0.0,3.688620603811266,0.20492336687840368,0.20830948201289343,0,0.0
1058,eMBB,490.75,9.25,21,1941,327982217.3323582,168975.89764675847,20,0.9523809523809523,195.561269770343,9.77806348851715,17.371916757143417,0,0.0,4.1766574677208865,0.19888845084385173,0.2066231866961929,0,0.0
1059,eMBB,484.0,16.0,19,1916,327813238.0308995,171092.50419149245,18,0.9473684210526315,182.90820782372452,10.16156710131803,15.172668001016895,0,0.0,3.7716545288180408,0.19850813309568635,0.20617142221653365,0,0.0
1060,eMBB,488.75,11.25,17,1937,310836843.39838856,160473.33164604468,16,0.9411764705882353,193.87808654988487,12.117380409367804,18.383656674304483,0,0.0,3.5025665045294234,0.20603332379584843,0.21548351941820232,0,0.0
1061,URLLC,205.5,294.5,822,822,116235642.0,141405.8905109489,822,1.0,48.051129410496245,0.058456361813255774,0.06296564205054946,0,0.0,2.209866650880836,0.0026884022516798487,0.004434636007862681,0,0.0
1062,eMBB,494.0,6.0,19,1956,320108450.6080497,163654.6271002299,18,0.9473684210526315,192.11443856759334,10.673024364866297,17.97643414481515,0,0.0,3.777851081303716,0.19883426743703767,0.20744738206260133,0,0.0
1063,eMBB,485.25,14.75,31,1909,405441385.8949742,212384.1728103584,30,0.967741935483871,185.6525938065506,6.188419793551687,13.470448908293667,0,0.0,6.037971381308982,0.19477327036480588,0.2020317122804393,0,0.0
1064,mMTC,260.0,240.0,520,520,41123061.0,79082.80961538461,520,1.0,149.11744255593536,0.286764312607568,0.30539129724673436,0,0.0,90.8312449844629,0.1746754711239671,0.19332384591753193,0,0.0
1065,mMTC,232.0,268.0,464,464,36099905.0,77801.51939655172,464,1.0,135.22597826335047,0.29143529798135875,0.3139065894481765,0,0.0,81.99958938018743,0.1767232529745419,0.20385048001802655,0,0.0
1066,mMTC,265.5,234.5,531,531,42932600.0,80852.35404896422,531,1.0,158.43060210947985,0.29836271583706186,0.3186515177493264,0,0.0,96.44463671073346,0.1816283177226619,0.20816790881282135,0,0.0
1067,mMTC,281.0,219.0,562,561,45264230.0,80684.90196078431,561,0.998220640569395,160.65724914084376,0.2863765581833222,0.31082928677491234,0,0.0,96.72652533209609,0.17211125503931687,0.19437405561596433,0,0.0
1068,URLLC,228.0,272.0,912,911,126990165.0,139396.4489571899,911,0.9989035087719298,53.273605778389424,0.058478162215575655,0.06313747965054946,0,0.0,2.5222755724192085,0.0027656530399333425,0.004322973112087918,0,0.0
1069,eMBB,491.25,8.75,25,1939,313150915.50136465,161501.2457459333,24,0.96,196.87241786311108,8.203017410962962,16.374705753828724,0,0.0,4.988361026977849,0.19953444107911394,0.20927479906119667,0,0.0
1070,mMTC,244.0,256.0,488,488,39053833.0,80028.34631147541,488,1.0,143.9495078583705,0.29497849970977563,0.31503639777491765,0,0.0,89.19472536942509,0.18277607657669076,0.20261294110008263,0,0.0
1071,eMBB,490.5,9.5,20,1941,312658431.58831626,161081.10849475337,19,0.95,193.8607209428041,10.203195839094953,16.677630609095015,0,0.0,4.0536089814363,0.20268044907181498,0.21009010835096253,0,0.0
1072,eMBB,490.25,9.75,20,1940,327752703.8446983,168944.69270345275,19,0.95,190.6059622629416,10.031892750681138,17.274988212140123,0,0.0,3.9978668810608036,0.19989334405304018,0.20393723848382392,0,0.0
1073,URLLC,153.75,346.25,615,614,84466375.0,137567.38599348534,614,0.9983739837398374,36.00541050811722,0.05864073372657528,0.06283869683537589,0,0.0,1.7343623590324948,0.0028201013968008047,0.003823519524661713,0,0.0
1074,eMBB,489.0,11.0,21,1934,306813589.9911406,158641.98034702204,20,0.9523809523809523,190.58528919590938,9.529264459795469,17.078594358608026,0,0.0,4.320621565335819,0.20574388406361044,0.21229499558633347,0,0.0
1075,eMBB,491.0,9.0,18,1945,310251114.67203295,159512.1412195542,17,0.9444444444444444,196.46611283958316,11.556830167034304,17.883271297975966,0,0.0,3.7136936399958795,0.2063163133331044,0.21069531843803924,0,0.0
1076,eMBB,493.75,6.25,19,1955,318293235.6080498,162809.83918570323,18,0.9473684210526315,192.01376609353312,10.667431449640729,17.576435413423976,0,0.0,3.78095682881597,0.19899772783241945,0.20758437214475384,0,0.0
1077,eMBB,491.25,8.75,25,1939,415965314.0177648,214525.69057130726,24,0.96,193.42753926011738,8.059480802504892,13.27159878604632,0,0.0,4.856741668675286,0.19426966674701146,0.20345227330717897,0,0.0
1078,URLLC,185.0,315.0,740,740,101175068.0,136723.06486486486,740,1.0,43.50293563193487,0.058787750853966037,0.06199047241538462,0,0.0,2.0977212933964746,0.0028347585045898306,0.0037401790445020355,0,0.0
1079,eMBB,493.75,6.25,19,1955,331092570.94874346,169356.81378452352,18,0.9473684210526315,194.66641523286484,10.814800846270268,16.774036038744235,0,0.0,3.735285318251022,0.19659396411847485,0.2042437366602983,0,0.0
1080,URLLC,189.5,310.5,758,757,106374081.0,140520.5825627477,757,0.9986807387862797,44.39249264652275,0.058642658714032694,0.06282415195845283,0,0.0,2.1657502370534596,0.0028571902863502104,0.004028850035375896,0,0.0
1081,eMBB,490.25,9.75,20,1940,307321663.6106583,158413.22866528778,19,0.95,186.41041046763903,9.811074235138896,18.181566040084785,0,0.0,4.118200025245911,0.20591000126229556,0.20938969068523788,0,0.0
1082,eMBB,493.0,7.0,16,1955,312515399.5044664,159854.4242989598,15,0.9375,190.99328404987097,12.73288560332473,17.680345104062866,0,0.0,3.287107018434561,0.20544418865216008,0.21258726387809748,0,0.0
1083,eMBB,485.75,14.25,17,1925,315495422.8514167,163893.72615658012,16,0.9411764705882353,189.47948154367597,11.842467596479748,17.681656028308918,0,0.0,3.3883640489703963,0.19931553229237625,0.207981497850539,0,0.0
1084,eMBB,488.75,11.25,24,1930,413924284.6950209,214468.54129275694,23,0.9583333333333334,188.47264036917485,8.194462624746732,13.575539031912587,0,0.0,4.677791603459171,0.19490798347746544,0.20241295942192847,0,0.0
1085,eMBB,491.5,8.5,21,1944,313155441.28860295,161088.18996327312,20,0.9523809523809523,185.09321146054873,9.254660573027436,17.175911215575876,0,0.0,4.20691569477477,0.20032931879879856,0.21083168546097641,0,0.0
1086,mMTC,252.5,247.5,505,505,40623311.0,80442.2,505,1.0,147.16369310084153,0.29141325366503273,0.31440865789286987,0,0.0,89.21058274679149,0.17665461930057721,0.19887594456288124,0,0.0
1087,URLLC,228.5,271.5,914,913,126017638.0,138025.89047097482,913,0.9989059080962801,53.5856615588904,0.0586918527479632,0.06294520541999128,0,0.0,2.6926416937749025,0.0029459974767777927,0.004274473881529742,0,0.0
1088,mMTC,230.0,270.0,460,460,38404939.0,83488.99782608695,460,1.0,131.85329894584353,0.2866376064040077,0.3060089404645582,0,0.0,79.23591499443442,0.1722519891183357,0.19352272121473052,0,0.0
1089,eMBB,493.25,6.75,19,1954,310545797.0000004,158928.24820880266,19,1.0,198.7466327633261,10.460349092806636,17.68513442828548,0,0.0,3.8410250411589244,0.20215921269257497,0.21145911735966244,0,0.0
1090,eMBB,493.5,6.5,25,1944,311927425.44105494,160456.4945684439,24,0.96,186.94253231142199,7.789272179642583,17.09535878465024,0,0.0,4.994406285913943,0.19977625143655772,0.20930037593583434,0,0.0
1091,eMBB,490.75,9.25,27,1935,411820030.6689203,212826.88923458412,26,0.9629629629629629,194.34450331031528,7.47478858885828,13.373329883646223,0,0.0,5.331710041088215,0.19747074226252648,0.202016768372316,0,0.0
1092,eMBB,498.0,2.0,21,1970,315739642.07020634,160273.9299848763,20,0.9523809523809523,191.93328593276038,9.59666429663802,17.8775628601332,0,0.0,4.252523245381738,0.2025011069229399,0.2087111374973375,0,0.0
1093,eMBB,495.0,5.0,18,1961,332674843.69113564,169645.50927645876,17,0.9444444444444444,198.239931575323,11.661172445607235,16.976493054185575,0,0.0,3.579051951175303,0.19883621950973907,0.2038596983442304,0,0.0
1094,eMBB,493.75,6.25,19,1955,336147205.5290509,171942.30461844036,18,0.9473684210526315,183.80845130914108,10.211580628285615,17.16949870290039,0,0.0,3.678240129252751,0.1935915857501448,0.2017575445510294,0,0.0
1095,eMBB,493.75,6.25,18,1956,312218138.19831026,159620.72505026087,17,0.9444444444444444,195.7639571256247,11.51552688974263,17.17815411699258,0,0.0,3.7186251253207137,0.20659028474003965,0.20997996566450888,0,0.0
1096,URLLC,173.0,327.0,692,691,94228064.0,136364.78147612157,691,0.9985549132947977,40.443344497597565,0.05852871852040169,0.06084152101538462,0,0.0,1.9710704818935234,0.002848367748401045,0.004726180903563048,0,0.0
1097,mMTC,294.5,205.5,589,589,47200497.0,80136.66723259763,589,1.0,173.77453889690864,0.2950331729998449,0.31626383290000853,0,0.0,106.10117989040364,0.18013782663905542,0.20275537951484804,0,0.0
1098,mMTC,297.75,202.25,596,595,46290905.0,77799.84033613445,595,0.9983221476510067,175.81028482897213,0.29547947030079347,0.3164399786761989,0,0.0,109.1023974942803,0.18305771391657769,0.20626995335349047,0,0.0
1099,eMBB,490.0,10.0,23,1936,310490147.33800477,160377.14222004378,22,0.9565217391304348,196.08383552354158,8.912901614706435,17.677478430019924,0,0.0,4.654413649405335,0.20236581084371022,0.20816232716456776,0,0.0
1100,mMTC,295.5,204.5,591,591,48122914.0,81426.25042301185,591,1.0,172.49859219033908,0.29187579050818796,0.31470892312026544,0,0.0,104.83009367181862,0.17737748506229883,0.20349531730235715,0,0.0
1101,eMBB,486.75,13.25,21,1926,331251117.9999998,171989.15784008297,20,0.9523809523809523,196.06905047979203,9.803452523989602,16.37271389400941,0,0.0,3.990564314576417,0.1900268721226865,0.2112427290205236,0,0.0
1102,mMTC,240.0,260.0,480,479,38348546.0,80059.59498956159,479,0.9979166666666667,137.2527711283598,0.2865402320007511,0.3065144218988517,0,0.0,82.89703942651126,0.17270216547189846,0.19161614898960724,0,0.0
1103,eMBB,495.75,4.25,18,1964,312196768.83962333,158959.65826864733,17,0.9444444444444444,191.9666513777069,11.292155963394524,17.279471623721978,0,0.0,3.619129478935137,0.20106274882972983,0.20936183434774802,0,0.0
1104,mMTC,303.0,197.0,606,606,49096700.0,81017.65676567657,606,1.0,178.98667414220657,0.2953575480894498,0.3190626559962446,0,0.0,109.33713958416298,0.18042432274614353,0.20107106357303892,0,0.0
1105,eMBB,492.5,7.5,26,1943,415088938.28597564,213633.00992587526,25,0.9615384615384616,191.56612278497352,7.6626449113989406,13.569577068500493,0,0.0,5.129701395584204,0.1972962075224694,0.200805479128899,0,0.0
1106,eMBB,489.0,11.0,17,1938,315600547.58831644,162848.57976693314,16,0.9411764705882353,193.05359141874186,12.065849463671366,18.075245563718763,0,0.0,3.4763975600577446,0.2044939741210438,0.20962218700804874,0,0.0
1107,mMTC,297.0,203.0,594,594,45706454.0,76946.89225589225,594,1.0,173.40609766537088,0.29192945734910924,0.31135196208764315,0,0.0,105.44052592745133,0.17750930290816722,0.20643646894710044,0,0.0
1108,eMBB,486.25,13.75,22,1922,327012561.56224585,170141.81142676683,21,0.9545454545454546,193.98972291112335,9.237605852910637,15.57246631911425,0,0.0,4.342817772812559,0.19740080785511632,0.20337681130638813,0,0.0
1109,eMBB,492.25,7.75,19,1949,310894919.5088698,159515.09466848118,18,0.9473684210526315,195.0373880987571,10.83541044993095,17.788989378737337,0,0.0,3.922971564011533,0.20647218757955438,0.21606431353336392,0,0.0
1110,URLLC,201.5,298.5,806,805,110757933.0,137587.49440993788,805,0.9987593052109182,47.17151323378812,0.05859815308545108,0.06332466161758243,0,0.0,2.3604707024887905,0.002928623700358301,0.0046213546945055,0,0.0
1111,eMBB,491.0,9.0,19,1944,317155836.35733694,163146.0063566548,18,0.9473684210526315,186.40823180862176,10.356012878256765,18.080747297057812,0,0.0,3.775127956897403,0.19869094509986332,0.20851035952309682,0,0.0
1112,mMTC,278.5,221.5,557,557,45463824.0,81622.66427289048,557,1.0,164.68403920982374,0.2956625479530049,0.31712626977842795,0,0.0,102.30073697849102,0.1836638006795171,0.2074867647712676,0,0.0
1113,eMBB,490.5,9.5,22,1939,312314000.7241367,161069.6238907358,21,0.9545454545454546,196.85321238650758,9.373962494595599,17.276174322768746,0,0.0,4.501172085092871,0.20459873114058505,0.2101520584163869,0,0.0
1114,eMBB,494.5,5.5,21,1956,329911088.3346415,168666.20058008257,20,0.9523809523809523,189.71338710507138,9.485669355253568,17.278730530022024,0,0.0,4.133392647537946,0.19682822131133074,0.20520901094986171,0,0.0
1115,eMBB,490.5,9.5,20,1941,333784633.1656437,171965.29271800292,19,0.95,195.09302754754916,10.268054081449955,16.096815629094788,0,0.0,3.8935031130631073,0.19467515565315535,0.2030325455665544,0,0.0
1116,URLLC,203.5,296.5,814,813,114617907.0,140981.43542435425,813,0.9987714987714987,47.74840960415512,0.05873113112442204,0.0613994990923077,0,0.0,2.254670963231866,0.002769866048196396,0.0035969336363366844,0,0.0
1117,eMBB,495.0,5.0,20,1959,311200462.93401486,158856.79578050785,19,0.95,192.3881689530536,10.125693102792294,18.17767088391871,0,0.0,4.093415999031835,0.20467079995159176,0.21041983808817338,0,0.0
1118,eMBB,492.75,7.25,23,1947,314408347.5852114,161483.48617627705,22,0.9565217391304348,190.35214557075,8.652370253215908,17.274604036024932,0,0.0,4.629058156077484,0.2012633980903254,0.20603048174386826,0,0.0
1119,eMBB,493.75,6.25,26,1948,416905538.10991055,214017.2166888658,25,0.9615384615384616,193.7988403997905,7.75195361599162,13.671658254970154,0,0.0,5.060743309011784,0.19464397342353015,0.1998743718989061,0,0.0
1120,eMBB,495.5,4.5,19,1962,317030056.857998,161585.1462069307,18,0.9473684210526315,192.62635210467715,10.701464005815398,17.481512812560574,0,0.0,3.8013480723682225,0.20007095117727486,0.20934175303110308,0,0.0
1121,mMTC,298.5,201.5,597,597,47224412.0,79102.8676716918,597,1.0,174.2825661008708,0.2919305964838707,0.3158332907599793,0,0.0,106.25460049121668,0.17798090534542158,0.20180277782179495,0,0.0
1122,eMBB,488.0,12.0,19,1932,330888629.2659124,171267.40645233562,18,0.9473684210526315,184.58710966431983,10.254839425795545,16.86988634369385,0,0.0,3.7603956871352526,0.19791556248080278,0.20197764998654083,0,0.0
1123,eMBB,490.0,10.0,16,1943,312433805.31361693,160799.69393392533,15,0.9375,183.35952912301272,12.223968608200847,18.177403581331056,0,0.0,3.2637752341879196,0.20398595213674497,0.2109883019514013,0,0.0
1124,mMTC,280.25,219.75,561,560,43985591.0,78545.69821428572,560,0.9982174688057041,161.93963630462937,0.28917792197255243,0.31240626897733903,0,0.0,98.25575655400708,0.17514395107666145,0.20104670859624157,0,0.0
1125,eMBB,490.0,10.0,19,1940,315052973.13509727,162398.4397603594,18,0.9473684210526315,194.893680374736,10.827426687485334,16.180199069057373,0,0.0,3.8638418997820163,0.20336009998852717,0.20824014756703668,0,0.0
1126,eMBB,490.25,9.75,26,1934,413303679.49707323,213704.0741970389,25,0.9615384615384616,193.67094490036553,7.746837796014621,12.870835556579255,0,0.0,5.133791993101657,0.19745353819621758,0.20369957431866506,0,0.0
1127,eMBB,494.0,6.0,16,1959,320258441.50997597,163480.5724910546,15,0.9375,195.64843456549772,13.043228971033182,17.28173586682833,0,0.0,3.2404210356200256,0.2025263147262516,0.21078524229023432,0,0.0
1128,URLLC,215.0,285.0,860,860,118559176.0,137859.5069767442,860,1.0,50.84055606430693,0.05911692565617085,0.06053902351280125,0,0.0,2.7675260132299675,0.003218053503755776,0.0043045825523697215,0,0.0
1129,mMTC,260.5,239.5,521,520,41224738.0,79278.3423076923,520,0.9980806142034548,155.69346270254013,0.29941050519719253,0.319312786668417,0,0.0,95.27749247376347,0.1828742657845748,0.20467979199554437,0,0.0
1130,eMBB,491.0,9.0,19,1944,310621698.95670545,159784.82456620652,18,0.9473684210526315,184.93735151103908,10.274297306168839,17.87673511762844,0,0.0,3.829321478112891,0.20154323569015214,0.21074949161479603,0,0.0
1131,mMTC,295.0,205.0,590,590,46937820.0,79555.62711864407,590,1.0,170.70442258320597,0.289329529802044,0.30745648564721084,0,0.0,103.55377617972256,0.17551487488088569,0.19404070643317925,0,0.0
1132,eMBB,490.0,10.0,25,1934,310048902.111235,160314.84080208637,24,0.96,190.86323372677901,7.952634738615792,16.476420199284444,0,0.0,4.99260820069991,0.1997043280279964,0.20960444027407957,0,0.0
1133,eMBB,484.75,15.25,24,1914,409912449.66096306,214165.3342011301,23,0.9583333333333334,189.13609489781032,8.22330847381784,13.773093489957137,0,0.0,4.746640145740942,0.19777667273920593,0.2028332147194445,0,0.0
1134,eMBB,496.0,4.0,17,1966,319608996.38439906,162568.1568587991,16,0.9411764705882353,190.65953754984088,11.916221096865055,18.075881361808534,0,0.0,3.3837021015325,0.19904130009014706,0.20714333901432797,0,0.0
1135,URLLC,199.0,301.0,796,796,110362832.0,138646.77386934674,796,1.0,47.08604537024936,0.059153323329458996,0.06061445674357048,0,0.0,2.611925947480145,0.0032813140043720414,0.00434638581055358,0,0.0
1136,eMBB,489.0,11.0,25,1930,328204904.29416305,170054.35455656116,24,0.96,186.43407198243005,7.768086332601253,16.47485067370669,0,0.0,4.969932292384048,0.1987972916953619,0.21184793978210278,0,0.0
1137,mMTC,283.5,216.5,567,566,44835202.0,79214.13780918728,566,0.9982363315696648,162.73861157824152,0.28752404872480836,0.3116394921876184,0,0.0,98.41388633992742,0.17356946444431642,0.19631710884596826,0,0.0
1138,eMBB,491.5,8.5,19,1946,309228927.80466837,158904.89609695188,18,0.9473684210526315,197.54497758716423,10.97472097706468,17.479188890765702,0,0.0,3.8285423885598644,0.20150223097683498,0.20795523486309672,0,0.0
1139,eMBB,494.5,5.5,18,1959,320617135.1350969,163663.67286120311,17,0.9444444444444444,196.5762144845792,11.563306734387012,17.478187358666297,0,0.0,3.6226561840481373,0.20125867689156318,0.20608252874851835,0,0.0
1140,URLLC,194.25,305.75,777,777,110836247.0,142646.39253539254,777,1.0,45.57160313607879,0.05865071188684529,0.05992173013658983,0,0.0,2.1063833560787772,0.0027109180901914763,0.003435212796823889,0,0.0
1141,eMBB,485.25,14.75,19,1921,310658589.3361824,161717.12094543592,18,0.9473684210526315,194.62349556882634,10.812416420490353,16.976211369489807,0,0.0,3.89847577608269,0.20518293558329948,0.2174907977796896,0,0.0
1142,eMBB,493.25,6.75,18,1954,331839386.30822015,169825.68388342895,17,0.9444444444444444,194.87629774522972,11.463311632072337,17.272293587073516,0,0.0,3.6188489114714475,0.20104716174841375,0.20514255154825844,0,0.0
1143,mMTC,293.0,207.0,586,586,47543307.0,81131.92320819113,586,1.0,175.98529702680398,0.3003162065303822,0.32054773299418166,0,0.0,107.87834772085147,0.18409274355094107,0.21005865326884704,0,0.0
1144,eMBB,491.25,8.75,20,1944,308605997.2897846,158747.94099268757,19,0.95,189.63337634404965,9.980704018107877,17.076481953462494,0,0.0,4.0493382353031775,0.20246691176515888,0.21138681296277334,0,0.0
1145,mMTC,284.0,216.0,568,568,46702743.0,82223.13908450704,568,1.0,164.4985003944613,0.28961003590574175,0.31325737501030837,0,0.0,100.11391949906032,0.17625690052651463,0.20258388190491156,0,0.0
1146,eMBB,485.0,15.0,20,1919,310631491.850428,161871.54343430328,19,0.95,187.87173998030818,9.887986314753062,17.27364351574336,0,0.0,4.071872895625211,0.20359364478126057,0.21241950086896483,0,0.0
1147,eMBB,493.0,7.0,24,1947,418526330.91737896,214959.59471873599,23,0.9583333333333334,197.7633341831693,8.598405834050839,13.56915879692674,0,0.0,4.678196769559131,0.19492486539829712,0.2032080451432615,0,0.0
1148,eMBB,493.25,6.75,21,1951,314852271.15321976,161379.94420974873,20,0.9523809523809523,197.07606307037153,9.853803153518577,16.879350460471386,0,0.0,4.207355779968289,0.2003502752365852,0.209047801093455,0,0.0
1149,eMBB,493.25,6.75,19,1953,330000105.04971737,168970.86792100224,18,0.9473684210526315,189.70880977399764,10.539378320777647,17.173482885639995,0,0.0,3.781902719257845,0.19904751153988656,0.20446732461357453,0,0.0
1150,eMBB,483.75,16.25,21,1913,327967934.5377938,171441.68036476415,20,0.9523809523809523,183.23434879710368,9.161717439855185,15.872129658801063,0,0.0,4.16383442002973,0.1982778295252252,0.20329040735185072,0,0.0
1151,eMBB,494.75,5.25,22,1956,310713143.94703513,158851.30058641877,21,0.9545454545454546,194.09359460285552,9.2425521239455,18.079276041803233,0,0.0,4.463180798297108,0.20287185446805037,0.20972755390518721,0,0.0
1152,mMTC,253.5,246.5,507,507,40665090.0,80207.27810650888,507,1.0,147.0822356894023,0.2901030289731801,0.31373655566036274,0,0.0,89.71153104735357,0.17694582060622008,0.20402775643534365,0,0.0
1153,eMBB,488.5,11.5,22,1931,312092380.69512117,161622.15468416424,21,0.9545454545454546,195.43154147162977,9.306263879601417,16.57724225035851,0,0.0,4.387039960793993,0.1994109073088179,0.20759192349451383,0,0.0
1154,mMTC,305.0,195.0,610,610,49508990.0,81162.27868852459,610,1.0,180.66222829109486,0.2961675873624506,0.31316216151761156,0,0.0,112.60692884697045,0.18460152269995156,0.20550650648821286,0,0.0
1155,URLLC,154.75,345.25,619,619,85600715.0,138288.71567043618,619,1.0,36.479170977449144,0.058932424842405726,0.060327558164987936,0,0.0,1.8614482549875808,0.003007186195456512,0.004000049346495275,0,0.0
1156,eMBB,493.75,6.25,18,1956,332736009.907651,170110.434513114,17,0.9444444444444444,198.43814607813027,11.672832122242957,16.679168243771855,0,0.0,3.587375313659028,0.19929862853661265,0.2057435703276937,0,0.0
1157,URLLC,215.5,284.5,862,862,124063544.0,143925.22505800464,862,1.0,50.65584925711302,0.05876548637716127,0.05987114834717108,0,0.0,2.6368518128053555,0.003058992822279995,0.004142144381323707,0,0.0
1158,eMBB,494.0,6.0,17,1958,314775209.13013244,160763.64102662535,16,0.9411764705882353,189.28506750794384,11.83031671924649,18.38036837409375,0,0.0,3.4231450705519753,0.20136147473835148,0.2105965532282873,0,0.0
1159,eMBB,487.75,12.25,19,1931,307751407.99999994,159374.11082340754,18,0.9473684210526315,196.34962599704915,10.90831255539162,18.38043653276782,0,0.0,3.9305516959009545,0.20687114188952394,0.2094122720610409,0,0.0
1160,eMBB,493.0,7.0,19,1952,318298779.7261528,163062.89944987334,18,0.9473684210526315,182.19668689982876,10.122038161101598,16.67715999843581,0,0.0,3.8736206674935394,0.20387477197334417,0.21294213508778856,0,0.0
1161,URLLC,154.75,345.25,619,619,86364984.0,139523.39903069468,619,1.0,36.33098434778227,0.0586930280254964,0.060509748550000006,0,0.0,1.7198904022822405,0.002778498226627206,0.0034881841867541704,0,0.0
1162,eMBB,486.5,13.5,21,1924,309640466.5197057,160935.79340941046,20,0.9523809523809523,193.461846303233,9.67309231516165,17.580146683739315,0,0.0,4.290588748626292,0.20431374993458534,0.2122557195765868,0,0.0
1163,eMBB,491.0,9.0,22,1941,325267794.4274846,167577.43144125942,21,0.9545454545454546,191.5593009319757,9.121871472951224,17.47137089007522,0,0.0,4.415956197599324,0.20072528170906018,0.2107548536590721,0,0.0
1164,mMTC,232.5,267.5,465,465,37239099.0,80084.08387096775,465,1.0,139.4526611125724,0.2998981959410159,0.3192974116002453,0,0.0,85.46111817108488,0.18378735090555887,0.20645060230332957,0,0.0
1165,URLLC,145.5,354.5,582,582,79900695.0,137286.4175257732,582,1.0,34.23257598506987,0.05881885908087607,0.05994002240746192,0,0.0,1.6841893715313891,0.0028937961710161324,0.004168444561308074,0,0.0
1166,mMTC,305.25,194.75,611,610,48642790.0,79742.27868852459,610,0.9983633387888707,177.1128384895384,0.29034891555662035,0.30920567883676514,0,0.0,108.27848922985626,0.17721520332218701,0.197950499823553,0,0.0
1167,eMBB,493.0,7.0,18,1953,319335062.58790755,163510.0166860766,17,0.9444444444444444,185.16704689761235,10.892179229271315,17.97291228806643,0,0.0,3.6200228875276883,0.20111238264042713,0.20686466055815578,0,0.0
1168,eMBB,487.0,13.0,23,1924,412245281.26549596,214264.69920244074,22,0.9565217391304348,190.0758685047362,8.639812204760737,13.870040446626277,0,0.0,4.562245341444276,0.19835849310627288,0.20758281253704874,0,0.0
1169,eMBB,489.25,10.75,19,1937,313931676.67994887,162071.07727410886,18,0.9473684210526315,183.6634131798812,10.203522954437844,17.54158760036539,0,0.0,3.8430595911891348,0.20226629427311235,0.20933505111527456,0,0.0
1170,eMBB,496.5,3.5,21,1964,330904325.1191208,168484.8905901837,20,0.9523809523809523,197.1007145667817,9.855035728339086,16.07334690061717,0,0.0,4.127782108816479,0.19656105280078473,0.20630838679619845,0,0.0
1171,eMBB,486.75,13.25,20,1926,329703587.4676666,171185.66327500864,19,0.95,183.8917175443913,9.678511449704805,14.769453655498364,0,0.0,3.8944997787565434,0.19472498893782716,0.20269556270741895,0,0.0
1172,mMTC,300.0,200.0,600,600,47585622.0,79309.37,600,1.0,172.82172289197425,0.28803620481995706,0.31247427332347666,0,0.0,104.80811767219377,0.17468019612032296,0.19817751872050376,0,0.0
1173,eMBB,491.0,9.0,20,1943,307984408.83399415,158509.7317725137,19,0.95,194.72084489164325,10.248465520612802,17.78157723748107,0,0.0,4.130771590782241,0.20653857953911206,0.21099604474486666,0,0.0
1174,mMTC,302.25,197.75,605,604,48735730.0,80688.29470198676,604,0.9983471074380166,178.81499116676866,0.29605130987875605,0.31553074353032023,0,0.0,109.57460083679129,0.18111504270544015,0.20503575132345672,0,0.0
1175,eMBB,487.5,12.5,24,1925,413371311.2703073,214738.34351704275,23,0.9583333333333334,193.4999613926385,8.413041799679934,13.770875004312522,0,0.0,4.716161952531817,0.19650674802215903,0.20145360714071855,0,0.0
1176,eMBB,490.25,9.75,18,1942,316902111.25732446,163183.37345897243,17,0.9444444444444444,192.16180749041337,11.303635734730198,17.981316645298765,0,0.0,3.6152621592252263,0.2008478977347348,0.21215887688126822,0,0.0
1177,mMTC,268.5,231.5,537,536,42135120.0,78610.29850746269,536,0.9981378026070763,156.86192945646917,0.2926528534635619,0.31115010668738147,0,0.0,96.03366109304247,0.17883363332037702,0.19904573956907562,0,0.0
1178,mMTC,308.5,191.5,617,617,49481347.0,80196.67260940032,617,1.0,185.16804732467506,0.30011028739817674,0.32068670600747656,0,0.0,113.85307709295431,0.18452686724952075,0.20636102507686316,0,0.0
1179,eMBB,488.5,11.5,21,1932,306867378.1863312,158834.04668029567,20,0.9523809523809523,185.51944144291846,9.275972072145922,17.680898258154905,0,0.0,4.26356956517852,0.20302712215135812,0.21048693376754338,0,0.0
1180,eMBB,490.25,9.75,20,1940,306178893.5964738,157824.17195694527,19,0.95,195.39047154806107,10.283709028845319,16.87866406617139,0,0.0,4.103644790784307,0.20518223953921538,0.20708640124455535,0,0.0
1181,eMBB,494.0,6.0,21,1954,317362634.70295554,162416.90619393837,20,0.9523809523809523,198.5061171507005,9.925305857535026,17.975376954540703,0,0.0,4.238960600854722,0.20185526670736773,0.2065923324562044,0,0.0
1182,eMBB,488.0,12.0,26,1925,412112868.20949334,214084.60686207446,25,0.9615384615384616,192.55992035805647,7.702396814322259,13.7712718645865,0,0.0,5.13341211484236,0.19743892749393693,0.20314569548146624,0,0.0
1183,mMTC,259.75,240.25,519,518,42198573.0,81464.42664092664,518,0.9980732177263969,149.70750736545,0.2890106319796332,0.6649438265048112,0,0.0,91.89635595330019,0.17706426965953792,0.5537133984943885,0,0.0
1184,eMBB,489.0,11.0,21,1934,324055559.59360665,167557.16628418132,20,0.9523809523809523,186.09139406082616,9.304569703041308,16.37210764624181,0,0.0,4.219244406291109,0.2009164002995766,0.2041613652944358,0,0.0
1185,mMTC,247.0,253.0,494,494,40425017.0,81832.01821862349,494,1.0,148.58339250240746,0.30077609818301104,0.32062696013115133,0,0.0,91.64386225014863,0.18551389119463285,0.20475438262233803,0,0.0
1186,eMBB,486.75,13.25,24,1922,302678728.502881,157481.12825331997,23,0.9583333333333334,184.71051163265213,8.03089181011531,17.078292514589272,0,0.0,4.938171917392781,0.2057571632246992,0.20982367576114613,0,0.0
1187,mMTC,243.25,256.75,487,486,40433474.0,83196.44855967078,486,0.997946611909651,141.22251272337616,0.29058130189995096,0.31442997131542655,0,0.0,86.45969783138312,0.17753531382214194,0.20575070447941007,0,0.0
1188,eMBB,488.25,11.75,19,1933,315664684.6573058,163302.99258008576,18,0.9473684210526315,190.27683065424384,10.57093503634688,17.978871784984843,0,0.0,3.7599794396211514,0.1978936547169027,0.20496526392675274,0,0.0
1189,eMBB,488.0,12.0,29,1922,408411585.03422236,212493.02030916876,28,0.9655172413793104,193.18006602961597,6.899288072486285,13.77000876878916,0,0.0,5.7383745385958935,0.19787498408951357,0.20312638835933766,0,0.0
1190,eMBB,491.75,8.25,19,1947,314493092.6986552,161527.01217188247,18,0.9473684210526315,193.0019432978911,10.722330183216172,17.977435706907986,0,0.0,3.884191592553946,0.2044311364502077,0.20718994398674037,0,0.0
1191,eMBB,488.0,12.0,22,1929,323407145.2208939,167655.3370766687,21,0.9545454545454546,194.64958122784967,9.26902767751665,16.67378215943894,0,0.0,4.412417985579199,0.2005644538899636,0.2112859595575679,0,0.0
1192,eMBB,494.75,5.25,23,1955,333377664.83433557,170525.65976180846,22,0.9565217391304348,196.3428392606376,8.924674511847163,15.471465539872396,0,0.0,4.533210839136197,0.19709612344070424,0.20389513951401683,0,0.0
1193,eMBB,492.75,7.25,16,1954,315395373.80869913,161410.11965644787,15,0.9375,184.29944072850958,12.286629381900639,18.381149485423506,0,0.0,3.3110913410770957,0.20694320881731848,0.21681493369947985,0,0.0
1194,eMBB,490.0,10.0,20,1939,305998529.4025288,157812.5473968689,19,0.95,188.11068336414357,9.900562282323346,17.479365413601766,0,0.0,4.118965975171189,0.20594829875855947,0.21143694039423494,0,0.0
1195,eMBB,489.25,10.75,17,1939,317731294.42769945,163863.4834593602,16,0.9411764705882353,190.18578505534327,11.886611565958955,17.977437551584067,0,0.0,3.4165744304420893,0.2009749664965935,0.20661900357711824,0,0.0
1196,eMBB,493.0,7.0,29,1942,413610399.01776457,212981.6678773247,28,0.9655172413793104,194.40771734446602,6.9431327623023575,13.573280189170461,0,0.0,5.667984999248344,0.19544775859477048,0.2020803630628638,0,0.0
1197,eMBB,494.75,5.25,17,1961,319463052.5883173,162908.23691398127,16,0.9411764705882353,195.27105162972444,12.204440726857777,18.08068985190071,0,0.0,3.4026192524249406,0.20015407367205532,0.2082963112219488,0,0.0
1198,eMBB,487.5,12.5,19,1930,326868239.1598029,169361.78194808442,18,0.9473684210526315,183.55501149534848,10.197500638630471,16.87384946031394,0,0.0,3.737552429699191,0.19671328577364164,0.20422600304935778,0,0.0
1199,mMTC,229.25,270.75,459,458,36182763.0,79001.66593886462,458,0.9978213507625272,137.91250084420506,0.30111899747643023,0.32056967797738056,0,0.0,85.1655644961296,0.1855458921484305,0.20480751776321057,0,0.0
1200,eMBB,493.5,6.5,18,1955,312564991.61065865,159879.79110519623,17,0.9444444444444444,187.51681172649867,11.030400689794039,18.07681380074954,0,0.0,3.686323200208082,0.20479573334489343,0.21106359110226863,0,0.0
1201,eMBB,488.75,11.25,18,1936,309111189.4378962,159664.87057742573,17,0.9444444444444444,193.2706935877452,11.368864328690893,17.680245659782848,0,0.0,3.6289112820361717,0.2016061823353429,0.21022797255283313,0,0.0
1202,eMBB,492.5,7.5,19,1950,319100229.20748127,163641.14318332373,18,0.9473684210526315,196.57665260557314,10.920925144754063,17.676829397614483,0,0.0,3.8603243922754613,0.20317496801449797,0.21085288688272152,0,0.0
1203,mMTC,275.5,224.5,551,551,45050521.0,81761.38112522686,551,1.0,163.59669048807837,0.2969086941707411,0.3185552126343224,0,0.0,102.1964250497428,0.1854744556256675,0.20440551284291886,0,0.0
1204,eMBB,492.75,7.25,22,1948,313942695.5941718,161161.54804628945,21,0.9545454545454546,197.55389443269547,9.407328306318831,17.878260577305646,0,0.0,4.416654478868855,0.20075702176676613,0.21079496967763445,0,0.0
1205,eMBB,492.5,7.5,25,1944,325182318.77390254,167274.85533636963,24,0.96,193.3628838313265,8.056786826305272,15.677070682487221,0,0.0,5.002885617341151,0.20011542469364602,0.20666048212111693,0,0.0
1206,eMBB,482.25,17.75,24,1904,323641522.76593006,169979.79136866075,23,0.9583333333333334,180.94689788479036,7.8672564297734935,16.860613691902635,0,0.0,4.761543888488506,0.19839766202035444,0.20221228083681753,0,0.0
1207,eMBB,493.25,6.75,19,1953,312386378.183728,159952.0625620727,18,0.9473684210526315,195.24079005892187,10.846710558828994,18.07745781405602,0,0.0,3.8347551264581194,0.20182921718200628,0.21049798605327888,0,0.0
1208,eMBB,493.0,7.0,23,1948,307736360.39984006,157975.54435310065,22,0.9565217391304348,196.77857191553318,8.944480541615144,17.37875005456428,0,0.0,4.671433252978009,0.2031057936077395,0.21281377021611075,0,0.0
1209,mMTC,267.5,232.5,535,535,42692704.0,79799.44672897196,535,1.0,158.8241773836392,0.2968676212778303,0.31835920648422283,0,0.0,97.8987913347373,0.18298839501820055,0.20312890056957933,0,0.0
1210,eMBB,491.75,8.25,30,1936,411646890.0342218,212627.52584412284,29,0.9666666666666667,194.7564769952495,6.715740586043086,13.772589690096744,0,0.0,5.938588069433311,0.19795293564777702,0.20262793119773737,0,0.0
1211,eMBB,487.75,12.25,19,1931,312533869.2493857,161850.7867681956,18,0.9473684210526315,189.0180146061497,10.501000811452762,17.277952483715108,0,0.0,3.8081571709314197,0.2004293247858642,0.2132797837533456,0,0.0
1212,mMTC,215.0,285.0,430,430,33808984.0,78625.5441860465,430,1.0,126.29332878125105,0.29370541577035125,0.31507057758837215,0,0.0,77.50796763997673,0.1802510875348296,0.20088307486152013,0,0.0
1213,mMTC,228.25,271.75,456,456,37468869.0,82168.57236842105,455,0.9978070175438597,137.25549225988206,0.30166042254919134,0.3872566660839678,0,0.0,84.98559343526011,0.186371915428202,0.21173376604386843,0,0.0
1214,mMTC,289.5,210.5,579,579,45805829.0,79111.96718480138,579,1.0,167.08293924154296,0.2885715703653592,0.3095469733801341,0,0.0,101.68340844831415,0.17561901286410045,0.19749595744292248,0,0.0
1215,eMBB,495.75,4.25,16,1966,315563655.30353296,160510.5062581551,15,0.9375,185.79843666689274,12.386562444459516,18.278281692772435,0,0.0,3.2141671785670036,0.20088544866043773,0.21076181698515928,0,0.0
1216,eMBB,492.75,7.25,19,1951,318173685.7323584,163082.36070341282,18,0.9473684210526315,191.29339331601713,10.62741073977873,17.775840316546102,0,0.0,3.777969244221221,0.19884048653795902,0.20849694449819117,0,0.0
1217,eMBB,490.25,9.75,25,1935,414256517.5734735,214086.05559352637,24,0.96,194.30554339175927,8.09606430798997,13.673547279384147,0,0.0,4.955121884794305,0.19820487539177217,0.20375947355218627,0,0.0
1218,eMBB,493.75,6.25,19,1955,315468392.8053824,161364.9068058222,18,0.9473684210526315,189.68316275543967,10.537953486413315,17.278713525748845,0,0.0,3.8703766199192082,0.20370403262732675,0.21115097670088517,0,0.0
1219,URLLC,217.5,282.5,870,869,117048826.0,134693.70080552358,869,0.9988505747126437,51.51486254224962,0.05928062432940117,0.060799903255720836,0,0.0,2.993225563020363,0.003440489152896969,0.00482307065662902,0,0.0
1220,mMTC,220.0,280.0,440,440,35405579.0,80467.225,440,1.0,132.62425698518646,0.30141876587542377,0.32010683307974763,0,0.0,82.15901949546905,0.18672504430788422,0.20807513311639103,0,0.0
1221,eMBB,495.5,4.5,18,1963,314608252.30227923,160269.10458598024,17,0.9444444444444444,194.25903633664922,11.427002137449954,18.279107442196867,0,0.0,3.6296279324579523,0.20164599624766402,0.21079704039521624,0,0.0
1222,eMBB,491.5,8.5,18,1947,308966954.1084736,158688.72835566185,17,0.9444444444444444,182.95333023589677,10.761960602111575,16.778576924405805,0,0.0,3.7201466583708616,0.20667481435393675,0.2106453928956925,0,0.0
1223,eMBB,491.25,8.75,21,1943,315862632.8430842,162564.401874979,20,0.9523809523809523,184.11206219912785,9.205603109956392,18.07682168204105,0,0.0,4.247694865563782,0.2022711840744658,0.208114974818344,0,0.0
1224,eMBB,492.75,7.25,26,1944,415974030.3292761,213978.41066320788,25,0.9615384615384616,195.19731457969132,7.807892583187653,13.769712508597525,0,0.0,5.076843636433303,0.19526321678589625,0.20144612227013256,0,0.0
1225,eMBB,491.25,8.75,16,1948,318160148.605638,163326.56499262733,15,0.9375,188.0614786179163,12.537431907861086,17.678915897965275,0,0.0,3.269829657620324,0.20436435360127025,0.21088522084448075,0,0.0
1226,mMTC,245.5,254.5,491,491,39699577.0,80854.53564154786,491,1.0,144.2610930306614,0.29381078010318007,0.31752957110424834,0,0.0,88.71435480234062,0.18068096701087702,0.20595848451606996,0,0.0
1227,mMTC,229.0,271.0,458,457,37539298.0,82142.88402625821,457,0.9978165938864629,137.7676048338355,0.3014608420871674,0.3242324242972634,0,0.0,85.6550787373763,0.1870198225706906,0.2131504327105351,0,0.0
1228,eMBB,493.0,7.0,18,1953,311582851.76618993,159540.63070465435,17,0.9444444444444444,192.35451873822444,11.314971690483791,17.877206127183946,0,0.0,3.625873538799726,0.201437418822207,0.20799993579306575,0,0.0
1229,eMBB,491.25,8.75,21,1943,306513706.46589434,157752.80826860233,20,0.9523809523809523,191.17460157859023,9.55873007892951,18.282373129787484,0,0.0,4.320271765892823,0.20572722694727727,0.2093308605708128,0,0.0
1230,mMTC,285.25,214.75,570,570,45880092.0,80491.3894736842,569,0.9982456140350877,168.95779440923874,0.2969381272570101,0.3995520962302308,0,0.0,104.27835152445594,0.18294447635869462,0.20445515205302545,0,0.0
1231,URLLC,151.25,348.75,605,605,86416443.0,142837.0958677686,605,1.0,35.58414961588042,0.05881677622459574,0.060695569575000004,0,0.0,1.7658776458803793,0.002918806026248561,0.0036875316917581837,0,0.0
1232,eMBB,493.5,6.5,22,1951,314575156.4828007,161237.9069619686,21,0.9545454545454546,188.54981771578406,8.978562748370669,17.8767019381812,0,0.0,4.520743021613096,0.20548831916423163,0.20756380411677605,0,0.0
1233,eMBB,489.75,10.25,21,1937,327258419.5989303,168951.17170827583,20,0.9523809523809523,183.2078201868311,9.160391009341556,17.173525995781894,0,0.0,4.144662773718168,0.19736489398657944,0.204327509910978,0,0.0
1234,eMBB,493.25,6.75,22,1950,333366190.5377948,170957.02078861275,21,0.9545454545454546,187.09334946889288,8.909207117566329,15.670213998542502,0,0.0,4.356172677977653,0.19800784899898421,0.20164928398890908,0,0.0
1235,eMBB,485.75,14.25,21,1922,304216619.99999917,158281.27991675294,21,1.0,195.88937418359683,9.328065437314134,17.57868433226818,0,0.0,4.262652789524977,0.20298346616785606,0.20964402934565046,0,0.0
1236,URLLC,188.5,311.5,754,753,106387884.0,141285.3705179283,753,0.9986737400530504,44.217092682026774,0.0587212386215495,0.0636001324901099,0,0.0,2.335366283679326,0.0030973027635004323,0.005029405951648356,0,0.0
1237,eMBB,491.25,8.75,18,1946,318883983.33203524,163866.38403496158,17,0.9444444444444444,194.17446650797575,11.422027441645632,17.67477494907071,0,0.0,3.63221591729664,0.20178977318314667,0.208881577869559,0,0.0
1238,eMBB,485.25,14.75,26,1914,408470182.5313128,213411.79860570157,25,0.9615384615384616,194.28311466118828,7.771324586447531,12.57062379196524,0,0.0,5.168448013169239,0.19878646204497072,0.2083046594921027,0,0.0
1239,mMTC,295.25,204.75,591,590,47687662.0,80826.54576271186,590,0.9983079526226735,170.6398135395277,0.28922002294835203,0.30630951814634944,0,0.0,104.6570358329342,0.17708466299988865,0.1972969375114875,0,0.0
1240,URLLC,204.5,295.5,818,817,115263011.0,141080.79681762547,817,0.9987775061124694,48.4688486665521,0.05932539616469045,0.06384989441334221,0,0.0,2.879372006863572,0.003520014678317325,0.005138197874880671,0,0.0
1241,URLLC,195.0,305.0,780,779,107577799.0,138097.3029525032,779,0.9987179487179487,45.86778225538127,0.05888033665645863,0.060165898240306846,0,0.0,2.5069984825314586,0.0032141006186300752,0.004455901410122513,0,0.0
1242,eMBB,492.75,7.25,19,1951,312043107.1754443,159940.085687055,18,0.9473684210526315,186.7941458844085,10.377452549133805,18.27809788730318,0,0.0,3.893617952425211,0.20492726065395847,0.20974832574987964,0,0.0
1243,eMBB,492.75,7.25,18,1952,308670001.20716757,158130.12356924568,17,0.9444444444444444,190.73557520089307,11.219739717699593,16.57723313192246,0,0.0,3.7016312693040385,0.20564618162800213,0.211441245934805,0,0.0
1244,eMBB,489.0,11.0,21,1934,314060847.0139567,162389.26939708207,20,0.9523809523809523,195.05519656946177,9.752759828473089,17.476215576176365,0,0.0,4.1974946555542685,0.1998806978835366,0.20747768800816685,0,0.0
1245,eMBB,491.5,8.5,23,1942,416495519.3116583,214467.31169498368,22,0.9565217391304348,190.77143176569584,8.671428716622538,13.368516155288846,0,0.0,4.575267968462775,0.19892469428099022,0.20878799282543603,0,0.0
1246,eMBB,491.75,8.25,21,1945,313913586.31151986,161395.1600573367,20,0.9523809523809523,193.6667029932692,9.68333514966346,17.39328736228983,0,0.0,4.209844779520922,0.2004687990248058,0.20867062999953445,0,0.0
1247,eMBB,491.25,8.75,24,1940,324732740.632938,167388.01063553506,23,0.9583333333333334,185.01456828664863,8.044111664636898,16.372532031979784,0,0.0,4.733276691857276,0.19721986216071985,0.20422692730515032,0,0.0
1248,eMBB,491.75,8.25,19,1947,334813028.8757258,171963.548472381,18,0.9473684210526315,189.40448232167276,10.522471240092932,16.869892452884223,0,0.0,3.68776521737164,0.19409290617745473,0.20169120017016007,0,0.0
1249,eMBB,490.5,9.5,18,1943,309060775.7909024,159063.7034435936,17,0.9444444444444444,188.93763016100928,11.113978244765251,16.176680404513313,0,0.0,3.713701299351815,0.2063167388528786,0.2112279555119942,0,0.0
1250,eMBB,494.0,6.0,20,1955,310269779.4705997,158705.76955017887,19,0.95,197.22341366862582,10.38017966676978,18.184669869427932,0,0.0,4.141189135916493,0.20705945679582466,0.2119448718131115,0,0.0
1251,eMBB,494.0,6.0,24,1951,314284041.53789544,161088.69376622012,23,0.9583333333333334,184.3739891520866,8.01626039791681,17.275463303769918,0,0.0,4.79772077745866,0.19990503239411084,0.20803614752744615,0,0.0
1252,eMBB,488.0,12.0,27,1924,409911920.1550771,213051.93355253487,26,0.9629629629629629,192.74991936257888,7.413458437022265,12.576267665958005,0,0.0,5.366343233896581,0.19875345310728076,0.20376518401899374,0,0.0
1253,URLLC,189.5,310.5,758,757,106597301.0,140815.4570673712,757,0.9986807387862797,44.705154931378765,0.059055686831411845,0.06217643927692308,0,0.0,2.386054680779135,0.003147829394167724,0.004260486765097297,0,0.0
1254,eMBB,492.0,8.0,20,1947,329287207.4759723,169125.42756855278,19,0.95,196.8104372372867,10.358444065120352,16.574271692857792,0,0.0,3.923728328023373,0.19618641640116866,0.2023793772313447,0,0.0
1255,eMBB,490.5,9.5,20,1941,333522657.34864986,171830.32320899013,19,0.95,186.4762792423524,9.81454101275539,16.470746036472892,0,0.0,3.8908962653982893,0.19454481326991446,0.20337385256523688,0,0.0
1256,eMBB,493.0,7.0,23,1948,306983576.4404881,157589.10494891586,22,0.9565217391304348,197.59715039623333,8.981688654374242,17.976793168212915,0,0.0,4.716088616849391,0.20504733116736484,0.20943623870496597,0,0.0
1257,mMTC,277.5,222.5,555,554,45191533.0,81573.1642599278,554,0.9981981981981982,161.42079217912374,0.2913732710814508,0.31045249625742966,0,0.0,99.31324523014827,0.17894278419846535,0.19807546442906124,0,0.0
1258,URLLC,218.0,282.0,872,871,122492451.0,140634.2721010333,871,0.9988532110091743,51.15816378408837,0.058734975641892506,0.062009113399999996,0,0.0,2.8014743537692715,0.0032126999469831094,0.004156018211701024,0,0.0
1259,eMBB,490.0,10.0,28,1931,411940653.80801654,213330.2194759278,27,0.9642857142857143,195.40107389791075,7.237076811033732,13.768949086022747,0,0.0,5.5413541064525775,0.19790550380187777,0.2032967287630344,0,0.0
1260,mMTC,266.5,233.5,533,533,41590217.0,78030.42589118199,533,1.0,154.0865187572507,0.28909290573593,0.30738452403784183,0,0.0,94.64122180849908,0.17756326793339416,0.19758288474894847,0,0.0
1261,mMTC,303.0,197.0,606,605,50611915.0,83656.05785123968,605,0.9983498349834984,177.74681299639238,0.29379638511800393,0.3164297511061724,0,0.0,109.76767415746579,0.18113477583740228,0.20462458257999203,0,0.0
1262,mMTC,285.5,214.5,571,571,44239788.0,77477.73730297723,571,1.0,172.2834471606114,0.30172232427427564,0.32582375953245396,0,0.0,106.83386417385711,0.1870995869944958,0.21316309498842195,0,0.0
1263,eMBB,494.75,5.25,18,1960,313473029.494911,159935.21913005665,17,0.9444444444444444,193.6155341453747,11.389149067374984,18.377583371654808,0,0.0,3.690280814107869,0.2050156007837705,0.21038578640427077,0,0.0
1264,URLLC,171.0,329.0,684,684,94225211.0,137756.15643274854,684,1.0,40.17575774883389,0.05873648793689165,0.06376629616703297,0,0.0,2.1585061006800634,0.0031557106735088645,0.005272264628571434,0,0.0
1265,eMBB,493.5,6.5,20,1953,318624572.7473756,163146.222604903,19,0.95,196.40362137775173,10.337032704092197,17.179361916671517,0,0.0,4.025941214609588,0.20129706073047943,0.2072535657003809,0,0.0
1266,eMBB,490.5,9.5,23,1938,415834606.8572414,214568.94058681186,22,0.9565217391304348,196.23985562687417,8.91999343758519,13.474507184529601,0,0.0,4.543940157319742,0.19756261553564097,0.20255182046532896,0,0.0
1267,eMBB,495.0,5.0,23,1956,313651817.54474086,160353.68995129902,22,0.9565217391304348,184.50635652106985,8.386652569139539,17.278918035118327,0,0.0,4.706506216819959,0.20463070507912867,0.20905604372848843,0,0.0
1268,eMBB,491.75,8.25,21,1945,327765848.5810266,168517.14580001368,20,0.9523809523809523,189.38851062438837,9.469425531219418,16.474574086807863,0,0.0,4.129049933244653,0.19662142539260255,0.203198814367806,0,0.0
1269,eMBB,491.5,8.5,22,1943,332473915.71418583,171113.69825742967,21,0.9545454545454546,185.09902013779194,8.814239054180568,15.970247650253706,0,0.0,4.3668497053294475,0.1984931684240658,0.20437753194107328,0,0.0
1270,eMBB,493.25,6.75,19,1953,311375492.666012,159434.45605018534,18,0.9473684210526315,197.83594230965883,10.990885683869935,17.580805591972876,0,0.0,3.941786125496872,0.2074624276577301,0.2176083251221823,0,0.0
1271,eMBB,491.25,8.75,22,1942,307051173.1881076,158110.799787903,21,0.9545454545454546,196.50030820506703,9.35715753357462,16.780304691169825,0,0.0,4.473864045962243,0.2033574566346474,0.21168042720593877,0,0.0
1272,mMTC,281.5,218.5,563,563,43855085.0,77895.35523978686,563,1.0,167.60064411608093,0.29769208546373166,0.3193413408677554,0,0.0,103.64549179916528,0.18409501207667014,0.20762049261151438,0,0.0
1273,eMBB,493.25,6.75,24,1948,417547091.5894138,214346.5562573993,23,0.9583333333333334,196.99565082929067,8.56502829692568,13.372105665304431,0,0.0,4.729997460417343,0.1970832275173893,0.20210320346489366,0,0.0
1274,mMTC,313.5,186.5,627,627,50477115.0,80505.76555023923,627,1.0,181.65563713886752,0.2897219093123884,0.306326482782315,0,0.0,112.0824075085209,0.17875982058775264,0.1964585922628471,0,0.0
1275,eMBB,485.25,14.75,21,1919,323762201.90765077,168714.0187116471,20,0.9523809523809523,195.28882875286257,9.764441437643129,17.470318052206995,0,0.0,4.2323624678564356,0.2015410698979255,0.2120833147412717,0,0.0
1276,URLLC,161.25,338.75,645,645,88658059.0,137454.35503875968,645,1.0,38.009433460164395,0.05892935420180526,0.06264317729296962,0,0.0,2.1106017927797933,0.0032722508415190593,0.00455602652373884,0,0.0
1277,eMBB,491.0,9.0,16,1947,312626600.83707184,160568.36201184994,15,0.9375,195.54532201070307,13.036354800713537,17.77714147853985,0,0.0,3.27145170307614,0.20446573144225874,0.2090635811725734,0,0.0
1278,eMBB,490.25,9.75,23,1937,304231588.218236,157063.28767074653,22,0.9565217391304348,197.14944893373897,8.961338587897226,18.197706666980444,0,0.0,4.657023719470189,0.2024792921508778,0.21142837289283667,0,0.0
1279,eMBB,489.5,10.5,22,1935,312076191.7132772,161279.68563993654,21,0.9545454545454546,189.216482060194,9.010308669533048,16.097866715399658,0,0.0,4.392801022289496,0.19967277374043163,0.2074028333007691,0,0.0
1280,eMBB,492.75,7.25,24,1946,417892377.57347333,214744.28446735526,23,0.9583333333333334,195.20112792783414,8.487005562079744,13.776885497120277,0,0.0,4.741052779809789,0.19754386582540787,0.20450829398693476,0,0.0
1281,eMBB,490.75,9.25,19,1943,314301863.02296907,161761.12353215084,18,0.9473684210526315,187.06220738831394,10.39234485490633,17.677415721296466,0,0.0,3.8546405586243098,0.20287581887496367,0.20800058996471188,0,0.0
1282,eMBB,483.75,16.25,21,1913,321872403.86716473,168255.307823923,20,0.9523809523809523,185.2132572198636,9.26066286099318,17.073002947930114,0,0.0,4.152631279658559,0.19774434665040758,0.20583514200047665,0,0.0
1283,eMBB,492.75,7.25,20,1950,334547189.84257644,171562.6614577315,19,0.95,190.78880904482,10.041516265516842,15.871167679692118,0,0.0,3.9037242403904067,0.19518621201952033,0.20298995493469696,0,0.0
1284,eMBB,492.75,7.25,17,1953,312853838.11883456,160191.41736755482,16,0.9411764705882353,183.2424272744545,11.452651704653407,18.28012188758752,0,0.0,3.495803379344795,0.205635492902635,0.21207555129524525,0,0.0
1285,eMBB,489.25,10.75,21,1935,304394829.55466694,157309.9894339364,20,0.9523809523809523,187.80857607344282,9.39042880367214,16.182814033238518,0,0.0,4.355008784266021,0.20738137067933432,0.21704361285892187,0,0.0
1286,eMBB,494.75,5.25,20,1958,319283542.9321206,163066.16084377968,19,0.95,194.57406324908027,10.240740171004225,18.077127074360604,0,0.0,3.994158432941241,0.19970792164706205,0.2077661585633837,0,0.0
1287,eMBB,486.5,13.5,28,1917,407474368.6738359,212558.35611572032,27,0.9642857142857143,191.00627123499464,7.074306342036839,13.170748278810393,0,0.0,5.55747519998302,0.1984812571422507,0.20361428559042766,0,0.0
1288,eMBB,490.75,9.25,20,1942,312824054.98922235,161083.44747127825,19,0.95,185.78703747548974,9.778265130288935,15.379014031786406,0,0.0,4.108084819334873,0.20540424096674365,0.21057693166809166,0,0.0
1289,eMBB,491.75,8.25,24,1942,325705664.21868414,167716.61391281366,23,0.9583333333333334,195.0597221480911,8.480857484699614,15.573008026228337,0,0.0,4.785670546954841,0.1994029394564517,0.20314290244328698,0,0.0
1290,eMBB,487.0,13.0,24,1924,329335060.9999999,171172.06912681906,24,1.0,196.4323489471499,8.184681206131247,16.57289177380675,0,0.0,4.685166751576718,0.19521528131569657,0.2005308815034173,0,0.0
1291,eMBB,492.25,7.75,21,1947,310266131.56339276,159355.99977575385,20,0.9523809523809523,193.5489849337667,9.677449246688335,18.079060880802718,0,0.0,4.3159580297615845,0.20552181094102784,0.21081913474181657,0,0.0
1292,eMBB,491.5,8.5,19,1946,307474025.2761914,158003.0962364807,18,0.9473684210526315,188.42929225529423,10.468294014183012,17.879062451141078,0,0.0,3.9248269197585097,0.20656983788202682,0.21071606533543427,0,0.0
1293,eMBB,490.5,9.5,16,1945,318808865.9098943,163912.0133212824,15,0.9375,184.93585723754884,12.329057149169923,17.374951198522535,0,0.0,3.249936676047843,0.20312104225299019,0.20671788135666735,0,0.0
1294,URLLC,212.5,287.5,850,850,120511106.0,141777.7717647059,850,1.0,50.09517038721784,0.05893549457319746,0.06274966561757425,0,0.0,2.6052717937178684,0.0030650256396680805,0.004186558117574252,0,0.0
1295,eMBB,488.5,11.5,20,1933,311045940.5122152,160913.57501925254,19,0.95,186.90970071348954,9.837352669131029,15.979867690334354,0,0.0,4.0297679285519665,0.20148839642759833,0.20923322334517216,0,0.0
1296,mMTC,256.75,243.25,514,513,41289562.0,80486.47563352826,513,0.9980544747081712,151.06434175701762,0.2944724010858043,0.3126341243517112,0,0.0,93.12644731890678,0.1811798585970949,0.2030740918178159,0,0.0
1297,eMBB,492.0,8.0,18,1949,335522910.59566206,172151.31379972398,17,0.9444444444444444,191.08767182262417,11.240451283683775,16.540409894205272,0,0.0,3.5525884722189174,0.1973660262343843,0.20113251422598385,0,0.0
1298,eMBB,491.25,8.75,18,1946,310261760.12041885,159435.64240514842,17,0.9444444444444444,184.35968734498252,10.844687490881325,16.376950695007185,0,0.0,3.642839803339349,0.2023799890744083,0.2133099983330767,0,0.0
1299,eMBB,496.0,4.0,17,1966,313244834.67657834,159331.04510507546,16,0.9411764705882353,191.8490092942502,11.990563080890638,17.87785949836566,0,0.0,3.494575634372116,0.20556327261012447,0.21182725062326105,0,0.0
1300,mMTC,266.5,233.5,533,533,44062743.0,82669.3114446529,533,1.0,159.00890845876273,0.2983281584592171,0.31976296693554684,0,0.0,98.65374368749384,0.185091451571283,0.20545192443885035,0,0.0
1301,eMBB,487.5,12.5,25,1924,412749866.72448367,214526.95775700815,24,0.96,196.02363250317478,8.167651354298949,13.570937556147687,0,0.0,4.8964652163414915,0.19585860865365967,0.20349554840229678,0,0.0
1302,mMTC,292.0,208.0,584,584,48059430.0,82293.54452054795,584,1.0,169.3948300801998,0.2900596405482873,0.30763178057533497,0,0.0,104.71714445840392,0.17931017886713,0.199216870055782,0,0.0
1303,eMBB,488.25,11.75,20,1932,326024267.8124454,168749.6210209345,19,0.95,193.70026155206597,10.194750608003472,16.374401777145213,0,0.0,4.014943504218779,0.20074717521093896,0.2061980537220524,0,0.0
1304,eMBB,489.75,10.25,22,1936,331589771.3549634,171275.7083445059,21,0.9545454545454546,196.7163898185527,9.367447134216794,16.66932826881254,0,0.0,4.391557569336927,0.1996162531516785,0.21279700010020858,0,0.0
1305,eMBB,489.75,10.25,17,1941,311328484.4180201,160395.92190521388,16,0.9411764705882353,184.03434124708608,11.50214632794288,18.277754459802704,0,0.0,3.491727384376319,0.20539572849272464,0.21317745532494414,0,0.0
1306,mMTC,273.5,226.5,547,547,43558521.0,79631.66544789763,547,1.0,159.88585246000727,0.29229589115175003,0.312799993716964,0,0.0,98.44927549507291,0.17998039395808577,0.20094909917065248,0,0.0
1307,eMBB,492.5,7.5,21,1948,315753856.7447756,162091.30223037762,20,0.9523809523809523,197.83396192665577,9.891698096332789,17.275360636690852,0,0.0,4.288495000030282,0.2042140476204896,0.21393954317656766,0,0.0
1308,URLLC,180.75,319.25,723,723,98810694.0,136667.6265560166,723,1.0,42.629711596211884,0.058962256702921004,0.06292945834459189,0,0.0,2.258469154378561,0.0031237471014917855,0.004286497511258547,0,0.0
1309,eMBB,494.0,6.0,19,1956,317507868.3361816,162325.08606144253,18,0.9473684210526315,198.11374301955328,11.00631905664185,17.779530876311927,0,0.0,3.908116736084906,0.20569035453078452,0.2185245094511839,0,0.0
1310,eMBB,489.75,10.25,21,1937,327021403.9076508,168828.80945154923,20,0.9523809523809523,197.0662484403523,9.853312422017614,17.37394874332392,0,0.0,4.21797915841486,0.2008561504007076,0.20524045793287785,0,0.0
1311,eMBB,496.25,3.75,21,1963,337019034.0315249,171685.70251223887,20,0.9523809523809523,190.1508026362179,9.507540131810895,16.276139513237418,0,0.0,4.096719521737194,0.19508188198748544,0.20385550998681912,0,0.0
1312,eMBB,487.75,12.25,22,1928,305277648.83325845,158339.02947783115,21,0.9545454545454546,188.8347431490883,8.992130626147063,17.376293810251692,0,0.0,4.531610732884754,0.2059823060402161,0.21274656381339818,0,0.0
1313,URLLC,202.75,297.25,811,810,112822159.0,139286.61604938272,810,0.998766954377312,47.65579769180103,0.05883431813802596,0.06394592473406595,0,0.0,2.6513822190201823,0.0032692752392357366,0.005571971657142863,0,0.0
1314,eMBB,490.75,9.25,21,1941,315412287.3573374,162499.8904468508,20,0.9523809523809523,186.4650894115038,9.32325447057519,17.778652094803103,0,0.0,4.217451094582038,0.20083100450390656,0.20910782047618404,0,0.0
1315,eMBB,487.5,12.5,21,1928,415064784.3116582,215282.56447700114,20,0.9523809523809523,188.9877229864213,9.449386149321064,13.867442184305855,0,0.0,4.151626774347326,0.1976965130641584,0.2021064119573362,0,0.0
1316,eMBB,492.25,7.75,23,1945,312255854.97280943,160542.85602715137,22,0.9565217391304348,185.82371930607968,8.446532695730895,16.276478488969595,0,0.0,4.729273207671337,0.20562057424657987,0.21900784278451724,0,0.0
1317,eMBB,492.5,7.5,21,1948,326904314.53556913,167815.3565377665,20,0.9523809523809523,190.07830023343809,9.503915011671904,15.472176621441996,0,0.0,4.125355585135929,0.19644550405409186,0.20198965818382258,0,0.0
1318,eMBB,493.5,6.5,22,1951,332940978.48468584,170651.44976149965,21,0.9545454545454546,198.23601353425536,9.439810168297875,15.671942044841032,0,0.0,4.313435067474607,0.19606523033975487,0.20361845392565614,0,0.0
1319,eMBB,488.5,11.5,21,1932,307115280.96706635,158962.36074899914,20,0.9523809523809523,186.0392454802962,9.301962274014809,18.27960676239896,0,0.0,4.31473234366107,0.2054634449362414,0.209669580761434,0,0.0
1320,mMTC,273.0,227.0,546,546,43279364.0,79266.23443223443,546,1.0,159.5134370192975,0.2921491520499954,0.3094009861706562,0,0.0,98.38671151627203,0.18019544233749457,0.19863811593213349,0,0.0
1321,URLLC,206.0,294.0,824,824,115097191.0,139681.05703883496,824,1.0,48.496979044044096,0.05885555709228652,0.06272968306616991,0,0.0,2.774316094736406,0.0033668884644859295,0.005584117063371851,0,0.0
1322,eMBB,491.0,9.0,26,1937,414431032.0225317,213955.10171529773,25,0.9615384615384616,196.8621740170657,7.874486960682629,13.770890388649702,0,0.0,5.166647011588805,0.19871719275341557,0.20223865078809392,0,0.0
1323,mMTC,301.0,199.0,602,602,47832121.0,79455.35049833887,602,1.0,174.96989143572952,0.29064766019224175,0.3094797378910206,0,0.0,108.2958566165563,0.1798934495291633,0.199648766446847,0,0.0
1324,mMTC,286.0,214.0,572,571,45636562.0,79923.92644483362,571,0.9982517482517482,168.47116568915004,0.29504582432425575,0.3185777882148397,0,0.0,104.44175423445495,0.1825904794308653,0.2083865606054677,0,0.0
1325,mMTC,310.0,190.0,620,620,49938432.0,80545.85806451613,620,1.0,187.6532508754651,0.302666533670105,0.32706595387206516,0,0.0,116.9528930492996,0.18863369846661227,0.21612408956579165,0,0.0
1326,eMBB,493.25,6.75,19,1953,312583206.1207371,160052.844915892,18,0.9473684210526315,197.28423089916234,10.960235049953463,18.079803896323817,0,0.0,3.9007118350311747,0.20530062289637763,0.21269565278041871,0,0.0
1327,eMBB,489.25,10.75,22,1934,304811312.8433943,157606.6767545989,21,0.9545454545454546,188.4714752327498,8.974832153940467,16.57803323368095,0,0.0,4.459188858656533,0.20269040266620603,0.21344833889295373,0,0.0
1328,eMBB,492.0,8.0,19,1948,316213676.3298501,162327.3492453029,18,0.9473684210526315,186.27920998357925,10.348844999087737,16.975073388350385,0,0.0,3.8754551270451887,0.20397132247606256,0.21447654731675891,0,0.0
1329,mMTC,272.5,227.5,545,545,43483591.0,79786.40550458715,545,1.0,162.8988077029823,0.2988968948678575,0.31609911869716556,0,0.0,102.24756577185158,0.18761021242541576,0.21026799929424428,0,0.0
1330,URLLC,196.0,304.0,784,784,109546691.0,139727.92219387754,784,1.0,46.375188170537115,0.05915202572772591,0.06377518434255336,0,0.0,2.5695758940755953,0.0032775202730556063,0.004338310160694479,0,0.0
1331,eMBB,481.5,18.5,24,1901,318086268.5177929,167325.7593465507,23,0.9583333333333334,182.39093246910974,7.930040542135206,15.576752112639674,0,0.0,4.819970691494586,0.20083211214560773,0.20662084790177146,0,0.0
1332,mMTC,238.25,261.75,477,476,38187512.0,80225.86554621848,476,0.9979035639412998,144.2447847132272,0.3030352620025782,0.3275496364362275,0,0.0,90.08210204663922,0.18885136697408642,0.21754075623245833,0,0.0
1333,eMBB,491.5,8.5,20,1945,308741486.48556185,158735.9827689264,19,0.95,195.21514045699917,10.274481076684166,16.878479514610994,0,0.0,4.060068178810732,0.2030034089405366,0.21138770647892352,0,0.0
1334,mMTC,265.5,234.5,531,530,42799437.0,80753.65471698114,530,0.9981167608286252,155.39059885327552,0.2931898091571236,0.31164164323371646,0,0.0,96.35606817723688,0.1814615219910299,0.2014711387547316,0,0.0
1335,eMBB,493.5,6.5,19,1954,318018820.70295525,162752.72298001804,18,0.9473684210526315,198.1561807029881,11.008676705721562,17.476850934739307,0,0.0,3.8560849635692573,0.20295184018785564,0.20662407138253708,0,0.0
1336,mMTC,233.5,266.5,467,466,36830957.0,79036.38841201717,466,0.9978586723768736,139.35675936255709,0.2990488398338135,0.3192315515400233,0,0.0,87.78501846198411,0.18797648492930216,0.21152646778446182,0,0.0
1337,mMTC,260.5,239.5,521,521,41670169.0,79981.13051823416,521,1.0,151.3775449895875,0.29055190976888196,0.30898793657237267,0,0.0,93.83143549510298,0.18009872455873893,0.19821508194864088,0,0.0
1338,mMTC,283.0,217.0,566,566,45657866.0,80667.60777385159,566,1.0,167.23533963443188,0.29546879794069236,0.3162894346022491,0,0.0,103.5744603660969,0.18299374622985318,0.20479940625892312,0,0.0
1339,eMBB,487.25,12.75,20,1928,331557348.78837436,171969.57924708215,19,0.95,194.88279990002724,10.256989468422486,16.370628400992373,0,0.0,3.9101314215909477,0.1955065710795474,0.20334815554744406,0,0.0
1340,eMBB,495.25,4.75,22,1958,309305805.06352705,157970.27837769513,21,0.9545454545454546,197.96439088540058,9.426875756447647,16.776696334202633,0,0.0,4.56648541852673,0.20756751902394227,0.21173979854289438,0,0.0
1341,mMTC,306.0,194.0,612,611,50234357.0,82216.62356792144,611,0.9983660130718954,178.90671821282447,0.292809686109369,0.3123912915479471,0,0.0,110.99871102860924,0.18137044285720463,0.20290665455215862,0,0.0
1342,eMBB,496.0,4.0,18,1965,321193762.25532526,163457.3853716668,17,0.9444444444444444,198.7163327420082,11.689196043647542,17.375909551592695,0,0.0,3.5916591177909893,0.19953661765505495,0.20893671799465113,0,0.0
1343,mMTC,268.0,232.0,536,536,43229932.0,80652.85820895522,536,1.0,160.36900507693016,0.2991959049942727,0.3211742447669299,0,0.0,100.93564802552866,0.1883127761670311,0.21296676541622894,0,0.0
1344,eMBB,489.5,10.5,19,1938,314443438.0025704,162251.51599719835,18,0.9473684210526315,190.69952525194353,10.594418069552418,17.778780623210388,0,0.0,3.800105724428294,0.20000556444359444,0.2079008482380802,0,0.0
1345,eMBB,497.0,3.0,21,1966,332340184.0497169,169043.83725824868,20,0.9523809523809523,191.29361326617112,9.564680663308556,17.17297656752257,0,0.0,4.14627209425186,0.19744152829770764,0.20421531078197558,0,0.0
1346,URLLC,169.25,330.75,677,677,92281193.0,136309.0,677,1.0,39.9695443379352,0.059039208770953026,0.06326338745344148,0,0.0,2.312196299781356,0.0034153564250832434,0.004865729683023522,0,0.0
1347,eMBB,492.5,7.5,22,1947,308734554.84269124,158569.36561001092,21,0.9545454545454546,192.8335145359042,9.182548311233532,17.666465073363263,0,0.0,4.538286706283337,0.2062857593765153,0.2117483925073309,0,0.0
1348,URLLC,191.25,308.75,765,765,108618565.0,141985.0522875817,765,1.0,45.04978135603608,0.058888603079785724,0.06265276850192433,0,0.0,2.565270211497644,0.003353294394114567,0.004634322348078173,0,0.0
1349,eMBB,491.0,9.0,21,1943,314842094.00000066,162039.16314976875,21,1.0,197.90424765032577,9.424011792872657,16.899341963536784,0,0.0,4.187276420843983,0.19939411527828493,0.20795734687514233,0,0.0
1350,eMBB,489.5,10.5,26,1931,413011643.2654966,213884.84892050576,25,0.9615384615384616,191.2471425956885,7.64988570382754,13.772662274259002,0,0.0,5.146036000176805,0.19792446154526172,0.2031266603387144,0,0.0
1351,eMBB,489.25,10.75,19,1937,313759686.363585,161982.2851644734,18,0.9473684210526315,190.11350389679242,10.56186132759958,17.3774750718945,0,0.0,3.9132001673721986,0.20595790354590518,0.21952886438961305,0,0.0
1352,eMBB,493.25,6.75,18,1954,332161261.8671653,169990.41037214192,17,0.9444444444444444,188.81973384585686,11.107043167403345,16.773088270411513,0,0.0,3.588609231315449,0.19936717951752495,0.2057565084226618,0,0.0
1353,eMBB,497.25,2.75,19,1969,337637710.7919189,171476.74494256926,18,0.9473684210526315,194.96110382456612,10.831172434698118,16.778219306573348,0,0.0,3.7585666827465087,0.1978192990919215,0.20613485369024742,0,0.0
1354,eMBB,492.25,7.75,19,1948,317169684.25721383,162818.11306838493,18,0.9473684210526315,194.99562281080557,10.833090156155865,17.080475068163924,0,0.0,3.820067817946202,0.20105620094453697,0.21065888213539768,0,0.0
1355,mMTC,313.5,186.5,627,626,48950087.0,78195.02715654952,626,0.9984051036682615,183.25872028674115,0.29274555956348425,0.31323962603498157,0,0.0,113.80702937715154,0.18151041367966753,0.20221803359488408,0,0.0
1356,eMBB,493.75,6.25,18,1956,320751681.67770094,163983.4773403379,17,0.9444444444444444,194.11940135839683,11.418788315199814,17.874782855521122,0,0.0,3.594384338375171,0.1996880187986206,0.20668312222277146,0,0.0
1357,mMTC,261.5,238.5,523,523,43066030.0,82344.22562141491,523,1.0,156.5468679080808,0.2993247952353361,0.3223917873803248,0,0.0,98.68084362586524,0.18868230138788764,0.208989145782079,0,0.0
1358,eMBB,488.0,12.0,20,1931,311973082.09841484,161560.37395049966,19,0.95,185.7904556844187,9.778445036022037,16.476468778965856,0,0.0,4.023183555415177,0.20115917777075887,0.2084897457169647,0,0.0
1359,mMTC,263.5,236.5,527,527,42735226.0,81091.51043643264,527,1.0,155.98821433155894,0.295992816568423,0.3203030138466383,0,0.0,96.93357140128136,0.1839346705906667,0.20711587648971574,0,0.0
1360,mMTC,286.0,214.0,572,571,44288155.0,77562.44308231173,571,0.9982517482517482,173.37229283040423,0.30362923437899164,0.3280492685782709,0,0.0,108.60621447352122,0.1898710043243378,0.21837244742423095,0,0.0
1361,mMTC,284.5,215.5,569,569,46663496.0,82009.65905096661,569,1.0,165.1862558707226,0.2903097642719202,0.315602277104744,0,0.0,100.82167472394308,0.17719099248496148,0.20189541560280783,0,0.0
1362,mMTC,262.25,237.75,525,524,40994778.0,78234.30916030535,524,0.9980952380952381,153.65945759828605,0.2932432396913856,0.3168391337912141,0,0.0,95.61092790826497,0.18211605315859994,0.20864891508203215,0,0.0
1363,eMBB,493.5,6.5,20,1953,316892972.3247923,162259.58644382606,19,0.95,188.5193302190659,9.922070011529783,17.581977937462547,0,0.0,4.051625254141242,0.2025812627070621,0.20952619976145498,0,0.0
1364,eMBB,483.5,16.5,25,1908,408335315.9884611,214012.22011973851,24,0.96,183.0046849466925,7.6251952061121875,13.869343510805653,0,0.0,4.977705953267688,0.19910823813070752,0.20362497973171045,0,0.0
1365,eMBB,491.75,8.25,21,1945,313898185.0905716,161387.24169181057,20,0.9523809523809523,193.40562943007657,9.670281471503829,17.642511174839143,0,0.0,4.266360011460037,0.20316000054571606,0.20952815678043799,0,0.0
1366,eMBB,493.0,7.0,22,1949,327422920.73397094,167995.34157720418,21,0.9545454545454546,196.31460836833813,9.348314684206578,17.372704938648315,0,0.0,4.397473717681336,0.19988516898551528,0.205119883843461,0,0.0
1367,mMTC,283.25,216.75,567,566,44254224.0,78187.67491166078,566,0.9982363315696648,171.7687738819214,0.3034783990846668,0.3231790074447599,0,0.0,107.61424583329647,0.18979584803050523,0.20919495606340252,0,0.0
1368,eMBB,490.25,9.75,20,1940,308617989.49491113,159081.4378839748,19,0.95,191.9192666667623,10.101014035092753,17.1042359720401,0,0.0,4.06823420450665,0.2034117102253325,0.21058292981471485,0,0.0
1369,eMBB,492.0,8.0,16,1951,312715853.1970473,160284.9068155035,15,0.9375,186.47427765815976,12.431618510543984,18.476964393035658,0,0.0,3.297928015300068,0.20612050095625425,0.20904686684184903,0,0.0
1370,eMBB,494.5,5.5,21,1956,319154740.3096344,163167.04514807483,20,0.9523809523809523,197.33312464059313,9.866656232029657,17.874274138862223,0,0.0,4.195118470275551,0.19976754620359766,0.20869909392873462,0,0.0
1371,mMTC,281.0,219.0,562,561,43992070.0,78417.23707664885,561,0.998220640569395,168.09003039222398,0.29962572262428516,0.32111506929838307,0,0.0,106.41450744184482,0.18934965736983064,0.21460593274456627,0,0.0
1372,URLLC,185.0,315.0,740,740,106021175.0,143271.8581081081,740,1.0,43.822974267018665,0.05922023549597117,0.0637979978642262,0,0.0,2.504398576018685,0.00338432240002525,0.0045246094825020485,0,0.0
1373,eMBB,489.0,11.0,22,1933,324813883.8840801,168036.15306988108,21,0.9545454545454546,193.6351833995054,9.220723019024067,16.174561790654508,0,0.0,4.418409600071693,0.2008368000032588,0.20505839668680434,0,0.0
1374,eMBB,494.5,5.5,22,1955,333838114.72669864,170761.1840034264,21,0.9545454545454546,193.22766616228094,9.201317436299092,17.17350070720102,0,0.0,4.307260289688563,0.19578455862220742,0.20236120086984244,0,0.0
1375,URLLC,154.75,345.25,619,619,85655027.0,138376.45718901453,619,1.0,36.58371679984825,0.05910131954741235,0.06278702222522067,0,0.0,1.9812969437713368,0.0032008028170780883,0.004786023027610624,0,0.0
1376,eMBB,492.5,7.5,20,1949,309906235.1206678,159007.81689105585,19,0.95,196.62016043448435,10.348429496551807,18.27769524868528,0,0.0,4.05506252388353,0.2027531261941765,0.21386903394290446,0,0.0
1377,eMBB,493.5,6.5,18,1955,319188640.6906526,163267.84690058956,17,0.9444444444444444,186.84139312429696,10.990670183782173,17.575594286807103,0,0.0,3.6220782807648804,0.20122657115360446,0.2045026553768422,0,0.0
1378,eMBB,493.0,7.0,24,1947,416527755.53131247,213933.10504946712,23,0.9583333333333334,197.19220107596973,8.57357395982477,13.268190044216276,0,0.0,4.738117140034688,0.19742154750144533,0.20283331217890416,0,0.0
1379,eMBB,491.5,8.5,19,1946,314867705.2849722,161802.52070142457,18,0.9473684210526315,187.78796125262497,10.43266451403472,17.475654299978245,0,0.0,3.885306462510273,0.20448981381633016,0.21009440084561976,0,0.0
1380,URLLC,219.75,280.25,879,878,122926255.0,140007.12414578587,878,0.9988623435722411,52.24116178823795,0.05950018426906373,0.06472524601654235,0,0.0,3.2880860669579004,0.003740712249098863,0.005626849478080805,0,0.0
1381,eMBB,486.5,13.5,21,1924,328682078.5377944,170832.6811526998,20,0.9523809523809523,184.32378450275476,9.216189225137738,16.4740301024395,0,0.0,4.1773413551518725,0.19892101691199393,0.20327524876545694,0,0.0
1382,eMBB,495.5,4.5,18,1963,312541235.818951,159216.11605652113,17,0.9444444444444444,185.5622289291801,10.915425231128241,18.276667108796904,0,0.0,3.6524640754732323,0.202914670859624,0.2107147678647454,0,0.0
1383,mMTC,231.5,268.5,463,463,38315153.0,82754.11015118791,463,1.0,135.81800228634972,0.2933434174651182,0.3102155505864056,0,0.0,84.4513938919193,0.18240041877304383,0.19944622500109754,0,0.0
1384,eMBB,491.25,8.75,21,1943,314707281.3173897,161969.77937076156,20,0.9523809523809523,192.04197534653693,9.602098767326847,16.176246041923395,0,0.0,4.205269499971623,0.20025092857007726,0.20912523601536018,0,0.0
1385,eMBB,489.0,11.0,24,1931,414206182.4791886,214503.4606313768,23,0.9583333333333334,194.94525731838291,8.47588075297317,13.668868216111926,0,0.0,4.698157311760469,0.1957565546566862,0.20343889051579522,0,0.0
1386,eMBB,492.0,8.0,23,1944,313179517.0012062,161100.57458909784,22,0.9565217391304348,195.02945987604693,8.864975448911224,17.676635158641687,0,0.0,4.646258655899248,0.20201124590866296,0.20946393675713182,0,0.0
1387,mMTC,311.25,188.75,623,622,50084984.0,80522.48231511255,622,0.9983948635634029,184.19232445865845,0.2961291390010586,0.3163798750909739,0,0.0,114.52873469460937,0.18383424509568116,0.21041540123665906,0,0.0
1388,mMTC,286.5,213.5,573,573,47197017.0,82368.2670157068,573,1.0,173.97447981738125,0.3036203836254472,0.3291351432001441,0,0.0,109.09104023287853,0.19038575956872344,0.22007291881105662,0,0.0
1389,mMTC,245.75,254.25,492,491,39431018.0,80307.57230142567,491,0.9979674796747967,142.87679358943183,0.29099143297236624,0.31166662663173755,0,0.0,87.52174780614372,0.17788973131330024,0.19823991855064876,0,0.0
1390,eMBB,487.75,12.25,20,1930,306230420.38583416,158668.6115988778,19,0.95,192.8913086414748,10.15217413902499,18.579128118404956,0,0.0,4.123069743892602,0.2061534871946301,0.2102922590153273,0,0.0
1391,eMBB,488.75,11.25,22,1932,312792908.50136554,161901.09135681446,21,0.9545454545454546,195.62215504174694,9.315340716273663,17.079509121411743,0,0.0,4.41476781368311,0.20067126425832316,0.2075130319018587,0,0.0
1392,mMTC,271.5,228.5,543,542,41862766.0,77237.57564575646,542,0.998158379373849,162.71885181174548,0.3002192837855083,0.32119499168674237,0,0.0,103.2752223338332,0.19019377962031897,0.21065904573397598,0,0.0
1393,mMTC,227.0,273.0,454,453,34805597.0,76833.54746136865,453,0.9977973568281938,132.19031677025723,0.29181085379747734,0.3096700737577528,0,0.0,82.41632893075537,0.1815337641646594,0.19829861114831837,0,0.0
1394,URLLC,171.75,328.25,687,687,97101741.0,141341.6899563319,687,1.0,40.91225629105367,0.059552047002989335,0.06133858360507966,0,0.0,2.6278136522844218,0.003825056262422739,0.005784291297387357,0,0.0
1395,mMTC,252.5,247.5,505,505,41006312.0,81200.61782178217,505,1.0,153.72203684871775,0.3044000729677579,0.32439268710555336,0,0.0,96.65723163412147,0.19140045868142866,0.21069614642169027,0,0.0
1396,eMBB,496.5,3.5,19,1966,313086807.80236983,159250.66520975067,18,0.9473684210526315,191.07873053481293,10.615485029711829,17.976523861177345,0,0.0,3.9039786827245617,0.20547256224866114,0.21230161146726073,0,0.0
1397,eMBB,492.25,7.75,18,1950,309778920.0564979,158860.98464435787,17,0.9444444444444444,187.65155414966824,11.038326714686367,17.378224581730684,0,0.0,3.7318382545288507,0.20732434747382503,0.212219025187314,0,0.0
1398,eMBB,492.25,7.75,22,1946,315554703.3012617,162155.5515422722,21,0.9545454545454546,191.12160805013747,9.10102895476845,17.97469439634976,0,0.0,4.415242636899484,0.20069284713179475,0.20996946855616852,0,0.0
1399,eMBB,491.5,8.5,26,1939,415342541.0685214,214204.50802914976,25,0.9615384615384616,193.52149022904132,7.740859609161653,13.573758778877808,0,0.0,5.1309568128993615,0.1973444928038216,0.20236278351754383,0,0.0
1400,URLLC,178.5,321.5,714,714,100287765.0,140459.05462184874,714,1.0,42.30279099817491,0.05924760644002089,0.06402425657121648,0,0.0,2.457161795251804,0.0034414030745823585,0.004782239648139549,0,0.0
1401,URLLC,173.25,326.75,693,693,96128354.0,138713.35353535353,693,1.0,41.28045400124957,0.059567754691557825,0.0648917896780808,0,0.0,2.6808752197110812,0.003868506810549901,0.005869456985773112,0,0.0
1402,eMBB,487.5,12.5,22,1927,329219500.99778885,170845.61546330506,21,0.9545454545454546,188.30678521769318,8.966989772271104,16.870387694025364,0,0.0,4.389856365461724,0.19953892570280563,0.21350847853878446,0,0.0
1403,eMBB,493.75,6.25,21,1953,310048037.12073696,158754.75531015717,20,0.9523809523809523,197.63552320648384,9.881776160324192,17.976711979629158,0,0.0,4.319293028981838,0.20568062042770657,0.21225526069901143,0,0.0
1404,eMBB,489.0,11.0,20,1935,305048239.14093083,157647.6688066826,19,0.95,189.09422422728719,9.952327590909851,17.078091917453534,0,0.0,4.126761251579411,0.20633806257897053,0.21049549774324275,0,0.0
1405,mMTC,242.5,257.5,485,485,38747369.0,79891.48247422681,485,1.0,145.18225923322277,0.29934486439839747,0.32262823367728705,0,0.0,90.32371517394165,0.18623446427616835,0.20501660093886698,0,0.0
1406,URLLC,206.5,293.5,826,826,115500408.0,139831.0024213075,826,1.0,48.80464818171242,0.05908553048633465,0.06300713434224421,0,0.0,2.700560620879103,0.0032694438509432242,0.004492236008910886,0,0.0
1407,eMBB,491.5,8.5,19,1946,315545986.7185413,162151.07231168618,18,0.9473684210526315,195.5034965320501,10.861305362891672,17.980464596292155,0,0.0,3.9107305737084257,0.2058279249320224,0.2117952844367903,0,0.0
1408,mMTC,228.75,271.25,458,457,35538028.0,77763.7374179431,457,0.9978165938864629,135.54438602559955,0.2965960306905898,0.31711055180651787,0,0.0,84.52716911752005,0.18455713781117913,0.20682088304018093,0,0.0
1409,eMBB,487.25,12.75,22,1926,330228048.3549629,171457.96903165258,21,0.9545454545454546,195.6669535699377,9.317473979520843,17.170279661888948,0,0.0,4.353616981600589,0.19789168098184495,0.2029658924062251,0,0.0
1410,eMBB,494.0,6.0,19,1956,312378358.83707184,159702.63744226575,18,0.9473684210526315,196.91282702369546,10.939601501316414,18.281215393284317,0,0.0,3.845046787940834,0.20237088357583335,0.2105143148104927,0,0.0
1411,eMBB,488.5,11.5,20,1933,305604398.2252004,158098.49882317663,19,0.95,191.82507054512752,10.096056344480395,17.578031818568437,0,0.0,4.0642011582609605,0.20321005791304803,0.2121408252778918,0,0.0
1412,eMBB,492.0,8.0,19,1948,317165402.4217983,162815.91500092315,18,0.9473684210526315,192.68320302805074,10.704622390447263,17.475671945965004,0,0.0,3.8934221258826742,0.20491695399382495,0.20993580167729597,0,0.0
1413,eMBB,489.75,10.25,32,1926,407319637.1799729,211484.75450673566,31,0.96875,195.25150915815925,6.29843577929546,13.64249768426588,0,0.0,6.336414639357467,0.19801295747992084,0.20135353751677348,0,0.0
1414,eMBB,491.5,8.5,22,1943,313236257.41464686,161212.69038324594,21,0.9545454545454546,197.3545009734424,9.397833379687734,17.0775762027288,0,0.0,4.446702819798644,0.2021228554453929,0.2119367208223208,0,0.0
1415,eMBB,487.25,12.75,23,1925,322642722.5195225,167606.60910105065,22,0.9565217391304348,195.70539378263226,8.895699717392375,17.272993831008634,0,0.0,4.62037788722132,0.20088599509657912,0.20452284196313858,0,0.0
1416,eMBB,490.75,9.25,19,1943,332781836.1344993,171272.1750563558,18,0.9473684210526315,188.7450100579019,10.485833892105662,15.141074636921568,0,0.0,3.748997193066735,0.19731564174035449,0.20222515365329213,0,0.0
1417,eMBB,495.25,4.75,18,1962,312559507.15299743,159306.57856931572,17,0.9444444444444444,194.1244777959392,11.419086929172895,16.276802098373285,0,0.0,3.72397613095717,0.20688756283095389,0.21218501179712398,0,0.0
1418,eMBB,489.75,10.25,22,1936,306625414.5767401,158380.89595905997,21,0.9545454545454546,192.91805573562945,9.186574082649022,18.07506898829555,0,0.0,4.512969180843318,0.20513496276560536,0.21073464040403647,0,0.0
1419,eMBB,492.5,7.5,21,1948,316551480.0127051,162500.75976011556,20,0.9523809523809523,183.88691945984704,9.194345972992352,17.079558343911703,0,0.0,4.254488163217955,0.20259467443895024,0.20887876070281625,0,0.0
1420,mMTC,278.5,221.5,557,556,43888004.0,78935.25899280576,556,0.9982046678635548,167.00217315214687,0.30036362077724255,0.31873074472819074,0,0.0,105.88027112329694,0.1900902533631902,0.21112614773267346,0,0.0
1421,mMTC,265.0,235.0,530,530,43875890.0,82784.69811320755,530,1.0,154.6614182581613,0.2918139967135119,0.30988602657882547,0,0.0,96.39037384082535,0.1818686298883497,0.19933100857210015,0,0.0
1422,eMBB,486.75,13.25,22,1924,323475671.94394815,168126.64861951568,21,0.9545454545454546,192.43955187408716,9.16378818448034,16.37064444672126,0,0.0,4.426762189778902,0.20121646317176828,0.2129683970525073,0,0.0
1423,mMTC,227.0,273.0,454,454,36657703.0,80743.83920704846,454,1.0,138.09883990738942,0.30418246675636434,0.3239874850821861,0,0.0,86.86760151517751,0.19133832932858483,0.20962332943319636,0,0.0
1424,eMBB,493.0,7.0,19,1952,312023916.4958248,159848.31787695942,18,0.9473684210526315,186.19738198074043,10.344298998930023,18.3754720393873,0,0.0,3.930747771205632,0.20688146164240168,0.2113705348688758,0,0.0
1425,eMBB,489.75,10.25,21,1937,306077306.57674056,158016.16240409942,20,0.9523809523809523,192.86829928071947,9.643414964035973,17.277296615915763,0,0.0,4.336565734910365,0.20650313023382688,0.2108030466255967,0,0.0
1426,mMTC,313.0,187.0,626,625,48787423.0,78059.8768,625,0.9984025559105432,187.33159007026958,0.29973054411243133,0.32119212058861746,0,0.0,116.83790826217377,0.18664202597791338,0.20747193141873554,0,0.0
1427,eMBB,491.5,8.5,23,1942,417699130.05905443,215087.09065862742,22,0.9565217391304348,186.61945544427928,8.482702520194513,13.567829391140325,0,0.0,4.546928867316923,0.19769255944856184,0.20276036947244733,0,0.0
1428,eMBB,491.75,8.25,19,1947,315084069.61653274,161830.54423037122,18,0.9473684210526315,189.58938635794053,10.532743686552251,17.575466187871164,0,0.0,3.9007225337349505,0.20530118598605002,0.22024902623317036,0,0.0
1429,mMTC,300.0,200.0,600,599,48580652.0,81102.92487479132,599,0.9983333333333333,177.92923247593228,0.29704379378285856,0.32202694069541005,0,0.0,111.3568164693134,0.18559469411552235,0.21078481014551964,0,0.0
1430,eMBB,490.0,10.0,19,1940,333943272.9770079,172135.70772010717,18,0.9473684210526315,194.31010300679583,10.795005722599768,16.77398220203088,0,0.0,3.8136719589353336,0.2007195767860702,0.21407306349094837,0,0.0
1431,eMBB,493.5,6.5,20,1953,310286535.8816325,158876.8744913633,19,0.95,192.0701563147418,10.108955595512727,17.28253660886426,0,0.0,4.12525636873177,0.2062628184365885,0.21147732256970886,0,0.0
1432,eMBB,485.75,14.25,20,1922,303792995.40790313,158060.87170026178,19,0.95,190.61208791430505,10.032215153384476,17.578818325942095,0,0.0,4.05616340714221,0.20280817035711052,0.21027681310600116,0,0.0
1433,eMBB,488.75,11.25,24,1930,310793262.77182144,161032.77863824944,23,0.9583333333333334,184.76132160677312,8.033100939424918,17.573860533077294,0,0.0,4.916657544361704,0.204860731015071,0.21543127171795756,0,0.0
1434,eMBB,489.0,11.0,24,1931,412702537.89497435,213724.77363799812,23,0.9583333333333334,186.71874758871243,8.11820641690054,12.972258838456469,0,0.0,4.774417159471432,0.19893404831130967,0.2023986941405344,0,0.0
1435,eMBB,493.75,6.25,20,1954,316790068.51970583,162123.88358224454,19,0.95,196.19954741288734,10.326291969099334,17.77791712538643,0,0.0,4.0363453219175875,0.20181726609587938,0.209673514092639,0,0.0
1436,eMBB,496.75,3.25,23,1963,329815300.4274843,168015.94519994105,22,0.9565217391304348,193.91184174119022,8.814174624599556,17.076011469049032,0,0.0,4.628634186607114,0.2012449646350919,0.20657959153589922,0,0.0
1437,eMBB,492.0,8.0,21,1946,333190931.9030176,171218.36171789188,20,0.9523809523809523,194.70705389008836,9.735352694504417,16.972134063675906,0,0.0,4.1702439647624,0.19858304594106665,0.2030421118446569,0,0.0
1438,URLLC,158.0,342.0,632,632,89320971.0,141330.6503164557,632,1.0,37.40168710091791,0.059179884653351125,0.06027825153100598,0,0.0,2.085918887994809,0.00330050456961204,0.004271174846504729,0,0.0
1439,eMBB,493.25,6.75,18,1954,309712220.5696982,158501.64819329488,17,0.9444444444444444,194.56471774237036,11.444983396610022,17.479563467435515,0,0.0,3.6501365385917066,0.2027853632550948,0.21117114603970988,0,0.0
1440,eMBB,491.75,8.25,19,1947,317049432.8309414,162839.97577346757,18,0.9473684210526315,192.69275810499244,10.705153228055135,17.67390493940099,0,0.0,3.810018436051244,0.2005272861079602,0.2101453145647919,0,0.0
1441,mMTC,254.5,245.5,509,509,39632550.0,77863.55599214145,509,1.0,153.30663851799,0.30119182420037327,0.31828083125552603,0,0.0,97.3556984817085,0.1912685628324332,0.2127774201800274,0,0.0
1442,eMBB,496.25,3.75,20,1964,316374706.3273751,161086.9176819629,19,0.95,193.09575304338028,10.162934370704226,17.27759964359957,0,0.0,4.0321413421723085,0.20160706710861542,0.20948187284861064,0,0.0
1443,mMTC,259.5,240.5,519,519,41899556.0,80731.3217726397,519,1.0,154.2392918061749,0.297185533345231,0.31893066125135117,0,0.0,96.58300635073222,0.1860944245678848,0.21069581353927638,0,0.0
1444,eMBB,492.5,7.5,22,1947,333544977.3596894,171312.26366702074,21,0.9545454545454546,186.80026504349962,8.895250716357125,16.57023779571274,0,0.0,4.294702632694063,0.19521375603154834,0.20182162294907216,0,0.0
1445,eMBB,493.25,6.75,17,1955,313937992.03642887,160582.09311326285,16,0.9411764705882353,191.0206980165585,11.938793626034906,18.176042215629423,0,0.0,3.4969845452778396,0.2057049732516376,0.2109178871722256,0,0.0
1446,eMBB,494.75,5.25,18,1960,311530154.5546671,158943.9564054424,17,0.9444444444444444,189.70114185625718,11.158890697426893,18.477958258371938,0,0.0,3.6829864021924994,0.20461035567736108,0.2105143860911497,0,0.0
1447,eMBB,494.25,5.75,18,1958,319698367.10816723,163278.02201642861,17,0.9444444444444444,190.2624333092189,11.19190784171876,17.475826688866544,0,0.0,3.650059458789783,0.20278108104387685,0.2098426697366963,0,0.0
1448,eMBB,492.5,7.5,25,1944,415450436.45744205,213709.0722517706,24,0.96,189.41979439451754,7.892491433104897,13.373735013839697,0,0.0,4.907174508824923,0.1962869803529969,0.20429718878677455,0,0.0
1449,URLLC,188.75,311.25,755,755,106755302.0,141397.75099337747,755,1.0,44.800476152357795,0.05933837900974542,0.06252835187692307,0,0.0,2.6898444872808986,0.003562707930173376,0.004772736855779238,0,0.0
1450,mMTC,260.0,240.0,520,519,41102675.0,79195.90558766859,519,0.9980769230769231,154.23916921431385,0.29718529713740627,0.3199495840102026,0,0.0,96.89051774805006,0.1863279187462501,0.2092931966335789,0,0.0
1451,eMBB,494.75,5.25,23,1955,333600687.5622461,170639.73788350183,22,0.9565217391304348,197.45404278014865,8.97518376273403,16.77080634384021,0,0.0,4.575869967064146,0.19895086813322374,0.2034097198609921,0,0.0
1452,mMTC,308.5,191.5,617,617,46440811.0,75268.73743922204,617,1.0,179.9175922635351,0.29160063575937617,0.3129542503682316,0,0.0,110.48063756070817,0.17906100090876528,0.20168091698319424,0,0.0
1453,eMBB,489.25,10.75,20,1936,307593233.80707616,158880.80258629966,19,0.95,196.8007557338846,10.357934512309717,18.37680517672326,0,0.0,4.04828119209942,0.202414059604971,0.21161259997028062,0,0.0
1454,eMBB,487.0,13.0,21,1926,313398153.851416,162719.706049541,20,0.9523809523809523,190.34624882274798,9.517312441137399,17.377635992755266,0,0.0,4.317133984771145,0.20557780879862594,0.21599317545684038,0,0.0
1455,URLLC,210.0,290.0,840,839,112463944.0,134045.2252681764,839,0.9988095238095238,49.633835029135284,0.059158325422092116,0.06026525363470506,0,0.0,2.8308952713464732,0.003370113418269611,0.0045472818180413155,0,0.0
1456,eMBB,482.5,17.5,24,1905,306323195.15113515,160799.57750715755,23,0.9583333333333334,189.09827995129794,8.221664345708605,17.17650161789769,0,0.0,4.855074064453,0.20229475268554167,0.20992346931557743,0,0.0
1457,URLLC,204.5,295.5,818,817,112148090.0,137268.16401468788,817,0.9987775061124694,48.73213250582674,0.05964765300590788,0.06422450187966848,0,0.0,3.255672458059882,0.003980039679779807,0.00563689572582232,0,0.0
1458,URLLC,150.0,350.0,600,600,81703884.0,136173.14,600,1.0,35.52282114589126,0.05920470190981876,0.06345527536926558,0,0.0,2.148611608891239,0.003581019348152065,0.005239317292342495,0,0.0
1459,URLLC,198.25,301.75,793,792,110249430.0,139203.82575757575,792,0.9987389659520807,46.87395617487687,0.059184288099592,0.06433961300662526,0,0.0,2.65331678008033,0.003345922799596885,0.00508484492970218,0,0.0
1460,eMBB,494.5,5.5,21,1956,310943601.7735686,158969.1215611291,20,0.9523809523809523,195.7054108864132,9.78527054432066,18.478043240300014,0,0.0,4.277642362733867,0.20369725536827937,0.21391750962648354,0,0.0
1461,eMBB,491.75,8.25,23,1943,314260205.61937416,161739.68379792804,22,0.9565217391304348,186.7928275786153,8.49058307175524,17.875279530523073,0,0.0,4.726179283512205,0.20548605580487847,0.21647650879017372,0,0.0
1462,eMBB,488.75,11.25,27,1927,409856087.87902254,212691.27549508176,26,0.9629629629629629,195.2758379108263,7.510609150416396,12.768760865737855,0,0.0,5.327706162107891,0.1973224504484404,0.20196250831449108,0,0.0
1463,eMBB,491.75,8.25,21,1945,314591472.1246967,161743.68746771038,20,0.9523809523809523,190.5752907371052,9.52876453685526,17.277883825619377,0,0.0,4.246967253798996,0.20223653589519028,0.2120355374479076,0,0.0
1464,eMBB,489.5,10.5,17,1940,329175007.32487696,169677.83882725617,16,0.9411764705882353,185.26365947340685,11.578978717087928,16.971587477887752,0,0.0,3.4090925969437076,0.2005348586437475,0.205107647015761,0,0.0
1465,mMTC,301.25,198.75,603,602,46900020.0,77907.0099667774,602,0.9983416252072969,183.52546240018444,0.30485957209332964,0.3235827514813888,0,0.0,115.86502252608489,0.19214763271324192,0.21328788594645587,0,0.0
1466,mMTC,304.0,196.0,608,608,48625305.0,79975.83059210527,608,1.0,177.4697606027157,0.29189105362288764,0.30951356851116146,0,0.0,109.30427984726576,0.17977677606458184,0.19791062270081172,0,0.0
1467,eMBB,487.75,12.25,21,1929,304127362.5964745,157660.6337980687,20,0.9523809523809523,194.4446732840138,9.72223366420069,18.375044929170937,0,0.0,4.318768343480263,0.20565563540382206,0.21200263695215882,0,0.0
1468,mMTC,244.5,255.5,489,488,38397968.0,78684.3606557377,488,0.9979550102249489,146.54845192898645,0.30030420477251324,0.3242923241247002,0,0.0,91.79350443700181,0.18771677798977876,0.20890365482818934,0,0.0
1469,eMBB,490.25,9.75,27,1933,412080713.3566995,213181.95207278818,26,0.9629629629629629,189.22787525557763,7.2779952021376015,13.568441130271873,0,0.0,5.376612233968759,0.19913378644328736,0.20490279065914735,0,0.0
1470,eMBB,492.25,7.75,21,1947,314769299.33800447,161668.87485259603,20,0.9523809523809523,196.76315230815345,9.838157615407672,17.780984994665623,0,0.0,4.23394062420425,0.20161622020020237,0.2108851741600432,0,0.0
1471,eMBB,490.5,9.5,22,1939,325654082.25479156,167949.50090499822,21,0.9545454545454546,190.19622839565028,9.056963256935727,17.073591803434752,0,0.0,4.3898221903556545,0.19953737228889337,0.20305050954667453,0,0.0
1472,eMBB,492.0,8.0,19,1948,336470223.69836277,172725.9875248269,18,0.9473684210526315,193.53239351968713,10.751799639982618,17.073906698770987,0,0.0,3.745029634639624,0.1971068228757697,0.20222543318183744,0,0.0
1473,eMBB,490.75,9.25,20,1942,309297344.8762029,159267.42784562457,19,0.95,193.10890564758827,10.163626613030962,17.27573663555761,0,0.0,4.071552892679426,0.2035776446339713,0.21291096148521915,0,0.0
1474,eMBB,493.5,6.5,17,1956,312730844.14111507,159882.8446529218,16,0.9411764705882353,196.8880419751386,12.305502623446163,18.37950715064102,0,0.0,3.4498556454657185,0.2029326850273952,0.21086119697432948,0,0.0
1475,eMBB,491.5,8.5,19,1946,317461465.57001173,163135.3882682486,18,0.9473684210526315,188.9647864657121,10.49804369253956,17.977362667379374,0,0.0,3.882933656316487,0.2043649292798151,0.2078998942680817,0,0.0
1476,eMBB,479.5,20.5,25,1892,404987347.5734728,214052.50928830486,24,0.96,189.90986667236788,7.912911111348662,13.469926940031927,0,0.0,4.905077465934396,0.19620309863737584,0.20265932707929307,0,0.0
1477,eMBB,494.5,5.5,18,1959,318252005.6755476,162456.3581804735,17,0.9444444444444444,193.03761190347058,11.355153641380623,17.681929208706162,0,0.0,3.7258480880161393,0.20699156044534106,0.22095387778001702,0,0.0
1478,URLLC,162.5,337.5,650,650,90830563.0,139739.3276923077,650,1.0,38.780123707415214,0.059661728780638794,0.061995692692307695,0,0.0,2.618013873338318,0.00402771365128972,0.00528873129093178,0,0.0
1479,mMTC,296.5,203.5,593,592,45201876.0,76354.52027027027,592,0.9983136593591906,180.6490414726468,0.3051504078929844,0.32474967960433526,0,0.0,114.3877289607492,0.19289667615640674,0.22117962512162503,0,0.0
1480,mMTC,285.75,214.25,572,571,44771264.0,78408.51838879159,571,0.9982517482517482,166.9108532910704,0.2923132281805086,0.31710727300812774,0,0.0,103.04132000373032,0.18014216783868936,0.20455146325813198,0,0.0
1481,eMBB,493.75,6.25,21,1953,308199651.5686916,157808.32133573559,20,0.9523809523809523,195.1353101461907,9.756765507309535,17.18134705201046,0,0.0,4.314234167176001,0.20543972224647625,0.21160397689400667,0,0.0
1482,mMTC,284.0,216.0,568,568,46318881.0,81547.32570422535,568,1.0,171.05806262172686,0.3011585609537445,0.32222317977165477,0,0.0,107.08942614468623,0.1885377220857152,0.21043099833392126,0,0.0
1483,URLLC,204.0,296.0,816,816,113885002.0,139564.95343137256,816,1.0,48.3375299372353,0.05923716904072954,0.06335170801750828,0,0.0,2.8389685474019446,0.0034791281218161086,0.004824907279897827,0,0.0
1484,eMBB,489.5,10.5,20,1937,313687457.99863535,161944.99638545964,19,0.95,195.00229550877907,10.263278710988372,17.97869504857823,0,0.0,4.045416117963537,0.20227080589817686,0.21284925152291229,0,0.0
1485,eMBB,490.75,9.25,23,1939,325569827.14515084,167906.04803772605,22,0.9565217391304348,195.30817927492913,8.87764451249678,17.07192907179923,0,0.0,4.626754043578486,0.20116321928602113,0.20555018982519346,0,0.0
1486,eMBB,487.75,12.25,21,1929,330572158.5120827,171369.7037387676,20,0.9523809523809523,190.18956547368862,9.509478273684431,16.671017773488842,0,0.0,4.159603302945692,0.19807634775931868,0.20289925133545578,0,0.0
1487,eMBB,484.5,15.5,21,1916,302752216.0271559,158012.6388450709,20,0.9523809523809523,186.29305792438868,9.314652896219433,16.777273765904273,0,0.0,4.290206193473818,0.20429553302256276,0.21200584700309494,0,0.0
1488,eMBB,488.0,12.0,19,1932,307143061.2033963,158976.7397533107,18,0.9473684210526315,186.8183724772796,10.378798470959978,18.278489579932547,0,0.0,3.939745193107256,0.20735501016353977,0.2181438481231039,0,0.0
1489,URLLC,172.75,327.25,691,690,94765622.0,137341.48115942028,690,0.9985528219971056,40.75886838293829,0.059070823743388824,0.062102123415384625,0,0.0,2.496657711325471,0.0036131081205867887,0.006103828356532213,0,0.0
1490,mMTC,252.5,247.5,505,505,40397041.0,79994.14059405941,505,1.0,152.30972959985124,0.3016034249502005,0.32315599125224553,0,0.0,97.06183010700178,0.19220164377624116,0.21168495375667157,0,0.0
1491,eMBB,492.75,7.25,20,1950,317144066.29162854,162637.98271365566,19,0.95,197.09116689550825,10.373219310289908,18.180484874406282,0,0.0,4.037931034849765,0.20189655174248827,0.21322552312517323,0,0.0
1492,mMTC,277.5,222.5,555,555,44991889.0,81066.46666666666,555,1.0,165.40409276706944,0.2980253923730981,0.3182814488508463,0,0.0,104.08524947645013,0.1875409900476579,0.20915145370791322,0,0.0
1493,mMTC,264.5,235.5,529,528,42814880.0,81088.78787878787,528,0.998109640831758,161.36632982954126,0.3056180489195857,0.3258240437849801,0,0.0,102.45262037432744,0.19367225023502352,0.21173562602303875,0,0.0
1494,eMBB,494.75,5.25,20,1958,310274243.1788737,158464.88415672816,19,0.95,190.2485323463214,10.01308064980639,16.076217220511598,0,0.0,4.116681770719592,0.2058340885359796,0.2092284906805981,0,0.0
1495,URLLC,199.75,300.25,799,799,112487718.0,140785.62953692116,799,1.0,47.194241696229525,0.0590666354145551,0.06437673143296704,0,0.0,2.8545954406910936,0.0035727101885996166,0.0060950998945055,0,0.0
1496,eMBB,494.5,5.5,21,1956,317930534.74737483,162541.17318372946,20,0.9523809523809523,196.88212566961724,9.844106283480862,18.17403234199771,0,0.0,4.261793184145318,0.20294253257834846,0.20938809750531137,0,0.0
1497,URLLC,199.25,300.75,797,796,110322272.0,138595.81909547737,796,0.998745294855709,47.183772228339556,0.059276095764245675,0.06056005104755484,0,0.0,2.8267250148488734,0.003546706417627194,0.00457290281191295,0,0.0
1498,mMTC,237.0,263.0,474,474,37163079.0,78403.12025316455,474,1.0,138.95333186226748,0.29315048916090186,0.31015441937441124,0,0.0,86.96843829651529,0.18347771792513773,0.20163662462207324,0,0.0
1499,eMBB,490.75,9.25,19,1943,329462782.2208937,169563.96408692418,18,0.9473684210526315,195.4908225063938,10.860601250355211,17.145074443448365,0,0.0,3.8005868925269817,0.20003088908036745,0.20563198123196536,0,0.0
1500,eMBB,490.75,9.25,21,1941,332968555.77320904,171544.85099083412,20,0.9523809523809523,194.49220879509804,9.724610439754901,16.97086613020541,0,0.0,4.164509706117523,0.19830998600559635,0.20384142127484775,0,0.0
1501,mMTC,301.5,198.5,603,603,47418174.0,78637.10447761194,603,1.0,176.53549787022243,0.29276201968527765,0.3109907660581585,0,0.0,109.0910065734208,0.1809137754119748,0.20006487403614964,0,0.0
1502,eMBB,493.0,7.0,16,1955,312734134.11524844,159966.30901035725,15,0.9375,185.26569878556293,12.351046585704195,17.97994233131403,0,0.0,3.306803056705104,0.206675191044069,0.2095750695261145,0,0.0
1503,eMBB,493.25,6.75,21,1951,317742906.98204577,162861.56175399577,20,0.9523809523809523,183.47693646694725,9.173846823347363,17.574076851323078,0,0.0,4.2586452280545535,0.2027926299073597,0.20818656465158314,0,0.0
1504,eMBB,493.75,6.25,25,1949,417585196.28195405,214256.12944174142,24,0.96,196.42781237216172,8.184492182173406,13.668182163010849,0,0.0,4.9252881986513195,0.19701152794605278,0.20203976715810312,0,0.0
1505,mMTC,298.25,201.75,597,596,46654311.0,78279.04530201343,596,0.998324958123953,174.6471185335782,0.2930320780764735,0.31158376130272214,0,0.0,109.34694741572956,0.1831607159392455,0.20278853416737624,0,0.0
1506,eMBB,489.75,10.25,20,1938,326411137.4251544,168426.7994969837,19,0.95,191.381812675864,10.07272698294021,17.27401595848935,0,0.0,4.02357354181813,0.20117867709090648,0.2040098396185812,0,0.0
1507,mMTC,234.25,265.75,469,468,38559855.0,82392.85256410256,468,0.997867803837953,143.32421681453286,0.30624832652677964,0.3307720863915026,0,0.0,90.97520131555613,0.19397697508647363,0.22262945439584886,0,0.0
1508,eMBB,486.0,14.0,20,1923,304689483.50606966,158444.86921792495,19,0.95,190.34907080601863,10.018372147685191,16.974225849982773,0,0.0,4.1137889368923455,0.20568944684461726,0.21134837780609161,0,0.0
1509,URLLC,212.25,287.75,849,848,122183729.0,144084.58608490566,848,0.9988221436984688,50.135624648791534,0.059122198878291905,0.061320848000000004,0,0.0,3.1104585822991564,0.003663673241812905,0.004688420560496913,0,0.0
1510,mMTC,293.75,206.25,588,587,48187860.0,82091.75468483816,587,0.9982993197278912,176.96774177387957,0.3014782653728783,0.3208012506774629,0,0.0,111.19486957406295,0.18910692104432475,0.21177419093823607,0,0.0
1511,eMBB,493.0,7.0,32,1939,411934880.0000006,212447.07581227468,31,0.96875,199.16778062570503,6.424767116958227,13.769500175200793,0,0.0,6.370734010728948,0.19908543783527963,0.20548252851483956,0,0.0
1512,eMBB,492.25,7.75,18,1950,316173667.01089245,162140.34205686793,17,0.9444444444444444,188.20942011660904,11.071142359800533,18.07749948768398,0,0.0,3.69825533422177,0.2054586296789872,0.2115309838062926,0,0.0
1513,eMBB,491.5,8.5,20,1945,327516233.14292425,168388.8088138428,19,0.95,186.13992563202532,9.796838191159228,17.371223321974885,0,0.0,3.9807037522869813,0.19903518761434907,0.2041159545185004,0,0.0
1514,eMBB,481.5,18.5,24,1901,324114312.34129703,170496.745050656,23,0.9583333333333334,184.62553955719028,8.02719737205175,16.169403712141236,0,0.0,4.778879148784983,0.19911996453270764,0.20341465729145475,0,0.0
1515,URLLC,182.25,317.75,729,728,98722375.0,135607.65796703298,728,0.9986282578875172,43.198009328244616,0.05933792490143491,0.06439597465854172,0,0.0,2.57243569138986,0.0035287183695334157,0.0054269300431570985,0,0.0
1516,eMBB,489.0,11.0,21,1934,305812397.4705996,158124.30065698014,20,0.9523809523809523,195.27891946258052,9.763945973129026,17.17634780770056,0,0.0,4.358164214476832,0.20753162926080154,0.21871320042497538,0,0.0
1517,URLLC,148.5,351.5,594,593,81666828.0,137718.0910623946,593,0.9983164983164983,35.051681899479405,0.059109075715816875,0.06176554624921318,0,0.0,2.190009871359986,0.0036868853053198414,0.006387180710751643,0,0.0
1518,eMBB,490.0,10.0,28,1931,411744258.1799735,213228.51278092878,27,0.9642857142857143,195.0031597390302,7.222339249593711,13.470255749254102,0,0.0,5.490254200273078,0.19608050715260994,0.20209711237042366,0,0.0
1519,eMBB,493.0,7.0,21,1950,315877183.60563844,161988.2992849428,20,0.9523809523809523,189.15587925685577,9.45779396284279,17.48250173757192,0,0.0,4.33634123416327,0.2064924397220605,0.22151258765687531,0,0.0
1520,eMBB,491.25,8.75,20,1944,328639954.6223391,169053.4745999687,19,0.95,185.48077074997684,9.76214582894615,17.17252306235268,0,0.0,4.022621547741417,0.20113107738707084,0.20505683636489708,0,0.0
1521,mMTC,299.75,200.25,600,599,47563475.0,79404.79966611018,599,0.9983333333333333,183.5058812958732,0.30635372503484676,0.3317651136558245,0,0.0,116.85400882672124,0.19475668137786872,0.22416244582736078,0,0.0
1522,mMTC,273.0,227.0,546,546,44506378.0,81513.51282051283,546,1.0,159.68358535557746,0.29246077903951917,0.31803918279088894,0,0.0,98.89293295330656,0.1811225878265688,0.20628677142115837,0,0.0
1523,eMBB,493.0,7.0,19,1952,310245749.98904014,158937.37192061482,18,0.9473684210526315,197.62042950352935,10.978912750196075,17.98115954202119,0,0.0,3.9439770815398885,0.20757774113367833,0.21334575569227812,0,0.0
1524,eMBB,486.25,13.75,20,1924,312952591.60994256,162657.2721465398,19,0.95,192.06140917968895,10.108495219983629,17.674950604233807,0,0.0,4.014256660030789,0.20071283300153944,0.21023152760954855,0,0.0
1525,mMTC,249.75,250.25,500,499,40116955.0,80394.6993987976,499,0.998,150.8684902515756,0.3023416638308128,0.31992535945740885,0,0.0,96.20771036996284,0.19241542073992568,0.2132774724651363,0,0.0
1526,eMBB,492.25,7.75,19,1949,316038038.0548417,162153.94461510604,18,0.9473684210526315,183.69632505625424,10.205351392014125,17.67905828483971,0,0.0,3.9169039686057276,0.20615284045293303,0.22199592099020865,0,0.0
1527,URLLC,203.5,296.5,814,814,112371850.0,138048.95577395576,814,1.0,48.64239011755729,0.05975723601665515,0.06507767833056824,0,0.0,3.386501327480353,0.004160321041130655,0.006167486792106693,0,0.0
1528,eMBB,493.25,6.75,21,1951,335219909.2686561,171819.53319767097,20,0.9523809523809523,184.4553159046599,9.222765795232995,16.67127620579373,0,0.0,4.125472399846858,0.1964510666593742,0.20545912399774596,0,0.0
1529,mMTC,312.75,187.25,626,625,50772998.0,81236.7968,625,0.9984025559105432,182.91778291826319,0.2926684526692211,0.31810391742173266,0,0.0,113.52843844411763,0.1813553329778237,0.20773506820614507,0,0.0
1530,URLLC,198.0,302.0,792,791,110610450.0,139836.21997471555,791,0.9987373737373737,46.78598871627026,0.05914789976772473,0.06025025821818956,0,0.0,2.954313588032643,0.00373019392428364,0.004871078525560624,0,0.0
1531,mMTC,277.5,222.5,555,555,43211757.0,77859.02162162162,555,1.0,167.45789415561094,0.30172593541551523,0.3223773243180583,0,0.0,105.13864970773292,0.18943900848240167,0.2133109172542633,0,0.0
1532,eMBB,487.25,12.75,23,1925,413693064.0314453,214905.48780854302,22,0.9565217391304348,186.00554128108476,8.454797330958398,13.767092605712161,0,0.0,4.5481081141047195,0.19774383104803128,0.2024748263307246,0,0.0
1533,eMBB,493.75,6.25,20,1954,314981732.9188757,161198.43035766413,19,0.95,191.58854635142205,10.083607702706423,17.177974640836016,0,0.0,4.045787396471941,0.20228936982359708,0.21083621197717328,0,0.0
1534,eMBB,492.25,7.75,20,1948,328630996.6001007,168701.74363454862,19,0.95,195.04859098869247,10.26571531519434,16.17037863380847,0,0.0,3.987786566843152,0.19938932834215758,0.20483943107020755,0,0.0
1535,eMBB,495.5,4.5,20,1961,337130493.3486495,171917.64066733784,19,0.95,188.47123367892934,9.91953861468049,16.870832698782525,0,0.0,3.9148647629007063,0.1957432381450353,0.20364796075668345,0,0.0
1536,eMBB,488.5,11.5,22,1931,306017608.8370718,158476.23450909983,21,0.9545454545454546,195.02227949350336,9.28677521397635,18.47880122965423,0,0.0,4.546491805867034,0.20665871844850156,0.2118825135136781,0,0.0
1537,eMBB,494.25,5.75,19,1957,310562451.0551719,158693.12777474293,18,0.9473684210526315,191.5402085337721,10.641122696320672,17.900554807107277,0,0.0,3.8656106528354055,0.203453192254495,0.21210704733612146,0,0.0
1538,eMBB,494.0,6.0,19,1956,318727381.97299576,162948.55929089763,18,0.9473684210526315,196.8303086588274,10.935017147712633,16.975756461047737,0,0.0,3.8558071268710847,0.2029372172037413,0.2091053786949132,0,0.0
1539,eMBB,494.75,5.25,22,1956,421178156.2654955,215326.25575945576,21,0.9545454545454546,193.06984580167423,9.193802181032106,13.870621265233135,0,0.0,4.383021585653353,0.1992282538933342,0.2036915547923764,0,0.0
1540,eMBB,493.75,6.25,18,1956,317757944.93033624,162452.937080949,17,0.9444444444444444,185.6737585821999,10.921985798952935,17.775149754129462,0,0.0,3.6701273141490147,0.2038959618971675,0.2109071431539991,0,0.0
1541,eMBB,485.25,14.75,18,1922,326174239.47569984,169705.63968558784,17,0.9444444444444444,180.85875617409386,10.638750363181991,16.170716170351938,0,0.0,3.5462679332915297,0.19701488518286275,0.20517255999149292,0,0.0
1542,URLLC,173.75,326.25,695,695,97324181.0,140034.7928057554,695,1.0,41.19974216744855,0.059280204557479926,0.06315665743156354,0,0.0,2.5761374724485826,0.0037066726222281764,0.005326745469050927,0,0.0
1543,eMBB,490.25,9.75,21,1939,307682797.7641016,158681.17471072802,20,0.9523809523809523,183.4532617747112,9.17266308873556,16.67919369264537,0,0.0,4.351405161922693,0.20720976961536633,0.21286673550578106,0,0.0
1544,eMBB,495.5,4.5,22,1959,307392475.56969756,156912.9533280743,21,0.9545454545454546,195.7898660905034,9.32332695669064,15.576374995139076,0,0.0,4.508728432902743,0.2049422014955792,0.21214788350510744,0,0.0
1545,eMBB,493.75,6.25,18,1956,319920896.31157076,163558.74044558834,17,0.9444444444444444,189.47417722314592,11.145539836655642,17.874722156889753,0,0.0,3.6741533753188302,0.20411963196215724,0.2089251820104352,0,0.0
1546,mMTC,280.0,220.0,560,559,45611885.0,81595.50089445438,559,0.9982142857142857,169.08961928594488,0.3024859021215472,0.3243749614989767,0,0.0,108.19598195609147,0.19320711063587762,0.21370624674329708,0,0.0
1547,eMBB,494.0,6.0,18,1957,317401584.3590156,162187.8305360325,17,0.9444444444444444,190.9734329126138,11.233731347800811,18.07629993236317,0,0.0,3.674941431714264,0.20416341287301465,0.2078367083374162,0,0.0
1548,mMTC,253.0,247.0,506,505,40117322.0,79440.24158415842,505,0.9980237154150198,150.8833421326514,0.298778895312181,0.32108821485273426,0,0.0,95.33737277017117,0.1884137801782039,0.2131495409030824,0,0.0
1549,mMTC,247.75,252.25,496,495,41255645.0,83344.73737373737,495,0.9979838709677419,151.58579440716363,0.30623392809528005,0.3269088181294264,0,0.0,96.47859399984758,0.1945132943545314,0.21370813502956146,0,0.0
1550,URLLC,186.0,314.0,744,744,105410221.0,141680.40456989247,744,1.0,44.134624805471226,0.05932073226541831,0.06311427878764186,0,0.0,2.636063256471247,0.003543095774826945,0.004874821479949556,0,0.0
1551,mMTC,264.5,235.5,529,529,42532825.0,80402.3156899811,529,1.0,156.2607942527632,0.2953890250524824,0.3147110612013104,0,0.0,97.8155765367031,0.18490657190303045,0.20229200232257516,0,0.0
1552,mMTC,284.5,215.5,569,568,45759693.0,80562.8397887324,568,0.9982425307557118,171.42576533463773,0.3018059248849256,0.32485310395374684,0,0.0,108.0875095727817,0.18996047376587294,0.21189764447296638,0,0.0
1553,eMBB,493.75,6.25,24,1950,417797848.14357674,214255.30674029575,23,0.9583333333333334,186.41851864568392,8.105152984594953,12.997307360866467,0,0.0,4.700103059813452,0.1958376274922272,0.2033856896451533,0,0.0
1554,eMBB,492.75,7.25,20,1950,315516672.5941718,161803.42184316504,19,0.95,197.4583042901424,10.392542331060126,17.975766560102024,0,0.0,4.113941098177462,0.2056970549088731,0.2225546007886378,0,0.0
1555,eMBB,489.75,10.25,23,1935,324331108.6911366,167612.97606777085,22,0.9565217391304348,196.41393563293755,8.927906165133525,16.474286273955467,0,0.0,4.546684396006635,0.19768193026115807,0.20562737264575087,0,0.0
1556,eMBB,487.75,12.25,20,1930,331147838.08556646,171579.1907179101,19,0.95,188.94031250821092,9.944226974116365,15.769373238753733,0,0.0,3.9877222487245856,0.19938611243622928,0.2026322255490695,0,0.0
1557,eMBB,492.5,7.5,20,1949,311202013.26215243,159672.65944697405,19,0.95,198.00557648125255,10.421346130592239,17.778251416849155,0,0.0,4.174896971107768,0.20874484855538838,0.21903119771097107,0,0.0
1558,eMBB,493.25,6.75,21,1951,308389162.99716383,158067.22859926388,20,0.9523809523809523,188.78382013119776,9.439191006559888,17.079170492717786,0,0.0,4.272490486712338,0.20345192793868278,0.21020451142527463,0,0.0
1559,eMBB,494.5,5.5,21,1956,318426479.70295584,162794.7237745173,20,0.9523809523809523,198.60452632664192,9.930226316332096,17.97397012480625,0,0.0,4.192639633862356,0.1996495063743979,0.2063767908979176,0,0.0
1560,eMBB,490.25,9.75,23,1937,416320829.0685212,214930.7326115236,22,0.9565217391304348,192.75382349261608,8.76153743148255,13.571104566431625,0,0.0,4.504568812384361,0.1958508179297548,0.2022738795595129,0,0.0
1561,eMBB,493.0,7.0,21,1950,314383157.8053821,161222.13220788824,20,0.9523809523809523,189.50018946116472,9.475009473058236,17.577517821279617,0,0.0,4.289002445646326,0.2042382116974441,0.20802334020972052,0,0.0
1562,eMBB,493.25,6.75,18,1954,332591584.4757001,170210.6368862334,17,0.9444444444444444,184.11955703124968,10.830562178308805,17.24615020940022,0,0.0,3.6083266218232994,0.2004625901012944,0.20678199630175076,0,0.0
1563,eMBB,488.25,11.75,21,1931,332578137.78067124,172231.03976212908,20,0.9523809523809523,190.83638146516543,9.54181907325827,17.1740431424547,0,0.0,4.110618682598599,0.19574374679040946,0.20237528797508933,0,0.0
1564,eMBB,490.0,10.0,15,1944,313119685.8189508,161069.79723197056,14,0.9333333333333333,183.20103842749396,13.08578845910671,18.376708782887732,0,0.0,3.119245372843899,0.2079496915229266,0.2195145310443044,0,0.0
1565,eMBB,492.75,7.25,21,1949,308985981.9890398,158535.65007133904,20,0.9523809523809523,197.5951929399427,9.879759646997135,16.182198417981052,0,0.0,4.284447675706667,0.20402131789079364,0.21155891928995543,0,0.0
1566,eMBB,496.0,4.0,21,1962,318802697.282994,162488.63266207644,20,0.9523809523809523,199.07140551427378,9.95357027571369,17.07269478899626,0,0.0,4.263445534407767,0.20302121592417938,0.20823545624055664,0,0.0
1567,mMTC,292.75,207.25,586,585,45337210.0,77499.50427350428,585,0.9982935153583617,177.1460274350633,0.3028137221112193,0.3240358646105428,0,0.0,113.27436963548614,0.19330097207420843,0.21772766670557236,0,0.0
1568,mMTC,288.5,211.5,577,576,44362575.0,77018.359375,576,0.9982668977469671,169.41436325019936,0.294122158420485,0.3119709768662513,0,0.0,106.72851746008799,0.18497143407294278,0.20501388663489928,0,0.0
1569,mMTC,293.0,207.0,586,586,46685928.0,79668.81911262799,586,1.0,175.0375021369487,0.29869880910742097,0.3223138888835768,0,0.0,110.49804576347786,0.18856321802641274,0.21269245738345965,0,0.0
1570,mMTC,273.5,226.5,547,547,43479152.0,79486.56672760512,547,1.0,168.11289356752764,0.3073361856810377,0.3275660649509627,0,0.0,107.19990419508709,0.19597788701112812,0.22482577640395418,0,0.0
1571,eMBB,495.5,4.5,22,1960,309448889.9999996,157882.08673469367,21,0.9545454545454546,199.74497986943788,9.51166570806847,15.175417844788923,0,0.0,4.366743560242748,0.19848834364739762,0.21263518752355515,0,0.0
1572,mMTC,279.0,221.0,558,558,44023710.0,78895.5376344086,558,1.0,165.10108130156107,0.2958800740171345,0.3131061692022048,0,0.0,103.51238980492012,0.18550607491921167,0.20417591108476088,0,0.0
1573,eMBB,496.25,3.75,17,1967,322766491.90989417,164090.74321804484,16,0.9411764705882353,187.2697743603547,11.704360897522168,18.17604721137568,0,0.0,3.442700865020788,0.20251181558945813,0.21017700742884068,0,0.0
1574,mMTC,290.75,209.25,582,581,44778331.0,77071.13769363167,581,0.9982817869415808,176.27382198278,0.30339728396347676,0.3246674998641546,0,0.0,113.0311054363385,0.1942115213682792,0.21916796433733948,0,0.0
1575,eMBB,491.25,8.75,19,1945,315241197.04224163,162077.7362685047,18,0.9473684210526315,184.59938136738964,10.255521187077202,17.67579378811382,0,0.0,3.927057569850951,0.2066872405184711,0.22308517827769764,0,0.0
1576,eMBB,491.25,8.75,22,1942,327356113.47665364,168566.48479745295,21,0.9545454545454546,194.06258506763396,9.24107547941114,16.47144201256704,0,0.0,4.365906624962107,0.1984503011346412,0.2057992752184427,0,0.0
1577,mMTC,270.5,229.5,541,540,42957300.0,79550.55555555556,540,0.9981515711645101,165.90914812468927,0.307239163193869,0.33217285082596226,0,0.0,106.3324147789767,0.19654790162472588,0.2259829834283827,0,0.0
1578,mMTC,317.25,182.75,635,634,51019980.0,80473.1545741325,634,0.9984251968503937,186.02635446218056,0.29341696287410185,0.31031233574574985,0,0.0,115.825069605621,0.1824016844183008,0.20187952101139126,0,0.0
1579,eMBB,489.25,10.75,26,1930,303149581.36249447,157072.321949479,25,0.9615384615384616,196.46945145277687,7.858778058111074,18.176652407207207,0,0.0,5.308015534053658,0.2041544436174484,0.21109967599098714,0,0.0
1580,eMBB,489.75,10.25,22,1935,311057455.4404887,160753.206945989,21,0.9545454545454546,196.3793856919626,9.351399318664885,15.774673862008003,0,0.0,4.512311793928346,0.20510508154219753,0.21140473656531428,0,0.0
1581,eMBB,489.25,10.75,27,1929,412376098.6120359,213777.13769416063,26,0.9629629629629629,192.41599472054324,7.400615181559355,13.670724019237255,0,0.0,5.382022591788993,0.199334170066259,0.20599582076160738,0,0.0
1582,mMTC,296.75,203.25,594,593,47947868.0,80856.43844856661,593,0.9983164983164983,174.58115346885194,0.2944032942139156,0.3130067316349461,0,0.0,109.85930067644438,0.18494831763711175,0.20656228414549432,0,0.0
1583,mMTC,247.5,252.5,495,494,39680037.0,80323.96153846153,494,0.997979797979798,147.8152853669644,0.29922122543919916,0.3239411492178068,0,0.0,93.74817809356313,0.189390258774875,0.20906016256432808,0,0.0
1584,mMTC,265.5,234.5,531,531,42480805.0,80001.51600753296,531,1.0,163.22469658069505,0.30739114233652554,0.3275058586020366,0,0.0,104.56342364851687,0.19691793530794138,0.2167838254080961,0,0.0
1585,eMBB,484.25,15.75,17,1919,307724575.97241366,160356.7357855204,16,0.9411764705882353,187.84390642696937,11.740244151685586,17.47696694746189,0,0.0,3.528487397654975,0.20755808221499852,0.2149432871953517,0,0.0
1586,eMBB,493.0,7.0,18,1953,311791334.1206677,159647.380502134,17,0.9444444444444444,196.70130446011794,11.570664968242232,17.77917019691395,0,0.0,3.7048944746964008,0.2058274708164667,0.21206068300010383,0,0.0
1587,eMBB,484.25,15.75,15,1921,315948908.04309773,164471.0609282133,14,0.9333333333333333,183.6406535448958,13.117189538921128,17.279568948158037,0,0.0,3.054832095247424,0.20365547301649492,0.20990760848697218,0,0.0
1588,eMBB,491.25,8.75,29,1935,411640100.56098825,212733.90209870195,28,0.9655172413793104,196.33552870426007,7.011983168009288,13.767861853165028,0,0.0,5.762497174464988,0.19870679911948236,0.20377183919308328,0,0.0
1589,eMBB,489.0,11.0,20,1935,312497712.3561955,161497.52576547573,19,0.95,192.2845206669044,10.120237929837074,17.67794225721478,0,0.0,4.044021317973952,0.2022010658986976,0.2110426448951881,0,0.0
1590,mMTC,237.5,262.5,475,475,37694449.0,79356.7347368421,475,1.0,142.13485795205082,0.29923127989905435,0.3173853285420448,0,0.0,90.10789263455307,0.1897008265990591,0.2100167642750013,0,0.0
1591,mMTC,231.5,268.5,463,463,37631123.0,81276.72354211663,463,1.0,142.48719640605952,0.30774772441913506,0.32792363501024163,0,0.0,91.39134519623829,0.19738951446271769,0.21697069802967964,0,0.0
1592,eMBB,488.0,12.0,23,1928,305560271.3983887,158485.61794522236,22,0.9565217391304348,194.00454747861164,8.818388521755075,18.376956047474764,0,0.0,4.767371725703125,0.20727703155230978,0.21324570494052297,0,0.0
1593,eMBB,495.75,4.25,17,1965,314136991.8954037,159866.15363633775,16,0.9411764705882353,192.8025365273888,12.0501585329618,18.04859455477201,0,0.0,3.4797332160234955,0.20469018917785267,0.21104163938484782,0,0.0
1594,eMBB,491.25,8.75,20,1944,314457194.5411719,161757.816122002,19,0.95,191.34847067866377,10.070972140982304,16.975122214347888,0,0.0,4.009658847382473,0.20048294236912362,0.2079992299994392,0,0.0
1595,eMBB,488.75,11.25,26,1928,412461962.6542296,213932.553243895,25,0.9615384615384616,194.75413679836643,7.790165471934658,13.770563648118692,0,0.0,5.096341904164691,0.19601315016018045,0.2034566233521776,0,0.0
1596,eMBB,489.0,11.0,20,1935,314447605.30500215,162505.22237984606,19,0.95,196.26522558482327,10.329748714990698,17.87598461998462,0,0.0,4.028247792309519,0.20141238961547595,0.20852795391346157,0,0.0
1597,URLLC,166.25,333.75,665,665,93803214.0,141057.46466165414,665,1.0,39.79092353499323,0.05983597524059133,0.061372329211927756,0,0.0,2.830516517762434,0.004256415816184111,0.005493300053379767,0,0.0
1598,eMBB,491.25,8.75,20,1944,334435313.55327946,172034.62631341536,19,0.95,193.97483467844194,10.209201825181154,16.270412612049885,0,0.0,3.922980919668171,0.19614904598340854,0.20250707311973068,0,0.0
1599,URLLC,166.0,334.0,664,663,88604402.0,133641.63197586726,663,0.9984939759036144,39.39370321513675,0.05941735024907504,0.06328837889533417,0,0.0,2.4202236787163756,0.003644915178789722,0.005103649664564941,0,0.0
1600,mMTC,229.5,270.5,459,459,37266628.0,81190.91067538127,459,1.0,135.84510149384175,0.29595882678396895,0.31352445519436234,0,0.0,85.35051220458793,0.18594882833243556,0.2033307376996482,0,0.0
1601,eMBB,493.25,6.75,26,1946,313332325.6293955,161013.52807265954,25,0.9615384615384616,196.43949297127926,7.857579718851171,15.27745621901958,0,0.0,5.276730411106433,0.20295116965793975,0.2129022078484275,0,0.0
1602,eMBB,480.25,19.75,23,1897,407220708.49707294,214665.6344212298,22,0.9565217391304348,189.41201095195575,8.609636861452534,13.77236440408244,0,0.0,4.565379533114369,0.19849476230932037,0.20457143581839835,0,0.0
1603,eMBB,492.25,7.75,22,1946,314220109.3268605,161469.73757803725,21,0.9545454545454546,195.52559071716212,9.310742415102958,17.67639717212173,0,0.0,4.450701231460121,0.2023046014300055,0.21030328598704653,0,0.0
1604,eMBB,493.25,6.75,20,1952,330004774.74037004,169059.82312518958,19,0.95,191.02590989558834,10.053995257662544,17.17164826417128,0,0.0,3.9729430030431825,0.1986471501521591,0.20587644933505345,0,0.0
1605,eMBB,484.75,15.25,20,1918,329329724.4312312,171704.75726341564,19,0.95,192.39946643932808,10.126287707333057,15.672020878159096,0,0.0,3.950172851370707,0.19750864256853534,0.20238203278449884,0,0.0
1606,eMBB,492.25,7.75,19,1949,309845993.94365025,158976.90812911763,18,0.9473684210526315,191.81297530343582,10.656276405746434,17.377141326130104,0,0.0,3.8598467740499283,0.2031498302131541,0.21208070205552249,0,0.0
1607,eMBB,493.75,6.25,20,1954,309068063.676578,158171.98755198464,19,0.95,191.1815641191424,10.062187585218021,16.881640165080636,0,0.0,4.1444972637124184,0.20722486318562092,0.21321086933190525,0,0.0
1608,eMBB,488.75,11.25,20,1934,314579934.62939465,162657.6704391906,19,0.95,194.23423610175294,10.222854531671208,17.97550470190881,0,0.0,4.0990298362686035,0.20495149181343017,0.21081086351519623,0,0.0
1609,eMBB,483.75,16.25,26,1908,408157289.24342287,213918.91469781072,25,0.9615384615384616,191.87283619832027,7.674913447932811,13.171776938932721,0,0.0,5.118631993159271,0.19687046127535657,0.2027346758620603,0,0.0
1610,eMBB,486.75,13.25,21,1925,311905089.337679,162028.61783775533,20,0.9523809523809523,194.35528914289526,9.717764457144764,17.77834865801108,0,0.0,4.250923991303237,0.2024249519668208,0.21039920138024354,0,0.0
1611,eMBB,494.5,5.5,18,1959,333129954.997976,170051.02348033487,17,0.9444444444444444,196.46426005943528,11.55672117996678,17.171507312175184,0,0.0,3.5560491932616705,0.19755828851453724,0.20547008035824782,0,0.0
1612,eMBB,491.0,9.0,23,1940,331302859.2967073,170774.66974057077,22,0.9565217391304348,196.37326228303377,8.926057376501534,16.969827263393647,0,0.0,4.611003981534853,0.20047843397977622,0.2150619847407033,0,0.0
1613,eMBB,492.0,8.0,18,1949,310951870.7326489,159544.3154092606,17,0.9444444444444444,190.29940102307225,11.194082413121897,17.17761289110234,0,0.0,3.718700087825917,0.20659444932366205,0.21254990768973536,0,0.0
1614,eMBB,489.5,10.5,21,1936,305405896.6119452,157750.9796549304,20,0.9523809523809523,184.36671233055552,9.218335616527776,18.175549956916417,0,0.0,4.361505169431665,0.20769072235388883,0.21301348222916666,0,0.0
1615,eMBB,489.75,10.25,22,1936,313691732.6780511,162030.85365601812,21,0.9545454545454546,183.65242174758234,8.74535341655154,17.07738209337866,0,0.0,4.476663250267567,0.20348469319398033,0.21092263561575397,0,0.0
1616,mMTC,260.25,239.75,521,520,43373735.0,83411.02884615384,520,0.9980806142034548,158.31358565963518,0.3044492031916061,0.32580062854246455,0,0.0,101.7347058326119,0.19526814939080978,0.215813419589987,0,0.0
1617,mMTC,246.0,254.0,492,492,40352776.0,82017.83739837399,492,1.0,145.30211847805643,0.2953295091017407,0.31261871550119213,0,0.0,91.84055416076362,0.18666779300968214,0.20475675648444536,0,0.0
1618,mMTC,248.75,251.25,498,497,39865618.0,80212.5110663984,497,0.9979919678714859,148.81926649937887,0.2994351438619293,0.3208950956323952,0,0.0,94.36098309292154,0.18947988572875812,0.21329154432165204,0,0.0
1619,eMBB,488.75,11.25,19,1935,333058759.92004466,172123.39013955797,18,0.9473684210526315,191.06711885056538,10.614839936142522,16.871857028910682,0,0.0,3.7896523368718564,0.19945538615115033,0.2038301226438401,0,0.0
1620,mMTC,289.25,210.75,579,578,46303821.0,80110.4169550173,578,0.998272884283247,169.85707408135636,0.2938703703829695,0.3162512741224536,0,0.0,105.98715537879224,0.1830520818286567,0.20470807916510972,0,0.0
1621,eMBB,494.5,5.5,22,1955,309333395.47985846,158226.80075696085,21,0.9545454545454546,182.03964375892107,8.668554464710528,18.276248516785788,0,0.0,4.565406314255289,0.20751846882978586,0.21134183019691186,0,0.0
1622,eMBB,492.5,7.5,18,1951,318710905.7710071,163357.71695079812,17,0.9444444444444444,186.0613898029083,10.944787635465195,18.073590308811234,0,0.0,3.667775355336464,0.20376529751869243,0.2095324989748398,0,0.0
1623,eMBB,488.75,11.25,24,1930,413742959.8032986,214374.5905716573,23,0.9583333333333334,193.37651602275974,8.407674609685206,13.768802549762139,0,0.0,4.7617791467586414,0.19840746444827673,0.2056536556482899,0,0.0
1624,eMBB,494.5,5.5,18,1959,317527062.77698904,162086.3005497647,17,0.9444444444444444,196.79183148731843,11.57599008748932,16.37841772697692,0,0.0,3.695506714722332,0.2053059285956851,0.20889644343977282,0,0.0
1625,eMBB,495.0,5.0,18,1961,333000727.2107192,169811.69159139175,17,0.9444444444444444,198.54193102484658,11.678937119108623,17.068685785098733,0,0.0,3.63654784398613,0.20203043577700722,0.2139554990698732,0,0.0
1626,eMBB,491.25,8.75,19,1945,334035139.388927,171740.4315624303,18,0.9473684210526315,189.6634386584032,10.536857703244623,16.570267917714805,0,0.0,3.7894215782122553,0.19944324095853974,0.20275856871023906,0,0.0
1627,eMBB,491.75,8.25,20,1946,310115259.15299696,159360.35927697684,19,0.95,192.87800419775874,10.151473905145197,18.280436891177743,0,0.0,4.154896184065072,0.2077448092032536,0.21075568416908524,0,0.0
1628,eMBB,495.0,5.0,18,1961,312349960.376883,159280.95888673278,17,0.9444444444444444,196.14291349587398,11.537818440933764,18.1751802386451,0,0.0,3.6520320368220522,0.20289066871233624,0.21349584799138627,0,0.0
1629,mMTC,243.5,256.5,487,487,39279375.0,80655.80082135524,487,1.0,147.9991797899183,0.30389975316204987,0.3244503001305721,0,0.0,93.62706007791323,0.19225269009838444,0.21428322747573175,0,0.0
1630,mMTC,293.0,207.0,586,585,46800715.0,80001.22222222222,585,0.9982935153583617,177.89785651185616,0.30409890002026696,0.3252349181736788,0,0.0,114.59980458459299,0.1955628064583498,0.21535216696541343,0,0.0
1631,eMBB,493.25,6.75,22,1950,313515496.503184,160777.17769394052,21,0.9545454545454546,198.4661354976003,9.450768357028586,17.27474042830402,0,0.0,4.492689771991599,0.2042131714541636,0.21102068324784665,0,0.0
1632,mMTC,279.75,220.25,560,559,44970975.0,80448.97137745975,559,0.9982142857142857,167.94913166577956,0.3004456738207148,0.3230893641960486,0,0.0,107.0508992991289,0.1911623201770159,0.21536015277746245,0,0.0
1633,eMBB,492.0,8.0,18,1949,337101793.1181284,172961.41257985038,17,0.9444444444444444,181.55744707327554,10.679849827839737,17.042815191829522,0,0.0,3.559917581017545,0.19777319894541917,0.20234051756416205,0,0.0
1634,URLLC,206.0,294.0,824,824,114553760.0,139021.55339805825,824,1.0,49.001889503557464,0.05946831250431731,0.06346231821286255,0,0.0,3.0842932304805233,0.0037430743088355863,0.0053672082128625445,0,0.0
1635,mMTC,260.0,240.0,520,519,41508138.0,79977.14450867052,519,0.9980769230769231,154.15102010449286,0.2970154529951693,0.3143604021857487,0,0.0,97.28858334266081,0.18709342950511695,0.20527497414853818,0,0.0
1636,eMBB,493.75,6.25,17,1957,322445271.218338,164765.08493527747,16,0.9411764705882353,197.09732469869365,12.318582793668353,17.877452523444926,0,0.0,3.4769115580904595,0.2045242092994388,0.2090581296017997,0,0.0
1637,URLLC,198.0,302.0,792,791,111089942.0,140442.404551201,791,0.9987373737373737,47.017037731616036,0.05943999713225795,0.06083800659000474,0,0.0,2.9643171774930916,0.003742824719056934,0.005283582590004734,0,0.0
1638,mMTC,271.5,228.5,543,543,43617823.0,80327.48250460405,543,1.0,160.36624445372277,0.2953337835243513,0.31460642789172344,0,0.0,101.54814651245569,0.18701316116474345,0.2075809578916509,0,0.0
1639,URLLC,206.25,293.75,825,824,115648883.0,140350.58616504853,824,0.9987878787878788,49.35334506019844,0.059894836238104904,0.0652477670617993,0,0.0,3.5952684368289196,0.004357901135550206,0.006566619754106996,0,0.0
1640,mMTC,269.0,231.0,538,537,43306308.0,80644.8938547486,537,0.9981412639405205,165.43572336699467,0.3080739727504556,0.3289826016234201,0,0.0,106.46524674514038,0.19789079320658062,0.22667020162342,0,0.0
1641,eMBB,490.5,9.5,22,1939,307700196.4402368,158690.1477257539,21,0.9545454545454546,195.70526693912055,9.319298425672407,17.47719167443853,0,0.0,4.546944816945351,0.20667930986115232,0.2114792253262544,0,0.0
1642,URLLC,217.75,282.25,871,870,122851719.0,141208.8724137931,870,0.9988518943742825,51.59557795311777,0.059305262015077895,0.06471883351208792,0,0.0,3.4131993432204157,0.003918713367646861,0.00650922043516484,0,0.0
1643,mMTC,254.25,245.75,509,508,40743623.0,80203.98228346456,508,0.9980353634577603,154.2065199935956,0.3035561417196764,0.32454968897968656,0,0.0,97.58453133714912,0.1917181362222969,0.21601068595132056,0,0.0
1644,mMTC,296.5,203.5,593,593,48043992.0,81018.53625632377,593,1.0,180.52036971672018,0.30441883594725155,0.3218095279319611,0,0.0,116.33404503667688,0.19617882805510437,0.21579133278239182,0,0.0
1645,URLLC,217.25,282.75,869,868,122182655.0,140763.42741935485,868,0.998849252013809,51.70030807217883,0.05956256690343183,0.06455509262362845,0,0.0,3.3243283176481278,0.003825464116971378,0.005492719162089987,0,0.0
1646,eMBB,491.25,8.75,21,1943,327745152.9128168,168679.9551790102,20,0.9523809523809523,192.76465011972834,9.638232505986418,16.97606621307759,0,0.0,4.1496819087178265,0.1976039004151346,0.2056389439057375,0,0.0
1647,eMBB,493.5,6.5,23,1950,332909304.9648734,170722.72049480685,22,0.9565217391304348,188.38569269975767,8.562986031807167,16.173280941475074,0,0.0,4.529771939268127,0.19694660605513595,0.2057257939514618,0,0.0
1648,eMBB,493.0,7.0,20,1951,311675858.77994233,159751.84970781257,19,0.95,198.05185586446635,10.423781887603491,18.575710815668746,0,0.0,4.138523499692551,0.20692617498462754,0.21320717880561518,0,0.0
1649,eMBB,495.0,5.0,23,1956,308293123.9238774,157614.07153572465,22,0.9565217391304348,190.39896340880452,8.654498336763842,15.77507151559612,0,0.0,4.754368173966345,0.20671165973766717,0.21272533810044245,0,0.0
1650,mMTC,286.75,213.25,574,573,46184594.0,80601.38568935427,573,0.9982578397212544,173.79046016870242,0.30329923240611245,0.32552176365297636,0,0.0,110.14974472550036,0.19189850997473928,0.21496816431501858,0,0.0
1651,eMBB,491.75,8.25,27,1939,414468562.07731956,213753.77105586362,26,0.9629629629629629,195.227667625761,7.508756447144654,13.57169543469024,0,0.0,5.3061156422468585,0.19652280156469845,0.20210760251257173,0,0.0
1652,eMBB,491.5,8.5,18,1947,317638497.5031833,163142.52568216913,17,0.9444444444444444,197.41813086425938,11.612831227309375,17.874454493076282,0,0.0,3.6278061827980643,0.2015447879332258,0.21012139031759786,0,0.0
1653,URLLC,150.75,349.25,603,603,83537230.0,138536.03648424544,603,1.0,36.157660555564554,0.05996295282846526,0.0652341521836113,0,0.0,2.6782333494876016,0.004441514675767167,0.006832276029765143,0,0.0
1654,mMTC,268.5,231.5,537,537,41681917.0,77619.95716945996,537,1.0,165.6713485847509,0.30851275341666834,0.3290898286901084,0,0.0,106.62505663106425,0.1985569024787044,0.21777997483640277,0,0.0
1655,mMTC,286.5,213.5,573,573,44596600.0,77830.01745200698,573,1.0,168.89871150429954,0.29476214922216326,0.3175999685256631,0,0.0,105.68176884290182,0.18443589675899097,0.20645605246254667,0,0.0
1656,eMBB,490.0,10.0,22,1937,306272051.93186784,158116.7020815012,21,0.9545454545454546,185.72771787854458,8.844177041835456,17.378653158586346,0,0.0,4.558714287669559,0.20721428580316179,0.21024005672889207,0,0.0
1657,eMBB,489.25,10.75,20,1936,313976973.5201763,162178.18880174396,19,0.95,184.23594235443392,9.696628544970206,17.077216143907393,0,0.0,4.104852889454458,0.2052426444727229,0.2098355812799847,0,0.0
1658,eMBB,486.0,14.0,23,1920,412064211.56099015,214616.77685468236,22,0.9565217391304348,193.81614138801567,8.809824608546167,13.768046394574284,0,0.0,4.578945472964991,0.19908458578108656,0.20517771979562544,0,0.0
1659,eMBB,490.0,10.0,20,1939,312113325.59417117,160966.1297546009,19,0.95,196.3507189985573,10.334248368345122,17.078958397430526,0,0.0,4.116824742712517,0.20584123713562583,0.20990931229990245,0,0.0
1660,eMBB,493.5,6.5,23,1950,328172174.10408735,168293.42261748068,22,0.9565217391304348,190.71616112876737,8.668916414943972,17.176449180746843,0,0.0,4.559525212687742,0.19824022663859747,0.20587713223179308,0,0.0
1661,eMBB,494.75,5.25,20,1958,335875182.28988296,171539.92966796883,19,0.95,189.06202522512066,9.950632906585298,16.86909755962811,0,0.0,3.919395106838899,0.19596975534194494,0.20378542383667128,0,0.0
1662,eMBB,491.0,9.0,20,1943,308108394.9999997,158573.54348944916,19,0.95,197.68782414194874,10.40462232326046,17.47981190126692,0,0.0,4.173999273969338,0.2086999636984669,0.22028723882611312,0,0.0
1663,eMBB,497.0,3.0,17,1970,315084510.61658907,159941.37594750713,16,0.9411764705882353,193.86186697340912,12.11636668583807,18.07756202735643,0,0.0,3.445537687073375,0.20267868747490442,0.21339800409222714,0,0.0
1664,eMBB,485.25,14.75,18,1923,314351906.0,163469.52990119605,18,1.0,195.381374728353,10.854520818241832,17.275844166642255,0,0.0,3.620938257516433,0.20116323652869073,0.20862002739190105,0,0.0
1665,mMTC,307.75,192.25,616,615,49839275.0,81039.47154471544,615,0.9983766233766234,187.5244454450705,0.30491779747165937,0.32679529937530244,0,0.0,120.99040929853183,0.19641300210800622,0.2174492824168785,0,0.0
1666,eMBB,492.0,8.0,21,1946,313733486.31151986,161219.6743635765,20,0.9523809523809523,193.76065173501766,9.688032586750882,16.7794744216699,0,0.0,4.259346939179802,0.20282604472284774,0.210814874795383,0,0.0
1667,eMBB,488.0,12.0,20,1931,325237248.6533647,168429.44000692113,19,0.95,188.41190701392063,9.916416158627401,16.47284120359149,0,0.0,3.9656434920811785,0.19828217460405892,0.20726278841117993,0,0.0
1668,eMBB,489.5,10.5,20,1937,332273081.74366033,171540.05252641215,19,0.95,194.63236651014017,10.243808763691588,17.072867497137164,0,0.0,3.9917037530190997,0.19958518765095498,0.20457713096830385,0,0.0
1669,eMBB,489.5,10.5,21,1936,309577198.44023705,159905.577706734,20,0.9523809523809523,195.18633354029478,9.75931667701474,18.276774698268287,0,0.0,4.298918764355694,0.20471041735027112,0.21364044643562408,0,0.0
1670,mMTC,294.5,205.5,589,588,46122153.0,78439.03571428571,588,0.99830220713073,174.8284430205896,0.29732728404862174,0.31699205663388286,0,0.0,110.57205135848781,0.18772844033699118,0.20921305585632216,0,0.0
1671,eMBB,486.25,13.75,20,1924,313144294.77374643,162756.90996556467,19,0.95,187.69195441206193,9.878523916424312,17.148514821804227,0,0.0,4.068648649630922,0.2034324324815461,0.20998835394809878,0,0.0
1672,eMBB,491.75,8.25,25,1941,415690154.8949746,214162.88248066697,24,0.96,187.80567812823128,7.825236588676304,13.471869751684086,0,0.0,4.928753316254629,0.19715013265018516,0.20409276764504908,0,0.0
1673,eMBB,489.5,10.5,19,1938,313504381.7983985,161766.96687223864,18,0.9473684210526315,183.94473036431128,10.219151686906182,17.34364485532934,0,0.0,3.8869697589300625,0.2045773557331612,0.2115094046247959,0,0.0
1674,eMBB,490.5,9.5,22,1939,326106389.73397154,168182.76933159956,21,0.9545454545454546,195.29418615048226,9.299723150022965,16.770888786702596,0,0.0,4.411484584527421,0.20052202656942822,0.2050365608810499,0,0.0
1675,eMBB,492.25,7.75,23,1945,331744247.83433616,170562.59528757643,22,0.9565217391304348,195.25566070510308,8.875257304777413,15.868741435989225,0,0.0,4.5073761722481445,0.19597287705426716,0.2040136925783114,0,0.0
1676,eMBB,494.25,5.75,19,1957,312290135.7326487,159575.95080871164,18,0.9473684210526315,191.21380940929504,10.622989411627502,18.378088826287417,0,0.0,3.871987696021775,0.20378882610640922,0.21259446926846645,0,0.0
1677,eMBB,489.75,10.25,19,1939,307750468.2873354,158716.07441327252,18,0.9473684210526315,193.20844380376965,10.733802433542758,16.975799180366288,0,0.0,3.9528913887852033,0.20804691519922122,0.21371315296584492,0,0.0
1678,eMBB,492.0,8.0,21,1946,316288584.2901449,162532.67435259247,20,0.9523809523809523,192.82573915222562,9.641286957611282,15.37241979032972,0,0.0,4.233462178075731,0.2015934370512253,0.21128436416702323,0,0.0
1679,eMBB,490.25,9.75,26,1934,411985753.17284733,213022.6231503864,25,0.9615384615384616,188.94392398361637,7.557756959344655,12.869560621857701,0,0.0,5.197503462391926,0.19990397932276638,0.2047308228760156,0,0.0
1680,URLLC,147.5,352.5,590,590,83582281.0,141664.88305084745,590,1.0,35.190395577573085,0.059644738267073026,0.06266182686153847,0,0.0,2.3216282723422976,0.003934963173461522,0.005200631456959755,0,0.0
1681,eMBB,492.25,7.75,23,1945,326476987.5810266,167854.49232957666,22,0.9565217391304348,189.72633538733072,8.62392433578776,17.172561794223423,0,0.0,4.572286908006533,0.19879508295680579,0.20738201972253234,0,0.0
1682,eMBB,493.75,6.25,23,1951,333231688.29458266,170800.4553021951,22,0.9565217391304348,194.91464566203757,8.859756621001708,15.375281212684074,0,0.0,4.5650578712946785,0.1984807770128121,0.20518835340364244,0,0.0
1683,eMBB,494.75,5.25,18,1960,313066696.48149085,159727.90636810756,17,0.9444444444444444,197.04422465694685,11.590836744526285,18.081248474648106,0,0.0,3.766968506444874,0.20927602813582633,0.22084663347278627,0,0.0
1684,eMBB,496.0,4.0,21,1962,311374674.2182358,158702.6881846258,20,0.9523809523809523,199.35925068508084,9.967962534254042,16.778045724699982,0,0.0,4.365039088838598,0.20785900423040943,0.21975238728788826,0,0.0
1685,eMBB,487.0,13.0,22,1925,310521805.0897556,161310.02861805484,21,0.9545454545454546,185.30685018170115,8.82413572293815,16.47399738692357,0,0.0,4.440793038640522,0.20185422902911465,0.20979686099073247,0,0.0
1686,eMBB,488.75,11.25,32,1922,408218939.8504498,212392.78868389688,31,0.96875,196.75612287045846,6.346971705498659,12.967957348395583,0,0.0,6.395755331110883,0.1998673540972151,0.21058916019611656,0,0.0
1687,eMBB,495.5,4.5,23,1958,314143224.3380047,160440.87044841915,22,0.9565217391304348,198.2164962412998,9.0098407382409,17.078939165980756,0,0.0,4.677257739404127,0.20335903214800552,0.21229853241187893,0,0.0
1688,eMBB,492.5,7.5,19,1950,330715382.4224965,169597.63201153665,18,0.9473684210526315,196.32681886609763,10.907045492560979,16.871348797959996,0,0.0,3.76227204359677,0.19801431808404052,0.2059760914099274,0,0.0
1689,mMTC,271.5,228.5,543,543,42994327.0,79179.2394106814,543,1.0,167.82991498238337,0.30907903311672813,0.3307401121878004,0,0.0,108.26187082513091,0.19937729433725768,0.22887158364079188,0,0.0
1690,URLLC,194.25,305.75,777,777,109819497.0,141337.83397683396,777,1.0,46.2764269448367,0.05955782103582587,0.061166004367305016,0,0.0,3.0036946876059214,0.0038657589287077495,0.005631191444228095,0,0.0
1691,eMBB,490.25,9.75,19,1941,307609181.2252011,158479.7430320459,18,0.9473684210526315,192.48607937186014,10.693671076214452,16.178736880043836,0,0.0,3.9335331456921026,0.20702806029958434,0.21033583587372975,0,0.0
1692,eMBB,353.25,146.75,15,1391,224350802.33869138,161287.42080423536,14,0.9333333333333333,134.26544950248524,9.590389250177518,16.180197514619845,0,0.0,3.0926065541468715,0.20617377027645808,0.2179281979585157,0,0.0
1693,mMTC,291.5,208.5,583,583,46832674.0,80330.487135506,583,1.0,178.10918022536205,0.30550459729907725,0.32702294183765207,0,0.0,115.30077676119575,0.19777148672589323,0.21921896956755385,0,0.0
1694,eMBB,493.5,6.5,20,1953,315363349.80928695,161476.3695900087,19,0.95,190.84446643431423,10.044445601806013,17.673956903545783,0,0.0,4.121343741521729,0.20606718707608646,0.20948581406789166,0,0.0
1695,eMBB,491.0,9.0,23,1940,325573355.24184066,167821.3171349694,22,0.9565217391304348,182.33148488048806,8.287794767294912,16.170973845851165,0,0.0,4.581777749620703,0.1992077282443784,0.20755217992814035,0,0.0
1696,eMBB,492.25,7.75,20,1948,335332108.1379366,172141.73929052186,19,0.95,193.54937649838362,10.186809289388611,16.870782915592926,0,0.0,3.919418610435082,0.1959709305217541,0.20328576170373708,0,0.0
1697,eMBB,494.5,5.5,18,1959,314077970.25330794,160325.66118086164,17,0.9444444444444444,196.0289811430278,11.531116537825165,18.277403341659582,0,0.0,3.6562928401628865,0.20312738000904926,0.21158527533267102,0,0.0
1698,eMBB,488.5,11.5,19,1934,305600985.14898074,158014.9871504554,18,0.9473684210526315,187.8127754520172,10.434043080667623,16.475553097126685,0,0.0,3.9573486561561264,0.2082815082187435,0.21405022576208713,0,0.0
1699,eMBB,496.0,4.0,22,1961,317150472.8505821,161728.95096919028,21,0.9545454545454546,194.09196761123522,9.242474648154058,16.27648562325118,0,0.0,4.433703517818294,0.20153197808264975,0.20849761972669745,0,0.0
1700,eMBB,489.0,11.0,23,1932,415276203.26549596,214946.27498214078,22,0.9565217391304348,190.7878013774447,8.67217278988385,13.868429494449474,0,0.0,4.5544719368476105,0.19802051899337436,0.20316032969048564,0,0.0
1701,eMBB,492.0,8.0,15,1952,320026486.7818387,163947.9952775813,14,0.9333333333333333,183.80159401873286,13.128685287052347,17.47946567940067,0,0.0,3.0302167077593554,0.20201444718395703,0.2114171205800064,0,0.0
1702,eMBB,490.5,9.5,17,1944,330511330.234668,170016.11637585802,16,0.9411764705882353,191.28093849693818,11.955058656058636,16.972734138966544,0,0.0,3.351970633722955,0.19717474316017383,0.20384946445288493,0,0.0
1703,eMBB,492.0,8.0,17,1950,336483116.6758556,172555.4444491567,16,0.9411764705882353,185.22881793105122,11.576801120690702,15.871996390508688,0,0.0,3.4058638718954755,0.20034493364091033,0.2158419348416879,0,0.0
1704,mMTC,289.0,211.0,578,578,45400914.0,78548.29411764706,578,1.0,170.96958650539815,0.29579513236228056,0.32017088018508083,0,0.0,107.39793426010446,0.1858095748444714,0.21105828039644087,0,0.0
1705,eMBB,491.0,9.0,22,1941,305802103.2873356,157548.73945766903,21,0.9545454545454546,193.94507575059532,9.235479797647397,17.17767018093888,0,0.0,4.581149724411622,0.20823407838234645,0.21349113136381537,0,0.0
1706,eMBB,490.0,10.0,19,1940,316166253.46864015,162972.29560239182,18,0.9473684210526315,191.6466305389369,10.64703502994094,16.578357328779465,0,0.0,3.89688829760235,0.2050993840843342,0.20960917933643547,0,0.0
1707,eMBB,494.0,6.0,24,1951,418831593.0342214,214675.34240605915,23,0.9583333333333334,195.18832899850682,8.4864490868916,13.667359102686982,0,0.0,4.787821159330737,0.19949254830544738,0.20299963989294706,0,0.0
1708,eMBB,492.25,7.75,22,1946,313641863.71854115,161172.59183892145,21,0.9545454545454546,195.92680160729265,9.329847695585364,17.87463744841542,0,0.0,4.4652973773240605,0.20296806260563913,0.21162630460640963,0,0.0
1709,eMBB,486.75,13.25,19,1927,325436099.0165307,168882.25169513788,18,0.9473684210526315,185.09815548230335,10.283230860127965,17.069778838330134,0,0.0,3.8337292305861195,0.20177522266242734,0.20640161270766233,0,0.0
1710,eMBB,492.25,7.75,20,1948,334864680.4049911,171901.7866555396,19,0.95,185.8971396831531,9.784059983323848,16.76788029231214,0,0.0,3.964739990424822,0.1982369995212411,0.20264433108628555,0,0.0
1711,eMBB,492.75,7.25,24,1946,306845083.6384939,157679.89909480672,23,0.9583333333333334,194.87271365092286,8.472726680474906,17.681149170977537,0,0.0,4.986705560752252,0.20777939836467718,0.2140058667733406,0,0.0
1712,eMBB,489.5,10.5,19,1938,308982195.78263503,159433.53755553922,18,0.9473684210526315,193.81310592591993,10.767394773662218,18.27534380048071,0,0.0,3.86514933653249,0.20342891244907843,0.21120473792891364,0,0.0
1713,URLLC,162.0,338.0,648,648,87850978.0,135572.49691358025,648,1.0,38.45467824793166,0.05934363927149948,0.06224236309581717,0,0.0,2.5579632122393274,0.003947474092961925,0.006990904634278709,0,0.0
1714,URLLC,195.5,304.5,782,781,113787172.0,145694.20230473753,781,0.9987212276214834,46.50977864143016,0.059551573164443226,0.06367430020742575,0,0.0,3.0306416084521977,0.003875500778071864,0.005306335207425739,0,0.0
1715,eMBB,492.0,8.0,23,1944,311945899.503184,160465.99768682304,22,0.9565217391304348,198.0417933269449,9.001899696679315,17.5753023466824,0,0.0,4.714496487343284,0.2049781081453602,0.21198380326401145,0,0.0
1716,URLLC,161.75,338.25,647,647,91417654.0,141294.67387944358,647,1.0,38.84481009059234,0.06003834635331119,0.06192029055033103,0,0.0,2.948162068438451,0.0045566647116513925,0.006397440088792566,0,0.0
1717,eMBB,488.75,11.25,24,1930,327711408.964873,169798.65749475287,23,0.9583333333333334,186.57928189268222,8.112142690986184,15.369484269404287,0,0.0,4.766446058415498,0.19860191910064576,0.2031404892248173,0,0.0
1718,eMBB,487.0,13.0,19,1928,307557789.1837274,159521.67488782541,18,0.9473684210526315,192.70409624456812,10.705783124698229,16.575208611200487,0,0.0,3.862416360816207,0.20328507162190565,0.20949547991622558,0,0.0
1719,eMBB,496.25,3.75,20,1964,311580776.9290496,158646.01676631853,19,0.95,192.01206206863318,10.105898003612273,18.276754427784038,0,0.0,4.091504648718022,0.2045752324359011,0.21212887223738802,0,0.0
1720,eMBB,493.25,6.75,18,1954,318231456.0301323,162861.5435159326,17,0.9444444444444444,189.94729601779218,11.173370353987776,17.87375564170901,0,0.0,3.6661505984250025,0.20367503324583347,0.20847880804642896,0,0.0
1721,mMTC,245.0,255.0,490,490,39452756.0,80515.82857142857,490,1.0,149.67469513927836,0.30545856150873135,0.3243726925248999,0,0.0,96.93236858342122,0.19782116037432904,0.22080437605846653,0,0.0
1722,mMTC,307.0,193.0,614,613,50036805.0,81626.10929853181,613,0.998371335504886,181.67711394193842,0.2963737584697201,0.3151141026822599,0,0.0,115.5769288702851,0.18823604050535034,0.20773348675999315,0,0.0
1723,mMTC,260.0,240.0,520,520,41830564.0,80443.39230769231,520,1.0,156.5430700455789,0.3010443654722671,0.3204050847470638,0,0.0,99.94649254132598,0.1922047933487038,0.2157906673334176,0,0.0
1724,mMTC,308.75,191.25,618,617,48105649.0,77967.01620745542,617,0.9983818770226537,191.0730508058705,0.3096807954714271,0.33513653228004314,0,0.0,123.48077308702061,0.19980707619258997,0.2290475965861042,0,0.0
1725,URLLC,172.5,327.5,690,690,98572873.0,142859.23623188405,690,1.0,41.13535821571788,0.05961646118219983,0.06091142320830925,0,0.0,2.7275458914102138,0.003952965060014802,0.005004464928301602,0,0.0
1726,mMTC,230.5,269.5,461,461,37419146.0,81169.51409978307,461,1.0,137.55258111401884,0.2983787008980886,0.317517040865423,0,0.0,87.03342656566434,0.18879268235502025,0.20761020272641548,0,0.0
1727,eMBB,490.25,9.75,20,1940,315631378.28299403,162696.58674381135,19,0.95,196.73107337503097,10.354267019738472,17.774598990150658,0,0.0,4.1177468319508295,0.20588734159754146,0.2185309939777404,0,0.0
1728,URLLC,177.75,322.25,711,711,99099848.0,139380.9395218003,711,1.0,42.36852649391379,0.059590051327586206,0.06111221681045255,0,0.0,2.798299197913773,0.00393572320381684,0.005618151810452543,0,0.0
1729,eMBB,495.75,4.25,19,1963,318040637.01089215,162017.64493677643,18,0.9473684210526315,189.59284004317868,10.53293555795437,16.979421312236486,0,0.0,3.8416043176003236,0.20218970092633282,0.21093621764724513,0,0.0
1730,eMBB,491.25,8.75,21,1943,328998191.51952326,169324.85410165892,20,0.9523809523809523,197.12065755953475,9.856032877976737,17.06959460952611,0,0.0,4.21741456919419,0.20082926519972336,0.20797908975085214,0,0.0
1731,mMTC,280.0,220.0,560,559,44701069.0,79966.13416815743,559,0.9982142857142857,173.4074120966001,0.3102100395288016,0.33191593714950723,0,0.0,112.54491990910809,0.20097307126626443,0.22029731924843127,0,0.0
1732,eMBB,492.75,7.25,18,1952,312470043.0408834,160076.866311928,17,0.9444444444444444,188.22520967324093,11.072071157249466,18.276846353588464,0,0.0,3.7596116509038855,0.20886731393910474,0.22146564486251033,0,0.0
1733,eMBB,488.5,11.5,19,1934,306333585.37701905,158393.78768201606,18,0.9473684210526315,195.22243274323114,10.845690707957285,17.48184193228393,0,0.0,3.875018798085443,0.2039483577939707,0.21224702903487336,0,0.0
1734,URLLC,185.25,314.75,741,741,105516833.0,142397.88529014844,741,1.0,44.01074605078892,0.05939371936678666,0.06341625049073635,0,0.0,2.9839732723273746,0.0040269544835727054,0.005579668952274802,0,0.0
1735,eMBB,486.75,13.25,30,1916,406227546.28195333,212018.5523392241,29,0.9666666666666667,194.0128945912135,6.690099813490121,12.468424926556343,0,0.0,5.9957847608542485,0.19985949202847494,0.21117140475208324,0,0.0
1736,URLLC,156.0,344.0,624,624,87161088.0,139681.23076923078,624,1.0,37.259010482462976,0.05970995269625477,0.06277153469230769,0,0.0,2.5180392485399077,0.004035319308557544,0.005421339828271295,0,0.0
1737,eMBB,493.5,6.5,21,1952,328711793.40351206,168397.43514524185,20,0.9523809523809523,188.51277153954072,9.425638576977036,16.673136821274653,0,0.0,4.209433847087716,0.20044923081370078,0.2055760299849576,0,0.0
1738,eMBB,495.75,4.25,20,1962,336767761.66841376,171645.1384650427,19,0.95,196.00741625797096,10.316179803051103,16.069017318126267,0,0.0,3.976584148987657,0.19882920744938287,0.2070496195711276,0,0.0
1739,mMTC,289.5,210.5,579,579,46093015.0,79607.97063903282,579,1.0,171.187165002627,0.29566004318243005,0.3214319216040142,0,0.0,107.68736710309157,0.18598854421950187,0.21278131907748804,0,0.0
1740,eMBB,490.5,9.5,24,1937,303153953.0225605,156506.94528784743,23,0.9583333333333334,195.28235151994863,8.490537022606462,16.880463039576014,0,0.0,4.984182315343562,0.20767426313931506,0.21185936854884896,0,0.0
1741,mMTC,224.0,276.0,448,448,35884132.0,80098.50892857143,448,1.0,136.5699101369692,0.3048435494128777,0.3264326329382333,0,0.0,86.90588495230531,0.19398635033996722,0.2183258034151656,0,0.0
1742,eMBB,482.75,17.25,27,1903,404965227.35669965,212803.58768087212,26,0.9629629629629629,186.17431022973804,7.160550393451463,13.170630232353172,0,0.0,5.368711271044734,0.19884115818684198,0.2018082776036523,0,0.0
1743,mMTC,297.0,203.0,594,593,45725262.0,77108.3676222597,593,0.9983164983164983,175.91672700286313,0.29665552614310814,0.3148949366407575,0,0.0,111.99838689312021,0.18854947288404075,0.20933175708766832,0,0.0
1744,eMBB,490.75,9.25,21,1941,327011115.94948953,168475.587815296,20,0.9523809523809523,192.0527891524784,9.60263945762392,16.774362115555498,0,0.0,4.251011943350725,0.20242914015955832,0.20800829465675735,0,0.0
1745,eMBB,491.25,8.75,22,1942,331524313.3537596,170712.82870945396,21,0.9545454545454546,183.56967140739616,8.741412924161722,15.472932551782032,0,0.0,4.40419480101362,0.20019067277334637,0.20339446082938756,0,0.0
1746,eMBB,496.5,3.5,18,1967,315057044.9905461,160171.34976641898,17,0.9444444444444444,195.9758484441298,11.527991084948813,17.37854275836026,0,0.0,3.7048810490147592,0.2058267249452644,0.213983932612676,0,0.0
1747,mMTC,280.0,220.0,560,560,47013002.0,83951.78928571429,560,1.0,167.27043258493455,0.29869720104452596,0.32189976279653837,0,0.0,106.07129201212393,0.18941302145022132,0.21428563306457943,0,0.0
1748,eMBB,487.25,12.75,18,1930,314154083.72653013,162774.13664587055,17,0.9444444444444444,187.0534169489487,11.00314217346757,17.47493904940604,0,0.0,3.67993174556534,0.20444065253140778,0.20881713197521207,0,0.0
1749,mMTC,297.0,203.0,594,593,45919850.0,77436.50927487352,593,0.9983164983164983,181.53209243473384,0.30612494508386817,0.3279330791372912,0,0.0,118.1159239299895,0.1988483567844941,0.21993332573827484,0,0.0
1750,mMTC,287.5,212.5,575,575,45564495.0,79242.6,575,1.0,170.68584178261193,0.29684494223062946,0.3164424457384244,0,0.0,108.77627324548367,0.18917612738344985,0.21008695819233217,0,0.0
1751,eMBB,495.0,5.0,20,1959,331214536.76198304,169073.2704246978,19,0.95,194.81192612824958,10.253259269907872,17.171647650860898,0,0.0,3.9823258399641643,0.1991162919982082,0.20917763714157256,0,0.0
1752,eMBB,490.75,9.25,20,1942,334020328.41526496,171998.1093796421,19,0.95,195.3129252925141,10.279627646974427,16.971683388096757,0,0.0,3.9841129898004777,0.1992056494900239,0.20183693680615722,0,0.0
1753,mMTC,247.75,252.25,496,495,39799613.0,80403.25858585858,495,0.9979838709677419,146.70521740776286,0.29637417658133913,0.31421540179558294,0,0.0,92.41587512939847,0.18632232888991626,0.20727883234513023,0,0.0
1754,eMBB,494.75,5.25,17,1961,313990360.68381596,160117.47102693317,16,0.9411764705882353,194.65747346263055,12.16609209141441,18.074960124052726,0,0.0,3.4494723405403818,0.202910137678846,0.21191933272039976,0,0.0
1755,mMTC,289.75,210.25,580,579,46882964.0,80972.30397236615,579,0.9982758620689656,176.46013120391214,0.3047670659825771,0.325019335968128,0,0.0,112.34027768509355,0.19369013393981646,0.21657415305599115,0,0.0
1756,URLLC,189.75,310.25,759,759,103855447.0,136831.9459815547,759,1.0,45.263555095993205,0.059635777465076686,0.06095541244178325,0,0.0,3.0452941899932346,0.0040122453096090045,0.005206139202777665,0,0.0
1757,eMBB,491.5,8.5,21,1944,312841035.55035377,160926.45861643713,20,0.9523809523809523,192.3940747430792,9.619703737153959,16.97240532552815,0,0.0,4.30721554418052,0.2051055021038343,0.21113048242468596,0,0.0
1758,eMBB,493.25,6.75,23,1949,326494543.2208946,167519.006270341,22,0.9565217391304348,196.71855896888053,8.94175268040366,16.27890447710058,0,0.0,4.582311282195536,0.1992309253128494,0.20853336080324886,0,0.0
1759,mMTC,257.5,242.5,515,514,39457807.0,76766.16147859923,514,0.9980582524271845,159.44160453534093,0.31019767419327027,0.33221555255256535,0,0.0,103.76762516681583,0.20149053430449676,0.23063199050128333,0,0.0
1760,URLLC,208.75,291.25,835,835,117935875.0,141240.56886227545,835,1.0,49.809242623564685,0.05965178757313136,0.06080931891374887,0,0.0,3.3656975577185047,0.004030775518225754,0.0051722727599027175,0,0.0
1761,mMTC,318.5,181.5,637,636,50226438.0,78972.38679245283,636,0.9984301412872841,189.84149220191472,0.2984929122671615,0.3175360505234889,0,0.0,120.89101663255092,0.18978181574968747,0.20938933639649643,0,0.0
1762,eMBB,492.75,7.25,23,1947,315009286.6677595,161792.13490896736,22,0.9565217391304348,195.36309113345445,8.88014050606611,15.376860926822554,0,0.0,4.638023103998994,0.20165317843473887,0.2077222096315374,0,0.0
1763,eMBB,488.25,11.75,26,1926,411923539.1799731,213875.15014536507,25,0.9615384615384616,194.18583260494958,7.767433304197983,13.86803621732557,0,0.0,5.153415945908469,0.19820830561186417,0.2028651045377069,0,0.0
1764,URLLC,192.5,307.5,770,770,108464077.0,140862.43766233767,770,1.0,46.015110982189206,0.05975988439245351,0.06488994011172391,0,0.0,3.160645691573811,0.004104734664381573,0.005951520880954688,0,0.0
1765,mMTC,302.25,197.75,605,604,47661627.0,78909.9784768212,604,0.9983471074380166,181.98623055252952,0.3013017062127972,0.3209790970929338,0,0.0,116.29606768179777,0.19222490525916985,0.2171174650334941,0,0.0
1766,eMBB,489.5,10.5,21,1936,330635411.74763066,170782.75400187535,20,0.9523809523809523,190.09540531277247,9.504770265638623,15.968699994934997,0,0.0,4.19981348402177,0.19999111828675095,0.20391181625977617,0,0.0
1767,eMBB,491.25,8.75,18,1946,311326790.9670657,159982.93472099985,17,0.9444444444444444,186.83511337202572,10.990300786589748,17.57570030614684,0,0.0,3.670381755983693,0.20391009755464962,0.2126389699304691,0,0.0
1768,mMTC,229.5,270.5,459,459,36880334.0,80349.31154684095,459,1.0,137.47216912664172,0.2995036364414852,0.3169526749278011,0,0.0,87.56088957974606,0.1907644653153509,0.21163479997004003,0,0.0
1769,eMBB,494.25,5.75,19,1957,319399524.1011883,163208.75017945239,18,0.9473684210526315,194.76604062568478,10.820335590315821,17.87151346343861,0,0.0,3.82241361841332,0.20117966412701685,0.21068467259248957,0,0.0
1770,eMBB,486.25,13.75,25,1919,409552512.6689193,213419.75647155775,24,0.96,192.330021129445,8.013750880393541,13.6697690344413,0,0.0,4.970314949128955,0.1988125979651582,0.20432656073855793,0,0.0
1771,eMBB,492.75,7.25,18,1952,315923751.7114325,161846.1842783978,17,0.9444444444444444,184.86467408851314,10.87439259344195,17.17573083442363,0,0.0,3.6862317423217887,0.2047906523512105,0.20932424038501563,0,0.0
1772,URLLC,154.0,346.0,616,615,85873070.0,139631.0081300813,615,0.9983766233766234,36.97050502896557,0.06011464232352125,0.06565694491828698,0,0.0,2.8662150398380457,0.00465294649324358,0.007334009149056211,0,0.0
1773,mMTC,281.5,218.5,563,563,45021660.0,79967.4245115453,563,1.0,174.84279385078895,0.31055558410442086,0.3360466042591401,0,0.0,113.61547919991935,0.2018036930726809,0.23204865716795,0,0.0
1774,mMTC,276.0,224.0,552,551,45249844.0,82123.12885662432,551,0.9981884057971014,163.58411308981383,0.2968858676766131,0.31593104422111656,0,0.0,103.53526052785034,0.18756387776784483,0.20811724425315276,0,0.0
1775,mMTC,295.0,205.0,590,589,47703077.0,80989.94397283532,589,0.9983050847457627,176.24573250583677,0.29922874788766857,0.31726870192168666,0,0.0,112.52726796604716,0.19072418299330027,0.20895791623190596,0,0.0
1776,eMBB,491.75,8.25,21,1945,315465676.0119686,162193.1496205494,20,0.9523809523809523,193.28758666700472,9.664379333350237,17.272521702772124,0,0.0,4.3074479040246505,0.2051165668583167,0.21909292908205452,0,0.0
1777,eMBB,485.25,14.75,25,1915,410461435.7354987,214340.17531879828,24,0.96,195.29365778195358,8.137235740914733,13.771975764437174,0,0.0,4.937871947447214,0.19751487789788857,0.2039619265323095,0,0.0
1778,eMBB,486.5,13.5,22,1924,310115221.0,161182.5472972973,21,0.9545454545454546,196.10373538904267,9.338273113763936,17.977383721196542,0,0.0,4.344334868741019,0.1974697667609554,0.2242931362041375,0,0.0
1779,eMBB,489.5,10.5,21,1936,325868013.4274854,168320.25486956892,20,0.9523809523809523,190.85012651956387,9.542506325978193,16.884293872706955,0,0.0,4.258595582844815,0.20279026584975307,0.21496964118234,0,0.0
1780,URLLC,171.75,328.25,687,686,96242880.0,140295.74344023323,686,0.9985443959243085,40.825350789945624,0.05951217316318604,0.061965455830769234,0,0.0,2.727961285881769,0.003970831566057888,0.005880508944758792,0,0.0
1781,eMBB,490.5,9.5,18,1943,310248382.83325815,159674.92683132173,17,0.9444444444444444,189.60102164419106,11.15300127318771,17.975817072705663,0,0.0,3.7344408287495665,0.20746893493053148,0.21390087384711037,0,0.0
1782,eMBB,489.5,10.5,20,1937,306774572.92387754,158376.13470515102,19,0.95,187.89024879172123,9.88896046272217,17.97382699549299,0,0.0,4.074804694955644,0.2037402347477822,0.21137877350546141,0,0.0
1783,eMBB,495.5,4.5,17,1964,321639948.8505816,163767.79473043868,16,0.9411764705882353,193.49989427906854,12.093743392441784,17.77377547837326,0,0.0,3.399466945708811,0.19996864386522417,0.2067344257799842,0,0.0
1784,URLLC,171.5,328.5,686,686,95945711.0,139862.5524781341,686,1.0,40.96678691552569,0.05971834827336106,0.06386811394394168,0,0.0,2.8267552366923523,0.004120634455819756,0.005576143365594055,0,0.0
1785,URLLC,177.5,322.5,710,710,100979811.0,142225.08591549296,710,1.0,42.4536330896499,0.05979384942204211,0.061480560919118486,0,0.0,2.96944137764985,0.004182311799506831,0.005725301842195407,0,0.0
1786,mMTC,284.5,215.5,569,569,44272888.0,77808.23901581722,569,1.0,171.98266182463004,0.3022542387076099,0.3228790659439554,0,0.0,110.35843295640422,0.19395155176872445,0.21789793495237844,0,0.0
1787,eMBB,494.75,5.25,22,1956,334573035.97700715,171049.60939519794,21,0.9545454545454546,196.35533292583628,9.350253948849346,16.26757613686811,0,0.0,4.392127789124439,0.19964217223292904,0.20380060853430002,0,0.0
1788,eMBB,495.0,5.0,19,1960,311942868.5633923,159154.52477724096,18,0.9473684210526315,194.48821615461,10.804900897478333,17.873758304985486,0,0.0,3.956129549066167,0.208217344687693,0.2144655473261775,0,0.0
1789,eMBB,492.5,7.5,20,1949,307649110.6165894,157849.7232512003,19,0.95,192.3453542442329,10.12343969706489,17.0766403386478,0,0.0,4.132806064039427,0.20664030320197133,0.21318199140449298,0,0.0
1790,eMBB,493.25,6.75,20,1952,315703901.35763246,161733.55602337728,19,0.95,192.1111738863919,10.111114415073258,17.97741289411484,0,0.0,4.099062035610117,0.20495310178050583,0.2101053924739308,0,0.0
1791,URLLC,221.75,278.25,887,887,121549015.0,137033.83878241264,887,1.0,52.98637635952996,0.05973661370860199,0.06399606947727501,0,0.0,3.6938244858633,0.004164401900635062,0.005578045310608346,0,0.0
1792,eMBB,495.75,4.25,19,1963,318345235.94707626,162172.81505200014,18,0.9473684210526315,194.98804727931218,10.83266929329512,16.97764664992617,0,0.0,3.843356105420436,0.20228190028528611,0.2102531527074885,0,0.0
1793,eMBB,489.25,10.75,22,1934,325362989.0640835,168233.1897952862,21,0.9545454545454546,186.01765126263305,8.857983393458717,17.073031119054708,0,0.0,4.452474001268825,0.20238518187585566,0.20624431809454108,0,0.0
1794,mMTC,251.5,248.5,503,502,39477799.0,78641.03386454184,502,0.9980119284294234,155.94654826283616,0.3106504945474824,0.33682575098129597,0,0.0,101.77508453069541,0.20233615214849981,0.23256261196960318,0,0.0
1795,eMBB,490.25,9.75,22,1939,306161459.0000002,157896.57503867982,21,0.9545454545454546,197.56065716585013,9.407650341230958,16.679176306303557,0,0.0,4.312331869409492,0.19601508497315875,0.21353004446831753,0,0.0
1796,eMBB,495.0,5.0,18,1961,311088756.5279321,158637.81566952172,17,0.9444444444444444,195.5254661990085,11.501498011706381,17.77529531472505,0,0.0,3.751747284057665,0.20843040466987028,0.2206064535528247,0,0.0
1797,eMBB,489.75,10.25,17,1941,317482742.28388697,163566.58541158526,16,0.9411764705882353,186.35354986558258,11.647096866598911,16.873073433160055,0,0.0,3.4540556342154978,0.20317974318914692,0.20924296267647496,0,0.0
1798,eMBB,482.25,17.75,27,1901,404995121.17284745,213043.19893363884,26,0.9629629629629629,185.78699661137549,7.145653715822134,12.970171989229746,0,0.0,5.389978239950626,0.19962882370187504,0.20334775432806507,0,0.0
1799,eMBB,494.0,6.0,19,1956,317099952.1607464,162116.5399594818,18,0.9473684210526315,187.1688567730556,10.39826982072531,17.577232091288348,0,0.0,3.9246721189728673,0.20656169047225617,0.21124053945692817,0,0.0
1800,URLLC,214.25,285.75,857,856,119490566.0,139591.7827102804,856,0.9988331388564761,51.490827617668074,0.060152836001948685,0.06497940813699386,0,0.0,4.050258715297523,0.004726089516099793,0.006904335829301552,0,0.0
1801,URLLC,182.25,317.75,729,729,104559943.0,143429.27709190673,729,1.0,43.422682256070296,0.059564721887613574,0.06089646039908596,0,0.0,2.961285907762616,0.004062120586779994,0.005149264220478802,0,0.0
1802,eMBB,491.5,8.5,19,1946,309902739.99054706,159251.15107427907,18,0.9473684210526315,194.09109461270197,10.782838589594554,18.375696906982835,0,0.0,3.9585777792383943,0.2083461989072839,0.21358021921727252,0,0.0
1803,eMBB,492.75,7.25,17,1953,311705976.89108104,159603.6748034209,16,0.9411764705882353,183.63535803409994,11.477209877131246,17.877840597085942,0,0.0,3.5320795326046,0.2077693842708588,0.21144199685930587,0,0.0
1804,URLLC,198.0,302.0,792,792,111955296.0,141357.69696969696,792,1.0,47.101826556717,0.05947200322817803,0.06360109002143194,0,0.0,3.2848875602554064,0.004147585303352786,0.005911113867585774,0,0.0
1805,URLLC,177.25,322.75,709,708,102577285.0,144883.1709039548,708,0.998589562764457,42.33955217623011,0.05980162736755665,0.06398813385726072,0,0.0,3.01542272495717,0.004253064492182186,0.005809044690594055,0,0.0
1806,URLLC,213.0,287.0,852,852,115706661.0,135805.94014084508,852,1.0,50.972808408761416,0.05982723991638664,0.06355248948080043,0,0.0,3.6231567906844186,0.00425253144446528,0.005900826792140289,0,0.0
1807,mMTC,247.5,252.5,495,494,38593895.0,78125.29352226721,494,0.997979797979798,149.17316456206456,0.3019699687491185,0.3251790627975208,0,0.0,95.86863471714885,0.19367400952959363,0.21873783305006955,0,0.0
1808,mMTC,265.75,234.25,532,531,42413662.0,79875.06967984934,531,0.9981203007518797,165.13804723091334,0.31099443922959197,0.33036291244630556,0,0.0,107.53283288457737,0.20212938512138603,0.22231828469941228,0,0.0
1809,eMBB,488.75,11.25,23,1931,304861811.876203,157877.68610885707,22,0.9565217391304348,192.58158645312514,8.753708475142052,17.080921253542268,0,0.0,4.774264963720124,0.20757673755304887,0.21291543843220387,0,0.0
1810,mMTC,308.0,192.0,616,616,48052559.0,78007.40097402598,616,1.0,184.71485757766837,0.2998617817819292,0.3195197340007926,0,0.0,118.03932872257371,0.191622286887295,0.2134551523062203,0,0.0
1811,mMTC,278.0,222.0,556,556,44853732.0,80672.17985611511,556,1.0,169.98598599334005,0.30573019063550366,0.3279567561194034,0,0.0,108.52399134214168,0.1951870347880246,0.21858116427754867,0,0.0
1812,eMBB,487.5,12.5,28,1921,409424974.15391505,213131.16822171528,27,0.9642857142857143,195.05693676338862,7.224330991236616,13.274974050079477,0,0.0,5.588152520832951,0.19957687574403396,0.20569581941464138,0,0.0
1813,eMBB,490.75,9.25,21,1941,312350174.0012066,160922.29469407862,20,0.9523809523809523,194.34526645312957,9.717263322656478,17.575788791684644,0,0.0,4.2628947615580985,0.20299498864562374,0.21156510289383568,0,0.0
1814,eMBB,487.25,12.75,20,1928,325223446.3052906,168684.36011685195,19,0.95,193.56908098221405,10.18784636748495,17.370667891248935,0,0.0,4.044519318220095,0.20222596591100475,0.206726290537513,0,0.0
1815,mMTC,262.5,237.5,525,525,42394541.0,80751.50666666667,525,1.0,163.29076919357965,0.3110300365591993,0.33172043945972485,0,0.0,106.4894981908145,0.20283713941107523,0.22211331825995467,0,0.0
1816,eMBB,494.25,5.75,22,1954,310522932.77843946,158916.54696951865,21,0.9545454545454546,198.32899444048147,9.444237830499118,16.376840335517937,0,0.0,4.591070301521221,0.20868501370551004,0.21423872547140993,0,0.0
1817,mMTC,303.0,197.0,606,606,48547617.0,80111.57920792079,606,1.0,181.83674453974913,0.30006063455404147,0.3197958322118911,0,0.0,116.39580327235089,0.19207228262764173,0.21273621547953248,0,0.0
1818,mMTC,283.25,216.75,567,566,44227980.0,78141.3074204947,566,0.9982363315696648,172.98031120720407,0.30561892439435345,0.3280494398061965,0,0.0,110.64139844418024,0.1951347415241274,0.22043751766892267,0,0.0
1819,eMBB,489.0,11.0,27,1928,411634745.5609892,213503.4987349529,26,0.9629629629629629,195.29212646814096,7.511235633390037,13.672201229039201,0,0.0,5.395846415863387,0.1998461635504958,0.20347714390171925,0,0.0
1820,eMBB,493.0,7.0,20,1951,315816044.51970613,161873.9336338832,19,0.95,195.8709533169946,10.308997542999714,17.974557803939636,0,0.0,4.061128666186962,0.20305643330934808,0.21209773352738648,0,0.0
1821,eMBB,493.5,6.5,19,1954,330798238.2423669,169292.85478114992,18,0.9473684210526315,185.86768392240003,10.325982440133336,15.672161393996694,0,0.0,3.8165334033258698,0.2008701791224142,0.2056517080989298,0,0.0
1822,mMTC,236.0,264.0,472,471,38858345.0,82501.7940552017,471,0.9978813559322034,146.4698077123314,0.3109762371811707,0.33165983576094865,0,0.0,95.88914931325128,0.20315497735858323,0.2228817028081998,0,0.0
1823,mMTC,278.5,221.5,557,557,45317751.0,81360.41472172351,557,1.0,165.47705530265264,0.2970862752291789,0.32278113448418067,0,0.0,104.65249006835448,0.18788597857873335,0.21516197021687725,0,0.0
1824,mMTC,260.0,240.0,520,520,41631437.0,80060.45576923077,520,1.0,156.16538267864894,0.3003180436127864,0.3195586039487756,0,0.0,100.1455455289545,0.19258758755568173,0.21417681833286703,0,0.0
1825,eMBB,485.5,14.5,21,1920,310877235.2265563,161915.22668049808,20,0.9523809523809523,192.4840686718311,9.624203433591555,17.073283132588898,0,0.0,4.308242987957149,0.20515442799795947,0.20827925304786665,0,0.0
1826,eMBB,487.25,12.75,20,1927,410970987.29315394,213269.84291289773,19,0.95,185.43929119724885,9.759962694592044,13.86694415234893,0,0.0,3.9288756576537094,0.19644378288268546,0.20343541067552284,0,0.0
1827,eMBB,495.5,4.5,20,1961,317512477.09841526,161913.55282938055,19,0.95,188.8177291000314,9.937775215791127,17.87446655667161,0,0.0,4.111184516036454,0.2055592258018227,0.20881062236353198,0,0.0
1828,eMBB,490.25,9.75,22,1938,324959995.3052898,167678.0161534003,21,0.9545454545454546,194.89463507729963,9.28069690844284,16.27070399258931,0,0.0,4.433258994974019,0.20151177249881905,0.20757876152803395,0,0.0
1829,URLLC,203.0,297.0,812,811,112577742.0,138813.49198520347,811,0.9987684729064039,48.31164323449831,0.05957046021516438,0.06097662378370135,0,0.0,3.33384922833582,0.004105725650659877,0.005230081014470573,0,0.0
1830,mMTC,282.0,218.0,564,564,45630069.0,80904.37765957447,564,1.0,167.57866221702207,0.29712528761883344,0.32053185472314427,0,0.0,106.16434430731748,0.18823465302715864,0.21103735810818028,0,0.0
1831,mMTC,294.5,205.5,589,588,46417677.0,78941.62755102041,588,0.99830220713073,176.50662772857814,0.3001813396744526,0.32095537452054124,0,0.0,113.56217916806057,0.19280505801028958,0.21561742118620159,0,0.0
1832,eMBB,489.25,10.75,20,1936,314497967.465862,162447.2972447634,19,0.95,190.93975413303912,10.049460743844165,16.57288470512557,0,0.0,4.037461390494192,0.2018730695247096,0.2093796446071563,0,0.0
1833,mMTC,230.25,269.75,461,460,35719144.0,77650.31304347827,460,0.9978308026030369,141.4477558455828,0.3074951214034409,0.3286462940241808,0,0.0,92.19274138930967,0.19998425464058497,0.22328637323197925,0,0.0
1834,URLLC,154.5,345.5,618,618,87336566.0,141321.30420711974,618,1.0,37.004694199116756,0.05987814595326336,0.061255132555230726,0,0.0,2.679029080962896,0.004334998512884945,0.00562057599856303,0,0.0
1835,eMBB,491.75,8.25,23,1943,326205060.30398643,167887.31873596832,22,0.9565217391304348,189.4642717863104,8.6120123539232,16.6731685848368,0,0.0,4.6371779061793,0.2016164307034478,0.20598568029461606,0,0.0
1836,mMTC,261.0,239.0,522,522,42009267.0,80477.52298850575,522,1.0,162.3831647266961,0.311078859629686,0.3325461580118978,0,0.0,106.18464016932403,0.20341885089908818,0.22368743897402774,0,0.0
1837,URLLC,220.25,279.75,881,880,123356601.0,140177.9556818182,880,0.9988649262202043,52.56965413405249,0.05973824333415056,0.06474840530177176,0,0.0,3.6559452265108403,0.004149767566981657,0.005941803763310219,0,0.0
1838,eMBB,489.0,11.0,19,1936,307100125.96187896,158626.09812080525,18,0.9473684210526315,184.98548300689805,10.276971278161003,18.377655661397377,0,0.0,3.9445693768004775,0.20760891456844618,0.21166218746881443,0,0.0
1839,eMBB,493.25,6.75,17,1955,320312495.31739014,163842.7086022456,16,0.9411764705882353,192.59864614186998,12.037415383866874,17.673274073442894,0,0.0,3.500467858647742,0.20590987403810246,0.21026220604126147,0,0.0
1840,eMBB,491.5,8.5,29,1936,412166049.20949316,212895.68657515143,28,0.9655172413793104,194.12448277196177,6.933017241855778,13.568626683667974,0,0.0,5.795243287382768,0.19983597542699202,0.205426816735996,0,0.0
1841,eMBB,491.0,9.0,18,1945,315117064.5323067,162013.91492663583,17,0.9444444444444444,186.46804051219064,10.968708265422979,16.175640464750007,0,0.0,3.6979296796168386,0.20544053775649104,0.2118868766483357,0,0.0
1842,eMBB,483.5,16.5,18,1916,325496806.00000024,169883.51043841348,18,1.0,194.70278838773172,10.816821577096206,16.272621362212206,0,0.0,3.649489466377735,0.20274941479876307,0.20650641964916627,0,0.0
1843,URLLC,207.5,292.5,830,829,113089866.0,136417.20868516286,829,0.9987951807228915,49.43312585786676,0.059629826125291635,0.06397253838845209,0,0.0,3.4782418374273214,0.004190652816177496,0.0061422281617358335,0,0.0
1844,eMBB,493.0,7.0,19,1952,311425702.8370718,159541.85596161464,18,0.9473684210526315,196.52233530391268,10.917907516884037,17.77477667387311,0,0.0,3.8973799314367823,0.20512525954930433,0.2128959336997397,0,0.0
1845,eMBB,494.75,5.25,18,1959,318926163.01762617,162800.4915863329,17,0.9444444444444444,198.47075296405225,11.674750174356015,18.08078674010207,0,0.0,3.7103816183389053,0.20613231212993918,0.2125420014938479,0,0.0
1846,eMBB,492.0,8.0,20,1947,318483276.51067615,163576.41320527793,19,0.95,196.94168604761813,10.365351897243059,17.17124267644299,0,0.0,4.041487496373096,0.20207437481865478,0.2099344050886074,0,0.0
1847,mMTC,273.5,226.5,547,547,42758859.0,78169.760511883,547,1.0,168.3619442801622,0.3077914886291813,0.3298844932493327,0,0.0,109.78383689683244,0.20070171279128418,0.22225967055855253,0,0.0
1848,eMBB,493.0,7.0,19,1952,317251933.72833264,162526.60539361302,18,0.9473684210526315,183.07609903759348,10.170894390977416,17.279069705183712,0,0.0,3.93749167798916,0.20723640410469263,0.2116114120087611,0,0.0
1849,eMBB,496.25,3.75,19,1965,332755546.773902,169341.24517755827,18,0.9473684210526315,194.30377141280263,10.794653967377924,17.26933384880858,0,0.0,3.7622592197942817,0.19801364314706746,0.20730579411571792,0,0.0
1850,eMBB,489.75,10.25,22,1936,331441029.228058,171198.878733501,21,0.9545454545454546,183.64248493045912,8.744880234783768,16.565439350084134,0,0.0,4.379513477988956,0.19906879445404346,0.2036489292526715,0,0.0
1851,mMTC,309.5,190.5,619,618,47897938.0,77504.75404530745,618,0.9983844911147012,183.9443816718539,0.2976446305369804,0.3219146819026543,0,0.0,117.09073853360603,0.18916112848724723,0.21259116547231421,0,0.0
1852,eMBB,493.5,6.5,18,1955,311922194.89540327,159550.99483140832,17,0.9444444444444444,192.00841272126468,11.294612513015569,17.8751907617514,0,0.0,3.739559762997854,0.20775332016654746,0.21005409907815165,0,0.0
1853,eMBB,486.25,13.75,23,1921,308721233.80415493,160708.60687358404,22,0.9565217391304348,193.52777125884637,8.796716875402108,16.872370573234637,0,0.0,4.7189530645965885,0.20517187237376472,0.21035041068033086,0,0.0
1854,eMBB,490.75,9.25,26,1936,412953446.67332685,213302.40014118122,25,0.9615384615384616,190.09961266745492,7.603984506698197,13.168533305828635,0,0.0,5.184808298955878,0.19941570380599533,0.20728273413852044,0,0.0
1855,eMBB,494.5,5.5,19,1958,317625274.2912417,162219.24121105295,18,0.9473684210526315,198.81188865398033,11.04510492522113,17.97463250829569,0,0.0,3.8719772070837104,0.2037882740570374,0.21215930383692677,0,0.0
1856,eMBB,491.25,8.75,19,1945,330109642.01653033,169722.18098536265,18,0.9473684210526315,186.82334369462194,10.379074649701218,16.170454573746106,0,0.0,3.7754649606960107,0.1987086821418953,0.2068262561041867,0,0.0
1857,mMTC,222.25,277.75,445,444,36170188.0,81464.38738738738,444,0.9977528089887641,138.81319925343843,0.31264234066089736,0.33317534752978734,0,0.0,91.14019772640727,0.20480943309305003,0.22389285910509388,0,0.0
1858,eMBB,494.0,6.0,18,1957,313357448.2457519,160121.33277759425,17,0.9444444444444444,182.39413896216013,10.729066997774126,18.077545608034917,0,0.0,3.738499977313645,0.2076944431840914,0.21284936273242056,0,0.0
1859,eMBB,490.75,9.25,18,1944,310185821.4437778,159560.60773856883,17,0.9444444444444444,195.62365892300772,11.507274054294571,18.078180068088745,0,0.0,3.756322357502341,0.20868457541679672,0.212370430599371,0,0.0
1860,eMBB,489.25,10.75,20,1936,315829233.6099431,163134.9347158797,19,0.95,193.23299351473142,10.170157553406916,17.472108960907907,0,0.0,4.033217128517221,0.20166085642586107,0.20865999282550868,0,0.0
1861,eMBB,492.25,7.75,25,1943,417040174.32927686,214637.24875413117,24,0.96,194.8850123940693,8.120208849752887,13.76711069316587,0,0.0,4.9332769954570646,0.19733107981828257,0.20459426789458718,0,0.0
1862,URLLC,213.5,286.5,854,854,114433870.0,133997.50585480093,854,1.0,51.20603634240014,0.059960229909133654,0.065074346739685,0,0.0,3.781231295092411,0.004427671305728818,0.006332724047377309,0,0.0
1863,eMBB,485.25,14.75,20,1920,323218335.5195224,168342.8830830846,19,0.95,194.59830805154402,10.24201621323916,15.673422656924568,0,0.0,3.9819232161554647,0.19909616080777323,0.2063388945682726,0,0.0
1864,mMTC,290.25,209.75,581,580,46691095.0,80501.88793103448,580,0.9982788296041308,180.53293383248928,0.31126367902153323,0.3324165615920706,0,0.0,118.20352299192935,0.20344840446115206,0.22393192712830184,0,0.0
1865,mMTC,286.0,214.0,572,571,46966823.0,82253.63047285464,571,0.9982517482517482,169.91694757846875,0.297577841643553,0.3237774260450388,0,0.0,108.24912720576198,0.18924672588419927,0.21701947460595672,0,0.0
1866,eMBB,493.5,6.5,18,1955,311127955.839623,159144.73444481994,17,0.9444444444444444,191.05648634668898,11.238616843922882,18.481627367013786,0,0.0,3.6860267838866636,0.2047792657714813,0.21370086773653293,0,0.0
1867,eMBB,488.0,12.0,21,1930,315336482.84308416,163386.77867517315,20,0.9523809523809523,182.73240226634243,9.136620113317122,17.776800125986938,0,0.0,4.261910949045095,0.20294814043071882,0.21276688485710105,0,0.0
1868,eMBB,489.5,10.5,27,1930,409950880.47918856,212409.7826317039,26,0.9629629629629629,195.37700621724156,7.514500239124676,12.666681013416383,0,0.0,5.391937608953571,0.19970139292420633,0.20386782356095817,0,0.0
1869,eMBB,485.5,14.5,19,1922,311110948.09820473,161868.33928106385,18,0.9473684210526315,193.13501233446954,10.72972290747053,18.075344019189686,0,0.0,3.9025071597025773,0.2053951136685567,0.21090122338743988,0,0.0
1870,URLLC,164.5,335.5,658,658,91710763.0,139378.0592705167,658,1.0,39.683716308126655,0.06030959925247212,0.06236980735052114,0,0.0,3.2345852155112382,0.004915783002296715,0.0070941347351365265,0,0.0
1871,eMBB,489.5,10.5,24,1933,329703666.73558086,170565.7872403419,23,0.9583333333333334,191.2071438189542,8.313354079084965,16.569738130338823,0,0.0,4.8083029218824365,0.20034595507843486,0.20522323028515377,0,0.0
1872,mMTC,318.0,182.0,636,636,51406861.0,80828.39779874214,636,1.0,190.83565078240943,0.300056054689323,0.33023132833361546,0,0.0,122.31180163701508,0.19231415351731931,0.22518498214187446,0,0.0
1873,mMTC,232.5,267.5,465,465,37261191.0,80131.5935483871,465,1.0,139.86623939212336,0.30078761159596423,0.32434559938946916,0,0.0,90.05339645801764,0.19366321818928525,0.2175212105679454,0,0.0
1874,eMBB,489.75,10.25,21,1937,314885112.66775894,162563.30029311252,20,0.9523809523809523,194.06865787288564,9.703432893644282,17.369513102229647,0,0.0,4.303172763908045,0.20491298875752598,0.2107174561928286,0,0.0
1875,mMTC,264.0,236.0,528,527,40583854.0,77009.21062618596,527,0.9981060606060606,162.8528006055189,0.30901859697441914,0.33096627979551574,0,0.0,106.65371085108781,0.2019956644906966,0.2240191842015024,0,0.0
1876,eMBB,487.5,12.5,22,1927,310237618.50997704,160995.13155681218,21,0.9545454545454546,193.4262302469432,9.210772868902056,16.481153556498985,0,0.0,4.4841132554493,0.20382332979315,0.21235112050524707,0,0.0
1877,eMBB,490.25,9.75,21,1939,326487418.6513689,168379.27728281016,20,0.9523809523809523,188.30593322947425,9.415296661473713,16.871085571861173,0,0.0,4.224003931025312,0.20114304433453864,0.205002881569583,0,0.0
1878,eMBB,493.5,6.5,24,1949,332351828.03004,170524.28323757826,23,0.9583333333333334,196.11698563772973,8.526825462509988,16.470811366331287,0,0.0,4.8155124244651955,0.20064635101938313,0.2167473445981487,0,0.0
1879,eMBB,493.25,6.75,15,1957,316256325.25814074,161602.61893619865,14,0.9333333333333333,194.6512160397466,13.903658288553329,18.27889390896871,0,0.0,3.0995499917014038,0.20663666611342693,0.21070084104015474,0,0.0
1880,eMBB,489.75,10.25,18,1940,309124990.98200935,159342.77885670585,17,0.9444444444444444,194.42256610109078,11.436621535358281,17.27656648753541,0,0.0,3.7587942775984726,0.20882190431102626,0.22128702844659953,0,0.0
1881,eMBB,494.25,5.75,19,1957,319151521.85058194,163082.0244509872,18,0.9473684210526315,193.17397525791898,10.731887514328832,17.872213823398013,0,0.0,3.8466578902349404,0.2024556784334179,0.2101631709944452,0,0.0
1882,eMBB,485.25,14.75,26,1914,408531978.13605887,213444.08471058458,25,0.9615384615384616,194.64304569803397,7.785721827921359,13.669581811366617,0,0.0,5.12901884446136,0.19726995555620613,0.20401149921716066,0,0.0
1883,eMBB,492.75,7.25,17,1953,319722279.656281,163708.28451422477,16,0.9411764705882353,197.7204426338397,12.357527664614981,17.893744693759803,0,0.0,3.5239664067750436,0.20729214157500256,0.22518898375227778,0,0.0
1884,URLLC,193.0,307.0,772,771,106811446.0,138536.24643320363,771,0.9987046632124352,46.49944845737275,0.060310568686605386,0.06574273113621039,0,0.0,3.8174734198362428,0.0049449137562645636,0.0076992672900565405,0,0.0
1885,eMBB,489.5,10.5,21,1936,331279946.8320958,171115.6750165784,20,0.9523809523809523,188.59113454877854,9.429556727438927,16.865760777430534,0,0.0,4.20503995389769,0.2002399978046519,0.20408143357533767,0,0.0
1886,eMBB,490.5,9.5,18,1943,310865488.12834316,159992.53120347048,17,0.9444444444444444,188.7135240538681,11.100795532580477,18.177521502494955,0,0.0,3.757103103994589,0.2087279502219216,0.21252545591741023,0,0.0
1887,eMBB,495.25,4.75,19,1961,311666330.5141383,158932.34600415008,18,0.9473684210526315,193.00072064837195,10.722262258242885,16.677443863925678,0,0.0,3.9689495530581507,0.20889208173990267,0.22177036177993287,0,0.0
1888,eMBB,488.5,11.5,21,1932,312135745.6130499,161560.94493429086,20,0.9523809523809523,193.1611386991308,9.658056934956539,16.872451777869035,0,0.0,4.295631428363435,0.20455387754111592,0.21078616295781277,0,0.0
1889,URLLC,217.75,282.25,871,871,120694671.0,138570.23076923078,871,1.0,52.19124634524512,0.05992106354218728,0.06427789051271654,0,0.0,3.835673170578421,0.004403757945555018,0.0060230095759359874,0,0.0
1890,URLLC,184.25,315.75,737,736,103291628.0,140341.88586956522,736,0.9986431478968792,44.164345536256704,0.060005904261218344,0.06526225640052143,0,0.0,3.3331756433751973,0.0045226263817845285,0.006610039477444502,0,0.0
1891,eMBB,492.5,7.5,21,1948,328786377.35626954,168781.50788309524,20,0.9523809523809523,187.26717086439206,9.363358543219602,16.3007222988599,0,0.0,4.186848485571944,0.1993737374081878,0.2063457572415604,0,0.0
1892,URLLC,164.25,335.75,657,656,91383007.0,139303.36432926828,656,0.9984779299847792,39.14869547818237,0.059677889448448734,0.06213447393846153,0,0.0,2.8109199170626527,0.004278416920947721,0.005443813288595326,0,0.0
1893,eMBB,492.0,8.0,21,1946,310055242.1207369,159329.51804765515,20,0.9523809523809523,196.87432957384112,9.843716478692055,17.975808064179667,0,0.0,4.313419894333974,0.20540094734923683,0.21474064169598295,0,0.0
1894,eMBB,489.0,11.0,18,1937,308396190.17465293,159213.3144938838,17,0.9444444444444444,184.6333974818865,10.860788087169794,18.17512277780523,0,0.0,3.7687082890241808,0.2093726827235656,0.2222536951132662,0,0.0
1895,mMTC,239.25,260.75,479,478,38864989.0,81307.50836820084,478,0.9979123173277662,146.84476874245627,0.30720662916831853,0.3291698606948224,0,0.0,94.29459737737751,0.1968571970300157,0.22008093549390512,0,0.0
1896,eMBB,489.5,10.5,27,1930,413419941.0583689,214207.22334630514,26,0.9629629629629629,188.77705092101124,7.260655804654278,13.569737818448639,0,0.0,5.393523120333543,0.199760115567909,0.20480233723406244,0,0.0
1897,eMBB,491.5,8.5,23,1942,312016005.8263696,160667.3562442686,22,0.9565217391304348,192.19717161336325,8.736235073334694,17.703475440130426,0,0.0,4.6903858704283214,0.20392982045340527,0.21058925404038553,0,0.0
1898,eMBB,490.75,9.25,16,1946,331405157.04971653,170300.69735340006,15,0.9375,188.45315250310043,12.563543500206695,17.469788790210526,0,0.0,3.223303466297219,0.2014564666435762,0.20483056010816156,0,0.0
1899,eMBB,487.75,12.25,20,1930,331186842.0,171599.4,19,0.95,196.2057037519511,10.326615986944795,15.868971707701157,0,0.0,3.990444703399661,0.19952223516998305,0.2036236984823301,0,0.0
1900,eMBB,493.75,6.25,21,1953,310825631.87620294,159152.90930681155,20,0.9523809523809523,194.3521385824382,9.71760692912191,17.474664881539795,0,0.0,4.29569700789906,0.20455700037614571,0.21022464352581333,0,0.0
1901,URLLC,221.75,278.25,887,887,122551828.0,138164.40586245773,887,1.0,52.84583115227735,0.05957816364405564,0.06083525372502047,0,0.0,3.7547084082773905,0.004233042173931669,0.005348924677365869,0,0.0
1902,eMBB,492.75,7.25,18,1952,320126251.87164116,163999.10444243913,17,0.9444444444444444,194.4015843033766,11.43538731196333,16.97588994958743,0,0.0,3.642756205726458,0.202375344762581,0.21170963742969667,0,0.0
1903,eMBB,487.5,12.5,26,1923,410325338.78267735,213377.71127544323,25,0.9615384615384616,193.804578666128,7.7521831466451205,13.866202664750288,0,0.0,5.191399770315357,0.19966922193520603,0.2036624734898007,0,0.0
1904,eMBB,488.25,11.75,19,1933,311967156.4146458,161390.14817105318,18,0.9473684210526315,195.8465627412169,10.880364596734273,16.580474428494448,0,0.0,3.915824162131685,0.20609600853324658,0.21201161264554758,0,0.0
1905,eMBB,491.75,8.25,20,1946,328787695.03573364,168955.65006975006,19,0.95,184.2945207135345,9.699711616501816,16.27135146356294,0,0.0,3.9843712312011883,0.1992185615600594,0.20577690730201487,0,0.0
1906,eMBB,487.75,12.25,23,1927,328519384.53779435,170482.29607565873,22,0.9565217391304348,184.91580311447274,8.405263777930578,15.367969849974168,0,0.0,4.591036521620023,0.19961028354869664,0.20623775792501522,0,0.0
1907,eMBB,493.5,6.5,17,1956,312844406.98815966,159940.90336817977,16,0.9411764705882353,190.421976541497,11.901373533843563,18.377063196351184,0,0.0,3.5396050343612884,0.20821206084478167,0.21240629366023722,0,0.0
1908,eMBB,491.5,8.5,20,1945,306939886.4079031,157809.71023542574,19,0.95,192.89707927701434,10.152477856684966,18.00364625162083,0,0.0,4.099427951942754,0.20497139759713773,0.2122582160699888,0,0.0
1909,eMBB,491.25,8.75,20,1944,316705554.9729959,162914.38013014192,19,0.95,195.7488530254162,10.302571211864011,17.775728295341175,0,0.0,4.054826732579815,0.20274133662899074,0.21023563330246742,0,0.0
1910,eMBB,493.0,7.0,26,1945,414965237.43798834,213349.73647197345,25,0.9615384615384616,196.28263108406767,7.851305243362707,13.768009297444546,0,0.0,5.170061775382744,0.19884852982241324,0.2038951874851951,0,0.0
1911,eMBB,493.5,6.5,19,1954,317901950.142453,162692.9120483383,18,0.9473684210526315,197.50657197024265,10.972587331680147,18.074234630117452,0,0.0,3.8778442198783227,0.20409706420412224,0.21065490939363019,0,0.0
1912,mMTC,251.5,248.5,503,503,41053571.0,81617.43737574553,503,1.0,152.86880339561608,0.3039141220588789,0.328158030113513,0,0.0,98.40604761953739,0.19563826564520356,0.22100296792883223,0,0.0
1913,eMBB,491.25,8.75,19,1945,333811513.93115556,171625.45703401315,18,0.9473684210526315,184.87809770390115,10.271005427994508,16.568859881728674,0,0.0,3.7314864233020613,0.19639402227905586,0.2048490681451718,0,0.0
1914,mMTC,279.0,221.0,558,557,45510559.0,81706.56912028725,557,0.9982078853046595,166.2767191255394,0.2985219373887601,0.32592009118662196,0,0.0,106.44585942075152,0.190763188926078,0.22038881245185932,0,0.0
1915,mMTC,282.5,217.5,565,565,45719213.0,80918.9610619469,565,1.0,170.34357364185203,0.30149305069354343,0.3256658756198315,0,0.0,109.92456032234186,0.19455674393334843,0.21933419559701317,0,0.0
1916,mMTC,248.75,251.25,497,498,39177400.0,78669.47791164658,497,1.0,152.97346923961754,0.3077937006833351,0.42083436047326234,0,0.0,98.29588362375759,0.19777843787476376,0.21787631992735984,0,0.0
1917,eMBB,484.75,15.25,28,1910,406341671.26549643,212744.3305054955,27,0.9642857142857143,189.44321078670853,7.016415214322539,12.168619223011095,0,0.0,5.599265854962849,0.19997378053438747,0.20443076425777754,0,0.0
1918,mMTC,284.75,215.25,570,569,45787052.0,80469.33567662566,569,0.9982456140350877,169.94792156299968,0.29867824527767955,0.31904191001470017,0,0.0,108.85239411125579,0.19096911247588735,0.21321401213751962,0,0.0
1919,eMBB,489.75,10.25,22,1936,325590416.32162803,168176.86793472522,21,0.9545454545454546,193.39056239531982,9.209074399777133,17.170906625900496,0,0.0,4.446722565928631,0.20212375299675597,0.20573254899311133,0,0.0
1920,eMBB,492.0,8.0,17,1950,337494047.29458255,173073.8704074782,16,0.9411764705882353,193.72807119507516,12.108004449692197,16.870018471430146,0,0.0,3.323423751892118,0.1954955148171834,0.20292183454237406,0,0.0
1921,eMBB,493.25,6.75,18,1955,314081447.0,160655.4716112532,18,1.0,198.67806179182466,11.037670099545814,17.97640479724549,0,0.0,3.7477399796198587,0.2082077766455477,0.21448008499089047,0,0.0
1922,eMBB,493.5,6.5,19,1954,308758136.2033969,158013.37574380598,18,0.9473684210526315,188.99004401967176,10.499446889981764,15.576806630104317,0,0.0,3.9613104233415286,0.20849002228113309,0.21388932583990977,0,0.0
1923,eMBB,490.25,9.75,21,1939,313694158.4691184,161781.41231001465,20,0.9523809523809523,187.40779814030049,9.370389907015024,16.97708314378076,0,0.0,4.247905380440132,0.20228120859238724,0.2091227447077109,0,0.0
1924,eMBB,493.75,6.25,23,1951,419714247.153915,215127.75353865454,22,0.9565217391304348,197.21540026820426,8.964336375827466,13.570913340911618,0,0.0,4.613206309638539,0.20057418737558863,0.21219000428752594,0,0.0
1925,eMBB,496.25,3.75,16,1968,321034422.7952278,163127.2473552987,15,0.9375,192.05421392710892,12.803614261807262,17.803893602998166,0,0.0,3.2350356388139696,0.2021897274258731,0.2105957417230691,0,0.0
1926,eMBB,487.75,12.25,23,1928,324193512.00000095,168150.16182572662,22,0.9565217391304348,196.51487103670638,8.932494138032109,16.871421648663016,0,0.0,4.395975466559575,0.19112936811128586,0.20640649224461227,0,0.0
1927,eMBB,491.0,9.0,19,1944,333001912.66191286,171297.2801758811,18,0.9473684210526315,197.3176088637535,10.962089381319638,15.071886874356384,0,0.0,3.7766460007681464,0.1987708421456919,0.2033490283221381,0,0.0
1928,eMBB,493.25,6.75,18,1954,312183172.50607026,159766.20906144843,17,0.9444444444444444,193.02966387016664,11.354686110009803,17.3754601609257,0,0.0,3.679069893187539,0.20439277184375218,0.21197125357336016,0,0.0
1929,eMBB,493.0,7.0,21,1950,308836823.84339523,158377.85838122832,20,0.9523809523809523,189.87000796203125,9.493500398101563,17.775644208912222,0,0.0,4.307489780970617,0.20511856099860082,0.21087771447892384,0,0.0
1930,eMBB,494.25,5.75,19,1957,318699124.3573374,162850.85557349893,18,0.9473684210526315,187.67413921585572,10.42634106754754,17.371322772749085,0,0.0,3.850052153195527,0.20263432385239616,0.2111077137594072,0,0.0
1931,eMBB,485.5,14.5,30,1911,407111585.0225316,213035.88959839437,29,0.9666666666666667,194.89033826143557,6.72035649177364,13.66638791905646,0,0.0,6.016045472956723,0.20053484909855743,0.21267333762085927,0,0.0
1932,mMTC,271.0,229.0,542,542,43482207.0,80225.47416974169,542,1.0,161.8997337213702,0.29870799579588597,0.31843319285582616,0,0.0,103.82394640685142,0.19155709669160778,0.2125916645933779,0,0.0
1933,mMTC,255.5,244.5,511,511,40475582.0,79208.57534246576,511,1.0,155.36597741740187,0.304043008644622,0.32962496330383584,0,0.0,100.2602348089464,0.19620398201359374,0.2195482688751935,0,0.0
1934,eMBB,484.25,15.75,26,1910,323179453.10393834,169203.90214865882,25,0.9615384615384616,194.9148637286238,7.796594549144952,13.970491177969018,0,0.0,5.1902109710995825,0.1996234988884455,0.20549972831660968,0,0.0
1935,eMBB,492.0,8.0,21,1946,308881206.789669,158726.21109438283,20,0.9523809523809523,186.75733094133406,9.337866547066703,17.174357878892568,0,0.0,4.305837033967592,0.20503985876036152,0.2130242643115074,0,0.0
1936,URLLC,154.25,345.75,617,617,85160237.0,138023.074554295,617,1.0,36.80837992752719,0.059657017710740994,0.0608223979872923,0,0.0,2.675602960142516,0.0043364715723541595,0.005441289984005333,0,0.0
1937,eMBB,491.25,8.75,20,1944,316590979.8712757,162855.44232061508,19,0.95,189.07685810099218,9.951413584262747,16.873231631990244,0,0.0,4.091555143664838,0.2045777571832419,0.20637953749198615,0,0.0
1938,eMBB,492.0,8.0,27,1941,413632967.9999997,213103.02318392566,27,1.0,198.65664465905695,7.357653505890998,13.77224833117359,0,0.0,5.413542514124761,0.20050157459721338,0.20511691435687102,0,0.0
1939,mMTC,292.0,208.0,584,584,46052729.0,78857.41267123287,584,1.0,174.54707060562268,0.2988819702151073,0.3184195002642267,0,0.0,112.04651981389847,0.1918604791333878,0.21257194198037452,0,0.0
1940,eMBB,492.0,8.0,19,1948,329008125.3667708,168895.34156405073,18,0.9473684210526315,192.4099673143584,10.689442628575467,17.36997770783384,0,0.0,3.776394002069506,0.1987575790562898,0.20560233656418808,0,0.0
1941,mMTC,284.25,215.75,569,568,46346745.0,81596.38204225352,568,0.9982425307557118,177.7240846327382,0.3128945151984827,0.33435444893290683,0,0.0,116.92001468690944,0.2054833298539709,0.225508465345073,0,0.0
1942,mMTC,260.5,239.5,521,521,41778925.0,80189.87523992322,521,1.0,155.77877482940957,0.2989995678107669,0.3272397366015515,0,0.0,99.7505454800503,0.19145978019203513,0.2221322073189175,0,0.0
1943,URLLC,185.75,314.25,743,743,104298864.0,140375.32166890983,743,1.0,44.331893212877176,0.05966607431073644,0.06344502845579696,0,0.0,3.2538359825694836,0.00437932164545018,0.006546290698733422,0,0.0
1944,eMBB,489.0,11.0,19,1937,315877951.00000125,163075.86525555045,19,1.0,196.99955505733266,10.368397634596455,17.07283577781485,0,0.0,3.9074957518436744,0.20565767114966707,0.21183634769291387,0,0.0
1945,URLLC,166.25,333.75,665,665,92381768.0,138919.95187969925,665,1.0,39.923656493607886,0.06003557367459832,0.06446470775021151,0,0.0,3.0219374386079063,0.004544266824974295,0.006344869431674247,0,0.0
1946,eMBB,490.75,9.25,18,1944,315303732.36615545,162193.27796612933,17,0.9444444444444444,182.4266768956275,10.730980993860442,17.678082785468945,0,0.0,3.667701546095256,0.203761197005292,0.21180415626760624,0,0.0
1947,eMBB,490.0,10.0,17,1942,329722995.20214826,169785.27044394863,16,0.9411764705882353,189.27967456675202,11.829979660422001,17.073338719297208,0,0.0,3.381531697226313,0.19891362924860664,0.20675981087866818,0,0.0
1948,eMBB,492.75,7.25,18,1952,337103158.3222064,172696.29012408113,17,0.9444444444444444,190.9632427747679,11.233131927927523,16.86671928100307,0,0.0,3.595652343632216,0.1997584635351231,0.20470666171909638,0,0.0
1949,URLLC,199.0,301.0,796,795,110541851.0,139046.3534591195,795,0.9987437185929648,47.61173615863171,0.05988897630016567,0.061804462076923077,0,0.0,3.446173369408946,0.004329363529408224,0.006204109374465469,0,0.0
1950,eMBB,490.25,9.75,21,1939,307143912.38071436,158403.25548257574,20,0.9523809523809523,180.27409180577962,9.013704590288981,18.37587983379729,0,0.0,4.308862867887173,0.2051839460898654,0.21554111377596955,0,0.0
1951,eMBB,492.75,7.25,17,1953,319464449.1192764,163576.26683014666,16,0.9411764705882353,194.7958045646371,12.17473778528982,17.471893218454106,0,0.0,3.51064428497361,0.20650848735138883,0.21324663022635165,0,0.0
1952,mMTC,232.25,267.75,465,464,37309676.0,80408.78448275862,464,0.9978494623655914,143.6861185631605,0.3096683589723287,0.3278739484040435,0,0.0,94.1928303143347,0.2025652264824402,0.22204255274752616,0,0.0
1953,eMBB,494.25,5.75,19,1957,317527683.30500144,162252.26535769107,18,0.9473684210526315,198.3375512415274,11.018752846751521,17.974366673229742,0,0.0,3.908473175468988,0.2057091144983678,0.2118603209311476,0,0.0
1954,mMTC,268.0,232.0,536,535,44523326.0,83221.17009345794,535,0.9981343283582089,163.10679278627367,0.3048725098808854,0.32983943067477955,0,0.0,105.7666893409927,0.19732591294961324,0.22058212958650852,0,0.0
1955,eMBB,483.75,16.25,22,1912,326669999.0190714,170852.50994721308,21,0.9545454545454546,189.04670483349466,9.002224039690223,17.067709288273445,0,0.0,4.399856108710055,0.19999345948682068,0.20533351390398838,0,0.0
1956,mMTC,286.5,213.5,573,573,45282312.0,79026.722513089,573,1.0,171.52667072626974,0.29934846549087213,0.3223440525897774,0,0.0,110.15840434431566,0.19224852416110935,0.21568613733329817,0,0.0
1957,mMTC,235.25,264.75,471,470,38367369.0,81632.7,470,0.9978768577494692,142.02994811883033,0.30219137897623477,0.3259096033264528,0,0.0,91.81198458886439,0.19492990358569934,0.22105933572877884,0,0.0
1958,eMBB,494.5,5.5,19,1958,319455841.6677592,163154.15815513747,18,0.9473684210526315,195.80479663512756,10.878044257507087,17.47310878029005,0,0.0,3.889138774427182,0.2046915144435359,0.2109904287139665,0,0.0
1959,mMTC,306.5,193.5,613,613,48239637.0,78694.35073409462,613,1.0,189.4499638001976,0.30905377455170896,0.3320268785724585,0,0.0,123.77204055513248,0.20191197480445755,0.22628066605044908,0,0.0
1960,mMTC,306.0,194.0,612,611,48773417.0,79825.55973813421,611,0.9983660130718954,182.80522901575924,0.2991902275217009,0.31538806808530734,0,0.0,117.72625996141929,0.19236316987160015,0.21170445673165517,0,0.0
1961,eMBB,489.75,10.25,21,1937,326385221.88408005,168500.37268150752,20,0.9523809523809523,193.75097149594612,9.687548574797306,17.268543521032072,0,0.0,4.17904504924434,0.1990021452021114,0.20691447323215473,0,0.0
1962,eMBB,494.0,6.0,20,1955,336537115.393104,172141.7470041453,19,0.95,192.2439803307016,10.118104227931662,16.769593130643425,0,0.0,3.9408597736013915,0.1970429886800696,0.2030506105193493,0,0.0
1963,mMTC,293.75,206.25,588,587,46919307.0,79930.67632027257,587,0.9982993197278912,175.68451433161508,0.2992921879584584,0.3194669603483724,0,0.0,112.87285053227298,0.19196063015692683,0.21312811445094806,0,0.0
1964,eMBB,491.75,8.25,22,1944,306522132.8954036,157675.99428775907,21,0.9545454545454546,191.54008702173834,9.120956524844683,18.00488107042369,0,0.0,4.5076966386090636,0.20489530175495743,0.21259763135697257,0,0.0
1965,eMBB,497.75,2.25,19,1971,322060461.1932285,163399.523690121,18,0.9473684210526315,200.0640633865355,11.114670188140861,17.87242083080991,0,0.0,3.847143567322446,0.2024812403853919,0.20873638907615905,0,0.0
1966,eMBB,493.0,7.0,23,1948,419090452.1099108,215138.83578537515,22,0.9565217391304348,193.2875029509155,8.785795588677978,13.868719704931772,0,0.0,4.5929680670064865,0.1996942637828907,0.2026984204207421,0,0.0
1967,eMBB,490.5,9.5,19,1942,314656932.7785697,162027.2568375745,18,0.9473684210526315,197.02528681259673,10.945849267366485,16.873047970953,0,0.0,3.900996933225479,0.20531562806449888,0.21159353941284903,0,0.0
1968,eMBB,488.0,12.0,20,1931,325625169.6517861,168630.33125416163,19,0.95,188.8293018246781,9.938384306562005,16.272947081929143,0,0.0,4.028058740592181,0.20140293702960904,0.20568771433940958,0,0.0
1969,eMBB,487.0,13.0,20,1927,330520576.28988343,171520.7972443609,19,0.95,186.02808494705653,9.790951839318765,16.171220409418872,0,0.0,4.01724622862589,0.2008623114312945,0.2056627435033727,0,0.0
1970,eMBB,485.0,15.0,18,1921,305661590.99114025,159115.8724576472,17,0.9444444444444444,188.69802541376893,11.09988384786876,17.279125210595623,0,0.0,3.7502205762115266,0.20834558756730703,0.21100587736855814,0,0.0
1971,mMTC,300.0,200.0,600,600,47254701.0,78757.835,600,1.0,181.21302200136444,0.3020217033356074,0.32145477982411236,0,0.0,117.41617347642037,0.19569362246070063,0.2130040790769231,0,0.0
1972,eMBB,491.0,9.0,17,1946,319820268.58521104,164347.51725858738,16,0.9411764705882353,189.14885938575668,11.821803711609792,17.973193385056202,0,0.0,3.4717446784635246,0.20422027520373676,0.21094299898712693,0,0.0
1973,eMBB,483.0,17.0,29,1902,404598587.67745644,212722.70645502442,28,0.9655172413793104,184.23086784062693,6.579673851450962,12.069794054109142,0,0.0,5.828611701157988,0.2009866103847582,0.21324107524904817,0,0.0
1974,mMTC,255.25,244.75,511,510,39225868.0,76913.46666666666,510,0.9980430528375733,152.65200786477348,0.299317662479948,0.3207461188733549,0,0.0,98.3458096155643,0.19245755306372664,0.21514166830340448,0,0.0
1975,eMBB,491.75,8.25,23,1943,325032639.69113547,167283.91131813457,22,0.9565217391304348,197.29044986209874,8.967747721004487,16.77217857775748,0,0.0,4.681685187334807,0.20355152988412203,0.21613333113323346,0,0.0
1976,mMTC,305.5,194.5,611,610,48477045.0,79470.5655737705,610,0.9983633387888707,191.33107570095117,0.3136575011491003,0.33522942808787765,0,0.0,126.54624988344135,0.20711333859810369,0.2269058764544825,0,0.0
1977,eMBB,488.75,11.25,22,1932,306110883.3100696,158442.48618533625,21,0.9545454545454546,189.89951214245414,9.042833911545435,17.976133027059227,0,0.0,4.583479170152389,0.20833996227965404,0.21381710601214898,0,0.0
1978,eMBB,494.0,6.0,20,1955,309952846.76848364,158543.655636053,19,0.95,188.0264546684569,9.896129193076678,18.27639115505639,0,0.0,4.137793894336632,0.20688969471683158,0.21172439781495983,0,0.0
1979,mMTC,293.75,206.25,588,587,46981075.0,80035.90289608177,587,0.9982993197278912,180.88962150248955,0.3081594914863536,0.3315610092380425,0,0.0,116.6872228595598,0.19844765792442143,0.22374142670644281,0,0.0
1980,mMTC,230.5,269.5,461,461,35542824.0,77099.40130151843,461,1.0,142.95170050682546,0.3100904566308578,0.3270127428796319,0,0.0,93.89813892733525,0.20368359854085738,0.22194650398580007,0,0.0
1981,eMBB,489.0,11.0,20,1935,312472763.3360297,161484.63221500244,19,0.95,190.53573185015318,10.028196413165958,17.279422876507187,0,0.0,4.1427170339268,0.20713585169634002,0.21131392969814702,0,0.0
1982,mMTC,267.5,232.5,535,535,42186042.0,78852.41495327103,535,1.0,162.900981071186,0.304487815086329,0.331067133402904,0,0.0,105.60811829120367,0.19739835194617508,0.22006795226709275,0,0.0
1983,eMBB,493.75,6.25,25,1949,329664516.5586203,169145.46770580826,24,0.96,190.85152638563886,7.952146932734952,16.97040026671638,0,0.0,5.003159967319782,0.20012639869279128,0.20590910142931027,0,0.0
1984,mMTC,275.75,224.25,552,551,44532700.0,80821.59709618875,551,0.9981884057971014,165.01378186132598,0.2994805478426969,0.3183807574416539,0,0.0,106.26676769074466,0.19251226030932003,0.2139474555969592,0,0.0
1985,eMBB,491.0,9.0,21,1942,305453692.04790443,157288.2039381588,20,0.9523809523809523,185.39341696420874,9.269670848210437,16.877654207725893,0,0.0,4.334181373192299,0.2063895891996333,0.2101023502322254,0,0.0
1986,mMTC,276.75,223.25,554,553,44694443.0,80821.77757685352,553,0.9981949458483754,170.56249673993506,0.30843127801073245,0.3325514303163298,0,0.0,110.1987164335853,0.19891465060213953,0.2233327064256655,0,0.0
1987,eMBB,492.0,8.0,33,1934,408033291.2703067,210978.95101877284,32,0.9696969696969697,195.87644038020915,6.121138761881536,13.566524381269415,0,0.0,6.602932626819978,0.20008886747939328,0.20414041395750882,0,0.0
1988,eMBB,490.25,9.75,20,1940,316593234.2916271,163192.38881011706,19,0.95,196.12622412073472,10.322432848459721,17.974345159927143,0,0.0,4.137606956501312,0.2068803478250656,0.20956447173303366,0,0.0
1989,URLLC,210.25,289.75,841,841,118605844.0,141029.54102259217,841,1.0,50.82973055522016,0.06043963205139139,0.06206394122996596,0,0.0,4.306510667220155,0.0051207023391440605,0.006551118284997841,0,0.0
1990,eMBB,491.5,8.5,20,1945,333759217.977008,171598.56965398867,19,0.95,194.86054170650354,10.255817984552818,16.76747102434876,0,0.0,3.9580045563341955,0.19790022781670977,0.20580889486164095,0,0.0
1991,eMBB,490.25,9.75,21,1939,308037569.0977959,158864.14084466008,20,0.9523809523809523,191.63437815709923,9.581718907854961,17.77348646429308,0,0.0,4.384911799973001,0.20880532380823816,0.22261146348364055,0,0.0
1992,eMBB,491.0,9.0,20,1943,307720641.2071671,158373.9790052327,19,0.95,190.0880181801238,10.00463253579599,17.975583168587978,0,0.0,4.0959193891630035,0.20479596945815018,0.2131509414861738,0,0.0
1993,eMBB,490.5,9.5,16,1945,320064423.0872351,164557.54400371984,15,0.9375,194.512822949712,12.967521529980798,17.987839179953454,0,0.0,3.30134360222241,0.20633397513890062,0.22037448165927684,0,0.0
1994,URLLC,212.75,287.25,851,850,118221050.0,139083.58823529413,850,0.9988249118683902,51.07163763253107,0.06008427956768361,0.06426884349843234,0,0.0,3.9326761948569553,0.004621241122041076,0.0061689326650990065,0,0.0
1995,mMTC,238.0,262.0,476,476,38542388.0,80971.40336134454,476,1.0,143.00757023057517,0.30043607191297306,0.3180639239867941,0,0.0,92.46472265857453,0.19425361903061877,0.2118963878998732,0,0.0
1996,eMBB,489.5,10.5,21,1936,325394227.2212591,168075.53058949334,20,0.9523809523809523,189.82660485581238,9.49133024279062,17.272212310075478,0,0.0,4.258667977964918,0.20279371323642467,0.2075135159464728,0,0.0
1997,eMBB,487.75,12.25,20,1930,331291699.4820194,171653.73030156447,19,0.95,193.01815860396644,10.158850452840339,16.870662944518248,0,0.0,4.012759956017001,0.20063799780085004,0.2058100770444819,0,0.0
1998,mMTC,239.0,261.0,478,477,37245930.0,78083.7106918239,477,0.997907949790795,143.0090011099676,0.2998092266456344,0.3192215322580043,0,0.0,92.40739584783454,0.19332091181555341,0.21519199213562368,0,0.0
1999,eMBB,491.0,9.0,23,1940,304617011.6936989,157019.07819262828,22,0.9565217391304348,190.8843603754748,8.676561835248854,17.778380796535032,0,0.0,4.788772498866951,0.208207499950737,0.21099223202031542,0,0.0
2000,eMBB,488.25,11.75,21,1931,313348714.85042775,162272.76791839863,20,0.9523809523809523,189.15561814980063,9.457780907490031,17.550949185363237,0,0.0,4.308168599124958,0.20515088567261705,0.20993228559194663,0,0.0
2001,eMBB,492.25,7.75,27,1941,414277696.5734734,213435.1862820574,26,0.9629629629629629,195.10933031921272,7.504205012277412,13.37255576760181,0,0.0,5.347749760270544,0.19806480593594605,0.2048356585284682,0,0.0
2002,eMBB,493.5,6.5,22,1951,315268769.9708689,161593.4238702557,21,0.9545454545454546,186.72363266151388,8.891601555310185,17.079614710019833,0,0.0,4.49580760022125,0.2043548909191477,0.21250935391844647,0,0.0
2003,eMBB,492.75,7.25,22,1948,328420680.3082197,168593.7783923099,21,0.9545454545454546,194.83881442362647,9.27803878207745,16.973573136729343,0,0.0,4.399531202417436,0.19997869101897436,0.20592268102417302,0,0.0
2004,eMBB,490.0,10.0,25,1934,328815396.18842596,170018.30206226782,24,0.96,183.48191847307615,7.645079936378173,16.969183100269497,0,0.0,4.943642395263558,0.19774569581054233,0.20635316383871677,0,0.0
2005,URLLC,146.75,353.25,587,587,82233827.0,140091.69846678025,587,1.0,35.195122458480995,0.059957619179695054,0.06125985271254872,0,0.0,2.604780558173322,0.004437445584622355,0.00569482601731028,0,0.0
2006,eMBB,494.0,6.0,16,1959,312818803.5919896,159682.90127207228,15,0.9375,193.87895275336933,12.925263516891288,17.676379838206902,0,0.0,3.2643684186318684,0.20402302616449178,0.21328709323969097,0,0.0
2007,eMBB,490.75,9.25,20,1942,316368779.10816604,162908.74310410197,19,0.95,188.94087775207385,9.94425672379336,17.572547239227827,0,0.0,4.060452860976616,0.2030226430488308,0.2124095217420134,0,0.0
2008,URLLC,163.0,337.0,652,651,88957665.0,136647.71889400922,651,0.9984662576687117,39.147929118638,0.06013506777056528,0.06168182785074319,0,0.0,3.0647167160700204,0.004700485760843589,0.006127807850743187,0,0.0
2009,mMTC,274.75,225.25,550,549,43341893.0,78946.98178506375,549,0.9981818181818182,164.80213916615386,0.3001860458399888,0.3201873233542421,0,0.0,106.53216823806693,0.19369485134193987,0.2111648619207374,0,0.0
2010,eMBB,486.5,13.5,22,1923,322825178.2021492,167875.80769742548,21,0.9545454545454546,188.28719005597617,8.966056669332199,16.77022833642545,0,0.0,4.4517347009942405,0.20235157731792003,0.20863450208736561,0,0.0
2011,mMTC,290.0,210.0,580,580,44366006.0,76493.11379310345,580,1.0,181.92876528712492,0.3136702849778016,0.3342304732626932,0,0.0,119.96525758330873,0.2068366510057047,0.22721551610143856,0,0.0
2012,mMTC,254.5,245.5,509,509,39512571.0,77627.84086444008,509,1.0,152.8818657598722,0.3003573001176271,0.320869220292585,0,0.0,98.64527511789278,0.19380211221589938,0.215029523064558,0,0.0
2013,eMBB,494.75,5.25,20,1958,310052718.4172552,158351.74587193833,19,0.95,190.09524578434923,10.00501293601838,17.674509665119455,0,0.0,4.105787192582235,0.20528935962911174,0.21168985421870207,0,0.0
2014,eMBB,484.75,15.25,19,1919,312736226.72316766,162968.33075725255,18,0.9473684210526315,183.66369027704218,10.203538348724566,17.87120856275287,0,0.0,3.854039206314999,0.202844168753421,0.2094084767778615,0,0.0
2015,eMBB,487.0,13.0,23,1923,409443716.4738641,212919.24933638278,22,0.9565217391304348,186.4507162754775,8.47503255797625,13.57144742440747,0,0.0,4.558675335874481,0.19820327547280353,0.20829163917821403,0,0.0
2016,eMBB,494.75,5.25,19,1959,318611510.0923664,162639.8724310191,18,0.9473684210526315,193.86026884360228,10.770014935755682,18.171211133660766,0,0.0,3.843067860184499,0.2022667294833947,0.20745150481907287,0,0.0
2017,eMBB,497.5,2.5,19,1970,333420975.6006228,169249.22619320953,18,0.9473684210526315,185.600468014925,10.311137111940278,17.269498158238743,0,0.0,3.774825125099926,0.19867500658420661,0.20528892312548674,0,0.0
2018,eMBB,492.75,7.25,23,1947,332466590.4391002,170758.39262408845,22,0.9565217391304348,190.70710282971896,8.668504674078134,16.966900914563535,0,0.0,4.603498768866644,0.20015212038550628,0.2059467554280731,0,0.0
2019,eMBB,493.5,6.5,18,1955,311380853.273208,159274.09374588646,17,0.9444444444444444,182.7291586395701,10.748774037621772,17.076704858797484,0,0.0,3.6844407441530422,0.20469115245294678,0.21079624819600362,0,0.0
2020,eMBB,494.25,5.75,19,1957,311273712.20716685,159056.57241040719,18,0.9473684210526315,191.3599333228968,10.631107406827601,17.475716192131433,0,0.0,3.941163743947269,0.2074296707340668,0.2140209448984017,0,0.0
2021,mMTC,310.25,189.75,621,620,50011637.0,80663.9306451613,620,0.998389694041868,191.64271978109608,0.30910116093725176,0.3297591294495528,0,0.0,124.05924893312215,0.19977334771839314,0.21932615127896174,0,0.0
2022,eMBB,495.0,5.0,25,1954,416753292.1728476,213282.1351959302,24,0.96,190.7305231220605,7.947105130085855,13.769761297130298,0,0.0,5.009156673484746,0.20036626693938986,0.20340579754809765,0,0.0
2023,eMBB,493.75,6.25,23,1951,313738533.32737535,160809.08935283206,22,0.9565217391304348,192.3419875636837,8.742817616531077,17.276743751654664,0,0.0,4.749796650400041,0.20651289784348006,0.21026885076814159,0,0.0
2024,eMBB,489.0,11.0,24,1931,323005873.5142046,167273.885817817,23,0.9583333333333334,185.83240133126728,8.079669623098578,15.9739230433234,0,0.0,4.865443411565894,0.2027268088152456,0.20805960874797816,0,0.0
2025,eMBB,490.5,9.5,20,1941,332254455.2898832,171176.94759911552,19,0.95,187.3737463608259,9.861776124253995,16.56797806357759,0,0.0,3.9747131996401244,0.1987356599820062,0.20287324833206505,0,0.0
2026,eMBB,489.75,10.25,22,1936,306293368.48149025,158209.38454622432,21,0.9545454545454546,195.32574521221588,9.30122596248647,18.177512427573063,0,0.0,4.61173387677365,0.20962426712607501,0.22315166448560958,0,0.0
2027,eMBB,492.25,7.75,19,1949,311102623.5060198,159621.6641898511,18,0.9473684210526315,197.03477554323294,10.946376419068496,18.074314699735563,0,0.0,3.919234235955356,0.20627548610291346,0.21301732450103805,0,0.0
2028,mMTC,313.25,186.75,627,626,49625115.0,79273.34664536742,626,0.9984051036682615,193.64114669601824,0.30933090526520485,0.3333131782632646,0,0.0,125.5951335375203,0.20031121776319027,0.22224413742317617,0,0.0
2029,eMBB,483.5,16.5,27,1906,407066188.1769738,213570.92768991282,26,0.9629629629629629,189.34998184337252,7.282691609360482,13.267105577961008,0,0.0,5.39091819427968,0.19966363682517335,0.20512606886321733,0,0.0
2030,eMBB,493.0,7.0,20,1951,315517038.3661554,161720.67573867523,19,0.95,183.4589108546324,9.65573215024381,17.975378650183636,0,0.0,4.072850624520994,0.2036425312260497,0.21162972983050432,0,0.0
2031,eMBB,487.0,13.0,23,1924,323675635.3607881,168230.57970934932,22,0.9565217391304348,194.8639928002943,8.857454218195196,16.271555439011298,0,0.0,4.6621890511038355,0.2027038717871233,0.20820848411019602,0,0.0
2032,eMBB,490.75,9.25,20,1942,332843535.8480572,171392.1399835516,19,0.95,187.61135408843353,9.87428179412808,16.571818127527475,0,0.0,4.01227225218095,0.2006136126090475,0.2046788003505613,0,0.0
2033,eMBB,494.75,5.25,18,1961,314056279.9999998,160151.08618052004,17,0.9444444444444444,199.0317500974235,11.707750005730794,17.175036276200885,0,0.0,3.4793628906776344,0.1932979383709797,0.213393795568164,0,0.0
2034,eMBB,495.0,5.0,19,1960,313902240.28733546,160154.20422823238,18,0.9473684210526315,195.2214966096231,10.845638700534616,18.379618342163074,0,0.0,3.90742665466194,0.20565403445589156,0.214115843638751,0,0.0
2035,eMBB,493.5,6.5,21,1952,316384560.46911824,162082.25433868764,20,0.9523809523809523,188.76723416868222,9.438361708434112,17.172014116969635,0,0.0,4.323610131898113,0.20588619675705302,0.21144808028065215,0,0.0
2036,mMTC,235.5,264.5,471,471,36031804.0,76500.64543524417,471,1.0,146.27483800518053,0.3105622887583451,0.3303721558719174,0,0.0,96.2934383032176,0.20444466731044075,0.22322098852479486,0,0.0
2037,eMBB,490.5,9.5,21,1940,311837653.0923666,160741.0582950343,20,0.9523809523809523,192.3963179243692,9.61981589621846,16.978510410096977,0,0.0,4.343437890961084,0.20683037576005164,0.21271603935460442,0,0.0
2038,eMBB,488.75,11.25,18,1936,327890154.73317796,169364.74934564976,17,0.9444444444444444,185.401190900967,10.905952405939235,17.170999545372794,0,0.0,3.6475103206214397,0.20263946225674664,0.20585019923558112,0,0.0
2039,URLLC,221.25,278.75,885,884,126125635.0,142676.0576923077,884,0.9988700564971752,52.94039194167218,0.05988732120098663,0.06432649308107828,0,0.0,4.000418243800925,0.004520246603164887,0.006680467033305254,0,0.0
2040,eMBB,492.0,8.0,17,1950,311982927.29530746,159991.24476682433,16,0.9411764705882353,184.4638280792064,11.5289892549504,17.878965324303206,0,0.0,3.4876278587403746,0.20515457992590438,0.2119596345549565,0,0.0
2041,eMBB,493.5,6.5,19,1954,310176278.27238685,158739.13934103728,18,0.9473684210526315,186.05573894200714,10.336429941222619,18.08046951223953,0,0.0,3.9437359539924217,0.20756505021012747,0.2147149274909569,0,0.0
2042,eMBB,489.5,10.5,24,1933,312794398.87164205,161818.10598636421,23,0.9583333333333334,193.50868273298215,8.413420988390529,17.973431987945773,0,0.0,4.863917735085898,0.2026632389619124,0.20825490063794527,0,0.0
2043,eMBB,491.25,8.75,29,1935,412220938.0225305,213034.0764974318,28,0.9655172413793104,197.03627587752268,7.0370098527686675,13.767765773418247,0,0.0,5.746913641312041,0.19816943590731176,0.20555468414192019,0,0.0
2044,mMTC,257.5,242.5,515,514,40798181.0,79373.89299610895,514,0.9980582524271845,154.7553225788726,0.30108039412232024,0.3185959057761238,0,0.0,100.55097518535925,0.1952446120104063,0.21303148482754108,0,0.0
2045,mMTC,278.75,221.25,558,557,44396439.0,79706.35368043088,557,0.9982078853046595,170.26017425077885,0.30567356238919,0.3329429783413216,0,0.0,110.57391845874328,0.1981611441912962,0.22408693962845994,0,0.0
2046,mMTC,243.25,256.75,487,486,39970370.0,82243.55967078189,486,0.997946611909651,153.15061469148714,0.3151247215874221,0.33586680861295537,0,0.0,101.56083150120197,0.2085438018505174,0.22910261204843022,0,0.0
2047,mMTC,296.25,203.75,593,592,47126992.0,79606.4054054054,592,0.9983136593591906,177.96980202997244,0.3006246655911697,0.3189747111062943,0,0.0,115.1704445378619,0.1942166012442865,0.21301164187045019,0,0.0
2048,URLLC,191.25,308.75,765,764,108362437.0,141835.6505235602,764,0.9986928104575163,45.708823665548884,0.05982830322715822,0.0636586986210631,0,0.0,3.4965068733504587,0.004570597220065959,0.00697215424378465,0,0.0
2049,mMTC,288.75,211.25,577,577,45115302.0,78189.43154246101,577,1.0,180.84612595350052,0.3134248283422886,2.4244823829592708,0,0.0,118.26271943801686,0.2049613855078282,2.317564705531055,0,0.0
2050,mMTC,242.75,257.25,486,485,40564288.0,83637.70721649485,485,0.9979423868312757,150.93814753654283,0.311212675333078,0.328115458066675,0,0.0,99.53799856404439,0.2048106966338362,0.22402197678936303,0,0.0
2051,eMBB,496.0,4.0,17,1966,320073845.7769894,162804.60110731912,16,0.9411764705882353,197.30129044505614,12.331330652816009,17.17738298031262,0,0.0,3.520357141324892,0.2070798318426407,0.21202444654123084,0,0.0
2052,eMBB,492.0,8.0,19,1948,329770941.6001009,169286.93100621196,18,0.9473684210526315,194.8098343183782,10.822768573243232,17.36999568834271,0,0.0,3.7873112034303316,0.1993321686015964,0.20842204567445755,0,0.0
2053,mMTC,289.0,211.0,578,578,45642365.0,78966.0294117647,578,1.0,181.87160411582556,0.3146567545256498,0.33601873744637734,0,0.0,120.60839576663493,0.20866504457895316,0.23497869211998004,0,0.0
2054,URLLC,178.5,321.5,714,714,96906161.0,135722.91456582633,714,1.0,42.85028205955145,0.060014400643629486,0.06131810396668438,0,0.0,3.226650875551464,0.004519118873321378,0.005706404061651127,0,0.0
2055,eMBB,485.25,14.75,20,1920,303470066.08749324,158057.32608723606,19,0.95,191.26090007716786,10.066363161956204,17.47655862770061,0,0.0,4.181531979882999,0.20907659899414996,0.2232833941145687,0,0.0
2056,eMBB,495.5,4.5,20,1961,318685534.3376174,162511.74622010067,19,0.95,198.4684512360854,10.44570795979397,16.678824609206075,0,0.0,4.099963430255732,0.2049981715127866,0.21176354757386312,0,0.0
2057,eMBB,490.75,9.25,31,1931,410293412.72448385,212477.16868176273,30,0.967741935483871,197.71850975986513,6.590616991995504,13.163347974282233,0,0.0,6.1980487237308335,0.19993705560422043,0.2049580730355844,0,0.0
2058,eMBB,491.0,9.0,24,1939,311157189.72413653,160473.02203410858,23,0.9583333333333334,197.07282788323,8.56838382101,17.673904027367342,0,0.0,4.919736290075883,0.20498901208649511,0.21227018172636178,0,0.0
2059,mMTC,304.0,196.0,608,608,48852947.0,80350.24177631579,608,1.0,185.78326710172993,0.3055645840488979,0.3284185629806169,0,0.0,120.65561010792605,0.19844672715119416,0.22563846325071582,0,0.0
2060,mMTC,272.75,227.25,546,545,42680047.0,78312.0128440367,545,0.9981684981684982,171.70295875584753,0.315051300469445,0.33580847526275276,0,0.0,114.10722823492705,0.2089875974998664,0.23045986544639546,0,0.0
2061,mMTC,254.5,245.5,509,509,42080922.0,82673.71709233792,509,1.0,153.0915561869124,0.30076926559314815,0.32933040900648924,0,0.0,99.16168106450951,0.19481666220925248,0.22449914510235933,0,0.0
2062,eMBB,496.0,4.0,20,1963,310156089.68381506,158001.06453582022,19,0.95,195.3867997194067,10.283515774705615,18.0749334024027,0,0.0,4.10513371104096,0.20525668555204798,0.21303609590987216,0,0.0
2063,eMBB,489.0,11.0,20,1935,313864103.9592375,162203.67129676358,19,0.95,187.07822924262976,9.846222591717355,16.77232046500492,0,0.0,4.105982729172135,0.20529913645860676,0.20984797556112633,0,0.0
2064,eMBB,485.25,14.75,26,1914,408689042.8032991,213526.14566525555,25,0.9615384615384616,192.02020429675628,7.680808171870251,13.66601591581047,0,0.0,5.137244709405498,0.19758633497713454,0.20633600347588676,0,0.0
2065,eMBB,491.0,9.0,17,1946,316779578.805382,162784.9839698777,16,0.9411764705882353,188.32606592944606,11.770379120590379,17.574811643772517,0,0.0,3.4521742292796667,0.20306907231056862,0.21023032818861123,0,0.0
2066,eMBB,496.0,4.0,19,1964,332913296.3052908,169507.7883428161,18,0.9473684210526315,196.9140420011982,10.939669000066566,17.270627598760104,0,0.0,3.794469088481431,0.19970889939375952,0.20598135112158528,0,0.0
2067,eMBB,493.75,6.25,20,1954,336339404.8805083,172128.6616583973,19,0.95,196.58844847543085,10.346760446075308,16.96721469423473,0,0.0,3.996855972386285,0.19984279861931425,0.2039942284648566,0,0.0
2068,eMBB,491.5,8.5,19,1946,308775714.82562155,158672.0014520152,18,0.9473684210526315,185.3813415972424,10.298963422069022,17.074938412877838,0,0.0,3.9763941610548903,0.20928390321341528,0.2145339885119666,0,0.0
2069,mMTC,301.75,198.25,604,603,47913158.0,79457.97346600331,603,0.9983443708609272,183.0312011486707,0.3035343302631355,0.3219561272216863,0,0.0,119.04146712269805,0.19708852172632127,0.21561643846928985,0,0.0
2070,mMTC,245.5,254.5,491,490,38951489.0,79492.83469387755,490,0.9979633401221996,151.95541226973344,0.31011308626476214,0.33259726878894835,0,0.0,99.11004393890988,0.2018534499774132,0.2237385877406438,0,0.0
2071,eMBB,490.75,9.25,26,1936,414075502.8790219,213881.97462759394,25,0.9615384615384616,196.00136712999213,7.840054685199686,13.87252931019164,0,0.0,5.2146812624613865,0.20056466394082256,0.20524391089430394,0,0.0
2072,eMBB,489.0,11.0,23,1932,310549551.2807111,160739.93337510928,22,0.9565217391304348,194.3733390033764,8.835151772880746,15.976025295779246,0,0.0,4.692994210401252,0.20404322653918486,0.2104939340112329,0,0.0
2073,eMBB,489.5,10.5,21,1936,326261238.949489,168523.36722597573,20,0.9523809523809523,191.47548896140702,9.57377444807035,17.273006230852445,0,0.0,4.218924079058896,0.20090114662185218,0.20823645372415073,0,0.0
2074,mMTC,284.0,216.0,568,568,45711519.0,80478.0264084507,568,1.0,178.87324552904582,0.3149176857905736,0.33669098833499245,0,0.0,118.95885294349875,0.20943460025263866,0.23065728629263596,0,0.0
2075,eMBB,492.25,7.75,20,1948,309254257.8671536,158754.75249853882,19,0.95,191.02542948349142,10.053969972815338,17.375551889474835,0,0.0,4.153507180056224,0.20767535900281123,0.212986969912765,0,0.0
2076,eMBB,493.75,6.25,18,1956,310628173.61658907,158807.85972218256,17,0.9444444444444444,192.68047260236804,11.33414544719812,17.97256935832161,0,0.0,3.737667491804596,0.20764819398914422,0.21482363072350139,0,0.0
2077,mMTC,290.5,209.5,581,581,45787775.0,78808.56282271945,581,1.0,179.99725506924236,0.30980594676289563,0.3345098247616076,0,0.0,117.21948954860176,0.2017547152299514,0.22551321804311897,0,0.0
2078,URLLC,186.75,313.25,747,747,103332408.0,138329.86345381525,747,1.0,44.97460684239172,0.06020697033787379,0.061629013384417425,0,0.0,3.5846985213916707,0.004798793201327538,0.0062895343844174105,0,0.0
2079,eMBB,493.0,7.0,19,1952,315834152.91941965,161800.2832578994,18,0.9473684210526315,194.44697738742286,10.802609854856826,17.97232294246472,0,0.0,3.935767289720273,0.2071456468273828,0.21048577110089442,0,0.0
2080,eMBB,421.25,78.75,17,1664,280740951.3870904,168714.51405474183,16,0.9411764705882353,163.17237700579142,10.198273562861964,15.270655327955103,0,0.0,3.392834724410056,0.19957851320059153,0.20816012566664538,0,0.0
2081,mMTC,313.25,186.75,627,626,49033278.0,78327.92012779553,626,0.9984051036682615,197.33896746822523,0.31523796720163777,0.3399597218360072,0,0.0,131.46561716862232,0.2096740305719654,0.23657814326381987,0,0.0
2082,mMTC,263.75,236.25,528,527,41859903.0,79430.5559772296,527,0.9981060606060606,158.75316712688158,0.3012394063128683,0.3220065847942836,0,0.0,103.12137520037427,0.1953056348491937,0.21848573856350972,0,0.0
2083,eMBB,490.75,9.25,18,1944,309914892.3807142,159421.24093658137,17,0.9444444444444444,180.2287643729122,10.601692021936012,18.276017533856297,0,0.0,3.6877543731564413,0.20487524295313564,0.21162801169421616,0,0.0
2084,URLLC,210.5,289.5,842,842,119059593.0,141400.94180522565,842,1.0,50.3430544697649,0.059789850914210095,0.06407935596733277,0,0.0,3.782051207611137,0.004491747277447906,0.007771109668678162,0,0.0
2085,mMTC,256.5,243.5,513,513,42033359.0,81936.3723196881,513,1.0,159.82812757422292,0.3115558042382513,0.33029479684561003,0,0.0,105.55534468179442,0.20576090581246476,0.22725833009377142,0,0.0
2086,eMBB,493.75,6.25,18,1956,318645437.6986549,162906.66549010985,17,0.9444444444444444,193.62323696014263,11.389602174126038,18.073738873453237,0,0.0,3.6850964027146724,0.20472757792859292,0.21108418815018676,0,0.0
2087,eMBB,495.5,4.5,19,1962,333002711.47134596,169726.15263575228,18,0.9473684210526315,194.09934689463313,10.78329704970184,16.66940625473184,0,0.0,3.78462044431749,0.1991905497009205,0.20730592018664015,0,0.0
2088,eMBB,490.5,9.5,25,1936,328764724.90301734,169816.49013585606,24,0.96,194.35696070242582,8.09820669593441,17.067209646472016,0,0.0,5.023384146202722,0.2009353658481089,0.20580590757587777,0,0.0
2089,eMBB,488.75,11.25,19,1935,307316268.3983886,158819.77695007165,18,0.9473684210526315,193.94986339558335,10.774992410865742,16.07473492765343,0,0.0,3.943075395517348,0.20753028397459727,0.21235484907249597,0,0.0
2090,mMTC,269.0,231.0,538,538,43684005.0,81197.03531598514,538,1.0,163.49380852527898,0.30389183740758174,0.32874861211950757,0,0.0,106.4515267446533,0.1978652913469392,0.22338642201934023,0,0.0
2091,eMBB,493.0,7.0,19,1952,318345886.11927557,163087.03182339936,18,0.9473684210526315,194.9555542337223,10.830864124095683,17.974361704335884,0,0.0,3.8539184944407534,0.20283781549688176,0.20927383629072857,0,0.0
2092,mMTC,281.0,219.0,562,562,44559020.0,79286.51245551601,562,1.0,175.22276526488403,0.3117842798307545,0.3347139458965688,0,0.0,116.00887672585982,0.2064214888360495,0.2290599388950379,0,0.0
2093,URLLC,208.25,291.75,833,833,117522965.0,141083.99159663866,833,1.0,50.17649825561487,0.060235892263643294,0.0657409309018954,0,0.0,3.9895564611533074,0.004789383506786683,0.007181358594203091,0,0.0
2094,eMBB,493.5,6.5,21,1952,328644556.9375312,168362.99023439098,20,0.9523809523809523,188.69324524582598,9.4346622622913,16.872433825954666,0,0.0,4.24179883608824,0.20199042076610665,0.20744040893707683,0,0.0
2095,mMTC,267.5,232.5,535,535,39646103.0,74104.86542056075,535,1.0,168.77552374255427,0.3154682686776715,0.34023371365768995,0,0.0,112.55628856324002,0.21038558609951405,0.2381074037748085,0,0.0
2096,eMBB,490.5,9.5,15,1946,314892268.3983884,161815.14306186454,14,0.9333333333333333,194.3532995474171,13.882378539101222,17.87585263429055,0,0.0,3.118438791660798,0.2078959194440532,0.2112191731118438,0,0.0
2097,eMBB,494.5,5.5,22,1955,309610179.61225784,158368.37831829046,21,0.9545454545454546,198.82989767996966,9.468090365712841,18.274869637709223,0,0.0,4.52542294970744,0.20570104316851998,0.2138179653406217,0,0.0
2098,eMBB,495.25,4.75,20,1960,317998130.5613254,162243.94416394152,19,0.95,193.29887263080118,10.173624875305325,17.67225574394821,0,0.0,4.129097668859286,0.2064548834429643,0.2125347331061906,0,0.0
2099,mMTC,261.0,239.0,522,521,41182648.0,79045.3896353167,521,0.9980842911877394,162.4440868923212,0.3117928731138603,0.3322616492168021,0,0.0,107.74334563798482,0.20640487670112034,0.227302514645575,0,0.0
2100,mMTC,304.0,196.0,608,608,46203256.0,75992.19736842105,608,1.0,183.19022961218718,0.3012997197568868,0.32028712368022383,0,0.0,119.00143779562075,0.19572604900595517,0.21632164087325412,0,0.0
2101,eMBB,491.25,8.75,20,1944,327864308.97094417,168654.47992332518,19,0.95,182.32823115101164,9.596222692158507,16.967871162682368,0,0.0,4.045697938884675,0.20228489694423377,0.20752105387300834,0,0.0
2102,eMBB,493.0,7.0,20,1951,333768587.2873056,171075.64699503107,19,0.95,188.24069957320964,9.907405240695244,16.668977375808062,0,0.0,3.945424886616338,0.19727124433081691,0.20391657162385884,0,0.0
2103,mMTC,265.0,235.0,530,530,42408406.0,80015.86037735849,530,1.0,159.93083872486477,0.3017562994808769,0.3252762800476916,0,0.0,104.02789293861872,0.19627904328041268,0.21919131191701105,0,0.0
2104,eMBB,493.75,6.25,17,1957,312121211.29984856,159489.63275413826,16,0.9411764705882353,184.25343308826018,11.515839568016261,16.973415002172693,0,0.0,3.4805605173975485,0.20473885396456168,0.21132665331375067,0,0.0
2105,mMTC,232.0,268.0,464,464,37097225.0,79950.91594827586,464,1.0,144.2310442866552,0.31084276785917064,0.33084624669301993,0,0.0,94.1567780927971,0.20292409071723513,0.2214117172175924,0,0.0
2106,eMBB,490.25,9.75,25,1935,416162153.3155199,215070.88026641856,24,0.96,192.76324911660137,8.031802046525057,13.872211778949294,0,0.0,4.9485216805827115,0.19794086722330845,0.2062706344052871,0,0.0
2107,eMBB,495.75,4.25,18,1964,319426707.1223203,162640.88957348283,17,0.9444444444444444,190.79652354298437,11.2233249142932,17.672785781905052,0,0.0,3.658751379876714,0.20326396554870635,0.21102316374190838,0,0.0
2108,eMBB,492.5,7.5,20,1949,327777650.9408163,168177.34784033673,19,0.95,185.06107576589685,9.740056619257729,15.374590776091875,0,0.0,4.079591404153935,0.20397957020769675,0.2171011263399335,0,0.0
2109,eMBB,490.0,10.0,23,1936,330757833.20797575,170845.9882272602,22,0.9565217391304348,196.31766034287864,8.923530015585392,16.26823307132033,0,0.0,4.62595651061634,0.20112854393984086,0.20691176772727726,0,0.0
2110,eMBB,490.0,10.0,17,1942,311134068.14024276,160213.2173739664,16,0.9411764705882353,189.21348393464118,11.825842745915073,18.180619184161934,0,0.0,3.5448782602645794,0.20852225060379878,0.21345469365948835,0,0.0
2111,eMBB,495.75,4.25,17,1965,313002368.0479045,159288.73692005317,16,0.9411764705882353,186.93792012372336,11.68362000773271,17.177876674105953,0,0.0,3.470465331062452,0.2041450194742619,0.21077985753725798,0,0.0
2112,mMTC,241.5,258.5,483,482,38071234.0,78985.96265560166,482,0.9979296066252588,149.68681814184308,0.31055356460963296,0.3344848835003422,0,0.0,98.0615513798207,0.20302598629362464,0.22541755481418518,0,0.0
2113,mMTC,309.5,190.5,619,618,50049446.0,80986.15857605178,618,0.9983844911147012,192.75022031118652,0.3118935603740882,0.33249137957723296,0,0.0,127.94743958163544,0.20670022549537226,0.22885514480404504,0,0.0
2114,eMBB,491.5,8.5,19,1946,315311973.6853375,162030.81895443858,18,0.9473684210526315,182.13660072126555,10.118700040070308,17.17725794889259,0,0.0,3.927442676874449,0.20670750930918153,0.21194887080757707,0,0.0
2115,eMBB,482.75,17.25,21,1908,321480794.4766538,168490.98243011205,20,0.9523809523809523,194.50052166619008,9.725026083309505,15.95038232189588,0,0.0,4.251738240871034,0.20246372575576352,0.20710300892320924,0,0.0
2116,eMBB,493.5,6.5,19,1954,336598670.29458266,172261.34610777005,18,0.9473684210526315,194.53643017828765,10.807579454349314,17.17127718243083,0,0.0,3.81259864885086,0.20066308678162423,0.2051498940890714,0,0.0
2117,eMBB,489.75,10.25,19,1939,310191442.7799425,159974.95759666967,18,0.9473684210526315,196.60348571205802,10.922415872892111,18.374964819949287,0,0.0,3.9067891501032,0.20562048158437896,0.21461115069205278,0,0.0
2118,eMBB,489.5,10.5,24,1933,303934251.67203313,157234.48094776674,23,0.9583333333333334,196.26689045957227,8.533343063459665,17.87698353483324,0,0.0,5.028319298591776,0.20951330410799066,0.22400233472175388,0,0.0
2119,mMTC,306.75,193.25,613,613,48041184.0,78370.6101141925,612,0.99836867862969,190.33333579534855,0.31100218267213814,0.40665848326419063,0,0.0,124.7403422909461,0.20349158611899854,0.2258849043761015,0,0.0
2120,eMBB,492.5,7.5,25,1944,416221442.8790218,214105.68049332398,24,0.96,196.56938348940164,8.190390978725068,13.770516343703186,0,0.0,4.954923412639557,0.1981969365055823,0.20492566825702296,0,0.0
2121,mMTC,293.5,206.5,587,587,45847296.0,78104.42248722317,587,1.0,177.25350155412565,0.3019650793085616,0.3208900873490348,0,0.0,115.4393681237506,0.19665991162478808,0.21745179876085624,0,0.0
2122,mMTC,306.0,194.0,612,611,48972883.0,80152.01800327332,611,0.9983660130718954,187.62932302876672,0.3070856350716313,0.3345946408197318,0,0.0,122.61802891037254,0.2003562563894976,0.22389197688325757,0,0.0
2123,URLLC,192.0,308.0,768,768,108569453.0,141366.47526041666,768,1.0,46.07487138723386,0.059993322118794094,0.06454908320155077,0,0.0,3.575829721079982,0.004656028282656227,0.006625908970781536,0,0.0
2124,eMBB,493.25,6.75,19,1953,311785641.5060697,159644.4656969123,18,0.9473684210526315,193.0884341403558,10.727135230019766,17.772385476648495,0,0.0,3.8882802563486494,0.20464632928150786,0.21163714402280587,0,0.0
2125,eMBB,494.75,5.25,21,1957,311346652.18810844,159093.84373434258,20,0.9523809523809523,197.76649978088884,9.888324989044442,18.0795435669386,0,0.0,4.328291196101474,0.20610910457626067,0.2133173690133075,0,0.0
2126,URLLC,160.0,340.0,640,640,91577101.0,143089.2203125,640,1.0,38.29621054087156,0.05983782897011182,0.06111054636203944,0,0.0,2.933205080563856,0.004583132938381025,0.005805665752348337,0,0.0
2127,eMBB,481.0,19.0,26,1897,405186451.85229766,213593.2798377953,25,0.9615384615384616,184.98924444920334,7.399569777968134,13.769719889969265,0,0.0,5.2124123686068495,0.20047739879257115,0.20545682849897245,0,0.0
2128,eMBB,487.0,13.0,21,1926,309332499.3661561,160608.7743334144,20,0.9523809523809523,181.1745341276197,9.058726706380984,16.175767376342566,0,0.0,4.334784855217277,0.20641832643891797,0.21148585898333583,0,0.0
2129,eMBB,494.5,5.5,20,1957,330759262.257214,169013.41965110577,19,0.95,195.6901509448372,10.299481628675641,17.46812693826266,0,0.0,4.009429494899319,0.20047147474496593,0.2075737941459322,0,0.0
2130,eMBB,490.5,9.5,20,1941,334209089.0176262,172183.97167317168,19,0.95,196.58196510037092,10.346419215808996,16.668534758015564,0,0.0,3.99614968602315,0.1998074843011575,0.20717038063610582,0,0.0
2131,mMTC,286.0,214.0,572,572,45680443.0,79860.91433566433,572,1.0,172.86061767695415,0.30220387705761215,0.33075103999946626,0,0.0,112.6144710193714,0.19687844583806188,0.22664859016629388,0,0.0
2132,eMBB,492.0,8.0,21,1946,308050097.24918425,158299.12499958082,20,0.9523809523809523,197.3894770879381,9.869473854396904,17.975567850683156,0,0.0,4.354810813693602,0.20737194350921914,0.21335700466584318,0,0.0
2133,eMBB,487.0,13.0,20,1927,313580873.13862956,162730.08465938224,19,0.95,191.67379901786418,10.088094685150747,17.372607150180308,0,0.0,4.105737064824586,0.2052868532412293,0.21290299700548596,0,0.0
2134,mMTC,261.5,238.5,523,522,41949250.0,80362.54789272031,522,0.9980879541108987,163.14791771090552,0.31254390366073853,0.33530524756749114,0,0.0,108.51193032797045,0.20747979030204675,0.2308155142422104,0,0.0
2135,eMBB,488.0,12.0,21,1930,310845543.94446206,161059.86732873681,20,0.9523809523809523,194.78415624394745,9.739207812197373,18.17489424335206,0,0.0,4.344148722428016,0.20686422487752457,0.21240348302516582,0,0.0
2136,mMTC,226.5,273.5,453,452,36440021.0,80619.51548672566,452,0.9977924944812362,138.9553495665449,0.3074233397489931,0.33038984705235674,0,0.0,91.08427188839433,0.20106903286621264,0.2280066225537394,0,0.0
2137,eMBB,494.75,5.25,20,1958,336394666.404992,171805.24331204902,19,0.95,186.82214455770668,9.832744450405615,16.467086338833695,0,0.0,3.937658701654976,0.1968829350827488,0.20193713626624413,0,0.0
2138,eMBB,489.0,11.0,19,1936,308464424.76618916,159330.79791642,18,0.9473684210526315,190.80346972212595,10.600192762340331,18.078684575768218,0,0.0,3.9027292440946266,0.20540680232076983,0.21256893810425662,0,0.0
2139,eMBB,494.25,5.75,18,1958,311815830.9598046,159252.21193044158,17,0.9444444444444444,194.2220235569164,11.42482491511273,17.475350964703978,0,0.0,3.6902019608614514,0.2050112200478584,0.21324326778189498,0,0.0
2140,eMBB,494.75,5.25,18,1961,321043384.9999999,163714.11779704227,17,0.9444444444444444,198.97199174619902,11.704234808599942,17.371092369415276,0,0.0,3.4360951802869812,0.19089417668261008,0.20941975484549544,0,0.0
2141,URLLC,219.0,281.0,876,875,124528007.0,142317.7222857143,875,0.9988584474885844,52.74980291473422,0.060285489045410534,0.06481136039608451,0,0.0,4.297230046521957,0.004905513751737394,0.006828858370458542,0,0.0
2142,eMBB,491.75,8.25,22,1944,311736486.6438275,160358.275022545,21,0.9545454545454546,185.77494143691393,8.846425782710188,15.275511301995362,0,0.0,4.57065005267385,0.20775682057608408,0.21102448634468868,0,0.0
2143,eMBB,492.25,7.75,17,1951,333399493.19493395,170886.464989715,16,0.9411764705882353,196.55356128168543,12.28459758010534,17.169712132935665,0,0.0,3.3823066569602296,0.19895921511530762,0.2041361822969851,0,0.0
2144,eMBB,493.5,6.5,21,1952,332784373.294583,170483.79779435607,20,0.9523809523809523,194.66535340795843,9.733267670397922,16.467635324009883,0,0.0,4.21418242933096,0.20067535377766477,0.2043327028138254,0,0.0
2145,eMBB,494.0,6.0,21,1954,309284081.88163245,158282.53934576892,20,0.9523809523809523,192.2924988285783,9.614624941428914,17.776586411192902,0,0.0,4.360266301583414,0.20763172864682927,0.21263474162178053,0,0.0
2146,eMBB,483.5,16.5,24,1909,300086788.7453811,157195.80342869624,23,0.9583333333333334,185.43215984332062,8.06226781927481,18.475375704774727,0,0.0,4.994239732843957,0.20809332220183155,0.21258027083022124,0,0.0
2147,mMTC,262.0,238.0,524,524,44268345.0,84481.57442748091,524,1.0,163.10954012393796,0.3112777483281259,0.33254630053952267,0,0.0,107.0189857922201,0.20423470571034372,0.2279757300738831,0,0.0
2148,eMBB,495.0,5.0,24,1955,420256748.2654956,214965.08862685197,23,0.9583333333333334,193.18232289217093,8.399231430094389,13.470802205678972,0,0.0,4.741766007320735,0.19757358363836397,0.20685380168503587,0,0.0
2149,mMTC,288.5,211.5,577,577,46660304.0,80867.07798960138,577,1.0,174.5514866996018,0.30251557486932723,0.3209834637642287,0,0.0,113.99617962816339,0.19756703575071644,0.21918616726974016,0,0.0
2150,eMBB,492.75,7.25,23,1947,328762237.60009974,168855.7974319978,22,0.9565217391304348,195.39344587709272,8.881520267140578,17.36938953589573,0,0.0,4.614634126817941,0.20063626638338872,0.20725785861385398,0,0.0
2151,eMBB,489.0,11.0,17,1938,336000503.9469549,173374.87303764443,16,0.9411764705882353,193.98008773534784,12.12375548345924,17.17104027278781,0,0.0,3.398316193081452,0.19990095253420306,0.20518483131805412,0,0.0
2152,eMBB,489.25,10.75,19,1937,308987691.60446423,159518.6843595582,18,0.9473684210526315,193.39264216831322,10.7440356760174,17.87597225932498,0,0.0,3.8960435996154756,0.20505492629555136,0.21283091509533186,0,0.0
2153,mMTC,294.25,205.75,589,588,47038809.0,79997.97448979592,588,0.99830220713073,179.20336822682742,0.30476763303882215,0.32289586827722105,0,0.0,117.0874310505915,0.1987902055188311,0.21720868486171024,0,0.0
2154,mMTC,315.75,184.25,632,631,52190638.0,82710.99524564184,631,0.9984177215189873,196.53967595958264,0.3114733374953766,0.33525457431487615,0,0.0,129.2540012450966,0.20451582475489966,0.2275617133664119,0,0.0
2155,mMTC,260.5,239.5,521,520,41565338.0,79933.3423076923,520,0.9980806142034548,162.72937345045702,0.3129411027893404,0.3339189382449462,0,0.0,108.41118983720585,0.208082897960088,0.22972733586055002,0,0.0
2156,eMBB,493.5,6.5,20,1953,316204534.3273761,161907.08362896883,19,0.95,192.02662769436296,10.106664615492788,17.57746858476467,0,0.0,4.15983762441575,0.2079918812207875,0.2264929379901706,0,0.0
2157,eMBB,492.5,7.5,22,1947,328303289.3082201,168620.0766862969,21,0.9545454545454546,194.70273740096044,9.27155892385526,17.171147822755643,0,0.0,4.396442928406345,0.19983831492756113,0.20816454908300264,0,0.0
2158,mMTC,262.5,237.5,525,524,42529260.0,81162.70992366412,524,0.9980952380952381,165.9381825888897,0.31667592097116354,0.33878755031466323,0,0.0,111.22499619113455,0.21185713560216105,0.23550637762553878,0,0.0
2159,eMBB,489.0,11.0,19,1936,307923021.9470349,159051.14769991473,18,0.9473684210526315,191.51510996681526,10.639728331489737,18.58062187380961,0,0.0,3.9169830335879467,0.20615700176778667,0.21393810530161933,0,0.0
2160,mMTC,241.0,259.0,482,482,38622991.0,80130.6867219917,482,1.0,146.97021102807085,0.30491745026570716,0.3238966890412597,0,0.0,96.13049635789275,0.1994408638130555,0.21796969686606835,0,0.0
2161,eMBB,491.75,8.25,19,1947,316132308.28388727,162368.93080836532,18,0.9473684210526315,187.28559531951504,10.404755295528613,15.870852443320105,0,0.0,3.8911537279343165,0.20479756462812193,0.2107425072828255,0,0.0
2162,mMTC,285.0,215.0,570,570,44366923.0,77836.70701754386,570,1.0,178.28459873833867,0.31277999778655907,0.3347878794340342,0,0.0,118.62113361237978,0.20810725195154348,0.2306413383890838,0,0.0
2163,eMBB,489.5,10.5,19,1938,314841936.0253255,162457.13933195328,18,0.9473684210526315,194.9723712775779,10.831798404309884,17.77754076429363,0,0.0,3.87312083046284,0.2038484647612021,0.21186825985300384,0,0.0
2164,eMBB,490.25,9.75,24,1936,324882459.96368384,167811.18799777058,23,0.9583333333333334,197.25868532791202,8.576464579474436,16.67124569457779,0,0.0,4.821678660314545,0.20090327751310602,0.20734310997011274,0,0.0
2165,eMBB,487.5,12.5,20,1929,331147874.9030176,171668.15702592928,19,0.95,192.8076167566946,10.147769302983926,16.970375025847623,0,0.0,4.024463276703759,0.20122316383518796,0.20487505018998314,0,0.0
2166,eMBB,489.75,10.25,20,1938,308395012.6870867,159130.55350210873,19,0.95,189.68029754953807,9.983173555238846,17.87669302365198,0,0.0,4.117230506220572,0.2058615253110286,0.21172980797609664,0,0.0
2167,eMBB,489.0,11.0,19,1936,308922647.15622765,159567.48303524154,18,0.9473684210526315,188.7529730846408,10.486276282480043,18.176448195636187,0,0.0,3.956054124990235,0.20821337499948606,0.21363982550922328,0,0.0
2168,eMBB,489.25,10.75,21,1935,313804056.69512177,162172.639118926,20,0.9523809523809523,195.62682897473897,9.78134144873695,17.15194361862509,0,0.0,4.297143852980274,0.20462589776096543,0.20772448978610764,0,0.0
2169,mMTC,285.5,214.5,571,571,45415549.0,79536.86339754816,571,1.0,178.78934311965284,0.3131161876000925,0.3360064436299053,0,0.0,119.20273878295912,0.20876136389309827,0.23249796241941417,0,0.0
2170,mMTC,294.75,205.25,590,589,45857833.0,77857.10186757216,589,0.9983050847457627,178.21548855865956,0.3025729856683524,0.3209453447023748,0,0.0,116.43555194494056,0.19734839312701788,0.21498126407559415,0,0.0
2171,eMBB,492.25,7.75,21,1947,329807272.11912054,169392.53832517748,20,0.9523809523809523,195.41761451950495,9.770880725975248,17.170062615092274,0,0.0,4.278250705528064,0.20372622407276497,0.2178248141868852,0,0.0
2172,eMBB,491.75,8.25,21,1945,333152565.74365926,171286.66619211272,20,0.9523809523809523,195.54825792408963,9.777412896204481,16.9731798352368,0,0.0,4.199207907571347,0.1999622813129213,0.2058741647449468,0,0.0
2173,eMBB,495.0,5.0,18,1961,314789410.8816315,160524.9418060334,17,0.9444444444444444,192.41084746719943,11.318285145129378,18.2798537110317,0,0.0,3.684939864688943,0.20471888137160796,0.2133196183645901,0,0.0
2174,mMTC,271.0,229.0,542,542,43441182.0,80149.78228782288,542,1.0,165.45829228871187,0.30527360200869347,0.3296419269149696,0,0.0,108.43525852977457,0.20006505263796046,0.22570574720223954,0,0.0
2175,mMTC,298.0,202.0,596,596,49857212.0,83653.04026845637,596,1.0,185.68623085577659,0.3115540786170748,0.330954678015035,0,0.0,122.2158094795654,0.205060083019405,0.227736145228638,0,0.0
2176,eMBB,492.5,7.5,24,1945,417737108.85724086,214774.86316567654,23,0.9583333333333334,197.00478489381302,8.565425430165783,12.771155454192474,0,0.0,4.7619617361927435,0.19841507234136432,0.20464182487598212,0,0.0
2177,eMBB,495.5,4.5,17,1964,319477196.1534091,162666.59681945475,16,0.9411764705882353,185.61874221597665,11.60117138849854,16.87799589501543,0,0.0,3.4569560280085407,0.20335035458873768,0.2109398955800681,0,0.0
2178,eMBB,488.75,11.25,20,1934,326881584.2787682,169018.39931683982,19,0.95,187.47862319144232,9.867295957444332,16.97438520396508,0,0.0,4.010631340867481,0.20053156704337405,0.20777264779973453,0,0.0
2179,eMBB,492.25,7.75,23,1945,331579254.8320966,170477.76598051237,22,0.9565217391304348,189.78761247377258,8.626709657898754,15.272895966275978,0,0.0,4.610399271120884,0.20045214222264712,0.20569957463192184,0,0.0
2180,eMBB,488.25,11.75,20,1932,307424638.2953069,159122.48358970336,19,0.95,183.18462307109073,9.641295951110038,17.976752777783776,0,0.0,4.124967927941467,0.20624839639707332,0.21264056851591767,0,0.0
2181,eMBB,495.5,4.5,16,1965,313524413.8367324,159554.4090772175,15,0.9375,188.9630581609004,12.597537210726694,17.873516102507853,0,0.0,3.2692376692246463,0.2043273543265404,0.2120123833254377,0,0.0
2182,eMBB,489.25,10.75,20,1936,313483792.8909327,161923.44674118425,19,0.95,186.90348535000206,9.837025544736951,16.378154749535412,0,0.0,4.138717997694576,0.20693589988472877,0.2213460725377589,0,0.0
2183,eMBB,485.25,14.75,22,1918,411655334.49707276,214627.3902487345,21,0.9545454545454546,191.32087689982862,9.110517947610887,13.765452534106121,0,0.0,4.417899337408827,0.20081360624585579,0.20559389356814084,0,0.0
2184,eMBB,490.75,9.25,21,1941,312765052.9194194,161136.03962875807,20,0.9523809523809523,193.6595162296263,9.682975811481315,17.873735633919875,0,0.0,4.326412705135277,0.20601965262548938,0.21132974340322544,0,0.0
2185,eMBB,485.0,15.0,22,1917,321255371.17006403,167582.3532446865,21,0.9545454545454546,186.48535629361172,8.880255061600558,16.66848953143283,0,0.0,4.4840640902525015,0.20382109501147735,0.20727622010414215,0,0.0
2186,eMBB,487.75,12.25,17,1934,333407399.0000003,172392.65718717698,17,1.0,196.1954816535319,11.540910685501878,17.1700975077049,0,0.0,3.351195997985795,0.19712917635210558,0.2051242320956837,0,0.0
2187,eMBB,486.0,14.0,21,1922,305556559.0573161,158978.43863544022,20,0.9523809523809523,194.30503536071046,9.715251768035523,16.877727268008666,0,0.0,4.380843236118249,0.20861158267229757,0.21334397286464796,0,0.0
2188,eMBB,493.25,6.75,17,1955,311804677.38583404,159490.88357331665,16,0.9411764705882353,194.72641373326962,12.170400858329351,16.47405244315439,0,0.0,3.4649912651288255,0.20382301559581326,0.20906515212516064,0,0.0
2189,URLLC,225.0,275.0,900,900,125333271.0,139259.19,900,1.0,53.942228508023774,0.05993580945335975,0.0634967608972477,0,0.0,4.238273638408307,0.0047091929315647854,0.00585989816474935,0,0.0
2190,eMBB,491.5,8.5,26,1939,413351540.85724163,213177.68997279095,25,0.9615384615384616,196.77618032914185,7.871047213165674,13.569498704510682,0,0.0,5.203968033341492,0.20015261666698045,0.20582495444582705,0,0.0
2191,eMBB,489.75,10.25,20,1938,312981093.1424534,161496.95208588926,19,0.95,196.10675185313653,10.321407992270343,17.565370572754553,0,0.0,4.14279364479342,0.207139682239671,0.21257455395227084,0,0.0
2192,eMBB,494.5,5.5,18,1959,332007931.477765,169478.2702796146,17,0.9444444444444444,188.18393996419192,11.069643527305407,16.96961207012719,0,0.0,3.6508786157578803,0.2028265897643267,0.20797340484742316,0,0.0
2193,eMBB,497.0,3.0,17,1970,340085047.5290511,172632.00382185337,16,0.9411764705882353,184.98697709753267,11.561686068595792,16.27031042282743,0,0.0,3.4137251399003583,0.20080736117060932,0.20333722278265065,0,0.0
2194,mMTC,235.0,265.0,470,470,39285273.0,83585.68723404255,470,1.0,142.5941524327005,0.3033918136865968,0.32147068924704586,0,0.0,93.20546657863942,0.19830950335880726,0.21900653505264006,0,0.0
2195,mMTC,301.0,199.0,602,601,47696169.0,79361.34608985025,601,0.9983388704318937,183.76694602118155,0.3057686289869909,0.3250579411450656,0,0.0,120.95112721063131,0.20091549370536763,0.2203818426967596,0,0.0
2196,URLLC,207.5,292.5,830,829,115839747.0,139734.3148371532,829,0.9987951807228915,49.701787080090675,0.0599539048010744,0.06319648524768351,0,0.0,3.9534542374032475,0.004763197876389455,0.008113688939991204,0,0.0
2197,eMBB,493.5,6.5,23,1950,419300287.21934956,215025.78831761517,22,0.9565217391304348,187.41798607811174,8.518999367186897,13.666292816129769,0,0.0,4.551184782527595,0.19787759924033022,0.2040310206537777,0,0.0
2198,eMBB,489.25,10.75,20,1936,312324878.77347374,161324.83407720752,19,0.95,193.09832248335334,10.163069604387019,17.57284758789016,0,0.0,4.133000456024534,0.20665002280122668,0.21223464311497142,0,0.0
2199,eMBB,492.75,7.25,22,1948,327953478.1316311,168353.94154601183,21,0.9545454545454546,186.4669927082228,8.879380605153466,16.7690973531727,0,0.0,4.467575809776249,0.20307162771710222,0.207921724737527,0,0.0
2200,eMBB,489.75,10.25,20,1938,332716318.7436601,171680.24702975238,19,0.95,194.62418687004225,10.243378256318014,16.76835064102226,0,0.0,3.9505219998531516,0.19752609999265758,0.20518600703524847,0,0.0
2201,eMBB,488.75,11.25,21,1933,308213054.42863107,159448.03643488415,20,0.9523809523809523,187.6063869314261,9.380319346571305,17.675120872899633,0,0.0,4.384961168686426,0.20880767469935363,0.21519895102168307,0,0.0
2202,eMBB,489.5,10.5,18,1939,308213593.6936989,158954.921966838,17,0.9444444444444444,189.88497313011072,11.169704301771219,17.375340958466154,0,0.0,3.755790796197858,0.20865504423321435,0.21304136256499906,0,0.0
2203,eMBB,493.75,6.25,20,1954,317996984.1932281,162741.54769356607,19,0.95,198.55808258833488,10.450425399386047,16.571966584523047,0,0.0,4.09782947568918,0.20489147378445902,0.20916561781918847,0,0.0
2204,eMBB,484.25,15.75,31,1905,403569604.56098807,211847.56144933758,30,0.967741935483871,193.5662958373768,6.452209861245893,13.267738877960316,0,0.0,6.165889234602284,0.19889965272910595,0.20577700358333445,0,0.0
2205,eMBB,489.75,10.25,21,1937,312328678.4428191,161243.50977946262,20,0.9523809523809523,182.02877352716368,9.101438676358184,17.97758715991035,0,0.0,4.301152666595622,0.2048167936474106,0.21207493352766016,0,0.0
2206,eMBB,491.0,9.0,24,1939,325170677.34262687,167700.1946068215,23,0.9583333333333334,196.93284854979782,8.562297763034689,16.267113897130884,0,0.0,4.898756227419,0.20411484280912498,0.21838824437489646,0,0.0
2207,eMBB,491.0,9.0,22,1941,331916315.103938,171002.7383327862,21,0.9545454545454546,197.33779080366182,9.39703765731723,16.86654558452711,0,0.0,4.431374221141692,0.201426100960986,0.21843227494122716,0,0.0
2208,eMBB,491.5,8.5,24,1941,306375307.33234644,157844.05323665452,23,0.9583333333333334,192.6577791878172,8.376425182079009,17.874076520034677,0,0.0,5.036818159166622,0.20986742329860927,0.2242879384416701,0,0.0
2209,mMTC,279.0,221.0,558,557,44673839.0,80204.3788150808,557,0.9982078853046595,169.98891308500436,0.3051865585009055,0.32326424473667825,0,0.0,111.826711478223,0.20040629297172582,0.21831801049826588,0,0.0
2210,eMBB,492.25,7.75,19,1949,318031117.1345033,163176.5608694219,18,0.9473684210526315,183.14711923933294,10.17483995774072,17.976619374251882,0,0.0,3.8535225649431966,0.2028169771022735,0.21045024125965572,0,0.0
2211,eMBB,493.5,6.5,22,1951,420371827.87902284,215464.80157817676,21,0.9545454545454546,196.7777565162511,9.370369357916719,13.364476659819179,0,0.0,4.380238565256108,0.19910175296618673,0.20380504172218217,0,0.0
2212,URLLC,165.5,334.5,662,661,93850326.0,141982.3388804841,661,0.9984894259818731,39.89520759790704,0.060355836002885084,0.06302419298461538,0,0.0,3.272452634702255,0.0049432819255321074,0.0068060272414052995,0,0.0
2213,eMBB,488.75,11.25,23,1931,324477475.9439484,168035.97925631714,22,0.9565217391304348,193.2768152920181,8.785309786000823,16.174553225280963,0,0.0,4.712369364734042,0.204885624553654,0.2188715777082298,0,0.0
2214,mMTC,273.0,227.0,546,546,44268897.0,81078.56593406593,546,1.0,173.34780023395646,0.3174868136153049,0.3419576773804003,0,0.0,116.26958546722419,0.21294795873117983,0.24090784900350914,0,0.0
2215,mMTC,231.25,268.75,463,462,37610933.0,81408.9458874459,462,0.9978401727861771,140.1946489371024,0.30345162107597917,0.3267684402693659,0,0.0,91.7842952421841,0.1982382186656244,0.2214405123907284,0,0.0
2216,eMBB,496.25,3.75,20,1964,310846924.3539149,158272.36474231922,19,0.95,186.13561359380714,9.796611241779322,18.280530079374223,0,0.0,4.174057916478989,0.20870289582394946,0.2142679767635532,0,0.0
2217,mMTC,228.25,271.75,457,456,35994256.0,78934.77192982456,456,0.9978118161925602,142.23182555880794,0.3119118981552806,0.3322913863516706,0,0.0,93.87153838299625,0.2054081802691384,0.22941231983647245,0,0.0
2218,mMTC,285.0,215.0,570,570,46141770.0,80950.47368421052,570,1.0,178.95671830567275,0.3139591549222329,0.33492107725967624,0,0.0,119.5764984020079,0.2097833305298384,0.23280079789628522,0,0.0
2219,mMTC,240.25,259.75,481,480,38994516.0,81238.575,480,0.997920997920998,145.73899485351032,0.30362290594481317,0.3221805951999046,0,0.0,95.57354972813249,0.19869760858239602,0.2202703042010969,0,0.0
2220,mMTC,277.0,223.0,554,554,43882550.0,79210.37906137184,554,1.0,170.8173024849377,0.30833448101974315,0.3286910842950169,0,0.0,112.06335729648838,0.20228042833301152,0.22357807619965586,0,0.0
2221,eMBB,489.5,10.5,21,1936,331273873.71821904,171112.53807759247,20,0.9523809523809523,190.16255665582585,9.508127832791292,16.668930325797433,0,0.0,4.2239292479718324,0.2011394879986587,0.20688207924001312,0,0.0
2222,eMBB,495.25,4.75,21,1959,311597275.5103308,159059.35452288453,20,0.9523809523809523,190.41719242727103,9.520859621363552,18.073886186816985,0,0.0,4.3992435014909965,0.20948778578528554,0.22477127177500345,0,0.0
2223,mMTC,247.75,252.25,495,495,38256790.0,77286.44444444444,495,1.0,151.46995337968602,0.3059999058175475,0.5900169506100535,0,0.0,99.6387595291082,0.20129042329112767,0.40572214129390805,0,0.0
2224,eMBB,490.5,9.5,21,1940,315216807.4276994,162482.89042664916,20,0.9523809523809523,190.9625295794949,9.548126478974746,17.47125815366915,0,0.0,4.336916959583195,0.20651985521824737,0.21296628922705077,0,0.0
2225,mMTC,296.25,203.75,593,592,47178779.0,79693.88344594595,592,0.9983136593591906,186.0787416046636,0.3143221986565264,0.33571262181029926,0,0.0,124.48533763414954,0.20992468403735168,0.23195914478398816,0,0.0
2226,mMTC,276.75,223.25,554,553,43606003.0,78853.53164556962,553,0.9981949458483754,167.75016189998792,0.30334568155513186,0.32381545256140065,0,0.0,110.16722918946657,0.1988578144214198,0.21905649183167775,0,0.0
2227,eMBB,489.0,11.0,18,1937,328353251.2709879,169516.3919829571,17,0.9444444444444444,190.03174912402594,11.17833818376623,16.407478911491957,0,0.0,3.602668986029901,0.20014827700166116,0.2072535972022569,0,0.0
2228,eMBB,493.25,6.75,24,1948,332640082.936753,170759.79616876435,23,0.9583333333333334,194.59628954536825,8.460708241102967,16.972714572041227,0,0.0,4.754673855124589,0.19811141063019122,0.20725537806702365,0,0.0
2229,eMBB,490.0,10.0,21,1938,306360730.27320766,158080.87217399778,20,0.9523809523809523,181.61448750867402,9.0807243754337,15.877724649882595,0,0.0,4.396219486860627,0.20934378508860127,0.21336189895057084,0,0.0
2230,eMBB,492.75,7.25,17,1953,313144537.5145632,160340.26498441535,16,0.9411764705882353,195.7460067844901,12.234125424030632,18.377573680865943,0,0.0,3.4885895143839365,0.20521114790493744,0.21388636404456496,0,0.0
2231,URLLC,175.25,324.75,701,700,99572146.0,142245.92285714287,700,0.9985734664764622,42.021397852206846,0.060030568360295494,0.06350273836273818,0,0.0,3.413175045798558,0.004869008624534319,0.006018929529717091,0,0.0
2232,URLLC,207.0,293.0,828,828,116045490.0,140151.5579710145,828,1.0,50.02583191193503,0.06041767139122588,0.06511731937389208,0,0.0,4.188789645934993,0.005058924693158205,0.00700005604055874,0,0.0
2233,eMBB,490.5,9.5,23,1938,311520425.02532655,160743.25336704156,22,0.9565217391304348,195.6765046548907,8.894386575222304,16.407587389159236,0,0.0,4.71657438677626,0.20506845159896783,0.21306292902069862,0,0.0
2234,mMTC,273.0,227.0,546,545,42355982.0,77717.39816513761,545,0.9981684981684982,169.59394990457832,0.3111815594579419,0.3366190762475999,0,0.0,112.6140803103837,0.2062528943413621,0.23068283594890848,0,0.0
2235,eMBB,490.75,9.25,19,1943,334369366.019071,172089.2259490844,18,0.9473684210526315,191.6107985935154,10.645044366306411,17.068909028154785,0,0.0,3.8074344562766176,0.20039128717245355,0.20450517726705575,0,0.0
2236,eMBB,488.5,11.5,19,1934,309954721.7661893,160266.14362264183,18,0.9473684210526315,190.60001389824754,10.588889661013752,18.275894535410615,0,0.0,3.9159070795547413,0.2061003726081443,0.2129292540627354,0,0.0
2237,eMBB,492.75,7.25,21,1949,308689273.02017766,158383.41355576072,20,0.9523809523809523,195.9287775399361,9.796438876996806,17.975425483963388,0,0.0,4.307087279647771,0.20509939426894147,0.21116354280885402,0,0.0
2238,mMTC,270.0,230.0,540,540,42992372.0,79615.50370370371,540,1.0,168.8198853216855,0.3126294172623805,0.329881816640429,0,0.0,111.50757956451656,0.2064955177120677,0.22540806795707535,0,0.0
2239,eMBB,487.5,12.5,26,1923,412369395.0000006,214440.66302652136,25,0.9615384615384616,196.41656522315577,7.856662608926231,13.167696110345865,0,0.0,5.155980839058982,0.19830695534842238,0.20803965710961467,0,0.0
2240,eMBB,490.25,9.75,23,1937,310518286.15321964,160308.872562323,22,0.9565217391304348,196.02428770670576,8.910194895759354,15.87319095552578,0,0.0,4.769173511197851,0.20735537005208046,0.2121544283826298,0,0.0
2241,eMBB,485.75,14.25,21,1921,323502792.33743024,168403.32760928175,20,0.9523809523809523,185.49637570040034,9.274818785020017,16.470454654032512,0,0.0,4.268399899718494,0.20325713808183304,0.20729622112818302,0,0.0
2242,eMBB,490.0,10.0,22,1937,330728701.964874,170742.74752962004,21,0.9545454545454546,186.87509986175522,8.898814279131201,16.567094085593506,0,0.0,4.372984970216481,0.19877204410074914,0.20506768750458287,0,0.0
2243,eMBB,495.75,4.25,21,1961,312574589.871227,159395.50732851966,20,0.9523809523809523,197.35085637281176,9.867542818640588,18.374335418494994,0,0.0,4.335576294185377,0.2064560140088275,0.2125489587355895,0,0.0
2244,eMBB,489.75,10.25,25,1933,303526778.24918467,157023.68248793826,24,0.96,196.8035342476012,8.200147260316717,16.773304871954878,0,0.0,5.214935846683238,0.2085974338673295,0.21126226745488472,0,0.0
2245,eMBB,494.75,5.25,20,1958,318520657.9723454,162676.53624736742,19,0.95,189.89640217284528,9.99454748278133,18.077369791045452,0,0.0,4.138993914761317,0.20694969573806582,0.22197976343639758,0,0.0
2246,eMBB,484.75,15.25,30,1908,405249829.87902254,212395.0890351271,29,0.9666666666666667,193.83827467146594,6.684078436947101,13.77077774600539,0,0.0,6.01064692481795,0.20035489749393165,0.20535925987488785,0,0.0
2247,mMTC,283.0,217.0,566,565,45226864.0,80047.54690265487,565,0.9982332155477032,171.598834663031,0.30371475161598405,0.32268362228726527,0,0.0,113.0250583811636,0.1996909158677802,0.21997425951005461,0,0.0
2248,URLLC,196.25,303.75,785,784,110116120.0,140454.23469387754,784,0.9987261146496815,47.65466339873988,0.06078400943716821,0.06636007662312605,0,0.0,4.312617644229235,0.0054937804385085795,0.008553853930818358,0,0.0
2249,eMBB,491.0,9.0,22,1941,331916341.35496366,171002.75185727133,21,0.9545454545454546,197.12246346363406,9.386783974458766,16.965955009781393,0,0.0,4.426538030330604,0.20120627410593653,0.20726799142765556,0,0.0
2250,eMBB,496.75,3.25,19,1967,313567447.8452367,159414.0558440451,18,0.9473684210526315,190.0966950255413,10.560927501418961,18.17401502518051,0,0.0,3.914973396365871,0.20605123138767742,0.21381338431657393,0,0.0
2251,mMTC,289.25,210.75,579,578,46157162.0,79856.68166089966,578,0.998272884283247,177.1386754102124,0.3064682965574609,0.32231878516004536,0,0.0,116.81515752845353,0.20175329452237223,0.2189065766937085,0,0.0
2252,URLLC,183.5,316.5,734,733,104373699.0,142392.49522510232,733,0.9986376021798365,44.03264340938718,0.06007181911239724,0.06340868297901266,0,0.0,3.629218332882326,0.004944439145616248,0.008408682979012658,0,0.0
2253,eMBB,493.75,6.25,23,1951,418590831.0339941,214551.93799794675,22,0.9565217391304348,194.46326110122018,8.839239140964553,13.370868341434594,0,0.0,4.601504385425882,0.20006540806199485,0.20538532297732004,0,0.0
2254,eMBB,495.25,4.75,17,1962,319437004.09163344,162811.92869094468,16,0.9411764705882353,189.28461405064164,11.830288378165102,17.27376583297899,0,0.0,3.5256825601458877,0.20739309177328752,0.21141116918637157,0,0.0
2255,eMBB,488.0,12.0,18,1933,328519447.9387632,169953.15465016203,17,0.9444444444444444,193.5817037344417,11.387159043202454,17.3691716047451,0,0.0,3.6577082665188905,0.20320601480660502,0.20743846907329144,0,0.0
2256,eMBB,490.75,9.25,19,1944,334411170.9999996,172022.20730452653,19,1.0,197.530597231377,10.396347222704051,16.469062430698187,0,0.0,3.7624612598499545,0.19802427683420812,0.20629061299260848,0,0.0
2257,eMBB,498.5,1.5,18,1975,316760774.9436495,160385.20250311366,17,0.9444444444444444,194.21974146378818,11.424690674340482,18.272972525343476,0,0.0,3.704151734502705,0.2057862074723725,0.21272636205786782,0,0.0
2258,eMBB,488.75,11.25,20,1934,306795656.55350965,158632.70762849518,19,0.95,190.747188022384,10.039325685388631,16.67694399479388,0,0.0,4.191167231865427,0.20955836159327138,0.21497591279204983,0,0.0
2259,eMBB,489.25,10.75,21,1935,314027804.26397735,162288.270937456,20,0.9523809523809523,193.6974870233733,9.684874351168665,17.77626079254813,0,0.0,4.270799205522126,0.20337139073914884,0.21223685328040626,0,0.0
2260,eMBB,486.75,13.25,24,1922,411845679.35670006,214279.74992544227,23,0.9583333333333334,187.48684325318402,8.151601880573219,13.766719785907588,0,0.0,4.762661420054083,0.19844422583558677,0.2044211341255884,0,0.0
2261,eMBB,492.5,7.5,21,1948,313821180.6438279,161099.16870833054,20,0.9523809523809523,185.98477865562495,9.299238932781247,17.76545596051323,0,0.0,4.358859431862657,0.2075647348506027,0.21167386992553866,0,0.0
2262,mMTC,291.0,209.0,582,581,45566634.0,78427.94148020654,581,0.9982817869415808,179.4702542758977,0.3088988885987912,0.3300947192874966,0,0.0,118.12450963141886,0.20296307496807364,0.2260287226477918,0,0.0
2263,eMBB,487.5,12.5,22,1927,329264236.9469551,170868.83079758956,21,0.9545454545454546,193.66405923469944,9.222098058795211,15.370592098288201,0,0.0,4.365480659916203,0.19843093908710016,0.20568293472345003,0,0.0
2264,mMTC,249.25,250.75,499,498,40146173.0,80614.80522088353,498,0.9979959919839679,151.51543824396347,0.304247867959766,0.3321833789778946,0,0.0,99.47859728292016,0.1993559063785975,0.22966744657517,0,0.0
2265,eMBB,493.5,6.5,20,1953,309346501.3275572,158395.54599465296,19,0.95,190.27753291767354,10.014606995667028,17.97496362758052,0,0.0,4.1261988204195355,0.20630994102097677,0.21492129167826646,0,0.0
2266,mMTC,295.5,204.5,591,591,47899857.0,81048.82741116751,591,1.0,184.85293876479324,0.31277993022807654,0.33161827586530446,0,0.0,122.40559483214822,0.20711606570583457,0.22709324784502175,0,0.0
2267,eMBB,490.5,9.5,25,1936,415038694.3566993,214379.49088672485,24,0.96,189.03624992605162,7.876510413585485,13.668454635840003,0,0.0,4.948867105521216,0.19795468422084864,0.20444318931316469,0,0.0
2268,eMBB,494.0,6.0,19,1956,316861196.8263689,161994.47690509658,18,0.9473684210526315,192.9154190528654,10.717523280714744,17.37677499370193,0,0.0,3.9317151960172176,0.2069323787377483,0.21064361890486594,0,0.0
2269,eMBB,490.75,9.25,23,1939,325252006.5516743,167742.1385000899,22,0.9565217391304348,187.2785061479402,8.512659370360918,16.269521966763065,0,0.0,4.622506778882575,0.2009785556035902,0.20786590248865605,0,0.0
2270,eMBB,491.5,8.5,18,1947,335814220.1884263,172477.7710264131,17,0.9444444444444444,183.57082803155112,10.798284001855947,16.705243075553604,0,0.0,3.5437992011424826,0.1968777333968046,0.20386200281694147,0,0.0
2271,URLLC,213.75,286.25,855,854,120600207.0,141218.04098360657,854,0.9988304093567252,51.46458493778964,0.060262980020830956,0.06166645630263184,0,0.0,4.103803758971604,0.0047997704783293614,0.006124169372412145,0,0.0
2272,eMBB,491.5,8.5,20,1945,307663487.77356863,158181.74178589648,19,0.95,194.44016611301834,10.233692953316755,18.074541669750346,0,0.0,4.187608246158987,0.20938041230794938,0.2249722655084363,0,0.0
2273,eMBB,490.0,10.0,18,1941,317355911.10816705,163501.24219895262,17,0.9444444444444444,188.51793756843284,11.089290445201932,17.37145623498004,0,0.0,3.697046474606436,0.2053914708114687,0.2102939072987626,0,0.0
2274,eMBB,488.75,11.25,29,1925,408870888.80329835,212400.46171599915,28,0.9655172413793104,193.67952207117446,6.9171257882562305,13.568062656692526,0,0.0,5.825941510929476,0.2008945348596371,0.20652159049815116,0,0.0
2275,mMTC,264.0,236.0,528,528,41719093.0,79013.43371212122,528,1.0,160.77456151955369,0.30449727560521533,0.32174596146079903,0,0.0,106.06250855833702,0.2008759631786686,0.21907154089779535,0,0.0
2276,eMBB,488.5,11.5,20,1933,325880118.19493407,168587.74867818627,19,0.95,195.3231297127781,10.280164721725162,17.16833276658527,0,0.0,4.067524007127791,0.20337620035638956,0.20803485181372372,0,0.0
2277,mMTC,244.25,255.75,489,488,37130809.0,76087.72336065574,488,0.9979550102249489,155.6052831775739,0.31886328519994656,0.34288070073506194,0,0.0,104.67392892650106,0.21405711436912284,0.24314520449666466,0,0.0
2278,eMBB,488.0,12.0,20,1931,306309798.24040145,158627.54958073611,19,0.95,184.3357748278934,9.7018828856786,17.27495219350968,0,0.0,4.193307948548944,0.20966539742744722,0.21512377426205848,0,0.0
2279,mMTC,315.0,185.0,630,630,49867707.0,79155.09047619048,630,1.0,193.34929398123558,0.3069036412400565,0.3313434509354843,0,0.0,127.80809640210586,0.20286999428905692,0.22825964298738574,0,0.0
2280,eMBB,494.75,5.25,19,1959,319229506.6777013,162955.33776299199,18,0.9473684210526315,194.62342344713136,10.81241241372952,16.775129151316655,0,0.0,3.93418379928967,0.2070623052257721,0.21030599142763867,0,0.0
2281,URLLC,168.75,331.25,675,675,94570473.0,140104.40444444446,675,1.0,40.84435010048183,0.060510148297010125,0.06500387285462046,0,0.0,3.4995242956485875,0.005184480437997907,0.007160927021287126,0,0.0
2282,eMBB,493.25,6.75,21,1951,314832306.2456671,161369.71104339676,20,0.9523809523809523,194.57198151500396,9.728599075750198,16.37285767852513,0,0.0,4.351232731758344,0.20720155865515924,0.21315019897989518,0,0.0
2283,eMBB,491.5,8.5,19,1946,327871810.11912,168485.00006121275,18,0.9473684210526315,194.93345986509914,10.829636659172174,16.651611390684856,0,0.0,3.8453457392034966,0.20238661785281561,0.20807493765154922,0,0.0
2284,mMTC,238.25,261.75,477,476,37156397.0,78059.6575630252,476,0.9979035639412998,151.73220128167,0.3187651287430042,0.3413776209311984,0,0.0,102.1679124593865,0.21418849572198428,0.23567314767208677,0,0.0
2285,eMBB,490.25,9.75,18,1942,309960873.10607255,159609.1004665667,17,0.9444444444444444,182.61012579076305,10.741772105339003,17.5153576558876,0,0.0,3.6976879012936266,0.2054271056274237,0.21251999796152427,0,0.0
2286,eMBB,487.25,12.75,20,1928,305636478.02017856,158525.14420133742,19,0.95,193.74332693816729,10.197017207271962,18.47488973791157,0,0.0,4.191456194332612,0.2095728097166306,0.2254555988417696,0,0.0
2287,eMBB,491.75,8.25,19,1947,316247984.6188379,162428.34340977806,18,0.9473684210526315,187.34094833442987,10.407830463023881,16.27243034183339,0,0.0,3.8558759236631954,0.2029408380875366,0.2099926820734915,0,0.0
2288,mMTC,306.0,194.0,612,611,50483311.0,82624.07692307692,611,0.9983660130718954,192.72030345078204,0.3154178452549624,0.3380854554741083,0,0.0,129.63389099651707,0.21182008332764227,0.23519985928245907,0,0.0
2289,URLLC,183.25,316.75,733,732,103891816.0,141928.71038251367,732,0.9986357435197817,44.26928731214669,0.06047716845921679,0.0631770212,0,0.0,3.7303379330914455,0.005089137698624073,0.0067616700577316224,0,0.0
2290,mMTC,253.75,246.25,508,507,39880536.0,78659.83431952662,507,0.9980314960629921,157.07136695884387,0.30980545751251254,0.33042297785507013,0,0.0,103.55220811213005,0.2038429293545867,0.22704949427830154,0,0.0
2291,eMBB,493.0,7.0,21,1950,334408788.289884,171491.6863025046,20,0.9523809523809523,188.38857896888996,9.419428948444498,16.266552316409328,0,0.0,4.159500667883689,0.19807146037541376,0.20343763816221455,0,0.0
2292,URLLC,210.5,289.5,842,842,117044522.0,139007.7458432304,842,1.0,50.78133651173013,0.06031037590466762,0.06447859401134931,0,0.0,4.114619243653183,0.004886721191987154,0.006594747472887764,0,0.0
2293,mMTC,283.0,217.0,566,565,45142166.0,79897.6389380531,565,0.9982332155477032,173.50273439134855,0.3070844856484045,0.32727775918946367,0,0.0,115.05443165212502,0.2032763810108216,0.2241744357469833,0,0.0
2294,eMBB,489.0,11.0,22,1933,312194558.8309416,161507.79039365836,21,0.9545454545454546,191.8302842702117,9.134775441438652,15.773450409002379,0,0.0,4.549788923022404,0.20680858741010927,0.2110803152155813,0,0.0
2295,eMBB,486.5,13.5,28,1917,408154285.43798774,212913.0336139738,27,0.9642857142857143,193.75061436091738,7.175948680033977,13.667853794785637,0,0.0,5.563492954955594,0.19869617696269978,0.2049848322353599,0,0.0
2296,eMBB,490.75,9.25,17,1945,317891692.58831644,163440.4589143015,16,0.9411764705882353,193.62208828683606,12.101380517927254,17.972789272364075,0,0.0,3.4749412550498238,0.20440830912057786,0.21099281148222251,0,0.0
2297,eMBB,482.0,18.0,25,1902,318820128.9979771,167623.62197580287,24,0.96,191.99799237497894,7.999916348957456,17.17345743190709,0,0.0,5.110829438289545,0.2044331775315818,0.2195708929152148,0,0.0
2298,eMBB,493.5,6.5,18,1955,337596105.2000353,172683.42976983901,17,0.9444444444444444,191.31463444746439,11.253802026321434,17.166778229147376,0,0.0,3.5904412511668466,0.19946895839815815,0.20456398256700417,0,0.0
2299,eMBB,492.0,8.0,20,1947,309176685.6026481,158796.44869165283,19,0.95,191.33781384145175,10.07041125481325,17.472292402657875,0,0.0,4.19293642992689,0.2096468214963445,0.2130857261689825,0,0.0
2300,eMBB,487.25,12.75,21,1927,303785053.0997567,157646.6284897544,20,0.9523809523809523,187.30009052820523,9.365004526410262,17.968360224891303,0,0.0,4.382179377816987,0.2086752084674756,0.2126149791699034,0,0.0
2301,eMBB,494.0,6.0,24,1951,315223856.7447755,161570.4032520633,23,0.9583333333333334,198.54078214324102,8.632207919271348,17.673624123104933,0,0.0,4.932914066137782,0.20553808608907423,0.21166319772010722,0,0.0
2302,mMTC,272.0,228.0,544,544,43508399.0,79978.67463235294,544,1.0,171.64384722577515,0.31552177798855724,0.3390214142919543,0,0.0,115.44673267472518,0.21221825859324484,0.23675611902618124,0,0.0
2303,eMBB,494.75,5.25,18,1960,318083567.5122154,162287.53444500786,17,0.9444444444444444,189.22124263570535,11.13066133151208,17.87259245588451,0,0.0,3.7022928218863695,0.20568293454924275,0.21048781708836403,0,0.0
2304,eMBB,486.25,13.75,22,1922,322672212.11912125,167883.56509839816,21,0.9545454545454546,193.06369115975272,9.193509102845368,16.971150278489407,0,0.0,4.479198095556703,0.2035999134343956,0.20692066189652072,0,0.0
2305,eMBB,492.25,7.75,22,1946,332791640.9469554,171013.1762317345,21,0.9545454545454546,195.5610278158227,9.312429895991558,15.866168801756958,0,0.0,4.369507375904286,0.198613971632013,0.20701428727041182,0,0.0
2306,eMBB,494.75,5.25,20,1958,312642814.6141032,159674.57334734587,19,0.95,190.76747939535952,10.040393652387342,18.176695687307415,0,0.0,4.125334592066834,0.20626672960334172,0.21328332524797455,0,0.0
2307,mMTC,296.75,203.25,594,593,47572293.0,80223.0910623946,593,0.9983164983164983,182.01447361597215,0.306938404074152,0.32730832131054366,0,0.0,120.67817516955255,0.20316191105985276,0.22305373070508394,0,0.0
2308,eMBB,492.0,8.0,18,1949,319768015.68644077,164067.73508796346,17,0.9444444444444444,195.71589353083965,11.512699619461156,17.671273585634932,0,0.0,3.702037278033227,0.2056687376685126,0.20935118638355227,0,0.0
2309,mMTC,310.25,189.75,621,620,51468596.0,83013.86451612903,620,0.998389694041868,195.52282158340327,0.3153593896506504,0.33505596357457856,0,0.0,131.6036978655206,0.2119222187850573,0.23498767499328657,0,0.0
2310,eMBB,493.0,7.0,22,1949,312951186.17296666,160570.13143815633,21,0.9545454545454546,189.5947689711721,9.028322331960576,17.00817098292778,0,0.0,4.513507617869979,0.20515943717590812,0.21221494864811855,0,0.0
2311,URLLC,214.25,285.75,857,857,119696918.0,139669.68261376896,857,1.0,52.1647866685847,0.06086906262378612,0.062497638569874794,0,0.0,4.8168635559693005,0.005620610917117037,0.007132104597313111,0,0.0
2312,eMBB,488.75,11.25,21,1933,330993287.2873058,171232.94738091348,20,0.9523809523809523,186.64206225638927,9.332103112819464,16.166638335693868,0,0.0,4.213371919783799,0.2006367580849428,0.20545288970762787,0,0.0
2313,eMBB,462.75,37.25,21,1823,288337810.78745246,158166.65429920595,20,0.9523809523809523,181.26724244763633,9.063362122381816,15.875049774503239,0,0.0,4.350478671779638,0.20716565103712561,0.21376630962025556,0,0.0
2314,eMBB,491.5,8.5,18,1947,309894285.27619183,159165.01555017557,17,0.9444444444444444,188.22555675576578,11.072091573868576,17.611071794932606,0,0.0,3.7067564470414305,0.2059309137245239,0.2141329774537628,0,0.0
2315,mMTC,301.5,198.5,603,603,46939740.0,77843.68159203981,603,1.0,189.0632121420655,0.3135376652438897,0.33396603519580936,0,0.0,125.42918173356296,0.20800859325632332,0.2308327678001954,0,0.0
2316,mMTC,306.75,193.25,614,613,49317793.0,80453.1696574225,613,0.998371335504886,193.6680336026758,0.31593480196195073,0.33562165856820914,0,0.0,130.5268731547847,0.2125844839654474,0.23417045776756312,0,0.0
2317,eMBB,489.5,10.5,18,1939,314231342.2573243,162058.4539748965,17,0.9444444444444444,191.85588055980404,11.28564003292965,16.876601577767207,0,0.0,3.7411265045709263,0.20784036136505146,0.21454199170407967,0,0.0
2318,eMBB,492.0,8.0,23,1944,327220975.1451517,168323.5468853661,22,0.9565217391304348,195.66556342458608,8.893889246572094,17.369396774517174,0,0.0,4.615801726901855,0.2006870316044285,0.21112889025423742,0,0.0
2319,mMTC,272.5,227.5,545,545,45131188.0,82809.51926605505,545,1.0,173.87207899467427,0.31903133760490693,0.3395315782901306,0,0.0,117.23528808325683,0.21511062033625106,0.23525846475346768,0,0.0
2320,mMTC,305.25,194.75,611,610,47713117.0,78218.22459016394,610,0.9983633387888707,185.64000641498896,0.3043278793688344,0.3269887339916492,0,0.0,121.93143272821837,0.1995604463636962,0.22542206014891303,0,0.0
2321,eMBB,488.75,11.25,18,1936,308650105.5060203,159426.7073894733,17,0.9444444444444444,195.58524993688496,11.505014702169703,18.27389382559139,0,0.0,3.7672389052017894,0.2092910502889883,0.21575928318290366,0,0.0
2322,eMBB,494.25,5.75,20,1956,318620452.732359,162893.8919899586,19,0.95,191.92864651553407,10.1015077113439,17.874928215515638,0,0.0,4.081004975939397,0.20405024879696984,0.210460561225344,0,0.0
2323,eMBB,490.25,9.75,22,1939,416787979.0000002,214949.9633831873,22,1.0,197.55109284919575,8.979595129508898,13.468533528671726,0,0.0,4.3999291512408645,0.19999677960185747,0.2044862358479922,0,0.0
2324,eMBB,493.5,6.5,17,1956,318552546.1564846,162859.17492662813,16,0.9411764705882353,195.22263661196467,12.201414788247792,17.57202415587946,0,0.0,3.4733567410272688,0.20431510241336875,0.2121684934207127,0,0.0
2325,eMBB,492.0,8.0,20,1947,327913884.9348934,168420.07444010963,19,0.95,193.87559167412817,10.20397850916464,15.770678070416654,0,0.0,4.027969280850557,0.20139846404252784,0.20846480472427822,0,0.0
2326,eMBB,490.0,10.0,20,1939,331781244.43660414,171109.4607718433,19,0.95,185.49436289636375,9.762861205071777,16.568686569357258,0,0.0,4.036407944255108,0.2018203972127554,0.20898446123156855,0,0.0
2327,eMBB,493.5,6.5,18,1955,313182148.17544377,160195.4722125032,17,0.9444444444444444,186.9148311477279,10.994990067513406,18.271834672011103,0,0.0,3.7063420411219448,0.20590789117344138,0.2155559018803937,0,0.0
2328,eMBB,489.0,11.0,17,1938,309950761.4658944,159933.3134498939,16,0.9411764705882353,189.8349693764656,11.8646855860291,18.175029397148446,0,0.0,3.4874567720093688,0.2051445160005511,0.21358556724083644,0,0.0
2329,eMBB,493.25,6.75,17,1955,319735055.3576332,163547.34289393,16,0.9411764705882353,191.80084017383197,11.987552510864498,16.910988727672404,0,0.0,3.4502039520800944,0.20295317365177026,0.21171297782394152,0,0.0
2330,mMTC,251.0,249.0,502,501,39928828.0,79698.25948103792,501,0.99800796812749,158.5840628041459,0.3165350554972972,0.3398064969840313,0,0.0,107.26529082609197,0.21367587813962544,0.23840313651751927,0,0.0
2331,eMBB,492.5,7.5,22,1947,314698437.09820527,161632.4792492066,21,0.9545454545454546,196.09938588365253,9.338065994459644,17.472248985645766,0,0.0,4.524642125429313,0.20566555115587787,0.21323030801288573,0,0.0
2332,eMBB,490.5,9.5,23,1938,325116031.76198375,167758.53032094106,22,0.9565217391304348,193.21354441146372,8.782433836884714,17.3682763081015,0,0.0,4.671761730930752,0.2031200752578588,0.20675402532721043,0,0.0
2333,URLLC,197.25,302.75,789,789,111162416.0,140890.26108998733,789,1.0,47.530437963747175,0.060241366240490715,0.06260787527692308,0,0.0,3.8982018295164935,0.0049406867294252135,0.00625910071055042,0,0.0
2334,mMTC,306.5,193.5,613,613,49446380.0,80662.93637846656,613,1.0,186.92577498143893,0.30493601138897053,0.33369706408055017,0,0.0,123.30364169227425,0.20114786572964805,0.2317245378161332,0,0.0
2335,eMBB,495.5,4.5,22,1959,309652187.61658967,158066.45615956595,21,0.9545454545454546,193.62372972562167,9.220177605981984,17.57757771893189,0,0.0,4.548454677042563,0.20674793986557105,0.21372078404900835,0,0.0
2336,eMBB,492.0,8.0,18,1949,318218918.83094156,163272.91884604492,17,0.9444444444444444,192.74273945619765,11.337808203305745,16.672463047885188,0,0.0,3.732466211587208,0.2073592339770671,0.21046301390549138,0,0.0
2337,eMBB,490.75,9.25,26,1936,413580583.85724145,213626.33463700488,25,0.9615384615384616,196.4251476436376,7.8570059057455035,13.767324572192368,0,0.0,5.17518451837806,0.19904555839915616,0.20585651998734728,0,0.0
2338,eMBB,492.0,8.0,18,1949,315812347.7283323,162038.14660253067,17,0.9444444444444444,182.53511519942393,10.737359717613172,17.872448797329177,0,0.0,3.7245105288911478,0.20691725160506377,0.21172611640970473,0,0.0
2339,eMBB,495.0,5.0,21,1958,330491011.25219953,168790.09767732356,20,0.9523809523809523,189.73159582804814,9.486579791402407,17.368659108359154,0,0.0,4.219368092029079,0.2009222900966228,0.20870265329951226,0,0.0
2340,eMBB,492.5,7.5,23,1946,331143336.55861944,170166.15444944473,22,0.9565217391304348,190.1858837666824,8.644812898485563,14.868543313641508,0,0.0,4.632800627931524,0.20142611425789236,0.20460217285214854,0,0.0
2341,mMTC,241.0,259.0,482,481,37247012.0,77436.61538461539,481,0.9979253112033195,147.07322369883153,0.30576553783540855,0.32880774732112694,0,0.0,97.33086375894887,0.2019312526119271,0.2240352824305885,0,0.0
2342,eMBB,494.25,5.75,21,1955,310031294.73008496,158583.7824706317,20,0.9523809523809523,193.39954530878572,9.669977265439286,17.777839616672996,0,0.0,4.38955770168644,0.20902655722316382,0.21412391767299666,0,0.0
2343,eMBB,493.75,6.25,20,1954,318202441.9098955,162846.69493853403,19,0.95,186.5021701783844,9.815903693599179,17.671474152375062,0,0.0,4.159502916433585,0.20797514582167925,0.22282689009525403,0,0.0
2344,URLLC,161.25,338.75,645,644,88857810.0,137977.96583850932,644,0.9984496124031008,39.002308757550566,0.06056259123843256,0.06542078790657072,0,0.0,3.390388826237681,0.005256416784864622,0.00740152957323738,0,0.0
2345,eMBB,492.75,7.25,20,1950,315407790.09820485,161747.58466574608,19,0.95,196.126719179304,10.322458904173894,17.2719885693881,0,0.0,4.185373329989129,0.20926866649945644,0.2130696353750268,0,0.0
2346,eMBB,492.75,7.25,22,1948,326909956.6329382,167818.25289165205,21,0.9545454545454546,185.39433364130733,8.828301601967016,15.17046938789628,0,0.0,4.418376511384623,0.20083529597202832,0.20677392803889189,0,0.0
2347,mMTC,308.0,192.0,616,616,48702424.0,79062.37662337662,616,1.0,197.0338157696921,0.31986009053521447,0.34303380351701024,0,0.0,133.12021761984056,0.21610424938285805,0.2434954664229931,0,0.0
2348,URLLC,147.5,352.5,590,590,83227223.0,141063.08983050848,590,1.0,35.64796146173155,0.06042027366395178,0.06544306579489802,0,0.0,2.9611150315007695,0.005018839036441982,0.006949122963934422,0,0.0
2349,eMBB,492.0,8.0,21,1946,308318619.17465365,158437.11160054145,20,0.9523809523809523,185.93188660644827,9.296594330322414,17.775095528828718,0,0.0,4.325082730855229,0.20595632051691565,0.21141798838051667,0,0.0
2350,eMBB,490.5,9.5,19,1942,316763596.67770046,163112.04772281178,18,0.9473684210526315,192.9231332841011,10.717951849116728,17.4752633080745,0,0.0,3.9486090011509947,0.20782152637636814,0.22331022342858736,0,0.0
2351,eMBB,486.0,14.0,27,1916,408127532.2434235,213010.19428153627,26,0.9629629629629629,192.82522660089904,7.416354869265348,12.965091700593723,0,0.0,5.411846588820114,0.20043876254889312,0.2054562187512169,0,0.0
2352,mMTC,297.75,202.25,596,595,48159929.0,80941.05714285714,595,0.9983221476510067,181.81532453431456,0.30557197400725133,0.3240758865575109,0,0.0,120.25732156540941,0.20177402947216344,0.22115003103113967,0,0.0
2353,eMBB,492.5,7.5,21,1948,329155484.9752481,168970.98818031215,20,0.9523809523809523,189.8444385107848,9.49222192553924,16.46908775395641,0,0.0,4.232688799260504,0.2015566094885954,0.2087100677337257,0,0.0
2354,mMTC,255.0,245.0,510,510,42459825.0,83254.55882352941,510,1.0,163.00323088237386,0.31961417820073307,0.34222479996127003,0,0.0,110.2820894044883,0.21623939098919276,0.23774097157266014,0,0.0
2355,URLLC,192.75,307.25,771,770,108664978.0,141123.34805194807,770,0.9987029831387808,46.50505582484447,0.060396176395901904,0.06497445637931903,0,0.0,3.8766448250044028,0.0050280737029888495,0.007177470225472884,0,0.0
2356,eMBB,496.75,3.25,20,1966,312797385.9340142,159103.45164497162,19,0.95,192.95430012528124,10.155489480277959,18.07304802657785,0,0.0,4.112902433730506,0.2056451216865253,0.21146573510556058,0,0.0
2357,mMTC,280.0,220.0,560,560,45104451.0,80543.6625,560,1.0,176.1962921571391,0.31463623599489127,0.3377361066921797,0,0.0,117.26261343034535,0.20939752398275957,0.2310304363176131,0,0.0
2358,eMBB,493.0,7.0,25,1946,417469777.45014673,214527.12099185342,24,0.96,193.05039522978734,8.043766467907806,13.571746313733579,0,0.0,4.971036885508447,0.19884147542033787,0.20550022740579482,0,0.0
2359,eMBB,491.0,9.0,20,1943,314230333.3050017,161724.30947246612,19,0.95,197.09052484380945,10.373185518095234,18.176968436335333,0,0.0,4.147687728242586,0.20738438641212928,0.21154365259271668,0,0.0
2360,eMBB,495.5,4.5,19,1962,332420767.5355694,169429.5451251628,18,0.9473684210526315,191.16760870182173,10.620422705656763,17.071821386422158,0,0.0,3.889499419010284,0.20471049573738337,0.20895857786240846,0,0.0
2361,eMBB,493.0,7.0,19,1952,335171710.48202,171706.81889447747,18,0.9473684210526315,195.0067721670754,10.833709564837523,17.066957941571157,0,0.0,3.8195669291289676,0.20102983837520882,0.20449750512806003,0,0.0
2362,eMBB,486.25,13.75,19,1925,305703905.5309254,158807.22365242877,18,0.9473684210526315,180.4626589668389,10.025703275935493,17.47590620156085,0,0.0,3.9928722206229232,0.21015116950646964,0.22565566663249664,0,0.0
2363,eMBB,492.0,8.0,20,1947,307815717.61658907,158097.44099465283,19,0.95,192.14715144543015,10.113007970812113,18.375604496528183,0,0.0,4.210030446613624,0.2105015223306812,0.2261650234831428,0,0.0
2364,eMBB,491.25,8.75,21,1943,314417749.562671,161820.766630299,20,0.9523809523809523,195.73819560699442,9.78690978034972,16.57214875775562,0,0.0,4.334712669332438,0.20641488901583038,0.21010386486629645,0,0.0
2365,URLLC,196.5,303.5,786,785,112157220.0,142875.43949044586,785,0.9987277353689568,47.588188388480944,0.06062189603628146,0.0655311248322701,0,0.0,4.197921198443229,0.005340866664686042,0.007680989832270091,0,0.0
2366,URLLC,152.5,347.5,610,610,85691903.0,140478.52950819672,610,1.0,36.97666801875504,0.060617488555336135,0.06336353410769231,0,0.0,3.204750768062724,0.005253689783709384,0.00710879826857758,0,0.0
2367,eMBB,492.25,7.75,19,1949,329478124.33742976,169049.83290786546,18,0.9473684210526315,187.8809849504608,10.437832497247822,16.66816597208304,0,0.0,3.805732490080919,0.2003017100042589,0.20831395792001267,0,0.0
2368,eMBB,492.5,7.5,22,1947,331917442.79326046,170476.34452658473,21,0.9545454545454546,195.82419576987547,9.324961703327403,16.97240532790844,0,0.0,4.4373692919727645,0.2016986041805802,0.20648633395029356,0,0.0
2369,mMTC,237.5,262.5,475,475,37072730.0,78047.85263157895,475,1.0,145.46628568833793,0.3062448119754483,0.33445994395078227,0,0.0,96.2207793774379,0.2025700618472377,0.2334806081356028,0,0.0
2370,eMBB,492.25,7.75,21,1947,307022628.13870174,157690.10176615394,20,0.9523809523809523,186.71832570179768,9.335916285089883,16.674244882436398,0,0.0,4.416024373725032,0.21028687493928727,0.21494949298028038,0,0.0
2371,eMBB,482.25,17.75,24,1904,306477038.67770106,160964.83123828837,23,0.9583333333333334,189.95621828592314,8.258966012431442,17.974733817814815,0,0.0,4.954691912210871,0.20644549634211962,0.2105963669729331,0,0.0
2372,URLLC,171.5,328.5,686,685,94164584.0,137466.54598540146,685,0.9985422740524781,41.543325727518194,0.06064719084309225,0.0656790809322701,0,0.0,3.696800992247182,0.005388922729223297,0.007921210932270092,0,0.0
2373,mMTC,265.25,234.75,531,530,42437738.0,80071.2037735849,530,0.9981167608286252,162.10673425047423,0.3058617627367438,0.3247655646122699,0,0.0,107.42169972452203,0.20230075277687765,0.2234651622532583,0,0.0
2374,eMBB,495.25,4.75,23,1957,330060527.3216273,168656.3757392066,22,0.9565217391304348,195.58035084312004,8.890015947414547,17.16858549671366,0,0.0,4.64406411444369,0.20191583106276914,0.20969763758476237,0,0.0
2375,eMBB,490.25,9.75,20,1940,332589082.2945831,171437.67128586757,19,0.95,193.27891581685105,10.172574516676372,16.273200957776233,0,0.0,4.029480646977407,0.20147403234887035,0.2072247406748895,0,0.0
2376,eMBB,494.75,5.25,19,1959,313122526.7209478,159837.94115413364,18,0.9473684210526315,182.80200303510216,10.155666835283453,17.878895633872776,0,0.0,3.929880013543771,0.20683579018651424,0.2158702608681602,0,0.0
2377,URLLC,221.5,278.5,886,886,122996595.0,138822.34198645598,886,1.0,53.35396103545443,0.060218917647239766,0.06604028073846155,0,0.0,4.426741418685238,0.0049963221429855965,0.007896113815384617,0,0.0
2378,eMBB,493.5,6.5,21,1952,317212704.2265564,162506.50831278504,20,0.9523809523809523,195.57030357824095,9.778515178912048,17.67473702432403,0,0.0,4.268590497575692,0.20326621417027108,0.20912411897711464,0,0.0
2379,mMTC,277.0,223.0,554,554,42599437.0,76894.29061371842,554,1.0,175.4849862063686,0.31675990289958234,0.34126095683513513,0,0.0,118.62198875625116,0.2141191132784317,0.24024816719362874,0,0.0
2380,eMBB,490.0,10.0,19,1940,313709085.0923668,161705.71396513755,18,0.9473684210526315,191.96859293508354,10.664921829726863,17.772255822363142,0,0.0,3.894670253861426,0.20498264494007506,0.21204881862403555,0,0.0
2381,URLLC,197.25,302.75,789,789,110934852.0,140601.84030418252,789,1.0,48.11967003402697,0.060988174948069664,0.06630909234634623,0,0.0,4.553697807180813,0.005771480110495327,0.008544608884807764,0,0.0
2382,eMBB,492.75,7.25,21,1949,332928093.41710997,170819.95557573627,20,0.9523809523809523,184.9334357451954,9.24667178725977,14.166248779238913,0,0.0,4.216678332766291,0.20079420632220432,0.2067053820703285,0,0.0
2383,eMBB,491.5,8.5,17,1948,312762936.4000571,160555.9221766207,16,0.9411764705882353,189.68982244892345,11.855613903057716,18.176817297451162,0,0.0,3.55465872520615,0.20909757207095,0.21624316140475297,0,0.0
2384,mMTC,287.5,212.5,575,574,46617286.0,81214.78397212544,574,0.9982608695652174,177.19732771159588,0.3087061458390172,0.32783676203877676,0,0.0,118.08228907049627,0.20536050273129786,0.22422461552320933,0,0.0
2385,eMBB,485.25,14.75,23,1917,311090311.7029558,162279.76614656014,22,0.9565217391304348,195.03609721454532,8.865277146115696,17.569730730121528,0,0.0,4.7035601843401675,0.20450261671044206,0.21263625171301948,0,0.0
2386,eMBB,488.75,11.25,26,1928,412461364.99999994,213932.24325726138,25,0.9615384615384616,196.96402662933127,7.878561065173251,13.464405279028872,0,0.0,5.2220774072452425,0.20084913104789395,0.20495147928449164,0,0.0
2387,mMTC,223.0,277.0,446,446,34798846.0,78024.31838565023,446,1.0,136.5832207221222,0.30624040520655205,0.32684129562468894,0,0.0,90.67398778289282,0.203304905342809,0.22232644614905026,0,0.0
2388,eMBB,492.75,7.25,19,1951,331219936.8079633,169769.3166622057,18,0.9473684210526315,197.78926868635074,10.988292704797264,17.268794378974526,0,0.0,3.8191211342890226,0.2010063754888959,0.20729688653353803,0,0.0
2389,eMBB,496.0,4.0,18,1965,337978800.31785357,171999.38947473463,17,0.9444444444444444,193.37965462896884,11.375273801704049,16.966559645934513,0,0.0,3.5657933836243076,0.19809963242357265,0.2044160611766182,0,0.0
2390,eMBB,491.75,8.25,20,1946,309713529.1301326,159153.9204163066,19,0.95,188.5564269221256,9.924022469585559,17.573849254258832,0,0.0,4.121545751515469,0.20607728757577343,0.21156346796794173,0,0.0
2391,mMTC,264.25,235.75,529,528,42303410.0,80120.0946969697,528,0.998109640831758,163.07750509165106,0.30885891115843006,0.3287972379390687,0,0.0,108.64861294099903,0.20538490158979023,0.22497807366711392,0,0.0
2392,eMBB,491.75,8.25,21,1945,314905436.08723474,161905.10852814125,20,0.9523809523809523,195.28676149587645,9.764338074793823,17.668705287246173,0,0.0,4.2838039807959785,0.20399066575218944,0.2115101115324246,0,0.0
2393,eMBB,485.0,15.0,27,1912,408105280.01776415,213444.18410970928,26,0.9629629629629629,190.96197257381678,7.344691252839107,13.265571990501584,0,0.0,5.35803912196253,0.19844589340601962,0.20337344594951023,0,0.0
2394,eMBB,492.25,7.75,22,1946,313676015.80928665,161190.14173139088,21,0.9545454545454546,190.4627275720527,9.069653693907272,17.274440925240285,0,0.0,4.5959917584364565,0.20890871629256622,0.21410101493876077,0,0.0
2395,mMTC,285.75,214.25,572,571,44824408.0,78501.59019264448,571,0.9982517482517482,177.4577491840357,0.3107841491839504,0.33298174700359867,0,0.0,117.32335572639639,0.20511076175943424,0.22650427625191946,0,0.0
2396,eMBB,487.5,12.5,22,1927,328570772.79326105,170508.96356681944,21,0.9545454545454546,193.83029100351752,9.230013857310357,16.8667298620984,0,0.0,4.448924878989769,0.20222385813589858,0.21950367224660358,0,0.0
2397,eMBB,493.75,6.25,18,1956,313029067.2457438,160035.31045283427,17,0.9444444444444444,181.92247761639115,10.701322212728892,18.179686835834186,0,0.0,3.7243418136023725,0.20690787853346515,0.21498072999111784,0,0.0
2398,eMBB,490.5,9.5,22,1939,305477306.7826353,157543.7373814519,21,0.9545454545454546,194.45502805660107,9.259763240790527,17.674620885147007,0,0.0,4.588593250944551,0.2085724204974796,0.21300730789684966,0,0.0
2399,URLLC,173.25,326.75,693,693,98746904.0,142491.92496392498,693,1.0,41.76995025723866,0.06027409849529389,0.06377697423655611,0,0.0,3.586336204315535,0.005175088317915634,0.00637362422393374,0,0.0
2400,URLLC,221.0,279.0,884,884,122911856.0,139040.56108597285,884,1.0,53.68808019496162,0.06073312239249052,0.06575238903296948,0,0.0,4.870217132461595,0.005509295398712212,0.008202729866302806,0,0.0
2401,mMTC,246.25,253.75,493,492,38938593.0,79143.48170731707,492,0.9979716024340771,150.87926725009564,0.30666517733759274,0.3261835346641818,0,0.0,100.31184568856996,0.20347230362793095,0.22302599147811564,0,0.0
2402,mMTC,267.0,233.0,534,534,41998844.0,78649.52059925093,534,1.0,166.2147308843459,0.31126354098192116,0.33916581783307276,0,0.0,110.1295212938532,0.20623505860272134,0.22909571067722298,0,0.0
2403,URLLC,157.0,343.0,628,628,87910993.0,139985.6576433121,628,1.0,37.90946567580946,0.06036539120351824,0.06267135830047461,0,0.0,3.197892920963298,0.005092186179877863,0.0074810198389361465,0,0.0
2404,eMBB,491.0,9.0,23,1940,305706921.39838815,157580.88731875678,22,0.9565217391304348,195.08705025216162,8.867593193280074,15.274931120108732,0,0.0,4.758375868584541,0.20688590732976267,0.21282168329083273,0,0.0
2405,eMBB,494.0,6.0,19,1956,310777929.21867937,158884.42189094037,18,0.9473684210526315,192.4965904414651,10.694255024525837,16.977875892196835,0,0.0,3.9237844414936065,0.20651497060492666,0.2137507167652881,0,0.0
2406,eMBB,487.25,12.75,22,1926,310677891.35763305,161307.3163850639,21,0.9545454545454546,189.80025768623565,9.038107508868364,15.27394367989123,0,0.0,4.534858678111608,0.20612993991416398,0.21327475394247275,0,0.0
2407,eMBB,491.75,8.25,30,1936,410901061.44613785,212242.28380482327,29,0.9666666666666667,191.94433593444154,6.618770204635915,12.966786275385845,0,0.0,6.044686570739076,0.2014895523579692,0.21500016303848085,0,0.0
2408,eMBB,490.0,10.0,18,1941,314308013.1115801,161930.9701759815,17,0.9444444444444444,184.96133385208415,10.880078461887303,17.970703846198685,0,0.0,3.7537838343334675,0.20854354635185932,0.21307510763686047,0,0.0
2409,mMTC,281.0,219.0,562,562,44283127.0,78795.59964412812,562,1.0,174.7896750875434,0.31101365673940107,0.33929593494253024,0,0.0,115.91758342359,0.20625904523770464,0.230194300903764,0,0.0
2410,eMBB,492.25,7.75,20,1948,334165206.94695485,171542.71403847786,19,0.95,195.48923005505722,10.288906845003012,16.76665439477193,0,0.0,4.042076086705494,0.2021038043352747,0.20767213446436739,0,0.0
2411,mMTC,295.0,205.0,590,590,46317409.0,78504.08305084746,590,1.0,180.570097370383,0.3060510124921746,0.3253779576669186,0,0.0,119.54194066772567,0.20261345875885706,0.22377650829636353,0,0.0
2412,eMBB,492.25,7.75,17,1951,311003826.5535095,159407.39444054817,16,0.9411764705882353,191.8588543381767,11.991178396136045,17.578884929303435,0,0.0,3.518830879413034,0.20699005173017845,0.21419942624095645,0,0.0
2413,eMBB,494.25,5.75,18,1958,319606278.0002121,163230.9897856037,17,0.9444444444444444,184.56419196788613,10.856717174581537,17.77439460473969,0,0.0,3.6607853545749673,0.20337696414305373,0.21106162035386555,0,0.0
2414,mMTC,260.5,239.5,521,521,40901859.0,78506.44721689059,521,1.0,165.53024954897384,0.31771640988286726,0.33318111997847866,0,0.0,112.2254135828489,0.21540386484232035,0.23274820970691787,0,0.0
2415,eMBB,491.0,9.0,21,1942,314214237.1511345,161799.29822406513,20,0.9523809523809523,192.26619877552258,9.61330993877613,16.972311826798336,0,0.0,4.3662110484751,0.20791481183214763,0.21476344258744945,0,0.0
2416,eMBB,491.75,8.25,21,1945,327211046.5936061,168231.90056226536,20,0.9523809523809523,187.08969457524077,9.354484728762039,17.26859265975706,0,0.0,4.286866768255747,0.20413651277408318,0.2084507753383054,0,0.0
2417,eMBB,493.75,6.25,20,1954,335752297.3549631,171828.19721338953,19,0.95,198.02438146474668,10.422335866565614,16.869186074433372,0,0.0,3.982444813175519,0.19912224065877596,0.2075090852988492,0,0.0
2418,URLLC,156.25,343.75,625,625,84728064.0,135564.9024,625,1.0,37.81834594978339,0.060509353519653426,0.0618537726683899,0,0.0,3.23737780024491,0.005179804480391856,0.006491583128689001,0,0.0
2419,eMBB,490.5,9.5,17,1944,309739632.48980534,159331.08667171057,16,0.9411764705882353,188.48813004618358,11.780508127886474,18.37486414653219,0,0.0,3.553156149407377,0.2090091852592575,0.21163626327596355,0,0.0
2420,eMBB,495.0,5.0,21,1958,318219429.83094186,162522.69143561894,20,0.9523809523809523,194.13562002551436,9.706781001275719,17.673535589514817,0,0.0,4.342092910456712,0.20676632906936723,0.21072714951759114,0,0.0
2421,URLLC,191.25,308.75,765,765,105531324.0,137949.44313725492,765,1.0,46.46082061559014,0.06073309884390868,0.06552208564562706,0,0.0,4.238269092923473,0.005540221036501272,0.007782508978960392,0,0.0
2422,mMTC,277.5,222.5,555,554,45408156.0,81964.18050541516,554,0.9981981981981982,169.67004816595997,0.3062636248483032,0.32620452074490014,0,0.0,113.01961296466733,0.20363894227867987,0.22321609654237656,0,0.0
2423,eMBB,490.75,9.25,19,1943,328802069.5026336,169223.91636779907,18,0.9473684210526315,184.9994863167219,10.277749239817885,16.767634441393945,0,0.0,3.8284131984355376,0.20149543149660723,0.20753480630870844,0,0.0
2424,eMBB,493.5,6.5,19,1954,336820901.6983625,172375.07763478122,18,0.9473684210526315,194.0491869488153,10.780510386045295,17.165568996073628,0,0.0,3.7764261778891983,0.19875927252048411,0.2060658140083117,0,0.0
2425,URLLC,225.5,274.5,902,901,126881513.0,140822.98890122087,901,0.9988913525498891,54.51999961968532,0.06051054341807472,0.06260828909226906,0,0.0,4.7056469916256765,0.005216903538387668,0.007271648476884447,0,0.0
2426,eMBB,491.5,8.5,24,1941,304327131.4972363,156788.8364230996,23,0.9583333333333334,193.42676542069077,8.40985936611699,16.873616238747672,0,0.0,5.032669044825147,0.20969454353438113,0.21362324813813058,0,0.0
2427,eMBB,488.0,12.0,23,1928,311278010.2265566,161451.2501175086,22,0.9565217391304348,193.55739620675317,8.798063463943326,16.171733116191547,0,0.0,4.735255556124661,0.20588067635324614,0.2118933980599893,0,0.0
2428,eMBB,484.5,15.5,25,1912,410207498.10078335,214543.67055480301,24,0.96,184.65314240583868,7.693880933576612,13.66489771473093,0,0.0,4.982735116350097,0.19930940465400387,0.20642737240196926,0,0.0
2429,eMBB,493.25,6.75,18,1954,317582615.9470757,162529.4861551053,17,0.9444444444444444,193.89504065383954,11.405590626696444,17.37435003587516,0,0.0,3.690033218021071,0.20500184544561506,0.21276017483705134,0,0.0
2430,eMBB,490.75,9.25,22,1941,326645452.99999964,168287.19886656344,22,1.0,197.85405743003176,8.993366246819626,17.46842300652321,0,0.0,4.519518619360868,0.2054326645164031,0.22055445485226272,0,0.0
2431,mMTC,245.5,254.5,491,490,39306496.0,80217.3387755102,490,0.9979633401221996,157.45118133358363,0.32132894149710944,0.3450533096976567,0,0.0,107.080473149041,0.21808650335853563,0.24630473584793483,0,0.0
2432,eMBB,492.5,7.5,18,1951,312015339.1789077,159925.8529876513,17,0.9444444444444444,197.12680608157407,11.59569447538671,17.573669037997934,0,0.0,3.7279096817105994,0.20710609342836664,0.21512373111531774,0,0.0
2433,mMTC,293.75,206.25,588,587,45964735.0,78304.48892674617,587,0.9982993197278912,181.48945077093953,0.30918134713959033,0.32888165394578883,0,0.0,121.06311437770228,0.20588965030221476,0.22719321286951646,0,0.0
2434,eMBB,494.75,5.25,16,1962,321687281.46911794,163958.85905663503,15,0.9375,188.8489514960968,12.589930099739785,18.072029726576904,0,0.0,3.2795785453107427,0.20497365908192142,0.2098269500941501,0,0.0
2435,eMBB,494.5,5.5,25,1952,417702270.203639,213986.81875186422,24,0.96,193.7411496274238,8.072547901142658,13.671481996620756,0,0.0,4.970830999886709,0.19883323999546834,0.20531349403596544,0,0.0
2436,mMTC,246.5,253.5,493,492,38841604.0,78946.34959349594,492,0.9979716024340771,151.02984963181555,0.306971239089056,0.3269176230860922,0,0.0,100.94910637489177,0.20476492165292448,0.22544950432691402,0,0.0
2437,eMBB,494.25,5.75,23,1953,327180438.74912494,167527.10637435992,22,0.9565217391304348,196.12291005248474,8.914677729658397,14.569854223892966,0,0.0,4.690251803272095,0.20392399144661283,0.20886046050428714,0,0.0
2438,eMBB,491.5,8.5,19,1946,334925146.3486495,172109.53049776438,18,0.9473684210526315,186.74574415105926,10.374763563947736,16.566598185877403,0,0.0,3.771106361998568,0.19847928221045094,0.20434275471033214,0,0.0
2439,URLLC,141.75,358.25,567,567,81377730.0,143523.33333333334,567,1.0,34.34915011398466,0.06058051166487595,0.06564842879165515,0,0.0,3.0023819614462015,0.0052952062812102315,0.007206882253193612,0,0.0
2440,mMTC,268.5,231.5,537,537,42272996.0,78720.66294227188,537,1.0,166.0485292030582,0.30921513818074153,0.33002957020517043,0,0.0,111.00046131158169,0.2067047696677499,0.22863590697817696,0,0.0
2441,mMTC,294.0,206.0,588,588,48245315.0,82049.85544217686,588,1.0,185.37709260689005,0.31526716429743207,0.33834456895469633,0,0.0,123.5893469446805,0.2101859641916335,0.2319841871547677,0,0.0
2442,eMBB,494.75,5.25,27,1951,416962340.8379228,213717.24286925822,26,0.9629629629629629,199.14773019438135,7.659528084399283,13.165652315357958,0,0.0,5.450742791836524,0.20187936266061202,0.20756381265668558,0,0.0
2443,eMBB,487.75,12.25,19,1931,312239982.72413605,161698.59281415644,18,0.9473684210526315,195.36727802028636,10.853737667793688,18.173258735260323,0,0.0,3.901113196330862,0.20532174717530852,0.21353941988378516,0,0.0
2444,eMBB,492.0,8.0,21,1946,328907137.77390295,169017.0286607929,20,0.9523809523809523,192.74053270411645,9.637026635205823,16.668547263143022,0,0.0,4.248089515754492,0.2022899769406901,0.20974620428666485,0,0.0
2445,eMBB,493.5,6.5,21,1952,335000514.7266978,171619.11615097223,20,0.9523809523809523,192.69585967682596,9.634792983841297,16.96847902649043,0,0.0,4.191073598033252,0.19957493323967865,0.20979827820523156,0,0.0
2446,eMBB,496.75,3.25,17,1969,315552911.8452368,160260.4935729999,16,0.9411764705882353,190.01568279301136,11.87598017456321,18.073382616235623,0,0.0,3.580203536943268,0.21060020805548635,0.22636073281157268,0,0.0
2447,eMBB,490.5,9.5,18,1943,308084237.64990336,158561.11047344486,17,0.9444444444444444,181.2848740806049,10.663816122388525,17.680347728833624,0,0.0,3.7864058332990047,0.21035587962772248,0.2144418956320503,0,0.0
2448,eMBB,493.75,6.25,21,1953,316945234.1932286,162286.34623309196,20,0.9523809523809523,198.61988688537363,9.930994344268681,17.169278160261396,0,0.0,4.328489561746015,0.20611855055933406,0.21123372906959315,0,0.0
2449,eMBB,493.25,6.75,24,1948,418427701.4471857,214798.6147059475,23,0.9583333333333334,194.86988727608826,8.472603794612533,13.762529714782438,0,0.0,4.7687902155238655,0.1986995923134944,0.20575563642267786,0,0.0
2450,eMBB,488.25,11.75,22,1930,308796432.3115206,159998.15145674642,21,0.9545454545454546,192.27666444802244,9.156031640382022,16.275835296273804,0,0.0,4.515361136862606,0.20524368803920937,0.21111344132822768,0,0.0
2451,eMBB,486.0,14.0,21,1922,324565553.1868835,168868.65410347737,20,0.9523809523809523,188.91818722590196,9.445909361295097,16.36660256693265,0,0.0,4.223365001963848,0.20111261914113562,0.20608467966692376,0,0.0
2452,eMBB,493.25,6.75,20,1952,336942233.88050884,172613.84932403118,19,0.95,196.2967501382309,10.331407902012153,16.76413868362493,0,0.0,3.9604617356049587,0.19802308678024794,0.2050664894322512,0,0.0
2453,mMTC,262.25,237.75,525,524,41438001.0,79080.15458015267,524,0.9980952380952381,160.67459021631421,0.30663089735937826,0.33114324687139257,0,0.0,106.70730873991091,0.20325201664744935,0.22783892495190824,0,0.0
2454,mMTC,286.0,214.0,572,572,46155029.0,80690.61013986015,572,1.0,177.01918039104854,0.3094740915927422,0.3296933395958041,0,0.0,118.53176799583038,0.20722337062208107,0.22613863509475704,0,0.0
2455,eMBB,492.75,7.25,18,1952,318258757.2187015,163042.39611613806,17,0.9444444444444444,186.30095909981708,10.958879947048063,16.171439479973003,0,0.0,3.7018013080440038,0.20565562822466688,0.21238644244660976,0,0.0
2456,eMBB,485.75,14.25,25,1917,410260546.8572412,214011.7615322072,24,0.96,194.40530267452291,8.100220944771788,13.566461793803871,0,0.0,5.040906299014538,0.20163625196058152,0.215642579528801,0,0.0
2457,eMBB,491.25,8.75,17,1947,316406673.5122151,162509.84772070625,16,0.9411764705882353,187.75358790644478,11.734599244152799,17.974047724669006,0,0.0,3.5169207777466243,0.20687769280862495,0.21170088416326682,0,0.0
2458,eMBB,495.0,5.0,20,1959,330683273.5177929,168802.07938631592,19,0.95,187.3936322631199,9.86282275069052,16.9685594314409,0,0.0,4.0642057220650765,0.2032102861032538,0.2077188008989836,0,0.0
2459,eMBB,489.0,11.0,21,1934,332350037.0315251,171845.93434928908,20,0.9523809523809523,187.24684207645348,9.362342103822673,16.665458540917037,0,0.0,4.24342829475132,0.20206801403577715,0.20757275901252864,0,0.0
2460,eMBB,495.5,4.5,19,1962,312449688.5633925,159250.6057917393,18,0.9473684210526315,194.59967523505875,10.811093068614376,18.175491768516483,0,0.0,3.9388527301600122,0.20730803842947432,0.2145531311971402,0,0.0
2461,URLLC,177.75,322.25,711,711,102459743.0,144106.53023909987,711,1.0,42.87521374169121,0.06030269161981886,0.06623559529010989,0,0.0,3.6375050739219783,0.005116040891592093,0.0082029625978022,0,0.0
2462,eMBB,488.25,11.75,16,1936,318364100.5013656,164444.26678789547,15,0.9375,194.9733097788042,12.998220651920281,17.77203746119414,0,0.0,3.30678206721511,0.20667387920094438,0.20963519933460936,0,0.0
2463,mMTC,240.5,259.5,481,481,39464201.0,82046.15592515592,481,1.0,152.91418674904406,0.31790891216017475,0.3424700243179296,0,0.0,103.77200539161267,0.2157422149513777,0.24254325693420978,0,0.0
2464,mMTC,285.0,215.0,570,570,45617195.0,80030.16666666667,570,1.0,175.07027842079398,0.3071408393347263,0.3272404973619464,0,0.0,116.87308950464049,0.20504050790287806,0.22509202321198513,0,0.0
2465,eMBB,493.75,6.25,22,1951,318163591.48149115,163077.1868177812,21,0.9545454545454546,196.9591588787679,9.379007565655614,18.176491465074438,0,0.0,4.515395690837182,0.20524525867441737,0.21183397328771922,0,0.0
2466,eMBB,486.5,13.5,22,1923,327811116.39836687,170468.5992711216,21,0.9545454545454546,186.6674634828143,8.888926832514967,15.267371463669079,0,0.0,4.39914497321122,0.19996113514596453,0.20731541137522175,0,0.0
2467,URLLC,189.75,310.25,759,758,104810565.0,138272.51319261212,758,0.9986824769433466,45.93781992003956,0.06060398406337673,0.0657636366063912,0,0.0,4.067113768480434,0.005358516164005842,0.007595963361412356,0,0.0
2468,eMBB,492.25,7.75,18,1950,310164705.3275575,159058.8232449013,17,0.9444444444444444,189.7089276064937,11.159348682734922,17.177445613287826,0,0.0,3.812652960237572,0.21181405334653178,0.22693536861676944,0,0.0
2469,mMTC,292.0,208.0,584,584,46916497.0,80336.46746575342,584,1.0,184.5756520111983,0.3160541986493121,0.3396606034963551,0,0.0,123.36181795228849,0.2112359896443296,0.233732318833098,0,0.0
2470,eMBB,486.0,14.0,28,1915,408125799.44613695,213120.52190398797,27,0.9642857142857143,189.5195688483803,7.019243290680752,13.564300834766975,0,0.0,5.661875572246426,0.20220984186594376,0.21612591286213434,0,0.0
2471,mMTC,312.25,187.75,625,624,48219143.0,77274.26762820513,624,0.9984,191.677668456551,0.30717575073165226,0.3281848185749366,0,0.0,128.13573882212975,0.2050171821154076,0.2271095812669693,0,0.0
2472,eMBB,493.5,6.5,22,1951,327617994.7614669,167923.11366553916,21,0.9545454545454546,197.20647693219914,9.390784615819006,14.37199967871546,0,0.0,4.452583088448787,0.20239014038403577,0.208813494367629,0,0.0
2473,URLLC,197.25,302.75,789,788,109036537.0,138371.23984771574,788,0.9987325728770595,47.634579965937334,0.060449974576062604,0.061992152153998746,0,0.0,4.116525363056931,0.00521739589741056,0.006737173692460277,0,0.0
2474,eMBB,487.75,12.25,19,1931,308049189.909079,159528.32206580995,18,0.9473684210526315,186.10817455606184,10.339343030892325,16.97896486866883,0,0.0,3.947357516896375,0.20775565878401972,0.2148819162394957,0,0.0
2475,eMBB,489.5,10.5,22,1935,306270130.9621943,158279.13744816245,21,0.9545454545454546,195.05963795695928,9.288554188426632,18.373475128579155,0,0.0,4.603830933337398,0.20926504242442717,0.2145943244837713,0,0.0
2476,mMTC,294.75,205.25,590,589,48197667.0,81829.65534804754,589,0.9983050847457627,185.9320443845343,0.315674099124846,0.339206437811046,0,0.0,124.39389883220186,0.2108371166647489,0.23375188885692166,0,0.0
2477,mMTC,307.5,192.5,615,614,49740417.0,81010.45114006515,614,0.9983739837398374,195.49902254341464,0.31840231684595216,0.3361854955800391,0,0.0,133.0385416208942,0.216322831903893,0.23399210873848053,0,0.0
2478,eMBB,489.5,10.5,19,1938,313012196.3376796,161513.00120623305,18,0.9473684210526315,195.30561811717143,10.850312117620636,17.271040454432896,0,0.0,3.945000931871886,0.20763162799325716,0.20941672886686918,0,0.0
2479,mMTC,292.75,207.25,586,585,45423481.0,77646.97606837607,585,0.9982935153583617,182.79764336929816,0.3124746040500823,0.3339872284521763,0,0.0,121.50852293167351,0.20735242821104694,0.23164748959043502,0,0.0
2480,URLLC,180.5,319.5,722,721,102006427.0,141479.09431345353,721,0.9986149584487535,43.618718209609895,0.06049752872345339,0.06180544582767216,0,0.0,3.8220120762679017,0.005293645534997094,0.006629851366133689,0,0.0
2481,eMBB,495.5,4.5,21,1960,311024833.1402425,158686.1393572666,20,0.9523809523809523,191.6462867185176,9.58231433592588,18.37445442058309,0,0.0,4.356947388799075,0.2074736851809083,0.21390066985072378,0,0.0
2482,eMBB,492.5,7.5,20,1949,306972886.9340137,157502.7639476725,19,0.95,191.310414558181,10.068969187272685,16.6740293262424,0,0.0,4.183260861140572,0.2091630430570286,0.21589177391032732,0,0.0
2483,mMTC,259.5,240.5,519,519,42089876.0,81098.02697495183,519,1.0,164.08100745556663,0.3161483766003211,0.3400600014688001,0,0.0,109.9634326588565,0.21187559279163104,0.23519919490667635,0,0.0
2484,eMBB,492.25,7.75,25,1943,416337965.8080161,214275.84447144423,24,0.96,195.97851640419134,8.165771516841305,13.766811589195637,0,0.0,5.016413586143685,0.20065654344574738,0.2056447708944193,0,0.0
2485,eMBB,497.25,2.75,18,1970,319587810.98922104,162227.31522295484,17,0.9444444444444444,188.1098491672795,11.065285245134088,17.070982880321207,0,0.0,3.709729010590954,0.20609605614394189,0.21528576685216821,0,0.0
2486,mMTC,299.0,201.0,598,598,47027750.0,78641.72240802676,598,1.0,186.84626679972533,0.31245195117010927,0.3344373867220041,0,0.0,124.5262373447737,0.20823785509159481,0.23183411157070968,0,0.0
2487,mMTC,272.0,228.0,544,543,42908076.0,79020.39779005524,543,0.9981617647058824,174.40099497874942,0.32118046957412416,0.3428335089582212,0,0.0,118.73373569074015,0.2182605435491547,0.23827147446458904,0,0.0
2488,eMBB,485.5,14.5,19,1922,305615884.5892739,159009.30519733296,18,0.9473684210526315,183.6374516531173,10.202080647395405,17.37341256710155,0,0.0,3.9832010394779482,0.20964215997252358,0.2145894515772369,0,0.0
2489,eMBB,493.75,6.25,20,1954,308963334.9598049,158118.3904604938,19,0.95,194.15249420888017,10.218552326783167,17.772743769819524,0,0.0,4.129843146750167,0.20649215733750834,0.21437504411024108,0,0.0
2490,eMBB,493.25,6.75,21,1951,315840184.31635755,161886.3066716338,20,0.9523809523809523,198.21021789317928,9.910510894658964,16.77416466899608,0,0.0,4.323363066510046,0.20587443173857362,0.21029149702127267,0,0.0
2491,eMBB,488.5,11.5,23,1930,415712983.912034,215395.32845183107,22,0.9565217391304348,185.10340206182516,8.413791002810235,13.76569649401774,0,0.0,4.57550163746796,0.19893485380295478,0.20439107525697858,0,0.0
2492,URLLC,223.25,276.75,893,893,121763983.0,136353.84434490482,893,1.0,54.213248890449464,0.06070912529725584,0.06477166405834439,0,0.0,4.80682738591096,0.005382785426552027,0.007447383446606871,0,0.0
2493,eMBB,491.5,8.5,21,1944,327335005.11126006,168382.20427533952,20,0.9523809523809523,191.90047617394575,9.595023808697288,17.06802102166561,0,0.0,4.308509502650441,0.20516711917383054,0.22127807874962982,0,0.0
2494,eMBB,492.25,7.75,20,1948,333018621.5702952,170954.11784922754,19,0.95,188.35171966366823,9.91324840335096,16.346911967369163,0,0.0,4.0163513813927025,0.20081756906963513,0.20503925159658998,0,0.0
2495,mMTC,269.75,230.25,540,539,43333054.0,80395.27643784786,539,0.9981481481481481,165.6576208554161,0.30734252477813745,0.33066879631471113,0,0.0,110.2214515881574,0.2041137992373285,0.22714392940613864,0,0.0
2496,mMTC,270.5,229.5,541,541,42390193.0,78355.25508317929,541,1.0,167.90835072904628,0.31036663720710955,0.3313905252413159,0,0.0,112.64502172923501,0.20821630633869687,0.22826250760902245,0,0.0
2497,eMBB,493.0,7.0,18,1953,318528879.61937445,163097.2245874933,17,0.9444444444444444,186.85350238851208,10.991382493441888,18.07130896541296,0,0.0,3.758293231530662,0.20879406841837012,0.22418472541528867,0,0.0
2498,eMBB,485.0,15.0,24,1915,409484935.1799733,213830.2533576884,23,0.9583333333333334,192.7185867241261,8.379068988005484,13.565841804102483,0,0.0,4.826246134694625,0.20109358894560936,0.20520068678797568,0,0.0
2499,URLLC,204.5,295.5,818,818,115642009.0,141371.64914425428,818,1.0,49.71500962071505,0.06077629537984725,0.06630217767668227,0,0.0,4.48730254402267,0.005485699931568056,0.007961922676682262,0,0.0
2500,mMTC,251.0,249.0,502,502,41061444.0,81795.70517928287,502,1.0,156.9300645853921,0.3126096904091476,0.33152185322816524,0,0.0,104.60880540771652,0.20838407451736357,0.23033708035526435,0,0.0
2501,eMBB,486.25,13.75,20,1924,329787205.4312304,171407.07142995344,19,0.95,192.9859220932093,10.157153794379436,16.571914697293423,0,0.0,4.051993104856023,0.20259965524280116,0.20684703481967584,0,0.0
2502,eMBB,492.75,7.25,19,1951,311155083.17890716,159484.9221829355,18,0.9473684210526315,197.34532896189984,10.963629386772213,17.975569109170372,0,0.0,3.9892188966359736,0.2099588892966302,0.21513247718578327,0,0.0
2503,mMTC,257.75,242.25,516,515,41026218.0,79662.55922330097,515,0.998062015503876,159.9452430232419,0.31057328742377066,0.33245251660810293,0,0.0,107.48708334272057,0.20830830105178405,0.22881914607316314,0,0.0
2504,mMTC,282.5,217.5,565,564,46301050.0,82094.06028368794,564,0.9982300884955753,178.56209701598692,0.31659946279430307,0.33428958773251005,0,0.0,120.1036355720466,0.21257280632220638,0.2321741659491449,0,0.0
2505,mMTC,243.25,256.75,487,486,39889386.0,82076.92592592593,486,0.997946611909651,154.85799116088268,0.3186378418948203,0.3376165946342806,0,0.0,105.35511745902947,0.21633494344769913,0.23658965712793212,0,0.0
2506,eMBB,491.25,8.75,19,1945,313829570.284973,161351.96415679847,18,0.9473684210526315,187.57503824615205,10.420835458119559,16.571960648624373,0,0.0,3.9083166314032107,0.2057008753370111,0.21381144031277072,0,0.0
2507,mMTC,278.0,222.0,556,556,43173828.0,77650.76978417266,556,1.0,173.76705866455845,0.3125306810513641,0.33321601770596343,0,0.0,116.03222844147882,0.2086910583479835,0.23178708272988058,0,0.0
2508,eMBB,491.5,8.5,18,1947,335506078.48779076,172319.5061570574,17,0.9444444444444444,196.03626269956925,11.531544864680544,15.76670430777157,0,0.0,3.634446349574924,0.2019136860874958,0.20843061041067878,0,0.0
2509,mMTC,267.75,232.25,536,535,43068304.0,80501.50280373832,535,0.9981343283582089,164.7039550319591,0.30785785987282077,0.3272680753140409,0,0.0,109.73302341416934,0.20472578995180846,0.22604922316601145,0,0.0
2510,eMBB,493.0,7.0,17,1954,311443507.12066734,159387.6699696353,16,0.9411764705882353,196.58077287206987,12.286298304504367,18.07390997727347,0,0.0,3.551939832822817,0.20893763722487158,0.21473449356737284,0,0.0
2511,eMBB,491.5,8.5,16,1948,315786027.42863125,162107.81695514952,15,0.9375,188.48112095766092,12.565408063844062,18.476916757994143,0,0.0,3.3324176979365547,0.20827610612103467,0.21246376424935828,0,0.0
2512,eMBB,485.75,14.25,30,1912,405558570.28597575,212112.2229529162,29,0.9666666666666667,189.04362221132808,6.518745593494072,13.166579276370944,0,0.0,6.063237333894707,0.20210791112982357,0.20565291745525321,0,0.0
2513,URLLC,203.0,297.0,812,812,114251452.0,140703.75862068965,812,1.0,49.36466804947847,0.060793926169308454,0.06654115130674947,0,0.0,4.502716208093897,0.0055452170050417455,0.00824103976828792,0,0.0
2514,mMTC,259.75,240.25,520,519,42400358.0,81696.25818882466,519,0.9980769230769231,162.38025155270108,0.3128713902749539,0.3405479236029033,0,0.0,108.62947033576995,0.20890282756878836,0.23323708510449684,0,0.0
2515,eMBB,486.0,14.0,25,1918,326747760.0206328,170358.58186685757,24,0.96,192.10289729946814,8.00428738747784,16.17054930992791,0,0.0,5.050081888337341,0.20200327553349365,0.20571405728745745,0,0.0
2516,URLLC,198.75,301.25,795,795,111899814.0,140754.48301886793,795,1.0,48.235275311391554,0.06067330227847994,0.06579693008201713,0,0.0,4.341849385929945,0.00546144576846534,0.007751418158940205,0,0.0
2517,eMBB,494.25,5.75,21,1955,309410391.56969726,158266.1849461367,20,0.9523809523809523,195.13073669751606,9.756536834875803,18.07512220726766,0,0.0,4.3424166892610625,0.20678174710766964,0.21574641483458723,0,0.0
2518,mMTC,302.0,198.0,604,603,46976412.0,77904.49751243781,603,0.9983443708609272,191.1008519119711,0.3169168356749106,0.3392926341869168,0,0.0,128.7289932523952,0.21312747227217752,0.23496948074717483,0,0.0
2519,mMTC,232.5,267.5,465,465,36859894.0,79268.58924731183,465,1.0,148.44696920395543,0.31924079398700095,0.34246489737953356,0,0.0,101.15865124473804,0.21754548654782374,0.2405390819786102,0,0.0
2520,mMTC,228.0,272.0,456,456,36646788.0,80365.76315789473,456,1.0,140.5139375464538,0.30814459988257414,0.32786736506938574,0,0.0,94.2220908152441,0.20662739213869322,0.22570126756035527,0,0.0
2521,eMBB,492.0,8.0,23,1944,326186297.99797595,167791.30555451437,22,0.9565217391304348,195.8318299209224,8.90144681458738,16.771580144284492,0,0.0,4.7112093668537085,0.20483518986320473,0.20903491001221328,0,0.0
2522,eMBB,494.5,5.5,20,1957,335653306.277648,171514.20862424525,19,0.95,198.61299914371207,10.453315744405899,16.964856769505868,0,0.0,3.986032258357425,0.19930161291787124,0.20727052308668847,0,0.0
2523,eMBB,492.25,7.75,23,1945,307636380.29399145,158167.80477840177,22,0.9565217391304348,187.3986766198201,8.518121664537277,15.874371590875421,0,0.0,4.783262377110537,0.20796792943958858,0.2149426899941757,0,0.0
2524,mMTC,255.75,244.25,512,511,39863572.0,78010.90410958904,511,0.998046875,158.8873537408793,0.31093415604868746,0.33506652660602987,0,0.0,106.96925890225259,0.2089243337934621,0.23217767098611514,0,0.0
2525,URLLC,181.75,318.25,727,726,101721395.0,140112.11432506886,726,0.9986244841815681,43.8342349224579,0.060377734052972316,0.061638875325300435,0,0.0,3.864417826013801,0.005315567848712243,0.006638875325300431,0,0.0
2526,eMBB,485.5,14.5,25,1916,409387520.1539151,213667.80801352562,24,0.96,193.93493258569114,8.080622191070464,13.666841426764483,0,0.0,4.977607988222813,0.1991043195289125,0.20531173466419558,0,0.0
2527,eMBB,494.5,5.5,23,1954,314400709.9999991,160901.0798362329,22,0.9565217391304348,199.22330763038735,9.055604892290335,18.071224615713035,0,0.0,4.805009134024258,0.20891344060975037,0.2137165502948033,0,0.0
2528,mMTC,271.5,228.5,543,543,42744451.0,78719.06261510128,543,1.0,170.15612285836664,0.31336302552185386,0.3351692490939305,0,0.0,114.15407996519218,0.21022850822319003,0.22837009985562376,0,0.0
2529,eMBB,490.25,9.75,21,1939,332312137.2945823,171383.25801680365,20,0.9523809523809523,193.2772278449481,9.663861392247405,16.265343334086232,0,0.0,4.188201587781861,0.19943817084675527,0.20497105602467158,0,0.0
2530,mMTC,239.25,260.75,479,478,38041360.0,79584.43514644352,478,0.9979123173277662,147.23316531894775,0.3080191743074221,0.33714176301665405,0,0.0,98.34680509467215,0.20531692086570386,0.23629187800500448,0,0.0
2531,mMTC,299.5,200.5,599,599,47758600.0,79730.550918197,599,1.0,186.26884770542952,0.3109663567703331,0.33308050586778576,0,0.0,125.5902859855651,0.20966658762197846,0.22891103101004084,0,0.0
2532,eMBB,490.0,10.0,21,1938,314959314.65773606,162517.70622174203,20,0.9523809523809523,192.9734882307558,9.64867441153779,17.212306678886844,0,0.0,4.289074374484441,0.2042416368802115,0.2113153740415923,0,0.0
2533,eMBB,485.75,14.25,29,1913,406803893.2703067,212652.3226713574,28,0.9655172413793104,193.06944685819752,6.895337387792769,13.264609720792919,0,0.0,5.855835985805998,0.20192537882089648,0.20600511238623392,0,0.0
2534,mMTC,286.5,213.5,573,572,46531392.0,81348.58741258741,572,0.9982547993019197,176.37416528266317,0.3083464428018587,0.32735432465514963,0,0.0,118.64677404952519,0.20706243289620452,0.22484614891480795,0,0.0
2535,mMTC,265.0,235.0,530,529,41033532.0,77568.1134215501,529,0.9981132075471698,165.92870836693146,0.3136648551359763,0.33517594392937455,0,0.0,111.6026064373632,0.21057095554219474,0.23329442835992292,0,0.0
2536,eMBB,490.5,9.5,18,1943,334716609.3983681,172267.94101820284,17,0.9444444444444444,187.98587267104915,11.057992510061714,16.867739293065828,0,0.0,3.5870262809124873,0.1992792378284715,0.2063025023267552,0,0.0
2537,mMTC,255.5,244.5,511,510,42077285.0,82504.48039215687,510,0.9980430528375733,157.20590250729074,0.3082468676613544,0.3293047647610734,0,0.0,105.29063206355629,0.2060482036468812,0.22869002360948076,0,0.0
2538,mMTC,267.75,232.25,536,535,42850471.0,80094.338317757,535,0.9981343283582089,166.33259024213308,0.31090203783576276,0.33593664657907474,0,0.0,112.21012076284464,0.20934724022918777,0.2336887610598673,0,0.0
2539,eMBB,493.5,6.5,23,1950,315458975.2639779,161773.8334687066,22,0.9565217391304348,195.51934291099425,8.887242859590648,16.1719837717336,0,0.0,4.705719054490759,0.204596480630033,0.21201655215835238,0,0.0
2540,eMBB,490.75,9.25,25,1937,415218630.58941305,214361.7091323764,24,0.96,195.91883165105534,8.163284652127306,13.269299413755881,0,0.0,4.967587464735956,0.19870349858943825,0.2048627837089474,0,0.0
2541,eMBB,495.75,4.25,20,1962,317902279.859232,162029.70431153517,19,0.95,194.66873874917263,10.245723092061718,18.169977944310332,0,0.0,4.145510768419328,0.2072755384209664,0.21333507110999717,0,0.0
2542,eMBB,493.75,6.25,21,1953,328597352.77683437,168252.6127889577,20,0.9523809523809523,190.96122162260522,9.54806108113026,17.16854387207571,0,0.0,4.2739642204887325,0.2035221057375587,0.20803777332812529,0,0.0
2543,mMTC,299.0,201.0,598,597,48325420.0,80947.10217755444,597,0.9983277591973244,192.5765631673647,0.3225738076505271,0.3480285885321813,0,0.0,131.4513522024718,0.21981831471985253,0.24877171331850614,0,0.0
2544,eMBB,490.5,9.5,20,1941,307940827.83325857,158650.606817753,19,0.95,189.73049442407057,9.985815496003715,18.270997917165236,0,0.0,4.212925525610459,0.21064627628052296,0.22703586989295316,0,0.0
2545,eMBB,490.0,10.0,16,1943,311041586.3599323,160083.16333501405,15,0.9375,190.1128304540026,12.674188696933506,18.271820090419798,0,0.0,3.351501404480131,0.2094688377800082,0.2276255288250023,0,0.0
2546,eMBB,487.25,12.75,19,1929,314121609.93212116,162841.68477559419,18,0.9473684210526315,191.44302102172935,10.635723390096075,16.773654020315785,0,0.0,3.8888727481028074,0.2046775130580425,0.21315995242410934,0,0.0
2547,eMBB,490.0,10.0,27,1932,413390675.5894127,213970.32898002726,26,0.9629629629629629,195.77143971638557,7.529670758322522,13.164877205654298,0,0.0,5.39316334085233,0.19974679040193813,0.20535650660406968,0,0.0
2548,mMTC,240.5,259.5,481,480,39805880.0,82928.91666666667,480,0.997920997920998,148.18202034406002,0.30871254238345835,0.32841290511170246,0,0.0,99.83117345170497,0.2075492171553118,0.2273995675671425,0,0.0
2549,URLLC,170.5,329.5,682,682,94594947.0,138702.26832844576,682,1.0,41.726043332149196,0.061181881718693834,0.06698556727998177,0,0.0,4.084818039456867,0.005989469266065788,0.00929339304921254,0,0.0
2550,eMBB,485.75,14.25,22,1920,327680225.88960993,170666.78431750517,21,0.9545454545454546,194.91899749099466,9.281857023380699,17.067291350774028,0,0.0,4.463858382348556,0.20290265374311617,0.20669764956219402,0,0.0
2551,eMBB,493.25,6.75,21,1951,310047696.9472135,158917.3228842714,20,0.9523809523809523,194.73629055304565,9.736814527652282,18.274282775794426,0,0.0,4.457242371834128,0.2122496367540061,0.2275192032262865,0,0.0
2552,eMBB,489.75,10.25,20,1938,308277386.38583434,159069.85881622,19,0.95,193.61665366495433,10.190350192892334,17.971297582197103,0,0.0,4.196028547557432,0.2098014273778716,0.21461322803853344,0,0.0
2553,eMBB,494.25,5.75,19,1957,319211814.69512165,163112.83326270906,18,0.9473684210526315,197.5033331333596,10.972407396297756,16.873486916440555,0,0.0,3.9508234537497104,0.20793807651314267,0.2248120818290248,0,0.0
2554,eMBB,493.0,7.0,26,1945,414289481.808017,213002.30427147404,25,0.9615384615384616,196.38195090781988,7.855278036312796,12.681267348005363,0,0.0,5.26763208129532,0.20260123389597384,0.21688753854313209,0,0.0
2555,eMBB,494.5,5.5,23,1954,314860731.6562808,161136.50545357258,22,0.9565217391304348,198.74788149128761,9.033994613240345,18.069395697645692,0,0.0,4.730913982400987,0.2056919122783038,0.21279383912257888,0,0.0
2556,eMBB,490.25,9.75,22,1938,325483444.6517857,167948.11385541057,21,0.9545454545454546,189.840846032552,9.04004028726438,16.967756972750152,0,0.0,4.492446157005216,0.20420209804569164,0.20676738592995075,0,0.0
2557,mMTC,259.75,240.25,520,519,41496695.0,79955.09633911368,519,0.9980769230769231,167.38279806249096,0.322510208212892,0.34172977994850784,0,0.0,114.12432022976647,0.21946984659570476,0.23804914244498554,0,0.0
2558,eMBB,494.5,5.5,23,1954,309555249.838788,158421.31516826406,22,0.9565217391304348,194.9042817412267,8.859285533692123,17.471852547501573,0,0.0,4.79666507102678,0.20855065526203392,0.21341257496984056,0,0.0
2559,eMBB,492.75,7.25,19,1951,310122450.46947914,158955.63837492524,18,0.9473684210526315,189.7535449854701,10.541863610303896,18.4788968672294,0,0.0,4.001136143017007,0.2105861127903688,0.22810886215833565,0,0.0
2560,eMBB,489.75,10.25,19,1939,315896106.3173908,162917.02234006746,18,0.9473684210526315,191.2202474261476,10.623347079230422,17.51371594978836,0,0.0,3.8703856786973194,0.20370450940512208,0.21039453089891952,0,0.0
2561,URLLC,167.0,333.0,668,668,91489567.0,136960.42964071856,668,1.0,40.72563289653178,0.06096651631217332,0.06615765469205692,0,0.0,3.8704513440317205,0.005794088838370839,0.008657654692056921,0,0.0
2562,mMTC,275.5,224.5,551,551,44176136.0,80174.47549909256,551,1.0,170.01133486508508,0.30855051699652464,0.3288711753134793,0,0.0,114.4067018284674,0.2076346675652766,0.22648289323932727,0,0.0
2563,mMTC,230.0,270.0,460,459,35993720.0,78417.69063180828,459,0.9978260869565218,144.00944526465182,0.31374606811470984,0.33109682552972086,0,0.0,97.05484658302606,0.21098879691962188,0.22984412063620513,0,0.0
2564,eMBB,486.75,13.25,21,1925,329612419.97700745,171227.231156887,20,0.9523809523809523,193.04540255525092,9.652270127762545,15.864515425594544,0,0.0,4.259065733456875,0.20281265397413692,0.20847103185835672,0,0.0
2565,eMBB,496.75,3.25,20,1966,312447641.120737,158925.5549952884,19,0.95,198.66649574708381,10.456131355109674,17.078082436896104,0,0.0,4.151280301431748,0.2075640150715874,0.21446482726351723,0,0.0
2566,eMBB,492.0,8.0,19,1948,308742948.2252004,158492.27321622198,18,0.9473684210526315,193.11763976926292,10.72875776495905,18.274829666013297,0,0.0,3.967688265300451,0.20882569817370794,0.21282030275864958,0,0.0
2567,eMBB,488.5,11.5,22,1931,312382661.60994303,161772.48141374576,21,0.9545454545454546,193.07738138644297,9.194161018402045,17.873405304700093,0,0.0,4.534296276095883,0.20610437618617652,0.2100977576503008,0,0.0
2568,mMTC,252.5,247.5,505,505,40473327.0,80145.20198019802,505,1.0,161.98573391347495,0.32076382953163357,0.3405154307752852,0,0.0,110.69686387611985,0.21920171064578187,0.23898303835065413,0,0.0
2569,eMBB,490.25,9.75,18,1942,315072544.5362124,162241.26907117013,17,0.9444444444444444,186.90764022075842,10.99456707180932,17.874521316025472,0,0.0,3.715383004423845,0.20641016691243583,0.20985880126203404,0,0.0
2570,eMBB,494.25,5.75,18,1958,331500421.84304774,169305.62913332367,17,0.9444444444444444,188.45035326788556,11.085314898110916,17.066651250417383,0,0.0,3.659147312633147,0.2032859618129526,0.20844477066429495,0,0.0
2571,eMBB,491.0,9.0,22,1941,331597097.65355366,170838.27802862116,21,0.9545454545454546,192.93418935525338,9.18734235025016,16.56585326661767,0,0.0,4.3889403216672545,0.19949728734851158,0.2067898797883699,0,0.0
2572,eMBB,492.25,7.75,20,1948,312277868.36217755,160306.91394362296,19,0.95,195.72051046571525,10.30107949819554,18.17489173730444,0,0.0,4.205080119918897,0.21025400599594485,0.21448258511575902,0,0.0
2573,eMBB,492.25,7.75,21,1947,307713178.95980453,158044.77604509736,20,0.9523809523809523,193.68013164657478,9.684006582328738,17.67422617635558,0,0.0,4.397224410494379,0.20939163859497045,0.215554678534935,0,0.0
2574,mMTC,285.0,215.0,570,570,46578855.0,81717.28947368421,570,1.0,181.15157875440067,0.31780978728842224,0.34157019549463474,0,0.0,122.15277622131558,0.21430311617774664,0.23770545452031278,0,0.0
2575,eMBB,486.5,13.5,24,1921,411874326.6689208,214406.20857309777,23,0.9583333333333334,192.31497472780404,8.361520640339306,13.26396175704116,0,0.0,4.833572901879759,0.20139887091165662,0.20822880101086338,0,0.0
2576,eMBB,493.0,7.0,20,1951,316199535.2718248,162070.4947574704,19,0.95,197.07652314918147,10.372448586799024,17.372931651485523,0,0.0,4.157351445378796,0.20786757226893982,0.21256895569870293,0,0.0
2577,eMBB,491.0,9.0,17,1946,330138501.3374294,169649.7951374252,16,0.9411764705882353,187.2421673335291,11.702635458345569,16.57158507105265,0,0.0,3.414632226823175,0.20086071922489265,0.20853696070909877,0,0.0
2578,eMBB,490.5,9.5,21,1940,333427153.16857237,171869.66658173833,20,0.9523809523809523,184.27592769283015,9.213796384641508,16.168874207902437,0,0.0,4.191905318218958,0.19961453896280754,0.20688086301327244,0,0.0
2579,URLLC,180.75,319.25,723,723,100978461.0,139665.92116182574,723,1.0,43.94304777591928,0.06077876594179707,0.06551131912383355,0,0.0,4.050973810227026,0.005603006653149414,0.007962158354602771,0,0.0
2580,eMBB,493.75,6.25,19,1955,310456499.67203283,158801.27860462037,18,0.9473684210526315,197.52232447967486,10.973462471093049,18.373368634572095,0,0.0,3.9725359213495,0.20908083796576316,0.2129268996011561,0,0.0
2581,eMBB,494.5,5.5,20,1957,318233939.6130498,162613.1525871486,19,0.95,195.41385803835684,10.284939896755622,15.673550082744367,0,0.0,4.100049715723853,0.20500248578619265,0.21332210927212686,0,0.0
2582,eMBB,487.75,12.25,26,1924,411593908.80801654,213926.1480291146,25,0.9615384615384616,194.18559728050604,7.767423891220242,13.665156680177276,0,0.0,5.178193281265644,0.1991612800486786,0.20506157293043403,0,0.0
2583,eMBB,486.75,13.25,22,1924,310532481.54854286,161399.41868427384,21,0.9545454545454546,190.3825121953437,9.065833914063987,17.574213550858126,0,0.0,4.536973391649921,0.20622606325681458,0.21263657743375988,0,0.0
2584,eMBB,491.5,8.5,22,1943,325982201.5492927,167772.62045769053,21,0.9545454545454546,186.03856621191818,8.858979343424675,16.368982812608934,0,0.0,4.492565873054187,0.20420753968428124,0.20830884756072637,0,0.0
2585,eMBB,491.75,8.25,24,1942,329646641.4676669,169745.95338190882,23,0.9583333333333334,186.14053142436572,8.093066583668074,15.866706886902168,0,0.0,4.863626212459342,0.2026510921858059,0.22070737977083577,0,0.0
2586,eMBB,490.5,9.5,24,1937,306463528.4814907,158215.55419798175,23,0.9583333333333334,195.70208595787003,8.508786345994348,16.574021977647796,0,0.0,5.031608037959447,0.20965033491497698,0.2148859380227961,0,0.0
2587,eMBB,494.0,6.0,21,1954,308322856.1881084,157790.61217405752,20,0.9523809523809523,197.46734785634013,9.873367392817006,16.871192870249324,0,0.0,4.390611062900432,0.20907671728097296,0.2138412559549347,0,0.0
2588,mMTC,269.0,231.0,538,538,43902081.0,81602.3810408922,538,1.0,171.15511304931977,0.3181321803890702,0.3420981481983387,0,0.0,115.57656320124313,0.21482632565286827,0.239248130233705,0,0.0
2589,mMTC,297.0,203.0,594,593,48561718.0,81891.59865092748,593,0.9983164983164983,189.83363646767268,0.3201241761680821,0.34229480798211076,0,0.0,130.00870272684352,0.218869869910511,0.23779972789184844,0,0.0
2590,URLLC,179.0,321.0,716,716,102541969.0,143215.0405027933,716,1.0,43.609152148205716,0.0609066370784996,0.06664541750534539,0,0.0,4.067984872513446,0.0056815431180355395,0.008557912505345383,0,0.0
2591,mMTC,248.0,252.0,496,495,39622098.0,80044.64242424243,495,0.9979838709677419,155.70726048210534,0.3145601221860714,0.3355705108391134,0,0.0,105.15207214912206,0.21200014546193965,0.23477875737323706,0,0.0
2592,mMTC,311.0,189.0,622,622,50766406.0,81618.01607717042,622,1.0,200.89701672796207,0.3229855574404535,0.3446376218716982,0,0.0,137.29803547615012,0.22073639144075582,0.24084175388044946,0,0.0
2593,eMBB,494.25,5.75,20,1956,311202835.9792357,159101.65438611232,19,0.95,194.75748143482986,10.250393759727887,17.775105733647464,0,0.0,4.1451343897357145,0.20725671948678573,0.21403959744395262,0,0.0
2594,eMBB,491.25,8.75,23,1941,305383513.96219426,157333.08292745712,22,0.9565217391304348,195.83387752506806,8.901539887503093,15.47415612357097,0,0.0,4.829232817421826,0.20996664423573158,0.21365581411151235,0,0.0
2595,mMTC,288.75,211.25,578,577,47794499.0,82832.75389948007,577,0.9982698961937716,183.3250363483147,0.31772103353260783,0.34246670525496203,0,0.0,123.8183198132979,0.21421854638978877,0.2406943749953442,0,0.0
2596,mMTC,261.25,238.75,523,522,40315113.0,77232.0172413793,522,0.9980879541108987,167.1593321988559,0.32022860574493467,0.34498431298409327,0,0.0,114.40875523770548,0.21875479012945598,0.24536055379980307,0,0.0
2597,URLLC,162.25,337.75,649,649,93415514.0,143937.61787365176,649,1.0,39.54145394417891,0.06092673951337275,0.06363929764936184,0,0.0,3.7220317035634882,0.00573502573738596,0.008540067495515682,0,0.0
2598,mMTC,242.5,257.5,485,485,39286652.0,81003.40618556702,485,1.0,152.66793729618792,0.31477925215708846,0.3413457028150697,0,0.0,102.99059575833779,0.2123517438316243,0.23478192167473305,0,0.0
2599,mMTC,261.5,238.5,523,523,40234873.0,76930.92351816443,523,1.0,169.33854954127273,0.3237830775167739,0.3459685874748306,0,0.0,116.03004389897308,0.22185476844927932,0.24213390084385497,0,0.0
2600,eMBB,491.75,8.25,23,1943,306109326.1301331,157544.68663413954,22,0.9565217391304348,188.8454574278315,8.583884428537795,17.27336618972692,0,0.0,4.842083479610559,0.21052536867871996,0.21619005326682114,0,0.0
2601,eMBB,491.5,8.5,21,1944,308077038.2761919,158475.8427346666,20,0.9523809523809523,188.49291183560177,9.424645591780088,17.47434903336503,0,0.0,4.411904118508509,0.21009067230992898,0.21653343157173854,0,0.0
2602,eMBB,492.5,7.5,18,1951,318995857.6091784,163503.77119896383,17,0.9444444444444444,189.7083576242086,11.159315154365212,17.76840636555462,0,0.0,3.726282118756387,0.20701567326424372,0.21114667832071277,0,0.0
2603,eMBB,486.25,13.75,30,1914,407103283.850449,212697.64046522937,29,0.9666666666666667,195.46713884652718,6.740246167121627,13.665199959389401,0,0.0,6.003101834127377,0.20010339447091258,0.20569504739327732,0,0.0
2604,eMBB,495.25,4.75,18,1962,318207577.61653215,162185.3096924221,17,0.9444444444444444,190.82385430636091,11.224932606256525,18.071218042985016,0,0.0,3.7365403185540194,0.2075855732530011,0.21367362833679338,0,0.0
2605,eMBB,488.5,11.5,23,1930,323589606.5177925,167663.0085584417,22,0.9565217391304348,184.9642031476928,8.407463779440583,16.36769273713086,0,0.0,4.656014709640321,0.2024354221582748,0.20969981911854585,0,0.0
2606,eMBB,489.0,11.0,20,1934,324589674.9784855,167833.33763106802,19,0.95,183.86064289924747,9.676875942065656,17.065561464216646,0,0.0,4.0658461645661745,0.20329230822830874,0.21293696221138297,0,0.0
2607,mMTC,306.0,194.0,612,611,47615845.0,77931.00654664484,611,0.9983660130718954,188.6384398695213,0.3087372174623917,0.3391648932478911,0,0.0,126.60964243575084,0.2068785007120112,0.2385679707423718,0,0.0
2608,eMBB,494.25,5.75,20,1956,309738592.74538136,158353.06377575733,19,0.95,189.39699144325027,9.968262707539488,18.172991389271402,0,0.0,4.182556558378632,0.2091278279189316,0.21523128088875942,0,0.0
2609,mMTC,273.75,226.25,548,547,44507005.0,81365.63985374772,547,0.9981751824817519,174.21802492167058,0.3184973033302936,0.34155280183043846,0,0.0,117.97017238631261,0.2152740372013004,0.23780429476991122,0,0.0
2610,URLLC,189.5,310.5,758,757,105886416.0,139876.3751651255,757,0.9986807387862797,46.1938961851191,0.061022319927502115,0.06238350772649012,0,0.0,4.45359007626855,0.005875448649430804,0.007235435726490114,0,0.0
2611,mMTC,257.5,242.5,515,515,42098324.0,81744.31844660194,515,1.0,159.29138335457102,0.30930365699916706,0.3298548078241367,0,0.0,107.4874336587989,0.20871346341514352,0.22831430311200424,0,0.0
2612,mMTC,285.75,214.25,572,571,45804011.0,80217.18213660245,571,0.9982517482517482,180.05957553058298,0.31534076275058315,0.3422125919592637,0,0.0,121.69566900993073,0.2127546661012775,0.23642569209620998,0,0.0
2613,mMTC,295.25,204.75,591,590,46672593.0,79106.08983050847,590,0.9983079526226735,190.87284247837337,0.32351329233622605,0.34708124053035666,0,0.0,130.87106857429927,0.22144004834906814,0.24239688288333217,0,0.0
2614,eMBB,494.75,5.25,20,1958,312976658.57237715,159845.07587966145,19,0.95,198.05807752928814,10.424109343646744,18.02032482400726,0,0.0,4.149912019444184,0.20749560097220918,0.2139317784776746,0,0.0
2615,eMBB,487.5,12.5,18,1931,307815489.83962405,159407.29665438842,17,0.9444444444444444,188.6699110718749,11.098230063051465,17.27475277165572,0,0.0,3.7872652393554307,0.21040362440863503,0.216563528803786,0,0.0
2616,eMBB,493.0,7.0,18,1953,317938493.3179846,162794.92745416518,17,0.9444444444444444,190.86131050843326,11.22713591226078,17.466609322473598,0,0.0,3.6769092475776777,0.20427273597653764,0.21253692600597027,0,0.0
2617,URLLC,148.0,352.0,592,591,82186808.0,139063.97292724196,591,0.9983108108108109,36.09365390252532,0.06107217242390071,0.06600954467747525,0,0.0,3.5173081245748383,0.005941398859079119,0.008351877177475243,0,0.0
2618,mMTC,266.5,233.5,533,532,43548652.0,81858.36842105263,532,0.99812382739212,164.66137254969573,0.30951385817611976,0.3283581709841529,0,0.0,111.45086652360463,0.20910106289606872,0.2282818479110851,0,0.0
2619,eMBB,494.25,5.75,18,1958,332649694.2737355,169892.5915596198,17,0.9444444444444444,197.92670018126157,11.642747069485974,16.370637668125855,0,0.0,3.6379214912263613,0.20210674951257562,0.20931783867035084,0,0.0
2620,mMTC,296.0,204.0,592,592,47026535.0,79436.71452702703,592,1.0,191.6432550966131,0.3237217146902248,0.3480412032445991,0,0.0,131.57541566493353,0.2222557697042796,0.24463078293836996,0,0.0
2621,eMBB,485.75,14.25,20,1922,306461383.98815984,159449.21123213312,19,0.95,187.44350439840244,9.865447599915917,17.572205534634584,0,0.0,4.141218655779366,0.2070609327889683,0.21377368268549138,0,0.0
2622,eMBB,487.75,12.25,21,1929,305108732.8662614,158169.3794018981,20,0.9523809523809523,193.1735001740616,9.65867500870308,18.374668866999365,0,0.0,4.401590233856,0.2095995349455238,0.2132624861260079,0,0.0
2623,mMTC,263.75,236.25,528,527,42750024.0,81119.59013282732,527,0.9981060606060606,168.07434063645536,0.3189266425739191,0.3380824188755772,0,0.0,114.00140808481551,0.215911757736393,0.23530078684621406,0,0.0
2624,eMBB,492.75,7.25,25,1945,416513581.8686255,214145.8004465941,24,0.96,188.62232198075,7.859263415864583,13.66486160406336,0,0.0,4.984106047968538,0.19936424191874152,0.20612631854298352,0,0.0
2625,mMTC,252.25,247.75,505,504,40177560.0,79717.38095238095,504,0.998019801980198,156.16178950154287,0.3098448204395692,0.3297193599993936,0,0.0,105.73364471050806,0.20937355388219417,0.22976745202808518,0,0.0
2626,eMBB,493.0,7.0,17,1954,331347762.11389995,169574.08501223128,16,0.9411764705882353,184.2996407796065,11.518727548725407,17.166954849109743,0,0.0,3.478439520513408,0.20461408944196519,0.2086847848290146,0,0.0
2627,eMBB,493.5,6.5,19,1954,336867284.5014899,172398.81499564476,18,0.9473684210526315,194.84224040791926,10.82456891155107,16.965972077663427,0,0.0,3.7889923464317317,0.1994206498121964,0.20611289739013156,0,0.0
2628,mMTC,254.25,245.75,509,508,40696376.0,80110.97637795276,508,0.9980353634577603,157.0672555804122,0.30918751098506336,0.3334357575515645,0,0.0,105.42666455884418,0.20712507771875086,0.2323001462967943,0,0.0
2629,mMTC,282.0,218.0,564,564,43966553.0,77954.88120567377,564,1.0,176.13558842489235,0.3122971425973269,0.3349016925215178,0,0.0,119.20431379306494,0.21135516629976053,0.23296535733616003,0,0.0
2630,mMTC,289.0,211.0,578,577,46711848.0,80956.40901213171,577,0.9982698961937716,184.2126397704907,0.31925934102338077,0.3412601871400297,0,0.0,125.47534252258967,0.2170853676861413,0.23775016883272343,0,0.0
2631,eMBB,489.75,10.25,24,1934,415720211.3155194,214953.57358610103,23,0.9583333333333334,192.4608179222028,8.367861648791427,13.566344529887235,0,0.0,4.786799499947942,0.19944997916449758,0.20573194285473034,0,0.0
2632,eMBB,490.0,10.0,21,1938,313853817.0905721,161947.2740405429,20,0.9523809523809523,192.6075803719367,9.630379018596836,17.473592971356755,0,0.0,4.3278118976758995,0.2060862808417095,0.21441838692838724,0,0.0
2633,eMBB,490.5,9.5,23,1938,324949498.7768345,167672.59998804668,22,0.9565217391304348,189.7887020806919,8.626759185485996,16.868700209429857,0,0.0,4.685628012317454,0.2037229570572806,0.20621432311659832,0,0.0
2634,eMBB,491.5,8.5,22,1943,332543671.354963,171149.59925628564,21,0.9545454545454546,197.29388423971614,9.394946868557911,16.264090721491616,0,0.0,4.45469359008366,0.20248607227653,0.20537086691789116,0,0.0
2635,mMTC,245.5,254.5,491,490,40075656.0,81787.05306122449,490,0.9979633401221996,151.71657493609354,0.30962566313488477,0.32575113980700143,0,0.0,102.19247896964131,0.20813132173043036,0.22416269121668653,0,0.0
2636,mMTC,292.75,207.25,586,585,46871151.0,80121.62564102565,585,0.9982935153583617,182.85529649608418,0.3125731564035627,0.33532338142319773,0,0.0,123.99948027912305,0.21160320866744547,0.232278733628008,0,0.0
2637,URLLC,182.0,318.0,728,728,102316725.0,140544.95192307694,728,1.0,44.04081223475933,0.060495621201592485,0.0618441034103476,0,0.0,3.977483206451562,0.00546357583303786,0.006786088025732215,0,0.0
2638,eMBB,492.75,7.25,25,1945,415505916.70585793,213627.72067139225,24,0.96,190.93012368318625,7.95542182013276,13.568383052916847,0,0.0,4.998256161879223,0.19993024647516894,0.20737160085416395,0,0.0
2639,mMTC,287.5,212.5,575,574,45959959.0,80069.6149825784,574,0.9982608695652174,177.95011131640814,0.3100176155338121,0.32962371248718425,0,0.0,120.807634267698,0.21010023350904,0.23119641601628627,0,0.0
2640,mMTC,271.0,229.0,542,542,43343020.0,79968.67158671586,542,1.0,170.6548701531538,0.31486138404640923,0.3383842505902882,0,0.0,115.40254078234037,0.2129198169415874,0.23775500867069713,0,0.0
2641,eMBB,491.25,8.75,21,1943,332012889.32220536,170876.4227082889,20,0.9523809523809523,190.5243312849768,9.52621656424884,16.964105720077796,0,0.0,4.249729539802655,0.20236807332393597,0.2070707794488313,0,0.0
2642,eMBB,494.25,5.75,17,1959,313512564.2069352,160037.04145325944,16,0.9411764705882353,195.6334932284854,12.227093326780338,16.774492701059902,0,0.0,3.519415812537126,0.2070244595610074,0.2148957888331253,0,0.0
2643,mMTC,239.0,261.0,478,478,38055343.0,79613.68828451882,478,1.0,149.70536341613868,0.3131911368538466,0.3348433849271082,0,0.0,101.66614569453252,0.21269068136931488,0.2344303961345554,0,0.0
2644,eMBB,491.75,8.25,23,1943,313335926.7226822,161263.9869905724,22,0.9565217391304348,188.46385390298644,8.56653881377211,17.871414942968933,0,0.0,4.762927359462263,0.2070837982374897,0.21418550217869842,0,0.0
2645,eMBB,486.0,14.0,27,1916,408923470.0225317,213425.61065894138,26,0.9629629629629629,194.80231320445222,7.492396661709701,12.164830234822867,0,0.0,5.439078888608092,0.20144736624474416,0.20567301218668313,0,0.0
2646,eMBB,495.5,4.5,21,1960,315630124.0702067,161035.77758684015,20,0.9523809523809523,190.83727331318994,9.541863665659497,17.869721346119945,0,0.0,4.361042296591214,0.20766868079005782,0.21321677488104687,0,0.0
2647,eMBB,494.0,6.0,22,1953,328180755.21921986,168039.30118751657,21,0.9545454545454546,189.0650278273224,9.00309656320583,17.167976157515593,0,0.0,4.526248013599108,0.20573854607268674,0.22207710670872866,0,0.0
2648,eMBB,491.75,8.25,20,1946,333850267.10393703,171557.17734015264,19,0.95,197.46508940092215,10.392899442153798,16.265486710193613,0,0.0,4.0551883613703295,0.20275941806851647,0.20637988132153903,0,0.0
2649,eMBB,492.25,7.75,19,1949,311369082.17890674,159758.37977368227,18,0.9473684210526315,197.0837977923489,10.949099877352715,18.274936264533103,0,0.0,3.9436679549067257,0.2075614713108803,0.21301498081688652,0,0.0
2650,eMBB,495.25,4.75,18,1962,312198246.18378913,159122.4496349588,17,0.9444444444444444,196.8980381161378,11.5822375362434,16.97278497429944,0,0.0,3.722749454023821,0.2068194141124345,0.21609651440822136,0,0.0
2651,mMTC,263.5,236.5,527,526,42857035.0,81477.25285171103,526,0.9981024667931688,168.08216677778518,0.31954784558514293,0.33737059701636507,0,0.0,114.59192611216707,0.21744198503257509,0.2376806950137909,0,0.0
2652,mMTC,253.5,246.5,507,507,41077706.0,81021.11637080868,507,1.0,163.0382206211535,0.32157439964724555,0.34407457177682443,0,0.0,111.88687116145037,0.22068416402652932,0.24258205517981,0,0.0
2653,eMBB,490.25,9.75,20,1940,314001758.3265386,161856.57645697868,19,0.95,185.10273263704443,9.742249086160234,17.175826939194366,0,0.0,4.1871754658817375,0.20935877329408686,0.21524394307821837,0,0.0
2654,eMBB,493.0,7.0,21,1950,327489823.9128166,167943.49944247006,20,0.9523809523809523,193.45336149285788,9.672668074642894,16.170767030936776,0,0.0,4.280560518177893,0.20383621515132824,0.2088680413191047,0,0.0
2655,mMTC,310.5,189.5,621,621,49718616.0,80062.18357487922,621,1.0,201.38312074156178,0.32428843919736194,0.3463166148328696,0,0.0,138.5285968343868,0.22307342485408502,0.24369909366908452,0,0.0
2656,mMTC,225.5,274.5,451,451,35282516.0,78231.74279379158,451,1.0,139.59850662518778,0.30953105681859816,0.3347255290685103,0,0.0,93.94712805178129,0.20830848791969245,0.23394102648390874,0,0.0
2657,eMBB,493.25,6.75,22,1950,308094024.0564979,157996.93541358865,21,0.9545454545454546,188.2438868445285,8.963994611644214,18.278884662270112,0,0.0,4.613269645546511,0.20969407479756869,0.21513803854716598,0,0.0
2658,mMTC,275.0,225.0,550,549,43943340.0,80042.51366120219,549,0.9981818181818182,175.28540952355127,0.31928125596275275,0.34204659299185647,0,0.0,119.57333257024099,0.21740605921862,0.23945885851440551,0,0.0
2659,eMBB,486.0,14.0,25,1918,410716038.20364004,214137.6632969969,24,0.96,190.377261362205,7.932385890091875,13.165518603276716,0,0.0,5.042459291148847,0.2016983716459539,0.2077047034656364,0,0.0
2660,eMBB,496.75,3.25,18,1968,319035153.7818387,162111.3586289831,17,0.9444444444444444,185.88309040999167,10.934299435881863,17.8719401236668,0,0.0,3.70220273106327,0.20567792950351502,0.21230973631261174,0,0.0
2661,eMBB,493.5,6.5,18,1955,332229867.8927259,169938.55135177795,17,0.9444444444444444,190.5201538163359,11.207067871549171,17.37123357449351,0,0.0,3.6362917503186862,0.20201620835103812,0.20828733805370694,0,0.0
2662,URLLC,207.75,292.25,831,831,118866940.0,143040.8423586041,831,1.0,50.44279893585624,0.060701322425819784,0.06532067298167082,0,0.0,4.586007352471565,0.005518661073973002,0.007651955289363131,0,0.0
2663,eMBB,493.5,6.5,17,1956,313001156.13013273,160021.04096632553,16,0.9411764705882353,189.06758385855457,11.81672399115966,18.37394771143373,0,0.0,3.5566270628701733,0.20921335663942195,0.2125266776921858,0,0.0
2664,eMBB,497.5,2.5,17,1972,316140997.2252001,160314.9073150102,16,0.9411764705882353,195.12530285249764,12.195331428281103,17.77202620546434,0,0.0,3.515881697061451,0.20681657041537949,0.21546658389034812,0,0.0
2665,eMBB,492.75,7.25,19,1951,318355395.29580474,163175.49733254983,18,0.9473684210526315,186.6861331785414,10.3714518432523,17.670867314221677,0,0.0,3.9412635302405215,0.20743492264423796,0.21440605112121297,0,0.0
2666,mMTC,249.5,250.5,499,498,39011476.0,78336.29718875502,498,0.9979959919839679,160.27549124311082,0.3218383358295398,0.34612960855497577,0,0.0,110.33907134840358,0.22112038346373464,0.24742759109533996,0,0.0
2667,eMBB,490.25,9.75,20,1940,313628888.33800447,161664.37543196106,19,0.95,195.8860150537162,10.309790265985063,18.07542196588567,0,0.0,4.17355241788082,0.208677620894041,0.21214011920081458,0,0.0
2668,eMBB,494.0,6.0,20,1955,330858274.9487438,169236.96928324492,19,0.95,194.77576379701316,10.251355989316481,17.46617861856594,0,0.0,4.0737132590787475,0.20368566295393736,0.20872069186625075,0,0.0
2669,eMBB,495.5,4.5,22,1959,335747555.9612819,171387.2159067289,21,0.9545454545454546,184.324544954111,8.777359283529094,16.86488557119177,0,0.0,4.484949115273049,0.20386132342150223,0.22143689336318811,0,0.0
2670,eMBB,494.0,6.0,19,1956,312084117.04088265,159552.20707611588,18,0.9473684210526315,188.71238501325342,10.484021389625191,18.372565470377285,0,0.0,3.9785109606568243,0.20939531371878023,0.21546850869188783,0,0.0
2671,eMBB,493.75,6.25,19,1955,310267342.8339941,158704.52318874377,18,0.9473684210526315,195.61133337410763,10.867296298561534,18.07214538808603,0,0.0,3.97187345860546,0.20904597150555052,0.2140785548488588,0,0.0
2672,mMTC,321.0,179.0,642,642,51098993.0,79593.44704049845,642,1.0,205.14387662386636,0.31953874863530585,0.34323016533708206,0,0.0,139.97905681482996,0.2180359140417912,0.24266457086242466,0,0.0
2673,eMBB,491.5,8.5,24,1941,416272918.95724326,214463.12156478272,23,0.9583333333333334,190.83431793772846,8.297144258162106,13.866742485087565,0,0.0,4.8646398612509865,0.20269332755212444,0.21773142393809503,0,0.0
2674,URLLC,153.25,346.75,613,613,86806531.0,141609.34910277324,613,1.0,37.41118699335127,0.061029668830915616,0.06677462708855669,0,0.0,3.5933004902743866,0.0058618278797298315,0.008878788627018233,0,0.0
2675,URLLC,158.25,341.75,633,633,90318667.0,142683.51816745655,633,1.0,38.799921025749676,0.06129529387954135,0.06296364634180837,0,0.0,3.8867951919035493,0.0061402767644605834,0.007915637111039143,0,0.0
2676,URLLC,223.75,276.25,895,895,123327695.0,137796.30726256984,895,1.0,54.360714416538364,0.060738228398366886,0.0655103806585939,0,0.0,5.017737723692286,0.005606410864460655,0.008155967600104808,0,0.0
2677,eMBB,492.75,7.25,20,1950,309376429.1754437,158654.57906433012,19,0.95,186.7773407134864,9.83038635334139,17.27485068264703,0,0.0,4.178008381147921,0.20890041905739606,0.21441899329524344,0,0.0
2678,eMBB,489.75,10.25,18,1941,309033227.00000024,159213.4090674911,18,1.0,197.24045973070872,10.957803318372706,18.09252793535879,0,0.0,3.7932126548445306,0.2107340363802517,0.22901741943255263,0,0.0
2679,eMBB,494.0,6.0,17,1958,320886009.7323597,163884.5810686209,16,0.9411764705882353,191.58028043623762,11.973767527264851,16.67131951928055,0,0.0,3.466394578503476,0.20390556344138094,0.2106448049818749,0,0.0
2680,URLLC,200.25,299.75,801,800,115532139.0,144415.17375,800,0.9987515605493134,48.907220204615335,0.06113402525576917,0.0631614546953201,0,0.0,4.837217461585572,0.006038973110593723,0.00800600769532009,0,0.0
2681,eMBB,493.0,7.0,22,1949,315327606.1532193,161789.4336342839,21,0.9545454545454546,197.01060155150475,9.38145721673832,17.17225384686779,0,0.0,4.572979829708289,0.20786271953219496,0.2120905922587924,0,0.0
2682,eMBB,463.5,36.5,18,1823,309612329.2321554,169836.71378615216,17,0.9444444444444444,187.21153403634295,11.01244317860841,25.999663622953015,0,0.0,3.696871182961002,0.20538173238672233,0.20880079369933546,0,0.0
2683,eMBB,487.5,12.5,19,1930,331153495.99778914,171582.12227864724,18,0.9473684210526315,187.99738994611226,10.444299441450681,16.069181205368842,0,0.0,3.8514136471509444,0.20270598142899707,0.20753799701715703,0,0.0
2684,mMTC,234.5,265.5,469,469,37720526.0,80427.56076759062,469,1.0,145.46518406024174,0.31016030716469456,0.3407748058863834,0,0.0,98.09817775934934,0.20916455812228005,0.24079490197559994,0,0.0
2685,eMBB,486.25,13.75,23,1921,301422640.1562273,156909.23485488148,22,0.9565217391304348,187.90323443762202,8.541056110801001,17.172900813457275,0,0.0,4.814093048264769,0.20930839340281604,0.21291536112030185,0,0.0
2686,eMBB,495.0,5.0,19,1960,319495786.74600554,163008.05446224773,18,0.9473684210526315,192.28548439030425,10.682526910572458,17.27654728721771,0,0.0,3.9445912779453636,0.2076100672602823,0.21271897343694585,0,0.0
2687,eMBB,495.0,5.0,27,1952,416831921.20363927,213540.9432395693,26,0.9629629629629629,194.102020415707,7.465462323681038,13.76419852995759,0,0.0,5.444213308840609,0.20163752995705958,0.20639601258266277,0,0.0
2688,eMBB,490.75,9.25,23,1939,311970156.71143323,160892.2933014096,22,0.9565217391304348,184.39032700732864,8.38137850033312,18.073887412758115,0,0.0,4.791138931887943,0.20831038834295404,0.21483162557085866,0,0.0
2689,mMTC,265.5,234.5,531,531,41418637.0,78001.19962335216,531,1.0,167.86424905238852,0.31612852928886725,0.344042888770555,0,0.0,113.89097930709218,0.21448395349734875,0.2386472197362546,0,0.0
2690,eMBB,491.5,8.5,21,1944,333378871.78837377,171491.18919155028,20,0.9523809523809523,196.61303430161496,9.830651715080748,16.770601730399818,0,0.0,4.2425082848637565,0.20202420404113125,0.20644740983408533,0,0.0
2691,eMBB,493.75,6.25,19,1955,312154443.6384946,159669.7921424525,18,0.9473684210526315,194.79146208690895,10.821747893717165,16.472425756635086,0,0.0,3.9549190419318547,0.20815363378588708,0.21434502068752617,0,0.0
2692,eMBB,492.25,7.75,19,1949,310157905.16990334,159136.9446741423,18,0.9473684210526315,183.63424520210626,10.201902511228125,17.778082315879256,0,0.0,3.9992370173698806,0.2104861588089411,0.21475587412386896,0,0.0
2693,eMBB,492.75,7.25,18,1952,319642236.54371524,163751.14577034593,17,0.9444444444444444,185.95884851666648,10.938755795098029,17.97048057678701,0,0.0,3.6831591230042893,0.20461995127801608,0.21420002419451467,0,0.0
2694,eMBB,489.75,10.25,26,1932,412179534.754922,213343.44449012526,25,0.9615384615384616,196.73583248582364,7.869433299432945,13.66432457345541,0,0.0,5.248202165584744,0.20185392944556707,0.20527949502105147,0,0.0
2695,URLLC,190.25,309.75,761,761,103610463.0,136150.41130091983,761,1.0,46.4564594714907,0.06104659588894967,0.06292443357540971,0,0.0,4.500907221644532,0.005914464154592026,0.007917684853239966,0,0.0
2696,mMTC,259.0,241.0,518,518,42525730.0,82096.00386100386,518,1.0,163.74339457113686,0.316106939326519,0.3440840801254207,0,0.0,111.202309755485,0.21467627365923747,0.24009483889124372,0,0.0
2697,eMBB,491.25,8.75,22,1942,331690112.404992,170798.204122035,21,0.9545454545454546,185.57221018785356,8.836771913707313,16.171279206586732,0,0.0,4.437262497858895,0.20169374990267705,0.20743652877350727,0,0.0
2698,mMTC,270.0,230.0,540,539,42447847.0,78752.9628942486,539,0.9981481481481481,167.274228846525,0.31034179748891466,0.33154862847554845,0,0.0,113.149098076769,0.20953536680883147,0.23223817583486284,0,0.0
2699,mMTC,248.75,251.25,498,497,40095016.0,80674.07645875252,497,0.9979919678714859,155.6886330024135,0.3132568068459024,0.33408158057102844,0,0.0,105.91734770684339,0.21268543716233612,0.2343841809365466,0,0.0
2700,mMTC,302.5,197.5,605,604,47843601.0,79211.25993377484,604,0.9983471074380166,193.19324041914948,0.3198563583098501,0.3437633065658111,0,0.0,132.23729849205006,0.21857404709429762,0.2413811049689814,0,0.0
2701,eMBB,492.25,7.75,25,1943,416154966.3301158,214181.66048899424,24,0.96,193.82135704973956,8.075889877072482,13.564062549055512,0,0.0,4.994501265744313,0.19978005062977253,0.20474790380641816,0,0.0
2702,URLLC,207.5,292.5,830,829,114803628.0,138484.4728588661,829,0.9987951807228915,50.616668301584056,0.0610575009669289,0.06538409583147935,0,0.0,4.948064093884202,0.005961523004679762,0.007627317754556273,0,0.0
2703,eMBB,481.75,18.25,24,1902,318780369.8868844,167602.71813190557,23,0.9583333333333334,189.36373809051483,8.233206003935427,16.865798145873097,0,0.0,4.906184363355479,0.20442434847314495,0.20733892214388683,0,0.0
2704,eMBB,492.0,8.0,21,1945,330820365.9504388,170087.5917482976,20,0.9523809523809523,193.06558500845264,9.653279250422631,17.05326254302761,0,0.0,4.216606288782362,0.20079077565630296,0.21452065778634666,0,0.0
2705,eMBB,493.5,6.5,19,1954,311068794.3983875,159195.90296744497,18,0.9473684210526315,195.8319538109352,10.8795529894964,17.77390452768078,0,0.0,3.9951293105117784,0.21026996371114623,0.2160376105820815,0,0.0
2706,mMTC,238.5,261.5,477,476,38471112.0,80821.66386554622,476,0.9979035639412998,149.6595198719777,0.3144107560335666,0.3359190846523261,0,0.0,102.28031164269014,0.21442413342283048,0.23460140103951163,0,0.0
2707,eMBB,489.0,11.0,18,1937,316004237.01270527,163141.0619580306,17,0.9444444444444444,182.15357039666824,10.714915905686368,15.771385628245831,0,0.0,3.6767753270996906,0.2042652959499828,0.21120684550525015,0,0.0
2708,mMTC,307.5,192.5,615,614,50594238.0,82401.03908794788,614,0.9983739837398374,197.71966581777303,0.3220189997032134,0.3458815874926644,0,0.0,136.263294780016,0.22156633297563577,0.2431801533838363,0,0.0
2709,eMBB,488.75,11.25,19,1935,313441028.3273759,161985.0275593674,18,0.9473684210526315,190.01453421330712,10.556363011850395,17.872428159493545,0,0.0,3.9689134701767057,0.20889018264087925,0.2134434300402427,0,0.0
2710,eMBB,488.75,11.25,21,1933,325754186.81244606,168522.6005237693,20,0.9523809523809523,193.8715013428519,9.693575067142595,17.36842402694879,0,0.0,4.302744401544318,0.20489259054972944,0.20955822896565068,0,0.0
2711,mMTC,258.0,242.0,516,515,41737078.0,81042.86990291261,515,0.998062015503876,167.66882765687942,0.3255705391395717,0.34970033816303037,0,0.0,115.8809691304653,0.22457552157066918,0.24465405968120213,0,0.0
2712,mMTC,278.5,221.5,557,556,46178272.0,83054.44604316547,556,0.9982046678635548,172.44855581214793,0.31015927304343155,0.3284966654797074,0,0.0,116.75843165662519,0.20962016455408472,0.2275694639614893,0,0.0
2713,mMTC,303.25,196.75,607,606,49449126.0,81599.21782178218,606,0.9983525535420099,190.45192188512596,0.3142770988203399,0.33744625904993497,0,0.0,130.00106734816208,0.21416979793766405,0.23671403492869353,0,0.0
2714,mMTC,278.5,221.5,557,557,45329243.0,81381.04667863555,557,1.0,178.36507678166902,0.32022455436565356,0.3447022147692171,0,0.0,122.08462565320893,0.21918245180109325,0.24443109022005002,0,0.0
2715,eMBB,494.0,6.0,27,1948,416519739.83869195,213819.1682950164,26,0.9629629629629629,195.87833160400965,7.533781984769602,13.765804225310095,0,0.0,5.423637597336215,0.20087546656800798,0.2060865615236602,0,0.0
2716,eMBB,493.75,6.25,19,1955,317681315.1590247,162496.8363984781,18,0.9473684210526315,189.44984844651643,10.524991580362023,17.976408598356205,0,0.0,3.906064073812895,0.2055823196743629,0.21268367421900242,0,0.0
2717,mMTC,251.0,249.0,502,502,39572432.0,78829.54581673307,502,1.0,158.70463112236573,0.3161446835106887,0.3447806756127273,0,0.0,107.88192597338328,0.21490423500673958,0.2417408452965989,0,0.0
2718,eMBB,491.0,9.0,22,1941,331820625.0054124,170953.4389517838,21,0.9545454545454546,195.66923729627763,9.317582728394173,16.76491940993874,0,0.0,4.438449520512355,0.20174770547783433,0.2068170200053227,0,0.0
2719,mMTC,285.75,214.25,572,571,44691613.0,78269.02451838879,571,0.9982517482517482,179.95260609504223,0.3151534257356256,0.33959121394987074,0,0.0,122.56743368498051,0.21427873021849742,0.2411674613548522,0,0.0
2720,URLLC,169.25,330.75,677,677,94698749.0,139879.9837518464,677,1.0,41.017399199098925,0.06058700029408999,0.06638410043956045,0,0.0,3.6771735377142845,0.005431570956741927,0.008605125824175826,0,0.0
2721,eMBB,491.25,8.75,18,1946,317943674.11927557,163383.1830006555,17,0.9444444444444444,194.22076301109394,11.424750765358468,17.868386505895987,0,0.0,3.7506711600176943,0.20837062000098303,0.22567154327555516,0,0.0
2722,eMBB,485.0,15.0,31,1908,404676286.1099107,212094.4895754249,30,0.967741935483871,190.58940755066178,6.3529802516887255,12.564470630400155,0,0.0,6.287077487213096,0.20280895120042244,0.21835692320802688,0,0.0
2723,eMBB,489.25,10.75,18,1938,314427670.32653874,162243.37994145445,17,0.9444444444444444,184.52612372206528,10.85447786600384,17.974761191327698,0,0.0,3.747938931393674,0.2082188295218708,0.21305534852675595,0,0.0
2724,mMTC,253.5,246.5,507,506,40207426.0,79461.3162055336,506,0.9980276134122288,160.43869104893258,0.3170725119544122,0.33861014211847984,0,0.0,109.48523973977633,0.21594721842164957,0.23677194229617393,0,0.0
2725,URLLC,164.5,335.5,658,658,91963261.0,139761.79483282674,658,1.0,40.01550014330771,0.060813830005026916,0.06572333776163782,0,0.0,3.7558230903845904,0.005707937827332204,0.00822333776163781,0,0.0
2726,mMTC,297.5,202.5,595,594,46252577.0,77866.29124579125,594,0.9983193277310924,184.68514136806067,0.31091774641087655,0.34197801504838543,0,0.0,125.37869907990432,0.21072050265530137,0.24252967146914686,0,0.0
2727,eMBB,494.0,6.0,19,1956,311236121.44377804,159118.67149477405,18,0.9473684210526315,196.87863154252165,10.937701752362313,16.37626596920587,0,0.0,3.9455161192843335,0.20765874312022808,0.21457327923874098,0,0.0
2728,eMBB,492.75,7.25,23,1947,314778921.51067615,161673.81690327486,22,0.9565217391304348,197.4469435991288,8.974861072687672,16.867819602123966,0,0.0,4.760921309473871,0.20699657867277702,0.21161273935811176,0,0.0
2729,URLLC,167.0,333.0,668,667,93465703.0,140128.49025487257,667,0.9985029940119761,40.823615315933765,0.06120482056361884,0.06337994988994355,0,0.0,4.096431070760302,0.006132381842455543,0.008297188389943552,0,0.0
2730,eMBB,496.5,3.5,19,1966,318428314.18216795,161967.60639988197,18,0.9473684210526315,183.15337805700307,10.175187669833504,16.874480010749288,0,0.0,3.9152952338836857,0.20606817020440452,0.2139772421519829,0,0.0
2731,mMTC,314.5,185.5,629,629,50234183.0,79863.56597774244,629,1.0,199.16282823635174,0.31663406714841297,0.3459728725562211,0,0.0,135.7736987634681,0.21585643682586345,0.24319617855423584,0,0.0
2732,mMTC,231.0,269.0,462,461,36531407.0,79243.83297180044,461,0.9978354978354979,150.14104404590046,0.32568556192169296,0.3504599380254293,0,0.0,103.9026682688164,0.22489755036540346,0.25127159751260875,0,0.0
2733,eMBB,485.75,14.25,21,1921,303889644.9724137,158193.46432712843,20,0.9523809523809523,188.67240034077525,9.433620017038763,18.07465099161553,0,0.0,4.410616509563545,0.21002935759826405,0.2146659424560661,0,0.0
2734,eMBB,493.5,6.5,20,1953,310285994.3858336,158876.59722776938,19,0.95,195.05366432831926,10.265982333069434,18.379383394156044,0,0.0,4.158416474881648,0.20792082374408238,0.2158733503419003,0,0.0
2735,mMTC,277.0,223.0,554,554,42677931.0,77035.97653429603,554,1.0,177.72367744658956,0.32080086181694867,0.3440488932213982,0,0.0,121.95044910404505,0.22012716444773475,0.24307422055724048,0,0.0
2736,eMBB,487.75,12.25,24,1926,413228539.446139,214552.7203770192,23,0.9583333333333334,189.90538817631412,8.256756007665832,13.664962302735253,0,0.0,4.849061102472891,0.20204421260303715,0.20519750433453543,0,0.0
2737,mMTC,260.0,240.0,520,519,41344964.0,79662.74373795761,519,0.9980769230769231,161.6075943277203,0.3113826480302896,0.33074827102485416,0,0.0,110.13464505919167,0.21179739434459938,0.23037577183233282,0,0.0
2738,mMTC,280.5,219.5,561,560,44914096.0,80203.74285714286,560,0.9982174688057041,177.0213690876755,0.3161095876565634,0.3389511280906221,0,0.0,120.96296914844437,0.21562026586175467,0.2387751205201438,0,0.0
2739,eMBB,495.75,4.25,20,1962,337269413.8283474,171900.82254248083,19,0.95,196.19414114862187,10.326007428874835,16.869270671280926,0,0.0,3.993748613539223,0.19968743067696115,0.20978898323658668,0,0.0
2740,mMTC,249.5,250.5,499,499,41846222.0,83860.16432865731,499,1.0,155.23214431859296,0.3110864615603065,0.32913355716447973,0,0.0,105.36918006843295,0.21116068149986564,0.22796253428166466,0,0.0
2741,eMBB,485.75,14.25,20,1922,304971303.33280116,158673.93513673317,19,0.95,191.1885086750394,10.062553088159968,18.278240022085324,0,0.0,4.192014971721319,0.20960074858606595,0.21492578434185064,0,0.0
2742,mMTC,238.0,262.0,476,476,38244327.0,80345.22478991597,476,1.0,152.8358432383579,0.3210837042822645,0.340320882474041,0,0.0,104.99009762301675,0.22056743198112763,0.24058655175102694,0,0.0
2743,eMBB,495.25,4.75,26,1954,418036283.10991114,213938.73240015924,25,0.9615384615384616,194.29895170135256,7.7719580680541025,13.565106453193566,0,0.0,5.217550318166088,0.20067501223715725,0.2063425983932004,0,0.0
2744,eMBB,491.5,8.5,21,1944,312942896.75552094,160978.85635572064,20,0.9523809523809523,191.4460995031901,9.572304975159506,16.375497505586438,0,0.0,4.380327070007163,0.20858700333367444,0.21584767366429763,0,0.0
2745,eMBB,492.25,7.75,22,1946,328091262.3426265,168597.77098798894,21,0.9545454545454546,197.17920675181205,9.389486035800573,17.268876645410018,0,0.0,4.44759252235754,0.20216329647079725,0.209977458518888,0,0.0
2746,mMTC,243.5,256.5,487,487,38392335.0,78834.363449692,487,1.0,158.7200746898252,0.32591391106740286,0.3450740442719389,0,0.0,109.71641782409043,0.22529038567575035,0.2445713599283825,0,0.0
2747,eMBB,484.0,16.0,21,1914,304287090.9073634,158979.67132046155,20,0.9523809523809523,180.2673898511105,9.013369492555524,17.972487993749187,0,0.0,4.407119565227349,0.20986283643939757,0.217444782219666,0,0.0
2748,eMBB,489.5,10.5,18,1939,309013493.50602007,159367.4541031563,17,0.9444444444444444,195.85611811395987,11.52094812435058,18.17610112887001,0,0.0,3.7893778226883588,0.21052099014935327,0.21396024373567224,0,0.0
2749,mMTC,246.0,254.0,492,491,37397877.0,76166.75560081466,491,0.9979674796747967,157.8032188344647,0.3213914843879118,0.3452597253387163,0,0.0,108.780432052463,0.22109843913102237,0.24323502150965873,0,0.0
2750,mMTC,264.0,236.0,528,528,43015847.0,81469.4071969697,528,1.0,170.67549609525432,0.3232490456349514,0.3475541205000784,0,0.0,117.76407778421249,0.22303802610646306,0.2451473899420539,0,0.0
2751,eMBB,493.5,6.5,19,1954,315491507.06594193,161459.31784336845,18,0.9473684210526315,196.72015576004046,10.928897542224469,17.27183412893076,0,0.0,3.984193885908868,0.20969441504783515,0.21522685699824964,0,0.0
2752,eMBB,493.75,6.25,19,1955,330261750.10408807,168931.84148546704,18,0.9473684210526315,190.507094881151,10.583727493397278,16.869177960018103,0,0.0,3.8687644281306715,0.20361918042793006,0.20703374723344195,0,0.0
2753,eMBB,491.25,8.75,21,1943,333517463.9999998,171650.77920741113,20,0.9523809523809523,197.6291132896573,9.881455664482866,16.965133525702935,0,0.0,4.266343070205687,0.2031591938193184,0.20763861204191217,0,0.0
2754,URLLC,227.75,272.25,911,911,127866184.0,140358.05049396268,911,1.0,55.51683757825108,0.06094054618907912,0.06268075444033286,0,0.0,5.286177695789543,0.005802609984401254,0.007482584594179012,0,0.0
2755,eMBB,488.5,11.5,22,1931,305495891.9345947,158206.05485996619,21,0.9545454545454546,185.60491775188234,8.838329416756302,17.771824309494463,0,0.0,4.585989627583236,0.20845407398105617,0.21604511063640158,0,0.0
2756,eMBB,494.0,6.0,18,1957,320874004.57001233,163962.1893561637,17,0.9444444444444444,189.76064675212783,11.162390985419284,18.07097806915969,0,0.0,3.6876684819933345,0.20487047122185192,0.2115805471300559,0,0.0
2757,eMBB,487.75,12.25,30,1920,408070530.1799739,212536.7344687364,29,0.9666666666666667,194.13978368900374,6.6944752996208186,13.565764153090669,0,0.0,6.005343757711237,0.20017812525704123,0.20609419580712401,0,0.0
2758,URLLC,215.0,285.0,860,860,123853886.0,144016.1465116279,860,1.0,52.60017566633902,0.06116299496085933,0.06697140959484493,0,0.0,5.245161066723626,0.006099024496190263,0.009192265364075696,0,0.0
2759,mMTC,293.5,206.5,587,586,46462588.0,79287.6928327645,586,0.9982964224872232,186.01495250306158,0.3174316595615385,0.3394976968812843,0,0.0,127.44133470520977,0.21710619200206094,0.24042997804832145,0,0.0
2760,URLLC,211.0,289.0,844,843,119438084.0,141682.18742586003,843,0.9988151658767772,51.327952563294645,0.06088725096476233,0.06489719917056933,0,0.0,4.909293907919982,0.005816698943033154,0.008524436841660996,0,0.0
2761,eMBB,496.25,3.75,19,1965,314378281.26559675,159988.9472089551,18,0.9473684210526315,184.11914444046644,10.228841357803692,18.37276755516124,0,0.0,3.988612725242959,0.2099269855391031,0.21568770358299783,0,0.0
2762,eMBB,494.0,6.0,18,1957,311128895.92905,158982.57329026572,17,0.9444444444444444,190.95953670265223,11.232913923685425,17.67713180747862,0,0.0,3.7945469817011745,0.21080816565006524,0.2167024377516074,0,0.0
2763,eMBB,490.0,10.0,20,1939,315233310.2958051,162575.19870851218,19,0.95,185.62688828879055,9.769836225725818,18.170777529446113,0,0.0,4.130165712655184,0.2065082856327592,0.21170968347310715,0,0.0
2764,eMBB,493.25,6.75,28,1944,414168239.2703072,213049.5057974831,27,0.9642857142857143,195.97029552129007,7.2581590933811135,13.565815588760332,0,0.0,5.662742749736613,0.2022408124905933,0.20621784987389571,0,0.0
2765,mMTC,293.75,206.25,588,587,47632958.0,81146.43611584327,587,0.9982993197278912,182.71233562610163,0.31126462627955986,0.33144182137564326,0,0.0,124.3714748146234,0.2115161136303119,0.2323031856081272,0,0.0
2766,eMBB,493.25,6.75,20,1952,330192039.19940007,169155.75778657792,19,0.95,194.9492216592685,10.260485350487816,16.968596509414876,0,0.0,4.0489955611086685,0.20244977805543343,0.20977416516848674,0,0.0
2767,mMTC,248.25,251.75,497,496,38515060.0,77651.33064516129,496,0.9979879275653923,161.6936761148304,0.32599531474764193,0.3507287088669505,0,0.0,111.92238306387964,0.22519594177842986,0.24788182518635948,0,0.0
2768,mMTC,239.25,260.75,479,478,38133893.0,79778.01882845188,478,0.9979123173277662,149.14140615955242,0.31201130995722265,0.3301940634491538,0,0.0,101.50414629556712,0.21190844738114223,0.2301379542213422,0,0.0
2769,eMBB,493.0,7.0,15,1956,315861763.8812251,161483.5193666795,14,0.9333333333333333,181.57223575159992,12.969445410828566,18.47686565566762,0,0.0,3.097221786708054,0.2064814524472036,0.21393886019885358,0,0.0
2770,mMTC,271.5,228.5,543,543,43806385.0,80674.74217311233,543,1.0,174.47376431849534,0.3213144830911516,0.3457483699803842,0,0.0,120.11839412131793,0.22121251219395568,0.24487310584668706,0,0.0
2771,mMTC,273.0,227.0,546,546,43857073.0,80324.30952380953,546,1.0,176.58091232947723,0.3234082643397019,0.3483217735440861,0,0.0,121.96230979593109,0.22337419376544157,0.24985442561548157,0,0.0
2772,eMBB,494.25,5.75,22,1954,315186611.5362128,161303.281236547,21,0.9545454545454546,188.7548653889291,8.988326923282338,17.970357584798514,0,0.0,4.528508504884984,0.20584129567659018,0.2154311230425435,0,0.0
2773,eMBB,492.25,7.75,20,1948,327716498.25479186,168232.28863182332,19,0.95,190.67814216963689,10.035691693138784,16.76709745703162,0,0.0,4.081798104671078,0.20408990523355391,0.20821022050645388,0,0.0
2774,eMBB,492.75,7.25,22,1948,332365831.8160324,170619.01017250124,21,0.9545454545454546,197.33441373110207,9.396876844338195,16.465789280979852,0,0.0,4.410549698066404,0.2004795317302911,0.20819900053893206,0,0.0
2775,URLLC,186.75,313.25,747,747,103406277.0,138428.75100401606,747,1.0,45.54765822843123,0.06097410740084502,0.06264902082024605,0,0.0,4.384403348431253,0.005869348525343042,0.007373727897169129,0,0.0
2776,eMBB,485.25,14.75,22,1918,301871254.5145641,157388.55814106573,21,0.9545454545454546,193.0829110907212,9.194424337653391,17.572050825701655,0,0.0,4.571743282251943,0.20780651282963378,0.21582180184013317,0,0.0
2777,eMBB,494.0,6.0,20,1955,316951947.8504279,162123.75849126748,19,0.95,191.35746411264907,10.071445479613109,16.773777012176488,0,0.0,4.162432019304917,0.20812160096524585,0.211363035956675,0,0.0
2778,eMBB,494.0,6.0,27,1948,415348603.36966616,213217.96887559866,26,0.9629629629629629,197.8561289471063,7.609851113350242,12.264001038326441,0,0.0,5.414404589675129,0.2005335033213011,0.20608957127775632,0,0.0
2779,eMBB,495.75,4.25,20,1962,316827483.7322912,161481.89792675394,19,0.95,190.27750564867765,10.014605560456719,16.97650448041024,0,0.0,4.176778443187545,0.20883892215937724,0.2141528101642814,0,0.0
2780,eMBB,495.25,4.75,20,1960,330783489.2604439,168767.08635736935,19,0.95,197.36668549251297,10.38772028907963,16.16882878117158,0,0.0,4.073956460609133,0.20369782303045664,0.207320936052366,0,0.0
2781,eMBB,490.75,9.25,23,1939,330744315.748656,170574.68579095203,22,0.9565217391304348,187.2871085161596,8.513050387098163,16.867345334770192,0,0.0,4.597886315911067,0.19990810069178552,0.20463450779882114,0,0.0
2782,eMBB,490.5,9.5,20,1941,307665753.21369565,158508.88882725174,19,0.95,189.90912970462628,9.995217352875068,18.372404225713318,0,0.0,4.2162589762580325,0.21081294881290163,0.21620665581448292,0,0.0
2783,URLLC,162.0,338.0,648,647,89770655.0,138749.0803709428,647,0.9984567901234568,39.2377687777787,0.06064570135669042,0.06186892613479582,0,0.0,3.580222262615736,0.005525034355888481,0.006681814740084301,0,0.0
2784,eMBB,491.75,8.25,19,1947,317747901.972995,163198.71698664356,18,0.9473684210526315,195.82483235961985,10.879157353312214,17.97001052357998,0,0.0,3.8959569354819883,0.2050503650253678,0.2129215745391977,0,0.0
2785,eMBB,492.75,7.25,25,1945,415526269.2193512,213638.18468861244,24,0.96,187.23146545320486,7.801311060550202,13.465059200752309,0,0.0,5.019082965694421,0.20076331862777685,0.2078584234408027,0,0.0
2786,eMBB,492.5,7.5,22,1948,314089163.9999998,161236.73716632434,22,1.0,198.57983985421419,9.026356357009735,17.271423066310476,0,0.0,4.584577824434277,0.20838990111064895,0.21324815099995054,0,0.0
2787,URLLC,177.5,322.5,710,710,104014419.0,146499.18169014083,710,1.0,43.62335521642844,0.06144134537525133,0.06298003505686298,0,0.0,4.480281885966952,0.006310256177418243,0.00785480674917066,0,0.0
2788,mMTC,250.0,250.0,500,500,41057795.0,82115.59,500,1.0,163.08319542469684,0.3261663908493937,0.351560956996094,0,0.0,113.03320226721553,0.22606640453443105,0.24954171685097076,0,0.0
2789,eMBB,489.5,10.5,18,1939,309304908.26559645,159517.74536647575,17,0.9444444444444444,181.3503851550958,10.667669715005635,18.074858774217564,0,0.0,3.7866111357964503,0.210367285322025,0.21505346639247697,0,0.0
2790,eMBB,492.25,7.75,22,1946,308279134.12066746,158416.82123364205,21,0.9545454545454546,196.57979674484835,9.360942702135636,18.272002116081936,0,0.0,4.56731855935441,0.2076053890615641,0.21329625316915962,0,0.0
2791,eMBB,493.75,6.25,18,1956,319236106.4276989,163208.64336794423,17,0.9444444444444444,191.95646873866812,11.291556984627537,17.573724888965568,0,0.0,3.6883895559828033,0.2049105308879335,0.21360264139946983,0,0.0
2792,eMBB,487.75,12.25,21,1928,387938299.0012059,201212.8106852728,20,0.9523809523809523,193.2457579412463,9.662287897062315,17.772456641110207,0,0.0,4.2990372376072,0.2047160589336762,0.21911238938764707,0,0.0
2793,eMBB,492.75,7.25,19,1951,316799567.5013088,162378.04587458164,18,0.9473684210526315,187.67950476948556,10.42663915386031,17.455023827891832,0,0.0,3.949091985938325,0.2078469466283329,0.2125981397742976,0,0.0
2794,eMBB,492.0,8.0,19,1948,329779979.7619838,169291.5707197042,18,0.9473684210526315,193.4756608904454,10.748647827246966,15.269982746267832,0,0.0,3.8472263471001944,0.2024855972157997,0.20889229415997332,0,0.0
2795,mMTC,281.5,218.5,563,563,46890755.0,83287.30905861457,563,1.0,183.67774632827823,0.32624821727935743,0.3525256885214336,0,0.0,127.42449808681667,0.22633125770304915,0.25360078117100626,0,0.0
2796,URLLC,176.5,323.5,706,705,100539653.0,142609.43687943261,705,0.9985835694050992,43.03076335972903,0.06103654377266529,0.06617905843999923,0,0.0,4.208103335208872,0.005960486310494152,0.008413167115721662,0,0.0
2797,eMBB,495.25,4.75,18,1962,312542012.5279324,159297.6618389054,17,0.9444444444444444,195.55626092563415,11.503309466213773,17.27809814021761,0,0.0,3.7962531575428766,0.21090295319682648,0.21580063259483945,0,0.0
2798,eMBB,491.0,9.0,20,1943,316650721.6777005,162970.00601013922,19,0.95,193.14705386237168,10.165634413809036,18.069229055102827,0,0.0,4.157271209189059,0.20786356045945292,0.21374544076672386,0,0.0
2799,eMBB,484.25,15.75,23,1913,410073273.43798786,214361.35569157757,22,0.9565217391304348,192.52575904826833,8.751170865830378,13.665339679846262,0,0.0,4.640803815887831,0.20177407895164484,0.20813885448006875,0,0.0
2800,mMTC,266.5,233.5,533,532,41749474.0,78476.45488721805,532,0.99812382739212,166.00590906898904,0.3120411824605057,0.33217773611007556,0,0.0,113.48786762024578,0.2129228285558082,0.23352835873111652,0,0.0
2801,eMBB,496.0,4.0,21,1962,330581758.11912024,168492.23145724784,20,0.9523809523809523,196.87736202470623,9.843868101235312,14.76888245506019,0,0.0,4.320477601036986,0.20573702862080884,0.2230487146453194,0,0.0
2802,eMBB,492.5,7.5,23,1946,331752638.91407937,170479.25946252793,22,0.9565217391304348,196.9613702520409,8.95278955691095,14.268220025129635,0,0.0,4.672806197145517,0.20316548683241378,0.20823472294354325,0,0.0
2803,mMTC,295.75,204.25,592,591,47400947.0,80204.64805414551,591,0.9983108108108109,184.21069556355053,0.311693224303808,0.3374444458909408,0,0.0,125.46881412661646,0.21194056440306835,0.23949493029959423,0,0.0
2804,URLLC,160.25,339.75,641,641,91397977.0,142586.5475819033,641,1.0,38.935817174551886,0.06074230448448032,0.06414619404921383,0,0.0,3.616395004705725,0.005641801879416108,0.00897086051075229,0,0.0
2805,mMTC,264.5,235.5,529,528,41659942.0,78901.4053030303,528,0.998109640831758,169.89017045620187,0.3217616864700793,0.3465972701280855,0,0.0,117.36910443221247,0.2218697626317816,0.24664624347042485,0,0.0
2806,URLLC,173.5,326.5,694,694,99051930.0,142726.12391930836,694,1.0,42.58033882995013,0.06135495508638347,0.06652892564265678,0,0.0,4.377005645283486,0.006306924560927213,0.008928456475990094,0,0.0
2807,eMBB,495.25,4.75,19,1961,316711869.85799783,161505.28804589386,18,0.9473684210526315,192.43044839570948,10.690580466428305,17.771947256170982,0,0.0,3.9069292617070053,0.20562785587931606,0.2138311410180463,0,0.0
2808,eMBB,495.25,4.75,20,1960,329924376.0653352,168328.7632986404,19,0.95,192.80973151689943,10.147880606152603,14.873298548696,0,0.0,4.120148914718995,0.20600744573594976,0.2105210664441523,0,0.0
2809,URLLC,188.25,311.75,753,753,106350008.0,141235.07038512616,753,1.0,45.90551553599107,0.06096350004779691,0.06251313987934562,0,0.0,4.463711614144926,0.005927903870046382,0.007513139879345616,0,0.0
2810,eMBB,492.5,7.5,17,1952,312443070.8712286,160063.04860206382,16,0.9411764705882353,195.77202640484867,12.235751650303042,17.675940534702384,0,0.0,3.571288953970523,0.21007582082179546,0.2129731938360789,0,0.0
2811,eMBB,488.5,11.5,21,1932,305468229.67415106,158109.84972782145,20,0.9523809523809523,192.67617247899818,9.633808623949909,17.271994826944532,0,0.0,4.429002970376191,0.21090490335124717,0.21597758515334303,0,0.0
2812,eMBB,492.5,7.5,20,1949,317596563.6677592,162953.59859813197,19,0.95,195.0335838388303,10.264925465201594,18.069619012522086,0,0.0,4.1451323559619,0.207256617798095,0.21207201244239063,0,0.0
2813,eMBB,494.0,6.0,23,1952,419388841.20949244,214850.84078355145,22,0.9565217391304348,194.66126327559954,8.848239239799979,13.466366346613649,0,0.0,4.6790579590826225,0.20343730256880968,0.21961183834320264,0,0.0
2814,eMBB,497.0,3.0,17,1970,321106008.9470757,162997.97408481,16,0.9411764705882353,195.3111944346795,12.206949652167468,17.670562270868945,0,0.0,3.50599889103543,0.20623522888443704,0.21283447958666968,0,0.0
2815,eMBB,488.25,11.75,18,1934,328355860.8124457,169780.69328461515,17,0.9444444444444444,193.43718196748117,11.37865776279301,17.169774762462193,0,0.0,3.6705461667330086,0.20391923148516714,0.20698525567612122,0,0.0
2816,eMBB,486.5,13.5,26,1919,325762535.761541,169756.40216859875,25,0.9615384615384616,189.43608700701614,7.577443480280646,16.367057986542058,0,0.0,5.265331757207783,0.20251275989260706,0.2081694155774939,0,0.0
2817,mMTC,275.5,224.5,551,551,44011916.0,79876.43557168783,551,1.0,172.19157658110444,0.31250739851380116,0.34330335423803254,0,0.0,117.58135739882614,0.21339629291982967,0.24477679151812967,0,0.0
2818,eMBB,495.0,5.0,19,1960,311350506.3328014,158852.29914938848,18,0.9473684210526315,194.76055377125846,10.820030765069914,17.873425674717954,0,0.0,3.939372629084688,0.20733540153077304,0.21318708634602226,0,0.0
2819,eMBB,494.0,6.0,19,1956,319130356.1712145,163154.5788196393,18,0.9473684210526315,193.7072424981825,10.76151347212125,17.770039275032783,0,0.0,3.882618033995321,0.20434831757870112,0.2118589419165845,0,0.0
2820,eMBB,474.25,25.75,27,1869,398206951.65423006,213058.8291354896,26,0.9629629629629629,188.99689980725108,7.269111531048119,13.566429663452402,0,0.0,5.462380562602004,0.20231039120748162,0.20568001325086066,0,0.0
2821,eMBB,493.5,6.5,21,1952,314090141.2886028,160906.83467653833,20,0.9523809523809523,185.76834142097383,9.288417071048691,17.671045540103773,0,0.0,4.31436594043471,0.20544599716355763,0.21219238606750107,0,0.0
2822,URLLC,187.5,312.5,750,750,104873496.0,139831.328,750,1.0,46.118603876102355,0.06149147183480314,0.06304719769773943,0,0.0,4.79678338302549,0.00639571117736732,0.008047197697739435,0,0.0
2823,mMTC,244.75,255.25,490,489,38936564.0,79624.87525562372,489,0.9979591836734694,159.77706829858568,0.32674247095825293,0.35379873570092085,0,0.0,111.00137621298697,0.22653342084283054,0.255017447837673,0,0.0
2824,eMBB,493.0,7.0,21,1950,309910507.94721377,158928.46561395578,20,0.9523809523809523,194.50575735736044,9.725287867868023,17.87169342611327,0,0.0,4.359358242549302,0.20758848774044295,0.21531137980680504,0,0.0
2825,eMBB,493.5,6.5,17,1956,311779638.9621942,159396.5434367046,16,0.9411764705882353,196.22839339575413,12.264274587234633,17.67469007266672,0,0.0,3.53600043763837,0.20800002574343354,0.2158621405325251,0,0.0
2826,mMTC,255.25,244.75,511,510,40274905.0,78970.40196078431,510,0.9980430528375733,164.18623530017925,0.32193379470623384,0.3463020701814369,0,0.0,113.43374971573178,0.2219838546296121,0.24696928249012728,0,0.0
2827,mMTC,266.0,234.0,532,531,44979913.0,84707.934086629,531,0.9981203007518797,172.40380862394736,0.32467760569481613,0.3431887277020816,0,0.0,119.62969426407005,0.22486784636103394,0.24412217360801022,0,0.0
2828,eMBB,495.0,5.0,19,1959,324199983.8840804,165492.59003781542,18,0.9473684210526315,195.91856974179052,10.88436498565503,17.87729449742545,0,0.0,3.9040662160093995,0.20547716926365261,0.21490807245671706,0,0.0
2829,eMBB,489.75,10.25,22,1936,324595284.27373517,167662.85344717724,21,0.9545454545454546,196.37702426123445,9.351286869582593,16.77052093975082,0,0.0,4.462613500528814,0.20284606820585518,0.20881544078590142,0,0.0
2830,eMBB,491.75,8.25,22,1944,332084378.4891201,170825.29757670788,21,0.9545454545454546,192.51730234399946,9.167490587809498,16.365535218657588,0,0.0,4.3965740069198365,0.19984427304181074,0.2056688079899037,0,0.0
2831,eMBB,494.75,5.25,18,1960,313297105.84523743,159845.46216593747,17,0.9444444444444444,189.26468947083904,11.133217027696414,17.678530145027956,0,0.0,3.801441999422049,0.21119122219011385,0.21564122801387578,0,0.0
2832,eMBB,492.0,8.0,18,1949,309968783.80707604,159039.90959829453,17,0.9444444444444444,197.75512836154115,11.63265460950242,17.375321157347923,0,0.0,3.8035315562005136,0.2113073086778063,0.216555218617603,0,0.0
2833,mMTC,301.0,199.0,602,602,48585332.0,80706.5315614618,602,1.0,194.01170459660804,0.322278579064133,0.3473372825811187,0,0.0,134.18394310846304,0.22289691546256318,0.2482092725554181,0,0.0
2834,mMTC,279.5,220.5,559,559,43715756.0,78203.49910554562,559,1.0,181.1470692341168,0.32405558002525364,0.3463374281889914,0,0.0,125.39410352765242,0.22431861096181113,0.24664920846278804,0,0.0
2835,URLLC,153.75,346.25,615,615,88244361.0,143486.76585365852,615,1.0,37.69611169027125,0.06129449055328659,0.06712932100671937,0,0.0,3.8473461875789754,0.006255847459478009,0.009629321006719356,0,0.0
2836,eMBB,480.5,19.5,23,1898,318072307.9076501,167582.88087863548,22,0.9565217391304348,193.37676735159485,8.78985306143613,15.665627173003715,0,0.0,4.707724163880134,0.20468365929913626,0.2098255019059134,0,0.0
2837,eMBB,494.25,5.75,19,1958,337725893.0000001,172485.1343207355,19,1.0,198.91190002579015,10.469047369778428,17.06744914968911,0,0.0,3.8143649161648785,0.20075604821920412,0.20821120976972937,0,0.0
2838,eMBB,489.5,10.5,20,1937,308220279.6660123,159122.4985369191,19,0.95,196.2905656372514,10.3310824019606,17.878038335981714,0,0.0,4.203794099013524,0.21018970495067618,0.21502141242780826,0,0.0
2839,eMBB,481.75,18.25,19,1907,301318046.6858486,158006.3170874927,18,0.9473684210526315,182.4040962914102,10.133560905078346,15.472888109400326,0,0.0,3.9876285624379424,0.2098751874967338,0.21366970170981395,0,0.0
2840,eMBB,494.25,5.75,19,1957,319490124.7132766,163255.04584224662,18,0.9473684210526315,190.84202587001548,10.602334770556416,17.47363163940243,0,0.0,3.9171970431367047,0.20616826542824762,0.21214555350011866,0,0.0
2841,eMBB,492.25,7.75,22,1946,417924909.35669965,214761.00172492274,21,0.9545454545454546,189.52857762686335,9.02517036318397,13.864736125837728,0,0.0,4.40995215168123,0.20045237053096499,0.20707150162845578,0,0.0
2842,URLLC,167.75,332.25,671,671,96161365.0,143310.52906110283,671,1.0,41.1302176996498,0.061296896720789563,0.06587006879296137,0,0.0,4.222717699649766,0.00629317093837521,0.008370068792961365,0,0.0
2843,mMTC,285.25,214.75,571,570,44900133.0,78772.16315789474,570,0.9982486865148862,181.60632113212645,0.3186075809335552,0.34718849553494435,0,0.0,124.60409627605503,0.21822083410867782,0.24589622113832058,0,0.0
2844,mMTC,299.0,201.0,598,598,48869322.0,81721.27424749164,598,1.0,195.37499678954907,0.32671404145409544,0.3541144551821899,0,0.0,135.94546910179224,0.22733356037089003,0.25419591380646345,0,0.0
2845,eMBB,492.25,7.75,17,1951,312682822.3495336,160267.97660150364,16,0.9411764705882353,187.3719039682948,11.710743998018424,18.072379101720337,0,0.0,3.5775816850608537,0.21044598147416788,0.2138379560454456,0,0.0
2846,eMBB,491.0,9.0,17,1946,310663953.9318676,159642.31959499876,16,0.9411764705882353,185.63001888808438,11.601876180505274,18.375289229996113,0,0.0,3.5399670986044005,0.20823335874143534,0.21569415387252183,0,0.0
2847,mMTC,250.5,249.5,501,501,41895857.0,83624.46506986028,501,1.0,161.59628769757956,0.32254748043429055,0.3479238640439949,0,0.0,111.9209732971691,0.22339515628177464,0.24975763590945704,0,0.0
2848,mMTC,309.0,191.0,618,618,48816104.0,78990.45954692557,618,1.0,200.55134482273814,0.32451673919536916,0.348989636723789,0,0.0,139.107969293037,0.22509380144504368,0.24741442299808883,0,0.0
2849,eMBB,486.25,13.75,24,1920,306210768.01089275,159484.77500567332,23,0.9583333333333334,186.1479151471397,8.09338761509303,13.075482489791382,0,0.0,5.004835612018429,0.20853481716743452,0.21255341567152,0,0.0
2850,eMBB,493.25,6.75,21,1951,329305188.8840805,168787.8979416097,20,0.9523809523809523,195.1495998078987,9.757479990394936,17.065960929734352,0,0.0,4.301021239618981,0.2048105352199515,0.2091382595416048,0,0.0
2851,eMBB,496.25,3.75,23,1961,334454141.7932604,170552.8515008977,22,0.9565217391304348,197.3365791766437,8.96984450802926,16.865006596174737,0,0.0,4.654200266410057,0.2023565333221764,0.2072134440660342,0,0.0
2852,eMBB,490.75,9.25,22,1940,308097769.4000568,158813.28319590556,21,0.9545454545454546,189.72474009468237,9.034511433080112,17.47389677921324,0,0.0,4.619733199890559,0.20998787272229816,0.21465834588629473,0,0.0
2853,eMBB,494.25,5.75,17,1959,313060384.3624932,159806.2196847847,16,0.9411764705882353,197.75435132220414,12.359646957637759,18.27051667228741,0,0.0,3.5653430449027885,0.2097260614648699,0.2141818126342944,0,0.0
2854,eMBB,488.25,11.75,22,1930,312825539.8716414,162085.77195421833,21,0.9545454545454546,192.8758416057192,9.184563885986629,17.169792612640933,0,0.0,4.5642484795295815,0.20746583997861734,0.21167283162695744,0,0.0
2855,URLLC,177.75,322.25,711,710,99827561.0,140602.1985915493,710,0.9985935302390999,43.60471187974417,0.06141508715456926,0.06675900469249174,0,0.0,4.544109084762717,0.006391152017950375,0.009206448859158412,0,0.0
2856,mMTC,296.25,203.75,593,592,49749820.0,84036.8581081081,592,0.9983136593591906,185.23903613169145,0.3129037772494788,0.3322588717680518,0,0.0,126.69054036461219,0.21364340702295478,0.23242152303898722,0,0.0
2857,eMBB,494.75,5.25,21,1957,329694432.7671516,168469.3064727397,20,0.9523809523809523,194.0176561242931,9.700882806214654,15.666614242611942,0,0.0,4.270901995930478,0.20337628552049894,0.2077790059974923,0,0.0
2858,eMBB,482.0,18.0,22,1905,325115409.7932606,170664.25710932314,21,0.9545454545454546,191.57764715726938,9.122745102727114,15.36455065515054,0,0.0,4.461843357869672,0.20281106172134872,0.20893045303389016,0,0.0
2859,eMBB,494.25,5.75,20,1956,311828286.876203,159421.414558386,19,0.95,194.4500354712744,10.234212393224968,17.576041247133144,0,0.0,4.1663657353643755,0.20831828676821879,0.21503589394232375,0,0.0
2860,URLLC,172.25,327.75,689,689,95148557.0,138096.59941944847,689,1.0,41.895932288307954,0.06080686834297236,0.06671898297582417,0,0.0,3.9505473968463987,0.005733740779167487,0.009313708922088132,0,0.0
2861,mMTC,276.75,223.25,554,553,43386556.0,78456.70162748644,553,0.9981949458483754,178.5859093579332,0.3229401615875826,0.34714585202426973,0,0.0,123.89009410239349,0.22362832870468138,0.24865535403056307,0,0.0
2862,mMTC,269.0,231.0,538,537,42794587.0,79691.96834264432,537,0.9981412639405205,172.87672287933813,0.32193058264308777,0.3499062263873638,0,0.0,119.7753946635812,0.2226308450995933,0.24896739046145006,0,0.0
2863,eMBB,493.5,6.5,20,1953,315492338.3843996,161542.4159674345,19,0.95,189.86383341834383,9.99283333780757,17.972571203387048,0,0.0,4.17748022261619,0.20887401113080947,0.21248732000191417,0,0.0
2864,mMTC,286.25,213.75,573,572,44294508.0,77437.95104895104,572,0.9982547993019197,182.31981375464457,0.3187409331374905,0.3402785836411276,0,0.0,125.23837796514921,0.21856610465122026,0.24120180249592554,0,0.0
2865,eMBB,483.25,16.75,22,1910,326798089.29458284,171098.47607046223,21,0.9545454545454546,190.51738143779292,9.07225625894252,17.06432794067729,0,0.0,4.40463256783248,0.20021057126511274,0.2093871612626593,0,0.0
2866,eMBB,491.75,8.25,17,1949,312506074.289784,160341.75181620524,16,0.9411764705882353,189.5623619117562,11.847647619484762,16.970846285843084,0,0.0,3.569638009520725,0.20997870644239558,0.21460631819646353,0,0.0
2867,eMBB,492.5,7.5,22,1947,307841347.7735683,158110.60491708695,21,0.9545454545454546,194.88823543181778,9.280392163419894,18.472510494935637,0,0.0,4.587372759345069,0.20851694360659404,0.2167427623650527,0,0.0
2868,eMBB,494.75,5.25,18,1960,320231952.19233567,163383.64907772228,17,0.9444444444444444,187.6469213244674,11.038054195556906,18.069922069989946,0,0.0,3.6878214103583535,0.20487896724213076,0.21279076067379732,0,0.0
2869,eMBB,487.25,12.75,27,1922,410652277.99999964,213658.8335067636,26,0.9629629629629629,196.4993587066516,7.557667642563524,13.16509779509204,0,0.0,5.270552454782132,0.19520564647341232,0.20641255564179262,0,0.0
2870,eMBB,487.25,12.75,19,1929,312566976.72413594,162035.75776264176,18,0.9473684210526315,195.21099758183047,10.845055421212804,17.771084582252037,0,0.0,3.9873333826306467,0.20985965171740245,0.21619504369758405,0,0.0
2871,URLLC,226.5,273.5,906,906,127199421.0,140396.7119205298,906,1.0,55.76253402481673,0.06154805080001847,0.0674283911265126,0,0.0,5.874261289662807,0.006483732107795593,0.009928391126512595,0,0.0
2872,eMBB,487.5,12.5,21,1928,329855875.71821946,171087.07246795614,20,0.9523809523809523,189.26465328585488,9.463232664292743,16.765682700114663,0,0.0,4.216188263059879,0.20077086966951802,0.20988867649227175,0,0.0
2873,eMBB,493.0,7.0,18,1953,311810502.7868816,159657.19548739458,17,0.9444444444444444,183.98559363040047,10.822681978258851,16.97206337841833,0,0.0,3.7332540641752563,0.207403003565292,0.21494688749800367,0,0.0
2874,eMBB,491.75,8.25,17,1949,310729258.4329317,159430.09668185312,16,0.9411764705882353,191.52561572439362,11.970350982774601,17.671614242841315,0,0.0,3.538235429989323,0.2081314958817249,0.2151795955032099,0,0.0
2875,eMBB,492.5,7.5,21,1948,316263529.9921699,162352.94147441987,20,0.9523809523809523,194.42225223993023,9.721112611996512,17.169896727197514,0,0.0,4.375204075929152,0.20834305123472152,0.21332652781782024,0,0.0
2876,eMBB,484.25,15.75,26,1910,407450285.4257574,213324.75676741227,25,0.9615384615384616,188.67183542053186,7.546873416821274,13.864685304841245,0,0.0,5.210936175689587,0.20042062214190717,0.2093176598786814,0,0.0
2877,eMBB,496.0,4.0,18,1965,320079640.91942024,162890.40250352176,17,0.9444444444444444,195.4721195346097,11.498359972624101,17.373364264996653,0,0.0,3.7110417255931116,0.20616898475517287,0.2139289751928023,0,0.0
2878,mMTC,280.5,219.5,561,561,44199023.0,78786.13725490196,561,1.0,178.9745084366536,0.3190276442721098,0.3399878464067724,0,0.0,123.12240021331789,0.21946951909682333,0.24173938084972274,0,0.0
2879,eMBB,492.5,7.5,20,1949,334675045.83209586,171716.28826685267,19,0.95,189.6319958175398,9.980631358817885,16.865660088988108,0,0.0,4.048889686615897,0.20244448433079487,0.2069971357281557,0,0.0
2880,eMBB,491.75,8.25,17,1949,312928354.7409111,160558.41700405907,16,0.9411764705882353,191.32058010053464,11.957536256283415,18.47802061496476,0,0.0,3.5314340419587538,0.20773141423286787,0.2155046956259265,0,0.0
2881,eMBB,491.75,8.25,22,1945,305371604.0000002,157003.39537275073,21,0.9545454545454546,198.1651248640717,9.436434517336746,15.172835264176824,0,0.0,4.456017367757789,0.2025462439889904,0.230298075561661,0,0.0
2882,eMBB,494.25,5.75,20,1956,317277038.2771426,162207.07478381522,19,0.95,192.61597961620566,10.137683137695035,17.268550529181894,0,0.0,4.134195620501012,0.2067097810250506,0.21137274923768057,0,0.0
2883,eMBB,487.75,12.25,28,1922,410203669.573474,213425.42641699998,27,0.9642857142857143,193.3178530045249,7.1599204816490705,13.86458124727206,0,0.0,5.6317215651173935,0.2011329130399069,0.20698711357947439,0,0.0
2884,eMBB,486.0,14.0,18,1925,312870874.6755471,162530.32450677772,17,0.9444444444444444,189.51921005006417,11.148188826474364,18.171443635503636,0,0.0,3.7619457364340896,0.20899698535744943,0.2123094548427825,0,0.0
2885,mMTC,306.0,194.0,612,612,47319982.0,77320.23202614379,612,1.0,195.35151044185722,0.3192018144474791,0.3475759477964847,0,0.0,134.58959934746758,0.21991764599259409,0.2475469608173278,0,0.0
2886,eMBB,488.75,11.25,22,1932,329163607.6588936,170374.53812572133,21,0.9545454545454546,192.50731316954136,9.167014912835302,15.165499420682286,0,0.0,4.399918436449854,0.19999629256590243,0.20717034905262294,0,0.0
2887,eMBB,492.75,7.25,18,1952,311708951.979236,159686.96310411682,17,0.9444444444444444,194.07137524473183,11.415963249690108,18.29155854331733,0,0.0,3.8179060401060867,0.2121058911170048,0.22907121753769671,0,0.0
2888,mMTC,286.5,213.5,573,573,46416930.0,81006.85863874346,573,1.0,180.95521015178497,0.31580315907815876,0.3403127168607359,0,0.0,124.00386083938523,0.21641162450154489,0.2400222064112155,0,0.0
2889,mMTC,244.75,255.25,490,489,40146514.0,82099.21063394683,489,0.9979591836734694,158.18977939617716,0.32349648138277537,0.34317279656714217,0,0.0,109.94594662654475,0.22437948291131582,0.24421602602657622,0,0.0
2890,eMBB,487.0,13.0,29,1918,408855883.2036392,213167.82231680877,28,0.9655172413793104,190.97465993865006,6.820523569237502,13.166894460200218,0,0.0,5.826909649896397,0.20092791896194473,0.20631711264825545,0,0.0
2891,eMBB,490.75,9.25,19,1943,314311715.09057134,161766.19407646492,18,0.9473684210526315,192.79630284578212,10.710905713654562,16.874022051869016,0,0.0,3.9760471873997183,0.20926564144209045,0.21508908257106585,0,0.0
2892,eMBB,494.75,5.25,20,1958,331864757.3323582,169491.70445983563,19,0.95,196.99704688042723,10.368265625285645,17.371133971095528,0,0.0,4.115631690223355,0.20578158451116776,0.21078964446127474,0,0.0
2893,eMBB,493.0,7.0,20,1951,335332751.59393984,171877.37139617623,19,0.95,192.03637282878262,10.107177517304349,15.966352439204652,0,0.0,4.054619821691013,0.20273099108455064,0.20704638892486582,0,0.0
2894,eMBB,494.75,5.25,18,1960,313128270.4000572,159759.32163268223,17,0.9444444444444444,191.04289647929357,11.237817439958446,18.071675263084213,0,0.0,3.794789892306704,0.21082166068370578,0.21514524929004214,0,0.0
2895,eMBB,491.75,8.25,18,1948,309721160.0530074,158994.43534548636,17,0.9444444444444444,181.54137019213917,10.678904128949362,15.67394280917285,0,0.0,3.796918780903595,0.21093993227242194,0.21722711455299293,0,0.0
2896,eMBB,494.5,5.5,20,1957,319962524.63537854,163496.43568491493,19,0.95,191.72493099490302,10.090785841837,17.671145169680038,0,0.0,4.143514330602511,0.20717571653012556,0.21142267399761602,0,0.0
2897,mMTC,265.5,234.5,531,531,43793027.0,82472.74387947269,531,1.0,171.2938901410115,0.32258736373071845,0.3436924876066461,0,0.0,118.61384325512003,0.22337823588534847,0.24442421310606718,0,0.0
2898,eMBB,491.5,8.5,20,1945,313150230.32737494,161002.6891143316,19,0.95,191.17085462234655,10.061623927491924,16.271540112489262,0,0.0,4.185357071141879,0.20926785355709393,0.2135760131261826,0,0.0
2899,mMTC,301.0,199.0,602,602,49275272.0,81852.61129568107,602,1.0,192.5393514296517,0.31983280968380684,0.347801692172896,0,0.0,133.00688528242773,0.220941669904365,0.2490909953716607,0,0.0
2900,eMBB,494.5,5.5,19,1958,336784807.93115556,172004.4984326637,18,0.9473684210526315,186.1674800859528,10.342637782552934,16.868180448810012,0,0.0,3.845062738046038,0.20237172305505463,0.20733386932828074,0,0.0
2901,URLLC,190.0,310.0,760,760,105714714.0,139098.30789473685,760,1.0,46.47483907654521,0.061151104048085804,0.06635204829414842,0,0.0,4.640336508006755,0.006105705931587836,0.008730524063379192,0,0.0
2902,URLLC,212.75,287.25,851,850,116933612.0,137568.95529411765,850,0.9988249118683902,51.72710219132987,0.06085541434274103,0.06698211668131869,0,0.0,4.951245495147568,0.005818149818034746,0.009607814097745242,0,0.0
2903,eMBB,492.25,7.75,18,1950,319313001.54117274,163750.2572006014,17,0.9444444444444444,191.6073094670458,11.271018203943871,18.066461461804995,0,0.0,3.751059585054577,0.20839219916969873,0.21288006505933627,0,0.0
2904,eMBB,495.5,4.5,22,1959,420586830.80801576,214694.65584891054,21,0.9545454545454546,197.05393199854743,9.383520571359401,13.666620112233616,0,0.0,4.444941761153222,0.20204280732514646,0.20738181756467616,0,0.0
2905,eMBB,490.5,9.5,22,1939,311760195.5919205,160784.0101041364,21,0.9545454545454546,192.7957799162092,9.180751424581391,16.473568500872044,0,0.0,4.5906152424236595,0.20866432920107544,0.2134232614612388,0,0.0
2906,eMBB,491.5,8.5,19,1946,328682995.581027,168901.84767781448,18,0.9473684210526315,189.07473989830925,10.504152216572736,15.973349548958291,0,0.0,3.856967448151981,0.2029982867448411,0.2109935342825292,0,0.0
2907,mMTC,300.0,200.0,600,599,48062293.0,80237.550918197,599,0.9983333333333333,196.54179401309696,0.32811651755108007,0.3557889013879936,0,0.0,137.395444586495,0.22899240764415832,0.2577008183110705,0,0.0
2908,eMBB,487.5,12.5,19,1930,307176814.2601402,159158.97111924362,18,0.9473684210526315,192.82161098429643,10.712311721349801,17.570764353367057,0,0.0,4.009578614519201,0.21103045339574744,0.21679201776039658,0,0.0
2909,URLLC,177.75,322.25,711,711,100844392.0,141834.58790436006,711,1.0,43.30102203924531,0.06090157811426907,0.06232642207331217,0,0.0,4.196022039245267,0.005901578114269011,0.00732642207331216,0,0.0
2910,eMBB,489.5,10.5,22,1935,312424225.65730566,161459.5481433104,21,0.9545454545454546,190.99495009229062,9.09499762344241,16.767554171295828,0,0.0,4.593560966139238,0.20879822573360174,0.22678720612012407,0,0.0
2911,eMBB,493.25,6.75,21,1951,420220091.57284385,215387.0279717293,20,0.9523809523809523,191.73616813494954,9.586808406747476,13.865134629756247,0,0.0,4.191235127928687,0.1995826251394613,0.20620542818704748,0,0.0
2912,eMBB,487.25,12.75,21,1927,310573861.3265388,161169.6218612033,20,0.9523809523809523,183.94298437226414,9.197149218613207,16.370954248759613,0,0.0,4.401465822305886,0.20959361058599454,0.21383336576920758,0,0.0
2913,eMBB,490.5,9.5,19,1942,328572853.65336585,169193.02453829342,18,0.9473684210526315,189.30329028455407,10.516849460253004,17.36692360514184,0,0.0,3.8830729150681087,0.20437225868779518,0.20978453021881405,0,0.0
2914,mMTC,277.0,223.0,554,553,42559297.0,76960.7540687161,553,0.9981949458483754,181.7194161199791,0.32860653909580306,0.3499052199738865,0,0.0,127.20061904592578,0.22960400549806098,0.2517550938201115,0,0.0
2915,eMBB,491.0,9.0,18,1945,311038357.75041246,159916.89344494214,17,0.9444444444444444,190.60392576701665,11.21199563335392,17.672255494108633,0,0.0,3.7533490680053374,0.20851939266696318,0.2179606297274287,0,0.0
2916,eMBB,492.5,7.5,20,1949,309150694.36249393,158620.16129425034,19,0.95,197.30024816181705,10.384223587464055,18.070518393520548,0,0.0,4.230026072997988,0.21150130364989939,0.21632484909209582,0,0.0
2917,eMBB,493.5,6.5,17,1956,321081336.67770064,164152.01261641138,16,0.9411764705882353,193.91820155646622,12.119887597279138,17.969812797732367,0,0.0,3.529472373673921,0.20761602198081888,0.21366326431752836,0,0.0
2918,eMBB,483.5,16.5,28,1905,406126630.0000007,213189.83202099774,27,0.9642857142857143,194.96107065265244,7.2207803945426825,13.36365862399606,0,0.0,5.686875763296181,0.20310270583200646,0.20714105040740238,0,0.0
2919,eMBB,489.5,10.5,20,1937,312175593.77347356,161164.47794190684,19,0.95,193.11583698575114,10.163991420302692,16.272444387322377,0,0.0,4.136695636750578,0.2068347818375289,0.21389572135390705,0,0.0
2920,eMBB,493.5,6.5,18,1955,331091790.23466754,169356.4144422852,17,0.9444444444444444,192.52897751065066,11.325233971214745,17.365890037914387,0,0.0,3.6754187709379966,0.20418993171877758,0.20851516322207658,0,0.0
2921,mMTC,297.5,202.5,595,595,47702028.0,80171.4756302521,595,1.0,195.61862741205957,0.3287708023732094,0.35638198343927574,0,0.0,136.9137214220951,0.2301070948270506,0.2591597612170534,0,0.0
2922,eMBB,493.75,6.25,21,1953,310300249.12073696,158883.89611916896,20,0.9523809523809523,197.54998287492344,9.877499143746173,18.2725689731151,0,0.0,4.416710324672199,0.2103195392701047,0.21349249401703224,0,0.0
2923,eMBB,486.0,14.0,20,1923,304747863.56969815,158475.22806536566,19,0.95,191.7869582930814,10.094050436477968,17.877117201043,0,0.0,4.2185202235900805,0.21092601117950402,0.21470497611264966,0,0.0
2924,mMTC,280.5,219.5,561,561,45258152.0,80674.06773618539,561,1.0,181.88554936074485,0.32421666552717443,0.34324088567316985,0,0.0,126.67747689040229,0.2258065541718401,0.24522233694606663,0,0.0
2925,eMBB,491.5,8.5,20,1945,420302751.34744424,216093.959561668,19,0.95,185.4482323405438,9.760433281081253,13.564911382666136,0,0.0,4.068313308435177,0.20341566542175885,0.22043063485569975,0,0.0
2926,eMBB,494.5,5.5,18,1959,317035978.3843992,161835.6193896882,17,0.9444444444444444,190.103498443281,11.182558731957707,16.968934876734256,0,0.0,3.7544936992741684,0.20858298329300937,0.21164416445658507,0,0.0
2927,eMBB,494.75,5.25,20,1959,330479684.00000054,168698.15416028613,20,1.0,199.26790488857938,9.96339524442897,16.68587103521297,0,0.0,4.1233329696507175,0.20616664848253588,0.22381230703304478,0,0.0
2928,mMTC,290.25,209.75,581,580,46043558.0,79385.44482758621,580,0.9982788296041308,190.60848320243306,0.3286353158662639,0.35591247847773555,0,0.0,133.50736555290666,0.22978892522014915,0.2579549843433595,0,0.0
2929,mMTC,242.0,258.0,484,484,39301223.0,81200.87396694215,484,1.0,151.72764548187496,0.3134868708303202,0.336063497195458,0,0.0,103.88266340755018,0.21463360208171525,0.23723736083841346,0,0.0
2930,mMTC,294.0,206.0,588,587,47045180.0,80145.11073253833,587,0.9982993197278912,185.83349127570798,0.3165817568581056,0.338788378166337,0,0.0,127.81461127507507,0.21737178788278072,0.2389606382847919,0,0.0
2931,eMBB,490.25,9.75,21,1939,314185375.09626985,162034.747342068,20,0.9523809523809523,194.5987439928999,9.729937199644995,15.770042450342642,0,0.0,4.361146904668907,0.2076736621270908,0.21350758686045887,0,0.0
2932,mMTC,265.0,235.0,530,530,41228981.0,77790.53018867924,530,1.0,172.59563615404434,0.3256521436868761,0.3477536157945448,0,0.0,120.13441768587181,0.22666871261485247,0.249055899495076,0,0.0
2933,eMBB,495.25,4.75,21,1959,316338081.15321964,161479.36761266954,20,0.9523809523809523,197.82194775842225,9.891097387921112,17.97104231029424,0,0.0,4.386276911802859,0.20887032913346945,0.2133090576728473,0,0.0
2934,URLLC,163.0,337.0,652,652,92361240.0,141658.3435582822,652,1.0,40.199161117702864,0.06165515508850133,0.06410269346498504,0,0.0,4.322272838318244,0.006629252819506509,0.009036763618831182,0,0.0
2935,eMBB,488.25,11.75,22,1930,329662342.51208216,170809.50389227056,21,0.9545454545454546,190.3834037697041,9.06587636998591,15.764077294449573,0,0.0,4.47877359913865,0.20358061814266593,0.2228753957925912,0,0.0
2936,eMBB,494.75,5.25,19,1959,312210115.5633921,159372.18762807152,18,0.9473684210526315,194.27487451979096,10.793048584432832,17.873997667756374,0,0.0,3.9659815608656457,0.20873587162450766,0.21606865996885008,0,0.0
2937,eMBB,491.0,9.0,20,1943,309259373.6322165,159165.9154051552,19,0.95,179.93000615356448,9.470000323871815,16.973087719037274,0,0.0,4.162959165221648,0.2081479582610824,0.21421409166373268,0,0.0
2938,eMBB,490.0,10.0,21,1938,315882975.83094174,162994.31157427334,20,0.9523809523809523,192.05590191415553,9.602795095707776,17.770455813282545,0,0.0,4.323207549871931,0.20586702618437766,0.2107646316666143,0,0.0
2939,eMBB,488.0,12.0,25,1926,412507752.754921,214178.48014274196,24,0.96,195.9406005491319,8.164191689547161,13.365622225627307,0,0.0,5.055523480528164,0.20222093922112655,0.20741018586482568,0,0.0
2940,eMBB,495.25,4.75,19,1961,317619641.94707555,161968.20089091052,18,0.9473684210526315,194.8156024632977,10.82308902573876,16.871818157590976,0,0.0,4.003436874144001,0.21070720390231587,0.2296165953221305,0,0.0
2941,eMBB,488.5,11.5,18,1935,328567538.6188928,169802.3455394795,17,0.9444444444444444,192.23806168690004,11.308121275700003,16.86584182571181,0,0.0,3.6880835439612896,0.20489353022007165,0.20790556466910873,0,0.0
2942,eMBB,491.0,9.0,24,1939,329731483.415265,170052.33801715577,23,0.9583333333333334,195.638002814065,8.506000122350653,16.767582814180344,0,0.0,4.907446535636596,0.20447693898485816,0.22335872912592453,0,0.0
2943,eMBB,494.25,5.75,17,1959,314336008.6003425,160457.380602523,16,0.9411764705882353,191.45211777143442,11.965757360714651,18.47353401746236,0,0.0,3.5681805827298727,0.2098929754546984,0.21335192018350577,0,0.0
2944,eMBB,490.5,9.5,20,1941,306383505.761554,157848.27705386604,19,0.95,190.72439202255643,10.038125895924022,18.017997693976096,0,0.0,4.156959193723739,0.20784795968618694,0.21497830551139163,0,0.0
2945,eMBB,493.25,6.75,20,1952,317413664.1192762,162609.45907749806,19,0.95,195.12062955126174,10.26950681848746,17.969570599405273,0,0.0,4.149450435184133,0.20747252175920666,0.2136600178864244,0,0.0
2946,URLLC,156.75,343.25,627,626,85936429.0,137278.64057507986,626,0.9984051036682615,38.536273668199534,0.06155954260095772,0.06709353859183169,0,0.0,4.111094124071047,0.006556768937912356,0.00959353859183168,0,0.0
2947,mMTC,236.25,263.75,472,473,37816946.0,79951.26004228329,472,1.0,148.44066211225027,0.31449292820392005,0.4272003073418478,0,0.0,101.76554524987581,0.2156049687497369,0.23483195154950015,0,0.0
2948,eMBB,489.0,11.0,23,1932,324709187.73648155,168068.93775180203,22,0.9565217391304348,189.73850582497042,8.624477537498656,17.26672357591888,0,0.0,4.676261391009081,0.20331571265256876,0.209627193992018,0,0.0
2949,eMBB,492.5,7.5,21,1948,334785766.9873016,171861.2766875265,20,0.9523809523809523,193.21684839786514,9.660842419893257,17.064240647843047,0,0.0,4.280858925023104,0.20385042500110018,0.2097782232155643,0,0.0
2950,eMBB,361.0,139.0,17,1407,225107901.7504135,159991.4013862214,16,0.9411764705882353,193.46868381474408,12.091792738421505,36.44892883953401,0,0.0,3.57763534295718,0.21044913782101057,0.21491523596450524,0,0.0
2951,eMBB,487.75,12.25,19,1931,306658176.5919902,158807.9630201917,18,0.9473684210526315,191.5548996820092,10.641938871222733,18.372839001819976,0,0.0,3.951849265440546,0.207992066602134,0.2151240173794174,0,0.0
2952,URLLC,181.5,318.5,726,726,102793678.0,141589.08815426996,726,1.0,44.1630890923976,0.060830701229197794,0.06455317304220184,0,0.0,4.228089092397663,0.005823814176856285,0.0072463437105202925,0,0.0
2953,mMTC,251.25,248.75,503,502,40355194.0,80388.83266932271,502,0.9980119284294234,163.74009256128124,0.3261754831898033,0.35125910266975335,0,0.0,114.14457049012056,0.22692757552707865,0.25139287260818455,0,0.0
2954,eMBB,491.25,8.75,21,1943,312019116.1532195,160586.26667690146,20,0.9523809523809523,196.22334322008007,9.811167161004004,17.07631543201867,0,0.0,4.390149421775415,0.20905473437025784,0.2141883122108153,0,0.0
2955,eMBB,486.5,13.5,22,1923,323006134.35203105,167969.9086594025,21,0.9545454545454546,186.20111049026346,8.866719547155403,14.871085157270116,0,0.0,4.504224645305789,0.20473748387753588,0.21038133759315913,0,0.0
2956,eMBB,493.25,6.75,19,1953,335424027.218369,171748.093813809,18,0.9473684210526315,182.82770528366032,10.15709473798113,15.868672393398533,0,0.0,3.8149281665007186,0.20078569297372204,0.2077096144716386,0,0.0
2957,URLLC,219.0,281.0,876,875,126111695.0,144127.65142857144,875,0.9988584474885844,53.617607235629,0.06127726541214743,0.06655506942298797,0,0.0,5.493691010471617,0.006271336769944767,0.00905506942298796,0,0.0
2958,eMBB,489.5,10.5,25,1932,302877224.0225604,156768.7494940789,24,0.96,194.79996583674543,8.116665243197726,17.27124509536532,0,0.0,5.222281278849491,0.20889125115397963,0.21535740261357403,0,0.0
2959,eMBB,492.0,8.0,20,1947,316157249.4658627,162381.7408658771,19,0.95,192.01289180586426,10.105941673992856,16.07061321731572,0,0.0,4.143354264040018,0.2071677132020009,0.2115306240680483,0,0.0
2960,eMBB,491.75,8.25,28,1938,414362524.47918946,213809.3521564445,27,0.9642857142857143,196.20378889512727,7.266806996115825,13.86385949806142,0,0.0,5.630215711735859,0.20107913256199497,0.2096872144761015,0,0.0
2961,mMTC,244.5,255.5,489,489,38940528.0,79632.98159509203,489,1.0,153.85546801794266,0.31463285893239806,0.3337506520242626,0,0.0,105.70171839143303,0.21615893331581398,0.23520462226740563,0,0.0
2962,mMTC,242.5,257.5,485,485,38615291.0,79619.15670103092,485,1.0,155.3985961174838,0.32040947653089447,0.3428226877971744,0,0.0,107.54394069176378,0.22174008390054387,0.24416280204408392,0,0.0
2963,eMBB,490.75,9.25,19,1943,333731854.7615418,171761.11928025825,18,0.9473684210526315,190.65512496465138,10.591951386925077,16.367033989062328,0,0.0,3.8459135759207888,0.202416503995831,0.20722631112091155,0,0.0
2964,eMBB,490.25,9.75,24,1936,305049215.358505,157566.74347030217,23,0.9583333333333334,195.8809923244836,8.5165648836732,16.475211851983627,0,0.0,5.06483634890421,0.21103484787100876,0.21662251477644706,0,0.0
2965,eMBB,488.75,11.25,24,1930,303850747.81572354,157435.62062990858,23,0.9583333333333334,189.10422129003317,8.221922664784051,17.272169479768728,0,0.0,5.087726850361393,0.21198861876505803,0.23099305984640758,0,0.0
2966,mMTC,288.0,212.0,576,575,47300642.0,82261.98608695652,575,0.9982638888888888,186.64304968801125,0.324596608153063,0.3442304167480762,0,0.0,130.42277238124828,0.22642842427300047,0.24627885828707508,0,0.0
2967,mMTC,297.0,203.0,594,594,47858616.0,80570.06060606061,594,1.0,193.48459940883032,0.3257316488364147,0.35161823564501615,0,0.0,134.90607587087416,0.2271146058432225,0.2529465942210565,0,0.0
2968,eMBB,489.75,10.25,18,1940,314713740.3360297,162223.57749279882,17,0.9444444444444444,190.60827914584473,11.212251714461456,17.275070591523818,0,0.0,3.7597007624212653,0.2088722645789592,0.21308958875771622,0,0.0
2969,eMBB,488.0,12.0,24,1927,323533785.3323581,167895.06244543754,23,0.9583333333333334,194.57601891340357,8.459826909278416,16.36946756872536,0,0.0,4.956350684532873,0.20651461185553635,0.21147371628717948,0,0.0
2970,eMBB,486.5,13.5,18,1927,331820477.4282411,172195.36970848005,17,0.9444444444444444,190.29115890071392,11.193597582394936,17.163797962911516,0,0.0,3.642615877035369,0.20236754872418716,0.20662597023253482,0,0.0
2971,eMBB,492.25,7.75,20,1948,310435270.57184345,159361.02185412907,19,0.95,192.06821842731904,10.108853601437843,18.472121837826897,0,0.0,4.199496075838554,0.2099748037919277,0.21353409843804905,0,0.0
2972,mMTC,255.5,244.5,511,511,41533025.0,81277.93542074364,511,1.0,162.0365185462915,0.31709690517865263,0.3423465909011824,0,0.0,111.4782609025732,0.2181570663455444,0.24232099572531715,0,0.0
2973,eMBB,484.0,16.0,19,1916,312009181.72652996,162844.04056708244,18,0.9473684210526315,185.78735426423682,10.32151968134649,17.67324446168084,0,0.0,3.9830958495821562,0.20963662366221875,0.22742764889912498,0,0.0
2974,mMTC,280.0,220.0,560,560,43897917.0,78389.1375,560,1.0,182.94665662542099,0.32669045825968035,0.3514479365490003,0,0.0,127.84885280953235,0.2283015228741649,0.2531200194988772,0,0.0
2975,eMBB,489.75,10.25,20,1938,313337855.13368416,161681.03980066263,19,0.95,190.50759159535474,10.026715347123934,17.97109926348716,0,0.0,4.1368198926299335,0.2068409946314967,0.21391882217711597,0,0.0
2976,mMTC,269.5,230.5,539,539,42501392.0,78852.30426716141,539,1.0,172.54404609670493,0.32011882392709634,0.3422993499251981,0,0.0,119.48569065334922,0.22168031661103751,0.243829875478875,0,0.0
2977,eMBB,492.5,7.5,19,1950,336347191.4603261,172485.73921042364,18,0.9473684210526315,197.14091298838372,10.952272943799095,16.067186097513883,0,0.0,3.8318298312308157,0.20167525427530608,0.21074629122831265,0,0.0
2978,mMTC,278.0,222.0,556,556,43389740.0,78039.10071942446,556,1.0,174.7396097774336,0.31427987370042015,0.3318062442321871,0,0.0,119.91130600774231,0.21566781656068762,0.23356567239573592,0,0.0
2979,mMTC,284.0,216.0,568,568,44091712.0,77626.25352112677,568,1.0,179.94862786893202,0.3168109645579789,0.3390528598777377,0,0.0,123.86172407059021,0.2180664156172363,0.24085070945147743,0,0.0
2980,eMBB,494.5,5.5,17,1960,321477785.7261533,164019.27843171087,16,0.9411764705882353,182.47892458645836,11.404932786653648,17.374467836355972,0,0.0,3.495330401606815,0.20560767068275382,0.2126411626556463,0,0.0
2981,eMBB,487.5,12.5,23,1926,412728579.45744276,214293.1357515279,22,0.9565217391304348,187.21853553196473,8.509933433271124,13.167687300458867,0,0.0,4.660371319761224,0.20262483998961844,0.2073512937701938,0,0.0
2982,eMBB,493.25,6.75,19,1953,316696901.3273755,162159.191667883,18,0.9473684210526315,191.73929894393626,10.652183274663125,17.27205701914,0,0.0,3.9313467741276384,0.20691298811198097,0.21484068774982168,0,0.0
2983,URLLC,153.25,346.75,613,612,85815708.0,140221.74509803922,612,0.99836867862969,37.79473798080843,0.061756107811778475,0.0674297191437291,0,0.0,4.138928099343419,0.006751921858635267,0.009929719143729086,0,0.0
2984,eMBB,495.5,4.5,20,1961,337772000.81603277,172244.7734910927,19,0.95,198.29225148849554,10.436434288868186,16.368335196596824,0,0.0,4.020831819720252,0.2010415909860126,0.20720773806920373,0,0.0
2985,mMTC,244.75,255.25,490,489,38353532.0,78432.58077709611,489,0.9979591836734694,153.78758213767466,0.3144940330013797,0.3378990075605647,0,0.0,105.67296741918511,0.21565911718201045,0.23924118914634307,0,0.0
2986,mMTC,264.5,235.5,529,529,43261882.0,81780.49527410208,529,1.0,167.90083628317402,0.3173928852233913,0.34241570837382695,0,0.0,115.78106650372469,0.21886780057414876,0.24384797819282397,0,0.0
2987,eMBB,492.25,7.75,21,1947,315042838.44153476,161809.3674584154,20,0.9523809523809523,191.10442419765204,9.555221209882601,17.370267092269682,0,0.0,4.370743914072411,0.2081306625748767,0.21212118125009413,0,0.0
2988,eMBB,489.25,10.75,22,1934,416344294.33011645,215276.2638728627,21,0.9545454545454546,192.47707695258268,9.165575092980127,13.668533045356009,0,0.0,4.476691299714336,0.20348596816883344,0.20764045844073575,0,0.0
2989,eMBB,492.5,7.5,21,1948,313701777.15648365,161037.87328361583,20,0.9523809523809523,195.126876920485,9.756343846024249,17.67103915844936,0,0.0,4.394613526483406,0.20926731078492408,0.21419919898309048,0,0.0
2990,eMBB,491.25,8.75,18,1946,330088444.1949337,169624.07204261754,17,0.9444444444444444,196.25768597280165,11.54456976310598,16.570044169674894,0,0.0,3.709964182034904,0.20610912122416133,0.22440832296230978,0,0.0
2991,mMTC,260.25,239.75,521,520,42176637.0,81108.9173076923,520,0.9980806142034548,171.75417661580062,0.33029649349192425,0.3505122834892639,0,0.0,120.69325024169888,0.23165691025278096,0.2523359095512329,0,0.0
2992,eMBB,493.0,7.0,18,1953,310591765.4173911,159033.16201607327,17,0.9444444444444444,189.07322513285777,11.121954419579868,16.971370160894235,0,0.0,3.7314066129905674,0.20730036738836485,0.21498146611293895,0,0.0
2993,mMTC,265.0,235.0,530,529,43828891.0,82852.34593572779,529,0.9981132075471698,167.8822680656528,0.31735778462316216,0.33930753626180776,0,0.0,116.11625522182366,0.21908727400344088,0.24093968507566227,0,0.0
2994,eMBB,493.0,7.0,19,1952,317911348.8716417,162864.42052850497,18,0.9473684210526315,194.55929512564924,10.808849729202736,17.471428738331312,0,0.0,3.951019059150906,0.20794837153425821,0.2117995709457393,0,0.0
2995,eMBB,488.25,11.75,27,1925,410393457.1769734,213191.40632570046,26,0.9629629629629629,191.19569706038575,7.353680656168683,13.86522735339483,0,0.0,5.482640344923474,0.2030607535156842,0.2081237917740691,0,0.0
2996,eMBB,491.75,8.25,22,1944,311971842.7555205,160479.34298123483,21,0.9545454545454546,191.6148832236813,9.124518248746728,16.27172054344426,0,0.0,4.622375693385032,0.210107986062956,0.21708093715597027,0,0.0
2997,eMBB,494.0,6.0,22,1953,328799110.19939995,168355.91920092163,21,0.9545454545454546,195.41985984391164,9.30570761161484,16.268126942891712,0,0.0,4.522158840715644,0.20555267457798382,0.20748487210456812,0,0.0
2998,URLLC,200.0,300.0,800,800,113111008.0,141388.76,800,1.0,48.928420431910624,0.06116052553988828,0.06534125707840872,0,0.0,4.923420431910596,0.006154275539888245,0.007841257078408718,0,0.0
2999,eMBB,490.5,9.5,19,1942,310173105.04934585,159718.38571027078,18,0.9473684210526315,183.76796180132044,10.20933121118447,18.27082486859203,0,0.0,3.9619543496073715,0.20852391313723007,0.21846620850930062,0,0.0
