time,slice_name,avg_completion_latency_ms
0,URLLC,0.0
1,URLLC,0.062011869391467106
2,URLLC,0.06396597597496494
3,URLLC,0.06422840325018238
4,URLLC,0.06371287901886218
5,URLLC,0.06405295477857852
6,URLLC,0.06376310247764909
7,URLLC,0.06439274371207175
8,URLLC,0.064185992352926
9,URLLC,0.06422248300290147
10,URLLC,0.06373789650733638
11,URLLC,0.06443588088005565
12,URLLC,0.06390088944126399
13,URLLC,0.06413858836941023
14,URLLC,0.06437108858429196
15,URLLC,0.06370185563843386
16,URLLC,0.06413165786044653
17,URLLC,0.06459774097176901
18,URLLC,0.06429400742853202
19,URLLC,0.06390354640674847
20,URLLC,0.06399876342238112
21,URLLC,0.0640383601771519
22,URLLC,0.06415068896922017
23,URLLC,0.06394422613685628
24,URLLC,0.06373695037533517
25,URLLC,0.06404800483572816
26,URLLC,0.06381169526026004
27,URLLC,0.06416833320391027
28,URLLC,0.06445232414693063
29,URLLC,0.06468434634357034
30,URLLC,0.06412334449608612
31,URLLC,0.06416444938925013
32,URLLC,0.06413606137883296
33,URLLC,0.06344603829798268
34,URLLC,0.06436321756500651
35,URLLC,0.06422746036124383
36,URLLC,0.06424121427581148
37,URLLC,0.06401429230790252
38,URLLC,0.06409087754497389
39,URLLC,0.06400348284071704
40,URLLC,0.06416866813363849
41,URLLC,0.06431673140208176
42,URLLC,0.0643531678511849
43,URLLC,0.06448719466871486
44,URLLC,0.06400607009395752
45,URLLC,0.06433929234148575
46,URLLC,0.06435844591114144
47,URLLC,0.06379863922803689
48,URLLC,0.06443421846820144
49,URLLC,0.06395096893441797
50,URLLC,0.06416454281279119
51,URLLC,0.06464786882952529
52,URLLC,0.06421046768560654
53,URLLC,0.06363791267738263
54,URLLC,0.0639677456087696
55,URLLC,0.06401563543808045
56,URLLC,0.06447690442259313
57,URLLC,0.06376898827385652
58,URLLC,0.06397410063904455
59,URLLC,0.0643083723597376
60,URLLC,0.06396956675759678
61,URLLC,0.06385424522961922
62,URLLC,0.06400511656640308
63,URLLC,0.06433547142796243
64,URLLC,0.06406652221279552
65,URLLC,0.06433560288881547
66,URLLC,0.06399195456091232
67,URLLC,0.06379760008783031
68,URLLC,0.06351607892701118
69,URLLC,0.06428189162519538
70,URLLC,0.06409827045349709
71,URLLC,0.06417304319785366
72,URLLC,0.06358574113257597
73,URLLC,0.06427376002419637
74,URLLC,0.06410132724297089
75,URLLC,0.06416228919731053
76,URLLC,0.06405209805900723
77,URLLC,0.06397243171936934
78,URLLC,0.06422024783985629
79,URLLC,0.06413467710757845
80,URLLC,0.0640414561313228
81,URLLC,0.06476178676470314
82,URLLC,0.06423156887223967
83,URLLC,0.06384438481497162
84,URLLC,0.06391528906539545
85,URLLC,0.06431600986604123
86,URLLC,0.06428777138955685
87,URLLC,0.06431047352436688
88,URLLC,0.06449886975101647
89,URLLC,0.06411719206465175
90,URLLC,0.06402180922903823
91,URLLC,0.06381234536750649
92,URLLC,0.06460775219777648
93,URLLC,0.06379773031247032
94,URLLC,0.0640999808391204
95,URLLC,0.06414161635634147
96,URLLC,0.0638381468822682
97,URLLC,0.06405513700199295
98,URLLC,0.06397687563795694
99,URLLC,0.06454190839142443
100,URLLC,0.06386826181974885
101,URLLC,0.06408386732434038
102,URLLC,0.06413334379228604
103,URLLC,0.06417910978640667
104,URLLC,0.06392633849419141
105,URLLC,0.06381958509978737
106,URLLC,0.06460863591775443
107,URLLC,0.063908268889667
108,URLLC,0.06393625704270778
109,URLLC,0.06381905653932313
110,URLLC,0.06372210371290753
111,URLLC,0.06368725346172482
112,URLLC,0.06385643343805512
113,URLLC,0.06435335696139927
114,URLLC,0.06406364056654379
115,URLLC,0.06405182104985052
116,URLLC,0.06402558864453926
117,URLLC,0.06368185762185244
118,URLLC,0.06364771457371134
119,URLLC,0.06382659795216025
120,URLLC,0.06416801520094054
121,URLLC,0.06425528486611028
122,URLLC,0.06367505394068065
123,URLLC,0.06415815197192996
124,URLLC,0.06421501567314462
125,URLLC,0.06390327284984192
126,URLLC,0.06412054097644854
127,URLLC,0.06421565233347813
128,URLLC,0.06363122044768373
129,URLLC,0.0641063041691767
130,URLLC,0.06425344691215282
131,URLLC,0.0640804069077581
132,URLLC,0.06368627427811456
133,URLLC,0.06395452795334508
134,URLLC,0.06431320505255356
135,URLLC,0.06427899263329101
136,URLLC,0.0638019170594698
137,URLLC,0.06390413752741264
138,URLLC,0.0643302573965538
139,URLLC,0.0642227797848237
140,URLLC,0.06379691697099202
141,URLLC,0.06417577326886063
142,URLLC,0.06363654886445547
143,URLLC,0.06408197948365463
144,URLLC,0.06415051943918168
145,URLLC,0.06416488538817443
146,URLLC,0.06415766914005439
147,URLLC,0.0643991888970705
148,URLLC,0.06408779293008933
149,URLLC,0.06412183777311486
150,URLLC,0.06351774371518712
151,URLLC,0.06427820392200984
152,URLLC,0.06402899202561999
153,URLLC,0.06372208158703975
154,URLLC,0.06416307449864775
155,URLLC,0.06398195626718574
156,URLLC,0.06376966176223439
157,URLLC,0.06408091702487667
158,URLLC,0.06414796209749245
159,URLLC,0.06367761675699535
160,URLLC,0.06382857304628013
161,URLLC,0.06413178244488703
162,URLLC,0.06408916710747796
163,URLLC,0.0634712387846759
164,URLLC,0.0637112388687655
165,URLLC,0.06403947468550274
166,URLLC,0.06430413676133936
167,URLLC,0.06383465336125228
168,URLLC,0.06414517063132928
169,URLLC,0.0642287375936565
170,URLLC,0.06385233654424258
171,URLLC,0.06381325716955213
172,URLLC,0.0642848714262919
173,URLLC,0.06402963867813138
174,URLLC,0.06422417152001893
175,URLLC,0.06440314903547574
176,URLLC,0.06490769059582817
177,URLLC,0.06444042295681847
178,URLLC,0.06413478497796747
179,URLLC,0.06448185291837301
180,URLLC,0.06385777687890626
181,URLLC,0.06456276968658405
182,URLLC,0.06368790857111405
183,URLLC,0.06404095618111964
184,URLLC,0.06381590138893607
185,URLLC,0.06427203256060665
186,URLLC,0.0640593531115435
187,URLLC,0.06431027624141132
188,URLLC,0.06393805419778775
189,URLLC,0.06413331832546317
190,URLLC,0.06395672552477356
191,URLLC,0.06377515899321576
192,URLLC,0.06389880229200381
193,URLLC,0.06469596872231216
194,URLLC,0.06373203920706648
195,URLLC,0.06423943878945089
196,URLLC,0.06413528884238809
197,URLLC,0.0643130821456401
198,URLLC,0.0639283921539059
199,URLLC,0.06389693941566274
200,URLLC,0.06440377547968103
201,URLLC,0.06410759024016621
202,URLLC,0.06408386233700836
203,URLLC,0.06420937263061108
204,URLLC,0.06387038001893028
205,URLLC,0.06413029537533001
206,URLLC,0.06446121568229993
207,URLLC,0.06403981099063488
208,URLLC,0.06405904053646966
209,URLLC,0.06404299114583911
210,URLLC,0.06420215946981984
211,URLLC,0.06412279391353706
212,URLLC,0.06450350643757716
213,URLLC,0.0646222034425461
214,URLLC,0.06437067180011324
215,URLLC,0.0638320256545356
216,URLLC,0.06439776193917797
217,URLLC,0.06382878821062249
218,URLLC,0.0637458897946506
219,URLLC,0.06434930328803688
220,URLLC,0.06440694733058595
221,URLLC,0.06398465981247495
222,URLLC,0.06424431529086014
223,URLLC,0.06419100598419529
224,URLLC,0.06363695932341822
225,URLLC,0.06416230977859577
226,URLLC,0.06411255519649119
227,URLLC,0.06401718079926463
228,URLLC,0.06377718595911054
229,URLLC,0.06365160153396893
230,URLLC,0.06430458832682309
231,URLLC,0.06462724987215773
232,URLLC,0.06433115259427981
233,URLLC,0.0645350952573479
234,URLLC,0.0639293467842213
235,URLLC,0.0637835911823273
236,URLLC,0.06411262459958642
237,URLLC,0.06414793996985951
238,URLLC,0.06435392662913855
239,URLLC,0.06432654621551873
240,URLLC,0.06433744892232246
241,URLLC,0.06372429413412904
242,URLLC,0.063598246952576
243,URLLC,0.06419220045429119
244,URLLC,0.06410925604249289
245,URLLC,0.0647758755258883
246,URLLC,0.06337808914623881
247,URLLC,0.06412368508694621
248,URLLC,0.06412852706368154
249,URLLC,0.0636567625001902
250,URLLC,0.0640476879419234
251,URLLC,0.06415361952038488
252,URLLC,0.06414878038614467
253,URLLC,0.06432767786661019
254,URLLC,0.06411148769503257
255,URLLC,0.06461118100420787
256,URLLC,0.06412006277930822
257,URLLC,0.0638289438510455
258,URLLC,0.06412142965844563
259,URLLC,0.06412609371344871
260,URLLC,0.06394141773729334
261,URLLC,0.06393110248107936
262,URLLC,0.0636180980139326
263,URLLC,0.06359356684841327
264,URLLC,0.06383495225600426
265,URLLC,0.06407969742813234
266,URLLC,0.0642314570750612
267,URLLC,0.06395288371979989
268,URLLC,0.0642777619982711
269,URLLC,0.06378758408371207
270,URLLC,0.06390088165021658
271,URLLC,0.06442605919245692
272,URLLC,0.06399568379224185
273,URLLC,0.06450627701490509
274,URLLC,0.06462400353900555
275,URLLC,0.06405552964616139
276,URLLC,0.06448053018911754
277,URLLC,0.06440181939317462
278,URLLC,0.0637994231377461
279,URLLC,0.06454136783994184
280,URLLC,0.06422338106117736
281,URLLC,0.06451276529208373
282,URLLC,0.06442210603924865
283,URLLC,0.0642574083789763
284,URLLC,0.06419095979061876
285,URLLC,0.0643320580924458
286,URLLC,0.06413831022490984
287,URLLC,0.0639580115354195
288,URLLC,0.0642899251621281
289,URLLC,0.06390058318058799
290,URLLC,0.06455220889455554
291,URLLC,0.06407807801002463
292,URLLC,0.06384674497879035
293,URLLC,0.06399185684380138
294,URLLC,0.06418129805336323
295,URLLC,0.06468460814097339
296,URLLC,0.06391939247533047
297,URLLC,0.06411029903762692
298,URLLC,0.06372605458179458
299,URLLC,0.06392643350691268
300,URLLC,0.06360722722475307
301,URLLC,0.06426754691239958
302,URLLC,0.06378675525356116
303,URLLC,0.06380904939151578
304,URLLC,0.06447095592991552
305,URLLC,0.06436105643510687
306,URLLC,0.06374790127273536
307,URLLC,0.06442246709375452
308,URLLC,0.0643358693336479
309,URLLC,0.06403861080398866
310,URLLC,0.0645002034707562
311,URLLC,0.06439532307761855
312,URLLC,0.06433889441284284
313,URLLC,0.06437358200726423
314,URLLC,0.06426481505821724
315,URLLC,0.0642983330759764
316,URLLC,0.06456488261495306
317,URLLC,0.06370948793121503
318,URLLC,0.06419087209038599
319,URLLC,0.06407503962151202
320,URLLC,0.06469221404729396
321,URLLC,0.06370207951368063
322,URLLC,0.06472906446987069
323,URLLC,0.06410944348997154
324,URLLC,0.06408561216503288
325,URLLC,0.06413320109328997
326,URLLC,0.06460655426387589
327,URLLC,0.06402928904292698
328,URLLC,0.06408753196918861
329,URLLC,0.06453564222605475
330,URLLC,0.0644345563689187
331,URLLC,0.06408458641855162
332,URLLC,0.06389224672008949
333,URLLC,0.06441343413195737
334,URLLC,0.06421528440158998
335,URLLC,0.0642943612533038
336,URLLC,0.06364386631915356
337,URLLC,0.06366303615976382
338,URLLC,0.06484266941861425
339,URLLC,0.06417644639819331
340,URLLC,0.06426440491854787
341,URLLC,0.06437432749775039
342,URLLC,0.0641633803206537
343,URLLC,0.06421745289902513
344,URLLC,0.06465326765246895
345,URLLC,0.06446834111348651
346,URLLC,0.06395179950224682
347,URLLC,0.06397210089628544
348,URLLC,0.06436396453364725
349,URLLC,0.06393238029130607
350,URLLC,0.06374300674773316
351,URLLC,0.06401598840001159
352,URLLC,0.06387766807872879
353,URLLC,0.0640152023969814
354,URLLC,0.06432680563327065
355,URLLC,0.06451656744290618
356,URLLC,0.06409224014223712
357,URLLC,0.06423352917667409
358,URLLC,0.06405464664603872
359,URLLC,0.06393335525267158
360,URLLC,0.0638665401751454
361,URLLC,0.06410289240807213
362,URLLC,0.06436224060787749
363,URLLC,0.06455251281305086
364,URLLC,0.06407098538562249
365,URLLC,0.06383625365650954
366,URLLC,0.06447036739007601
367,URLLC,0.06415438154681868
368,URLLC,0.063766743777786
369,URLLC,0.0636928145004533
370,URLLC,0.06425684664312992
371,URLLC,0.06414681930647288
372,URLLC,0.06378805076880051
373,URLLC,0.06400335761198431
374,URLLC,0.06438457874129999
375,URLLC,0.06406909197574406
376,URLLC,0.06357773216629918
377,URLLC,0.06399601893927229
378,URLLC,0.06360897915164289
379,URLLC,0.06418882252154455
380,URLLC,0.06410803708313545
381,URLLC,0.06421308612317649
382,URLLC,0.06411327076405889
383,URLLC,0.06425370557743869
384,URLLC,0.06412037972197054
385,URLLC,0.0637933573451362
386,URLLC,0.06423065827446597
387,URLLC,0.06392036238445667
388,URLLC,0.06397243042057554
389,URLLC,0.06413945455142035
390,URLLC,0.06428326904816317
391,URLLC,0.06365407509133221
392,URLLC,0.06340521777075127
393,URLLC,0.06387450039256452
394,URLLC,0.06401732895411139
395,URLLC,0.06365702150091519
396,URLLC,0.06390050097513375
397,URLLC,0.06427787257611972
398,URLLC,0.06461631924159564
399,URLLC,0.06377564192080035
400,URLLC,0.0641181387151022
401,URLLC,0.06386160440239509
402,URLLC,0.06410274823884059
403,URLLC,0.06420488794727425
404,URLLC,0.06427014408670698
405,URLLC,0.06439087940196556
406,URLLC,0.06405687906548663
407,URLLC,0.06427787149301017
408,URLLC,0.06425894775167604
409,URLLC,0.06424163319807948
410,URLLC,0.0635888116926855
411,URLLC,0.06390611409973836
412,URLLC,0.06367880239862192
413,URLLC,0.06468333001512505
414,URLLC,0.06373937983885905
415,URLLC,0.06407367135488494
416,URLLC,0.0640593399284749
417,URLLC,0.06420900643919544
418,URLLC,0.06376955355968686
419,URLLC,0.06402801682060046
420,URLLC,0.06401429705801122
421,URLLC,0.06422034449914235
422,URLLC,0.0638342095553891
423,URLLC,0.06433000582484831
424,URLLC,0.06407883114762711
425,URLLC,0.0638792053953104
426,URLLC,0.06406230621695322
427,URLLC,0.06403991783539606
428,URLLC,0.06393323552327791
429,URLLC,0.06440754820598561
430,URLLC,0.06461973902363559
431,URLLC,0.06390816121309735
432,URLLC,0.064251751716455
433,URLLC,0.06424071956633458
434,URLLC,0.06410445485008576
435,URLLC,0.06401903682502416
436,URLLC,0.064154180204608
437,URLLC,0.06410172729410797
438,URLLC,0.06377878033748148
439,URLLC,0.0643715267948647
440,URLLC,0.06455713259987308
441,URLLC,0.06446573240091184
442,URLLC,0.06357881410259983
443,URLLC,0.06436098748296694
444,URLLC,0.06413859000804947
445,URLLC,0.06402534306247763
446,URLLC,0.0642027713186751
447,URLLC,0.06382013884912456
448,URLLC,0.06418054627281036
449,URLLC,0.06441400475059243
450,URLLC,0.06418701615484425
451,URLLC,0.06383072332179508
452,URLLC,0.06406307276353547
453,URLLC,0.06439331643891377
454,URLLC,0.06405249580386782
455,URLLC,0.0639246460281541
456,URLLC,0.06440293195889774
457,URLLC,0.06393637434824424
458,URLLC,0.06326301628957777
459,URLLC,0.06442748696108393
460,URLLC,0.06356292739798053
461,URLLC,0.06388460220028794
462,URLLC,0.06361924314282301
463,URLLC,0.063961952283999
464,URLLC,0.06395025302669434
465,URLLC,0.06418451272910204
466,URLLC,0.06420066727330805
467,URLLC,0.06425574131643692
468,URLLC,0.06363776216314947
469,URLLC,0.06342275033232148
470,URLLC,0.06400859817365837
471,URLLC,0.0644386100133406
472,URLLC,0.06381512736335225
473,URLLC,0.06358142683850337
474,URLLC,0.06392795598414179
475,URLLC,0.06381290866498779
476,URLLC,0.06466239240422858
477,URLLC,0.06423152636313427
478,URLLC,0.06449090861269771
479,URLLC,0.06443282863837722
480,URLLC,0.06366402977161398
481,URLLC,0.06483828350164517
482,URLLC,0.06432556685783265
483,URLLC,0.06492020320340684
484,URLLC,0.06432928073476175
485,URLLC,0.06427778950692709
486,URLLC,0.0643158302623292
487,URLLC,0.06381635049414776
488,URLLC,0.06412808302019408
489,URLLC,0.06444799203839494
490,URLLC,0.06432076050567705
491,URLLC,0.06451389397317364
492,URLLC,0.06391651176986875
493,URLLC,0.06415740814645184
494,URLLC,0.06416663569663741
495,URLLC,0.06459847046340965
496,URLLC,0.06376804664375323
497,URLLC,0.06382088914020391
498,URLLC,0.06356930577021933
499,URLLC,0.06401001899883725
500,URLLC,0.06395287628525734
501,URLLC,0.06375613662233716
502,URLLC,0.06391621410139528
503,URLLC,0.06466537502710483
504,URLLC,0.06396831776548542
505,URLLC,0.06434965872768056
506,URLLC,0.06416463581950893
507,URLLC,0.0643105347468644
508,URLLC,0.06426504799375492
509,URLLC,0.06474850420500183
510,URLLC,0.06421580773587968
511,URLLC,0.06461551261968186
512,URLLC,0.0644056246481573
513,URLLC,0.06368600813217763
514,URLLC,0.06412107103228643
515,URLLC,0.06396112067461408
516,URLLC,0.06390635673990873
517,URLLC,0.0642269091374956
518,URLLC,0.06478727303036119
519,URLLC,0.06360908068363429
520,URLLC,0.06408409301417119
521,URLLC,0.0637358470193794
522,URLLC,0.06415118503187986
523,URLLC,0.06459960447831366
524,URLLC,0.06387131748213645
525,URLLC,0.06414855302910644
526,URLLC,0.06383230864047887
527,URLLC,0.06393499068203257
528,URLLC,0.06347322716612924
529,URLLC,0.06435639807254048
530,URLLC,0.06391172384636788
531,URLLC,0.06447211913926627
532,URLLC,0.06402931207867468
533,URLLC,0.06408239481560013
534,URLLC,0.06423487881776711
535,URLLC,0.06436263722583534
536,URLLC,0.06375606408045499
537,URLLC,0.06382442009855895
538,URLLC,0.06400347609906155
539,URLLC,0.06399539862720194
540,URLLC,0.06456561961241826
541,URLLC,0.06474628394960284
542,URLLC,0.06480814146487957
543,URLLC,0.0635987147384183
544,URLLC,0.0636724365906857
545,URLLC,0.06356566011244759
546,URLLC,0.06442352167416561
547,URLLC,0.06372996826175845
548,URLLC,0.06430202584121579
549,URLLC,0.06435411107800423
550,URLLC,0.06385590392178643
551,URLLC,0.06382463871243445
552,URLLC,0.06412394066245607
553,URLLC,0.06404615172495937
554,URLLC,0.06465486116626629
555,URLLC,0.0641739202838381
556,URLLC,0.06397312622000174
557,URLLC,0.06350402070292113
558,URLLC,0.06454160333806784
559,URLLC,0.06442409217022957
560,URLLC,0.06379063024181134
561,URLLC,0.06418114943054411
562,URLLC,0.06363772330570355
563,URLLC,0.06459817723970836
564,URLLC,0.06409235289441491
565,URLLC,0.06393294294279729
566,URLLC,0.06416304296810607
567,URLLC,0.06415056834931968
568,URLLC,0.06373953648158923
569,URLLC,0.06416175657276628
570,URLLC,0.06394002417703681
571,URLLC,0.06442817322535095
572,URLLC,0.06370601849826031
573,URLLC,0.06429453588178179
574,URLLC,0.06413634304164545
575,URLLC,0.0637863158738532
576,URLLC,0.06450747383860624
577,URLLC,0.06357684441575082
578,URLLC,0.06420446010049556
579,URLLC,0.06377188439004952
580,URLLC,0.06389141878256256
581,URLLC,0.06432830431748321
582,URLLC,0.06402091638839688
583,URLLC,0.06433453328973704
584,URLLC,0.06429114978023526
585,URLLC,0.06435793642570202
586,URLLC,0.06415226725732191
587,URLLC,0.06384280968462491
588,URLLC,0.06407975251188622
589,URLLC,0.06457464454532509
590,URLLC,0.06365190466206345
591,URLLC,0.06414975977882258
592,URLLC,0.06428015710242407
593,URLLC,0.06418160958798905
594,URLLC,0.06412392209476352
595,URLLC,0.06423914105823088
596,URLLC,0.06401506013981241
597,URLLC,0.06432341165635592
598,URLLC,0.06452281484524303
599,URLLC,0.06470446610843697
600,URLLC,0.06434605337179912
601,URLLC,0.06401141632624856
602,URLLC,0.06404745526380787
603,URLLC,0.06440981208293983
604,URLLC,0.06427345913045907
605,URLLC,0.06397121674274948
606,URLLC,0.06428191820187117
607,URLLC,0.06389346950993996
608,URLLC,0.06398965603198631
609,URLLC,0.06404606379750723
610,URLLC,0.06460734694294049
611,URLLC,0.0639408127373949
612,URLLC,0.06422688954004126
613,URLLC,0.06416934035285957
614,URLLC,0.06417015254307905
615,URLLC,0.06403341704412883
616,URLLC,0.06399149107928052
617,URLLC,0.06427953536331907
618,URLLC,0.06387094775067421
619,URLLC,0.06422264693466613
620,URLLC,0.06345837741242714
621,URLLC,0.06401164196962482
622,URLLC,0.06440482301615363
623,URLLC,0.06419362221946273
624,URLLC,0.06402132454448951
625,URLLC,0.06427412856220283
626,URLLC,0.06449054017023326
627,URLLC,0.06424516795863235
628,URLLC,0.0643645371480431
629,URLLC,0.06443798895045359
630,URLLC,0.06428789007695543
631,URLLC,0.06456148311783548
632,URLLC,0.06452898563655889
633,URLLC,0.06432000114710751
634,URLLC,0.06398223314793931
635,URLLC,0.06433339924026617
636,URLLC,0.06426959784606136
637,URLLC,0.06451699900984943
638,URLLC,0.06424341536403348
639,URLLC,0.06429367629070123
640,URLLC,0.06355021822463304
641,URLLC,0.0639320763713823
642,URLLC,0.06407899630497009
643,URLLC,0.0640748012156248
644,URLLC,0.06388928941040901
645,URLLC,0.06410446305232878
646,URLLC,0.06401104354878136
647,URLLC,0.06388399355405848
648,URLLC,0.06419435501063332
649,URLLC,0.06428420713040991
650,URLLC,0.06420420982578119
651,URLLC,0.06427836164709508
652,URLLC,0.06453834883272289
653,URLLC,0.06445251801621922
654,URLLC,0.06419145787097223
655,URLLC,0.06446302200887542
656,URLLC,0.06438354949485972
657,URLLC,0.06409892111286426
658,URLLC,0.06415099549434983
659,URLLC,0.06451524767536904
660,URLLC,0.06437498746613694
661,URLLC,0.0643711475181805
662,URLLC,0.06393252752241839
663,URLLC,0.06467666616667855
664,URLLC,0.0638871891790563
665,URLLC,0.06405404613457584
666,URLLC,0.06429050363085856
667,URLLC,0.06395151427324383
668,URLLC,0.06414670633280171
669,URLLC,0.06382723186217289
670,URLLC,0.06384791775265611
671,URLLC,0.06463863106994125
672,URLLC,0.06421484203319727
673,URLLC,0.06411154780576046
674,URLLC,0.06422467522913564
675,URLLC,0.06414035039964824
676,URLLC,0.0638850314174877
677,URLLC,0.06407173109497612
678,URLLC,0.0642240783270482
679,URLLC,0.06392700320975803
680,URLLC,0.06452297668406465
681,URLLC,0.06376261829631205
682,URLLC,0.063607927186427
683,URLLC,0.06409955109827956
684,URLLC,0.06402721535989139
685,URLLC,0.06400228567602796
686,URLLC,0.06427572845893337
687,URLLC,0.0639840924492425
688,URLLC,0.06412406501837276
689,URLLC,0.06410348084022305
690,URLLC,0.06405241873731325
691,URLLC,0.0639481605259605
692,URLLC,0.0638344424782459
693,URLLC,0.06394142710733593
694,URLLC,0.06442969896971901
695,URLLC,0.06485022282849107
696,URLLC,0.06378853266562019
697,URLLC,0.06374780376671567
698,URLLC,0.06416707040488126
699,URLLC,0.06444955300937447
700,URLLC,0.06394337605761201
701,URLLC,0.0645001014203515
702,URLLC,0.0641483474491396
703,URLLC,0.06345529626298843
704,URLLC,0.06459774481546578
705,URLLC,0.06353108106862006
706,URLLC,0.06415519393983486
707,URLLC,0.06403463173880788
708,URLLC,0.06414408136769348
709,URLLC,0.06401314569943697
710,URLLC,0.06412695624740158
711,URLLC,0.06446781006096998
712,URLLC,0.06454684607433266
713,URLLC,0.06378635935942283
714,URLLC,0.06433426729747095
715,URLLC,0.06395944786053986
716,URLLC,0.06390552545854042
717,URLLC,0.06406711225739217
718,URLLC,0.06422845062808134
719,URLLC,0.06398413975268073
720,URLLC,0.06402988403238528
721,URLLC,0.06442226258712108
722,URLLC,0.06370978291470153
723,URLLC,0.06366140860392427
724,URLLC,0.06388151187199854
725,URLLC,0.06369910594438571
726,URLLC,0.06432305339386242
727,URLLC,0.06403853041206409
728,URLLC,0.06393104947360904
729,URLLC,0.06362379290872948
730,URLLC,0.064472763570515
731,URLLC,0.06434149284774955
732,URLLC,0.06429996862091836
733,URLLC,0.06448430216311841
734,URLLC,0.0636592200045465
735,URLLC,0.06389046139844728
736,URLLC,0.0635928213579459
737,URLLC,0.0638569260492728
738,URLLC,0.06435356943710016
739,URLLC,0.06425963580384418
740,URLLC,0.06430069190437708
741,URLLC,0.06432221956543806
742,URLLC,0.06381673168169458
743,URLLC,0.06417035881516779
744,URLLC,0.06375972441542481
745,URLLC,0.06380625153899094
746,URLLC,0.06373312116431319
747,URLLC,0.06349434962666407
748,URLLC,0.0643787802692573
749,URLLC,0.06415378978627406
750,URLLC,0.06443476471168784
751,URLLC,0.06438994937474794
752,URLLC,0.06454408899044056
753,URLLC,0.06409649764629637
754,URLLC,0.06453766264664097
755,URLLC,0.0640887466348384
756,URLLC,0.06385461970344067
757,URLLC,0.06396470013852168
758,URLLC,0.06396289563038238
759,URLLC,0.06396939248807292
760,URLLC,0.06409949056629038
761,URLLC,0.06422449551528975
762,URLLC,0.06415833809608207
763,URLLC,0.0642036585270758
764,URLLC,0.06369993256355123
765,URLLC,0.0635554088970457
766,URLLC,0.06415286390626548
767,URLLC,0.0640539571378129
768,URLLC,0.06382023776454851
769,URLLC,0.06420399340725724
770,URLLC,0.06433711945536129
771,URLLC,0.06425425292129958
772,URLLC,0.0644796859166218
773,URLLC,0.06385106623652498
774,URLLC,0.06391458606929067
775,URLLC,0.0642271755628525
776,URLLC,0.06398873015303332
777,URLLC,0.06402806792239787
778,URLLC,0.06456032651870876
779,URLLC,0.06420576870233542
780,URLLC,0.06425137319901003
781,URLLC,0.06393901718581631
782,URLLC,0.06399104928748411
783,URLLC,0.06377963129907685
784,URLLC,0.06409807476028033
785,URLLC,0.0640754201680348
786,URLLC,0.06399506601003702
787,URLLC,0.06418388519659622
788,URLLC,0.0640453348479423
789,URLLC,0.06455811698322662
790,URLLC,0.06398082969111042
791,URLLC,0.0634821841846497
792,URLLC,0.06407110562769804
793,URLLC,0.06389892660718623
794,URLLC,0.06371773485703783
795,URLLC,0.06395257948353633
796,URLLC,0.06411886488881466
797,URLLC,0.06419833239794777
798,URLLC,0.06423963621360528
799,URLLC,0.064013924344662
800,URLLC,0.06433064772418999
801,URLLC,0.06409237275974551
802,URLLC,0.06404868715993403
803,URLLC,0.06372118485099706
804,URLLC,0.06407742281883248
805,URLLC,0.06444870240178921
806,URLLC,0.06400385839400453
807,URLLC,0.0636414150486269
808,URLLC,0.06387458453615356
809,URLLC,0.06382433682678591
810,URLLC,0.0642545854897058
811,URLLC,0.06440383331299651
812,URLLC,0.0637711503360924
813,URLLC,0.06437738341426381
814,URLLC,0.06412429595596449
815,URLLC,0.06386019815801253
816,URLLC,0.06453424787923757
817,URLLC,0.06338128533223762
818,URLLC,0.06408048904159518
819,URLLC,0.06401986507675869
820,URLLC,0.06389693566101859
821,URLLC,0.06341865870980022
822,URLLC,0.06405568084361667
823,URLLC,0.06414380468193111
824,URLLC,0.06446496502350299
825,URLLC,0.06455583525344984
826,URLLC,0.06394886760747791
827,URLLC,0.06439008815773367
828,URLLC,0.06440262967392678
829,URLLC,0.06444774283046154
830,URLLC,0.06415692316293603
831,URLLC,0.06404922000309454
832,URLLC,0.06431011339682569
833,URLLC,0.06427854035264152
834,URLLC,0.06422741223577576
835,URLLC,0.06404772757104374
836,URLLC,0.0639679571205322
837,URLLC,0.06437300636316597
838,URLLC,0.06452850371875671
839,URLLC,0.06396399414514338
840,URLLC,0.06430005912189751
841,URLLC,0.06416256417330743
842,URLLC,0.06441081648757592
843,URLLC,0.06380404813223467
844,URLLC,0.06428565524382637
845,URLLC,0.06410120090823457
846,URLLC,0.06370473796866422
847,URLLC,0.06424593333322376
848,URLLC,0.06415042952789161
849,URLLC,0.06403034786396523
850,URLLC,0.06421212193390258
851,URLLC,0.06377205789658623
852,URLLC,0.06395510069451442
853,URLLC,0.0641217222249398
854,URLLC,0.06396066526570683
855,URLLC,0.06398631307013168
856,URLLC,0.06402108711085765
857,URLLC,0.06421822134317792
858,URLLC,0.06370509838328722
859,URLLC,0.06374439318652607
860,URLLC,0.06482987705852745
861,URLLC,0.06403578280936775
862,URLLC,0.06371222144088609
863,URLLC,0.06409020744287243
864,URLLC,0.06386925945121454
865,URLLC,0.06446297219402373
866,URLLC,0.06412531202445357
867,URLLC,0.0641708563630556
868,URLLC,0.06373703466831054
869,URLLC,0.06417877489315103
870,URLLC,0.064135384343816
871,URLLC,0.06441434572207957
872,URLLC,0.06454987274992377
873,URLLC,0.06389322100695867
874,URLLC,0.06439903969592778
875,URLLC,0.06414772308344159
876,URLLC,0.0639148734185521
877,URLLC,0.06422354515317194
878,URLLC,0.06365149270714018
879,URLLC,0.0634621808622272
880,URLLC,0.06445779153534369
881,URLLC,0.06404102574652912
882,URLLC,0.06373451338013789
883,URLLC,0.06406275204864523
884,URLLC,0.06404929572918953
885,URLLC,0.06472275613753743
886,URLLC,0.06415845022696773
887,URLLC,0.06396401703360174
888,URLLC,0.06444829994137351
889,URLLC,0.06402104067050168
890,URLLC,0.06426104204109874
891,URLLC,0.06366872420530677
892,URLLC,0.06436009175691466
893,URLLC,0.0637639971708626
894,URLLC,0.06411649657436722
895,URLLC,0.06446292125290821
896,URLLC,0.06429731565101489
897,URLLC,0.06410120100015936
898,URLLC,0.0639860242144926
899,URLLC,0.06340728087804769
900,URLLC,0.06417263801552786
901,URLLC,0.06460106683354963
902,URLLC,0.06399718477387889
903,URLLC,0.06371523840270293
904,URLLC,0.06389391177105748
905,URLLC,0.0641603413898232
906,URLLC,0.06436303852122183
907,URLLC,0.06442862401227267
908,URLLC,0.06410053805986828
909,URLLC,0.06436759770089487
910,URLLC,0.06384752380073463
911,URLLC,0.06428974750239594
912,URLLC,0.06436429595186258
913,URLLC,0.06422568245799416
914,URLLC,0.063903360980317
915,URLLC,0.06412579752466732
916,URLLC,0.06416675359483284
917,URLLC,0.06413330753318446
918,URLLC,0.06454195399931148
919,URLLC,0.06469825212113604
920,URLLC,0.06366843893693147
921,URLLC,0.06400435070642681
922,URLLC,0.06445866431731488
923,URLLC,0.06340043954084144
924,URLLC,0.0641330803570236
925,URLLC,0.06409355407815806
926,URLLC,0.06437570728544949
927,URLLC,0.0642016989954658
928,URLLC,0.06434249756813845
929,URLLC,0.06380670305911941
930,URLLC,0.06421665226346195
931,URLLC,0.06379282524782232
932,URLLC,0.06440198167109724
933,URLLC,0.06412707519062588
934,URLLC,0.06419541633297493
935,URLLC,0.0641169656169522
936,URLLC,0.06404468888162444
937,URLLC,0.06439697866009172
938,URLLC,0.06429695064916882
939,URLLC,0.06390857890485803
940,URLLC,0.06410118379654271
941,URLLC,0.06423214607725967
942,URLLC,0.06399002279312069
943,URLLC,0.06425065150536055
944,URLLC,0.06435876776674888
945,URLLC,0.06375871306115155
946,URLLC,0.06409470353194169
947,URLLC,0.06415622409253967
948,URLLC,0.06435943885496401
949,URLLC,0.06381990731333903
950,URLLC,0.06418863698318013
951,URLLC,0.06398430186490481
952,URLLC,0.06407829681120297
953,URLLC,0.06421039477197671
954,URLLC,0.0643124553105658
955,URLLC,0.06406785054913332
956,URLLC,0.06453867331638474
957,URLLC,0.06376147952812782
958,URLLC,0.06422230336527866
959,URLLC,0.0637360182164593
960,URLLC,0.06390495154500783
961,URLLC,0.06456854905857864
962,URLLC,0.06436638486507854
963,URLLC,0.06441983548597972
964,URLLC,0.06432734851035124
965,URLLC,0.06360874411236385
966,URLLC,0.06367695463095534
967,URLLC,0.06365995872721611
968,URLLC,0.06421133541209538
969,URLLC,0.06433335584774678
970,URLLC,0.06444009745443348
971,URLLC,0.06444051369588052
972,URLLC,0.06397769127625516
973,URLLC,0.0637574068817017
974,URLLC,0.06391900945253624
975,URLLC,0.06379422456466337
976,URLLC,0.06387863147277215
977,URLLC,0.06404183455299949
978,URLLC,0.06411302877301485
979,URLLC,0.06411071483323055
980,URLLC,0.06374503459123929
981,URLLC,0.06420965418261416
982,URLLC,0.06394745662251143
983,URLLC,0.06419930009037386
984,URLLC,0.06411437167626136
985,URLLC,0.06392272308456864
986,URLLC,0.0637478146269942
987,URLLC,0.06394698379373145
988,URLLC,0.06441563147765444
989,URLLC,0.06388720665857939
990,URLLC,0.063613002220365
991,URLLC,0.0642764548464796
992,URLLC,0.06382306844461771
993,URLLC,0.06434565713484242
994,URLLC,0.06384475603531864
995,URLLC,0.063915896929037
996,URLLC,0.06434629167575366
997,URLLC,0.06397816302313779
998,URLLC,0.06387238569032326
999,URLLC,0.06375032655933116
1000,URLLC,0.06491319585173749
1001,URLLC,0.06385191231082483
1002,URLLC,0.06395159938737455
1003,URLLC,0.06413500604568746
1004,URLLC,0.06426950258441659
1005,URLLC,0.06455412488802766
1006,URLLC,0.06409661847764209
1007,URLLC,0.06405612391632862
1008,URLLC,0.06431938387314212
1009,URLLC,0.06426198554674539
1010,URLLC,0.06481937591113458
1011,URLLC,0.06433466569162803
1012,URLLC,0.06406345376980317
1013,URLLC,0.06405888253188306
1014,URLLC,0.0636849137136919
1015,URLLC,0.06385498469612948
1016,URLLC,0.06417336035268846
1017,URLLC,0.06386178030344705
1018,URLLC,0.06472547789809853
1019,URLLC,0.06449130993825251
1020,URLLC,0.06430220579351462
1021,URLLC,0.06420299483234332
1022,URLLC,0.06458310480699536
1023,URLLC,0.06390260406542339
1024,URLLC,0.0642279771214394
1025,URLLC,0.06413076376592092
1026,URLLC,0.06414930768322415
1027,URLLC,0.0644595669783338
1028,URLLC,0.06381910145984804
1029,URLLC,0.06436124427976035
1030,URLLC,0.06431246013662978
1031,URLLC,0.06399165633212194
1032,URLLC,0.06430065903009184
1033,URLLC,0.06397659435337587
1034,URLLC,0.0641310153099273
1035,URLLC,0.06398668928453717
1036,URLLC,0.06366444508410594
1037,URLLC,0.06426398417426904
1038,URLLC,0.06385600977988792
1039,URLLC,0.06363945799340198
1040,URLLC,0.06367453731160741
1041,URLLC,0.06444391877560558
1042,URLLC,0.06416359467384722
1043,URLLC,0.06419028339438264
1044,URLLC,0.06410828986707781
1045,URLLC,0.06405483379545317
1046,URLLC,0.0640716924300585
1047,URLLC,0.0642039414391638
1048,URLLC,0.06417079262169073
1049,URLLC,0.06436750611124967
1050,URLLC,0.06422748475951685
1051,URLLC,0.06439063613659107
1052,URLLC,0.06419774727442412
1053,URLLC,0.0635778417002879
1054,URLLC,0.06422013696667023
1055,URLLC,0.06422779126425453
1056,URLLC,0.06432352437233077
1057,URLLC,0.06412651058836724
1058,URLLC,0.0637633077162541
1059,URLLC,0.06378518861822582
1060,URLLC,0.06413720660819404
1061,URLLC,0.06417039108600421
1062,URLLC,0.06403875429103
1063,URLLC,0.06416892819967622
1064,URLLC,0.06396677816108971
1065,URLLC,0.06386140193672996
1066,URLLC,0.06424335549132151
1067,URLLC,0.06396176754539876
1068,URLLC,0.06417018181927342
1069,URLLC,0.06432497207443466
1070,URLLC,0.06424750413168694
1071,URLLC,0.0640119907504995
1072,URLLC,0.06468581325513703
1073,URLLC,0.0642075694891668
1074,URLLC,0.06380410456616503
1075,URLLC,0.06422042272072151
1076,URLLC,0.06438991149546121
1077,URLLC,0.06428373178016156
1078,URLLC,0.0642661992845116
1079,URLLC,0.06427214352343144
1080,URLLC,0.06404709872451622
1081,URLLC,0.06366692648796723
1082,URLLC,0.06426220980261087
1083,URLLC,0.06436693728956057
1084,URLLC,0.06444043791473322
1085,URLLC,0.06371653428494843
1086,URLLC,0.06354734938921573
1087,URLLC,0.06414672933497267
1088,URLLC,0.06437934947472002
1089,URLLC,0.06408280066954887
1090,URLLC,0.06444306036769146
1091,URLLC,0.0640853632164302
1092,URLLC,0.06377370703479959
1093,URLLC,0.06428850286671495
1094,URLLC,0.06423162045098665
1095,URLLC,0.06451341708854447
1096,URLLC,0.06423243791947045
1097,URLLC,0.06426658371146704
1098,URLLC,0.06427145786480475
1099,URLLC,0.06404015180368701
1100,URLLC,0.06457827022265815
1101,URLLC,0.06399708368146875
1102,URLLC,0.06432120572687619
1103,URLLC,0.06355632947559763
1104,URLLC,0.06369045728094333
1105,URLLC,0.0643810064772193
1106,URLLC,0.06422619751201776
1107,URLLC,0.0644668355224266
1108,URLLC,0.06408474938032785
1109,URLLC,0.06386795274659315
1110,URLLC,0.06466751963903776
1111,URLLC,0.06372485513903431
1112,URLLC,0.06412346334916003
1113,URLLC,0.06375532574741478
1114,URLLC,0.06387716069654416
1115,URLLC,0.06369518138705506
1116,URLLC,0.06412244078141946
1117,URLLC,0.06321210438270894
1118,URLLC,0.06395416147946847
1119,URLLC,0.06440535901506436
1120,URLLC,0.0639357046453829
1121,URLLC,0.06361199269235863
1122,URLLC,0.06431260920492972
1123,URLLC,0.06397546387998397
1124,URLLC,0.06430088475461772
1125,URLLC,0.06375536049965135
1126,URLLC,0.06386078257212484
1127,URLLC,0.0640357183141694
1128,URLLC,0.06410761608319779
1129,URLLC,0.06396419765688362
1130,URLLC,0.06446198416538303
1131,URLLC,0.0639472836531318
1132,URLLC,0.06397262921455618
1133,URLLC,0.06381913913749382
1134,URLLC,0.06414588436827212
1135,URLLC,0.06396342616918911
1136,URLLC,0.0639673549022118
1137,URLLC,0.06443094712186628
1138,URLLC,0.06394983888308617
1139,URLLC,0.06394919934748383
1140,URLLC,0.06433821691482973
1141,URLLC,0.06443514444359509
1142,URLLC,0.06439037965444719
1143,URLLC,0.06390203172249372
1144,URLLC,0.06442254491061294
1145,URLLC,0.06397770299325507
1146,URLLC,0.06413318745264195
1147,URLLC,0.0638272326814088
1148,URLLC,0.06450077160246304
1149,URLLC,0.06438593455039046
1150,URLLC,0.06420040937648701
1151,URLLC,0.06384915712750051
1152,URLLC,0.06399123336604726
1153,URLLC,0.06362900828136932
1154,URLLC,0.06416635495333746
1155,URLLC,0.06429136009237114
1156,URLLC,0.06416953566629313
1157,URLLC,0.0644206524717209
1158,URLLC,0.06426802870813964
1159,URLLC,0.06384121595599536
1160,URLLC,0.06407445276179287
1161,URLLC,0.06365976247895469
1162,URLLC,0.06396565633180622
1163,URLLC,0.06426305213552416
1164,URLLC,0.06435112884867611
1165,URLLC,0.06419730133306861
1166,URLLC,0.06392372662542525
1167,URLLC,0.06454784803199226
1168,URLLC,0.06421114952273263
1169,URLLC,0.06363606678753844
1170,URLLC,0.06430055709658894
1171,URLLC,0.0638942607270815
1172,URLLC,0.06426477551615556
1173,URLLC,0.06391860146021387
1174,URLLC,0.06411311690094147
1175,URLLC,0.06392895399971696
1176,URLLC,0.06437338556134019
1177,URLLC,0.06444800772738235
1178,URLLC,0.06390106062344075
1179,URLLC,0.06412618435300148
1180,URLLC,0.06426541209897768
1181,URLLC,0.06398413721500383
1182,URLLC,0.06402526732791687
1183,URLLC,0.06463466991045644
1184,URLLC,0.06381448727583285
1185,URLLC,0.06396511883958401
1186,URLLC,0.06407776475141029
1187,URLLC,0.06403532615439914
1188,URLLC,0.0640865190326839
1189,URLLC,0.0640297411643922
1190,URLLC,0.06404174456505647
1191,URLLC,0.06410621193193342
1192,URLLC,0.06383625103373443
1193,URLLC,0.0641853586816279
1194,URLLC,0.06404200421474447
1195,URLLC,0.0648114822072997
1196,URLLC,0.06438152654983886
1197,URLLC,0.06408611539652204
1198,URLLC,0.06448447529475698
1199,URLLC,0.06388777337582356
1200,URLLC,0.063809728912505
1201,URLLC,0.06396007697262387
1202,URLLC,0.0641702689127114
1203,URLLC,0.06352329341675067
1204,URLLC,0.06405119932385138
1205,URLLC,0.06401833417833754
1206,URLLC,0.06427565063569957
1207,URLLC,0.0646250835954284
1208,URLLC,0.06414199909007617
1209,URLLC,0.06416061021087739
1210,URLLC,0.06399574384929761
1211,URLLC,0.06420405551735306
1212,URLLC,0.0638386593234147
1213,URLLC,0.06416404377454699
1214,URLLC,0.06411862167832665
1215,URLLC,0.06443869385923888
1216,URLLC,0.06447289513853859
1217,URLLC,0.0645745029293164
1218,URLLC,0.06405340133793393
1219,URLLC,0.06392122221224154
1220,URLLC,0.0641521086711455
1221,URLLC,0.06490528561853628
1222,URLLC,0.06382157997984257
1223,URLLC,0.06423769834607033
1224,URLLC,0.06396319413937344
1225,URLLC,0.06387763023749726
1226,URLLC,0.06408648433325037
1227,URLLC,0.06400618637334939
1228,URLLC,0.0640730302265902
1229,URLLC,0.06380347024506679
1230,URLLC,0.06364330846650644
1231,URLLC,0.06374774899037557
1232,URLLC,0.06369192549973615
1233,URLLC,0.06426719836396624
1234,URLLC,0.06405699708197175
1235,URLLC,0.06408220518339657
1236,URLLC,0.06438039638648672
1237,URLLC,0.06390282149170265
1238,URLLC,0.06404788232796166
1239,URLLC,0.06407656285450172
1240,URLLC,0.06425274327473747
1241,URLLC,0.06461093602643074
1242,URLLC,0.06440559334749156
1243,URLLC,0.0643675805251194
1244,URLLC,0.06417376942277649
1245,URLLC,0.0640144392583648
1246,URLLC,0.06384618475653052
1247,URLLC,0.0639418067252168
1248,URLLC,0.06430133701862664
1249,URLLC,0.06386633174353099
1250,URLLC,0.06392765219016523
1251,URLLC,0.06422887476152121
1252,URLLC,0.06434549917135392
1253,URLLC,0.06407230734433195
1254,URLLC,0.06403585379616715
1255,URLLC,0.06389499336757763
1256,URLLC,0.06393066163749088
1257,URLLC,0.06396568997901869
1258,URLLC,0.0642790152769174
1259,URLLC,0.06421893677891842
1260,URLLC,0.06383927221674959
1261,URLLC,0.06384276555557428
1262,URLLC,0.06432284323373805
1263,URLLC,0.06374377377607694
1264,URLLC,0.06410988766017989
1265,URLLC,0.0640505813206135
1266,URLLC,0.06440938279658115
1267,URLLC,0.06416321731673681
1268,URLLC,0.0638068369819091
1269,URLLC,0.06460231584214123
1270,URLLC,0.06343907273253077
1271,URLLC,0.06363834173895568
1272,URLLC,0.06372798837890788
1273,URLLC,0.06423092162680097
1274,URLLC,0.06438920627180625
1275,URLLC,0.06434901437673347
1276,URLLC,0.06387251250092983
1277,URLLC,0.06359883404400121
1278,URLLC,0.06468199801463226
1279,URLLC,0.06373356517050875
1280,URLLC,0.06404607280620202
1281,URLLC,0.06447617889070474
1282,URLLC,0.06422400519012784
1283,URLLC,0.06414435206879852
1284,URLLC,0.06414725962367569
1285,URLLC,0.06401408230801618
1286,URLLC,0.06418483058901409
1287,URLLC,0.06435280742740056
1288,URLLC,0.06415066117897748
1289,URLLC,0.06409817706461896
1290,URLLC,0.06415257296214831
1291,URLLC,0.06398115446951205
1292,URLLC,0.06418329302711445
1293,URLLC,0.06402822260041653
1294,URLLC,0.06437815769705606
1295,URLLC,0.06430557021641879
1296,URLLC,0.0637680923982702
1297,URLLC,0.06407344102453051
1298,URLLC,0.0642624588764246
1299,URLLC,0.06361673888690268
1300,URLLC,0.06420167363667088
1301,URLLC,0.06446110087624923
1302,URLLC,0.06377667563075574
1303,URLLC,0.06411022532382385
1304,URLLC,0.06439737070950864
1305,URLLC,0.06446946817752411
1306,URLLC,0.06426340376891491
1307,URLLC,0.06390491066638451
1308,URLLC,0.06382863428027065
1309,URLLC,0.06464304472683906
1310,URLLC,0.06418749066428621
1311,URLLC,0.06453919464536823
1312,URLLC,0.0638077670433733
1313,URLLC,0.06361048160035815
1314,URLLC,0.0638928971581987
1315,URLLC,0.06380245270169509
1316,URLLC,0.06404314211107931
1317,URLLC,0.06426211422635629
1318,URLLC,0.06412688236027535
1319,URLLC,0.06425818175180109
1320,URLLC,0.06388891884431835
1321,URLLC,0.06406784962890227
1322,URLLC,0.0641978015648259
1323,URLLC,0.06419357023184513
1324,URLLC,0.06426188038728749
1325,URLLC,0.06425718080237512
1326,URLLC,0.06441987338137013
1327,URLLC,0.06421895787618094
1328,URLLC,0.06377453292927283
1329,URLLC,0.06448258106587956
1330,URLLC,0.064033073723582
1331,URLLC,0.06418988532043318
1332,URLLC,0.06379230351987751
1333,URLLC,0.06428059863135752
1334,URLLC,0.06407713747172857
1335,URLLC,0.06389169230174373
1336,URLLC,0.064476073526945
1337,URLLC,0.06452225909636605
1338,URLLC,0.06399884825449938
1339,URLLC,0.06375114328008344
1340,URLLC,0.06399329164840842
1341,URLLC,0.06403544164516461
1342,URLLC,0.06391923504195342
1343,URLLC,0.06423180044030687
1344,URLLC,0.06431868537045658
1345,URLLC,0.06418321569771554
1346,URLLC,0.06367696635260552
1347,URLLC,0.06400647015844935
1348,URLLC,0.0637422550434202
1349,URLLC,0.06381316030687131
1350,URLLC,0.06378634539830152
1351,URLLC,0.06379645254004164
1352,URLLC,0.06440369955482753
1353,URLLC,0.06431675122062668
1354,URLLC,0.06406338096329747
1355,URLLC,0.0649696570146601
1356,URLLC,0.06419629573630757
1357,URLLC,0.06385943222519254
1358,URLLC,0.06392997826449558
1359,URLLC,0.06409124690862741
1360,URLLC,0.06452888728164685
1361,URLLC,0.06430621795768834
1362,URLLC,0.06436232716836544
1363,URLLC,0.06371566040534504
1364,URLLC,0.06378514365402521
1365,URLLC,0.06379928897238893
1366,URLLC,0.06359005495525584
1367,URLLC,0.06364021682675566
1368,URLLC,0.06380305083632436
1369,URLLC,0.06436579701177741
1370,URLLC,0.0640797189755835
1371,URLLC,0.06417876668149415
1372,URLLC,0.06415979681832405
1373,URLLC,0.06421109990441445
1374,URLLC,0.06442616337005891
1375,URLLC,0.06357729371639669
1376,URLLC,0.06409803205313805
1377,URLLC,0.06398026190093616
1378,URLLC,0.06341624715848317
1379,URLLC,0.06419651504111226
1380,URLLC,0.06458290766193409
1381,URLLC,0.06396830306677964
1382,URLLC,0.06413028697870674
1383,URLLC,0.0639575264554841
1384,URLLC,0.0644467869075899
1385,URLLC,0.0637914192886182
1386,URLLC,0.06365361739673996
1387,URLLC,0.06447408806286324
1388,URLLC,0.06440801926786612
1389,URLLC,0.0639213437335563
1390,URLLC,0.06414207316115893
1391,URLLC,0.06374586365539359
1392,URLLC,0.06438210390212688
1393,URLLC,0.06404171016301728
1394,URLLC,0.06387145538062051
1395,URLLC,0.06389612173717707
1396,URLLC,0.06443352170030636
1397,URLLC,0.06374968478824092
1398,URLLC,0.06353203758488192
1399,URLLC,0.0638735613916697
1400,URLLC,0.06441791840315832
1401,URLLC,0.06400996578080519
1402,URLLC,0.064132172035237
1403,URLLC,0.06439722619033134
1404,URLLC,0.06410046680125223
1405,URLLC,0.064052144155734
1406,URLLC,0.0639422243551996
1407,URLLC,0.06420929768899888
1408,URLLC,0.06399797782559921
1409,URLLC,0.06438199399556352
1410,URLLC,0.06369538839295207
1411,URLLC,0.06381346352583539
1412,URLLC,0.06407256862681589
1413,URLLC,0.06433476837286808
1414,URLLC,0.0640038359872152
1415,URLLC,0.0642321853706061
1416,URLLC,0.0645033546354102
1417,URLLC,0.0638438354612362
1418,URLLC,0.0643788423545857
1419,URLLC,0.06403381828544712
1420,URLLC,0.06396817794846446
1421,URLLC,0.0641567366788652
1422,URLLC,0.0642318716238727
1423,URLLC,0.0637703662415537
1424,URLLC,0.06460703661196887
1425,URLLC,0.06344747026910683
1426,URLLC,0.06483123813614985
1427,URLLC,0.06415602226394514
1428,URLLC,0.06401682197075438
1429,URLLC,0.06391882042412622
1430,URLLC,0.06439111938639355
1431,URLLC,0.06459546265147566
1432,URLLC,0.06397166445960784
1433,URLLC,0.06429934218211986
1434,URLLC,0.06405484108928798
1435,URLLC,0.06401374215655022
1436,URLLC,0.06386420892475128
1437,URLLC,0.06407381580263245
1438,URLLC,0.06484698689538113
1439,URLLC,0.06397395550922116
1440,URLLC,0.06410902671549894
1441,URLLC,0.06402064057639055
1442,URLLC,0.06372858111324757
1443,URLLC,0.0639318926217315
1444,URLLC,0.06440732314192668
1445,URLLC,0.06465449903173436
1446,URLLC,0.06378743730335286
1447,URLLC,0.06436475107594034
1448,URLLC,0.06484806055478903
1449,URLLC,0.0640619565887611
1450,URLLC,0.06431694448555468
1451,URLLC,0.06403911424905387
1452,URLLC,0.06412463945984455
1453,URLLC,0.0642030954062711
1454,URLLC,0.06437153141803782
1455,URLLC,0.06412776908765332
1456,URLLC,0.06382602072390796
1457,URLLC,0.0637831517210577
1458,URLLC,0.06434095416857535
1459,URLLC,0.06377647738599936
1460,URLLC,0.06370532315443364
1461,URLLC,0.06390211249576162
1462,URLLC,0.06410787729442784
1463,URLLC,0.06424462188799013
1464,URLLC,0.06402089551160556
1465,URLLC,0.06403054740439278
1466,URLLC,0.06439249234513124
1467,URLLC,0.06370680875742463
1468,URLLC,0.06436996840552774
1469,URLLC,0.06369116279917128
1470,URLLC,0.06384303968169593
1471,URLLC,0.06428736253419505
1472,URLLC,0.06443118207440632
1473,URLLC,0.06438924710069673
1474,URLLC,0.06450037735629681
1475,URLLC,0.06417727784932506
1476,URLLC,0.0636552932436212
1477,URLLC,0.06371661875406956
1478,URLLC,0.06391659337092599
1479,URLLC,0.06429770627145147
1480,URLLC,0.0639874396714306
1481,URLLC,0.06390742186746343
1482,URLLC,0.06401752624890164
1483,URLLC,0.06400056028388469
1484,URLLC,0.06381205337798716
1485,URLLC,0.0635715145631265
1486,URLLC,0.064049248986762
1487,URLLC,0.0642470297246692
1488,URLLC,0.0642145598562632
1489,URLLC,0.06480062948890773
1490,URLLC,0.06398248958229451
1491,URLLC,0.06427167140474675
1492,URLLC,0.06407695850711209
1493,URLLC,0.0644874076074866
1494,URLLC,0.06392490588252492
1495,URLLC,0.06408313031726101
1496,URLLC,0.06347171703011668
1497,URLLC,0.06367779773289697
1498,URLLC,0.0642578342746401
1499,URLLC,0.06389213610639789
1500,URLLC,0.06403468399396255
1501,URLLC,0.06434166307054463
1502,URLLC,0.06434821854122962
1503,URLLC,0.06407012111645355
1504,URLLC,0.0639006122487454
1505,URLLC,0.0646031663860315
1506,URLLC,0.06416407045407871
1507,URLLC,0.06392989484580736
1508,URLLC,0.06401474460961368
1509,URLLC,0.06432937283442834
1510,URLLC,0.0641795685911851
1511,URLLC,0.06395896901133222
1512,URLLC,0.06406910155750818
1513,URLLC,0.06417610649772619
1514,URLLC,0.06403224725347699
1515,URLLC,0.06398750514886742
1516,URLLC,0.06401360537104274
1517,URLLC,0.06361880514367624
1518,URLLC,0.0641113204513525
1519,URLLC,0.06403056897220732
1520,URLLC,0.06443831762425459
1521,URLLC,0.06421741216204087
1522,URLLC,0.06453666096456159
1523,URLLC,0.06389078494319303
1524,URLLC,0.06399512517113755
1525,URLLC,0.06442380415119643
1526,URLLC,0.06387333786911868
1527,URLLC,0.06430723892180193
1528,URLLC,0.06385044129085506
1529,URLLC,0.06414427092667459
1530,URLLC,0.0639344448220725
1531,URLLC,0.06425335518795537
1532,URLLC,0.0638709023854849
1533,URLLC,0.06417228363572663
1534,URLLC,0.06439137732164149
1535,URLLC,0.06462615209663611
1536,URLLC,0.06366611788715652
1537,URLLC,0.06433675950556245
1538,URLLC,0.06422999593996702
1539,URLLC,0.06418704826835298
1540,URLLC,0.06394626833787954
1541,URLLC,0.06409114061683696
1542,URLLC,0.0637468885794
1543,URLLC,0.06396980267461753
1544,URLLC,0.0645104667164901
1545,URLLC,0.06417966044123354
1546,URLLC,0.0637065173682009
1547,URLLC,0.06387101564159929
1548,URLLC,0.06427416872497152
1549,URLLC,0.06371850334774146
1550,URLLC,0.06388040707764316
1551,URLLC,0.06383447426543551
1552,URLLC,0.0642311770811657
1553,URLLC,0.06420149633732988
1554,URLLC,0.06419401730001455
1555,URLLC,0.06400382535507133
1556,URLLC,0.06451995274422097
1557,URLLC,0.06404432695214594
1558,URLLC,0.06406111704166226
1559,URLLC,0.06416117913227741
1560,URLLC,0.06428190048672924
1561,URLLC,0.06386564881452246
1562,URLLC,0.06409235568183248
1563,URLLC,0.0644814564857933
1564,URLLC,0.06404794764256964
1565,URLLC,0.06389984137476862
1566,URLLC,0.06414278277956591
1567,URLLC,0.064157303104769
1568,URLLC,0.0642622081866004
1569,URLLC,0.06403715576962864
1570,URLLC,0.06434230493407925
1571,URLLC,0.06389253934480961
1572,URLLC,0.06364384772159767
1573,URLLC,0.0642720276636704
1574,URLLC,0.06473060352488907
1575,URLLC,0.06386212137354401
1576,URLLC,0.06377853728008875
1577,URLLC,0.06425586187015897
1578,URLLC,0.06423916778842384
1579,URLLC,0.0642433008556511
1580,URLLC,0.06431851752266361
1581,URLLC,0.06409039917227595
1582,URLLC,0.06402676943069645
1583,URLLC,0.06439754141769878
1584,URLLC,0.06429277769824483
1585,URLLC,0.06405531739237467
1586,URLLC,0.0644348466708887
1587,URLLC,0.06435362850723937
1588,URLLC,0.06417937523239907
1589,URLLC,0.06407351996668394
1590,URLLC,0.06436051113757699
1591,URLLC,0.06410818964707729
1592,URLLC,0.06464719631616016
1593,URLLC,0.06404732309614707
1594,URLLC,0.06420959886345821
1595,URLLC,0.06429096121869243
1596,URLLC,0.06393626900597119
1597,URLLC,0.0640609533218458
1598,URLLC,0.06401406662272077
1599,URLLC,0.06438056809232269
1600,URLLC,0.06395633302096597
1601,URLLC,0.06444433428738833
1602,URLLC,0.06411830361831612
1603,URLLC,0.0641505011411146
1604,URLLC,0.06397705694594208
1605,URLLC,0.06380239641922826
1606,URLLC,0.06440656434241326
1607,URLLC,0.0643258015743504
1608,URLLC,0.0642745885053921
1609,URLLC,0.06416461528287325
1610,URLLC,0.06442545672368344
1611,URLLC,0.06461591412939531
1612,URLLC,0.06388607675936385
1613,URLLC,0.06352133132874646
1614,URLLC,0.06451283568941292
1615,URLLC,0.06397604362615408
1616,URLLC,0.06389555541661515
1617,URLLC,0.06376028095113576
1618,URLLC,0.06365572069044236
1619,URLLC,0.06413879628807236
1620,URLLC,0.06418772361211016
1621,URLLC,0.06373118235723571
1622,URLLC,0.06384608829474268
1623,URLLC,0.06395923293494991
1624,URLLC,0.06368112272113269
1625,URLLC,0.06405228183697549
1626,URLLC,0.06402068701323511
1627,URLLC,0.0640477771419961
1628,URLLC,0.06399809778360377
1629,URLLC,0.06361153489607861
1630,URLLC,0.06460058672606199
1631,URLLC,0.06348583710370204
1632,URLLC,0.06411216334143337
1633,URLLC,0.06430816840043999
1634,URLLC,0.06409948695239549
1635,URLLC,0.06391467138397197
1636,URLLC,0.06437506352117067
1637,URLLC,0.06421894474518
1638,URLLC,0.06398142888143486
1639,URLLC,0.06429534883449788
1640,URLLC,0.06436836429261565
1641,URLLC,0.06409529477783706
1642,URLLC,0.0641735501225993
1643,URLLC,0.06402208155577693
1644,URLLC,0.06449185790063325
1645,URLLC,0.06412291386590625
1646,URLLC,0.06455944465871025
1647,URLLC,0.06449301243697624
1648,URLLC,0.06364260606080152
1649,URLLC,0.06394520474180747
1650,URLLC,0.06460228232146656
1651,URLLC,0.06393672116165247
1652,URLLC,0.06428543287226855
1653,URLLC,0.06397052854404192
1654,URLLC,0.06365783458918525
1655,URLLC,0.06384429589542481
1656,URLLC,0.064156320671372
1657,URLLC,0.06377013169158922
1658,URLLC,0.06410639955548207
1659,URLLC,0.06385411481930073
1660,URLLC,0.0643483794890755
1661,URLLC,0.06423419067768736
1662,URLLC,0.06439318630181153
1663,URLLC,0.06413007683385691
1664,URLLC,0.06452777280608217
1665,URLLC,0.06443368680963858
1666,URLLC,0.06411160145037594
1667,URLLC,0.0642251917398753
1668,URLLC,0.06412255480655044
1669,URLLC,0.06413482149571115
1670,URLLC,0.0640954799972137
1671,URLLC,0.06422211436099777
1672,URLLC,0.06436924838470157
1673,URLLC,0.06433547503200289
1674,URLLC,0.06402986146695969
1675,URLLC,0.06426500774275383
1676,URLLC,0.06407515755226764
1677,URLLC,0.06459505133742977
1678,URLLC,0.0642496611128745
1679,URLLC,0.06367355684691373
1680,URLLC,0.0639918429706146
1681,URLLC,0.06387731729362427
1682,URLLC,0.06388184843974225
1683,URLLC,0.06384555647992578
1684,URLLC,0.06423522862760274
1685,URLLC,0.06414212913293174
1686,URLLC,0.06446662012764269
1687,URLLC,0.06421678888446387
1688,URLLC,0.06398366573798854
1689,URLLC,0.06406048734860366
1690,URLLC,0.0638070879178209
1691,URLLC,0.06380124219801422
1692,URLLC,0.06444698676046286
1693,URLLC,0.06421156263487351
1694,URLLC,0.06423239523712765
1695,URLLC,0.06453227233786403
1696,URLLC,0.06468257452198344
1697,URLLC,0.06393285271899786
1698,URLLC,0.06413168781834361
1699,URLLC,0.06420306271898817
1700,URLLC,0.06437125049761781
1701,URLLC,0.0641439500665526
1702,URLLC,0.06438750966593478
1703,URLLC,0.06462582743726672
1704,URLLC,0.06425973417654202
1705,URLLC,0.06420171817837746
1706,URLLC,0.06462032306247863
1707,URLLC,0.06448948946227137
1708,URLLC,0.06424986596361956
1709,URLLC,0.064084464873472
1710,URLLC,0.06410359342123256
1711,URLLC,0.06351207007953372
1712,URLLC,0.06411599251428768
1713,URLLC,0.06455031092135659
1714,URLLC,0.06379356199126132
1715,URLLC,0.06407144961037738
1716,URLLC,0.06408443409676857
1717,URLLC,0.0643201465491128
1718,URLLC,0.06397950341767239
1719,URLLC,0.06435094036422302
1720,URLLC,0.06416231541301867
1721,URLLC,0.06410941978063064
1722,URLLC,0.0637224063555458
1723,URLLC,0.06413447201249328
1724,URLLC,0.06388344187412764
1725,URLLC,0.06428850023868846
1726,URLLC,0.06419395308383448
1727,URLLC,0.06415505321666748
1728,URLLC,0.0638623078391661
1729,URLLC,0.06367919267536697
1730,URLLC,0.06455864238884589
1731,URLLC,0.064078918700004
1732,URLLC,0.06403351054453357
1733,URLLC,0.06417785841764027
1734,URLLC,0.06419524191007005
1735,URLLC,0.06404905316433256
1736,URLLC,0.06388179143807238
1737,URLLC,0.0638888461251134
1738,URLLC,0.06450481038385616
1739,URLLC,0.06418747014510613
1740,URLLC,0.06396542720446961
1741,URLLC,0.0643335448214225
1742,URLLC,0.06375240631204995
1743,URLLC,0.06395289816641254
1744,URLLC,0.06375926170058499
1745,URLLC,0.06401142095533856
1746,URLLC,0.06392915593245611
1747,URLLC,0.06465104158834134
1748,URLLC,0.06420809377752208
1749,URLLC,0.06392645685198785
1750,URLLC,0.06374703774713007
1751,URLLC,0.06433046584656052
1752,URLLC,0.06406786067949148
1753,URLLC,0.06405540056821307
1754,URLLC,0.06408231560027654
1755,URLLC,0.06419550022649735
1756,URLLC,0.06391537539959784
1757,URLLC,0.06388876664957599
1758,URLLC,0.06358387332943818
1759,URLLC,0.06421495920902369
1760,URLLC,0.06417210213561872
1761,URLLC,0.06419781814951919
1762,URLLC,0.06426832683727164
1763,URLLC,0.06359751942453246
1764,URLLC,0.06380522256193655
1765,URLLC,0.06438926209351273
1766,URLLC,0.06441893374218302
1767,URLLC,0.06418209390105664
1768,URLLC,0.06421643694976763
1769,URLLC,0.06380569509231211
1770,URLLC,0.06401415051137366
1771,URLLC,0.06434162771517406
1772,URLLC,0.06387139979836812
1773,URLLC,0.06402675162289669
1774,URLLC,0.06434744862466113
1775,URLLC,0.06401785791548865
1776,URLLC,0.0642679302748804
1777,URLLC,0.06382392664111369
1778,URLLC,0.06479320545035341
1779,URLLC,0.06459131452801849
1780,URLLC,0.06399448812958695
1781,URLLC,0.06406029250122411
1782,URLLC,0.06385343293881639
1783,URLLC,0.06424660407254597
1784,URLLC,0.06380914122621154
1785,URLLC,0.06427935071952363
1786,URLLC,0.06465686690856047
1787,URLLC,0.06375945839206479
1788,URLLC,0.06449412171244133
1789,URLLC,0.0640422029059572
1790,URLLC,0.06351844870996587
1791,URLLC,0.06389077572976039
1792,URLLC,0.06477998482391827
1793,URLLC,0.06426743258060742
1794,URLLC,0.06416028113276374
1795,URLLC,0.0639840333944636
1796,URLLC,0.06397872510706025
1797,URLLC,0.06433202712054441
1798,URLLC,0.06432356976856901
1799,URLLC,0.06427736663653902
1800,URLLC,0.06376122844785259
1801,URLLC,0.0642982624469557
1802,URLLC,0.06417130585240069
1803,URLLC,0.06430948317115925
1804,URLLC,0.06399545324370734
1805,URLLC,0.06413279099552363
1806,URLLC,0.06406660018152044
1807,URLLC,0.06407241073661275
1808,URLLC,0.06431509919129506
1809,URLLC,0.06358393597611299
1810,URLLC,0.06413730915066372
1811,URLLC,0.06422686706865158
1812,URLLC,0.06431969902051148
1813,URLLC,0.06428787396291022
1814,URLLC,0.06412409629499377
1815,URLLC,0.0638913988449422
1816,URLLC,0.06399049505432146
1817,URLLC,0.06389936689122326
1818,URLLC,0.06404178072011195
1819,URLLC,0.0637267723839399
1820,URLLC,0.06400586441843914
1821,URLLC,0.06376237324603033
1822,URLLC,0.06425719498976247
1823,URLLC,0.06409538461923209
1824,URLLC,0.06364838309184423
1825,URLLC,0.06418629684867551
1826,URLLC,0.0641461881764054
1827,URLLC,0.064220128512675
1828,URLLC,0.0642153943320565
1829,URLLC,0.06394487175490074
1830,URLLC,0.06342445534053812
1831,URLLC,0.06395142474420124
1832,URLLC,0.0639423181995528
1833,URLLC,0.06412418246137237
1834,URLLC,0.06388036862618328
1835,URLLC,0.06346514332137584
1836,URLLC,0.06427182709992538
1837,URLLC,0.06417622744384506
1838,URLLC,0.06427681390980572
1839,URLLC,0.06379756964513705
1840,URLLC,0.06430305591589588
1841,URLLC,0.06389960609086613
1842,URLLC,0.06452654081573238
1843,URLLC,0.06433740755724492
1844,URLLC,0.06378277953273498
1845,URLLC,0.06438122429470972
1846,URLLC,0.06446402591151872
1847,URLLC,0.06412571409216884
1848,URLLC,0.063922255491739
1849,URLLC,0.06397098807384201
1850,URLLC,0.06415849501540753
1851,URLLC,0.06431599753171245
1852,URLLC,0.06359536656011272
1853,URLLC,0.06417141383625463
1854,URLLC,0.06428269133106065
1855,URLLC,0.06360793322551735
1856,URLLC,0.06414403885206131
1857,URLLC,0.06354310402400558
1858,URLLC,0.06360351877667537
1859,URLLC,0.06370090461255118
1860,URLLC,0.06437551413065462
1861,URLLC,0.06396739604035623
1862,URLLC,0.06437120743422041
1863,URLLC,0.0640168066527577
1864,URLLC,0.06455560860890798
1865,URLLC,0.06449667033068718
1866,URLLC,0.0642258394091439
1867,URLLC,0.0644673964803604
1868,URLLC,0.06414627476812644
1869,URLLC,0.0640066499759092
1870,URLLC,0.06406884257388396
1871,URLLC,0.0641921932614237
1872,URLLC,0.06406034868260681
1873,URLLC,0.06391419016757637
1874,URLLC,0.06379878831345108
1875,URLLC,0.06446769395223821
1876,URLLC,0.06421985333900587
1877,URLLC,0.06456149028834868
1878,URLLC,0.06424181483817018
1879,URLLC,0.06388946188711801
1880,URLLC,0.06367267700090709
1881,URLLC,0.06381348453898326
1882,URLLC,0.06393841460933601
1883,URLLC,0.06398127040420057
1884,URLLC,0.06407251179665978
1885,URLLC,0.06413188255979066
1886,URLLC,0.0642841298930581
1887,URLLC,0.06409083541065415
1888,URLLC,0.06421770624507299
1889,URLLC,0.06387262532841241
1890,URLLC,0.06372167051336045
1891,URLLC,0.06431472907751877
1892,URLLC,0.06405727134422504
1893,URLLC,0.06422462587456265
1894,URLLC,0.06382862931286191
1895,URLLC,0.06382306623951893
1896,URLLC,0.06384403609932739
1897,URLLC,0.06423146684538227
1898,URLLC,0.06410490427496217
1899,URLLC,0.06445985327523829
1900,URLLC,0.06394265867166088
1901,URLLC,0.0640551860244614
1902,URLLC,0.0635252161854581
1903,URLLC,0.06407378223326643
1904,URLLC,0.06413391692163499
1905,URLLC,0.06374649177528317
1906,URLLC,0.06407355512437668
1907,URLLC,0.06388593129581369
1908,URLLC,0.06448690875179061
1909,URLLC,0.06401480423146894
1910,URLLC,0.06397706991517262
1911,URLLC,0.0644874660680861
1912,URLLC,0.06358609433710256
1913,URLLC,0.06381042758226133
1914,URLLC,0.06385288675423666
1915,URLLC,0.0636817959538923
1916,URLLC,0.06392696378409125
1917,URLLC,0.06361477135687539
1918,URLLC,0.06418011184207231
1919,URLLC,0.06360472635247756
1920,URLLC,0.06439508799527922
1921,URLLC,0.06400047153364184
1922,URLLC,0.064201520435015
1923,URLLC,0.06453812894633998
1924,URLLC,0.0646179598877606
1925,URLLC,0.06414735567351314
1926,URLLC,0.06445885986459937
1927,URLLC,0.06443354205210243
1928,URLLC,0.06419155066153313
1929,URLLC,0.06435337169066926
1930,URLLC,0.06405050672485314
1931,URLLC,0.06407735609885297
1932,URLLC,0.06383099090419142
1933,URLLC,0.0636695038329761
1934,URLLC,0.06377022666701408
1935,URLLC,0.06362585901548021
1936,URLLC,0.06449052661284879
1937,URLLC,0.06404183659919213
1938,URLLC,0.06398231944933931
1939,URLLC,0.06416524263482272
1940,URLLC,0.06408251588004442
1941,URLLC,0.06402110041649034
1942,URLLC,0.06345665512174632
1943,URLLC,0.06407638712283308
1944,URLLC,0.06402813985591418
1945,URLLC,0.06408179561719851
1946,URLLC,0.06393117758992915
1947,URLLC,0.06423190749943417
1948,URLLC,0.06411655065141983
1949,URLLC,0.06437534766945081
1950,URLLC,0.06375448145327386
1951,URLLC,0.06416582340779632
1952,URLLC,0.06423458124088224
1953,URLLC,0.0642776363695963
1954,URLLC,0.06387353363313993
1955,URLLC,0.06420303012928992
1956,URLLC,0.06412973674179047
1957,URLLC,0.06409216372793926
1958,URLLC,0.063520756732076
1959,URLLC,0.063933416419235
1960,URLLC,0.06425530916657585
1961,URLLC,0.06415391893058188
1962,URLLC,0.06393412154960487
1963,URLLC,0.06438097060336041
1964,URLLC,0.06398853913452157
1965,URLLC,0.06400587411362775
1966,URLLC,0.06429230040894812
1967,URLLC,0.06389025145756547
1968,URLLC,0.06406868001173278
1969,URLLC,0.0642782485396088
1970,URLLC,0.0638864720306623
1971,URLLC,0.06392417400555025
1972,URLLC,0.06392925224662388
1973,URLLC,0.06415625879064132
1974,URLLC,0.06472951532415898
1975,URLLC,0.06379175114819796
1976,URLLC,0.06387417196770892
1977,URLLC,0.06389488235404982
1978,URLLC,0.06376600961665846
1979,URLLC,0.06404921267735218
1980,URLLC,0.06431323017664649
1981,URLLC,0.0639907099164934
1982,URLLC,0.06431433647252775
1983,URLLC,0.06400885025569529
1984,URLLC,0.0637099060071185
1985,URLLC,0.064471711280495
1986,URLLC,0.0641012866348968
1987,URLLC,0.06367170175858117
1988,URLLC,0.06381137844789544
1989,URLLC,0.06404025184421913
1990,URLLC,0.06457171186710667
1991,URLLC,0.06429237204795411
1992,URLLC,0.0642583993398656
1993,URLLC,0.06360291891664475
1994,URLLC,0.06425115061513412
1995,URLLC,0.06403997637957844
1996,URLLC,0.06405413403336561
1997,URLLC,0.06420887804743995
1998,URLLC,0.0639951324288924
1999,URLLC,0.06377254903548908
0,eMBB,0.0
1,eMBB,0.0
2,eMBB,0.0
3,eMBB,0.0
4,eMBB,0.0
5,eMBB,0.0
6,eMBB,0.0
7,eMBB,0.0
8,eMBB,0.0
9,eMBB,0.0
10,eMBB,0.0
11,eMBB,0.0
12,eMBB,0.0
13,eMBB,0.0
14,eMBB,0.0
15,eMBB,0.0
16,eMBB,1.5973383776329784
17,eMBB,1.7027336281480299
18,eMBB,1.8028070328548333
19,eMBB,1.9061541833271296
20,eMBB,2.0023293200697907
21,eMBB,2.0614483482401313
22,eMBB,2.168231801101147
23,eMBB,2.2659484967868173
24,eMBB,2.36311255837884
25,eMBB,2.432370505037004
26,eMBB,2.52423028556943
27,eMBB,2.5649611711549865
28,eMBB,2.70580905657451
29,eMBB,2.751036952498266
30,eMBB,2.9112747549594755
31,eMBB,2.99450906944109
32,eMBB,3.0821318473545594
33,eMBB,3.0501289695295277
34,eMBB,3.308454823000685
35,eMBB,3.4642232515528177
36,eMBB,3.503021329775654
37,eMBB,3.5982631812370447
38,eMBB,3.5417115166741198
39,eMBB,3.7970474527211224
40,eMBB,3.828953721365138
41,eMBB,3.886171707103182
42,eMBB,4.147976670746096
43,eMBB,4.119364424592043
44,eMBB,4.293080975353755
45,eMBB,4.368330906534846
46,eMBB,4.5379604346443525
47,eMBB,4.635289797142515
48,eMBB,4.423172402409149
49,eMBB,4.455038344039847
50,eMBB,4.70369149211638
51,eMBB,5.009764209379795
52,eMBB,4.94903211742906
53,eMBB,4.8800463205837525
54,eMBB,5.28127674481795
55,eMBB,5.186961882577611
56,eMBB,5.303681049159647
57,eMBB,4.807125067486366
58,eMBB,5.383608419056596
59,eMBB,5.343660097600013
60,eMBB,5.302538728149963
61,eMBB,5.773061541305298
62,eMBB,5.631684730172276
63,eMBB,6.224840526764502
64,eMBB,5.97237756883444
65,eMBB,6.210248768687708
66,eMBB,5.762283612397382
67,eMBB,6.3417934549446535
68,eMBB,5.301849732939332
69,eMBB,6.588201027658873
70,eMBB,6.026710886207806
71,eMBB,5.9946021978756265
72,eMBB,6.535448079674221
73,eMBB,7.184555674517375
74,eMBB,6.721005827987925
75,eMBB,6.649211909548534
76,eMBB,6.59060688656411
77,eMBB,6.709091061547249
78,eMBB,6.650149322051358
79,eMBB,7.076626521580151
80,eMBB,7.563907427356469
81,eMBB,7.555862046201011
82,eMBB,7.66747860821184
83,eMBB,8.236007508910747
84,eMBB,7.6061291414765275
85,eMBB,7.9364902090779115
86,eMBB,8.352665185153974
87,eMBB,6.8085329363742195
88,eMBB,7.908398071983186
89,eMBB,8.158698075650294
90,eMBB,7.794886433556228
91,eMBB,8.550998718843028
92,eMBB,7.769133128456759
93,eMBB,7.446047525903745
94,eMBB,7.959748978793062
95,eMBB,7.8463551429485765
96,eMBB,8.829570682764484
97,eMBB,8.145434991670264
98,eMBB,7.6609716998684325
99,eMBB,8.682626173193112
100,eMBB,8.48411230018517
101,eMBB,8.463667553702445
102,eMBB,8.468644941082875
103,eMBB,8.60429793443963
104,eMBB,9.179859024464708
105,eMBB,6.9719787221013245
106,eMBB,10.54008732711987
107,eMBB,10.052957436509777
108,eMBB,9.99667360913658
109,eMBB,8.641041539828647
110,eMBB,9.781415761563263
111,eMBB,10.308536994268442
112,eMBB,9.379137466749322
113,eMBB,9.920542891730426
114,eMBB,9.81959562938717
115,eMBB,9.614590462303477
116,eMBB,9.713540785644666
117,eMBB,9.576637939095319
118,eMBB,10.620823955340521
119,eMBB,9.104024700167415
120,eMBB,10.668050060574835
121,eMBB,10.194584700300046
122,eMBB,10.3896617297515
123,eMBB,9.916008215585258
124,eMBB,9.786045464067122
125,eMBB,10.216609486787585
126,eMBB,11.350226107618415
127,eMBB,9.920341753450515
128,eMBB,12.217882364042422
129,eMBB,10.296286978046078
130,eMBB,9.702460305662916
131,eMBB,11.620989814959877
132,eMBB,11.175498444080311
133,eMBB,10.031509347727185
134,eMBB,9.279720636099919
135,eMBB,10.649868851024351
136,eMBB,11.516308205252525
137,eMBB,9.560669228725782
138,eMBB,12.125085155355231
139,eMBB,11.62002742514921
140,eMBB,11.306920657070595
141,eMBB,11.573142478751187
142,eMBB,11.022427044182464
143,eMBB,12.281584689717636
144,eMBB,11.075166292619683
145,eMBB,11.399795282806513
146,eMBB,10.566125549381367
147,eMBB,9.848842485707111
148,eMBB,10.050976806380321
149,eMBB,10.01263589244974
150,eMBB,10.37238842076801
151,eMBB,12.300463825258063
152,eMBB,11.912383874648098
153,eMBB,11.784816968655285
154,eMBB,12.33936413187657
155,eMBB,12.515500763644239
156,eMBB,12.628596667741412
157,eMBB,10.8794228567157
158,eMBB,11.720432288496408
159,eMBB,11.253050492427793
160,eMBB,13.332842970966812
161,eMBB,10.449931416319846
162,eMBB,11.128016058511857
163,eMBB,13.26035973955835
164,eMBB,11.156508998220252
165,eMBB,11.484259241792042
166,eMBB,12.76935207456482
167,eMBB,11.231622774893836
168,eMBB,12.417598075362726
169,eMBB,11.874532298991491
170,eMBB,13.054897883330563
171,eMBB,8.96723675017697
172,eMBB,13.17654482343789
173,eMBB,12.030715219145627
174,eMBB,12.751563611836374
175,eMBB,13.722163625919057
176,eMBB,12.247124475824078
177,eMBB,12.224656405449386
178,eMBB,13.205893404945092
179,eMBB,11.25612729051922
180,eMBB,12.538213427525708
181,eMBB,11.37312157055779
182,eMBB,11.800869585463259
183,eMBB,10.70479685406545
184,eMBB,10.410452310187841
185,eMBB,11.470071717375143
186,eMBB,10.933639058610614
187,eMBB,9.87321803265663
188,eMBB,10.374071499410508
189,eMBB,11.5738258203051
190,eMBB,10.972556596948923
191,eMBB,11.57032813572488
192,eMBB,11.006601168462447
193,eMBB,12.050236351757997
194,eMBB,13.110111620624322
195,eMBB,13.98391712753736
196,eMBB,10.313538269517586
197,eMBB,10.864602480893307
198,eMBB,12.946654413490373
199,eMBB,9.962160234522564
200,eMBB,8.990111669499836
201,eMBB,10.353907904529278
202,eMBB,10.299798833962006
203,eMBB,11.636216612689076
204,eMBB,11.178848922834668
205,eMBB,9.8747825440348
206,eMBB,10.056041327530345
207,eMBB,7.241260588723178
208,eMBB,10.617074704264422
209,eMBB,8.497054508431148
210,eMBB,10.977009906781
211,eMBB,10.233543719797765
212,eMBB,9.983232261386178
213,eMBB,9.062606514927527
214,eMBB,10.831720476366646
215,eMBB,9.02615015012483
216,eMBB,10.107476507582303
217,eMBB,11.52913758745751
218,eMBB,8.131007881128063
219,eMBB,10.090029640827675
220,eMBB,10.169832773033372
221,eMBB,10.004732061905429
222,eMBB,8.228501750265654
223,eMBB,7.798793295853426
224,eMBB,10.53122586767959
225,eMBB,9.586768463258759
226,eMBB,10.043055970329842
227,eMBB,9.776138493444995
228,eMBB,9.095061354633549
229,eMBB,10.072218951201696
230,eMBB,8.798358858690674
231,eMBB,11.9645019957905
232,eMBB,9.012370443898572
233,eMBB,11.201087083959935
234,eMBB,9.851538925799513
235,eMBB,9.078549640258752
236,eMBB,9.543237190841763
237,eMBB,10.888098517271981
238,eMBB,10.709393174110348
239,eMBB,9.509610267194136
240,eMBB,10.259565591061012
241,eMBB,12.074054721005739
242,eMBB,10.816742333339825
243,eMBB,9.71589314275846
244,eMBB,7.613719303938112
245,eMBB,10.093265141234705
246,eMBB,9.063903108389649
247,eMBB,8.854753259663605
248,eMBB,12.005405166999841
249,eMBB,11.955325243972162
250,eMBB,10.516328646625032
251,eMBB,10.509784189339081
252,eMBB,11.822803471339764
253,eMBB,8.223024858295801
254,eMBB,12.972477839879758
255,eMBB,9.25554994385227
256,eMBB,8.44888307290775
257,eMBB,13.607784160001904
258,eMBB,10.15048882499342
259,eMBB,10.111558016551898
260,eMBB,9.535177689332086
261,eMBB,9.968256225049151
262,eMBB,10.59640749772164
263,eMBB,11.018783342391444
264,eMBB,10.090292098902577
265,eMBB,10.702152421512402
266,eMBB,11.230293737631309
267,eMBB,10.69577852371109
268,eMBB,11.199180265970794
269,eMBB,11.38278750506236
270,eMBB,9.414547244567226
271,eMBB,11.714029679367549
272,eMBB,10.384500786700178
273,eMBB,12.609453052688334
274,eMBB,11.06382881655932
275,eMBB,10.443590317766812
276,eMBB,10.452327162339765
277,eMBB,10.875725528253746
278,eMBB,9.698433506918128
279,eMBB,10.083785439288748
280,eMBB,9.33391886083679
281,eMBB,12.39726577493249
282,eMBB,11.43745100998253
283,eMBB,11.203128677296823
284,eMBB,9.418327868765942
285,eMBB,12.783459792852247
286,eMBB,9.859390130542982
287,eMBB,10.382104769598442
288,eMBB,10.004029919883317
289,eMBB,9.283464394094908
290,eMBB,10.64829397239925
291,eMBB,12.4385811657535
292,eMBB,7.860454364353455
293,eMBB,10.03744370526996
294,eMBB,11.556331652654304
295,eMBB,10.740554183600771
296,eMBB,10.985536635903859
297,eMBB,11.087196109323983
298,eMBB,11.039782750763614
299,eMBB,10.768724654520135
300,eMBB,11.95448872653647
301,eMBB,11.80832439669652
302,eMBB,11.252008418126241
303,eMBB,9.331268134203631
304,eMBB,11.157949807903156
305,eMBB,10.477729096477118
306,eMBB,11.304964892541976
307,eMBB,11.05315308684819
308,eMBB,10.490408472068214
309,eMBB,11.476871854733858
310,eMBB,9.154379385096005
311,eMBB,10.53166853654638
312,eMBB,10.554515421919785
313,eMBB,10.140960842335444
314,eMBB,11.183030370815343
315,eMBB,9.333699664019534
316,eMBB,10.10982774003058
317,eMBB,11.528291480848138
318,eMBB,8.935696274190233
319,eMBB,9.092229904220558
320,eMBB,11.006531662045083
321,eMBB,11.6867606448651
322,eMBB,11.61096745843209
323,eMBB,12.460587022692376
324,eMBB,10.776897401872386
325,eMBB,11.504029578900473
326,eMBB,10.238416072784657
327,eMBB,10.968525479584704
328,eMBB,10.027382310329974
329,eMBB,11.864752152166261
330,eMBB,10.304500712983248
331,eMBB,11.272732436758357
332,eMBB,11.045300754122836
333,eMBB,10.262968239531697
334,eMBB,12.230027035356638
335,eMBB,10.37644866637547
336,eMBB,9.64581804113544
337,eMBB,10.903671898349092
338,eMBB,6.625201888891235
339,eMBB,10.767877153967621
340,eMBB,12.218029532577276
341,eMBB,11.200342578583182
342,eMBB,11.548119659484609
343,eMBB,12.263936171254135
344,eMBB,11.503418216292722
345,eMBB,9.132297280596179
346,eMBB,11.26963459094836
347,eMBB,12.378325838025836
348,eMBB,10.798503177107674
349,eMBB,10.694412195666741
350,eMBB,11.65169587840795
351,eMBB,12.632587757640543
352,eMBB,10.011616568886831
353,eMBB,12.517208583863432
354,eMBB,11.569624498968414
355,eMBB,9.94017126377171
356,eMBB,10.106254019479938
357,eMBB,10.043472225107765
358,eMBB,11.582053396154446
359,eMBB,11.187876457644366
360,eMBB,12.379416551515082
361,eMBB,10.3638616276061
362,eMBB,11.507175071290847
363,eMBB,10.886351371115328
364,eMBB,10.997132365391488
365,eMBB,10.584921414765196
366,eMBB,9.581945344721804
367,eMBB,11.372530024251677
368,eMBB,10.952344358785655
369,eMBB,9.067448684838082
370,eMBB,11.387659444446038
371,eMBB,12.517783935255151
372,eMBB,9.072575360218758
373,eMBB,11.236617811694659
374,eMBB,7.085017437498909
375,eMBB,9.654861447821865
376,eMBB,8.494355155351792
377,eMBB,11.113613499502565
378,eMBB,9.614191063345745
379,eMBB,12.223608788760624
380,eMBB,10.318545405861858
381,eMBB,8.870980985072737
382,eMBB,12.441690889318265
383,eMBB,11.99187562188141
384,eMBB,12.786477282172493
385,eMBB,10.526445184121032
386,eMBB,9.864752623561088
387,eMBB,10.700146696163747
388,eMBB,11.758527869717176
389,eMBB,9.31504003763093
390,eMBB,10.824808570863246
391,eMBB,10.628706615722068
392,eMBB,10.485840970461773
393,eMBB,10.28802605724242
394,eMBB,12.31412594740718
395,eMBB,7.600658071836772
396,eMBB,12.29602952368326
397,eMBB,10.626375915901518
398,eMBB,10.994699238268757
399,eMBB,10.638985800741235
400,eMBB,11.989089556940076
401,eMBB,11.597098933873195
402,eMBB,11.56567351789931
403,eMBB,11.290212891259436
404,eMBB,10.127303078452208
405,eMBB,9.977610422815506
406,eMBB,10.426025868776241
407,eMBB,12.481300908157756
408,eMBB,10.38577189584597
409,eMBB,10.477203514409027
410,eMBB,10.645616575892921
411,eMBB,8.940149290586492
412,eMBB,10.427566501924407
413,eMBB,12.322708778406476
414,eMBB,10.155633288466655
415,eMBB,9.163139421936242
416,eMBB,10.965951938265913
417,eMBB,11.213407289065382
418,eMBB,9.971300775343169
419,eMBB,10.717270544535854
420,eMBB,11.314401694405728
421,eMBB,10.12945494036526
422,eMBB,12.0253136014598
423,eMBB,12.217532090931815
424,eMBB,10.617728606326638
425,eMBB,10.139493234745112
426,eMBB,10.441187125067476
427,eMBB,11.503173991497361
428,eMBB,10.549395292549027
429,eMBB,10.00974504079341
430,eMBB,9.037312073830128
431,eMBB,10.825349648419131
432,eMBB,9.611458719459277
433,eMBB,10.558158594068217
434,eMBB,9.322426237027086
435,eMBB,12.558149939307466
436,eMBB,12.343105185622251
437,eMBB,11.638024564945749
438,eMBB,9.272411104532988
439,eMBB,10.078543173334062
440,eMBB,12.042968238115847
441,eMBB,12.21155915529184
442,eMBB,10.844436587068364
443,eMBB,11.03246386331385
444,eMBB,10.30008084369941
445,eMBB,11.146161846075442
446,eMBB,10.39052985218464
447,eMBB,10.632673116207986
448,eMBB,9.89149948628954
449,eMBB,11.14647219524408
450,eMBB,11.193743345054198
451,eMBB,11.912640561448516
452,eMBB,10.99339677318901
453,eMBB,11.962184291860552
454,eMBB,11.088147207574991
455,eMBB,11.355405622993707
456,eMBB,7.737445978234748
457,eMBB,10.735183033010124
458,eMBB,11.260662660752963
459,eMBB,11.17216982299051
460,eMBB,11.284353554265524
461,eMBB,11.200963024085473
462,eMBB,11.512183940393317
463,eMBB,10.605829420261616
464,eMBB,10.483279160522121
465,eMBB,11.148393430545761
466,eMBB,10.857561710565971
467,eMBB,13.685272933830163
468,eMBB,11.515922006158302
469,eMBB,13.913385609313456
470,eMBB,10.97833908190066
471,eMBB,8.704610227022652
472,eMBB,9.79636836835643
473,eMBB,12.322839381878758
474,eMBB,12.101921157987254
475,eMBB,11.692587934878233
476,eMBB,10.694332027855278
477,eMBB,11.683752528198443
478,eMBB,11.723077481924092
479,eMBB,11.81033427043638
480,eMBB,11.169503281198581
481,eMBB,9.80804833034451
482,eMBB,11.449701454180335
483,eMBB,11.699108962420745
484,eMBB,12.169290861645422
485,eMBB,11.164298507012484
486,eMBB,10.578307436195507
487,eMBB,10.431054672646617
488,eMBB,11.799778131424853
489,eMBB,12.410572351555453
490,eMBB,8.94086006111896
491,eMBB,12.794234938730513
492,eMBB,11.74665454413134
493,eMBB,13.056087879101552
494,eMBB,11.136108373101038
495,eMBB,12.493024837510928
496,eMBB,9.417365468385059
497,eMBB,9.439902672357134
498,eMBB,9.423258863266119
499,eMBB,11.167236588495758
500,eMBB,10.549394441805303
501,eMBB,11.559383644280333
502,eMBB,11.195132446356324
503,eMBB,10.271330245986128
504,eMBB,12.018250519719956
505,eMBB,11.432334364781601
506,eMBB,11.094831322380319
507,eMBB,9.893901107242884
508,eMBB,9.923487604791363
509,eMBB,10.679485824415911
510,eMBB,9.591074189465385
511,eMBB,11.350306576237998
512,eMBB,10.739639724617692
513,eMBB,11.036333819731034
514,eMBB,10.783444351080883
515,eMBB,8.168238157971588
516,eMBB,9.62320328862872
517,eMBB,9.87758345563966
518,eMBB,10.29263929821475
519,eMBB,10.325959536125689
520,eMBB,8.605556053918846
521,eMBB,10.006938167342977
522,eMBB,10.817657084423008
523,eMBB,9.68878429505465
524,eMBB,10.122725641299443
525,eMBB,10.756867457396854
526,eMBB,10.805680686988302
527,eMBB,12.47014551343719
528,eMBB,12.210227356040988
529,eMBB,10.260925806040525
530,eMBB,12.786541381009394
531,eMBB,10.179830800044918
532,eMBB,8.262797681396846
533,eMBB,12.03024041958955
534,eMBB,9.280666180903825
535,eMBB,11.1031861992723
536,eMBB,10.65741678319277
537,eMBB,10.411428858050185
538,eMBB,11.515848483906991
539,eMBB,7.190259358185097
540,eMBB,9.727174243346793
541,eMBB,11.464418572527
542,eMBB,10.57755873734678
543,eMBB,11.622257716299336
544,eMBB,9.337060372757112
545,eMBB,9.661238090378406
546,eMBB,9.937678556020211
547,eMBB,13.521367963712464
548,eMBB,10.653809273689255
549,eMBB,9.980128367124323
550,eMBB,10.260906702722172
551,eMBB,9.720024144227153
552,eMBB,12.236682142036104
553,eMBB,12.636328406006703
554,eMBB,9.895606232423194
555,eMBB,8.128949265897097
556,eMBB,12.082320631048567
557,eMBB,11.342186671228765
558,eMBB,12.29327509593469
559,eMBB,11.492803582903708
560,eMBB,10.845335529226357
561,eMBB,10.528660501373702
562,eMBB,9.399701521546062
563,eMBB,11.387765957300916
564,eMBB,11.417683082980629
565,eMBB,12.474136202059082
566,eMBB,10.66382076738497
567,eMBB,10.028731666936528
568,eMBB,9.177791148752181
569,eMBB,9.098290996509409
570,eMBB,10.710486879172436
571,eMBB,12.071147492170178
572,eMBB,10.851096016732562
573,eMBB,11.07466513838137
574,eMBB,9.319880471084364
575,eMBB,10.394462635491884
576,eMBB,11.096902767131041
577,eMBB,9.363652215761066
578,eMBB,9.243197764708379
579,eMBB,11.653367624757589
580,eMBB,10.550923335060943
581,eMBB,9.37704547176081
582,eMBB,10.194783463736265
583,eMBB,10.476934396250735
584,eMBB,12.483456214900922
585,eMBB,10.1709222877042
586,eMBB,10.225232922702595
587,eMBB,10.151147120337336
588,eMBB,11.055129682369598
589,eMBB,12.274153342210383
590,eMBB,10.320349701298717
591,eMBB,11.75676949984168
592,eMBB,11.849331183795897
593,eMBB,13.303112783584426
594,eMBB,7.182072753079476
595,eMBB,11.321107626487112
596,eMBB,10.432273473614242
597,eMBB,11.160825271170767
598,eMBB,10.057346351172553
599,eMBB,10.58021903861208
600,eMBB,11.309076035832792
601,eMBB,10.16369506022835
602,eMBB,9.807145403413779
603,eMBB,11.466367284609534
604,eMBB,9.543377336017508
605,eMBB,9.317230495076009
606,eMBB,11.93522471527924
607,eMBB,11.176164458415904
608,eMBB,11.345245283389492
609,eMBB,10.84924326860465
610,eMBB,11.077997602441714
611,eMBB,10.511521361699558
612,eMBB,11.220831913854164
613,eMBB,12.407961452342386
614,eMBB,10.963013798277311
615,eMBB,10.868232180197966
616,eMBB,12.656240307547938
617,eMBB,14.102793608361026
618,eMBB,11.341553434960273
619,eMBB,13.03938639766579
620,eMBB,10.759034456134694
621,eMBB,10.42282108463543
622,eMBB,11.477851961341926
623,eMBB,10.835819280460377
624,eMBB,14.539256346359949
625,eMBB,10.114925095783576
626,eMBB,8.922771403681601
627,eMBB,10.750143058667042
628,eMBB,11.661375257818936
629,eMBB,11.306303208547765
630,eMBB,10.807898968129308
631,eMBB,9.504270261575362
632,eMBB,8.992178118548017
633,eMBB,13.168412535533063
634,eMBB,10.366394614529625
635,eMBB,9.242207525819909
636,eMBB,10.56979639564881
637,eMBB,9.705482982375528
638,eMBB,12.24645561124947
639,eMBB,10.00644526534739
640,eMBB,11.368235814250234
641,eMBB,9.573958794128282
642,eMBB,10.304115225119478
643,eMBB,10.33828867650946
644,eMBB,11.693788080628625
645,eMBB,11.65983629110588
646,eMBB,10.830013021150062
647,eMBB,10.858888979903705
648,eMBB,11.291269933195238
649,eMBB,9.867897460440815
650,eMBB,11.946338140541215
651,eMBB,11.625266868460985
652,eMBB,9.661516659833492
653,eMBB,9.603327728298876
654,eMBB,11.003467906397724
655,eMBB,10.240716213101136
656,eMBB,13.833064488849555
657,eMBB,11.26275467069378
658,eMBB,11.412167886873766
659,eMBB,7.991388474922309
660,eMBB,9.435603759716429
661,eMBB,11.156805791972669
662,eMBB,9.629412572779092
663,eMBB,11.811077598295288
664,eMBB,10.380918645016848
665,eMBB,11.076853099789535
666,eMBB,10.076256685538905
667,eMBB,9.418710576898423
668,eMBB,9.689665531475493
669,eMBB,11.30661885587331
670,eMBB,9.393333229153624
671,eMBB,9.593376026688194
672,eMBB,11.73772392292051
673,eMBB,11.697900266053898
674,eMBB,11.141052922214289
675,eMBB,11.068878410474845
676,eMBB,10.120206093264525
677,eMBB,9.162020296583274
678,eMBB,10.841565334478982
679,eMBB,10.785524499897964
680,eMBB,9.146489131483975
681,eMBB,8.370709869611984
682,eMBB,11.86090876227778
683,eMBB,9.202589286091257
684,eMBB,10.038837582802241
685,eMBB,9.953172707044281
686,eMBB,11.082772556247383
687,eMBB,11.611192524616738
688,eMBB,12.434171254917032
689,eMBB,10.416453618651794
690,eMBB,10.08250223602602
691,eMBB,11.961245784971048
692,eMBB,9.560224113201098
693,eMBB,11.535680840468437
694,eMBB,10.251963570527014
695,eMBB,10.083154449565017
696,eMBB,10.49807316378813
697,eMBB,8.662720904672256
698,eMBB,8.743928235212318
699,eMBB,12.622093337293725
700,eMBB,13.001579336391636
701,eMBB,9.800783483595582
702,eMBB,10.761544020922692
703,eMBB,9.814187522773842
704,eMBB,12.033472478775499
705,eMBB,10.296788467450291
706,eMBB,11.041039101257033
707,eMBB,11.2802045006423
708,eMBB,8.700901922339204
709,eMBB,10.520518728297198
710,eMBB,9.69612583231511
711,eMBB,10.944431150223892
712,eMBB,10.628008969389995
713,eMBB,10.76279754397965
714,eMBB,12.785335262624947
715,eMBB,10.792728147627443
716,eMBB,13.645275432270227
717,eMBB,10.123782688389301
718,eMBB,10.164671218994483
719,eMBB,11.509235390504779
720,eMBB,12.225986661366882
721,eMBB,10.920932183665501
722,eMBB,9.01818516852195
723,eMBB,12.892257585052157
724,eMBB,10.144545294783407
725,eMBB,11.196287650016679
726,eMBB,9.387287805469306
727,eMBB,12.648411981845786
728,eMBB,9.324377134928195
729,eMBB,11.501113902655527
730,eMBB,10.335141546568487
731,eMBB,13.214150256848532
732,eMBB,8.845780262958653
733,eMBB,10.065233131553892
734,eMBB,10.229089670668976
735,eMBB,9.458017030585685
736,eMBB,8.845594678688798
737,eMBB,11.303475271353763
738,eMBB,11.453485610632667
739,eMBB,9.282887174157482
740,eMBB,10.429238061123026
741,eMBB,11.004381667610563
742,eMBB,11.54354572028422
743,eMBB,12.532872904172137
744,eMBB,10.828980229202392
745,eMBB,11.006255233541046
746,eMBB,13.212705133734175
747,eMBB,9.582260261263738
748,eMBB,10.269994164664126
749,eMBB,11.762269389531115
750,eMBB,12.0106048197645
751,eMBB,9.521756727400968
752,eMBB,10.945618769786622
753,eMBB,11.459718606118402
754,eMBB,11.938712416378685
755,eMBB,11.418683929286832
756,eMBB,9.654882767758123
757,eMBB,11.05595999987935
758,eMBB,11.688911764142798
759,eMBB,9.57685173083393
760,eMBB,8.78580496891828
761,eMBB,10.811547488202223
762,eMBB,8.717428295859373
763,eMBB,14.008472878609753
764,eMBB,9.172481360307343
765,eMBB,9.187086403142986
766,eMBB,10.306690050328644
767,eMBB,11.003228511713045
768,eMBB,10.627900911041866
769,eMBB,8.395802346272095
770,eMBB,10.001421390636283
771,eMBB,10.735155524855413
772,eMBB,10.583124666260053
773,eMBB,10.006740791242185
774,eMBB,11.259585080983383
775,eMBB,10.976752458313948
776,eMBB,10.844806867345326
777,eMBB,11.661428445661734
778,eMBB,12.942461943610496
779,eMBB,11.11814661494854
780,eMBB,12.68041277692968
781,eMBB,9.477783909939362
782,eMBB,10.135120503891255
783,eMBB,10.996888540286871
784,eMBB,10.384730928883158
785,eMBB,12.011334631625832
786,eMBB,11.076489659545805
787,eMBB,12.640769269394577
788,eMBB,11.406054346121447
789,eMBB,12.236722668269508
790,eMBB,10.3849651361565
791,eMBB,9.091242081923493
792,eMBB,10.519955592965335
793,eMBB,10.376003543935953
794,eMBB,12.33155820543251
795,eMBB,10.897869524153904
796,eMBB,9.34834711799543
797,eMBB,11.120779347315128
798,eMBB,10.533861103576509
799,eMBB,12.844133143800493
800,eMBB,13.09944387119971
801,eMBB,10.766361020021312
802,eMBB,11.161700971128457
803,eMBB,12.46722268678361
804,eMBB,9.512737895148787
805,eMBB,9.748577774397228
806,eMBB,10.333454703335128
807,eMBB,11.51009536709015
808,eMBB,9.638125263813226
809,eMBB,11.798919204352996
810,eMBB,10.660516022609773
811,eMBB,10.614381105897255
812,eMBB,9.681106149550395
813,eMBB,11.34687304856102
814,eMBB,11.89988752118468
815,eMBB,11.087214038522136
816,eMBB,10.785442573979001
817,eMBB,10.147874411041695
818,eMBB,10.778575532639701
819,eMBB,9.59604601097321
820,eMBB,9.70666245672229
821,eMBB,11.163656100701385
822,eMBB,12.32764786011079
823,eMBB,11.613100236414793
824,eMBB,11.046847963238669
825,eMBB,10.6645139440021
826,eMBB,12.358972065724716
827,eMBB,11.641698503407492
828,eMBB,11.094482781230106
829,eMBB,9.204130823163206
830,eMBB,9.621339247669754
831,eMBB,10.555643069465047
832,eMBB,10.554878356629949
833,eMBB,9.18536781098587
834,eMBB,9.423624212448145
835,eMBB,8.03670495632267
836,eMBB,9.036938146867842
837,eMBB,10.567894224726885
838,eMBB,8.715885050621393
839,eMBB,11.589087695423432
840,eMBB,12.575846490183109
841,eMBB,10.319316535229861
842,eMBB,7.912341172878302
843,eMBB,10.188077353596785
844,eMBB,9.876064827532629
845,eMBB,10.765659767411629
846,eMBB,9.493843190979419
847,eMBB,9.615482062388214
848,eMBB,10.59171684346659
849,eMBB,7.862315150197183
850,eMBB,8.302121743821248
851,eMBB,9.185863579942456
852,eMBB,12.43566916647274
853,eMBB,11.384353936582981
854,eMBB,10.61219658265587
855,eMBB,9.226773595160433
856,eMBB,9.378649277414794
857,eMBB,9.275372981046951
858,eMBB,12.768877660059232
859,eMBB,9.716098325476223
860,eMBB,8.892964473097658
861,eMBB,9.336129953957858
862,eMBB,9.917373585127853
863,eMBB,10.819017615710827
864,eMBB,10.457146931579748
865,eMBB,10.641734049190044
866,eMBB,9.645310404906757
867,eMBB,12.340993544913026
868,eMBB,9.98877479580763
869,eMBB,8.71292492772757
870,eMBB,9.448640935871085
871,eMBB,11.699467649546317
872,eMBB,9.458852231199682
873,eMBB,11.42556586545774
874,eMBB,12.025691470272827
875,eMBB,11.48206934588647
876,eMBB,12.110123850742433
877,eMBB,10.706793041033121
878,eMBB,9.267687869894132
879,eMBB,10.502689407157701
880,eMBB,8.76960987253339
881,eMBB,11.366795965386727
882,eMBB,9.20279938764604
883,eMBB,11.131008660838893
884,eMBB,11.703467431667308
885,eMBB,10.302006046465142
886,eMBB,10.88045314448903
887,eMBB,11.8894874308401
888,eMBB,11.156628459921576
889,eMBB,7.421405988040962
890,eMBB,10.315577956394199
891,eMBB,10.334127090915292
892,eMBB,10.291131195070035
893,eMBB,10.969802777222478
894,eMBB,10.349135755344342
895,eMBB,8.821598213506956
896,eMBB,9.004654800650705
897,eMBB,11.738148940832849
898,eMBB,11.1506622319478
899,eMBB,12.634456816482457
900,eMBB,12.342845178021793
901,eMBB,9.848695865682203
902,eMBB,8.954776287208796
903,eMBB,10.120436934725017
904,eMBB,11.580932828047551
905,eMBB,12.123381153047282
906,eMBB,11.54593235793888
907,eMBB,12.10104726058156
908,eMBB,10.187903283249748
909,eMBB,11.28355990600585
910,eMBB,12.232964022674645
911,eMBB,10.104366994290697
912,eMBB,10.336367874983114
913,eMBB,10.969391723931837
914,eMBB,10.661513291396279
915,eMBB,12.771827555495037
916,eMBB,11.73958796211308
917,eMBB,9.799370214432825
918,eMBB,10.299284659295155
919,eMBB,11.83640660022588
920,eMBB,9.842956940018375
921,eMBB,11.065102909288347
922,eMBB,10.19916793136259
923,eMBB,10.369215187841878
924,eMBB,9.948625776734442
925,eMBB,10.055299604199655
926,eMBB,10.15826922067242
927,eMBB,10.780257741549034
928,eMBB,10.599902064792207
929,eMBB,11.972893233254498
930,eMBB,10.347983252110815
931,eMBB,9.27404960434307
932,eMBB,13.001145637813673
933,eMBB,10.930284219902925
934,eMBB,10.477879153713621
935,eMBB,9.53667554491759
936,eMBB,12.140242436037685
937,eMBB,11.48117206509808
938,eMBB,12.14201218620793
939,eMBB,10.64485344018947
940,eMBB,10.135384905743202
941,eMBB,9.894010952065305
942,eMBB,10.431399627298173
943,eMBB,11.341336145845267
944,eMBB,9.429512486075929
945,eMBB,10.539278178127894
946,eMBB,10.671263113575392
947,eMBB,10.28084495121884
948,eMBB,10.641042507738437
949,eMBB,9.497958879679391
950,eMBB,10.137802736076289
951,eMBB,9.913557887098044
952,eMBB,10.6303256135794
953,eMBB,13.371722070204259
954,eMBB,10.852980128354927
955,eMBB,10.348876245915365
956,eMBB,11.599885919577563
957,eMBB,11.42821728619151
958,eMBB,9.401664147685176
959,eMBB,12.764431433752398
960,eMBB,10.809935819343984
961,eMBB,11.257070017615812
962,eMBB,9.211251389541076
963,eMBB,9.598810212119172
964,eMBB,10.98870809131354
965,eMBB,9.790027108117156
966,eMBB,12.008339960827946
967,eMBB,9.303280608477419
968,eMBB,11.133399714008615
969,eMBB,12.226603384176887
970,eMBB,9.171044949037519
971,eMBB,11.512810656956733
972,eMBB,10.310072747186277
973,eMBB,11.491961101359646
974,eMBB,11.529609771737611
975,eMBB,10.670087515060974
976,eMBB,9.921776010180801
977,eMBB,10.562473420878423
978,eMBB,8.33149366408175
979,eMBB,10.164688029166005
980,eMBB,12.30355158867392
981,eMBB,11.149557817227864
982,eMBB,10.088620230658472
983,eMBB,11.33347800190766
984,eMBB,10.21723802332781
985,eMBB,10.714704780023405
986,eMBB,11.840027597234219
987,eMBB,11.538181045099225
988,eMBB,9.502753909665449
989,eMBB,9.541170773671803
990,eMBB,10.65066924466469
991,eMBB,8.648785071872622
992,eMBB,12.431195515853483
993,eMBB,10.393630306625436
994,eMBB,11.720488282489937
995,eMBB,9.581061740960816
996,eMBB,12.09689668976148
997,eMBB,11.17021615111692
998,eMBB,11.910856428436466
999,eMBB,9.410522480433169
1000,eMBB,9.319540589380834
1001,eMBB,10.248451084531709
1002,eMBB,10.316375700909578
1003,eMBB,10.39212732492171
1004,eMBB,9.82365265592082
1005,eMBB,13.422083853650863
1006,eMBB,10.975997806269149
1007,eMBB,10.122170344228271
1008,eMBB,12.93645147285275
1009,eMBB,11.198953769746517
1010,eMBB,7.513907276531638
1011,eMBB,12.227202107917018
1012,eMBB,9.7175192637792
1013,eMBB,10.678227424653098
1014,eMBB,9.327720620714333
1015,eMBB,10.218416646797317
1016,eMBB,11.195844494575594
1017,eMBB,9.990648236640666
1018,eMBB,9.793079153629623
1019,eMBB,11.537511488022641
1020,eMBB,11.068299138673732
1021,eMBB,10.11811604010097
1022,eMBB,12.148397671059707
1023,eMBB,11.950383717294907
1024,eMBB,10.721400683810838
1025,eMBB,10.901080463588793
1026,eMBB,10.811209312516818
1027,eMBB,10.014553313660322
1028,eMBB,9.690233657771069
1029,eMBB,12.776882686277723
1030,eMBB,11.354756061121451
1031,eMBB,10.233035026127673
1032,eMBB,9.687607083287013
1033,eMBB,10.971528281550178
1034,eMBB,10.67868337663627
1035,eMBB,12.234732605261243
1036,eMBB,11.135063249431484
1037,eMBB,9.423485577029474
1038,eMBB,12.138247648788917
1039,eMBB,9.205932319671936
1040,eMBB,9.716969737797722
1041,eMBB,10.888505609214034
1042,eMBB,10.51872687238591
1043,eMBB,10.556277704897184
1044,eMBB,11.193970904350625
1045,eMBB,12.129710013942342
1046,eMBB,10.335493103059248
1047,eMBB,10.38516237683813
1048,eMBB,10.988678758091417
1049,eMBB,7.87628980536581
1050,eMBB,10.544652989554509
1051,eMBB,10.72419267619134
1052,eMBB,10.804966963711351
1053,eMBB,8.816827753389603
1054,eMBB,10.338340920632648
1055,eMBB,9.996632266716428
1056,eMBB,11.0913139463318
1057,eMBB,10.133702340743373
1058,eMBB,9.617646521325883
1059,eMBB,10.777070448257469
1060,eMBB,10.198904396035733
1061,eMBB,12.582659806483614
1062,eMBB,11.068411962165262
1063,eMBB,9.8803557344026
1064,eMBB,10.775111055787155
1065,eMBB,9.905467742462184
1066,eMBB,11.34083082736661
1067,eMBB,11.648539691101588
1068,eMBB,11.475418323200246
1069,eMBB,9.740275881476371
1070,eMBB,11.12923125765426
1071,eMBB,10.342275475530178
1072,eMBB,10.161979864853885
1073,eMBB,10.807766576947838
1074,eMBB,12.849092457061449
1075,eMBB,11.029408250743021
1076,eMBB,10.901708350086253
1077,eMBB,10.901663594267506
1078,eMBB,11.134415633001987
1079,eMBB,12.326510965627783
1080,eMBB,11.308203732979557
1081,eMBB,10.23043091163164
1082,eMBB,10.258532704019945
1083,eMBB,10.805272338396106
1084,eMBB,10.764766099189133
1085,eMBB,9.878541679190542
1086,eMBB,11.087007583520274
1087,eMBB,10.91351881903722
1088,eMBB,12.208528450412391
1089,eMBB,11.292964304658591
1090,eMBB,10.501865948447964
1091,eMBB,11.454373941977796
1092,eMBB,12.665667471773485
1093,eMBB,8.286463068142897
1094,eMBB,11.240809906853467
1095,eMBB,8.935012369558143
1096,eMBB,12.15604689229575
1097,eMBB,10.221549381072213
1098,eMBB,14.011561692820413
1099,eMBB,11.988705863494872
1100,eMBB,8.63921407745837
1101,eMBB,11.878692757667366
1102,eMBB,10.429446025029305
1103,eMBB,10.918358649127713
1104,eMBB,11.843658691193635
1105,eMBB,12.186230459401461
1106,eMBB,10.529934571533317
1107,eMBB,7.697968532920351
1108,eMBB,11.17084893987414
1109,eMBB,11.487025711934992
1110,eMBB,9.402804116925955
1111,eMBB,11.62595682999722
1112,eMBB,10.321291629717793
1113,eMBB,11.976329388666642
1114,eMBB,12.461270344731268
1115,eMBB,10.810402917017315
1116,eMBB,10.563425483535966
1117,eMBB,11.527734122034596
1118,eMBB,10.914409973455363
1119,eMBB,10.77906531080483
1120,eMBB,10.623621514812774
1121,eMBB,10.646545023662956
1122,eMBB,9.151251547891578
1123,eMBB,10.849393738942792
1124,eMBB,11.680599671500106
1125,eMBB,12.127775124861106
1126,eMBB,9.983331128639552
1127,eMBB,9.377962432438887
1128,eMBB,9.091203097295951
1129,eMBB,9.42106277706827
1130,eMBB,11.11856958610297
1131,eMBB,10.515872159454258
1132,eMBB,10.26059268241746
1133,eMBB,9.718332126046736
1134,eMBB,10.118588446296936
1135,eMBB,10.154808919699134
1136,eMBB,8.30545222042968
1137,eMBB,8.991454661275935
1138,eMBB,9.676824454944446
1139,eMBB,11.544937405282994
1140,eMBB,10.722704070115414
1141,eMBB,11.046751284686538
1142,eMBB,10.238815014353644
1143,eMBB,10.971985189044783
1144,eMBB,9.635159101991285
1145,eMBB,10.276272700136364
1146,eMBB,10.018337486646155
1147,eMBB,8.674121251067309
1148,eMBB,11.518023686627695
1149,eMBB,11.301357332592271
1150,eMBB,12.222413706774804
1151,eMBB,12.086526570303272
1152,eMBB,11.13577824981923
1153,eMBB,8.973847305716335
1154,eMBB,8.503360058150214
1155,eMBB,11.390809411526043
1156,eMBB,10.76555809052149
1157,eMBB,11.368329120450586
1158,eMBB,11.430133954012408
1159,eMBB,8.768159374608352
1160,eMBB,10.54473441952142
1161,eMBB,10.014607492249556
1162,eMBB,11.16982231355001
1163,eMBB,9.64833259229871
1164,eMBB,10.551823986877707
1165,eMBB,11.669354489964935
1166,eMBB,8.420224082042825
1167,eMBB,11.042400535188008
1168,eMBB,11.480603545367252
1169,eMBB,8.85489543680499
1170,eMBB,10.455070816491116
1171,eMBB,9.630623031507866
1172,eMBB,10.5702436517295
1173,eMBB,11.553448196490857
1174,eMBB,10.822305454160288
1175,eMBB,12.09994821405438
1176,eMBB,11.808165774776471
1177,eMBB,11.34762914299593
1178,eMBB,12.265202161875964
1179,eMBB,12.069000168049396
1180,eMBB,11.976899323607748
1181,eMBB,10.664036101294748
1182,eMBB,10.01840519145491
1183,eMBB,9.403252813611065
1184,eMBB,7.780343926854918
1185,eMBB,8.826139193310668
1186,eMBB,11.773899858283135
1187,eMBB,8.040758752813746
1188,eMBB,10.189989399397332
1189,eMBB,11.250437976043237
1190,eMBB,10.475448519165825
1191,eMBB,11.950112569030814
1192,eMBB,11.984021592280653
1193,eMBB,11.073286713998511
1194,eMBB,12.334754382053493
1195,eMBB,11.71551372294377
1196,eMBB,12.046886532750998
1197,eMBB,10.913690380883105
1198,eMBB,9.870458547388782
1199,eMBB,10.336557783168432
1200,eMBB,10.306077476440707
1201,eMBB,11.560099014247701
1202,eMBB,11.100440147829131
1203,eMBB,10.024497438697173
1204,eMBB,9.117565205089651
1205,eMBB,11.966084675730267
1206,eMBB,9.90640499229661
1207,eMBB,9.695558183577058
1208,eMBB,11.31278674084651
1209,eMBB,9.864001413601494
1210,eMBB,9.589000586361523
1211,eMBB,11.236104949533237
1212,eMBB,10.423167246564287
1213,eMBB,11.791947712709751
1214,eMBB,10.39610318199406
1215,eMBB,11.98809804674049
1216,eMBB,12.330608556906775
1217,eMBB,9.319699144305467
1218,eMBB,10.576309717719308
1219,eMBB,10.937586984802374
1220,eMBB,11.16400546238982
1221,eMBB,12.130777102705459
1222,eMBB,9.581138142426616
1223,eMBB,9.220004333165972
1224,eMBB,12.474715257013681
1225,eMBB,9.558380253574919
1226,eMBB,10.999819219565554
1227,eMBB,10.95214951695985
1228,eMBB,8.95436678318388
1229,eMBB,12.610959563559522
1230,eMBB,9.80157150397126
1231,eMBB,10.981313483109052
1232,eMBB,10.28763526155362
1233,eMBB,11.34494658379947
1234,eMBB,10.877491731830911
1235,eMBB,9.780852415544455
1236,eMBB,9.204808562867603
1237,eMBB,11.76400943799918
1238,eMBB,12.170551817044768
1239,eMBB,12.413360062438105
1240,eMBB,10.502503123551875
1241,eMBB,11.051836696794899
1242,eMBB,12.314993286330283
1243,eMBB,10.665931324623394
1244,eMBB,10.779298896844994
1245,eMBB,11.083779913912386
1246,eMBB,11.313134018971025
1247,eMBB,10.784825414776847
1248,eMBB,9.872887688211907
1249,eMBB,11.130364108129028
1250,eMBB,10.456988050261367
1251,eMBB,10.640155613599005
1252,eMBB,11.055128305542315
1253,eMBB,11.165519320075207
1254,eMBB,11.05313464273462
1255,eMBB,10.205853019540367
1256,eMBB,12.347494576207977
1257,eMBB,9.7347088765482
1258,eMBB,10.555997531342072
1259,eMBB,8.872058856006877
1260,eMBB,10.295773731138377
1261,eMBB,9.43614497525317
1262,eMBB,11.415441260340423
1263,eMBB,9.70080739412403
1264,eMBB,10.563064899922045
1265,eMBB,11.043506447124296
1266,eMBB,10.770064060572713
1267,eMBB,9.597973535543959
1268,eMBB,12.315408255317568
1269,eMBB,12.278510387487719
1270,eMBB,10.682837125410067
1271,eMBB,11.055962999250898
1272,eMBB,8.986072469219552
1273,eMBB,10.559033603881835
1274,eMBB,10.611257810990256
1275,eMBB,11.328404437669558
1276,eMBB,8.690922731311613
1277,eMBB,10.25428382525844
1278,eMBB,11.460970608634502
1279,eMBB,11.18281404324424
1280,eMBB,10.533574875650013
1281,eMBB,8.163538436000861
1282,eMBB,9.934773799128427
1283,eMBB,8.192815399763312
1284,eMBB,10.683924542606443
1285,eMBB,10.51531519222861
1286,eMBB,9.59525430153084
1287,eMBB,12.325026309674373
1288,eMBB,13.29938768642721
1289,eMBB,10.140016763512463
1290,eMBB,10.26874349545123
1291,eMBB,10.381875829374478
1292,eMBB,9.151235568929959
1293,eMBB,9.727246850588088
1294,eMBB,12.162377561990374
1295,eMBB,11.369468914622361
1296,eMBB,9.48188538239845
1297,eMBB,12.060367717437838
1298,eMBB,10.327806940837354
1299,eMBB,10.631767736470364
1300,eMBB,10.741640117729522
1301,eMBB,10.940410897224085
1302,eMBB,12.376379157442306
1303,eMBB,10.135601272098171
1304,eMBB,9.89850385498342
1305,eMBB,10.583569553778228
1306,eMBB,10.670956007745868
1307,eMBB,10.549021427131528
1308,eMBB,9.674586341362545
1309,eMBB,11.236632841328657
1310,eMBB,11.313941925430543
1311,eMBB,10.17344605256307
1312,eMBB,12.331769744188037
1313,eMBB,9.216762916595046
1314,eMBB,11.543896232401321
1315,eMBB,10.745400997455114
1316,eMBB,9.52778698473707
1317,eMBB,10.319443746106067
1318,eMBB,9.446590343483718
1319,eMBB,10.268699586152104
1320,eMBB,11.118587200647838
1321,eMBB,9.89407831033723
1322,eMBB,10.18149593710917
1323,eMBB,11.10291861820745
1324,eMBB,10.689406456347145
1325,eMBB,7.464671967040355
1326,eMBB,10.311126336915972
1327,eMBB,11.52319511058912
1328,eMBB,10.21534816836701
1329,eMBB,11.788275683069173
1330,eMBB,8.971074453629498
1331,eMBB,11.2013037561917
1332,eMBB,11.579946296157596
1333,eMBB,10.400960513606098
1334,eMBB,9.73405140510098
1335,eMBB,10.7692496118727
1336,eMBB,10.41022682975491
1337,eMBB,10.054518086615483
1338,eMBB,10.340170533971776
1339,eMBB,10.119584519579089
1340,eMBB,11.027308012939256
1341,eMBB,11.499665157691263
1342,eMBB,7.2514141013414
1343,eMBB,10.08081320607603
1344,eMBB,9.217878612795944
1345,eMBB,10.29099084323302
1346,eMBB,9.157679910309364
1347,eMBB,11.04385867831372
1348,eMBB,11.126723066048596
1349,eMBB,12.19951705875615
1350,eMBB,11.331150895357595
1351,eMBB,11.792791300036441
1352,eMBB,11.042558258097126
1353,eMBB,9.846687720737407
1354,eMBB,10.52367866241847
1355,eMBB,10.56938460843605
1356,eMBB,10.863237772349164
1357,eMBB,11.354175999528815
1358,eMBB,8.698224792813173
1359,eMBB,11.531161639449783
1360,eMBB,10.301650775983106
1361,eMBB,11.878592261792194
1362,eMBB,11.025364760387633
1363,eMBB,10.785648797404182
1364,eMBB,12.993740816749279
1365,eMBB,10.168728347713316
1366,eMBB,10.418600159856496
1367,eMBB,10.661488552363979
1368,eMBB,9.458227912483503
1369,eMBB,10.913258278609913
1370,eMBB,9.766683335395749
1371,eMBB,12.129331384853254
1372,eMBB,11.602489785307132
1373,eMBB,9.919144379853092
1374,eMBB,11.261517750822474
1375,eMBB,11.271158648456725
1376,eMBB,10.662395107722768
1377,eMBB,10.920055224737586
1378,eMBB,9.949067477325562
1379,eMBB,8.780251685325315
1380,eMBB,10.11709202746177
1381,eMBB,11.22961357460307
1382,eMBB,11.650271137751183
1383,eMBB,10.889727521402895
1384,eMBB,9.418173297977878
1385,eMBB,12.062602980227545
1386,eMBB,10.773183355121988
1387,eMBB,11.202250293646001
1388,eMBB,8.727481594633057
1389,eMBB,11.049966938002134
1390,eMBB,10.680634525311214
1391,eMBB,11.530970854848341
1392,eMBB,8.892945344384556
1393,eMBB,12.043291981830203
1394,eMBB,9.560630345523858
1395,eMBB,11.204263957335943
1396,eMBB,10.481706346209055
1397,eMBB,8.600046859708286
1398,eMBB,9.610854170591974
1399,eMBB,10.20856038810971
1400,eMBB,9.506255542420828
1401,eMBB,12.815692265729616
1402,eMBB,8.522115157331582
1403,eMBB,10.855376752979074
1404,eMBB,9.1162947556639
1405,eMBB,9.512994675473209
1406,eMBB,11.07716715278062
1407,eMBB,9.055669117078466
1408,eMBB,9.799988371822094
1409,eMBB,11.663025123411138
1410,eMBB,11.293878466319594
1411,eMBB,10.467226729341341
1412,eMBB,9.441254615186816
1413,eMBB,9.888938937570169
1414,eMBB,13.134855036111063
1415,eMBB,9.166830147580225
1416,eMBB,12.666507688613375
1417,eMBB,10.760543864912623
1418,eMBB,9.804125601848119
1419,eMBB,11.747425564978002
1420,eMBB,10.441987899607001
1421,eMBB,11.463246628893954
1422,eMBB,8.969160711435443
1423,eMBB,9.812442150579281
1424,eMBB,11.845120193762034
1425,eMBB,10.065019454385547
1426,eMBB,9.164596873383843
1427,eMBB,10.799428861913047
1428,eMBB,10.59065817570636
1429,eMBB,11.237330165603236
1430,eMBB,10.660183949240029
1431,eMBB,10.10774565101525
1432,eMBB,9.671594762623998
1433,eMBB,10.590206888240544
1434,eMBB,6.70424755778328
1435,eMBB,10.821450738890228
1436,eMBB,12.885581421403431
1437,eMBB,9.329175418642194
1438,eMBB,10.862637937917876
1439,eMBB,11.276930246861301
1440,eMBB,10.986707055091724
1441,eMBB,9.057530839616083
1442,eMBB,9.113549529101238
1443,eMBB,13.037434553118931
1444,eMBB,13.119191099022888
1445,eMBB,8.71918726601505
1446,eMBB,11.395091175983262
1447,eMBB,10.783283824373143
1448,eMBB,8.88881648391773
1449,eMBB,11.471178656734756
1450,eMBB,11.857339188906067
1451,eMBB,10.939377910737312
1452,eMBB,12.058414342709433
1453,eMBB,10.265286980205945
1454,eMBB,9.779662015283582
1455,eMBB,11.399417153052731
1456,eMBB,11.179922334458901
1457,eMBB,9.694403849428763
1458,eMBB,7.354401494283266
1459,eMBB,9.889158946116357
1460,eMBB,8.284757737123993
1461,eMBB,9.216034405381677
1462,eMBB,10.03386980049729
1463,eMBB,11.788491097056943
1464,eMBB,8.734218335040373
1465,eMBB,10.975708843011779
1466,eMBB,12.069955379614496
1467,eMBB,9.795972704787381
1468,eMBB,10.17425149167108
1469,eMBB,10.034397455299844
1470,eMBB,12.96098799845643
1471,eMBB,10.754738418523237
1472,eMBB,10.301334511732327
1473,eMBB,12.935359951020843
1474,eMBB,10.661191543096793
1475,eMBB,11.562581506892695
1476,eMBB,11.979187159993728
1477,eMBB,10.857683815016337
1478,eMBB,11.552309176489233
1479,eMBB,11.584134328827563
1480,eMBB,11.068691636511996
1481,eMBB,10.068562466928915
1482,eMBB,10.065404535482738
1483,eMBB,9.469662604316884
1484,eMBB,9.708293863710837
1485,eMBB,10.37725999671205
1486,eMBB,9.642576147113397
1487,eMBB,11.293779541981982
1488,eMBB,11.44805669355171
1489,eMBB,11.441577048126618
1490,eMBB,11.360718909891062
1491,eMBB,8.818912432003653
1492,eMBB,11.160479893713454
1493,eMBB,10.840386835071007
1494,eMBB,11.642354537459157
1495,eMBB,10.93011897461707
1496,eMBB,10.064945396419962
1497,eMBB,9.77862909210521
1498,eMBB,9.764943603221552
1499,eMBB,12.09964628659707
1500,eMBB,10.204614958810156
1501,eMBB,12.201240691701889
1502,eMBB,10.571173369821564
1503,eMBB,9.802590446975278
1504,eMBB,12.323564095222231
1505,eMBB,12.631380509429333
1506,eMBB,8.893012648759479
1507,eMBB,10.752998090576702
1508,eMBB,11.637417423164043
1509,eMBB,13.02210990728661
1510,eMBB,10.147963243860174
1511,eMBB,9.69435142523387
1512,eMBB,10.925150017837032
1513,eMBB,11.654254516281064
1514,eMBB,10.871533913633595
1515,eMBB,10.130388111432971
1516,eMBB,8.884820156307237
1517,eMBB,11.12953463524046
1518,eMBB,10.646894307448068
1519,eMBB,10.160550980869353
1520,eMBB,12.114871043493949
1521,eMBB,9.826975393477024
1522,eMBB,9.739058416883015
1523,eMBB,11.527764497987897
1524,eMBB,11.707067859972662
1525,eMBB,13.196893696774145
1526,eMBB,11.300997972204334
1527,eMBB,11.711288589201544
1528,eMBB,11.610848299717565
1529,eMBB,11.277000459003384
1530,eMBB,9.81314705736632
1531,eMBB,12.918047589180913
1532,eMBB,9.39364198784012
1533,eMBB,10.157778559049156
1534,eMBB,10.721920756063675
1535,eMBB,11.233324874147833
1536,eMBB,11.827252485823422
1537,eMBB,10.060685673409305
1538,eMBB,12.319093592600087
1539,eMBB,10.312325653016869
1540,eMBB,11.062494319799402
1541,eMBB,9.645790289135226
1542,eMBB,10.380881732139727
1543,eMBB,10.761250589518047
1544,eMBB,10.491044064977933
1545,eMBB,9.210764356476803
1546,eMBB,10.824143484637634
1547,eMBB,11.38676667316092
1548,eMBB,10.469370868958295
1549,eMBB,11.508744523099269
1550,eMBB,9.604980959498743
1551,eMBB,12.532326177702743
1552,eMBB,11.994377727580222
1553,eMBB,9.49668746508042
1554,eMBB,9.195699389436392
1555,eMBB,6.98969106201495
1556,eMBB,11.90987654250775
1557,eMBB,11.080377054510711
1558,eMBB,9.868006669226226
1559,eMBB,10.555225324024333
1560,eMBB,10.708991701050312
1561,eMBB,9.022833960192235
1562,eMBB,9.194271834986543
1563,eMBB,7.097806928496955
1564,eMBB,10.20309363471431
1565,eMBB,10.090965274903594
1566,eMBB,12.432263204872694
1567,eMBB,11.011984646390703
1568,eMBB,12.297882156078416
1569,eMBB,9.794385076088345
1570,eMBB,9.492936922435772
1571,eMBB,10.272417946048124
1572,eMBB,11.272570775543668
1573,eMBB,10.6300152681965
1574,eMBB,11.143472289041066
1575,eMBB,11.408347271055275
1576,eMBB,7.4968489964837115
1577,eMBB,10.370033205579592
1578,eMBB,10.137157948685152
1579,eMBB,8.998443294130746
1580,eMBB,11.37708040703084
1581,eMBB,8.388673120106397
1582,eMBB,10.322741091219566
1583,eMBB,9.540141119971805
1584,eMBB,8.826478009374831
1585,eMBB,10.150377437316767
1586,eMBB,10.491461043822333
1587,eMBB,11.190940028470788
1588,eMBB,11.964472332425796
1589,eMBB,10.022046650570708
1590,eMBB,12.272950260396335
1591,eMBB,11.73038104158062
1592,eMBB,12.192132252047655
1593,eMBB,9.497282609209497
1594,eMBB,13.484253065205747
1595,eMBB,10.753361846103031
1596,eMBB,12.45695416372651
1597,eMBB,11.007755979629117
1598,eMBB,9.96406841858179
1599,eMBB,10.556094984787597
1600,eMBB,12.030550712987342
1601,eMBB,11.509140774907568
1602,eMBB,10.143624787924143
1603,eMBB,9.778109399032646
1604,eMBB,10.403298924260609
1605,eMBB,11.080147607942026
1606,eMBB,11.980425319594838
1607,eMBB,11.402742878016674
1608,eMBB,11.96316889095384
1609,eMBB,11.092007927765199
1610,eMBB,10.550527077765175
1611,eMBB,10.297408156659987
1612,eMBB,9.332204764009415
1613,eMBB,9.470715845085346
1614,eMBB,10.487961996827629
1615,eMBB,8.984708709992375
1616,eMBB,10.177573974675024
1617,eMBB,10.08317148864333
1618,eMBB,11.609390787042237
1619,eMBB,11.543971935713007
1620,eMBB,10.649630496847182
1621,eMBB,11.168684248799146
1622,eMBB,9.20983609511006
1623,eMBB,9.50865795184921
1624,eMBB,12.38030150730036
1625,eMBB,10.471242031512626
1626,eMBB,10.171351205944205
1627,eMBB,8.751226186943295
1628,eMBB,13.30395236187778
1629,eMBB,9.77072573212534
1630,eMBB,11.671114445176839
1631,eMBB,10.90413563999944
1632,eMBB,8.03975976944074
1633,eMBB,15.16360131177383
1634,eMBB,9.393169199338
1635,eMBB,10.566603384363898
1636,eMBB,11.284168696805185
1637,eMBB,9.65825539489189
1638,eMBB,12.298565502162187
1639,eMBB,9.728411459914584
1640,eMBB,9.83262406285541
1641,eMBB,12.39965348414921
1642,eMBB,8.917727506568573
1643,eMBB,10.332097521555323
1644,eMBB,12.55467715970816
1645,eMBB,7.632091295614275
1646,eMBB,10.839424904162195
1647,eMBB,9.930760872886264
1648,eMBB,8.589937144661498
1649,eMBB,10.547313602588968
1650,eMBB,11.561070908081268
1651,eMBB,9.399477248505578
1652,eMBB,10.114550502262277
1653,eMBB,9.69882319048324
1654,eMBB,9.756160956949508
1655,eMBB,10.026302650675948
1656,eMBB,10.761946513510377
1657,eMBB,9.918432237577203
1658,eMBB,9.079488418833071
1659,eMBB,8.095861085548538
1660,eMBB,13.109574229989294
1661,eMBB,10.012637293181541
1662,eMBB,9.78395138841077
1663,eMBB,11.888340381972244
1664,eMBB,9.68305142806825
1665,eMBB,11.08594969537767
1666,eMBB,9.911447771935062
1667,eMBB,9.6414453444161
1668,eMBB,12.791355950624881
1669,eMBB,10.951558414090544
1670,eMBB,10.697801477069936
1671,eMBB,10.704896427445455
1672,eMBB,11.458983626807857
1673,eMBB,10.391853634152477
1674,eMBB,9.801233023940059
1675,eMBB,11.868824613044612
1676,eMBB,12.67254378723408
1677,eMBB,7.955388071734953
1678,eMBB,9.666562350892079
1679,eMBB,8.501809593081948
1680,eMBB,11.072850380541
1681,eMBB,10.64420880795036
1682,eMBB,9.854548723785419
1683,eMBB,8.851592030670508
1684,eMBB,11.212695596900419
1685,eMBB,10.7042629786245
1686,eMBB,12.51940735704919
1687,eMBB,9.978652229861357
1688,eMBB,8.441138501153787
1689,eMBB,10.16990145955891
1690,eMBB,11.610260908791451
1691,eMBB,11.123243490102826
1692,eMBB,9.818859235887336
1693,eMBB,13.719643534779708
1694,eMBB,9.997524833108328
1695,eMBB,9.55923425296913
1696,eMBB,10.91610999972451
1697,eMBB,10.977568597583895
1698,eMBB,10.878472086068886
1699,eMBB,11.523285487001344
1700,eMBB,11.493725831002063
1701,eMBB,10.462990058294348
1702,eMBB,10.571048245193438
1703,eMBB,10.062634512484706
1704,eMBB,9.716289709549454
1705,eMBB,10.53908490756539
1706,eMBB,10.588104420790449
1707,eMBB,8.146457754249772
1708,eMBB,12.808072311037682
1709,eMBB,9.156604060118022
1710,eMBB,9.502496791184148
1711,eMBB,12.128444963361778
1712,eMBB,8.40200230742166
1713,eMBB,10.958720837463115
1714,eMBB,11.286354676959503
1715,eMBB,10.644728808213463
1716,eMBB,10.64362440980073
1717,eMBB,10.165594803089823
1718,eMBB,10.311647206541329
1719,eMBB,11.698995546445099
1720,eMBB,8.264560424241939
1721,eMBB,10.615947418515423
1722,eMBB,8.052377742295297
1723,eMBB,9.420636996404513
1724,eMBB,9.856193526808955
1725,eMBB,11.63388380363077
1726,eMBB,10.262115109022462
1727,eMBB,10.419047716497001
1728,eMBB,12.495169961767152
1729,eMBB,8.813073558674281
1730,eMBB,12.731239771140688
1731,eMBB,9.672052028701488
1732,eMBB,9.262436395565867
1733,eMBB,10.460218744701175
1734,eMBB,10.248678394177732
1735,eMBB,10.59180630251607
1736,eMBB,9.632902883696692
1737,eMBB,10.57426392978017
1738,eMBB,11.552896352027691
1739,eMBB,11.517276581200608
1740,eMBB,12.118993204721608
1741,eMBB,11.32202489541585
1742,eMBB,11.092175073941043
1743,eMBB,9.824123424260197
1744,eMBB,12.85823668988535
1745,eMBB,10.108430575135708
1746,eMBB,10.390171453442926
1747,eMBB,11.51729170601655
1748,eMBB,11.846787679481148
1749,eMBB,10.040724322449066
1750,eMBB,10.657415395227218
1751,eMBB,9.376507190781252
1752,eMBB,12.387780976678592
1753,eMBB,10.843714394154578
1754,eMBB,11.119798644700008
1755,eMBB,13.524943689037189
1756,eMBB,13.025923117952393
1757,eMBB,9.945100713866045
1758,eMBB,9.693754022030156
1759,eMBB,10.47027704276106
1760,eMBB,10.753856106811476
1761,eMBB,9.490293473208958
1762,eMBB,11.947948705687688
1763,eMBB,11.685955537086897
1764,eMBB,9.769112508150952
1765,eMBB,11.824126238320298
1766,eMBB,11.269297686248773
1767,eMBB,10.787967181358322
1768,eMBB,10.159944247892318
1769,eMBB,10.193901158299873
1770,eMBB,11.167525870462919
1771,eMBB,10.902247960282283
1772,eMBB,10.593910227484944
1773,eMBB,10.907569533168681
1774,eMBB,8.951937270770546
1775,eMBB,8.974567665813698
1776,eMBB,10.70940651590408
1777,eMBB,9.757075216674973
1778,eMBB,10.56454064333733
1779,eMBB,11.17416022527225
1780,eMBB,10.512598400728828
1781,eMBB,10.161174440781396
1782,eMBB,9.785212267339075
1783,eMBB,12.873404972234212
1784,eMBB,10.75554524696489
1785,eMBB,13.08729831276514
1786,eMBB,9.96345012307555
1787,eMBB,11.17739127143854
1788,eMBB,11.747634182286207
1789,eMBB,11.128715892126843
1790,eMBB,10.06482383428019
1791,eMBB,10.086580222133101
1792,eMBB,9.69440315585602
1793,eMBB,11.44903079945031
1794,eMBB,12.174812466210806
1795,eMBB,11.892779256274842
1796,eMBB,12.799497005297189
1797,eMBB,11.870943628310416
1798,eMBB,9.553892933376325
1799,eMBB,11.81242910836303
1800,eMBB,9.176868495411693
1801,eMBB,8.795456402006844
1802,eMBB,12.957280236191231
1803,eMBB,8.427962161690628
1804,eMBB,10.257906785834653
1805,eMBB,11.471740662553184
1806,eMBB,10.350466184643516
1807,eMBB,10.693402236569485
1808,eMBB,9.956675550403716
1809,eMBB,10.090785021791605
1810,eMBB,8.95493560066205
1811,eMBB,11.004161412422315
1812,eMBB,13.041931929523063
1813,eMBB,8.905652215712626
1814,eMBB,10.636148961345839
1815,eMBB,11.91484581563788
1816,eMBB,10.627032358321937
1817,eMBB,11.253457877576274
1818,eMBB,8.296969400167045
1819,eMBB,10.709190557783442
1820,eMBB,11.612032256020028
1821,eMBB,9.515960688342131
1822,eMBB,10.996296096126581
1823,eMBB,11.296250798023129
1824,eMBB,9.170364520644476
1825,eMBB,10.518547830886256
1826,eMBB,10.953829900263202
1827,eMBB,11.613273512717608
1828,eMBB,10.785192456636757
1829,eMBB,9.715516003697928
1830,eMBB,10.303356484140059
1831,eMBB,11.018477766997368
1832,eMBB,10.15197712186546
1833,eMBB,9.789978670243169
1834,eMBB,12.523140625206535
1835,eMBB,10.071240415517035
1836,eMBB,12.058633576156003
1837,eMBB,10.875762584528472
1838,eMBB,9.337040145347228
1839,eMBB,9.289221459721716
1840,eMBB,7.7492554007350405
1841,eMBB,11.178544872683462
1842,eMBB,10.38933639416951
1843,eMBB,10.536377878368288
1844,eMBB,10.951746875750446
1845,eMBB,9.816716724464571
1846,eMBB,9.6825860845766
1847,eMBB,11.80105796697879
1848,eMBB,10.46570114940926
1849,eMBB,11.565869629906175
1850,eMBB,10.128664302757414
1851,eMBB,10.980576919202663
1852,eMBB,9.904579089661603
1853,eMBB,12.811010410199897
1854,eMBB,10.774425390552619
1855,eMBB,11.620858097592455
1856,eMBB,10.36397118724809
1857,eMBB,9.5947646991442
1858,eMBB,7.394915086653013
1859,eMBB,9.461912248179413
1860,eMBB,10.870550745332
1861,eMBB,9.261642746103025
1862,eMBB,11.029963275253364
1863,eMBB,10.988070924329392
1864,eMBB,9.985603358746912
1865,eMBB,8.552964899062339
1866,eMBB,12.539461924349645
1867,eMBB,12.429655629251037
1868,eMBB,10.918123111598476
1869,eMBB,10.796716672706944
1870,eMBB,10.257037560944017
1871,eMBB,10.643466071666142
1872,eMBB,12.158395395490784
1873,eMBB,12.325055868969311
1874,eMBB,9.132573355614023
1875,eMBB,10.389260108693883
1876,eMBB,9.186760977747703
1877,eMBB,8.781516538622649
1878,eMBB,11.536003432766874
1879,eMBB,10.586434802706368
1880,eMBB,8.923436403283056
1881,eMBB,9.534261038986832
1882,eMBB,10.599075860720585
1883,eMBB,10.413785015866162
1884,eMBB,8.425444201121001
1885,eMBB,10.764713095043387
1886,eMBB,10.36314230145288
1887,eMBB,11.080222900701251
1888,eMBB,10.123556065526483
1889,eMBB,11.192004761796039
1890,eMBB,10.279589636425023
1891,eMBB,11.668546175345853
1892,eMBB,8.09780662505328
1893,eMBB,10.931853409512671
1894,eMBB,10.280025532338884
1895,eMBB,12.062295249531509
1896,eMBB,13.235336303566225
1897,eMBB,9.772560412587248
1898,eMBB,11.16045292704116
1899,eMBB,10.062706676013253
1900,eMBB,9.804252251347982
1901,eMBB,8.76955105309321
1902,eMBB,10.712967106319686
1903,eMBB,10.249916816550046
1904,eMBB,11.811253558140812
1905,eMBB,12.623594080226496
1906,eMBB,11.518325569938137
1907,eMBB,9.567340433220966
1908,eMBB,10.857920841648502
1909,eMBB,11.541016608329578
1910,eMBB,10.21668020120988
1911,eMBB,11.125255894914346
1912,eMBB,8.769498323594716
1913,eMBB,11.071930864942374
1914,eMBB,10.100811108758062
1915,eMBB,9.20085025162701
1916,eMBB,11.173716034381645
1917,eMBB,10.928126888096477
1918,eMBB,9.898907539150532
1919,eMBB,12.489667623472092
1920,eMBB,10.025919344161677
1921,eMBB,10.904524546972176
1922,eMBB,10.690544706632915
1923,eMBB,9.94768729956845
1924,eMBB,11.484386062836876
1925,eMBB,10.296063518720521
1926,eMBB,11.35129022841806
1927,eMBB,11.060796700471768
1928,eMBB,12.743480092695945
1929,eMBB,10.64302915467313
1930,eMBB,9.497069011587636
1931,eMBB,11.122679612831975
1932,eMBB,12.598170767454219
1933,eMBB,10.856344466846602
1934,eMBB,11.639735919771088
1935,eMBB,10.253751317889328
1936,eMBB,9.639419595350827
1937,eMBB,13.217143595626936
1938,eMBB,11.128941249632543
1939,eMBB,11.735034288262295
1940,eMBB,11.956333590794179
1941,eMBB,12.224896590858945
1942,eMBB,9.744323132740623
1943,eMBB,9.55440083267652
1944,eMBB,11.070089187206822
1945,eMBB,10.930958811612768
1946,eMBB,11.286515064846899
1947,eMBB,9.804646150684295
1948,eMBB,10.346386579304992
1949,eMBB,10.085673287475124
1950,eMBB,10.901592224661126
1951,eMBB,10.051562831129816
1952,eMBB,10.262463754928977
1953,eMBB,13.813155681156823
1954,eMBB,12.045256516458412
1955,eMBB,11.865723609604299
1956,eMBB,10.902826594344342
1957,eMBB,9.887920702471323
1958,eMBB,8.388367570514411
1959,eMBB,9.451948709553095
1960,eMBB,9.699797719151938
1961,eMBB,10.556933180195067
1962,eMBB,11.088392111309698
1963,eMBB,7.623697637705119
1964,eMBB,10.653080456072168
1965,eMBB,10.274796533906613
1966,eMBB,12.02102267873985
1967,eMBB,11.80532846088865
1968,eMBB,10.472341407628596
1969,eMBB,11.274596164254385
1970,eMBB,11.466189703280605
1971,eMBB,12.523618584200326
1972,eMBB,11.31705978670523
1973,eMBB,11.554019142468615
1974,eMBB,10.373457080909095
1975,eMBB,9.573926724411619
1976,eMBB,11.01613125480146
1977,eMBB,10.161136761940472
1978,eMBB,9.300941639179698
1979,eMBB,12.67860423927758
1980,eMBB,11.48545367953585
1981,eMBB,11.932012469718783
1982,eMBB,11.512283942824793
1983,eMBB,9.603663585327377
1984,eMBB,9.610794518903635
1985,eMBB,11.29178135594906
1986,eMBB,8.219300137171446
1987,eMBB,10.125901801957948
1988,eMBB,11.508619948170677
1989,eMBB,11.953831406900713
1990,eMBB,9.024149092741782
1991,eMBB,11.912004451837419
1992,eMBB,10.310284467796937
1993,eMBB,11.075355679699127
1994,eMBB,10.92565773083429
1995,eMBB,9.716238270633307
1996,eMBB,12.189727979035911
1997,eMBB,10.127163426482655
1998,eMBB,11.661693986019769
1999,eMBB,9.476016550862658
0,mMTC,0.0
1,mMTC,0.0
2,mMTC,0.243120001461969
3,mMTC,0.3009561787114211
4,mMTC,0.2867740630938552
5,mMTC,0.2930267016440279
6,mMTC,0.2887361773240022
7,mMTC,0.28923935392728783
8,mMTC,0.28808521796185976
9,mMTC,0.28963136733937567
10,mMTC,0.2876928957972871
11,mMTC,0.2867842626894599
12,mMTC,0.2925321351791967
13,mMTC,0.2878097632632218
14,mMTC,0.2838594726087173
15,mMTC,0.28880996074553994
16,mMTC,0.2923789821437716
17,mMTC,0.2915537677608519
18,mMTC,0.28950258596828315
19,mMTC,0.2914932919804987
20,mMTC,0.28769346689768743
21,mMTC,0.2870487584690866
22,mMTC,0.29322184716839556
23,mMTC,0.2880871743063887
24,mMTC,0.29139800327505017
25,mMTC,0.2892757496406252
26,mMTC,0.28730559208227996
27,mMTC,0.2902762240410853
28,mMTC,0.28514442081035773
29,mMTC,0.2905065285654062
30,mMTC,0.2934618648400783
31,mMTC,0.2908643374420457
32,mMTC,0.2894417297632928
33,mMTC,0.2888672315830638
34,mMTC,0.29024827126738795
35,mMTC,0.29155457352279296
36,mMTC,0.28938069960672785
37,mMTC,0.29128276125797925
38,mMTC,0.2929638978778738
39,mMTC,0.29157787353502157
40,mMTC,0.289006003355326
41,mMTC,0.2864100697575183
42,mMTC,0.28665846888612245
43,mMTC,0.28495746813682554
44,mMTC,0.2892833070041836
45,mMTC,0.28962319432935546
46,mMTC,0.2900478620581168
47,mMTC,0.28576599378226564
48,mMTC,0.2886689781943875
49,mMTC,0.2924505879723683
50,mMTC,0.2904686700407288
51,mMTC,0.29005077634255755
52,mMTC,0.2928166635280111
53,mMTC,0.2870186948131033
54,mMTC,0.2894755914734466
55,mMTC,0.28852329904415996
56,mMTC,0.29011366209608463
57,mMTC,0.286205384541092
58,mMTC,0.2880407027522302
59,mMTC,0.2914223941977125
60,mMTC,0.2927723296258738
61,mMTC,0.29107566726064876
62,mMTC,0.2901213919750164
63,mMTC,0.29133122505334946
64,mMTC,0.28815332373831837
65,mMTC,0.2873674628144205
66,mMTC,0.287339110512062
67,mMTC,0.29287981183040085
68,mMTC,0.2873120870752222
69,mMTC,0.28950373589070044
70,mMTC,0.2846744082141059
71,mMTC,0.28669086762911117
72,mMTC,0.2910918763250382
73,mMTC,0.29004664338362574
74,mMTC,0.2903562882860434
75,mMTC,0.28931253657072803
76,mMTC,0.2944661167168277
77,mMTC,0.28904826109973886
78,mMTC,0.28839954476897767
79,mMTC,0.29186938027820053
80,mMTC,0.2933644063917011
81,mMTC,0.28853980630573095
82,mMTC,0.2889204320169702
83,mMTC,0.2922715685164096
84,mMTC,0.2900211093008321
85,mMTC,0.28805655511829403
86,mMTC,0.2933966530705236
87,mMTC,0.28792805985324355
88,mMTC,0.2878712371496816
89,mMTC,0.287444661926983
90,mMTC,0.2907930574075419
91,mMTC,0.28618870581693395
92,mMTC,0.28945305757246614
93,mMTC,0.293822500222585
94,mMTC,0.2934629862824052
95,mMTC,0.2876799000618614
96,mMTC,0.28963752072521604
97,mMTC,0.28929270118167233
98,mMTC,0.29173424015849875
99,mMTC,0.28644312905083336
100,mMTC,0.28431057344854677
101,mMTC,0.290696385950596
102,mMTC,0.2909974802334278
103,mMTC,0.2828152415731491
104,mMTC,0.2926046240302525
105,mMTC,0.29139726598439125
106,mMTC,0.293714895622347
107,mMTC,0.2924832508504115
108,mMTC,0.29190721044967943
109,mMTC,0.29004385994594817
110,mMTC,0.290507661500527
111,mMTC,0.29148397774574775
112,mMTC,0.285637819198534
113,mMTC,0.2905170913633327
114,mMTC,0.2890295161110234
115,mMTC,0.28758013179655534
116,mMTC,0.29180952112547776
117,mMTC,0.28847902240847967
118,mMTC,0.2941225486512084
119,mMTC,0.29221927292941074
120,mMTC,0.2852155732237639
121,mMTC,0.2942822461534188
122,mMTC,0.28970061125192625
123,mMTC,0.28774104356337493
124,mMTC,0.28969242238484316
125,mMTC,0.2899520278983554
126,mMTC,0.28538964741256156
127,mMTC,0.28892813484025065
128,mMTC,0.28617170342694825
129,mMTC,0.2933680696817671
130,mMTC,0.28957414963143097
131,mMTC,0.2875471641228267
132,mMTC,0.2869690702643602
133,mMTC,0.2881447274246745
134,mMTC,0.2910365442523067
135,mMTC,0.2868094093230005
136,mMTC,0.2876567952286145
137,mMTC,0.28490003897061056
138,mMTC,0.288507775827995
139,mMTC,0.29105762931689333
140,mMTC,0.28791781293109125
141,mMTC,0.2937241779000009
142,mMTC,0.2894309693510324
143,mMTC,0.2879975107526868
144,mMTC,0.2927567311952196
145,mMTC,0.28632563062594574
146,mMTC,0.2826232396374773
147,mMTC,0.28625705270684054
148,mMTC,0.28636597348067055
149,mMTC,0.2875676405344942
150,mMTC,0.2924959021585674
151,mMTC,0.2879575091735791
152,mMTC,0.29333866235310996
153,mMTC,0.2896052999781251
154,mMTC,0.28986109018125394
155,mMTC,0.2906993215777645
156,mMTC,0.288971169604263
157,mMTC,0.2873071583552563
158,mMTC,0.28649916481428456
159,mMTC,0.28660563204382067
160,mMTC,0.2885137948827994
161,mMTC,0.29401135643259796
162,mMTC,0.28718836557545163
163,mMTC,0.28492408986362033
164,mMTC,0.28825943154125283
165,mMTC,0.2869963335307254
166,mMTC,0.2853623683925173
167,mMTC,0.2933751588313959
168,mMTC,0.28856066935861774
169,mMTC,0.2910209092000074
170,mMTC,0.2919725165258049
171,mMTC,0.28823958833967017
172,mMTC,0.2860423197253356
173,mMTC,0.28590127747078586
174,mMTC,0.28865159296258114
175,mMTC,0.29218774797685093
176,mMTC,0.2904907082113277
177,mMTC,0.28920034567280184
178,mMTC,0.29109712033927243
179,mMTC,0.2939068288152233
180,mMTC,0.2913146727382507
181,mMTC,0.2894627084526643
182,mMTC,0.2916235143159348
183,mMTC,0.2926677407574391
184,mMTC,0.29332566365345697
185,mMTC,0.2873306011361467
186,mMTC,0.2931543948170611
187,mMTC,0.2909162173124984
188,mMTC,0.28489197628609036
189,mMTC,0.29142892836766526
190,mMTC,0.29381994523870364
191,mMTC,0.2874213887968973
192,mMTC,0.2905292074199788
193,mMTC,0.28969648431650896
194,mMTC,0.2882774169641115
195,mMTC,0.28709345859423235
196,mMTC,0.29068255258841486
197,mMTC,0.2913866369150735
198,mMTC,0.28772512078114076
199,mMTC,0.2924287391390736
200,mMTC,0.29134234238202195
201,mMTC,0.28833785131620177
202,mMTC,0.2903785404745767
203,mMTC,0.2900600686233291
204,mMTC,0.28715453539839575
205,mMTC,0.29241348823063223
206,mMTC,0.28811591439466766
207,mMTC,0.2894628536323441
208,mMTC,0.2891327334385365
209,mMTC,0.2917722995841351
210,mMTC,0.28546268670100794
211,mMTC,0.2859867305402036
212,mMTC,0.28756644612216226
213,mMTC,0.28933603988436113
214,mMTC,0.2847506187261713
215,mMTC,0.2897987424818086
216,mMTC,0.29004951716979477
217,mMTC,0.2843189322413851
218,mMTC,0.29314690498609286
219,mMTC,0.28818254308465413
220,mMTC,0.29537164469936666
221,mMTC,0.29063328845236197
222,mMTC,0.28633208564771967
223,mMTC,0.29000096090024335
224,mMTC,0.29155501379712345
225,mMTC,0.29488800600236814
226,mMTC,0.28759416508941954
227,mMTC,0.29156150877780806
228,mMTC,0.2887454580948566
229,mMTC,0.28830924537547786
230,mMTC,0.2897439582707234
231,mMTC,0.28759176198963476
232,mMTC,0.2928651693595967
233,mMTC,0.290893640782469
234,mMTC,0.2917902181257287
235,mMTC,0.2918787228946217
236,mMTC,0.291835113512042
237,mMTC,0.29446854607892425
238,mMTC,0.29246597653437983
239,mMTC,0.28323829379253107
240,mMTC,0.28942261660191543
241,mMTC,0.28689761285430226
242,mMTC,0.28924505171357134
243,mMTC,0.2941462507104201
244,mMTC,0.2951356516162605
245,mMTC,0.29074990300841447
246,mMTC,0.2885709832360702
247,mMTC,0.289866060962899
248,mMTC,0.2939031106811402
249,mMTC,0.2954583581096701
250,mMTC,0.2863897505524231
251,mMTC,0.28964365373917983
252,mMTC,0.28987754160537693
253,mMTC,0.2872475068076647
254,mMTC,0.2929056739997666
255,mMTC,0.2905904196760535
256,mMTC,0.2914360599334732
257,mMTC,0.28795926108149433
258,mMTC,0.28752512799049573
259,mMTC,0.2924512644387652
260,mMTC,0.29257878574747714
261,mMTC,0.29101379733281346
262,mMTC,0.2864774172295596
263,mMTC,0.2893861961424525
264,mMTC,0.2877274002617302
265,mMTC,0.2884285878913712
266,mMTC,0.29068560052309167
267,mMTC,0.28989033674156
268,mMTC,0.28624177989802724
269,mMTC,0.2871562106870065
270,mMTC,0.29241590618328356
271,mMTC,0.29195654237976904
272,mMTC,0.28555433699409305
273,mMTC,0.28953434856141685
274,mMTC,0.2899358712980903
275,mMTC,0.29303878981211207
276,mMTC,0.29500751204173487
277,mMTC,0.28842015316240244
278,mMTC,0.29225722401233517
279,mMTC,0.29088237919059456
280,mMTC,0.2886251557992822
281,mMTC,0.2933968573873146
282,mMTC,0.28517938270502324
283,mMTC,0.28945492586102217
284,mMTC,0.29051285432294904
285,mMTC,0.2929477039779488
286,mMTC,0.296203765290402
287,mMTC,0.2917488352177101
288,mMTC,0.29048855929733475
289,mMTC,0.28758690770228673
290,mMTC,0.28865206023374856
291,mMTC,0.28713233557281703
292,mMTC,0.2879363391548028
293,mMTC,0.29009152933380844
294,mMTC,0.29160467778498766
295,mMTC,0.2885834904897087
296,mMTC,0.287559440562878
297,mMTC,0.2867059663971799
298,mMTC,0.2912052963755402
299,mMTC,0.2912150817127684
300,mMTC,0.2937602271720013
301,mMTC,0.2882908973820949
302,mMTC,0.2872809507206537
303,mMTC,0.2855529468333794
304,mMTC,0.2873904848422115
305,mMTC,0.28743566896013323
306,mMTC,0.2899383854791532
307,mMTC,0.2922030742351827
308,mMTC,0.29029272369827896
309,mMTC,0.28938128571273397
310,mMTC,0.2895748567372019
311,mMTC,0.2914254064853724
312,mMTC,0.2898557287948026
313,mMTC,0.2855221070613472
314,mMTC,0.28967888546953996
315,mMTC,0.2880240619975386
316,mMTC,0.289653108261706
317,mMTC,0.28954038949050426
318,mMTC,0.28893498433247833
319,mMTC,0.29191423563948093
320,mMTC,0.2962476430552785
321,mMTC,0.2928840034160482
322,mMTC,0.28870154622604
323,mMTC,0.28928449988032884
324,mMTC,0.28548012006010787
325,mMTC,0.29038279846222137
326,mMTC,0.28742278484215295
327,mMTC,0.29299721310534066
328,mMTC,0.2912144862555791
329,mMTC,0.2899719735289319
330,mMTC,0.2940876172651249
331,mMTC,0.28945957275335565
332,mMTC,0.2886247255614985
333,mMTC,0.28597770939355815
334,mMTC,0.28836739547970375
335,mMTC,0.2922010372430513
336,mMTC,0.2941114928894005
337,mMTC,0.2892649110338767
338,mMTC,0.2879709600928223
339,mMTC,0.29223800561533414
340,mMTC,0.2921620851344996
341,mMTC,0.28757797401134927
342,mMTC,0.28452874270321005
343,mMTC,0.29077959461511144
344,mMTC,0.29157857013598665
345,mMTC,0.2847345716467362
346,mMTC,0.28350137470402875
347,mMTC,0.2921684345358687
348,mMTC,0.2917781304876303
349,mMTC,0.2925847681385996
350,mMTC,0.29340898261038445
351,mMTC,0.2911783187179329
352,mMTC,0.286106732279155
353,mMTC,0.28651239811387597
354,mMTC,0.2894769470873277
355,mMTC,0.28843310052327203
356,mMTC,0.2909213043935732
357,mMTC,0.28755493528565573
358,mMTC,0.287448688922571
359,mMTC,0.28856506301593143
360,mMTC,0.2877256042231289
361,mMTC,0.28933549190759716
362,mMTC,0.28936465007347006
363,mMTC,0.29264832033423943
364,mMTC,0.2877746765929359
365,mMTC,0.2906467558299183
366,mMTC,0.2947520359153417
367,mMTC,0.29130021033285064
368,mMTC,0.28971758564620614
369,mMTC,0.286595005570808
370,mMTC,0.28591580282318685
371,mMTC,0.28729189088921137
372,mMTC,0.28803841516106055
373,mMTC,0.28674743261849417
374,mMTC,0.28451422837030443
375,mMTC,0.2904838782381327
376,mMTC,0.2905382360579777
377,mMTC,0.29398256815495893
378,mMTC,0.289385952908126
379,mMTC,0.29149403745529356
380,mMTC,0.2913672540939297
381,mMTC,0.2871795643595343
382,mMTC,0.28926721727191257
383,mMTC,0.2893501221417277
384,mMTC,0.29134101272728874
385,mMTC,0.29356256767845346
386,mMTC,0.2930760724777872
387,mMTC,0.2906125623815376
388,mMTC,0.2912772427422681
389,mMTC,0.29165990291421384
390,mMTC,0.2978347121740424
391,mMTC,0.2911773346838471
392,mMTC,0.28960535998149356
393,mMTC,0.29301250395114503
394,mMTC,0.28968577052098315
395,mMTC,0.289042294618677
396,mMTC,0.28802834561211366
397,mMTC,0.28935541111723084
398,mMTC,0.28876641254779756
399,mMTC,0.28974678668722065
400,mMTC,0.2890384556578653
401,mMTC,0.29047740908637165
402,mMTC,0.29122269017932373
403,mMTC,0.29144527476481075
404,mMTC,0.29333924351422647
405,mMTC,0.2891449681183403
406,mMTC,0.29602365081533544
407,mMTC,0.29031981109986477
408,mMTC,0.28943814940465057
409,mMTC,0.2916037547319447
410,mMTC,0.2864745026513113
411,mMTC,0.28624241887004137
412,mMTC,0.29221199906893497
413,mMTC,0.2856243248178887
414,mMTC,0.29284718029207796
415,mMTC,0.29415532156101454
416,mMTC,0.29551984671640386
417,mMTC,0.2904000648151418
418,mMTC,0.28470131019923384
419,mMTC,0.28847613369723246
420,mMTC,0.28991613976482455
421,mMTC,0.2922218217138657
422,mMTC,0.2912474308449933
423,mMTC,0.2910212884592929
424,mMTC,0.29262874214907997
425,mMTC,0.2898425844869811
426,mMTC,0.29251789491603836
427,mMTC,0.29329674354961544
428,mMTC,0.2875037815798354
429,mMTC,0.2870221282767404
430,mMTC,0.29410563758279196
431,mMTC,0.29136045651358367
432,mMTC,0.28636886631781183
433,mMTC,0.2910408445632959
434,mMTC,0.28757423884295163
435,mMTC,0.2866992547715607
436,mMTC,0.2870790012351859
437,mMTC,0.287433250616038
438,mMTC,0.2876430016152308
439,mMTC,0.28901055735954
440,mMTC,0.28807151071320725
441,mMTC,0.2859532827172379
442,mMTC,0.29217892645115634
443,mMTC,0.28951866574014745
444,mMTC,0.2920782896603692
445,mMTC,0.29165227805060373
446,mMTC,0.2863512615727454
447,mMTC,0.28398450080195425
448,mMTC,0.2852845340464118
449,mMTC,0.2848076935995163
450,mMTC,0.2865152828392825
451,mMTC,0.29260776759529017
452,mMTC,0.29165986339052163
453,mMTC,0.2868618949538112
454,mMTC,0.2915789306572729
455,mMTC,0.29036011673403767
456,mMTC,0.28788578632043965
457,mMTC,0.2870877128217517
458,mMTC,0.2902202035298344
459,mMTC,0.29192805006348455
460,mMTC,0.2858324821568276
461,mMTC,0.2863365193810507
462,mMTC,0.2892417262894712
463,mMTC,0.28883791178652346
464,mMTC,0.2917764437589983
465,mMTC,0.28778598017167295
466,mMTC,0.29290323728441836
467,mMTC,0.29507522474681946
468,mMTC,0.2902738204539381
469,mMTC,0.29213455564984814
470,mMTC,0.28708379465204015
471,mMTC,0.2865513599956943
472,mMTC,0.2908107358227773
473,mMTC,0.2894360601147165
474,mMTC,0.29034707097208834
475,mMTC,0.28884513333370365
476,mMTC,0.28811676314300766
477,mMTC,0.28738572019413033
478,mMTC,0.2884431447154666
479,mMTC,0.29087779448763795
480,mMTC,0.2890653487181486
481,mMTC,0.2868133316322049
482,mMTC,0.2915721676192821
483,mMTC,0.290230120328343
484,mMTC,0.28826877890702124
485,mMTC,0.2903044578459784
486,mMTC,0.2898103306803205
487,mMTC,0.29194174256289024
488,mMTC,0.29037173618727513
489,mMTC,0.28967640436113734
490,mMTC,0.29118037547586567
491,mMTC,0.2891140656341032
492,mMTC,0.28929780125705
493,mMTC,0.29029048850371253
494,mMTC,0.28985318558006457
495,mMTC,0.28513400874026884
496,mMTC,0.28596511512469414
497,mMTC,0.29534429811897406
498,mMTC,0.2886126385502724
499,mMTC,0.28859090243570007
500,mMTC,0.2897023955226847
501,mMTC,0.29005716635523354
502,mMTC,0.29106864370097835
503,mMTC,0.29110868854649863
504,mMTC,0.28536035305596646
505,mMTC,0.2928332288821792
506,mMTC,0.2897005649119182
507,mMTC,0.2905424636200584
508,mMTC,0.29157726992821326
509,mMTC,0.28648741029611946
510,mMTC,0.2850606387241996
511,mMTC,0.28720731965011015
512,mMTC,0.2903512787539259
513,mMTC,0.2886446886053539
514,mMTC,0.286921902886378
515,mMTC,0.28686773642645724
516,mMTC,0.29580484888018815
517,mMTC,0.29307373732549985
518,mMTC,0.29319912516753577
519,mMTC,0.29214564551620625
520,mMTC,0.2873571118578323
521,mMTC,0.28512895642929476
522,mMTC,0.2884977984761161
523,mMTC,0.2874591570668941
524,mMTC,0.29519780278692875
525,mMTC,0.2918307614142271
526,mMTC,0.291599416139634
527,mMTC,0.2919188887083062
528,mMTC,0.29432822058994673
529,mMTC,0.28477109105909815
530,mMTC,0.2877065194752357
531,mMTC,0.29529876017385653
532,mMTC,0.29190814530787884
533,mMTC,0.2908001385548139
534,mMTC,0.2931195012989562
535,mMTC,0.2906811460521932
536,mMTC,0.2902764143575331
537,mMTC,0.2896342635280728
538,mMTC,0.2920114967583261
539,mMTC,0.2922609606129422
540,mMTC,0.2891368545299408
541,mMTC,0.28749611609379233
542,mMTC,0.29128919928530095
543,mMTC,0.2877495156643276
544,mMTC,0.2860163006644423
545,mMTC,0.28721068207659345
546,mMTC,0.2918293800943491
547,mMTC,0.2912775484745281
548,mMTC,0.2878055538594736
549,mMTC,0.2888128349360637
550,mMTC,0.2854085352851099
551,mMTC,0.2892318221258053
552,mMTC,0.29360083826926076
553,mMTC,0.2914787872953398
554,mMTC,0.29021465084178044
555,mMTC,0.28500674227983047
556,mMTC,0.2868599937122109
557,mMTC,0.2897936295925743
558,mMTC,0.2889592323731947
559,mMTC,0.28894915315257225
560,mMTC,0.29221225734711187
561,mMTC,0.28778665587093105
562,mMTC,0.2889871118118045
563,mMTC,0.28567695638185575
564,mMTC,0.290433271988146
565,mMTC,0.2926202126086357
566,mMTC,0.2918795181145722
567,mMTC,0.28984302695186454
568,mMTC,0.2880142151434359
569,mMTC,0.28650182023573195
570,mMTC,0.28437778767542893
571,mMTC,0.28935884201431217
572,mMTC,0.2935087783838163
573,mMTC,0.287329864400023
574,mMTC,0.2861037720253128
575,mMTC,0.2900768295987191
576,mMTC,0.2892495974449455
577,mMTC,0.2855111997359326
578,mMTC,0.2872948636679546
579,mMTC,0.2893322150874968
580,mMTC,0.2909588834400279
581,mMTC,0.28977179052738705
582,mMTC,0.28642498961721674
583,mMTC,0.29264839538317494
584,mMTC,0.2902622262328023
585,mMTC,0.28849695088290284
586,mMTC,0.2881028644876729
587,mMTC,0.2883517201225016
588,mMTC,0.28851407226887965
589,mMTC,0.28746986468493024
590,mMTC,0.2938605862981829
591,mMTC,0.290712428433347
592,mMTC,0.2887398701279724
593,mMTC,0.28896884653000116
594,mMTC,0.2924658669414422
595,mMTC,0.29292278374498754
596,mMTC,0.29113455950090106
597,mMTC,0.28974656625535006
598,mMTC,0.2926231764689299
599,mMTC,0.29252670693131255
600,mMTC,0.2890640300229506
601,mMTC,0.2915805695111116
602,mMTC,0.292304907094409
603,mMTC,0.29330656989326737
604,mMTC,0.2884343083228367
605,mMTC,0.2868392973263709
606,mMTC,0.2873215314432112
607,mMTC,0.2877353044943065
608,mMTC,0.2863739534735687
609,mMTC,0.2932241071905417
610,mMTC,0.2916532219878971
611,mMTC,0.2880912674904195
612,mMTC,0.28861898497429067
613,mMTC,0.29084654510182123
614,mMTC,0.29003482080530396
615,mMTC,0.2882849827149561
616,mMTC,0.291425963511895
617,mMTC,0.2864395575891833
618,mMTC,0.2849636500230447
619,mMTC,0.2909400870698357
620,mMTC,0.2894199975641397
621,mMTC,0.2881014390331231
622,mMTC,0.2885791415637862
623,mMTC,0.2949917540865932
624,mMTC,0.29250819828109526
625,mMTC,0.2901254011913561
626,mMTC,0.28658958591106826
627,mMTC,0.2904833874438444
628,mMTC,0.2910736029152389
629,mMTC,0.28764518935813277
630,mMTC,0.29443266032417226
631,mMTC,0.287777041092118
632,mMTC,0.28671754354887696
633,mMTC,0.28928354300682046
634,mMTC,0.28645266870865327
635,mMTC,0.28481646797048454
636,mMTC,0.2913089728061567
637,mMTC,0.28828207428684377
638,mMTC,0.2899997362354751
639,mMTC,0.28826676146161045
640,mMTC,0.2902368046403122
641,mMTC,0.2881202916576968
642,mMTC,0.2860662230174297
643,mMTC,0.28606550926800384
644,mMTC,0.2933718181586035
645,mMTC,0.28726807366133883
646,mMTC,0.2901908850405176
647,mMTC,0.28997705031372184
648,mMTC,0.285397271501332
649,mMTC,0.28674146886202856
650,mMTC,0.29130024078944383
651,mMTC,0.29148462511327616
652,mMTC,0.28500655402875785
653,mMTC,0.29148009077740766
654,mMTC,0.2899439037967829
655,mMTC,0.2885788879207648
656,mMTC,0.29020109294982394
657,mMTC,0.28889467989446266
658,mMTC,0.2884466283410489
659,mMTC,0.2897342577847142
660,mMTC,0.2941019712826939
661,mMTC,0.28996923113869605
662,mMTC,0.292470485334671
663,mMTC,0.28527765652415576
664,mMTC,0.2926551667633712
665,mMTC,0.28697563861726694
666,mMTC,0.2866457991111482
667,mMTC,0.28940653371994735
668,mMTC,0.2884798891235575
669,mMTC,0.29170097116785393
670,mMTC,0.2917505839269568
671,mMTC,0.28919423747703504
672,mMTC,0.2895928967017477
673,mMTC,0.29002435184896386
674,mMTC,0.29364329865636285
675,mMTC,0.29468190699972513
676,mMTC,0.2896122989523868
677,mMTC,0.29286029237795236
678,mMTC,0.29021698401080326
679,mMTC,0.28908969750379254
680,mMTC,0.28976617755746215
681,mMTC,0.29292990266831737
682,mMTC,0.28925458263858606
683,mMTC,0.2872604333924235
684,mMTC,0.28801335504693104
685,mMTC,0.2877396030661505
686,mMTC,0.290451047298261
687,mMTC,0.2865379856006197
688,mMTC,0.28975104311880295
689,mMTC,0.29164442348053377
690,mMTC,0.2871228080596401
691,mMTC,0.28737392208787027
692,mMTC,0.28875360853178733
693,mMTC,0.2903431326784217
694,mMTC,0.28664199021361464
695,mMTC,0.2913845150887959
696,mMTC,0.295387441167358
697,mMTC,0.29140765913930033
698,mMTC,0.2893765659684771
699,mMTC,0.28518136702654395
700,mMTC,0.28759051676059233
701,mMTC,0.2891885833366649
702,mMTC,0.2855104960071002
703,mMTC,0.29207411509599224
704,mMTC,0.2969289064790064
705,mMTC,0.28960726359399586
706,mMTC,0.2866717672807409
707,mMTC,0.2878856138205335
708,mMTC,0.2927257849169445
709,mMTC,0.28833321139361545
710,mMTC,0.28678028602005406
711,mMTC,0.2923343059707831
712,mMTC,0.2927373765386568
713,mMTC,0.2902007270716179
714,mMTC,0.2887839820839037
715,mMTC,0.28836046407130467
716,mMTC,0.2820863760097339
717,mMTC,0.28911172249575995
718,mMTC,0.2908696780090432
719,mMTC,0.28626535719056834
720,mMTC,0.28932479570338887
721,mMTC,0.28846850946222613
722,mMTC,0.29325499882015843
723,mMTC,0.28662730722047725
724,mMTC,0.2873606518034502
725,mMTC,0.2879155475392042
726,mMTC,0.2887771206867627
727,mMTC,0.2905683371962917
728,mMTC,0.28827086492320075
729,mMTC,0.29060942257390315
730,mMTC,0.2864551750101082
731,mMTC,0.2851824615043751
732,mMTC,0.28813383222586275
733,mMTC,0.2905204103419683
734,mMTC,0.2910124167210295
735,mMTC,0.28399447862040417
736,mMTC,0.2858661750329234
737,mMTC,0.283422287615992
738,mMTC,0.285763828877072
739,mMTC,0.2952425399728499
740,mMTC,0.2924417649045861
741,mMTC,0.28917673170754393
742,mMTC,0.29050275843441953
743,mMTC,0.2923987477491221
744,mMTC,0.28676080951238475
745,mMTC,0.2880220316530737
746,mMTC,0.285904426126342
747,mMTC,0.28729283144726325
748,mMTC,0.29283685547093363
749,mMTC,0.2925578765557407
750,mMTC,0.2885469879113566
751,mMTC,0.2918351066416851
752,mMTC,0.2869093758154667
753,mMTC,0.2872660635664882
754,mMTC,0.292818343773999
755,mMTC,0.28939860887766705
756,mMTC,0.2915770687846259
757,mMTC,0.28535933592336266
758,mMTC,0.28825260436803646
759,mMTC,0.2878942727106694
760,mMTC,0.29122878920734957
761,mMTC,0.2941717897139723
762,mMTC,0.28839264863863123
763,mMTC,0.28619424919853464
764,mMTC,0.28784912727298817
765,mMTC,0.2911647761717877
766,mMTC,0.28753838620064504
767,mMTC,0.2931028769461306
768,mMTC,0.28730511076121573
769,mMTC,0.2906579310352865
770,mMTC,0.29072890742740864
771,mMTC,0.2933303952069976
772,mMTC,0.29030680613131865
773,mMTC,0.28719332364124656
774,mMTC,0.2860174765163002
775,mMTC,0.28532976940139954
776,mMTC,0.2906070967841235
777,mMTC,0.2887283442351889
778,mMTC,0.2920491467022029
779,mMTC,0.2930574187507414
780,mMTC,0.2932580586203764
781,mMTC,0.2897479852401642
782,mMTC,0.28889288440752997
783,mMTC,0.28741815014059524
784,mMTC,0.2914364731842247
785,mMTC,0.29362547672065265
786,mMTC,0.29194053409456505
787,mMTC,0.2921892242934751
788,mMTC,0.29166300371364157
789,mMTC,0.29113192803614596
790,mMTC,0.2903528821165345
791,mMTC,0.28459615432848717
792,mMTC,0.2888603570923054
793,mMTC,0.28954869304759223
794,mMTC,0.28933546825958345
795,mMTC,0.2871907255552249
796,mMTC,0.28910744715557934
797,mMTC,0.289836432196561
798,mMTC,0.2911804780422377
799,mMTC,0.2936267192143903
800,mMTC,0.28869546779283484
801,mMTC,0.2888352570530395
802,mMTC,0.29008302313019235
803,mMTC,0.29207611587294335
804,mMTC,0.2937064650261793
805,mMTC,0.29184438553008774
806,mMTC,0.29222008714184927
807,mMTC,0.29363862052107836
808,mMTC,0.2921964092710024
809,mMTC,0.28962410315332615
810,mMTC,0.28870535919356616
811,mMTC,0.292205721356162
812,mMTC,0.2898516876312863
813,mMTC,0.2910313850021253
814,mMTC,0.29206780835220636
815,mMTC,0.28990457009607556
816,mMTC,0.2887825948405065
817,mMTC,0.2937290894983195
818,mMTC,0.28654566039222706
819,mMTC,0.28535019132866357
820,mMTC,0.2908637848078029
821,mMTC,0.2921478735246319
822,mMTC,0.28877623523495044
823,mMTC,0.291656861912373
824,mMTC,0.2939167148861936
825,mMTC,0.2882491213923081
826,mMTC,0.2887220041585772
827,mMTC,0.2864966625148484
828,mMTC,0.29032937591617075
829,mMTC,0.29216817158516517
830,mMTC,0.28868245709800555
831,mMTC,0.2898228237251094
832,mMTC,0.28904912593792453
833,mMTC,0.29308045299514535
834,mMTC,0.2889355565249904
835,mMTC,0.2892045709306736
836,mMTC,0.28512667177234846
837,mMTC,0.28840940746856614
838,mMTC,0.2890768974047087
839,mMTC,0.2854091686838458
840,mMTC,0.2920309358783034
841,mMTC,0.28978634949297283
842,mMTC,0.29370235375594744
843,mMTC,0.29216269776083953
844,mMTC,0.28818012722793535
845,mMTC,0.2886198870819922
846,mMTC,0.28943358682574294
847,mMTC,0.295019356636167
848,mMTC,0.28748200407244884
849,mMTC,0.2881162092911929
850,mMTC,0.2862547841128246
851,mMTC,0.2877989418196119
852,mMTC,0.2832100465877822
853,mMTC,0.28395161778794015
854,mMTC,0.2919143167038186
855,mMTC,0.29190711210083975
856,mMTC,0.287750576223609
857,mMTC,0.2883747023517278
858,mMTC,0.2891726910595143
859,mMTC,0.2898175993078578
860,mMTC,0.2918732923308657
861,mMTC,0.29014218794504737
862,mMTC,0.2884666429487839
863,mMTC,0.2898107895417789
864,mMTC,0.29088691907394226
865,mMTC,0.2879174047778421
866,mMTC,0.2856595181362273
867,mMTC,0.2940354431350918
868,mMTC,0.28838823949076425
869,mMTC,0.2886995662546004
870,mMTC,0.2901338229207643
871,mMTC,0.29001346922894283
872,mMTC,0.29015120826951246
873,mMTC,0.2869968887324574
874,mMTC,0.2930419489210151
875,mMTC,0.2931517059731315
876,mMTC,0.28830238345035075
877,mMTC,0.29178587105709386
878,mMTC,0.2970203874756619
879,mMTC,0.29192007805211917
880,mMTC,0.28860100636063835
881,mMTC,0.2911929513820616
882,mMTC,0.2851551158198672
883,mMTC,0.29243028501551843
884,mMTC,0.29225397743065884
885,mMTC,0.2899825211086696
886,mMTC,0.29028213321172924
887,mMTC,0.2902022319117273
888,mMTC,0.29093668366836795
889,mMTC,0.2899552133761453
890,mMTC,0.2878118196604496
891,mMTC,0.28519888827774104
892,mMTC,0.29028343703463205
893,mMTC,0.2905696231464791
894,mMTC,0.28407145561223524
895,mMTC,0.28573286386476726
896,mMTC,0.2890301620207509
897,mMTC,0.2901753291158279
898,mMTC,0.28884727941238936
899,mMTC,0.2875732795310477
900,mMTC,0.2922604200661073
901,mMTC,0.2884429014705299
902,mMTC,0.2910031515589845
903,mMTC,0.29197995612507127
904,mMTC,0.2878536414977826
905,mMTC,0.28843848569497693
906,mMTC,0.28671456051861294
907,mMTC,0.28580752541994975
908,mMTC,0.28986972422851287
909,mMTC,0.28982437951058077
910,mMTC,0.28631609030505706
911,mMTC,0.2912056934993315
912,mMTC,0.2881985325879089
913,mMTC,0.2856183803137739
914,mMTC,0.28545846858111423
915,mMTC,0.28707493553571967
916,mMTC,0.28874423314283887
917,mMTC,0.28510386522714376
918,mMTC,0.2879090532450287
919,mMTC,0.29200613920254503
920,mMTC,0.29082820093066375
921,mMTC,0.2880049839728748
922,mMTC,0.2897726922557323
923,mMTC,0.2927361806806996
924,mMTC,0.28871370905779675
925,mMTC,0.2890871395736926
926,mMTC,0.28938320851594446
927,mMTC,0.2877936554317026
928,mMTC,0.28972923477767565
929,mMTC,0.2886584666900679
930,mMTC,0.28875672604049124
931,mMTC,0.29149368589272856
932,mMTC,0.2881596638145034
933,mMTC,0.2886748601891984
934,mMTC,0.28802238315247264
935,mMTC,0.2872971733378039
936,mMTC,0.29528772096047073
937,mMTC,0.28880864420265207
938,mMTC,0.28736467604865035
939,mMTC,0.2869703336389733
940,mMTC,0.28984072681978684
941,mMTC,0.2902451736139046
942,mMTC,0.28882459541892624
943,mMTC,0.2916335284012275
944,mMTC,0.29277691167597464
945,mMTC,0.29131245484096474
946,mMTC,0.28746173851331713
947,mMTC,0.2900805079635877
948,mMTC,0.2871140345313309
949,mMTC,0.288858559650013
950,mMTC,0.292753222434323
951,mMTC,0.2878342601512832
952,mMTC,0.2896845360497827
953,mMTC,0.29041556813526986
954,mMTC,0.28727407473920813
955,mMTC,0.2891762266016295
956,mMTC,0.29025605767383655
957,mMTC,0.2905374540926619
958,mMTC,0.2890410314389634
959,mMTC,0.29364660695740996
960,mMTC,0.2878018637413318
961,mMTC,0.28815951005358376
962,mMTC,0.2909645528197666
963,mMTC,0.2872646816693565
964,mMTC,0.29141346061387063
965,mMTC,0.2933404841262306
966,mMTC,0.28924822442665504
967,mMTC,0.2895094022096975
968,mMTC,0.288160123229503
969,mMTC,0.2912982073242259
970,mMTC,0.29365599754804966
971,mMTC,0.29021267053211464
972,mMTC,0.2970395624590035
973,mMTC,0.28409140421955736
974,mMTC,0.28697586691883537
975,mMTC,0.28861975307907484
976,mMTC,0.28896307922985365
977,mMTC,0.29244777372722597
978,mMTC,0.2896934995326214
979,mMTC,0.2876114530483036
980,mMTC,0.29097124176250877
981,mMTC,0.2959457320615423
982,mMTC,0.2910851096803291
983,mMTC,0.289478352286722
984,mMTC,0.28955398235034746
985,mMTC,0.2912035253053179
986,mMTC,0.2875352201908263
987,mMTC,0.28468286007848465
988,mMTC,0.2903687791349406
989,mMTC,0.2920172963348108
990,mMTC,0.2876347558227849
991,mMTC,0.28504579649006867
992,mMTC,0.2890428601181499
993,mMTC,0.2864445137435427
994,mMTC,0.2885397347121034
995,mMTC,0.29080815857155057
996,mMTC,0.2964949923073686
997,mMTC,0.29034869676886615
998,mMTC,0.28971610314021573
999,mMTC,0.2905844050131052
1000,mMTC,0.29005821036269497
1001,mMTC,0.2866566371965305
1002,mMTC,0.28628728420936617
1003,mMTC,0.2878747184012553
1004,mMTC,0.2931463098963203
1005,mMTC,0.2912092137013255
1006,mMTC,0.28718726060365934
1007,mMTC,0.28816121133196126
1008,mMTC,0.2865415790487947
1009,mMTC,0.2882757361559505
1010,mMTC,0.2927551982931452
1011,mMTC,0.29231401338256285
1012,mMTC,0.2896098629041544
1013,mMTC,0.2845974776302791
1014,mMTC,0.28904364887371087
1015,mMTC,0.28660964283943974
1016,mMTC,0.2897264808739659
1017,mMTC,0.2877396046234455
1018,mMTC,0.28959544217206223
1019,mMTC,0.2958791618344342
1020,mMTC,0.2888967285855342
1021,mMTC,0.28666470717257836
1022,mMTC,0.28823165484097574
1023,mMTC,0.28958782356569457
1024,mMTC,0.2920367248391198
1025,mMTC,0.29110086184602024
1026,mMTC,0.2890058706598194
1027,mMTC,0.2898977018305397
1028,mMTC,0.2904180439329791
1029,mMTC,0.2871939047200361
1030,mMTC,0.29297729490465546
1031,mMTC,0.29108740815541767
1032,mMTC,0.28886210548218016
1033,mMTC,0.28949441068172577
1034,mMTC,0.28822237620871693
1035,mMTC,0.2876135608605592
1036,mMTC,0.2913096206930618
1037,mMTC,0.2916303056967202
1038,mMTC,0.29310176435205787
1039,mMTC,0.2936226375946383
1040,mMTC,0.28333818064981203
1041,mMTC,0.28999664837900213
1042,mMTC,0.28941658556359184
1043,mMTC,0.28658529617069395
1044,mMTC,0.29154299574983683
1045,mMTC,0.29029839403003704
1046,mMTC,0.29134968987470955
1047,mMTC,0.2938073440549313
1048,mMTC,0.2921422745812072
1049,mMTC,0.29024719258209974
1050,mMTC,0.2881252890750504
1051,mMTC,0.28821113588852554
1052,mMTC,0.2914524650493511
1053,mMTC,0.2896510262269062
1054,mMTC,0.2887147679835787
1055,mMTC,0.28671354768784924
1056,mMTC,0.2890706824313479
1057,mMTC,0.29117522440480675
1058,mMTC,0.29042188830932614
1059,mMTC,0.2888696519836981
1060,mMTC,0.2903058314038613
1061,mMTC,0.28977318647236877
1062,mMTC,0.29263939016790985
1063,mMTC,0.2915469718367686
1064,mMTC,0.2881932171432369
1065,mMTC,0.29004310600685435
1066,mMTC,0.29035306835748836
1067,mMTC,0.2858360023226121
1068,mMTC,0.28643700187779164
1069,mMTC,0.29183847795573353
1070,mMTC,0.28845621368494545
1071,mMTC,0.28978808861443517
1072,mMTC,0.2903172037678143
1073,mMTC,0.2903118957641144
1074,mMTC,0.29015280889702644
1075,mMTC,0.2904199294807533
1076,mMTC,0.2908080340173444
1077,mMTC,0.2841293812403695
1078,mMTC,0.2824517369007562
1079,mMTC,0.28889536273235134
1080,mMTC,0.29038356006405924
1081,mMTC,0.2924569859847635
1082,mMTC,0.29032828059158816
1083,mMTC,0.2926981107397859
1084,mMTC,0.28943423434408566
1085,mMTC,0.2898726620316375
1086,mMTC,0.2830693134779326
1087,mMTC,0.28685082662567607
1088,mMTC,0.29712019487361835
1089,mMTC,0.2916329331990904
1090,mMTC,0.28812408427479064
1091,mMTC,0.29039450117258103
1092,mMTC,0.28973765113917266
1093,mMTC,0.2891842728437004
1094,mMTC,0.2926063827827215
1095,mMTC,0.28901763914252415
1096,mMTC,0.28720521618259726
1097,mMTC,0.2925032971220067
1098,mMTC,0.2882592849144856
1099,mMTC,0.2878898219637911
1100,mMTC,0.28753754898236633
1101,mMTC,0.2889173356689099
1102,mMTC,0.28063959674126726
1103,mMTC,0.2881455596576381
1104,mMTC,0.298698561699794
1105,mMTC,0.29155179743244736
1106,mMTC,0.28712477131375136
1107,mMTC,0.28940295553203566
1108,mMTC,0.28855738504733114
1109,mMTC,0.29431729777038534
1110,mMTC,0.29199307222990684
1111,mMTC,0.28922863012774
1112,mMTC,0.2843096461091369
1113,mMTC,0.2857779788832951
1114,mMTC,0.29179537650634696
1115,mMTC,0.2868832052990883
1116,mMTC,0.29035117551404394
1117,mMTC,0.29056222255686465
1118,mMTC,0.28861744299873754
1119,mMTC,0.2865858084217834
1120,mMTC,0.28760976818599954
1121,mMTC,0.2917927243434419
1122,mMTC,0.2897802606160684
1123,mMTC,0.28976691584941305
1124,mMTC,0.2958147713998301
1125,mMTC,0.28863276159204637
1126,mMTC,0.2888619942762537
1127,mMTC,0.28500459805050327
1128,mMTC,0.28973704203702505
1129,mMTC,0.2913896954841381
1130,mMTC,0.28941991035495174
1131,mMTC,0.2913713382148142
1132,mMTC,0.29482043960093396
1133,mMTC,0.2943847245287309
1134,mMTC,0.29149513847659875
1135,mMTC,0.2902397190948942
1136,mMTC,0.29038852820957556
1137,mMTC,0.2934266966801883
1138,mMTC,0.2914552022629548
1139,mMTC,0.29407882836541616
1140,mMTC,0.2876469089915637
1141,mMTC,0.2883390477616397
1142,mMTC,0.29011709932310764
1143,mMTC,0.2900462206586713
1144,mMTC,0.2893555082387846
1145,mMTC,0.2867483385079217
1146,mMTC,0.2877730959147443
1147,mMTC,0.28824103038215254
1148,mMTC,0.2908004084870809
1149,mMTC,0.288318868463726
1150,mMTC,0.2943940988257483
1151,mMTC,0.28505285304177197
1152,mMTC,0.2895690860639298
1153,mMTC,0.2940104344269226
1154,mMTC,0.2856889811481858
1155,mMTC,0.29034905538204475
1156,mMTC,0.28914117560046454
1157,mMTC,0.2896687204130947
1158,mMTC,0.2883162110378136
1159,mMTC,0.28477641751882093
1160,mMTC,0.290413632957066
1161,mMTC,0.2862070939608489
1162,mMTC,0.2873183965624505
1163,mMTC,0.2901121035345418
1164,mMTC,0.29665441484263866
1165,mMTC,0.29227175506046127
1166,mMTC,0.28717248953722396
1167,mMTC,0.29030202791863197
1168,mMTC,0.28466994292776293
1169,mMTC,0.2904669672718625
1170,mMTC,0.28911672796550164
1171,mMTC,0.2863218464831074
1172,mMTC,0.2916099877399055
1173,mMTC,0.2932635973411369
1174,mMTC,0.2947700110397712
1175,mMTC,0.2908818765060087
1176,mMTC,0.289360477406496
1177,mMTC,0.2908159534727672
1178,mMTC,0.28840834634961576
1179,mMTC,0.2914654280941251
1180,mMTC,0.28727500217139235
1181,mMTC,0.2885908376355109
1182,mMTC,0.29051113559570546
1183,mMTC,0.29035520082527744
1184,mMTC,0.28471248422933265
1185,mMTC,0.2904591755057672
1186,mMTC,0.2904236409496964
1187,mMTC,0.2898224239817809
1188,mMTC,0.28490257330328167
1189,mMTC,0.29084038241205923
1190,mMTC,0.2950709550336675
1191,mMTC,0.2869421776350358
1192,mMTC,0.2929009850002163
1193,mMTC,0.2863334077850943
1194,mMTC,0.28938680040636144
1195,mMTC,0.29241346718235023
1196,mMTC,0.2890855329567958
1197,mMTC,0.2894726991801778
1198,mMTC,0.29250151841499333
1199,mMTC,0.28904033722911726
1200,mMTC,0.2871943139764375
1201,mMTC,0.2903436696495926
1202,mMTC,0.29054558671116143
1203,mMTC,0.2921512093818106
1204,mMTC,0.2911400841573845
1205,mMTC,0.2900302891696814
1206,mMTC,0.2924490960525957
1207,mMTC,0.29164619964245814
1208,mMTC,0.28579199374856895
1209,mMTC,0.287190312094917
1210,mMTC,0.2905926028450625
1211,mMTC,0.28648860479903454
1212,mMTC,0.2893931504389279
1213,mMTC,0.2886576294289281
1214,mMTC,0.2859085020191124
1215,mMTC,0.2866727312087041
1216,mMTC,0.29159613776728416
1217,mMTC,0.2911320927656951
1218,mMTC,0.28990651425619895
1219,mMTC,0.29018560549626765
1220,mMTC,0.2919697399359906
1221,mMTC,0.28769234856568093
1222,mMTC,0.2915195227786801
1223,mMTC,0.2900838229779164
1224,mMTC,0.29403890842859337
1225,mMTC,0.2903455706424839
1226,mMTC,0.29055495856759056
1227,mMTC,0.2909805441425505
1228,mMTC,0.29077073631425476
1229,mMTC,0.2896387119833219
1230,mMTC,0.28780159498985725
1231,mMTC,0.2908996148029877
1232,mMTC,0.2919000022922309
1233,mMTC,0.28967854392542053
1234,mMTC,0.290288426615909
1235,mMTC,0.2876537949361921
1236,mMTC,0.2964273823226764
1237,mMTC,0.291954047552902
1238,mMTC,0.2834958787576799
1239,mMTC,0.2874581921691087
1240,mMTC,0.29086102243896256
1241,mMTC,0.2895772669903722
1242,mMTC,0.28705512064740235
1243,mMTC,0.2903463350546501
1244,mMTC,0.2915062539083942
1245,mMTC,0.2886042008328286
1246,mMTC,0.2920798435815293
1247,mMTC,0.29240543753059783
1248,mMTC,0.2885735865222414
1249,mMTC,0.2854709375772003
1250,mMTC,0.28733849440133896
1251,mMTC,0.2930010419465122
1252,mMTC,0.2883589644883581
1253,mMTC,0.2888324527484504
1254,mMTC,0.2867853509655021
1255,mMTC,0.2911529490636377
1256,mMTC,0.2916427184939965
1257,mMTC,0.28891939446292675
1258,mMTC,0.28882234027375736
1259,mMTC,0.2847412267813327
1260,mMTC,0.28923025659077484
1261,mMTC,0.2922827108079253
1262,mMTC,0.2882620267422755
1263,mMTC,0.2865826849834295
1264,mMTC,0.29029076322956354
1265,mMTC,0.290358924823049
1266,mMTC,0.28912582741012444
1267,mMTC,0.2913104669587972
1268,mMTC,0.2900823825695043
1269,mMTC,0.2951351306165247
1270,mMTC,0.2919528652152516
1271,mMTC,0.2889022868329413
1272,mMTC,0.2863351803374872
1273,mMTC,0.28938437767469377
1274,mMTC,0.2890909934817464
1275,mMTC,0.286826114442397
1276,mMTC,0.2900797260491117
1277,mMTC,0.2899603153208622
1278,mMTC,0.2859619299107251
1279,mMTC,0.29254405890425306
1280,mMTC,0.29047848037602847
1281,mMTC,0.28624916059492955
1282,mMTC,0.28817643719541647
1283,mMTC,0.28850456423870857
1284,mMTC,0.2915923047788241
1285,mMTC,0.2936500707731983
1286,mMTC,0.2841695604956685
1287,mMTC,0.28494581842050587
1288,mMTC,0.29094204233452414
1289,mMTC,0.2898488012485478
1290,mMTC,0.29199552224296577
1291,mMTC,0.2935489272405606
1292,mMTC,0.29527721756631664
1293,mMTC,0.2928171108974275
1294,mMTC,0.2904623947454744
1295,mMTC,0.28978886500919654
1296,mMTC,0.2938232375616219
1297,mMTC,0.2900925616331853
1298,mMTC,0.2891365547229247
1299,mMTC,0.2875954520616572
1300,mMTC,0.28956740182495727
1301,mMTC,0.2892295306871771
1302,mMTC,0.2878976941997031
1303,mMTC,0.29167401893056427
1304,mMTC,0.29114697980388254
1305,mMTC,0.2890376256215309
1306,mMTC,0.2891355442739928
1307,mMTC,0.2935995077249115
1308,mMTC,0.29143450948635297
1309,mMTC,0.29141730496721807
1310,mMTC,0.2934062138441695
1311,mMTC,0.2904874341375668
1312,mMTC,0.288633041601031
1313,mMTC,0.28941728807443345
1314,mMTC,0.28911488131291546
1315,mMTC,0.2946514988384029
1316,mMTC,0.2910636334570581
1317,mMTC,0.29296471312127775
1318,mMTC,0.29329024413051324
1319,mMTC,0.2886817178607996
1320,mMTC,0.28692189497302745
1321,mMTC,0.28596222116833864
1322,mMTC,0.2865389389003914
1323,mMTC,0.2862073025757765
1324,mMTC,0.2872123845649956
1325,mMTC,0.28788769441135736
1326,mMTC,0.2945271863364377
1327,mMTC,0.2903441726357316
1328,mMTC,0.2871801870904799
1329,mMTC,0.2931845554036048
1330,mMTC,0.28881390195987655
1331,mMTC,0.2917314334177941
1332,mMTC,0.2902666388126487
1333,mMTC,0.2873973831784004
1334,mMTC,0.29120181875105944
1335,mMTC,0.2920078201593339
1336,mMTC,0.2929797686689329
1337,mMTC,0.29068868802254544
1338,mMTC,0.2905970927479058
1339,mMTC,0.2874470532258314
1340,mMTC,0.2905970712453916
1341,mMTC,0.2920867714482133
1342,mMTC,0.2896243692088215
1343,mMTC,0.2937225588497812
1344,mMTC,0.29370925066107867
1345,mMTC,0.2872298291577889
1346,mMTC,0.2876165732804119
1347,mMTC,0.28921864498026534
1348,mMTC,0.29250142201935014
1349,mMTC,0.29069990715214483
1350,mMTC,0.2863690564764696
1351,mMTC,0.2894473363256765
1352,mMTC,0.2885705979584139
1353,mMTC,0.29358467433729113
1354,mMTC,0.2888710116612822
1355,mMTC,0.2858430193645017
1356,mMTC,0.29080657097561746
1357,mMTC,0.29191087150388745
1358,mMTC,0.2893639565395806
1359,mMTC,0.2841845469537451
1360,mMTC,0.2860056254065863
1361,mMTC,0.2887126017705949
1362,mMTC,0.28896983667309506
1363,mMTC,0.2884928261084688
1364,mMTC,0.29216990590689906
1365,mMTC,0.29519482552399456
1366,mMTC,0.28897205998486036
1367,mMTC,0.28532161018294544
1368,mMTC,0.2882986479599361
1369,mMTC,0.2917203145616316
1370,mMTC,0.2890345300392895
1371,mMTC,0.28713789229488723
1372,mMTC,0.2853989781448264
1373,mMTC,0.2898972077075144
1374,mMTC,0.28839336146184325
1375,mMTC,0.2878092913665039
1376,mMTC,0.28928445306250633
1377,mMTC,0.2872938262450078
1378,mMTC,0.28785180037527563
1379,mMTC,0.2894798120403749
1380,mMTC,0.28936190526813016
1381,mMTC,0.28914725936560154
1382,mMTC,0.2854024854221155
1383,mMTC,0.28697899788947
1384,mMTC,0.2937538046553135
1385,mMTC,0.2834961665068264
1386,mMTC,0.28706129660153606
1387,mMTC,0.28822508464024676
1388,mMTC,0.28944098163357296
1389,mMTC,0.29271351162327897
1390,mMTC,0.292415266672604
1391,mMTC,0.2967796722172796
1392,mMTC,0.2886182931718641
1393,mMTC,0.28988642524836916
1394,mMTC,0.2919303899935944
1395,mMTC,0.28926395805069616
1396,mMTC,0.28985807187747975
1397,mMTC,0.29087140713742027
1398,mMTC,0.28882379356084686
1399,mMTC,0.2892415093605256
1400,mMTC,0.2952550955022345
1401,mMTC,0.29148927808879915
1402,mMTC,0.28905199514764723
1403,mMTC,0.2938850078278304
1404,mMTC,0.29211109065726776
1405,mMTC,0.2891813712637275
1406,mMTC,0.2907931417818952
1407,mMTC,0.2899473240849198
1408,mMTC,0.2880206521538544
1409,mMTC,0.2863134287383467
1410,mMTC,0.28953940100240394
1411,mMTC,0.28825215769626017
1412,mMTC,0.28939556733534505
1413,mMTC,0.2877745630531842
1414,mMTC,0.2921033831164009
1415,mMTC,0.28555952414651814
1416,mMTC,0.28822498690626436
1417,mMTC,0.2875438236665637
1418,mMTC,0.2901233305805144
1419,mMTC,0.2908653843985115
1420,mMTC,0.2885048039074327
1421,mMTC,0.29622852698363333
1422,mMTC,0.2968059793610791
1423,mMTC,0.2903875120070309
1424,mMTC,0.2897535407336724
1425,mMTC,0.2918530090844489
1426,mMTC,0.28718964142169523
1427,mMTC,0.29155602622902504
1428,mMTC,0.28867711228619597
1429,mMTC,0.2884202139255807
1430,mMTC,0.2917747173611172
1431,mMTC,0.2903091093372527
1432,mMTC,0.28674722113295953
1433,mMTC,0.28806001565523776
1434,mMTC,0.2877777642242143
1435,mMTC,0.2925589729614395
1436,mMTC,0.2940427601448321
1437,mMTC,0.28694235954304864
1438,mMTC,0.28608826123935815
1439,mMTC,0.290875433365458
1440,mMTC,0.2883886250855034
1441,mMTC,0.28750964432723863
1442,mMTC,0.28697911369728946
1443,mMTC,0.2930427403722302
1444,mMTC,0.2861285299821256
1445,mMTC,0.28839160086208215
1446,mMTC,0.28793393093791136
1447,mMTC,0.2936093449401541
1448,mMTC,0.29306433336126303
1449,mMTC,0.2853670693789794
1450,mMTC,0.2873495926883786
1451,mMTC,0.2901122984510131
1452,mMTC,0.2930234815579312
1453,mMTC,0.2929297071496418
1454,mMTC,0.2861821918639323
1455,mMTC,0.2884699849955491
1456,mMTC,0.289120683482947
1457,mMTC,0.29244403780434935
1458,mMTC,0.2898226562544642
1459,mMTC,0.28639036021197783
1460,mMTC,0.29114860666349834
1461,mMTC,0.29039467935594393
1462,mMTC,0.2916100600104208
1463,mMTC,0.2911246799930273
1464,mMTC,0.2913896927041445
1465,mMTC,0.288541819784006
1466,mMTC,0.29071988266470583
1467,mMTC,0.2895142773234535
1468,mMTC,0.2873080657980884
1469,mMTC,0.28778301728268296
1470,mMTC,0.29061365081203056
1471,mMTC,0.2914034081038854
1472,mMTC,0.29316229609130595
1473,mMTC,0.28975201220106206
1474,mMTC,0.28839702662205235
1475,mMTC,0.29167962306249684
1476,mMTC,0.29065851149334
1477,mMTC,0.29298935017340777
1478,mMTC,0.2912543033163175
1479,mMTC,0.287385566899707
1480,mMTC,0.2898652690504399
1481,mMTC,0.28850291400988903
1482,mMTC,0.2842210796212121
1483,mMTC,0.2899083557703039
1484,mMTC,0.2904838966467236
1485,mMTC,0.28876442857335777
1486,mMTC,0.29030606240256945
1487,mMTC,0.2926492327816452
1488,mMTC,0.2929602972028244
1489,mMTC,0.2904158477511684
1490,mMTC,0.28940729017162214
1491,mMTC,0.284920603006589
1492,mMTC,0.2876774733543548
1493,mMTC,0.294531815846079
1494,mMTC,0.29075355631171657
1495,mMTC,0.2846564545832868
1496,mMTC,0.2879878933303883
1497,mMTC,0.2861938637984607
1498,mMTC,0.2843242788313553
1499,mMTC,0.2894463094499875
1500,mMTC,0.29133089202493884
1501,mMTC,0.28720272888557263
1502,mMTC,0.2876962532051466
1503,mMTC,0.2922170845383596
1504,mMTC,0.2907616830208982
1505,mMTC,0.2913855646242246
1506,mMTC,0.29063835648332453
1507,mMTC,0.2864640199876887
1508,mMTC,0.29488075695638793
1509,mMTC,0.2961411773074661
1510,mMTC,0.29208461876996267
1511,mMTC,0.2891931989625135
1512,mMTC,0.29228493586741533
1513,mMTC,0.29159935781280855
1514,mMTC,0.2894607870801514
1515,mMTC,0.2905560646330864
1516,mMTC,0.2909729516001416
1517,mMTC,0.2903139796266647
1518,mMTC,0.28720228101951695
1519,mMTC,0.2873570638803869
1520,mMTC,0.2847611885417624
1521,mMTC,0.28785489278704024
1522,mMTC,0.29198539033344645
1523,mMTC,0.2912356113019269
1524,mMTC,0.2896424880432094
1525,mMTC,0.291263894994464
1526,mMTC,0.29420125946257736
1527,mMTC,0.2895535622034113
1528,mMTC,0.29062387157673214
1529,mMTC,0.2896001221840843
1530,mMTC,0.2879498828936034
1531,mMTC,0.2891186591721805
1532,mMTC,0.2938046727853552
1533,mMTC,0.2911192483358828
1534,mMTC,0.28513430851222166
1535,mMTC,0.29013939662351995
1536,mMTC,0.28810508650769523
1537,mMTC,0.28837648187296444
1538,mMTC,0.28633550901294036
1539,mMTC,0.28801769072464634
1540,mMTC,0.2893626755899791
1541,mMTC,0.2910485318554395
1542,mMTC,0.284107393916309
1543,mMTC,0.286867523970721
1544,mMTC,0.29212030068213185
1545,mMTC,0.2926733907465718
1546,mMTC,0.28964066710302755
1547,mMTC,0.28834997377953725
1548,mMTC,0.29008255329586075
1549,mMTC,0.291682834516892
1550,mMTC,0.29316472906178237
1551,mMTC,0.2899004770331738
1552,mMTC,0.2884027944491064
1553,mMTC,0.2944137880491939
1554,mMTC,0.28516575565675567
1555,mMTC,0.28862446195965696
1556,mMTC,0.2901515405013216
1557,mMTC,0.2877555502896616
1558,mMTC,0.28997355672045255
1559,mMTC,0.29046572038848595
1560,mMTC,0.28887166495277283
1561,mMTC,0.2891905363786515
1562,mMTC,0.2879050343793918
1563,mMTC,0.2873054196886594
1564,mMTC,0.29123125353361023
1565,mMTC,0.28726382494696767
1566,mMTC,0.28764442791421446
1567,mMTC,0.2898073803359951
1568,mMTC,0.2874221471661458
1569,mMTC,0.29118094443900405
1570,mMTC,0.2911360074616262
1571,mMTC,0.29026473678191944
1572,mMTC,0.29440664322358545
1573,mMTC,0.29143011327453294
1574,mMTC,0.28512384245209166
1575,mMTC,0.28813946460823653
1576,mMTC,0.2900474740855388
1577,mMTC,0.29038257184224475
1578,mMTC,0.2917537029139487
1579,mMTC,0.2872841489158238
1580,mMTC,0.28717424421995286
1581,mMTC,0.28671077408153745
1582,mMTC,0.2853550294681023
1583,mMTC,0.290432667466742
1584,mMTC,0.2902322962003587
1585,mMTC,0.2903108011547772
1586,mMTC,0.2894632753392772
1587,mMTC,0.28996846152596395
1588,mMTC,0.29295523505848803
1589,mMTC,0.29071224778073296
1590,mMTC,0.2882624101693649
1591,mMTC,0.2919837955155716
1592,mMTC,0.2900079953704185
1593,mMTC,0.29396979360286546
1594,mMTC,0.2890312551749402
1595,mMTC,0.2948526485657701
1596,mMTC,0.2879398432416834
1597,mMTC,0.289125450951565
1598,mMTC,0.29219432390358513
1599,mMTC,0.28670595915266417
1600,mMTC,0.29334951678135207
1601,mMTC,0.2934691844173736
1602,mMTC,0.28909467876577505
1603,mMTC,0.2905051693514218
1604,mMTC,0.28925952479939
1605,mMTC,0.28638683084088873
1606,mMTC,0.28712448289327636
1607,mMTC,0.290215617152967
1608,mMTC,0.2899059609221704
1609,mMTC,0.28832817144880335
1610,mMTC,0.2880217683661298
1611,mMTC,0.2922473171198502
1612,mMTC,0.28682322437107993
1613,mMTC,0.2949882204383147
1614,mMTC,0.2928025541590174
1615,mMTC,0.29064157683060426
1616,mMTC,0.2903685465285228
1617,mMTC,0.29124463770313563
1618,mMTC,0.28460408115196856
1619,mMTC,0.29006293266735
1620,mMTC,0.2905264684550776
1621,mMTC,0.28676551609228274
1622,mMTC,0.28895585393199125
1623,mMTC,0.29103314617037485
1624,mMTC,0.2893852036499005
1625,mMTC,0.2889687791467341
1626,mMTC,0.2842514959031074
1627,mMTC,0.284015392481192
1628,mMTC,0.29165996563981594
1629,mMTC,0.29393287732766854
1630,mMTC,0.2886371403923374
1631,mMTC,0.29002982548514133
1632,mMTC,0.2921095954739833
1633,mMTC,0.2932120755529552
1634,mMTC,0.28213630810467816
1635,mMTC,0.2833359943948831
1636,mMTC,0.2927000878142429
1637,mMTC,0.29368382292703493
1638,mMTC,0.2918193081333457
1639,mMTC,0.2879427345962287
1640,mMTC,0.2870007754203979
1641,mMTC,0.2872459611402486
1642,mMTC,0.28654610328187985
1643,mMTC,0.28902087141144434
1644,mMTC,0.2886813950688136
1645,mMTC,0.2927542398688183
1646,mMTC,0.290101626320953
1647,mMTC,0.29214105890985925
1648,mMTC,0.29108331657068137
1649,mMTC,0.2904065340074411
1650,mMTC,0.2913585606917681
1651,mMTC,0.29036001192805466
1652,mMTC,0.2887350167033698
1653,mMTC,0.2849972125081127
1654,mMTC,0.2878342995776478
1655,mMTC,0.28893153467397237
1656,mMTC,0.2882176540867175
1657,mMTC,0.2878768007065618
1658,mMTC,0.28687304542696124
1659,mMTC,0.29259866078816205
1660,mMTC,0.28616613430986754
1661,mMTC,0.28956891091052
1662,mMTC,0.28826885569615374
1663,mMTC,0.2932337864231525
1664,mMTC,0.2890030839612251
1665,mMTC,0.29077313008933453
1666,mMTC,0.2933247688138586
1667,mMTC,0.28653377011735576
1668,mMTC,0.2890216482920689
1669,mMTC,0.29004634273633245
1670,mMTC,0.29271258583435505
1671,mMTC,0.2888042763137078
1672,mMTC,0.30073777486900993
1673,mMTC,0.2919658138156029
1674,mMTC,0.2916137396765889
1675,mMTC,0.2904486646776972
1676,mMTC,0.2892901460242271
1677,mMTC,0.28997766287306176
1678,mMTC,0.2857239254370262
1679,mMTC,0.288932529043498
1680,mMTC,0.2927230027859289
1681,mMTC,0.28845177124189264
1682,mMTC,0.29422958484855527
1683,mMTC,0.29004931279816765
1684,mMTC,0.28590528029843854
1685,mMTC,0.2915159355983617
1686,mMTC,0.293533076090504
1687,mMTC,0.2899811453532966
1688,mMTC,0.2877388302898126
1689,mMTC,0.2910013599393505
1690,mMTC,0.2926365950861332
1691,mMTC,0.29072450754784435
1692,mMTC,0.2878771976652755
1693,mMTC,0.29399767467058324
1694,mMTC,0.28959391080618807
1695,mMTC,0.29115452839833506
1696,mMTC,0.2892263922484172
1697,mMTC,0.2872559065891443
1698,mMTC,0.2912079199641125
1699,mMTC,0.29158999993454404
1700,mMTC,0.2900132914096737
1701,mMTC,0.29169022490362423
1702,mMTC,0.288713232212905
1703,mMTC,0.28678466155209453
1704,mMTC,0.2883061114007526
1705,mMTC,0.29101476230897966
1706,mMTC,0.28810782826016357
1707,mMTC,0.290144351345626
1708,mMTC,0.28954506833009197
1709,mMTC,0.28647414260501647
1710,mMTC,0.29485419122897055
1711,mMTC,0.28988648093602265
1712,mMTC,0.29187700069681405
1713,mMTC,0.29351518756918965
1714,mMTC,0.29459192103668513
1715,mMTC,0.29488682358417134
1716,mMTC,0.29334677527572134
1717,mMTC,0.28999268955531254
1718,mMTC,0.28951983593746694
1719,mMTC,0.3089517482103049
1720,mMTC,0.2937986141672429
1721,mMTC,0.28802926476811924
1722,mMTC,0.28559133639113105
1723,mMTC,0.28949942146299446
1724,mMTC,0.288704269380634
1725,mMTC,0.2879527490427351
1726,mMTC,0.2910190909537432
1727,mMTC,0.28961697314476803
1728,mMTC,0.28843187092712846
1729,mMTC,0.2898561721292503
1730,mMTC,0.2867677943854511
1731,mMTC,0.2898348209194688
1732,mMTC,0.2890685149603942
1733,mMTC,0.28816824703421023
1734,mMTC,0.28858280324368557
1735,mMTC,0.29049702669006683
1736,mMTC,0.2895641133136452
1737,mMTC,0.29254239734069787
1738,mMTC,0.2876285186255647
1739,mMTC,0.2874030737225749
1740,mMTC,0.28389910116639744
1741,mMTC,0.29101423274879207
1742,mMTC,0.2931028741301623
1743,mMTC,0.2898342826695766
1744,mMTC,0.29275805080484946
1745,mMTC,0.2915363778280128
1746,mMTC,0.28151621631054036
1747,mMTC,0.2866354717178025
1748,mMTC,0.2924672665328764
1749,mMTC,0.2926930822716303
1750,mMTC,0.29153855960218533
1751,mMTC,0.2883958897060541
1752,mMTC,0.2855418370744864
1753,mMTC,0.28525671337519093
1754,mMTC,0.292500998700725
1755,mMTC,0.2870300050918371
1756,mMTC,0.28856603519820717
1757,mMTC,0.29053846500860353
1758,mMTC,0.29130981244480547
1759,mMTC,0.2873226727061497
1760,mMTC,0.2917902068700535
1761,mMTC,0.2946014271240633
1762,mMTC,0.2909099124314303
1763,mMTC,0.2880331979787929
1764,mMTC,0.29015344791730746
1765,mMTC,0.2892296080189421
1766,mMTC,0.2921119681718612
1767,mMTC,0.2917189394144529
1768,mMTC,0.2898692613561541
1769,mMTC,0.2927851743772791
1770,mMTC,0.2926192106112755
1771,mMTC,0.29094895900201423
1772,mMTC,0.2917368603477048
1773,mMTC,0.2904291710488423
1774,mMTC,0.2883951200000747
1775,mMTC,0.2877128392021587
1776,mMTC,0.2915661250434393
1777,mMTC,0.2911896960619738
1778,mMTC,0.2922275037673421
1779,mMTC,0.29105288543064606
1780,mMTC,0.28766253962360205
1781,mMTC,0.2898581510188357
1782,mMTC,0.28420677772735115
1783,mMTC,0.2845073057326117
1784,mMTC,0.2907745676648293
1785,mMTC,0.2916253610812018
1786,mMTC,0.29014739388959687
1787,mMTC,0.29266931730169266
1788,mMTC,0.28980207968511834
1789,mMTC,0.28870554900662787
1790,mMTC,0.29023568643342607
1791,mMTC,0.28975355194649766
1792,mMTC,0.28746497669556037
1793,mMTC,0.29200187291406254
1794,mMTC,0.2893802681572002
1795,mMTC,0.2898012972448885
1796,mMTC,0.2952870410779025
1797,mMTC,0.290330068858259
1798,mMTC,0.287820277462917
1799,mMTC,0.2865203851127982
1800,mMTC,0.2904894172188121
1801,mMTC,0.2950896616005597
1802,mMTC,0.2900121186891302
1803,mMTC,0.2883132460760595
1804,mMTC,0.2901696432227964
1805,mMTC,0.2887748731868413
1806,mMTC,0.29219105576452076
1807,mMTC,0.28880706331088335
1808,mMTC,0.2907868761643903
1809,mMTC,0.2887685335501059
1810,mMTC,0.2862778076635779
1811,mMTC,0.2877613166312456
1812,mMTC,0.2872902975059593
1813,mMTC,0.28607273867489946
1814,mMTC,0.2880097617708112
1815,mMTC,0.28913779329398714
1816,mMTC,0.29175123082514093
1817,mMTC,0.2901195683189005
1818,mMTC,0.28638537633267036
1819,mMTC,0.28893203998617795
1820,mMTC,0.2909466699192752
1821,mMTC,0.29003312628049677
1822,mMTC,0.28720585544878424
1823,mMTC,0.2903784592429773
1824,mMTC,0.2928943430232339
1825,mMTC,0.2844999719148949
1826,mMTC,0.2869909303822567
1827,mMTC,0.2871362570596782
1828,mMTC,0.2897946821417983
1829,mMTC,0.292157630240768
1830,mMTC,0.29063499332298476
1831,mMTC,0.2936689005752724
1832,mMTC,0.29390482916797717
1833,mMTC,0.2948814253891508
1834,mMTC,0.28821164229516344
1835,mMTC,0.2874482803120957
1836,mMTC,0.286245763886458
1837,mMTC,0.28938525969215956
1838,mMTC,0.2931580777771053
1839,mMTC,0.29032671185202896
1840,mMTC,0.291363330198439
1841,mMTC,0.2928060057754704
1842,mMTC,0.28752578424870306
1843,mMTC,0.2889693746086562
1844,mMTC,0.2855006204895368
1845,mMTC,0.2884777260525402
1846,mMTC,0.2862769602939954
1847,mMTC,0.28648520598601634
1848,mMTC,0.2866009806840335
1849,mMTC,0.28621429652464386
1850,mMTC,0.29116661755868994
1851,mMTC,0.28894948041080176
1852,mMTC,0.2905593138328268
1853,mMTC,0.29168579548277507
1854,mMTC,0.2887300334096112
1855,mMTC,0.2897839342035571
1856,mMTC,0.29082024710856513
1857,mMTC,0.2911532443903629
1858,mMTC,0.2914052590890881
1859,mMTC,0.29294121123477396
1860,mMTC,0.29452579857704203
1861,mMTC,0.29280959582114263
1862,mMTC,0.28817847068266444
1863,mMTC,0.2900187177304258
1864,mMTC,0.29068462580276183
1865,mMTC,0.28895726647868597
1866,mMTC,0.28661933285413127
1867,mMTC,0.2919678619308591
1868,mMTC,0.2880161848554469
1869,mMTC,0.2884192011381585
1870,mMTC,0.2958139121397454
1871,mMTC,0.28985967438055665
1872,mMTC,0.28883978703260227
1873,mMTC,0.28811602698375655
1874,mMTC,0.2902193527610913
1875,mMTC,0.28680441112120875
1876,mMTC,0.2899950455159735
1877,mMTC,0.2911755321105261
1878,mMTC,0.291529081040045
1879,mMTC,0.2923187001525655
1880,mMTC,0.2901989361346025
1881,mMTC,0.2878908765612458
1882,mMTC,0.2920377085655555
1883,mMTC,0.2939540834903336
1884,mMTC,0.2906779164655278
1885,mMTC,0.28805787863138255
1886,mMTC,0.28714238705760464
1887,mMTC,0.2851880299574491
1888,mMTC,0.2890399576303921
1889,mMTC,0.2908389636036381
1890,mMTC,0.2908300908482377
1891,mMTC,0.29089515259578774
1892,mMTC,0.2869219030838297
1893,mMTC,0.2886147100093824
1894,mMTC,0.29024105797772504
1895,mMTC,0.29169643059966965
1896,mMTC,0.2860346021032502
1897,mMTC,0.28417926760174345
1898,mMTC,0.2878740440575099
1899,mMTC,0.2934388762458029
1900,mMTC,0.29115319191713307
1901,mMTC,0.29076012562278
1902,mMTC,0.29070690021120155
1903,mMTC,0.2890631688063689
1904,mMTC,0.2904058493188712
1905,mMTC,0.2890076297526323
1906,mMTC,0.29087715495438965
1907,mMTC,0.29485466882268163
1908,mMTC,0.2976228277175762
1909,mMTC,0.2890289312079334
1910,mMTC,0.2871040053334515
1911,mMTC,0.28955240183449343
1912,mMTC,0.2921142089409575
1913,mMTC,0.2911963738863677
1914,mMTC,0.29236334818669035
1915,mMTC,0.2926095760145846
1916,mMTC,0.28906507915336427
1917,mMTC,0.28803131002859783
1918,mMTC,0.29073609351180457
1919,mMTC,0.2889313225243533
1920,mMTC,0.2875176597363385
1921,mMTC,0.2886407893198864
1922,mMTC,0.2916531301185647
1923,mMTC,0.289928049749137
1924,mMTC,0.2891568027849817
1925,mMTC,0.29395711305542965
1926,mMTC,0.29936834119900224
1927,mMTC,0.28807566903552423
1928,mMTC,0.2896313581328384
1929,mMTC,0.29317352266672553
1930,mMTC,0.2942283164352556
1931,mMTC,0.29062905490097374
1932,mMTC,0.284313395234094
1933,mMTC,0.2883706226717413
1934,mMTC,0.2870412157311369
1935,mMTC,0.2928027888805258
1936,mMTC,0.2889999201645319
1937,mMTC,0.28930545166484106
1938,mMTC,0.2892694422308671
1939,mMTC,0.28930195012106236
1940,mMTC,0.2886944363529383
1941,mMTC,0.29096327528612065
1942,mMTC,0.2912834597820313
1943,mMTC,0.2887692080164408
1944,mMTC,0.28745480017591946
1945,mMTC,0.2870681680377977
1946,mMTC,0.29019643997383365
1947,mMTC,0.2860597048404432
1948,mMTC,0.2932839942848456
1949,mMTC,0.30285582286442153
1950,mMTC,0.2948351970809967
1951,mMTC,0.2852684511637979
1952,mMTC,0.29016357390752756
1953,mMTC,0.292928189470565
1954,mMTC,0.2855914442548745
1955,mMTC,0.28749782737809587
1956,mMTC,0.2931238238448264
1957,mMTC,0.2894978643263928
1958,mMTC,0.288925332041795
1959,mMTC,0.29010145823374556
1960,mMTC,0.2911972959273478
1961,mMTC,0.29248136538568653
1962,mMTC,0.28905566962466983
1963,mMTC,0.2860139846127766
1964,mMTC,0.29466137879128596
1965,mMTC,0.29191500854208624
1966,mMTC,0.286763473094863
1967,mMTC,0.2878016281938354
1968,mMTC,0.29326236009349077
1969,mMTC,0.29104494008567655
1970,mMTC,0.28487654012120545
1971,mMTC,0.2881285048804998
1972,mMTC,0.288973737091162
1973,mMTC,0.2833031589078639
1974,mMTC,0.28954868216756796
1975,mMTC,0.2884775733498864
1976,mMTC,0.28559654597617634
1977,mMTC,0.2847956954264089
1978,mMTC,0.2838848037588213
1979,mMTC,0.285037238130137
1980,mMTC,0.28751187708894577
1981,mMTC,0.29388927120887604
1982,mMTC,0.2904500201067311
1983,mMTC,0.28942257271960276
1984,mMTC,0.29193238597870913
1985,mMTC,0.2897389927878068
1986,mMTC,0.2903574596412384
1987,mMTC,0.2897249903117236
1988,mMTC,0.28955470319648
1989,mMTC,0.28461316647362706
1990,mMTC,0.2837260048538954
1991,mMTC,0.28934505975524455
1992,mMTC,0.294602629159772
1993,mMTC,0.2860527154368822
1994,mMTC,0.28631878872400085
1995,mMTC,0.29052245946789695
1996,mMTC,0.2895832610163716
1997,mMTC,0.2900503953980618
1998,mMTC,0.286771928532483
1999,mMTC,0.28850925036536074
