time,slice_name,avg_completion_latency_ms
0,URLLC,0.0
1,URLLC,0.0606281556325579
2,URLLC,0.0628176434346621
3,URLLC,0.06253112754574577
4,URLLC,0.06003678208818931
5,URLLC,0.05800502748963911
6,URLLC,0.05849759759646352
7,URLLC,0.05830443711498837
8,URLLC,0.05836411563029517
9,URLLC,0.05841199333378441
10,URLLC,0.05831692236004302
11,URLLC,0.05836123702653796
12,URLLC,0.058452804449423294
13,URLLC,0.05848692284591062
14,URLLC,0.0582489675161018
15,URLLC,0.058352068605998675
16,URLLC,0.058806631264536384
17,URLLC,0.058040652085579895
18,URLLC,0.0583350483916071
19,URLLC,0.058284720750277436
20,URLLC,0.05835747804030976
21,URLLC,0.05823417356852686
22,URLLC,0.05842788100346705
23,URLLC,0.05801056556945833
24,URLLC,0.058257184755084096
25,URLLC,0.058138728700772725
26,URLLC,0.05819749582886788
27,URLLC,0.05838162945127766
28,URLLC,0.05836869042035647
29,URLLC,0.05826951242319191
30,URLLC,0.05802293242755059
31,URLLC,0.05823280773093331
32,URLLC,0.05825837446112329
33,URLLC,0.05836279244809312
34,URLLC,0.058306030012444915
35,URLLC,0.05843904359600535
36,URLLC,0.05852147791630463
37,URLLC,0.05849559636450987
38,URLLC,0.05836089990976551
39,URLLC,0.058245969210523996
40,URLLC,0.05842067678519042
41,URLLC,0.05803167398496918
42,URLLC,0.058476633857023286
43,URLLC,0.05842812514478185
44,URLLC,0.058441196142486114
45,URLLC,0.05812185956329768
46,URLLC,0.05841661135254551
47,URLLC,0.0584898851402569
48,URLLC,0.058366795733693834
49,URLLC,0.058249723058137505
50,URLLC,0.058394765402200136
51,URLLC,0.058227043210498916
52,URLLC,0.05829227032974885
53,URLLC,0.05811168678708714
54,URLLC,0.05838281571972088
55,URLLC,0.05833694493295288
56,URLLC,0.05838983491447554
57,URLLC,0.05820141859904169
58,URLLC,0.05841258730668552
59,URLLC,0.058372721243575426
60,URLLC,0.05846531026152517
61,URLLC,0.058117146211996436
62,URLLC,0.05829810698268787
63,URLLC,0.058152990930041185
64,URLLC,0.05824934565493046
65,URLLC,0.058540744469592246
66,URLLC,0.058351504564256085
67,URLLC,0.058325426098483624
68,URLLC,0.058539562632444406
69,URLLC,0.05830405575614698
70,URLLC,0.05834695813636811
71,URLLC,0.058357568958655466
72,URLLC,0.05817014721312353
73,URLLC,0.05813783109620728
74,URLLC,0.05830710321311566
75,URLLC,0.0583018969807421
76,URLLC,0.058073091251330596
77,URLLC,0.05849796751694127
78,URLLC,0.05836583746150635
79,URLLC,0.05847392660201373
80,URLLC,0.058234601882195626
81,URLLC,0.0583626982185949
82,URLLC,0.058349370829537735
83,URLLC,0.05868196714714722
84,URLLC,0.0584665811981938
85,URLLC,0.05833769564695894
86,URLLC,0.058121522676204435
87,URLLC,0.05838743153951899
88,URLLC,0.05830905193617037
89,URLLC,0.05857807205689935
90,URLLC,0.05857227389755132
91,URLLC,0.05834934724951972
92,URLLC,0.058463938155201164
93,URLLC,0.05845194307738165
94,URLLC,0.05869712957248691
95,URLLC,0.058546087315143006
96,URLLC,0.05850272329788764
97,URLLC,0.05862811547089514
98,URLLC,0.058484456608668425
99,URLLC,0.058227077982304344
100,URLLC,0.05824740679728231
101,URLLC,0.05807328983673427
102,URLLC,0.05810981961432467
103,URLLC,0.058247181410155016
104,URLLC,0.05802181730191614
105,URLLC,0.05824703922084552
106,URLLC,0.058326841701803925
107,URLLC,0.05818359871351632
108,URLLC,0.05845840725903507
109,URLLC,0.05841015730158378
110,URLLC,0.058137112902349644
111,URLLC,0.058284742748457276
112,URLLC,0.05835499753333096
113,URLLC,0.05847277984934601
114,URLLC,0.05829945874902646
115,URLLC,0.05815729817247744
116,URLLC,0.05820460704668163
117,URLLC,0.05808462741707952
118,URLLC,0.058342582751751394
119,URLLC,0.05848444123456641
120,URLLC,0.05854019999775768
121,URLLC,0.05810827364140056
122,URLLC,0.05818759379444183
123,URLLC,0.05841803977522045
124,URLLC,0.05860990337874876
125,URLLC,0.058484213761247815
126,URLLC,0.05842697558781732
127,URLLC,0.058238959223824355
128,URLLC,0.058427155766055804
129,URLLC,0.05812743811378512
130,URLLC,0.058442672409238665
131,URLLC,0.05835822674018346
132,URLLC,0.058268091769476095
133,URLLC,0.058126390898105215
134,URLLC,0.058408885332947164
135,URLLC,0.058183727873551756
136,URLLC,0.058214159749614934
137,URLLC,0.05838049748438018
138,URLLC,0.05814568524483317
139,URLLC,0.058400584161912406
140,URLLC,0.05828717779800794
141,URLLC,0.05825029360672938
142,URLLC,0.05826002616872044
143,URLLC,0.058127987057751795
144,URLLC,0.058432792562347034
145,URLLC,0.05837048496823493
146,URLLC,0.05825818601646045
147,URLLC,0.058437171609132546
148,URLLC,0.058481181517710416
149,URLLC,0.05835891511153827
150,URLLC,0.05828904614855142
151,URLLC,0.05848973966665008
152,URLLC,0.05825675345749515
153,URLLC,0.05855273288889938
154,URLLC,0.05826266966278594
155,URLLC,0.058389030914915124
156,URLLC,0.058295516320741696
157,URLLC,0.058492347036636395
158,URLLC,0.05813784028656944
159,URLLC,0.05822466472496869
160,URLLC,0.058513406265543626
161,URLLC,0.05837049844033787
162,URLLC,0.05828930356821007
163,URLLC,0.05854880151635846
164,URLLC,0.0581090450905796
165,URLLC,0.05799636946325895
166,URLLC,0.05829716623781143
167,URLLC,0.058468040347154006
168,URLLC,0.058384264637072365
169,URLLC,0.058373433845717713
170,URLLC,0.05820701261998785
171,URLLC,0.058319239173479774
172,URLLC,0.05827234083813239
173,URLLC,0.05811953467231884
174,URLLC,0.05830259896308088
175,URLLC,0.05832884413534842
176,URLLC,0.05798535758410192
177,URLLC,0.058309436870985366
178,URLLC,0.05829450194962504
179,URLLC,0.05852039357231095
180,URLLC,0.058579651271326666
181,URLLC,0.058395161614819065
182,URLLC,0.05827828084694865
183,URLLC,0.05825966077634375
184,URLLC,0.05808092404496287
185,URLLC,0.05841362364381933
186,URLLC,0.05857116875537289
187,URLLC,0.058297124635474123
188,URLLC,0.058326948141898836
189,URLLC,0.05859543056200649
190,URLLC,0.05848862819314827
191,URLLC,0.05818927867571299
192,URLLC,0.058328849756098256
193,URLLC,0.058209497346536215
194,URLLC,0.05828508112255574
195,URLLC,0.05852239603622309
196,URLLC,0.05831849401770409
197,URLLC,0.05823674867708034
198,URLLC,0.05840248425373377
199,URLLC,0.058386284208714445
200,URLLC,0.058018516446712604
201,URLLC,0.058417013188516914
202,URLLC,0.05828684257918415
203,URLLC,0.058373212540180006
204,URLLC,0.058195091797394044
205,URLLC,0.05833800044533074
206,URLLC,0.05835673210481073
207,URLLC,0.058273491993748545
208,URLLC,0.058368384947105834
209,URLLC,0.05872987723690119
210,URLLC,0.058182742876860594
211,URLLC,0.058387604087968864
212,URLLC,0.05837588182278688
213,URLLC,0.05863115543909307
214,URLLC,0.05801646715238466
215,URLLC,0.05844708414693153
216,URLLC,0.058586516315809106
217,URLLC,0.05854860674958416
218,URLLC,0.05832387021013131
219,URLLC,0.05827696655092308
220,URLLC,0.058626086767628545
221,URLLC,0.05812900206643047
222,URLLC,0.05826585652621341
223,URLLC,0.05809543401039807
224,URLLC,0.05832639789085376
225,URLLC,0.05811756737826614
226,URLLC,0.05839883756436481
227,URLLC,0.058279923529157875
228,URLLC,0.05849434272092458
229,URLLC,0.05828644104149574
230,URLLC,0.05806249368037169
231,URLLC,0.05813795207068977
232,URLLC,0.05812754876398628
233,URLLC,0.058110503990244214
234,URLLC,0.0583567723887095
235,URLLC,0.05829939436445594
236,URLLC,0.05841615636906547
237,URLLC,0.05811271417399763
238,URLLC,0.058310265668406504
239,URLLC,0.058136820836841886
240,URLLC,0.058018136721086806
241,URLLC,0.05826027125975228
242,URLLC,0.058346917600411656
243,URLLC,0.05808003460285495
244,URLLC,0.05830695032373502
245,URLLC,0.05834265554619699
246,URLLC,0.058328077932929344
247,URLLC,0.05823513355322811
248,URLLC,0.058052289103733105
249,URLLC,0.05850038064648084
250,URLLC,0.05818529633111455
251,URLLC,0.05846240730911142
252,URLLC,0.05813110143821665
253,URLLC,0.05878768061960437
254,URLLC,0.058559408749327316
255,URLLC,0.05829961885176589
256,URLLC,0.05827109104928719
257,URLLC,0.05804262054785178
258,URLLC,0.058525856050973483
259,URLLC,0.058168730880062094
260,URLLC,0.05848239259699761
261,URLLC,0.05825092586628136
262,URLLC,0.05855083827853577
263,URLLC,0.0585401327408616
264,URLLC,0.05795195337695186
265,URLLC,0.058011095395802854
266,URLLC,0.05821111884074731
267,URLLC,0.058686057611722096
268,URLLC,0.05825934165735751
269,URLLC,0.05847883615653018
270,URLLC,0.05854449154585302
271,URLLC,0.058291067337190375
272,URLLC,0.05835875505449732
273,URLLC,0.05796707969506232
274,URLLC,0.0580384126301541
275,URLLC,0.058494122600339316
276,URLLC,0.05839967124193382
277,URLLC,0.05838231180955526
278,URLLC,0.058024705496862845
279,URLLC,0.05829239269381224
280,URLLC,0.05813974573160019
281,URLLC,0.05815696277841261
282,URLLC,0.058288471477217
283,URLLC,0.05836164993086017
284,URLLC,0.05831926099411706
285,URLLC,0.058234675692527174
286,URLLC,0.05843754690580158
287,URLLC,0.05821583051359026
288,URLLC,0.05839458986157863
289,URLLC,0.05813444433232906
290,URLLC,0.058372561289787524
291,URLLC,0.05814363647434264
292,URLLC,0.05841118751407704
293,URLLC,0.05825168257013666
294,URLLC,0.05839387182504904
295,URLLC,0.05835063332590498
296,URLLC,0.05821105178519539
297,URLLC,0.05838546200342975
298,URLLC,0.05832516393437271
299,URLLC,0.05850015179901399
300,URLLC,0.05827439819073771
301,URLLC,0.05845706159029008
302,URLLC,0.0582241638255412
303,URLLC,0.0581172740443833
304,URLLC,0.0580909677597041
305,URLLC,0.05838660470893592
306,URLLC,0.05793500101774848
307,URLLC,0.058279294368667266
308,URLLC,0.058364676339361994
309,URLLC,0.058279297778528576
310,URLLC,0.05832050040176087
311,URLLC,0.05828228088821062
312,URLLC,0.058465796229407625
313,URLLC,0.05819537878690987
314,URLLC,0.058212123496617064
315,URLLC,0.058311153709158
316,URLLC,0.058212584625647726
317,URLLC,0.05849306340537257
318,URLLC,0.05861319633422303
319,URLLC,0.05826683966612848
320,URLLC,0.05823277331235888
321,URLLC,0.05833508180867606
322,URLLC,0.05849806185546347
323,URLLC,0.058332889210607225
324,URLLC,0.058477342002859166
325,URLLC,0.05817145726740885
326,URLLC,0.05837326503760411
327,URLLC,0.05831760241794798
328,URLLC,0.05877626278668301
329,URLLC,0.058357762895822896
330,URLLC,0.05829659857361842
331,URLLC,0.058175633520928624
332,URLLC,0.05811243933336061
333,URLLC,0.058424925038371704
334,URLLC,0.05836694997558837
335,URLLC,0.058346380983091875
336,URLLC,0.05851279810545194
337,URLLC,0.05829814484463184
338,URLLC,0.05824448677418968
339,URLLC,0.05839060398760407
340,URLLC,0.058443522725035585
341,URLLC,0.05814343990765483
342,URLLC,0.05834111309423645
343,URLLC,0.058162815340928105
344,URLLC,0.05853876637136701
345,URLLC,0.05851397449315507
346,URLLC,0.05831078351145981
347,URLLC,0.058348657995772366
348,URLLC,0.0583378203073111
349,URLLC,0.058619457069272476
350,URLLC,0.05816498192070575
351,URLLC,0.05849379216495461
352,URLLC,0.05819794993695187
353,URLLC,0.05827202241674104
354,URLLC,0.05822976115541185
355,URLLC,0.05856631599973276
356,URLLC,0.05802568489537421
357,URLLC,0.05865379682608702
358,URLLC,0.05836801667232077
359,URLLC,0.058404112490030725
360,URLLC,0.05824253491754241
361,URLLC,0.05830950969890011
362,URLLC,0.05825581355495823
363,URLLC,0.058393478547996695
364,URLLC,0.05831180074354208
365,URLLC,0.058488891966786236
366,URLLC,0.0582630995667612
367,URLLC,0.05809226903450419
368,URLLC,0.05841191127460772
369,URLLC,0.0580002727213774
370,URLLC,0.05846676071462253
371,URLLC,0.05820975256911229
372,URLLC,0.05846288216124226
373,URLLC,0.05797341586547224
374,URLLC,0.058060168478427175
375,URLLC,0.05829677845336884
376,URLLC,0.05815130720560151
377,URLLC,0.058366900373486685
378,URLLC,0.0584775657242022
379,URLLC,0.05840975694284213
380,URLLC,0.0584919198713725
381,URLLC,0.058455432554384686
382,URLLC,0.05841533662433824
383,URLLC,0.05829996560408472
384,URLLC,0.0584666471769153
385,URLLC,0.058510085884083074
386,URLLC,0.05845794611820903
387,URLLC,0.05825490252463746
388,URLLC,0.05837487784064968
389,URLLC,0.058489403731487276
390,URLLC,0.05810186075421852
391,URLLC,0.058449812067050584
392,URLLC,0.05809876715413904
393,URLLC,0.058513057166293556
394,URLLC,0.058505522099866536
395,URLLC,0.05847309797133462
396,URLLC,0.058194665934277516
397,URLLC,0.058427295521186716
398,URLLC,0.058184716164703484
399,URLLC,0.05823791665884781
400,URLLC,0.058536956712488826
401,URLLC,0.05825041119099679
402,URLLC,0.05833113208683188
403,URLLC,0.058411716482477845
404,URLLC,0.058339691836699306
405,URLLC,0.05851568652066644
406,URLLC,0.058628291457488185
407,URLLC,0.05851384579472072
408,URLLC,0.058070204860500116
409,URLLC,0.0582514179211302
410,URLLC,0.05821944284856197
411,URLLC,0.058370809265961825
412,URLLC,0.058566576774929525
413,URLLC,0.058155441939870024
414,URLLC,0.05811041618237404
415,URLLC,0.058361565212609844
416,URLLC,0.05811336739418306
417,URLLC,0.05849948793609928
418,URLLC,0.05837012377268238
419,URLLC,0.05841451820117895
420,URLLC,0.058592425053800835
421,URLLC,0.05862688959710602
422,URLLC,0.058315735279410044
423,URLLC,0.05847981787640924
424,URLLC,0.05812600764314733
425,URLLC,0.058400688347639895
426,URLLC,0.058386056353328476
427,URLLC,0.05820148110200185
428,URLLC,0.0582431005991207
429,URLLC,0.058429930449459294
430,URLLC,0.058309321761482936
431,URLLC,0.05847408301947362
432,URLLC,0.05835966085385474
433,URLLC,0.05823100050029809
434,URLLC,0.058225519485775916
435,URLLC,0.05830485132143236
436,URLLC,0.05862117950894202
437,URLLC,0.05830154857649137
438,URLLC,0.057963832390986875
439,URLLC,0.05844509846268588
440,URLLC,0.058122688899331004
441,URLLC,0.058212447685905055
442,URLLC,0.05849863966737924
443,URLLC,0.05851588447203183
444,URLLC,0.05842500853571042
445,URLLC,0.05812508070889502
446,URLLC,0.05828312578552166
447,URLLC,0.058328856421604236
448,URLLC,0.05818202142445943
449,URLLC,0.05840827828313063
450,URLLC,0.05848014617871609
451,URLLC,0.05843674845396532
452,URLLC,0.05845153758539641
453,URLLC,0.05823860688206439
454,URLLC,0.05826295416447926
455,URLLC,0.058231935306907706
456,URLLC,0.0582728841562158
457,URLLC,0.058318497726558324
458,URLLC,0.05837261570994768
459,URLLC,0.0581442908228747
460,URLLC,0.05870450336719674
461,URLLC,0.05832306011418871
462,URLLC,0.058216114714061316
463,URLLC,0.05860592749761787
464,URLLC,0.05865601144089635
465,URLLC,0.0581811287090051
466,URLLC,0.058065407906993195
467,URLLC,0.05842040702165953
468,URLLC,0.05821841571273629
469,URLLC,0.05830360098186648
470,URLLC,0.05843593364141426
471,URLLC,0.05833462661551931
472,URLLC,0.05827942362929647
473,URLLC,0.05848326643008365
474,URLLC,0.058551210208648945
475,URLLC,0.05826991885289853
476,URLLC,0.05819800603946984
477,URLLC,0.05820982265922299
478,URLLC,0.05825037613017781
479,URLLC,0.05847952288246235
480,URLLC,0.05835528169195906
481,URLLC,0.058587930251924145
482,URLLC,0.058383423401491774
483,URLLC,0.058363865817179644
484,URLLC,0.05860408938865579
485,URLLC,0.05826275469277683
486,URLLC,0.05820854817019142
487,URLLC,0.05813286926906224
488,URLLC,0.05856116873638937
489,URLLC,0.05811146358016652
490,URLLC,0.05831843006573026
491,URLLC,0.0583787613815367
492,URLLC,0.05860687291547178
493,URLLC,0.05809906893887125
494,URLLC,0.05803689530970304
495,URLLC,0.05861913454908162
496,URLLC,0.058160015917872086
497,URLLC,0.0583871387780627
498,URLLC,0.058471527495280035
499,URLLC,0.05831970349363017
500,URLLC,0.0579873132327395
501,URLLC,0.05799703189033693
502,URLLC,0.05811144401835065
503,URLLC,0.058251498175349574
504,URLLC,0.058286810420362364
505,URLLC,0.05844132580770561
506,URLLC,0.05839214251581234
507,URLLC,0.05812288709286121
508,URLLC,0.058581429776879634
509,URLLC,0.05865631887954083
510,URLLC,0.05858864219380453
511,URLLC,0.05832011027360478
512,URLLC,0.05820051073733851
513,URLLC,0.05832209306860675
514,URLLC,0.058484025519437516
515,URLLC,0.058135123506480785
516,URLLC,0.05808854435013921
517,URLLC,0.058413732571420976
518,URLLC,0.05845501904867587
519,URLLC,0.058451808762425624
520,URLLC,0.058412681020279605
521,URLLC,0.05833798956485471
522,URLLC,0.05808152078434923
523,URLLC,0.05849529898607517
524,URLLC,0.05856532995815121
525,URLLC,0.058173299455172287
526,URLLC,0.0582970091829947
527,URLLC,0.05858870539023831
528,URLLC,0.058539562149949924
529,URLLC,0.058346788641927945
530,URLLC,0.05825906461609267
531,URLLC,0.05814988032390591
532,URLLC,0.05836662232696157
533,URLLC,0.05856902428794708
534,URLLC,0.058127049089408675
535,URLLC,0.05837439933508267
536,URLLC,0.058292853416141044
537,URLLC,0.05831224367170686
538,URLLC,0.05833073263582733
539,URLLC,0.0585522805622242
540,URLLC,0.0583190063173017
541,URLLC,0.058439744084504225
542,URLLC,0.05842757328203787
543,URLLC,0.05822241473064569
544,URLLC,0.058186840966887185
545,URLLC,0.05847119234861888
546,URLLC,0.05833433366917103
547,URLLC,0.05854238347352592
548,URLLC,0.05827918883907517
549,URLLC,0.05828067290019065
550,URLLC,0.05833836380189028
551,URLLC,0.05830414206470297
552,URLLC,0.058434597979234476
553,URLLC,0.05818861570513739
554,URLLC,0.05842779406324729
555,URLLC,0.05841450986988443
556,URLLC,0.0584633524429757
557,URLLC,0.05827564480139948
558,URLLC,0.057916418436931225
559,URLLC,0.05817307188059522
560,URLLC,0.05819952808419993
561,URLLC,0.05862428060972997
562,URLLC,0.05833521642760005
563,URLLC,0.0586175492231138
564,URLLC,0.05819490548684841
565,URLLC,0.05860680048334751
566,URLLC,0.0584522258343542
567,URLLC,0.058303615050203685
568,URLLC,0.0582590388742755
569,URLLC,0.05838450831183641
570,URLLC,0.05815643758648051
571,URLLC,0.0584533737989591
572,URLLC,0.05823862730759913
573,URLLC,0.058268194010098945
574,URLLC,0.0582065406153438
575,URLLC,0.05860525054975103
576,URLLC,0.058375088262927866
577,URLLC,0.05854523938555464
578,URLLC,0.05805915043445955
579,URLLC,0.058441395658490124
580,URLLC,0.058140250422461535
581,URLLC,0.05827505596278519
582,URLLC,0.058192314330578414
583,URLLC,0.05840759596172898
584,URLLC,0.05799387052794247
585,URLLC,0.058557401558694884
586,URLLC,0.05833186887333372
587,URLLC,0.058390139514878904
588,URLLC,0.058372405165209224
589,URLLC,0.058061564138491166
590,URLLC,0.05831430277797588
591,URLLC,0.05847701027479095
592,URLLC,0.058451860325620095
593,URLLC,0.05841870352880411
594,URLLC,0.05821386105168801
595,URLLC,0.05834747126439869
596,URLLC,0.058632384166546925
597,URLLC,0.05824827772341206
598,URLLC,0.05829144115989825
599,URLLC,0.058393283119304695
600,URLLC,0.05869270523575343
601,URLLC,0.058371962648412025
602,URLLC,0.058407201557125234
603,URLLC,0.057991226638880136
604,URLLC,0.058497165948577595
605,URLLC,0.05811110532207123
606,URLLC,0.0581781439805724
607,URLLC,0.05862307894415639
608,URLLC,0.0583060643483687
609,URLLC,0.05839341614839923
610,URLLC,0.05800006827798603
611,URLLC,0.058428203208001114
612,URLLC,0.058228150095027825
613,URLLC,0.05858739360190637
614,URLLC,0.05846220361460412
615,URLLC,0.058305200443342815
616,URLLC,0.05844517682097157
617,URLLC,0.058419525235562667
618,URLLC,0.0582614465897863
619,URLLC,0.05848912320214648
620,URLLC,0.05820925004010319
621,URLLC,0.05856896544736451
622,URLLC,0.05822082184937191
623,URLLC,0.058383752959626944
624,URLLC,0.05830723919939294
625,URLLC,0.05846536762618986
626,URLLC,0.05845512035299815
627,URLLC,0.05818939184753014
628,URLLC,0.058351752345346404
629,URLLC,0.058560110734745416
630,URLLC,0.05816380118043602
631,URLLC,0.058254987590948236
632,URLLC,0.058136230881359274
633,URLLC,0.05811155436789473
634,URLLC,0.058337673838519066
635,URLLC,0.05837807103941753
636,URLLC,0.05827115056603633
637,URLLC,0.05841796183044416
638,URLLC,0.05843439827879316
639,URLLC,0.057934424433140674
640,URLLC,0.058355750568034256
641,URLLC,0.05841557026156968
642,URLLC,0.0582977156773634
643,URLLC,0.05830958307021821
644,URLLC,0.05849828852287443
645,URLLC,0.05845870744445807
646,URLLC,0.05856424641779591
647,URLLC,0.058119183679956665
648,URLLC,0.0579874972132592
649,URLLC,0.05852391665826561
650,URLLC,0.05826040023791932
651,URLLC,0.058222768527881746
652,URLLC,0.058281158356062124
653,URLLC,0.05863558847506027
654,URLLC,0.05834656614909941
655,URLLC,0.05825047632471352
656,URLLC,0.05850885565125194
657,URLLC,0.05867862591970414
658,URLLC,0.05824429793181852
659,URLLC,0.05776904148464614
660,URLLC,0.058287650515047786
661,URLLC,0.0583668019650084
662,URLLC,0.058312727110312
663,URLLC,0.058417998533094956
664,URLLC,0.05805561374522621
665,URLLC,0.05829792634382804
666,URLLC,0.05878460281337775
667,URLLC,0.05818944739066881
668,URLLC,0.058405853418638104
669,URLLC,0.05850839192462628
670,URLLC,0.05819757481477853
671,URLLC,0.05836560627239975
672,URLLC,0.058330124979190504
673,URLLC,0.058355805536064224
674,URLLC,0.0583515206811126
675,URLLC,0.05825544519992193
676,URLLC,0.058422769205747856
677,URLLC,0.05839477589817355
678,URLLC,0.05832567767669699
679,URLLC,0.05837296944638965
680,URLLC,0.058464235538134075
681,URLLC,0.05828859973428906
682,URLLC,0.05843457790277975
683,URLLC,0.05856574390241569
684,URLLC,0.058043213617613935
685,URLLC,0.05847739662229213
686,URLLC,0.05803683672399237
687,URLLC,0.05823042318225388
688,URLLC,0.058334213505477704
689,URLLC,0.05832922148132745
690,URLLC,0.058373828360340066
691,URLLC,0.05800697986468041
692,URLLC,0.05812189824626384
693,URLLC,0.05834818159485097
694,URLLC,0.05831694751038802
695,URLLC,0.05844211853172792
696,URLLC,0.05854313438858237
697,URLLC,0.058429051736550115
698,URLLC,0.05820641835968701
699,URLLC,0.0587169104067881
700,URLLC,0.05850799229414996
701,URLLC,0.05841815583178697
702,URLLC,0.05794581728985162
703,URLLC,0.05830743496583063
704,URLLC,0.058499275586699186
705,URLLC,0.05849234718730944
706,URLLC,0.05835282106040295
707,URLLC,0.05845079704550286
708,URLLC,0.05821045380268976
709,URLLC,0.05839276857067207
710,URLLC,0.05870290443673429
711,URLLC,0.058090779427595565
712,URLLC,0.05822986209581749
713,URLLC,0.05845080022294809
714,URLLC,0.058385829220360196
715,URLLC,0.05811143728758398
716,URLLC,0.05836303087296201
717,URLLC,0.05822583604718649
718,URLLC,0.058483322285333546
719,URLLC,0.0585585857777395
720,URLLC,0.05816217209774727
721,URLLC,0.05847294535134712
722,URLLC,0.0583244655580905
723,URLLC,0.05817970305482433
724,URLLC,0.05810071888602049
725,URLLC,0.058136743740446105
726,URLLC,0.05819007729119461
727,URLLC,0.058472019336503665
728,URLLC,0.05805529538853194
729,URLLC,0.05819512631559033
730,URLLC,0.058272168409863205
731,URLLC,0.05822862440209329
732,URLLC,0.05865009462951815
733,URLLC,0.058261126118602596
734,URLLC,0.05828838339199834
735,URLLC,0.05830473279431033
736,URLLC,0.05817281744405961
737,URLLC,0.058262414481361276
738,URLLC,0.058208727546168994
739,URLLC,0.05827370198404157
740,URLLC,0.05828057547169682
741,URLLC,0.05831577201473934
742,URLLC,0.058347159585984715
743,URLLC,0.05857340326957424
744,URLLC,0.058431859711939836
745,URLLC,0.05842038069331503
746,URLLC,0.058339736293565106
747,URLLC,0.05828984789277549
748,URLLC,0.0584331190027997
749,URLLC,0.05841171836316303
750,URLLC,0.058341509524330655
751,URLLC,0.058471092004773545
752,URLLC,0.05825521125883236
753,URLLC,0.05847833444351279
754,URLLC,0.058545335633246647
755,URLLC,0.05807770200608852
756,URLLC,0.05853058045019009
757,URLLC,0.05826489903160249
758,URLLC,0.058460863974589966
759,URLLC,0.058234171608596605
760,URLLC,0.058340451407853974
761,URLLC,0.05826865851557607
762,URLLC,0.0583500628754635
763,URLLC,0.0585111686693608
764,URLLC,0.05838387868201447
765,URLLC,0.0582594712153792
766,URLLC,0.05827356016943754
767,URLLC,0.05872410384817168
768,URLLC,0.05846537286878652
769,URLLC,0.058320784158696126
770,URLLC,0.05878048945171457
771,URLLC,0.05837255216663854
772,URLLC,0.05834997590728751
773,URLLC,0.05840124996298881
774,URLLC,0.05848630935920083
775,URLLC,0.058450764495682636
776,URLLC,0.058076576343714194
777,URLLC,0.05845541364569356
778,URLLC,0.05817060386627015
779,URLLC,0.05815870021034611
780,URLLC,0.05809273293916795
781,URLLC,0.05849810495650792
782,URLLC,0.058403580607556585
783,URLLC,0.058427472699774954
784,URLLC,0.05807207394873373
785,URLLC,0.05825906485575319
786,URLLC,0.05830284492163006
787,URLLC,0.058387911714833415
788,URLLC,0.05836485479813364
789,URLLC,0.058252979241755036
790,URLLC,0.05832777775614495
791,URLLC,0.05852056927963514
792,URLLC,0.05827642038519671
793,URLLC,0.05822210973005307
794,URLLC,0.05839487262109471
795,URLLC,0.05858004410031918
796,URLLC,0.05824528866898637
797,URLLC,0.05825600060899194
798,URLLC,0.058425995854990996
799,URLLC,0.05817682252528821
800,URLLC,0.05832617654661174
801,URLLC,0.058354588910154936
802,URLLC,0.05838233966485571
803,URLLC,0.058199052203368545
804,URLLC,0.05802160856053189
805,URLLC,0.05825522200333272
806,URLLC,0.05821889879419321
807,URLLC,0.05849199427903205
808,URLLC,0.05836523666255318
809,URLLC,0.05825852907774746
810,URLLC,0.05850081129033041
811,URLLC,0.05834004243160193
812,URLLC,0.05814740715213513
813,URLLC,0.058173911947138245
814,URLLC,0.05830002851565491
815,URLLC,0.05840605807961152
816,URLLC,0.05813284046686235
817,URLLC,0.05845135504511411
818,URLLC,0.058141101032187864
819,URLLC,0.05863319936238254
820,URLLC,0.05842258796101793
821,URLLC,0.0582095216488702
822,URLLC,0.05844696903399469
823,URLLC,0.058482581253844056
824,URLLC,0.058241423361807945
825,URLLC,0.058102699027800936
826,URLLC,0.05801403240562599
827,URLLC,0.05841383180241641
828,URLLC,0.058416524418749005
829,URLLC,0.05841868378525542
830,URLLC,0.05829057549388023
831,URLLC,0.05841741989098547
832,URLLC,0.05852312305663113
833,URLLC,0.058114544166942596
834,URLLC,0.058419514190888734
835,URLLC,0.0586163026346033
836,URLLC,0.05838580591937556
837,URLLC,0.05840249827628965
838,URLLC,0.05804473885763294
839,URLLC,0.058310490901573864
840,URLLC,0.05813951112899667
841,URLLC,0.058243752651991415
842,URLLC,0.05820778678118636
843,URLLC,0.058441117540218496
844,URLLC,0.05846505704069669
845,URLLC,0.05821098572412418
846,URLLC,0.05822527341778831
847,URLLC,0.058381551779645977
848,URLLC,0.05871400380840347
849,URLLC,0.0584222838339409
850,URLLC,0.05863980504845716
851,URLLC,0.05806711138845
852,URLLC,0.05838399162005945
853,URLLC,0.05853742329361429
854,URLLC,0.05858047300853311
855,URLLC,0.057945467428050554
856,URLLC,0.05847530245014115
857,URLLC,0.05835810609682832
858,URLLC,0.058554459799855275
859,URLLC,0.05831818922429858
860,URLLC,0.0586520055765113
861,URLLC,0.057994001077307226
862,URLLC,0.058268471087467424
863,URLLC,0.05858010533676535
864,URLLC,0.0587802707072226
865,URLLC,0.058469837834725424
866,URLLC,0.058228487550200554
867,URLLC,0.058277459658255634
868,URLLC,0.05831992486521592
869,URLLC,0.05835832651501632
870,URLLC,0.05827995883724693
871,URLLC,0.05832420304035363
872,URLLC,0.058415392588917696
873,URLLC,0.05848290577033041
874,URLLC,0.05847734179300599
875,URLLC,0.05817589161719915
876,URLLC,0.05841283383819811
877,URLLC,0.05825861651576726
878,URLLC,0.058425685821327046
879,URLLC,0.05869121028183161
880,URLLC,0.05849316969427303
881,URLLC,0.05867244967040807
882,URLLC,0.05859692881819809
883,URLLC,0.05836288135839683
884,URLLC,0.05856706751469087
885,URLLC,0.05822980194255077
886,URLLC,0.05843426649867786
887,URLLC,0.058271060905621015
888,URLLC,0.05841249975661378
889,URLLC,0.05846143797502069
890,URLLC,0.05834332812301743
891,URLLC,0.058665500000994006
892,URLLC,0.05829703833372326
893,URLLC,0.05879023997721388
894,URLLC,0.0586007560686095
895,URLLC,0.05823061275985429
896,URLLC,0.05846382250020638
897,URLLC,0.058351659312738245
898,URLLC,0.058226246031128824
899,URLLC,0.058565804192597215
900,URLLC,0.05819700655228449
901,URLLC,0.05845730561569505
902,URLLC,0.058118175401472696
903,URLLC,0.05831320046453256
904,URLLC,0.05843106481267687
905,URLLC,0.058267699093338614
906,URLLC,0.05827447840008822
907,URLLC,0.058271476125081316
908,URLLC,0.0589157837025992
909,URLLC,0.05823802406307486
910,URLLC,0.05862395326199672
911,URLLC,0.05836803646560844
912,URLLC,0.0584031340232898
913,URLLC,0.0585494798379286
914,URLLC,0.058598961407332624
915,URLLC,0.05835576703368721
916,URLLC,0.058081922487703476
917,URLLC,0.058581702586585495
918,URLLC,0.0582430558629787
919,URLLC,0.058405294707603916
920,URLLC,0.05843093291077805
921,URLLC,0.05832173749738626
922,URLLC,0.05830140569757219
923,URLLC,0.05834624546272836
924,URLLC,0.05872271109389133
925,URLLC,0.058319678496042936
926,URLLC,0.05831130828238187
927,URLLC,0.058199372574709834
928,URLLC,0.05832391642201086
929,URLLC,0.058723343129783494
930,URLLC,0.05834288008335217
931,URLLC,0.058254654527384646
932,URLLC,0.058228230244835255
933,URLLC,0.057898396649679676
934,URLLC,0.058266075134941885
935,URLLC,0.05833696745918967
936,URLLC,0.05840035872955265
937,URLLC,0.0583531322896651
938,URLLC,0.05806808065974548
939,URLLC,0.057838514955176085
940,URLLC,0.05863641811986733
941,URLLC,0.05856705348223815
942,URLLC,0.058416132251402374
943,URLLC,0.058151332447192214
944,URLLC,0.05821418307062473
945,URLLC,0.058210019256898816
946,URLLC,0.05850521012713667
947,URLLC,0.058323137477530075
948,URLLC,0.05833862572875693
949,URLLC,0.058309297978310796
950,URLLC,0.05827708594456691
951,URLLC,0.058262684259317084
952,URLLC,0.05833934588081471
953,URLLC,0.05811277495616791
954,URLLC,0.05821866522205533
955,URLLC,0.058252215831134595
956,URLLC,0.058217748823127975
957,URLLC,0.058293971526502265
958,URLLC,0.05836980198332958
959,URLLC,0.058173073499541435
960,URLLC,0.05835922236886556
961,URLLC,0.05836158623433719
962,URLLC,0.058456916289784625
963,URLLC,0.05841873056773796
964,URLLC,0.05838449618002689
965,URLLC,0.05808429028728318
966,URLLC,0.05829343586795787
967,URLLC,0.058203295682790375
968,URLLC,0.05843702923844487
969,URLLC,0.05820241595675823
970,URLLC,0.058463778822821076
971,URLLC,0.05816442710360284
972,URLLC,0.058341828192081155
973,URLLC,0.0582720351432749
974,URLLC,0.05826884386287439
975,URLLC,0.058567197186045986
976,URLLC,0.05839840514076249
977,URLLC,0.05844932722524531
978,URLLC,0.05840708119331157
979,URLLC,0.058350090921041854
980,URLLC,0.058345096677846923
981,URLLC,0.0583588874070718
982,URLLC,0.05868213986067942
983,URLLC,0.058460598619148325
984,URLLC,0.05844215343987135
985,URLLC,0.058309150002195255
986,URLLC,0.05824200969471583
987,URLLC,0.05831574826181121
988,URLLC,0.058426105381085246
989,URLLC,0.05814069619410756
990,URLLC,0.058481765125656025
991,URLLC,0.058449742618186695
992,URLLC,0.05809189040990062
993,URLLC,0.058257061009737224
994,URLLC,0.058332235561678165
995,URLLC,0.0584363131731746
996,URLLC,0.05850730515837327
997,URLLC,0.05838267780313477
998,URLLC,0.05831229915224235
999,URLLC,0.058086851480159525
1000,URLLC,0.05844551540650929
1001,URLLC,0.058783715793706406
1002,URLLC,0.05820708045082073
1003,URLLC,0.05805604461625996
1004,URLLC,0.058035725808647486
1005,URLLC,0.058458386426968593
1006,URLLC,0.05820070759480242
1007,URLLC,0.05853427498825824
1008,URLLC,0.058128095315079946
1009,URLLC,0.058339604408475874
1010,URLLC,0.0585539661718142
1011,URLLC,0.05819273501443285
1012,URLLC,0.05814279466550186
1013,URLLC,0.05816851588196933
1014,URLLC,0.05853988815147156
1015,URLLC,0.05805581457224733
1016,URLLC,0.058459556632989844
1017,URLLC,0.05813924998417512
1018,URLLC,0.058340298536189585
1019,URLLC,0.058556866710386915
1020,URLLC,0.05843980936213604
1021,URLLC,0.05830033698969667
1022,URLLC,0.058388176622524005
1023,URLLC,0.058365891234673076
1024,URLLC,0.058270224886350565
1025,URLLC,0.05827920414486909
1026,URLLC,0.05827742094374327
1027,URLLC,0.05821583877800716
1028,URLLC,0.058431448324365955
1029,URLLC,0.05834384059315543
1030,URLLC,0.058290942547829565
1031,URLLC,0.05839936272626623
1032,URLLC,0.05844100885020884
1033,URLLC,0.05830444864302062
1034,URLLC,0.058240404992429065
1035,URLLC,0.05829943625903842
1036,URLLC,0.05820666513266
1037,URLLC,0.0581485482040036
1038,URLLC,0.058446862469210735
1039,URLLC,0.05825195270247561
1040,URLLC,0.0580537242159988
1041,URLLC,0.058029580383659476
1042,URLLC,0.058312323606984594
1043,URLLC,0.05849078791854205
1044,URLLC,0.058599230564809514
1045,URLLC,0.058174641491163984
1046,URLLC,0.05845543702668055
1047,URLLC,0.05818848758739899
1048,URLLC,0.05852735724917008
1049,URLLC,0.05833548083597796
1050,URLLC,0.058213009015095164
1051,URLLC,0.058364479179187106
1052,URLLC,0.05836881965676734
1053,URLLC,0.058437682097501366
1054,URLLC,0.05856214424750144
1055,URLLC,0.058195335156016686
1056,URLLC,0.058283900258415115
1057,URLLC,0.058494095155814274
1058,URLLC,0.05816267324137908
1059,URLLC,0.05815959416586006
1060,URLLC,0.058456074113987906
1061,URLLC,0.05825164046365062
1062,URLLC,0.05816494524156027
1063,URLLC,0.05841882745152647
1064,URLLC,0.05835195564046173
1065,URLLC,0.05813883215482889
1066,URLLC,0.05845228874282007
1067,URLLC,0.05832269370153326
1068,URLLC,0.05825553684260088
1069,URLLC,0.05844867513186475
1070,URLLC,0.058493617338880574
1071,URLLC,0.05858747099506135
1072,URLLC,0.058091615108097475
1073,URLLC,0.05839150794747393
1074,URLLC,0.05865876404135033
1075,URLLC,0.05830827660527168
1076,URLLC,0.05830680705099531
1077,URLLC,0.05816006685447628
1078,URLLC,0.05853031518030842
1079,URLLC,0.058579603276990716
1080,URLLC,0.05858490385319332
1081,URLLC,0.058370105510330866
1082,URLLC,0.05849583912582064
1083,URLLC,0.058537019004672744
1084,URLLC,0.05857827187481652
1085,URLLC,0.05849478804654752
1086,URLLC,0.05840435427790677
1087,URLLC,0.05820165580432237
1088,URLLC,0.05839992631176282
1089,URLLC,0.05855267319051758
1090,URLLC,0.0580194372851264
1091,URLLC,0.058128914641807854
1092,URLLC,0.05796078957047944
1093,URLLC,0.05848044854117037
1094,URLLC,0.058426922269935073
1095,URLLC,0.058374385016687416
1096,URLLC,0.05838997952726092
1097,URLLC,0.05810010904358233
1098,URLLC,0.05847886880735006
1099,URLLC,0.05852476955549763
1100,URLLC,0.05834031992247847
1101,URLLC,0.0584817226939145
1102,URLLC,0.058510838809592756
1103,URLLC,0.058065423728779986
1104,URLLC,0.05825660273523025
1105,URLLC,0.05878279928951641
1106,URLLC,0.05842487641604094
1107,URLLC,0.05840691627691634
1108,URLLC,0.058244299922083693
1109,URLLC,0.058354169982074273
1110,URLLC,0.05840936878306367
1111,URLLC,0.05828708702633893
1112,URLLC,0.058150931938861186
1113,URLLC,0.05824594967923618
1114,URLLC,0.058390836197192326
1115,URLLC,0.05823701834058851
1116,URLLC,0.05836226879700107
1117,URLLC,0.05829354923659394
1118,URLLC,0.058378083804661134
1119,URLLC,0.05799200108070311
1120,URLLC,0.058328137106486155
1121,URLLC,0.058065707465964754
1122,URLLC,0.05823529468764812
1123,URLLC,0.058451255037380155
1124,URLLC,0.05847050698602641
1125,URLLC,0.058325427130451996
1126,URLLC,0.0581712524697524
1127,URLLC,0.05833053973172836
1128,URLLC,0.058414807594119426
1129,URLLC,0.05835074623335975
1130,URLLC,0.05846743856039359
1131,URLLC,0.058609151227245554
1132,URLLC,0.05813079976768857
1133,URLLC,0.05833657090373273
1134,URLLC,0.058236108409785284
1135,URLLC,0.05846318265485577
1136,URLLC,0.058339498853527065
1137,URLLC,0.058591022335656474
1138,URLLC,0.05851683651651121
1139,URLLC,0.05816151341756562
1140,URLLC,0.05815777391283329
1141,URLLC,0.05840912462626069
1142,URLLC,0.058496497116650115
1143,URLLC,0.05855677024420753
1144,URLLC,0.05842194424186309
1145,URLLC,0.05845419960812955
1146,URLLC,0.058406447338925645
1147,URLLC,0.058359589955701674
1148,URLLC,0.058222395360951994
1149,URLLC,0.05832354951062548
1150,URLLC,0.0581741358870132
1151,URLLC,0.05764200645040351
1152,URLLC,0.058354228159515235
1153,URLLC,0.058360578718210133
1154,URLLC,0.05854449242766796
1155,URLLC,0.05834449547536837
1156,URLLC,0.0583475569658293
1157,URLLC,0.05841131321599552
1158,URLLC,0.058465731911053156
1159,URLLC,0.058205405961294504
1160,URLLC,0.05858888325970716
1161,URLLC,0.058345121497339336
1162,URLLC,0.05840113869831882
1163,URLLC,0.05836324974039131
1164,URLLC,0.05825744023848335
1165,URLLC,0.058213536167860666
1166,URLLC,0.05837749977030532
1167,URLLC,0.058377785296439916
1168,URLLC,0.05830585741036236
1169,URLLC,0.05839250307416132
1170,URLLC,0.05828350798193184
1171,URLLC,0.05841756042876323
1172,URLLC,0.0584003607139839
1173,URLLC,0.05820962898267884
1174,URLLC,0.058532370698585766
1175,URLLC,0.05819809115892065
1176,URLLC,0.05851996815733142
1177,URLLC,0.05812907687257534
1178,URLLC,0.058380726967855345
1179,URLLC,0.05834599758393739
1180,URLLC,0.05827403936235066
1181,URLLC,0.058379609421564865
1182,URLLC,0.058357885772673285
1183,URLLC,0.05818203850833628
1184,URLLC,0.05824651018683349
1185,URLLC,0.058642171486308466
1186,URLLC,0.05839121754370079
1187,URLLC,0.05821131321291842
1188,URLLC,0.05842042901687628
1189,URLLC,0.0581762246391276
1190,URLLC,0.05855222705773547
1191,URLLC,0.05828771948560613
1192,URLLC,0.058294513130872666
1193,URLLC,0.05810960521147427
1194,URLLC,0.058016597807627766
1195,URLLC,0.05829055286461762
1196,URLLC,0.05812150417452313
1197,URLLC,0.05852492924839393
1198,URLLC,0.058604819766167264
1199,URLLC,0.05806986157258299
1200,URLLC,0.05812838912823281
1201,URLLC,0.05836841948701913
1202,URLLC,0.05813575912853191
1203,URLLC,0.058489144847463835
1204,URLLC,0.05832056039965605
1205,URLLC,0.05857787343317084
1206,URLLC,0.058426247615415636
1207,URLLC,0.05849700608226162
1208,URLLC,0.05832746763452754
1209,URLLC,0.05829617395060991
1210,URLLC,0.05831262781711298
1211,URLLC,0.058300033016737605
1212,URLLC,0.0581266298633894
1213,URLLC,0.05813028601239054
1214,URLLC,0.05843372413048753
1215,URLLC,0.05821098201685848
1216,URLLC,0.058429363296949574
1217,URLLC,0.058365269968991856
1218,URLLC,0.05839631225141152
1219,URLLC,0.05808099590440518
1220,URLLC,0.05801491133408212
1221,URLLC,0.058373179190858146
1222,URLLC,0.05819270912304044
1223,URLLC,0.058358472089691
1224,URLLC,0.05836980157614634
1225,URLLC,0.05814553663765062
1226,URLLC,0.058419138502358074
1227,URLLC,0.05818143991597519
1228,URLLC,0.05806913360138255
1229,URLLC,0.05819192609064484
1230,URLLC,0.058169654857478874
1231,URLLC,0.05840357559980154
1232,URLLC,0.05824118105232938
1233,URLLC,0.058560964951957326
1234,URLLC,0.05823555589618778
1235,URLLC,0.058177936183156594
1236,URLLC,0.058447441422845275
1237,URLLC,0.05831461357776285
1238,URLLC,0.058421162834596196
1239,URLLC,0.058405052266661345
1240,URLLC,0.058358985771338814
1241,URLLC,0.05797808704563202
1242,URLLC,0.05832430463844059
1243,URLLC,0.05849197833417088
1244,URLLC,0.05828286168964391
1245,URLLC,0.058429282680553675
1246,URLLC,0.058394199642168576
1247,URLLC,0.05841987053786737
1248,URLLC,0.05825176105115801
1249,URLLC,0.05846885988256215
1250,URLLC,0.05852457868604689
1251,URLLC,0.058787973087760216
1252,URLLC,0.05818686061680745
1253,URLLC,0.05801061954783814
1254,URLLC,0.058399492454379365
1255,URLLC,0.05829123562705596
1256,URLLC,0.05842742122850472
1257,URLLC,0.058424777807667604
1258,URLLC,0.05845005854527594
1259,URLLC,0.0584264969028389
1260,URLLC,0.05827746284170982
1261,URLLC,0.05809827020205128
1262,URLLC,0.05823400239033951
1263,URLLC,0.0581688165595776
1264,URLLC,0.05824731287618108
1265,URLLC,0.058172974854264675
1266,URLLC,0.058069602926266776
1267,URLLC,0.058558156464524724
1268,URLLC,0.05821142264168359
1269,URLLC,0.05849415177929252
1270,URLLC,0.05863645479565571
1271,URLLC,0.058443313948823836
1272,URLLC,0.05831234569559105
1273,URLLC,0.058169412799056144
1274,URLLC,0.05835586449512624
1275,URLLC,0.05811719057089195
1276,URLLC,0.05809469882492915
1277,URLLC,0.05856471950412403
1278,URLLC,0.058247862131613995
1279,URLLC,0.05851375461134259
1280,URLLC,0.0581499250518282
1281,URLLC,0.058240562477814214
1282,URLLC,0.05844685006625423
1283,URLLC,0.05853463607757521
1284,URLLC,0.05830174560503687
1285,URLLC,0.05829887762948153
1286,URLLC,0.05843687915036507
1287,URLLC,0.058525238182146916
1288,URLLC,0.05863991518470242
1289,URLLC,0.058240272069591724
1290,URLLC,0.058273172371124685
1291,URLLC,0.05836685610025523
1292,URLLC,0.05836170335551182
1293,URLLC,0.058075610704674804
1294,URLLC,0.058515488213976376
1295,URLLC,0.0581345442467909
1296,URLLC,0.05847922122797543
1297,URLLC,0.058177844450132785
1298,URLLC,0.05835633079067177
1299,URLLC,0.05846349513000953
1300,URLLC,0.05844969404051168
1301,URLLC,0.05847175087848721
1302,URLLC,0.058189458676210566
1303,URLLC,0.057964506128400255
1304,URLLC,0.058136958398128116
1305,URLLC,0.058279861541980914
1306,URLLC,0.058276997211140484
1307,URLLC,0.05830535046707169
1308,URLLC,0.0584281796419813
1309,URLLC,0.05832417286920676
1310,URLLC,0.05813137828550091
1311,URLLC,0.0583533861720267
1312,URLLC,0.05858872953472808
1313,URLLC,0.05822667501437888
1314,URLLC,0.05790941314610546
1315,URLLC,0.058436543915159185
1316,URLLC,0.05834900658043909
1317,URLLC,0.05831296826683049
1318,URLLC,0.05814750563654716
1319,URLLC,0.05835309214038726
1320,URLLC,0.05853354921842108
1321,URLLC,0.05822650984245729
1322,URLLC,0.05842112092695945
1323,URLLC,0.058202753763023515
1324,URLLC,0.05827061284727745
1325,URLLC,0.05808624720347086
1326,URLLC,0.05832841639190254
1327,URLLC,0.05814804562539157
1328,URLLC,0.05853881393200755
1329,URLLC,0.058233248335405406
1330,URLLC,0.05846414404270354
1331,URLLC,0.058365108399307454
1332,URLLC,0.058473842863375355
1333,URLLC,0.058357108806012276
1334,URLLC,0.0585680796307901
1335,URLLC,0.05828222824688373
1336,URLLC,0.05840107539265737
1337,URLLC,0.05824210203961446
1338,URLLC,0.05844879195784569
1339,URLLC,0.05802694456998085
1340,URLLC,0.05842903211298339
1341,URLLC,0.0584400112210702
1342,URLLC,0.05815337155244099
1343,URLLC,0.058417919294437716
1344,URLLC,0.05831360782950965
1345,URLLC,0.05827869806337965
1346,URLLC,0.05837900538261911
1347,URLLC,0.05863959896354193
1348,URLLC,0.058223314005164645
1349,URLLC,0.05829083309191283
1350,URLLC,0.0584185462730263
1351,URLLC,0.05835541174826742
1352,URLLC,0.05831788812640908
1353,URLLC,0.05819360167288758
1354,URLLC,0.058269975923617365
1355,URLLC,0.05829334079324164
1356,URLLC,0.05832947353563869
1357,URLLC,0.058194048420322185
1358,URLLC,0.05825751438374896
1359,URLLC,0.05842726939013251
1360,URLLC,0.0586227992822204
1361,URLLC,0.05826383789661941
1362,URLLC,0.05843520373658917
1363,URLLC,0.058252637442852084
1364,URLLC,0.05851852401911247
1365,URLLC,0.05826288387352764
1366,URLLC,0.058150153551459006
1367,URLLC,0.05793697604967831
1368,URLLC,0.058219478346749357
1369,URLLC,0.05864742354797146
1370,URLLC,0.05825213757616648
1371,URLLC,0.05806411620075248
1372,URLLC,0.05850883009501081
1373,URLLC,0.0581847386972972
1374,URLLC,0.05862863127145876
1375,URLLC,0.05836028593783218
1376,URLLC,0.05844496642237353
1377,URLLC,0.058336578123464114
1378,URLLC,0.05812048289908948
1379,URLLC,0.05850353899862628
1380,URLLC,0.05853203269630008
1381,URLLC,0.05844467197321422
1382,URLLC,0.05867587165898918
1383,URLLC,0.05821502331076008
1384,URLLC,0.05875990172837924
1385,URLLC,0.05826438822173777
1386,URLLC,0.058199829261702314
1387,URLLC,0.058462729578026645
1388,URLLC,0.058195300398735744
1389,URLLC,0.058252938803882014
1390,URLLC,0.05842280462471397
1391,URLLC,0.058354619368643876
1392,URLLC,0.05821368007935093
1393,URLLC,0.05836428785215972
1394,URLLC,0.05830200408610926
1395,URLLC,0.058568117967970845
1396,URLLC,0.05826878998875987
1397,URLLC,0.05818486206480518
1398,URLLC,0.05842118520693232
1399,URLLC,0.05817247323753463
1400,URLLC,0.058271344702544955
1401,URLLC,0.058415402399787764
1402,URLLC,0.058325634261246345
1403,URLLC,0.05836656842395561
1404,URLLC,0.05856931761825351
1405,URLLC,0.05845078793746228
1406,URLLC,0.05832760976209823
1407,URLLC,0.05835327983639191
1408,URLLC,0.05821852252428763
1409,URLLC,0.058342568628942194
1410,URLLC,0.05806824655706138
1411,URLLC,0.058348354469248936
1412,URLLC,0.0584607901772973
1413,URLLC,0.058504115618289734
1414,URLLC,0.058349307080359195
1415,URLLC,0.05836629037518752
1416,URLLC,0.05838791824732516
1417,URLLC,0.05831928503717112
1418,URLLC,0.058409724042598955
1419,URLLC,0.05833548481143717
1420,URLLC,0.05846090794281349
1421,URLLC,0.05872225322838469
1422,URLLC,0.05820375860628586
1423,URLLC,0.058363952784494355
1424,URLLC,0.05860448001303799
1425,URLLC,0.05833098910333106
1426,URLLC,0.05825784776930721
1427,URLLC,0.058337458080402395
1428,URLLC,0.05835197364443784
1429,URLLC,0.057901646231386106
1430,URLLC,0.05850590511578234
1431,URLLC,0.05848090057334914
1432,URLLC,0.05840820495036826
1433,URLLC,0.05845616301107698
1434,URLLC,0.0581869219764676
1435,URLLC,0.0582625880419919
1436,URLLC,0.058541527347048004
1437,URLLC,0.058418912156237776
1438,URLLC,0.05834319787743623
1439,URLLC,0.058172654828463344
1440,URLLC,0.05831942714262152
1441,URLLC,0.0582751903033137
1442,URLLC,0.058359891768399896
1443,URLLC,0.05868966080724716
1444,URLLC,0.058564514092556044
1445,URLLC,0.058405649114095515
1446,URLLC,0.058264965682850826
1447,URLLC,0.05805938715379847
1448,URLLC,0.05822255608302396
1449,URLLC,0.05840159854378229
1450,URLLC,0.05853027986258104
1451,URLLC,0.05845549276892706
1452,URLLC,0.05860118359720219
1453,URLLC,0.05835212435031819
1454,URLLC,0.058298026928866334
1455,URLLC,0.05815029157019602
1456,URLLC,0.05827427664210132
1457,URLLC,0.05852379011523225
1458,URLLC,0.05814960651388892
1459,URLLC,0.058293669643763805
1460,URLLC,0.058196261585882036
1461,URLLC,0.05829070138480584
1462,URLLC,0.058318560751944915
1463,URLLC,0.058467944947654206
1464,URLLC,0.058204454137816934
1465,URLLC,0.058434994091634655
1466,URLLC,0.058515174208332695
1467,URLLC,0.05816096415527582
1468,URLLC,0.058699784144701235
1469,URLLC,0.058613252715714284
1470,URLLC,0.058207035238985905
1471,URLLC,0.058099683190546696
1472,URLLC,0.05868942491554379
1473,URLLC,0.058191309441373115
1474,URLLC,0.05835011087850427
1475,URLLC,0.058186109871500656
1476,URLLC,0.05850489904222754
1477,URLLC,0.05838424526150247
1478,URLLC,0.058327928426128314
1479,URLLC,0.058141342280815904
1480,URLLC,0.05794720197352704
1481,URLLC,0.05835280112852438
1482,URLLC,0.05839032105150891
1483,URLLC,0.05845314766808874
1484,URLLC,0.05843921538465121
1485,URLLC,0.05861580485500133
1486,URLLC,0.05819348110867318
1487,URLLC,0.05854905491387108
1488,URLLC,0.05828876234325549
1489,URLLC,0.05820049033691779
1490,URLLC,0.058423537986172946
1491,URLLC,0.05799039238133895
1492,URLLC,0.058262563475321646
1493,URLLC,0.05836749124076118
1494,URLLC,0.058319202498830866
1495,URLLC,0.058224884961680885
1496,URLLC,0.05826059160576366
1497,URLLC,0.05847935258615577
1498,URLLC,0.058405021067816344
1499,URLLC,0.0583123768210294
1500,URLLC,0.05820598134206624
1501,URLLC,0.05809259240841305
1502,URLLC,0.05841867516057344
1503,URLLC,0.058251379364997746
1504,URLLC,0.05824995308670156
1505,URLLC,0.058214437782066406
1506,URLLC,0.05847442245121398
1507,URLLC,0.05824061294327444
1508,URLLC,0.058174770413354074
1509,URLLC,0.058283605485504396
1510,URLLC,0.058463738895556665
1511,URLLC,0.058405952123572344
1512,URLLC,0.05856369246038538
1513,URLLC,0.05858579547819739
1514,URLLC,0.058399889659314065
1515,URLLC,0.058287106690382444
1516,URLLC,0.05857586598404877
1517,URLLC,0.05832248751586664
1518,URLLC,0.05843507205601546
1519,URLLC,0.05839049466672765
1520,URLLC,0.058467512854683545
1521,URLLC,0.058464161389461526
1522,URLLC,0.058172449199187404
1523,URLLC,0.05848341722756968
1524,URLLC,0.058527331041559834
1525,URLLC,0.05853133081915204
1526,URLLC,0.05860732107638057
1527,URLLC,0.058480696650656125
1528,URLLC,0.058495808840497945
1529,URLLC,0.05832637366881288
1530,URLLC,0.058206913663994775
1531,URLLC,0.058343869106825125
1532,URLLC,0.05837872254690543
1533,URLLC,0.05827148788826086
1534,URLLC,0.058403187456234656
1535,URLLC,0.058362042470186414
1536,URLLC,0.05823720511816088
1537,URLLC,0.05853759121388369
1538,URLLC,0.05829210612787298
1539,URLLC,0.0582003216327061
1540,URLLC,0.058206528948457854
1541,URLLC,0.058375003413297356
1542,URLLC,0.058444757559573964
1543,URLLC,0.058468178208105875
1544,URLLC,0.058238268593999734
1545,URLLC,0.0580556467325511
1546,URLLC,0.05831793046883128
1547,URLLC,0.058421780096594336
1548,URLLC,0.05838910622195077
1549,URLLC,0.05853128209811484
1550,URLLC,0.058323130871287696
1551,URLLC,0.05853388544231191
1552,URLLC,0.05840810817070651
1553,URLLC,0.05853657847870928
1554,URLLC,0.05784516709859919
1555,URLLC,0.05825259726339563
1556,URLLC,0.058356125009907514
1557,URLLC,0.05855436210322764
1558,URLLC,0.058478997734658124
1559,URLLC,0.058513163597427746
1560,URLLC,0.05836821465574271
1561,URLLC,0.05836697015475104
1562,URLLC,0.0583676433770588
1563,URLLC,0.05836320871752624
1564,URLLC,0.05830928312831837
1565,URLLC,0.05826686395666282
1566,URLLC,0.05844632380409728
1567,URLLC,0.058411273023702394
1568,URLLC,0.058433390716830194
1569,URLLC,0.05804103619271834
1570,URLLC,0.058537506792549404
1571,URLLC,0.05825737498231219
1572,URLLC,0.05871903282890514
1573,URLLC,0.057999186536276004
1574,URLLC,0.058336920323329385
1575,URLLC,0.05853237096052966
1576,URLLC,0.05815043978266343
1577,URLLC,0.05809336880594689
1578,URLLC,0.05858641021571676
1579,URLLC,0.0584591505435782
1580,URLLC,0.058331220615993086
1581,URLLC,0.058212096014043785
1582,URLLC,0.05840883880575517
1583,URLLC,0.05831751993647218
1584,URLLC,0.058350568908610526
1585,URLLC,0.05855027351617504
1586,URLLC,0.05834477071685423
1587,URLLC,0.05859164011686908
1588,URLLC,0.058156151768033196
1589,URLLC,0.05837586101201296
1590,URLLC,0.0583949575532363
1591,URLLC,0.05839427744882187
1592,URLLC,0.058515795026172886
1593,URLLC,0.05829563195840842
1594,URLLC,0.05818068006398875
1595,URLLC,0.05841777484477241
1596,URLLC,0.05814813243715225
1597,URLLC,0.05852062164878643
1598,URLLC,0.058289870581871975
1599,URLLC,0.0581114228305647
1600,URLLC,0.05827496729092586
1601,URLLC,0.05835745010511611
1602,URLLC,0.05834987551533249
1603,URLLC,0.05817221153870253
1604,URLLC,0.058285476631416186
1605,URLLC,0.05800540673360445
1606,URLLC,0.05838324065327848
1607,URLLC,0.05820961985800251
1608,URLLC,0.05834612488953737
1609,URLLC,0.05824863064587937
1610,URLLC,0.05830022058557725
1611,URLLC,0.058464047414324476
1612,URLLC,0.05837198047040628
1613,URLLC,0.05845103081533686
1614,URLLC,0.05809516809846194
1615,URLLC,0.05861580876912756
1616,URLLC,0.05849210109884421
1617,URLLC,0.05800512547830896
1618,URLLC,0.058535662009117626
1619,URLLC,0.0583935992302139
1620,URLLC,0.058364484949142356
1621,URLLC,0.05860681139302808
1622,URLLC,0.058434762582952986
1623,URLLC,0.05818253810745319
1624,URLLC,0.058281691624327524
1625,URLLC,0.05818460764108363
1626,URLLC,0.05792875200143264
1627,URLLC,0.058609448247706065
1628,URLLC,0.058370205096183056
1629,URLLC,0.0581143276214489
1630,URLLC,0.05850844721279348
1631,URLLC,0.058681445377700404
1632,URLLC,0.05813421001084688
1633,URLLC,0.05820250623559929
1634,URLLC,0.05842812410357679
1635,URLLC,0.05836865175771891
1636,URLLC,0.058206480634959784
1637,URLLC,0.05844121179682211
1638,URLLC,0.05857692301165716
1639,URLLC,0.05821675047973271
1640,URLLC,0.0584651325625933
1641,URLLC,0.05841220457043416
1642,URLLC,0.05856698668280333
1643,URLLC,0.05820042592309566
1644,URLLC,0.058541164567370234
1645,URLLC,0.0582938212609575
1646,URLLC,0.05833848064590483
1647,URLLC,0.05830201348093549
1648,URLLC,0.05832258921488254
1649,URLLC,0.05822709269513457
1650,URLLC,0.058352691031940115
1651,URLLC,0.058343312589824635
1652,URLLC,0.05811009811218431
1653,URLLC,0.058331972165726734
1654,URLLC,0.058528711086357064
1655,URLLC,0.05845599071787951
1656,URLLC,0.05842674238388668
1657,URLLC,0.05851768148979261
1658,URLLC,0.05817133088200377
1659,URLLC,0.058626001744912226
1660,URLLC,0.05825250047151786
1661,URLLC,0.058325818129489
1662,URLLC,0.05845664374036549
1663,URLLC,0.058248781999241286
1664,URLLC,0.058242945046830724
1665,URLLC,0.05844614411510179
1666,URLLC,0.058708953249429624
1667,URLLC,0.058181032450673874
1668,URLLC,0.058481314818616154
1669,URLLC,0.05837575994093279
1670,URLLC,0.058352983909855397
1671,URLLC,0.058240837813034976
1672,URLLC,0.05826424507067911
1673,URLLC,0.05847673657636273
1674,URLLC,0.05831058499872958
1675,URLLC,0.058320145607308735
1676,URLLC,0.058280350922646655
1677,URLLC,0.05835562947232027
1678,URLLC,0.05831048244369225
1679,URLLC,0.05800717314990309
1680,URLLC,0.05814293476168548
1681,URLLC,0.058350263922010155
1682,URLLC,0.058293840036580995
1683,URLLC,0.05851033215296884
1684,URLLC,0.058530841102453525
1685,URLLC,0.058426215693397496
1686,URLLC,0.058496782467934334
1687,URLLC,0.0584856776156329
1688,URLLC,0.058541319934583544
1689,URLLC,0.05813465214997901
1690,URLLC,0.05838141086092359
1691,URLLC,0.05849479462959186
1692,URLLC,0.05867815584478469
1693,URLLC,0.058436825125568484
1694,URLLC,0.058310349306080055
1695,URLLC,0.058062478119052505
1696,URLLC,0.058419572652086645
1697,URLLC,0.058133861240251224
1698,URLLC,0.058489664074331926
1699,URLLC,0.05836926682147739
1700,URLLC,0.05817124117672665
1701,URLLC,0.058254408818618805
1702,URLLC,0.0582516514246606
1703,URLLC,0.058337791669563634
1704,URLLC,0.05812494317015096
1705,URLLC,0.0581072128802001
1706,URLLC,0.0583261093732041
1707,URLLC,0.05822691285133741
1708,URLLC,0.0583842878419339
1709,URLLC,0.05820911473712532
1710,URLLC,0.058261672641558626
1711,URLLC,0.05793137806811617
1712,URLLC,0.05852272327804999
1713,URLLC,0.05840911768414746
1714,URLLC,0.05840806785409171
1715,URLLC,0.05827523097098432
1716,URLLC,0.058210903682648904
1717,URLLC,0.05856461972190832
1718,URLLC,0.05849784397178681
1719,URLLC,0.05843377256272098
1720,URLLC,0.058196258526792596
1721,URLLC,0.058459507660484175
1722,URLLC,0.05848719560066956
1723,URLLC,0.05854554320775314
1724,URLLC,0.0584626648693058
1725,URLLC,0.05835656372201283
1726,URLLC,0.058291485379031026
1727,URLLC,0.05831777169314379
1728,URLLC,0.05834051451236897
1729,URLLC,0.05810931819836603
1730,URLLC,0.058269988477536144
1731,URLLC,0.05858766912128713
1732,URLLC,0.05846586471359785
1733,URLLC,0.05831591745821406
1734,URLLC,0.05799871842044199
1735,URLLC,0.05845610935550126
1736,URLLC,0.05858657991220363
1737,URLLC,0.05836968020283377
1738,URLLC,0.05824816731848258
1739,URLLC,0.05867731933626135
1740,URLLC,0.058480317825397705
1741,URLLC,0.05835046849436556
1742,URLLC,0.05849324381545778
1743,URLLC,0.05829704610343085
1744,URLLC,0.058385438170918486
1745,URLLC,0.05859822157282772
1746,URLLC,0.058424330259108696
1747,URLLC,0.0582993008294264
1748,URLLC,0.058419302630312676
1749,URLLC,0.05830549221818486
1750,URLLC,0.05862034357154637
1751,URLLC,0.05861395282748828
1752,URLLC,0.05846419019287998
1753,URLLC,0.05830947548047677
1754,URLLC,0.05829167679708999
1755,URLLC,0.058252277545379365
1756,URLLC,0.05821936358079486
1757,URLLC,0.05817797960796047
1758,URLLC,0.05814559652848855
1759,URLLC,0.058501377496777404
1760,URLLC,0.05847173382035993
1761,URLLC,0.05846830934308638
1762,URLLC,0.05839697323556343
1763,URLLC,0.058437108682812836
1764,URLLC,0.05837814635438452
1765,URLLC,0.058233074656017784
1766,URLLC,0.058614016327154704
1767,URLLC,0.058440859771151314
1768,URLLC,0.05824942489506764
1769,URLLC,0.05847119162020242
1770,URLLC,0.058459728608435985
1771,URLLC,0.05806392905060612
1772,URLLC,0.05813366171436817
1773,URLLC,0.05833061880081767
1774,URLLC,0.05824779403763909
1775,URLLC,0.05822450394368838
1776,URLLC,0.05839766686738494
1777,URLLC,0.05849165009840417
1778,URLLC,0.058568987494649755
1779,URLLC,0.05842309385631739
1780,URLLC,0.05812469293501474
1781,URLLC,0.05845591972620975
1782,URLLC,0.05829528650177274
1783,URLLC,0.05828265715087832
1784,URLLC,0.058465042808707866
1785,URLLC,0.05831042664141446
1786,URLLC,0.05847360293148003
1787,URLLC,0.05857765378499259
1788,URLLC,0.058330518356409664
1789,URLLC,0.0583062849089932
1790,URLLC,0.05833219535567225
1791,URLLC,0.058496354380968604
1792,URLLC,0.058507292226087
1793,URLLC,0.058338240311566814
1794,URLLC,0.05829715454152602
1795,URLLC,0.05864927918970228
1796,URLLC,0.05836633429217525
1797,URLLC,0.05836892538037978
1798,URLLC,0.05843438945835007
1799,URLLC,0.058260613526675685
1800,URLLC,0.05840249462702374
1801,URLLC,0.0582486497433492
1802,URLLC,0.058407661284352236
1803,URLLC,0.058444751398053774
1804,URLLC,0.05856659547383985
1805,URLLC,0.058383143177199594
1806,URLLC,0.058538645868202996
1807,URLLC,0.058258000697543465
1808,URLLC,0.058499697828449326
1809,URLLC,0.058508400419869364
1810,URLLC,0.05816064507378258
1811,URLLC,0.05816993100786418
1812,URLLC,0.05840956801382633
1813,URLLC,0.058707145067697544
1814,URLLC,0.05835504516900367
1815,URLLC,0.05840412487812764
1816,URLLC,0.05848337158839718
1817,URLLC,0.05822427269986446
1818,URLLC,0.058280266648271906
1819,URLLC,0.058519929594716115
1820,URLLC,0.058264032965334216
1821,URLLC,0.058618224920010634
1822,URLLC,0.05818585665888446
1823,URLLC,0.05818886385200562
1824,URLLC,0.05829478269747752
1825,URLLC,0.05846732903371916
1826,URLLC,0.058426585254320054
1827,URLLC,0.05830063020940218
1828,URLLC,0.05804518778263457
1829,URLLC,0.05824138954199552
1830,URLLC,0.058166357131963026
1831,URLLC,0.05830229040415873
1832,URLLC,0.058232173959959124
1833,URLLC,0.058394745357440804
1834,URLLC,0.05852724768322377
1835,URLLC,0.05824467068108256
1836,URLLC,0.05849460532256388
1837,URLLC,0.05821048269016704
1838,URLLC,0.05812411537272635
1839,URLLC,0.0585496111698641
1840,URLLC,0.058339627146058226
1841,URLLC,0.05829976230214004
1842,URLLC,0.058500598887448386
1843,URLLC,0.058240650184291795
1844,URLLC,0.05820248881845185
1845,URLLC,0.05855432748719802
1846,URLLC,0.05860376330180099
1847,URLLC,0.058371954831795685
1848,URLLC,0.05843265357573421
1849,URLLC,0.05839417048939433
1850,URLLC,0.058385572937941714
1851,URLLC,0.058267326429239825
1852,URLLC,0.05813768318206467
1853,URLLC,0.05822318637713053
1854,URLLC,0.05825139808337522
1855,URLLC,0.05854143349654367
1856,URLLC,0.058365264652046354
1857,URLLC,0.058254445171782986
1858,URLLC,0.0585181319780631
1859,URLLC,0.058285656924697095
1860,URLLC,0.05819188269278683
1861,URLLC,0.05855985775036165
1862,URLLC,0.058553193689640924
1863,URLLC,0.058263304130250056
1864,URLLC,0.05858481569164839
1865,URLLC,0.058219228677473055
1866,URLLC,0.058048185638570705
1867,URLLC,0.05846598899996675
1868,URLLC,0.05835195850016862
1869,URLLC,0.058319405381431454
1870,URLLC,0.05833661838311112
1871,URLLC,0.05819767535774472
1872,URLLC,0.05810096593596361
1873,URLLC,0.05799294037525025
1874,URLLC,0.05826039345134747
1875,URLLC,0.05863794428323659
1876,URLLC,0.058328130647970204
1877,URLLC,0.058304455504312
1878,URLLC,0.05835698357734306
1879,URLLC,0.05851096518701383
1880,URLLC,0.05830274786001362
1881,URLLC,0.058274465036535834
1882,URLLC,0.058223434344727036
1883,URLLC,0.05851581957947302
1884,URLLC,0.05801945389723093
1885,URLLC,0.05824764855417187
1886,URLLC,0.058487103617888926
1887,URLLC,0.0580289836111516
1888,URLLC,0.05829756413337613
1889,URLLC,0.05807411617474281
1890,URLLC,0.05856101959938696
1891,URLLC,0.05836124915585744
1892,URLLC,0.058382146841656775
1893,URLLC,0.05856948280048127
1894,URLLC,0.05829410404947074
1895,URLLC,0.05817342681388073
1896,URLLC,0.0585372418784658
1897,URLLC,0.05824380890063596
1898,URLLC,0.058330519939825354
1899,URLLC,0.058350086999349175
1900,URLLC,0.058158126957250034
1901,URLLC,0.058620988803970334
1902,URLLC,0.05821337931446734
1903,URLLC,0.05852541116845821
1904,URLLC,0.05832386046810348
1905,URLLC,0.05838212263147511
1906,URLLC,0.05862378867242423
1907,URLLC,0.05841657927521592
1908,URLLC,0.058102591657586425
1909,URLLC,0.058489383891289555
1910,URLLC,0.05812840709132915
1911,URLLC,0.05849166735655881
1912,URLLC,0.05841763188830881
1913,URLLC,0.058395260757553684
1914,URLLC,0.05856053155322127
1915,URLLC,0.0583936647573509
1916,URLLC,0.05780214516930193
1917,URLLC,0.05845114416846026
1918,URLLC,0.05827360748818179
1919,URLLC,0.05833651248345228
1920,URLLC,0.058084319462692095
1921,URLLC,0.05837162898601919
1922,URLLC,0.058455611595787674
1923,URLLC,0.058287625840067296
1924,URLLC,0.05826752190785018
1925,URLLC,0.0586267615106741
1926,URLLC,0.05841716932886568
1927,URLLC,0.05841678166117631
1928,URLLC,0.05836172161794236
1929,URLLC,0.05809791086785774
1930,URLLC,0.05824675607345738
1931,URLLC,0.058452798208338354
1932,URLLC,0.05818608290238283
1933,URLLC,0.058263506358078504
1934,URLLC,0.058129050861702544
1935,URLLC,0.05819517237970258
1936,URLLC,0.05853774810681314
1937,URLLC,0.05838895524892953
1938,URLLC,0.05798203585728151
1939,URLLC,0.05830883149724193
1940,URLLC,0.0582385143352861
1941,URLLC,0.05840607643973972
1942,URLLC,0.05845798896001246
1943,URLLC,0.058263773281508835
1944,URLLC,0.05836752910267779
1945,URLLC,0.058289858195802825
1946,URLLC,0.05839763796442077
1947,URLLC,0.05860793094736141
1948,URLLC,0.05817414882267984
1949,URLLC,0.05853223041599208
1950,URLLC,0.05836567298752612
1951,URLLC,0.058247346492661695
1952,URLLC,0.0581939726835021
1953,URLLC,0.05839566030915203
1954,URLLC,0.05850388718099164
1955,URLLC,0.05829555018021486
1956,URLLC,0.058292978348653976
1957,URLLC,0.05854444462304012
1958,URLLC,0.058182935003827825
1959,URLLC,0.058017864658918374
1960,URLLC,0.05852420254562971
1961,URLLC,0.05829763906469892
1962,URLLC,0.058349211920012425
1963,URLLC,0.05821503513446517
1964,URLLC,0.05793396603465162
1965,URLLC,0.058239087300998395
1966,URLLC,0.05830227709029364
1967,URLLC,0.058322852096594456
1968,URLLC,0.05830061397699753
1969,URLLC,0.05823283401464923
1970,URLLC,0.05828535404421307
1971,URLLC,0.05827596630562733
1972,URLLC,0.05844441111840396
1973,URLLC,0.05854639606517905
1974,URLLC,0.0584158640907369
1975,URLLC,0.058446364049927695
1976,URLLC,0.058386996749439896
1977,URLLC,0.058218089493517595
1978,URLLC,0.05844638375969865
1979,URLLC,0.05820999227683397
1980,URLLC,0.058478078614526474
1981,URLLC,0.05841449108701277
1982,URLLC,0.05809096602094708
1983,URLLC,0.058135870513508305
1984,URLLC,0.05847211358490746
1985,URLLC,0.05853717550238876
1986,URLLC,0.05808465344020832
1987,URLLC,0.05846309479911732
1988,URLLC,0.0583353640010893
1989,URLLC,0.05826853149898769
1990,URLLC,0.05810145546715902
1991,URLLC,0.05832898601460117
1992,URLLC,0.05831998892165003
1993,URLLC,0.058380445136064114
1994,URLLC,0.05835082189262269
1995,URLLC,0.05864155644557261
1996,URLLC,0.05829068837295704
1997,URLLC,0.05820376985901029
1998,URLLC,0.058396057864984086
1999,URLLC,0.058528954560736805
0,eMBB,0.0
1,eMBB,0.0
2,eMBB,0.0
3,eMBB,0.0
4,eMBB,0.0
5,eMBB,0.0
6,eMBB,0.0
7,eMBB,0.0
8,eMBB,0.0
9,eMBB,0.0
10,eMBB,0.9898384855230312
11,eMBB,1.0870290165213867
12,eMBB,1.1917768575962364
13,eMBB,1.2733509584036522
14,eMBB,1.3585530455950168
15,eMBB,1.4731458827982713
16,eMBB,1.573986136675243
17,eMBB,1.6684282251673093
18,eMBB,1.7028567985598955
19,eMBB,1.8458205410187944
20,eMBB,1.8682674492177804
21,eMBB,1.972824895458342
22,eMBB,2.173729490761514
23,eMBB,2.158818714594413
24,eMBB,2.195096099192945
25,eMBB,2.3789432318306067
26,eMBB,2.41747011328438
27,eMBB,2.4774081987051155
28,eMBB,2.392582730953142
29,eMBB,2.717801595524756
30,eMBB,2.634676123737893
31,eMBB,2.930105340952163
32,eMBB,2.9396788719014304
33,eMBB,3.1027510225754282
34,eMBB,3.1674254039709977
35,eMBB,3.1356488458357283
36,eMBB,3.259645957180929
37,eMBB,3.21426897641286
38,eMBB,3.3826525378120063
39,eMBB,3.72729566455746
40,eMBB,3.532425902349799
41,eMBB,3.6160523058310368
42,eMBB,3.9567593208584726
43,eMBB,3.6330717261799035
44,eMBB,3.934654707757223
45,eMBB,4.14137542804986
46,eMBB,4.121514524838135
47,eMBB,3.917555027666395
48,eMBB,4.409923783292637
49,eMBB,4.557963314088635
50,eMBB,4.296108013836824
51,eMBB,4.6605810302236685
52,eMBB,4.8390111265166365
53,eMBB,4.679930002943993
54,eMBB,4.551821573636732
55,eMBB,4.977188206853662
56,eMBB,4.754980455482636
57,eMBB,5.414199420764823
58,eMBB,4.786289068646033
59,eMBB,5.348773129716439
60,eMBB,5.193588656192973
61,eMBB,5.11547850250668
62,eMBB,5.333633454125693
63,eMBB,5.358706315086834
64,eMBB,5.9490565467025505
65,eMBB,5.75488035048634
66,eMBB,6.086019156704032
67,eMBB,5.8341570587876435
68,eMBB,6.144102014600803
69,eMBB,5.708357600146479
70,eMBB,6.498562894651253
71,eMBB,6.419837330305879
72,eMBB,6.449631256384812
73,eMBB,6.782403912577161
74,eMBB,6.307610177179936
75,eMBB,5.923209360886148
76,eMBB,6.706999628266078
77,eMBB,6.58042649725928
78,eMBB,6.767408733924969
79,eMBB,7.202040004178071
80,eMBB,7.5288187075608555
81,eMBB,7.205951463516117
82,eMBB,7.125871534590347
83,eMBB,7.168217260693964
84,eMBB,7.884937159264495
85,eMBB,7.736937890459636
86,eMBB,6.729157090140961
87,eMBB,7.490714265539689
88,eMBB,7.231040821544345
89,eMBB,6.962468565314084
90,eMBB,7.807143408233952
91,eMBB,7.632430174453209
92,eMBB,7.8464427220115525
93,eMBB,7.04228273464735
94,eMBB,7.585023079094196
95,eMBB,7.710514252540214
96,eMBB,8.136335722442764
97,eMBB,6.855685121205436
98,eMBB,9.098874050930492
99,eMBB,7.79417330329132
100,eMBB,7.049064985532949
101,eMBB,8.362338513287936
102,eMBB,8.66286649438166
103,eMBB,8.270405432884912
104,eMBB,9.26734949479622
105,eMBB,9.315935576223813
106,eMBB,9.419722697770418
107,eMBB,9.167115606532624
108,eMBB,8.50671970646874
109,eMBB,7.177840959085575
110,eMBB,9.634195863634574
111,eMBB,7.8835939834152144
112,eMBB,8.958043795742517
113,eMBB,9.80502711919633
114,eMBB,9.208680306243485
115,eMBB,9.44155398253021
116,eMBB,9.620835428374841
117,eMBB,10.70787693432386
118,eMBB,9.401000600877447
119,eMBB,9.021419475829292
120,eMBB,6.754994294293876
121,eMBB,10.005794847178223
122,eMBB,9.301146696151616
123,eMBB,10.35854521447412
124,eMBB,10.433836013516915
125,eMBB,9.727184361092412
126,eMBB,10.720828816178726
127,eMBB,8.72770895523359
128,eMBB,9.867671317277724
129,eMBB,10.06480234806752
130,eMBB,10.549124010814658
131,eMBB,10.764057046980035
132,eMBB,9.317845272957845
133,eMBB,9.819917632471485
134,eMBB,9.316254019415085
135,eMBB,9.23612891976604
136,eMBB,11.137514636876974
137,eMBB,11.463222739063955
138,eMBB,10.698343463527255
139,eMBB,9.401305358957964
140,eMBB,9.983643648610348
141,eMBB,11.300192456005423
142,eMBB,10.196316875312302
143,eMBB,10.476230606298877
144,eMBB,11.564535454184487
145,eMBB,9.815315381415896
146,eMBB,11.806795687102602
147,eMBB,9.662143260834545
148,eMBB,12.055383229645452
149,eMBB,11.042407060646815
150,eMBB,9.893116934410758
151,eMBB,10.526237349379205
152,eMBB,10.766005767541914
153,eMBB,10.868202644680853
154,eMBB,10.33325048571744
155,eMBB,9.836537709423004
156,eMBB,12.589664532087907
157,eMBB,10.767458314792158
158,eMBB,10.676264074803571
159,eMBB,11.800113590927827
160,eMBB,9.984053848174563
161,eMBB,12.140485414828062
162,eMBB,10.716417099136144
163,eMBB,9.97152792679059
164,eMBB,11.312475227698867
165,eMBB,10.441879298991054
166,eMBB,10.986858199615549
167,eMBB,11.321671129463516
168,eMBB,9.269637313843127
169,eMBB,10.931746302454703
170,eMBB,9.516744558693231
171,eMBB,11.378874416735517
172,eMBB,10.675711543074595
173,eMBB,9.59897218952427
174,eMBB,10.554118040362987
175,eMBB,9.65244295453434
176,eMBB,9.520064665726114
177,eMBB,8.486517444482484
178,eMBB,9.944862336836547
179,eMBB,9.918937711858653
180,eMBB,7.397596234081942
181,eMBB,8.145704695095306
182,eMBB,8.392390829632888
183,eMBB,9.366362367646525
184,eMBB,9.887692681005907
185,eMBB,8.958243451423428
186,eMBB,9.14045410936582
187,eMBB,9.262608140057303
188,eMBB,7.864567707977386
189,eMBB,8.89051886524588
190,eMBB,9.088855035701343
191,eMBB,8.349421207499622
192,eMBB,7.299614329236488
193,eMBB,8.5923288689762
194,eMBB,8.945388101717464
195,eMBB,9.038242175416944
196,eMBB,9.343492842017994
197,eMBB,9.007214223882686
198,eMBB,9.018197620731941
199,eMBB,8.608696972242322
200,eMBB,8.9641688176843
201,eMBB,11.498031379240958
202,eMBB,10.34815274864349
203,eMBB,8.390083604252954
204,eMBB,8.271892755368798
205,eMBB,7.417978181922839
206,eMBB,9.26814960377777
207,eMBB,8.565175707486086
208,eMBB,9.508234188588833
209,eMBB,7.852856894225426
210,eMBB,9.15121660001028
211,eMBB,7.71597924981129
212,eMBB,8.120902450505579
213,eMBB,7.728186407749609
214,eMBB,10.308253322574446
215,eMBB,8.69737909480998
216,eMBB,9.073923138445336
217,eMBB,9.229802147335938
218,eMBB,7.80638890545211
219,eMBB,9.698510505518753
220,eMBB,7.762029428719615
221,eMBB,9.384477713521122
222,eMBB,9.532181932631717
223,eMBB,8.667737878480313
224,eMBB,9.032832878417578
225,eMBB,9.062917555445704
226,eMBB,10.335359822583317
227,eMBB,9.774960481377233
228,eMBB,9.165046075551428
229,eMBB,9.131418438693869
230,eMBB,9.763985202576032
231,eMBB,8.092413315239057
232,eMBB,9.37858973171809
233,eMBB,9.61644609571469
234,eMBB,9.280330369896937
235,eMBB,9.684011451618035
236,eMBB,8.684072579068378
237,eMBB,9.35918474154356
238,eMBB,6.848988777648565
239,eMBB,9.482475890470118
240,eMBB,9.753345590765283
241,eMBB,8.832650619430026
242,eMBB,9.256335012553773
243,eMBB,9.345029043144349
244,eMBB,9.92338971550906
245,eMBB,8.896968331815911
246,eMBB,9.738111485659568
247,eMBB,10.04674192259059
248,eMBB,8.540708491689461
249,eMBB,8.94083144905081
250,eMBB,10.385444972977316
251,eMBB,11.135952166713516
252,eMBB,9.910973732184674
253,eMBB,9.592599241391362
254,eMBB,8.22832775627924
255,eMBB,8.592601244668167
256,eMBB,8.12427400437469
257,eMBB,8.327257231276624
258,eMBB,9.702030033824848
259,eMBB,9.315731585534179
260,eMBB,10.743252083698383
261,eMBB,10.022985468504732
262,eMBB,10.362875223033885
263,eMBB,8.545874249772384
264,eMBB,9.557088184780763
265,eMBB,9.790333805591668
266,eMBB,9.04858771885779
267,eMBB,10.351551058857243
268,eMBB,8.454097119394143
269,eMBB,11.431673981381207
270,eMBB,9.791330201629947
271,eMBB,10.183087744241814
272,eMBB,8.559621662846109
273,eMBB,11.31044909287531
274,eMBB,9.821687689479266
275,eMBB,10.481658267651484
276,eMBB,10.578999708831656
277,eMBB,10.68453720641805
278,eMBB,8.657688085716181
279,eMBB,10.491438631200797
280,eMBB,10.159802483021306
281,eMBB,8.870272028398343
282,eMBB,10.369325586881558
283,eMBB,9.33248816976708
284,eMBB,11.78835256468979
285,eMBB,10.847098802628512
286,eMBB,9.489381427077628
287,eMBB,9.534839569918331
288,eMBB,8.960648780107357
289,eMBB,9.396373444748535
290,eMBB,10.577681727228438
291,eMBB,10.412013363665652
292,eMBB,9.040944881022327
293,eMBB,8.998124666589776
294,eMBB,10.237978579031658
295,eMBB,11.32780740818634
296,eMBB,11.297460603657141
297,eMBB,8.062074412694995
298,eMBB,8.689068065290734
299,eMBB,9.573371702985915
300,eMBB,10.93655494169851
301,eMBB,8.530930777451252
302,eMBB,9.544839073616666
303,eMBB,10.485409569675715
304,eMBB,8.498764217760456
305,eMBB,12.695648180632393
306,eMBB,8.678503080068339
307,eMBB,8.733815917401675
308,eMBB,10.728851540172373
309,eMBB,8.883240577710033
310,eMBB,8.719752185955807
311,eMBB,8.569915884332179
312,eMBB,9.561393686350014
313,eMBB,9.89221712858256
314,eMBB,7.735411406151854
315,eMBB,11.9821078568801
316,eMBB,9.624315001288165
317,eMBB,11.145087818802324
318,eMBB,9.113973813881348
319,eMBB,9.788215615488296
320,eMBB,9.882899435205204
321,eMBB,10.123820764783744
322,eMBB,9.024412646755097
323,eMBB,7.743096098781148
324,eMBB,8.668854561570715
325,eMBB,8.865857718473098
326,eMBB,10.883306233049225
327,eMBB,10.832734653591253
328,eMBB,10.368413136205824
329,eMBB,11.010611258056622
330,eMBB,10.009270555590422
331,eMBB,8.683898703340619
332,eMBB,11.225408111974549
333,eMBB,10.604429274542303
334,eMBB,8.345889924902412
335,eMBB,9.882120302208884
336,eMBB,9.738298882332993
337,eMBB,8.769302089008779
338,eMBB,11.057467228784926
339,eMBB,9.556192926460675
340,eMBB,9.384622424507684
341,eMBB,7.8882345315235
342,eMBB,9.745532759295873
343,eMBB,10.205828902790723
344,eMBB,10.393084801344147
345,eMBB,10.2596522225881
346,eMBB,11.55302414901259
347,eMBB,7.01665756936684
348,eMBB,9.462603996870811
349,eMBB,11.244284834864027
350,eMBB,8.649555221244448
351,eMBB,8.834261807684163
352,eMBB,8.773466457168224
353,eMBB,9.557519917662287
354,eMBB,8.737439854859453
355,eMBB,9.83769526559255
356,eMBB,9.623505820319947
357,eMBB,9.868434576369966
358,eMBB,9.527177884679771
359,eMBB,10.156503454785524
360,eMBB,9.252222484370057
361,eMBB,9.094085826388547
362,eMBB,10.241427565099368
363,eMBB,9.575388318392044
364,eMBB,9.333971707082508
365,eMBB,9.600797940206041
366,eMBB,10.14092277501388
367,eMBB,9.802444365713766
368,eMBB,8.773333117685471
369,eMBB,10.455472834574213
370,eMBB,10.209104386224588
371,eMBB,8.61613497505292
372,eMBB,10.129738170484853
373,eMBB,7.58656982858794
374,eMBB,9.760907684973876
375,eMBB,9.27364659320271
376,eMBB,8.999843429764702
377,eMBB,9.529933688710397
378,eMBB,10.215447378859029
379,eMBB,9.86901247342103
380,eMBB,8.888027291205866
381,eMBB,8.284254841603161
382,eMBB,8.184591370819827
383,eMBB,8.178539067262257
384,eMBB,8.47861321475356
385,eMBB,7.906672445259963
386,eMBB,10.773722582082247
387,eMBB,8.648808694131095
388,eMBB,9.642508568799176
389,eMBB,9.348187098366205
390,eMBB,8.540891475038773
391,eMBB,9.48487459968991
392,eMBB,9.262880492198358
393,eMBB,11.13322518803914
394,eMBB,8.547253290166408
395,eMBB,7.581128445536361
396,eMBB,10.85391253660016
397,eMBB,9.725380706797143
398,eMBB,10.848536501148084
399,eMBB,9.965682090895125
400,eMBB,8.77293933881379
401,eMBB,8.63228669046115
402,eMBB,8.361351075794502
403,eMBB,8.908468806757888
404,eMBB,10.769949908575159
405,eMBB,10.18625234068615
406,eMBB,11.21822728618841
407,eMBB,10.577867303683776
408,eMBB,9.038700609886051
409,eMBB,10.066287944393302
410,eMBB,9.618221697343396
411,eMBB,9.157199186432095
412,eMBB,9.406306055639048
413,eMBB,8.539172198379356
414,eMBB,8.787524582447583
415,eMBB,11.618350654644066
416,eMBB,10.67741785584735
417,eMBB,7.984799910223978
418,eMBB,8.987487611722887
419,eMBB,9.625403369613238
420,eMBB,9.02965134824598
421,eMBB,8.914668510313568
422,eMBB,11.041539865277615
423,eMBB,9.423414571312952
424,eMBB,9.164556273241582
425,eMBB,11.013997469148974
426,eMBB,9.840305950964664
427,eMBB,9.429515969060123
428,eMBB,8.588397931822252
429,eMBB,10.129884112746874
430,eMBB,7.710661673721044
431,eMBB,10.463590223896603
432,eMBB,9.728657883701654
433,eMBB,10.240465926854974
434,eMBB,10.233443165764927
435,eMBB,9.355401465785416
436,eMBB,10.115543191780503
437,eMBB,10.803906697189761
438,eMBB,10.012380249502467
439,eMBB,10.300589790202338
440,eMBB,9.151244321609871
441,eMBB,10.074269829192323
442,eMBB,9.565149678054569
443,eMBB,10.491659462474994
444,eMBB,12.109780899547124
445,eMBB,9.301674265315656
446,eMBB,8.293847602383867
447,eMBB,7.865913821545697
448,eMBB,8.451149326069459
449,eMBB,10.192394850900554
450,eMBB,9.611443054119595
451,eMBB,8.67518461956105
452,eMBB,9.418176659016623
453,eMBB,9.879123518361643
454,eMBB,9.047131486029317
455,eMBB,9.720693848722627
456,eMBB,8.747748116827296
457,eMBB,9.466616290249924
458,eMBB,10.755117575624945
459,eMBB,8.760594441437648
460,eMBB,10.800256790415176
461,eMBB,8.830907711738812
462,eMBB,11.132467409670646
463,eMBB,10.785328366273697
464,eMBB,11.515773617344347
465,eMBB,10.095465566609382
466,eMBB,7.691876731626422
467,eMBB,10.26148957919341
468,eMBB,7.913754558358676
469,eMBB,8.499784868025724
470,eMBB,8.71908608863603
471,eMBB,9.84104681595166
472,eMBB,9.8429083204409
473,eMBB,8.010711616530974
474,eMBB,9.555777013011125
475,eMBB,10.082775691394767
476,eMBB,9.26261633082656
477,eMBB,9.669231925132609
478,eMBB,9.679147785464744
479,eMBB,9.762609014039354
480,eMBB,10.457993953181742
481,eMBB,9.796916075545566
482,eMBB,9.221867780115847
483,eMBB,8.963921453097054
484,eMBB,9.075382330805475
485,eMBB,8.888427733757572
486,eMBB,8.178647947732468
487,eMBB,8.561807945495222
488,eMBB,11.217274197979435
489,eMBB,10.791812690621718
490,eMBB,8.358217896539172
491,eMBB,9.041081558429292
492,eMBB,8.710188559237787
493,eMBB,11.075587098708365
494,eMBB,9.349385977071682
495,eMBB,9.483349569876973
496,eMBB,10.005484554901836
497,eMBB,9.159091710344333
498,eMBB,9.342154318174543
499,eMBB,9.283224278074258
500,eMBB,10.504912782908498
501,eMBB,9.936661076214525
502,eMBB,8.469219962429364
503,eMBB,11.01334368497856
504,eMBB,9.477305696714955
505,eMBB,9.474095635453507
506,eMBB,9.050068316790117
507,eMBB,9.833457138368757
508,eMBB,8.636434187093275
509,eMBB,10.482361629684627
510,eMBB,8.086612401624862
511,eMBB,8.599420201690174
512,eMBB,8.919494682640774
513,eMBB,8.226462571893487
514,eMBB,10.073123125712948
515,eMBB,9.470306057771129
516,eMBB,10.201875890493763
517,eMBB,7.343431361715476
518,eMBB,9.42556008768273
519,eMBB,9.042395688778802
520,eMBB,10.720717445035548
521,eMBB,9.93080897984357
522,eMBB,9.283379528270029
523,eMBB,9.600319717235545
524,eMBB,10.48064738847224
525,eMBB,8.851280449823092
526,eMBB,8.632461764120027
527,eMBB,9.615027497485183
528,eMBB,9.26212718265955
529,eMBB,10.230126075699703
530,eMBB,11.554545629877245
531,eMBB,9.963755185272158
532,eMBB,9.284562587019874
533,eMBB,10.355022066505489
534,eMBB,8.996657765052646
535,eMBB,9.180613559679479
536,eMBB,11.127628516136046
537,eMBB,9.085477837737407
538,eMBB,9.451640535476573
539,eMBB,8.263725111467453
540,eMBB,11.608061042974258
541,eMBB,9.781951524248631
542,eMBB,9.04934035949796
543,eMBB,10.367402424762039
544,eMBB,11.757643839501256
545,eMBB,9.460099848882429
546,eMBB,11.17349610462294
547,eMBB,10.094608200322053
548,eMBB,9.172687100239022
549,eMBB,7.604416008266261
550,eMBB,9.261851744889292
551,eMBB,8.25753760728813
552,eMBB,9.96457443210326
553,eMBB,7.967341454660556
554,eMBB,9.42563206352375
555,eMBB,9.801816057625036
556,eMBB,10.068094745708962
557,eMBB,9.005904812892775
558,eMBB,8.09603716921401
559,eMBB,9.076513483406877
560,eMBB,11.526818108415043
561,eMBB,9.467687936618969
562,eMBB,9.903089915411707
563,eMBB,9.322866323798072
564,eMBB,9.709876209458209
565,eMBB,10.401391873688063
566,eMBB,9.76978346540935
567,eMBB,8.837533130656478
568,eMBB,9.43226837240694
569,eMBB,8.46046724480437
570,eMBB,8.796933219437665
571,eMBB,9.856004808747088
572,eMBB,9.94828436931825
573,eMBB,8.979506613919265
574,eMBB,9.798527604371337
575,eMBB,10.866335966349446
576,eMBB,10.675934746976974
577,eMBB,10.209444714928253
578,eMBB,9.365650729674885
579,eMBB,8.777431982429574
580,eMBB,9.187663952132095
581,eMBB,9.056332006724668
582,eMBB,10.009573954361548
583,eMBB,9.736885864694193
584,eMBB,8.063889918907117
585,eMBB,9.527618476159109
586,eMBB,11.56140818195187
587,eMBB,8.673946446356805
588,eMBB,9.337139091880603
589,eMBB,8.16446843595055
590,eMBB,10.138659870456678
591,eMBB,11.1259576466939
592,eMBB,7.6747788028192465
593,eMBB,9.622848355861821
594,eMBB,9.355509373061972
595,eMBB,10.139679749140624
596,eMBB,10.716345083482196
597,eMBB,10.985819808140008
598,eMBB,8.708022905689598
599,eMBB,9.700284330872744
600,eMBB,9.2518274570582
601,eMBB,9.334921271984912
602,eMBB,9.574476001802536
603,eMBB,6.744854800832528
604,eMBB,10.304758031262251
605,eMBB,11.265154813646616
606,eMBB,10.502568581346305
607,eMBB,10.607169011730223
608,eMBB,8.473432359517231
609,eMBB,8.30817073263614
610,eMBB,9.772317096083416
611,eMBB,7.715130741209175
612,eMBB,9.113482996947415
613,eMBB,10.080677621622455
614,eMBB,9.75870557144505
615,eMBB,9.570008950664446
616,eMBB,8.260873389796227
617,eMBB,9.729002111269297
618,eMBB,9.877007691087698
619,eMBB,9.649343778474886
620,eMBB,9.097537321630133
621,eMBB,8.9114030012129
622,eMBB,8.593519874750946
623,eMBB,11.061653093202214
624,eMBB,9.45920631058994
625,eMBB,8.695755410511824
626,eMBB,7.47063234861853
627,eMBB,10.44073749862058
628,eMBB,10.312547738421035
629,eMBB,7.543390494770231
630,eMBB,9.202270519354945
631,eMBB,9.694143006803861
632,eMBB,9.946321007723434
633,eMBB,10.524791834000572
634,eMBB,10.484799299045894
635,eMBB,9.435462937903106
636,eMBB,9.16158867718091
637,eMBB,9.66252234271284
638,eMBB,9.373177709861949
639,eMBB,10.243557849526304
640,eMBB,9.762728557135368
641,eMBB,9.502092771923227
642,eMBB,8.887562827061556
643,eMBB,8.210067115052532
644,eMBB,10.078747154827735
645,eMBB,11.007424509848358
646,eMBB,10.792646986284772
647,eMBB,9.152350137427574
648,eMBB,8.707687142762065
649,eMBB,10.959617923564789
650,eMBB,10.361289157262085
651,eMBB,9.564153920600917
652,eMBB,9.915302715051162
653,eMBB,8.46191734809295
654,eMBB,9.331970763253194
655,eMBB,11.939037609338625
656,eMBB,8.826487466909139
657,eMBB,9.168535365183141
658,eMBB,9.552621241250295
659,eMBB,9.932640812130904
660,eMBB,10.724461104663648
661,eMBB,9.384872882294575
662,eMBB,10.977674518355839
663,eMBB,9.029490517528496
664,eMBB,9.917744883572572
665,eMBB,8.860793966897784
666,eMBB,8.629336302310012
667,eMBB,9.726959371452722
668,eMBB,9.304496100746311
669,eMBB,10.90715176628018
670,eMBB,10.072766717082294
671,eMBB,9.4599697315879
672,eMBB,8.919386983900559
673,eMBB,10.297090801074479
674,eMBB,7.632111986615147
675,eMBB,8.192318563744587
676,eMBB,10.05252099483739
677,eMBB,8.453347385813599
678,eMBB,8.752015087246203
679,eMBB,8.556845238591892
680,eMBB,6.727273187458433
681,eMBB,10.182191682785264
682,eMBB,8.931825901339272
683,eMBB,7.726645691827793
684,eMBB,7.749369537885098
685,eMBB,9.462135639408679
686,eMBB,10.633037945914728
687,eMBB,11.114518775846005
688,eMBB,9.483176745140307
689,eMBB,10.755617188637588
690,eMBB,9.260986127302074
691,eMBB,10.444486687143588
692,eMBB,11.375188726740983
693,eMBB,9.480418396071263
694,eMBB,10.932863150056066
695,eMBB,10.997815957880618
696,eMBB,8.712204415687767
697,eMBB,8.571801656877144
698,eMBB,10.643756303345718
699,eMBB,11.277293366689678
700,eMBB,9.794115853003047
701,eMBB,10.184218824057403
702,eMBB,9.078767400931556
703,eMBB,10.193210288973706
704,eMBB,9.600409269145883
705,eMBB,10.654855258192955
706,eMBB,9.962032755708158
707,eMBB,10.621472276869092
708,eMBB,8.910675120742498
709,eMBB,10.106956280253838
710,eMBB,8.877664804078377
711,eMBB,9.125502030298989
712,eMBB,9.8074516181932
713,eMBB,8.811771250029421
714,eMBB,9.901992115893808
715,eMBB,10.169978999950107
716,eMBB,9.285035560981688
717,eMBB,9.198669007563272
718,eMBB,9.97213479477044
719,eMBB,11.608541712681824
720,eMBB,9.260170917397948
721,eMBB,9.042550432688966
722,eMBB,9.966121627279943
723,eMBB,8.643029159848826
724,eMBB,9.261881593555895
725,eMBB,10.945485063188324
726,eMBB,8.582153266961333
727,eMBB,10.628832799785295
728,eMBB,9.203388286573054
729,eMBB,8.131320610279444
730,eMBB,8.513815428364639
731,eMBB,11.206816747113017
732,eMBB,8.936716995687545
733,eMBB,9.976114250594081
734,eMBB,8.265096910686351
735,eMBB,11.449469622286095
736,eMBB,9.840097255169693
737,eMBB,7.991756535156809
738,eMBB,9.965603364398751
739,eMBB,8.0642613186246
740,eMBB,9.749036816242086
741,eMBB,11.130003822609005
742,eMBB,8.18774764198322
743,eMBB,8.979301579171878
744,eMBB,9.291329289366724
745,eMBB,8.80852856080119
746,eMBB,11.2540726808462
747,eMBB,8.403762030365018
748,eMBB,10.417381968668355
749,eMBB,10.917036645634894
750,eMBB,10.327044078295465
751,eMBB,7.683355217746262
752,eMBB,8.352302509330958
753,eMBB,9.688985795534094
754,eMBB,8.867684658119844
755,eMBB,10.529549866485473
756,eMBB,8.792433856327712
757,eMBB,8.921169523517941
758,eMBB,9.35142837617
759,eMBB,8.699108308434042
760,eMBB,9.809897350661627
761,eMBB,9.479411366553217
762,eMBB,9.798112877198662
763,eMBB,9.177918628434094
764,eMBB,9.41984206920694
765,eMBB,9.57395201859168
766,eMBB,8.99190367155621
767,eMBB,8.673813682346642
768,eMBB,10.131635119399421
769,eMBB,10.09416547101809
770,eMBB,8.192533699015122
771,eMBB,8.951587556970601
772,eMBB,8.343810935774522
773,eMBB,9.535596491501726
774,eMBB,9.16899255626477
775,eMBB,8.14042903696485
776,eMBB,9.438134399652895
777,eMBB,10.591744462463618
778,eMBB,8.215816260957727
779,eMBB,10.431146650445474
780,eMBB,8.72268221712332
781,eMBB,9.331373439040902
782,eMBB,8.93023267948317
783,eMBB,9.980014996557559
784,eMBB,8.511279847943543
785,eMBB,10.32096881616469
786,eMBB,8.94410542491835
787,eMBB,8.962264900295642
788,eMBB,8.902073454186379
789,eMBB,9.692545553113623
790,eMBB,9.634373528092889
791,eMBB,8.249978997239324
792,eMBB,9.668235653310441
793,eMBB,7.991345769584881
794,eMBB,9.122061561522319
795,eMBB,9.56001863256153
796,eMBB,8.77278769500054
797,eMBB,8.12327991601636
798,eMBB,9.769028006609497
799,eMBB,9.815494049970725
800,eMBB,8.84166039579121
801,eMBB,9.099657577080105
802,eMBB,9.519779735898798
803,eMBB,9.329195544364726
804,eMBB,9.644360603300068
805,eMBB,11.01669658880943
806,eMBB,9.12090109030956
807,eMBB,10.235311615933265
808,eMBB,9.883937286145526
809,eMBB,12.0413730174271
810,eMBB,9.248114420702885
811,eMBB,10.560297489317227
812,eMBB,10.0568486506955
813,eMBB,9.782801744844088
814,eMBB,10.368848115594963
815,eMBB,10.337337823289914
816,eMBB,9.961696161813213
817,eMBB,9.342443395619377
818,eMBB,9.43883269349578
819,eMBB,9.352800759075455
820,eMBB,9.878733194255648
821,eMBB,10.016388219187586
822,eMBB,8.941984620215441
823,eMBB,8.995981084071007
824,eMBB,9.75016839312731
825,eMBB,8.820521595919084
826,eMBB,10.216240560368242
827,eMBB,9.598121464894753
828,eMBB,9.300425511636327
829,eMBB,7.466665867777867
830,eMBB,10.467827402257797
831,eMBB,11.830712897783279
832,eMBB,10.08332166025869
833,eMBB,9.52776280744926
834,eMBB,8.587518913640405
835,eMBB,10.15357900078474
836,eMBB,11.955079359987094
837,eMBB,8.505042326692436
838,eMBB,11.323077576596834
839,eMBB,9.030355633632045
840,eMBB,9.663433834018804
841,eMBB,11.090201560212186
842,eMBB,10.017124215969263
843,eMBB,8.964800133752904
844,eMBB,8.974088724003142
845,eMBB,9.066358752841296
846,eMBB,8.81213170135119
847,eMBB,10.875378451698678
848,eMBB,11.115325561479462
849,eMBB,10.08812912198484
850,eMBB,9.421135606723183
851,eMBB,10.098896506813281
852,eMBB,9.364140756335383
853,eMBB,8.579798362441485
854,eMBB,10.096880704861208
855,eMBB,8.979983484478645
856,eMBB,9.967635413756282
857,eMBB,10.490087299817585
858,eMBB,9.102836272415184
859,eMBB,9.029133075047806
860,eMBB,8.837927515654368
861,eMBB,10.412635274607753
862,eMBB,10.250292089049791
863,eMBB,9.47260585738126
864,eMBB,10.855854665496246
865,eMBB,9.591551508861135
866,eMBB,9.428223799491528
867,eMBB,8.684980752309656
868,eMBB,10.408065093572922
869,eMBB,9.00900826923355
870,eMBB,8.38444375771379
871,eMBB,9.165723211056987
872,eMBB,8.465165227770012
873,eMBB,7.669487880787816
874,eMBB,10.484788672818834
875,eMBB,9.850599448153021
876,eMBB,10.351128060119647
877,eMBB,8.957163401439201
878,eMBB,10.606339280774455
879,eMBB,9.659494590787878
880,eMBB,9.610035847807886
881,eMBB,10.66396429704444
882,eMBB,10.439962895158123
883,eMBB,10.457493118589078
884,eMBB,10.114597637815711
885,eMBB,8.207371482605696
886,eMBB,11.31532358065917
887,eMBB,9.404775567693765
888,eMBB,8.693532697613866
889,eMBB,9.228438303871597
890,eMBB,10.384018775325162
891,eMBB,9.462429594403307
892,eMBB,10.498307234754764
893,eMBB,8.933808316185443
894,eMBB,9.004219605789263
895,eMBB,10.380852645836818
896,eMBB,10.26161048092315
897,eMBB,8.746583085187805
898,eMBB,8.407114409487786
899,eMBB,11.254927708870419
900,eMBB,8.191058383695097
901,eMBB,10.348221207079744
902,eMBB,8.75277483343299
903,eMBB,9.026529588665085
904,eMBB,9.137053406478515
905,eMBB,9.570667716426055
906,eMBB,8.15500334799535
907,eMBB,9.867569741211755
908,eMBB,8.5683542034752
909,eMBB,9.649635594484273
910,eMBB,10.668583285709824
911,eMBB,8.51046299291125
912,eMBB,10.657829735160492
913,eMBB,7.240757497472293
914,eMBB,10.79893941175983
915,eMBB,8.567503309473176
916,eMBB,11.345818734946185
917,eMBB,8.983401680226654
918,eMBB,9.815690652258978
919,eMBB,9.46385024190962
920,eMBB,9.869723354541025
921,eMBB,10.094734532673113
922,eMBB,7.365684680114442
923,eMBB,8.208806872505914
924,eMBB,8.020138413359824
925,eMBB,9.904687913988102
926,eMBB,8.902454411192402
927,eMBB,10.809431724429794
928,eMBB,9.13767883620032
929,eMBB,8.53526749023721
930,eMBB,10.403823661701823
931,eMBB,8.239573224190812
932,eMBB,8.777715966333586
933,eMBB,8.134895652611181
934,eMBB,10.831275916420468
935,eMBB,9.679637997367733
936,eMBB,10.55457114060977
937,eMBB,8.497110347235424
938,eMBB,9.830452284920273
939,eMBB,9.270503305487395
940,eMBB,9.323043333814253
941,eMBB,9.16017183254737
942,eMBB,9.009501960463334
943,eMBB,7.627649233802212
944,eMBB,8.985950476077525
945,eMBB,7.8973603112808615
946,eMBB,9.880680184314407
947,eMBB,9.743547955377851
948,eMBB,9.495112444670376
949,eMBB,8.622247529219536
950,eMBB,9.352930338913271
951,eMBB,10.009724720021607
952,eMBB,9.879546024775482
953,eMBB,10.96768242048765
954,eMBB,10.26005908121987
955,eMBB,10.314041866596481
956,eMBB,9.446543851030526
957,eMBB,9.278162795434225
958,eMBB,10.246881429934767
959,eMBB,10.265831715104037
960,eMBB,10.626574222132186
961,eMBB,9.234194480352397
962,eMBB,8.998546603090464
963,eMBB,9.897718597280896
964,eMBB,8.686520861935458
965,eMBB,10.633756944217557
966,eMBB,7.081128224295134
967,eMBB,8.097188630321146
968,eMBB,9.032975106986035
969,eMBB,8.879988766906816
970,eMBB,9.066812959566045
971,eMBB,8.79565592209811
972,eMBB,9.205473608342711
973,eMBB,10.6228068287813
974,eMBB,9.230676820397886
975,eMBB,10.209967404129161
976,eMBB,10.180023583887511
977,eMBB,9.390187780118113
978,eMBB,9.856302384795665
979,eMBB,8.900479621057501
980,eMBB,7.858896625516019
981,eMBB,9.931282205717924
982,eMBB,11.438203612610934
983,eMBB,9.763441032684383
984,eMBB,8.911702281510527
985,eMBB,9.455971107538394
986,eMBB,8.983108074957697
987,eMBB,9.60295056155391
988,eMBB,10.650075790596858
989,eMBB,11.315138707492288
990,eMBB,10.899286332192254
991,eMBB,8.628048949742151
992,eMBB,8.706310299942125
993,eMBB,8.401806702469527
994,eMBB,9.7219531766693
995,eMBB,9.55992629625865
996,eMBB,7.100811212663466
997,eMBB,8.524372030718432
998,eMBB,11.856955064391018
999,eMBB,10.461679364832882
1000,eMBB,8.758180247199023
1001,eMBB,9.342506301618684
1002,eMBB,9.134390536809946
1003,eMBB,10.600508423580997
1004,eMBB,9.801949134586122
1005,eMBB,9.702074972817433
1006,eMBB,9.407106820816981
1007,eMBB,11.421408022593047
1008,eMBB,7.978199961370454
1009,eMBB,8.796025320435561
1010,eMBB,10.149936887611263
1011,eMBB,9.165630368150348
1012,eMBB,9.845010740320427
1013,eMBB,8.402793450200685
1014,eMBB,10.328097662021754
1015,eMBB,9.645051124970559
1016,eMBB,10.066033999109651
1017,eMBB,9.046278635501068
1018,eMBB,9.54535486770259
1019,eMBB,8.326421272984058
1020,eMBB,10.096227568777538
1021,eMBB,10.850889962601098
1022,eMBB,10.539052472951333
1023,eMBB,10.161945802640929
1024,eMBB,10.41493139818165
1025,eMBB,9.24331086081583
1026,eMBB,11.029586729306136
1027,eMBB,9.428448652972309
1028,eMBB,8.75543756074432
1029,eMBB,9.246751746873176
1030,eMBB,8.049013514430555
1031,eMBB,9.573946436388383
1032,eMBB,8.867200123673525
1033,eMBB,9.209494136092502
1034,eMBB,11.11256689594562
1035,eMBB,8.558291511975144
1036,eMBB,8.266677211908696
1037,eMBB,10.575517864068624
1038,eMBB,9.373238309042419
1039,eMBB,8.031554845018531
1040,eMBB,9.940305627617924
1041,eMBB,8.448379253542484
1042,eMBB,9.022277277926172
1043,eMBB,9.007669827877987
1044,eMBB,10.039744508195055
1045,eMBB,9.515326081549546
1046,eMBB,8.920109228600056
1047,eMBB,9.583772500504734
1048,eMBB,10.979834770761773
1049,eMBB,8.673386848063556
1050,eMBB,10.036568080786537
1051,eMBB,12.186646148505734
1052,eMBB,9.265436893425939
1053,eMBB,10.337539092780268
1054,eMBB,7.9145571190453134
1055,eMBB,9.750174806929559
1056,eMBB,9.651850542749687
1057,eMBB,7.58238437999185
1058,eMBB,10.098469442362585
1059,eMBB,11.086345421663022
1060,eMBB,9.879080449912571
1061,eMBB,8.631183707321936
1062,eMBB,9.115020333649081
1063,eMBB,9.182156288944634
1064,eMBB,9.68647896059536
1065,eMBB,9.451536747571236
1066,eMBB,9.097424352567016
1067,eMBB,10.179272360823452
1068,eMBB,9.225867513260393
1069,eMBB,7.996364516456552
1070,eMBB,10.633918254222456
1071,eMBB,11.272710216049244
1072,eMBB,8.411209697247397
1073,eMBB,9.125941890991061
1074,eMBB,10.234620904447091
1075,eMBB,10.829931770918517
1076,eMBB,8.733989812441123
1077,eMBB,8.43795122091483
1078,eMBB,9.384283288583994
1079,eMBB,8.781163744202896
1080,eMBB,8.570702992723973
1081,eMBB,8.262196056411732
1082,eMBB,9.611196957645834
1083,eMBB,10.707024509246283
1084,eMBB,9.334052651063626
1085,eMBB,9.552567709581172
1086,eMBB,7.102068464771742
1087,eMBB,8.998367125148913
1088,eMBB,8.140535272849077
1089,eMBB,9.092098160327904
1090,eMBB,11.29601133894101
1091,eMBB,9.853454153357907
1092,eMBB,11.571617681048204
1093,eMBB,8.096013753857891
1094,eMBB,9.925748126640546
1095,eMBB,10.157551185325943
1096,eMBB,7.747844646711522
1097,eMBB,10.132450208324869
1098,eMBB,8.372659317740695
1099,eMBB,9.323877412911521
1100,eMBB,9.181151241941944
1101,eMBB,7.955536618330743
1102,eMBB,9.33337789218614
1103,eMBB,8.253041770778404
1104,eMBB,9.570804357653435
1105,eMBB,9.254526804462955
1106,eMBB,10.43834873490216
1107,eMBB,9.314738511147526
1108,eMBB,8.814257939750428
1109,eMBB,9.71726253853805
1110,eMBB,9.795716592951939
1111,eMBB,8.45975193901911
1112,eMBB,8.279928982368514
1113,eMBB,9.891545607465067
1114,eMBB,9.701871561623191
1115,eMBB,8.534695556653643
1116,eMBB,8.242515947729869
1117,eMBB,10.992258067702656
1118,eMBB,11.678502399134683
1119,eMBB,9.062601952509846
1120,eMBB,9.872585635099716
1121,eMBB,9.702261156431451
1122,eMBB,9.226677219809009
1123,eMBB,10.349928789497659
1124,eMBB,9.325934742235829
1125,eMBB,9.255459678047352
1126,eMBB,7.233000985931647
1127,eMBB,9.657995920496711
1128,eMBB,9.245428147826456
1129,eMBB,9.35558077922703
1130,eMBB,8.753955972084688
1131,eMBB,11.750250421104258
1132,eMBB,9.374179818606288
1133,eMBB,8.23435384228165
1134,eMBB,8.896924348661415
1135,eMBB,9.584039209601677
1136,eMBB,9.535136766596048
1137,eMBB,9.601880600905108
1138,eMBB,8.493670614330718
1139,eMBB,8.248316233107452
1140,eMBB,9.544286292510838
1141,eMBB,9.593969463430838
1142,eMBB,9.848898174485655
1143,eMBB,9.228476038175158
1144,eMBB,9.60376543100954
1145,eMBB,7.579667196432159
1146,eMBB,9.730284190013549
1147,eMBB,9.823865238557042
1148,eMBB,10.344837278480888
1149,eMBB,8.479425555410613
1150,eMBB,12.134174385377516
1151,eMBB,10.25086297286548
1152,eMBB,11.039720847372717
1153,eMBB,10.079667915557529
1154,eMBB,9.310762543499962
1155,eMBB,10.81818615626545
1156,eMBB,9.873639861773965
1157,eMBB,9.794549630930003
1158,eMBB,9.675113139839308
1159,eMBB,7.413889713001749
1160,eMBB,8.590087000825356
1161,eMBB,8.684249892835538
1162,eMBB,9.871954130147834
1163,eMBB,9.879734844954626
1164,eMBB,10.339604770834068
1165,eMBB,10.19223175136969
1166,eMBB,9.720607173627258
1167,eMBB,8.767020828989011
1168,eMBB,8.55538043086473
1169,eMBB,9.890050938442313
1170,eMBB,10.46747548802714
1171,eMBB,10.917957444364086
1172,eMBB,8.722059227061495
1173,eMBB,8.632086285513008
1174,eMBB,10.128422704293301
1175,eMBB,8.610809088610964
1176,eMBB,9.061182442761963
1177,eMBB,10.592887837822195
1178,eMBB,10.708798048828472
1179,eMBB,10.407711884427249
1180,eMBB,8.69665565275819
1181,eMBB,9.888410758110783
1182,eMBB,11.573454913304602
1183,eMBB,9.996034131191466
1184,eMBB,9.6374062170331
1185,eMBB,9.949763084418246
1186,eMBB,9.539773701128382
1187,eMBB,8.929038076843543
1188,eMBB,8.444268932664466
1189,eMBB,9.131674151202649
1190,eMBB,9.45731808312304
1191,eMBB,8.12518027332906
1192,eMBB,9.142318822996483
1193,eMBB,6.5526305383157935
1194,eMBB,8.833562391020909
1195,eMBB,11.033510395380091
1196,eMBB,9.458670260897543
1197,eMBB,10.192282969238406
1198,eMBB,10.591254876911856
1199,eMBB,8.936863828761272
1200,eMBB,8.580549603721877
1201,eMBB,8.324370882841988
1202,eMBB,8.959133630304796
1203,eMBB,10.71341733282519
1204,eMBB,7.2572615852674165
1205,eMBB,8.50809349531122
1206,eMBB,10.832551422408514
1207,eMBB,9.928719099555554
1208,eMBB,7.712367075375732
1209,eMBB,7.9685142221491185
1210,eMBB,9.637316366294826
1211,eMBB,7.429699462122281
1212,eMBB,7.916569907469673
1213,eMBB,9.614856520057266
1214,eMBB,9.294121779525241
1215,eMBB,9.336392806218281
1216,eMBB,8.464058009991286
1217,eMBB,7.902771897795498
1218,eMBB,9.422695907308478
1219,eMBB,8.67423198417754
1220,eMBB,9.180785422470741
1221,eMBB,9.323122139952112
1222,eMBB,8.477588572090601
1223,eMBB,8.061044843898337
1224,eMBB,9.20152080986938
1225,eMBB,9.652053182828086
1226,eMBB,10.25024356904959
1227,eMBB,8.763195827975187
1228,eMBB,10.398177762770969
1229,eMBB,9.562975593117535
1230,eMBB,9.502312439189938
1231,eMBB,9.126383447837362
1232,eMBB,10.630723138541509
1233,eMBB,7.6209319929211725
1234,eMBB,9.947620589525012
1235,eMBB,9.634656620498887
1236,eMBB,10.828447995116537
1237,eMBB,11.166232540011926
1238,eMBB,10.220053267745392
1239,eMBB,9.195456650292417
1240,eMBB,9.143464408290194
1241,eMBB,9.9926362292864
1242,eMBB,8.655730629840898
1243,eMBB,7.0723958766336255
1244,eMBB,7.185120597858737
1245,eMBB,8.954511284104886
1246,eMBB,8.546267400911868
1247,eMBB,9.887654418940164
1248,eMBB,9.85844543406857
1249,eMBB,9.996882252750254
1250,eMBB,8.889976076076398
1251,eMBB,10.121014392536615
1252,eMBB,10.220140256549561
1253,eMBB,9.173378867556524
1254,eMBB,10.134823791751646
1255,eMBB,9.62288402486151
1256,eMBB,11.491779533089007
1257,eMBB,9.374723735109265
1258,eMBB,10.680799525579314
1259,eMBB,9.615462054542618
1260,eMBB,8.623526368234415
1261,eMBB,10.09576180320977
1262,eMBB,8.417134588346544
1263,eMBB,10.399086372411254
1264,eMBB,10.135111661153152
1265,eMBB,9.510154006913789
1266,eMBB,9.989579968575239
1267,eMBB,8.253615280964791
1268,eMBB,10.027062044063648
1269,eMBB,10.723938231663734
1270,eMBB,10.023680494971234
1271,eMBB,9.532390874725705
1272,eMBB,10.292653883685267
1273,eMBB,10.187126345110972
1274,eMBB,10.329589087026765
1275,eMBB,9.005720399357413
1276,eMBB,10.458823520376702
1277,eMBB,8.883479600538358
1278,eMBB,8.82906828967391
1279,eMBB,8.104430738353537
1280,eMBB,9.224920288247302
1281,eMBB,8.16961753882197
1282,eMBB,9.754105366940468
1283,eMBB,9.317927394680176
1284,eMBB,11.87226701295634
1285,eMBB,10.242227611473613
1286,eMBB,9.020474682987453
1287,eMBB,8.086826531181014
1288,eMBB,10.114470421651626
1289,eMBB,8.93825372613984
1290,eMBB,9.85485582066993
1291,eMBB,10.47328782448561
1292,eMBB,10.173180271266899
1293,eMBB,8.903325398379804
1294,eMBB,9.270383649944065
1295,eMBB,10.430076068371054
1296,eMBB,10.889927258790426
1297,eMBB,7.950814865306913
1298,eMBB,10.158990403373549
1299,eMBB,10.472433045256755
1300,eMBB,9.92835317124837
1301,eMBB,8.580702576691527
1302,eMBB,10.600012165582415
1303,eMBB,10.619634546999153
1304,eMBB,8.558082666473991
1305,eMBB,8.888538156909052
1306,eMBB,8.90874195458512
1307,eMBB,8.947367583011308
1308,eMBB,8.836726638825994
1309,eMBB,9.425992977327793
1310,eMBB,10.588605288182036
1311,eMBB,8.093838676348971
1312,eMBB,9.502223532086584
1313,eMBB,8.679748454379846
1314,eMBB,11.178754100882305
1315,eMBB,10.01425645094938
1316,eMBB,10.903591663243658
1317,eMBB,8.312008356251493
1318,eMBB,9.161746925687268
1319,eMBB,11.700950877117641
1320,eMBB,9.07372675035431
1321,eMBB,10.200643040674281
1322,eMBB,9.531500807135039
1323,eMBB,9.042016318634378
1324,eMBB,9.716376027376205
1325,eMBB,9.317559999908672
1326,eMBB,8.840749424727719
1327,eMBB,10.620548306124395
1328,eMBB,9.672442482948563
1329,eMBB,9.109004880450117
1330,eMBB,10.664139122051402
1331,eMBB,9.498898380614673
1332,eMBB,9.140552164014956
1333,eMBB,10.696943425584282
1334,eMBB,10.9153297711542
1335,eMBB,10.769160380819558
1336,eMBB,10.632979037169463
1337,eMBB,10.49873015196294
1338,eMBB,8.889831127021814
1339,eMBB,8.8003090016799
1340,eMBB,11.522412115524542
1341,eMBB,9.87397775871052
1342,eMBB,8.413899068878306
1343,eMBB,9.528152866182252
1344,eMBB,8.549780438976226
1345,eMBB,10.778591407701757
1346,eMBB,10.491235080887389
1347,eMBB,9.639578734576004
1348,eMBB,9.58723490020876
1349,eMBB,8.042125499359926
1350,eMBB,8.600904159153409
1351,eMBB,8.537836499936883
1352,eMBB,10.032781392086887
1353,eMBB,9.59606255632072
1354,eMBB,9.047089778594843
1355,eMBB,9.000194056002966
1356,eMBB,10.154496451099087
1357,eMBB,8.92804735451096
1358,eMBB,8.823844294142912
1359,eMBB,9.889459891016127
1360,eMBB,10.142556838176404
1361,eMBB,8.84453880326969
1362,eMBB,9.430131266005775
1363,eMBB,9.609203931800163
1364,eMBB,9.418236905338597
1365,eMBB,7.84797069749075
1366,eMBB,8.042382734600686
1367,eMBB,9.677862591558135
1368,eMBB,10.970355714329756
1369,eMBB,10.06766139480249
1370,eMBB,9.685750135442795
1371,eMBB,9.112475914954624
1372,eMBB,9.613317809611916
1373,eMBB,11.725660221386727
1374,eMBB,9.07390774447413
1375,eMBB,8.731147162661454
1376,eMBB,8.97102915048875
1377,eMBB,10.264030661491875
1378,eMBB,10.03049529729646
1379,eMBB,6.859594169004606
1380,eMBB,8.23106555145432
1381,eMBB,9.57295238254919
1382,eMBB,9.552778150117003
1383,eMBB,9.544932658232087
1384,eMBB,10.332672144791761
1385,eMBB,7.563850046188149
1386,eMBB,8.162262730796034
1387,eMBB,9.240855863293914
1388,eMBB,10.191563378473488
1389,eMBB,10.037740538514296
1390,eMBB,9.39121999357655
1391,eMBB,8.76841976008993
1392,eMBB,9.54487025979746
1393,eMBB,10.312982871783522
1394,eMBB,7.098229866034486
1395,eMBB,8.901016307932071
1396,eMBB,10.021857527764848
1397,eMBB,9.177083218072795
1398,eMBB,9.395293841856674
1399,eMBB,7.919409545859006
1400,eMBB,8.293222464453137
1401,eMBB,9.433795052354174
1402,eMBB,8.44768746094244
1403,eMBB,9.917052492791576
1404,eMBB,10.566799182387966
1405,eMBB,9.906374696522663
1406,eMBB,11.215211179870481
1407,eMBB,12.441697471824543
1408,eMBB,9.045661140751625
1409,eMBB,8.202524108775041
1410,eMBB,9.413383263149147
1411,eMBB,10.02970152876204
1412,eMBB,9.586309494558611
1413,eMBB,9.13112908298012
1414,eMBB,9.36591211192743
1415,eMBB,8.843443085157322
1416,eMBB,10.007664802922424
1417,eMBB,8.154823936162616
1418,eMBB,9.85923455140931
1419,eMBB,10.397443507943613
1420,eMBB,9.73305668684722
1421,eMBB,11.140035540567956
1422,eMBB,9.238506575355999
1423,eMBB,10.04227643884713
1424,eMBB,9.5535402564
1425,eMBB,9.673522004229003
1426,eMBB,6.726834685618702
1427,eMBB,9.14805609687346
1428,eMBB,10.265016237819744
1429,eMBB,10.550395628391259
1430,eMBB,8.85130602175111
1431,eMBB,10.147715770507716
1432,eMBB,10.551438264546862
1433,eMBB,9.057177588586658
1434,eMBB,9.361484171621532
1435,eMBB,8.908266388641648
1436,eMBB,9.088776031594358
1437,eMBB,9.08525872017636
1438,eMBB,9.398141533843878
1439,eMBB,9.155193733949414
1440,eMBB,12.211208484052237
1441,eMBB,10.885982812932015
1442,eMBB,9.216281306478315
1443,eMBB,10.147806336633664
1444,eMBB,8.159862475035117
1445,eMBB,7.809383214961162
1446,eMBB,9.00515479836176
1447,eMBB,9.100489099108579
1448,eMBB,9.820317363661633
1449,eMBB,10.408384798065459
1450,eMBB,10.46259868036627
1451,eMBB,9.489912036662702
1452,eMBB,9.466312749980233
1453,eMBB,8.613775971428542
1454,eMBB,9.635367872655165
1455,eMBB,10.31198574024721
1456,eMBB,10.385896381502729
1457,eMBB,9.055301000054623
1458,eMBB,10.371289555600224
1459,eMBB,10.333963284255326
1460,eMBB,10.50750958228957
1461,eMBB,9.224765938122099
1462,eMBB,8.38469445499684
1463,eMBB,10.345625933260308
1464,eMBB,11.178263901356459
1465,eMBB,12.03972925679954
1466,eMBB,8.925281553995793
1467,eMBB,8.868247041752605
1468,eMBB,9.76273085308008
1469,eMBB,8.230596526580488
1470,eMBB,7.444054471279375
1471,eMBB,7.918136857487988
1472,eMBB,8.252682176293526
1473,eMBB,8.910854502886218
1474,eMBB,9.297534574578238
1475,eMBB,8.812683862282661
1476,eMBB,10.05462142156352
1477,eMBB,11.801354597614415
1478,eMBB,8.060448601698688
1479,eMBB,8.189530402023665
1480,eMBB,9.801408113286659
1481,eMBB,9.350900305181094
1482,eMBB,9.909865794184316
1483,eMBB,9.191834941295445
1484,eMBB,8.305085867332288
1485,eMBB,11.467925847519952
1486,eMBB,9.395853660872797
1487,eMBB,9.970014217058317
1488,eMBB,8.275466314813157
1489,eMBB,10.496867916006352
1490,eMBB,8.844597361699075
1491,eMBB,9.50148332326451
1492,eMBB,9.008128720549843
1493,eMBB,9.49772046912859
1494,eMBB,8.789030032218552
1495,eMBB,10.012498054127892
1496,eMBB,10.888032019162736
1497,eMBB,8.815761423626853
1498,eMBB,9.580466214638784
1499,eMBB,11.293982180850787
1500,eMBB,7.44202138627361
1501,eMBB,8.755746433810943
1502,eMBB,10.927544991776173
1503,eMBB,8.755370525886205
1504,eMBB,10.187581555930501
1505,eMBB,7.829456359509495
1506,eMBB,9.41663216195845
1507,eMBB,9.979983033505556
1508,eMBB,10.909416597787672
1509,eMBB,9.277063513809134
1510,eMBB,8.353448589276345
1511,eMBB,8.063058692937037
1512,eMBB,9.511450091474014
1513,eMBB,10.638006069468487
1514,eMBB,8.192605899084967
1515,eMBB,10.683732644948538
1516,eMBB,7.188579363643522
1517,eMBB,9.432190051425062
1518,eMBB,8.97419441862638
1519,eMBB,8.542348251561522
1520,eMBB,8.617746198321047
1521,eMBB,10.190917797414045
1522,eMBB,10.90969878342696
1523,eMBB,9.595688541775928
1524,eMBB,9.666147925330248
1525,eMBB,8.391867821359412
1526,eMBB,10.220022958420385
1527,eMBB,10.594226495318534
1528,eMBB,9.603617513524052
1529,eMBB,9.498929998803213
1530,eMBB,9.778754572207687
1531,eMBB,7.840935886031958
1532,eMBB,10.08859752965761
1533,eMBB,9.459165327088984
1534,eMBB,10.740486302829389
1535,eMBB,10.550885709364154
1536,eMBB,9.454149956614518
1537,eMBB,8.812816241166528
1538,eMBB,10.507896642679494
1539,eMBB,9.259273898613326
1540,eMBB,6.9993799381884285
1541,eMBB,8.646521050027712
1542,eMBB,9.822567517382204
1543,eMBB,8.85992374968863
1544,eMBB,10.223274213205029
1545,eMBB,9.638298878129088
1546,eMBB,8.628729434969417
1547,eMBB,10.83616728651301
1548,eMBB,8.388987179496588
1549,eMBB,8.901364759729352
1550,eMBB,10.142892761229012
1551,eMBB,10.11931439321386
1552,eMBB,9.99816407354759
1553,eMBB,10.72235466808606
1554,eMBB,9.92574284320252
1555,eMBB,9.468300404440452
1556,eMBB,10.956903009657864
1557,eMBB,10.538295381494798
1558,eMBB,10.7534710992063
1559,eMBB,10.230214666434152
1560,eMBB,9.679484807639184
1561,eMBB,10.495207383991668
1562,eMBB,10.845585188595757
1563,eMBB,10.588296968301055
1564,eMBB,10.519761719821311
1565,eMBB,10.578567301710395
1566,eMBB,7.878522039715173
1567,eMBB,9.491074078072923
1568,eMBB,8.129599387280487
1569,eMBB,8.43775400133495
1570,eMBB,10.617314797343141
1571,eMBB,9.510851305022786
1572,eMBB,9.13299687404878
1573,eMBB,9.51727991660175
1574,eMBB,10.314418307028026
1575,eMBB,9.838858128321412
1576,eMBB,11.289504432226675
1577,eMBB,9.196223574216031
1578,eMBB,9.607524027653882
1579,eMBB,9.279510276152969
1580,eMBB,8.130765387253543
1581,eMBB,9.409135002201536
1582,eMBB,10.7473540129191
1583,eMBB,8.221259784977187
1584,eMBB,10.119319632734955
1585,eMBB,9.909846929086633
1586,eMBB,8.831502215166358
1587,eMBB,10.146991719791782
1588,eMBB,8.225279960818863
1589,eMBB,10.069138809221137
1590,eMBB,9.957916475421182
1591,eMBB,10.887706316179242
1592,eMBB,10.516567154903946
1593,eMBB,8.619599649670711
1594,eMBB,8.160062454596837
1595,eMBB,9.953053320560702
1596,eMBB,9.677797208108904
1597,eMBB,10.496348737531974
1598,eMBB,8.44985953476744
1599,eMBB,9.455631475906893
1600,eMBB,9.726720773133314
1601,eMBB,9.627429583284023
1602,eMBB,8.886542051844032
1603,eMBB,9.940679664815828
1604,eMBB,8.581692919818948
1605,eMBB,9.974994166368184
1606,eMBB,10.405393902238448
1607,eMBB,8.972927288547993
1608,eMBB,9.781383252011842
1609,eMBB,11.469238430419937
1610,eMBB,7.035014919748996
1611,eMBB,9.717204124959512
1612,eMBB,9.15447685381151
1613,eMBB,8.461874055113336
1614,eMBB,10.683995152089826
1615,eMBB,9.29256595368536
1616,eMBB,8.100422781231417
1617,eMBB,8.977169040649185
1618,eMBB,10.50018572005824
1619,eMBB,9.832231596738172
1620,eMBB,8.498406880337377
1621,eMBB,9.674942627933836
1622,eMBB,8.25533586158876
1623,eMBB,11.054210032576988
1624,eMBB,9.477414836213963
1625,eMBB,9.024758559411104
1626,eMBB,8.098406075052841
1627,eMBB,8.527365794901371
1628,eMBB,9.46257020049256
1629,eMBB,9.478193030913745
1630,eMBB,9.607204770518772
1631,eMBB,7.8709631122396795
1632,eMBB,9.39333473759967
1633,eMBB,9.934699494653364
1634,eMBB,8.554202190670662
1635,eMBB,9.566039895744375
1636,eMBB,9.993657551699197
1637,eMBB,7.582342278460208
1638,eMBB,9.649341838108654
1639,eMBB,11.013904220611694
1640,eMBB,7.577718672627586
1641,eMBB,11.187301466503989
1642,eMBB,8.79370564730058
1643,eMBB,10.232247905031498
1644,eMBB,10.199622492252818
1645,eMBB,12.909132488692931
1646,eMBB,9.514014262257342
1647,eMBB,9.032929812210991
1648,eMBB,9.320391598437556
1649,eMBB,10.292259461725413
1650,eMBB,7.121569079908221
1651,eMBB,8.756134021300905
1652,eMBB,8.58779806486761
1653,eMBB,9.695919093997043
1654,eMBB,11.008832850482595
1655,eMBB,9.474075512327898
1656,eMBB,8.28285152667584
1657,eMBB,11.690980796294093
1658,eMBB,9.381588068684476
1659,eMBB,9.310304826317745
1660,eMBB,10.946790858950813
1661,eMBB,8.35809735728293
1662,eMBB,10.768969835719915
1663,eMBB,8.56324516671348
1664,eMBB,10.059940748667866
1665,eMBB,8.496834336278287
1666,eMBB,8.448111156605652
1667,eMBB,9.425253110343363
1668,eMBB,9.634565710515385
1669,eMBB,10.34902731215191
1670,eMBB,8.242074771135202
1671,eMBB,9.567797092301843
1672,eMBB,9.196455041760718
1673,eMBB,9.226027702454301
1674,eMBB,9.267724043512187
1675,eMBB,10.197175216447604
1676,eMBB,10.983648537165346
1677,eMBB,8.731912074139078
1678,eMBB,7.905083143688497
1679,eMBB,8.215792142893207
1680,eMBB,8.855460223429779
1681,eMBB,9.262105330592101
1682,eMBB,9.097055323101026
1683,eMBB,11.144761724962521
1684,eMBB,9.400183538499864
1685,eMBB,10.150665867794698
1686,eMBB,8.220033049624968
1687,eMBB,9.190447472758228
1688,eMBB,10.004533219576075
1689,eMBB,7.684136094085374
1690,eMBB,9.32023584017573
1691,eMBB,10.338074510749617
1692,eMBB,8.492231250379763
1693,eMBB,9.81313113265266
1694,eMBB,10.450448914854242
1695,eMBB,9.363671736111234
1696,eMBB,9.410588259812318
1697,eMBB,9.767467086537367
1698,eMBB,9.378942062224093
1699,eMBB,9.099845966781416
1700,eMBB,9.631682224395226
1701,eMBB,8.431599724013797
1702,eMBB,7.984454191995468
1703,eMBB,9.938693155681467
1704,eMBB,7.975187444444682
1705,eMBB,9.52710192445279
1706,eMBB,10.52939649166653
1707,eMBB,9.895226412973138
1708,eMBB,9.188669368497713
1709,eMBB,10.373192907383363
1710,eMBB,9.668878596222305
1711,eMBB,8.4926599498884
1712,eMBB,10.144075863717704
1713,eMBB,8.642157159182643
1714,eMBB,9.989455087577127
1715,eMBB,9.073812989518915
1716,eMBB,10.272001181576522
1717,eMBB,8.116770097773113
1718,eMBB,12.285984070341916
1719,eMBB,9.715169903812145
1720,eMBB,10.069700893002413
1721,eMBB,8.607191991219945
1722,eMBB,8.73296998449986
1723,eMBB,8.919970916683253
1724,eMBB,10.925875693367518
1725,eMBB,8.755261923326755
1726,eMBB,8.412637968311499
1727,eMBB,9.365250042508286
1728,eMBB,9.891574665502281
1729,eMBB,8.943447798289379
1730,eMBB,8.40500614750467
1731,eMBB,10.526518542575587
1732,eMBB,8.852727453027018
1733,eMBB,9.964789284450832
1734,eMBB,9.667315197808428
1735,eMBB,9.253527166691562
1736,eMBB,10.873243955480786
1737,eMBB,9.333708067068669
1738,eMBB,8.780671659521538
1739,eMBB,8.447520554634286
1740,eMBB,9.12206032520602
1741,eMBB,11.568161482095888
1742,eMBB,8.86153959688605
1743,eMBB,8.897398377710838
1744,eMBB,9.94538003055099
1745,eMBB,9.995037024878581
1746,eMBB,10.207894772286865
1747,eMBB,8.273078329474274
1748,eMBB,10.23500012556448
1749,eMBB,10.398951036837248
1750,eMBB,11.514335264542614
1751,eMBB,10.491399390301883
1752,eMBB,10.180934352396783
1753,eMBB,9.893293915313794
1754,eMBB,9.793095370141378
1755,eMBB,9.005963565354621
1756,eMBB,8.78321724491209
1757,eMBB,10.658609252658659
1758,eMBB,9.389949068863325
1759,eMBB,9.000773375416221
1760,eMBB,10.664213106120389
1761,eMBB,8.57481088767102
1762,eMBB,7.769391584126234
1763,eMBB,10.686612879644715
1764,eMBB,10.094866381504199
1765,eMBB,10.027005137925746
1766,eMBB,8.478063214780203
1767,eMBB,9.91054786159511
1768,eMBB,7.718925237454278
1769,eMBB,8.609050051308548
1770,eMBB,10.424780676227696
1771,eMBB,11.32667576995522
1772,eMBB,9.213486233368226
1773,eMBB,9.331668179206165
1774,eMBB,7.7589913401722015
1775,eMBB,8.334236049900177
1776,eMBB,8.29509547005119
1777,eMBB,10.535663114442885
1778,eMBB,9.726910559693689
1779,eMBB,9.804244168739489
1780,eMBB,8.74793961444595
1781,eMBB,8.513776964357758
1782,eMBB,9.513958194854567
1783,eMBB,10.326101838074493
1784,eMBB,9.23958386385738
1785,eMBB,10.292155774853315
1786,eMBB,10.632140172020597
1787,eMBB,8.627934334309417
1788,eMBB,8.538482198196947
1789,eMBB,10.31099582934645
1790,eMBB,11.12368758439638
1791,eMBB,8.453225126472075
1792,eMBB,9.200879849933365
1793,eMBB,10.143784741448867
1794,eMBB,8.56258142137064
1795,eMBB,8.498132847211386
1796,eMBB,9.594546859921364
1797,eMBB,9.862344759242184
1798,eMBB,9.91959671055146
1799,eMBB,9.535378244264354
1800,eMBB,9.851456213278468
1801,eMBB,8.36287895989649
1802,eMBB,9.898193916487479
1803,eMBB,9.3877762694744
1804,eMBB,10.789701579302251
1805,eMBB,8.938417268006042
1806,eMBB,11.794304107296494
1807,eMBB,10.232252368101697
1808,eMBB,10.345533716563656
1809,eMBB,8.639789394964765
1810,eMBB,10.001493746954873
1811,eMBB,8.639349899115897
1812,eMBB,8.35945003264418
1813,eMBB,7.321778169145104
1814,eMBB,9.33617339759128
1815,eMBB,10.409651183911608
1816,eMBB,11.403705635681685
1817,eMBB,9.298661991200161
1818,eMBB,9.346078489971253
1819,eMBB,7.623254316221426
1820,eMBB,9.512676548934575
1821,eMBB,9.667310227982194
1822,eMBB,7.881642438567227
1823,eMBB,9.909636964526245
1824,eMBB,10.696140655385667
1825,eMBB,8.365343423379024
1826,eMBB,10.410785227384435
1827,eMBB,10.40618092117341
1828,eMBB,10.114431971869875
1829,eMBB,10.844593445099836
1830,eMBB,9.783541224046902
1831,eMBB,9.373479848324237
1832,eMBB,9.738538761991935
1833,eMBB,10.605852611592725
1834,eMBB,10.699470115010813
1835,eMBB,10.423793408808077
1836,eMBB,9.954551672740118
1837,eMBB,7.856673830658603
1838,eMBB,10.178206563626109
1839,eMBB,8.36010484759087
1840,eMBB,9.035653070375528
1841,eMBB,11.224301504179692
1842,eMBB,11.245856488842186
1843,eMBB,9.685537747194662
1844,eMBB,9.527537095138843
1845,eMBB,11.856675043407693
1846,eMBB,8.802415618967565
1847,eMBB,7.376562718734738
1848,eMBB,10.491665362359198
1849,eMBB,9.267378477831588
1850,eMBB,10.902060927652489
1851,eMBB,11.31688023004273
1852,eMBB,7.998522222625605
1853,eMBB,9.711027535222254
1854,eMBB,8.405443700521873
1855,eMBB,10.909028100836144
1856,eMBB,9.249672710987774
1857,eMBB,9.841029350894642
1858,eMBB,10.50890937114559
1859,eMBB,11.298631326742486
1860,eMBB,10.582067708961745
1861,eMBB,8.659019687315027
1862,eMBB,10.270444727868302
1863,eMBB,10.11423897914617
1864,eMBB,10.418326170335162
1865,eMBB,9.936761041877336
1866,eMBB,8.746045598992795
1867,eMBB,9.55615716286619
1868,eMBB,10.040937739677728
1869,eMBB,8.749738357664299
1870,eMBB,11.812290607616323
1871,eMBB,8.868445831268595
1872,eMBB,9.257446681348387
1873,eMBB,10.391701100904214
1874,eMBB,8.806420976657039
1875,eMBB,9.589831375146181
1876,eMBB,8.269112400319235
1877,eMBB,8.767662618045355
1878,eMBB,8.806407950900574
1879,eMBB,10.546144975214608
1880,eMBB,9.253023731059779
1881,eMBB,9.548736416150838
1882,eMBB,8.246002328076102
1883,eMBB,8.758020182166604
1884,eMBB,10.15483183918008
1885,eMBB,9.34189935814073
1886,eMBB,8.614669903273132
1887,eMBB,9.097974663664235
1888,eMBB,10.343553345519716
1889,eMBB,8.927624097144339
1890,eMBB,9.225718366703578
1891,eMBB,8.005731114954758
1892,eMBB,9.695389886857068
1893,eMBB,10.305146790601933
1894,eMBB,6.088737763094573
1895,eMBB,8.592517236096173
1896,eMBB,9.597567914810828
1897,eMBB,10.406123124636192
1898,eMBB,9.500908963999573
1899,eMBB,9.629544444302436
1900,eMBB,8.297678387342682
1901,eMBB,10.107724068061417
1902,eMBB,9.9867414844137
1903,eMBB,8.646805183188883
1904,eMBB,7.974435160043553
1905,eMBB,8.423764812594408
1906,eMBB,9.527322012059676
1907,eMBB,10.361488398235533
1908,eMBB,8.351925813988332
1909,eMBB,9.994580855516118
1910,eMBB,9.065367656212606
1911,eMBB,9.426196819911555
1912,eMBB,10.490169275749567
1913,eMBB,8.06145211123527
1914,eMBB,10.21619771625146
1915,eMBB,10.851926939306846
1916,eMBB,10.990249379783682
1917,eMBB,9.30139254538151
1918,eMBB,9.882655849041162
1919,eMBB,7.413233577104752
1920,eMBB,8.2614979145235
1921,eMBB,11.019227805487633
1922,eMBB,10.271236071723411
1923,eMBB,10.578213121220339
1924,eMBB,8.594188414551615
1925,eMBB,9.86250459269909
1926,eMBB,8.357073109263498
1927,eMBB,10.79753612089159
1928,eMBB,8.310218799549848
1929,eMBB,8.405696971874438
1930,eMBB,7.457794919558607
1931,eMBB,9.245124049968817
1932,eMBB,10.457703132166372
1933,eMBB,9.573490390273037
1934,eMBB,9.191483176512794
1935,eMBB,9.965257735662153
1936,eMBB,12.141559170358267
1937,eMBB,10.187148299734638
1938,eMBB,7.980673363753196
1939,eMBB,12.157283269937883
1940,eMBB,10.224076112014348
1941,eMBB,8.9555782826579
1942,eMBB,8.859081149248889
1943,eMBB,8.321487849428346
1944,eMBB,9.09308708081743
1945,eMBB,8.09300554336821
1946,eMBB,8.015681254065871
1947,eMBB,8.853479400395058
1948,eMBB,7.491478433910738
1949,eMBB,8.513969064177648
1950,eMBB,10.361694672571124
1951,eMBB,9.785891467035189
1952,eMBB,9.303740785482129
1953,eMBB,9.526843154498684
1954,eMBB,7.7346066561456155
1955,eMBB,10.173037543190793
1956,eMBB,10.40170061084494
1957,eMBB,9.167435895366674
1958,eMBB,8.330992135971902
1959,eMBB,8.720341864209216
1960,eMBB,8.7806105522766
1961,eMBB,9.055806595818357
1962,eMBB,7.9272995852304735
1963,eMBB,9.564086696086282
1964,eMBB,9.464161522107151
1965,eMBB,9.096854455470877
1966,eMBB,9.542931643070355
1967,eMBB,12.221827510055116
1968,eMBB,10.496844363910462
1969,eMBB,10.227574440591363
1970,eMBB,8.620923263490175
1971,eMBB,10.87296768822018
1972,eMBB,8.65714545537987
1973,eMBB,10.050471434377538
1974,eMBB,9.141016727460315
1975,eMBB,10.70311434749519
1976,eMBB,7.8680398641675175
1977,eMBB,11.154378535750835
1978,eMBB,11.66675869173899
1979,eMBB,10.486965173133896
1980,eMBB,9.182816702850198
1981,eMBB,11.060827340006899
1982,eMBB,10.179945705963894
1983,eMBB,9.0925170453158
1984,eMBB,8.579805616593694
1985,eMBB,9.513221009134222
1986,eMBB,9.183862169390974
1987,eMBB,8.419052773428621
1988,eMBB,10.808971285095684
1989,eMBB,9.893368552514183
1990,eMBB,8.579862448686336
1991,eMBB,9.404325558704244
1992,eMBB,7.533063617915062
1993,eMBB,9.41914417972092
1994,eMBB,10.870856143440909
1995,eMBB,9.432782697637025
1996,eMBB,9.405850292438725
1997,eMBB,11.136564761062546
1998,eMBB,10.348568719019362
1999,eMBB,10.625620217607418
0,mMTC,0.0
1,mMTC,0.0
2,mMTC,0.22824960843724093
3,mMTC,0.2685152107481449
4,mMTC,0.2398951976278363
5,mMTC,0.2661655160746836
6,mMTC,0.24054239412923578
7,mMTC,0.26720738084582385
8,mMTC,0.2672711418329826
9,mMTC,0.26417015638802044
10,mMTC,0.26545026819000006
11,mMTC,0.26779895776360846
12,mMTC,0.2673463220674206
13,mMTC,0.266597867456506
14,mMTC,0.268940709253036
15,mMTC,0.26710206008405424
16,mMTC,0.26724378817428407
17,mMTC,0.2698706824472978
18,mMTC,0.26715495874608114
19,mMTC,0.26895113009497235
20,mMTC,0.2697990192224613
21,mMTC,0.2744337649745093
22,mMTC,0.2683369095972974
23,mMTC,0.2652975369464236
24,mMTC,0.2687165765230337
25,mMTC,0.26870160603142934
26,mMTC,0.2656065777517373
27,mMTC,0.2728728517105434
28,mMTC,0.2756436089449594
29,mMTC,0.27096998663387045
30,mMTC,0.27050131774553265
31,mMTC,0.27120277721804875
32,mMTC,0.26976852741871854
33,mMTC,0.2650249570296354
34,mMTC,0.27179233638209316
35,mMTC,0.27254205297534173
36,mMTC,0.26914736873329137
37,mMTC,0.26887243962531143
38,mMTC,0.27513002788479046
39,mMTC,0.27433960975799726
40,mMTC,0.2734270836168774
41,mMTC,0.2741612539699325
42,mMTC,0.2748210341264391
43,mMTC,0.26605549176449117
44,mMTC,0.2668325690840956
45,mMTC,0.2666946360293568
46,mMTC,0.2655296514139438
47,mMTC,0.27246489311851524
48,mMTC,0.2712904079681415
49,mMTC,0.27056155621556605
50,mMTC,0.27387389328973916
51,mMTC,0.27089437811325756
52,mMTC,0.269304360262396
53,mMTC,0.26475969116466197
54,mMTC,0.2687583979024836
55,mMTC,0.2694009362699428
56,mMTC,0.26782371057584253
57,mMTC,0.27024329736956565
58,mMTC,0.2686954636894013
59,mMTC,0.2652892036018756
60,mMTC,0.2657856153248188
61,mMTC,0.2696222585714809
62,mMTC,0.267535128088818
63,mMTC,0.271592575103962
64,mMTC,0.27086154184199307
65,mMTC,0.26831717366265145
66,mMTC,0.266888701549857
67,mMTC,0.26676707732014926
68,mMTC,0.26729453021667793
69,mMTC,0.26737924213005265
70,mMTC,0.27106680011603573
71,mMTC,0.2668680021211611
72,mMTC,0.26883340194986105
73,mMTC,0.2721812077012909
74,mMTC,0.2725657282740492
75,mMTC,0.26291671371891384
76,mMTC,0.2675942602332276
77,mMTC,0.2690046907785518
78,mMTC,0.26897103982027887
79,mMTC,0.2704424722546787
80,mMTC,0.27014489349000853
81,mMTC,0.27087159881852885
82,mMTC,0.270381691585453
83,mMTC,0.2707400751920829
84,mMTC,0.2671251602784937
85,mMTC,0.2692027852346671
86,mMTC,0.2749665714830926
87,mMTC,0.2651176579097305
88,mMTC,0.27591346686788293
89,mMTC,0.27248365261132407
90,mMTC,0.2687919943358252
91,mMTC,0.26748757701826187
92,mMTC,0.2658969748555642
93,mMTC,0.27083964876789773
94,mMTC,0.2661904198145949
95,mMTC,0.2632019811079282
96,mMTC,0.2648201001284635
97,mMTC,0.2673650034863656
98,mMTC,0.27617996167731923
99,mMTC,0.266503541045847
100,mMTC,0.2637393960151417
101,mMTC,0.26924404905594784
102,mMTC,0.26847323323437494
103,mMTC,0.2683976414695262
104,mMTC,0.26943872591467694
105,mMTC,0.2680153502193748
106,mMTC,0.2696968634230308
107,mMTC,0.2664122850695468
108,mMTC,0.26822351681489426
109,mMTC,0.26713286868014313
110,mMTC,0.26724948488517114
111,mMTC,0.27258128535651804
112,mMTC,0.2725941621044958
113,mMTC,0.2701484677197526
114,mMTC,0.27086726804738004
115,mMTC,0.2720334373477119
116,mMTC,0.2688730664430895
117,mMTC,0.2718034305606073
118,mMTC,0.2673427423396189
119,mMTC,0.26764951366130374
120,mMTC,0.27100353467765476
121,mMTC,0.2699762666599875
122,mMTC,0.27156821957215754
123,mMTC,0.27345101031211366
124,mMTC,0.26882858782497593
125,mMTC,0.2708786480883642
126,mMTC,0.2738852885475872
127,mMTC,0.26534283389590796
128,mMTC,0.26644853457540174
129,mMTC,0.2694210699721422
130,mMTC,0.2673531090054632
131,mMTC,0.2683275881178451
132,mMTC,0.27128807480555817
133,mMTC,0.268911316709603
134,mMTC,0.26958714807269524
135,mMTC,0.2690411883278577
136,mMTC,0.2699226235114487
137,mMTC,0.2675729372722288
138,mMTC,0.27300747487947025
139,mMTC,0.26771454364755937
140,mMTC,0.2672078821683323
141,mMTC,0.2703292890730254
142,mMTC,0.2738005850855862
143,mMTC,0.2669975556068969
144,mMTC,0.26645588769681994
145,mMTC,0.2689572801891553
146,mMTC,0.26746511976530224
147,mMTC,0.2742662749811269
148,mMTC,0.27505929468124174
149,mMTC,0.26805082977501
150,mMTC,0.27069114961667334
151,mMTC,0.26931699315170465
152,mMTC,0.2661025292163933
153,mMTC,0.26916795202047256
154,mMTC,0.27351068007779716
155,mMTC,0.2711765586172589
156,mMTC,0.2686372346109117
157,mMTC,0.266538740258296
158,mMTC,0.27381920995324655
159,mMTC,0.271777271172203
160,mMTC,0.26687627669794745
161,mMTC,0.26832143548599213
162,mMTC,0.26847255867935504
163,mMTC,0.2740203822304301
164,mMTC,0.27246590102084495
165,mMTC,0.2635774805173156
166,mMTC,0.2664596656673394
167,mMTC,0.2693354096838832
168,mMTC,0.2674622494666472
169,mMTC,0.26922323490872563
170,mMTC,0.26782238447940737
171,mMTC,0.2710205689770147
172,mMTC,0.2669460543810301
173,mMTC,0.2719171809313442
174,mMTC,0.2689032870269325
175,mMTC,0.26292893051549004
176,mMTC,0.26579171866341766
177,mMTC,0.26648486469846894
178,mMTC,0.26504357609960083
179,mMTC,0.26738846771590513
180,mMTC,0.26543085528789717
181,mMTC,0.2667112956688301
182,mMTC,0.2738634687880564
183,mMTC,0.2701289202665785
184,mMTC,0.26938453782027943
185,mMTC,0.2684947815675406
186,mMTC,0.26644815914673053
187,mMTC,0.27265037306378453
188,mMTC,0.26604113207499297
189,mMTC,0.2671329302899417
190,mMTC,0.2707902678515665
191,mMTC,0.26933811515685
192,mMTC,0.26901599761293704
193,mMTC,0.2718094689700677
194,mMTC,0.27094887370640863
195,mMTC,0.2679548240291647
196,mMTC,0.2706124808875273
197,mMTC,0.2689753231637256
198,mMTC,0.26875877741943927
199,mMTC,0.2657889511786119
200,mMTC,0.2684741666664184
201,mMTC,0.2674764133220852
202,mMTC,0.26623252795217955
203,mMTC,0.26616141038124724
204,mMTC,0.2713240193555121
205,mMTC,0.2677875479506856
206,mMTC,0.26507424267352264
207,mMTC,0.26902025845608035
208,mMTC,0.26844343001681864
209,mMTC,0.2741230351157554
210,mMTC,0.2689837031744608
211,mMTC,0.268222064738336
212,mMTC,0.2671917159981068
213,mMTC,0.26706795450096876
214,mMTC,0.268705339184085
215,mMTC,0.26862566484090666
216,mMTC,0.26796599505690105
217,mMTC,0.26848661377621263
218,mMTC,0.270398322456702
219,mMTC,0.26750552729558474
220,mMTC,0.26996589757310463
221,mMTC,0.2705115624123575
222,mMTC,0.2714680953029077
223,mMTC,0.27013939698031636
224,mMTC,0.26910086487337187
225,mMTC,0.26976548146749846
226,mMTC,0.2696164952442964
227,mMTC,0.2686094111598815
228,mMTC,0.26463341148059355
229,mMTC,0.2647712821886558
230,mMTC,0.26580539810617976
231,mMTC,0.26758816076858155
232,mMTC,0.2659417987924833
233,mMTC,0.2693248549873826
234,mMTC,0.27010345495120075
235,mMTC,0.2674253542674863
236,mMTC,0.2725141661416692
237,mMTC,0.27064935228943016
238,mMTC,0.26987083964790276
239,mMTC,0.26977471663377767
240,mMTC,0.2686503421909536
241,mMTC,0.2675432824839895
242,mMTC,0.2674237405699012
243,mMTC,0.266598102522545
244,mMTC,0.26854532703856554
245,mMTC,0.27479387156730284
246,mMTC,0.2711748664718976
247,mMTC,0.26733264539641804
248,mMTC,0.26744456309766773
249,mMTC,0.26999114123445284
250,mMTC,0.2719544681962773
251,mMTC,0.27219877259233194
252,mMTC,0.2709159915868472
253,mMTC,0.2661952814107668
254,mMTC,0.26904952095676
255,mMTC,0.27180483262285354
256,mMTC,0.2695820138953711
257,mMTC,0.266366094671487
258,mMTC,0.27388351023857294
259,mMTC,0.27128071185527297
260,mMTC,0.27014177740323125
261,mMTC,0.2658047103481122
262,mMTC,0.2643883604734267
263,mMTC,0.2671373883867567
264,mMTC,0.27254935508931427
265,mMTC,0.27131154410951513
266,mMTC,0.26836911193181656
267,mMTC,0.2688566808471851
268,mMTC,0.2679521945884687
269,mMTC,0.27130543058206374
270,mMTC,0.2720004625799999
271,mMTC,0.27284702858691934
272,mMTC,0.2663539953280149
273,mMTC,0.26704475773617464
274,mMTC,0.2730474090615945
275,mMTC,0.27421369977925786
276,mMTC,0.26707124669672155
277,mMTC,0.26569556454261306
278,mMTC,0.26670266297573414
279,mMTC,0.2703511937015045
280,mMTC,0.2680936947585154
281,mMTC,0.27119273575149727
282,mMTC,0.2717584378386877
283,mMTC,0.2697511308785553
284,mMTC,0.26903860307620037
285,mMTC,0.27185134571959607
286,mMTC,0.2709383789109394
287,mMTC,0.2687004607267097
288,mMTC,0.2673447017627677
289,mMTC,0.26698411501984326
290,mMTC,0.26927310772448443
291,mMTC,0.2711481649911594
292,mMTC,0.27043074413007634
293,mMTC,0.27044753897171575
294,mMTC,0.2704795430128752
295,mMTC,0.2667780300788603
296,mMTC,0.26580024463439006
297,mMTC,0.26509316445580094
298,mMTC,0.26589949852137934
299,mMTC,0.2674667638438738
300,mMTC,0.2687501897008567
301,mMTC,0.2722550355240554
302,mMTC,0.2716061536158765
303,mMTC,0.2710984035860013
304,mMTC,0.2712491117862356
305,mMTC,0.2727126648065333
306,mMTC,0.2731557410892617
307,mMTC,0.2722840995191661
308,mMTC,0.2730805088797507
309,mMTC,0.27278079680979694
310,mMTC,0.27043719993438403
311,mMTC,0.26907023552577203
312,mMTC,0.2704996835431427
313,mMTC,0.27041091597015804
314,mMTC,0.26988785535850973
315,mMTC,0.2698527611759711
316,mMTC,0.26392531775974176
317,mMTC,0.26747156805943256
318,mMTC,0.2694048365221204
319,mMTC,0.2708081615201263
320,mMTC,0.26455144108273154
321,mMTC,0.2698903358041438
322,mMTC,0.26771855423962365
323,mMTC,0.2625618727562666
324,mMTC,0.2698360237644562
325,mMTC,0.27349720141696054
326,mMTC,0.2656718595403594
327,mMTC,0.26147186174366815
328,mMTC,0.26778984639461945
329,mMTC,0.2673495054582187
330,mMTC,0.271596293257076
331,mMTC,0.26506310218514717
332,mMTC,0.2654129871832605
333,mMTC,0.2694196033435324
334,mMTC,0.2676426158816309
335,mMTC,0.273036287873295
336,mMTC,0.2674362332335836
337,mMTC,0.2715157957402973
338,mMTC,0.27393866789655663
339,mMTC,0.2668927461637905
340,mMTC,0.26959261717539346
341,mMTC,0.26992884318364024
342,mMTC,0.27111843635205574
343,mMTC,0.2718842659233495
344,mMTC,0.26532764630696265
345,mMTC,0.2690766100415754
346,mMTC,0.2681733047890134
347,mMTC,0.268471061638903
348,mMTC,0.27196165332158045
349,mMTC,0.2738693918375986
350,mMTC,0.27524299125835566
351,mMTC,0.2735334489349028
352,mMTC,0.272783340522128
353,mMTC,0.2676060321734118
354,mMTC,0.27098738408814543
355,mMTC,0.2720579308353892
356,mMTC,0.2673499348290717
357,mMTC,0.2688359730450958
358,mMTC,0.2695102576310382
359,mMTC,0.2687901158573157
360,mMTC,0.27380394154870513
361,mMTC,0.26943403517241515
362,mMTC,0.2731527431364457
363,mMTC,0.27182491142093346
364,mMTC,0.26833518712502336
365,mMTC,0.2692697770024355
366,mMTC,0.2650409515349993
367,mMTC,0.26538954508843754
368,mMTC,0.26728026954504264
369,mMTC,0.26918599197067894
370,mMTC,0.26542596213746283
371,mMTC,0.2662470725366744
372,mMTC,0.2685634504141
373,mMTC,0.2677178347988807
374,mMTC,0.2691436479760838
375,mMTC,0.2738462327190207
376,mMTC,0.27286168239130376
377,mMTC,0.27017654144682723
378,mMTC,0.2681147486068826
379,mMTC,0.2707534932024683
380,mMTC,0.2682497600607404
381,mMTC,0.2700459090406973
382,mMTC,0.27166231315192585
383,mMTC,0.2670890066435596
384,mMTC,0.26711523850797975
385,mMTC,0.27269995578743644
386,mMTC,0.27294915028548894
387,mMTC,0.26937316337526
388,mMTC,0.26648978604334056
389,mMTC,0.2644613701730509
390,mMTC,0.2713592679551676
391,mMTC,0.2734194697988736
392,mMTC,0.2671041580178221
393,mMTC,0.26572086216196306
394,mMTC,0.2712171075247281
395,mMTC,0.2709725080014521
396,mMTC,0.26937817697381256
397,mMTC,0.2694410362397298
398,mMTC,0.2706389745278825
399,mMTC,0.2682128689908849
400,mMTC,0.27028372450258686
401,mMTC,0.27333612778807775
402,mMTC,0.2670406607088114
403,mMTC,0.2686194178213639
404,mMTC,0.27056725960098293
405,mMTC,0.274673953636154
406,mMTC,0.26805793743872913
407,mMTC,0.264492009200443
408,mMTC,0.27305611622570214
409,mMTC,0.26761951350343877
410,mMTC,0.27284704220662065
411,mMTC,0.27231740168586277
412,mMTC,0.26953311926049933
413,mMTC,0.2699623459224273
414,mMTC,0.2727188194243991
415,mMTC,0.27016947089696275
416,mMTC,0.2692212662937625
417,mMTC,0.26781866105086793
418,mMTC,0.27180119803117636
419,mMTC,0.2643517793614052
420,mMTC,0.26907101249361937
421,mMTC,0.26992772142132015
422,mMTC,0.27099029251901197
423,mMTC,0.26827405465865356
424,mMTC,0.26924262475742783
425,mMTC,0.2683999826055319
426,mMTC,0.2673861676616427
427,mMTC,0.26706438036560626
428,mMTC,0.26608180065036297
429,mMTC,0.2659482620710063
430,mMTC,0.26653970318828785
431,mMTC,0.27374627001726526
432,mMTC,0.27208119186750335
433,mMTC,0.2702995888117156
434,mMTC,0.26998335986179656
435,mMTC,0.2664481347009302
436,mMTC,0.26699744527289926
437,mMTC,0.2722548311975854
438,mMTC,0.27354397469951897
439,mMTC,0.2708643406454847
440,mMTC,0.27124799927200005
441,mMTC,0.27049873827177773
442,mMTC,0.27293602157777674
443,mMTC,0.27066206871937265
444,mMTC,0.2704042201984287
445,mMTC,0.2689910277968847
446,mMTC,0.276209677759616
447,mMTC,0.2686873519429276
448,mMTC,0.26809251479935114
449,mMTC,0.26880878025194654
450,mMTC,0.26697410528953097
451,mMTC,0.267930387803224
452,mMTC,0.26786128731285397
453,mMTC,0.26564905058342597
454,mMTC,0.265923584152789
455,mMTC,0.26651614538754204
456,mMTC,0.26406679905800706
457,mMTC,0.26492802635086493
458,mMTC,0.2674025593547733
459,mMTC,0.26887290144709663
460,mMTC,0.27405865652263256
461,mMTC,0.2683219626790425
462,mMTC,0.26813014943487073
463,mMTC,0.26879694924867703
464,mMTC,0.275535363713796
465,mMTC,0.26866471904568784
466,mMTC,0.2669831166300911
467,mMTC,0.2683531248306906
468,mMTC,0.271997194505705
469,mMTC,0.275557062003101
470,mMTC,0.2671497715628677
471,mMTC,0.26727730434271796
472,mMTC,0.27025837427667276
473,mMTC,0.26891424999052826
474,mMTC,0.2649446367628439
475,mMTC,0.2736590468864734
476,mMTC,0.2736658544169067
477,mMTC,0.2710229747949179
478,mMTC,0.2688472712875911
479,mMTC,0.26606664389099133
480,mMTC,0.27027677315550513
481,mMTC,0.2723475753737779
482,mMTC,0.27135878436197614
483,mMTC,0.2675028064452005
484,mMTC,0.2652234118135315
485,mMTC,0.2695018409290387
486,mMTC,0.27161582997787553
487,mMTC,0.2695372129366266
488,mMTC,0.27077807718738517
489,mMTC,0.27168126360029105
490,mMTC,0.2670786193451353
491,mMTC,0.2675426557358422
492,mMTC,0.26725285214024325
493,mMTC,0.2712384538942244
494,mMTC,0.26697236577315137
495,mMTC,0.26628381290054
496,mMTC,0.2664933514384687
497,mMTC,0.26448965612714315
498,mMTC,0.2692612550768071
499,mMTC,0.2694598823673433
500,mMTC,0.26858164106995985
501,mMTC,0.27049833282584834
502,mMTC,0.2678487200249581
503,mMTC,0.2661655776669188
504,mMTC,0.2681505713403857
505,mMTC,0.2707711233976518
506,mMTC,0.26883255699988545
507,mMTC,0.26876834898247026
508,mMTC,0.27110385280579463
509,mMTC,0.27134068404624356
510,mMTC,0.26973497834326304
511,mMTC,0.2705355398052816
512,mMTC,0.2675171910067327
513,mMTC,0.26678925313174445
514,mMTC,0.26734725391102304
515,mMTC,0.2726724809000551
516,mMTC,0.2682896153495724
517,mMTC,0.27279898621899856
518,mMTC,0.2726993859165116
519,mMTC,0.2677569284288233
520,mMTC,0.2675875840980173
521,mMTC,0.26757641705555013
522,mMTC,0.26879605791154304
523,mMTC,0.26643167448993466
524,mMTC,0.2701365892273175
525,mMTC,0.2692415788501742
526,mMTC,0.26727021731450346
527,mMTC,0.2699907311506455
528,mMTC,0.2704068720318689
529,mMTC,0.2707862306100574
530,mMTC,0.2687767872371601
531,mMTC,0.26623261898428363
532,mMTC,0.2675725410699652
533,mMTC,0.27086803969258294
534,mMTC,0.26587546459017525
535,mMTC,0.2686165541236987
536,mMTC,0.2671666132483116
537,mMTC,0.26579415911027865
538,mMTC,0.2675815244471532
539,mMTC,0.2675269533190084
540,mMTC,0.2679912083970493
541,mMTC,0.2667901519487204
542,mMTC,0.266991738323635
543,mMTC,0.27633177389421354
544,mMTC,0.26890706718145196
545,mMTC,0.26457683407747135
546,mMTC,0.2636493020494246
547,mMTC,0.2666052767157543
548,mMTC,0.2674300633926818
549,mMTC,0.2670185912614324
550,mMTC,0.2681541924110699
551,mMTC,0.26820977294843074
552,mMTC,0.2696023052741087
553,mMTC,0.2690361128389498
554,mMTC,0.26854891821605775
555,mMTC,0.26709417760588094
556,mMTC,0.2694931790514737
557,mMTC,0.2687935053603208
558,mMTC,0.2684580622971544
559,mMTC,0.2687581598310418
560,mMTC,0.27247814296459016
561,mMTC,0.2689714367713096
562,mMTC,0.2703480516836727
563,mMTC,0.27104936832560017
564,mMTC,0.26976114182245237
565,mMTC,0.2706784234072498
566,mMTC,0.2742664708825177
567,mMTC,0.2711822191767505
568,mMTC,0.26750064098481907
569,mMTC,0.26784796422008833
570,mMTC,0.26685919588281587
571,mMTC,0.2695498612240009
572,mMTC,0.26424290733195127
573,mMTC,0.27036064196803916
574,mMTC,0.2670445784025099
575,mMTC,0.2640739624736
576,mMTC,0.26877492698499056
577,mMTC,0.2739392852067842
578,mMTC,0.27029512116234244
579,mMTC,0.2686086758500543
580,mMTC,0.2682894492825189
581,mMTC,0.2685263266227122
582,mMTC,0.2685052162429809
583,mMTC,0.26786203623355126
584,mMTC,0.2627175721242576
585,mMTC,0.2670940676851579
586,mMTC,0.26910490542126964
587,mMTC,0.2712480012201025
588,mMTC,0.27056782925698347
589,mMTC,0.26982391817587753
590,mMTC,0.270287520745369
591,mMTC,0.27012448702950587
592,mMTC,0.27220927111567716
593,mMTC,0.27214733749421677
594,mMTC,0.2707188197739268
595,mMTC,0.26971399282542413
596,mMTC,0.27137368218204444
597,mMTC,0.26787858964838374
598,mMTC,0.2706649848131702
599,mMTC,0.2685023263448939
600,mMTC,0.2698232451737921
601,mMTC,0.27088490299530366
602,mMTC,0.26913466780839906
603,mMTC,0.26972695450867584
604,mMTC,0.27385628482725377
605,mMTC,0.27118570252971225
606,mMTC,0.2700723253020789
607,mMTC,0.266130984061043
608,mMTC,0.26848654660145815
609,mMTC,0.2678669992958831
610,mMTC,0.2675071667428036
611,mMTC,0.2680117836920147
612,mMTC,0.267363344621686
613,mMTC,0.26376286047365805
614,mMTC,0.26654349426552637
615,mMTC,0.2680878768440108
616,mMTC,0.27203215152269455
617,mMTC,0.2666075687704278
618,mMTC,0.2645761054274319
619,mMTC,0.2667372906503646
620,mMTC,0.2692623472743239
621,mMTC,0.26720372571287115
622,mMTC,0.2658808768534045
623,mMTC,0.2704672687659489
624,mMTC,0.26520833086368095
625,mMTC,0.26533316449245453
626,mMTC,0.26890597289771934
627,mMTC,0.2654831800427467
628,mMTC,0.2696668630016704
629,mMTC,0.2755982436000963
630,mMTC,0.2672307844075255
631,mMTC,0.26621571465799476
632,mMTC,0.26785674146646127
633,mMTC,0.26526708684993583
634,mMTC,0.2646064181631937
635,mMTC,0.26326086363050283
636,mMTC,0.27006710980961385
637,mMTC,0.2700139114700808
638,mMTC,0.2685203038896397
639,mMTC,0.265095814859434
640,mMTC,0.2699157819549248
641,mMTC,0.2681968445343844
642,mMTC,0.2711232048480932
643,mMTC,0.27014600634945357
644,mMTC,0.26944101910524115
645,mMTC,0.2738472637779369
646,mMTC,0.2696434588942348
647,mMTC,0.26715127876302663
648,mMTC,0.26857826859209666
649,mMTC,0.27254338350148305
650,mMTC,0.26744593460497534
651,mMTC,0.2662947248004528
652,mMTC,0.2692282781736144
653,mMTC,0.268229002011303
654,mMTC,0.26730471211036355
655,mMTC,0.26480476428305066
656,mMTC,0.26613155907516806
657,mMTC,0.27227052765849175
658,mMTC,0.26600121646156366
659,mMTC,0.2703592895554504
660,mMTC,0.26637563503948025
661,mMTC,0.2670384377178565
662,mMTC,0.27141288640787364
663,mMTC,0.26681078409888404
664,mMTC,0.2683399963098586
665,mMTC,0.2713247716792996
666,mMTC,0.2648891565635347
667,mMTC,0.2704719881933641
668,mMTC,0.2751805596534266
669,mMTC,0.27185229483033546
670,mMTC,0.2624615211926641
671,mMTC,0.267074959208139
672,mMTC,0.2671545053335276
673,mMTC,0.26976805173310153
674,mMTC,0.27041484215333406
675,mMTC,0.26910239462449614
676,mMTC,0.27080184909640603
677,mMTC,0.2678240360648759
678,mMTC,0.27221354694687283
679,mMTC,0.26941055720510587
680,mMTC,0.2709244769291757
681,mMTC,0.27356089588768656
682,mMTC,0.2690850999631295
683,mMTC,0.26784567902666556
684,mMTC,0.27297866054003056
685,mMTC,0.27141731127070173
686,mMTC,0.26804596158211685
687,mMTC,0.2700573059164808
688,mMTC,0.2673454582327754
689,mMTC,0.26660884269509577
690,mMTC,0.2684294811959466
691,mMTC,0.26649102319772994
692,mMTC,0.26811029216820476
693,mMTC,0.26897234487519256
694,mMTC,0.26656657913534926
695,mMTC,0.27129380758266564
696,mMTC,0.26954998597782803
697,mMTC,0.26633080097488276
698,mMTC,0.2672362063869282
699,mMTC,0.2687213664677579
700,mMTC,0.2711623583150182
701,mMTC,0.2744776353687164
702,mMTC,0.2728062042449016
703,mMTC,0.2758336787977637
704,mMTC,0.273666214087592
705,mMTC,0.2701692118723279
706,mMTC,0.27219357406293077
707,mMTC,0.2742841730334267
708,mMTC,0.268349653534268
709,mMTC,0.2706542481454864
710,mMTC,0.2707649334071306
711,mMTC,0.269984995241159
712,mMTC,0.2714303125184595
713,mMTC,0.2710435457672189
714,mMTC,0.26960971225469815
715,mMTC,0.26627547912147465
716,mMTC,0.27055214193907134
717,mMTC,0.27253965416322323
718,mMTC,0.27072890745199124
719,mMTC,0.27218045302451527
720,mMTC,0.26887865008632283
721,mMTC,0.26662907861407453
722,mMTC,0.26666588788840906
723,mMTC,0.26877772861219784
724,mMTC,0.27158055997213254
725,mMTC,0.2728068736389794
726,mMTC,0.26708183053045387
727,mMTC,0.2680106343737782
728,mMTC,0.27270284508136816
729,mMTC,0.27383194322387383
730,mMTC,0.2726222809056056
731,mMTC,0.26895436279290363
732,mMTC,0.2672582377878926
733,mMTC,0.26970865893855256
734,mMTC,0.26926492279262565
735,mMTC,0.26790185741154826
736,mMTC,0.2690426742322342
737,mMTC,0.2733707375103288
738,mMTC,0.27521091669851305
739,mMTC,0.2724755496891164
740,mMTC,0.26947561535878917
741,mMTC,0.271440880071035
742,mMTC,0.26849298900880786
743,mMTC,0.2629147402726198
744,mMTC,0.2728147702781461
745,mMTC,0.2695002675883417
746,mMTC,0.26898666725616505
747,mMTC,0.26997637592625323
748,mMTC,0.26944719453256255
749,mMTC,0.2705241669640295
750,mMTC,0.2717588837109946
751,mMTC,0.2689322701739854
752,mMTC,0.2724525107842746
753,mMTC,0.2738155444161246
754,mMTC,0.2721859136739642
755,mMTC,0.27190690434580295
756,mMTC,0.2692663702490874
757,mMTC,0.2663628775215561
758,mMTC,0.26232333190256707
759,mMTC,0.27176473060055034
760,mMTC,0.27137092475553887
761,mMTC,0.2669006678538064
762,mMTC,0.26310950860263416
763,mMTC,0.2643328049760709
764,mMTC,0.2723921223732044
765,mMTC,0.27093149448020115
766,mMTC,0.269810742363037
767,mMTC,0.2690405129652787
768,mMTC,0.2643898571624773
769,mMTC,0.2653058829317467
770,mMTC,0.26795801781628553
771,mMTC,0.27400999784610425
772,mMTC,0.2739416777820122
773,mMTC,0.27019555212465346
774,mMTC,0.26819448079275593
775,mMTC,0.2666716683288354
776,mMTC,0.26429574377702547
777,mMTC,0.2731950138639018
778,mMTC,0.2712917468641652
779,mMTC,0.2644914530100728
780,mMTC,0.263045582021255
781,mMTC,0.2690071810666611
782,mMTC,0.26965345311895
783,mMTC,0.2697656235470266
784,mMTC,0.27100195100812335
785,mMTC,0.270416159984304
786,mMTC,0.26986887775825424
787,mMTC,0.27130976277176344
788,mMTC,0.27267549051035617
789,mMTC,0.2683127576354449
790,mMTC,0.27275217923767253
791,mMTC,0.2721759551944256
792,mMTC,0.26470126699036806
793,mMTC,0.2708643461348365
794,mMTC,0.27277635016894997
795,mMTC,0.2707416717868866
796,mMTC,0.27216296820970487
797,mMTC,0.2689966002617216
798,mMTC,0.2680578050890673
799,mMTC,0.2689107092115573
800,mMTC,0.26576064520368586
801,mMTC,0.2669930213829617
802,mMTC,0.2687371239254173
803,mMTC,0.2719621829547625
804,mMTC,0.2710407643385311
805,mMTC,0.2640143581073706
806,mMTC,0.2717117623497623
807,mMTC,0.26811989352628124
808,mMTC,0.26661284492403153
809,mMTC,0.2708373420218499
810,mMTC,0.2710626591026004
811,mMTC,0.2679313123907741
812,mMTC,0.26837082012853375
813,mMTC,0.266962870007806
814,mMTC,0.27175357055041305
815,mMTC,0.26967334122140113
816,mMTC,0.27211332615172135
817,mMTC,0.270383394871732
818,mMTC,0.27119227835871224
819,mMTC,0.2702575976644261
820,mMTC,0.27186196813418123
821,mMTC,0.2700357865892212
822,mMTC,0.2699424968995645
823,mMTC,0.27278774934277167
824,mMTC,0.2687728359376663
825,mMTC,0.26844534241485973
826,mMTC,0.2760678198747429
827,mMTC,0.2746371615108536
828,mMTC,0.2735511892351559
829,mMTC,0.2715614259623032
830,mMTC,0.2748439942032698
831,mMTC,0.2697574271405764
832,mMTC,0.2662375415843505
833,mMTC,0.2714931385146449
834,mMTC,0.27341147133502325
835,mMTC,0.273493948903985
836,mMTC,0.2714982502215368
837,mMTC,0.2700806594577733
838,mMTC,0.2699218455792449
839,mMTC,0.26734441505502543
840,mMTC,0.27125429424630415
841,mMTC,0.27084986358832625
842,mMTC,0.27052254849617957
843,mMTC,0.2695709214201915
844,mMTC,0.2677367605701968
845,mMTC,0.2667848112372392
846,mMTC,0.26658644215046334
847,mMTC,0.2694861778194359
848,mMTC,0.26634592880921126
849,mMTC,0.2686636546902188
850,mMTC,0.2686976116510563
851,mMTC,0.2704635882028752
852,mMTC,0.2723237037668202
853,mMTC,0.26660198207885744
854,mMTC,0.26852209483622524
855,mMTC,0.26865254936676314
856,mMTC,0.26947490324932716
857,mMTC,0.2703923869127275
858,mMTC,0.26925032648943265
859,mMTC,0.2704166155721543
860,mMTC,0.2672991204659418
861,mMTC,0.26441485468659504
862,mMTC,0.2689320500531478
863,mMTC,0.27046476376070594
864,mMTC,0.26477777311898726
865,mMTC,0.2677064631312366
866,mMTC,0.2691895606710722
867,mMTC,0.2660649779650067
868,mMTC,0.26924959249718344
869,mMTC,0.2726450820054367
870,mMTC,0.27042616324777435
871,mMTC,0.2680097988843686
872,mMTC,0.26910715331444496
873,mMTC,0.2686213169981499
874,mMTC,0.269576806240641
875,mMTC,0.27175744268974705
876,mMTC,0.2693888089378618
877,mMTC,0.2706418990289144
878,mMTC,0.2686218637645075
879,mMTC,0.2663566624566174
880,mMTC,0.2694519720777139
881,mMTC,0.2687594195338074
882,mMTC,0.2717755411564171
883,mMTC,0.2676292179848919
884,mMTC,0.2684724189702292
885,mMTC,0.27143834858609056
886,mMTC,0.26543406240532097
887,mMTC,0.2709055142282201
888,mMTC,0.26887128859225845
889,mMTC,0.2683093965151579
890,mMTC,0.2668583815229606
891,mMTC,0.2738065817281007
892,mMTC,0.2718222499587653
893,mMTC,0.26904399961611997
894,mMTC,0.26909908473385147
895,mMTC,0.2705309446064739
896,mMTC,0.27307881521618743
897,mMTC,0.27037705330459577
898,mMTC,0.2699647375713481
899,mMTC,0.26649367835843696
900,mMTC,0.2648326137018616
901,mMTC,0.2689988773431366
902,mMTC,0.26751635182862327
903,mMTC,0.264488877585678
904,mMTC,0.2673435070069914
905,mMTC,0.2653103720639158
906,mMTC,0.26799752152961387
907,mMTC,0.2707630335619611
908,mMTC,0.27192656517032493
909,mMTC,0.2689206912725709
910,mMTC,0.2679809410155033
911,mMTC,0.27076702499704247
912,mMTC,0.2633764314543321
913,mMTC,0.2679911029278505
914,mMTC,0.2707717220591603
915,mMTC,0.2679974433687088
916,mMTC,0.26531304624065105
917,mMTC,0.26794647769631347
918,mMTC,0.2697983986335726
919,mMTC,0.2714874139786344
920,mMTC,0.27097193538351133
921,mMTC,0.2726449881404443
922,mMTC,0.2675359671887928
923,mMTC,0.26839465203446494
924,mMTC,0.27180838702773025
925,mMTC,0.27083368595153806
926,mMTC,0.2671875646701671
927,mMTC,0.266222286819927
928,mMTC,0.26941285063074516
929,mMTC,0.2728498534017884
930,mMTC,0.26822127690740577
931,mMTC,0.26764419139063017
932,mMTC,0.2688705176754172
933,mMTC,0.27297166963296776
934,mMTC,0.27245735720495406
935,mMTC,0.2707752474379282
936,mMTC,0.27124523759024216
937,mMTC,0.2700223900896895
938,mMTC,0.2698723280147585
939,mMTC,0.2700615902161524
940,mMTC,0.27203664538338473
941,mMTC,0.26958822823161893
942,mMTC,0.2691483217797381
943,mMTC,0.26876188616917884
944,mMTC,0.2690021156459405
945,mMTC,0.2708865019607884
946,mMTC,0.26529077657407135
947,mMTC,0.2696010896915559
948,mMTC,0.26687549064216926
949,mMTC,0.2720013150827111
950,mMTC,0.27542719453969244
951,mMTC,0.2688329630520479
952,mMTC,0.2695306357677823
953,mMTC,0.2674325797378443
954,mMTC,0.2671244027877482
955,mMTC,0.2678324706983095
956,mMTC,0.2712111250841417
957,mMTC,0.27123079056309096
958,mMTC,0.2714500584979067
959,mMTC,0.27547798663805156
960,mMTC,0.27292878216857336
961,mMTC,0.27244550835023973
962,mMTC,0.2676541845086851
963,mMTC,0.2684809366724011
964,mMTC,0.270582534272645
965,mMTC,0.2687312081204612
966,mMTC,0.26521585156267097
967,mMTC,0.2641722921655548
968,mMTC,0.26674041274827465
969,mMTC,0.2722695678282102
970,mMTC,0.2739982422998912
971,mMTC,0.2678244339503928
972,mMTC,0.26664956970893205
973,mMTC,0.2646370558852398
974,mMTC,0.26649587648827944
975,mMTC,0.2693666833064141
976,mMTC,0.2732579258457298
977,mMTC,0.27314914650831773
978,mMTC,0.2677160126303851
979,mMTC,0.2638088107601781
980,mMTC,0.2652056221684563
981,mMTC,0.26752148102593687
982,mMTC,0.26856911929522587
983,mMTC,0.2729724446165748
984,mMTC,0.27372197929944203
985,mMTC,0.2688488408871376
986,mMTC,0.26777517509515203
987,mMTC,0.26302411102582324
988,mMTC,0.26735866293761373
989,mMTC,0.2726802963567633
990,mMTC,0.2702892860192257
991,mMTC,0.2686379627763023
992,mMTC,0.2717559752343559
993,mMTC,0.27409563933823594
994,mMTC,0.27126445250518416
995,mMTC,0.2664186631696021
996,mMTC,0.270279622719156
997,mMTC,0.2711400824188171
998,mMTC,0.27300356023206906
999,mMTC,0.2718289110749729
1000,mMTC,0.27001487315790734
1001,mMTC,0.2702082308585829
1002,mMTC,0.27179878157800536
1003,mMTC,0.27005525077634346
1004,mMTC,0.26980849671118845
1005,mMTC,0.2714776580582804
1006,mMTC,0.2644302639326629
1007,mMTC,0.2654445286752727
1008,mMTC,0.27068858127667383
1009,mMTC,0.26996417707182424
1010,mMTC,0.2690581994888146
1011,mMTC,0.2668274478099932
1012,mMTC,0.2683657833400072
1013,mMTC,0.2634249848383851
1014,mMTC,0.26516220351876274
1015,mMTC,0.26694889160242863
1016,mMTC,0.26827074001239604
1017,mMTC,0.2737259816504119
1018,mMTC,0.269297389614487
1019,mMTC,0.27012243007132364
1020,mMTC,0.26834821689401095
1021,mMTC,0.26779598920990944
1022,mMTC,0.26694286382311927
1023,mMTC,0.265570177994234
1024,mMTC,0.2688980249247192
1025,mMTC,0.2700563830762469
1026,mMTC,0.2693216075356118
1027,mMTC,0.266408434192287
1028,mMTC,0.2685403178730938
1029,mMTC,0.27434313316049336
1030,mMTC,0.2715624312156907
1031,mMTC,0.26849101550123206
1032,mMTC,0.2691549949104893
1033,mMTC,0.2651874247023084
1034,mMTC,0.2684127858656108
1035,mMTC,0.2704144570282581
1036,mMTC,0.26930510674126074
1037,mMTC,0.2657353085500566
1038,mMTC,0.2655734354766109
1039,mMTC,0.2684088631201887
1040,mMTC,0.2676719194711477
1041,mMTC,0.26500909154929486
1042,mMTC,0.26359688002560966
1043,mMTC,0.26778156732352154
1044,mMTC,0.2712613796717702
1045,mMTC,0.27018342633006315
1046,mMTC,0.26998468004334747
1047,mMTC,0.27043764581370827
1048,mMTC,0.27133674130440055
1049,mMTC,0.26491690536583545
1050,mMTC,0.27142547138050566
1051,mMTC,0.2714915345114952
1052,mMTC,0.27019948161929314
1053,mMTC,0.27132038708912504
1054,mMTC,0.2709983880117724
1055,mMTC,0.27137859037466283
1056,mMTC,0.2667635701708828
1057,mMTC,0.26117623188066763
1058,mMTC,0.2677743669132869
1059,mMTC,0.2694182691082199
1060,mMTC,0.26950631132506436
1061,mMTC,0.2730818935012167
1062,mMTC,0.26813802786535407
1063,mMTC,0.26804364597008296
1064,mMTC,0.270769176454145
1065,mMTC,0.26869641266847294
1066,mMTC,0.26973314366818235
1067,mMTC,0.2689677595411199
1068,mMTC,0.2679574016544806
1069,mMTC,0.2693400502477139
1070,mMTC,0.26755405122722
1071,mMTC,0.27263799268960803
1072,mMTC,0.2741561187605206
1073,mMTC,0.2689381136458093
1074,mMTC,0.26667021102948396
1075,mMTC,0.271374052235735
1076,mMTC,0.2699732970525872
1077,mMTC,0.2623479813465005
1078,mMTC,0.26829580383916535
1079,mMTC,0.2676275816273361
1080,mMTC,0.26622564906983054
1081,mMTC,0.26526849848204387
1082,mMTC,0.2636218996686477
1083,mMTC,0.26504672292038334
1084,mMTC,0.26825008540068956
1085,mMTC,0.2690510886218187
1086,mMTC,0.27114866557393613
1087,mMTC,0.2694203244975714
1088,mMTC,0.2684955305352236
1089,mMTC,0.26609273421352664
1090,mMTC,0.26946762840608895
1091,mMTC,0.2688775759654631
1092,mMTC,0.26442392959873207
1093,mMTC,0.2708200341436003
1094,mMTC,0.266919223603353
1095,mMTC,0.26733039762855226
1096,mMTC,0.26766230517263334
1097,mMTC,0.2678690414528655
1098,mMTC,0.26853004794131796
1099,mMTC,0.26644676984874116
1100,mMTC,0.2681847040332465
1101,mMTC,0.2660105882613616
1102,mMTC,0.26578690762614715
1103,mMTC,0.2703571055094809
1104,mMTC,0.2711426857273957
1105,mMTC,0.27113462795045684
1106,mMTC,0.2701891155062623
1107,mMTC,0.2645840466894582
1108,mMTC,0.26628173197155686
1109,mMTC,0.2695065270494526
1110,mMTC,0.26770407203782465
1111,mMTC,0.2729497807521461
1112,mMTC,0.27079036141332263
1113,mMTC,0.26959700040845297
1114,mMTC,0.26812645689017744
1115,mMTC,0.2665439500769711
1116,mMTC,0.26640260704225827
1117,mMTC,0.2687197420305945
1118,mMTC,0.27082703341666103
1119,mMTC,0.2668214784816675
1120,mMTC,0.266487017403416
1121,mMTC,0.2704888062981778
1122,mMTC,0.26909246752422805
1123,mMTC,0.26873200584291584
1124,mMTC,0.268508082032711
1125,mMTC,0.2665799605915601
1126,mMTC,0.26783909245183
1127,mMTC,0.2669621630444086
1128,mMTC,0.26529552591553296
1129,mMTC,0.2718806144042899
1130,mMTC,0.2667814067475473
1131,mMTC,0.2654520986702494
1132,mMTC,0.2714499038372185
1133,mMTC,0.2691909916792382
1134,mMTC,0.2702972337728578
1135,mMTC,0.26583807291999206
1136,mMTC,0.2678964760855412
1137,mMTC,0.2698007465925238
1138,mMTC,0.26791557243245584
1139,mMTC,0.27119700660756607
1140,mMTC,0.2718278243819591
1141,mMTC,0.26712172915883975
1142,mMTC,0.26990014840879717
1143,mMTC,0.2709467034452281
1144,mMTC,0.2676899214610858
1145,mMTC,0.26803195255273404
1146,mMTC,0.2677958854405846
1147,mMTC,0.2713584884529034
1148,mMTC,0.2723883589896399
1149,mMTC,0.27273896400366515
1150,mMTC,0.2692896855085789
1151,mMTC,0.27076689434755985
1152,mMTC,0.272825997122987
1153,mMTC,0.27304821361747245
1154,mMTC,0.2669016393116833
1155,mMTC,0.2687113409794831
1156,mMTC,0.2679266342826236
1157,mMTC,0.2661205419751367
1158,mMTC,0.2708737398892002
1159,mMTC,0.2672397696139806
1160,mMTC,0.26548185709885536
1161,mMTC,0.270734062692084
1162,mMTC,0.2738042231820815
1163,mMTC,0.27276330348870853
1164,mMTC,0.2696501228555096
1165,mMTC,0.2732527550775565
1166,mMTC,0.27486409669308587
1167,mMTC,0.2739818527863072
1168,mMTC,0.26574155841148334
1169,mMTC,0.2683993174164375
1170,mMTC,0.27003210631244284
1171,mMTC,0.2706486825876456
1172,mMTC,0.27070632733358896
1173,mMTC,0.2769587092103553
1174,mMTC,0.2715137275312571
1175,mMTC,0.26723878754755903
1176,mMTC,0.2713839139987833
1177,mMTC,0.27220554259373675
1178,mMTC,0.26651634169305344
1179,mMTC,0.2671187184285089
1180,mMTC,0.26832151075218585
1181,mMTC,0.26709747502150344
1182,mMTC,0.2659170195307051
1183,mMTC,0.2695832032260802
1184,mMTC,0.2687325577908602
1185,mMTC,0.26938036596882925
1186,mMTC,0.2705895197399889
1187,mMTC,0.27132658307379975
1188,mMTC,0.2693703150731363
1189,mMTC,0.268037075228136
1190,mMTC,0.26689415432878144
1191,mMTC,0.2655459374230515
1192,mMTC,0.26986600604655864
1193,mMTC,0.2678726259254923
1194,mMTC,0.26669226390169426
1195,mMTC,0.27133862480333204
1196,mMTC,0.2673872900297167
1197,mMTC,0.26640359023810717
1198,mMTC,0.26703405127875657
1199,mMTC,0.2714831870853305
1200,mMTC,0.2722428496308386
1201,mMTC,0.2718146121283276
1202,mMTC,0.2704158640454887
1203,mMTC,0.26567839514529906
1204,mMTC,0.2687864961015114
1205,mMTC,0.26948630891361164
1206,mMTC,0.2648398512572151
1207,mMTC,0.26918059168201725
1208,mMTC,0.27212393078326214
1209,mMTC,0.26970698773847107
1210,mMTC,0.2686236079191863
1211,mMTC,0.2687506059943016
1212,mMTC,0.26721100422753247
1213,mMTC,0.2658726302987673
1214,mMTC,0.26510958833160725
1215,mMTC,0.2664716089256996
1216,mMTC,0.26848982366148055
1217,mMTC,0.26597242232633383
1218,mMTC,0.26939249110320673
1219,mMTC,0.27018161137890845
1220,mMTC,0.2664328186731982
1221,mMTC,0.2700986199068692
1222,mMTC,0.27134850972569824
1223,mMTC,0.26388181655772686
1224,mMTC,0.26851728074899783
1225,mMTC,0.2675616166655354
1226,mMTC,0.2672759066668916
1227,mMTC,0.2683184379546821
1228,mMTC,0.27061165063300535
1229,mMTC,0.2692774199620615
1230,mMTC,0.2694780428938703
1231,mMTC,0.27058722911529054
1232,mMTC,0.27267765426908236
1233,mMTC,0.2691577308741245
1234,mMTC,0.27096660202404216
1235,mMTC,0.27003130014304705
1236,mMTC,0.2700117195716399
1237,mMTC,0.26844310828775697
1238,mMTC,0.26992902296414645
1239,mMTC,0.2716564416337469
1240,mMTC,0.26894635642276143
1241,mMTC,0.2681447466679033
1242,mMTC,0.27079552146131447
1243,mMTC,0.27124388591597565
1244,mMTC,0.26622608983942936
1245,mMTC,0.2715329091870163
1246,mMTC,0.27076347406091206
1247,mMTC,0.2698517160552847
1248,mMTC,0.26769194933931156
1249,mMTC,0.26652426438042326
1250,mMTC,0.26977692463520525
1251,mMTC,0.2735729717214717
1252,mMTC,0.2706431744724648
1253,mMTC,0.2687416913807198
1254,mMTC,0.267679475626696
1255,mMTC,0.26874093039958225
1256,mMTC,0.2694641585949343
1257,mMTC,0.2691935661099061
1258,mMTC,0.2676737138911744
1259,mMTC,0.2702817442556274
1260,mMTC,0.2713775301827464
1261,mMTC,0.2692976292746049
1262,mMTC,0.2670454065493822
1263,mMTC,0.2730488427398373
1264,mMTC,0.26770914952696595
1265,mMTC,0.2694333544509285
1266,mMTC,0.2690167479118142
1267,mMTC,0.2678345259452962
1268,mMTC,0.27218641431887997
1269,mMTC,0.26929566612156497
1270,mMTC,0.2710199746875416
1271,mMTC,0.26760517128265565
1272,mMTC,0.26986896907598035
1273,mMTC,0.2675075944106099
1274,mMTC,0.2718609576774088
1275,mMTC,0.2699667521030154
1276,mMTC,0.27003746929812955
1277,mMTC,0.2711812013981325
1278,mMTC,0.2726059689533831
1279,mMTC,0.2676081307306269
1280,mMTC,0.2700912511305472
1281,mMTC,0.2679444585508239
1282,mMTC,0.2697421880226146
1283,mMTC,0.26809983492179373
1284,mMTC,0.26677392175731673
1285,mMTC,0.269277343231667
1286,mMTC,0.26764782629479483
1287,mMTC,0.2680086914135544
1288,mMTC,0.26678220916620843
1289,mMTC,0.26893264845743126
1290,mMTC,0.2701578147533425
1291,mMTC,0.2684709912949858
1292,mMTC,0.269261080421832
1293,mMTC,0.2713596380444758
1294,mMTC,0.2741577009279092
1295,mMTC,0.27026947410523483
1296,mMTC,0.27059560503485147
1297,mMTC,0.27025485363651514
1298,mMTC,0.27390508142719916
1299,mMTC,0.27190822346197313
1300,mMTC,0.2671902871982955
1301,mMTC,0.26775656305251183
1302,mMTC,0.26854255058528076
1303,mMTC,0.2687565244633073
1304,mMTC,0.2743713905767822
1305,mMTC,0.26687002130371384
1306,mMTC,0.26670389084748525
1307,mMTC,0.27161825629394315
1308,mMTC,0.26563494927847664
1309,mMTC,0.26657032465237457
1310,mMTC,0.26868151075754276
1311,mMTC,0.26850627074210387
1312,mMTC,0.26599906937101975
1313,mMTC,0.26714318781818003
1314,mMTC,0.27099130565962215
1315,mMTC,0.27107079013057217
1316,mMTC,0.267667782010142
1317,mMTC,0.2702774935936208
1318,mMTC,0.27230595076419056
1319,mMTC,0.2658637229975503
1320,mMTC,0.2634531900798669
1321,mMTC,0.2724289297107554
1322,mMTC,0.2734196189685422
1323,mMTC,0.26912479445948956
1324,mMTC,0.27342761250691294
1325,mMTC,0.2656659538750018
1326,mMTC,0.26651237356423524
1327,mMTC,0.27003432508275305
1328,mMTC,0.2698631051588009
1329,mMTC,0.2670308453592671
1330,mMTC,0.2690092499234916
1331,mMTC,0.27009190629116736
1332,mMTC,0.2668960493732867
1333,mMTC,0.27301362535895035
1334,mMTC,0.27179921135050406
1335,mMTC,0.27048113792578093
1336,mMTC,0.26945013405298246
1337,mMTC,0.2710020874856433
1338,mMTC,0.27095681386426224
1339,mMTC,0.2663697983638152
1340,mMTC,0.26548805910227874
1341,mMTC,0.26893417530747815
1342,mMTC,0.2684919858678399
1343,mMTC,0.2671121068208912
1344,mMTC,0.26973533646556597
1345,mMTC,0.2693411394662621
1346,mMTC,0.2716065842832293
1347,mMTC,0.2733846232705426
1348,mMTC,0.2652934365986201
1349,mMTC,0.27093652205767177
1350,mMTC,0.2738130410471609
1351,mMTC,0.2698370014141571
1352,mMTC,0.27088910679589456
1353,mMTC,0.27174108271309755
1354,mMTC,0.2690744429258305
1355,mMTC,0.2685933628437521
1356,mMTC,0.2701735186900584
1357,mMTC,0.2745086389657274
1358,mMTC,0.2692590840987457
1359,mMTC,0.2676587500655548
1360,mMTC,0.2649348542889519
1361,mMTC,0.2647167733585618
1362,mMTC,0.268227073317084
1363,mMTC,0.26923495256867924
1364,mMTC,0.269609813467349
1365,mMTC,0.2690678769200105
1366,mMTC,0.2685083388205365
1367,mMTC,0.2701516741363387
1368,mMTC,0.2709139064825188
1369,mMTC,0.2699990699195331
1370,mMTC,0.272870189813853
1371,mMTC,0.2689690262530519
1372,mMTC,0.26561076849108345
1373,mMTC,0.2646663423136467
1374,mMTC,0.268357048324067
1375,mMTC,0.27089193932397315
1376,mMTC,0.27288791993615774
1377,mMTC,0.2684531058528934
1378,mMTC,0.26369445455698426
1379,mMTC,0.26522705256524964
1380,mMTC,0.26358490253159017
1381,mMTC,0.2715324324752852
1382,mMTC,0.27204345331566787
1383,mMTC,0.27013691563097464
1384,mMTC,0.27184688899372916
1385,mMTC,0.2712571987001461
1386,mMTC,0.2674785972870704
1387,mMTC,0.26712134786844255
1388,mMTC,0.26805493374117134
1389,mMTC,0.267039627855791
1390,mMTC,0.26719184523580136
1391,mMTC,0.2684097940942955
1392,mMTC,0.27039872992707625
1393,mMTC,0.267825523353343
1394,mMTC,0.26377290446509893
1395,mMTC,0.2708204992807885
1396,mMTC,0.2725407959937944
1397,mMTC,0.2705611423556663
1398,mMTC,0.26944738983923555
1399,mMTC,0.2698712043975883
1400,mMTC,0.27055076654454
1401,mMTC,0.26945276799549917
1402,mMTC,0.2695332360376427
1403,mMTC,0.27149694982920725
1404,mMTC,0.2692103155621351
1405,mMTC,0.26832705741930335
1406,mMTC,0.2695669263506176
1407,mMTC,0.2672451521450339
1408,mMTC,0.2708549422993883
1409,mMTC,0.270599601138253
1410,mMTC,0.26711060021075994
1411,mMTC,0.2705487226555015
1412,mMTC,0.27193106463431815
1413,mMTC,0.27343043250625954
1414,mMTC,0.27244112439973717
1415,mMTC,0.2687807447830165
1416,mMTC,0.27023905019700056
1417,mMTC,0.2728561594674159
1418,mMTC,0.26812736711233254
1419,mMTC,0.27181388454220917
1420,mMTC,0.2711153028846196
1421,mMTC,0.27340414537003727
1422,mMTC,0.26884183059561256
1423,mMTC,0.2703021958856343
1424,mMTC,0.2704100881386618
1425,mMTC,0.26767419332689213
1426,mMTC,0.26583664068560114
1427,mMTC,0.26799953718523745
1428,mMTC,0.26987122138927483
1429,mMTC,0.2730956289071258
1430,mMTC,0.27633654249475176
1431,mMTC,0.26693847582714986
1432,mMTC,0.26824656624998167
1433,mMTC,0.2698521267325561
1434,mMTC,0.27060896355250696
1435,mMTC,0.2704410912275426
1436,mMTC,0.2718250884973615
1437,mMTC,0.26809574094650845
1438,mMTC,0.264734615748261
1439,mMTC,0.26824141645665833
1440,mMTC,0.2717342064868602
1441,mMTC,0.2755467845699296
1442,mMTC,0.26702757839281244
1443,mMTC,0.2674574661848471
1444,mMTC,0.27002674390124914
1445,mMTC,0.2733912800290623
1446,mMTC,0.271348902462796
1447,mMTC,0.27421444715398335
1448,mMTC,0.2733295905909252
1449,mMTC,0.270197729566739
1450,mMTC,0.27166320506361225
1451,mMTC,0.27041479850723793
1452,mMTC,0.2702093900233266
1453,mMTC,0.27088342259251674
1454,mMTC,0.27111066897944136
1455,mMTC,0.2698033553174356
1456,mMTC,0.268766896983633
1457,mMTC,0.27110195795623027
1458,mMTC,0.263302498670391
1459,mMTC,0.27089904553665173
1460,mMTC,0.27139985264684174
1461,mMTC,0.2711380915801347
1462,mMTC,0.2732404711329733
1463,mMTC,0.2750606395173399
1464,mMTC,0.2708016654321762
1465,mMTC,0.27196572529806046
1466,mMTC,0.27018251951463385
1467,mMTC,0.2709556759938642
1468,mMTC,0.2680269096925841
1469,mMTC,0.2636707854749973
1470,mMTC,0.2670848827737982
1471,mMTC,0.2677232641110284
1472,mMTC,0.26231562556060134
1473,mMTC,0.2677110911456991
1474,mMTC,0.26583643846647076
1475,mMTC,0.2648621830572801
1476,mMTC,0.2670264755686135
1477,mMTC,0.2710822747517691
1478,mMTC,0.27115688390791
1479,mMTC,0.2670329091334096
1480,mMTC,0.2667491224266854
1481,mMTC,0.2666932390219438
1482,mMTC,0.26765624105290625
1483,mMTC,0.2705664307788078
1484,mMTC,0.2696731872767216
1485,mMTC,0.2690085710660638
1486,mMTC,0.2673383182351769
1487,mMTC,0.27027928260296824
1488,mMTC,0.27317233818153036
1489,mMTC,0.2722933821623205
1490,mMTC,0.2702174091747714
1491,mMTC,0.2732316238560006
1492,mMTC,0.26979578479056415
1493,mMTC,0.26831063202069017
1494,mMTC,0.27358462269515915
1495,mMTC,0.2681095067534292
1496,mMTC,0.27240571924559404
1497,mMTC,0.2722025045440222
1498,mMTC,0.2721743235091387
1499,mMTC,0.2731093863103427
1500,mMTC,0.27089698989197286
1501,mMTC,0.27140308026725507
1502,mMTC,0.2695698760886798
1503,mMTC,0.2688085504570325
1504,mMTC,0.2669712503924771
1505,mMTC,0.2710738687280577
1506,mMTC,0.2699240926304447
1507,mMTC,0.2677702001057728
1508,mMTC,0.2687224714597815
1509,mMTC,0.2689715759910279
1510,mMTC,0.2697819129351533
1511,mMTC,0.27590622820975014
1512,mMTC,0.27267520844755516
1513,mMTC,0.2702837893007597
1514,mMTC,0.2702164662740435
1515,mMTC,0.2668344786219344
1516,mMTC,0.26897266118285645
1517,mMTC,0.2711129117647771
1518,mMTC,0.2695938012428171
1519,mMTC,0.26877984628134416
1520,mMTC,0.2659202980276228
1521,mMTC,0.2710389096087689
1522,mMTC,0.27067207502998897
1523,mMTC,0.2675015026357235
1524,mMTC,0.2669890815570462
1525,mMTC,0.27072185789462827
1526,mMTC,0.27542997956506726
1527,mMTC,0.2692250273928871
1528,mMTC,0.2661897394956937
1529,mMTC,0.2606956778256931
1530,mMTC,0.2652164487953659
1531,mMTC,0.2696780339853501
1532,mMTC,0.273414946040043
1533,mMTC,0.2686495782794751
1534,mMTC,0.2669600779786786
1535,mMTC,0.2729592880095941
1536,mMTC,0.26759268596136826
1537,mMTC,0.2714916500853444
1538,mMTC,0.2750038562679797
1539,mMTC,0.26721531877894683
1540,mMTC,0.2698246202816404
1541,mMTC,0.26950909933196854
1542,mMTC,0.268693591144082
1543,mMTC,0.27001316257863733
1544,mMTC,0.2698513734532006
1545,mMTC,0.2732873874577794
1546,mMTC,0.27331817733017844
1547,mMTC,0.27436932320285007
1548,mMTC,0.26921770273761864
1549,mMTC,0.2718414350983757
1550,mMTC,0.2695850980042521
1551,mMTC,0.2678336843949558
1552,mMTC,0.2698863631723989
1553,mMTC,0.27121295428424463
1554,mMTC,0.2695011363936462
1555,mMTC,0.26105954154741073
1556,mMTC,0.26581883338685136
1557,mMTC,0.2686431025092308
1558,mMTC,0.2703514420828261
1559,mMTC,0.26862344470314037
1560,mMTC,0.262859014390098
1561,mMTC,0.2677331978614364
1562,mMTC,0.2710260086695584
1563,mMTC,0.27109806837705797
1564,mMTC,0.2679297634517674
1565,mMTC,0.27235383404966335
1566,mMTC,0.27231634844537494
1567,mMTC,0.27340323808745254
1568,mMTC,0.272378957252848
1569,mMTC,0.26936095685596617
1570,mMTC,0.26760566307060446
1571,mMTC,0.2686577721794459
1572,mMTC,0.2657112453375184
1573,mMTC,0.2709084705511025
1574,mMTC,0.2729322934883132
1575,mMTC,0.27285668008643404
1576,mMTC,0.26737141735746883
1577,mMTC,0.2693957138976205
1578,mMTC,0.2728124159622393
1579,mMTC,0.2710468919027099
1580,mMTC,0.26906123742779825
1581,mMTC,0.2688540779208125
1582,mMTC,0.27032631616288866
1583,mMTC,0.27187230079970864
1584,mMTC,0.2705110021438947
1585,mMTC,0.27248996481045934
1586,mMTC,0.2696455243453968
1587,mMTC,0.2690365279723795
1588,mMTC,0.2691752472178233
1589,mMTC,0.27074153257536604
1590,mMTC,0.26821195024540073
1591,mMTC,0.2659977162369477
1592,mMTC,0.2654730783714278
1593,mMTC,0.2690034838396469
1594,mMTC,0.2667846931557413
1595,mMTC,0.2725797802493611
1596,mMTC,0.2782321569366491
1597,mMTC,0.26554517614913686
1598,mMTC,0.2692817443320356
1599,mMTC,0.27075248720309103
1600,mMTC,0.2692140220069213
1601,mMTC,0.2708255177149249
1602,mMTC,0.2703572727501169
1603,mMTC,0.27102534860924743
1604,mMTC,0.271502830978485
1605,mMTC,0.2682383164080333
1606,mMTC,0.2644324388101686
1607,mMTC,0.26653821469098776
1608,mMTC,0.26863613763547345
1609,mMTC,0.2679277088129144
1610,mMTC,0.26952528416045934
1611,mMTC,0.26971740136335265
1612,mMTC,0.2696546031301766
1613,mMTC,0.273154849335119
1614,mMTC,0.2732133542085979
1615,mMTC,0.2689598046315641
1616,mMTC,0.27095593179292005
1617,mMTC,0.27075911972051075
1618,mMTC,0.26951487722152634
1619,mMTC,0.2649080786292434
1620,mMTC,0.27079780529485453
1621,mMTC,0.27028302958604516
1622,mMTC,0.2696737444193457
1623,mMTC,0.27206057155724234
1624,mMTC,0.2657847165094931
1625,mMTC,0.27102871119386085
1626,mMTC,0.2708481947330233
1627,mMTC,0.27018918636438427
1628,mMTC,0.26936753365787064
1629,mMTC,0.270692234112075
1630,mMTC,0.27404369101880555
1631,mMTC,0.2720439200721538
1632,mMTC,0.2679356126999462
1633,mMTC,0.2691948393443333
1634,mMTC,0.268129390049233
1635,mMTC,0.26716437962234224
1636,mMTC,0.2714323436989424
1637,mMTC,0.27174525114707637
1638,mMTC,0.26974220596278553
1639,mMTC,0.26803725221364383
1640,mMTC,0.2663644815514379
1641,mMTC,0.2647520692329101
1642,mMTC,0.26689621617343756
1643,mMTC,0.2691545272811527
1644,mMTC,0.26902873549632
1645,mMTC,0.27143292995897467
1646,mMTC,0.2724225246454174
1647,mMTC,0.2699659205881806
1648,mMTC,0.26501054261435436
1649,mMTC,0.267250063563689
1650,mMTC,0.26888133502897954
1651,mMTC,0.27146768117215475
1652,mMTC,0.26875894094654773
1653,mMTC,0.2696141629034255
1654,mMTC,0.26956544306371993
1655,mMTC,0.2704336059377803
1656,mMTC,0.27138804142784273
1657,mMTC,0.2705819133408279
1658,mMTC,0.27505027952179517
1659,mMTC,0.2699590654689389
1660,mMTC,0.2723184319051962
1661,mMTC,0.2703911359245464
1662,mMTC,0.27211154741083865
1663,mMTC,0.27326198871219964
1664,mMTC,0.2644254340237748
1665,mMTC,0.26511124845813955
1666,mMTC,0.2688652979934275
1667,mMTC,0.2699765776270945
1668,mMTC,0.2673314451530037
1669,mMTC,0.2657368137660675
1670,mMTC,0.26543107103662056
1671,mMTC,0.2689045747493412
1672,mMTC,0.26984265424897513
1673,mMTC,0.26938014299919405
1674,mMTC,0.2695587505305702
1675,mMTC,0.26764180288663714
1676,mMTC,0.2715544934722885
1677,mMTC,0.27538374945904376
1678,mMTC,0.2730686713732181
1679,mMTC,0.2689063845955091
1680,mMTC,0.2724141705300035
1681,mMTC,0.26446743564909353
1682,mMTC,0.26459353364628374
1683,mMTC,0.26562180372902255
1684,mMTC,0.2654669899251009
1685,mMTC,0.2678718005446083
1686,mMTC,0.26318985653367627
1687,mMTC,0.2681651602313055
1688,mMTC,0.27196138489866656
1689,mMTC,0.2672895975284058
1690,mMTC,0.2652760770944298
1691,mMTC,0.27147281428342884
1692,mMTC,0.27355999948192955
1693,mMTC,0.27157026349515634
1694,mMTC,0.2733269415120047
1695,mMTC,0.2663272323536348
1696,mMTC,0.2691321469071543
1697,mMTC,0.2694139322767902
1698,mMTC,0.2716170104924574
1699,mMTC,0.2729659742048057
1700,mMTC,0.26389899769878317
1701,mMTC,0.26225524140749007
1702,mMTC,0.26931125403274897
1703,mMTC,0.27486548118603144
1704,mMTC,0.26947961143757915
1705,mMTC,0.27194168027260746
1706,mMTC,0.27175971564673496
1707,mMTC,0.2717977779736671
1708,mMTC,0.2706666621200279
1709,mMTC,0.2699330310369104
1710,mMTC,0.2684478409627872
1711,mMTC,0.2666772009729511
1712,mMTC,0.2679849096883589
1713,mMTC,0.26907221910385004
1714,mMTC,0.2723639585558433
1715,mMTC,0.26891057266882346
1716,mMTC,0.2691084517088152
1717,mMTC,0.26971886360091835
1718,mMTC,0.2678308873233632
1719,mMTC,0.2670601569832731
1720,mMTC,0.2688774894063125
1721,mMTC,0.27223139050841355
1722,mMTC,0.274220843023083
1723,mMTC,0.2713419418382929
1724,mMTC,0.26587750189589504
1725,mMTC,0.2693421863331848
1726,mMTC,0.26629615421484987
1727,mMTC,0.2664172259679966
1728,mMTC,0.27162709486668796
1729,mMTC,0.2688677090273199
1730,mMTC,0.26487167769707204
1731,mMTC,0.26910070642644435
1732,mMTC,0.27434108006298186
1733,mMTC,0.2724644196153513
1734,mMTC,0.26789860547672023
1735,mMTC,0.27066838226475054
1736,mMTC,0.2727262702437198
1737,mMTC,0.26684375666636656
1738,mMTC,0.27455988453875835
1739,mMTC,0.27404674122327927
1740,mMTC,0.2704909094647327
1741,mMTC,0.2678152639219965
1742,mMTC,0.26812721321918775
1743,mMTC,0.2658817223226864
1744,mMTC,0.2685083779145748
1745,mMTC,0.2702955027801588
1746,mMTC,0.2684410745765697
1747,mMTC,0.2677557566269154
1748,mMTC,0.26846690507418536
1749,mMTC,0.2729260179740017
1750,mMTC,0.27163265530841085
1751,mMTC,0.2655629445820968
1752,mMTC,0.26700132272385096
1753,mMTC,0.2650220929453792
1754,mMTC,0.2637051260711625
1755,mMTC,0.26642572256545327
1756,mMTC,0.26964675563515167
1757,mMTC,0.2686034018313052
1758,mMTC,0.2689399272700823
1759,mMTC,0.26964647921045914
1760,mMTC,0.2666339353545527
1761,mMTC,0.27119456739035547
1762,mMTC,0.27048038906426436
1763,mMTC,0.27324290033383125
1764,mMTC,0.2744772772499892
1765,mMTC,0.267797741084868
1766,mMTC,0.2658009762479839
1767,mMTC,0.2694510137591026
1768,mMTC,0.2722983453674983
1769,mMTC,0.2680195560849546
1770,mMTC,0.27009484591514354
1771,mMTC,0.2669966022982196
1772,mMTC,0.2715953890159094
1773,mMTC,0.27399837416463896
1774,mMTC,0.2703441251810331
1775,mMTC,0.27119062870763433
1776,mMTC,0.2699447814289359
1777,mMTC,0.26802791936413745
1778,mMTC,0.2686277835895551
1779,mMTC,0.26701258294884167
1780,mMTC,0.2687995645447937
1781,mMTC,0.2661801955539674
1782,mMTC,0.26925803308703
1783,mMTC,0.2681856024140944
1784,mMTC,0.27189178823114696
1785,mMTC,0.27109615815317356
1786,mMTC,0.2672129561099915
1787,mMTC,0.2735173497007194
1788,mMTC,0.2733626024247982
1789,mMTC,0.27088189778087673
1790,mMTC,0.27080236687789266
1791,mMTC,0.27066398707222955
1792,mMTC,0.2720374402094617
1793,mMTC,0.27429182477502684
1794,mMTC,0.2700554512168423
1795,mMTC,0.27172578158423777
1796,mMTC,0.27059585112227014
1797,mMTC,0.270377623293403
1798,mMTC,0.2722729163825211
1799,mMTC,0.27054665402230127
1800,mMTC,0.26783036670114474
1801,mMTC,0.2705877502404811
1802,mMTC,0.27211720014311286
1803,mMTC,0.27381737322389044
1804,mMTC,0.2688451279905132
1805,mMTC,0.2669686175962254
1806,mMTC,0.26765613611177597
1807,mMTC,0.2640937580087387
1808,mMTC,0.26908903978885945
1809,mMTC,0.26742174544694713
1810,mMTC,0.2707860333554328
1811,mMTC,0.2728012214667567
1812,mMTC,0.26601354860050425
1813,mMTC,0.26659190730417615
1814,mMTC,0.265426502118498
1815,mMTC,0.26332453946564
1816,mMTC,0.26824992003003
1817,mMTC,0.2682485845142445
1818,mMTC,0.2691258883382526
1819,mMTC,0.271234596182208
1820,mMTC,0.27120076393777887
1821,mMTC,0.26691404798498053
1822,mMTC,0.2680562437619531
1823,mMTC,0.2690706346100392
1824,mMTC,0.26513585820113356
1825,mMTC,0.2660477055723116
1826,mMTC,0.26871215264547893
1827,mMTC,0.2710416459885289
1828,mMTC,0.2682301754038609
1829,mMTC,0.26426730565841833
1830,mMTC,0.26727082203929114
1831,mMTC,0.27139326992718754
1832,mMTC,0.27234015268140066
1833,mMTC,0.27147872248146937
1834,mMTC,0.2725965345162568
1835,mMTC,0.2697329895549363
1836,mMTC,0.2730222232520852
1837,mMTC,0.26761990442843314
1838,mMTC,0.2716824195244838
1839,mMTC,0.27197537009176875
1840,mMTC,0.2685899564936707
1841,mMTC,0.27351820807204624
1842,mMTC,0.26877263684103414
1843,mMTC,0.26507007221941215
1844,mMTC,0.2678331157946334
1845,mMTC,0.2680777319010882
1846,mMTC,0.26823318839766785
1847,mMTC,0.26839087319473903
1848,mMTC,0.2652633430872195
1849,mMTC,0.27011504222280697
1850,mMTC,0.27451405572556176
1851,mMTC,0.2685111711302836
1852,mMTC,0.2649687438762353
1853,mMTC,0.26959627829955635
1854,mMTC,0.27241544540700985
1855,mMTC,0.27203113314274435
1856,mMTC,0.26977093872587354
1857,mMTC,0.2665903403238041
1858,mMTC,0.2675572384410905
1859,mMTC,0.26833054167844284
1860,mMTC,0.2685598200309626
1861,mMTC,0.2704790003223747
1862,mMTC,0.27215829928526186
1863,mMTC,0.269219890585083
1864,mMTC,0.26761662517338497
1865,mMTC,0.26888348412439594
1866,mMTC,0.26991711637746413
1867,mMTC,0.2683962802649253
1868,mMTC,0.2711499605148454
1869,mMTC,0.26795026634020636
1870,mMTC,0.2679782536272526
1871,mMTC,0.26716975574322527
1872,mMTC,0.2671569737166746
1873,mMTC,0.26702499202477137
1874,mMTC,0.2678770983272346
1875,mMTC,0.2707119405664856
1876,mMTC,0.27125393209029547
1877,mMTC,0.26773231759275584
1878,mMTC,0.2692950306896638
1879,mMTC,0.2731239955421089
1880,mMTC,0.2715692452203928
1881,mMTC,0.27115536547110963
1882,mMTC,0.2684616315008052
1883,mMTC,0.2713460333467832
1884,mMTC,0.27341199237105435
1885,mMTC,0.2660683487623067
1886,mMTC,0.27105527984395456
1887,mMTC,0.26959196432975646
1888,mMTC,0.26882238277344755
1889,mMTC,0.26705501866453973
1890,mMTC,0.27051531128065404
1891,mMTC,0.26955561304592796
1892,mMTC,0.2692237323816137
1893,mMTC,0.2712479858451856
1894,mMTC,0.26866467486280515
1895,mMTC,0.267980464527947
1896,mMTC,0.2716713667009853
1897,mMTC,0.273414561733701
1898,mMTC,0.2675882059198771
1899,mMTC,0.2667202964983393
1900,mMTC,0.26654844489983104
1901,mMTC,0.2661990189646325
1902,mMTC,0.26958220718920883
1903,mMTC,0.2724837621826828
1904,mMTC,0.2716463548131584
1905,mMTC,0.269792534148311
1906,mMTC,0.27399061649702877
1907,mMTC,0.2703947194271484
1908,mMTC,0.2681054186990643
1909,mMTC,0.2696333030955358
1910,mMTC,0.270188322247923
1911,mMTC,0.2663201862447284
1912,mMTC,0.2685338768682127
1913,mMTC,0.27068521989258193
1914,mMTC,0.2695775163807788
1915,mMTC,0.2702255468499604
1916,mMTC,0.2653266648315284
1917,mMTC,0.2662648014813439
1918,mMTC,0.2704684827989922
1919,mMTC,0.267896585499369
1920,mMTC,0.2701322364187125
1921,mMTC,0.27127746996750696
1922,mMTC,0.2699185633089309
1923,mMTC,0.27004866585650666
1924,mMTC,0.2715234684399574
1925,mMTC,0.2688408746695532
1926,mMTC,0.2687495053104051
1927,mMTC,0.2680808685079981
1928,mMTC,0.2691448932325258
1929,mMTC,0.26835135449277725
1930,mMTC,0.2682798735752591
1931,mMTC,0.2705630910383535
1932,mMTC,0.2722230644192859
1933,mMTC,0.2655700676805138
1934,mMTC,0.26406938466185276
1935,mMTC,0.2699575105546093
1936,mMTC,0.2739460152761565
1937,mMTC,0.2638550984252379
1938,mMTC,0.2679358260557689
1939,mMTC,0.268587251839031
1940,mMTC,0.2660080953603595
1941,mMTC,0.2666658453183391
1942,mMTC,0.2702891494770685
1943,mMTC,0.27126083394056977
1944,mMTC,0.2721983909986884
1945,mMTC,0.2730468466300984
1946,mMTC,0.26540125902418704
1947,mMTC,0.26824340775695943
1948,mMTC,0.26766355239615364
1949,mMTC,0.2697462114417585
1950,mMTC,0.270188365111341
1951,mMTC,0.2726010446418208
1952,mMTC,0.2701241093862931
1953,mMTC,0.2710127748342449
1954,mMTC,0.2686359582084944
1955,mMTC,0.26849685365069265
1956,mMTC,0.26958029032559894
1957,mMTC,0.2668137958089135
1958,mMTC,0.2675517324711234
1959,mMTC,0.2648575413324517
1960,mMTC,0.2644104310015131
1961,mMTC,0.27203750338751
1962,mMTC,0.27236171589698105
1963,mMTC,0.2740422446062121
1964,mMTC,0.27390536090935247
1965,mMTC,0.26511721517880066
1966,mMTC,0.26348837508652134
1967,mMTC,0.2669210368711539
1968,mMTC,0.2662749510890843
1969,mMTC,0.27094664188632517
1970,mMTC,0.27172787329712306
1971,mMTC,0.268498820020625
1972,mMTC,0.2640210470649943
1973,mMTC,0.26614777698363534
1974,mMTC,0.27207419724914506
1975,mMTC,0.2678274853552022
1976,mMTC,0.26681620562960934
1977,mMTC,0.26980963706950484
1978,mMTC,0.26617640963468137
1979,mMTC,0.26913243446381024
1980,mMTC,0.27045273323488345
1981,mMTC,0.2689828878771713
1982,mMTC,0.2698993955157783
1983,mMTC,0.2708467408184178
1984,mMTC,0.2710965495881184
1985,mMTC,0.2723821537463012
1986,mMTC,0.2732043405002239
1987,mMTC,0.27441346503645264
1988,mMTC,0.26772949505506655
1989,mMTC,0.268877634416325
1990,mMTC,0.26736839515247385
1991,mMTC,0.2654097859772183
1992,mMTC,0.2704677128250125
1993,mMTC,0.26647099921996453
1994,mMTC,0.2657659594056685
1995,mMTC,0.2751222561155032
1996,mMTC,0.2726877081207233
1997,mMTC,0.26654138696596363
1998,mMTC,0.2688052445874328
1999,mMTC,0.2659338596983548
