time,slice_name,avg_completion_latency_ms
0,URLLC,0.0
1,URLLC,0.0606281556325579
2,URLLC,0.0628176434346621
3,URLLC,0.06253112754574577
4,URLLC,0.06288380337894886
5,URLLC,0.06203681990172816
6,URLLC,0.0627393124606297
7,URLLC,0.062410917855686865
8,URLLC,0.06246413319206037
9,URLLC,0.06252712633240043
10,URLLC,0.06241718293256705
11,URLLC,0.0627514548994609
12,URLLC,0.06235910568315536
13,URLLC,0.06236380227456497
14,URLLC,0.062389790521885126
15,URLLC,0.0625448399951671
16,URLLC,0.06280867216363781
17,URLLC,0.06271384886699255
18,URLLC,0.06266733963702968
19,URLLC,0.06248911991920266
20,URLLC,0.06299466215334036
21,URLLC,0.06203474592746525
22,URLLC,0.06228630893756611
23,URLLC,0.062003830040788036
24,URLLC,0.06266459645777493
25,URLLC,0.06216157309112295
26,URLLC,0.0628628261339917
27,URLLC,0.06200359186966894
28,URLLC,0.06247014190596057
29,URLLC,0.06250386805682444
30,URLLC,0.06229895650166421
31,URLLC,0.0623156000629711
32,URLLC,0.06212398736309065
33,URLLC,0.06237777800555099
34,URLLC,0.06263581785979684
35,URLLC,0.06273574167118307
36,URLLC,0.06307400930945589
37,URLLC,0.06198628046742038
38,URLLC,0.06253014792832663
39,URLLC,0.062329329757035236
40,URLLC,0.06240307439211466
41,URLLC,0.06313424445253717
42,URLLC,0.06248173120741365
43,URLLC,0.06266046727111535
44,URLLC,0.06208891975771936
45,URLLC,0.06214161669792539
46,URLLC,0.06268898310759664
47,URLLC,0.06287397015032127
48,URLLC,0.06267209917032408
49,URLLC,0.06263045240960373
50,URLLC,0.06221412711520305
51,URLLC,0.06256501449743283
52,URLLC,0.06231053058499935
53,URLLC,0.062404336239058916
54,URLLC,0.06250246333477384
55,URLLC,0.06241656294406275
56,URLLC,0.062222179026279904
57,URLLC,0.0625551007362782
58,URLLC,0.06260297174724448
59,URLLC,0.06271748415531823
60,URLLC,0.06207549423187868
61,URLLC,0.0629983034583845
62,URLLC,0.06242018104251557
63,URLLC,0.06239554969367084
64,URLLC,0.06216887528715706
65,URLLC,0.062328228161412716
66,URLLC,0.062148928403636956
67,URLLC,0.06266420381949095
68,URLLC,0.06236178246063055
69,URLLC,0.06274958256007084
70,URLLC,0.06224117043388188
71,URLLC,0.062119852405109914
72,URLLC,0.06295241673353458
73,URLLC,0.062295056191204255
74,URLLC,0.06253918325556486
75,URLLC,0.06237151677850632
76,URLLC,0.06226800577482371
77,URLLC,0.062466306483513825
78,URLLC,0.06201878329002517
79,URLLC,0.06270264556863768
80,URLLC,0.0623658362950212
81,URLLC,0.062482074243715886
82,URLLC,0.06233446396444006
83,URLLC,0.06273122459299428
84,URLLC,0.06221347983720998
85,URLLC,0.06260735482848004
86,URLLC,0.06232399306578635
87,URLLC,0.06242745539388419
88,URLLC,0.06276728454262892
89,URLLC,0.06277726615868413
90,URLLC,0.06228708124616282
91,URLLC,0.06265603296481231
92,URLLC,0.06274208527791682
93,URLLC,0.062236262214801726
94,URLLC,0.06260922000664032
95,URLLC,0.06243006114905025
96,URLLC,0.06247803064981428
97,URLLC,0.06260858092580543
98,URLLC,0.06252240063605498
99,URLLC,0.06262964482699943
100,URLLC,0.06240438414428755
101,URLLC,0.06259936613889816
102,URLLC,0.06188317533901688
103,URLLC,0.06264270436318324
104,URLLC,0.061897471681891414
105,URLLC,0.06247785292793988
106,URLLC,0.06241860831326908
107,URLLC,0.06302000329478141
108,URLLC,0.06253285124988794
109,URLLC,0.06273633021133618
110,URLLC,0.06223965109832932
111,URLLC,0.06264979937940984
112,URLLC,0.06235719016916442
113,URLLC,0.06253459591264973
114,URLLC,0.06255951045925678
115,URLLC,0.06243300726902012
116,URLLC,0.06230041731335362
117,URLLC,0.062090482324642766
118,URLLC,0.06242746469673073
119,URLLC,0.062424151299750714
120,URLLC,0.06246684585451157
121,URLLC,0.06274303632919069
122,URLLC,0.062080987309402896
123,URLLC,0.06236494777565418
124,URLLC,0.06232091508853579
125,URLLC,0.06241088466638421
126,URLLC,0.06249051900621829
127,URLLC,0.06244323059131653
128,URLLC,0.06292922246172032
129,URLLC,0.06241461748600681
130,URLLC,0.06257283726143628
131,URLLC,0.06240498771016004
132,URLLC,0.0628762658763415
133,URLLC,0.062350824672957654
134,URLLC,0.06226053962011364
135,URLLC,0.06257491745509482
136,URLLC,0.06277581603795128
137,URLLC,0.062213006757689544
138,URLLC,0.0625073265114759
139,URLLC,0.0623476043594119
140,URLLC,0.062261234239422654
141,URLLC,0.06288638121523349
142,URLLC,0.062398518009484864
143,URLLC,0.06289511593718332
144,URLLC,0.062439375842694295
145,URLLC,0.061965352954132594
146,URLLC,0.06285529134681067
147,URLLC,0.06256218456404672
148,URLLC,0.06274320714325934
149,URLLC,0.062193959982621956
150,URLLC,0.06273288770511216
151,URLLC,0.06202037807510576
152,URLLC,0.06251113786185238
153,URLLC,0.06270516859896426
154,URLLC,0.06265187051188834
155,URLLC,0.06226409694299483
156,URLLC,0.06272065264667137
157,URLLC,0.06272740141106095
158,URLLC,0.06198784370331011
159,URLLC,0.06250955258406546
160,URLLC,0.0620891854189997
161,URLLC,0.06239054869661483
162,URLLC,0.06222554594478898
163,URLLC,0.062407804964387636
164,URLLC,0.06260538366333575
165,URLLC,0.06252870051710266
166,URLLC,0.06251877694577761
167,URLLC,0.06241352685624368
168,URLLC,0.061801845730389326
169,URLLC,0.0628009018405512
170,URLLC,0.06240367274505716
171,URLLC,0.06260664430680896
172,URLLC,0.06242008372490046
173,URLLC,0.06230423356358577
174,URLLC,0.06286923031508881
175,URLLC,0.06201733111825384
176,URLLC,0.06262536178687304
177,URLLC,0.06245077433826666
178,URLLC,0.06231785377794118
179,URLLC,0.06226249167851608
180,URLLC,0.06300654703253038
181,URLLC,0.06273677073837909
182,URLLC,0.06240392973631488
183,URLLC,0.06258140884096845
184,URLLC,0.06196286081745501
185,URLLC,0.06237853210326868
186,URLLC,0.06228313237211812
187,URLLC,0.06224223962590284
188,URLLC,0.062438917255144104
189,URLLC,0.062196347460379234
190,URLLC,0.0627128246445076
191,URLLC,0.06264991710388147
192,URLLC,0.06183188595932701
193,URLLC,0.062404524146406154
194,URLLC,0.06274890666750653
195,URLLC,0.06233106767717636
196,URLLC,0.06234463909490459
197,URLLC,0.06215206798539113
198,URLLC,0.06248495406735551
199,URLLC,0.062462501864629046
200,URLLC,0.0627401612656736
201,URLLC,0.06269285742772113
202,URLLC,0.06249324552318668
203,URLLC,0.06255932794254733
204,URLLC,0.0626569280638901
205,URLLC,0.06265791712286777
206,URLLC,0.06276469525978211
207,URLLC,0.06240337757229921
208,URLLC,0.06309539385066994
209,URLLC,0.06203657751587557
210,URLLC,0.06225967498791826
211,URLLC,0.06254674784268924
212,URLLC,0.062250512160147604
213,URLLC,0.06247910236412655
214,URLLC,0.06227515324112022
215,URLLC,0.0621378289054648
216,URLLC,0.06210789421813832
217,URLLC,0.0629351473752543
218,URLLC,0.06256062677999957
219,URLLC,0.06279206930242037
220,URLLC,0.06223490037107095
221,URLLC,0.06227550380525731
222,URLLC,0.0624774086210259
223,URLLC,0.06221523272957696
224,URLLC,0.062435047337401156
225,URLLC,0.06269164431579953
226,URLLC,0.06196209290730575
227,URLLC,0.06279165782177384
228,URLLC,0.062486915362591024
229,URLLC,0.06277392088832784
230,URLLC,0.0626627157864493
231,URLLC,0.062371731996536256
232,URLLC,0.06252322283526496
233,URLLC,0.06276463951422563
234,URLLC,0.062128637465543694
235,URLLC,0.062445069584136925
236,URLLC,0.06226592754275576
237,URLLC,0.062195604436514076
238,URLLC,0.06222606107123564
239,URLLC,0.06221255841740703
240,URLLC,0.0626334464942712
241,URLLC,0.061891342029785856
242,URLLC,0.06277821726195748
243,URLLC,0.06266425937450446
244,URLLC,0.062137901451416976
245,URLLC,0.06238948229568881
246,URLLC,0.06241351535930109
247,URLLC,0.06253530344632914
248,URLLC,0.06195839597608872
249,URLLC,0.06263892610563382
250,URLLC,0.06279607649068504
251,URLLC,0.06264355291565055
252,URLLC,0.06223551308781898
253,URLLC,0.06272978735350053
254,URLLC,0.061718312769869534
255,URLLC,0.06252677739227792
256,URLLC,0.06255540872717406
257,URLLC,0.06196407113543984
258,URLLC,0.0625202520799623
259,URLLC,0.06259058968451578
260,URLLC,0.06264790613035473
261,URLLC,0.06259570808640483
262,URLLC,0.06246119916962288
263,URLLC,0.0625973641828397
264,URLLC,0.06279613876684985
265,URLLC,0.06230736195678898
266,URLLC,0.06236543527541314
267,URLLC,0.062018264627201364
268,URLLC,0.062354333607877725
269,URLLC,0.06221757453952507
270,URLLC,0.06292393688817186
271,URLLC,0.0624726374888485
272,URLLC,0.06229846111571899
273,URLLC,0.06282731023503176
274,URLLC,0.06268826410754334
275,URLLC,0.062102448997243355
276,URLLC,0.06228959359354961
277,URLLC,0.06224769416076387
278,URLLC,0.062494567286786956
279,URLLC,0.06217042921343993
280,URLLC,0.06223496927924238
281,URLLC,0.062487090611075144
282,URLLC,0.062415178151839446
283,URLLC,0.06269052485066615
284,URLLC,0.06266580794837348
285,URLLC,0.06270540183360895
286,URLLC,0.06245199310350633
287,URLLC,0.06230059869793457
288,URLLC,0.06221206052565678
289,URLLC,0.06219062809617139
290,URLLC,0.06273470229846327
291,URLLC,0.062482631352996136
292,URLLC,0.062392626530873886
293,URLLC,0.062479037081609394
294,URLLC,0.06287622964410765
295,URLLC,0.06266041167670852
296,URLLC,0.06212098981444614
297,URLLC,0.06245388424738955
298,URLLC,0.06251034589666835
299,URLLC,0.06199874697637743
300,URLLC,0.06266183821477021
301,URLLC,0.062315904081685615
302,URLLC,0.062123909910812077
303,URLLC,0.062400869715218646
304,URLLC,0.06239251738679217
305,URLLC,0.06245026239647766
306,URLLC,0.06253043490594094
307,URLLC,0.0629753600410942
308,URLLC,0.062043531151358515
309,URLLC,0.06246309039038774
310,URLLC,0.0625757852801525
311,URLLC,0.062078940322908845
312,URLLC,0.06274750073980889
313,URLLC,0.062165346028845
314,URLLC,0.06227705532437821
315,URLLC,0.06236216227924503
316,URLLC,0.06220418900944896
317,URLLC,0.06226982767049896
318,URLLC,0.06275821230497569
319,URLLC,0.06260553497177149
320,URLLC,0.06266564782777971
321,URLLC,0.06254904731098562
322,URLLC,0.062373947942963914
323,URLLC,0.06256779475073099
324,URLLC,0.0623687060738807
325,URLLC,0.0624523957619055
326,URLLC,0.06236408937707658
327,URLLC,0.062091699706337294
328,URLLC,0.06250895542716782
329,URLLC,0.06243229053835963
330,URLLC,0.06265468857687027
331,URLLC,0.06224375450378783
332,URLLC,0.062140798678886985
333,URLLC,0.06237788591218999
334,URLLC,0.0625500854624202
335,URLLC,0.06253858963970872
336,URLLC,0.06212960295841021
337,URLLC,0.062433224178906455
338,URLLC,0.06271125427641856
339,URLLC,0.06234556256230474
340,URLLC,0.06267521810532725
341,URLLC,0.06254947326762963
342,URLLC,0.06274926248091767
343,URLLC,0.06241732235502323
344,URLLC,0.06238674454265658
345,URLLC,0.06239190507218983
346,URLLC,0.06205510920348115
347,URLLC,0.06245506187454877
348,URLLC,0.062510083898332
349,URLLC,0.06261899331043519
350,URLLC,0.06228938369015182
351,URLLC,0.062157027793067844
352,URLLC,0.06246336392924753
353,URLLC,0.06260407132353601
354,URLLC,0.062389360846980324
355,URLLC,0.062463084886096615
356,URLLC,0.06255795566046579
357,URLLC,0.06271219185616284
358,URLLC,0.06259259594693953
359,URLLC,0.062262326702791415
360,URLLC,0.06271398105254035
361,URLLC,0.06238452529257873
362,URLLC,0.0627339572464313
363,URLLC,0.062203693264322506
364,URLLC,0.0629578425503626
365,URLLC,0.06187169775498968
366,URLLC,0.06202152240934947
367,URLLC,0.06256103197884397
368,URLLC,0.06231448077429879
369,URLLC,0.062410475311218336
370,URLLC,0.06203940971071398
371,URLLC,0.0626145627132537
372,URLLC,0.062367864648588886
373,URLLC,0.0622437445561205
374,URLLC,0.06264933984056531
375,URLLC,0.06240251861742657
376,URLLC,0.06210097112124788
377,URLLC,0.062292768723933946
378,URLLC,0.06290043536225348
379,URLLC,0.06243744281173045
380,URLLC,0.06262238834411883
381,URLLC,0.06230927487330952
382,URLLC,0.06254310435593101
383,URLLC,0.062420133029600276
384,URLLC,0.06279030661456678
385,URLLC,0.06212596236273674
386,URLLC,0.06266636565920616
387,URLLC,0.06297775028004968
388,URLLC,0.0625474805224397
389,URLLC,0.06259926880657098
390,URLLC,0.06251568717423871
391,URLLC,0.06265158966717732
392,URLLC,0.06227526126046947
393,URLLC,0.06262598039691433
394,URLLC,0.0622194796175176
395,URLLC,0.06260674994383791
396,URLLC,0.06254736943890751
397,URLLC,0.06275741698925869
398,URLLC,0.06250107679121174
399,URLLC,0.06264048563960618
400,URLLC,0.06285391248017269
401,URLLC,0.06260305471139313
402,URLLC,0.06224511221028373
403,URLLC,0.06284530664534665
404,URLLC,0.062428997855211214
405,URLLC,0.062560090248218
406,URLLC,0.06288233320971183
407,URLLC,0.06248598842213304
408,URLLC,0.0627644545509376
409,URLLC,0.06247976068216881
410,URLLC,0.06257003081430455
411,URLLC,0.06229707463543948
412,URLLC,0.06241034576461259
413,URLLC,0.06255209805220674
414,URLLC,0.0624224554705012
415,URLLC,0.06232630028193962
416,URLLC,0.06265163239272578
417,URLLC,0.06250881834015752
418,URLLC,0.06270045204517684
419,URLLC,0.06269963678104898
420,URLLC,0.06256216496049803
421,URLLC,0.062419861323713986
422,URLLC,0.06253235350225429
423,URLLC,0.062323822794855224
424,URLLC,0.06261731513255911
425,URLLC,0.06265570581464538
426,URLLC,0.06225680489693946
427,URLLC,0.06218079398056681
428,URLLC,0.06277746859452753
429,URLLC,0.06259759182063446
430,URLLC,0.06279114659274293
431,URLLC,0.06218835023166608
432,URLLC,0.06233139975437329
433,URLLC,0.0628845750989316
434,URLLC,0.06277885764066626
435,URLLC,0.06269377163316062
436,URLLC,0.06278490929377033
437,URLLC,0.0626732377143111
438,URLLC,0.062499877128836964
439,URLLC,0.06240769204856151
440,URLLC,0.0623684814616199
441,URLLC,0.06243156479329412
442,URLLC,0.06245453728210166
443,URLLC,0.06261091042643074
444,URLLC,0.062272718087751595
445,URLLC,0.06256596803209578
446,URLLC,0.06233776211100578
447,URLLC,0.062309134509437286
448,URLLC,0.06278406395492399
449,URLLC,0.062265614964772766
450,URLLC,0.062342995491266914
451,URLLC,0.06252156975729672
452,URLLC,0.06220159098452602
453,URLLC,0.06233298974491402
454,URLLC,0.062299441074812924
455,URLLC,0.06238856333132208
456,URLLC,0.06246126809767759
457,URLLC,0.06241150301249861
458,URLLC,0.06252293525599516
459,URLLC,0.062370235797202786
460,URLLC,0.06225854586695803
461,URLLC,0.06251891447231506
462,URLLC,0.06276324984909963
463,URLLC,0.06238844239340527
464,URLLC,0.062443924636017556
465,URLLC,0.062494704648117336
466,URLLC,0.06194204340151464
467,URLLC,0.06257275911844493
468,URLLC,0.06260792975364896
469,URLLC,0.06238692551127311
470,URLLC,0.06271132520019541
471,URLLC,0.06263507414710287
472,URLLC,0.062250095985900665
473,URLLC,0.062447659930955655
474,URLLC,0.06234745396956072
475,URLLC,0.06216661022908499
476,URLLC,0.06231251485882598
477,URLLC,0.06249854466239017
478,URLLC,0.06252310308600037
479,URLLC,0.06240281764819312
480,URLLC,0.06256389926297456
481,URLLC,0.062231594105008045
482,URLLC,0.06292041541000382
483,URLLC,0.062387312067315334
484,URLLC,0.06244334147223322
485,URLLC,0.0629411561268468
486,URLLC,0.06213778941587101
487,URLLC,0.062475005105871805
488,URLLC,0.06249389590988416
489,URLLC,0.06201554843924471
490,URLLC,0.0623057077286761
491,URLLC,0.0624865637245882
492,URLLC,0.06273673729149203
493,URLLC,0.06217616769857869
494,URLLC,0.06220361307876382
495,URLLC,0.06243736146572205
496,URLLC,0.062456662453111315
497,URLLC,0.0630400767335758
498,URLLC,0.062287899451873074
499,URLLC,0.06232876893793899
500,URLLC,0.06257831949982558
501,URLLC,0.06249747324944028
502,URLLC,0.06185243517801549
503,URLLC,0.06245466759422924
504,URLLC,0.06220665224452695
505,URLLC,0.062018538089003795
506,URLLC,0.06217423593857914
507,URLLC,0.06264005377154643
508,URLLC,0.06256545392904035
509,URLLC,0.06256141505458922
510,URLLC,0.06275389881354103
511,URLLC,0.06224852980292805
512,URLLC,0.06219982299953716
513,URLLC,0.06255371111046788
514,URLLC,0.06224903587734944
515,URLLC,0.06247620916432398
516,URLLC,0.0623355076858502
517,URLLC,0.06250355110423658
518,URLLC,0.06258874822791674
519,URLLC,0.0627836060423343
520,URLLC,0.06223824866653319
521,URLLC,0.06274149392315657
522,URLLC,0.062480324682672526
523,URLLC,0.06237301778577835
524,URLLC,0.062252963268996514
525,URLLC,0.06214852774474671
526,URLLC,0.06227810360069747
527,URLLC,0.06248254964024744
528,URLLC,0.062481908919130795
529,URLLC,0.062401162424534924
530,URLLC,0.06276125002322483
531,URLLC,0.06174133218484045
532,URLLC,0.06266054645775655
533,URLLC,0.06241689039123528
534,URLLC,0.06322218600210854
535,URLLC,0.06283436275627981
536,URLLC,0.06196421437955728
537,URLLC,0.062486942702319415
538,URLLC,0.06260027171014365
539,URLLC,0.06256715581867872
540,URLLC,0.0629293912118192
541,URLLC,0.06210463182112104
542,URLLC,0.06209009441986145
543,URLLC,0.06222628845814924
544,URLLC,0.0627973823351296
545,URLLC,0.06196537613007464
546,URLLC,0.06234262508121384
547,URLLC,0.06259433527182458
548,URLLC,0.06238923795572625
549,URLLC,0.06245983504587403
550,URLLC,0.06336102905951523
551,URLLC,0.062054073291294795
552,URLLC,0.06276882000095861
553,URLLC,0.06256178325092324
554,URLLC,0.06255708408362895
555,URLLC,0.06275056348491448
556,URLLC,0.06259197021987989
557,URLLC,0.06278027881361892
558,URLLC,0.06243399560443592
559,URLLC,0.06265536595565117
560,URLLC,0.062301390369550534
561,URLLC,0.06207845718907232
562,URLLC,0.06256803669740693
563,URLLC,0.06229758124465309
564,URLLC,0.062520996094004
565,URLLC,0.06257256224486099
566,URLLC,0.06217658875625431
567,URLLC,0.06221176175873207
568,URLLC,0.062385827607934
569,URLLC,0.06224939010683181
570,URLLC,0.06267003025364823
571,URLLC,0.06247391221692858
572,URLLC,0.0626757072288427
573,URLLC,0.06191920978345956
574,URLLC,0.0627773193960974
575,URLLC,0.06244980298623831
576,URLLC,0.06269296193270804
577,URLLC,0.06256503410118786
578,URLLC,0.06247125752118498
579,URLLC,0.06234470568296004
580,URLLC,0.06245655295524608
581,URLLC,0.06236898508841798
582,URLLC,0.06205647979182232
583,URLLC,0.06269539107510418
584,URLLC,0.06256649094084349
585,URLLC,0.06266051294458162
586,URLLC,0.06249514051391214
587,URLLC,0.06245299144924384
588,URLLC,0.06267729211558801
589,URLLC,0.06237228173516563
590,URLLC,0.062354572456098066
591,URLLC,0.06288124986561382
592,URLLC,0.06275930172944862
593,URLLC,0.06232014061442952
594,URLLC,0.0622571276751181
595,URLLC,0.06242859913395152
596,URLLC,0.06252504165739377
597,URLLC,0.06223740570512939
598,URLLC,0.06274037756691699
599,URLLC,0.062323014253375456
600,URLLC,0.06233376684578549
601,URLLC,0.0626669904095127
602,URLLC,0.06255819441622917
603,URLLC,0.06290641332335689
604,URLLC,0.06237613149423988
605,URLLC,0.06256161371060537
606,URLLC,0.06221959040452599
607,URLLC,0.06260761212581023
608,URLLC,0.0627776178468836
609,URLLC,0.062477378923222214
610,URLLC,0.06239987211532023
611,URLLC,0.06216775666866788
612,URLLC,0.06284516024769275
613,URLLC,0.062171065899867456
614,URLLC,0.06213828492062154
615,URLLC,0.06214815268593684
616,URLLC,0.062328786242527426
617,URLLC,0.06269218007427307
618,URLLC,0.06282852890053253
619,URLLC,0.06266035046772628
620,URLLC,0.06259227618691468
621,URLLC,0.062167358816710594
622,URLLC,0.06218539758886313
623,URLLC,0.062208405235699336
624,URLLC,0.06218796370914433
625,URLLC,0.06216865730022556
626,URLLC,0.06217023120780447
627,URLLC,0.06270211813954625
628,URLLC,0.06253495232638785
629,URLLC,0.06298263316054767
630,URLLC,0.06275364033716391
631,URLLC,0.062159359172025586
632,URLLC,0.06295045176366013
633,URLLC,0.06248568813326099
634,URLLC,0.06244223631942352
635,URLLC,0.062330492389682746
636,URLLC,0.06285042852145749
637,URLLC,0.06239741974989753
638,URLLC,0.06240057384894105
639,URLLC,0.062406287366834234
640,URLLC,0.06209077444470205
641,URLLC,0.06262095945655671
642,URLLC,0.06265695280187075
643,URLLC,0.06292576249936173
644,URLLC,0.06252874644918507
645,URLLC,0.062432459859165804
646,URLLC,0.062379370001601535
647,URLLC,0.062418030064721144
648,URLLC,0.06259180690003632
649,URLLC,0.0625524236269111
650,URLLC,0.0623351402299884
651,URLLC,0.06272042979133179
652,URLLC,0.06250654253449124
653,URLLC,0.061863836309239854
654,URLLC,0.06309866685484708
655,URLLC,0.062327730559681827
656,URLLC,0.06226267466666772
657,URLLC,0.06243057389818966
658,URLLC,0.06245858690071292
659,URLLC,0.06272900873814091
660,URLLC,0.062312987445357446
661,URLLC,0.062460667122097704
662,URLLC,0.06228615845414509
663,URLLC,0.06279270911980184
664,URLLC,0.06242717835201322
665,URLLC,0.062205550614803366
666,URLLC,0.062427228358461095
667,URLLC,0.062055562363131055
668,URLLC,0.06253909246600285
669,URLLC,0.062401184559937165
670,URLLC,0.06193765046832633
671,URLLC,0.06203978638945421
672,URLLC,0.06221118247939242
673,URLLC,0.06259685140998367
674,URLLC,0.062080422434565956
675,URLLC,0.0626620827506144
676,URLLC,0.0624860971441958
677,URLLC,0.06191090484817329
678,URLLC,0.062115036491609994
679,URLLC,0.06294976131317447
680,URLLC,0.062475637215955365
681,URLLC,0.062448331362830074
682,URLLC,0.06256230098019011
683,URLLC,0.06233377828912006
684,URLLC,0.06238967232997515
685,URLLC,0.06269699908906251
686,URLLC,0.06247908448614394
687,URLLC,0.06269105076210907
688,URLLC,0.06243815413540887
689,URLLC,0.06270419856968067
690,URLLC,0.06252339428577826
691,URLLC,0.062189263484536565
692,URLLC,0.06236832553992098
693,URLLC,0.06279126066324327
694,URLLC,0.06248441950015796
695,URLLC,0.06206712731368779
696,URLLC,0.06277012669702182
697,URLLC,0.0626878076093363
698,URLLC,0.06278108859189128
699,URLLC,0.06256567093719194
700,URLLC,0.06244369547188496
701,URLLC,0.06235753804024198
702,URLLC,0.06257274722140534
703,URLLC,0.06251876942732923
704,URLLC,0.06270702286544118
705,URLLC,0.062110542378715515
706,URLLC,0.06248979878133863
707,URLLC,0.062499410771007145
708,URLLC,0.062357681346129845
709,URLLC,0.062465410627222814
710,URLLC,0.06235710727879459
711,URLLC,0.0629181355738308
712,URLLC,0.06210296270021373
713,URLLC,0.06262505337905482
714,URLLC,0.06257038937490618
715,URLLC,0.062259129606665936
716,URLLC,0.0626139028652499
717,URLLC,0.06289172124929648
718,URLLC,0.06268506757471277
719,URLLC,0.0625501577421175
720,URLLC,0.0629032682244442
721,URLLC,0.06249121505113051
722,URLLC,0.06229511951836014
723,URLLC,0.06296561673841013
724,URLLC,0.06298422000799944
725,URLLC,0.062484747871416994
726,URLLC,0.06233809655946226
727,URLLC,0.0621936549108269
728,URLLC,0.062361706807579985
729,URLLC,0.06249899210072619
730,URLLC,0.06267339081056368
731,URLLC,0.06238573908298079
732,URLLC,0.0625076055425182
733,URLLC,0.06208497038756262
734,URLLC,0.06279719425233403
735,URLLC,0.06232095524599788
736,URLLC,0.062176319853703824
737,URLLC,0.06269480887362544
738,URLLC,0.062267000513375526
739,URLLC,0.0622014335518323
740,URLLC,0.06216705574548077
741,URLLC,0.06297794520050265
742,URLLC,0.06219447811525361
743,URLLC,0.062408754013335406
744,URLLC,0.06222347841088975
745,URLLC,0.06234132991472201
746,URLLC,0.06273471431184223
747,URLLC,0.06216079790044706
748,URLLC,0.06242548408829888
749,URLLC,0.06249994405862333
750,URLLC,0.06241711626640774
751,URLLC,0.06282060509935458
752,URLLC,0.06246234715032928
753,URLLC,0.06243070068008451
754,URLLC,0.06240154652967905
755,URLLC,0.06214300136470616
756,URLLC,0.062421326472066
757,URLLC,0.06254271816803084
758,URLLC,0.061890456917736904
759,URLLC,0.06244369428388873
760,URLLC,0.06255989757402114
761,URLLC,0.06247964032531697
762,URLLC,0.0626926260914063
763,URLLC,0.06259237830219981
764,URLLC,0.062138371891307956
765,URLLC,0.06254397020263427
766,URLLC,0.0622577443187878
767,URLLC,0.062149564330818335
768,URLLC,0.06277674399822658
769,URLLC,0.062188658871927226
770,URLLC,0.06185417742843701
771,URLLC,0.062738125176815
772,URLLC,0.06188313449705277
773,URLLC,0.06201731463111977
774,URLLC,0.06280914203796058
775,URLLC,0.06282027458546487
776,URLLC,0.06216734264039257
777,URLLC,0.0623788392650822
778,URLLC,0.06200387679083845
779,URLLC,0.06300847985284402
780,URLLC,0.06289924156453343
781,URLLC,0.0623655811821456
782,URLLC,0.06238195605167035
783,URLLC,0.06256353042036791
784,URLLC,0.06232685586046002
785,URLLC,0.06217357393888112
786,URLLC,0.062401141380611695
787,URLLC,0.06223065120174564
788,URLLC,0.062306457611650296
789,URLLC,0.06208882213264301
790,URLLC,0.06224332667881018
791,URLLC,0.0622047220884245
792,URLLC,0.061954715800983155
793,URLLC,0.06256779682325682
794,URLLC,0.0627365748825697
795,URLLC,0.06239374622797203
796,URLLC,0.06180495249017235
797,URLLC,0.06217704320351103
798,URLLC,0.06231713993246836
799,URLLC,0.06171378984257053
800,URLLC,0.0622051305097325
801,URLLC,0.062175938146026885
802,URLLC,0.06254755372403245
803,URLLC,0.06303917593590087
804,URLLC,0.06295738782681255
805,URLLC,0.06220515247580356
806,URLLC,0.06287334050790755
807,URLLC,0.06269614919952968
808,URLLC,0.06230078901607694
809,URLLC,0.06210462760892015
810,URLLC,0.06272815197014052
811,URLLC,0.062487896847388334
812,URLLC,0.06223207877400996
813,URLLC,0.06222455609570082
814,URLLC,0.06213338295433233
815,URLLC,0.062008726569445304
816,URLLC,0.0625933605114841
817,URLLC,0.06271825788497506
818,URLLC,0.06264614778283593
819,URLLC,0.06259052654639632
820,URLLC,0.06240729396005522
821,URLLC,0.0626183136452753
822,URLLC,0.061947253810998644
823,URLLC,0.062432089261392765
824,URLLC,0.06250740942919522
825,URLLC,0.06246567369858183
826,URLLC,0.0630497980174138
827,URLLC,0.06274282695364154
828,URLLC,0.0625794054698574
829,URLLC,0.06240399194248817
830,URLLC,0.06196541366789434
831,URLLC,0.062251789029644136
832,URLLC,0.062278704456135
833,URLLC,0.062396390926347994
834,URLLC,0.06263502357707053
835,URLLC,0.0625502510427249
836,URLLC,0.06255372495052079
837,URLLC,0.062477277058828135
838,URLLC,0.062215156494836985
839,URLLC,0.06305647637002197
840,URLLC,0.06303249537792323
841,URLLC,0.06226743948637172
842,URLLC,0.06255774140829501
843,URLLC,0.061934627898065545
844,URLLC,0.0629802564316741
845,URLLC,0.06248427596026432
846,URLLC,0.06251302644938463
847,URLLC,0.06257077718434235
848,URLLC,0.06252538808746907
849,URLLC,0.06247940011367453
850,URLLC,0.06203223131874699
851,URLLC,0.0626036614946431
852,URLLC,0.062152465179155555
853,URLLC,0.06302146228574855
854,URLLC,0.0627833280663329
855,URLLC,0.06272551505061137
856,URLLC,0.06280997544310173
857,URLLC,0.06227694427074421
858,URLLC,0.062462362097114706
859,URLLC,0.0624932939884348
860,URLLC,0.06271691468417244
861,URLLC,0.06285147435493085
862,URLLC,0.062186336264809204
863,URLLC,0.06203931294928932
864,URLLC,0.06277192407998848
865,URLLC,0.062228158388485826
866,URLLC,0.06247035875608786
867,URLLC,0.06249587376004168
868,URLLC,0.06231349474511743
869,URLLC,0.06227817911245268
870,URLLC,0.06243444529074898
871,URLLC,0.06233881094362041
872,URLLC,0.062356424544361064
873,URLLC,0.06247128824123323
874,URLLC,0.061958116664353906
875,URLLC,0.062217299687601715
876,URLLC,0.06228691187718756
877,URLLC,0.0620231221958943
878,URLLC,0.06295016603012746
879,URLLC,0.06259133141449891
880,URLLC,0.06291546083593764
881,URLLC,0.062130889552156836
882,URLLC,0.06229220279625598
883,URLLC,0.06272987041087275
884,URLLC,0.06180022996947868
885,URLLC,0.06269564985137999
886,URLLC,0.06239636354321984
887,URLLC,0.062411751233647374
888,URLLC,0.06238614829006303
889,URLLC,0.06211819286442169
890,URLLC,0.06216680811696489
891,URLLC,0.06245659428811875
892,URLLC,0.06225928060989058
893,URLLC,0.06246016444281485
894,URLLC,0.06239137533881949
895,URLLC,0.06227649470542572
896,URLLC,0.062241477858260945
897,URLLC,0.062377720129132695
898,URLLC,0.06215570823720008
899,URLLC,0.06238364132226736
900,URLLC,0.06271396033307405
901,URLLC,0.06254476514833453
902,URLLC,0.06266925821366032
903,URLLC,0.062410036438386426
904,URLLC,0.06228962270065707
905,URLLC,0.062375184386300964
906,URLLC,0.06250269213867274
907,URLLC,0.06255400430386651
908,URLLC,0.06249762691925066
909,URLLC,0.062188693478821076
910,URLLC,0.06259501046519969
911,URLLC,0.06235240610384896
912,URLLC,0.06234204384685679
913,URLLC,0.06224881678188631
914,URLLC,0.06267855891367097
915,URLLC,0.0629397394073912
916,URLLC,0.06202946931544059
917,URLLC,0.06260964735514378
918,URLLC,0.06278182580265608
919,URLLC,0.06225208932074836
920,URLLC,0.06235937917208667
921,URLLC,0.06294913210315584
922,URLLC,0.06245651045132796
923,URLLC,0.06206404484048913
924,URLLC,0.062418658436418126
925,URLLC,0.06264673134113047
926,URLLC,0.06250873369985839
927,URLLC,0.0626978157687257
928,URLLC,0.06288538710800058
929,URLLC,0.06263356990950765
930,URLLC,0.06257570169961943
931,URLLC,0.062324964450475626
932,URLLC,0.062468075065955884
933,URLLC,0.06215420252485894
934,URLLC,0.06274567008840128
935,URLLC,0.06284531732078047
936,URLLC,0.06235967893668431
937,URLLC,0.062156482074023696
938,URLLC,0.062128130586093164
939,URLLC,0.0623663899192881
940,URLLC,0.06210434325113542
941,URLLC,0.06235810417533434
942,URLLC,0.06216601448218003
943,URLLC,0.06239135527360373
944,URLLC,0.062455342639094504
945,URLLC,0.062432908494119144
946,URLLC,0.06203520045967098
947,URLLC,0.062206018569630664
948,URLLC,0.06198363996512508
949,URLLC,0.06262651146208909
950,URLLC,0.06218594071012187
951,URLLC,0.06268883173016508
952,URLLC,0.06255578967942597
953,URLLC,0.06265699401186149
954,URLLC,0.062498697736895814
955,URLLC,0.06287650042670588
956,URLLC,0.062458278259831294
957,URLLC,0.06266725778170042
958,URLLC,0.06225641663698822
959,URLLC,0.06229256128311261
960,URLLC,0.06245666317965393
961,URLLC,0.06231560049635481
962,URLLC,0.06238933697562378
963,URLLC,0.06242662705260163
964,URLLC,0.06243266282009441
965,URLLC,0.06207127349117471
966,URLLC,0.06236473907278008
967,URLLC,0.06251039704420258
968,URLLC,0.0622863190246963
969,URLLC,0.06249515274017147
970,URLLC,0.06267508831014895
971,URLLC,0.062380284907327034
972,URLLC,0.06270689275410758
973,URLLC,0.062183930291949914
974,URLLC,0.06262848311960387
975,URLLC,0.06227778911817937
976,URLLC,0.06242436743192567
977,URLLC,0.06258710468860847
978,URLLC,0.06236295960287577
979,URLLC,0.062112086914553465
980,URLLC,0.0628423305591772
981,URLLC,0.06191943112179372
982,URLLC,0.06246293749410905
983,URLLC,0.06264497429776483
984,URLLC,0.062482544366471916
985,URLLC,0.06272309975449226
986,URLLC,0.0628820317798124
987,URLLC,0.06241993137954683
988,URLLC,0.06257989602281015
989,URLLC,0.06238721316412414
990,URLLC,0.0623459703472512
991,URLLC,0.06235130476091505
992,URLLC,0.06255264616471087
993,URLLC,0.062155912509900296
994,URLLC,0.06270094667119795
995,URLLC,0.06240996791941992
996,URLLC,0.06222016861571122
997,URLLC,0.06229058649491501
998,URLLC,0.06236053422988374
999,URLLC,0.0625414518162498
1000,URLLC,0.06245125226330992
1001,URLLC,0.062497647883474394
1002,URLLC,0.06234262422187501
1003,URLLC,0.06226225113885661
1004,URLLC,0.062231768011940525
1005,URLLC,0.06218260692375877
1006,URLLC,0.06234511016752384
1007,URLLC,0.062143953251039614
1008,URLLC,0.062332107566427895
1009,URLLC,0.062169604376118244
1010,URLLC,0.06256887386872911
1011,URLLC,0.06230493447226062
1012,URLLC,0.06280358683979434
1013,URLLC,0.06190693897189457
1014,URLLC,0.06243106204780297
1015,URLLC,0.06299867335482222
1016,URLLC,0.06240902276169019
1017,URLLC,0.06267627987669265
1018,URLLC,0.062455238700916134
1019,URLLC,0.06230275866324136
1020,URLLC,0.062112115472097926
1021,URLLC,0.06291411706532522
1022,URLLC,0.06275102655003541
1023,URLLC,0.06225133818587733
1024,URLLC,0.06260939648181708
1025,URLLC,0.06254180333100728
1026,URLLC,0.06226503520797294
1027,URLLC,0.06268407056632651
1028,URLLC,0.062454342427326115
1029,URLLC,0.06226002771851185
1030,URLLC,0.06237309681112366
1031,URLLC,0.06215588153433981
1032,URLLC,0.062207841035200995
1033,URLLC,0.06275685561654368
1034,URLLC,0.06279937289828685
1035,URLLC,0.06294856199140728
1036,URLLC,0.062350182666994075
1037,URLLC,0.06262605015887003
1038,URLLC,0.062169240740268944
1039,URLLC,0.06235892467879122
1040,URLLC,0.062335956817680144
1041,URLLC,0.0624597337493856
1042,URLLC,0.062117388517027194
1043,URLLC,0.0625369398478809
1044,URLLC,0.06240752313910219
1045,URLLC,0.062430636020850694
1046,URLLC,0.0628806972646606
1047,URLLC,0.06226713372764873
1048,URLLC,0.06229450368879878
1049,URLLC,0.06262007065610965
1050,URLLC,0.062321874861791055
1051,URLLC,0.06226503010641429
1052,URLLC,0.062369983753341865
1053,URLLC,0.06263766147398392
1054,URLLC,0.06247045870983802
1055,URLLC,0.06263351060185306
1056,URLLC,0.06241332668455371
1057,URLLC,0.06225911516478783
1058,URLLC,0.06212166728079899
1059,URLLC,0.0623597943289736
1060,URLLC,0.062194132379254016
1061,URLLC,0.06223750710037148
1062,URLLC,0.06288139893351073
1063,URLLC,0.06261194070434414
1064,URLLC,0.0624150327605538
1065,URLLC,0.06260431286695854
1066,URLLC,0.06257259037985166
1067,URLLC,0.06275251045160256
1068,URLLC,0.0625404874864262
1069,URLLC,0.062394234777656155
1070,URLLC,0.06274331480481873
1071,URLLC,0.06239449545631549
1072,URLLC,0.062233168623962665
1073,URLLC,0.06244942444887688
1074,URLLC,0.06255801125862034
1075,URLLC,0.06244195749675405
1076,URLLC,0.06269472637485358
1077,URLLC,0.06236119348433194
1078,URLLC,0.062171351387529585
1079,URLLC,0.062353018525244455
1080,URLLC,0.061956955498250685
1081,URLLC,0.06278505001230054
1082,URLLC,0.06222889829194709
1083,URLLC,0.06216204286187172
1084,URLLC,0.06217082648691248
1085,URLLC,0.06245440160897806
1086,URLLC,0.062214297963232724
1087,URLLC,0.062434509850021774
1088,URLLC,0.06241866229422605
1089,URLLC,0.06215067249742809
1090,URLLC,0.06223985299144704
1091,URLLC,0.06205509403947242
1092,URLLC,0.06241083787391377
1093,URLLC,0.06261993451654477
1094,URLLC,0.06233910094529233
1095,URLLC,0.06237787137953742
1096,URLLC,0.06260499205131992
1097,URLLC,0.06251250937710126
1098,URLLC,0.06234528574314418
1099,URLLC,0.06206606535127826
1100,URLLC,0.062325849571359636
1101,URLLC,0.06231416771582146
1102,URLLC,0.06234439198878702
1103,URLLC,0.06288366602381959
1104,URLLC,0.06274442568712396
1105,URLLC,0.06309939139523532
1106,URLLC,0.06242856614425712
1107,URLLC,0.06202239486199723
1108,URLLC,0.06255598476064624
1109,URLLC,0.062344086412636064
1110,URLLC,0.06244207349362013
1111,URLLC,0.062384419908481134
1112,URLLC,0.06267914824420201
1113,URLLC,0.06274861567969028
1114,URLLC,0.06309527841470207
1115,URLLC,0.06250058792962579
1116,URLLC,0.0624297060254799
1117,URLLC,0.06243893131163127
1118,URLLC,0.06213974613159408
1119,URLLC,0.06273317951064691
1120,URLLC,0.06218968065623661
1121,URLLC,0.06246314960340516
1122,URLLC,0.06274796368384564
1123,URLLC,0.06202760996170053
1124,URLLC,0.062399134972405845
1125,URLLC,0.06253006840171808
1126,URLLC,0.06190917733413896
1127,URLLC,0.06253172542107197
1128,URLLC,0.062483621367329385
1129,URLLC,0.06275173604079838
1130,URLLC,0.062497203512176795
1131,URLLC,0.06272889854535556
1132,URLLC,0.06229358234271894
1133,URLLC,0.06242784956298491
1134,URLLC,0.06274404494802674
1135,URLLC,0.06241346811704372
1136,URLLC,0.06258346112831867
1137,URLLC,0.06236318449413309
1138,URLLC,0.06243870457456575
1139,URLLC,0.06273230227268563
1140,URLLC,0.06228588284830692
1141,URLLC,0.06255350492836459
1142,URLLC,0.06252610150081249
1143,URLLC,0.06243416173883292
1144,URLLC,0.062260796038816714
1145,URLLC,0.062439438955544366
1146,URLLC,0.06257020534105584
1147,URLLC,0.06245940899745155
1148,URLLC,0.06205503313738158
1149,URLLC,0.062455745201210645
1150,URLLC,0.0626617940647216
1151,URLLC,0.06259900936784418
1152,URLLC,0.06254176291863621
1153,URLLC,0.0626630196393026
1154,URLLC,0.06266110213946172
1155,URLLC,0.06288867183018962
1156,URLLC,0.06212715411097313
1157,URLLC,0.06255290535614805
1158,URLLC,0.06250543129276742
1159,URLLC,0.06268437343450753
1160,URLLC,0.06278384053065093
1161,URLLC,0.06234808522003576
1162,URLLC,0.06227349058174425
1163,URLLC,0.062397688846078124
1164,URLLC,0.06233290926253464
1165,URLLC,0.062098682874635575
1166,URLLC,0.062190211715729554
1167,URLLC,0.06256204910887286
1168,URLLC,0.06261400678347107
1169,URLLC,0.06221153936141127
1170,URLLC,0.06257150149744774
1171,URLLC,0.06281097359949177
1172,URLLC,0.06252405937926246
1173,URLLC,0.06277789336212106
1174,URLLC,0.062580782921471
1175,URLLC,0.06246314865972877
1176,URLLC,0.0631704934403175
1177,URLLC,0.0625466160205619
1178,URLLC,0.0631873845708289
1179,URLLC,0.0625202761661339
1180,URLLC,0.062173109405303476
1181,URLLC,0.06248845389355004
1182,URLLC,0.06264617681460254
1183,URLLC,0.062338867983290115
1184,URLLC,0.06274177439424786
1185,URLLC,0.06254305335763315
1186,URLLC,0.06276742291794958
1187,URLLC,0.06204835327267709
1188,URLLC,0.06239771302095591
1189,URLLC,0.0624195870900809
1190,URLLC,0.06239692945030228
1191,URLLC,0.06219818068723947
1192,URLLC,0.06241168874179368
1193,URLLC,0.06198398538568808
1194,URLLC,0.0622057354247345
1195,URLLC,0.062481068909551435
1196,URLLC,0.06218018541731049
1197,URLLC,0.062217317907256604
1198,URLLC,0.06245703844990682
1199,URLLC,0.061892333726064126
1200,URLLC,0.06290322941942501
1201,URLLC,0.062765771585553
1202,URLLC,0.06276673521814063
1203,URLLC,0.0626336850859254
1204,URLLC,0.06284008844036724
1205,URLLC,0.06239313445905267
1206,URLLC,0.062353325029020475
1207,URLLC,0.06246939895180395
1208,URLLC,0.06260339956034261
1209,URLLC,0.06260431784006064
1210,URLLC,0.06223728082098715
1211,URLLC,0.062012797219779155
1212,URLLC,0.06243653408722647
1213,URLLC,0.06251370839145727
1214,URLLC,0.06200090907437801
1215,URLLC,0.06260100788158329
1216,URLLC,0.06251833278461841
1217,URLLC,0.06261760581699331
1218,URLLC,0.06251914722156823
1219,URLLC,0.06273642631434466
1220,URLLC,0.06212631286034565
1221,URLLC,0.06244469473074671
1222,URLLC,0.06256301779683174
1223,URLLC,0.06232192807262078
1224,URLLC,0.06252060826547894
1225,URLLC,0.06207557034306308
1226,URLLC,0.062309366584584844
1227,URLLC,0.06229740023040194
1228,URLLC,0.06266568675663482
1229,URLLC,0.06226569099590151
1230,URLLC,0.06215915809620891
1231,URLLC,0.06264727223676138
1232,URLLC,0.06236976938948371
1233,URLLC,0.06296214830263089
1234,URLLC,0.0625030367198023
1235,URLLC,0.06260921351361926
1236,URLLC,0.06249638030958253
1237,URLLC,0.0628660079911918
1238,URLLC,0.062292342034307925
1239,URLLC,0.06250115213853391
1240,URLLC,0.06223991624831577
1241,URLLC,0.06236396410378763
1242,URLLC,0.06248378491599928
1243,URLLC,0.061711814599966774
1244,URLLC,0.06215639954659003
1245,URLLC,0.06284029265257675
1246,URLLC,0.06247928163023204
1247,URLLC,0.06237581417327457
1248,URLLC,0.06254617225101768
1249,URLLC,0.06200180977957054
1250,URLLC,0.0627855723729463
1251,URLLC,0.06252357556703839
1252,URLLC,0.06288225296892792
1253,URLLC,0.062440618546518334
1254,URLLC,0.06261842075120347
1255,URLLC,0.06242007476444625
1256,URLLC,0.06261710209184672
1257,URLLC,0.06235148142608363
1258,URLLC,0.06268236788225623
1259,URLLC,0.06233660422216204
1260,URLLC,0.0624249630759692
1261,URLLC,0.062437401402082884
1262,URLLC,0.0625780667012464
1263,URLLC,0.06216456170269599
1264,URLLC,0.06248612840044176
1265,URLLC,0.06251103607372066
1266,URLLC,0.062213510484013995
1267,URLLC,0.062484876323422256
1268,URLLC,0.06243478780610511
1269,URLLC,0.06262260973007032
1270,URLLC,0.06282122015094765
1271,URLLC,0.0628045067111686
1272,URLLC,0.062395645925454414
1273,URLLC,0.06205089623057126
1274,URLLC,0.0627232493313331
1275,URLLC,0.06319278378517494
1276,URLLC,0.062205902979842735
1277,URLLC,0.06269741092240509
1278,URLLC,0.06239166769144166
1279,URLLC,0.062266347305347566
1280,URLLC,0.06216605967841936
1281,URLLC,0.06260334054796272
1282,URLLC,0.06261040322763657
1283,URLLC,0.06245458793046431
1284,URLLC,0.06262678915170508
1285,URLLC,0.06272123685448579
1286,URLLC,0.06255812566411104
1287,URLLC,0.062184545162746824
1288,URLLC,0.06255072830646283
1289,URLLC,0.062139531472409304
1290,URLLC,0.062371164807228006
1291,URLLC,0.062297614857485625
1292,URLLC,0.06187129081295185
1293,URLLC,0.06273547421441111
1294,URLLC,0.06262041463213906
1295,URLLC,0.0623126902006641
1296,URLLC,0.06231688078645057
1297,URLLC,0.06265800906188307
1298,URLLC,0.062401346823351043
1299,URLLC,0.06217938153286723
1300,URLLC,0.06205669450679248
1301,URLLC,0.06273864446244519
1302,URLLC,0.06285796345598604
1303,URLLC,0.06188341206371677
1304,URLLC,0.0629557134408219
1305,URLLC,0.06252730247847244
1306,URLLC,0.06210277137922105
1307,URLLC,0.061982749107279474
1308,URLLC,0.062158166157424664
1309,URLLC,0.06247006949864358
1310,URLLC,0.06256078308774211
1311,URLLC,0.0625584216197318
1312,URLLC,0.062253437803236264
1313,URLLC,0.062344645402299656
1314,URLLC,0.062127095339537815
1315,URLLC,0.06242507735201481
1316,URLLC,0.06240089651793969
1317,URLLC,0.06284643680346498
1318,URLLC,0.0629649077451321
1319,URLLC,0.06220410922822861
1320,URLLC,0.062208578136547316
1321,URLLC,0.062273168537715994
1322,URLLC,0.062497289852513065
1323,URLLC,0.06240924739807434
1324,URLLC,0.062131895900331635
1325,URLLC,0.062284495307607005
1326,URLLC,0.06230682612157903
1327,URLLC,0.06274865480569294
1328,URLLC,0.06276973368315404
1329,URLLC,0.06268058279503332
1330,URLLC,0.06279841859666076
1331,URLLC,0.06207217754963095
1332,URLLC,0.062301827547482515
1333,URLLC,0.06263794302324507
1334,URLLC,0.062283932367056205
1335,URLLC,0.061804319018577324
1336,URLLC,0.06266627098177138
1337,URLLC,0.06233882033634516
1338,URLLC,0.06240224023341867
1339,URLLC,0.062352569400375306
1340,URLLC,0.062157164515771315
1341,URLLC,0.06270985120916613
1342,URLLC,0.06256664751529625
1343,URLLC,0.06243455625738509
1344,URLLC,0.061777850074114814
1345,URLLC,0.06212001718518276
1346,URLLC,0.06286959624783167
1347,URLLC,0.06276929876178132
1348,URLLC,0.062193059784250215
1349,URLLC,0.06260775697296973
1350,URLLC,0.06287031975453
1351,URLLC,0.06268107247907966
1352,URLLC,0.06256120092559374
1353,URLLC,0.06264420500181438
1354,URLLC,0.0623573131672813
1355,URLLC,0.06248914525333546
1356,URLLC,0.06253398608541323
1357,URLLC,0.06227407726324414
1358,URLLC,0.06231764259969556
1359,URLLC,0.06201530542965023
1360,URLLC,0.0626701995128179
1361,URLLC,0.06241806025216454
1362,URLLC,0.06251293747668286
1363,URLLC,0.06265731416944549
1364,URLLC,0.06264982602258942
1365,URLLC,0.06264849932186553
1366,URLLC,0.06238983819354221
1367,URLLC,0.06259505534507627
1368,URLLC,0.06224662015975144
1369,URLLC,0.06245788335319796
1370,URLLC,0.06257708355765333
1371,URLLC,0.06268918555734593
1372,URLLC,0.06234504324662315
1373,URLLC,0.06272154798502216
1374,URLLC,0.062072920653847403
1375,URLLC,0.06220533137004919
1376,URLLC,0.06264175255986194
1377,URLLC,0.06275413202400032
1378,URLLC,0.06236272105723862
1379,URLLC,0.0628199961967485
1380,URLLC,0.0620362767840188
1381,URLLC,0.0627647527084656
1382,URLLC,0.06265720364285296
1383,URLLC,0.062141304815014085
1384,URLLC,0.06232075333290028
1385,URLLC,0.06264969982646411
1386,URLLC,0.062307580807378034
1387,URLLC,0.06204880891689389
1388,URLLC,0.06258582813739458
1389,URLLC,0.06238750313873691
1390,URLLC,0.0624225764919714
1391,URLLC,0.062322454036365174
1392,URLLC,0.062106340240345115
1393,URLLC,0.06269464121630289
1394,URLLC,0.062370049176473555
1395,URLLC,0.06256934664974641
1396,URLLC,0.06202404722920204
1397,URLLC,0.06281947121873736
1398,URLLC,0.06252842762174647
1399,URLLC,0.06255571685461503
1400,URLLC,0.06278679302402511
1401,URLLC,0.06251247491748528
1402,URLLC,0.062181586944219346
1403,URLLC,0.06301109415597396
1404,URLLC,0.062375427526691125
1405,URLLC,0.06287295840703948
1406,URLLC,0.06265826339620854
1407,URLLC,0.062182468430215625
1408,URLLC,0.062484280051999484
1409,URLLC,0.06237067006742448
1410,URLLC,0.06289295002472037
1411,URLLC,0.06257151616831676
1412,URLLC,0.06210101682153582
1413,URLLC,0.062342454338495404
1414,URLLC,0.06221112149036687
1415,URLLC,0.062357452043208854
1416,URLLC,0.06210750107947144
1417,URLLC,0.062068297746774
1418,URLLC,0.06247934552245579
1419,URLLC,0.06265818757313478
1420,URLLC,0.062226947434410075
1421,URLLC,0.06265420134956307
1422,URLLC,0.06295599336219464
1423,URLLC,0.0620121013815608
1424,URLLC,0.06264022321577228
1425,URLLC,0.0624444926958004
1426,URLLC,0.06219046622127603
1427,URLLC,0.06285254396992435
1428,URLLC,0.0626106415952523
1429,URLLC,0.0623926552215629
1430,URLLC,0.06288417647772439
1431,URLLC,0.062464330759948505
1432,URLLC,0.06281327970383835
1433,URLLC,0.06243976449430945
1434,URLLC,0.062359433387302834
1435,URLLC,0.06240244535201514
1436,URLLC,0.06315705061850839
1437,URLLC,0.06203425445288179
1438,URLLC,0.06252785040597611
1439,URLLC,0.06255718175270816
1440,URLLC,0.0625168472596584
1441,URLLC,0.06244558290696678
1442,URLLC,0.06268405315808963
1443,URLLC,0.06252202769607593
1444,URLLC,0.06291033196564269
1445,URLLC,0.06236872926609526
1446,URLLC,0.06220698569383819
1447,URLLC,0.06262666274235287
1448,URLLC,0.062353751227515554
1449,URLLC,0.06219197449157996
1450,URLLC,0.062136308645997
1451,URLLC,0.06267329475637154
1452,URLLC,0.06225366307685121
1453,URLLC,0.062423734589050844
1454,URLLC,0.06199544065417483
1455,URLLC,0.06252111774002043
1456,URLLC,0.0625927232222868
1457,URLLC,0.062352880776654934
1458,URLLC,0.06230482398724728
1459,URLLC,0.061959491978793406
1460,URLLC,0.062466765075194414
1461,URLLC,0.06262234580972112
1462,URLLC,0.06275915308581162
1463,URLLC,0.06211429536467035
1464,URLLC,0.06265337075018917
1465,URLLC,0.062054704170952824
1466,URLLC,0.06210865123315439
1467,URLLC,0.06268274419528705
1468,URLLC,0.06247638931994909
1469,URLLC,0.06265550460218311
1470,URLLC,0.06238540846559292
1471,URLLC,0.06251157497641492
1472,URLLC,0.061932640095519534
1473,URLLC,0.06244141077298989
1474,URLLC,0.06261434716523902
1475,URLLC,0.06242343288538475
1476,URLLC,0.06248054588074472
1477,URLLC,0.06239010227432552
1478,URLLC,0.06211116998358371
1479,URLLC,0.06228442794418021
1480,URLLC,0.06264614382829217
1481,URLLC,0.06188197702398053
1482,URLLC,0.06205105101677519
1483,URLLC,0.06196997571926441
1484,URLLC,0.062223950476581066
1485,URLLC,0.06183467228336075
1486,URLLC,0.062337423526472174
1487,URLLC,0.06242580722918638
1488,URLLC,0.06231374412005441
1489,URLLC,0.06241793243691159
1490,URLLC,0.06260610008917225
1491,URLLC,0.06256214801671395
1492,URLLC,0.06263409786319862
1493,URLLC,0.06299722791933733
1494,URLLC,0.06216171812347459
1495,URLLC,0.06218400768863226
1496,URLLC,0.0626171914461288
1497,URLLC,0.062435347334891075
1498,URLLC,0.062213018356992854
1499,URLLC,0.062407520899919015
1500,URLLC,0.062463724292436226
1501,URLLC,0.06214117599670188
1502,URLLC,0.06240588102636469
1503,URLLC,0.06290849439116825
1504,URLLC,0.06219271421333148
1505,URLLC,0.062031898184786105
1506,URLLC,0.06165469061681602
1507,URLLC,0.06223189856496026
1508,URLLC,0.06263311209424337
1509,URLLC,0.06271933288286158
1510,URLLC,0.06222492597018772
1511,URLLC,0.06246267542347335
1512,URLLC,0.062462283962604705
1513,URLLC,0.0622098016395987
1514,URLLC,0.0626112812980498
1515,URLLC,0.062287674866445625
1516,URLLC,0.06227290679806006
1517,URLLC,0.06272402557204328
1518,URLLC,0.06278049849393108
1519,URLLC,0.062404341794512715
1520,URLLC,0.06257309625808392
1521,URLLC,0.06256015827442572
1522,URLLC,0.06256793300160425
1523,URLLC,0.06263956171367772
1524,URLLC,0.062334021571078535
1525,URLLC,0.0624776875761452
1526,URLLC,0.06250636378770207
1527,URLLC,0.062461640420996875
1528,URLLC,0.062084715565424886
1529,URLLC,0.06215648444792817
1530,URLLC,0.06264968063864375
1531,URLLC,0.06259965573578924
1532,URLLC,0.062416446762658416
1533,URLLC,0.062173496300967565
1534,URLLC,0.0625432246386275
1535,URLLC,0.06242293104719977
1536,URLLC,0.061893773655001295
1537,URLLC,0.06245709747159626
1538,URLLC,0.06225560813489172
1539,URLLC,0.06233657250891601
1540,URLLC,0.062406820239903155
1541,URLLC,0.062131746315834735
1542,URLLC,0.06277100690265816
1543,URLLC,0.06170956132921448
1544,URLLC,0.06259715905909317
1545,URLLC,0.062492965026855515
1546,URLLC,0.062418662248364176
1547,URLLC,0.062487587956609046
1548,URLLC,0.062438286638761935
1549,URLLC,0.06237872097158369
1550,URLLC,0.06240222429023591
1551,URLLC,0.06276716871586553
1552,URLLC,0.0626445129762828
1553,URLLC,0.0626202532314472
1554,URLLC,0.062377242150539594
1555,URLLC,0.06203704975466488
1556,URLLC,0.06265115875840771
1557,URLLC,0.062356124905648666
1558,URLLC,0.06264374241274183
1559,URLLC,0.06226423133906067
1560,URLLC,0.06265059912115907
1561,URLLC,0.06198802369517576
1562,URLLC,0.06240677440142215
1563,URLLC,0.06235432137661027
1564,URLLC,0.06233973333824742
1565,URLLC,0.0622506862977488
1566,URLLC,0.06274005719555181
1567,URLLC,0.06252783413853727
1568,URLLC,0.062371376521427886
1569,URLLC,0.06268931317163011
1570,URLLC,0.061977082831820685
1571,URLLC,0.062146590060468666
1572,URLLC,0.0630379598735012
1573,URLLC,0.06261497210514182
1574,URLLC,0.062390176113323724
1575,URLLC,0.06283510218949356
1576,URLLC,0.06332105007014968
1577,URLLC,0.06248648670852978
1578,URLLC,0.06282736160126211
1579,URLLC,0.0619369009867307
1580,URLLC,0.0626542850862166
1581,URLLC,0.06257334958030773
1582,URLLC,0.06235802248607181
1583,URLLC,0.06210784038242442
1584,URLLC,0.06279923498307578
1585,URLLC,0.06252388386346305
1586,URLLC,0.06247247515888581
1587,URLLC,0.06207047117081164
1588,URLLC,0.06228615375130722
1589,URLLC,0.06234084434585636
1590,URLLC,0.0624399832260961
1591,URLLC,0.06209811504760542
1592,URLLC,0.06254056815008616
1593,URLLC,0.06263204943142735
1594,URLLC,0.0626709314532824
1595,URLLC,0.062281129855389215
1596,URLLC,0.062452979284827174
1597,URLLC,0.06253154025290893
1598,URLLC,0.06211771849550328
1599,URLLC,0.06216852966131032
1600,URLLC,0.0625130195646693
1601,URLLC,0.06267694603242976
1602,URLLC,0.0623131378438983
1603,URLLC,0.06285155573433861
1604,URLLC,0.06223342324887506
1605,URLLC,0.0618746711853145
1606,URLLC,0.06234589075001265
1607,URLLC,0.06264155975021285
1608,URLLC,0.0624426733556389
1609,URLLC,0.06290478431764265
1610,URLLC,0.0622564519669878
1611,URLLC,0.06232043444745547
1612,URLLC,0.06257262983264748
1613,URLLC,0.06261019020661197
1614,URLLC,0.06223329739866937
1615,URLLC,0.06285760536313512
1616,URLLC,0.06278570654943123
1617,URLLC,0.06279730251575077
1618,URLLC,0.062240573341094396
1619,URLLC,0.06279386697936264
1620,URLLC,0.06227993069822966
1621,URLLC,0.06247534771560609
1622,URLLC,0.06284612384743186
1623,URLLC,0.06242262554886751
1624,URLLC,0.06245841176041168
1625,URLLC,0.06255636354038784
1626,URLLC,0.06234702919935919
1627,URLLC,0.062278699838887314
1628,URLLC,0.06251974257015774
1629,URLLC,0.06226250654013501
1630,URLLC,0.06257951755862101
1631,URLLC,0.062115734381224294
1632,URLLC,0.06268193101920115
1633,URLLC,0.06259225236769803
1634,URLLC,0.06216553211878475
1635,URLLC,0.06269790882697407
1636,URLLC,0.062227552027166365
1637,URLLC,0.06201757139840705
1638,URLLC,0.06273635299735877
1639,URLLC,0.062080121381063134
1640,URLLC,0.0629288988574052
1641,URLLC,0.062262553350961876
1642,URLLC,0.06258739324209832
1643,URLLC,0.06174025221559384
1644,URLLC,0.06275923959255852
1645,URLLC,0.06264086468060334
1646,URLLC,0.06221253899840991
1647,URLLC,0.06252857556284296
1648,URLLC,0.06259839032488512
1649,URLLC,0.06278801228575401
1650,URLLC,0.06243159179735199
1651,URLLC,0.06222941688007195
1652,URLLC,0.06254554764960756
1653,URLLC,0.062351544808011576
1654,URLLC,0.06269546936766708
1655,URLLC,0.062451682750725615
1656,URLLC,0.0623948840232061
1657,URLLC,0.06266494013947428
1658,URLLC,0.06238266769598288
1659,URLLC,0.06231706834465853
1660,URLLC,0.0626717686471613
1661,URLLC,0.06196503542305442
1662,URLLC,0.0625186632994475
1663,URLLC,0.06224420675185228
1664,URLLC,0.06253071347794732
1665,URLLC,0.06285190590761769
1666,URLLC,0.06215273754294928
1667,URLLC,0.062428018856831476
1668,URLLC,0.06278185650764871
1669,URLLC,0.06218068774617924
1670,URLLC,0.06292552551844709
1671,URLLC,0.06262398544416523
1672,URLLC,0.06272396416311471
1673,URLLC,0.06216159772847312
1674,URLLC,0.06246133533199179
1675,URLLC,0.06233812430300438
1676,URLLC,0.06263804546416292
1677,URLLC,0.0625790782317787
1678,URLLC,0.06257380258779162
1679,URLLC,0.06270762966377437
1680,URLLC,0.062440071806409335
1681,URLLC,0.062218867260013536
1682,URLLC,0.06244559027343202
1683,URLLC,0.06256292674527408
1684,URLLC,0.0627031726172099
1685,URLLC,0.06314902302861808
1686,URLLC,0.06250827218546856
1687,URLLC,0.06267579153607401
1688,URLLC,0.06256387114315082
1689,URLLC,0.06246457282552608
1690,URLLC,0.06249445399139111
1691,URLLC,0.062726975999772
1692,URLLC,0.061891749330089875
1693,URLLC,0.06252917504724237
1694,URLLC,0.062321982941930136
1695,URLLC,0.0628062800439972
1696,URLLC,0.06239448765804294
1697,URLLC,0.06251078614015325
1698,URLLC,0.06261067355485425
1699,URLLC,0.06239456088426116
1700,URLLC,0.061857692336320616
1701,URLLC,0.06244495296392424
1702,URLLC,0.06261353887861727
1703,URLLC,0.06245785132552954
1704,URLLC,0.06206647664408842
1705,URLLC,0.06252736656044831
1706,URLLC,0.06261038012783694
1707,URLLC,0.06282037083380664
1708,URLLC,0.06243128978626625
1709,URLLC,0.06251356755395737
1710,URLLC,0.0628278473168097
1711,URLLC,0.06235111340938069
1712,URLLC,0.062428846727866166
1713,URLLC,0.06221210137611286
1714,URLLC,0.0624189450256956
1715,URLLC,0.06267890510782058
1716,URLLC,0.061568264289481804
1717,URLLC,0.062498743301644254
1718,URLLC,0.06272730736291882
1719,URLLC,0.06225824616892952
1720,URLLC,0.06222197599118499
1721,URLLC,0.06214831930837087
1722,URLLC,0.06234114801769296
1723,URLLC,0.06231075106180915
1724,URLLC,0.062318786476069414
1725,URLLC,0.06284358631276281
1726,URLLC,0.062167049964792866
1727,URLLC,0.062026047929863166
1728,URLLC,0.06246819288240209
1729,URLLC,0.06276910339936588
1730,URLLC,0.0625826226392589
1731,URLLC,0.062364690920637594
1732,URLLC,0.06230743524689648
1733,URLLC,0.06220336128171735
1734,URLLC,0.06252513453072142
1735,URLLC,0.06277353097501465
1736,URLLC,0.06253188223359965
1737,URLLC,0.06238728615703731
1738,URLLC,0.06218548897906941
1739,URLLC,0.06188585352319657
1740,URLLC,0.06192558971071752
1741,URLLC,0.062222794887098025
1742,URLLC,0.06230547256222502
1743,URLLC,0.06182782089662429
1744,URLLC,0.06231062165114948
1745,URLLC,0.06209773643185043
1746,URLLC,0.06190984556592491
1747,URLLC,0.06271094562169723
1748,URLLC,0.06194861829672518
1749,URLLC,0.06228347245660408
1750,URLLC,0.06235886125200858
1751,URLLC,0.06226750085060343
1752,URLLC,0.06217399238440416
1753,URLLC,0.06308956952190728
1754,URLLC,0.062352444419986046
1755,URLLC,0.06228372130240777
1756,URLLC,0.06242775410462947
1757,URLLC,0.06250841828679717
1758,URLLC,0.06277745853329257
1759,URLLC,0.06232224080938797
1760,URLLC,0.06218494812861738
1761,URLLC,0.06275751819452734
1762,URLLC,0.06221581055825786
1763,URLLC,0.062407970104199295
1764,URLLC,0.06287980500667524
1765,URLLC,0.06240605998856764
1766,URLLC,0.0628865334450405
1767,URLLC,0.062392721146165175
1768,URLLC,0.062089050773259005
1769,URLLC,0.06238989687255381
1770,URLLC,0.06227174011404554
1771,URLLC,0.0626658794074083
1772,URLLC,0.06229383016230955
1773,URLLC,0.06239702762042043
1774,URLLC,0.06250812236707914
1775,URLLC,0.06279045135882154
1776,URLLC,0.06243883125345997
1777,URLLC,0.06299942249571398
1778,URLLC,0.06254032215842185
1779,URLLC,0.062235006840219834
1780,URLLC,0.06272609939787724
1781,URLLC,0.06265441003324271
1782,URLLC,0.06185447773984135
1783,URLLC,0.062263395055085345
1784,URLLC,0.06243532338225912
1785,URLLC,0.062552890456646
1786,URLLC,0.06264809375033413
1787,URLLC,0.0627095595462877
1788,URLLC,0.06195654621651831
1789,URLLC,0.06251296870135736
1790,URLLC,0.06249041617712353
1791,URLLC,0.06253788149427203
1792,URLLC,0.06269214468350467
1793,URLLC,0.062321478195329585
1794,URLLC,0.06309498672112474
1795,URLLC,0.06258291663567256
1796,URLLC,0.062213143647506505
1797,URLLC,0.062315902423680215
1798,URLLC,0.06248128953043393
1799,URLLC,0.06278739542935213
1800,URLLC,0.06279560689294479
1801,URLLC,0.06293948308707405
1802,URLLC,0.062370240319906914
1803,URLLC,0.06238360224564758
1804,URLLC,0.06239346300409937
1805,URLLC,0.0627344931560175
1806,URLLC,0.06228871602428692
1807,URLLC,0.06257630232895897
1808,URLLC,0.062206060122409056
1809,URLLC,0.0626369086561417
1810,URLLC,0.062142049372265244
1811,URLLC,0.06254880605360402
1812,URLLC,0.062253444027901915
1813,URLLC,0.06231112765212268
1814,URLLC,0.06210803411565201
1815,URLLC,0.06261216915453059
1816,URLLC,0.06243967677274305
1817,URLLC,0.062302345103099295
1818,URLLC,0.0622463539943286
1819,URLLC,0.0623418024202779
1820,URLLC,0.06259742250509266
1821,URLLC,0.06223716127124887
1822,URLLC,0.06267421829119052
1823,URLLC,0.06270215662455553
1824,URLLC,0.06280221912724612
1825,URLLC,0.06285643242322914
1826,URLLC,0.06256988340758986
1827,URLLC,0.06300689932805441
1828,URLLC,0.06270823894262818
1829,URLLC,0.06236054632717366
1830,URLLC,0.06241810574989275
1831,URLLC,0.0622650294564902
1832,URLLC,0.06232755250970428
1833,URLLC,0.06255663947581068
1834,URLLC,0.06261521533603039
1835,URLLC,0.06191613986349319
1836,URLLC,0.06274114516533695
1837,URLLC,0.06247175135438972
1838,URLLC,0.062217973242387585
1839,URLLC,0.06220914228482642
1840,URLLC,0.062376884905941905
1841,URLLC,0.06214265993832746
1842,URLLC,0.06197225698359188
1843,URLLC,0.062435216704529374
1844,URLLC,0.062060450129611484
1845,URLLC,0.06242316502601279
1846,URLLC,0.062469147691876954
1847,URLLC,0.06238028262007521
1848,URLLC,0.062407720903714374
1849,URLLC,0.06227029465990068
1850,URLLC,0.06259079237367034
1851,URLLC,0.06244172865817245
1852,URLLC,0.06267009901247435
1853,URLLC,0.062139012872889754
1854,URLLC,0.0627359930329043
1855,URLLC,0.06239773857475628
1856,URLLC,0.06246635340623089
1857,URLLC,0.06263203485339208
1858,URLLC,0.06294773885421386
1859,URLLC,0.06294485897306783
1860,URLLC,0.06230289201542227
1861,URLLC,0.06250131461814046
1862,URLLC,0.062091497654585735
1863,URLLC,0.06255462067906131
1864,URLLC,0.06259948822114648
1865,URLLC,0.062365078043898736
1866,URLLC,0.06227236333045505
1867,URLLC,0.06266359650963324
1868,URLLC,0.06232530327398537
1869,URLLC,0.062330160867298624
1870,URLLC,0.06256253531621361
1871,URLLC,0.0629387311726753
1872,URLLC,0.06230190054373646
1873,URLLC,0.0624975931792636
1874,URLLC,0.06286021000913158
1875,URLLC,0.06259233250532435
1876,URLLC,0.06193692680115202
1877,URLLC,0.06213592497050073
1878,URLLC,0.06211864528239843
1879,URLLC,0.06245348487774739
1880,URLLC,0.06240199482950582
1881,URLLC,0.062150524002368215
1882,URLLC,0.062152024236454245
1883,URLLC,0.06296256693813998
1884,URLLC,0.062289322175939986
1885,URLLC,0.062185841853401314
1886,URLLC,0.061980544701514685
1887,URLLC,0.06248924907320415
1888,URLLC,0.06276024937164927
1889,URLLC,0.06264122831850404
1890,URLLC,0.06213000647240335
1891,URLLC,0.06250876594610834
1892,URLLC,0.062040295811846925
1893,URLLC,0.06256783210997958
1894,URLLC,0.06234223230967725
1895,URLLC,0.062272860040336275
1896,URLLC,0.06229639918775284
1897,URLLC,0.06209652043944203
1898,URLLC,0.06293843019703887
1899,URLLC,0.062237154277048484
1900,URLLC,0.06226556177404302
1901,URLLC,0.06272659043331544
1902,URLLC,0.062425806263177494
1903,URLLC,0.0626607023177111
1904,URLLC,0.0625542055295896
1905,URLLC,0.06239676781657499
1906,URLLC,0.06214720864414369
1907,URLLC,0.06228262624725067
1908,URLLC,0.06205643855479463
1909,URLLC,0.06281180444196816
1910,URLLC,0.06245280354510676
1911,URLLC,0.062074374579620714
1912,URLLC,0.06273683058535909
1913,URLLC,0.06277978577699769
1914,URLLC,0.06296857250949471
1915,URLLC,0.06225041981251971
1916,URLLC,0.06253319080420448
1917,URLLC,0.06270491277925572
1918,URLLC,0.06275780040965201
1919,URLLC,0.062305965779825334
1920,URLLC,0.06260709316973913
1921,URLLC,0.0627444023392016
1922,URLLC,0.06209970413584827
1923,URLLC,0.06224985530773071
1924,URLLC,0.06246003580191864
1925,URLLC,0.062213302918115165
1926,URLLC,0.06247307287704562
1927,URLLC,0.06225888085458613
1928,URLLC,0.06253412878059755
1929,URLLC,0.062252351722256266
1930,URLLC,0.06218066555933747
1931,URLLC,0.0623245429046949
1932,URLLC,0.0624822827934504
1933,URLLC,0.062404057194023525
1934,URLLC,0.06278711540781463
1935,URLLC,0.062369380267868035
1936,URLLC,0.06232190819214899
1937,URLLC,0.06251687862336217
1938,URLLC,0.06245023724482425
1939,URLLC,0.06273241783124145
1940,URLLC,0.062216998996742455
1941,URLLC,0.06209746650491005
1942,URLLC,0.06189760866779922
1943,URLLC,0.06314138092719776
1944,URLLC,0.062236478495320866
1945,URLLC,0.06219162683794994
1946,URLLC,0.06234781589457302
1947,URLLC,0.06230209922514888
1948,URLLC,0.06266711231932548
1949,URLLC,0.06256451442555784
1950,URLLC,0.06243713777490194
1951,URLLC,0.061937718710246406
1952,URLLC,0.06227139855612412
1953,URLLC,0.06251737334353795
1954,URLLC,0.062184995367261645
1955,URLLC,0.062272045719107
1956,URLLC,0.062471628337900396
1957,URLLC,0.06264307320737454
1958,URLLC,0.06283530491814752
1959,URLLC,0.062271000107969786
1960,URLLC,0.06248418094689029
1961,URLLC,0.0627560135268925
1962,URLLC,0.06294517034598493
1963,URLLC,0.06238162019736615
1964,URLLC,0.06221301051575724
1965,URLLC,0.06268242180283672
1966,URLLC,0.06224184868001947
1967,URLLC,0.06234393295049814
1968,URLLC,0.062053237612478336
1969,URLLC,0.06211730652775261
1970,URLLC,0.062409212483007674
1971,URLLC,0.062413757253353026
1972,URLLC,0.06258328313368142
1973,URLLC,0.06194400174098724
1974,URLLC,0.06270006628866599
1975,URLLC,0.06245737709031322
1976,URLLC,0.06267931040722138
1977,URLLC,0.06267732107583648
1978,URLLC,0.06213016686934221
1979,URLLC,0.0627139605965565
1980,URLLC,0.06311359971107565
1981,URLLC,0.06216078341969889
1982,URLLC,0.062067217778819274
1983,URLLC,0.0619434365302436
1984,URLLC,0.062381220848356206
1985,URLLC,0.06238857754421754
1986,URLLC,0.06241083612812527
1987,URLLC,0.0626572507349225
1988,URLLC,0.06225011626550342
1989,URLLC,0.06216484372842467
1990,URLLC,0.0621698684438245
1991,URLLC,0.0629341733460658
1992,URLLC,0.06260131528004176
1993,URLLC,0.062299376618468606
1994,URLLC,0.06204358757283223
1995,URLLC,0.062490074164797425
1996,URLLC,0.06225851304072876
1997,URLLC,0.0621677805343225
1998,URLLC,0.06261146191561269
1999,URLLC,0.062224076004339
0,eMBB,0.0
1,eMBB,0.0
2,eMBB,0.0
3,eMBB,0.0
4,eMBB,0.0
5,eMBB,0.0
6,eMBB,0.0
7,eMBB,0.0
8,eMBB,0.0
9,eMBB,0.0
10,eMBB,0.0
11,eMBB,1.095264238168743
12,eMBB,0.0
13,eMBB,1.2988084229178924
14,eMBB,1.3811619624113998
15,eMBB,1.4669794044606657
16,eMBB,1.5804919141913503
17,eMBB,1.6785941260507717
18,eMBB,1.7745272445202573
19,eMBB,1.8433057864424713
20,eMBB,1.9201060914136345
21,eMBB,2.0088443018004143
22,eMBB,2.0822674644253922
23,eMBB,2.192707221920743
24,eMBB,2.377530330545035
25,eMBB,2.4018019566943813
26,eMBB,2.387624975727516
27,eMBB,2.588192405306126
28,eMBB,2.636322171157047
29,eMBB,2.6148262596681433
30,eMBB,2.7980972975855685
31,eMBB,2.7747595177440907
32,eMBB,2.9005321055365556
33,eMBB,3.16252949755172
34,eMBB,3.2447878648875927
35,eMBB,3.238716880342165
36,eMBB,3.3644835109490656
37,eMBB,3.5365272854027783
38,eMBB,3.4242268251401797
39,eMBB,3.617603100783255
40,eMBB,3.5751339475284576
41,eMBB,3.7501655184841027
42,eMBB,3.726239067884681
43,eMBB,4.015415624011747
44,eMBB,4.131077797375624
45,eMBB,4.043389779150772
46,eMBB,4.273362162045012
47,eMBB,4.088426740148426
48,eMBB,4.550010990787789
49,eMBB,4.546338906139707
50,eMBB,4.39082805205691
51,eMBB,4.182346849806052
52,eMBB,4.773228047139505
53,eMBB,4.74921864814148
54,eMBB,5.105509244748598
55,eMBB,4.680118616514248
56,eMBB,5.392593893926375
57,eMBB,4.6739680952250735
58,eMBB,5.434853303799871
59,eMBB,5.221940716155899
60,eMBB,5.3872350482128555
61,eMBB,5.627319726345212
62,eMBB,5.760175283876143
63,eMBB,5.600319436227092
64,eMBB,6.205950529159166
65,eMBB,5.896022374513418
66,eMBB,5.708041162464225
67,eMBB,6.067653413932074
68,eMBB,6.511529479039119
69,eMBB,6.436885182029201
70,eMBB,6.328126657569578
71,eMBB,6.46064778270913
72,eMBB,6.711695089808738
73,eMBB,6.344657840174668
74,eMBB,6.272535604538428
75,eMBB,6.7031982014925555
76,eMBB,6.312672894226819
77,eMBB,6.622082136786347
78,eMBB,7.129097792862306
79,eMBB,7.725820546619683
80,eMBB,6.861721585891521
81,eMBB,6.256943957542193
82,eMBB,7.164346880413321
83,eMBB,7.585604884665723
84,eMBB,6.837341362659089
85,eMBB,8.193302448432522
86,eMBB,7.155174592251413
87,eMBB,7.412041800469264
88,eMBB,5.9040321861717535
89,eMBB,7.778997187644603
90,eMBB,8.509883725185853
91,eMBB,7.580186733034066
92,eMBB,7.865091894204297
93,eMBB,7.898573796598505
94,eMBB,8.276080196159832
95,eMBB,9.02050955712155
96,eMBB,6.692803073077296
97,eMBB,9.084304750680504
98,eMBB,8.531972631427875
99,eMBB,8.139759492598563
100,eMBB,8.521939774710754
101,eMBB,9.38952976398067
102,eMBB,7.040223885229848
103,eMBB,7.908990064398102
104,eMBB,9.530529631793897
105,eMBB,8.85430209076127
106,eMBB,9.362788261610998
107,eMBB,9.731338186402127
108,eMBB,8.64675640121153
109,eMBB,9.88870972288251
110,eMBB,8.654408770090235
111,eMBB,9.625398666301036
112,eMBB,8.322062552004883
113,eMBB,10.641054135696479
114,eMBB,7.775295297535681
115,eMBB,8.990933241694044
116,eMBB,9.638380628754922
117,eMBB,9.199359817561152
118,eMBB,8.45512043415722
119,eMBB,9.042873717372128
120,eMBB,10.368957104425084
121,eMBB,10.349121765426998
122,eMBB,10.096816040561391
123,eMBB,9.849609536653581
124,eMBB,10.543330600968632
125,eMBB,10.399217160465755
126,eMBB,10.698391262882689
127,eMBB,10.295184529417135
128,eMBB,9.825856479734963
129,eMBB,10.010578735910494
130,eMBB,10.979954813870036
131,eMBB,10.552685443760128
132,eMBB,10.687036043165756
133,eMBB,10.940498955212158
134,eMBB,10.829385274696975
135,eMBB,9.002654467777516
136,eMBB,9.568896236819624
137,eMBB,11.105006890487271
138,eMBB,12.021947628907327
139,eMBB,11.25916751237224
140,eMBB,11.378814837259474
141,eMBB,11.259644728428299
142,eMBB,12.601007294137057
143,eMBB,11.227386201441872
144,eMBB,11.211574335748502
145,eMBB,11.217386970033406
146,eMBB,10.747094784805299
147,eMBB,11.518206825028779
148,eMBB,11.26364788776526
149,eMBB,10.911352238226407
150,eMBB,11.879704774311996
151,eMBB,12.766909138380266
152,eMBB,10.72086405150713
153,eMBB,12.016286541385089
154,eMBB,10.772035526790976
155,eMBB,8.662881931046876
156,eMBB,13.318190477812575
157,eMBB,11.26485309183496
158,eMBB,10.572389383967725
159,eMBB,10.521633474673301
160,eMBB,11.175509035446042
161,eMBB,12.136847316806671
162,eMBB,11.6435134013086
163,eMBB,13.671783868091001
164,eMBB,12.334534765865685
165,eMBB,12.325631958098619
166,eMBB,12.56210848541234
167,eMBB,11.94576023211209
168,eMBB,10.33895196175337
169,eMBB,12.78232974942792
170,eMBB,11.762763521649296
171,eMBB,11.808713821446338
172,eMBB,11.967489999618001
173,eMBB,11.139480466589324
174,eMBB,13.5102557405907
175,eMBB,12.670019807174613
176,eMBB,11.204763373877082
177,eMBB,13.378723742393259
178,eMBB,11.222575862024227
179,eMBB,13.680967960953177
180,eMBB,11.54831980557424
181,eMBB,11.414275531940223
182,eMBB,11.807511141242792
183,eMBB,8.369340312893963
184,eMBB,13.83146305911535
185,eMBB,12.56453273911149
186,eMBB,11.085316632923737
187,eMBB,11.002797889264713
188,eMBB,11.724717996050977
189,eMBB,12.25778318517619
190,eMBB,10.988358767646707
191,eMBB,11.521282150516832
192,eMBB,12.169047435429285
193,eMBB,10.450711320174333
194,eMBB,13.490309382957577
195,eMBB,10.610895421114432
196,eMBB,12.710093825189944
197,eMBB,10.80020523890821
198,eMBB,8.325593237536534
199,eMBB,8.377220143156725
200,eMBB,10.957407177164066
201,eMBB,8.251300449492659
202,eMBB,10.10040266623145
203,eMBB,9.200000792528622
204,eMBB,8.640483373933066
205,eMBB,9.447729782540748
206,eMBB,6.961654397049558
207,eMBB,9.062409791882414
208,eMBB,9.502488549574746
209,eMBB,9.788251249039172
210,eMBB,10.736159531097396
211,eMBB,11.34324624140347
212,eMBB,12.883634858622548
213,eMBB,8.175248339687599
214,eMBB,10.029941024562655
215,eMBB,9.302824054210516
216,eMBB,9.277066240886308
217,eMBB,9.980737427066066
218,eMBB,10.60798813860429
219,eMBB,9.52203096684177
220,eMBB,9.792643619962591
221,eMBB,9.175473847301816
222,eMBB,9.225174603622307
223,eMBB,9.62632330512968
224,eMBB,10.095620455891007
225,eMBB,10.79095593625651
226,eMBB,9.113314946766577
227,eMBB,8.75146611383758
228,eMBB,8.724291626580838
229,eMBB,10.044887637717272
230,eMBB,9.531954790413785
231,eMBB,9.80124614664122
232,eMBB,9.310134778524045
233,eMBB,9.9488055069226
234,eMBB,9.968152142511707
235,eMBB,10.127082188597523
236,eMBB,8.524987208249305
237,eMBB,9.691784357002074
238,eMBB,8.645340509007806
239,eMBB,9.073010336040475
240,eMBB,9.856457520122678
241,eMBB,10.37585245193248
242,eMBB,11.78184460188332
243,eMBB,11.001627773374281
244,eMBB,10.315601420889799
245,eMBB,10.985531257540242
246,eMBB,10.476839866862157
247,eMBB,10.242991639569892
248,eMBB,9.146461432580946
249,eMBB,11.48627723991715
250,eMBB,12.181101438814528
251,eMBB,10.721955955869081
252,eMBB,9.70142848922371
253,eMBB,11.564959538023842
254,eMBB,10.404961136883733
255,eMBB,11.566449160274628
256,eMBB,11.600425488264312
257,eMBB,10.337171629273621
258,eMBB,9.528122161556666
259,eMBB,11.820860985154953
260,eMBB,10.594539598328351
261,eMBB,9.474596512018103
262,eMBB,12.078157939362184
263,eMBB,12.708518272457404
264,eMBB,11.83246033651013
265,eMBB,11.954761382024538
266,eMBB,9.959548942095356
267,eMBB,12.007085124217971
268,eMBB,10.749065239897089
269,eMBB,10.836473562092122
270,eMBB,13.261239740865346
271,eMBB,9.106185166451967
272,eMBB,11.733749207610533
273,eMBB,9.139620849544972
274,eMBB,7.533683111656624
275,eMBB,10.030620609639245
276,eMBB,12.19382311914912
277,eMBB,9.071458658770549
278,eMBB,10.770577837157266
279,eMBB,11.354988779935809
280,eMBB,10.315232518015385
281,eMBB,10.022125414020328
282,eMBB,11.616917260381555
283,eMBB,8.963427508083168
284,eMBB,12.205639480407095
285,eMBB,11.326518046413673
286,eMBB,12.426838298750473
287,eMBB,11.695843903519298
288,eMBB,11.387716090905482
289,eMBB,9.605493837547796
290,eMBB,10.140202925348799
291,eMBB,9.260418167299024
292,eMBB,10.507519976570656
293,eMBB,11.913740600543937
294,eMBB,9.923245730011782
295,eMBB,12.388641024425324
296,eMBB,11.121363548520248
297,eMBB,12.187163794619646
298,eMBB,11.59998690012772
299,eMBB,12.109343608262158
300,eMBB,10.14901082284507
301,eMBB,10.206339439800683
302,eMBB,10.782562045659686
303,eMBB,9.924473883714496
304,eMBB,10.76916265027668
305,eMBB,10.347108614735175
306,eMBB,11.660016146117623
307,eMBB,12.203188614242979
308,eMBB,10.568280818380426
309,eMBB,10.567649392437763
310,eMBB,10.721495343437416
311,eMBB,11.450463520025671
312,eMBB,12.029141100354098
313,eMBB,13.394521411463984
314,eMBB,11.411608915028511
315,eMBB,9.995702252110853
316,eMBB,10.248050289695817
317,eMBB,10.418365111041032
318,eMBB,11.456891174338544
319,eMBB,12.085953381095575
320,eMBB,11.009866840049572
321,eMBB,13.26921896985451
322,eMBB,9.955407256982207
323,eMBB,10.951242070147883
324,eMBB,11.182547907326674
325,eMBB,10.52887422923048
326,eMBB,9.447244509601315
327,eMBB,11.63648325606898
328,eMBB,13.277731652034486
329,eMBB,10.478566839813846
330,eMBB,11.389976235133165
331,eMBB,11.73269028888784
332,eMBB,9.565150144122434
333,eMBB,8.27240393690945
334,eMBB,9.631868354184244
335,eMBB,12.747815660335702
336,eMBB,11.53390867663966
337,eMBB,11.761668646752014
338,eMBB,11.918311055421565
339,eMBB,10.809959180562169
340,eMBB,12.059506834353664
341,eMBB,10.719746640086054
342,eMBB,10.098099597342088
343,eMBB,8.762903805938233
344,eMBB,11.20746602502474
345,eMBB,10.521961250714295
346,eMBB,11.342677732118819
347,eMBB,8.001731728740133
348,eMBB,9.810678275511707
349,eMBB,10.930546047931742
350,eMBB,10.697454405080101
351,eMBB,11.698956579885444
352,eMBB,9.851549361650621
353,eMBB,11.504330044969748
354,eMBB,9.906965739928188
355,eMBB,10.58333764094371
356,eMBB,10.981647122565086
357,eMBB,9.359117195360332
358,eMBB,9.28104442050501
359,eMBB,11.598143615595014
360,eMBB,10.415193466038438
361,eMBB,9.233343316685161
362,eMBB,12.454509129638236
363,eMBB,9.637515324766724
364,eMBB,9.373095179068736
365,eMBB,9.910982630823607
366,eMBB,10.120474416119839
367,eMBB,11.880574219937419
368,eMBB,9.063800803866215
369,eMBB,8.381281754184405
370,eMBB,11.073485947700856
371,eMBB,10.999872700635715
372,eMBB,9.203344628005002
373,eMBB,11.016520576633772
374,eMBB,10.675968080340146
375,eMBB,9.463258636347785
376,eMBB,11.283358447191361
377,eMBB,9.366151811440341
378,eMBB,10.717729380645437
379,eMBB,10.468437965074735
380,eMBB,11.043385540455374
381,eMBB,10.900794214321689
382,eMBB,12.15801293010533
383,eMBB,10.403307301349662
384,eMBB,7.805334790374524
385,eMBB,9.948361740084756
386,eMBB,9.80689752479817
387,eMBB,10.428075315661276
388,eMBB,11.563157365702487
389,eMBB,10.287268702790097
390,eMBB,8.930963850549388
391,eMBB,11.40747614902374
392,eMBB,10.850174846631466
393,eMBB,11.887022186234251
394,eMBB,10.665412168455795
395,eMBB,12.616271556592663
396,eMBB,8.463522714381371
397,eMBB,10.344101676595681
398,eMBB,10.084281994093047
399,eMBB,8.133194797572214
400,eMBB,10.14623757419573
401,eMBB,10.505991541172701
402,eMBB,13.399307738450561
403,eMBB,10.34792219670723
404,eMBB,10.96027145486337
405,eMBB,10.765438478115989
406,eMBB,11.933552551926871
407,eMBB,11.835817395048835
408,eMBB,10.958906785498735
409,eMBB,11.163865062834516
410,eMBB,9.439091755049821
411,eMBB,10.659397067266656
412,eMBB,8.819541869144318
413,eMBB,8.417591872093483
414,eMBB,8.207174867861127
415,eMBB,11.14534046485484
416,eMBB,10.010934996034818
417,eMBB,10.567245076572913
418,eMBB,9.98032183943141
419,eMBB,12.029380182470875
420,eMBB,10.631854326353693
421,eMBB,8.036230616266497
422,eMBB,10.220082948876257
423,eMBB,11.487788706589832
424,eMBB,9.69886157858238
425,eMBB,10.370462842390962
426,eMBB,8.742794335467266
427,eMBB,9.370193490891154
428,eMBB,9.504477109511313
429,eMBB,11.770967876822322
430,eMBB,10.321937490837119
431,eMBB,9.937955396068862
432,eMBB,10.850837198863056
433,eMBB,8.291294638393012
434,eMBB,11.424480731273466
435,eMBB,12.124560673910063
436,eMBB,10.856155365704222
437,eMBB,11.506190450687814
438,eMBB,9.71624522360875
439,eMBB,10.792309226383157
440,eMBB,11.680281414528421
441,eMBB,11.528155739022628
442,eMBB,11.190197587070195
443,eMBB,11.219444379353979
444,eMBB,12.071352385357367
445,eMBB,9.50083357775124
446,eMBB,13.621956215793906
447,eMBB,10.839094740960258
448,eMBB,9.670433348028709
449,eMBB,10.13267477646193
450,eMBB,9.742710370944865
451,eMBB,11.342410919463417
452,eMBB,11.334200911233006
453,eMBB,10.398231126918745
454,eMBB,9.74174281477719
455,eMBB,9.775306631100593
456,eMBB,9.87610670302828
457,eMBB,10.694928916174492
458,eMBB,8.778135674272106
459,eMBB,9.741553258779785
460,eMBB,10.079684137570249
461,eMBB,10.277239825083969
462,eMBB,10.725322034694718
463,eMBB,10.906058118928145
464,eMBB,9.511325761954545
465,eMBB,11.504374559326857
466,eMBB,10.868191551699566
467,eMBB,10.880377429206794
468,eMBB,9.963559786280847
469,eMBB,12.164414563972917
470,eMBB,11.88797719010465
471,eMBB,9.473283758110034
472,eMBB,11.221851298356107
473,eMBB,10.40922000061177
474,eMBB,12.442572414433158
475,eMBB,10.49229853063124
476,eMBB,11.168023822788555
477,eMBB,11.888085675169998
478,eMBB,11.337083906242983
479,eMBB,10.55716512747022
480,eMBB,9.309668565163404
481,eMBB,11.302138840538314
482,eMBB,11.2818391155915
483,eMBB,10.73375876970208
484,eMBB,12.055388591214149
485,eMBB,9.712909712066976
486,eMBB,10.26341943393245
487,eMBB,10.529756201937024
488,eMBB,11.015218704603951
489,eMBB,9.31623437539585
490,eMBB,9.44727197289922
491,eMBB,8.435805306740152
492,eMBB,11.136197816108917
493,eMBB,10.99204507899465
494,eMBB,10.041505828273067
495,eMBB,11.270259697943892
496,eMBB,10.233253301755706
497,eMBB,9.628244611114877
498,eMBB,10.69060419770432
499,eMBB,9.882110680901464
500,eMBB,9.385350232675727
501,eMBB,10.01257983964401
502,eMBB,10.261987391267715
503,eMBB,9.115380348728335
504,eMBB,9.699394070350934
505,eMBB,9.077894473567437
506,eMBB,9.383356312610465
507,eMBB,11.668603335721508
508,eMBB,10.335068814128352
509,eMBB,9.689975387958112
510,eMBB,10.941505550889381
511,eMBB,9.010420059646457
512,eMBB,8.6209437510887
513,eMBB,9.94256790813106
514,eMBB,7.670625683454375
515,eMBB,11.319695814098605
516,eMBB,11.476764036231662
517,eMBB,9.519104094433475
518,eMBB,10.72713552335155
519,eMBB,10.574849787064482
520,eMBB,9.943372380559572
521,eMBB,12.643231417507728
522,eMBB,8.748133040045783
523,eMBB,10.229022810024315
524,eMBB,11.523259621494914
525,eMBB,13.25312479386413
526,eMBB,9.442471633732076
527,eMBB,9.611141797752076
528,eMBB,10.346168955034589
529,eMBB,9.050797968434262
530,eMBB,11.657439575911726
531,eMBB,10.98457370071035
532,eMBB,10.960050011204263
533,eMBB,9.930281779641494
534,eMBB,11.615569009320446
535,eMBB,9.051897041804393
536,eMBB,11.49392045880798
537,eMBB,11.152925575157644
538,eMBB,8.798787911331427
539,eMBB,9.973195522657736
540,eMBB,9.597208793736824
541,eMBB,10.62376661596682
542,eMBB,9.999760969705674
543,eMBB,11.357545309347142
544,eMBB,11.595641021675153
545,eMBB,11.026411733684037
546,eMBB,10.315665888713463
547,eMBB,10.337345568606166
548,eMBB,10.985283811988444
549,eMBB,11.471381097796904
550,eMBB,9.871181529651151
551,eMBB,9.10933729754282
552,eMBB,10.535745605052602
553,eMBB,9.11279459138424
554,eMBB,11.045408562578109
555,eMBB,10.764515136428322
556,eMBB,9.841057267161302
557,eMBB,12.079992909590885
558,eMBB,10.3803911874611
559,eMBB,11.806002029840224
560,eMBB,10.725596289698096
561,eMBB,12.434215134123836
562,eMBB,9.843922380753087
563,eMBB,11.008410383813105
564,eMBB,10.021007842898902
565,eMBB,8.090255028259037
566,eMBB,9.771827751965564
567,eMBB,9.619164094561063
568,eMBB,12.098628731907857
569,eMBB,9.327656334572634
570,eMBB,11.26303049907458
571,eMBB,10.714047720654817
572,eMBB,9.383683625638577
573,eMBB,11.197137337502655
574,eMBB,12.29404862647516
575,eMBB,10.393997791481349
576,eMBB,10.061140653500788
577,eMBB,12.318645765969665
578,eMBB,9.854681172518237
579,eMBB,9.7291757348554
580,eMBB,10.526477936155935
581,eMBB,13.126821887487555
582,eMBB,10.617669237437438
583,eMBB,11.609850296180372
584,eMBB,12.498322890437978
585,eMBB,10.641098849168243
586,eMBB,9.442415215938592
587,eMBB,11.779298826051491
588,eMBB,9.977384221895885
589,eMBB,9.048617590443845
590,eMBB,10.786289287954888
591,eMBB,14.23723535354504
592,eMBB,11.5075290137539
593,eMBB,11.353538545193887
594,eMBB,9.883349993692347
595,eMBB,9.480085971341648
596,eMBB,10.195226691168543
597,eMBB,9.667964494576866
598,eMBB,10.881728923531082
599,eMBB,11.193545268979907
600,eMBB,8.66016438293998
601,eMBB,10.873433020735618
602,eMBB,11.627591128499342
603,eMBB,6.710062905254134
604,eMBB,9.948342095086682
605,eMBB,10.917430461177242
606,eMBB,10.311174283225904
607,eMBB,10.590763788031774
608,eMBB,10.046410190961224
609,eMBB,12.636088011696714
610,eMBB,8.96576845571627
611,eMBB,11.725257982938102
612,eMBB,8.896602728358712
613,eMBB,9.501302111145863
614,eMBB,11.136149369772989
615,eMBB,11.552564824997559
616,eMBB,11.028280371967016
617,eMBB,10.789779314617226
618,eMBB,11.06836285407376
619,eMBB,9.749736539948032
620,eMBB,11.502930782027862
621,eMBB,11.854205306317182
622,eMBB,9.235842331808266
623,eMBB,11.177806726268237
624,eMBB,9.996174484452794
625,eMBB,10.580277236103955
626,eMBB,9.738991774453412
627,eMBB,12.08294051586746
628,eMBB,11.827333681158091
629,eMBB,10.215419911262801
630,eMBB,10.587452144678306
631,eMBB,12.405784990208957
632,eMBB,10.358512184115007
633,eMBB,11.278513825666913
634,eMBB,11.377175473009437
635,eMBB,10.99604649105429
636,eMBB,11.917659340563166
637,eMBB,11.379969835011032
638,eMBB,10.103633313182723
639,eMBB,9.550546416947396
640,eMBB,11.027005422440673
641,eMBB,11.254334557279035
642,eMBB,9.94579530305639
643,eMBB,11.678832890625616
644,eMBB,9.73794329895296
645,eMBB,9.32427280364315
646,eMBB,10.415563198084682
647,eMBB,11.372482587891513
648,eMBB,9.319037254123302
649,eMBB,8.62218325842237
650,eMBB,9.884364435021626
651,eMBB,10.750321327850031
652,eMBB,9.579842257546181
653,eMBB,9.557849260372974
654,eMBB,11.346483000825804
655,eMBB,10.62069194171026
656,eMBB,12.689446042969582
657,eMBB,11.32681104210236
658,eMBB,8.287747652749932
659,eMBB,10.985656413312551
660,eMBB,10.183806819561031
661,eMBB,9.305203039389017
662,eMBB,7.699756690887678
663,eMBB,11.53374435520745
664,eMBB,10.625671206339824
665,eMBB,9.608796277492122
666,eMBB,9.61096793762226
667,eMBB,12.716008126274884
668,eMBB,9.58753660885014
669,eMBB,9.168039613529329
670,eMBB,10.414946755438931
671,eMBB,10.672085525635264
672,eMBB,10.814431525034532
673,eMBB,10.675314426726695
674,eMBB,9.79681858136844
675,eMBB,11.994772678240285
676,eMBB,9.33844429822678
677,eMBB,10.021608471869246
678,eMBB,10.759141730839884
679,eMBB,11.178079352693093
680,eMBB,7.8091603380341645
681,eMBB,9.803062462005801
682,eMBB,9.355331549159917
683,eMBB,10.463602263826422
684,eMBB,9.938829885397602
685,eMBB,10.269364929466427
686,eMBB,10.194177316436724
687,eMBB,11.762045619693303
688,eMBB,9.01634279452331
689,eMBB,11.138179846053431
690,eMBB,10.08930260687938
691,eMBB,10.075064066102128
692,eMBB,9.134936781244155
693,eMBB,10.999880869850282
694,eMBB,9.124716201219217
695,eMBB,10.748437020777583
696,eMBB,9.256298873952773
697,eMBB,10.192711860989577
698,eMBB,12.627611435071417
699,eMBB,10.474190273420454
700,eMBB,10.995446305862082
701,eMBB,11.067177734211432
702,eMBB,9.989962685743135
703,eMBB,9.392658465514717
704,eMBB,10.575034339075446
705,eMBB,11.305768715775775
706,eMBB,10.65161629856139
707,eMBB,10.015297696121987
708,eMBB,11.361345262937592
709,eMBB,11.092304846290368
710,eMBB,9.242584939446337
711,eMBB,11.532091324278541
712,eMBB,10.95180619297826
713,eMBB,11.030364152898667
714,eMBB,10.433383177548695
715,eMBB,10.874067891281411
716,eMBB,10.40844819523793
717,eMBB,9.186451002088068
718,eMBB,10.271961874547593
719,eMBB,9.671593993747596
720,eMBB,12.565608458191493
721,eMBB,11.964650903759912
722,eMBB,12.064387001218432
723,eMBB,11.82270477815893
724,eMBB,11.790924983439945
725,eMBB,10.629875809366602
726,eMBB,9.802137083870143
727,eMBB,11.727204325434357
728,eMBB,10.380796259743354
729,eMBB,10.136167404191466
730,eMBB,15.122613451352551
731,eMBB,9.371166615173616
732,eMBB,10.316436585534463
733,eMBB,10.241425967495188
734,eMBB,10.280065477368263
735,eMBB,11.99519189267116
736,eMBB,9.120045136667214
737,eMBB,9.144026076227386
738,eMBB,10.17671317628189
739,eMBB,11.722348873827428
740,eMBB,12.384182708126225
741,eMBB,10.817215332333545
742,eMBB,11.364530701144036
743,eMBB,10.848363807497481
744,eMBB,10.919349077916884
745,eMBB,10.580225045578944
746,eMBB,11.756591236720539
747,eMBB,11.587820307160413
748,eMBB,11.520228002135017
749,eMBB,10.42499040686586
750,eMBB,8.77768196409305
751,eMBB,10.950812531090188
752,eMBB,8.987857854546318
753,eMBB,11.706251983999323
754,eMBB,11.011013263598592
755,eMBB,10.531721312098812
756,eMBB,9.142614004792154
757,eMBB,11.1107024605307
758,eMBB,10.395281368886335
759,eMBB,11.629317221761461
760,eMBB,8.206025771609221
761,eMBB,11.19946422052493
762,eMBB,11.431084083544167
763,eMBB,9.729280962612982
764,eMBB,10.208659572752996
765,eMBB,10.20781662932853
766,eMBB,10.712349068382274
767,eMBB,10.664768746262665
768,eMBB,10.280207915555103
769,eMBB,12.342952119492898
770,eMBB,10.884406063603366
771,eMBB,10.407584810397209
772,eMBB,10.22763582937754
773,eMBB,11.949507273466946
774,eMBB,9.899893620788855
775,eMBB,10.25823080599167
776,eMBB,10.446881892977594
777,eMBB,9.490515627912632
778,eMBB,11.514728193460645
779,eMBB,9.705228847587785
780,eMBB,11.642350811805228
781,eMBB,11.321458696591039
782,eMBB,12.758388158735471
783,eMBB,10.622057836762785
784,eMBB,10.189628933674744
785,eMBB,11.533230478319945
786,eMBB,9.287473807923783
787,eMBB,11.143059957698265
788,eMBB,9.87445029857365
789,eMBB,10.261130606711726
790,eMBB,7.695682371678199
791,eMBB,10.688361073813022
792,eMBB,11.07802406186695
793,eMBB,9.939015717663722
794,eMBB,10.303720593494267
795,eMBB,10.756576070707743
796,eMBB,12.178403910528084
797,eMBB,9.259423455487056
798,eMBB,13.3765913123655
799,eMBB,10.357959941265456
800,eMBB,10.814305285463789
801,eMBB,9.53361021565948
802,eMBB,10.574584076589908
803,eMBB,13.512083173552124
804,eMBB,11.316082631392668
805,eMBB,9.989271218468712
806,eMBB,9.561920456943088
807,eMBB,9.444691985639011
808,eMBB,8.920996357906903
809,eMBB,10.034422191024214
810,eMBB,11.514631784821955
811,eMBB,9.961318151316076
812,eMBB,9.074116899947157
813,eMBB,10.494660939804344
814,eMBB,10.415246317347668
815,eMBB,11.529340298039344
816,eMBB,9.958495947918879
817,eMBB,10.771542675125149
818,eMBB,10.856235247987566
819,eMBB,10.743690934968516
820,eMBB,11.44562106612562
821,eMBB,10.143636677109013
822,eMBB,9.717429887913514
823,eMBB,12.96035144797354
824,eMBB,9.32330713195136
825,eMBB,11.72144816528307
826,eMBB,11.319770196327266
827,eMBB,9.49067437468421
828,eMBB,7.61760687709488
829,eMBB,10.015568119303806
830,eMBB,10.923397999243143
831,eMBB,10.981118804222001
832,eMBB,9.711738714506827
833,eMBB,10.490150877111695
834,eMBB,9.951233824147344
835,eMBB,10.877979660734908
836,eMBB,12.393050529844057
837,eMBB,10.164651420180405
838,eMBB,9.874441823356785
839,eMBB,9.677641206925292
840,eMBB,11.630370151929254
841,eMBB,11.216710986760429
842,eMBB,11.015597209987376
843,eMBB,9.877392655145659
844,eMBB,9.628240032746707
845,eMBB,11.821688674615318
846,eMBB,11.205684908101707
847,eMBB,10.983898216592472
848,eMBB,9.922727613663366
849,eMBB,10.13441877415202
850,eMBB,8.900541092495146
851,eMBB,11.75664083075907
852,eMBB,12.520126834980275
853,eMBB,7.421274491138007
854,eMBB,9.56739967513317
855,eMBB,11.152136626233501
856,eMBB,13.157250799055237
857,eMBB,9.396984427957532
858,eMBB,12.145135046077428
859,eMBB,10.263020765333494
860,eMBB,11.514971075582086
861,eMBB,7.855720561358884
862,eMBB,12.52475032363133
863,eMBB,11.086106150864467
864,eMBB,11.410085072951167
865,eMBB,10.742874263692869
866,eMBB,9.36849847950047
867,eMBB,10.670736527642905
868,eMBB,10.348159423246837
869,eMBB,7.963132694251795
870,eMBB,10.334062564032676
871,eMBB,9.162089472646542
872,eMBB,10.498124392176663
873,eMBB,9.756267497072791
874,eMBB,10.511646682633229
875,eMBB,9.437665121575314
876,eMBB,10.11532391666936
877,eMBB,10.303640573492682
878,eMBB,11.168224353985861
879,eMBB,8.746713438429715
880,eMBB,10.185893921523826
881,eMBB,11.809521138171782
882,eMBB,10.496291082887897
883,eMBB,11.836359356269405
884,eMBB,10.985731726404799
885,eMBB,13.407274181089445
886,eMBB,11.503390000004105
887,eMBB,11.130718011012076
888,eMBB,10.80680893988173
889,eMBB,9.70665057868403
890,eMBB,10.623765367095638
891,eMBB,9.406000293822263
892,eMBB,8.825808184438698
893,eMBB,10.369895558326744
894,eMBB,10.095236086284645
895,eMBB,11.509837992201104
896,eMBB,10.29834341289673
897,eMBB,10.728259679467808
898,eMBB,13.851710298164722
899,eMBB,10.614820297307396
900,eMBB,12.34121600470464
901,eMBB,8.515491669227126
902,eMBB,11.777724904346577
903,eMBB,11.061401152998691
904,eMBB,10.085080866376146
905,eMBB,10.334526201834494
906,eMBB,10.61856960109949
907,eMBB,9.377642966123451
908,eMBB,12.462489067347255
909,eMBB,11.497140621405622
910,eMBB,9.987636183408169
911,eMBB,10.359062842021128
912,eMBB,10.849917807475778
913,eMBB,10.189385130971305
914,eMBB,11.551476835172569
915,eMBB,10.359855419818272
916,eMBB,10.64269557773143
917,eMBB,10.387023439849973
918,eMBB,10.422388749676779
919,eMBB,11.614975013956286
920,eMBB,9.70817040835003
921,eMBB,8.811586671041193
922,eMBB,9.138974026548759
923,eMBB,10.68614885095745
924,eMBB,13.01949717618096
925,eMBB,10.745566672694364
926,eMBB,11.167434565079905
927,eMBB,8.502608411464337
928,eMBB,9.270891038825415
929,eMBB,11.574226130462096
930,eMBB,10.735135204051335
931,eMBB,10.033786254116857
932,eMBB,10.569910941961044
933,eMBB,11.220817312855683
934,eMBB,12.108542044361483
935,eMBB,10.810532977047204
936,eMBB,10.094253369852805
937,eMBB,9.011984135429147
938,eMBB,12.567538737849903
939,eMBB,10.688367486155045
940,eMBB,11.395047696856059
941,eMBB,8.324743368466736
942,eMBB,10.562714152073282
943,eMBB,9.79801378616613
944,eMBB,10.092950693067081
945,eMBB,10.461499192944483
946,eMBB,9.839789023458154
947,eMBB,11.220195391775105
948,eMBB,10.373297647541776
949,eMBB,11.44759725231577
950,eMBB,10.064847128303644
951,eMBB,10.450421382214175
952,eMBB,9.214613184154455
953,eMBB,9.570912789368794
954,eMBB,11.141129662399203
955,eMBB,11.110614462217896
956,eMBB,12.426551362619579
957,eMBB,11.07912201786664
958,eMBB,10.694358821072356
959,eMBB,8.67260362698488
960,eMBB,9.047013877688208
961,eMBB,10.32490197647557
962,eMBB,14.931408115202537
963,eMBB,11.287490185140964
964,eMBB,11.561256928481066
965,eMBB,12.171954941710936
966,eMBB,10.337286642793478
967,eMBB,12.794096026773385
968,eMBB,12.743154060358185
969,eMBB,9.519113981456707
970,eMBB,10.312443017860026
971,eMBB,11.936861307784916
972,eMBB,9.474566067592045
973,eMBB,8.238091633270741
974,eMBB,10.905462410434877
975,eMBB,10.458236818025963
976,eMBB,11.297233549367892
977,eMBB,10.805854171069434
978,eMBB,12.192547547048552
979,eMBB,10.414383287240877
980,eMBB,9.60729958141359
981,eMBB,10.208626180857927
982,eMBB,10.333486607788208
983,eMBB,10.61310312609437
984,eMBB,9.693957395563583
985,eMBB,12.199673689350002
986,eMBB,10.910659205002972
987,eMBB,10.422013247751494
988,eMBB,10.473120315568273
989,eMBB,11.11068222534881
990,eMBB,12.165613009955221
991,eMBB,9.272756952146485
992,eMBB,8.527249121068063
993,eMBB,8.832004151192173
994,eMBB,8.647867415500077
995,eMBB,11.586119026456212
996,eMBB,11.38676824769348
997,eMBB,11.367921568077998
998,eMBB,11.570599298074207
999,eMBB,11.05314898235806
1000,eMBB,10.1102415753971
1001,eMBB,12.37256421098926
1002,eMBB,9.298389856101899
1003,eMBB,10.41484235473655
1004,eMBB,10.9935529857392
1005,eMBB,9.394569440454774
1006,eMBB,9.654868544646554
1007,eMBB,9.079583521197092
1008,eMBB,10.193147533226789
1009,eMBB,10.248304554628369
1010,eMBB,8.743943559040325
1011,eMBB,11.52404572738681
1012,eMBB,10.359871681092548
1013,eMBB,11.248849079067522
1014,eMBB,11.231163253344922
1015,eMBB,9.524506902307163
1016,eMBB,12.208349561663265
1017,eMBB,9.134958194290146
1018,eMBB,12.747738078353649
1019,eMBB,10.170194652829952
1020,eMBB,11.502492829300264
1021,eMBB,11.067992435033549
1022,eMBB,11.70944295661261
1023,eMBB,11.319492114329686
1024,eMBB,8.494477499197497
1025,eMBB,10.483993736016467
1026,eMBB,10.193531095333181
1027,eMBB,10.616482299102259
1028,eMBB,9.977578626525856
1029,eMBB,9.990042944133622
1030,eMBB,10.333394227121715
1031,eMBB,10.69741896784906
1032,eMBB,11.402990436765474
1033,eMBB,9.530828346854536
1034,eMBB,8.635280556246569
1035,eMBB,11.55426917760831
1036,eMBB,10.711812298136493
1037,eMBB,10.850848806353024
1038,eMBB,11.017421656600243
1039,eMBB,10.400102039989344
1040,eMBB,8.33730041689407
1041,eMBB,10.196971551073505
1042,eMBB,13.47252110992438
1043,eMBB,10.63184274663235
1044,eMBB,12.19567169923054
1045,eMBB,10.285730996712944
1046,eMBB,10.332097140057993
1047,eMBB,9.210989283911625
1048,eMBB,11.066338446244881
1049,eMBB,7.872184031107622
1050,eMBB,9.795628123920793
1051,eMBB,8.278038681091541
1052,eMBB,10.53707484909323
1053,eMBB,9.531315660317222
1054,eMBB,9.749938658405998
1055,eMBB,10.976387206296979
1056,eMBB,10.182542962453747
1057,eMBB,12.411184333142428
1058,eMBB,10.341405609540578
1059,eMBB,10.684619964802675
1060,eMBB,8.76583197770149
1061,eMBB,9.014376045634528
1062,eMBB,11.3052565099759
1063,eMBB,9.961627965347432
1064,eMBB,11.288530169364487
1065,eMBB,10.488793235495892
1066,eMBB,10.563455893886621
1067,eMBB,9.138050226869304
1068,eMBB,13.368283410619732
1069,eMBB,10.779988020128139
1070,eMBB,11.709268792924897
1071,eMBB,9.90007051645175
1072,eMBB,11.474408294963844
1073,eMBB,10.504700250810235
1074,eMBB,10.750719368895615
1075,eMBB,11.138253655830662
1076,eMBB,9.074390149589524
1077,eMBB,10.431102635326788
1078,eMBB,10.694934664253987
1079,eMBB,7.335152899845493
1080,eMBB,10.469820475460558
1081,eMBB,10.707119951252668
1082,eMBB,11.604830028339988
1083,eMBB,11.124853032374743
1084,eMBB,11.425564161190882
1085,eMBB,9.814484396927838
1086,eMBB,12.082677405449772
1087,eMBB,9.971177202641602
1088,eMBB,10.780124925541898
1089,eMBB,11.553065193273138
1090,eMBB,10.949194824659173
1091,eMBB,12.733231833147606
1092,eMBB,10.916564133779174
1093,eMBB,10.665422553534732
1094,eMBB,8.597269907224227
1095,eMBB,9.760265212957416
1096,eMBB,10.798359321971034
1097,eMBB,11.374052911252999
1098,eMBB,10.431204853272328
1099,eMBB,10.152228750101981
1100,eMBB,10.251189875173068
1101,eMBB,9.429280504885979
1102,eMBB,10.432857374688531
1103,eMBB,11.47018005669894
1104,eMBB,9.410896630304816
1105,eMBB,9.544987003885431
1106,eMBB,12.421325106583282
1107,eMBB,9.366234348452352
1108,eMBB,12.303282495312574
1109,eMBB,10.665445725027332
1110,eMBB,10.81476474229134
1111,eMBB,10.918066399996908
1112,eMBB,10.0676085351428
1113,eMBB,10.66537675188031
1114,eMBB,11.480199182825478
1115,eMBB,12.433689771786993
1116,eMBB,12.169863969356987
1117,eMBB,10.330108567344668
1118,eMBB,12.330365343329765
1119,eMBB,10.04381208234146
1120,eMBB,9.913105103228197
1121,eMBB,10.579966834325997
1122,eMBB,10.482970929165011
1123,eMBB,11.329137152662597
1124,eMBB,10.684734673379937
1125,eMBB,9.649100992678912
1126,eMBB,11.418523796824559
1127,eMBB,11.694824328030412
1128,eMBB,10.844427003776676
1129,eMBB,11.798063023693162
1130,eMBB,13.464402771851317
1131,eMBB,9.721086577471924
1132,eMBB,11.148022532794592
1133,eMBB,10.973628148760444
1134,eMBB,9.403732750710713
1135,eMBB,12.040924067529549
1136,eMBB,8.942613151912823
1137,eMBB,11.914927528080746
1138,eMBB,9.975721120423042
1139,eMBB,13.240587229802195
1140,eMBB,8.366707065480949
1141,eMBB,10.098600885249061
1142,eMBB,8.123222467228011
1143,eMBB,9.337410998749066
1144,eMBB,8.852360639450426
1145,eMBB,9.839603749507505
1146,eMBB,9.973265496222867
1147,eMBB,10.917753091184217
1148,eMBB,11.445349160891189
1149,eMBB,9.42934844665851
1150,eMBB,12.816074344910803
1151,eMBB,9.604988750371593
1152,eMBB,9.064800403523648
1153,eMBB,9.202363656557965
1154,eMBB,11.135471717323446
1155,eMBB,10.6578097453423
1156,eMBB,10.70089435051323
1157,eMBB,10.787329619265973
1158,eMBB,8.117208892661562
1159,eMBB,9.37750567316128
1160,eMBB,9.798223489505032
1161,eMBB,10.089529137004357
1162,eMBB,9.490763930591749
1163,eMBB,9.926370379351992
1164,eMBB,9.289980803835993
1165,eMBB,9.172156186895974
1166,eMBB,9.165286020538
1167,eMBB,13.48615919473608
1168,eMBB,12.399160492582858
1169,eMBB,9.731433077937423
1170,eMBB,10.04929875457709
1171,eMBB,10.564388303675202
1172,eMBB,10.576260137659604
1173,eMBB,10.494491961605155
1174,eMBB,11.813501730621024
1175,eMBB,9.688181406894017
1176,eMBB,11.769655433720514
1177,eMBB,9.771582079439098
1178,eMBB,10.399919234383237
1179,eMBB,11.338003223841609
1180,eMBB,12.088345174240319
1181,eMBB,9.408655583972457
1182,eMBB,10.73590520496641
1183,eMBB,11.543085528064823
1184,eMBB,10.196247281383503
1185,eMBB,9.14786886178778
1186,eMBB,9.26718239274967
1187,eMBB,11.60843283263442
1188,eMBB,9.445728982095117
1189,eMBB,11.153469184753469
1190,eMBB,10.180317171781388
1191,eMBB,9.059922717330084
1192,eMBB,9.626933060944136
1193,eMBB,12.193932511263755
1194,eMBB,10.889890702209534
1195,eMBB,10.682270833281631
1196,eMBB,10.24275443111281
1197,eMBB,10.27134907610767
1198,eMBB,11.154247100263293
1199,eMBB,9.45156378316366
1200,eMBB,10.181965138502543
1201,eMBB,10.329622881164907
1202,eMBB,10.190659610062825
1203,eMBB,9.343327637610592
1204,eMBB,11.557098308742608
1205,eMBB,9.62235591800688
1206,eMBB,11.263745328025099
1207,eMBB,9.51961828405003
1208,eMBB,12.478726796054744
1209,eMBB,12.835568784661598
1210,eMBB,9.378957381274391
1211,eMBB,11.305484761934562
1212,eMBB,9.608640877069302
1213,eMBB,11.52062301112451
1214,eMBB,10.266313464408356
1215,eMBB,10.917069935120809
1216,eMBB,9.974434960666056
1217,eMBB,9.317725447977011
1218,eMBB,11.457186141498362
1219,eMBB,10.813278597313541
1220,eMBB,11.226239638674144
1221,eMBB,11.738649309870869
1222,eMBB,9.111687701980093
1223,eMBB,10.302146732635432
1224,eMBB,10.037465296390922
1225,eMBB,9.598068833056404
1226,eMBB,10.371222546427191
1227,eMBB,13.216866844949154
1228,eMBB,11.316881737702346
1229,eMBB,10.591927345916686
1230,eMBB,11.534133806416182
1231,eMBB,9.537508401279144
1232,eMBB,9.374591292289002
1233,eMBB,8.266929636762692
1234,eMBB,8.751739870220241
1235,eMBB,11.357670153013068
1236,eMBB,9.808947745789231
1237,eMBB,10.558432035605515
1238,eMBB,11.125594739194717
1239,eMBB,10.532921121080781
1240,eMBB,9.12789730318058
1241,eMBB,10.52649113734751
1242,eMBB,11.496503995197717
1243,eMBB,11.85213735744945
1244,eMBB,10.610393285650439
1245,eMBB,11.436894280282285
1246,eMBB,11.382440359242457
1247,eMBB,9.856660444794333
1248,eMBB,10.61587487753025
1249,eMBB,11.551245231388627
1250,eMBB,9.146018103661984
1251,eMBB,11.140146909852369
1252,eMBB,11.802936934449464
1253,eMBB,9.856083059169732
1254,eMBB,7.827124490960143
1255,eMBB,12.128036356135159
1256,eMBB,11.081608340711561
1257,eMBB,12.4213955365287
1258,eMBB,10.458220225372045
1259,eMBB,12.33749105994006
1260,eMBB,9.511962493075922
1261,eMBB,10.783045416239718
1262,eMBB,12.257341385898005
1263,eMBB,11.967643345949838
1264,eMBB,12.483930716285508
1265,eMBB,10.127811235941943
1266,eMBB,11.679773386831165
1267,eMBB,10.609284783645272
1268,eMBB,12.372827030182679
1269,eMBB,9.577118572662554
1270,eMBB,11.755986631192437
1271,eMBB,11.420934527033488
1272,eMBB,10.381081347036368
1273,eMBB,10.172100031761259
1274,eMBB,9.969877695231663
1275,eMBB,12.326113189437681
1276,eMBB,10.776674656375585
1277,eMBB,9.896552196574211
1278,eMBB,10.105026203981048
1279,eMBB,9.478739942405392
1280,eMBB,11.316126346058702
1281,eMBB,9.422956945592883
1282,eMBB,7.715874307830267
1283,eMBB,9.621653982443943
1284,eMBB,10.992464112390559
1285,eMBB,11.43048432672963
1286,eMBB,10.93604140988326
1287,eMBB,11.978767751892793
1288,eMBB,9.567469993640401
1289,eMBB,10.574226507050707
1290,eMBB,10.291277929438888
1291,eMBB,9.872857758361137
1292,eMBB,9.285779373690247
1293,eMBB,11.540676007001085
1294,eMBB,9.131582260852511
1295,eMBB,11.735784195991881
1296,eMBB,10.248447376840687
1297,eMBB,9.870859778720485
1298,eMBB,10.948201583278438
1299,eMBB,10.569795624274827
1300,eMBB,10.683704856107692
1301,eMBB,10.863027159586265
1302,eMBB,9.62042301232603
1303,eMBB,10.433966304931968
1304,eMBB,10.947587002079446
1305,eMBB,11.155426537555465
1306,eMBB,11.442003303099737
1307,eMBB,10.615112847209534
1308,eMBB,10.998236119371251
1309,eMBB,12.309382758559346
1310,eMBB,10.242783287220973
1311,eMBB,11.85048073001585
1312,eMBB,10.507255370979877
1313,eMBB,9.202300717522455
1314,eMBB,11.388720675659647
1315,eMBB,11.850789309544162
1316,eMBB,11.9534175196118
1317,eMBB,8.825934628215506
1318,eMBB,10.609218516861715
1319,eMBB,8.678331022687995
1320,eMBB,10.915852395245183
1321,eMBB,10.890343876265453
1322,eMBB,11.184559928856897
1323,eMBB,12.847245333317652
1324,eMBB,10.883160169965294
1325,eMBB,9.949791588270132
1326,eMBB,9.97288097051623
1327,eMBB,10.434134169794692
1328,eMBB,9.965563455877087
1329,eMBB,8.63580805859106
1330,eMBB,10.65340455217356
1331,eMBB,8.001863680117795
1332,eMBB,9.922910252105668
1333,eMBB,10.014571659498236
1334,eMBB,10.077544281146825
1335,eMBB,11.096844906518447
1336,eMBB,11.375279431301514
1337,eMBB,11.870531095851778
1338,eMBB,11.775748855713335
1339,eMBB,10.18000481027669
1340,eMBB,11.438654280304045
1341,eMBB,9.202431321301644
1342,eMBB,9.927529629191103
1343,eMBB,10.666477237312055
1344,eMBB,11.242174507810564
1345,eMBB,10.734738198376883
1346,eMBB,11.38274602895734
1347,eMBB,10.252866871109479
1348,eMBB,10.387326883838147
1349,eMBB,10.364991533925165
1350,eMBB,11.131465357959646
1351,eMBB,9.500222519303712
1352,eMBB,9.886900423638947
1353,eMBB,11.17017417986323
1354,eMBB,9.08104900355104
1355,eMBB,9.912681701806521
1356,eMBB,9.08983430051553
1357,eMBB,9.61115341027816
1358,eMBB,9.949683853308233
1359,eMBB,8.777998905429625
1360,eMBB,12.583967382090295
1361,eMBB,9.835167528036145
1362,eMBB,11.816828618898953
1363,eMBB,10.908654144929844
1364,eMBB,9.88633477230615
1365,eMBB,10.620587319055062
1366,eMBB,10.78427349487199
1367,eMBB,11.914562819701409
1368,eMBB,10.19262384903664
1369,eMBB,11.576546453554748
1370,eMBB,11.370975403157175
1371,eMBB,9.796100013716082
1372,eMBB,9.537338938136221
1373,eMBB,11.603149074985629
1374,eMBB,11.300808410877162
1375,eMBB,11.008476917681405
1376,eMBB,10.89087113939678
1377,eMBB,10.108533197177552
1378,eMBB,9.72719095862233
1379,eMBB,11.937337932618853
1380,eMBB,11.354587297516314
1381,eMBB,9.840821755684235
1382,eMBB,10.929420161791263
1383,eMBB,11.858233990932181
1384,eMBB,8.623846604422248
1385,eMBB,10.588069198796445
1386,eMBB,10.489872538504105
1387,eMBB,8.914492318387211
1388,eMBB,11.38159225212661
1389,eMBB,11.621983667234028
1390,eMBB,11.104222980067675
1391,eMBB,9.863556485102778
1392,eMBB,11.889003126484555
1393,eMBB,10.510827285023673
1394,eMBB,8.312612044602625
1395,eMBB,11.018106509813592
1396,eMBB,10.423726366076453
1397,eMBB,12.892707687172006
1398,eMBB,10.211939749904415
1399,eMBB,9.587678691933384
1400,eMBB,11.294754064587954
1401,eMBB,9.978724952741091
1402,eMBB,9.703883020631785
1403,eMBB,11.521700190831108
1404,eMBB,13.576237951722467
1405,eMBB,9.073062557363691
1406,eMBB,12.250764663296454
1407,eMBB,10.75537977340811
1408,eMBB,11.48749350292822
1409,eMBB,9.630648720142108
1410,eMBB,9.836403776174704
1411,eMBB,11.154416005496671
1412,eMBB,11.241304224363077
1413,eMBB,9.60513148130668
1414,eMBB,9.715766021263985
1415,eMBB,11.347658848543448
1416,eMBB,10.726883805781137
1417,eMBB,10.657036505224866
1418,eMBB,11.007007968214909
1419,eMBB,11.29125075477486
1420,eMBB,10.045802208398646
1421,eMBB,10.813832629407356
1422,eMBB,11.101255303198306
1423,eMBB,10.910689249214137
1424,eMBB,11.513168325301146
1425,eMBB,9.510481528357927
1426,eMBB,11.500906915238216
1427,eMBB,10.805901667737015
1428,eMBB,10.259682577961252
1429,eMBB,12.16069424557419
1430,eMBB,11.815404518285996
1431,eMBB,10.535957409463562
1432,eMBB,10.410003546279427
1433,eMBB,11.26802896085603
1434,eMBB,10.696569456786218
1435,eMBB,10.436987410570548
1436,eMBB,11.21551495168087
1437,eMBB,10.975780933957536
1438,eMBB,11.48540422931613
1439,eMBB,10.540613773618325
1440,eMBB,9.795546334633137
1441,eMBB,8.971613182240697
1442,eMBB,12.401927455526732
1443,eMBB,9.500241025412427
1444,eMBB,11.608841578187045
1445,eMBB,8.236799838440945
1446,eMBB,10.803549308124216
1447,eMBB,11.743702440605515
1448,eMBB,10.075503283748587
1449,eMBB,9.99126724712925
1450,eMBB,11.209436504574622
1451,eMBB,9.272504718018729
1452,eMBB,10.036073490176852
1453,eMBB,10.094261451496378
1454,eMBB,9.47070892200859
1455,eMBB,10.253911609903358
1456,eMBB,10.450855819634755
1457,eMBB,11.576569046114054
1458,eMBB,10.923958426724589
1459,eMBB,12.461497925192129
1460,eMBB,9.643194062529131
1461,eMBB,12.87003478065356
1462,eMBB,11.88735363446822
1463,eMBB,11.41859308095944
1464,eMBB,10.374713348846747
1465,eMBB,10.912017110483108
1466,eMBB,10.073088068486394
1467,eMBB,8.75547875036644
1468,eMBB,12.03059586190267
1469,eMBB,11.73557361431841
1470,eMBB,11.595062890818799
1471,eMBB,9.607863432009275
1472,eMBB,10.377581874268165
1473,eMBB,9.688083965488477
1474,eMBB,8.965944564242983
1475,eMBB,10.208446379894173
1476,eMBB,10.656110255287777
1477,eMBB,10.253888401525384
1478,eMBB,8.84488241518331
1479,eMBB,11.459563345315578
1480,eMBB,11.053890459090933
1481,eMBB,10.981095706264009
1482,eMBB,11.015567941832016
1483,eMBB,10.46538390888137
1484,eMBB,10.414661082022524
1485,eMBB,9.708797066720086
1486,eMBB,10.223681515982017
1487,eMBB,9.400502308267564
1488,eMBB,8.042378937852252
1489,eMBB,9.146161756616316
1490,eMBB,9.179555392108206
1491,eMBB,12.962591307491598
1492,eMBB,10.061817491050327
1493,eMBB,10.145720024022918
1494,eMBB,9.87333172218216
1495,eMBB,10.700330128283692
1496,eMBB,10.887505998245622
1497,eMBB,12.122445160532875
1498,eMBB,11.211203351471411
1499,eMBB,8.626819105814151
1500,eMBB,9.346820471263152
1501,eMBB,11.43055212182199
1502,eMBB,10.104815722462538
1503,eMBB,10.177484776472898
1504,eMBB,11.433489609322514
1505,eMBB,10.872130664160665
1506,eMBB,10.1635193191626
1507,eMBB,11.098369708256927
1508,eMBB,11.449881063293937
1509,eMBB,10.57749287472715
1510,eMBB,9.876069437136163
1511,eMBB,11.548941372570438
1512,eMBB,10.405284189108123
1513,eMBB,11.583292915048323
1514,eMBB,10.436923355644593
1515,eMBB,11.70413215925236
1516,eMBB,9.489391326428297
1517,eMBB,10.35588465873463
1518,eMBB,10.837289100884764
1519,eMBB,12.39059503852331
1520,eMBB,8.433620261624856
1521,eMBB,8.310470109311527
1522,eMBB,9.160145830338934
1523,eMBB,9.887058929821354
1524,eMBB,9.667785964431397
1525,eMBB,9.113916330030188
1526,eMBB,10.58917910435754
1527,eMBB,8.507002543572973
1528,eMBB,10.55800610436529
1529,eMBB,12.975814024558176
1530,eMBB,11.184926432274166
1531,eMBB,12.62903708394581
1532,eMBB,12.812081303404753
1533,eMBB,11.558837317207672
1534,eMBB,8.615228661118332
1535,eMBB,10.68237487451498
1536,eMBB,10.730630498813317
1537,eMBB,10.374946804142734
1538,eMBB,10.828564187010834
1539,eMBB,11.39872056559006
1540,eMBB,10.422125522241041
1541,eMBB,9.407667848164147
1542,eMBB,9.805355646213856
1543,eMBB,10.369010161133252
1544,eMBB,10.278006887544477
1545,eMBB,7.649777936625829
1546,eMBB,12.740134099712842
1547,eMBB,10.165663110515187
1548,eMBB,9.76511449763641
1549,eMBB,9.470606530160603
1550,eMBB,10.81990358236617
1551,eMBB,12.00258984180652
1552,eMBB,8.896200362377629
1553,eMBB,11.96195322012212
1554,eMBB,9.626363298610709
1555,eMBB,11.189435921693216
1556,eMBB,10.609382739254919
1557,eMBB,10.076231726501218
1558,eMBB,11.774975320212468
1559,eMBB,11.470220274488815
1560,eMBB,10.970935506610601
1561,eMBB,8.835723189968315
1562,eMBB,9.982481057150817
1563,eMBB,8.702055572489737
1564,eMBB,10.702816577614632
1565,eMBB,10.047944317951485
1566,eMBB,10.804863733861037
1567,eMBB,9.175437350589837
1568,eMBB,10.363525718485985
1569,eMBB,11.700119983028316
1570,eMBB,9.781101510724598
1571,eMBB,10.84328753762171
1572,eMBB,10.444064094074305
1573,eMBB,9.862721621371362
1574,eMBB,12.921067058835474
1575,eMBB,8.588570147241436
1576,eMBB,10.280208629881749
1577,eMBB,8.678885851603459
1578,eMBB,10.656234115114362
1579,eMBB,8.100735895793921
1580,eMBB,10.269513126885364
1581,eMBB,8.505251131894807
1582,eMBB,10.996961874795863
1583,eMBB,8.714198700297816
1584,eMBB,10.966426660545958
1585,eMBB,10.410632701469382
1586,eMBB,10.057886629430449
1587,eMBB,10.039815320051485
1588,eMBB,9.974656309403715
1589,eMBB,11.83358313121739
1590,eMBB,10.442552238460072
1591,eMBB,12.773255086907918
1592,eMBB,9.97192488670572
1593,eMBB,9.850749159159212
1594,eMBB,10.728626494129784
1595,eMBB,9.699966012126646
1596,eMBB,11.918961438742228
1597,eMBB,8.295281678091593
1598,eMBB,9.67098362949537
1599,eMBB,9.968889934705915
1600,eMBB,12.011603858811808
1601,eMBB,12.591125272941632
1602,eMBB,10.972930631503095
1603,eMBB,9.618261612637395
1604,eMBB,10.881040389455324
1605,eMBB,12.918713466052258
1606,eMBB,11.220028532454872
1607,eMBB,9.445073441749601
1608,eMBB,11.408754073891798
1609,eMBB,9.566070015030512
1610,eMBB,8.648549340799201
1611,eMBB,10.968326844507004
1612,eMBB,9.118824433232525
1613,eMBB,9.078868248580983
1614,eMBB,10.70504319189803
1615,eMBB,10.855223747652861
1616,eMBB,10.184593316331929
1617,eMBB,10.445530167822776
1618,eMBB,9.11563311633352
1619,eMBB,12.808523673320948
1620,eMBB,11.841906755194868
1621,eMBB,11.782295293894421
1622,eMBB,12.125072709211791
1623,eMBB,9.636820336857475
1624,eMBB,11.770999266175487
1625,eMBB,9.665266116758337
1626,eMBB,10.210088991241383
1627,eMBB,11.871654134782684
1628,eMBB,9.644929575340552
1629,eMBB,10.645907951613953
1630,eMBB,10.981339990707545
1631,eMBB,10.544593969756393
1632,eMBB,10.332672728427633
1633,eMBB,9.671247623714653
1634,eMBB,12.800911430306474
1635,eMBB,11.547199430194237
1636,eMBB,11.986556357038078
1637,eMBB,11.077056213981606
1638,eMBB,10.101837498142016
1639,eMBB,9.884549415441008
1640,eMBB,11.547086637757397
1641,eMBB,10.984400098708846
1642,eMBB,9.63000041512588
1643,eMBB,11.529252531985943
1644,eMBB,10.165128276210071
1645,eMBB,9.41201432602219
1646,eMBB,10.877571586770111
1647,eMBB,9.731621663278393
1648,eMBB,11.901116786970368
1649,eMBB,10.858256996849398
1650,eMBB,11.25839377574314
1651,eMBB,9.583367226687304
1652,eMBB,11.142103193098096
1653,eMBB,11.131761795137587
1654,eMBB,8.947382691185942
1655,eMBB,10.095611765512492
1656,eMBB,11.094725243949414
1657,eMBB,9.22929987549093
1658,eMBB,11.947666571526653
1659,eMBB,9.266331245924567
1660,eMBB,11.513837414133304
1661,eMBB,9.440087253444542
1662,eMBB,9.492818398724271
1663,eMBB,12.454434964592352
1664,eMBB,8.707427460856966
1665,eMBB,8.61515802334282
1666,eMBB,11.922149069118662
1667,eMBB,11.703135382336907
1668,eMBB,10.662659781718515
1669,eMBB,12.116474780687765
1670,eMBB,10.085697421311265
1671,eMBB,8.223793217314615
1672,eMBB,10.889542767754012
1673,eMBB,11.160619001000944
1674,eMBB,9.999535204927291
1675,eMBB,9.917590490909921
1676,eMBB,12.631051595521045
1677,eMBB,10.398683448064174
1678,eMBB,11.78282478004282
1679,eMBB,10.173765249333098
1680,eMBB,9.65708949641987
1681,eMBB,11.07780487792685
1682,eMBB,9.44613211007784
1683,eMBB,11.354225279932407
1684,eMBB,10.678808649628724
1685,eMBB,9.205227709638509
1686,eMBB,11.625487105789787
1687,eMBB,11.978984465689223
1688,eMBB,11.76784195327669
1689,eMBB,11.95046948835927
1690,eMBB,9.08416356260493
1691,eMBB,7.665582385810404
1692,eMBB,10.840177739602652
1693,eMBB,12.423111544843724
1694,eMBB,11.77609315858822
1695,eMBB,11.154856055061419
1696,eMBB,9.455272318549566
1697,eMBB,11.225246848194647
1698,eMBB,10.5152630454067
1699,eMBB,9.98158013187859
1700,eMBB,12.315543377569092
1701,eMBB,11.271645061005243
1702,eMBB,12.59428791439741
1703,eMBB,10.826703137603394
1704,eMBB,10.568199232578941
1705,eMBB,9.736644734909936
1706,eMBB,8.893022251802865
1707,eMBB,8.617503304632955
1708,eMBB,9.501114068231788
1709,eMBB,11.1630688297543
1710,eMBB,11.496873375648335
1711,eMBB,9.854797781286901
1712,eMBB,13.193263097951633
1713,eMBB,9.63360643413984
1714,eMBB,9.899785740285452
1715,eMBB,11.515550706621942
1716,eMBB,11.730012437121779
1717,eMBB,10.385099723473655
1718,eMBB,11.62750921224853
1719,eMBB,9.527120344508198
1720,eMBB,11.63440569122777
1721,eMBB,11.670099563924168
1722,eMBB,11.485434352398089
1723,eMBB,9.477605613041922
1724,eMBB,11.445375694098585
1725,eMBB,10.60833556584854
1726,eMBB,12.97331423348731
1727,eMBB,8.270565286561265
1728,eMBB,12.081997091652012
1729,eMBB,9.672397486170551
1730,eMBB,11.604771511156462
1731,eMBB,10.858197272291529
1732,eMBB,9.82247621678246
1733,eMBB,8.712872226360766
1734,eMBB,11.34227342371094
1735,eMBB,10.934513824810306
1736,eMBB,11.241280826577313
1737,eMBB,11.504764383798381
1738,eMBB,12.028175091768944
1739,eMBB,14.132152696422933
1740,eMBB,8.683765231206879
1741,eMBB,7.972272311002593
1742,eMBB,12.660051677627257
1743,eMBB,10.001978225467012
1744,eMBB,9.182256477292837
1745,eMBB,10.594893961488328
1746,eMBB,10.947601761835863
1747,eMBB,9.692219874166785
1748,eMBB,9.392612084780383
1749,eMBB,9.61403370205748
1750,eMBB,10.79709985646714
1751,eMBB,10.110548948539856
1752,eMBB,12.614535483732292
1753,eMBB,11.057962262525336
1754,eMBB,10.197599624618361
1755,eMBB,11.306791965313666
1756,eMBB,8.906760293588935
1757,eMBB,10.756505192275174
1758,eMBB,10.368209907448941
1759,eMBB,9.14402586664337
1760,eMBB,10.483578823041938
1761,eMBB,10.51599360591061
1762,eMBB,9.507067298595373
1763,eMBB,12.015103572750972
1764,eMBB,11.84189586251109
1765,eMBB,10.18557421004335
1766,eMBB,10.869661653282472
1767,eMBB,8.212227635565215
1768,eMBB,10.44705379873619
1769,eMBB,10.16606312396268
1770,eMBB,10.882323596830942
1771,eMBB,12.696396097786872
1772,eMBB,8.977448489178148
1773,eMBB,10.982026666657374
1774,eMBB,10.229961027178305
1775,eMBB,11.848480770734712
1776,eMBB,10.791950490629407
1777,eMBB,10.601834279374826
1778,eMBB,9.84430955145554
1779,eMBB,9.820876402350986
1780,eMBB,8.170846517972356
1781,eMBB,11.393337122765606
1782,eMBB,9.703087606722255
1783,eMBB,11.285719888128215
1784,eMBB,9.577924948418572
1785,eMBB,9.575431231142236
1786,eMBB,10.260629930260702
1787,eMBB,9.934610912974712
1788,eMBB,11.785112170319973
1789,eMBB,10.339702403890461
1790,eMBB,10.261895788664718
1791,eMBB,10.622476381825747
1792,eMBB,11.69269293393735
1793,eMBB,11.802143153362584
1794,eMBB,11.394740349164023
1795,eMBB,10.800756354691375
1796,eMBB,11.268957545941513
1797,eMBB,13.268114032570544
1798,eMBB,10.478109496235383
1799,eMBB,11.278321193229042
1800,eMBB,10.669497814695871
1801,eMBB,8.911958988424903
1802,eMBB,10.528214834696723
1803,eMBB,10.539700500961452
1804,eMBB,10.326811733646261
1805,eMBB,10.85557899300874
1806,eMBB,12.283668164303542
1807,eMBB,9.961871899096325
1808,eMBB,11.133387673528436
1809,eMBB,10.667801676799213
1810,eMBB,9.405747916921495
1811,eMBB,11.344019284991305
1812,eMBB,9.877511702922002
1813,eMBB,10.814528810554183
1814,eMBB,12.081538515024501
1815,eMBB,10.364895842298639
1816,eMBB,8.723953694317633
1817,eMBB,10.79850151288922
1818,eMBB,10.199452554252245
1819,eMBB,10.185968693221046
1820,eMBB,11.783434439664864
1821,eMBB,9.03703601406937
1822,eMBB,9.754141651569162
1823,eMBB,9.23529140195778
1824,eMBB,10.993066247912537
1825,eMBB,11.017045169848931
1826,eMBB,10.470868044805199
1827,eMBB,9.978068635196989
1828,eMBB,9.702041661586238
1829,eMBB,11.204209990599608
1830,eMBB,10.165250227126426
1831,eMBB,10.321563488060736
1832,eMBB,9.80589750142042
1833,eMBB,10.392830294541628
1834,eMBB,11.070024473324072
1835,eMBB,9.84437764365985
1836,eMBB,9.595903005624038
1837,eMBB,9.585379304538606
1838,eMBB,8.884078740197978
1839,eMBB,11.493610988595083
1840,eMBB,10.780784598216256
1841,eMBB,10.41534540593296
1842,eMBB,13.069817688000157
1843,eMBB,8.6990874358699
1844,eMBB,12.265083138401053
1845,eMBB,9.486668264590312
1846,eMBB,10.850328310315511
1847,eMBB,10.770276371772708
1848,eMBB,13.070848527378661
1849,eMBB,10.910446501279644
1850,eMBB,11.67475289183078
1851,eMBB,10.899135937015906
1852,eMBB,10.747366594477057
1853,eMBB,9.562736025579401
1854,eMBB,10.68290772382911
1855,eMBB,10.252307116176356
1856,eMBB,9.715216841982658
1857,eMBB,11.149747788783607
1858,eMBB,11.718702075391553
1859,eMBB,10.522587522005747
1860,eMBB,9.194680239056154
1861,eMBB,11.484235495676593
1862,eMBB,9.019087997114713
1863,eMBB,12.06014529426721
1864,eMBB,13.137198385137108
1865,eMBB,9.78269276758416
1866,eMBB,10.391814673418267
1867,eMBB,9.096103061805161
1868,eMBB,9.154726999014722
1869,eMBB,10.447822209471862
1870,eMBB,12.002627317965054
1871,eMBB,12.617124342079476
1872,eMBB,9.373326307055468
1873,eMBB,9.63339205340715
1874,eMBB,11.884959828040776
1875,eMBB,10.14355579227637
1876,eMBB,11.66769798548485
1877,eMBB,11.922421744462357
1878,eMBB,11.898772291855735
1879,eMBB,11.493677870351497
1880,eMBB,11.283828060569888
1881,eMBB,10.286453358384113
1882,eMBB,10.058126482314385
1883,eMBB,10.129096461535468
1884,eMBB,10.481038933204351
1885,eMBB,9.680655390913904
1886,eMBB,12.143898751469772
1887,eMBB,10.954161235035041
1888,eMBB,10.515116521777866
1889,eMBB,10.128784061946456
1890,eMBB,10.150264436588381
1891,eMBB,11.919759113668295
1892,eMBB,10.712328547067335
1893,eMBB,11.18530288280346
1894,eMBB,12.00743166318756
1895,eMBB,10.684433427730491
1896,eMBB,8.404399671646667
1897,eMBB,10.298643478385147
1898,eMBB,10.10403938716214
1899,eMBB,8.89750631118532
1900,eMBB,10.43208136773703
1901,eMBB,11.597721561410633
1902,eMBB,12.050218083127062
1903,eMBB,11.015263363607657
1904,eMBB,10.199644235711126
1905,eMBB,10.964304358169846
1906,eMBB,10.397652298061288
1907,eMBB,12.82915216064249
1908,eMBB,9.471086267896684
1909,eMBB,9.658318263254039
1910,eMBB,11.582464793326553
1911,eMBB,9.458196062197631
1912,eMBB,9.417004223038004
1913,eMBB,8.889691319349366
1914,eMBB,11.5205909764752
1915,eMBB,11.596034382371705
1916,eMBB,12.140073048058461
1917,eMBB,9.907423742079617
1918,eMBB,11.286661354662439
1919,eMBB,8.925691477393388
1920,eMBB,10.855968336740638
1921,eMBB,10.816057965262054
1922,eMBB,11.357006106741025
1923,eMBB,11.238196680870232
1924,eMBB,9.52394274249428
1925,eMBB,9.071385549056057
1926,eMBB,9.623265003177792
1927,eMBB,10.559435627586522
1928,eMBB,11.431614207658306
1929,eMBB,10.25524768328446
1930,eMBB,9.723658734224712
1931,eMBB,10.37295690696063
1932,eMBB,11.875599683248515
1933,eMBB,10.053325081343617
1934,eMBB,11.087387151916076
1935,eMBB,7.99430920526516
1936,eMBB,10.391091163442614
1937,eMBB,11.55228445466498
1938,eMBB,10.893727697609366
1939,eMBB,11.871950945705994
1940,eMBB,9.724453757238907
1941,eMBB,10.044520523474747
1942,eMBB,12.928650269653456
1943,eMBB,9.974240033902273
1944,eMBB,10.426190231687123
1945,eMBB,10.65304001654908
1946,eMBB,10.524616897965231
1947,eMBB,11.559664095469294
1948,eMBB,9.928733946619195
1949,eMBB,9.551172158845477
1950,eMBB,11.750548832333333
1951,eMBB,8.772771302633204
1952,eMBB,10.995156838934818
1953,eMBB,11.773139283469954
1954,eMBB,9.706839559909131
1955,eMBB,9.166491830880963
1956,eMBB,10.87321868918782
1957,eMBB,12.61118644245869
1958,eMBB,13.044221391033343
1959,eMBB,11.37384842455533
1960,eMBB,10.333610610582397
1961,eMBB,7.5499848437932835
1962,eMBB,9.892762637827198
1963,eMBB,11.160945000728178
1964,eMBB,10.070758066197756
1965,eMBB,10.847396497326196
1966,eMBB,9.755521331338144
1967,eMBB,11.5172423230359
1968,eMBB,12.09912010831051
1969,eMBB,10.366436305050955
1970,eMBB,11.023704905127103
1971,eMBB,10.954400455891388
1972,eMBB,11.523731229933157
1973,eMBB,10.885616318287473
1974,eMBB,10.108838944215966
1975,eMBB,10.164212456547727
1976,eMBB,12.117092830865905
1977,eMBB,10.387741719272212
1978,eMBB,10.867198841322637
1979,eMBB,11.273268019186887
1980,eMBB,10.666419052578568
1981,eMBB,11.84550261898457
1982,eMBB,9.658096040885836
1983,eMBB,11.048717177085933
1984,eMBB,11.429446506463329
1985,eMBB,12.596367026179992
1986,eMBB,9.938418659735351
1987,eMBB,12.565050696102697
1988,eMBB,10.306591093401444
1989,eMBB,11.658767105308087
1990,eMBB,11.54764409343034
1991,eMBB,9.721850505210025
1992,eMBB,9.617299345794555
1993,eMBB,13.372758227176535
1994,eMBB,11.068742529561192
1995,eMBB,10.80438345750953
1996,eMBB,10.533711727132511
1997,eMBB,11.292234091146995
1998,eMBB,10.560599993878318
1999,eMBB,12.021537979176355
0,mMTC,0.0
1,mMTC,0.0
2,mMTC,0.22824960843724093
3,mMTC,0.2685152107481449
4,mMTC,0.2596291202003518
5,mMTC,0.2612517258127538
6,mMTC,0.2585815190245693
7,mMTC,0.2584484075831433
8,mMTC,0.2588294378741595
9,mMTC,0.2560692265195394
10,mMTC,0.25690187948941795
11,mMTC,0.2596643540804855
12,mMTC,0.2577025980402229
13,mMTC,0.2583703382441997
14,mMTC,0.259190111464476
15,mMTC,0.2600935691649825
16,mMTC,0.25638343249581824
17,mMTC,0.26174505015458766
18,mMTC,0.26157173281094603
19,mMTC,0.2643100158986121
20,mMTC,0.2628199971678832
21,mMTC,0.26430595733443524
22,mMTC,0.2591869301274412
23,mMTC,0.25884469093048423
24,mMTC,0.26348168855947796
25,mMTC,0.2567472581512239
26,mMTC,0.2563789478269467
27,mMTC,0.2632524921869276
28,mMTC,0.26371017175392475
29,mMTC,0.2611677013041821
30,mMTC,0.2656219099890082
31,mMTC,0.2617871149036513
32,mMTC,0.26203336992163906
33,mMTC,0.26069251142960875
34,mMTC,0.26265628120797796
35,mMTC,0.2639567476230493
36,mMTC,0.26159905854322535
37,mMTC,0.26216622268217776
38,mMTC,0.26448422717836706
39,mMTC,0.2657593996015267
40,mMTC,0.25958040946364996
41,mMTC,0.2654017878141202
42,mMTC,0.26150768901590865
43,mMTC,0.25728030329571705
44,mMTC,0.2603712415512059
45,mMTC,0.2581406734897808
46,mMTC,0.2600876618549648
47,mMTC,0.26291337531030745
48,mMTC,0.26306407569465945
49,mMTC,0.2576615786746
50,mMTC,0.26116064556580754
51,mMTC,0.2619505053104401
52,mMTC,0.2600641878014034
53,mMTC,0.2577779874352276
54,mMTC,0.2574694404903085
55,mMTC,0.26182942866240766
56,mMTC,0.2588960788942145
57,mMTC,0.2590173447665612
58,mMTC,0.2626249903383812
59,mMTC,0.26065180278267003
60,mMTC,0.25731175485091284
61,mMTC,0.25928550208607565
62,mMTC,0.26485085825279486
63,mMTC,0.26509032689908313
64,mMTC,0.26162608403158927
65,mMTC,0.25981502430207926
66,mMTC,0.2589354722168751
67,mMTC,0.2618127777296424
68,mMTC,0.26024305296167427
69,mMTC,0.25793584669103814
70,mMTC,0.2566013394623224
71,mMTC,0.25577829980494743
72,mMTC,0.26296476225782806
73,mMTC,0.2631761911396817
74,mMTC,0.2593564451454997
75,mMTC,0.25914025499716437
76,mMTC,0.2612078894469852
77,mMTC,0.26207186066642424
78,mMTC,0.2663841121160784
79,mMTC,0.26268796782963094
80,mMTC,0.26575309569147343
81,mMTC,0.25985882036213176
82,mMTC,0.2608487648714692
83,mMTC,0.2634975076137937
84,mMTC,0.2613345757447356
85,mMTC,0.2630023718755419
86,mMTC,0.26305909251289095
87,mMTC,0.2636666749067006
88,mMTC,0.26635192435294475
89,mMTC,0.26118340221862457
90,mMTC,0.2575596540138488
91,mMTC,0.2612828288136132
92,mMTC,0.26404167146596424
93,mMTC,0.26258519049568585
94,mMTC,0.2643455814229595
95,mMTC,0.25987388324101507
96,mMTC,0.2571884395244639
97,mMTC,0.26000285554817826
98,mMTC,0.26342451311605464
99,mMTC,0.2653100651310712
100,mMTC,0.2605688726095393
101,mMTC,0.2594234674392343
102,mMTC,0.2586230035766216
103,mMTC,0.2621175862957656
104,mMTC,0.2632814460911543
105,mMTC,0.2615875740796744
106,mMTC,0.26282388762555137
107,mMTC,0.2607520900574172
108,mMTC,0.2578734117646615
109,mMTC,0.25849278828594463
110,mMTC,0.2586893119748062
111,mMTC,0.26071860241317985
112,mMTC,0.2618367948304916
113,mMTC,0.2598525089538899
114,mMTC,0.2620308587383603
115,mMTC,0.26105760719302556
116,mMTC,0.2549735974083489
117,mMTC,0.26238704270978314
118,mMTC,0.2637538252855995
119,mMTC,0.25995715499638883
120,mMTC,0.26024496086545235
121,mMTC,0.26244399381498756
122,mMTC,0.2633402117156922
123,mMTC,0.2605661297939807
124,mMTC,0.2618571266428324
125,mMTC,0.26130290268021067
126,mMTC,0.2642753776536103
127,mMTC,0.2592754987543772
128,mMTC,0.2596274219558504
129,mMTC,0.2595477083706245
130,mMTC,0.26009728324486264
131,mMTC,0.2620932451560497
132,mMTC,0.2610716754892865
133,mMTC,0.26366581959928226
134,mMTC,0.26445099982509224
135,mMTC,0.26210127930863675
136,mMTC,0.257925219588379
137,mMTC,0.261398793484698
138,mMTC,0.2607344311598422
139,mMTC,0.2604654542739931
140,mMTC,0.26574987517279713
141,mMTC,0.2646948423589294
142,mMTC,0.2643301876680696
143,mMTC,0.2640618656734135
144,mMTC,0.2590334277666505
145,mMTC,0.26055081146596226
146,mMTC,0.2611765519288794
147,mMTC,0.2596335366262562
148,mMTC,0.25945261797485153
149,mMTC,0.26127378970517334
150,mMTC,0.2606218677059504
151,mMTC,0.2646315701588881
152,mMTC,0.26563856073697145
153,mMTC,0.26178811284565073
154,mMTC,0.26195362977068715
155,mMTC,0.26145500168217195
156,mMTC,0.2601313027775384
157,mMTC,0.25724114331272013
158,mMTC,0.26147945089927627
159,mMTC,0.2602864626788333
160,mMTC,0.25715646557592886
161,mMTC,0.2590128038867524
162,mMTC,0.2625931577469109
163,mMTC,0.26357662491777495
164,mMTC,0.26218259927085263
165,mMTC,0.2574569886543188
166,mMTC,0.25983718990485355
167,mMTC,0.25943856540546967
168,mMTC,0.26151089058480814
169,mMTC,0.2591325178141475
170,mMTC,0.2613914015205939
171,mMTC,0.2592620651843815
172,mMTC,0.2582530140616827
173,mMTC,0.2632053555136475
174,mMTC,0.260181607122639
175,mMTC,0.25926082770958003
176,mMTC,0.2616027454775779
177,mMTC,0.26034199492390425
178,mMTC,0.259592123766175
179,mMTC,0.2615725370200589
180,mMTC,0.26062984159057245
181,mMTC,0.26067939278371133
182,mMTC,0.26071338640002056
183,mMTC,0.264363546274029
184,mMTC,0.2613938197520951
185,mMTC,0.262359269322928
186,mMTC,0.26372782534706507
187,mMTC,0.26266653651965927
188,mMTC,0.260304131390944
189,mMTC,0.26274851960730994
190,mMTC,0.2597183294973449
191,mMTC,0.2607070723564393
192,mMTC,0.2598642670381638
193,mMTC,0.25534396008604593
194,mMTC,0.2609701095495475
195,mMTC,0.2622237367598081
196,mMTC,0.2586163825188049
197,mMTC,0.25889833044423743
198,mMTC,0.2626119290519135
199,mMTC,0.26277684208813584
200,mMTC,0.25863482264848103
201,mMTC,0.2612646711701176
202,mMTC,0.2597700594554444
203,mMTC,0.26341792902870725
204,mMTC,0.26246218978432406
205,mMTC,0.26031974812819275
206,mMTC,0.2596530507741139
207,mMTC,0.2642689241890266
208,mMTC,0.2635108166489765
209,mMTC,0.2616303691656471
210,mMTC,0.25958758771437634
211,mMTC,0.26301863224471955
212,mMTC,0.26266100437483814
213,mMTC,0.2626593200002453
214,mMTC,0.2587049285513737
215,mMTC,0.26037518452537417
216,mMTC,0.2615004296302676
217,mMTC,0.2636462878804843
218,mMTC,0.26243120585333013
219,mMTC,0.25878003866909355
220,mMTC,0.26174535311481556
221,mMTC,0.26609147556340673
222,mMTC,0.26320648303466754
223,mMTC,0.25877047914050033
224,mMTC,0.2641855772116418
225,mMTC,0.2602326841908804
226,mMTC,0.2570750352518082
227,mMTC,0.26368008596635517
228,mMTC,0.2601873258850109
229,mMTC,0.26022211799763567
230,mMTC,0.2635861953138283
231,mMTC,0.2591177940267017
232,mMTC,0.2616081768426042
233,mMTC,0.2652946581658485
234,mMTC,0.2610496062932887
235,mMTC,0.2615379915370085
236,mMTC,0.2641398953617109
237,mMTC,0.2578952927287914
238,mMTC,0.26087946867573153
239,mMTC,0.26095289074751893
240,mMTC,0.2597459652510326
241,mMTC,0.2612961407917984
242,mMTC,0.25573431119774803
243,mMTC,0.25839065058177596
244,mMTC,0.2588716111411458
245,mMTC,0.2605719592206382
246,mMTC,0.26268386740795
247,mMTC,0.26240876492078224
248,mMTC,0.2627616024388488
249,mMTC,0.26097737679952016
250,mMTC,0.262590024564478
251,mMTC,0.26802657084150733
252,mMTC,0.2632408551628633
253,mMTC,0.2607039237750348
254,mMTC,0.2607615511551705
255,mMTC,0.2614815105087024
256,mMTC,0.26239721373158104
257,mMTC,0.260828317195787
258,mMTC,0.2586431660487029
259,mMTC,0.260456617020859
260,mMTC,0.2597900852106454
261,mMTC,0.2602327474058602
262,mMTC,0.262913702595781
263,mMTC,0.26112210618779275
264,mMTC,0.25706783463855515
265,mMTC,0.256835601408403
266,mMTC,0.2636043557172114
267,mMTC,0.2608652595250311
268,mMTC,0.2657081711835425
269,mMTC,0.26391798616817547
270,mMTC,0.25995672063081715
271,mMTC,0.25998967869720163
272,mMTC,0.2596613069713332
273,mMTC,0.25713327204905423
274,mMTC,0.2603087152729685
275,mMTC,0.25824755729932275
276,mMTC,0.2595576000135703
277,mMTC,0.26343868238366014
278,mMTC,0.25848872097792086
279,mMTC,0.2594020809537053
280,mMTC,0.2611772273036103
281,mMTC,0.2622834988838193
282,mMTC,0.26284801736262564
283,mMTC,0.26082825265124626
284,mMTC,0.25659302662500244
285,mMTC,0.26020272759899166
286,mMTC,0.26298480829232324
287,mMTC,0.2592583196269009
288,mMTC,0.25880901057221994
289,mMTC,0.2614620661983196
290,mMTC,0.25921868894613126
291,mMTC,0.25865791071327904
292,mMTC,0.2609359086230643
293,mMTC,0.26245443592684814
294,mMTC,0.2655551682852098
295,mMTC,0.26386637506036986
296,mMTC,0.26422833394378203
297,mMTC,0.2625994747949206
298,mMTC,0.26114648064014834
299,mMTC,0.2610140850751601
300,mMTC,0.26222890494526135
301,mMTC,0.26079086781721783
302,mMTC,0.2613142771115498
303,mMTC,0.26078531997221055
304,mMTC,0.25682407909545735
305,mMTC,0.2613708137519781
306,mMTC,0.26073236597872257
307,mMTC,0.25962772877824253
308,mMTC,0.25842762955465715
309,mMTC,0.2594715856696847
310,mMTC,0.2581395746511078
311,mMTC,0.26068686878082353
312,mMTC,0.2611502652182463
313,mMTC,0.2638385405948302
314,mMTC,0.26390171066076623
315,mMTC,0.26304312367526245
316,mMTC,0.2595728439267162
317,mMTC,0.2597982079996915
318,mMTC,0.2603517311162755
319,mMTC,0.2617136729542099
320,mMTC,0.2629758593753983
321,mMTC,0.26061214004916067
322,mMTC,0.26196896585591334
323,mMTC,0.2626442197475037
324,mMTC,0.2621361144042755
325,mMTC,0.2587733653273188
326,mMTC,0.2592848470201689
327,mMTC,0.26465156402781276
328,mMTC,0.263369980349302
329,mMTC,0.265035914329471
330,mMTC,0.2626539183353004
331,mMTC,0.2595882290746137
332,mMTC,0.26078365438260936
333,mMTC,0.26185545274591276
334,mMTC,0.2633312440570111
335,mMTC,0.26365852731922695
336,mMTC,0.2614220277161671
337,mMTC,0.26122986616029575
338,mMTC,0.25774748708358036
339,mMTC,0.26249875554395924
340,mMTC,0.25839277197249844
341,mMTC,0.26059647631199573
342,mMTC,0.2606732146934865
343,mMTC,0.25844339972850294
344,mMTC,0.2642544228715001
345,mMTC,0.2620735568131957
346,mMTC,0.2592556741432116
347,mMTC,0.2608439338625306
348,mMTC,0.260176422637292
349,mMTC,0.2614670053852313
350,mMTC,0.2610201221883814
351,mMTC,0.2594306503651157
352,mMTC,0.26237042953436335
353,mMTC,0.2621589886437136
354,mMTC,0.25698423417950633
355,mMTC,0.2552285111300277
356,mMTC,0.26256497647956695
357,mMTC,0.2614529344614853
358,mMTC,0.25918217711040703
359,mMTC,0.2598663669353148
360,mMTC,0.26116170451056947
361,mMTC,0.2601923600562445
362,mMTC,0.2604533675387687
363,mMTC,0.2588846979300992
364,mMTC,0.2584944669429506
365,mMTC,0.2587424984965327
366,mMTC,0.26138713013927134
367,mMTC,0.26357817446340676
368,mMTC,0.2585707167005117
369,mMTC,0.2588827564885321
370,mMTC,0.2589689083272911
371,mMTC,0.259618902020197
372,mMTC,0.26213077548759406
373,mMTC,0.2590711751129719
374,mMTC,0.2580288282322786
375,mMTC,0.25926808958365066
376,mMTC,0.259552799522972
377,mMTC,0.25834300880457023
378,mMTC,0.26188345826457743
379,mMTC,0.2622591497798323
380,mMTC,0.2607330003492451
381,mMTC,0.2622306432464356
382,mMTC,0.25932534108407435
383,mMTC,0.2604659426546003
384,mMTC,0.26457595400224465
385,mMTC,0.2638330543117887
386,mMTC,0.2584066695541307
387,mMTC,0.261000949030472
388,mMTC,0.2593034187120681
389,mMTC,0.26057799268772097
390,mMTC,0.26415152512403367
391,mMTC,0.26212488968104747
392,mMTC,0.2620182783781302
393,mMTC,0.26433641320869733
394,mMTC,0.262265389526271
395,mMTC,0.26193487535825216
396,mMTC,0.26199244111421127
397,mMTC,0.25749644361474594
398,mMTC,0.2604645574510091
399,mMTC,0.2626418258101467
400,mMTC,0.26132506020248036
401,mMTC,0.2611055190370895
402,mMTC,0.2642428529627834
403,mMTC,0.2595452552190235
404,mMTC,0.26142874888361733
405,mMTC,0.26377666347738676
406,mMTC,0.2611364687769605
407,mMTC,0.2631135850516798
408,mMTC,0.2618160822334434
409,mMTC,0.2647885533330632
410,mMTC,0.26029225290214053
411,mMTC,0.26567704092389044
412,mMTC,0.25862811845536765
413,mMTC,0.2588979662018208
414,mMTC,0.26344580729185446
415,mMTC,0.2627010738381179
416,mMTC,0.261690688099309
417,mMTC,0.26514205039298844
418,mMTC,0.2613994428831241
419,mMTC,0.25515970763300017
420,mMTC,0.2568707838783048
421,mMTC,0.2622431521664558
422,mMTC,0.26674211415714405
423,mMTC,0.2630008350798624
424,mMTC,0.26008566661315863
425,mMTC,0.2616412605640455
426,mMTC,0.2633348795431449
427,mMTC,0.2600246186819223
428,mMTC,0.2621009384108658
429,mMTC,0.2636251772126148
430,mMTC,0.2661447655847179
431,mMTC,0.265194860008405
432,mMTC,0.2608222797937538
433,mMTC,0.2629303732460495
434,mMTC,0.2579286265021923
435,mMTC,0.25749664077537304
436,mMTC,0.2620360624545658
437,mMTC,0.2633802284204469
438,mMTC,0.26452984798471446
439,mMTC,0.262746611076363
440,mMTC,0.2591335016179013
441,mMTC,0.2567235737763088
442,mMTC,0.25948629034839726
443,mMTC,0.25827506525693733
444,mMTC,0.2623107172603703
445,mMTC,0.2625351714661877
446,mMTC,0.26246705148712024
447,mMTC,0.26463105765732026
448,mMTC,0.25572521589719016
449,mMTC,0.2594935202093847
450,mMTC,0.2634174177594894
451,mMTC,0.2609171627834135
452,mMTC,0.2641309361384166
453,mMTC,0.26268966997604093
454,mMTC,0.26196457017066677
455,mMTC,0.25969905268907845
456,mMTC,0.26169244532459934
457,mMTC,0.2640788306038499
458,mMTC,0.26095826994732935
459,mMTC,0.25614783828121157
460,mMTC,0.2616523439223275
461,mMTC,0.26067572036672415
462,mMTC,0.26318826248084354
463,mMTC,0.26562041261905484
464,mMTC,0.2639503366578341
465,mMTC,0.26139213858341714
466,mMTC,0.26022614986701914
467,mMTC,0.26468727857339214
468,mMTC,0.26461028491804883
469,mMTC,0.26620644730268
470,mMTC,0.26363921755645764
471,mMTC,0.2625339656179647
472,mMTC,0.26297604166088
473,mMTC,0.26543464150651574
474,mMTC,0.2624959315222561
475,mMTC,0.2535483633620081
476,mMTC,0.2620658468954741
477,mMTC,0.26571323160493737
478,mMTC,0.26236161351416604
479,mMTC,0.25950738669390205
480,mMTC,0.2616482843926255
481,mMTC,0.26283469567735757
482,mMTC,0.26149586482847037
483,mMTC,0.25936954074667345
484,mMTC,0.2601238504141212
485,mMTC,0.26186672256407545
486,mMTC,0.259700457428979
487,mMTC,0.262319109592063
488,mMTC,0.26118802240054156
489,mMTC,0.2568313108376132
490,mMTC,0.26006648242725433
491,mMTC,0.26064223097973044
492,mMTC,0.25774930077628655
493,mMTC,0.2596628155119183
494,mMTC,0.25957094996782415
495,mMTC,0.2606073043145094
496,mMTC,0.2605640381189262
497,mMTC,0.2649900790958177
498,mMTC,0.2628737589691011
499,mMTC,0.2630535182191198
500,mMTC,0.264794891482325
501,mMTC,0.2626521655682904
502,mMTC,0.25946238163047386
503,mMTC,0.2620956401074524
504,mMTC,0.26289697241651283
505,mMTC,0.2634016920927464
506,mMTC,0.2604249003288528
507,mMTC,0.2606583519225994
508,mMTC,0.26123515861706104
509,mMTC,0.260416183897719
510,mMTC,0.25987698978612
511,mMTC,0.2588477705109035
512,mMTC,0.26015137067506333
513,mMTC,0.25759533379224886
514,mMTC,0.2604263604639022
515,mMTC,0.25941894155201173
516,mMTC,0.2600457618964592
517,mMTC,0.26094791725230176
518,mMTC,0.25894055617602535
519,mMTC,0.2603879493295127
520,mMTC,0.2594170886700093
521,mMTC,0.2590847254622461
522,mMTC,0.2605691035132072
523,mMTC,0.26202240831433515
524,mMTC,0.2624163704324791
525,mMTC,0.26300355041587836
526,mMTC,0.2597702744408527
527,mMTC,0.26083652380602806
528,mMTC,0.2593612100195048
529,mMTC,0.2602385217392615
530,mMTC,0.26094038775383577
531,mMTC,0.2601480823295021
532,mMTC,0.258808642578234
533,mMTC,0.26368758222542693
534,mMTC,0.2628439874857225
535,mMTC,0.26483319491817375
536,mMTC,0.2611948871983659
537,mMTC,0.2604401575748573
538,mMTC,0.25919630982265424
539,mMTC,0.2672013458632704
540,mMTC,0.2621954961120556
541,mMTC,0.26356014619208507
542,mMTC,0.2635585163549294
543,mMTC,0.2584610550199156
544,mMTC,0.26311396070017934
545,mMTC,0.2626015367495375
546,mMTC,0.25576517296325646
547,mMTC,0.25779891961841
548,mMTC,0.26359194120468726
549,mMTC,0.26311212321797106
550,mMTC,0.26051315114440243
551,mMTC,0.2626257444789229
552,mMTC,0.2632267332641613
553,mMTC,0.26211614641812236
554,mMTC,0.25952584482308433
555,mMTC,0.2589691074106393
556,mMTC,0.2603247434855065
557,mMTC,0.26040754479785344
558,mMTC,0.26241217336338435
559,mMTC,0.2607591433329186
560,mMTC,0.25791074336364594
561,mMTC,0.25674043719397505
562,mMTC,0.2602944634320608
563,mMTC,0.2632597295123242
564,mMTC,0.25731738898891
565,mMTC,0.25931126530535553
566,mMTC,0.2602830075318279
567,mMTC,0.25965856405657295
568,mMTC,0.2598633138142233
569,mMTC,0.26040918420502573
570,mMTC,0.26260155868549784
571,mMTC,0.2587036985372627
572,mMTC,0.26060991051566657
573,mMTC,0.2594526698064366
574,mMTC,0.2602497796746125
575,mMTC,0.2614957523067107
576,mMTC,0.2567634888359883
577,mMTC,0.2554418315572025
578,mMTC,0.26106968418646076
579,mMTC,0.2606490310550384
580,mMTC,0.2577040913472462
581,mMTC,0.25991404625598785
582,mMTC,0.26249960117097415
583,mMTC,0.2617059118388503
584,mMTC,0.2596109712111532
585,mMTC,0.26595671799184406
586,mMTC,0.26368079510952824
587,mMTC,0.26273470120771897
588,mMTC,0.2625180841603935
589,mMTC,0.2624889570223193
590,mMTC,0.2849314924590447
591,mMTC,0.2594280148450169
592,mMTC,0.25880353233211334
593,mMTC,0.25979903376351116
594,mMTC,0.2604718835554266
595,mMTC,0.26125880205563945
596,mMTC,0.2636411729464341
597,mMTC,0.26260970098923564
598,mMTC,0.26157086530559603
599,mMTC,0.2586188607441135
600,mMTC,0.2607867664088064
601,mMTC,0.26111704117314793
602,mMTC,0.2606827523826302
603,mMTC,0.2614870883928431
604,mMTC,0.2602557185544545
605,mMTC,0.2597946290554359
606,mMTC,0.2663816339761731
607,mMTC,0.2618367234893648
608,mMTC,0.2628401427115222
609,mMTC,0.26383734762178834
610,mMTC,0.2597289539119387
611,mMTC,0.259749487163101
612,mMTC,0.260047585632206
613,mMTC,0.2647715806134342
614,mMTC,0.26224430042622904
615,mMTC,0.2635269398632572
616,mMTC,0.2584947149142866
617,mMTC,0.261089375756174
618,mMTC,0.26178623482272806
619,mMTC,0.2667097583762372
620,mMTC,0.2652198384565304
621,mMTC,0.2629537106187338
622,mMTC,0.2610763605925729
623,mMTC,0.26120186315810917
624,mMTC,0.2597482498353246
625,mMTC,0.2582892808135775
626,mMTC,0.26025074317447733
627,mMTC,0.26224663802341747
628,mMTC,0.2620603984857871
629,mMTC,0.2623134935334742
630,mMTC,0.2628320663714152
631,mMTC,0.25936818457359706
632,mMTC,0.26137816584698087
633,mMTC,0.26001900345712775
634,mMTC,0.26149516223758634
635,mMTC,0.26054537151037566
636,mMTC,0.260193386253203
637,mMTC,0.2620602654451483
638,mMTC,0.26285800128844516
639,mMTC,0.263436161739084
640,mMTC,0.2583815579305818
641,mMTC,0.2619145660208795
642,mMTC,0.2618370731151089
643,mMTC,0.25916900650640184
644,mMTC,0.259863397011871
645,mMTC,0.26161566612883413
646,mMTC,0.26013010781955015
647,mMTC,0.2589233833968365
648,mMTC,0.2637616736589843
649,mMTC,0.26228649170829427
650,mMTC,0.26316000664954214
651,mMTC,0.25932982206827754
652,mMTC,0.2598615431887069
653,mMTC,0.26436864798270154
654,mMTC,0.2631665908203106
655,mMTC,0.25627657658063974
656,mMTC,0.26000453566855236
657,mMTC,0.26337686721586917
658,mMTC,0.26291153380555204
659,mMTC,0.2586988226466651
660,mMTC,0.2611806792095684
661,mMTC,0.2599588031371152
662,mMTC,0.2628499651866986
663,mMTC,0.26474663657917363
664,mMTC,0.26530249293595926
665,mMTC,0.25916633849419335
666,mMTC,0.25920992102231727
667,mMTC,0.26410900942365456
668,mMTC,0.2607647784674236
669,mMTC,0.2614258190289407
670,mMTC,0.2644565534021891
671,mMTC,0.2630037384025381
672,mMTC,0.26266166233823396
673,mMTC,0.2628628464737092
674,mMTC,0.2619391785707846
675,mMTC,0.2609173872577708
676,mMTC,0.2627723735826062
677,mMTC,0.25688347227749914
678,mMTC,0.2576310120296485
679,mMTC,0.25970445492241967
680,mMTC,0.26070908409726146
681,mMTC,0.26189898280308516
682,mMTC,0.25947049403248984
683,mMTC,0.26090433226313037
684,mMTC,0.2604876307740133
685,mMTC,0.2622263791430439
686,mMTC,0.2588618158558867
687,mMTC,0.2602035159689703
688,mMTC,0.26135439307396774
689,mMTC,0.2597031111197746
690,mMTC,0.25772267399950033
691,mMTC,0.2596176416496916
692,mMTC,0.25945995558120155
693,mMTC,0.26087852870456113
694,mMTC,0.26306253713483413
695,mMTC,0.2648032136610473
696,mMTC,0.26055990043177707
697,mMTC,0.26075096081226984
698,mMTC,0.2631826842247705
699,mMTC,0.2622145401754085
700,mMTC,0.2604893250140038
701,mMTC,0.2621995177559019
702,mMTC,0.2621121717624787
703,mMTC,0.25743024338621523
704,mMTC,0.25958498640541827
705,mMTC,0.26169331637742393
706,mMTC,0.2592227812754922
707,mMTC,0.26235651414757094
708,mMTC,0.26106052163243754
709,mMTC,0.26389253388890344
710,mMTC,0.2630789480318048
711,mMTC,0.2610051982808941
712,mMTC,0.2598585452597094
713,mMTC,0.26215659413242415
714,mMTC,0.2633594720346358
715,mMTC,0.2645420434677923
716,mMTC,0.26155385441796525
717,mMTC,0.26139331833276264
718,mMTC,0.26208394468415386
719,mMTC,0.2628894170427816
720,mMTC,0.26052884016653355
721,mMTC,0.25906372225368524
722,mMTC,0.26272654302176174
723,mMTC,0.26017624968280334
724,mMTC,0.25935724067561206
725,mMTC,0.25763569931399954
726,mMTC,0.25811196497399064
727,mMTC,0.260321112814389
728,mMTC,0.2639320155696892
729,mMTC,0.26420974027381744
730,mMTC,0.26374839089570445
731,mMTC,0.26110015546490106
732,mMTC,0.2599922041700814
733,mMTC,0.26090646602422024
734,mMTC,0.26082670531962016
735,mMTC,0.26157197203356447
736,mMTC,0.26463814087902277
737,mMTC,0.26146826012890734
738,mMTC,0.25881469830722087
739,mMTC,0.2616779296468352
740,mMTC,0.256975843490374
741,mMTC,0.2614368346237418
742,mMTC,0.26385153588862614
743,mMTC,0.2604453534761364
744,mMTC,0.26021391926251175
745,mMTC,0.2628749596508403
746,mMTC,0.2614396984060343
747,mMTC,0.2615137789953215
748,mMTC,0.26068439746820476
749,mMTC,0.2589982707201188
750,mMTC,0.2606150264593371
751,mMTC,0.26040820072267085
752,mMTC,0.25994354447670437
753,mMTC,0.26030803805900943
754,mMTC,0.2623413335046155
755,mMTC,0.26326417634318805
756,mMTC,0.26315868181347013
757,mMTC,0.25980546166891766
758,mMTC,0.25879594879500917
759,mMTC,0.25778238927961006
760,mMTC,0.25657388028283173
761,mMTC,0.25888093934018125
762,mMTC,0.2580593357339218
763,mMTC,0.2608684917264731
764,mMTC,0.2587444881487458
765,mMTC,0.2600093449256565
766,mMTC,0.2618864362186624
767,mMTC,0.2611784689561107
768,mMTC,0.2650269512006506
769,mMTC,0.26111522140181415
770,mMTC,0.2604009695703833
771,mMTC,0.25933560990965143
772,mMTC,0.26399833958567653
773,mMTC,0.2595371293612886
774,mMTC,0.2661450990118187
775,mMTC,0.2613851370147943
776,mMTC,0.2621515867289815
777,mMTC,0.2650125575657488
778,mMTC,0.2620166900656971
779,mMTC,0.2617742950216212
780,mMTC,0.2641922643827642
781,mMTC,0.2650317192585102
782,mMTC,0.2619692971294572
783,mMTC,0.25784384068315686
784,mMTC,0.2599626622676879
785,mMTC,0.2654916807310103
786,mMTC,0.2635261543285541
787,mMTC,0.25939079326579206
788,mMTC,0.2632495182060536
789,mMTC,0.2638676532445712
790,mMTC,0.2657148568571445
791,mMTC,0.2558663373567635
792,mMTC,0.2593915048171074
793,mMTC,0.2601823443261555
794,mMTC,0.26023466248710314
795,mMTC,0.26081387231256475
796,mMTC,0.26290749040581324
797,mMTC,0.2623842236292046
798,mMTC,0.26193641735094575
799,mMTC,0.26252668335901186
800,mMTC,0.26326139454719427
801,mMTC,0.2666578788455906
802,mMTC,0.2639567087889758
803,mMTC,0.2623992315637351
804,mMTC,0.26150614003530254
805,mMTC,0.25965915795141625
806,mMTC,0.2565765181075596
807,mMTC,0.2604712335806079
808,mMTC,0.26011151179122305
809,mMTC,0.2597151573626331
810,mMTC,0.25962142526576004
811,mMTC,0.2610990364521114
812,mMTC,0.2622194214302031
813,mMTC,0.2591784483648217
814,mMTC,0.2633909506581365
815,mMTC,0.2624723365081767
816,mMTC,0.2591822762694647
817,mMTC,0.2622650955072199
818,mMTC,0.2649033046534489
819,mMTC,0.26293888066727533
820,mMTC,0.2606610534122012
821,mMTC,0.2616801241412691
822,mMTC,0.2596235127848158
823,mMTC,0.2566499985433684
824,mMTC,0.2667874372930441
825,mMTC,0.26319726497893536
826,mMTC,0.2605084810380269
827,mMTC,0.25864608420659385
828,mMTC,0.25802469287953933
829,mMTC,0.26672631207467257
830,mMTC,0.2633242199202958
831,mMTC,0.2622452298675015
832,mMTC,0.26714443361491724
833,mMTC,0.26465146243464654
834,mMTC,0.26338535328893714
835,mMTC,0.2645477766509175
836,mMTC,0.2608941127912506
837,mMTC,0.2625451976433711
838,mMTC,0.2628547748713444
839,mMTC,0.26158355593445043
840,mMTC,0.26181575871555257
841,mMTC,0.2601726863485365
842,mMTC,0.26187152902822797
843,mMTC,0.26264312713838844
844,mMTC,0.26148621967740127
845,mMTC,0.2577763110452149
846,mMTC,0.2622267392208893
847,mMTC,0.2636621529287967
848,mMTC,0.2623321096081806
849,mMTC,0.2625215246254322
850,mMTC,0.25794283241136706
851,mMTC,0.2578092754604318
852,mMTC,0.2597542796369171
853,mMTC,0.2643052375060559
854,mMTC,0.2650504586592655
855,mMTC,0.26170723180758115
856,mMTC,0.260167355715665
857,mMTC,0.26172170023111274
858,mMTC,0.26082460310832717
859,mMTC,0.25950732240450997
860,mMTC,0.2611257264984432
861,mMTC,0.26387274682500883
862,mMTC,0.26285748286093813
863,mMTC,0.26383202978083686
864,mMTC,0.2597618164937453
865,mMTC,0.25839401827016634
866,mMTC,0.2611159861017999
867,mMTC,0.26058743015698554
868,mMTC,0.2611422685632719
869,mMTC,0.26069338099172823
870,mMTC,0.2675550181382528
871,mMTC,0.26344810179045114
872,mMTC,0.25993532674266495
873,mMTC,0.262528618235583
874,mMTC,0.259114935092794
875,mMTC,0.2611768077847181
876,mMTC,0.2614486859819214
877,mMTC,0.25940139191575756
878,mMTC,0.26036165690650914
879,mMTC,0.2634352922309464
880,mMTC,0.26538861161713917
881,mMTC,0.2586494346776932
882,mMTC,0.25966321313265955
883,mMTC,0.2610351702486041
884,mMTC,0.2611753570590535
885,mMTC,0.2602238552889601
886,mMTC,0.2561618726831032
887,mMTC,0.26061691505758594
888,mMTC,0.264338749404003
889,mMTC,0.263445757425993
890,mMTC,0.2592160570232923
891,mMTC,0.26154640283208386
892,mMTC,0.2624935604490397
893,mMTC,0.25606833957269537
894,mMTC,0.25657842153176075
895,mMTC,0.26315227827626597
896,mMTC,0.26610579927702965
897,mMTC,0.2623927134911025
898,mMTC,0.25735721402994066
899,mMTC,0.26298113616331287
900,mMTC,0.2623958796608297
901,mMTC,0.2592719234687286
902,mMTC,0.26144835947780587
903,mMTC,0.2606046515422539
904,mMTC,0.2624099001080621
905,mMTC,0.2650411137721793
906,mMTC,0.26152327001997205
907,mMTC,0.2588109698842967
908,mMTC,0.26116195842115913
909,mMTC,0.258305324713215
910,mMTC,0.258000466607783
911,mMTC,0.26195632515279077
912,mMTC,0.266222269772588
913,mMTC,0.26169600963263684
914,mMTC,0.2615729918270774
915,mMTC,0.26498215762300237
916,mMTC,0.26130893014210044
917,mMTC,0.26192437877078134
918,mMTC,0.2603739589707545
919,mMTC,0.2590366966277534
920,mMTC,0.25764227305505616
921,mMTC,0.26341859349639424
922,mMTC,0.26390509643601917
923,mMTC,0.2607541055793056
924,mMTC,0.2612754856110725
925,mMTC,0.2568317491875237
926,mMTC,0.2569041504644056
927,mMTC,0.25958627693740816
928,mMTC,0.2622741516715069
929,mMTC,0.26652470631589503
930,mMTC,0.2611873566058557
931,mMTC,0.2607638497701427
932,mMTC,0.2614696992138318
933,mMTC,0.2606225112583046
934,mMTC,0.26098721127330893
935,mMTC,0.2648180180018322
936,mMTC,0.25914160504164774
937,mMTC,0.2617209763873003
938,mMTC,0.26628894907743295
939,mMTC,0.2608984059952027
940,mMTC,0.263720626769649
941,mMTC,0.26217841124736596
942,mMTC,0.25899213255354325
943,mMTC,0.2570680980065651
944,mMTC,0.2636202279306377
945,mMTC,0.2646306646667708
946,mMTC,0.26546374029717384
947,mMTC,0.2639786268150535
948,mMTC,0.26329130612101953
949,mMTC,0.2616939679080139
950,mMTC,0.26036555090464386
951,mMTC,0.2602733382095089
952,mMTC,0.2602401473135095
953,mMTC,0.2590214910510416
954,mMTC,0.26220756453402855
955,mMTC,0.2627590093401254
956,mMTC,0.2625677506865767
957,mMTC,0.2636499612048665
958,mMTC,0.257372510119873
959,mMTC,0.26130233725958646
960,mMTC,0.2600836384475261
961,mMTC,0.2584284642793316
962,mMTC,0.2584408557412129
963,mMTC,0.2576232179583038
964,mMTC,0.26259765108552896
965,mMTC,0.2667569685154154
966,mMTC,0.26155424635453633
967,mMTC,0.2639175387722764
968,mMTC,0.2591760492674055
969,mMTC,0.25936661934464866
970,mMTC,0.25942399284345624
971,mMTC,0.26198625895814925
972,mMTC,0.26258913090423164
973,mMTC,0.264049921529168
974,mMTC,0.2649888054075877
975,mMTC,0.26220123175912186
976,mMTC,0.26317055617671625
977,mMTC,0.2606942964999952
978,mMTC,0.2632228974295265
979,mMTC,0.262776231334659
980,mMTC,0.2588118620612712
981,mMTC,0.2604766394631151
982,mMTC,0.26413603459254303
983,mMTC,0.26646354965090996
984,mMTC,0.26356681896869905
985,mMTC,0.2579343931011139
986,mMTC,0.2611863068526754
987,mMTC,0.25743002061578724
988,mMTC,0.26062520434880804
989,mMTC,0.25696731305553827
990,mMTC,0.26192952049147794
991,mMTC,0.2666015899395007
992,mMTC,0.26124548313831863
993,mMTC,0.2619593087314483
994,mMTC,0.26232280335626484
995,mMTC,0.26395909183814725
996,mMTC,0.26607580092742017
997,mMTC,0.2678222038585668
998,mMTC,0.2606559570333822
999,mMTC,0.26217963048636744
1000,mMTC,0.2602845061101031
1001,mMTC,0.2618569330360091
1002,mMTC,0.26521603914788905
1003,mMTC,0.2612691202917642
1004,mMTC,0.2604602757777581
1005,mMTC,0.26175145083782847
1006,mMTC,0.2608112194348765
1007,mMTC,0.25842931389278956
1008,mMTC,0.26205455162429825
1009,mMTC,0.26522606445095753
1010,mMTC,0.26286050287951
1011,mMTC,0.26163843131579684
1012,mMTC,0.25962737408329595
1013,mMTC,0.2608779144554261
1014,mMTC,0.25956088196229465
1015,mMTC,0.26300308121775623
1016,mMTC,0.2634419276771085
1017,mMTC,0.2657228816557261
1018,mMTC,0.2624384693611386
1019,mMTC,0.26227307516080384
1020,mMTC,0.2617113824663482
1021,mMTC,0.2620228577593382
1022,mMTC,0.25821128646947555
1023,mMTC,0.25874659229405667
1024,mMTC,0.261088927661235
1025,mMTC,0.26203081848339416
1026,mMTC,0.2640965317060407
1027,mMTC,0.2599120026402736
1028,mMTC,0.25894912486190325
1029,mMTC,0.2601897072858831
1030,mMTC,0.2584426137898805
1031,mMTC,0.2588429753790386
1032,mMTC,0.25937486314740726
1033,mMTC,0.2619191926527676
1034,mMTC,0.2626467157110238
1035,mMTC,0.2635620367920372
1036,mMTC,0.2596253742270127
1037,mMTC,0.257939764752568
1038,mMTC,0.25858294072669313
1039,mMTC,0.25955460504742145
1040,mMTC,0.260767394424276
1041,mMTC,0.26231809863662026
1042,mMTC,0.25908602450090695
1043,mMTC,0.2600375888537497
1044,mMTC,0.2643606902613642
1045,mMTC,0.25801592360743464
1046,mMTC,0.2610406704867006
1047,mMTC,0.2596168977806258
1048,mMTC,0.2581485565052228
1049,mMTC,0.2605178740533486
1050,mMTC,0.25947715333101296
1051,mMTC,0.2584785574693064
1052,mMTC,0.2606751158011123
1053,mMTC,0.25863237669610645
1054,mMTC,0.2628278926094317
1055,mMTC,0.2663877464723209
1056,mMTC,0.26048368637881963
1057,mMTC,0.259636148980862
1058,mMTC,0.2608742633941548
1059,mMTC,0.26489789459528607
1060,mMTC,0.2601283378051984
1061,mMTC,0.26221894053508554
1062,mMTC,0.2612211959370573
1063,mMTC,0.260699566757952
1064,mMTC,0.26298715132907213
1065,mMTC,0.26185438398001765
1066,mMTC,0.25952886343659365
1067,mMTC,0.2614476526156384
1068,mMTC,0.2593504520276885
1069,mMTC,0.26038860685568643
1070,mMTC,0.2605989549713743
1071,mMTC,0.2620313617931157
1072,mMTC,0.26247375878550533
1073,mMTC,0.2589797599715255
1074,mMTC,0.2570666100236974
1075,mMTC,0.26095215834163565
1076,mMTC,0.2638536484045679
1077,mMTC,0.2600509686508445
1078,mMTC,0.2567388241321301
1079,mMTC,0.25889496050765315
1080,mMTC,0.2637919546816842
1081,mMTC,0.25917227787763103
1082,mMTC,0.26249067787001273
1083,mMTC,0.25959299886527176
1084,mMTC,0.2594772450967916
1085,mMTC,0.2614908886807932
1086,mMTC,0.2623302001998551
1087,mMTC,0.26083740107395853
1088,mMTC,0.25880788112752406
1089,mMTC,0.25855463392328215
1090,mMTC,0.2570555160398855
1091,mMTC,0.26453386871303114
1092,mMTC,0.26421427461755603
1093,mMTC,0.25677321437405304
1094,mMTC,0.25804528985999087
1095,mMTC,0.25831305196114657
1096,mMTC,0.2627483053657598
1097,mMTC,0.26030688732734353
1098,mMTC,0.2587445756556592
1099,mMTC,0.2614476756990578
1100,mMTC,0.26616095570526266
1101,mMTC,0.26088582666698545
1102,mMTC,0.2605443881638281
1103,mMTC,0.26603091974797416
1104,mMTC,0.2597898407173126
1105,mMTC,0.2613187855404709
1106,mMTC,0.25675835834054767
1107,mMTC,0.2606329406406842
1108,mMTC,0.267206633605583
1109,mMTC,0.2615422602589399
1110,mMTC,0.26022762517403547
1111,mMTC,0.26284412788878986
1112,mMTC,0.25393006512204247
1113,mMTC,0.2586974621877911
1114,mMTC,0.2637139441380554
1115,mMTC,0.25982924689530135
1116,mMTC,0.2641737383365762
1117,mMTC,0.26297565874513257
1118,mMTC,0.2595442060669359
1119,mMTC,0.26191443518853885
1120,mMTC,0.2622200269154781
1121,mMTC,0.2610537143890605
1122,mMTC,0.2647701309016755
1123,mMTC,0.26112846728614125
1124,mMTC,0.25928207095255634
1125,mMTC,0.26102949370932266
1126,mMTC,0.2631703025580549
1127,mMTC,0.26090271275667143
1128,mMTC,0.25962254138804874
1129,mMTC,0.25861533998585884
1130,mMTC,0.2601288007419953
1131,mMTC,0.26024084402791314
1132,mMTC,0.26220384974349215
1133,mMTC,0.26151875017655163
1134,mMTC,0.25792043094682904
1135,mMTC,0.25960319392030295
1136,mMTC,0.25959151287755766
1137,mMTC,0.26139467016710555
1138,mMTC,0.2584603068230625
1139,mMTC,0.2575218317250015
1140,mMTC,0.25969911197866463
1141,mMTC,0.26247895824161005
1142,mMTC,0.2612129997136995
1143,mMTC,0.26266250666418334
1144,mMTC,0.26224250423554385
1145,mMTC,0.259863569462737
1146,mMTC,0.2641950121308215
1147,mMTC,0.2658515740151278
1148,mMTC,0.2598044177389086
1149,mMTC,0.26085690839046893
1150,mMTC,0.2648310861060973
1151,mMTC,0.2615581404565081
1152,mMTC,0.26356591087516523
1153,mMTC,0.2593679251334312
1154,mMTC,0.26000442854284755
1155,mMTC,0.25939510125846205
1156,mMTC,0.2619581252738014
1157,mMTC,0.2604518123478964
1158,mMTC,0.2604939933825526
1159,mMTC,0.25931680942524127
1160,mMTC,0.2578875024015407
1161,mMTC,0.2647876502051402
1162,mMTC,0.2608809287963869
1163,mMTC,0.26206790294688204
1164,mMTC,0.26321879907719514
1165,mMTC,0.2590757626725748
1166,mMTC,0.2610480846732087
1167,mMTC,0.2666345644264012
1168,mMTC,0.2655040785893774
1169,mMTC,0.25936427692689257
1170,mMTC,0.2632921183771885
1171,mMTC,0.2659854705798657
1172,mMTC,0.26530236538070445
1173,mMTC,0.26296851462513654
1174,mMTC,0.26735929331922426
1175,mMTC,0.2598849274837938
1176,mMTC,0.25965311811702657
1177,mMTC,0.26147833999846953
1178,mMTC,0.26160270405947594
1179,mMTC,0.25875457739283003
1180,mMTC,0.2615384935742911
1181,mMTC,0.2599030607410514
1182,mMTC,0.2650280173556756
1183,mMTC,0.2575936576371918
1184,mMTC,0.25984103310168116
1185,mMTC,0.2582961224075819
1186,mMTC,0.2620971273468253
1187,mMTC,0.2626600550719625
1188,mMTC,0.2626977946620593
1189,mMTC,0.2619779742966128
1190,mMTC,0.26339070942901965
1191,mMTC,0.2650438751515086
1192,mMTC,0.2641375414413714
1193,mMTC,0.26599455360048546
1194,mMTC,0.26122262429387505
1195,mMTC,0.25504838700258076
1196,mMTC,0.2628954730703665
1197,mMTC,0.26069608498799535
1198,mMTC,0.2583171327845431
1199,mMTC,0.25741086942057595
1200,mMTC,0.2582252176144931
1201,mMTC,0.26307598172194313
1202,mMTC,0.26282395982734524
1203,mMTC,0.2602629779428836
1204,mMTC,0.25729463970216954
1205,mMTC,0.2637700274434218
1206,mMTC,0.2623309701753665
1207,mMTC,0.26280176448850323
1208,mMTC,0.2582051953895966
1209,mMTC,0.25957489959836366
1210,mMTC,0.2607019465338074
1211,mMTC,0.264511395021186
1212,mMTC,0.2578182555407784
1213,mMTC,0.260157082469551
1214,mMTC,0.2603594371545639
1215,mMTC,0.2566067677564969
1216,mMTC,0.2563636191215851
1217,mMTC,0.25746626988485544
1218,mMTC,0.2623884766211843
1219,mMTC,0.26269330529035234
1220,mMTC,0.26543670275123077
1221,mMTC,0.25894470168658246
1222,mMTC,0.2564902520332203
1223,mMTC,0.26071400788284294
1224,mMTC,0.2581036603534925
1225,mMTC,0.2592360049492013
1226,mMTC,0.2607397518019416
1227,mMTC,0.2627883680520313
1228,mMTC,0.25910349202500943
1229,mMTC,0.2634365952057147
1230,mMTC,0.2606318889447287
1231,mMTC,0.260182046448596
1232,mMTC,0.26142990284242384
1233,mMTC,0.2623209412899732
1234,mMTC,0.25863246485463715
1235,mMTC,0.261239042586171
1236,mMTC,0.26212800385649926
1237,mMTC,0.25758836569198046
1238,mMTC,0.2618754986632564
1239,mMTC,0.26045419135629116
1240,mMTC,0.2611955189869899
1241,mMTC,0.2613151427634416
1242,mMTC,0.2595483779435039
1243,mMTC,0.25790116893907666
1244,mMTC,0.26019511971474
1245,mMTC,0.25986167861816745
1246,mMTC,0.2597692757576528
1247,mMTC,0.2584784577771368
1248,mMTC,0.2568311690750027
1249,mMTC,0.2596909942116308
1250,mMTC,0.26022904326524793
1251,mMTC,0.2616252798502284
1252,mMTC,0.2636723012341809
1253,mMTC,0.2610065487857083
1254,mMTC,0.26177335256976775
1255,mMTC,0.26104460334797525
1256,mMTC,0.26087591712630676
1257,mMTC,0.2593993845826002
1258,mMTC,0.26522574162542645
1259,mMTC,0.2592890857411376
1260,mMTC,0.2602569848537382
1261,mMTC,0.2595600195904799
1262,mMTC,0.25738042676663114
1263,mMTC,0.259442757133604
1264,mMTC,0.2622751618281023
1265,mMTC,0.26763736991859005
1266,mMTC,0.2670619048574829
1267,mMTC,0.2635031086777485
1268,mMTC,0.26277942189824444
1269,mMTC,0.26097452936985743
1270,mMTC,0.2606736254813117
1271,mMTC,0.2607441631714873
1272,mMTC,0.26134180212827246
1273,mMTC,0.26143027875426456
1274,mMTC,0.2602793616657074
1275,mMTC,0.26318406810823336
1276,mMTC,0.262076514713791
1277,mMTC,0.25989381279382123
1278,mMTC,0.2628961379027686
1279,mMTC,0.2602559494000756
1280,mMTC,0.2613591788023768
1281,mMTC,0.2605664090022798
1282,mMTC,0.2574119574873914
1283,mMTC,0.260044588192457
1284,mMTC,0.260844653217639
1285,mMTC,0.25640413334291745
1286,mMTC,0.2587190408672636
1287,mMTC,0.2598646532146236
1288,mMTC,0.26017573173978353
1289,mMTC,0.2612386264387726
1290,mMTC,0.26328314804048925
1291,mMTC,0.26302709153154746
1292,mMTC,0.2583946016821023
1293,mMTC,0.2626220312635285
1294,mMTC,0.25778609282099646
1295,mMTC,0.2608148135525591
1296,mMTC,0.2588264725201305
1297,mMTC,0.262846753691878
1298,mMTC,0.26710621992643263
1299,mMTC,0.26069095011709953
1300,mMTC,0.25823647269316286
1301,mMTC,0.2588647792764899
1302,mMTC,0.26124436326155304
1303,mMTC,0.2649726723471433
1304,mMTC,0.2615460877187183
1305,mMTC,0.25626854272683336
1306,mMTC,0.2607453299933398
1307,mMTC,0.26419228669264144
1308,mMTC,0.25967304495207816
1309,mMTC,0.26179922883880924
1310,mMTC,0.26396563094600095
1311,mMTC,0.2591231409410259
1312,mMTC,0.2601128676092749
1313,mMTC,0.2641306778508067
1314,mMTC,0.26314832809628724
1315,mMTC,0.25896649179132264
1316,mMTC,0.26162836112099275
1317,mMTC,0.26336030536282584
1318,mMTC,0.26136407922191773
1319,mMTC,0.2598254689039978
1320,mMTC,0.260031839371255
1321,mMTC,0.260098266561875
1322,mMTC,0.2581675999897761
1323,mMTC,0.2629448680572846
1324,mMTC,0.26447112693507174
1325,mMTC,0.2639325093449096
1326,mMTC,0.26016058490292693
1327,mMTC,0.25921204502649436
1328,mMTC,0.2546497550419435
1329,mMTC,0.2584856917146202
1330,mMTC,0.2621595823143427
1331,mMTC,0.2672554560418477
1332,mMTC,0.265406961576184
1333,mMTC,0.2618706829099739
1334,mMTC,0.26052366824934775
1335,mMTC,0.26000429502723016
1336,mMTC,0.2611396771289418
1337,mMTC,0.25712961709743715
1338,mMTC,0.26196466603762625
1339,mMTC,0.2625643791520736
1340,mMTC,0.2582647518614785
1341,mMTC,0.26398057314705853
1342,mMTC,0.2608949350543865
1343,mMTC,0.2586895910977276
1344,mMTC,0.2594040414363474
1345,mMTC,0.2649708163031111
1346,mMTC,0.26290282832594986
1347,mMTC,0.25976358614108125
1348,mMTC,0.2605019276982556
1349,mMTC,0.26149030214963204
1350,mMTC,0.257457373629999
1351,mMTC,0.2575221684602449
1352,mMTC,0.2555350827083072
1353,mMTC,0.2630027901579319
1354,mMTC,0.263359191520058
1355,mMTC,0.260691602786845
1356,mMTC,0.2615263172880085
1357,mMTC,0.2616664785541054
1358,mMTC,0.2637432863452429
1359,mMTC,0.25950926907874966
1360,mMTC,0.2587671225213105
1361,mMTC,0.25860523077384595
1362,mMTC,0.26118274028269134
1363,mMTC,0.25424330191873157
1364,mMTC,0.2612922510542418
1365,mMTC,0.2625716008707988
1366,mMTC,0.2597649082427171
1367,mMTC,0.26026350685579436
1368,mMTC,0.2598323789676967
1369,mMTC,0.25979682178888164
1370,mMTC,0.2590616439610667
1371,mMTC,0.2628112188637704
1372,mMTC,0.26228007814709875
1373,mMTC,0.26350621232498045
1374,mMTC,0.26563856023709537
1375,mMTC,0.2645364209864004
1376,mMTC,0.25964130093268806
1377,mMTC,0.25777063134672834
1378,mMTC,0.2619066338275184
1379,mMTC,0.2629511803460351
1380,mMTC,0.26061423735778355
1381,mMTC,0.2567030335546402
1382,mMTC,0.2561917168887456
1383,mMTC,0.2598145916052457
1384,mMTC,0.26094518377614145
1385,mMTC,0.2586869793707889
1386,mMTC,0.2598739571447971
1387,mMTC,0.2606668641409228
1388,mMTC,0.25925655567546807
1389,mMTC,0.2569635685579917
1390,mMTC,0.25839921734438337
1391,mMTC,0.25902559059257746
1392,mMTC,0.25913285018936094
1393,mMTC,0.26041049164795294
1394,mMTC,0.25753860853115945
1395,mMTC,0.25918286786534195
1396,mMTC,0.2594214447400123
1397,mMTC,0.25854321639184286
1398,mMTC,0.26153458015707004
1399,mMTC,0.26205684574234256
1400,mMTC,0.2659987086702131
1401,mMTC,0.2630421590494973
1402,mMTC,0.2622165096902481
1403,mMTC,0.26138623673258676
1404,mMTC,0.26399586351050547
1405,mMTC,0.25902610985423125
1406,mMTC,0.25630525443506136
1407,mMTC,0.2552130624267459
1408,mMTC,0.25829635557855946
1409,mMTC,0.25905053052118004
1410,mMTC,0.2605670052843077
1411,mMTC,0.2595024629504289
1412,mMTC,0.26050715563784116
1413,mMTC,0.26357055917672745
1414,mMTC,0.2640535969788963
1415,mMTC,0.26440459182456183
1416,mMTC,0.26293549802812616
1417,mMTC,0.263502392701012
1418,mMTC,0.25762428921773994
1419,mMTC,0.26049213936324644
1420,mMTC,0.2610384450121582
1421,mMTC,0.2589005904018847
1422,mMTC,0.2610311102909259
1423,mMTC,0.2603236513192711
1424,mMTC,0.26141388772076535
1425,mMTC,0.2612436292134028
1426,mMTC,0.2638839704864294
1427,mMTC,0.26167862495978006
1428,mMTC,0.25803814561896
1429,mMTC,0.26213629928942317
1430,mMTC,0.2607587111470157
1431,mMTC,0.2605435262907975
1432,mMTC,0.2603148239653737
1433,mMTC,0.26256072617962434
1434,mMTC,0.2636151518956959
1435,mMTC,0.2628326566961576
1436,mMTC,0.2635275704153404
1437,mMTC,0.260836494993032
1438,mMTC,0.26224289716927873
1439,mMTC,0.2599004982761809
1440,mMTC,0.2594972070095889
1441,mMTC,0.26327470969106537
1442,mMTC,0.26282447048178365
1443,mMTC,0.26200406884808125
1444,mMTC,0.26401454510929145
1445,mMTC,0.26216222755670693
1446,mMTC,0.2591536870957479
1447,mMTC,0.258825051944488
1448,mMTC,0.26194891802356823
1449,mMTC,0.2636575116844597
1450,mMTC,0.2587160786792277
1451,mMTC,0.2626173398197775
1452,mMTC,0.2646141026086972
1453,mMTC,0.26285609103092394
1454,mMTC,0.26292105448825265
1455,mMTC,0.2591531731935778
1456,mMTC,0.2591677379229739
1457,mMTC,0.2609976714768192
1458,mMTC,0.2641210334974401
1459,mMTC,0.25956173410261996
1460,mMTC,0.2593365388412002
1461,mMTC,0.2603666615928797
1462,mMTC,0.2592641640878923
1463,mMTC,0.26061708630836505
1464,mMTC,0.2582455667748209
1465,mMTC,0.258015813832502
1466,mMTC,0.2586505664352716
1467,mMTC,0.2603762962405203
1468,mMTC,0.26173020241037853
1469,mMTC,0.25915329023737516
1470,mMTC,0.26052701906809156
1471,mMTC,0.2594111942348917
1472,mMTC,0.25633819529174545
1473,mMTC,0.26008646282156767
1474,mMTC,0.2599006029136677
1475,mMTC,0.2595569195016516
1476,mMTC,0.2608606272560419
1477,mMTC,0.2599588546641947
1478,mMTC,0.2581618724978506
1479,mMTC,0.2609964010634882
1480,mMTC,0.2614828030476594
1481,mMTC,0.26483110273635185
1482,mMTC,0.26047805144700953
1483,mMTC,0.2577917463335611
1484,mMTC,0.2614394417722896
1485,mMTC,0.2636484413154139
1486,mMTC,0.2619601491429047
1487,mMTC,0.25793506574778025
1488,mMTC,0.2614408510968094
1489,mMTC,0.26121006249945905
1490,mMTC,0.2622690287073493
1491,mMTC,0.263262049403084
1492,mMTC,0.2623003675960382
1493,mMTC,0.26278989680706494
1494,mMTC,0.2593002065296553
1495,mMTC,0.2636917624729182
1496,mMTC,0.2604793670170668
1497,mMTC,0.262035140087266
1498,mMTC,0.261518574795562
1499,mMTC,0.2620916556335522
1500,mMTC,0.259161543787827
1501,mMTC,0.26174914133240446
1502,mMTC,0.26376062795839367
1503,mMTC,0.262370026942507
1504,mMTC,0.26071918311405545
1505,mMTC,0.26084760956840286
1506,mMTC,0.260996928367209
1507,mMTC,0.2600240354942643
1508,mMTC,0.26146003238361326
1509,mMTC,0.26275294057544946
1510,mMTC,0.261888037596987
1511,mMTC,0.26177229882253666
1512,mMTC,0.26124192050592443
1513,mMTC,0.2642445860390683
1514,mMTC,0.26208219702905394
1515,mMTC,0.25858154315506715
1516,mMTC,0.2593120550306401
1517,mMTC,0.25849696114706716
1518,mMTC,0.2627374877924998
1519,mMTC,0.2650514958602093
1520,mMTC,0.2633705703335539
1521,mMTC,0.25914847821953363
1522,mMTC,0.2587177308211658
1523,mMTC,0.2602919003405379
1524,mMTC,0.26282764515978874
1525,mMTC,0.2621216949630465
1526,mMTC,0.2632804246874502
1527,mMTC,0.26171746397309825
1528,mMTC,0.26172097387544674
1529,mMTC,0.2738068089930007
1530,mMTC,0.26456645254372535
1531,mMTC,0.2609530644958304
1532,mMTC,0.2587556784599516
1533,mMTC,0.2609938584978116
1534,mMTC,0.2619778092873429
1535,mMTC,0.26447048035083015
1536,mMTC,0.26234357112942697
1537,mMTC,0.26263054350341225
1538,mMTC,0.26134500168561997
1539,mMTC,0.2599599024400743
1540,mMTC,0.2635527314140069
1541,mMTC,0.2604405055377994
1542,mMTC,0.2625676267565403
1543,mMTC,0.2624706122708014
1544,mMTC,0.2611814255569429
1545,mMTC,0.2638515444671411
1546,mMTC,0.26212481099537793
1547,mMTC,0.258678556767002
1548,mMTC,0.2566564811902819
1549,mMTC,0.2601719337000496
1550,mMTC,0.26095414969770503
1551,mMTC,0.2606497022939797
1552,mMTC,0.2615715246614181
1553,mMTC,0.2631130550458262
1554,mMTC,0.2572499263884257
1555,mMTC,0.2610702040692266
1556,mMTC,0.2580422950177385
1557,mMTC,0.2586108463405853
1558,mMTC,0.25799949930588645
1559,mMTC,0.258270598524344
1560,mMTC,0.2641296091654873
1561,mMTC,0.265247379236348
1562,mMTC,0.2628932949536561
1563,mMTC,0.26101335665026515
1564,mMTC,0.2608360624613133
1565,mMTC,0.260530569685692
1566,mMTC,0.26290987702632446
1567,mMTC,0.2638333757737794
1568,mMTC,0.26208016630939335
1569,mMTC,0.2650272131500275
1570,mMTC,0.2594711568781021
1571,mMTC,0.2605038065695441
1572,mMTC,0.2602399472693651
1573,mMTC,0.262290464252737
1574,mMTC,0.2645651538196937
1575,mMTC,0.26256928272285696
1576,mMTC,0.26142967743906353
1577,mMTC,0.2598061936655825
1578,mMTC,0.26022067352587996
1579,mMTC,0.2619460029060212
1580,mMTC,0.26222686096283715
1581,mMTC,0.257949767855134
1582,mMTC,0.26341860687721824
1583,mMTC,0.2639616218009346
1584,mMTC,0.26484574529446314
1585,mMTC,0.2618365576988088
1586,mMTC,0.2624683926469504
1587,mMTC,0.26006219745813663
1588,mMTC,0.2579054352262316
1589,mMTC,0.26049296289226687
1590,mMTC,0.2620622626709067
1591,mMTC,0.25869921139129165
1592,mMTC,0.2612711555098976
1593,mMTC,0.2582627808551295
1594,mMTC,0.2588153186840149
1595,mMTC,0.25935677024383014
1596,mMTC,0.26034415963142415
1597,mMTC,0.2603105525093923
1598,mMTC,0.2605066578004482
1599,mMTC,0.2598699357451929
1600,mMTC,0.26219402608505976
1601,mMTC,0.26238061890920555
1602,mMTC,0.26346497124451984
1603,mMTC,0.259185726944492
1604,mMTC,0.2566457532311199
1605,mMTC,0.25695333111707747
1606,mMTC,0.26062671337389487
1607,mMTC,0.2600449401837594
1608,mMTC,0.2587304467940145
1609,mMTC,0.2598837657439326
1610,mMTC,0.26117965031945806
1611,mMTC,0.2607102618874137
1612,mMTC,0.2621958090503303
1613,mMTC,0.25632688642276386
1614,mMTC,0.25891102754570816
1615,mMTC,0.2630867339366593
1616,mMTC,0.26092055772033335
1617,mMTC,0.26297265203177844
1618,mMTC,0.2624823611803611
1619,mMTC,0.25819997172063264
1620,mMTC,0.2579831574001134
1621,mMTC,0.25758001919009715
1622,mMTC,0.26070655307088136
1623,mMTC,0.25947199613521493
1624,mMTC,0.2593211567499891
1625,mMTC,0.2607416967605711
1626,mMTC,0.2645816000110717
1627,mMTC,0.25833149849023823
1628,mMTC,0.25770703315153287
1629,mMTC,0.2634113971430111
1630,mMTC,0.264064207264448
1631,mMTC,0.2610432987064507
1632,mMTC,0.26102963390394335
1633,mMTC,0.2592022333667284
1634,mMTC,0.2601416012241893
1635,mMTC,0.2598783311187871
1636,mMTC,0.2575003073054366
1637,mMTC,0.2613389097924077
1638,mMTC,0.2635751711638254
1639,mMTC,0.26346339514197675
1640,mMTC,0.26057521873648276
1641,mMTC,0.2635496164340562
1642,mMTC,0.26147557114377284
1643,mMTC,0.2610920674085305
1644,mMTC,0.25912859363617813
1645,mMTC,0.2592267509149609
1646,mMTC,0.2588651699256165
1647,mMTC,0.2595608357213667
1648,mMTC,0.2583806572523628
1649,mMTC,0.25524547006335596
1650,mMTC,0.25962093796995733
1651,mMTC,0.2586385707266897
1652,mMTC,0.25755183917978536
1653,mMTC,0.259137987835658
1654,mMTC,0.2582369390464919
1655,mMTC,0.2626116519283926
1656,mMTC,0.2654970836961468
1657,mMTC,0.2642722458594931
1658,mMTC,0.2619185216873955
1659,mMTC,0.26464153416178454
1660,mMTC,0.2637919808687467
1661,mMTC,0.2608074705082952
1662,mMTC,0.2627714853105582
1663,mMTC,0.2584713368923039
1664,mMTC,0.25920645865743847
1665,mMTC,0.25988202618605105
1666,mMTC,0.2607989352047567
1667,mMTC,0.2641327838952622
1668,mMTC,0.2629958176843028
1669,mMTC,0.261024141302414
1670,mMTC,0.26321408342660196
1671,mMTC,0.26406552806141603
1672,mMTC,0.26438542184988817
1673,mMTC,0.26277152683866595
1674,mMTC,0.2617464215364935
1675,mMTC,0.25785809249581454
1676,mMTC,0.2625518000040405
1677,mMTC,0.2604593121707592
1678,mMTC,0.26219707385573415
1679,mMTC,0.2627604662905176
1680,mMTC,0.26574973109608185
1681,mMTC,0.26472954327700443
1682,mMTC,0.2589681339765156
1683,mMTC,0.2586889598960193
1684,mMTC,0.2584610158544762
1685,mMTC,0.26468874999182457
1686,mMTC,0.2624290873723369
1687,mMTC,0.25952654183779905
1688,mMTC,0.2636591447217804
1689,mMTC,0.26427666526168636
1690,mMTC,0.2619650261237765
1691,mMTC,0.26066330950948163
1692,mMTC,0.26072399765888377
1693,mMTC,0.25831181547835635
1694,mMTC,0.25907736203663273
1695,mMTC,0.2616829738252332
1696,mMTC,0.2622887173166713
1697,mMTC,0.26417661255229874
1698,mMTC,0.26209041769860214
1699,mMTC,0.260759843418015
1700,mMTC,0.26250622425380643
1701,mMTC,0.2589238886250221
1702,mMTC,0.261106565121907
1703,mMTC,0.2598414496020627
1704,mMTC,0.26220108091423444
1705,mMTC,0.26144995534203386
1706,mMTC,0.26458578339849037
1707,mMTC,0.2621938362829696
1708,mMTC,0.26181129942240394
1709,mMTC,0.26177341053785474
1710,mMTC,0.2602396521637005
1711,mMTC,0.2582812457031215
1712,mMTC,0.2593186856402329
1713,mMTC,0.2596892314253218
1714,mMTC,0.2575744123204256
1715,mMTC,0.26264001463587816
1716,mMTC,0.26447814800953456
1717,mMTC,0.26005414502919416
1718,mMTC,0.26281670200632834
1719,mMTC,0.2603506887731389
1720,mMTC,0.2613984052935379
1721,mMTC,0.2622255230075545
1722,mMTC,0.25989228680540144
1723,mMTC,0.2620407633630998
1724,mMTC,0.25980666070336345
1725,mMTC,0.2618158514465955
1726,mMTC,0.25877104286887453
1727,mMTC,0.26147481932474126
1728,mMTC,0.258204936999184
1729,mMTC,0.2567414920430136
1730,mMTC,0.2616497178407251
1731,mMTC,0.25928276872748396
1732,mMTC,0.26077819226996685
1733,mMTC,0.2594140291767274
1734,mMTC,0.25883787053995044
1735,mMTC,0.26517467226764196
1736,mMTC,0.263939431050803
1737,mMTC,0.2586727121935473
1738,mMTC,0.2608658530558527
1739,mMTC,0.26079775100325736
1740,mMTC,0.2629666895387997
1741,mMTC,0.25988109404509324
1742,mMTC,0.25942961571149514
1743,mMTC,0.2618145192575438
1744,mMTC,0.26033472277716174
1745,mMTC,0.264551142504144
1746,mMTC,0.2602956334139666
1747,mMTC,0.25848063181701175
1748,mMTC,0.25904417544008174
1749,mMTC,0.26392965436871973
1750,mMTC,0.2621810273355026
1751,mMTC,0.25709230915526393
1752,mMTC,0.2559254787921982
1753,mMTC,0.26124502216116047
1754,mMTC,0.2620393946921523
1755,mMTC,0.26082307318094217
1756,mMTC,0.25914528252521246
1757,mMTC,0.2578348338249854
1758,mMTC,0.2635614499624142
1759,mMTC,0.25881127279795696
1760,mMTC,0.2608946589639275
1761,mMTC,0.26457238631437424
1762,mMTC,0.2634961473012552
1763,mMTC,0.2606388609771954
1764,mMTC,0.2590882559185802
1765,mMTC,0.2630276772359519
1766,mMTC,0.2610124035887801
1767,mMTC,0.25894638166032913
1768,mMTC,0.259010681140268
1769,mMTC,0.262348694415719
1770,mMTC,0.2629229901636936
1771,mMTC,0.25658135102394747
1772,mMTC,0.2600050661151339
1773,mMTC,0.2578685406979263
1774,mMTC,0.26243960153454393
1775,mMTC,0.2606979616810531
1776,mMTC,0.25959024392447905
1777,mMTC,0.25993889281338983
1778,mMTC,0.2634741382534993
1779,mMTC,0.2641887590399846
1780,mMTC,0.26029484839576356
1781,mMTC,0.2621359790693863
1782,mMTC,0.25820046126604274
1783,mMTC,0.2605411725069694
1784,mMTC,0.2626403585033593
1785,mMTC,0.261826794078548
1786,mMTC,0.2613900173464995
1787,mMTC,0.2585044830466399
1788,mMTC,0.25897717992707575
1789,mMTC,0.25859269853038597
1790,mMTC,0.2615485157442715
1791,mMTC,0.26155773319464787
1792,mMTC,0.25898711362756077
1793,mMTC,0.25927416558015287
1794,mMTC,0.2605935886573137
1795,mMTC,0.25977614761064693
1796,mMTC,0.2628044138867716
1797,mMTC,0.26320008959866725
1798,mMTC,0.2575020206800673
1799,mMTC,0.260910173959446
1800,mMTC,0.261783782302507
1801,mMTC,0.2657478009667253
1802,mMTC,0.26000135512277783
1803,mMTC,0.26188831984909694
1804,mMTC,0.26178400215956044
1805,mMTC,0.2600556688061007
1806,mMTC,0.26205493658021234
1807,mMTC,0.25914986848414834
1808,mMTC,0.2610646304336054
1809,mMTC,0.26131208961329194
1810,mMTC,0.26566650785880974
1811,mMTC,0.26185272650799457
1812,mMTC,0.2626857128608415
1813,mMTC,0.26138725529279183
1814,mMTC,0.2596222290065219
1815,mMTC,0.260998295780534
1816,mMTC,0.25829661222895306
1817,mMTC,0.25971462918789234
1818,mMTC,0.26082092361586096
1819,mMTC,0.25951302082896543
1820,mMTC,0.2616132489918368
1821,mMTC,0.26269233626241895
1822,mMTC,0.25811882844603934
1823,mMTC,0.25906503182854396
1824,mMTC,0.2632677352231628
1825,mMTC,0.2573490777385697
1826,mMTC,0.2592789993643815
1827,mMTC,0.2611791426717983
1828,mMTC,0.2606027426017541
1829,mMTC,0.2602214948490857
1830,mMTC,0.2620278427862757
1831,mMTC,0.26077078192659914
1832,mMTC,0.2596118664783882
1833,mMTC,0.26098495198025035
1834,mMTC,0.2603534459509834
1835,mMTC,0.2647395076424106
1836,mMTC,0.26206029755372523
1837,mMTC,0.2577784339191291
1838,mMTC,0.26238222302527864
1839,mMTC,0.26130636143267244
1840,mMTC,0.2607740601129041
1841,mMTC,0.2606346944589302
1842,mMTC,0.2622845449172873
1843,mMTC,0.2611083282890643
1844,mMTC,0.2621403576970506
1845,mMTC,0.2585695145114752
1846,mMTC,0.2645999088146155
1847,mMTC,0.2649103649989538
1848,mMTC,0.26256874256749085
1849,mMTC,0.2587747855939163
1850,mMTC,0.2620291648661708
1851,mMTC,0.2616726916383943
1852,mMTC,0.2602351461084046
1853,mMTC,0.26322181312899584
1854,mMTC,0.2633566532925135
1855,mMTC,0.2597183663812771
1856,mMTC,0.26041623733785174
1857,mMTC,0.26223591671611113
1858,mMTC,0.26230968753148254
1859,mMTC,0.2590478994545415
1860,mMTC,0.2604370230942102
1861,mMTC,0.26072011121929667
1862,mMTC,0.2611077863662818
1863,mMTC,0.261950682027004
1864,mMTC,0.2626655171030979
1865,mMTC,0.25944552032709256
1866,mMTC,0.2612488874825263
1867,mMTC,0.2653786315387572
1868,mMTC,0.2650338689313588
1869,mMTC,0.26066059005497544
1870,mMTC,0.2566240924217303
1871,mMTC,0.26041225791223555
1872,mMTC,0.2606859117418833
1873,mMTC,0.25729166003131193
1874,mMTC,0.2600788054760599
1875,mMTC,0.2678676111275367
1876,mMTC,0.26108229466706573
1877,mMTC,0.2594640160855135
1878,mMTC,0.2617056749286789
1879,mMTC,0.2593620237891252
1880,mMTC,0.2583594801452108
1881,mMTC,0.2621128187097795
1882,mMTC,0.2634038650641957
1883,mMTC,0.26309338818429884
1884,mMTC,0.2648010666449939
1885,mMTC,0.26140075416612524
1886,mMTC,0.25901885809184344
1887,mMTC,0.2594322106620866
1888,mMTC,0.2567519538175619
1889,mMTC,0.26050855650970917
1890,mMTC,0.2620099491878642
1891,mMTC,0.26243695126774486
1892,mMTC,0.26157681494971896
1893,mMTC,0.2604565849377405
1894,mMTC,0.2619686937853007
1895,mMTC,0.2617346512921929
1896,mMTC,0.2592752733175551
1897,mMTC,0.2626079382242478
1898,mMTC,0.2613904151434901
1899,mMTC,0.26242751886059645
1900,mMTC,0.2606522363373297
1901,mMTC,0.25873804297540287
1902,mMTC,0.2612869750168095
1903,mMTC,0.26425038327392625
1904,mMTC,0.257068612665582
1905,mMTC,0.2603082308790902
1906,mMTC,0.2629422887273125
1907,mMTC,0.26333125916765737
1908,mMTC,0.2588957686681801
1909,mMTC,0.2566611175172169
1910,mMTC,0.25921612499786556
1911,mMTC,0.259534207091621
1912,mMTC,0.2616708186309491
1913,mMTC,0.26328388320959634
1914,mMTC,0.25794948600814827
1915,mMTC,0.25942175955928437
1916,mMTC,0.25890446677175427
1917,mMTC,0.2639286134092438
1918,mMTC,0.26022989090739745
1919,mMTC,0.2635537804744869
1920,mMTC,0.2607106514512772
1921,mMTC,0.2613920189950108
1922,mMTC,0.25968799718506724
1923,mMTC,0.25869411216447413
1924,mMTC,0.2577908948027334
1925,mMTC,0.25985667287665637
1926,mMTC,0.25938272663270856
1927,mMTC,0.25873275062953893
1928,mMTC,0.2641797182133986
1929,mMTC,0.2588062382137421
1930,mMTC,0.25944987591131324
1931,mMTC,0.2605370280979065
1932,mMTC,0.26160821318464783
1933,mMTC,0.2643493847325052
1934,mMTC,0.26278200331943763
1935,mMTC,0.2608613308370455
1936,mMTC,0.2609078484216964
1937,mMTC,0.2613043478685979
1938,mMTC,0.25912811715504425
1939,mMTC,0.26404200126516486
1940,mMTC,0.2634221977936918
1941,mMTC,0.2631332837083115
1942,mMTC,0.26374176372479224
1943,mMTC,0.2609253653115046
1944,mMTC,0.26304087026992945
1945,mMTC,0.2613702789283382
1946,mMTC,0.2586091719934673
1947,mMTC,0.2584090927473797
1948,mMTC,0.25798700300015703
1949,mMTC,0.2638089115537751
1950,mMTC,0.26139017778909457
1951,mMTC,0.26212662918271873
1952,mMTC,0.26296745284030243
1953,mMTC,0.2591407962410104
1954,mMTC,0.26099772060908083
1955,mMTC,0.261975643910853
1956,mMTC,0.25637836264311714
1957,mMTC,0.2614548147747619
1958,mMTC,0.25984509766420893
1959,mMTC,0.26107585181603604
1960,mMTC,0.2594261265892814
1961,mMTC,0.2572268828286359
1962,mMTC,0.2576913766050717
1963,mMTC,0.26265212308753955
1964,mMTC,0.2631151316616998
1965,mMTC,0.25972281276012754
1966,mMTC,0.25678297585968124
1967,mMTC,0.26187140818584753
1968,mMTC,0.2647312840029645
1969,mMTC,0.2631318724527941
1970,mMTC,0.2604239071336598
1971,mMTC,0.26201013885524604
1972,mMTC,0.2621562283243427
1973,mMTC,0.2653774292495725
1974,mMTC,0.26234064565274084
1975,mMTC,0.2613033825510514
1976,mMTC,0.262078631019356
1977,mMTC,0.26187848660466706
1978,mMTC,0.26012131949424844
1979,mMTC,0.262759684124432
1980,mMTC,0.2654810455579405
1981,mMTC,0.2608415061984401
1982,mMTC,0.25998512626288567
1983,mMTC,0.2575300778981842
1984,mMTC,0.25918690371405895
1985,mMTC,0.2591685142912117
1986,mMTC,0.2580126879997506
1987,mMTC,0.2604987517370803
1988,mMTC,0.2583428180180814
1989,mMTC,0.25954999458628486
1990,mMTC,0.25993171489818956
1991,mMTC,0.2632802299263858
1992,mMTC,0.26426216873348607
1993,mMTC,0.26401762962307895
1994,mMTC,0.26179681695045387
1995,mMTC,0.26085776967662083
1996,mMTC,0.2614017835533521
1997,mMTC,0.2605963494573932
1998,mMTC,0.258744401190225
1999,mMTC,0.2576980705698717
