time,slice_name,avg_completion_latency_ms
0,URLLC,0.0
1,URLLC,0.06199169599409897
2,URLLC,0.06369905523500227
3,URLLC,0.06395843337558997
4,URLLC,0.06108852343790943
5,URLLC,0.05931462847572942
6,URLLC,0.05922714783743166
7,URLLC,0.05916619086468294
8,URLLC,0.059323383140763186
9,URLLC,0.059346242043304576
10,URLLC,0.05928127270652088
11,URLLC,0.05944243711936959
12,URLLC,0.0593815246354609
13,URLLC,0.059434355396289114
14,URLLC,0.05913458326036206
15,URLLC,0.059187107974541284
16,URLLC,0.05948016246894035
17,URLLC,0.05960050945461502
18,URLLC,0.05914678454645339
19,URLLC,0.05941930123291749
20,URLLC,0.05920403338637938
21,URLLC,0.059469280450234495
22,URLLC,0.059430888503425094
23,URLLC,0.05936240912591856
24,URLLC,0.059264983715266915
25,URLLC,0.05925383094292299
26,URLLC,0.05934145900340857
27,URLLC,0.059514605042196196
28,URLLC,0.0591604069865972
29,URLLC,0.05905815415653182
30,URLLC,0.05957226940500463
31,URLLC,0.059537939890295016
32,URLLC,0.059405454173633056
33,URLLC,0.05936313030785848
34,URLLC,0.05962658255340511
35,URLLC,0.05939134990526435
36,URLLC,0.059445768904944345
37,URLLC,0.05921977372572444
38,URLLC,0.05917423511397527
39,URLLC,0.0591829248552799
40,URLLC,0.05948402237638056
41,URLLC,0.0596966117587239
42,URLLC,0.05926635470224148
43,URLLC,0.05956059947767852
44,URLLC,0.059347280318997477
45,URLLC,0.059416122489047186
46,URLLC,0.059490382515802694
47,URLLC,0.05952820782492337
48,URLLC,0.05932928643336917
49,URLLC,0.05961031892311293
50,URLLC,0.0594868308447523
51,URLLC,0.059235200022947354
52,URLLC,0.05967378837599645
53,URLLC,0.05939894202516577
54,URLLC,0.05966875041455144
55,URLLC,0.05935038859223
56,URLLC,0.0593894237972003
57,URLLC,0.05964130540571346
58,URLLC,0.05937939562752542
59,URLLC,0.05946638653571173
60,URLLC,0.05921738062805029
61,URLLC,0.05927861568691149
62,URLLC,0.059169055083107706
63,URLLC,0.05942617784055929
64,URLLC,0.0592473415662582
65,URLLC,0.059362437529863823
66,URLLC,0.059381119127812965
67,URLLC,0.05952489388872124
68,URLLC,0.0592824753038986
69,URLLC,0.059508034047298784
70,URLLC,0.059159601654442694
71,URLLC,0.05937958570516707
72,URLLC,0.05945670568082135
73,URLLC,0.0594362955951423
74,URLLC,0.05935030534942417
75,URLLC,0.05905002037132351
76,URLLC,0.059453416889840155
77,URLLC,0.0592406371988631
78,URLLC,0.05910120353959105
79,URLLC,0.05936199078667553
80,URLLC,0.059289512390666294
81,URLLC,0.05934848089633537
82,URLLC,0.05944566552354195
83,URLLC,0.05957961839217391
84,URLLC,0.05911146640162866
85,URLLC,0.05935981846567587
86,URLLC,0.05939768639593243
87,URLLC,0.059323045924511375
88,URLLC,0.05949565848702241
89,URLLC,0.059230549716405484
90,URLLC,0.059371973822281536
91,URLLC,0.0592522613040485
92,URLLC,0.05934170954635826
93,URLLC,0.05941956404338652
94,URLLC,0.05934336181180011
95,URLLC,0.05929110497721645
96,URLLC,0.05940242751544374
97,URLLC,0.05948113467104795
98,URLLC,0.05940833990958058
99,URLLC,0.05913309685638851
100,URLLC,0.059239013337757856
101,URLLC,0.059528825833174676
102,URLLC,0.05926806447834452
103,URLLC,0.05955753850513209
104,URLLC,0.05950412291748941
105,URLLC,0.05931376341856458
106,URLLC,0.05939735799612576
107,URLLC,0.05911653567273469
108,URLLC,0.059447593780358514
109,URLLC,0.05931939329760171
110,URLLC,0.05956059757621579
111,URLLC,0.059350095555278364
112,URLLC,0.05957009544093414
113,URLLC,0.05916471149788732
114,URLLC,0.059569439543247955
115,URLLC,0.05950963250796484
116,URLLC,0.059262906243250646
117,URLLC,0.05954962321539614
118,URLLC,0.059376760558643375
119,URLLC,0.05918672722493676
120,URLLC,0.05955726969084474
121,URLLC,0.05932664361012693
122,URLLC,0.059495701897181424
123,URLLC,0.05919037544518193
124,URLLC,0.059473586436228576
125,URLLC,0.059403151345796844
126,URLLC,0.059599613047755594
127,URLLC,0.05952878540814357
128,URLLC,0.059299216551647584
129,URLLC,0.05932329369308673
130,URLLC,0.05946449394838216
131,URLLC,0.05922021472721765
132,URLLC,0.059185579563835376
133,URLLC,0.059219704389716396
134,URLLC,0.059320338415529576
135,URLLC,0.05950424217316193
136,URLLC,0.05908441569326359
137,URLLC,0.05956006659551069
138,URLLC,0.05938844850126942
139,URLLC,0.05913931181674531
140,URLLC,0.05927895147513894
141,URLLC,0.05928390036886452
142,URLLC,0.05923046351190424
143,URLLC,0.05929771877743481
144,URLLC,0.059342888439107594
145,URLLC,0.059423488929638085
146,URLLC,0.05919604657608969
147,URLLC,0.059317788540949504
148,URLLC,0.05942980875774224
149,URLLC,0.05910034517045877
150,URLLC,0.059212710645578315
151,URLLC,0.0595076075816245
152,URLLC,0.05928855678688525
153,URLLC,0.05923263572234941
154,URLLC,0.059423655705942005
155,URLLC,0.05904137864076295
156,URLLC,0.059631939292353976
157,URLLC,0.0596113603050134
158,URLLC,0.05947950274730995
159,URLLC,0.0594097992147378
160,URLLC,0.059336241596298085
161,URLLC,0.059034888463397654
162,URLLC,0.05905269069269138
163,URLLC,0.0590936910807964
164,URLLC,0.05927677271682355
165,URLLC,0.05917497374516708
166,URLLC,0.05953694523286957
167,URLLC,0.05941198809037308
168,URLLC,0.05967997135671162
169,URLLC,0.05916800062399638
170,URLLC,0.05919717297714148
171,URLLC,0.05923865561188003
172,URLLC,0.05934040428473244
173,URLLC,0.059181686785449834
174,URLLC,0.05939597949691663
175,URLLC,0.059525832370052364
176,URLLC,0.05920385050149833
177,URLLC,0.059729808280982025
178,URLLC,0.059153991545181396
179,URLLC,0.0591364651004277
180,URLLC,0.059200213705788624
181,URLLC,0.05929561654060451
182,URLLC,0.05917821259236684
183,URLLC,0.059641480068511304
184,URLLC,0.05950034510551201
185,URLLC,0.059594892267337225
186,URLLC,0.05938255384734966
187,URLLC,0.05953397600604685
188,URLLC,0.059446674358039665
189,URLLC,0.05964212098131951
190,URLLC,0.059255910906372285
191,URLLC,0.059491661658625065
192,URLLC,0.05936249218275406
193,URLLC,0.05935393249741785
194,URLLC,0.05905518007869163
195,URLLC,0.059391881986546935
196,URLLC,0.05944299258098464
197,URLLC,0.059510029280798765
198,URLLC,0.05938832475669705
199,URLLC,0.059460450832266025
200,URLLC,0.05956219445085018
201,URLLC,0.059623633263631584
202,URLLC,0.05968781317045296
203,URLLC,0.059309022870844746
204,URLLC,0.059539847143018375
205,URLLC,0.05927864458218934
206,URLLC,0.05907886789588961
207,URLLC,0.05940502226883691
208,URLLC,0.05915519875927362
209,URLLC,0.059616475600106
210,URLLC,0.059474850596488334
211,URLLC,0.05959470962902815
212,URLLC,0.05951030259493611
213,URLLC,0.059461558129827945
214,URLLC,0.05931696480287616
215,URLLC,0.05933574120677117
216,URLLC,0.05950192310874851
217,URLLC,0.05950798682934267
218,URLLC,0.05932718265650914
219,URLLC,0.05929315672534347
220,URLLC,0.05931859952933011
221,URLLC,0.05936803585684573
222,URLLC,0.05926420277751103
223,URLLC,0.0592854170819514
224,URLLC,0.059374474783056845
225,URLLC,0.05950056903226187
226,URLLC,0.059098839819486916
227,URLLC,0.059738435492255965
228,URLLC,0.059536459915778384
229,URLLC,0.0591238547257571
230,URLLC,0.059361510563050536
231,URLLC,0.05921551388648677
232,URLLC,0.059239127968143145
233,URLLC,0.05943815478975465
234,URLLC,0.05943441037885354
235,URLLC,0.05954337155717738
236,URLLC,0.05927305832225536
237,URLLC,0.05936275232701922
238,URLLC,0.059307744272999466
239,URLLC,0.05938645304470095
240,URLLC,0.05946096314181106
241,URLLC,0.059227708276457736
242,URLLC,0.05951884386396592
243,URLLC,0.05941717552869944
244,URLLC,0.059143995695482725
245,URLLC,0.05941453977325555
246,URLLC,0.05939578170963936
247,URLLC,0.05925041651041475
248,URLLC,0.05927823830534609
249,URLLC,0.05956664031232017
250,URLLC,0.059317833411319944
251,URLLC,0.05923540893980165
252,URLLC,0.05916754468489875
253,URLLC,0.05929225042451674
254,URLLC,0.05951272733098725
255,URLLC,0.05962706704163123
256,URLLC,0.059582133609878636
257,URLLC,0.05938048136014721
258,URLLC,0.05935363784649769
259,URLLC,0.05932442372921198
260,URLLC,0.05906728674644019
261,URLLC,0.059414038025996777
262,URLLC,0.05945839948246867
263,URLLC,0.0594318157057146
264,URLLC,0.059299503781031174
265,URLLC,0.05917276943350467
266,URLLC,0.05907938026323885
267,URLLC,0.05939085124860839
268,URLLC,0.05935083876926403
269,URLLC,0.05918728937993885
270,URLLC,0.05901126979062901
271,URLLC,0.05949394507558395
272,URLLC,0.05934013414421802
273,URLLC,0.059399696439613674
274,URLLC,0.05927104295389509
275,URLLC,0.05954729815803716
276,URLLC,0.059260917894453514
277,URLLC,0.05961858895395555
278,URLLC,0.05901516492323472
279,URLLC,0.059145017187110197
280,URLLC,0.05907839423153316
281,URLLC,0.059659836195904356
282,URLLC,0.05947634871429879
283,URLLC,0.05952259349535964
284,URLLC,0.05927056399419525
285,URLLC,0.05911483733477595
286,URLLC,0.05923974041265525
287,URLLC,0.0592610488751783
288,URLLC,0.0592312670443694
289,URLLC,0.05944257704571791
290,URLLC,0.05943000305380411
291,URLLC,0.05944984104166242
292,URLLC,0.059292384789143796
293,URLLC,0.059312785956113834
294,URLLC,0.05950391529038489
295,URLLC,0.05951178443357103
296,URLLC,0.05983364553726318
297,URLLC,0.05968736980181514
298,URLLC,0.05921588208734423
299,URLLC,0.05924055205367429
300,URLLC,0.059240819340196975
301,URLLC,0.059384592054799755
302,URLLC,0.05900359453989729
303,URLLC,0.059006081731595814
304,URLLC,0.05904879688229075
305,URLLC,0.05954947582304194
306,URLLC,0.059603490578824546
307,URLLC,0.059082164463823146
308,URLLC,0.05916354430484161
309,URLLC,0.05928073699795708
310,URLLC,0.059026718143458876
311,URLLC,0.05935828736622266
312,URLLC,0.059481119357486824
313,URLLC,0.059345556719117364
314,URLLC,0.059648985281873304
315,URLLC,0.05909263495408811
316,URLLC,0.05913236470847722
317,URLLC,0.059297205323913596
318,URLLC,0.05948306311317682
319,URLLC,0.059467210284558154
320,URLLC,0.059698001763381206
321,URLLC,0.05929207874718421
322,URLLC,0.059243439265396484
323,URLLC,0.05921807931469043
324,URLLC,0.05948970154895924
325,URLLC,0.05942622311419127
326,URLLC,0.05890596055033271
327,URLLC,0.05963586099012728
328,URLLC,0.059274659502769916
329,URLLC,0.059382414450492756
330,URLLC,0.059519128054174114
331,URLLC,0.05912086151711963
332,URLLC,0.05950772479541226
333,URLLC,0.059700648961413874
334,URLLC,0.05920271065229847
335,URLLC,0.05956108461272289
336,URLLC,0.05938070163092497
337,URLLC,0.059347154755499364
338,URLLC,0.05942281909365723
339,URLLC,0.0595106494952049
340,URLLC,0.05953439393961201
341,URLLC,0.05943207458621949
342,URLLC,0.059319258485504144
343,URLLC,0.05957190366442161
344,URLLC,0.05947975967820322
345,URLLC,0.05935947039895065
346,URLLC,0.05948923578914754
347,URLLC,0.05939684282571438
348,URLLC,0.059372983585063294
349,URLLC,0.05936237267214029
350,URLLC,0.05928238814272463
351,URLLC,0.05926348287019757
352,URLLC,0.05925379726371947
353,URLLC,0.05922620247691406
354,URLLC,0.0592627738871372
355,URLLC,0.059328092629925874
356,URLLC,0.059137478640790185
357,URLLC,0.05916028808237356
358,URLLC,0.059224252871780125
359,URLLC,0.059597007630714974
360,URLLC,0.05949151943860872
361,URLLC,0.059301532573450534
362,URLLC,0.05948438094778783
363,URLLC,0.05938633419241117
364,URLLC,0.059329259032088424
365,URLLC,0.05939976349848318
366,URLLC,0.05934839111551197
367,URLLC,0.05945341348170391
368,URLLC,0.05910787511570548
369,URLLC,0.05928546800695061
370,URLLC,0.05933704638126341
371,URLLC,0.05947174515746926
372,URLLC,0.05955431473142315
373,URLLC,0.05960327783876378
374,URLLC,0.05924362759586418
375,URLLC,0.05920116934695087
376,URLLC,0.05910911245963495
377,URLLC,0.05915620816983019
378,URLLC,0.0591418356928438
379,URLLC,0.05935401334849545
380,URLLC,0.05920159539327671
381,URLLC,0.05942062135441014
382,URLLC,0.05932532777951157
383,URLLC,0.05947086468356219
384,URLLC,0.05944997707106959
385,URLLC,0.059324205576494315
386,URLLC,0.05930953162550217
387,URLLC,0.059344608417868226
388,URLLC,0.05940717812174116
389,URLLC,0.05929445357987293
390,URLLC,0.059203005428561786
391,URLLC,0.05930545129070708
392,URLLC,0.05932622368290436
393,URLLC,0.05940040334188512
394,URLLC,0.059416493198536216
395,URLLC,0.059628458850656096
396,URLLC,0.05917798274371945
397,URLLC,0.05939370187361376
398,URLLC,0.05907497467515955
399,URLLC,0.05924877601571172
400,URLLC,0.05929044597008849
401,URLLC,0.059628916157386656
402,URLLC,0.05915698215119922
403,URLLC,0.05928093557617128
404,URLLC,0.05915887349137139
405,URLLC,0.05923024452141174
406,URLLC,0.05911166625225752
407,URLLC,0.05952038298939351
408,URLLC,0.05953073488269365
409,URLLC,0.059472768603519945
410,URLLC,0.05942215974807898
411,URLLC,0.05939094356234078
412,URLLC,0.05915624540429259
413,URLLC,0.059205937881569484
414,URLLC,0.05955389066620321
415,URLLC,0.0592897020950038
416,URLLC,0.059218256712744465
417,URLLC,0.05944568102128108
418,URLLC,0.0595468791105967
419,URLLC,0.059625309347675404
420,URLLC,0.059298432186158226
421,URLLC,0.05967904397055212
422,URLLC,0.05932525365921954
423,URLLC,0.05931017193542938
424,URLLC,0.05925401834134349
425,URLLC,0.05960260863923042
426,URLLC,0.05938111054381132
427,URLLC,0.05931732534416344
428,URLLC,0.059434305322626335
429,URLLC,0.059603150668169326
430,URLLC,0.059485780304932914
431,URLLC,0.059380787619142575
432,URLLC,0.05970247611667339
433,URLLC,0.05941455666193392
434,URLLC,0.059374849746573914
435,URLLC,0.05940705556443798
436,URLLC,0.059131903184330446
437,URLLC,0.05945924645110033
438,URLLC,0.059683367980962874
439,URLLC,0.05952253980028635
440,URLLC,0.05935007042050601
441,URLLC,0.059273867231207304
442,URLLC,0.05943801656965167
443,URLLC,0.05946695407479727
444,URLLC,0.058999970597363706
445,URLLC,0.0596502233122448
446,URLLC,0.059528271018496115
447,URLLC,0.059500888389681914
448,URLLC,0.05944976659535087
449,URLLC,0.058882851665041896
450,URLLC,0.05944622100785043
451,URLLC,0.05902138949414653
452,URLLC,0.05942682849663315
453,URLLC,0.059264959450596615
454,URLLC,0.05939806556323602
455,URLLC,0.05946571741665939
456,URLLC,0.059304429571324806
457,URLLC,0.05954767023551218
458,URLLC,0.05953734707887152
459,URLLC,0.0594671125965267
460,URLLC,0.05935421387687755
461,URLLC,0.059555931123634456
462,URLLC,0.05927247653053748
463,URLLC,0.05942577083214077
464,URLLC,0.059619503122467825
465,URLLC,0.0591611743829052
466,URLLC,0.05900889637851756
467,URLLC,0.0593249218753849
468,URLLC,0.05946474171449643
469,URLLC,0.05948228746914908
470,URLLC,0.05939614212110918
471,URLLC,0.059251748650881814
472,URLLC,0.05943053968797582
473,URLLC,0.059352743068264366
474,URLLC,0.05944418543062763
475,URLLC,0.059517475297894196
476,URLLC,0.059331001869433984
477,URLLC,0.05948014755987502
478,URLLC,0.05946814348267737
479,URLLC,0.05941207304219421
480,URLLC,0.05913822974401308
481,URLLC,0.059339969417160694
482,URLLC,0.059477471122359044
483,URLLC,0.0596536634117322
484,URLLC,0.05929534665087399
485,URLLC,0.0596174225590152
486,URLLC,0.05955982182083992
487,URLLC,0.05941658207437673
488,URLLC,0.0594092558356673
489,URLLC,0.059095340113939764
490,URLLC,0.05924480102746801
491,URLLC,0.05935771783389006
492,URLLC,0.059395662807044676
493,URLLC,0.05946521273788172
494,URLLC,0.05948799626968083
495,URLLC,0.05938224495205054
496,URLLC,0.05932198623894643
497,URLLC,0.05916343670108595
498,URLLC,0.05964931112333622
499,URLLC,0.05897762996130462
500,URLLC,0.059450135836285604
501,URLLC,0.05933953728449234
502,URLLC,0.05941738218888789
503,URLLC,0.059291285429406086
504,URLLC,0.05942603844999191
505,URLLC,0.05930510035190943
506,URLLC,0.0596590462018542
507,URLLC,0.059425355334110024
508,URLLC,0.05938206087093235
509,URLLC,0.05937116197647109
510,URLLC,0.05920699661338309
511,URLLC,0.059235514954773805
512,URLLC,0.05944219481716357
513,URLLC,0.05948280215183298
514,URLLC,0.05958708208506191
515,URLLC,0.05926472080646818
516,URLLC,0.059473760963984657
517,URLLC,0.05912172209692615
518,URLLC,0.059170671248107036
519,URLLC,0.05921692676638263
520,URLLC,0.05911331338812293
521,URLLC,0.05926891064263616
522,URLLC,0.05935914572988326
523,URLLC,0.05972209035682882
524,URLLC,0.059354230591376234
525,URLLC,0.05926668068264856
526,URLLC,0.05937891528838888
527,URLLC,0.05948225093659135
528,URLLC,0.05954237963650911
529,URLLC,0.059305376061964094
530,URLLC,0.05923986210482858
531,URLLC,0.05954278195019895
532,URLLC,0.05928664209082385
533,URLLC,0.059205204364457975
534,URLLC,0.059488111849976294
535,URLLC,0.059411516899329116
536,URLLC,0.05936014246764342
537,URLLC,0.05938640787639895
538,URLLC,0.05918188273528047
539,URLLC,0.059275232169112436
540,URLLC,0.059247450912914945
541,URLLC,0.059538952342844995
542,URLLC,0.05970837069670153
543,URLLC,0.059409422426592126
544,URLLC,0.059212019525834644
545,URLLC,0.05931867324352647
546,URLLC,0.05928207785557317
547,URLLC,0.05922282324169971
548,URLLC,0.05902349763693993
549,URLLC,0.05951854627443299
550,URLLC,0.05939181904862217
551,URLLC,0.059350632080029504
552,URLLC,0.05927013397114844
553,URLLC,0.05920442236545135
554,URLLC,0.059483977950463424
555,URLLC,0.059371705718029986
556,URLLC,0.059356232678265015
557,URLLC,0.059515133522775765
558,URLLC,0.059270238057355075
559,URLLC,0.05950362242751703
560,URLLC,0.059337477034999316
561,URLLC,0.05949381768170933
562,URLLC,0.0595190116479691
563,URLLC,0.05941527752893754
564,URLLC,0.059399354372616675
565,URLLC,0.059418472611105604
566,URLLC,0.059543692801512296
567,URLLC,0.05924492850311098
568,URLLC,0.059043092719104934
569,URLLC,0.059552359578113966
570,URLLC,0.0595246449597387
571,URLLC,0.059389311413847325
572,URLLC,0.05949414368466303
573,URLLC,0.0592124978811271
574,URLLC,0.059424629195380836
575,URLLC,0.05955421728369381
576,URLLC,0.0594542291076068
577,URLLC,0.05944403274731593
578,URLLC,0.05925630857533916
579,URLLC,0.05933874508952918
580,URLLC,0.05943644140287652
581,URLLC,0.05932476893764334
582,URLLC,0.05913987046863676
583,URLLC,0.059320172322859605
584,URLLC,0.05916323215234404
585,URLLC,0.05916832084663222
586,URLLC,0.05951930982585605
587,URLLC,0.05920555651093994
588,URLLC,0.0591122798328242
589,URLLC,0.05910813556535738
590,URLLC,0.05940671541304894
591,URLLC,0.05926094983820732
592,URLLC,0.05941814955002803
593,URLLC,0.059341769239904765
594,URLLC,0.059342837388873595
595,URLLC,0.0592917980289923
596,URLLC,0.059345241641894475
597,URLLC,0.059080844006971125
598,URLLC,0.05970098714021513
599,URLLC,0.05911664589181338
600,URLLC,0.05935156717993882
601,URLLC,0.05965423450333477
602,URLLC,0.059513684177642114
603,URLLC,0.05933272800900365
604,URLLC,0.05943082095869876
605,URLLC,0.05914739142524498
606,URLLC,0.05951420909163107
607,URLLC,0.05937783735439168
608,URLLC,0.05938946387250263
609,URLLC,0.059452063011136314
610,URLLC,0.05997360515648059
611,URLLC,0.0591856298009037
612,URLLC,0.05947699148981056
613,URLLC,0.05939894552060714
614,URLLC,0.05927916284699092
615,URLLC,0.05941242834608741
616,URLLC,0.059108344815526084
617,URLLC,0.059462634735163944
618,URLLC,0.05931254540661824
619,URLLC,0.05941438754655037
620,URLLC,0.05913177190874804
621,URLLC,0.05929186988645211
622,URLLC,0.05915400153855041
623,URLLC,0.05951838701247418
624,URLLC,0.05949377740831695
625,URLLC,0.059277392025733365
626,URLLC,0.05939378118031245
627,URLLC,0.05939582192699943
628,URLLC,0.05940038725306136
629,URLLC,0.05926729266475234
630,URLLC,0.05917340628645154
631,URLLC,0.05886870669683708
632,URLLC,0.05939390894565032
633,URLLC,0.059016363148807975
634,URLLC,0.05949146554918984
635,URLLC,0.05976235064420408
636,URLLC,0.05925250422933354
637,URLLC,0.05927746998276669
638,URLLC,0.05972085765365707
639,URLLC,0.05918662518856169
640,URLLC,0.05933005581456885
641,URLLC,0.058983203044464694
642,URLLC,0.0594320031186451
643,URLLC,0.05932521253179153
644,URLLC,0.0591843473216525
645,URLLC,0.0593948879768496
646,URLLC,0.05923121067242009
647,URLLC,0.059105923751653036
648,URLLC,0.059075292611665144
649,URLLC,0.05923692062580492
650,URLLC,0.05909420904521966
651,URLLC,0.05978326628192612
652,URLLC,0.05919754904537486
653,URLLC,0.059190451186379923
654,URLLC,0.059707786431974004
655,URLLC,0.059209624305482024
656,URLLC,0.05953881598538994
657,URLLC,0.05903414635784827
658,URLLC,0.05936525740507166
659,URLLC,0.05928142191752348
660,URLLC,0.05929188261735096
661,URLLC,0.0590848854194592
662,URLLC,0.05907533699114999
663,URLLC,0.059397029853245624
664,URLLC,0.059608344250452125
665,URLLC,0.05938675452694431
666,URLLC,0.059514767768826554
667,URLLC,0.05935549952170428
668,URLLC,0.05941893066149019
669,URLLC,0.059187657699755244
670,URLLC,0.05932884081468134
671,URLLC,0.05935664655538311
672,URLLC,0.05956817275593294
673,URLLC,0.05918577473427028
674,URLLC,0.05941698477901795
675,URLLC,0.05902864480676932
676,URLLC,0.059578309245226224
677,URLLC,0.05933776750045427
678,URLLC,0.059312905350368365
679,URLLC,0.059475184756749636
680,URLLC,0.059371580464865
681,URLLC,0.059373713319234744
682,URLLC,0.05963556917319232
683,URLLC,0.0596375023592619
684,URLLC,0.05946904047307006
685,URLLC,0.059353263898927755
686,URLLC,0.059299270467865116
687,URLLC,0.05944047663787278
688,URLLC,0.05956229730354126
689,URLLC,0.05933258434392305
690,URLLC,0.05946399089875554
691,URLLC,0.05956146306977663
692,URLLC,0.05920908372517407
693,URLLC,0.0592522740136049
694,URLLC,0.059294879244587505
695,URLLC,0.05930483244663887
696,URLLC,0.05918727202198794
697,URLLC,0.05940855267057331
698,URLLC,0.05923874537306922
699,URLLC,0.05925482490582382
700,URLLC,0.059311965054502896
701,URLLC,0.059623122136448846
702,URLLC,0.05929064058341384
703,URLLC,0.059275617277208564
704,URLLC,0.059324577818359314
705,URLLC,0.059396050203188916
706,URLLC,0.0593395423268374
707,URLLC,0.05960030232004602
708,URLLC,0.05937698029104921
709,URLLC,0.05903696717270774
710,URLLC,0.05942719187607942
711,URLLC,0.05930986475876035
712,URLLC,0.05908192206763628
713,URLLC,0.059401428510517856
714,URLLC,0.059576813917838214
715,URLLC,0.059355731564479014
716,URLLC,0.05960507675768413
717,URLLC,0.059348438983205375
718,URLLC,0.05921208832863604
719,URLLC,0.05952356706142839
720,URLLC,0.05931536828982033
721,URLLC,0.059334629957921985
722,URLLC,0.05965397106686875
723,URLLC,0.05951663761487394
724,URLLC,0.05921520516165196
725,URLLC,0.059360831742889704
726,URLLC,0.05929106401734241
727,URLLC,0.059600422895257854
728,URLLC,0.059368466892332696
729,URLLC,0.05929542335504018
730,URLLC,0.059443507861414405
731,URLLC,0.05915781310652035
732,URLLC,0.05961247308627323
733,URLLC,0.05946634916164608
734,URLLC,0.059454008476187085
735,URLLC,0.05901839071766213
736,URLLC,0.05958221251085298
737,URLLC,0.059276603271588506
738,URLLC,0.059351954455865295
739,URLLC,0.059401245373427766
740,URLLC,0.0591994824044743
741,URLLC,0.05919088209118405
742,URLLC,0.05937401919568588
743,URLLC,0.05966975635382601
744,URLLC,0.059553160404733886
745,URLLC,0.05950313442936715
746,URLLC,0.05917957715069059
747,URLLC,0.059492399857812635
748,URLLC,0.05938669648988786
749,URLLC,0.05964705680516014
750,URLLC,0.059655266426172714
751,URLLC,0.059349895416806034
752,URLLC,0.05913640207264894
753,URLLC,0.05965957878650123
754,URLLC,0.05922573442042185
755,URLLC,0.05907676575882304
756,URLLC,0.05909490296887233
757,URLLC,0.059355293971969876
758,URLLC,0.05954418460542125
759,URLLC,0.05930758406962892
760,URLLC,0.05957513848900327
761,URLLC,0.05927914578535045
762,URLLC,0.05918031249206861
763,URLLC,0.059423407290617264
764,URLLC,0.05941929855422574
765,URLLC,0.059226004591075514
766,URLLC,0.059298237527429194
767,URLLC,0.059407018071248145
768,URLLC,0.059256882462469775
769,URLLC,0.0592158327688832
770,URLLC,0.05940252738343654
771,URLLC,0.05952284620187294
772,URLLC,0.05905400047678011
773,URLLC,0.059132130255932766
774,URLLC,0.059109727488048255
775,URLLC,0.05941486435881749
776,URLLC,0.059271433566500865
777,URLLC,0.05934570408719477
778,URLLC,0.059349509534684416
779,URLLC,0.059674884976876064
780,URLLC,0.05940338827612317
781,URLLC,0.059162270144460676
782,URLLC,0.05920114228289179
783,URLLC,0.05940093036567383
784,URLLC,0.05916990608401352
785,URLLC,0.059307494401490746
786,URLLC,0.05956465274146533
787,URLLC,0.059256723779295986
788,URLLC,0.05916779890439938
789,URLLC,0.059441465547294264
790,URLLC,0.05943914305081357
791,URLLC,0.05967778545304008
792,URLLC,0.05962281183151744
793,URLLC,0.05923519912377537
794,URLLC,0.059366371884188265
795,URLLC,0.0594418220986748
796,URLLC,0.05939597323564411
797,URLLC,0.05922839565958935
798,URLLC,0.05919136424229448
799,URLLC,0.05938886488376644
800,URLLC,0.05915712198761754
801,URLLC,0.05952850716299152
802,URLLC,0.05902443398072489
803,URLLC,0.05952093501462534
804,URLLC,0.05965258266403117
805,URLLC,0.05912824600920448
806,URLLC,0.05931598522644006
807,URLLC,0.05920823297249734
808,URLLC,0.05929614747819061
809,URLLC,0.059471856151959504
810,URLLC,0.059375948838037346
811,URLLC,0.059474315160154036
812,URLLC,0.059242063983513886
813,URLLC,0.05955898496894363
814,URLLC,0.05947662794085376
815,URLLC,0.059330202185348825
816,URLLC,0.05937201936475761
817,URLLC,0.05932765558135253
818,URLLC,0.05974822130515735
819,URLLC,0.05918081959586907
820,URLLC,0.05942545887660077
821,URLLC,0.059663807850753627
822,URLLC,0.059478632590870356
823,URLLC,0.05953018729745452
824,URLLC,0.059096893365865405
825,URLLC,0.05937838520882857
826,URLLC,0.0591672816049748
827,URLLC,0.059148674688858933
828,URLLC,0.059223604490696566
829,URLLC,0.05923648464172611
830,URLLC,0.059317014245642063
831,URLLC,0.059130805326793025
832,URLLC,0.0594440901633679
833,URLLC,0.05920341507822476
834,URLLC,0.05912340203659384
835,URLLC,0.059478575961409486
836,URLLC,0.05949710792714753
837,URLLC,0.05923798395143769
838,URLLC,0.05931873282252719
839,URLLC,0.059434380884747486
840,URLLC,0.05908678415008382
841,URLLC,0.05954363484520948
842,URLLC,0.05927108578744548
843,URLLC,0.05913087316300244
844,URLLC,0.05950397715357814
845,URLLC,0.05965040279983248
846,URLLC,0.059739885368647494
847,URLLC,0.05947256520317408
848,URLLC,0.0596149810161862
849,URLLC,0.05954105068754727
850,URLLC,0.05963059865304065
851,URLLC,0.059040796284762
852,URLLC,0.05977499399922467
853,URLLC,0.059514625035861114
854,URLLC,0.05926938190194645
855,URLLC,0.059255384147675595
856,URLLC,0.05960410386489558
857,URLLC,0.05952952544047605
858,URLLC,0.05943395062380675
859,URLLC,0.059596003338829764
860,URLLC,0.059636631399426696
861,URLLC,0.059423990499537366
862,URLLC,0.05907414187166405
863,URLLC,0.05914855960515651
864,URLLC,0.059530346101815
865,URLLC,0.05948645825631718
866,URLLC,0.05912328377856938
867,URLLC,0.05934636849982245
868,URLLC,0.05913386805222226
869,URLLC,0.05930292241109377
870,URLLC,0.0593723552658228
871,URLLC,0.059191393486312076
872,URLLC,0.059564753721152566
873,URLLC,0.05924436659689533
874,URLLC,0.05907989130268213
875,URLLC,0.05955511998498331
876,URLLC,0.05949137586178899
877,URLLC,0.05937077584297373
878,URLLC,0.05938265112894678
879,URLLC,0.05947064370723064
880,URLLC,0.059151817407871614
881,URLLC,0.05914300997082136
882,URLLC,0.05927522607586451
883,URLLC,0.05921638550534299
884,URLLC,0.05941771081612019
885,URLLC,0.05943643502428742
886,URLLC,0.0591912552689703
887,URLLC,0.0594365469848659
888,URLLC,0.05975898922369559
889,URLLC,0.05941547436445907
890,URLLC,0.05954695151561405
891,URLLC,0.059279194993213664
892,URLLC,0.059173016252711125
893,URLLC,0.05898703814987746
894,URLLC,0.05951737228822616
895,URLLC,0.05923939413116455
896,URLLC,0.059401466496835094
897,URLLC,0.05937506375801033
898,URLLC,0.05929541853335845
899,URLLC,0.05949825850184588
900,URLLC,0.059316927461638365
901,URLLC,0.058971026432005406
902,URLLC,0.059369763522493006
903,URLLC,0.0594951086959748
904,URLLC,0.059281501921051735
905,URLLC,0.05911675969192165
906,URLLC,0.05949998850340862
907,URLLC,0.059582902840133754
908,URLLC,0.05949118292376235
909,URLLC,0.05949390679349298
910,URLLC,0.05925713480171454
911,URLLC,0.059206704967057176
912,URLLC,0.05948987132971322
913,URLLC,0.05941630369602105
914,URLLC,0.05936493508368055
915,URLLC,0.05908667834432824
916,URLLC,0.059187529058469995
917,URLLC,0.05946905203453444
918,URLLC,0.059331631393225566
919,URLLC,0.059229237367912066
920,URLLC,0.05913805883383043
921,URLLC,0.059130065215021316
922,URLLC,0.05950496011905866
923,URLLC,0.05942844801852855
924,URLLC,0.058948281549031
925,URLLC,0.05936826037193763
926,URLLC,0.05945564866118797
927,URLLC,0.05949702879247142
928,URLLC,0.059376446683797594
929,URLLC,0.059146604927445175
930,URLLC,0.05939102927794253
931,URLLC,0.05930308655072401
932,URLLC,0.05911336699051536
933,URLLC,0.059615830217052024
934,URLLC,0.05938886943823086
935,URLLC,0.059247256018766244
936,URLLC,0.05927671472609933
937,URLLC,0.05927002434634641
938,URLLC,0.05918637291835109
939,URLLC,0.059361047599281944
940,URLLC,0.0594283204289129
941,URLLC,0.0593656304227684
942,URLLC,0.059383851710958536
943,URLLC,0.05962508729602134
944,URLLC,0.05964638128697963
945,URLLC,0.05919754640934096
946,URLLC,0.059432222890600156
947,URLLC,0.0593326063109485
948,URLLC,0.059220247030607444
949,URLLC,0.059369888642880626
950,URLLC,0.059303132126480584
951,URLLC,0.059406647823254985
952,URLLC,0.05966840334174892
953,URLLC,0.05900718160339844
954,URLLC,0.05945486223976118
955,URLLC,0.05918622177825992
956,URLLC,0.05924053402809945
957,URLLC,0.05924460567613415
958,URLLC,0.05923041246007257
959,URLLC,0.05916707414123751
960,URLLC,0.05929772673752049
961,URLLC,0.05934646859333341
962,URLLC,0.05942561062573122
963,URLLC,0.0596107475511434
964,URLLC,0.05929663647393873
965,URLLC,0.059430459923422115
966,URLLC,0.05937498456705833
967,URLLC,0.05929475489667825
968,URLLC,0.059519306925111655
969,URLLC,0.05874388904632687
970,URLLC,0.05945370217914455
971,URLLC,0.059516898115510634
972,URLLC,0.05924236379445178
973,URLLC,0.05931124325599785
974,URLLC,0.059152360452234015
975,URLLC,0.059380081992974766
976,URLLC,0.05906359784338149
977,URLLC,0.059488132752460475
978,URLLC,0.05943523613881654
979,URLLC,0.05930782266148069
980,URLLC,0.059425325489125574
981,URLLC,0.05942282327927886
982,URLLC,0.05923815443639818
983,URLLC,0.05925000830744524
984,URLLC,0.05903822275281381
985,URLLC,0.059599140446923986
986,URLLC,0.059464654303743425
987,URLLC,0.059413265389195266
988,URLLC,0.059124038926077316
989,URLLC,0.059505279205872605
990,URLLC,0.05925998840173984
991,URLLC,0.05934413676776203
992,URLLC,0.05927610460835526
993,URLLC,0.05934953562147669
994,URLLC,0.0596840050364233
995,URLLC,0.05962866077809021
996,URLLC,0.059490803131192475
997,URLLC,0.05939435530645142
998,URLLC,0.05913395540084938
999,URLLC,0.05942076262174801
1000,URLLC,0.059426580982008564
1001,URLLC,0.05950602843720647
1002,URLLC,0.0592818607960431
1003,URLLC,0.05915966288481475
1004,URLLC,0.05929124200456516
1005,URLLC,0.05910592722233287
1006,URLLC,0.05949209057193935
1007,URLLC,0.05934819502594195
1008,URLLC,0.05969026857421799
1009,URLLC,0.05931477525236895
1010,URLLC,0.05947617066938389
1011,URLLC,0.059202999546499734
1012,URLLC,0.059305439465280614
1013,URLLC,0.059304509169357186
1014,URLLC,0.05914860602915209
1015,URLLC,0.05946623285139023
1016,URLLC,0.05921630543636841
1017,URLLC,0.059311654973200775
1018,URLLC,0.05927573794883011
1019,URLLC,0.059292558349947365
1020,URLLC,0.05912270375301954
1021,URLLC,0.05914654789254388
1022,URLLC,0.05947679192967582
1023,URLLC,0.059406692652457536
1024,URLLC,0.05932560267603254
1025,URLLC,0.059539717167398
1026,URLLC,0.059610300473243734
1027,URLLC,0.059287296321926385
1028,URLLC,0.05970467660686057
1029,URLLC,0.05921015211318879
1030,URLLC,0.05929215025534511
1031,URLLC,0.059248224006737835
1032,URLLC,0.059029958987881034
1033,URLLC,0.05958931167383561
1034,URLLC,0.05969472474752452
1035,URLLC,0.05956086305063393
1036,URLLC,0.05937895058352206
1037,URLLC,0.059376932817215254
1038,URLLC,0.05933574896469165
1039,URLLC,0.059181995023569856
1040,URLLC,0.05941050375664797
1041,URLLC,0.059143377568806825
1042,URLLC,0.05922640571847936
1043,URLLC,0.059287671979886
1044,URLLC,0.05938163484902651
1045,URLLC,0.059726207501498964
1046,URLLC,0.0596633080293625
1047,URLLC,0.05935977594482929
1048,URLLC,0.05948866044272494
1049,URLLC,0.059360125101759406
1050,URLLC,0.058974799912981574
1051,URLLC,0.05926518341279402
1052,URLLC,0.05918091365481778
1053,URLLC,0.05935674834264692
1054,URLLC,0.05936123719028986
1055,URLLC,0.05913362814731395
1056,URLLC,0.05915008711027936
1057,URLLC,0.05921805060387693
1058,URLLC,0.05928211211783262
1059,URLLC,0.05928378190893104
1060,URLLC,0.0594648800680338
1061,URLLC,0.05915234554271646
1062,URLLC,0.05959938108678071
1063,URLLC,0.0594862672530042
1064,URLLC,0.059298277583632944
1065,URLLC,0.05933566723254706
1066,URLLC,0.059426740118330566
1067,URLLC,0.05947339557948204
1068,URLLC,0.05945489450106496
1069,URLLC,0.059377586085085955
1070,URLLC,0.059315277782298226
1071,URLLC,0.05917666834801556
1072,URLLC,0.0594872526898191
1073,URLLC,0.059276337397957804
1074,URLLC,0.05937892201681583
1075,URLLC,0.059342507505791675
1076,URLLC,0.05908656683385948
1077,URLLC,0.059520797206140584
1078,URLLC,0.059495162704348035
1079,URLLC,0.05924117284794122
1080,URLLC,0.05938631982476064
1081,URLLC,0.05905044435277728
1082,URLLC,0.05940342341742153
1083,URLLC,0.059358097027370695
1084,URLLC,0.05956114113792854
1085,URLLC,0.0592317255778639
1086,URLLC,0.05924146151042412
1087,URLLC,0.059223389162420204
1088,URLLC,0.059271792726496915
1089,URLLC,0.05908380551794133
1090,URLLC,0.05936382706615387
1091,URLLC,0.05928902588552395
1092,URLLC,0.05914838140207626
1093,URLLC,0.05930447818750938
1094,URLLC,0.059547674472192
1095,URLLC,0.059593429459255415
1096,URLLC,0.059249302919156935
1097,URLLC,0.059447366188980756
1098,URLLC,0.05925920203833455
1099,URLLC,0.05920705798780577
1100,URLLC,0.05938679138615415
1101,URLLC,0.059614298775520165
1102,URLLC,0.05946230775955953
1103,URLLC,0.059662316741883756
1104,URLLC,0.05922095262390648
1105,URLLC,0.05906824929805693
1106,URLLC,0.05936476001170038
1107,URLLC,0.05920757705276421
1108,URLLC,0.05926866035742074
1109,URLLC,0.05927322648821939
1110,URLLC,0.059542502896089
1111,URLLC,0.059570581938266
1112,URLLC,0.059241293174726296
1113,URLLC,0.0592204904635367
1114,URLLC,0.059250832588947915
1115,URLLC,0.0590185143517985
1116,URLLC,0.05940630407151728
1117,URLLC,0.059293889866642094
1118,URLLC,0.059410581601120636
1119,URLLC,0.059395111897434204
1120,URLLC,0.05963406933567505
1121,URLLC,0.059417421058795654
1122,URLLC,0.059608619119093084
1123,URLLC,0.05948370618854204
1124,URLLC,0.05941250215835567
1125,URLLC,0.05958376244279009
1126,URLLC,0.059138755023120076
1127,URLLC,0.05929385084939502
1128,URLLC,0.05944235206888979
1129,URLLC,0.05925452663366852
1130,URLLC,0.05914575811862123
1131,URLLC,0.05923299830621607
1132,URLLC,0.0594431381799799
1133,URLLC,0.05920151656388089
1134,URLLC,0.05932539881666983
1135,URLLC,0.059515419380130496
1136,URLLC,0.05933796622298693
1137,URLLC,0.059711153944930026
1138,URLLC,0.059226615792202154
1139,URLLC,0.05930136213669303
1140,URLLC,0.05943556459161213
1141,URLLC,0.05932754566263127
1142,URLLC,0.059677287042990086
1143,URLLC,0.05968101003202548
1144,URLLC,0.05943162359758075
1145,URLLC,0.05960528191195763
1146,URLLC,0.05930170655654937
1147,URLLC,0.05938837795609366
1148,URLLC,0.0591085847434324
1149,URLLC,0.05950492823374399
1150,URLLC,0.05941116308941652
1151,URLLC,0.05893925579202856
1152,URLLC,0.059405303007709534
1153,URLLC,0.059125409754796306
1154,URLLC,0.05914817826719081
1155,URLLC,0.05925355268206066
1156,URLLC,0.05934817251199223
1157,URLLC,0.05912799607548176
1158,URLLC,0.05935031382886166
1159,URLLC,0.05921483178195416
1160,URLLC,0.05943019443997665
1161,URLLC,0.059510703568367816
1162,URLLC,0.05921733576654478
1163,URLLC,0.05964520381714846
1164,URLLC,0.05917597496116573
1165,URLLC,0.05982928015403221
1166,URLLC,0.059165706994235415
1167,URLLC,0.05966425437087093
1168,URLLC,0.05931582301677872
1169,URLLC,0.059156461631031027
1170,URLLC,0.05961975401032917
1171,URLLC,0.059173781283207945
1172,URLLC,0.05911996835657997
1173,URLLC,0.05924039137973799
1174,URLLC,0.05929627095895479
1175,URLLC,0.05922253925201023
1176,URLLC,0.05946416657904743
1177,URLLC,0.05900447903887068
1178,URLLC,0.05940644224084996
1179,URLLC,0.059316401016314024
1180,URLLC,0.059156342903715325
1181,URLLC,0.059277570529040105
1182,URLLC,0.059074840320180066
1183,URLLC,0.0593470445753901
1184,URLLC,0.059257678550860116
1185,URLLC,0.059309621237377014
1186,URLLC,0.05906724374362042
1187,URLLC,0.059107099032548474
1188,URLLC,0.05924997963465158
1189,URLLC,0.059432740622674764
1190,URLLC,0.059227745845532295
1191,URLLC,0.05956801676065669
1192,URLLC,0.059376829110500066
1193,URLLC,0.0592592384508771
1194,URLLC,0.05939294584429943
1195,URLLC,0.059174187164536006
1196,URLLC,0.059361145255760715
1197,URLLC,0.05953544927558864
1198,URLLC,0.05917582450274325
1199,URLLC,0.05932645417224811
1200,URLLC,0.05939131310994338
1201,URLLC,0.05945244315286719
1202,URLLC,0.05953731324159216
1203,URLLC,0.05915204663027942
1204,URLLC,0.059526977588303595
1205,URLLC,0.059838412011708794
1206,URLLC,0.05914794582221852
1207,URLLC,0.05930086865408289
1208,URLLC,0.059288455472794696
1209,URLLC,0.0594326679098571
1210,URLLC,0.059533927407321136
1211,URLLC,0.059690145745975504
1212,URLLC,0.059562613985728124
1213,URLLC,0.05949783664183311
1214,URLLC,0.05951750260018198
1215,URLLC,0.05967237582058527
1216,URLLC,0.05897334328819963
1217,URLLC,0.05934723625679108
1218,URLLC,0.05975438070956317
1219,URLLC,0.05931951526814729
1220,URLLC,0.059359595322039195
1221,URLLC,0.059022578489802385
1222,URLLC,0.059311505614460774
1223,URLLC,0.059301516130407565
1224,URLLC,0.05941588479411656
1225,URLLC,0.05953095622041168
1226,URLLC,0.059408616552778466
1227,URLLC,0.0595083466781725
1228,URLLC,0.05940382494522021
1229,URLLC,0.05929827775249457
1230,URLLC,0.05942657115947478
1231,URLLC,0.05924659289578165
1232,URLLC,0.05928897884939455
1233,URLLC,0.05938418012129298
1234,URLLC,0.059502932947252486
1235,URLLC,0.05902950992140712
1236,URLLC,0.05951624672850576
1237,URLLC,0.059264812371740264
1238,URLLC,0.059350241299405616
1239,URLLC,0.05926889949044207
1240,URLLC,0.0594326376389535
1241,URLLC,0.05962213564915812
1242,URLLC,0.0592804226809093
1243,URLLC,0.05939276276768336
1244,URLLC,0.05930069847103472
1245,URLLC,0.05957696032000424
1246,URLLC,0.0592669258469001
1247,URLLC,0.0594247887275268
1248,URLLC,0.05946450768753052
1249,URLLC,0.05919474851282147
1250,URLLC,0.05912838640162828
1251,URLLC,0.0594359749563736
1252,URLLC,0.05930263343836636
1253,URLLC,0.05950273757742284
1254,URLLC,0.05935370251299704
1255,URLLC,0.05935327900390335
1256,URLLC,0.05939454331708364
1257,URLLC,0.0594141304810627
1258,URLLC,0.05919511083616776
1259,URLLC,0.059262979009564724
1260,URLLC,0.05902576089513972
1261,URLLC,0.05909524544763446
1262,URLLC,0.05916853047643509
1263,URLLC,0.05921731531558415
1264,URLLC,0.059520032611108734
1265,URLLC,0.059196181336408464
1266,URLLC,0.05932731588264053
1267,URLLC,0.05956731356043639
1268,URLLC,0.059195009984723386
1269,URLLC,0.05929535582702556
1270,URLLC,0.05929421797084013
1271,URLLC,0.05933758580984412
1272,URLLC,0.059579892855828376
1273,URLLC,0.05953576828871841
1274,URLLC,0.05966765896102338
1275,URLLC,0.05956350543806332
1276,URLLC,0.05933528403619186
1277,URLLC,0.0595207105028981
1278,URLLC,0.059030809463397296
1279,URLLC,0.0595200264841049
1280,URLLC,0.05958625087059094
1281,URLLC,0.05975223384730889
1282,URLLC,0.05919553598296831
1283,URLLC,0.05960565590084488
1284,URLLC,0.05938804134060847
1285,URLLC,0.05926859022636567
1286,URLLC,0.059433986913287516
1287,URLLC,0.05932843680729367
1288,URLLC,0.05940342807849334
1289,URLLC,0.05887358738521489
1290,URLLC,0.0590896975112944
1291,URLLC,0.0595354705671276
1292,URLLC,0.059367873039323435
1293,URLLC,0.059476248626550335
1294,URLLC,0.05946323652109174
1295,URLLC,0.05931486927742207
1296,URLLC,0.05932033437823121
1297,URLLC,0.05921318162500857
1298,URLLC,0.05928365348883269
1299,URLLC,0.05925116952574759
1300,URLLC,0.05944302488153404
1301,URLLC,0.05935967038338493
1302,URLLC,0.059252261229254394
1303,URLLC,0.05960680548806125
1304,URLLC,0.05932398826408863
1305,URLLC,0.05912512223019181
1306,URLLC,0.059229151454237274
1307,URLLC,0.05937207065892001
1308,URLLC,0.05956919902121229
1309,URLLC,0.059374798411875825
1310,URLLC,0.059101130798087126
1311,URLLC,0.05930855165595618
1312,URLLC,0.059112863142666484
1313,URLLC,0.059654136625949684
1314,URLLC,0.059058284750658996
1315,URLLC,0.05941791044712156
1316,URLLC,0.05918181221453567
1317,URLLC,0.05912497209207386
1318,URLLC,0.059406609436870345
1319,URLLC,0.05919788773501591
1320,URLLC,0.0595608837262406
1321,URLLC,0.059477437398323264
1322,URLLC,0.05947490804536917
1323,URLLC,0.05917208062461684
1324,URLLC,0.05943530969138045
1325,URLLC,0.05919785132882824
1326,URLLC,0.05934191505120949
1327,URLLC,0.05952073799868531
1328,URLLC,0.05938164741109878
1329,URLLC,0.05932428806256675
1330,URLLC,0.059148384780331985
1331,URLLC,0.05933635693863425
1332,URLLC,0.05938230821130189
1333,URLLC,0.05928741486207927
1334,URLLC,0.05943911965680457
1335,URLLC,0.05955468214694497
1336,URLLC,0.05936234609656416
1337,URLLC,0.05933373880367747
1338,URLLC,0.05975701912971385
1339,URLLC,0.0591699778767743
1340,URLLC,0.059084505326864975
1341,URLLC,0.05926472484342254
1342,URLLC,0.05942493034996285
1343,URLLC,0.05942040341064413
1344,URLLC,0.05921940387314761
1345,URLLC,0.05956015991983664
1346,URLLC,0.05926751459978464
1347,URLLC,0.059519443853403776
1348,URLLC,0.05922630578062012
1349,URLLC,0.05928191433047021
1350,URLLC,0.059185467127930984
1351,URLLC,0.05929386263249464
1352,URLLC,0.05951650194091976
1353,URLLC,0.05909814299820413
1354,URLLC,0.05953530986822159
1355,URLLC,0.05952862095230996
1356,URLLC,0.05956830896436766
1357,URLLC,0.05921542048063084
1358,URLLC,0.0595211672074571
1359,URLLC,0.05951441272532369
1360,URLLC,0.05917498246356927
1361,URLLC,0.059298314632254094
1362,URLLC,0.0593119894999583
1363,URLLC,0.05958037951500202
1364,URLLC,0.05961521518915351
1365,URLLC,0.0590784957167963
1366,URLLC,0.059559346267154555
1367,URLLC,0.059434936961500456
1368,URLLC,0.05940279934144194
1369,URLLC,0.05940442387676058
1370,URLLC,0.05951921522776183
1371,URLLC,0.059542638229874094
1372,URLLC,0.05913222544338488
1373,URLLC,0.05935612142240112
1374,URLLC,0.0593201852233039
1375,URLLC,0.05942393058261775
1376,URLLC,0.059400749296029794
1377,URLLC,0.05932399308661244
1378,URLLC,0.05923436668511615
1379,URLLC,0.05946557200224209
1380,URLLC,0.05928359287440981
1381,URLLC,0.059340341402182493
1382,URLLC,0.05937571019763701
1383,URLLC,0.059659971884105184
1384,URLLC,0.0591768744474331
1385,URLLC,0.05949278610762163
1386,URLLC,0.05953832574646805
1387,URLLC,0.059174658957239674
1388,URLLC,0.059231380606591055
1389,URLLC,0.05913947479105708
1390,URLLC,0.05911356289543665
1391,URLLC,0.05944793389686132
1392,URLLC,0.059025608051066235
1393,URLLC,0.0592290883208769
1394,URLLC,0.059315634837389095
1395,URLLC,0.05928964567419429
1396,URLLC,0.05927413510271702
1397,URLLC,0.059283149748604005
1398,URLLC,0.05940425468835683
1399,URLLC,0.05928476292487827
1400,URLLC,0.05951759169599621
1401,URLLC,0.05938376016223779
1402,URLLC,0.059234439528722684
1403,URLLC,0.05930933042001287
1404,URLLC,0.059377109041801907
1405,URLLC,0.059619565332608614
1406,URLLC,0.05920641180159085
1407,URLLC,0.059599470767195455
1408,URLLC,0.05919016069244022
1409,URLLC,0.0595837306312492
1410,URLLC,0.0593449350026403
1411,URLLC,0.05937455963691956
1412,URLLC,0.0592858280957605
1413,URLLC,0.059005217613330004
1414,URLLC,0.05946750848283395
1415,URLLC,0.05924288929128019
1416,URLLC,0.059329656344819515
1417,URLLC,0.05942812385502636
1418,URLLC,0.058908934769928235
1419,URLLC,0.059380482735561804
1420,URLLC,0.05933843887855052
1421,URLLC,0.05960668154796697
1422,URLLC,0.05933980431855751
1423,URLLC,0.05933507968352077
1424,URLLC,0.05955175692702776
1425,URLLC,0.059266061950941654
1426,URLLC,0.0595655731062861
1427,URLLC,0.05919949775526155
1428,URLLC,0.05909118455523575
1429,URLLC,0.05938707176176861
1430,URLLC,0.0595486306733633
1431,URLLC,0.059380301023047845
1432,URLLC,0.05944661587639843
1433,URLLC,0.059600002187964574
1434,URLLC,0.059371373786103354
1435,URLLC,0.05959447004618326
1436,URLLC,0.05929581040001278
1437,URLLC,0.05944839185117747
1438,URLLC,0.059114670854275034
1439,URLLC,0.05934653511421757
1440,URLLC,0.05957243973951845
1441,URLLC,0.05956553378584882
1442,URLLC,0.05909823996133161
1443,URLLC,0.05932049720832684
1444,URLLC,0.05948376310418543
1445,URLLC,0.0591185670489091
1446,URLLC,0.059762556525844376
1447,URLLC,0.059350151116971846
1448,URLLC,0.059483736147150655
1449,URLLC,0.05917211891305285
1450,URLLC,0.05950028227237235
1451,URLLC,0.059372854454744856
1452,URLLC,0.05929380277199341
1453,URLLC,0.05949828250115375
1454,URLLC,0.059445559422983026
1455,URLLC,0.059318450028076876
1456,URLLC,0.05928068256101773
1457,URLLC,0.05939706899898274
1458,URLLC,0.059408691173312565
1459,URLLC,0.05939958420359273
1460,URLLC,0.059095233645470056
1461,URLLC,0.05938057667549231
1462,URLLC,0.058972827418831524
1463,URLLC,0.05965464569239579
1464,URLLC,0.05951912955637843
1465,URLLC,0.05952539700234762
1466,URLLC,0.05884300783217823
1467,URLLC,0.0593805648772553
1468,URLLC,0.05957723304897153
1469,URLLC,0.05944530968431297
1470,URLLC,0.05924270854950009
1471,URLLC,0.05942727690980378
1472,URLLC,0.059446674428637145
1473,URLLC,0.05934237576635008
1474,URLLC,0.059437942524408045
1475,URLLC,0.0592591337019834
1476,URLLC,0.05925518883071261
1477,URLLC,0.05935862380965642
1478,URLLC,0.058846920378750826
1479,URLLC,0.05931449428204453
1480,URLLC,0.05961590143272081
1481,URLLC,0.05935599966520279
1482,URLLC,0.05946540217332226
1483,URLLC,0.059398589070020436
1484,URLLC,0.05909724118025862
1485,URLLC,0.0594684085725244
1486,URLLC,0.059093808218418586
1487,URLLC,0.05914032149167155
1488,URLLC,0.059275122790853195
1489,URLLC,0.059462161173691956
1490,URLLC,0.05941882290791815
1491,URLLC,0.059243489833364416
1492,URLLC,0.059290293643103946
1493,URLLC,0.059495554559478143
1494,URLLC,0.05971233778445571
1495,URLLC,0.05936016038846898
1496,URLLC,0.05888954886114945
1497,URLLC,0.059601412616523235
1498,URLLC,0.05941297463090269
1499,URLLC,0.05937060405560008
1500,URLLC,0.05915319244695947
1501,URLLC,0.05912559250162187
1502,URLLC,0.059451494866369206
1503,URLLC,0.05927284197153775
1504,URLLC,0.05950583399214628
1505,URLLC,0.05913713558821377
1506,URLLC,0.05949225290933454
1507,URLLC,0.05949764008167908
1508,URLLC,0.05914982556734951
1509,URLLC,0.05911098980237221
1510,URLLC,0.059165617798281174
1511,URLLC,0.0596464103361727
1512,URLLC,0.05939669886800636
1513,URLLC,0.05964192265966555
1514,URLLC,0.059632634239855424
1515,URLLC,0.059557868292186886
1516,URLLC,0.05931952318010996
1517,URLLC,0.059041770731125064
1518,URLLC,0.05918649902078563
1519,URLLC,0.059300650751829755
1520,URLLC,0.059470312402864475
1521,URLLC,0.05913663359586725
1522,URLLC,0.0595728818231588
1523,URLLC,0.05936769300705711
1524,URLLC,0.05936469591133179
1525,URLLC,0.059250699980184056
1526,URLLC,0.05931402475441775
1527,URLLC,0.05947970595907206
1528,URLLC,0.0593982079582808
1529,URLLC,0.059247886379164214
1530,URLLC,0.059358755865709066
1531,URLLC,0.05933601567151624
1532,URLLC,0.05911512394649027
1533,URLLC,0.059353858601309456
1534,URLLC,0.05946215180245728
1535,URLLC,0.05931757862508166
1536,URLLC,0.05914253118917363
1537,URLLC,0.0593082840989586
1538,URLLC,0.05945326988566218
1539,URLLC,0.05937256514101919
1540,URLLC,0.05949828053417985
1541,URLLC,0.059444618655214526
1542,URLLC,0.059097924149144845
1543,URLLC,0.0593788773804963
1544,URLLC,0.05953355224330312
1545,URLLC,0.05885010292307321
1546,URLLC,0.05918897647520574
1547,URLLC,0.05956774826627403
1548,URLLC,0.059308117989397155
1549,URLLC,0.05910691878111177
1550,URLLC,0.05938260448211121
1551,URLLC,0.059406411090578856
1552,URLLC,0.05931747266775537
1553,URLLC,0.05939105239109039
1554,URLLC,0.059372687852991844
1555,URLLC,0.059684251478267086
1556,URLLC,0.059332821727322314
1557,URLLC,0.05934549831176992
1558,URLLC,0.059535863497849825
1559,URLLC,0.05961678193522295
1560,URLLC,0.05906594411753777
1561,URLLC,0.05927788147214723
1562,URLLC,0.05926309635341961
1563,URLLC,0.05916758784882293
1564,URLLC,0.05916417900756479
1565,URLLC,0.05971326295692025
1566,URLLC,0.05916788318515682
1567,URLLC,0.058918878928631235
1568,URLLC,0.059082938176672005
1569,URLLC,0.05936073861626962
1570,URLLC,0.059164255912546454
1571,URLLC,0.05953682025421365
1572,URLLC,0.05916049897165679
1573,URLLC,0.05946103368395316
1574,URLLC,0.05942301086718862
1575,URLLC,0.05942308035629598
1576,URLLC,0.05935013026465166
1577,URLLC,0.05930765351326226
1578,URLLC,0.05912499183501528
1579,URLLC,0.05950077883305699
1580,URLLC,0.05979291738663096
1581,URLLC,0.05948660992500159
1582,URLLC,0.05944015802592877
1583,URLLC,0.05939603522234125
1584,URLLC,0.05950000979706655
1585,URLLC,0.05950115933652922
1586,URLLC,0.05938299559246475
1587,URLLC,0.05945867916622776
1588,URLLC,0.05956872596658134
1589,URLLC,0.059015167646855125
1590,URLLC,0.05933667271431621
1591,URLLC,0.05947995894247822
1592,URLLC,0.05894376040343777
1593,URLLC,0.05945399823130018
1594,URLLC,0.059526971005355526
1595,URLLC,0.05908949329247725
1596,URLLC,0.05948709451795221
1597,URLLC,0.05898173552004217
1598,URLLC,0.05937973790937127
1599,URLLC,0.059258581302485736
1600,URLLC,0.05925096132710974
1601,URLLC,0.05941711838133863
1602,URLLC,0.059367401027309495
1603,URLLC,0.05927978524953444
1604,URLLC,0.05911520952336211
1605,URLLC,0.059193599018944436
1606,URLLC,0.05922022431861489
1607,URLLC,0.05957982668754016
1608,URLLC,0.05919889175422509
1609,URLLC,0.059256497846528984
1610,URLLC,0.059436436786283034
1611,URLLC,0.059455770788283575
1612,URLLC,0.05937502212236791
1613,URLLC,0.0595438328639528
1614,URLLC,0.05948743888779677
1615,URLLC,0.059356578335062596
1616,URLLC,0.05939360615658901
1617,URLLC,0.05947178321765356
1618,URLLC,0.05940262508856887
1619,URLLC,0.05915558801942057
1620,URLLC,0.05926279377881068
1621,URLLC,0.059341846977611364
1622,URLLC,0.0592837913674599
1623,URLLC,0.059181925765295434
1624,URLLC,0.05923076236309534
1625,URLLC,0.05949171546456986
1626,URLLC,0.05924286997645717
1627,URLLC,0.05932920509624417
1628,URLLC,0.05898779931763196
1629,URLLC,0.059680179762883624
1630,URLLC,0.05929160605480092
1631,URLLC,0.05909795151083174
1632,URLLC,0.05927310707188221
1633,URLLC,0.0591416843032349
1634,URLLC,0.059321584497109225
1635,URLLC,0.059179248587169865
1636,URLLC,0.05939988077762562
1637,URLLC,0.0596167821970989
1638,URLLC,0.059616455299555435
1639,URLLC,0.05930921050221883
1640,URLLC,0.05902397980710106
1641,URLLC,0.05948192349793583
1642,URLLC,0.05930607373855315
1643,URLLC,0.05890487339622865
1644,URLLC,0.05924194054910307
1645,URLLC,0.05969342455134924
1646,URLLC,0.05931591362297298
1647,URLLC,0.05928583977703614
1648,URLLC,0.0592132268105052
1649,URLLC,0.059412717924907384
1650,URLLC,0.05915127075075877
1651,URLLC,0.059343311761479965
1652,URLLC,0.05944082648633711
1653,URLLC,0.05940963812692566
1654,URLLC,0.059386845808613586
1655,URLLC,0.05924210341248984
1656,URLLC,0.059296447969230046
1657,URLLC,0.0591489059024839
1658,URLLC,0.05945487079427427
1659,URLLC,0.05935754134708208
1660,URLLC,0.059301415792212334
1661,URLLC,0.059475611846841185
1662,URLLC,0.0594532305001528
1663,URLLC,0.05943382383730528
1664,URLLC,0.05974977922721017
1665,URLLC,0.05955154289717704
1666,URLLC,0.05942980309499777
1667,URLLC,0.05937405905640169
1668,URLLC,0.05953160789294558
1669,URLLC,0.05966535915742847
1670,URLLC,0.05917630427188475
1671,URLLC,0.059448056823309454
1672,URLLC,0.0589966295891095
1673,URLLC,0.05916049344640681
1674,URLLC,0.05953441950782992
1675,URLLC,0.05917694822419652
1676,URLLC,0.05929905994819308
1677,URLLC,0.05942718576008319
1678,URLLC,0.05909924682123487
1679,URLLC,0.05939661992817144
1680,URLLC,0.05960246228122041
1681,URLLC,0.05952990078708237
1682,URLLC,0.059484979562576444
1683,URLLC,0.059192724990870464
1684,URLLC,0.059107670903056075
1685,URLLC,0.05919911851335506
1686,URLLC,0.05954751218000832
1687,URLLC,0.05955788891318255
1688,URLLC,0.059225677348405566
1689,URLLC,0.05909746723121237
1690,URLLC,0.059172996321300686
1691,URLLC,0.059528404051692435
1692,URLLC,0.05968019912878144
1693,URLLC,0.05933220386122672
1694,URLLC,0.05923781559699921
1695,URLLC,0.05929544136633714
1696,URLLC,0.05934410871715947
1697,URLLC,0.05936377544541345
1698,URLLC,0.059433017979657235
1699,URLLC,0.059465995348281626
1700,URLLC,0.05978173989631637
1701,URLLC,0.059548301474579395
1702,URLLC,0.05914620941724907
1703,URLLC,0.05920530265422676
1704,URLLC,0.05950640422718567
1705,URLLC,0.05925454391875913
1706,URLLC,0.05940271877423928
1707,URLLC,0.05929407317955914
1708,URLLC,0.05927923100737497
1709,URLLC,0.05919221350225321
1710,URLLC,0.059154976774859216
1711,URLLC,0.059326410775861295
1712,URLLC,0.05946287318203631
1713,URLLC,0.059502694597502716
1714,URLLC,0.059063200698205906
1715,URLLC,0.05953148335992798
1716,URLLC,0.05935331486454493
1717,URLLC,0.05948231678306886
1718,URLLC,0.05929700929242081
1719,URLLC,0.05931303969359097
1720,URLLC,0.059430398927403774
1721,URLLC,0.05918668983450685
1722,URLLC,0.05919723693955062
1723,URLLC,0.05929029187138685
1724,URLLC,0.05940435551731235
1725,URLLC,0.05930971415539913
1726,URLLC,0.05952231767124883
1727,URLLC,0.05926458532650284
1728,URLLC,0.059200275646749095
1729,URLLC,0.05951573403165889
1730,URLLC,0.059288261022328495
1731,URLLC,0.059384483294669735
1732,URLLC,0.05921413384536834
1733,URLLC,0.05945754423303026
1734,URLLC,0.05949346024108582
1735,URLLC,0.059648202715092385
1736,URLLC,0.05949280749267038
1737,URLLC,0.05913492820528601
1738,URLLC,0.05968515441966147
1739,URLLC,0.0596600285623847
1740,URLLC,0.059315180412637704
1741,URLLC,0.059514969279719596
1742,URLLC,0.05940519858576343
1743,URLLC,0.05956389882841222
1744,URLLC,0.05943407588071245
1745,URLLC,0.05919935307356056
1746,URLLC,0.05918088808466688
1747,URLLC,0.05896610967472063
1748,URLLC,0.05913400692233253
1749,URLLC,0.05944509187372269
1750,URLLC,0.059250601727437235
1751,URLLC,0.05927856781495931
1752,URLLC,0.0591167269260748
1753,URLLC,0.0597227149475171
1754,URLLC,0.05955249596174984
1755,URLLC,0.059174318143381026
1756,URLLC,0.05953009718218784
1757,URLLC,0.05950093928445656
1758,URLLC,0.05915398951610498
1759,URLLC,0.05944275147955586
1760,URLLC,0.05922161523065317
1761,URLLC,0.05936378336035091
1762,URLLC,0.05925165990525473
1763,URLLC,0.05940007672133545
1764,URLLC,0.05951173797967116
1765,URLLC,0.05955626685363467
1766,URLLC,0.059534773368018164
1767,URLLC,0.05961969327448095
1768,URLLC,0.05940473440106843
1769,URLLC,0.05924821566063987
1770,URLLC,0.05881087059153107
1771,URLLC,0.05941601730600865
1772,URLLC,0.05950275054145238
1773,URLLC,0.059367897451844856
1774,URLLC,0.0592741734670019
1775,URLLC,0.059327967874919035
1776,URLLC,0.05947982935305506
1777,URLLC,0.0592791623982549
1778,URLLC,0.05902289415031186
1779,URLLC,0.05949165300144265
1780,URLLC,0.05920361835138126
1781,URLLC,0.059234272832179455
1782,URLLC,0.05926331703219939
1783,URLLC,0.05915524897345402
1784,URLLC,0.05922442834772056
1785,URLLC,0.05940870489749312
1786,URLLC,0.05910242521851698
1787,URLLC,0.059196316564035824
1788,URLLC,0.05928411405582125
1789,URLLC,0.05932423544811979
1790,URLLC,0.0591581240684264
1791,URLLC,0.05918928182510461
1792,URLLC,0.059445352605043654
1793,URLLC,0.059433350194780174
1794,URLLC,0.05887306316206157
1795,URLLC,0.059447651983794564
1796,URLLC,0.05933717808687516
1797,URLLC,0.05914946959621773
1798,URLLC,0.05914372428112353
1799,URLLC,0.05966561424045323
1800,URLLC,0.05935837115719179
1801,URLLC,0.059190086474709615
1802,URLLC,0.05938059328953174
1803,URLLC,0.05924712145871216
1804,URLLC,0.059247094150486984
1805,URLLC,0.05915609861914144
1806,URLLC,0.059310765936718364
1807,URLLC,0.05939116247190788
1808,URLLC,0.05913003911076602
1809,URLLC,0.05928711999116376
1810,URLLC,0.059370509938183644
1811,URLLC,0.059301782858434925
1812,URLLC,0.05928803474203231
1813,URLLC,0.059336772162412746
1814,URLLC,0.05937400659442206
1815,URLLC,0.05934280950173938
1816,URLLC,0.05929656773172852
1817,URLLC,0.059436240189476054
1818,URLLC,0.05970019586842165
1819,URLLC,0.05909585105452022
1820,URLLC,0.059467472326976405
1821,URLLC,0.05936550435702367
1822,URLLC,0.05923971475905321
1823,URLLC,0.05932953737801879
1824,URLLC,0.05938493284044253
1825,URLLC,0.059195656896547766
1826,URLLC,0.05925089541288138
1827,URLLC,0.059430107218337073
1828,URLLC,0.059396991867444654
1829,URLLC,0.05900281247957994
1830,URLLC,0.05938314301669113
1831,URLLC,0.05925000449506317
1832,URLLC,0.05933744480576136
1833,URLLC,0.059501643436189765
1834,URLLC,0.05930714609403254
1835,URLLC,0.0590842696400151
1836,URLLC,0.059321993817152495
1837,URLLC,0.05927720192835599
1838,URLLC,0.05947596197585959
1839,URLLC,0.059427925701491795
1840,URLLC,0.05915554890622043
1841,URLLC,0.05929098282794276
1842,URLLC,0.05963412989434337
1843,URLLC,0.059498127794386194
1844,URLLC,0.059263468400805465
1845,URLLC,0.05931522914130995
1846,URLLC,0.059522012064136764
1847,URLLC,0.059548409406159936
1848,URLLC,0.059477108671402705
1849,URLLC,0.0593015382883916
1850,URLLC,0.05927350232678199
1851,URLLC,0.0589718666638473
1852,URLLC,0.059371044721631926
1853,URLLC,0.059574969849882906
1854,URLLC,0.059491655003905325
1855,URLLC,0.059444107624605044
1856,URLLC,0.059414200004115986
1857,URLLC,0.059267570242434585
1858,URLLC,0.05909076772936609
1859,URLLC,0.05917465814856891
1860,URLLC,0.05924487119287684
1861,URLLC,0.059617384190127305
1862,URLLC,0.059426533950070824
1863,URLLC,0.059240476918322946
1864,URLLC,0.05935028205781531
1865,URLLC,0.05974081790496579
1866,URLLC,0.059364605061578854
1867,URLLC,0.05942727020808123
1868,URLLC,0.059701911112943026
1869,URLLC,0.05911218306149478
1870,URLLC,0.05957613114550575
1871,URLLC,0.05929815838778531
1872,URLLC,0.05934324968999002
1873,URLLC,0.059181696968115406
1874,URLLC,0.05925284444456931
1875,URLLC,0.05934788769148555
1876,URLLC,0.05944321917804491
1877,URLLC,0.05929984635020019
1878,URLLC,0.05946135479781455
1879,URLLC,0.05942528463894558
1880,URLLC,0.05929013010469803
1881,URLLC,0.059327887708484434
1882,URLLC,0.059071755683200645
1883,URLLC,0.059310734154241
1884,URLLC,0.05955781062131034
1885,URLLC,0.05953398178061024
1886,URLLC,0.059513904719256175
1887,URLLC,0.05908742161273057
1888,URLLC,0.059569718096947534
1889,URLLC,0.059456329609076305
1890,URLLC,0.05943195977580381
1891,URLLC,0.05942812714182307
1892,URLLC,0.05922956948622144
1893,URLLC,0.05939683805967161
1894,URLLC,0.05928288218612396
1895,URLLC,0.05929025672538439
1896,URLLC,0.059138693587182586
1897,URLLC,0.05942085384165103
1898,URLLC,0.05935892773177149
1899,URLLC,0.05952944707617055
1900,URLLC,0.059351143030413334
1901,URLLC,0.05910211633984487
1902,URLLC,0.059154614722965036
1903,URLLC,0.05937236441364534
1904,URLLC,0.059494525016922
1905,URLLC,0.059163242312089775
1906,URLLC,0.05925920102385554
1907,URLLC,0.05923991025437737
1908,URLLC,0.05933403604898123
1909,URLLC,0.05972728571410617
1910,URLLC,0.05974280019911372
1911,URLLC,0.059379625358135325
1912,URLLC,0.0596231061259456
1913,URLLC,0.059628755972043736
1914,URLLC,0.059015369395747454
1915,URLLC,0.059233633789437114
1916,URLLC,0.05924402211665089
1917,URLLC,0.059422629462072385
1918,URLLC,0.05925238447350364
1919,URLLC,0.05974933327391742
1920,URLLC,0.05963871615453453
1921,URLLC,0.059047015234646644
1922,URLLC,0.05951966829548735
1923,URLLC,0.059088266630023964
1924,URLLC,0.05953002064549747
1925,URLLC,0.05901098895976638
1926,URLLC,0.05959391285668898
1927,URLLC,0.05960502449044361
1928,URLLC,0.059024522994360326
1929,URLLC,0.05936590845048623
1930,URLLC,0.05933199656923064
1931,URLLC,0.05935373887403819
1932,URLLC,0.05922808102525453
1933,URLLC,0.05925736036848391
1934,URLLC,0.059111547109340024
1935,URLLC,0.05924196927852067
1936,URLLC,0.05920161078763369
1937,URLLC,0.05905239479476084
1938,URLLC,0.059512139362512005
1939,URLLC,0.05934326185678239
1940,URLLC,0.05945361108992732
1941,URLLC,0.05975941019456647
1942,URLLC,0.05922828521660508
1943,URLLC,0.059176056324677116
1944,URLLC,0.0593241967902888
1945,URLLC,0.059161000967254025
1946,URLLC,0.05973741487489438
1947,URLLC,0.05947532286248523
1948,URLLC,0.05942497498978794
1949,URLLC,0.05938908008282841
1950,URLLC,0.05939764780524649
1951,URLLC,0.05926692670010969
1952,URLLC,0.05937028571989268
1953,URLLC,0.059281403813059935
1954,URLLC,0.05931786893967627
1955,URLLC,0.05922481288358773
1956,URLLC,0.05928680985593469
1957,URLLC,0.05951581980091272
1958,URLLC,0.05935527596419303
1959,URLLC,0.05937001050764477
1960,URLLC,0.05952514831048415
1961,URLLC,0.05951421237963185
1962,URLLC,0.059438409398235324
1963,URLLC,0.059251965613995115
1964,URLLC,0.05964421576579999
1965,URLLC,0.059770999671289564
1966,URLLC,0.059389112494415135
1967,URLLC,0.059439054013713445
1968,URLLC,0.05965012834487406
1969,URLLC,0.05936694329158153
1970,URLLC,0.059290002446532215
1971,URLLC,0.05936594443870706
1972,URLLC,0.0594915268764789
1973,URLLC,0.05924697591384133
1974,URLLC,0.05924746251931976
1975,URLLC,0.05944051304056024
1976,URLLC,0.05945848420875245
1977,URLLC,0.0592599012189341
1978,URLLC,0.05928943116513521
1979,URLLC,0.059303629746663956
1980,URLLC,0.059222591443333146
1981,URLLC,0.05894494421789265
1982,URLLC,0.05940956963757953
1983,URLLC,0.05907022309094024
1984,URLLC,0.059179881978904315
1985,URLLC,0.05921894757076729
1986,URLLC,0.05927275094468004
1987,URLLC,0.05990016632912802
1988,URLLC,0.059262830704514734
1989,URLLC,0.05917221883151425
1990,URLLC,0.059376990252684204
1991,URLLC,0.05940888091464051
1992,URLLC,0.059274859950343
1993,URLLC,0.059317598526022225
1994,URLLC,0.05923762292786985
1995,URLLC,0.05914121257090707
1996,URLLC,0.05937451188598217
1997,URLLC,0.0590894113018173
1998,URLLC,0.05938623894783767
1999,URLLC,0.059257614033769335
0,eMBB,0.0
1,eMBB,0.0
2,eMBB,0.0
3,eMBB,0.0
4,eMBB,0.0
5,eMBB,0.0
6,eMBB,0.0
7,eMBB,0.0
8,eMBB,0.0
9,eMBB,0.0
10,eMBB,0.0
11,eMBB,0.0
12,eMBB,0.0
13,eMBB,0.0
14,eMBB,1.4064604413959723
15,eMBB,0.0
16,eMBB,0.0
17,eMBB,1.671001628377704
18,eMBB,1.7509381529333925
19,eMBB,1.907282211627917
20,eMBB,1.9739620120907049
21,eMBB,2.0653114688968084
22,eMBB,2.1733863599529855
23,eMBB,2.220850185921559
24,eMBB,2.328824000844405
25,eMBB,2.4172234030199737
26,eMBB,2.5364740217040316
27,eMBB,2.62836949651791
28,eMBB,2.527763352571469
29,eMBB,2.787905861291961
30,eMBB,2.8060804345225723
31,eMBB,2.9563936165854874
32,eMBB,3.089288621270668
33,eMBB,3.1712338411346535
34,eMBB,3.207729662519719
35,eMBB,3.3466736159346566
36,eMBB,3.4432265359460112
37,eMBB,3.610521572551504
38,eMBB,3.7196829997729304
39,eMBB,3.705640302623845
40,eMBB,3.880705839130941
41,eMBB,3.947500791612075
42,eMBB,4.016372277447371
43,eMBB,4.2372971454025805
44,eMBB,4.344438660109194
45,eMBB,4.442298998818597
46,eMBB,4.474941416660229
47,eMBB,4.441559900291608
48,eMBB,4.648157126551774
49,eMBB,4.769127249613683
50,eMBB,4.645991702520585
51,eMBB,4.8183092318098435
52,eMBB,5.040570131149289
53,eMBB,5.184308951117276
54,eMBB,5.006254824652593
55,eMBB,4.961137878268225
56,eMBB,5.1203488092628255
57,eMBB,5.335853490416882
58,eMBB,5.078849072914963
59,eMBB,5.711709110678862
60,eMBB,5.802943938402308
61,eMBB,5.850718588230299
62,eMBB,5.813871219936671
63,eMBB,4.9676309139866595
64,eMBB,5.123947098462607
65,eMBB,6.090311519729506
66,eMBB,5.979529667374591
67,eMBB,6.56308250374156
68,eMBB,5.787663122962981
69,eMBB,6.263381602501229
70,eMBB,6.282054099307492
71,eMBB,6.465216583124208
72,eMBB,6.918115965603223
73,eMBB,6.588484205986933
74,eMBB,6.6232167276599725
75,eMBB,6.852061429297244
76,eMBB,6.366276679617713
77,eMBB,6.588043717467633
78,eMBB,6.56565424567991
79,eMBB,7.2542175422330075
80,eMBB,7.074832642327561
81,eMBB,7.408593562635504
82,eMBB,7.647277926414977
83,eMBB,5.903363302633299
84,eMBB,7.663867239221618
85,eMBB,8.09803316432019
86,eMBB,7.379784273135301
87,eMBB,6.699828514406809
88,eMBB,7.221494365734974
89,eMBB,7.096683576447273
90,eMBB,8.07731391672423
91,eMBB,8.513793794792536
92,eMBB,8.200286268847282
93,eMBB,8.645346147379051
94,eMBB,7.799089916776267
95,eMBB,6.90583153341977
96,eMBB,8.751473962010829
97,eMBB,9.371890813834005
98,eMBB,8.397613059064987
99,eMBB,8.897167481971541
100,eMBB,8.070410271766976
101,eMBB,8.630895329149649
102,eMBB,7.251902354301796
103,eMBB,8.596850084096529
104,eMBB,8.9253974288453
105,eMBB,8.083895130851374
106,eMBB,9.084225599154461
107,eMBB,8.758277078500392
108,eMBB,8.485707874403936
109,eMBB,8.659055401179977
110,eMBB,8.506609013940722
111,eMBB,9.664935099591696
112,eMBB,9.211734632393975
113,eMBB,9.39212428414299
114,eMBB,9.85212359345544
115,eMBB,9.906218494117267
116,eMBB,9.619110741562341
117,eMBB,8.816811909831697
118,eMBB,9.754587315015561
119,eMBB,9.522776291476605
120,eMBB,9.494087928525804
121,eMBB,8.831358700609067
122,eMBB,9.667234145060334
123,eMBB,10.34099969000941
124,eMBB,9.006312969455927
125,eMBB,8.925122596373907
126,eMBB,10.243608019659913
127,eMBB,9.76433097328158
128,eMBB,9.397954326610323
129,eMBB,9.804326133935316
130,eMBB,11.18581212072077
131,eMBB,7.996068718294204
132,eMBB,10.448985076655664
133,eMBB,9.359295066512004
134,eMBB,10.171691636393225
135,eMBB,11.597215358198294
136,eMBB,10.532580285214308
137,eMBB,11.449389304975847
138,eMBB,9.276607083254103
139,eMBB,11.92285958633527
140,eMBB,10.27395252673608
141,eMBB,9.379838072236147
142,eMBB,12.146103737778626
143,eMBB,10.632977519227198
144,eMBB,11.718659321719045
145,eMBB,10.75204885574852
146,eMBB,12.08349336287516
147,eMBB,10.666289601239008
148,eMBB,10.28094357352447
149,eMBB,9.861928036819704
150,eMBB,11.817290611511297
151,eMBB,10.010550007884785
152,eMBB,9.99869296847506
153,eMBB,12.339185433707597
154,eMBB,11.094025599907676
155,eMBB,11.228706784720078
156,eMBB,11.437942140392733
157,eMBB,11.02868992050153
158,eMBB,10.688494913829063
159,eMBB,12.168591687906195
160,eMBB,13.497148117927557
161,eMBB,10.256078704037014
162,eMBB,11.763644328260431
163,eMBB,10.83619179679238
164,eMBB,12.250005829979465
165,eMBB,11.138968226215471
166,eMBB,12.49955969868063
167,eMBB,13.494978120973778
168,eMBB,12.32565892342757
169,eMBB,13.178016628721418
170,eMBB,11.126869028124558
171,eMBB,10.580923991095672
172,eMBB,12.4278429333234
173,eMBB,10.027585674596159
174,eMBB,11.339240464888476
175,eMBB,13.279060917765344
176,eMBB,10.689927779780419
177,eMBB,11.191055644471831
178,eMBB,10.964489829847755
179,eMBB,9.555111414482765
180,eMBB,12.122040869486602
181,eMBB,8.50335119422463
182,eMBB,9.375373758249784
183,eMBB,9.751408772415234
184,eMBB,7.702045026548348
185,eMBB,8.275131478742313
186,eMBB,9.249879855375172
187,eMBB,8.800604694813632
188,eMBB,10.1559805489994
189,eMBB,9.238295644562545
190,eMBB,8.150347917162087
191,eMBB,9.741467675701799
192,eMBB,8.737287601914378
193,eMBB,11.754137278464023
194,eMBB,9.31133034737276
195,eMBB,9.532350982938523
196,eMBB,9.598440163372896
197,eMBB,10.150178944222912
198,eMBB,9.47128317072986
199,eMBB,10.320441880819423
200,eMBB,8.647414608435579
201,eMBB,7.361178407038885
202,eMBB,8.900700391332117
203,eMBB,10.85564070661549
204,eMBB,9.348420594671431
205,eMBB,7.9901231009882085
206,eMBB,9.772071371513807
207,eMBB,10.786148356418133
208,eMBB,9.826953713989534
209,eMBB,9.717056912965099
210,eMBB,7.590159257868839
211,eMBB,8.727078569100295
212,eMBB,10.470203331712124
213,eMBB,10.500460848306206
214,eMBB,8.412927376114503
215,eMBB,9.634660515734591
216,eMBB,10.44004515421889
217,eMBB,11.027957726622368
218,eMBB,9.528039146041909
219,eMBB,11.376580991990858
220,eMBB,9.189355875561695
221,eMBB,7.794791534374802
222,eMBB,9.469820991873158
223,eMBB,9.594359684842246
224,eMBB,8.622123273010807
225,eMBB,7.70466623853565
226,eMBB,8.050254917219318
227,eMBB,9.134813891444804
228,eMBB,9.687626201432224
229,eMBB,9.70490019501266
230,eMBB,8.93473489475423
231,eMBB,9.424232954640205
232,eMBB,8.400495184950014
233,eMBB,9.555523107979166
234,eMBB,11.385197959641664
235,eMBB,9.155296714177807
236,eMBB,8.26222771918762
237,eMBB,9.909508244793694
238,eMBB,8.828998498046396
239,eMBB,9.080057227732647
240,eMBB,7.414843970849331
241,eMBB,10.269973144631479
242,eMBB,9.039918583623011
243,eMBB,7.999263198408887
244,eMBB,8.898098744767884
245,eMBB,10.380376348969572
246,eMBB,11.216529528108802
247,eMBB,11.403661766772995
248,eMBB,10.375528741740776
249,eMBB,11.669255237184442
250,eMBB,10.155983767463578
251,eMBB,9.124092395901517
252,eMBB,10.637832223102315
253,eMBB,10.106470860369548
254,eMBB,9.65189734593882
255,eMBB,10.180676117737727
256,eMBB,10.42265086845069
257,eMBB,9.006589912421315
258,eMBB,9.381272266093516
259,eMBB,10.98102437621549
260,eMBB,9.828087296396363
261,eMBB,9.654048014462546
262,eMBB,11.832947294288015
263,eMBB,11.51767255716562
264,eMBB,9.185779387146049
265,eMBB,10.074220027106648
266,eMBB,11.369348197340457
267,eMBB,9.618315015150694
268,eMBB,10.269702944524266
269,eMBB,10.409167736458743
270,eMBB,10.651329652879815
271,eMBB,9.885533038899403
272,eMBB,9.988879015500268
273,eMBB,10.84131728923113
274,eMBB,8.66062441293067
275,eMBB,11.750823748921974
276,eMBB,9.86157049902593
277,eMBB,9.308452814205323
278,eMBB,10.088876245822409
279,eMBB,9.852672954385163
280,eMBB,9.343637889259687
281,eMBB,8.134084605373097
282,eMBB,9.24679447824517
283,eMBB,12.530555565441373
284,eMBB,10.411779282323995
285,eMBB,11.531055936130858
286,eMBB,10.573960649168638
287,eMBB,8.590373140982052
288,eMBB,10.871660392614718
289,eMBB,10.629262800619474
290,eMBB,9.672850832494191
291,eMBB,8.525341170066362
292,eMBB,10.995801574155985
293,eMBB,11.049811110221945
294,eMBB,10.217751112587493
295,eMBB,10.955024318781133
296,eMBB,9.31782985043742
297,eMBB,7.6536486822932845
298,eMBB,10.541309305436547
299,eMBB,11.014952735195477
300,eMBB,10.130120627111717
301,eMBB,12.737533437823151
302,eMBB,9.698540333633513
303,eMBB,9.918867249764727
304,eMBB,10.553796917683012
305,eMBB,10.998136713398543
306,eMBB,10.015681902300843
307,eMBB,9.969534311297554
308,eMBB,10.882855545554925
309,eMBB,10.442558981476937
310,eMBB,11.451779729089823
311,eMBB,10.080324694358897
312,eMBB,9.87041078235022
313,eMBB,10.959784337265987
314,eMBB,9.874917112637608
315,eMBB,10.575644725352555
316,eMBB,7.349834668743747
317,eMBB,9.150943608709811
318,eMBB,9.203879200588569
319,eMBB,10.38165847272732
320,eMBB,9.037220258500486
321,eMBB,9.937023978268101
322,eMBB,8.601003775691826
323,eMBB,9.981691122106135
324,eMBB,9.004921947993633
325,eMBB,8.751281886518994
326,eMBB,10.701410023190727
327,eMBB,11.362430024085686
328,eMBB,9.975424217786193
329,eMBB,9.092649667400769
330,eMBB,9.41726153270553
331,eMBB,8.393041005138139
332,eMBB,8.368652367942497
333,eMBB,10.573321986829388
334,eMBB,10.956548774641865
335,eMBB,9.997097895456221
336,eMBB,8.890992423065802
337,eMBB,10.206503464825655
338,eMBB,10.589557008996808
339,eMBB,10.293341995607785
340,eMBB,11.564309409697929
341,eMBB,9.442620788618807
342,eMBB,10.723805923709895
343,eMBB,11.222020501279001
344,eMBB,9.272574352226645
345,eMBB,9.57572684283264
346,eMBB,10.991932020422658
347,eMBB,9.103562972218977
348,eMBB,10.196648968545349
349,eMBB,9.954323817370675
350,eMBB,9.694703316382414
351,eMBB,6.993983004318267
352,eMBB,10.515528797544004
353,eMBB,10.116945615198382
354,eMBB,10.423124873192084
355,eMBB,9.289775312729518
356,eMBB,9.288256004924317
357,eMBB,9.49677301445242
358,eMBB,10.857761349421864
359,eMBB,8.152939691371314
360,eMBB,10.322842148345782
361,eMBB,10.380394531197366
362,eMBB,11.668255395327687
363,eMBB,9.299572991223977
364,eMBB,9.481625616509307
365,eMBB,9.305884155816386
366,eMBB,8.58325562958749
367,eMBB,10.446306044043123
368,eMBB,10.60449061324683
369,eMBB,9.104998111445353
370,eMBB,9.434275755603009
371,eMBB,8.70249261171167
372,eMBB,11.875922345404184
373,eMBB,10.274379525658004
374,eMBB,9.022619845273526
375,eMBB,9.863731404990304
376,eMBB,10.580741076611181
377,eMBB,8.697739278393785
378,eMBB,8.832534009189041
379,eMBB,9.997267788618698
380,eMBB,9.913136438211765
381,eMBB,9.904327161182792
382,eMBB,9.128778852610468
383,eMBB,11.042332906389213
384,eMBB,12.26670157270726
385,eMBB,10.19199509433124
386,eMBB,10.682067721020568
387,eMBB,11.476820550330853
388,eMBB,9.167949315779095
389,eMBB,10.990147782481277
390,eMBB,10.251132978649073
391,eMBB,8.969387807688637
392,eMBB,9.672173391241934
393,eMBB,8.426428998387937
394,eMBB,8.906538976962393
395,eMBB,11.06541239841896
396,eMBB,9.790203279750873
397,eMBB,9.825894458292876
398,eMBB,8.139719770880166
399,eMBB,9.955842149716165
400,eMBB,8.219448200243246
401,eMBB,9.058769539938641
402,eMBB,11.647760735234899
403,eMBB,9.743323462083273
404,eMBB,11.288589187319984
405,eMBB,8.809978725900166
406,eMBB,10.575739748462647
407,eMBB,8.343566113077898
408,eMBB,9.69367005375823
409,eMBB,10.717423958026886
410,eMBB,10.102791980418917
411,eMBB,8.951305966950569
412,eMBB,11.792310080441634
413,eMBB,10.550890018785575
414,eMBB,11.113964085326371
415,eMBB,10.629891037018561
416,eMBB,10.71851062446391
417,eMBB,8.506337056884615
418,eMBB,10.945417544271216
419,eMBB,10.334684284966762
420,eMBB,9.913445413125865
421,eMBB,10.806818117526012
422,eMBB,11.030359079847736
423,eMBB,8.78916570476902
424,eMBB,10.462207819283433
425,eMBB,9.35113816850834
426,eMBB,9.553134830950949
427,eMBB,9.521068859622632
428,eMBB,8.812655221824151
429,eMBB,10.107547469565176
430,eMBB,11.743059964031906
431,eMBB,9.904568933639469
432,eMBB,10.230310862881096
433,eMBB,7.265449241141707
434,eMBB,8.10874305157733
435,eMBB,10.408605278059758
436,eMBB,10.390297926867937
437,eMBB,11.668864346701877
438,eMBB,10.245424787963975
439,eMBB,10.471254847178415
440,eMBB,7.90964198949116
441,eMBB,9.544047107406238
442,eMBB,9.44732035818072
443,eMBB,11.979514179301628
444,eMBB,10.234018696102998
445,eMBB,9.840107605726546
446,eMBB,10.019426841699866
447,eMBB,8.675750630842138
448,eMBB,10.122539832707456
449,eMBB,11.04411347634623
450,eMBB,6.580721189406478
451,eMBB,11.299066765413725
452,eMBB,11.239104727086483
453,eMBB,9.78712378537795
454,eMBB,10.810017903900892
455,eMBB,8.68583892429851
456,eMBB,9.351711299959746
457,eMBB,9.900011094476659
458,eMBB,8.297033402075524
459,eMBB,8.933586175476469
460,eMBB,10.109664170312202
461,eMBB,9.344857982444028
462,eMBB,9.469922220916224
463,eMBB,9.517974894257003
464,eMBB,10.262635866455929
465,eMBB,9.765980164803441
466,eMBB,10.358587732488152
467,eMBB,10.411609964729138
468,eMBB,11.471588638329397
469,eMBB,10.198351461172283
470,eMBB,10.1954945959622
471,eMBB,8.266458644469646
472,eMBB,11.564484491158206
473,eMBB,8.861904148968518
474,eMBB,10.505299935548162
475,eMBB,10.16770728510894
476,eMBB,9.51922205821291
477,eMBB,10.235722897654274
478,eMBB,9.409102597572218
479,eMBB,9.537115241407374
480,eMBB,9.10912775347191
481,eMBB,10.046541492271265
482,eMBB,7.803072017991809
483,eMBB,9.952586840901477
484,eMBB,11.24538564845734
485,eMBB,8.418789673868035
486,eMBB,11.198284494968064
487,eMBB,9.318394354066955
488,eMBB,8.714574335050184
489,eMBB,9.729768062284808
490,eMBB,10.166634554092495
491,eMBB,8.608608104955719
492,eMBB,10.516041362099156
493,eMBB,9.175705407132536
494,eMBB,8.858283372043498
495,eMBB,9.074157214630182
496,eMBB,10.40212980039456
497,eMBB,10.159763309080986
498,eMBB,10.380373049870244
499,eMBB,8.297820419684914
500,eMBB,8.70479552262286
501,eMBB,10.732833879387911
502,eMBB,11.38660225583254
503,eMBB,9.262223138832002
504,eMBB,10.614302058050669
505,eMBB,11.945696506005417
506,eMBB,9.572955263620262
507,eMBB,10.75671774258891
508,eMBB,8.46087460062701
509,eMBB,9.861514006803377
510,eMBB,8.67582283373803
511,eMBB,9.449146942743152
512,eMBB,10.793663385427084
513,eMBB,10.309244227507797
514,eMBB,9.40325273662638
515,eMBB,9.461692851905939
516,eMBB,9.229622151729858
517,eMBB,10.069061965577148
518,eMBB,10.418480866393438
519,eMBB,10.330187475117881
520,eMBB,9.566026121739288
521,eMBB,10.655252126889792
522,eMBB,10.19814813037131
523,eMBB,7.516223271513308
524,eMBB,10.278465889047377
525,eMBB,10.422796434072644
526,eMBB,8.743938967958869
527,eMBB,8.124305693141581
528,eMBB,10.10338749963809
529,eMBB,7.518708452202787
530,eMBB,10.406810139128297
531,eMBB,8.893641074425158
532,eMBB,8.845605129664145
533,eMBB,8.130750644025277
534,eMBB,9.461866540334702
535,eMBB,10.321337039537669
536,eMBB,9.265980223954681
537,eMBB,10.22070784325731
538,eMBB,9.629378481128139
539,eMBB,9.152323794714285
540,eMBB,10.961925738652267
541,eMBB,9.609130536858853
542,eMBB,10.394093951248912
543,eMBB,7.796755922660016
544,eMBB,9.45541701852297
545,eMBB,9.234290476814783
546,eMBB,11.485827270646642
547,eMBB,9.435103156329713
548,eMBB,11.522522739804772
549,eMBB,10.032738092891488
550,eMBB,7.961114920777853
551,eMBB,10.317617604808143
552,eMBB,9.69233234865323
553,eMBB,9.79224980394593
554,eMBB,9.57577188131543
555,eMBB,10.998869136706556
556,eMBB,10.950456769974615
557,eMBB,11.619565403199221
558,eMBB,8.460938031579554
559,eMBB,8.808592081931867
560,eMBB,9.384668266891392
561,eMBB,12.374951738388742
562,eMBB,9.259337282240754
563,eMBB,10.411117397852134
564,eMBB,11.117148530007057
565,eMBB,9.64362312905913
566,eMBB,9.797741801488263
567,eMBB,9.579600247756243
568,eMBB,9.210592461205177
569,eMBB,10.784491976296026
570,eMBB,10.850366724750009
571,eMBB,11.32306012435987
572,eMBB,9.907826262111058
573,eMBB,10.220258951372184
574,eMBB,11.446853783102833
575,eMBB,11.415503050347297
576,eMBB,10.384981696681788
577,eMBB,9.916874837894166
578,eMBB,9.220225140627674
579,eMBB,9.582120659552492
580,eMBB,10.994186294580755
581,eMBB,8.808013847608938
582,eMBB,9.93382274127579
583,eMBB,10.871710800597251
584,eMBB,9.326525903492655
585,eMBB,9.79593942202874
586,eMBB,9.965446503992752
587,eMBB,10.930589553278208
588,eMBB,9.408242351150134
589,eMBB,9.573002092772725
590,eMBB,10.867286201988053
591,eMBB,9.840171644196392
592,eMBB,12.059007195865359
593,eMBB,10.501316353933664
594,eMBB,11.32368088775501
595,eMBB,9.805431967860027
596,eMBB,9.854062834986117
597,eMBB,10.034673962077047
598,eMBB,11.049519127253681
599,eMBB,10.475623832105285
600,eMBB,9.501558635925655
601,eMBB,9.428405535281962
602,eMBB,9.547728685564817
603,eMBB,8.374907390185507
604,eMBB,9.523312135452604
605,eMBB,12.320182428603472
606,eMBB,7.987371653948979
607,eMBB,9.70271403964081
608,eMBB,10.299778514550885
609,eMBB,9.975072048130553
610,eMBB,8.519141357133423
611,eMBB,9.905260382339472
612,eMBB,8.95587427744431
613,eMBB,9.806479834711451
614,eMBB,10.456748316806106
615,eMBB,9.148272069145525
616,eMBB,10.291446306909094
617,eMBB,11.528310144507397
618,eMBB,11.391045839349454
619,eMBB,10.981000790138376
620,eMBB,8.357430578772716
621,eMBB,8.642086325124028
622,eMBB,10.863314002718162
623,eMBB,10.30815809319985
624,eMBB,9.284507360512382
625,eMBB,10.455695342961922
626,eMBB,9.830157415116355
627,eMBB,10.002346347621453
628,eMBB,10.09410210871812
629,eMBB,10.418660191079303
630,eMBB,9.750891036007788
631,eMBB,9.465891483861474
632,eMBB,10.10251215503717
633,eMBB,9.422589132046523
634,eMBB,10.245338431067852
635,eMBB,10.36793044045755
636,eMBB,10.988472148255045
637,eMBB,10.752688120528045
638,eMBB,12.007844751918107
639,eMBB,10.356303577468736
640,eMBB,10.302572292978569
641,eMBB,8.687126744884226
642,eMBB,9.973877347709337
643,eMBB,10.331600794155072
644,eMBB,10.33329220505074
645,eMBB,9.34418561860588
646,eMBB,11.672136875429524
647,eMBB,11.471725277102676
648,eMBB,10.621851921557946
649,eMBB,10.162315418988934
650,eMBB,10.206069151709965
651,eMBB,9.786906985679797
652,eMBB,10.781592136153119
653,eMBB,7.696071048000861
654,eMBB,11.328647791000796
655,eMBB,8.025261394110336
656,eMBB,7.8956864861086835
657,eMBB,10.563592974622082
658,eMBB,9.70068360492144
659,eMBB,9.969873766545735
660,eMBB,10.435465732911911
661,eMBB,10.238838994259742
662,eMBB,9.106620162581622
663,eMBB,10.28242713337554
664,eMBB,9.574943604303451
665,eMBB,9.062128837806016
666,eMBB,10.003568316914555
667,eMBB,9.554769478276985
668,eMBB,8.753352289042315
669,eMBB,11.271351978084613
670,eMBB,9.947515197639003
671,eMBB,10.024798489791644
672,eMBB,8.55211571849773
673,eMBB,10.297799597030325
674,eMBB,9.11857762843229
675,eMBB,10.39433876388441
676,eMBB,9.01612797979339
677,eMBB,10.411491528291604
678,eMBB,9.052325412005546
679,eMBB,8.572731127243678
680,eMBB,10.127394225902867
681,eMBB,10.544911376535742
682,eMBB,7.825795493948691
683,eMBB,8.26779186135298
684,eMBB,9.50758458678626
685,eMBB,10.410007376330073
686,eMBB,9.732792154020194
687,eMBB,11.976030621376713
688,eMBB,12.237199594934701
689,eMBB,12.843230639923059
690,eMBB,9.228445054408885
691,eMBB,11.305970132298409
692,eMBB,10.72683073793298
693,eMBB,9.669392477152162
694,eMBB,9.238182418369584
695,eMBB,10.300644965480055
696,eMBB,7.964878750466234
697,eMBB,10.009486444802182
698,eMBB,10.380336562329504
699,eMBB,9.41018366048638
700,eMBB,8.895065256696734
701,eMBB,8.033001048729844
702,eMBB,10.838179148728054
703,eMBB,10.517740529217605
704,eMBB,10.2232823240256
705,eMBB,8.74909649635883
706,eMBB,9.68390110808989
707,eMBB,10.138118760450073
708,eMBB,9.808119438375615
709,eMBB,11.331127000320448
710,eMBB,9.529039779451736
711,eMBB,8.50891867528996
712,eMBB,11.18659441745776
713,eMBB,8.524246275114796
714,eMBB,10.472549707653624
715,eMBB,10.17747545778039
716,eMBB,11.047998068057227
717,eMBB,9.850865125514966
718,eMBB,10.816068073141894
719,eMBB,10.273742371841035
720,eMBB,9.132788155853723
721,eMBB,9.657365650322774
722,eMBB,9.319732099739708
723,eMBB,9.237771679274761
724,eMBB,7.372047757829299
725,eMBB,9.751309505833934
726,eMBB,10.266147619748722
727,eMBB,9.530860736592594
728,eMBB,9.821705745054473
729,eMBB,9.795719591396553
730,eMBB,10.2889650893762
731,eMBB,10.620727834791877
732,eMBB,10.942919618316749
733,eMBB,8.895080500931778
734,eMBB,9.306632508605217
735,eMBB,10.110939543191881
736,eMBB,9.723973769256242
737,eMBB,10.735139555525757
738,eMBB,8.068386710768898
739,eMBB,8.36304876244079
740,eMBB,9.28693108865693
741,eMBB,8.133998542355325
742,eMBB,10.519719159019257
743,eMBB,9.958587224084988
744,eMBB,8.121847614596419
745,eMBB,10.298778161674859
746,eMBB,10.834431503551386
747,eMBB,11.570551698002271
748,eMBB,11.25702279084762
749,eMBB,8.972132736118564
750,eMBB,10.016509167577068
751,eMBB,9.176253373199222
752,eMBB,10.198052514139844
753,eMBB,11.050097407644746
754,eMBB,10.79135780470722
755,eMBB,10.79134364374419
756,eMBB,9.56815922004168
757,eMBB,9.254039485710134
758,eMBB,10.804538627903732
759,eMBB,10.316689965622665
760,eMBB,7.760843965093914
761,eMBB,9.79623041249313
762,eMBB,10.268039005047097
763,eMBB,9.412607772800001
764,eMBB,10.985602212862936
765,eMBB,8.132830848315091
766,eMBB,12.196259144018274
767,eMBB,11.582114874628099
768,eMBB,12.599870070751274
769,eMBB,10.281765249316345
770,eMBB,10.629377490792919
771,eMBB,9.60240786775232
772,eMBB,8.621155568299184
773,eMBB,11.210917472256636
774,eMBB,9.729144738037931
775,eMBB,11.292096084622047
776,eMBB,10.391568010417801
777,eMBB,8.684938527679193
778,eMBB,12.353293016106534
779,eMBB,10.611200115320589
780,eMBB,8.004832144566155
781,eMBB,10.011350388561043
782,eMBB,9.144516543954499
783,eMBB,11.648117164497586
784,eMBB,11.241707805895679
785,eMBB,9.211868194056185
786,eMBB,9.682125039288563
787,eMBB,11.479899406957246
788,eMBB,9.426122305031068
789,eMBB,8.202002915450253
790,eMBB,10.21787117033578
791,eMBB,9.51896246575235
792,eMBB,10.548282698424748
793,eMBB,10.834523621314856
794,eMBB,8.988351216948237
795,eMBB,11.6836131455082
796,eMBB,8.760002270102444
797,eMBB,9.697585849286268
798,eMBB,10.106751001139452
799,eMBB,10.31710943092039
800,eMBB,9.688174396400571
801,eMBB,10.71175380987703
802,eMBB,10.763557466346509
803,eMBB,10.023381268091823
804,eMBB,11.52604575904389
805,eMBB,9.337632206097775
806,eMBB,11.180353745344034
807,eMBB,7.999765085467481
808,eMBB,10.409055326319654
809,eMBB,10.35258922270535
810,eMBB,9.837854301600062
811,eMBB,10.990962377546403
812,eMBB,9.369993337467871
813,eMBB,10.265697462895174
814,eMBB,7.767322180245117
815,eMBB,10.322909704561063
816,eMBB,9.879894023008863
817,eMBB,10.169495644825032
818,eMBB,10.625010210788721
819,eMBB,10.792568396019364
820,eMBB,9.906481402773705
821,eMBB,11.660398262194166
822,eMBB,9.270324461993214
823,eMBB,8.995880393704105
824,eMBB,9.092953832101406
825,eMBB,10.67185082999073
826,eMBB,10.0013613516731
827,eMBB,8.498989215517879
828,eMBB,10.252315454314354
829,eMBB,9.755609898628482
830,eMBB,10.69939603274358
831,eMBB,10.045824593634356
832,eMBB,11.43825276377294
833,eMBB,8.50943826159539
834,eMBB,10.274663108915226
835,eMBB,7.7803548644109926
836,eMBB,10.226026811488637
837,eMBB,9.46711207307802
838,eMBB,10.367578868413595
839,eMBB,10.97449586620784
840,eMBB,10.743248455915303
841,eMBB,10.530771439231456
842,eMBB,11.604773873606288
843,eMBB,11.12186137176122
844,eMBB,9.001589927177715
845,eMBB,8.73769836643995
846,eMBB,9.393587425653783
847,eMBB,9.69225849946715
848,eMBB,8.215094047092114
849,eMBB,10.349056863561083
850,eMBB,8.469856468272146
851,eMBB,9.233923478852658
852,eMBB,10.577264315421832
853,eMBB,9.633104645514024
854,eMBB,9.092163802325182
855,eMBB,10.368554515154726
856,eMBB,11.109442124741493
857,eMBB,10.021797915392712
858,eMBB,9.270706499303643
859,eMBB,8.998864526675131
860,eMBB,10.018429174985036
861,eMBB,10.492325466513606
862,eMBB,9.075161294998148
863,eMBB,8.894726998477168
864,eMBB,9.829864541962763
865,eMBB,9.728977621295163
866,eMBB,10.301272094262616
867,eMBB,10.094233195344035
868,eMBB,9.500558416196634
869,eMBB,10.36199813833571
870,eMBB,10.17172027590775
871,eMBB,9.31820766808687
872,eMBB,11.458613609164821
873,eMBB,9.911228251562788
874,eMBB,9.999985137398621
875,eMBB,10.654754446062904
876,eMBB,11.621163994673799
877,eMBB,11.522733179393672
878,eMBB,10.656314120085927
879,eMBB,9.017663229579775
880,eMBB,8.711167829084259
881,eMBB,11.250332180226406
882,eMBB,10.013754596327713
883,eMBB,9.695366615176338
884,eMBB,12.417087615100169
885,eMBB,10.199094075434132
886,eMBB,10.607269631429585
887,eMBB,8.884067697277224
888,eMBB,11.702107815443357
889,eMBB,9.642136022746346
890,eMBB,7.049056771683686
891,eMBB,8.126213957973967
892,eMBB,9.204234485710703
893,eMBB,9.071325227869329
894,eMBB,10.505105116340154
895,eMBB,9.653866473298857
896,eMBB,9.562097674619151
897,eMBB,9.749228528786727
898,eMBB,10.484856166257476
899,eMBB,9.588128126039265
900,eMBB,8.361063368649656
901,eMBB,10.339516119482699
902,eMBB,12.36908452955332
903,eMBB,10.026054842087582
904,eMBB,8.954055887306268
905,eMBB,10.63834506615968
906,eMBB,8.955985573324853
907,eMBB,9.371082312615046
908,eMBB,11.493393566772058
909,eMBB,9.376302609048329
910,eMBB,11.243302578625439
911,eMBB,9.540601685919864
912,eMBB,10.333049716476792
913,eMBB,10.943652843386934
914,eMBB,10.476161627886166
915,eMBB,9.550530361570335
916,eMBB,8.363282681257786
917,eMBB,9.860385978340895
918,eMBB,9.236377201539424
919,eMBB,10.25720406865717
920,eMBB,11.057669690500989
921,eMBB,9.222307730185763
922,eMBB,10.143524671545366
923,eMBB,10.988520817330928
924,eMBB,10.235197553911412
925,eMBB,9.74627161089143
926,eMBB,9.414858785144009
927,eMBB,9.505275486708413
928,eMBB,9.658127780105136
929,eMBB,9.477946403140187
930,eMBB,11.461676387289844
931,eMBB,10.98011640097869
932,eMBB,8.58896395107646
933,eMBB,8.954527126895908
934,eMBB,10.244966162366369
935,eMBB,9.074610201688182
936,eMBB,7.785894543674899
937,eMBB,9.252586665594665
938,eMBB,8.957868389389734
939,eMBB,10.406888679736772
940,eMBB,8.20135967028355
941,eMBB,9.69093390192504
942,eMBB,8.881231883139776
943,eMBB,9.767172601656426
944,eMBB,9.6871516886914
945,eMBB,10.169146608737508
946,eMBB,10.891204064238938
947,eMBB,10.713010513598704
948,eMBB,10.024109375236131
949,eMBB,11.966851787038875
950,eMBB,10.179418765079602
951,eMBB,9.737956686767115
952,eMBB,10.256132823535753
953,eMBB,10.615314810717111
954,eMBB,9.660760563481416
955,eMBB,9.218668762925263
956,eMBB,10.583238656561187
957,eMBB,9.190693586847274
958,eMBB,9.040733345341204
959,eMBB,10.290097914390307
960,eMBB,9.56171726252952
961,eMBB,9.515352163854462
962,eMBB,10.057081694067847
963,eMBB,9.578243957542792
964,eMBB,7.71180994149167
965,eMBB,9.56136790608917
966,eMBB,9.305623431779066
967,eMBB,12.138448950598304
968,eMBB,8.184911164823971
969,eMBB,11.420910675319268
970,eMBB,9.58860817829459
971,eMBB,8.838468357779796
972,eMBB,10.080556529135272
973,eMBB,8.561550011987523
974,eMBB,9.359706850402672
975,eMBB,8.846459057908275
976,eMBB,9.04600055751301
977,eMBB,10.545898978180972
978,eMBB,9.00084036421086
979,eMBB,9.192323400930663
980,eMBB,8.18147195652775
981,eMBB,8.361971762692125
982,eMBB,10.576114451517014
983,eMBB,9.94034274119743
984,eMBB,10.672179013499802
985,eMBB,11.474514531531648
986,eMBB,9.522226710937144
987,eMBB,9.032731863196279
988,eMBB,8.18668458564472
989,eMBB,11.016881289519906
990,eMBB,8.973289456163752
991,eMBB,8.629714686973191
992,eMBB,8.648484574761252
993,eMBB,11.7476675105758
994,eMBB,8.162666208252647
995,eMBB,10.908401884173113
996,eMBB,8.177519868423426
997,eMBB,10.880247108396134
998,eMBB,10.871629088244717
999,eMBB,9.733386003503963
1000,eMBB,10.688360163599777
1001,eMBB,10.093095808082959
1002,eMBB,10.92114853900242
1003,eMBB,10.168074505036076
1004,eMBB,9.103664345780757
1005,eMBB,7.639995145873808
1006,eMBB,10.908884827460401
1007,eMBB,10.68870971401759
1008,eMBB,9.071222507847612
1009,eMBB,9.341196982636983
1010,eMBB,7.789248528816858
1011,eMBB,10.072432942135102
1012,eMBB,10.004037990942612
1013,eMBB,9.665284695821049
1014,eMBB,10.031448652623268
1015,eMBB,8.182173327189828
1016,eMBB,8.975402438603096
1017,eMBB,9.813132874943523
1018,eMBB,10.262298810490053
1019,eMBB,9.207527545827524
1020,eMBB,12.189251799721516
1021,eMBB,8.970208700735572
1022,eMBB,7.53466224031754
1023,eMBB,9.988151550071514
1024,eMBB,10.316031996215433
1025,eMBB,8.126160424767644
1026,eMBB,12.251201033655752
1027,eMBB,9.36984627697777
1028,eMBB,8.863712491090222
1029,eMBB,8.869033116979274
1030,eMBB,10.353379633250613
1031,eMBB,8.998333278925463
1032,eMBB,10.80489499806764
1033,eMBB,9.653269792141536
1034,eMBB,10.7118458680253
1035,eMBB,11.339612415610372
1036,eMBB,9.718871171610987
1037,eMBB,10.751045927417476
1038,eMBB,11.496313137193443
1039,eMBB,8.720549926057434
1040,eMBB,9.201112672865841
1041,eMBB,10.374681558543116
1042,eMBB,8.56879108362008
1043,eMBB,9.35690143893293
1044,eMBB,9.475015464067962
1045,eMBB,9.353617897755374
1046,eMBB,9.539393876736883
1047,eMBB,10.26350772553859
1048,eMBB,9.305172533223812
1049,eMBB,8.364892468807694
1050,eMBB,9.767286832890067
1051,eMBB,11.448846442301159
1052,eMBB,12.018364901202265
1053,eMBB,10.342124056515981
1054,eMBB,11.287754246682663
1055,eMBB,9.629643484733176
1056,eMBB,9.91965497806027
1057,eMBB,10.871019367495487
1058,eMBB,11.30467157399984
1059,eMBB,10.301875406506152
1060,eMBB,8.521876675084336
1061,eMBB,10.35104619556393
1062,eMBB,10.770936794677592
1063,eMBB,11.603259430420103
1064,eMBB,8.038141153523897
1065,eMBB,10.786711925731016
1066,eMBB,8.88524852600647
1067,eMBB,9.539275617124026
1068,eMBB,9.265445881567329
1069,eMBB,9.628564655567065
1070,eMBB,7.65125728123217
1071,eMBB,8.685383747742215
1072,eMBB,10.814025350471159
1073,eMBB,11.473877533079623
1074,eMBB,10.030895421373062
1075,eMBB,12.598129314484448
1076,eMBB,9.84825261108655
1077,eMBB,10.648607215083443
1078,eMBB,9.800756786390671
1079,eMBB,8.716954015334808
1080,eMBB,9.86586166182828
1081,eMBB,11.11825481718774
1082,eMBB,9.609960682250264
1083,eMBB,9.786548458090405
1084,eMBB,9.871344824245552
1085,eMBB,10.358520225747295
1086,eMBB,9.36497725895042
1087,eMBB,11.344863486258985
1088,eMBB,10.43561518347809
1089,eMBB,8.896135242325402
1090,eMBB,9.44665607035553
1091,eMBB,11.042257152721618
1092,eMBB,10.535457838989082
1093,eMBB,10.827564597383134
1094,eMBB,9.875389233273374
1095,eMBB,11.001417721228691
1096,eMBB,10.05848166865132
1097,eMBB,10.225473694628597
1098,eMBB,9.410915959064841
1099,eMBB,8.433061387353389
1100,eMBB,8.602255910088134
1101,eMBB,10.434879581129247
1102,eMBB,7.860062074597158
1103,eMBB,8.893105298699913
1104,eMBB,9.686566870404151
1105,eMBB,9.110024871321801
1106,eMBB,9.545382225348426
1107,eMBB,10.978922353250312
1108,eMBB,8.769076991876808
1109,eMBB,10.317869279461888
1110,eMBB,8.908534226047905
1111,eMBB,11.245612157880974
1112,eMBB,9.181541140784713
1113,eMBB,9.614679797821145
1114,eMBB,10.473412351674602
1115,eMBB,8.86218281671458
1116,eMBB,8.259542268388158
1117,eMBB,11.376434580218646
1118,eMBB,9.610871363384035
1119,eMBB,10.49054420358692
1120,eMBB,9.146459835033607
1121,eMBB,9.32753573959498
1122,eMBB,9.479479909984287
1123,eMBB,9.094764973606232
1124,eMBB,9.627178757708915
1125,eMBB,11.658868412161414
1126,eMBB,7.923529621157558
1127,eMBB,6.531007837938996
1128,eMBB,10.362640284376138
1129,eMBB,10.361697390261018
1130,eMBB,10.233969433436279
1131,eMBB,9.030320563851074
1132,eMBB,9.146102081173396
1133,eMBB,9.847452466218778
1134,eMBB,10.338192648604785
1135,eMBB,10.36220155712957
1136,eMBB,8.801767704278895
1137,eMBB,7.964229747709927
1138,eMBB,10.627860878500472
1139,eMBB,8.775332870363455
1140,eMBB,12.879303018073541
1141,eMBB,10.779193024408873
1142,eMBB,8.308648687364897
1143,eMBB,8.903870279429896
1144,eMBB,9.813626998611308
1145,eMBB,8.496609221790877
1146,eMBB,10.39235949035432
1147,eMBB,8.305722854108014
1148,eMBB,8.876273705335548
1149,eMBB,9.224424578911155
1150,eMBB,9.51488061386964
1151,eMBB,9.467349502179184
1152,eMBB,10.818786939516118
1153,eMBB,10.53009363605811
1154,eMBB,10.005548104925259
1155,eMBB,9.534127002087416
1156,eMBB,9.776354383946407
1157,eMBB,10.254894287522475
1158,eMBB,9.951220193874118
1159,eMBB,9.554404523191181
1160,eMBB,9.356017791058056
1161,eMBB,9.507052845964491
1162,eMBB,9.943447627156031
1163,eMBB,9.959148731975729
1164,eMBB,10.848110965929905
1165,eMBB,10.211890724054724
1166,eMBB,8.831381576232904
1167,eMBB,8.880119488049788
1168,eMBB,9.902021674972792
1169,eMBB,11.152301498497948
1170,eMBB,9.78323105959098
1171,eMBB,9.15605787510848
1172,eMBB,9.967572893439188
1173,eMBB,8.316602683580072
1174,eMBB,8.79487006646948
1175,eMBB,11.089344936035843
1176,eMBB,9.650820798219938
1177,eMBB,10.294358469696387
1178,eMBB,9.85442881987256
1179,eMBB,10.875890437810025
1180,eMBB,10.848909751659885
1181,eMBB,10.617308344377086
1182,eMBB,10.656958155024366
1183,eMBB,10.64745752338036
1184,eMBB,10.584557062140895
1185,eMBB,8.8823954347307
1186,eMBB,10.374290037172843
1187,eMBB,9.783207819381785
1188,eMBB,10.294892302097734
1189,eMBB,9.156804846963242
1190,eMBB,11.029765999178295
1191,eMBB,11.911264746990993
1192,eMBB,9.256125948086515
1193,eMBB,10.20215916715158
1194,eMBB,10.811659560107751
1195,eMBB,11.45800655033047
1196,eMBB,11.096931056569664
1197,eMBB,8.922060899619602
1198,eMBB,9.879391536699787
1199,eMBB,10.55280458337043
1200,eMBB,10.719861889333826
1201,eMBB,10.547994291963438
1202,eMBB,7.132062154735722
1203,eMBB,8.130185981162967
1204,eMBB,9.753644296060342
1205,eMBB,11.238676564933456
1206,eMBB,9.858107825878765
1207,eMBB,9.682237250847358
1208,eMBB,10.407731498359432
1209,eMBB,10.355839341789586
1210,eMBB,9.96253814330741
1211,eMBB,11.637801556057752
1212,eMBB,10.162850394207572
1213,eMBB,10.102686019795971
1214,eMBB,8.998180049477218
1215,eMBB,9.438476590540944
1216,eMBB,9.534982533574462
1217,eMBB,8.554631650072034
1218,eMBB,10.858825837663423
1219,eMBB,11.227687924407999
1220,eMBB,8.87660618445495
1221,eMBB,10.220094088573381
1222,eMBB,10.230835999788255
1223,eMBB,8.745826568217021
1224,eMBB,11.457594646587328
1225,eMBB,9.073610617300657
1226,eMBB,7.598767726043021
1227,eMBB,10.119320551806496
1228,eMBB,8.14190303640206
1229,eMBB,10.815006539571268
1230,eMBB,11.175487414979864
1231,eMBB,10.265153740841074
1232,eMBB,9.920526992573754
1233,eMBB,10.147718174941778
1234,eMBB,7.7244829028171464
1235,eMBB,10.851433344481771
1236,eMBB,9.675947505436197
1237,eMBB,8.911654033476477
1238,eMBB,11.096392598538317
1239,eMBB,10.707040277275498
1240,eMBB,8.43118087568674
1241,eMBB,9.038371748136068
1242,eMBB,8.761479697233833
1243,eMBB,9.748509524816956
1244,eMBB,8.553340694987154
1245,eMBB,9.446290109031839
1246,eMBB,9.381473474590848
1247,eMBB,8.38425321129125
1248,eMBB,10.964156773163117
1249,eMBB,11.173537661766646
1250,eMBB,8.37476912034261
1251,eMBB,8.840211815359982
1252,eMBB,10.600016288267087
1253,eMBB,9.91133674400958
1254,eMBB,11.317671959769303
1255,eMBB,10.21508570967959
1256,eMBB,11.470413132872263
1257,eMBB,10.488843467806088
1258,eMBB,7.43548137499087
1259,eMBB,9.38583350394754
1260,eMBB,10.785650153795094
1261,eMBB,11.242626720253222
1262,eMBB,9.010799672605604
1263,eMBB,10.3493843354461
1264,eMBB,8.986299120327208
1265,eMBB,9.606716364686177
1266,eMBB,10.600995449851412
1267,eMBB,10.248649182681467
1268,eMBB,9.892260163953333
1269,eMBB,10.174081566397964
1270,eMBB,9.773214548099821
1271,eMBB,10.407226115215373
1272,eMBB,10.302141473537915
1273,eMBB,9.421659722285579
1274,eMBB,9.246170407351178
1275,eMBB,10.051916601999869
1276,eMBB,9.808364876045607
1277,eMBB,11.239534087293915
1278,eMBB,11.470516621459085
1279,eMBB,10.498936534679538
1280,eMBB,10.594092089948358
1281,eMBB,10.461319447101236
1282,eMBB,11.412591913363244
1283,eMBB,9.365304126920522
1284,eMBB,8.733429695178575
1285,eMBB,9.566747950278573
1286,eMBB,13.173061998682224
1287,eMBB,10.364430120062481
1288,eMBB,9.807909785839414
1289,eMBB,9.599831192780155
1290,eMBB,10.244410139961216
1291,eMBB,9.38215041708267
1292,eMBB,9.488951608784186
1293,eMBB,9.79362904280519
1294,eMBB,10.070027318874347
1295,eMBB,9.19674770765781
1296,eMBB,10.881371451007821
1297,eMBB,9.800081579427642
1298,eMBB,9.029371197932466
1299,eMBB,9.854774973568857
1300,eMBB,9.728730608881772
1301,eMBB,9.466843607558603
1302,eMBB,11.020782691422516
1303,eMBB,7.729665892815138
1304,eMBB,8.106852108699236
1305,eMBB,9.427753606394322
1306,eMBB,9.21889575679766
1307,eMBB,10.84398397604638
1308,eMBB,11.251959984182726
1309,eMBB,8.701659702042745
1310,eMBB,7.460362280025397
1311,eMBB,9.393919626090549
1312,eMBB,9.890198174173037
1313,eMBB,12.402266796035471
1314,eMBB,11.372395096108713
1315,eMBB,9.707109743784768
1316,eMBB,9.719081052162508
1317,eMBB,10.53861276535561
1318,eMBB,10.576286934921184
1319,eMBB,9.220741080529798
1320,eMBB,9.147915911232747
1321,eMBB,9.227252931332451
1322,eMBB,8.942404174556643
1323,eMBB,8.564706580121374
1324,eMBB,9.832386611649614
1325,eMBB,8.800265291989257
1326,eMBB,9.496296401011193
1327,eMBB,9.254375175488168
1328,eMBB,10.021525231627692
1329,eMBB,8.294532320525981
1330,eMBB,8.484011584681777
1331,eMBB,11.282373993594236
1332,eMBB,9.675193666181999
1333,eMBB,11.717814020954483
1334,eMBB,8.854849965337788
1335,eMBB,11.13208160543704
1336,eMBB,10.80692886730924
1337,eMBB,9.2260030313342
1338,eMBB,9.466945925943673
1339,eMBB,11.250034905146949
1340,eMBB,8.826249803743304
1341,eMBB,9.538132007818573
1342,eMBB,9.56836167580614
1343,eMBB,10.750998099531296
1344,eMBB,8.798275075000525
1345,eMBB,11.640278080248214
1346,eMBB,10.439114919027194
1347,eMBB,9.660564595195904
1348,eMBB,8.808343335005123
1349,eMBB,9.110680690025807
1350,eMBB,11.236506127291722
1351,eMBB,9.224674285517125
1352,eMBB,8.590631993349158
1353,eMBB,8.854397001549254
1354,eMBB,7.630627232840792
1355,eMBB,9.745102285100378
1356,eMBB,11.169441711738429
1357,eMBB,10.290626443089943
1358,eMBB,12.7931937778863
1359,eMBB,9.301156924669995
1360,eMBB,9.19535780950373
1361,eMBB,7.146677238432131
1362,eMBB,9.340092332399887
1363,eMBB,10.411569450034134
1364,eMBB,12.321239417073444
1365,eMBB,8.496262092548763
1366,eMBB,9.979800218037644
1367,eMBB,12.565551321902102
1368,eMBB,9.58060776462113
1369,eMBB,10.074423598492164
1370,eMBB,9.182847850188155
1371,eMBB,9.453526852327336
1372,eMBB,10.190146766261464
1373,eMBB,11.032858795494967
1374,eMBB,10.18043017208123
1375,eMBB,7.2930280767886515
1376,eMBB,8.635984327431547
1377,eMBB,11.106995015418413
1378,eMBB,10.475630993164467
1379,eMBB,8.352526610967901
1380,eMBB,8.954697368297902
1381,eMBB,9.529515388277465
1382,eMBB,10.595253904629452
1383,eMBB,9.691238508796369
1384,eMBB,9.914961765779918
1385,eMBB,9.691755928788522
1386,eMBB,9.865970999482347
1387,eMBB,11.921632912339398
1388,eMBB,9.600237186732192
1389,eMBB,10.431903024171987
1390,eMBB,10.12328428666111
1391,eMBB,9.143648095602884
1392,eMBB,9.518014316723406
1393,eMBB,11.252422962344507
1394,eMBB,9.547275806223267
1395,eMBB,9.746781844154848
1396,eMBB,10.936495348423566
1397,eMBB,11.235290944749112
1398,eMBB,9.324863461136937
1399,eMBB,8.882677656786253
1400,eMBB,10.329948675137507
1401,eMBB,9.855385522038306
1402,eMBB,9.66237414047363
1403,eMBB,9.103653580583632
1404,eMBB,9.747677389217847
1405,eMBB,9.493462219640687
1406,eMBB,10.083587239716596
1407,eMBB,9.73599508699875
1408,eMBB,8.683036826749463
1409,eMBB,8.611896729697794
1410,eMBB,9.437093754068941
1411,eMBB,10.644569867718051
1412,eMBB,9.548729624795058
1413,eMBB,8.343424452152851
1414,eMBB,9.64713955992006
1415,eMBB,9.501974820088856
1416,eMBB,9.764943634073594
1417,eMBB,9.241961210186936
1418,eMBB,9.802969732457218
1419,eMBB,9.711983935392697
1420,eMBB,11.686020185710367
1421,eMBB,11.289148748524255
1422,eMBB,8.572463013071829
1423,eMBB,11.802853462203418
1424,eMBB,9.212755555499642
1425,eMBB,8.869729838704197
1426,eMBB,10.648978632727118
1427,eMBB,10.510987227770356
1428,eMBB,9.155367153052838
1429,eMBB,11.573462665704158
1430,eMBB,9.093288185463871
1431,eMBB,9.517563709018216
1432,eMBB,10.424844816552014
1433,eMBB,11.06505536830574
1434,eMBB,9.682775715755572
1435,eMBB,9.95793597880958
1436,eMBB,9.723982033382159
1437,eMBB,9.890393555507204
1438,eMBB,8.46469760229762
1439,eMBB,8.82210203774101
1440,eMBB,8.054566631253019
1441,eMBB,10.99677343811847
1442,eMBB,9.021986248604648
1443,eMBB,9.043216442832078
1444,eMBB,9.267218456448285
1445,eMBB,8.93208132305149
1446,eMBB,11.119647800503358
1447,eMBB,9.345090574289756
1448,eMBB,11.582639370025094
1449,eMBB,9.903959205992672
1450,eMBB,11.646460000194885
1451,eMBB,10.271183983237252
1452,eMBB,12.70002213234693
1453,eMBB,11.197389270368829
1454,eMBB,11.688206262306231
1455,eMBB,9.830162615922344
1456,eMBB,9.49941585602848
1457,eMBB,9.845173730808657
1458,eMBB,11.437621276130944
1459,eMBB,10.541708996928838
1460,eMBB,12.069447716451107
1461,eMBB,9.051181573593958
1462,eMBB,10.030567855636296
1463,eMBB,8.708301092497816
1464,eMBB,10.030864054518227
1465,eMBB,9.943210944782834
1466,eMBB,10.063037628486239
1467,eMBB,11.3713797116149
1468,eMBB,11.247942878394015
1469,eMBB,8.607127420603046
1470,eMBB,8.808219181860832
1471,eMBB,12.091651980486606
1472,eMBB,10.29300917222738
1473,eMBB,8.946152422166271
1474,eMBB,9.80634508320405
1475,eMBB,11.604277201179574
1476,eMBB,9.826050183222055
1477,eMBB,9.845140339121244
1478,eMBB,11.082852533378706
1479,eMBB,8.230422645655404
1480,eMBB,11.277912636793564
1481,eMBB,9.488095152534115
1482,eMBB,11.519435004313019
1483,eMBB,8.861627974346534
1484,eMBB,11.88885387988343
1485,eMBB,11.568157405803351
1486,eMBB,9.109950826803624
1487,eMBB,8.604777279611652
1488,eMBB,8.875135918478437
1489,eMBB,8.725236764982224
1490,eMBB,10.533138244924253
1491,eMBB,10.57679703685525
1492,eMBB,9.59731474618258
1493,eMBB,10.108116004142884
1494,eMBB,10.156703796038837
1495,eMBB,10.806630104393395
1496,eMBB,10.168558074978318
1497,eMBB,9.329468818285012
1498,eMBB,9.479444969012093
1499,eMBB,9.227836534156179
1500,eMBB,12.206246763494258
1501,eMBB,9.40500652502488
1502,eMBB,8.870691650227952
1503,eMBB,9.487250874318587
1504,eMBB,10.59897021792746
1505,eMBB,10.706137780684724
1506,eMBB,9.64946590119683
1507,eMBB,11.921802708445988
1508,eMBB,7.755157370097903
1509,eMBB,9.427872489709403
1510,eMBB,11.408936700372884
1511,eMBB,9.432723550860445
1512,eMBB,10.102474316231635
1513,eMBB,10.95081037113337
1514,eMBB,11.81234822563642
1515,eMBB,9.86958628560401
1516,eMBB,11.93934124392039
1517,eMBB,11.476185648652285
1518,eMBB,8.13619982375279
1519,eMBB,10.68649062607302
1520,eMBB,10.661112273541367
1521,eMBB,11.320571612941597
1522,eMBB,7.810263578686278
1523,eMBB,9.456945924010764
1524,eMBB,11.81998141202311
1525,eMBB,10.470444440684634
1526,eMBB,8.866854082629981
1527,eMBB,10.252657670659618
1528,eMBB,8.218382288185891
1529,eMBB,9.746438324600138
1530,eMBB,9.420585336197593
1531,eMBB,9.57521106852171
1532,eMBB,7.878783029906363
1533,eMBB,10.21433369624984
1534,eMBB,10.202457199132507
1535,eMBB,10.547125216031107
1536,eMBB,9.900112185830498
1537,eMBB,7.738995858629612
1538,eMBB,10.237975356540726
1539,eMBB,9.152187383793134
1540,eMBB,9.082594075525842
1541,eMBB,10.068114863596705
1542,eMBB,9.504045858858685
1543,eMBB,9.312377633670245
1544,eMBB,10.96139700312605
1545,eMBB,10.188714014795451
1546,eMBB,9.748728113800299
1547,eMBB,10.214762962561274
1548,eMBB,9.482004356672288
1549,eMBB,9.489349970245796
1550,eMBB,10.423386729872172
1551,eMBB,9.968592736793262
1552,eMBB,11.773864719084736
1553,eMBB,9.25083006324419
1554,eMBB,10.064788234014104
1555,eMBB,9.393632601370312
1556,eMBB,9.870634872428742
1557,eMBB,10.391924994733351
1558,eMBB,11.334855546978046
1559,eMBB,10.770908879476464
1560,eMBB,10.395000523880169
1561,eMBB,10.92698671472982
1562,eMBB,8.276073688789888
1563,eMBB,7.340683770305563
1564,eMBB,7.225757398794532
1565,eMBB,10.166114092801017
1566,eMBB,9.439738230322014
1567,eMBB,11.568880709582105
1568,eMBB,10.259302530535765
1569,eMBB,11.176594315177
1570,eMBB,11.201787969038168
1571,eMBB,10.765935576446187
1572,eMBB,9.799931587768636
1573,eMBB,11.385017530653434
1574,eMBB,10.236480545257091
1575,eMBB,10.502731991974734
1576,eMBB,9.35423400021236
1577,eMBB,10.099998882923455
1578,eMBB,10.592205647099531
1579,eMBB,8.791678897935777
1580,eMBB,9.30739570602204
1581,eMBB,9.894431702704757
1582,eMBB,12.243400488932746
1583,eMBB,10.002836290520326
1584,eMBB,9.456303100227993
1585,eMBB,11.214116197287808
1586,eMBB,10.286466462517911
1587,eMBB,11.577141139221638
1588,eMBB,9.994043170809498
1589,eMBB,9.33956793122745
1590,eMBB,8.293814135423588
1591,eMBB,11.079789800464034
1592,eMBB,10.572239324490457
1593,eMBB,10.591481108667063
1594,eMBB,9.915920088363096
1595,eMBB,8.159154950841456
1596,eMBB,9.674914945824144
1597,eMBB,9.59637982804347
1598,eMBB,10.65892398473297
1599,eMBB,10.254578750331815
1600,eMBB,10.123923713677602
1601,eMBB,10.544311955578804
1602,eMBB,9.140074432228603
1603,eMBB,9.38249377848892
1604,eMBB,11.17399325168351
1605,eMBB,11.218459697362839
1606,eMBB,9.929544231024119
1607,eMBB,8.253340443281472
1608,eMBB,11.448794110629915
1609,eMBB,10.886618504301232
1610,eMBB,11.657509123143145
1611,eMBB,8.814405241849729
1612,eMBB,10.408626256233969
1613,eMBB,10.623687201384588
1614,eMBB,10.641890234317218
1615,eMBB,9.487736294809322
1616,eMBB,10.807118736466737
1617,eMBB,8.836755501408076
1618,eMBB,7.755372102394384
1619,eMBB,11.2672726300809
1620,eMBB,12.231662455193595
1621,eMBB,9.016794252005097
1622,eMBB,10.676474644889415
1623,eMBB,10.040936813235257
1624,eMBB,8.472971579434875
1625,eMBB,11.091336997327778
1626,eMBB,10.069018815720232
1627,eMBB,10.287346264419497
1628,eMBB,11.221561916980091
1629,eMBB,9.515855455651558
1630,eMBB,12.297451876362732
1631,eMBB,9.766229124065386
1632,eMBB,10.815586895492936
1633,eMBB,10.380718290212318
1634,eMBB,10.151124413719835
1635,eMBB,13.452441258894094
1636,eMBB,9.919768428250109
1637,eMBB,9.52267741089133
1638,eMBB,9.525778194645095
1639,eMBB,8.304564233731718
1640,eMBB,11.12900570641847
1641,eMBB,9.243684334235361
1642,eMBB,9.119565930973897
1643,eMBB,10.33363446665471
1644,eMBB,9.357797738117227
1645,eMBB,9.693245271894506
1646,eMBB,11.238825795846742
1647,eMBB,8.40213594686507
1648,eMBB,9.601976248036632
1649,eMBB,11.437162395902389
1650,eMBB,9.511813294067338
1651,eMBB,9.138030346190314
1652,eMBB,8.138291765430774
1653,eMBB,8.959359868584215
1654,eMBB,9.742770378437235
1655,eMBB,11.075085237436227
1656,eMBB,10.837108182452287
1657,eMBB,7.947677888432309
1658,eMBB,8.99999986567884
1659,eMBB,10.460263680140386
1660,eMBB,11.778893272574686
1661,eMBB,10.980496786711647
1662,eMBB,10.959023998386783
1663,eMBB,11.529770348440858
1664,eMBB,10.01407185539536
1665,eMBB,9.845007973497992
1666,eMBB,9.76325387098191
1667,eMBB,10.726138136158948
1668,eMBB,9.345677167343506
1669,eMBB,9.015663533115713
1670,eMBB,9.414819537232082
1671,eMBB,13.598063824552394
1672,eMBB,8.86608861412668
1673,eMBB,9.209240945988494
1674,eMBB,9.780057103528659
1675,eMBB,8.815745490293905
1676,eMBB,10.327822018039072
1677,eMBB,11.65658588064812
1678,eMBB,8.27117790331306
1679,eMBB,10.080737097658409
1680,eMBB,10.005679457821772
1681,eMBB,9.311038369381064
1682,eMBB,8.979945174560392
1683,eMBB,10.895106424816374
1684,eMBB,8.552147536670274
1685,eMBB,10.83229645630472
1686,eMBB,10.16260137958826
1687,eMBB,9.679150986268473
1688,eMBB,10.352246440894769
1689,eMBB,10.080812677565195
1690,eMBB,8.719966765107944
1691,eMBB,10.676447982277804
1692,eMBB,12.170183894837752
1693,eMBB,11.158163229291523
1694,eMBB,11.055601448339418
1695,eMBB,9.023808523187952
1696,eMBB,12.209956183444532
1697,eMBB,10.209063705609632
1698,eMBB,9.684757607448462
1699,eMBB,8.954515454645495
1700,eMBB,8.5683795616468
1701,eMBB,10.707300990329271
1702,eMBB,10.113512320496815
1703,eMBB,9.860018632287424
1704,eMBB,12.21390845311301
1705,eMBB,10.635097932015878
1706,eMBB,9.460299369898653
1707,eMBB,8.719612063959373
1708,eMBB,9.262582530726505
1709,eMBB,8.543865348549538
1710,eMBB,10.433809362871893
1711,eMBB,10.404388213104301
1712,eMBB,9.774621303097726
1713,eMBB,8.773758543716259
1714,eMBB,10.423333201959261
1715,eMBB,9.092950102179556
1716,eMBB,9.505112644891474
1717,eMBB,8.317737627016413
1718,eMBB,11.311826015754566
1719,eMBB,10.987387140391547
1720,eMBB,10.30806248521004
1721,eMBB,9.00890254418631
1722,eMBB,11.61282326784864
1723,eMBB,9.297894750939037
1724,eMBB,11.267368244860021
1725,eMBB,10.653355012902535
1726,eMBB,10.081460574808274
1727,eMBB,9.366332590332862
1728,eMBB,9.66866669425922
1729,eMBB,9.018760307397676
1730,eMBB,9.646942950225489
1731,eMBB,8.986788414481858
1732,eMBB,8.980108021241413
1733,eMBB,10.215155388242907
1734,eMBB,9.499640310283024
1735,eMBB,9.669667945248586
1736,eMBB,7.660543157444723
1737,eMBB,9.503001294323763
1738,eMBB,9.922572751803994
1739,eMBB,9.460195396153878
1740,eMBB,9.019694518537724
1741,eMBB,9.792005423332327
1742,eMBB,12.44654008906119
1743,eMBB,9.017817231344882
1744,eMBB,11.428833437914498
1745,eMBB,8.694556154384092
1746,eMBB,10.508047577626995
1747,eMBB,9.569602868138547
1748,eMBB,9.094535370702133
1749,eMBB,8.981115685927655
1750,eMBB,9.822117408677252
1751,eMBB,10.470058629968648
1752,eMBB,7.388962823943187
1753,eMBB,10.363440575099004
1754,eMBB,9.021814190414114
1755,eMBB,10.536641033542578
1756,eMBB,9.622999430861416
1757,eMBB,10.452456157863326
1758,eMBB,10.408342471739395
1759,eMBB,11.283329551156655
1760,eMBB,8.379924718549306
1761,eMBB,9.547962077561005
1762,eMBB,8.780657213160246
1763,eMBB,9.581124922685477
1764,eMBB,8.960061657043719
1765,eMBB,9.126993901396835
1766,eMBB,9.84801386858746
1767,eMBB,9.219238953261701
1768,eMBB,10.193038645980605
1769,eMBB,8.723455921728586
1770,eMBB,10.067393775001356
1771,eMBB,10.719048108363832
1772,eMBB,9.944772016019789
1773,eMBB,10.3482121156999
1774,eMBB,10.206749733795347
1775,eMBB,9.613006005612496
1776,eMBB,8.608981435479361
1777,eMBB,9.403081210345093
1778,eMBB,11.235313024245624
1779,eMBB,9.198200729004355
1780,eMBB,8.753522469156355
1781,eMBB,8.451022410748873
1782,eMBB,7.6267678359956745
1783,eMBB,7.912835661616453
1784,eMBB,8.905192754475339
1785,eMBB,9.075996061253102
1786,eMBB,10.147282146051916
1787,eMBB,10.014205831841933
1788,eMBB,8.590992627000343
1789,eMBB,8.605722425414859
1790,eMBB,8.220757273654536
1791,eMBB,9.153107319672692
1792,eMBB,10.650488474125583
1793,eMBB,10.171919986572068
1794,eMBB,10.85044172962726
1795,eMBB,10.138729759974497
1796,eMBB,9.148839824278262
1797,eMBB,8.496747555663864
1798,eMBB,7.652582201235721
1799,eMBB,8.988542686949852
1800,eMBB,9.542718016134078
1801,eMBB,11.318853676095904
1802,eMBB,11.329919519550208
1803,eMBB,9.837442543037126
1804,eMBB,11.991681879761707
1805,eMBB,11.495330131296493
1806,eMBB,9.08935326949947
1807,eMBB,9.962909811755258
1808,eMBB,11.98779725236418
1809,eMBB,12.201036941222034
1810,eMBB,10.13864124753893
1811,eMBB,8.866455595016774
1812,eMBB,9.625166121782861
1813,eMBB,9.736701413037283
1814,eMBB,9.469738984724268
1815,eMBB,9.943798147808353
1816,eMBB,8.441001992400397
1817,eMBB,9.79725301599876
1818,eMBB,11.037506650509226
1819,eMBB,10.049520671441313
1820,eMBB,8.643114944309094
1821,eMBB,9.851188140904299
1822,eMBB,9.651539989076579
1823,eMBB,9.453067208755979
1824,eMBB,6.473600251425155
1825,eMBB,9.28612843078819
1826,eMBB,8.737759885758315
1827,eMBB,9.961672282836714
1828,eMBB,11.505052581781209
1829,eMBB,10.253646682330674
1830,eMBB,12.160866460401381
1831,eMBB,6.516961275830058
1832,eMBB,9.375401216479817
1833,eMBB,10.903647596360084
1834,eMBB,10.292119443824829
1835,eMBB,10.231810921464486
1836,eMBB,9.221232567215734
1837,eMBB,10.63770338392593
1838,eMBB,8.527383555215005
1839,eMBB,10.040675734389469
1840,eMBB,10.747069748948848
1841,eMBB,9.237042010990184
1842,eMBB,9.780337377931268
1843,eMBB,8.09229234201953
1844,eMBB,9.811404540607464
1845,eMBB,10.288097172311405
1846,eMBB,10.431177286266744
1847,eMBB,8.878814060631603
1848,eMBB,11.175236851778157
1849,eMBB,8.880154057844342
1850,eMBB,10.730434598832478
1851,eMBB,9.903677270298848
1852,eMBB,9.377972614017306
1853,eMBB,9.73119220056773
1854,eMBB,8.93142060311414
1855,eMBB,11.088855916898856
1856,eMBB,9.778871858615313
1857,eMBB,9.705230703314268
1858,eMBB,11.29398531968183
1859,eMBB,9.647506008577057
1860,eMBB,10.562611313447805
1861,eMBB,10.788706526544667
1862,eMBB,10.790427270115828
1863,eMBB,10.701425751040388
1864,eMBB,10.042465530359385
1865,eMBB,10.38815894474546
1866,eMBB,8.84015793309198
1867,eMBB,9.847780958470308
1868,eMBB,8.38102077185013
1869,eMBB,10.18057838164001
1870,eMBB,11.165772451743667
1871,eMBB,10.023587259967083
1872,eMBB,10.175044504466394
1873,eMBB,10.4038545161843
1874,eMBB,9.126029615235089
1875,eMBB,10.651141283611478
1876,eMBB,10.449164864444908
1877,eMBB,9.60080397977115
1878,eMBB,8.531813949426963
1879,eMBB,9.131082134578326
1880,eMBB,10.70069011578473
1881,eMBB,9.741710259160005
1882,eMBB,9.822444465967948
1883,eMBB,11.05351796494049
1884,eMBB,12.250260429498278
1885,eMBB,8.046666292295383
1886,eMBB,8.687179955893253
1887,eMBB,9.945843027524964
1888,eMBB,10.174791404109493
1889,eMBB,10.247870267533502
1890,eMBB,9.892550803865756
1891,eMBB,8.742833678138329
1892,eMBB,10.639845399531957
1893,eMBB,11.555698457324482
1894,eMBB,9.181856380680806
1895,eMBB,9.536519079193118
1896,eMBB,8.783854739958564
1897,eMBB,10.194019922919221
1898,eMBB,9.416176253788507
1899,eMBB,9.13224564767205
1900,eMBB,12.13895178172199
1901,eMBB,8.620568621368054
1902,eMBB,10.398878406599529
1903,eMBB,8.931954301071439
1904,eMBB,7.448672842135696
1905,eMBB,9.002200919336346
1906,eMBB,9.700869984014728
1907,eMBB,10.814526801007998
1908,eMBB,8.663053224913721
1909,eMBB,8.619942623667482
1910,eMBB,11.844832660665167
1911,eMBB,10.01121384819284
1912,eMBB,9.580830855553826
1913,eMBB,11.242994182611303
1914,eMBB,8.741634236566803
1915,eMBB,10.64912791913832
1916,eMBB,10.463652365487015
1917,eMBB,8.322571238062132
1918,eMBB,8.007425670401167
1919,eMBB,10.874713876502133
1920,eMBB,10.236294728666673
1921,eMBB,9.38603297396306
1922,eMBB,9.91336432722758
1923,eMBB,10.662542520093297
1924,eMBB,9.26616408593594
1925,eMBB,10.818859845052712
1926,eMBB,8.960730938598058
1927,eMBB,9.881983555462499
1928,eMBB,9.303493716832751
1929,eMBB,10.087403054346732
1930,eMBB,9.154726907025513
1931,eMBB,10.297441328157321
1932,eMBB,8.908436710692065
1933,eMBB,8.93463121575227
1934,eMBB,10.543401141482697
1935,eMBB,10.660226706944863
1936,eMBB,11.070492220723605
1937,eMBB,10.102944149934842
1938,eMBB,10.70492208686981
1939,eMBB,9.924954563567464
1940,eMBB,11.475309294466829
1941,eMBB,9.301272520391862
1942,eMBB,10.440929930850189
1943,eMBB,9.08893940917395
1944,eMBB,11.311612345642152
1945,eMBB,9.619343767844724
1946,eMBB,11.317671126797942
1947,eMBB,8.98702994843979
1948,eMBB,9.817624161925245
1949,eMBB,10.580526592320261
1950,eMBB,9.289944448083892
1951,eMBB,8.645269024341186
1952,eMBB,8.425889293429135
1953,eMBB,10.985848430600356
1954,eMBB,9.415884374294686
1955,eMBB,10.927555439945486
1956,eMBB,9.759451167991864
1957,eMBB,9.308078876401161
1958,eMBB,10.734604294905022
1959,eMBB,9.907462003957418
1960,eMBB,12.25524239605836
1961,eMBB,10.030970358181188
1962,eMBB,10.005619229836052
1963,eMBB,10.097241703588576
1964,eMBB,8.798825581491709
1965,eMBB,9.064302245124916
1966,eMBB,9.854825661616648
1967,eMBB,10.977026128786902
1968,eMBB,11.72374821141168
1969,eMBB,9.319495761834002
1970,eMBB,8.991731840935154
1971,eMBB,10.10315402472386
1972,eMBB,10.862663208708884
1973,eMBB,11.32246426470298
1974,eMBB,11.830159466618795
1975,eMBB,10.949404187953485
1976,eMBB,11.021709695959586
1977,eMBB,10.202409294851526
1978,eMBB,8.827929743319219
1979,eMBB,10.926315392504526
1980,eMBB,9.289962131461092
1981,eMBB,11.96186398524922
1982,eMBB,11.9932613845589
1983,eMBB,10.542146559392823
1984,eMBB,8.79212891572056
1985,eMBB,10.48559607995371
1986,eMBB,7.734126657372853
1987,eMBB,9.968912669274284
1988,eMBB,9.948073471117391
1989,eMBB,9.289687054909633
1990,eMBB,12.08900510702307
1991,eMBB,9.024395233686274
1992,eMBB,9.345880994677213
1993,eMBB,8.19710215365981
1994,eMBB,9.396473802868018
1995,eMBB,11.132227205186524
1996,eMBB,9.258606755693718
1997,eMBB,9.651127443260469
1998,eMBB,12.231240608376318
1999,eMBB,9.179379712942811
0,mMTC,0.0
1,mMTC,0.0
2,mMTC,0.24297387538000578
3,mMTC,0.29967624296320217
4,mMTC,0.291091489117704
5,mMTC,0.2933563685728847
6,mMTC,0.2956506484169507
7,mMTC,0.3025314649420164
8,mMTC,0.30030228875068793
9,mMTC,0.29410731746472535
10,mMTC,0.29743525500447754
11,mMTC,0.2970884922357734
12,mMTC,0.3038244818199681
13,mMTC,0.3022177707174331
14,mMTC,0.2993781781973034
15,mMTC,0.2978503971935266
16,mMTC,0.29887837249953575
17,mMTC,0.29499684864955256
18,mMTC,0.29827940217230076
19,mMTC,0.2954319168351358
20,mMTC,0.29552363584960456
21,mMTC,0.3006151726942864
22,mMTC,0.29856653893772267
23,mMTC,0.2946403779011204
24,mMTC,0.2976124679636333
25,mMTC,0.2960176348543718
26,mMTC,0.3001675090944998
27,mMTC,0.29842937275462406
28,mMTC,0.2944261752397482
29,mMTC,0.29682025501150844
30,mMTC,0.2937421104493805
31,mMTC,0.29898240898430384
32,mMTC,0.29679565761366095
33,mMTC,0.2972271245848391
34,mMTC,0.2967140412743701
35,mMTC,0.2989847598228115
36,mMTC,0.2965463390985355
37,mMTC,0.29518782266484433
38,mMTC,0.29630865464860123
39,mMTC,0.291406795441458
40,mMTC,0.298965765876643
41,mMTC,0.2973997221604784
42,mMTC,0.29124841203038676
43,mMTC,0.29799777621203977
44,mMTC,0.2995516752850509
45,mMTC,0.29556178009706074
46,mMTC,0.30041768163489835
47,mMTC,0.30170746415684746
48,mMTC,0.2937228817808372
49,mMTC,0.2988558133560339
50,mMTC,0.2985975109617133
51,mMTC,0.290981529551759
52,mMTC,0.29961419583097154
53,mMTC,0.2974943722446047
54,mMTC,0.2946491539180792
55,mMTC,0.3026223911971895
56,mMTC,0.29536235105474007
57,mMTC,0.2966470664081853
58,mMTC,0.294774487863907
59,mMTC,0.2979498196423676
60,mMTC,0.29637138034257704
61,mMTC,0.2910531231245686
62,mMTC,0.2957872014424834
63,mMTC,0.29908929821251673
64,mMTC,0.295990143455833
65,mMTC,0.29231503810613413
66,mMTC,0.294276451206874
67,mMTC,0.30104256313680866
68,mMTC,0.3013811295180554
69,mMTC,0.29760797576727094
70,mMTC,0.2997507643856084
71,mMTC,0.297639976651848
72,mMTC,0.3002532910997328
73,mMTC,0.2983321118818493
74,mMTC,0.2954592463962117
75,mMTC,0.3012804639008139
76,mMTC,0.29672257073662944
77,mMTC,0.29696017501389615
78,mMTC,0.2947005408895436
79,mMTC,0.2957930681401265
80,mMTC,0.2979745321752287
81,mMTC,0.3004004543626977
82,mMTC,0.29837117210857017
83,mMTC,0.29438096365169925
84,mMTC,0.2963390031351361
85,mMTC,0.2972840285072507
86,mMTC,0.2948820394765495
87,mMTC,0.2954587955665966
88,mMTC,0.2941124511670351
89,mMTC,0.2984258580303346
90,mMTC,0.3014572237001708
91,mMTC,0.2983130612668821
92,mMTC,0.2952385293428814
93,mMTC,0.29564722125450404
94,mMTC,0.3034802212550376
95,mMTC,0.3058934976218148
96,mMTC,0.3005038192284519
97,mMTC,0.2980834508029043
98,mMTC,0.3010407160340428
99,mMTC,0.2984607640765539
100,mMTC,0.2944437318145613
101,mMTC,0.29532108820956565
102,mMTC,0.29626307749394903
103,mMTC,0.2953506245297332
104,mMTC,0.29699181136741176
105,mMTC,0.2951627060687152
106,mMTC,0.29625743496509693
107,mMTC,0.29534856750099725
108,mMTC,0.2928857350024327
109,mMTC,0.2916857120285284
110,mMTC,0.29581206097753904
111,mMTC,0.2991109782739392
112,mMTC,0.2934649296653531
113,mMTC,0.29072784180670935
114,mMTC,0.2946189604859569
115,mMTC,0.299796104723258
116,mMTC,0.3002265381192479
117,mMTC,0.29518060258732354
118,mMTC,0.2902122019888325
119,mMTC,0.297526245666764
120,mMTC,0.2937172213077443
121,mMTC,0.29563553553105076
122,mMTC,0.29664164326487563
123,mMTC,0.29945434378559516
124,mMTC,0.2987038163546442
125,mMTC,0.2988559954912779
126,mMTC,0.29679345869288626
127,mMTC,0.2936717934041006
128,mMTC,0.294104960872664
129,mMTC,0.29776017896753004
130,mMTC,0.2999347219011435
131,mMTC,0.2971802062468795
132,mMTC,0.2957088426710595
133,mMTC,0.29488866812247994
134,mMTC,0.29616701146316327
135,mMTC,0.29397392502421626
136,mMTC,0.2940409509811695
137,mMTC,0.29803867989968624
138,mMTC,0.29670486204235363
139,mMTC,0.29247413973014247
140,mMTC,0.2955989208549802
141,mMTC,0.2996404532945659
142,mMTC,0.2948190388141974
143,mMTC,0.3003474720163021
144,mMTC,0.30413894303680244
145,mMTC,0.2995311522009523
146,mMTC,0.2979460613870496
147,mMTC,0.29813380469523354
148,mMTC,0.2990712782031999
149,mMTC,0.29278662065551153
150,mMTC,0.29758023845134474
151,mMTC,0.2962187377169161
152,mMTC,0.30108705150861104
153,mMTC,0.30131951051955325
154,mMTC,0.2970308735471226
155,mMTC,0.2965653993647602
156,mMTC,0.2985159777856587
157,mMTC,0.29745284257982
158,mMTC,0.2966693652645385
159,mMTC,0.2943675811981394
160,mMTC,0.2965362614439878
161,mMTC,0.30161421645810893
162,mMTC,0.29794789686373807
163,mMTC,0.29933448428720777
164,mMTC,0.2974063205788601
165,mMTC,0.2976443888739073
166,mMTC,0.2996404980034046
167,mMTC,0.29510436047073024
168,mMTC,0.2975665840613992
169,mMTC,0.29946952941672045
170,mMTC,0.29821326732847575
171,mMTC,0.29391735416839093
172,mMTC,0.29059045700573505
173,mMTC,0.2945727909305898
174,mMTC,0.3019478022658586
175,mMTC,0.2970498544866972
176,mMTC,0.2989803780949937
177,mMTC,0.30021349594896174
178,mMTC,0.2986483779595473
179,mMTC,0.2924430819010086
180,mMTC,0.29304650050388603
181,mMTC,0.2974436947024479
182,mMTC,0.29731865199853474
183,mMTC,0.3001508514661832
184,mMTC,0.2984544069601885
185,mMTC,0.2978688740050105
186,mMTC,0.29959759695199023
187,mMTC,0.29918609902219195
188,mMTC,0.29751207801686635
189,mMTC,0.29836758596296775
190,mMTC,0.29711046890735004
191,mMTC,0.2972461387832789
192,mMTC,0.29453626786870246
193,mMTC,0.29820032408131664
194,mMTC,0.2967261136439134
195,mMTC,0.29664076238909376
196,mMTC,0.2959840726825637
197,mMTC,0.2988014753853933
198,mMTC,0.2991390684369718
199,mMTC,0.2961815782146426
200,mMTC,0.2994582916840051
201,mMTC,0.29613016812105275
202,mMTC,0.2976828010298955
203,mMTC,0.294743331837534
204,mMTC,0.29391947801413043
205,mMTC,0.2976355839754551
206,mMTC,0.2950274937302652
207,mMTC,0.295713300460929
208,mMTC,0.2961898189541029
209,mMTC,0.2926210095405055
210,mMTC,0.2969015295476236
211,mMTC,0.29876289468369766
212,mMTC,0.29994786888317676
213,mMTC,0.29713849334711157
214,mMTC,0.29259501014367745
215,mMTC,0.2959014386267261
216,mMTC,0.298393799624839
217,mMTC,0.2990004315210353
218,mMTC,0.29781616931245125
219,mMTC,0.29989648182298506
220,mMTC,0.3002815368748149
221,mMTC,0.29634492710194504
222,mMTC,0.29668986218308285
223,mMTC,0.29578293124081323
224,mMTC,0.2999235668195497
225,mMTC,0.2969442845542992
226,mMTC,0.2923235467095171
227,mMTC,0.29807560814989736
228,mMTC,0.2931736644352699
229,mMTC,0.29708602078878904
230,mMTC,0.30288771547086507
231,mMTC,0.29390618787349676
232,mMTC,0.2975392225913853
233,mMTC,0.3008335216317371
234,mMTC,0.29723508094984014
235,mMTC,0.29409015978615355
236,mMTC,0.29677289838035636
237,mMTC,0.29658484386319406
238,mMTC,0.292267148833499
239,mMTC,0.302852288826833
240,mMTC,0.29789118011718946
241,mMTC,0.29819913074156285
242,mMTC,0.29339858526602275
243,mMTC,0.29509718298325494
244,mMTC,0.2994947140789853
245,mMTC,0.2989439782472333
246,mMTC,0.29548620971719824
247,mMTC,0.29515110406465667
248,mMTC,0.29793379429462236
249,mMTC,0.2940819003015847
250,mMTC,0.29768962122453074
251,mMTC,0.3021988070079517
252,mMTC,0.2951832595133101
253,mMTC,0.29401123589596806
254,mMTC,0.3018270478643328
255,mMTC,0.2956352395338161
256,mMTC,0.301078349808548
257,mMTC,0.30024680590370934
258,mMTC,0.30246814293115515
259,mMTC,0.3006993881426544
260,mMTC,0.2999747630674464
261,mMTC,0.2965966557698828
262,mMTC,0.29723813786721465
263,mMTC,0.2937935981094319
264,mMTC,0.29428736631309405
265,mMTC,0.2982664299216479
266,mMTC,0.29684124686322083
267,mMTC,0.3001327734785654
268,mMTC,0.2992155706471732
269,mMTC,0.29860537418000127
270,mMTC,0.2989824602875879
271,mMTC,0.29515921668097633
272,mMTC,0.29879820073839714
273,mMTC,0.29618293616266156
274,mMTC,0.29377192199142305
275,mMTC,0.30002991225287245
276,mMTC,0.29881740733464907
277,mMTC,0.30185035642118774
278,mMTC,0.2978923017579134
279,mMTC,0.2940558113683656
280,mMTC,0.2953876473295698
281,mMTC,0.2975958328978419
282,mMTC,0.29790711083694044
283,mMTC,0.29806755583361827
284,mMTC,0.2993902813495268
285,mMTC,0.3012690548344052
286,mMTC,0.29811618460314554
287,mMTC,0.29509949594856955
288,mMTC,0.2990742720079094
289,mMTC,0.29408607231326983
290,mMTC,0.2932908387508323
291,mMTC,0.2938116196414285
292,mMTC,0.29579042733126953
293,mMTC,0.29589090799429146
294,mMTC,0.2966505826911871
295,mMTC,0.2961718595638328
296,mMTC,0.29537444817835196
297,mMTC,0.2996771098344761
298,mMTC,0.29994641062498273
299,mMTC,0.2963647503436378
300,mMTC,0.2924549244471321
301,mMTC,0.29555083739216903
302,mMTC,0.2924501175679372
303,mMTC,0.2941221725984719
304,mMTC,0.29885817382840685
305,mMTC,0.2980438523660503
306,mMTC,0.29796449281925286
307,mMTC,0.29602879634434986
308,mMTC,0.29818974086268446
309,mMTC,0.29918497531338845
310,mMTC,0.2965795405424405
311,mMTC,0.29959319993725525
312,mMTC,0.29781920574985693
313,mMTC,0.29461072562524
314,mMTC,0.2909312969771137
315,mMTC,0.2933565142362025
316,mMTC,0.2998209882878451
317,mMTC,0.3025213761730038
318,mMTC,0.29902622207575985
319,mMTC,0.2972523061842283
320,mMTC,0.29983620420353274
321,mMTC,0.2999242124629772
322,mMTC,0.2986028578913879
323,mMTC,0.29770059983309827
324,mMTC,0.2969365023381021
325,mMTC,0.29718813704059865
326,mMTC,0.29894484483183376
327,mMTC,0.2946904834045945
328,mMTC,0.30069309287553514
329,mMTC,0.3002437423928401
330,mMTC,0.2976082540636178
331,mMTC,0.29817643588762166
332,mMTC,0.29344733097163456
333,mMTC,0.2975124950579596
334,mMTC,0.2966302231491039
335,mMTC,0.2927613961335862
336,mMTC,0.29330428746767573
337,mMTC,0.2967958832605031
338,mMTC,0.29796408217686715
339,mMTC,0.30134208187185435
340,mMTC,0.29547504259925444
341,mMTC,0.2959559702091069
342,mMTC,0.29602034072927375
343,mMTC,0.3005797324141695
344,mMTC,0.3001497895382186
345,mMTC,0.29440224296988443
346,mMTC,0.2998451461776575
347,mMTC,0.2960143603404865
348,mMTC,0.29504280690613494
349,mMTC,0.2964080714662048
350,mMTC,0.2971934738978472
351,mMTC,0.29969244739480183
352,mMTC,0.29518514515334787
353,mMTC,0.30143160534753904
354,mMTC,0.30177262692250745
355,mMTC,0.2991415001760973
356,mMTC,0.2966295819132671
357,mMTC,0.29871308368192867
358,mMTC,0.2917636080582853
359,mMTC,0.2947768783095624
360,mMTC,0.29498461217348354
361,mMTC,0.2975798069647808
362,mMTC,0.29804231459774505
363,mMTC,0.29474244208178657
364,mMTC,0.299830867033349
365,mMTC,0.2956077791366049
366,mMTC,0.2935019017474803
367,mMTC,0.30190818103704675
368,mMTC,0.30105865071127236
369,mMTC,0.29730163159314643
370,mMTC,0.3006065076396995
371,mMTC,0.3002001012940092
372,mMTC,0.2991081669663898
373,mMTC,0.30104675666749303
374,mMTC,0.29717432517733006
375,mMTC,0.2952009899975068
376,mMTC,0.29904966921377524
377,mMTC,0.2977083075219097
378,mMTC,0.29458683248259304
379,mMTC,0.29812767430086334
380,mMTC,0.30191354504972534
381,mMTC,0.30222307213942134
382,mMTC,0.298594496812697
383,mMTC,0.29721652859432673
384,mMTC,0.29738451143788164
385,mMTC,0.2956684717701809
386,mMTC,0.3005216116014693
387,mMTC,0.2965009532165353
388,mMTC,0.2999622846970226
389,mMTC,0.3010844918597104
390,mMTC,0.297469528731097
391,mMTC,0.29667366642150006
392,mMTC,0.2954841123388889
393,mMTC,0.29502865236856163
394,mMTC,0.2966754216059233
395,mMTC,0.2973607522461267
396,mMTC,0.3010980842631722
397,mMTC,0.2974666087293194
398,mMTC,0.2956939142153715
399,mMTC,0.2975766180383911
400,mMTC,0.29452618007899284
401,mMTC,0.29965623506659333
402,mMTC,0.2967201838869435
403,mMTC,0.2971334233897837
404,mMTC,0.30023502204339086
405,mMTC,0.2987991143705811
406,mMTC,0.29282976682726675
407,mMTC,0.29194027244121645
408,mMTC,0.2973016761278688
409,mMTC,0.2938355786073342
410,mMTC,0.3003645992012913
411,mMTC,0.2954202510890489
412,mMTC,0.2957878673644414
413,mMTC,0.30372163661783325
414,mMTC,0.2977698458295467
415,mMTC,0.2987919349166964
416,mMTC,0.2994876878843775
417,mMTC,0.29589643679210936
418,mMTC,0.2941214165046956
419,mMTC,0.3002404076121392
420,mMTC,0.2969453946252067
421,mMTC,0.2985576221054531
422,mMTC,0.29958925368383393
423,mMTC,0.30043308717303985
424,mMTC,0.29816808567650593
425,mMTC,0.2959310646187814
426,mMTC,0.2940681030529297
427,mMTC,0.2899186346712875
428,mMTC,0.29813736967258087
429,mMTC,0.294586600043242
430,mMTC,0.2994018749201436
431,mMTC,0.30107510949354727
432,mMTC,0.29752504939257335
433,mMTC,0.29648707042821043
434,mMTC,0.296499183447856
435,mMTC,0.2960292248134088
436,mMTC,0.2974261188268893
437,mMTC,0.2985049534875852
438,mMTC,0.2960980054796249
439,mMTC,0.2986494742501875
440,mMTC,0.3010633219776002
441,mMTC,0.29809692577382313
442,mMTC,0.297646623792838
443,mMTC,0.2990427708027938
444,mMTC,0.3017316661527056
445,mMTC,0.29629152483402976
446,mMTC,0.29600484214474887
447,mMTC,0.2973721092261
448,mMTC,0.29679447102363293
449,mMTC,0.29160990848728824
450,mMTC,0.29936143248264796
451,mMTC,0.30309980544236964
452,mMTC,0.30067206746280617
453,mMTC,0.29675194859994286
454,mMTC,0.29605581777367723
455,mMTC,0.30126310886003976
456,mMTC,0.29844095555078975
457,mMTC,0.2998770682346933
458,mMTC,0.30134423208015887
459,mMTC,0.29436992001091855
460,mMTC,0.2994495985954219
461,mMTC,0.30043651322212367
462,mMTC,0.29679413878151023
463,mMTC,0.2968368300982018
464,mMTC,0.30119752967180696
465,mMTC,0.29999397642136477
466,mMTC,0.29194718535875336
467,mMTC,0.29814294557526144
468,mMTC,0.2985021287264898
469,mMTC,0.29978803954514016
470,mMTC,0.2960151948750789
471,mMTC,0.2962151485918536
472,mMTC,0.29875679576168146
473,mMTC,0.29619285944675977
474,mMTC,0.2982447335199559
475,mMTC,0.2936564885518185
476,mMTC,0.2975916172914762
477,mMTC,0.29497967474402453
478,mMTC,0.2949968172511365
479,mMTC,0.2972532793355189
480,mMTC,0.29874911942115173
481,mMTC,0.2967681020231213
482,mMTC,0.29019570977203746
483,mMTC,0.30054664685751387
484,mMTC,0.29899426844877725
485,mMTC,0.2927969131618559
486,mMTC,0.2971139283301365
487,mMTC,0.3014977898357282
488,mMTC,0.30007167702414217
489,mMTC,0.294365649550965
490,mMTC,0.29701468778477086
491,mMTC,0.29374976494371424
492,mMTC,0.29642552063269206
493,mMTC,0.2974416455928569
494,mMTC,0.3029574258282429
495,mMTC,0.295082832440315
496,mMTC,0.2942969936374172
497,mMTC,0.29855325020351897
498,mMTC,0.2981284328308077
499,mMTC,0.30108851790076285
500,mMTC,0.29624442980185745
501,mMTC,0.29381169633525356
502,mMTC,0.2940416334117817
503,mMTC,0.29609059925628733
504,mMTC,0.29328642978746555
505,mMTC,0.2961262237491563
506,mMTC,0.3001666832367727
507,mMTC,0.30298077001373963
508,mMTC,0.2973814827052111
509,mMTC,0.29542321113812614
510,mMTC,0.29858627376285124
511,mMTC,0.29622085091345607
512,mMTC,0.29718964667910874
513,mMTC,0.29937477207070334
514,mMTC,0.30012537443492604
515,mMTC,0.2969605029127085
516,mMTC,0.2977417886567484
517,mMTC,0.29910504344613403
518,mMTC,0.2932400878708385
519,mMTC,0.2966041421300387
520,mMTC,0.29788391918046164
521,mMTC,0.29785269682133747
522,mMTC,0.2975782170757472
523,mMTC,0.2975848899642594
524,mMTC,0.29597651930513913
525,mMTC,0.3009412764912251
526,mMTC,0.30684260282160936
527,mMTC,0.30085303391629575
528,mMTC,0.2996145591380574
529,mMTC,0.30147161128510996
530,mMTC,0.29696923745318615
531,mMTC,0.29950293911263115
532,mMTC,0.2974776765633643
533,mMTC,0.29620822124469787
534,mMTC,0.2944573134339066
535,mMTC,0.2967361053674001
536,mMTC,0.3000585502466829
537,mMTC,0.2992789908900569
538,mMTC,0.3006694481730558
539,mMTC,0.29713152708539997
540,mMTC,0.29319186844118256
541,mMTC,0.2987036080674166
542,mMTC,0.29634197880394936
543,mMTC,0.2947836976298889
544,mMTC,0.3010460883138838
545,mMTC,0.3009306885278554
546,mMTC,0.2975935999397409
547,mMTC,0.29798414070331497
548,mMTC,0.29426184239173125
549,mMTC,0.3001972887850359
550,mMTC,0.2915328255001288
551,mMTC,0.29270448169537355
552,mMTC,0.2971650042024517
553,mMTC,0.29461537061401544
554,mMTC,0.2951626936979943
555,mMTC,0.29921097960600185
556,mMTC,0.3010253927762045
557,mMTC,0.2973012745720816
558,mMTC,0.2952248052653736
559,mMTC,0.3005137873426028
560,mMTC,0.29743134657236675
561,mMTC,0.2984699369063659
562,mMTC,0.2978253651852118
563,mMTC,0.29122250043062076
564,mMTC,0.29718905033496384
565,mMTC,0.2970359767107316
566,mMTC,0.29607776750664555
567,mMTC,0.2985437545819147
568,mMTC,0.2980929588717214
569,mMTC,0.2976736863338548
570,mMTC,0.29497663679997194
571,mMTC,0.2939635711438721
572,mMTC,0.3028334863885395
573,mMTC,0.3023213513353947
574,mMTC,0.29861268481777764
575,mMTC,0.3002059052328573
576,mMTC,0.3018437796337782
577,mMTC,0.3016438195185592
578,mMTC,0.3022825817177267
579,mMTC,0.2977201894007663
580,mMTC,0.29866664537096943
581,mMTC,0.2974984294968116
582,mMTC,0.29510731436587784
583,mMTC,0.29455560559240046
584,mMTC,0.29586691951239513
585,mMTC,0.29521504721775305
586,mMTC,0.29078596140675667
587,mMTC,0.29630069581198587
588,mMTC,0.3031806434013985
589,mMTC,0.29899404365593035
590,mMTC,0.30011219410330986
591,mMTC,0.29616948074035754
592,mMTC,0.2966526839832315
593,mMTC,0.300551791556077
594,mMTC,0.29717425256376045
595,mMTC,0.2954702027667068
596,mMTC,0.29672688105486555
597,mMTC,0.2969320378196221
598,mMTC,0.29548145371083107
599,mMTC,0.298051195305361
600,mMTC,0.3001962078581245
601,mMTC,0.29948054352966813
602,mMTC,0.2953662621386321
603,mMTC,0.2996761365842104
604,mMTC,0.30017229732294476
605,mMTC,0.2996282050159212
606,mMTC,0.2984522370655067
607,mMTC,0.2993339311895479
608,mMTC,0.2978025684257814
609,mMTC,0.29792979309725853
610,mMTC,0.2973922416750557
611,mMTC,0.2949955900580905
612,mMTC,0.2982888116894036
613,mMTC,0.29574437743073323
614,mMTC,0.29490650662830903
615,mMTC,0.29307736992250194
616,mMTC,0.2979829248125995
617,mMTC,0.2918953917154921
618,mMTC,0.29861025858777246
619,mMTC,0.29865078653078925
620,mMTC,0.2960785689162505
621,mMTC,0.2970351601765088
622,mMTC,0.2974710982289035
623,mMTC,0.2979570791438604
624,mMTC,0.3044172728809856
625,mMTC,0.2967343363972176
626,mMTC,0.2976589141186511
627,mMTC,0.301480782714706
628,mMTC,0.30284812570835334
629,mMTC,0.29941251581612893
630,mMTC,0.2994265223340294
631,mMTC,0.29859277879491053
632,mMTC,0.29698477862650524
633,mMTC,0.2962359885048508
634,mMTC,0.29426903519719916
635,mMTC,0.2962826081775973
636,mMTC,0.29322403601206964
637,mMTC,0.29640408041709765
638,mMTC,0.2997043718144994
639,mMTC,0.2960400278242131
640,mMTC,0.29669669527434134
641,mMTC,0.2952234790780871
642,mMTC,0.2915916245894161
643,mMTC,0.2976679148348601
644,mMTC,0.2978867550803823
645,mMTC,0.2937403093187629
646,mMTC,0.29845863184027366
647,mMTC,0.29739450977472803
648,mMTC,0.2997652366729577
649,mMTC,0.3010707617697545
650,mMTC,0.295677586582625
651,mMTC,0.2972218157835805
652,mMTC,0.3004826718065831
653,mMTC,0.29351894261631056
654,mMTC,0.3029531928091613
655,mMTC,0.2963148722448536
656,mMTC,0.29766219137882266
657,mMTC,0.2967312834255625
658,mMTC,0.29922172343993525
659,mMTC,0.299237357553132
660,mMTC,0.29245395560307513
661,mMTC,0.2987761889281673
662,mMTC,0.29842042224983983
663,mMTC,0.2973790867267902
664,mMTC,0.2990459799649998
665,mMTC,0.29851050746620006
666,mMTC,0.30194103046598353
667,mMTC,0.30273954435492817
668,mMTC,0.2989305566009049
669,mMTC,0.2941354870169847
670,mMTC,0.2968568928398728
671,mMTC,0.299330414099926
672,mMTC,0.29586483095665034
673,mMTC,0.2995983683106768
674,mMTC,0.2992224363481928
675,mMTC,0.2954515033288846
676,mMTC,0.29375249997678504
677,mMTC,0.302068419559509
678,mMTC,0.296995746292941
679,mMTC,0.29792077137080547
680,mMTC,0.30785427151813133
681,mMTC,0.30131978084332134
682,mMTC,0.29815298000211987
683,mMTC,0.30128888259043907
684,mMTC,0.30406531657869146
685,mMTC,0.3000906732895889
686,mMTC,0.29879462113595423
687,mMTC,0.2979044250645785
688,mMTC,0.29719112294773103
689,mMTC,0.2980192884844782
690,mMTC,0.29971360419093923
691,mMTC,0.29828528793398895
692,mMTC,0.29865651094951495
693,mMTC,0.2967792665252114
694,mMTC,0.29575746467502323
695,mMTC,0.2961775615808749
696,mMTC,0.29581578022935423
697,mMTC,0.29350686430556205
698,mMTC,0.2969767998521435
699,mMTC,0.29954494463727155
700,mMTC,0.3015622922523217
701,mMTC,0.29987479251354593
702,mMTC,0.30032015149727337
703,mMTC,0.2980814564866912
704,mMTC,0.29312965078387837
705,mMTC,0.298208904474784
706,mMTC,0.2949065302551392
707,mMTC,0.2947893435231228
708,mMTC,0.2961452135608953
709,mMTC,0.29599149001831027
710,mMTC,0.29457325234938114
711,mMTC,0.29525615743877964
712,mMTC,0.2943982629139318
713,mMTC,0.29475734410699916
714,mMTC,0.2992677350609411
715,mMTC,0.2973103440464038
716,mMTC,0.29494357016662065
717,mMTC,0.2954660840965172
718,mMTC,0.295609572105549
719,mMTC,0.2991053976028145
720,mMTC,0.30066628696610265
721,mMTC,0.30048446270812634
722,mMTC,0.2925305338448531
723,mMTC,0.2959384723952724
724,mMTC,0.2943359297604428
725,mMTC,0.29845194332450853
726,mMTC,0.29503596542275284
727,mMTC,0.3005440356623232
728,mMTC,0.2985581411367432
729,mMTC,0.2948052248750746
730,mMTC,0.3004027165939754
731,mMTC,0.29465256642043397
732,mMTC,0.29745573219182314
733,mMTC,0.3025042658111161
734,mMTC,0.30003824062418033
735,mMTC,0.2995264005189946
736,mMTC,0.2974324300746228
737,mMTC,0.2974468771498037
738,mMTC,0.3028717188478099
739,mMTC,0.3007698802492771
740,mMTC,0.2924622399664334
741,mMTC,0.2944051613457776
742,mMTC,0.2996319896841282
743,mMTC,0.3000866489210826
744,mMTC,0.2996382987414154
745,mMTC,0.2918708150242459
746,mMTC,0.29306043839566276
747,mMTC,0.3023392425108257
748,mMTC,0.301886112182319
749,mMTC,0.29727614352651105
750,mMTC,0.2948923011578665
751,mMTC,0.2965448191551822
752,mMTC,0.30277258782128896
753,mMTC,0.29490971040972447
754,mMTC,0.2986089869612815
755,mMTC,0.29721557773395174
756,mMTC,0.29472894193176397
757,mMTC,0.29922615857314167
758,mMTC,0.2979232687307784
759,mMTC,0.29908259517938807
760,mMTC,0.3001147949345166
761,mMTC,0.30022970348344963
762,mMTC,0.2970295924248291
763,mMTC,0.2992352217423048
764,mMTC,0.29376228963373036
765,mMTC,0.29703761442667254
766,mMTC,0.2979873689136453
767,mMTC,0.29823035577232093
768,mMTC,0.29911216116545986
769,mMTC,0.2961729221469243
770,mMTC,0.29501721462490843
771,mMTC,0.296314940936611
772,mMTC,0.2918044169616154
773,mMTC,0.2988888672040528
774,mMTC,0.29530192057242743
775,mMTC,0.29405246594731
776,mMTC,0.2984230896949803
777,mMTC,0.29739024983108236
778,mMTC,0.3027045974571281
779,mMTC,0.2998629945004469
780,mMTC,0.3008804406972285
781,mMTC,0.2925805808677018
782,mMTC,0.2907566069682311
783,mMTC,0.29965298137288376
784,mMTC,0.29833136876233296
785,mMTC,0.2984064989226974
786,mMTC,0.3026112548628805
787,mMTC,0.3027084037793598
788,mMTC,0.2940270288212993
789,mMTC,0.2985952487594112
790,mMTC,0.29832429450273396
791,mMTC,0.30147075808022233
792,mMTC,0.3020147320863037
793,mMTC,0.2975233391876688
794,mMTC,0.3003577813378803
795,mMTC,0.295302477294862
796,mMTC,0.29976174129416405
797,mMTC,0.30276354020236224
798,mMTC,0.29633927957614054
799,mMTC,0.29719863920376133
800,mMTC,0.2942946697493619
801,mMTC,0.29757557455089667
802,mMTC,0.2979080797909163
803,mMTC,0.2946266027111501
804,mMTC,0.29190014419177057
805,mMTC,0.29741025913929237
806,mMTC,0.2982022430887026
807,mMTC,0.3011756563399706
808,mMTC,0.294393392908964
809,mMTC,0.2948269756305577
810,mMTC,0.29811875121730896
811,mMTC,0.2974424232620741
812,mMTC,0.3007160840600475
813,mMTC,0.2999407247484638
814,mMTC,0.29656681636927484
815,mMTC,0.29942974779890014
816,mMTC,0.2983136139364173
817,mMTC,0.2953291178114115
818,mMTC,0.30227204154646076
819,mMTC,0.2993298711406116
820,mMTC,0.29188666556908655
821,mMTC,0.29386853749865965
822,mMTC,0.2947878995382553
823,mMTC,0.29660020579459007
824,mMTC,0.29691502635142675
825,mMTC,0.2986579375801152
826,mMTC,0.30291615062828037
827,mMTC,0.29790450304129984
828,mMTC,0.29349188182261315
829,mMTC,0.29502159196231226
830,mMTC,0.2932627546850024
831,mMTC,0.29114279029503287
832,mMTC,0.30144044297787764
833,mMTC,0.2987868676891931
834,mMTC,0.3009435793899696
835,mMTC,0.29755011939857634
836,mMTC,0.29675992139596347
837,mMTC,0.29746006141612447
838,mMTC,0.300923477213882
839,mMTC,0.3032483573385828
840,mMTC,0.29972725980028214
841,mMTC,0.29999436074113117
842,mMTC,0.30568738567434645
843,mMTC,0.29532083136904264
844,mMTC,0.2924814807704398
845,mMTC,0.29378993163394757
846,mMTC,0.2956485684522324
847,mMTC,0.2970039270281488
848,mMTC,0.29965396357149143
849,mMTC,0.29586198176379164
850,mMTC,0.29880981202216683
851,mMTC,0.297015551800937
852,mMTC,0.29676691661805593
853,mMTC,0.29743462861344566
854,mMTC,0.2997668292798938
855,mMTC,0.296156700464272
856,mMTC,0.2923685260609084
857,mMTC,0.29782912385278015
858,mMTC,0.2977123385536871
859,mMTC,0.29400832396827153
860,mMTC,0.29832000792407387
861,mMTC,0.29800823265038634
862,mMTC,0.2951242307465463
863,mMTC,0.29859374623714185
864,mMTC,0.2968787152570147
865,mMTC,0.29622764210466834
866,mMTC,0.2952006848843454
867,mMTC,0.2965697615341742
868,mMTC,0.2995154447422312
869,mMTC,0.29656678114880575
870,mMTC,0.2981170798693453
871,mMTC,0.2990162406547198
872,mMTC,0.29937683229257406
873,mMTC,0.2961014937818189
874,mMTC,0.2954509698383724
875,mMTC,0.2996465627368722
876,mMTC,0.2959068708058247
877,mMTC,0.29908715151627896
878,mMTC,0.30173292721927364
879,mMTC,0.29322272030010477
880,mMTC,0.29427638967884195
881,mMTC,0.30062730804431953
882,mMTC,0.2969555822941514
883,mMTC,0.2971302062062397
884,mMTC,0.29961089547530684
885,mMTC,0.2988430182648737
886,mMTC,0.29731623930813744
887,mMTC,0.2996605730153477
888,mMTC,0.29780351060875293
889,mMTC,0.2976764053941677
890,mMTC,0.2978203127301957
891,mMTC,0.29631709792474786
892,mMTC,0.2961962003222763
893,mMTC,0.29485214127497433
894,mMTC,0.29879937339995266
895,mMTC,0.2971346306355132
896,mMTC,0.29362032243803965
897,mMTC,0.29481688706338277
898,mMTC,0.3000138043434404
899,mMTC,0.2957707782288275
900,mMTC,0.2956157401083495
901,mMTC,0.29643972778629235
902,mMTC,0.2962318647013671
903,mMTC,0.2990957531631619
904,mMTC,0.29486427723640696
905,mMTC,0.29705836066562613
906,mMTC,0.2990358977892401
907,mMTC,0.3008028096854183
908,mMTC,0.3018010570170984
909,mMTC,0.29886231653080086
910,mMTC,0.298932438493107
911,mMTC,0.30067224160052997
912,mMTC,0.29630575737405074
913,mMTC,0.29595468785913925
914,mMTC,0.2951032851224354
915,mMTC,0.29589736827193164
916,mMTC,0.30013234978333697
917,mMTC,0.29497243967104747
918,mMTC,0.29490983771364204
919,mMTC,0.2977669663925263
920,mMTC,0.2983727455095069
921,mMTC,0.29903423026685394
922,mMTC,0.2978335075107917
923,mMTC,0.29247225464783794
924,mMTC,0.2904635069894164
925,mMTC,0.297381887579275
926,mMTC,0.2966947265170664
927,mMTC,0.294421127830852
928,mMTC,0.2996223521201355
929,mMTC,0.2975927645011857
930,mMTC,0.2953665468350488
931,mMTC,0.2939492620749958
932,mMTC,0.30219941654479393
933,mMTC,0.29657273617433694
934,mMTC,0.297118195740987
935,mMTC,0.30448364730522187
936,mMTC,0.2949514120572988
937,mMTC,0.294333530725864
938,mMTC,0.2976705392310823
939,mMTC,0.29851491754688714
940,mMTC,0.2964149281093902
941,mMTC,0.29718812831429897
942,mMTC,0.2978357577642512
943,mMTC,0.2996503839981883
944,mMTC,0.29863955677134224
945,mMTC,0.29476336387483576
946,mMTC,0.3003616758264384
947,mMTC,0.30131498249100575
948,mMTC,0.30268103463743795
949,mMTC,0.29847137271296087
950,mMTC,0.29548086404206136
951,mMTC,0.3001183810131157
952,mMTC,0.29833529600113745
953,mMTC,0.3006981215562917
954,mMTC,0.30544807142178465
955,mMTC,0.2991239987181059
956,mMTC,0.29861538298017537
957,mMTC,0.296272667441056
958,mMTC,0.29797667908854886
959,mMTC,0.295055938495896
960,mMTC,0.29875805922027526
961,mMTC,0.3030866520422916
962,mMTC,0.2978490820611115
963,mMTC,0.29911622584437925
964,mMTC,0.29966657069951697
965,mMTC,0.29727007756351015
966,mMTC,0.30088780178681157
967,mMTC,0.29910731421824693
968,mMTC,0.2993186812232221
969,mMTC,0.302245801515799
970,mMTC,0.29836251593449103
971,mMTC,0.29736865736464546
972,mMTC,0.29556277603190756
973,mMTC,0.2973810726293047
974,mMTC,0.29675061113647383
975,mMTC,0.29530749028802306
976,mMTC,0.2953154762785571
977,mMTC,0.2984761235484129
978,mMTC,0.29705040154412415
979,mMTC,0.2981542344601498
980,mMTC,0.30256748943328343
981,mMTC,0.2942292192722505
982,mMTC,0.3019369933363106
983,mMTC,0.30240827655662716
984,mMTC,0.2968594723682881
985,mMTC,0.3009082056007933
986,mMTC,0.301009909710789
987,mMTC,0.29632811843160434
988,mMTC,0.3026461698609204
989,mMTC,0.30015852075768706
990,mMTC,0.2970912607584839
991,mMTC,0.2969338193409678
992,mMTC,0.3008666327432747
993,mMTC,0.29407159013690953
994,mMTC,0.2931673910729501
995,mMTC,0.29422960866370573
996,mMTC,0.29899205670993
997,mMTC,0.2989325566404562
998,mMTC,0.2993563721132139
999,mMTC,0.29198934156068174
1000,mMTC,0.29459269070279753
1001,mMTC,0.30020277976256493
1002,mMTC,0.29830812395211664
1003,mMTC,0.29908592251408134
1004,mMTC,0.2988959967153399
1005,mMTC,0.29570749900877974
1006,mMTC,0.29956709161888784
1007,mMTC,0.29764698371756954
1008,mMTC,0.2970549887938931
1009,mMTC,0.3009548448917873
1010,mMTC,0.30135747523122464
1011,mMTC,0.29807300421823607
1012,mMTC,0.2983537859212802
1013,mMTC,0.2984125362716786
1014,mMTC,0.29895847213295984
1015,mMTC,0.29852296398605915
1016,mMTC,0.30101719224920076
1017,mMTC,0.2997883221093285
1018,mMTC,0.29980385503371504
1019,mMTC,0.30168656027335045
1020,mMTC,0.2991635164897706
1021,mMTC,0.29909067243322945
1022,mMTC,0.2966830599566814
1023,mMTC,0.29808797590591896
1024,mMTC,0.2975511232575979
1025,mMTC,0.2947359381894966
1026,mMTC,0.2965835118156746
1027,mMTC,0.29808230239995565
1028,mMTC,0.29950036058211654
1029,mMTC,0.29895213172149715
1030,mMTC,0.29733155745223616
1031,mMTC,0.2995936715701087
1032,mMTC,0.2976777647095117
1033,mMTC,0.3012141923785595
1034,mMTC,0.29626168858644525
1035,mMTC,0.2955148401548158
1036,mMTC,0.3000167104416193
1037,mMTC,0.2937311830955416
1038,mMTC,0.2943386299114727
1039,mMTC,0.29650418087558356
1040,mMTC,0.2987822996679592
1041,mMTC,0.3004605183583099
1042,mMTC,0.2947641346832898
1043,mMTC,0.3007119986581987
1044,mMTC,0.300296824843544
1045,mMTC,0.2980947871480596
1046,mMTC,0.2957271024509425
1047,mMTC,0.2966143583785214
1048,mMTC,0.29697179608345636
1049,mMTC,0.30088120783423894
1050,mMTC,0.3026888850418126
1051,mMTC,0.29847236243768666
1052,mMTC,0.2940192182286586
1053,mMTC,0.2970722179905235
1054,mMTC,0.2989291611843892
1055,mMTC,0.3001324137694737
1056,mMTC,0.2936600625971062
1057,mMTC,0.29680561770696234
1058,mMTC,0.29919116126090495
1059,mMTC,0.29453929284707325
1060,mMTC,0.29825516110683903
1061,mMTC,0.29797028427482564
1062,mMTC,0.29649635612961533
1063,mMTC,0.29733388287224405
1064,mMTC,0.29633861558292374
1065,mMTC,0.2970582588165105
1066,mMTC,0.29794129366494926
1067,mMTC,0.2982407693496612
1068,mMTC,0.30398441093659084
1069,mMTC,0.30029214717620534
1070,mMTC,0.29569552881630057
1071,mMTC,0.302359205580003
1072,mMTC,0.298718138574458
1073,mMTC,0.2959630075478923
1074,mMTC,0.29407286880727035
1075,mMTC,0.2970214235484673
1076,mMTC,0.2940490266108235
1077,mMTC,0.2956025996048303
1078,mMTC,0.2941440231895376
1079,mMTC,0.3010642769429795
1080,mMTC,0.301749119829012
1081,mMTC,0.2963992730122181
1082,mMTC,0.294281641935953
1083,mMTC,0.29303032973483345
1084,mMTC,0.29910783454597895
1085,mMTC,0.2930310987391354
1086,mMTC,0.2915819288038176
1087,mMTC,0.2968334305436416
1088,mMTC,0.29637518411244906
1089,mMTC,0.2957560889264084
1090,mMTC,0.2944018524927727
1091,mMTC,0.29706155622068825
1092,mMTC,0.2972382832336678
1093,mMTC,0.29756795114195855
1094,mMTC,0.29416494957210676
1095,mMTC,0.2979621071573632
1096,mMTC,0.3014374048142333
1097,mMTC,0.29781964574700504
1098,mMTC,0.2974628459981512
1099,mMTC,0.29842393449548493
1100,mMTC,0.2993604867722703
1101,mMTC,0.29960888058386076
1102,mMTC,0.2980279276888045
1103,mMTC,0.2982901824644607
1104,mMTC,0.2957949035464095
1105,mMTC,0.300130203918602
1106,mMTC,0.29691096393633787
1107,mMTC,0.2987574810983461
1108,mMTC,0.30061609119604055
1109,mMTC,0.29758814403364914
1110,mMTC,0.2960094741699858
1111,mMTC,0.2998592934614372
1112,mMTC,0.2973141663994166
1113,mMTC,0.2983865681889226
1114,mMTC,0.3005503727836901
1115,mMTC,0.2948089151326824
1116,mMTC,0.2947941998916024
1117,mMTC,0.29608270567899464
1118,mMTC,0.29827124140781003
1119,mMTC,0.2978185811741153
1120,mMTC,0.30123287128716325
1121,mMTC,0.299139945623617
1122,mMTC,0.29662575454491347
1123,mMTC,0.300268511892179
1124,mMTC,0.30074877594643107
1125,mMTC,0.2986671517551374
1126,mMTC,0.29823078360930383
1127,mMTC,0.2926218713331832
1128,mMTC,0.2958369444933263
1129,mMTC,0.2954607327111924
1130,mMTC,0.2966180623951399
1131,mMTC,0.2945298927480862
1132,mMTC,0.29831157595631974
1133,mMTC,0.293519795316399
1134,mMTC,0.2945844794324901
1135,mMTC,0.29669458415283356
1136,mMTC,0.2969220254114772
1137,mMTC,0.2972547733176685
1138,mMTC,0.2968781245667464
1139,mMTC,0.2983321439415898
1140,mMTC,0.29737877153467135
1141,mMTC,0.30161423463318876
1142,mMTC,0.2982092850531317
1143,mMTC,0.29603081163919404
1144,mMTC,0.2975555406395099
1145,mMTC,0.29484037576405636
1146,mMTC,0.297914871162615
1147,mMTC,0.29822010244207253
1148,mMTC,0.29858500283275097
1149,mMTC,0.30043783703828153
1150,mMTC,0.29497228550487403
1151,mMTC,0.29532382902099685
1152,mMTC,0.2962074773183952
1153,mMTC,0.2976605157276905
1154,mMTC,0.2910730055014444
1155,mMTC,0.2951888032473876
1156,mMTC,0.29423558526086024
1157,mMTC,0.2928678217160938
1158,mMTC,0.29439873332440647
1159,mMTC,0.30005931633235855
1160,mMTC,0.29557097696216195
1161,mMTC,0.2966176217307978
1162,mMTC,0.29569233303451997
1163,mMTC,0.29666411073435933
1164,mMTC,0.2960570269242576
1165,mMTC,0.29588182185475936
1166,mMTC,0.30097606963070644
1167,mMTC,0.29858447219904827
1168,mMTC,0.2943614080637893
1169,mMTC,0.29529283808945284
1170,mMTC,0.2963888643571949
1171,mMTC,0.2974967228354932
1172,mMTC,0.2980907653367516
1173,mMTC,0.29803145442991
1174,mMTC,0.2971214787989953
1175,mMTC,0.2972087226773513
1176,mMTC,0.2981536879032983
1177,mMTC,0.2994116743078103
1178,mMTC,0.2937707964539288
1179,mMTC,0.295858164618102
1180,mMTC,0.29381615090202506
1181,mMTC,0.30014650399174103
1182,mMTC,0.29625085460124795
1183,mMTC,0.29548697865513013
1184,mMTC,0.29729336523861505
1185,mMTC,0.2972894680843436
1186,mMTC,0.30130491347929167
1187,mMTC,0.304455911503671
1188,mMTC,0.2974671361740204
1189,mMTC,0.2989372217058332
1190,mMTC,0.29651958714144777
1191,mMTC,0.294293516445481
1192,mMTC,0.29635310759842265
1193,mMTC,0.29821253954403487
1194,mMTC,0.3008003075980749
1195,mMTC,0.29979256306099034
1196,mMTC,0.2963380013682283
1197,mMTC,0.2966134941542188
1198,mMTC,0.29689981636661267
1199,mMTC,0.2986469195923961
1200,mMTC,0.3008543291300816
1201,mMTC,0.29344606407055757
1202,mMTC,0.29560119292294557
1203,mMTC,0.30104212141225073
1204,mMTC,0.29826092775558183
1205,mMTC,0.2982138160091917
1206,mMTC,0.29667221114125353
1207,mMTC,0.29461700673177776
1208,mMTC,0.29775584819334966
1209,mMTC,0.29861622580307035
1210,mMTC,0.2983891941119774
1211,mMTC,0.2988571166180303
1212,mMTC,0.2993335278863365
1213,mMTC,0.294198124796156
1214,mMTC,0.297522431102293
1215,mMTC,0.2979709335501901
1216,mMTC,0.2920199181134843
1217,mMTC,0.2951412462930878
1218,mMTC,0.29559119080455054
1219,mMTC,0.2956461655511643
1220,mMTC,0.2994006042149286
1221,mMTC,0.29685458795515673
1222,mMTC,0.29415499605690903
1223,mMTC,0.29633254095048617
1224,mMTC,0.29743021410284864
1225,mMTC,0.2951087563668531
1226,mMTC,0.29313216473357534
1227,mMTC,0.3000667507144553
1228,mMTC,0.30182301741545703
1229,mMTC,0.3023212452054108
1230,mMTC,0.2980239360454045
1231,mMTC,0.2958337000181411
1232,mMTC,0.29793995243734384
1233,mMTC,0.3000796089800183
1234,mMTC,0.2949997075037065
1235,mMTC,0.2933089774409745
1236,mMTC,0.2972921130052794
1237,mMTC,0.3004406095620635
1238,mMTC,0.2968700768667584
1239,mMTC,0.2951415393749892
1240,mMTC,0.2923482691969141
1241,mMTC,0.2989914416763832
1242,mMTC,0.3030580374702054
1243,mMTC,0.2997066531385354
1244,mMTC,0.3002953843936859
1245,mMTC,0.2951647125338959
1246,mMTC,0.2989025889591453
1247,mMTC,0.2983605478340669
1248,mMTC,0.3011711189149391
1249,mMTC,0.30319441514439793
1250,mMTC,0.2968306195415474
1251,mMTC,0.29519722499760964
1252,mMTC,0.29817555220717296
1253,mMTC,0.30021232632441014
1254,mMTC,0.29544982894264993
1255,mMTC,0.29490282726494876
1256,mMTC,0.2967242447441201
1257,mMTC,0.2960980094605704
1258,mMTC,0.2961508407426155
1259,mMTC,0.29948683913170976
1260,mMTC,0.3000387475215368
1261,mMTC,0.2981016192032367
1262,mMTC,0.2930741965748779
1263,mMTC,0.2968021740659741
1264,mMTC,0.30231535605295656
1265,mMTC,0.3003642683497965
1266,mMTC,0.2961429936897347
1267,mMTC,0.2969853871961723
1268,mMTC,0.293572664411732
1269,mMTC,0.2985876900902217
1270,mMTC,0.3005501897264943
1271,mMTC,0.298548887067699
1272,mMTC,0.3015006642340786
1273,mMTC,0.29685882221308346
1274,mMTC,0.2970734364700538
1275,mMTC,0.3016813305818772
1276,mMTC,0.2962923237063388
1277,mMTC,0.2949712047272813
1278,mMTC,0.30021075673018094
1279,mMTC,0.2991707550704227
1280,mMTC,0.2974074539989592
1281,mMTC,0.2981299568911328
1282,mMTC,0.2973491136306501
1283,mMTC,0.30097995583091525
1284,mMTC,0.2975857099446099
1285,mMTC,0.29426501266797306
1286,mMTC,0.2980381593544089
1287,mMTC,0.3005923238222976
1288,mMTC,0.29738101479710055
1289,mMTC,0.29735303209724834
1290,mMTC,0.29020209681406095
1291,mMTC,0.29478771743970966
1292,mMTC,0.29776072288680183
1293,mMTC,0.2980209091123609
1294,mMTC,0.3002406645622019
1295,mMTC,0.29726631804906195
1296,mMTC,0.296478560603088
1297,mMTC,0.2944222600430808
1298,mMTC,0.3027591954368712
1299,mMTC,0.2989660754949596
1300,mMTC,0.29627063874320325
1301,mMTC,0.29904493583143077
1302,mMTC,0.29791739308518145
1303,mMTC,0.29398290091808443
1304,mMTC,0.2940300890242234
1305,mMTC,0.29649348400837855
1306,mMTC,0.2999583804006918
1307,mMTC,0.2994689867380992
1308,mMTC,0.30270581517880696
1309,mMTC,0.3010570571412011
1310,mMTC,0.29998965301817104
1311,mMTC,0.29900584452177476
1312,mMTC,0.2969168409455964
1313,mMTC,0.29438806709753684
1314,mMTC,0.3013643738734541
1315,mMTC,0.300565846837559
1316,mMTC,0.2938364580090765
1317,mMTC,0.29512818669620683
1318,mMTC,0.2965035451209939
1319,mMTC,0.29985674798918255
1320,mMTC,0.29967449334814167
1321,mMTC,0.29899911109966526
1322,mMTC,0.29856653593246146
1323,mMTC,0.2945583034715504
1324,mMTC,0.2992379683117039
1325,mMTC,0.2966297041340909
1326,mMTC,0.2938656711500112
1327,mMTC,0.3006761727213516
1328,mMTC,0.29787893051911585
1329,mMTC,0.2992651563136702
1330,mMTC,0.2977847922479896
1331,mMTC,0.30232583189640866
1332,mMTC,0.2971368460164004
1333,mMTC,0.2946726137921897
1334,mMTC,0.29921034415713854
1335,mMTC,0.29629072855326
1336,mMTC,0.29798926211509785
1337,mMTC,0.2997592358735636
1338,mMTC,0.29508785389914616
1339,mMTC,0.29520247278655504
1340,mMTC,0.2973438887487867
1341,mMTC,0.30026506133338865
1342,mMTC,0.30291139012210855
1343,mMTC,0.2980614395170069
1344,mMTC,0.29645069556525766
1345,mMTC,0.29871686910355605
1346,mMTC,0.2982591132300498
1347,mMTC,0.29915419977555335
1348,mMTC,0.29703399792463764
1349,mMTC,0.2928803111726944
1350,mMTC,0.29529929250547177
1351,mMTC,0.29600266160235716
1352,mMTC,0.2968854758081787
1353,mMTC,0.29220700296955304
1354,mMTC,0.2946398008150775
1355,mMTC,0.2989169353184772
1356,mMTC,0.29901141462570713
1357,mMTC,0.2987985019767699
1358,mMTC,0.30161517953085387
1359,mMTC,0.29882718658563934
1360,mMTC,0.2962951767616877
1361,mMTC,0.2917163402294773
1362,mMTC,0.2983209742236634
1363,mMTC,0.2983868334536495
1364,mMTC,0.3007486285587722
1365,mMTC,0.30153358381733414
1366,mMTC,0.2970304822375124
1367,mMTC,0.297956883185464
1368,mMTC,0.29640191616973244
1369,mMTC,0.29443903391297227
1370,mMTC,0.3008801176739057
1371,mMTC,0.2975317120144632
1372,mMTC,0.29536923516067687
1373,mMTC,0.29817954825696685
1374,mMTC,0.2993760496596128
1375,mMTC,0.2968298515583196
1376,mMTC,0.2954813992097993
1377,mMTC,0.2990140133400377
1378,mMTC,0.2997309128399276
1379,mMTC,0.29732103104269764
1380,mMTC,0.29811818724701866
1381,mMTC,0.29854042280337206
1382,mMTC,0.30025178284192866
1383,mMTC,0.29389897742011506
1384,mMTC,0.29852336925678613
1385,mMTC,0.29436858568973173
1386,mMTC,0.2932698250056223
1387,mMTC,0.30211256660225655
1388,mMTC,0.29976798114427783
1389,mMTC,0.2993825637501823
1390,mMTC,0.29757987109128026
1391,mMTC,0.3005774897013122
1392,mMTC,0.2993651567443227
1393,mMTC,0.2923623826340745
1394,mMTC,0.29463449184810214
1395,mMTC,0.2993749760333199
1396,mMTC,0.29890781018542756
1397,mMTC,0.29540178921379756
1398,mMTC,0.29631241435335515
1399,mMTC,0.29673673623837704
1400,mMTC,0.3000998828905461
1401,mMTC,0.29726888555428116
1402,mMTC,0.29800254143283844
1403,mMTC,0.3000284677187873
1404,mMTC,0.30141646975980557
1405,mMTC,0.2991702176373831
1406,mMTC,0.2986957092562642
1407,mMTC,0.29653857055160077
1408,mMTC,0.2995187483065141
1409,mMTC,0.29510549469268055
1410,mMTC,0.2955322505188167
1411,mMTC,0.29525924799009134
1412,mMTC,0.2970651805210592
1413,mMTC,0.2984807039509435
1414,mMTC,0.29686740841498793
1415,mMTC,0.29504985203344697
1416,mMTC,0.2955080605814804
1417,mMTC,0.2942676341886347
1418,mMTC,0.29829211331303335
1419,mMTC,0.29595296534000226
1420,mMTC,0.29283640191285487
1421,mMTC,0.29580392278554457
1422,mMTC,0.30008894898719796
1423,mMTC,0.29598357249477775
1424,mMTC,0.29649827608369894
1425,mMTC,0.3005298693303517
1426,mMTC,0.2935012369797788
1427,mMTC,0.2916443100113423
1428,mMTC,0.29542814646994253
1429,mMTC,0.2924993894867021
1430,mMTC,0.29985290123637254
1431,mMTC,0.3001683341869142
1432,mMTC,0.298387071431656
1433,mMTC,0.2999704459019354
1434,mMTC,0.29294415160777326
1435,mMTC,0.29217215722411316
1436,mMTC,0.29967617090498794
1437,mMTC,0.29440971031283747
1438,mMTC,0.29698048749165257
1439,mMTC,0.3005431430742018
1440,mMTC,0.2988748321626846
1441,mMTC,0.2990935925730913
1442,mMTC,0.2985924063547924
1443,mMTC,0.29964261896106337
1444,mMTC,0.2995238845995247
1445,mMTC,0.29721807169733055
1446,mMTC,0.2939423782025552
1447,mMTC,0.29525662805930797
1448,mMTC,0.2970488908301489
1449,mMTC,0.29661363131403773
1450,mMTC,0.29528292230359476
1451,mMTC,0.29536371131985983
1452,mMTC,0.29689138762603295
1453,mMTC,0.2973965637291655
1454,mMTC,0.29010431718915797
1455,mMTC,0.2980424847163136
1456,mMTC,0.2925796439757846
1457,mMTC,0.2937361447492693
1458,mMTC,0.29938222209632326
1459,mMTC,0.29763942289369233
1460,mMTC,0.29620456859931876
1461,mMTC,0.29921135308738267
1462,mMTC,0.29664991464660834
1463,mMTC,0.298233077855978
1464,mMTC,0.29949787068797556
1465,mMTC,0.29737962269325197
1466,mMTC,0.299660520991136
1467,mMTC,0.29963706241359545
1468,mMTC,0.2982540311117371
1469,mMTC,0.2949917520286471
1470,mMTC,0.29692636773716136
1471,mMTC,0.2954725390328872
1472,mMTC,0.2965011270506374
1473,mMTC,0.29723460366816845
1474,mMTC,0.3000065399072928
1475,mMTC,0.30038192122896396
1476,mMTC,0.29967728628355433
1477,mMTC,0.29623451120000943
1478,mMTC,0.29814020291508686
1479,mMTC,0.2995506227343155
1480,mMTC,0.295851501155906
1481,mMTC,0.29550372638489836
1482,mMTC,0.2964382947431924
1483,mMTC,0.2969876805083651
1484,mMTC,0.2978278130454174
1485,mMTC,0.29601628841119537
1486,mMTC,0.3006890310935809
1487,mMTC,0.2981732473803398
1488,mMTC,0.29811931444318335
1489,mMTC,0.29798635466233675
1490,mMTC,0.29508113308070244
1491,mMTC,0.29473786064528057
1492,mMTC,0.30122052396307186
1493,mMTC,0.29834720936601844
1494,mMTC,0.29733948481572847
1495,mMTC,0.3012306442210501
1496,mMTC,0.29671378248393876
1497,mMTC,0.29644652813596695
1498,mMTC,0.29895435997420083
1499,mMTC,0.29858020467289753
1500,mMTC,0.29382082934214426
1501,mMTC,0.2983175016127753
1502,mMTC,0.2982063316736587
1503,mMTC,0.29882252908164597
1504,mMTC,0.29896059445915985
1505,mMTC,0.298361445047275
1506,mMTC,0.2945319749840957
1507,mMTC,0.29692262215735055
1508,mMTC,0.3019083239259375
1509,mMTC,0.29586961295110564
1510,mMTC,0.2938104003826234
1511,mMTC,0.296884313673076
1512,mMTC,0.300894742259139
1513,mMTC,0.2953929376348721
1514,mMTC,0.30076491025896646
1515,mMTC,0.29874161949863787
1516,mMTC,0.2970304396987014
1517,mMTC,0.3000986666669887
1518,mMTC,0.29980433281945224
1519,mMTC,0.29743755140315686
1520,mMTC,0.2969034071606377
1521,mMTC,0.29424777488501275
1522,mMTC,0.30034722613783993
1523,mMTC,0.30321378067639554
1524,mMTC,0.2958098339926091
1525,mMTC,0.2931959800564801
1526,mMTC,0.29540682154774134
1527,mMTC,0.3001500260109791
1528,mMTC,0.29910096440851275
1529,mMTC,0.2979659942963638
1530,mMTC,0.2961915633455393
1531,mMTC,0.3000516094306438
1532,mMTC,0.3034146698775868
1533,mMTC,0.2971025240572916
1534,mMTC,0.2994405587395508
1535,mMTC,0.29568890208718407
1536,mMTC,0.2952299562623465
1537,mMTC,0.3007175573271071
1538,mMTC,0.29789375370324006
1539,mMTC,0.2980666427904318
1540,mMTC,0.29715576287759954
1541,mMTC,0.3021413655314396
1542,mMTC,0.29733013399841307
1543,mMTC,0.2940565719026016
1544,mMTC,0.2982988958604456
1545,mMTC,0.2960724309078675
1546,mMTC,0.29821522816693574
1547,mMTC,0.2975431789976707
1548,mMTC,0.2990712813374686
1549,mMTC,0.2995703188703623
1550,mMTC,0.2964572271868416
1551,mMTC,0.3004299700932291
1552,mMTC,0.29388435182475553
1553,mMTC,0.29735078757677896
1554,mMTC,0.3042335635994881
1555,mMTC,0.29557232970884934
1556,mMTC,0.2964325218343759
1557,mMTC,0.2967620226792521
1558,mMTC,0.29531579098979666
1559,mMTC,0.2968858189606278
1560,mMTC,0.2990756475910754
1561,mMTC,0.29870918269462726
1562,mMTC,0.29442993709674775
1563,mMTC,0.29435154713650474
1564,mMTC,0.29358677114862824
1565,mMTC,0.2999696542844554
1566,mMTC,0.29699686767384287
1567,mMTC,0.2915458634296843
1568,mMTC,0.3005580119435092
1569,mMTC,0.2996331531464776
1570,mMTC,0.2996479177935769
1571,mMTC,0.2991296317863342
1572,mMTC,0.3013080292648313
1573,mMTC,0.29444979823877027
1574,mMTC,0.2982270474020881
1575,mMTC,0.29285449818673254
1576,mMTC,0.29722035430655347
1577,mMTC,0.2987120055974413
1578,mMTC,0.2967807102345051
1579,mMTC,0.2966204373814752
1580,mMTC,0.2984203633966341
1581,mMTC,0.3024017625295932
1582,mMTC,0.29870591571860877
1583,mMTC,0.3006734970953956
1584,mMTC,0.3007722637558595
1585,mMTC,0.30035255714773645
1586,mMTC,0.30035771382809967
1587,mMTC,0.296487979358592
1588,mMTC,0.2992392169777036
1589,mMTC,0.29368701287635973
1590,mMTC,0.2970855977574279
1591,mMTC,0.3023316953048921
1592,mMTC,0.3006289317499119
1593,mMTC,0.2968999756996934
1594,mMTC,0.29826562049267485
1595,mMTC,0.30114661270591125
1596,mMTC,0.29846753607377413
1597,mMTC,0.2969074991158298
1598,mMTC,0.296222429048662
1599,mMTC,0.2963945361220617
1600,mMTC,0.29749016330555833
1601,mMTC,0.29769541068054706
1602,mMTC,0.29678860102509685
1603,mMTC,0.29409621331111485
1604,mMTC,0.2955785482659088
1605,mMTC,0.29503420224565613
1606,mMTC,0.29504761779014926
1607,mMTC,0.2943049241448318
1608,mMTC,0.28769245639043517
1609,mMTC,0.29382750527101775
1610,mMTC,0.296294200529175
1611,mMTC,0.2954289164079741
1612,mMTC,0.2918488305248744
1613,mMTC,0.2957289233180881
1614,mMTC,0.29808227622531686
1615,mMTC,0.3023683777076001
1616,mMTC,0.30318003836330537
1617,mMTC,0.2935863047054214
1618,mMTC,0.2917563089064034
1619,mMTC,0.29785336594484546
1620,mMTC,0.29646657102833235
1621,mMTC,0.2982361653065094
1622,mMTC,0.3015938015159086
1623,mMTC,0.2982042767349423
1624,mMTC,0.2985621292640588
1625,mMTC,0.30189437191076235
1626,mMTC,0.2940451239284584
1627,mMTC,0.29437313338866516
1628,mMTC,0.2935851276413809
1629,mMTC,0.2949594555113587
1630,mMTC,0.2986285826200096
1631,mMTC,0.2978377042501082
1632,mMTC,0.29857307806863
1633,mMTC,0.29890878865378784
1634,mMTC,0.2992029171803293
1635,mMTC,0.30016483396515153
1636,mMTC,0.29730437939280613
1637,mMTC,0.37403082485117467
1638,mMTC,0.2931983271042935
1639,mMTC,0.29459726207660825
1640,mMTC,0.2956234954954641
1641,mMTC,0.2996526124822496
1642,mMTC,0.3014199914007775
1643,mMTC,0.2951783062343013
1644,mMTC,0.296973576335856
1645,mMTC,0.2957827286314262
1646,mMTC,0.29566218624496676
1647,mMTC,0.2973162872523938
1648,mMTC,0.2984251725764106
1649,mMTC,0.2964613208611301
1650,mMTC,0.29681807834433693
1651,mMTC,0.3014760224027481
1652,mMTC,0.3022019911348813
1653,mMTC,0.2976131295339299
1654,mMTC,0.29452279068556897
1655,mMTC,0.29696186164452076
1656,mMTC,0.2974650366426378
1657,mMTC,0.29728043814567856
1658,mMTC,0.2962488301286454
1659,mMTC,0.2932329094230718
1660,mMTC,0.29677296070828213
1661,mMTC,0.29361679301603244
1662,mMTC,0.29805561025684774
1663,mMTC,0.2959851445743276
1664,mMTC,0.2972626336783238
1665,mMTC,0.298446836307318
1666,mMTC,0.29323077639110806
1667,mMTC,0.2958562077154541
1668,mMTC,0.2984709817676074
1669,mMTC,0.29713036686414873
1670,mMTC,0.2949691918812142
1671,mMTC,0.2941277114347275
1672,mMTC,0.2968545989811479
1673,mMTC,0.2918928848551711
1674,mMTC,0.29391510334268334
1675,mMTC,0.3035246457489451
1676,mMTC,0.29775614225622227
1677,mMTC,0.2978559513807902
1678,mMTC,0.29850877183120517
1679,mMTC,0.2989315398129774
1680,mMTC,0.29344643753606353
1681,mMTC,0.2958830100672532
1682,mMTC,0.3030633610902498
1683,mMTC,0.2961255689622497
1684,mMTC,0.296178714222971
1685,mMTC,0.29883423017105265
1686,mMTC,0.29832959807614373
1687,mMTC,0.2978624398943339
1688,mMTC,0.29792181107948223
1689,mMTC,0.29226776438075674
1690,mMTC,0.29427874419547845
1691,mMTC,0.2961108120042628
1692,mMTC,0.29768797591779494
1693,mMTC,0.2969214037343419
1694,mMTC,0.2975492910554184
1695,mMTC,0.30110328661064006
1696,mMTC,0.29626115561967553
1697,mMTC,0.29497462043298
1698,mMTC,0.2969263892109078
1699,mMTC,0.29674804560245976
1700,mMTC,0.2974025547561155
1701,mMTC,0.3003398997796294
1702,mMTC,0.2957943583800616
1703,mMTC,0.2949068603491099
1704,mMTC,0.2978618503223684
1705,mMTC,0.295496538342011
1706,mMTC,0.29285462490820513
1707,mMTC,0.2984997520874514
1708,mMTC,0.29852268586115804
1709,mMTC,0.2952383577788424
1710,mMTC,0.29375611032880494
1711,mMTC,0.2958919965592487
1712,mMTC,0.3004732907111487
1713,mMTC,0.2970237274391899
1714,mMTC,0.29280298271077476
1715,mMTC,0.2993161303876132
1716,mMTC,0.2966461495109977
1717,mMTC,0.29498944904314245
1718,mMTC,0.2993986486988267
1719,mMTC,0.29454301636253793
1720,mMTC,0.2953617602901721
1721,mMTC,0.29529327394022103
1722,mMTC,0.2989789329899506
1723,mMTC,0.2998928464730466
1724,mMTC,0.29495204077279086
1725,mMTC,0.2974143404306738
1726,mMTC,0.2991789616375396
1727,mMTC,0.297739400676605
1728,mMTC,0.29886781782115945
1729,mMTC,0.29840412829614166
1730,mMTC,0.29761882879938656
1731,mMTC,0.2967497331478325
1732,mMTC,0.29586056568577596
1733,mMTC,0.30048441976096896
1734,mMTC,0.3050410811419157
1735,mMTC,0.2975047454742763
1736,mMTC,0.2960681952717861
1737,mMTC,0.2938448980974513
1738,mMTC,0.29890407226465626
1739,mMTC,0.29919967944462933
1740,mMTC,0.29135590231398534
1741,mMTC,0.29439750804864717
1742,mMTC,0.3003240487244407
1743,mMTC,0.2990863957734865
1744,mMTC,0.3003849152843057
1745,mMTC,0.29921943938576373
1746,mMTC,0.3003084455867034
1747,mMTC,0.2992586028843704
1748,mMTC,0.29597762456930354
1749,mMTC,0.29741210512611876
1750,mMTC,0.3003068875888373
1751,mMTC,0.298727528790123
1752,mMTC,0.29461585946450886
1753,mMTC,0.29639460068599677
1754,mMTC,0.2995459996752442
1755,mMTC,0.29904628097128594
1756,mMTC,0.2958135287401352
1757,mMTC,0.2933876152538694
1758,mMTC,0.30031660620030026
1759,mMTC,0.30151857131683546
1760,mMTC,0.30209454038160166
1761,mMTC,0.3024161647563563
1762,mMTC,0.29660860475340145
1763,mMTC,0.29322446683496756
1764,mMTC,0.3025992883963698
1765,mMTC,0.30124058981958807
1766,mMTC,0.2999048601386075
1767,mMTC,0.3042283879911135
1768,mMTC,0.2991473771820201
1769,mMTC,0.30019972551452684
1770,mMTC,0.29836825269486256
1771,mMTC,0.3014620049754757
1772,mMTC,0.29894295754987316
1773,mMTC,0.29790725552339276
1774,mMTC,0.30285690328429804
1775,mMTC,0.29924492544115033
1776,mMTC,0.2943382016470259
1777,mMTC,0.29870128962237136
1778,mMTC,0.29558513257004443
1779,mMTC,0.3001840601694628
1780,mMTC,0.2992968072303652
1781,mMTC,0.2952506780249698
1782,mMTC,0.2958080621688187
1783,mMTC,0.2955971226141644
1784,mMTC,0.29754273513401286
1785,mMTC,0.29317436501194416
1786,mMTC,0.30085956216278237
1787,mMTC,0.29845143673492597
1788,mMTC,0.2974642253663168
1789,mMTC,0.29718596267072445
1790,mMTC,0.2991060951206928
1791,mMTC,0.29732213837587657
1792,mMTC,0.29433023972238004
1793,mMTC,0.3024411284704429
1794,mMTC,0.28989837036759514
1795,mMTC,0.2948928601517432
1796,mMTC,0.2986533398596988
1797,mMTC,0.2911281322497792
1798,mMTC,0.29412129368777207
1799,mMTC,0.2955839107275159
1800,mMTC,0.2989570395761831
1801,mMTC,0.2954489435809257
1802,mMTC,0.2991797012365803
1803,mMTC,0.2935556327309223
1804,mMTC,0.2923238038232475
1805,mMTC,0.29567583599601277
1806,mMTC,0.29804575245419035
1807,mMTC,0.30183791768999285
1808,mMTC,0.2970593697134096
1809,mMTC,0.2949978709156444
1810,mMTC,0.2967498475347338
1811,mMTC,0.30058607588004427
1812,mMTC,0.3012704428877201
1813,mMTC,0.299068753690345
1814,mMTC,0.29885901357080913
1815,mMTC,0.2947935864798579
1816,mMTC,0.29563564747176996
1817,mMTC,0.30514238448172637
1818,mMTC,0.30209048447227366
1819,mMTC,0.2973532546168552
1820,mMTC,0.2987499869095857
1821,mMTC,0.3000991680705868
1822,mMTC,0.29720522945791766
1823,mMTC,0.2972720443117231
1824,mMTC,0.2988114163838025
1825,mMTC,0.29904368720261615
1826,mMTC,0.3003269500945922
1827,mMTC,0.2944619082386663
1828,mMTC,0.2994472155428928
1829,mMTC,0.2991232279838263
1830,mMTC,0.29620849227536084
1831,mMTC,0.29903375935155274
1832,mMTC,0.3002278740068731
1833,mMTC,0.299345429087705
1834,mMTC,0.29939084587093934
1835,mMTC,0.2965317966452523
1836,mMTC,0.29860803589476387
1837,mMTC,0.29806994162575795
1838,mMTC,0.2949143129157663
1839,mMTC,0.30130352411125816
1840,mMTC,0.2985219219588534
1841,mMTC,0.2948858663020672
1842,mMTC,0.2963435378112134
1843,mMTC,0.29925555539228144
1844,mMTC,0.29614198983373535
1845,mMTC,0.2944777837380774
1846,mMTC,0.29566906231872603
1847,mMTC,0.30034062991084637
1848,mMTC,0.300411725709516
1849,mMTC,0.30079945346982345
1850,mMTC,0.2985315019920139
1851,mMTC,0.2962343763958962
1852,mMTC,0.29960718478445175
1853,mMTC,0.29829602938735006
1854,mMTC,0.2953403385720382
1855,mMTC,0.29534708860000114
1856,mMTC,0.2950050967057313
1857,mMTC,0.29292307542342505
1858,mMTC,0.2939991388354095
1859,mMTC,0.29535001549096523
1860,mMTC,0.29642899963927316
1861,mMTC,0.30137145032417945
1862,mMTC,0.29827557589131887
1863,mMTC,0.29902868352050904
1864,mMTC,0.2976022321185576
1865,mMTC,0.2993333210835286
1866,mMTC,0.30043923197972844
1867,mMTC,0.2965571157821046
1868,mMTC,0.2930751227107175
1869,mMTC,0.2969346707247707
1870,mMTC,0.29888642797498804
1871,mMTC,0.29935757908085164
1872,mMTC,0.29618110861807545
1873,mMTC,0.29784376845556293
1874,mMTC,0.294423504760947
1875,mMTC,0.29594209234283475
1876,mMTC,0.29648126832473737
1877,mMTC,0.29693080850946085
1878,mMTC,0.2989841946985144
1879,mMTC,0.3029478575929501
1880,mMTC,0.2950421873531833
1881,mMTC,0.2883214598575543
1882,mMTC,0.294301262998459
1883,mMTC,0.29743961455340884
1884,mMTC,0.2993910398573135
1885,mMTC,0.2976037638295915
1886,mMTC,0.2959073987820264
1887,mMTC,0.29947645990503396
1888,mMTC,0.29710376708760217
1889,mMTC,0.29625023540556134
1890,mMTC,0.29763470082849136
1891,mMTC,0.30179607321427926
1892,mMTC,0.2961350393790805
1893,mMTC,0.2969403655076431
1894,mMTC,0.2965796803043234
1895,mMTC,0.299884800476277
1896,mMTC,0.298966205256266
1897,mMTC,0.29516403228310845
1898,mMTC,0.29816444715177504
1899,mMTC,0.2956725835475962
1900,mMTC,0.2961194179166533
1901,mMTC,0.29340416776054745
1902,mMTC,0.297209726270951
1903,mMTC,0.29662620928727734
1904,mMTC,0.30209392941749535
1905,mMTC,0.2974978035475734
1906,mMTC,0.3015093984816071
1907,mMTC,0.29757901210472465
1908,mMTC,0.2924182405066114
1909,mMTC,0.30542430542191534
1910,mMTC,0.2988862467474219
1911,mMTC,0.2907389893534919
1912,mMTC,0.29623461121584477
1913,mMTC,0.2982091981292789
1914,mMTC,0.2996942798134042
1915,mMTC,0.29795008125992894
1916,mMTC,0.29461946237102027
1917,mMTC,0.2941348655784198
1918,mMTC,0.2976659565396067
1919,mMTC,0.30053174252896875
1920,mMTC,0.2953803448800628
1921,mMTC,0.29676772163244924
1922,mMTC,0.30275164037874086
1923,mMTC,0.29620669775562203
1924,mMTC,0.29454232751211357
1925,mMTC,0.30423201734358085
1926,mMTC,0.30104218778481856
1927,mMTC,0.29561856543838155
1928,mMTC,0.2938081253972132
1929,mMTC,0.3026246045265863
1930,mMTC,0.30091144006637405
1931,mMTC,0.2956147478791912
1932,mMTC,0.2999607926415548
1933,mMTC,0.3002001667115858
1934,mMTC,0.29795912219150816
1935,mMTC,0.2993480358725061
1936,mMTC,0.2974580923787079
1937,mMTC,0.2972254129771685
1938,mMTC,0.29884822453245435
1939,mMTC,0.29966576746457485
1940,mMTC,0.2968597749012609
1941,mMTC,0.2976149653278848
1942,mMTC,0.29668095575965375
1943,mMTC,0.29722368166331303
1944,mMTC,0.29847301674490084
1945,mMTC,0.29863536248611366
1946,mMTC,0.2998472957327903
1947,mMTC,0.3000162717527306
1948,mMTC,0.2990340186462074
1949,mMTC,0.2977362858288841
1950,mMTC,0.2955456666230203
1951,mMTC,0.2963886568831293
1952,mMTC,0.29622674874516924
1953,mMTC,0.29458450648947415
1954,mMTC,0.29671836434126814
1955,mMTC,0.29996708999754823
1956,mMTC,0.2974661153153062
1957,mMTC,0.2976907074385746
1958,mMTC,0.2944867383319515
1959,mMTC,0.29422919045607143
1960,mMTC,0.2914042642211202
1961,mMTC,0.2995894759833124
1962,mMTC,0.29617776400868545
1963,mMTC,0.2982883823191418
1964,mMTC,0.2940826815661942
1965,mMTC,0.29260351458478084
1966,mMTC,0.2987188398233425
1967,mMTC,0.29843326416039717
1968,mMTC,0.29866393639898947
1969,mMTC,0.3018117485490546
1970,mMTC,0.2934138193286296
1971,mMTC,0.2933125698369791
1972,mMTC,0.29974020939335844
1973,mMTC,0.29811501700244536
1974,mMTC,0.29998561108439203
1975,mMTC,0.2950375148011157
1976,mMTC,0.2925824165871773
1977,mMTC,0.2937497650217034
1978,mMTC,0.3002546870932577
1979,mMTC,0.298434832923032
1980,mMTC,0.2947027240253748
1981,mMTC,0.2975716811859775
1982,mMTC,0.3000240186646189
1983,mMTC,0.3011935220978192
1984,mMTC,0.30255613250624663
1985,mMTC,0.2946226843674898
1986,mMTC,0.2946736993488555
1987,mMTC,0.3041076756635288
1988,mMTC,0.3015320725706094
1989,mMTC,0.30038508921791707
1990,mMTC,0.2942610062016296
1991,mMTC,0.2983819563764862
1992,mMTC,0.29651814723146475
1993,mMTC,0.29406733495577203
1994,mMTC,0.29837744147524303
1995,mMTC,0.2995169237144359
1996,mMTC,0.29773692383691136
1997,mMTC,0.2982937381150324
1998,mMTC,0.294299252946961
1999,mMTC,0.2942079537634416
