time,slice_name,avg_completion_latency_ms
0,URLLC,0.0
1,URLLC,0.06457905333983421
2,URLLC,0.06670792620663134
3,URLLC,0.06706542949146484
4,URLLC,0.06407530526842838
5,URLLC,0.061518458334834956
6,URLLC,0.061250382117354396
7,URLLC,0.061435090488953334
8,URLLC,0.06113859325457468
9,URLLC,0.061552851353313245
10,URLLC,0.0610140594165563
11,URLLC,0.06148869993692303
12,URLLC,0.061777118737199155
13,URLLC,0.061708151569288106
14,URLLC,0.061600618705631806
15,URLLC,0.06134939967746771
16,URLLC,0.06162098239175937
17,URLLC,0.0612634096767492
18,URLLC,0.061295201390615735
19,URLLC,0.06130017592164052
20,URLLC,0.06130079715633716
21,URLLC,0.06129003206754663
22,URLLC,0.06134279070075119
23,URLLC,0.0613664251564226
24,URLLC,0.06121569458322278
25,URLLC,0.06100577769018398
26,URLLC,0.061139692292786534
27,URLLC,0.06156771356078002
28,URLLC,0.06123129202477177
29,URLLC,0.06102495587213695
30,URLLC,0.0615729556131853
31,URLLC,0.06151589108318584
32,URLLC,0.06103693424775827
33,URLLC,0.06132550726527835
34,URLLC,0.0610103607434519
35,URLLC,0.06124302734290931
36,URLLC,0.061365582205051485
37,URLLC,0.0612817735933129
38,URLLC,0.061488822301059724
39,URLLC,0.061370489152135166
40,URLLC,0.06139961105760731
41,URLLC,0.06150028197916224
42,URLLC,0.06150623169965985
43,URLLC,0.06161075863108297
44,URLLC,0.06099380030123402
45,URLLC,0.0614350770071148
46,URLLC,0.06114922254824973
47,URLLC,0.061581694012143036
48,URLLC,0.061261031696380586
49,URLLC,0.06146944025310942
50,URLLC,0.06128696258742678
51,URLLC,0.06110528504738699
52,URLLC,0.061209825643069725
53,URLLC,0.061614283027902
54,URLLC,0.06112041867746088
55,URLLC,0.06140055553836324
56,URLLC,0.06138895634574515
57,URLLC,0.061323219651747314
58,URLLC,0.0614454925350069
59,URLLC,0.06112353883859323
60,URLLC,0.06160845385667922
61,URLLC,0.0614017140055444
62,URLLC,0.0614848493812559
63,URLLC,0.06141723275252502
64,URLLC,0.061269487493083696
65,URLLC,0.06118299934208716
66,URLLC,0.06154780488994336
67,URLLC,0.06134307241271791
68,URLLC,0.06116380468758817
69,URLLC,0.06166861574639034
70,URLLC,0.06134952006359327
71,URLLC,0.06120429349898944
72,URLLC,0.06139427145987956
73,URLLC,0.06108734602671597
74,URLLC,0.0613410409242594
75,URLLC,0.061347807610899655
76,URLLC,0.061261479003227835
77,URLLC,0.06142729855519746
78,URLLC,0.06134591911492827
79,URLLC,0.06175016770775065
80,URLLC,0.061659464024486126
81,URLLC,0.061398805578905896
82,URLLC,0.06112937360517071
83,URLLC,0.06162295758430527
84,URLLC,0.0609710080249716
85,URLLC,0.06168419378098363
86,URLLC,0.0614779504976713
87,URLLC,0.061095129440410394
88,URLLC,0.061446580315327966
89,URLLC,0.06150360578858495
90,URLLC,0.061517513363914735
91,URLLC,0.061576453357018
92,URLLC,0.061545583015700324
93,URLLC,0.06152151176956213
94,URLLC,0.06117528980605749
95,URLLC,0.0613461885162239
96,URLLC,0.061312836877701754
97,URLLC,0.061707627753181137
98,URLLC,0.061512072485510015
99,URLLC,0.06151746597049108
100,URLLC,0.06146964195301056
101,URLLC,0.06137223779861516
102,URLLC,0.06161166434690974
103,URLLC,0.061423564832981066
104,URLLC,0.06119964617476769
105,URLLC,0.061269978570040046
106,URLLC,0.060988614973449734
107,URLLC,0.06138105189576654
108,URLLC,0.06150179061684958
109,URLLC,0.06112992635507739
110,URLLC,0.061311612816359724
111,URLLC,0.06106836328984975
112,URLLC,0.061394639679584875
113,URLLC,0.06122364003382277
114,URLLC,0.06141320737497832
115,URLLC,0.06141707575901372
116,URLLC,0.06116720797375998
117,URLLC,0.0615420458139508
118,URLLC,0.06100415749518068
119,URLLC,0.061398272142068736
120,URLLC,0.06162453402194149
121,URLLC,0.06132084218733669
122,URLLC,0.0612845120461483
123,URLLC,0.061526393072755675
124,URLLC,0.06155863890392833
125,URLLC,0.06138577338238286
126,URLLC,0.06164250971067908
127,URLLC,0.06108011560105641
128,URLLC,0.061417553815338075
129,URLLC,0.06127619722264662
130,URLLC,0.061218719502970184
131,URLLC,0.061481850239440125
132,URLLC,0.061582648728480946
133,URLLC,0.06109084240924152
134,URLLC,0.06138917081260547
135,URLLC,0.06161993319115955
136,URLLC,0.061042728339011545
137,URLLC,0.06118216923267746
138,URLLC,0.0611118942433721
139,URLLC,0.06151353856788011
140,URLLC,0.06143416380221026
141,URLLC,0.06118924043736354
142,URLLC,0.06147829855458169
143,URLLC,0.0614438266464356
144,URLLC,0.06113241223312391
145,URLLC,0.061235538002138344
146,URLLC,0.061735603731865145
147,URLLC,0.06126093957967858
148,URLLC,0.061770994296399664
149,URLLC,0.06128661837254788
150,URLLC,0.061357790904422484
151,URLLC,0.0614284561726343
152,URLLC,0.06128756550335082
153,URLLC,0.06144306111920044
154,URLLC,0.06139688266121882
155,URLLC,0.061416349662634324
156,URLLC,0.06126682984006735
157,URLLC,0.06160463764453636
158,URLLC,0.0615784497928612
159,URLLC,0.06126802020508524
160,URLLC,0.06134894759462851
161,URLLC,0.061549066406837605
162,URLLC,0.061304432752075325
163,URLLC,0.06149633245990221
164,URLLC,0.06151589798694404
165,URLLC,0.061614361779529454
166,URLLC,0.06166049669011747
167,URLLC,0.061744206356958035
168,URLLC,0.061176339874091996
169,URLLC,0.06151306526496673
170,URLLC,0.061734184542234415
171,URLLC,0.061586337513855983
172,URLLC,0.0614296300538982
173,URLLC,0.061505136611884836
174,URLLC,0.06156288100561852
175,URLLC,0.061539959670104234
176,URLLC,0.061454654630233335
177,URLLC,0.06136304723329946
178,URLLC,0.061371729146872236
179,URLLC,0.061900276658922636
180,URLLC,0.061104170272884194
181,URLLC,0.06132355337417089
182,URLLC,0.061526921877368176
183,URLLC,0.061289917614736955
184,URLLC,0.061421532780389164
185,URLLC,0.061751484055363196
186,URLLC,0.06133857637707552
187,URLLC,0.061226347805696565
188,URLLC,0.061267796124371304
189,URLLC,0.061541596179974234
190,URLLC,0.06144533693021045
191,URLLC,0.06101750095212567
192,URLLC,0.06125053176367812
193,URLLC,0.061254023948050525
194,URLLC,0.06135601188380379
195,URLLC,0.06156020311080788
196,URLLC,0.06161771054781404
197,URLLC,0.061872346295464654
198,URLLC,0.061064687647878334
199,URLLC,0.06147515912614289
200,URLLC,0.061560688414358015
201,URLLC,0.06115781330641424
202,URLLC,0.06128833814859794
203,URLLC,0.061209455242303014
204,URLLC,0.06124388193230566
205,URLLC,0.06139405113337826
206,URLLC,0.06114909303982843
207,URLLC,0.061323227401958835
208,URLLC,0.06104457967714209
209,URLLC,0.061339891933001295
210,URLLC,0.06144527540346251
211,URLLC,0.061229397493774436
212,URLLC,0.06134819945396784
213,URLLC,0.06123147256463491
214,URLLC,0.06104087143363811
215,URLLC,0.06117623258259043
216,URLLC,0.06093757667060424
217,URLLC,0.06139604008292883
218,URLLC,0.06121579475564811
219,URLLC,0.06123129115499287
220,URLLC,0.061355437820042664
221,URLLC,0.06144519347852038
222,URLLC,0.06145394497667492
223,URLLC,0.06142114874740515
224,URLLC,0.061343327795463455
225,URLLC,0.061592052611621505
226,URLLC,0.06147889622960985
227,URLLC,0.06142354282056037
228,URLLC,0.06129770629313595
229,URLLC,0.06109990365716495
230,URLLC,0.06123378467242021
231,URLLC,0.06151910898507825
232,URLLC,0.06124559599351444
233,URLLC,0.06163497254688793
234,URLLC,0.06134630248054517
235,URLLC,0.06125314093228723
236,URLLC,0.06126401695800168
237,URLLC,0.061370648721933145
238,URLLC,0.06132480143271753
239,URLLC,0.06140794729005454
240,URLLC,0.06137175688857851
241,URLLC,0.06089381846023385
242,URLLC,0.06117504060017183
243,URLLC,0.06115463997014036
244,URLLC,0.06125900790477996
245,URLLC,0.06144936819356719
246,URLLC,0.06129086264178588
247,URLLC,0.061447114354889386
248,URLLC,0.06137676336847188
249,URLLC,0.06176257236064262
250,URLLC,0.06150738274508079
251,URLLC,0.061441008107939024
252,URLLC,0.06154192908109274
253,URLLC,0.061383699654351816
254,URLLC,0.06162728732237685
255,URLLC,0.061339482527998104
256,URLLC,0.061439164932869494
257,URLLC,0.06179566433008141
258,URLLC,0.061128725175749556
259,URLLC,0.061519063889557635
260,URLLC,0.0613842000790981
261,URLLC,0.06160518803205667
262,URLLC,0.06093014545336077
263,URLLC,0.06143699036838903
264,URLLC,0.06114652076706306
265,URLLC,0.06152765926644303
266,URLLC,0.06133012722355419
267,URLLC,0.06150125947889553
268,URLLC,0.06124907784463792
269,URLLC,0.06160194953079329
270,URLLC,0.061647011768195266
271,URLLC,0.06113584318519074
272,URLLC,0.06113120425827617
273,URLLC,0.06171051376387353
274,URLLC,0.06120679895218879
275,URLLC,0.061421109029142114
276,URLLC,0.061646112020164956
277,URLLC,0.06149236740887716
278,URLLC,0.0612457111292237
279,URLLC,0.06111311734829681
280,URLLC,0.06157308484373911
281,URLLC,0.06162633486405252
282,URLLC,0.06135326462524894
283,URLLC,0.06129175860446154
284,URLLC,0.06124502629281486
285,URLLC,0.061704090258258106
286,URLLC,0.06151548443834192
287,URLLC,0.06140161448417728
288,URLLC,0.061487318692885644
289,URLLC,0.06141448397426076
290,URLLC,0.061457266250003896
291,URLLC,0.061218037310823654
292,URLLC,0.06132853399655152
293,URLLC,0.06128587941099688
294,URLLC,0.06120377415216054
295,URLLC,0.061217390937646145
296,URLLC,0.06098838307919825
297,URLLC,0.0611772407516302
298,URLLC,0.061678231193470684
299,URLLC,0.061461986005812964
300,URLLC,0.06162675136563072
301,URLLC,0.06142110302755791
302,URLLC,0.06131668563954678
303,URLLC,0.06121090170704421
304,URLLC,0.061376427358683434
305,URLLC,0.06135022164199801
306,URLLC,0.06123477598802806
307,URLLC,0.06121452118044647
308,URLLC,0.06144705147321204
309,URLLC,0.06136315878427235
310,URLLC,0.06143321351207293
311,URLLC,0.061421010220886085
312,URLLC,0.06146245616740901
313,URLLC,0.061776391831339324
314,URLLC,0.061381357612983196
315,URLLC,0.06148224644644846
316,URLLC,0.06129172302414781
317,URLLC,0.06155528705739845
318,URLLC,0.06131382045273965
319,URLLC,0.06157017580996123
320,URLLC,0.06136282951389675
321,URLLC,0.06187051795284132
322,URLLC,0.0611827948680852
323,URLLC,0.06141929950049195
324,URLLC,0.06131095168484927
325,URLLC,0.061548556117133064
326,URLLC,0.06150701995848024
327,URLLC,0.06103190136233713
328,URLLC,0.06139890096425577
329,URLLC,0.061288768073765924
330,URLLC,0.06143771870935464
331,URLLC,0.061287577407037365
332,URLLC,0.0616679554415262
333,URLLC,0.06148723243324567
334,URLLC,0.061736302634245926
335,URLLC,0.06110478640891508
336,URLLC,0.06115090843475068
337,URLLC,0.06143256769068403
338,URLLC,0.06152596011101647
339,URLLC,0.061558675046753775
340,URLLC,0.061518520357230995
341,URLLC,0.06131111883081609
342,URLLC,0.06139463019249644
343,URLLC,0.061360076343075845
344,URLLC,0.061652099284362494
345,URLLC,0.06171730629135542
346,URLLC,0.06147942473900162
347,URLLC,0.060986469597660825
348,URLLC,0.06128533258946245
349,URLLC,0.06137661615127823
350,URLLC,0.061421289435681814
351,URLLC,0.06118128927263417
352,URLLC,0.06148633075889484
353,URLLC,0.06151080236709535
354,URLLC,0.061210939131152185
355,URLLC,0.06122209993710513
356,URLLC,0.061413537712155
357,URLLC,0.061434888333687494
358,URLLC,0.06157022825161169
359,URLLC,0.0614918719288059
360,URLLC,0.061362022589103615
361,URLLC,0.06148660863615416
362,URLLC,0.06143103486600998
363,URLLC,0.06131644213794564
364,URLLC,0.06143806754130091
365,URLLC,0.06142168289555937
366,URLLC,0.06148592889182384
367,URLLC,0.06113317904795126
368,URLLC,0.061089298046867746
369,URLLC,0.06129103106775379
370,URLLC,0.061426755779396706
371,URLLC,0.061260438247025366
372,URLLC,0.06139064945386598
373,URLLC,0.061486789281317344
374,URLLC,0.0615612614247468
375,URLLC,0.0616566443189616
376,URLLC,0.06114551559235757
377,URLLC,0.0617307667554406
378,URLLC,0.06172555174628281
379,URLLC,0.06136917634347271
380,URLLC,0.061502512617783195
381,URLLC,0.06109180997834391
382,URLLC,0.061362012508294116
383,URLLC,0.06129845802051471
384,URLLC,0.06141325214281565
385,URLLC,0.061292873458917416
386,URLLC,0.06160648482164575
387,URLLC,0.061404157679536525
388,URLLC,0.06112023329687745
389,URLLC,0.06127355439870296
390,URLLC,0.061244859687394564
391,URLLC,0.0612022770296955
392,URLLC,0.06107685440536585
393,URLLC,0.06121010151096844
394,URLLC,0.061353921857648645
395,URLLC,0.06124783970300925
396,URLLC,0.061258688228045415
397,URLLC,0.06140382916107082
398,URLLC,0.061242447133305816
399,URLLC,0.06142230471576698
400,URLLC,0.06146713831760914
401,URLLC,0.06112320675576482
402,URLLC,0.06147747774013352
403,URLLC,0.061419010835079446
404,URLLC,0.06135358403358735
405,URLLC,0.06168698951267516
406,URLLC,0.06128507827346426
407,URLLC,0.061352000281619266
408,URLLC,0.06147186660464732
409,URLLC,0.061202878441025
410,URLLC,0.061515989866479805
411,URLLC,0.061357867704630684
412,URLLC,0.06116803389087194
413,URLLC,0.06164518578382332
414,URLLC,0.061558316245535
415,URLLC,0.0614601319214229
416,URLLC,0.06114354946051136
417,URLLC,0.061567393563439654
418,URLLC,0.06141770926266399
419,URLLC,0.06135868881756002
420,URLLC,0.06125257711978763
421,URLLC,0.06137220248267995
422,URLLC,0.06133265240914
423,URLLC,0.06100623635476749
424,URLLC,0.061545782829656795
425,URLLC,0.061554416769483186
426,URLLC,0.061288942230601426
427,URLLC,0.06142291222807335
428,URLLC,0.061408647000046376
429,URLLC,0.061464030269379515
430,URLLC,0.0614381322573613
431,URLLC,0.06158359906455332
432,URLLC,0.060921676224750594
433,URLLC,0.06144092259172245
434,URLLC,0.06142083612553946
435,URLLC,0.061230421596910646
436,URLLC,0.061188891095548224
437,URLLC,0.06125544614302787
438,URLLC,0.061671821152642116
439,URLLC,0.06150588439384922
440,URLLC,0.061327591318976284
441,URLLC,0.06126309634940431
442,URLLC,0.06131724854502421
443,URLLC,0.06126308620065689
444,URLLC,0.06132426954670906
445,URLLC,0.06165134765566592
446,URLLC,0.0612239548202644
447,URLLC,0.06148400391286305
448,URLLC,0.06125711323787225
449,URLLC,0.061492352495927084
450,URLLC,0.06158857611150725
451,URLLC,0.06115082858321788
452,URLLC,0.06144840277552471
453,URLLC,0.0612201957614971
454,URLLC,0.06137687847203297
455,URLLC,0.06121208939129989
456,URLLC,0.061236839159617217
457,URLLC,0.061297448770014834
458,URLLC,0.0615799189775912
459,URLLC,0.061461024013076127
460,URLLC,0.061638400912532434
461,URLLC,0.061217430796093035
462,URLLC,0.06124197925394815
463,URLLC,0.06172342138624681
464,URLLC,0.061395000404026845
465,URLLC,0.06169295392002328
466,URLLC,0.061357007192319984
467,URLLC,0.061403867927621196
468,URLLC,0.061779538505456394
469,URLLC,0.0611871333659233
470,URLLC,0.061670673145142726
471,URLLC,0.06176503645706287
472,URLLC,0.061597006592124255
473,URLLC,0.06175486436418752
474,URLLC,0.06137844636376906
475,URLLC,0.06133269384524092
476,URLLC,0.06132641108652447
477,URLLC,0.061351230925042834
478,URLLC,0.06123116207662505
479,URLLC,0.061395426424449596
480,URLLC,0.06154149013928979
481,URLLC,0.061493129751797104
482,URLLC,0.06178718309710819
483,URLLC,0.06140676831471612
484,URLLC,0.061613791144698664
485,URLLC,0.061383796672891774
486,URLLC,0.061573619212885414
487,URLLC,0.061149006814302985
488,URLLC,0.06175417855668899
489,URLLC,0.06150478431311859
490,URLLC,0.061574454942416784
491,URLLC,0.06130516374667988
492,URLLC,0.061704369958205496
493,URLLC,0.061436018312210294
494,URLLC,0.06110235747329453
495,URLLC,0.06108031506254215
496,URLLC,0.061046178648653714
497,URLLC,0.0611214186831446
498,URLLC,0.06155825915209394
499,URLLC,0.06167826546682801
500,URLLC,0.061476675961156683
501,URLLC,0.061211543253429854
502,URLLC,0.061577123995244745
503,URLLC,0.06104903335132099
504,URLLC,0.0609291973161776
505,URLLC,0.061567542210252076
506,URLLC,0.06162965436599493
507,URLLC,0.06109228605546119
508,URLLC,0.06108348560687128
509,URLLC,0.06141418883626012
510,URLLC,0.061338411175681375
511,URLLC,0.061336237926892856
512,URLLC,0.06157415216592064
513,URLLC,0.061410594873644066
514,URLLC,0.061454257440025736
515,URLLC,0.060939926209023734
516,URLLC,0.061139078495041986
517,URLLC,0.0610057833424014
518,URLLC,0.06166547129825129
519,URLLC,0.06144492231719688
520,URLLC,0.061179881771808824
521,URLLC,0.061631106177175196
522,URLLC,0.06146736725993954
523,URLLC,0.06118132740801903
524,URLLC,0.061206507639704144
525,URLLC,0.06157943669109572
526,URLLC,0.06144291297894481
527,URLLC,0.061666431064041675
528,URLLC,0.06127954663674398
529,URLLC,0.06148942375079185
530,URLLC,0.06158611354163514
531,URLLC,0.06147287725430323
532,URLLC,0.06114302488923635
533,URLLC,0.06187537866057881
534,URLLC,0.06108960575889057
535,URLLC,0.06180630340395493
536,URLLC,0.06126851325252597
537,URLLC,0.061473987259647034
538,URLLC,0.061198534164045235
539,URLLC,0.061190244572823405
540,URLLC,0.06132276976481746
541,URLLC,0.06142069922074768
542,URLLC,0.06123769575879604
543,URLLC,0.06142668648509959
544,URLLC,0.06136420494034071
545,URLLC,0.06158061677087387
546,URLLC,0.06157154902365969
547,URLLC,0.06160995458115003
548,URLLC,0.06114535273159028
549,URLLC,0.06142104972019214
550,URLLC,0.061418430975573035
551,URLLC,0.061327913493273156
552,URLLC,0.061438086707090486
553,URLLC,0.06122014155566737
554,URLLC,0.061043521037771685
555,URLLC,0.061553207377063476
556,URLLC,0.0615410862880609
557,URLLC,0.061507614430515
558,URLLC,0.06137159103815736
559,URLLC,0.06126968853494593
560,URLLC,0.061379115866851956
561,URLLC,0.0615604077335747
562,URLLC,0.061436255489334436
563,URLLC,0.061576529008987725
564,URLLC,0.06123747122249863
565,URLLC,0.061218984609831766
566,URLLC,0.06144099444450167
567,URLLC,0.06133884208395807
568,URLLC,0.06142906936602751
569,URLLC,0.06134343585166249
570,URLLC,0.06123238604721045
571,URLLC,0.06138181936943023
572,URLLC,0.061299288730419454
573,URLLC,0.06136377921893117
574,URLLC,0.06174375598602382
575,URLLC,0.06144808494724909
576,URLLC,0.061480109046065594
577,URLLC,0.06112598870981498
578,URLLC,0.061495180931434544
579,URLLC,0.06180677191419671
580,URLLC,0.06092018968252657
581,URLLC,0.061326744815791825
582,URLLC,0.06157947093965295
583,URLLC,0.06132102026276006
584,URLLC,0.060917902835491845
585,URLLC,0.06159472004531463
586,URLLC,0.061444052320429876
587,URLLC,0.06158678038982707
588,URLLC,0.061514320597253806
589,URLLC,0.06136074455007632
590,URLLC,0.061300429637255495
591,URLLC,0.06157153005615803
592,URLLC,0.06142560848492522
593,URLLC,0.061541638750629804
594,URLLC,0.06147702882936028
595,URLLC,0.061304767874225195
596,URLLC,0.06138487430104629
597,URLLC,0.061306445819428755
598,URLLC,0.06121175863195176
599,URLLC,0.061082449800601374
600,URLLC,0.06137969593843214
601,URLLC,0.06120975527664366
602,URLLC,0.0610406731631555
603,URLLC,0.0614818792723752
604,URLLC,0.061403421002112386
605,URLLC,0.061347822828244025
606,URLLC,0.06104332042305401
607,URLLC,0.06104897137862328
608,URLLC,0.061105495200585835
609,URLLC,0.06136777226846258
610,URLLC,0.06154479017095783
611,URLLC,0.06166239188680277
612,URLLC,0.06147961898597659
613,URLLC,0.06124690308895026
614,URLLC,0.06132550757258703
615,URLLC,0.06151695465074531
616,URLLC,0.06151401896649584
617,URLLC,0.06127141042041468
618,URLLC,0.06171153178176005
619,URLLC,0.0607898176882976
620,URLLC,0.061356678383876956
621,URLLC,0.061626451174222115
622,URLLC,0.061144111828863486
623,URLLC,0.06137942500379968
624,URLLC,0.061203163683426286
625,URLLC,0.0614931123505132
626,URLLC,0.06155069651073211
627,URLLC,0.06136181533498488
628,URLLC,0.06145681654258551
629,URLLC,0.06126674179860426
630,URLLC,0.061617362317479614
631,URLLC,0.06138932709595773
632,URLLC,0.06123129418188321
633,URLLC,0.0614164013172127
634,URLLC,0.06136383274783781
635,URLLC,0.06148523104764613
636,URLLC,0.06138684000747656
637,URLLC,0.06164826303006187
638,URLLC,0.06149433847770448
639,URLLC,0.06142771580471629
640,URLLC,0.06129219094373439
641,URLLC,0.061308358617088644
642,URLLC,0.061383749034345333
643,URLLC,0.061279279311903107
644,URLLC,0.06146763984929403
645,URLLC,0.06150210731419871
646,URLLC,0.061651859847187546
647,URLLC,0.061289682173458745
648,URLLC,0.06162514862341662
649,URLLC,0.06137475067140869
650,URLLC,0.06153304807186316
651,URLLC,0.06168458286282776
652,URLLC,0.061639199122840584
653,URLLC,0.061541158243295375
654,URLLC,0.061394039679108205
655,URLLC,0.060959585442570685
656,URLLC,0.061508032027000975
657,URLLC,0.06134586677272539
658,URLLC,0.0618852279497957
659,URLLC,0.06150254767883944
660,URLLC,0.06129492571386582
661,URLLC,0.061616090539012625
662,URLLC,0.06149970990831253
663,URLLC,0.061481624742890414
664,URLLC,0.06153267143608459
665,URLLC,0.06122551358472
666,URLLC,0.061266263500833265
667,URLLC,0.06133161650851456
668,URLLC,0.0612716497541056
669,URLLC,0.061224661809749684
670,URLLC,0.06135033625686415
671,URLLC,0.06126259278268507
672,URLLC,0.06120289571020215
673,URLLC,0.06118170000122282
674,URLLC,0.06116258826305588
675,URLLC,0.06171583609120558
676,URLLC,0.061493593037683404
677,URLLC,0.06151026807712564
678,URLLC,0.06111783939402353
679,URLLC,0.061622923149707014
680,URLLC,0.06165815024565148
681,URLLC,0.0612330361635358
682,URLLC,0.06114693088738493
683,URLLC,0.061353809913301895
684,URLLC,0.0613446011391527
685,URLLC,0.061625632702675036
686,URLLC,0.06107312736676519
687,URLLC,0.061443792408963006
688,URLLC,0.06163684795851874
689,URLLC,0.06124189770950155
690,URLLC,0.06141569386240321
691,URLLC,0.06115653672847763
692,URLLC,0.061604164889149216
693,URLLC,0.06152731970889681
694,URLLC,0.06132216666720588
695,URLLC,0.06118451756909917
696,URLLC,0.06153133290748451
697,URLLC,0.06126879753069825
698,URLLC,0.06148032803036782
699,URLLC,0.0614968190979107
700,URLLC,0.06139724491750914
701,URLLC,0.06157032997637352
702,URLLC,0.061346229225983685
703,URLLC,0.06116841441019635
704,URLLC,0.061283997489384866
705,URLLC,0.06141568417310502
706,URLLC,0.06164641894750657
707,URLLC,0.06136432265203286
708,URLLC,0.061516581737637126
709,URLLC,0.0612286503735206
710,URLLC,0.06137423141390834
711,URLLC,0.061426681660011764
712,URLLC,0.0613527816701566
713,URLLC,0.06148697183043243
714,URLLC,0.061232557021732206
715,URLLC,0.06129083700883648
716,URLLC,0.06126445883142482
717,URLLC,0.0612535780381549
718,URLLC,0.06174192392089895
719,URLLC,0.06136003075329092
720,URLLC,0.06154384493234697
721,URLLC,0.06153149621630624
722,URLLC,0.06132244556966845
723,URLLC,0.061396790860539965
724,URLLC,0.06144065003195739
725,URLLC,0.061764270468693
726,URLLC,0.06128229225880066
727,URLLC,0.06127063232365082
728,URLLC,0.06148281489554548
729,URLLC,0.06107530522809392
730,URLLC,0.06160149853169558
731,URLLC,0.061232402020581646
732,URLLC,0.06150952335766968
733,URLLC,0.06132576039378789
734,URLLC,0.061445627457302546
735,URLLC,0.061234833525305454
736,URLLC,0.061242094161029575
737,URLLC,0.061294297280709946
738,URLLC,0.06147236864927217
739,URLLC,0.06111355992919688
740,URLLC,0.06130604487550306
741,URLLC,0.06159442545102083
742,URLLC,0.06140983274057283
743,URLLC,0.06169006690234379
744,URLLC,0.061332375394013136
745,URLLC,0.06129486437200538
746,URLLC,0.061286433509498715
747,URLLC,0.06154551417002061
748,URLLC,0.06178006878950584
749,URLLC,0.06163290023248912
750,URLLC,0.061191738015737226
751,URLLC,0.061293163191698544
752,URLLC,0.06126120895882762
753,URLLC,0.06125847385462354
754,URLLC,0.06133425823889693
755,URLLC,0.06163312173995497
756,URLLC,0.06128558194614885
757,URLLC,0.06127328391551347
758,URLLC,0.06166677007976939
759,URLLC,0.06125210259039166
760,URLLC,0.06156206216759728
761,URLLC,0.06143707643512259
762,URLLC,0.06136494301043992
763,URLLC,0.061639996836757346
764,URLLC,0.06115624398067524
765,URLLC,0.061692708871009305
766,URLLC,0.061149199703887505
767,URLLC,0.061095930968790825
768,URLLC,0.06121631796266513
769,URLLC,0.06102858876526433
770,URLLC,0.06124249245755745
771,URLLC,0.0611808099990051
772,URLLC,0.06126884134962403
773,URLLC,0.06097004586290412
774,URLLC,0.061167200933578636
775,URLLC,0.06154208490470962
776,URLLC,0.06149364495966172
777,URLLC,0.06119411629239202
778,URLLC,0.06131062970206599
779,URLLC,0.061232932109611005
780,URLLC,0.06152248108871911
781,URLLC,0.06105840156064099
782,URLLC,0.06141515487622995
783,URLLC,0.06114667461294598
784,URLLC,0.06113735561972496
785,URLLC,0.06119230461038928
786,URLLC,0.06152162503384799
787,URLLC,0.0616892516494628
788,URLLC,0.06132014392922117
789,URLLC,0.0615140922227911
790,URLLC,0.06099132008619202
791,URLLC,0.06130591168849438
792,URLLC,0.0617258994432626
793,URLLC,0.06136163836629445
794,URLLC,0.061831314310085
795,URLLC,0.06143314060661046
796,URLLC,0.0613527898244269
797,URLLC,0.06183779623794155
798,URLLC,0.061559306569362884
799,URLLC,0.06147190547530283
800,URLLC,0.06165800046680225
801,URLLC,0.06111615237996237
802,URLLC,0.06129063217248296
803,URLLC,0.061355732031220515
804,URLLC,0.06159689156519275
805,URLLC,0.06152499128848473
806,URLLC,0.06127285041655519
807,URLLC,0.06116460698890089
808,URLLC,0.06127099685683161
809,URLLC,0.0612904425743468
810,URLLC,0.06165458071716019
811,URLLC,0.06129132731926767
812,URLLC,0.06139806223415424
813,URLLC,0.061296254334672104
814,URLLC,0.06162258308886793
815,URLLC,0.06103889379986286
816,URLLC,0.06155914208696855
817,URLLC,0.06123748370468059
818,URLLC,0.061515524220822786
819,URLLC,0.06116902725993036
820,URLLC,0.061186241149130106
821,URLLC,0.06111675217067836
822,URLLC,0.06137117175694059
823,URLLC,0.061206741994442836
824,URLLC,0.06118031431058049
825,URLLC,0.06147240924220163
826,URLLC,0.06123268043343619
827,URLLC,0.06183756980699236
828,URLLC,0.061284970387949424
829,URLLC,0.06083764604262146
830,URLLC,0.06149519382297323
831,URLLC,0.06158324396410457
832,URLLC,0.06152496514501784
833,URLLC,0.06160554885472817
834,URLLC,0.06122202343760591
835,URLLC,0.06149066599459723
836,URLLC,0.06116758645725593
837,URLLC,0.06120694028274486
838,URLLC,0.06097999587760457
839,URLLC,0.06145510694652248
840,URLLC,0.06155453849692743
841,URLLC,0.06117624200071642
842,URLLC,0.06151802210872729
843,URLLC,0.06160809384361767
844,URLLC,0.06130461262200863
845,URLLC,0.061368482733009794
846,URLLC,0.06117519620472584
847,URLLC,0.061190118737592836
848,URLLC,0.06111599004654355
849,URLLC,0.061174994067629926
850,URLLC,0.06133328312259342
851,URLLC,0.061527380939213346
852,URLLC,0.061220351601687775
853,URLLC,0.061155765766672865
854,URLLC,0.06120590199850102
855,URLLC,0.06147255894481006
856,URLLC,0.06136565398423735
857,URLLC,0.06135655291693277
858,URLLC,0.0613170243517081
859,URLLC,0.06137890255038367
860,URLLC,0.0611034698320611
861,URLLC,0.06170815296443709
862,URLLC,0.06134863973582822
863,URLLC,0.06174115960590062
864,URLLC,0.06131556797018152
865,URLLC,0.06146926487802591
866,URLLC,0.061371989189124496
867,URLLC,0.06135213726445878
868,URLLC,0.06142563621142778
869,URLLC,0.06121406202825696
870,URLLC,0.06199163267317944
871,URLLC,0.061309335864666206
872,URLLC,0.06116909976933578
873,URLLC,0.06145459912682434
874,URLLC,0.061379726768851256
875,URLLC,0.061255847534443894
876,URLLC,0.061421415036546814
877,URLLC,0.06140925809163936
878,URLLC,0.06167847213771106
879,URLLC,0.06123474590504139
880,URLLC,0.061146073133409945
881,URLLC,0.06156892762538061
882,URLLC,0.06161756635516218
883,URLLC,0.06127760383032054
884,URLLC,0.061645221169384735
885,URLLC,0.06138807216073707
886,URLLC,0.06171846466749463
887,URLLC,0.06136437535993648
888,URLLC,0.061250722502328755
889,URLLC,0.06184439456154974
890,URLLC,0.06133560100088169
891,URLLC,0.061322743441555715
892,URLLC,0.06142007504402172
893,URLLC,0.06109688885497227
894,URLLC,0.06158556656496927
895,URLLC,0.06133613392471751
896,URLLC,0.06153852112006148
897,URLLC,0.06155835349741168
898,URLLC,0.061327537986524655
899,URLLC,0.061348145359867164
900,URLLC,0.061266081023187056
901,URLLC,0.06125827890448597
902,URLLC,0.061490290268879394
903,URLLC,0.06142894561878103
904,URLLC,0.06107037522394792
905,URLLC,0.061364655751582634
906,URLLC,0.061538566187313834
907,URLLC,0.06148951266220339
908,URLLC,0.06130595207572686
909,URLLC,0.06140130804798131
910,URLLC,0.061446348399640804
911,URLLC,0.06127513117286828
912,URLLC,0.06166787749948441
913,URLLC,0.06158940890356289
914,URLLC,0.0612060905284576
915,URLLC,0.061353754904281854
916,URLLC,0.06171748750542546
917,URLLC,0.060980547424392684
918,URLLC,0.06151586807215781
919,URLLC,0.061579788057563006
920,URLLC,0.061036858548415535
921,URLLC,0.061457387872075275
922,URLLC,0.06120520187111092
923,URLLC,0.06151591401190266
924,URLLC,0.06151937526547676
925,URLLC,0.06124836064896498
926,URLLC,0.061535734270970636
927,URLLC,0.06137217368330522
928,URLLC,0.06139068362182743
929,URLLC,0.06124047298913192
930,URLLC,0.06143441079711274
931,URLLC,0.06158738619139584
932,URLLC,0.06155336876821987
933,URLLC,0.06138976750213643
934,URLLC,0.061458978342490346
935,URLLC,0.06147456753356441
936,URLLC,0.06135205918198755
937,URLLC,0.061434948759449395
938,URLLC,0.06135867989377559
939,URLLC,0.06156844209597966
940,URLLC,0.061284784051265674
941,URLLC,0.0611077733306621
942,URLLC,0.06120439825445273
943,URLLC,0.06142491455815205
944,URLLC,0.06159938464903847
945,URLLC,0.061423273689611195
946,URLLC,0.06119400500381367
947,URLLC,0.06147473600583693
948,URLLC,0.06123999456510529
949,URLLC,0.06135985749447047
950,URLLC,0.06139847546356784
951,URLLC,0.061350496353933394
952,URLLC,0.06149598433172933
953,URLLC,0.061082310377534255
954,URLLC,0.061233654063272615
955,URLLC,0.06151886343783225
956,URLLC,0.06127708561157598
957,URLLC,0.06116969194491458
958,URLLC,0.061559703184827105
959,URLLC,0.06129856436085281
960,URLLC,0.0615674982496611
961,URLLC,0.061304539073659285
962,URLLC,0.06132047587152708
963,URLLC,0.06135938862234467
964,URLLC,0.061559610351597155
965,URLLC,0.061866941994723604
966,URLLC,0.061186291473583926
967,URLLC,0.0611564083116068
968,URLLC,0.06129177392131819
969,URLLC,0.061645916673127334
970,URLLC,0.061610559575612775
971,URLLC,0.061461665190733636
972,URLLC,0.06138427308778504
973,URLLC,0.06154912420691937
974,URLLC,0.061171980663879896
975,URLLC,0.06178290067268442
976,URLLC,0.06117259964000462
977,URLLC,0.06116864100892184
978,URLLC,0.06151080791829436
979,URLLC,0.06136793891006551
980,URLLC,0.06140310816623438
981,URLLC,0.061392965853636544
982,URLLC,0.06170439851137913
983,URLLC,0.06156611641453681
984,URLLC,0.06158079408421403
985,URLLC,0.06122678035027176
986,URLLC,0.06141644207049851
987,URLLC,0.06168161194755556
988,URLLC,0.061370717323009485
989,URLLC,0.06121299571843627
990,URLLC,0.06165150881144477
991,URLLC,0.06168214139906098
992,URLLC,0.061751597997128045
993,URLLC,0.06133868521668594
994,URLLC,0.061218927193582164
995,URLLC,0.06149889626016345
996,URLLC,0.061362226592821145
997,URLLC,0.0617095976302889
998,URLLC,0.06125547543328867
999,URLLC,0.061681678550276293
1000,URLLC,0.061306006642181506
1001,URLLC,0.06122332829317015
1002,URLLC,0.06151493566657382
1003,URLLC,0.06138978136799172
1004,URLLC,0.06120751408671675
1005,URLLC,0.061591572402202165
1006,URLLC,0.06136955137932458
1007,URLLC,0.06137023792659223
1008,URLLC,0.06138688525415251
1009,URLLC,0.06122621707991587
1010,URLLC,0.0612164091889274
1011,URLLC,0.06132578176696416
1012,URLLC,0.060939060261987144
1013,URLLC,0.06134379244904503
1014,URLLC,0.06159968700931866
1015,URLLC,0.06129800831935268
1016,URLLC,0.06129756184938448
1017,URLLC,0.06163743864483269
1018,URLLC,0.06167297915072596
1019,URLLC,0.061517160417953284
1020,URLLC,0.06138276634529459
1021,URLLC,0.06114936985057501
1022,URLLC,0.06138741702502547
1023,URLLC,0.06136000932139435
1024,URLLC,0.06140929675080665
1025,URLLC,0.0610714247039262
1026,URLLC,0.06153070737634872
1027,URLLC,0.06162333185517691
1028,URLLC,0.06192664179380225
1029,URLLC,0.06150581897017082
1030,URLLC,0.06122909663955999
1031,URLLC,0.061674434002483444
1032,URLLC,0.06137611588106823
1033,URLLC,0.06138324635612968
1034,URLLC,0.06123738726099673
1035,URLLC,0.06170390578838982
1036,URLLC,0.06122423194760843
1037,URLLC,0.0612071700181806
1038,URLLC,0.06157762438150391
1039,URLLC,0.06135476406045532
1040,URLLC,0.06107391934101404
1041,URLLC,0.061595957668967354
1042,URLLC,0.06127165301114149
1043,URLLC,0.06118859996213739
1044,URLLC,0.061631382463274105
1045,URLLC,0.06147554234398606
1046,URLLC,0.06151421171426077
1047,URLLC,0.06136200280992914
1048,URLLC,0.06138849290586516
1049,URLLC,0.06135625364085496
1050,URLLC,0.06125268067777345
1051,URLLC,0.06142229301125858
1052,URLLC,0.061187739361066
1053,URLLC,0.06149456479221561
1054,URLLC,0.061320544759058564
1055,URLLC,0.06159750761376713
1056,URLLC,0.06171832501801466
1057,URLLC,0.06145107181462362
1058,URLLC,0.06155969742992416
1059,URLLC,0.06142298165028478
1060,URLLC,0.061556165606779914
1061,URLLC,0.06124337003914553
1062,URLLC,0.061675444356192065
1063,URLLC,0.06129032018165368
1064,URLLC,0.061367871642097616
1065,URLLC,0.06111744571758957
1066,URLLC,0.06138229607736493
1067,URLLC,0.06159297540490844
1068,URLLC,0.06138370134306611
1069,URLLC,0.06142527265538919
1070,URLLC,0.061554075246748885
1071,URLLC,0.06111190763917382
1072,URLLC,0.06141668310115216
1073,URLLC,0.061776482512836906
1074,URLLC,0.061332187355084035
1075,URLLC,0.0612416861665824
1076,URLLC,0.06119629132350492
1077,URLLC,0.06137985402879683
1078,URLLC,0.06127482730615444
1079,URLLC,0.06151178997253125
1080,URLLC,0.06120760985970306
1081,URLLC,0.06158161943708818
1082,URLLC,0.06119106982751538
1083,URLLC,0.061152979791444705
1084,URLLC,0.06140494746927762
1085,URLLC,0.06124958577651139
1086,URLLC,0.061297785088721454
1087,URLLC,0.06133332230110881
1088,URLLC,0.06131887455462271
1089,URLLC,0.06139978192902947
1090,URLLC,0.0613461335808868
1091,URLLC,0.061465042452529345
1092,URLLC,0.061388656015255956
1093,URLLC,0.06148903255476022
1094,URLLC,0.06147043792901768
1095,URLLC,0.061400859995778705
1096,URLLC,0.06151875579918977
1097,URLLC,0.061699633991284815
1098,URLLC,0.061380724405225705
1099,URLLC,0.061411129734372384
1100,URLLC,0.061315434312834004
1101,URLLC,0.06118840534850779
1102,URLLC,0.06124002157570809
1103,URLLC,0.06131998307210009
1104,URLLC,0.06166148932962419
1105,URLLC,0.06154001621122923
1106,URLLC,0.06126014142448839
1107,URLLC,0.0615474863904328
1108,URLLC,0.06144994001671648
1109,URLLC,0.06142237035677563
1110,URLLC,0.06164505733581862
1111,URLLC,0.061733043134494486
1112,URLLC,0.06145896390929297
1113,URLLC,0.061275085570787084
1114,URLLC,0.060910180542166605
1115,URLLC,0.061134094808366554
1116,URLLC,0.06140511659489377
1117,URLLC,0.061403549481459443
1118,URLLC,0.06138732097229065
1119,URLLC,0.06147169761390247
1120,URLLC,0.061224539177069826
1121,URLLC,0.061376138492964395
1122,URLLC,0.06125676652760139
1123,URLLC,0.06142484953656201
1124,URLLC,0.061411066723617555
1125,URLLC,0.06118795454666823
1126,URLLC,0.061146182204612584
1127,URLLC,0.06138842406634948
1128,URLLC,0.061119598367206894
1129,URLLC,0.061029451153392415
1130,URLLC,0.06120235258769889
1131,URLLC,0.061247209851282895
1132,URLLC,0.0612394330258605
1133,URLLC,0.061245954200060265
1134,URLLC,0.06136024121503366
1135,URLLC,0.06145912320000267
1136,URLLC,0.06142786512844035
1137,URLLC,0.061143229050065646
1138,URLLC,0.061395681218933226
1139,URLLC,0.06118319099184632
1140,URLLC,0.06097551057682496
1141,URLLC,0.06128590156826837
1142,URLLC,0.06167975380225456
1143,URLLC,0.06146568221731175
1144,URLLC,0.06095150613828784
1145,URLLC,0.06131165157514301
1146,URLLC,0.061076893804605945
1147,URLLC,0.06137344849693433
1148,URLLC,0.061280354476458965
1149,URLLC,0.06134424626090196
1150,URLLC,0.06152453932129945
1151,URLLC,0.06126036535354362
1152,URLLC,0.06114379228297398
1153,URLLC,0.06156234654815744
1154,URLLC,0.06156831028954981
1155,URLLC,0.06122336808267997
1156,URLLC,0.06129827649411188
1157,URLLC,0.061526125824347966
1158,URLLC,0.06156692512412722
1159,URLLC,0.06160227665023685
1160,URLLC,0.061243559011467635
1161,URLLC,0.061542182908081396
1162,URLLC,0.06140823244760615
1163,URLLC,0.06129085837144101
1164,URLLC,0.06121809336652358
1165,URLLC,0.06171767141189343
1166,URLLC,0.06126992769021002
1167,URLLC,0.061145315704382974
1168,URLLC,0.06160743239084753
1169,URLLC,0.06136850392912501
1170,URLLC,0.06173376499888928
1171,URLLC,0.06120740631749314
1172,URLLC,0.061369807174095195
1173,URLLC,0.06148397363142211
1174,URLLC,0.061228310620377036
1175,URLLC,0.061229590755985455
1176,URLLC,0.06138454073616163
1177,URLLC,0.061127840127382704
1178,URLLC,0.06100454248052386
1179,URLLC,0.0611614843805178
1180,URLLC,0.061278731789612996
1181,URLLC,0.06116584247297434
1182,URLLC,0.06161708033284503
1183,URLLC,0.06112354667555876
1184,URLLC,0.06131079820311382
1185,URLLC,0.06144972196103866
1186,URLLC,0.06139129574416728
1187,URLLC,0.06113386994576479
1188,URLLC,0.06131616105673415
1189,URLLC,0.06161451115508726
1190,URLLC,0.06154998032950815
1191,URLLC,0.06101457505459349
1192,URLLC,0.061261478565582145
1193,URLLC,0.06124955741823438
1194,URLLC,0.06167486194403815
1195,URLLC,0.06180651317118168
1196,URLLC,0.061305273395244705
1197,URLLC,0.06106160495233953
1198,URLLC,0.061600124102582754
1199,URLLC,0.06111353563327613
1200,URLLC,0.06142765031917653
1201,URLLC,0.061167985500824244
1202,URLLC,0.061377772730824766
1203,URLLC,0.06164686765737424
1204,URLLC,0.06122444053386207
1205,URLLC,0.0611647377970661
1206,URLLC,0.06148024970682864
1207,URLLC,0.061534618896124355
1208,URLLC,0.0614890297002712
1209,URLLC,0.06140563659462405
1210,URLLC,0.06167559500606447
1211,URLLC,0.06143497445773124
1212,URLLC,0.06117053205009846
1213,URLLC,0.06181504934454616
1214,URLLC,0.061563065578047166
1215,URLLC,0.061400309412230944
1216,URLLC,0.061334137567583956
1217,URLLC,0.061354490067099844
1218,URLLC,0.06127007858831183
1219,URLLC,0.06131529678089642
1220,URLLC,0.0613237092584363
1221,URLLC,0.061359314472460784
1222,URLLC,0.06194066298955668
1223,URLLC,0.06121720686187892
1224,URLLC,0.061250484606701246
1225,URLLC,0.061194691483070454
1226,URLLC,0.061521770575309775
1227,URLLC,0.061433335447701944
1228,URLLC,0.06170585033407272
1229,URLLC,0.061172984546799
1230,URLLC,0.06117641884336422
1231,URLLC,0.061214746191691
1232,URLLC,0.061348102772065385
1233,URLLC,0.06138164780294205
1234,URLLC,0.0614079124853248
1235,URLLC,0.061746558447765054
1236,URLLC,0.06123730773028395
1237,URLLC,0.06145494829795122
1238,URLLC,0.06130326512614261
1239,URLLC,0.06123211746518611
1240,URLLC,0.06110700718799539
1241,URLLC,0.06143241758062424
1242,URLLC,0.0612752747832272
1243,URLLC,0.061427617283938585
1244,URLLC,0.061508132398822496
1245,URLLC,0.06121982042774971
1246,URLLC,0.06127395107670223
1247,URLLC,0.06109506479089953
1248,URLLC,0.061251472394826936
1249,URLLC,0.06150781559079351
1250,URLLC,0.0614196126378634
1251,URLLC,0.06124926208571425
1252,URLLC,0.06145623785241523
1253,URLLC,0.06181404924723557
1254,URLLC,0.061427612153268335
1255,URLLC,0.061532835010346704
1256,URLLC,0.06106221879788668
1257,URLLC,0.0613341172255356
1258,URLLC,0.06125175827887545
1259,URLLC,0.061495751760743886
1260,URLLC,0.06138377676072885
1261,URLLC,0.06127727434564871
1262,URLLC,0.06135254721896291
1263,URLLC,0.061897748618488596
1264,URLLC,0.061091049839472625
1265,URLLC,0.061348441752372626
1266,URLLC,0.06137901383629864
1267,URLLC,0.06141334476021444
1268,URLLC,0.06141955715287092
1269,URLLC,0.06171680474080803
1270,URLLC,0.06158208860474531
1271,URLLC,0.061267532657191856
1272,URLLC,0.06118571093369759
1273,URLLC,0.06132154031940124
1274,URLLC,0.06141145225333712
1275,URLLC,0.06144075476780475
1276,URLLC,0.061535178582850326
1277,URLLC,0.061402765317782944
1278,URLLC,0.06140541634793879
1279,URLLC,0.06158411267691691
1280,URLLC,0.06164551754965786
1281,URLLC,0.06156912484026557
1282,URLLC,0.06130997386231437
1283,URLLC,0.06131386798929089
1284,URLLC,0.06181520138109106
1285,URLLC,0.061703128766388116
1286,URLLC,0.06169694554395628
1287,URLLC,0.06177495750670433
1288,URLLC,0.06117655434031377
1289,URLLC,0.061153388392486206
1290,URLLC,0.06131478451936602
1291,URLLC,0.06134461767820123
1292,URLLC,0.06134622196779114
1293,URLLC,0.06145883974560956
1294,URLLC,0.06144437760491939
1295,URLLC,0.06149367301258513
1296,URLLC,0.06107870774088998
1297,URLLC,0.061592546110801484
1298,URLLC,0.061527392777807624
1299,URLLC,0.061470759972924
1300,URLLC,0.06156436764275979
1301,URLLC,0.0618244499364391
1302,URLLC,0.061718562697978895
1303,URLLC,0.06143207804338022
1304,URLLC,0.061061456327658074
1305,URLLC,0.06145996450541132
1306,URLLC,0.06135984394838692
1307,URLLC,0.06166311586203039
1308,URLLC,0.061436644101499197
1309,URLLC,0.06181226013304256
1310,URLLC,0.061133563798726816
1311,URLLC,0.06117593183612677
1312,URLLC,0.06139609238061542
1313,URLLC,0.061222611480528794
1314,URLLC,0.06137722086715832
1315,URLLC,0.06160005321606859
1316,URLLC,0.0609961209883267
1317,URLLC,0.06161190993462706
1318,URLLC,0.06134127737288759
1319,URLLC,0.061341791683035336
1320,URLLC,0.06127322696287087
1321,URLLC,0.061300562690963886
1322,URLLC,0.06149171817127364
1323,URLLC,0.06141126937600475
1324,URLLC,0.06142648928982599
1325,URLLC,0.06118977659111998
1326,URLLC,0.06098364720695383
1327,URLLC,0.06139041970204617
1328,URLLC,0.06138797994233846
1329,URLLC,0.06124189486205211
1330,URLLC,0.061175160987208065
1331,URLLC,0.06116305810601274
1332,URLLC,0.06113244654306447
1333,URLLC,0.06158520449343802
1334,URLLC,0.06146526760444228
1335,URLLC,0.061094577294295495
1336,URLLC,0.061420560061453786
1337,URLLC,0.061368856645773545
1338,URLLC,0.06121705266444888
1339,URLLC,0.06163450649140663
1340,URLLC,0.06126300859436272
1341,URLLC,0.06130600998626195
1342,URLLC,0.06107928979079082
1343,URLLC,0.06142583651976076
1344,URLLC,0.0613004965511661
1345,URLLC,0.06146976828085976
1346,URLLC,0.061367702404155025
1347,URLLC,0.06159995821666268
1348,URLLC,0.06153222547756438
1349,URLLC,0.061056022673265604
1350,URLLC,0.06156040191787216
1351,URLLC,0.06127058481557119
1352,URLLC,0.06164934979449746
1353,URLLC,0.06148278675209384
1354,URLLC,0.061368834273535317
1355,URLLC,0.06131650714307937
1356,URLLC,0.06112229260926647
1357,URLLC,0.06136810736770553
1358,URLLC,0.06137106313627403
1359,URLLC,0.06139743458843146
1360,URLLC,0.06139646843829332
1361,URLLC,0.06173170627822664
1362,URLLC,0.061523833043642485
1363,URLLC,0.061463158505535194
1364,URLLC,0.061717000647115855
1365,URLLC,0.06130900879809984
1366,URLLC,0.061381407394503026
1367,URLLC,0.06171728945247921
1368,URLLC,0.061460510929808435
1369,URLLC,0.0612284349149986
1370,URLLC,0.061162346896624496
1371,URLLC,0.06149682845576003
1372,URLLC,0.06146410366964005
1373,URLLC,0.06177856140792127
1374,URLLC,0.06153691724043867
1375,URLLC,0.06122530708203955
1376,URLLC,0.06117442302043354
1377,URLLC,0.06104049427643339
1378,URLLC,0.061648092151400505
1379,URLLC,0.06137215657411197
1380,URLLC,0.06113743845402962
1381,URLLC,0.061380695525030254
1382,URLLC,0.061481005126866294
1383,URLLC,0.06115787614720809
1384,URLLC,0.06147595695858352
1385,URLLC,0.061182927457300036
1386,URLLC,0.06119414727504234
1387,URLLC,0.061465876522547175
1388,URLLC,0.06156660299864828
1389,URLLC,0.061683174213419886
1390,URLLC,0.06125344773932834
1391,URLLC,0.061529418042896425
1392,URLLC,0.06141212359944455
1393,URLLC,0.06143616629205991
1394,URLLC,0.06126531832600602
1395,URLLC,0.061231538006054055
1396,URLLC,0.06169577352394426
1397,URLLC,0.0615925593385308
1398,URLLC,0.06161840816733497
1399,URLLC,0.0612514779093972
1400,URLLC,0.06139402476178511
1401,URLLC,0.0618266048271134
1402,URLLC,0.06148540209124697
1403,URLLC,0.06110089891457016
1404,URLLC,0.06177382307601547
1405,URLLC,0.06174074306070392
1406,URLLC,0.0612261491657493
1407,URLLC,0.06155872264946237
1408,URLLC,0.06092745035383032
1409,URLLC,0.061281499401911806
1410,URLLC,0.06145148489797723
1411,URLLC,0.061483598144479054
1412,URLLC,0.061353835170732327
1413,URLLC,0.06169929515415808
1414,URLLC,0.061877615698538446
1415,URLLC,0.06159778055179694
1416,URLLC,0.061543243302294014
1417,URLLC,0.061442298328613726
1418,URLLC,0.06143620776506393
1419,URLLC,0.06128076354951078
1420,URLLC,0.06158570905921242
1421,URLLC,0.06136193886919807
1422,URLLC,0.06135184503204093
1423,URLLC,0.06148652798634731
1424,URLLC,0.06133937389013493
1425,URLLC,0.061197423305269484
1426,URLLC,0.06105924716153726
1427,URLLC,0.061418433238731515
1428,URLLC,0.061383444686527185
1429,URLLC,0.061275130878644606
1430,URLLC,0.061942657683864616
1431,URLLC,0.06134374145293656
1432,URLLC,0.06146941517818437
1433,URLLC,0.061153523171637775
1434,URLLC,0.061401728087484855
1435,URLLC,0.06150159536215127
1436,URLLC,0.06149375110311624
1437,URLLC,0.061461046793216116
1438,URLLC,0.06173472039478361
1439,URLLC,0.06124271335538185
1440,URLLC,0.06137776578071203
1441,URLLC,0.06159322064590716
1442,URLLC,0.06123902871049485
1443,URLLC,0.06088705985279369
1444,URLLC,0.06132965738954899
1445,URLLC,0.06115820719584346
1446,URLLC,0.061299489385011494
1447,URLLC,0.061706962793546795
1448,URLLC,0.06128073298410454
1449,URLLC,0.06126089834937946
1450,URLLC,0.061280682594548115
1451,URLLC,0.061426645054737786
1452,URLLC,0.061120653246379365
1453,URLLC,0.06102297235585056
1454,URLLC,0.061470744200404596
1455,URLLC,0.06110093759601197
1456,URLLC,0.061420372627958526
1457,URLLC,0.06123266825764839
1458,URLLC,0.06141492793690362
1459,URLLC,0.06167854378510264
1460,URLLC,0.06179783012327814
1461,URLLC,0.06123574264159673
1462,URLLC,0.06132376585365112
1463,URLLC,0.061504103911000814
1464,URLLC,0.06110574866617566
1465,URLLC,0.06114623022722752
1466,URLLC,0.061306270237896476
1467,URLLC,0.06172499471815286
1468,URLLC,0.06130018282628183
1469,URLLC,0.061442799577253286
1470,URLLC,0.06180445287868275
1471,URLLC,0.061703234297404784
1472,URLLC,0.06155597789958461
1473,URLLC,0.061405190651565654
1474,URLLC,0.061096020297508886
1475,URLLC,0.06115071258360375
1476,URLLC,0.06109724252905002
1477,URLLC,0.06170589104479796
1478,URLLC,0.06123943110929987
1479,URLLC,0.06131557412672114
1480,URLLC,0.0611204950307799
1481,URLLC,0.06113202973258654
1482,URLLC,0.06168312069069498
1483,URLLC,0.06141563490470376
1484,URLLC,0.0613862229185108
1485,URLLC,0.061448381566284675
1486,URLLC,0.0612243631597443
1487,URLLC,0.06150128217192998
1488,URLLC,0.06087540963233681
1489,URLLC,0.061775263123115855
1490,URLLC,0.061423216976619795
1491,URLLC,0.06123744440746306
1492,URLLC,0.061361672524306875
1493,URLLC,0.0617481562100435
1494,URLLC,0.06116437527718343
1495,URLLC,0.06117335394960784
1496,URLLC,0.06155751355650959
1497,URLLC,0.06156648071870576
1498,URLLC,0.061262130036364375
1499,URLLC,0.061309190199566106
1500,URLLC,0.061138047613662004
1501,URLLC,0.061570369575028164
1502,URLLC,0.061168502048354105
1503,URLLC,0.06125321214179187
1504,URLLC,0.06127849220329458
1505,URLLC,0.06151449250898186
1506,URLLC,0.061167956244213
1507,URLLC,0.061206813739146895
1508,URLLC,0.06167193300367513
1509,URLLC,0.06167530430222991
1510,URLLC,0.06138102108266423
1511,URLLC,0.0613086372760713
1512,URLLC,0.061433022532845556
1513,URLLC,0.06166021698514578
1514,URLLC,0.061122464414317706
1515,URLLC,0.06150584021175186
1516,URLLC,0.06148067480080808
1517,URLLC,0.06140636708010836
1518,URLLC,0.06144848539037005
1519,URLLC,0.06139890542236303
1520,URLLC,0.06113802264944448
1521,URLLC,0.06156886496527593
1522,URLLC,0.0611423257856865
1523,URLLC,0.06127089630308018
1524,URLLC,0.061277664579994555
1525,URLLC,0.06114292936826624
1526,URLLC,0.06174916930601939
1527,URLLC,0.06120112860854129
1528,URLLC,0.06128093976902335
1529,URLLC,0.06144527432699314
1530,URLLC,0.061473763585894785
1531,URLLC,0.0616246052803429
1532,URLLC,0.061378474053188456
1533,URLLC,0.06158636117498245
1534,URLLC,0.061430968723531085
1535,URLLC,0.061355092730136354
1536,URLLC,0.06124774731118242
1537,URLLC,0.061724935516104786
1538,URLLC,0.061566514210995585
1539,URLLC,0.061234901403519205
1540,URLLC,0.06121369377435927
1541,URLLC,0.06157897235740538
1542,URLLC,0.06147033254358391
1543,URLLC,0.06151317713102722
1544,URLLC,0.06127546387322648
1545,URLLC,0.06156959248177877
1546,URLLC,0.061407213350854944
1547,URLLC,0.06127186114790134
1548,URLLC,0.06103832039673711
1549,URLLC,0.061409337163573746
1550,URLLC,0.06136043770663491
1551,URLLC,0.06133150252264023
1552,URLLC,0.06154265808289858
1553,URLLC,0.06083528920660009
1554,URLLC,0.061249133812333725
1555,URLLC,0.06165588868282746
1556,URLLC,0.06118069900074483
1557,URLLC,0.06124718619005572
1558,URLLC,0.061339994639965395
1559,URLLC,0.06169096631820822
1560,URLLC,0.06159529598816469
1561,URLLC,0.06128741446426671
1562,URLLC,0.06145776419872871
1563,URLLC,0.06147988800296846
1564,URLLC,0.061224909944456576
1565,URLLC,0.06181732140013774
1566,URLLC,0.06100666450511457
1567,URLLC,0.0610256106515766
1568,URLLC,0.06149544335268126
1569,URLLC,0.06107899621425348
1570,URLLC,0.06126271466800491
1571,URLLC,0.061311969916077215
1572,URLLC,0.0614158485809237
1573,URLLC,0.06139916869033845
1574,URLLC,0.061209624646585234
1575,URLLC,0.061227784395067104
1576,URLLC,0.06115934419876908
1577,URLLC,0.06143338366996171
1578,URLLC,0.06174348138010942
1579,URLLC,0.06154564747227222
1580,URLLC,0.061299599443215565
1581,URLLC,0.06131433719759851
1582,URLLC,0.061442127842975626
1583,URLLC,0.061264964191898044
1584,URLLC,0.06156352529901504
1585,URLLC,0.061404253222140694
1586,URLLC,0.061497321748380726
1587,URLLC,0.06116969352929864
1588,URLLC,0.061340096708234385
1589,URLLC,0.06105088182347867
1590,URLLC,0.061091530825380415
1591,URLLC,0.06133942656914645
1592,URLLC,0.06140694339001841
1593,URLLC,0.061489830278676744
1594,URLLC,0.0614784040193477
1595,URLLC,0.06124713488242961
1596,URLLC,0.06118104270998267
1597,URLLC,0.061182826713660377
1598,URLLC,0.060958907136982536
1599,URLLC,0.061281671724677814
1600,URLLC,0.061321429794675385
1601,URLLC,0.06131866055693699
1602,URLLC,0.061070059329527256
1603,URLLC,0.06141119109851229
1604,URLLC,0.06145322813087064
1605,URLLC,0.0615793083716026
1606,URLLC,0.06151318374360821
1607,URLLC,0.06136700949942576
1608,URLLC,0.06122075432343223
1609,URLLC,0.06117712611029187
1610,URLLC,0.06127210669087537
1611,URLLC,0.061483434245126714
1612,URLLC,0.061311609230141284
1613,URLLC,0.06127078236747891
1614,URLLC,0.06145550427791046
1615,URLLC,0.06143275271064534
1616,URLLC,0.06169602257373628
1617,URLLC,0.061462650526141846
1618,URLLC,0.061698986847702676
1619,URLLC,0.06135108832786727
1620,URLLC,0.061632520267267274
1621,URLLC,0.061421262664436205
1622,URLLC,0.06097289889646194
1623,URLLC,0.06149855167833825
1624,URLLC,0.06134320110588446
1625,URLLC,0.06139530734712132
1626,URLLC,0.06151340242322124
1627,URLLC,0.06129688715377255
1628,URLLC,0.06137738422125292
1629,URLLC,0.0613992934394858
1630,URLLC,0.06146655883721571
1631,URLLC,0.06134155964610594
1632,URLLC,0.06128993067173022
1633,URLLC,0.06135819838529487
1634,URLLC,0.06135305066613436
1635,URLLC,0.06127506589243914
1636,URLLC,0.0613502494573353
1637,URLLC,0.06131469635073472
1638,URLLC,0.06153285859763566
1639,URLLC,0.06102438191541609
1640,URLLC,0.06143288630653406
1641,URLLC,0.06120298314095473
1642,URLLC,0.061296968471449303
1643,URLLC,0.061032159871882964
1644,URLLC,0.061508797425825434
1645,URLLC,0.06144130476635513
1646,URLLC,0.061417756067026014
1647,URLLC,0.06141540573548136
1648,URLLC,0.06091856555351028
1649,URLLC,0.06124280046740728
1650,URLLC,0.0614223284705018
1651,URLLC,0.06140677102540901
1652,URLLC,0.061316019676935125
1653,URLLC,0.06169167562399717
1654,URLLC,0.06108744651456216
1655,URLLC,0.061388416665966714
1656,URLLC,0.06134598320736034
1657,URLLC,0.06151530752315519
1658,URLLC,0.06113485536801426
1659,URLLC,0.06129008725515438
1660,URLLC,0.061041888100224144
1661,URLLC,0.061510695098132236
1662,URLLC,0.06124351424593661
1663,URLLC,0.061275494268501554
1664,URLLC,0.06142671129962488
1665,URLLC,0.060940034064026115
1666,URLLC,0.06089922176258784
1667,URLLC,0.06147236131758366
1668,URLLC,0.061261778177842126
1669,URLLC,0.06134277371821941
1670,URLLC,0.06142959447538745
1671,URLLC,0.06156095463488374
1672,URLLC,0.06110051164522087
1673,URLLC,0.0613212727898701
1674,URLLC,0.06137687474333298
1675,URLLC,0.061318943959274834
1676,URLLC,0.061324596732724626
1677,URLLC,0.061175412421975474
1678,URLLC,0.06131274250308153
1679,URLLC,0.0618320595296529
1680,URLLC,0.06167746358878121
1681,URLLC,0.06110649477901518
1682,URLLC,0.061771394504881054
1683,URLLC,0.06089682248072405
1684,URLLC,0.061682371373655294
1685,URLLC,0.06151308991004831
1686,URLLC,0.06143077039035355
1687,URLLC,0.06117873403175174
1688,URLLC,0.06141416702057677
1689,URLLC,0.0615178274515046
1690,URLLC,0.061543780996119006
1691,URLLC,0.06131529541392019
1692,URLLC,0.061485409413743475
1693,URLLC,0.06160311886241601
1694,URLLC,0.061184460921169775
1695,URLLC,0.06140810426818512
1696,URLLC,0.06125154052705302
1697,URLLC,0.061131596236647066
1698,URLLC,0.061507358141136684
1699,URLLC,0.06135164045034223
1700,URLLC,0.06127367707815465
1701,URLLC,0.061267431570129725
1702,URLLC,0.060976346228001195
1703,URLLC,0.061381536899056885
1704,URLLC,0.061607748663298656
1705,URLLC,0.0611885044728532
1706,URLLC,0.061202742189624605
1707,URLLC,0.06118896885394672
1708,URLLC,0.061637438931214546
1709,URLLC,0.06145059357211342
1710,URLLC,0.061458495382079356
1711,URLLC,0.061367585808746176
1712,URLLC,0.06149782804159154
1713,URLLC,0.06142651615222805
1714,URLLC,0.06142902234206325
1715,URLLC,0.061355114137556184
1716,URLLC,0.06145188951606335
1717,URLLC,0.06152428803325977
1718,URLLC,0.06122616831662025
1719,URLLC,0.06149382205325889
1720,URLLC,0.0615336425907005
1721,URLLC,0.061036375433729195
1722,URLLC,0.06124311299279204
1723,URLLC,0.06161109431669341
1724,URLLC,0.06118947917629135
1725,URLLC,0.06149910581743626
1726,URLLC,0.061403873277684436
1727,URLLC,0.061404539398919204
1728,URLLC,0.06122466298321421
1729,URLLC,0.060877860032418005
1730,URLLC,0.06132646801652114
1731,URLLC,0.061810717030318985
1732,URLLC,0.061200667932296116
1733,URLLC,0.06141939541191364
1734,URLLC,0.06147377368209336
1735,URLLC,0.06158118148106165
1736,URLLC,0.06111974115777225
1737,URLLC,0.061347278127265724
1738,URLLC,0.06130787492964535
1739,URLLC,0.06137107465200082
1740,URLLC,0.06148249373038655
1741,URLLC,0.061383732784862456
1742,URLLC,0.06087582889564342
1743,URLLC,0.06161931665665164
1744,URLLC,0.061403231279667944
1745,URLLC,0.0614444423608064
1746,URLLC,0.061127123025135496
1747,URLLC,0.06141005314299301
1748,URLLC,0.061423646237113404
1749,URLLC,0.061029827490730874
1750,URLLC,0.06132074764700417
1751,URLLC,0.06164731800407968
1752,URLLC,0.06113098451690406
1753,URLLC,0.06149105407903643
1754,URLLC,0.06122046481380394
1755,URLLC,0.06106957740142813
1756,URLLC,0.061543475159854207
1757,URLLC,0.06137366961741895
1758,URLLC,0.06120168120845014
1759,URLLC,0.06122166877869878
1760,URLLC,0.06138017292288946
1761,URLLC,0.06132486543199453
1762,URLLC,0.06182434549159558
1763,URLLC,0.06156205591733153
1764,URLLC,0.06122528631255493
1765,URLLC,0.06130064643392744
1766,URLLC,0.061353758657527194
1767,URLLC,0.06142224908036073
1768,URLLC,0.06145295605594636
1769,URLLC,0.060926858390630764
1770,URLLC,0.061616408883104504
1771,URLLC,0.061075889585318587
1772,URLLC,0.061403534501499574
1773,URLLC,0.06120020182714463
1774,URLLC,0.06100464446632813
1775,URLLC,0.061482890771812466
1776,URLLC,0.06147978395079706
1777,URLLC,0.061259448547974854
1778,URLLC,0.06146393724538582
1779,URLLC,0.06165719892668714
1780,URLLC,0.06140070490127118
1781,URLLC,0.061111819612350016
1782,URLLC,0.06124924863025394
1783,URLLC,0.06126610014826053
1784,URLLC,0.06140446431010638
1785,URLLC,0.06138263549571613
1786,URLLC,0.06135191526047216
1787,URLLC,0.06120467171191226
1788,URLLC,0.061259998500413054
1789,URLLC,0.06152954205259637
1790,URLLC,0.061305499349073776
1791,URLLC,0.06115653642449375
1792,URLLC,0.06146589112298442
1793,URLLC,0.061303227722385625
1794,URLLC,0.061381847633857095
1795,URLLC,0.061619541712263755
1796,URLLC,0.06168039553390958
1797,URLLC,0.06148012747146459
1798,URLLC,0.06164849600406609
1799,URLLC,0.06066593182301599
1800,URLLC,0.06133850919974201
1801,URLLC,0.06113851811852249
1802,URLLC,0.061346274437882584
1803,URLLC,0.06138227285532886
1804,URLLC,0.061543251643966734
1805,URLLC,0.06111118723872607
1806,URLLC,0.0618313149921387
1807,URLLC,0.06161340274585456
1808,URLLC,0.0613728422639862
1809,URLLC,0.061465444895403884
1810,URLLC,0.060915657866003246
1811,URLLC,0.061486290913386726
1812,URLLC,0.06104953469360542
1813,URLLC,0.06147804121182508
1814,URLLC,0.06152547669059602
1815,URLLC,0.0614673281813812
1816,URLLC,0.06131988837310608
1817,URLLC,0.061060546974999866
1818,URLLC,0.06151335080407284
1819,URLLC,0.06116894788431804
1820,URLLC,0.061520025525782056
1821,URLLC,0.061236802868546575
1822,URLLC,0.0614211974135433
1823,URLLC,0.061064517955864546
1824,URLLC,0.06130873287980215
1825,URLLC,0.0612886411000071
1826,URLLC,0.06146321054393747
1827,URLLC,0.061358478206814754
1828,URLLC,0.06125886294374953
1829,URLLC,0.061220944684308574
1830,URLLC,0.061012302338659945
1831,URLLC,0.06134310438433052
1832,URLLC,0.061680130869022874
1833,URLLC,0.061061987863124195
1834,URLLC,0.06161474782292012
1835,URLLC,0.06152797029554957
1836,URLLC,0.061088996868849166
1837,URLLC,0.0618806889644039
1838,URLLC,0.06161555504979535
1839,URLLC,0.06154438942833356
1840,URLLC,0.06131179764246882
1841,URLLC,0.061503826008253965
1842,URLLC,0.06128722581051019
1843,URLLC,0.06149427515817121
1844,URLLC,0.061124506902574025
1845,URLLC,0.061469747602018655
1846,URLLC,0.061307610166136686
1847,URLLC,0.06155111421992381
1848,URLLC,0.06096004594561147
1849,URLLC,0.06157952593362539
1850,URLLC,0.061196818044827773
1851,URLLC,0.06114423915742199
1852,URLLC,0.06136468282766175
1853,URLLC,0.06149137065016637
1854,URLLC,0.06143987663549699
1855,URLLC,0.061525839738949234
1856,URLLC,0.06146140353908983
1857,URLLC,0.06127582863609146
1858,URLLC,0.061339081719336226
1859,URLLC,0.061513286410392755
1860,URLLC,0.06143512170933484
1861,URLLC,0.06090690925846343
1862,URLLC,0.061337387273343605
1863,URLLC,0.06195863349580403
1864,URLLC,0.06180716193681196
1865,URLLC,0.061110891018106336
1866,URLLC,0.06137219835773383
1867,URLLC,0.061284640117362184
1868,URLLC,0.06100558577153158
1869,URLLC,0.06122054033187326
1870,URLLC,0.06161397312033093
1871,URLLC,0.061218364092509456
1872,URLLC,0.061558786912115714
1873,URLLC,0.06126757336456266
1874,URLLC,0.06126864130307476
1875,URLLC,0.06155010841029234
1876,URLLC,0.06158735844341944
1877,URLLC,0.06134270893639758
1878,URLLC,0.0612491382667974
1879,URLLC,0.061325112790049506
1880,URLLC,0.061549507427347966
1881,URLLC,0.06153130885947703
1882,URLLC,0.06128839381247772
1883,URLLC,0.06130286941601767
1884,URLLC,0.06117188307633632
1885,URLLC,0.061109448204209445
1886,URLLC,0.06121618407670216
1887,URLLC,0.06137799577483025
1888,URLLC,0.06146776626709772
1889,URLLC,0.061233843766770824
1890,URLLC,0.061605340989356355
1891,URLLC,0.061555321391775775
1892,URLLC,0.06127395472144784
1893,URLLC,0.061113251835123575
1894,URLLC,0.061473656929297765
1895,URLLC,0.06113905276686437
1896,URLLC,0.06143553142923041
1897,URLLC,0.06131978478229494
1898,URLLC,0.061421843142180674
1899,URLLC,0.06130365973294479
1900,URLLC,0.062014155156826685
1901,URLLC,0.06120179806234003
1902,URLLC,0.061314327439699515
1903,URLLC,0.06144341853212569
1904,URLLC,0.06154577655391778
1905,URLLC,0.06120185023003421
1906,URLLC,0.061448967278113484
1907,URLLC,0.06169072661402214
1908,URLLC,0.06154110646740258
1909,URLLC,0.06158031609193016
1910,URLLC,0.061248810750597404
1911,URLLC,0.061443498764600146
1912,URLLC,0.06153149084260992
1913,URLLC,0.06156138979636175
1914,URLLC,0.061395673324620835
1915,URLLC,0.06140671303079242
1916,URLLC,0.061787458987721686
1917,URLLC,0.060909423237560996
1918,URLLC,0.06127797041564698
1919,URLLC,0.06147185979750411
1920,URLLC,0.06168582077839693
1921,URLLC,0.06176072499249955
1922,URLLC,0.06119766876091922
1923,URLLC,0.06136861685832736
1924,URLLC,0.061305519972100576
1925,URLLC,0.06167847413588388
1926,URLLC,0.06130077531688835
1927,URLLC,0.061542133746612826
1928,URLLC,0.06110239676581993
1929,URLLC,0.06134360373363458
1930,URLLC,0.061269270586859215
1931,URLLC,0.06168220497044937
1932,URLLC,0.06150747415783866
1933,URLLC,0.06153252666628497
1934,URLLC,0.061393942341230204
1935,URLLC,0.06119837187298261
1936,URLLC,0.06130301121031356
1937,URLLC,0.06136698813617189
1938,URLLC,0.06140983100129679
1939,URLLC,0.06151408223517257
1940,URLLC,0.06173429959466635
1941,URLLC,0.0612052691320161
1942,URLLC,0.06172851363669112
1943,URLLC,0.06101316690865184
1944,URLLC,0.061673609826771864
1945,URLLC,0.061097962812198876
1946,URLLC,0.061326787696806356
1947,URLLC,0.06166835861414983
1948,URLLC,0.061463247906121746
1949,URLLC,0.0612042210465211
1950,URLLC,0.06155438283495121
1951,URLLC,0.061327567165177246
1952,URLLC,0.06164413009269221
1953,URLLC,0.06146120464188502
1954,URLLC,0.061535341655984344
1955,URLLC,0.06123810623443728
1956,URLLC,0.06115009376905396
1957,URLLC,0.06130656726103985
1958,URLLC,0.06163347842742828
1959,URLLC,0.061447911471769895
1960,URLLC,0.061316373088704954
1961,URLLC,0.061091052066931516
1962,URLLC,0.06157119548542346
1963,URLLC,0.061116826992624294
1964,URLLC,0.06145642530209098
1965,URLLC,0.06173084356730644
1966,URLLC,0.061355043452138366
1967,URLLC,0.06136019065966999
1968,URLLC,0.06173688735907052
1969,URLLC,0.06129929414817102
1970,URLLC,0.06153051996728665
1971,URLLC,0.06171128389313147
1972,URLLC,0.06141216737019548
1973,URLLC,0.061073305504667
1974,URLLC,0.06143083493639746
1975,URLLC,0.06112408258393085
1976,URLLC,0.061319497455518256
1977,URLLC,0.061528904886414305
1978,URLLC,0.06170354137038638
1979,URLLC,0.06140658031837044
1980,URLLC,0.06142339512425475
1981,URLLC,0.06159631801841361
1982,URLLC,0.06106714816010502
1983,URLLC,0.06141908951926543
1984,URLLC,0.06186662870382699
1985,URLLC,0.061002815978072215
1986,URLLC,0.061568997081682425
1987,URLLC,0.0615008869105018
1988,URLLC,0.06158458879446446
1989,URLLC,0.06106822018595358
1990,URLLC,0.060963253516702474
1991,URLLC,0.061379091963098376
1992,URLLC,0.061037496768095625
1993,URLLC,0.06132136000546811
1994,URLLC,0.06104822010225798
1995,URLLC,0.06140842663662615
1996,URLLC,0.061064594945689284
1997,URLLC,0.06147668272595853
1998,URLLC,0.061343021630593415
1999,URLLC,0.061446966611792525
0,eMBB,0.0
1,eMBB,0.0
2,eMBB,0.0
3,eMBB,0.0
4,eMBB,0.0
5,eMBB,0.0
6,eMBB,0.0
7,eMBB,0.0
8,eMBB,0.0
9,eMBB,0.0
10,eMBB,0.0
11,eMBB,0.0
12,eMBB,0.0
13,eMBB,0.0
14,eMBB,0.0
15,eMBB,0.0
16,eMBB,0.0
17,eMBB,0.0
18,eMBB,0.0
19,eMBB,0.0
20,eMBB,0.0
21,eMBB,0.0
22,eMBB,0.0
23,eMBB,0.0
24,eMBB,0.0
25,eMBB,0.0
26,eMBB,0.0
27,eMBB,0.0
28,eMBB,0.0
29,eMBB,0.0
30,eMBB,0.0
31,eMBB,0.0
32,eMBB,0.0
33,eMBB,3.305110388554951
34,eMBB,3.3986325789420837
35,eMBB,3.55895469573446
36,eMBB,3.654418871002464
37,eMBB,3.7196029558524737
38,eMBB,3.8433201760360762
39,eMBB,3.9080679330562424
40,eMBB,4.011083737013611
41,eMBB,4.11057569348813
42,eMBB,4.200750248161152
43,eMBB,4.302984751218015
44,eMBB,4.3614507085399925
45,eMBB,4.451901309392216
46,eMBB,4.6014835350068655
47,eMBB,4.645449190693795
48,eMBB,4.735925371842998
49,eMBB,4.799483480374139
50,eMBB,4.9421219424782326
51,eMBB,4.992135204596995
52,eMBB,5.138326563222368
53,eMBB,5.20874733304224
54,eMBB,5.2622110680128715
55,eMBB,5.443638550491731
56,eMBB,5.601278242191276
57,eMBB,5.574448065154206
58,eMBB,5.762294298861413
59,eMBB,5.84160165509925
60,eMBB,5.849820909325419
61,eMBB,5.834628194833776
62,eMBB,6.108087697751778
63,eMBB,6.300709954132365
64,eMBB,6.38707688163725
65,eMBB,6.481349676264222
66,eMBB,6.563845596572371
67,eMBB,6.6132883932650985
68,eMBB,6.689592013960353
69,eMBB,6.831255306014016
70,eMBB,6.818617723132524
71,eMBB,6.9583927382557835
72,eMBB,7.031667577531516
73,eMBB,7.03347125088823
74,eMBB,7.336999380705943
75,eMBB,7.382172397848353
76,eMBB,7.534514234731658
77,eMBB,7.657549152714481
78,eMBB,7.74584614511383
79,eMBB,7.793302029994524
80,eMBB,8.004845642906373
81,eMBB,7.988081210374424
82,eMBB,8.1770370792618
83,eMBB,7.954854215933565
84,eMBB,8.284041624443075
85,eMBB,8.506121930897107
86,eMBB,8.440148522866867
87,eMBB,8.11536588516791
88,eMBB,8.617608280275288
89,eMBB,8.861331752250711
90,eMBB,8.560450351698112
91,eMBB,9.057188146773244
92,eMBB,9.116624300424625
93,eMBB,9.111346046312368
94,eMBB,9.34072933315264
95,eMBB,9.428901567676464
96,eMBB,9.483101580117028
97,eMBB,9.584308506318326
98,eMBB,9.487558368965285
99,eMBB,9.205032110622037
100,eMBB,9.571341102493024
101,eMBB,9.688246543545969
102,eMBB,8.879224424555023
103,eMBB,9.660476137955541
104,eMBB,10.3142034976238
105,eMBB,10.43413674263897
106,eMBB,10.222956767170505
107,eMBB,10.649022364455321
108,eMBB,10.305999323907661
109,eMBB,10.171751994917953
110,eMBB,10.954925419699796
111,eMBB,10.257085301450433
112,eMBB,11.138759915078117
113,eMBB,11.07976335315552
114,eMBB,10.104698102217437
115,eMBB,10.99369822372867
116,eMBB,11.505338168031011
117,eMBB,10.440639667533954
118,eMBB,11.248929546822039
119,eMBB,11.245138577916554
120,eMBB,11.31353826413362
121,eMBB,11.166192884566629
122,eMBB,12.130430250146716
123,eMBB,12.087351105272083
124,eMBB,11.633739678339582
125,eMBB,11.774935178388665
126,eMBB,11.514331868816528
127,eMBB,12.32172534821982
128,eMBB,11.658706685466449
129,eMBB,12.056123528354442
130,eMBB,12.887300729324938
131,eMBB,12.519217215642067
132,eMBB,12.320559877410663
133,eMBB,12.457643846422771
134,eMBB,13.335830291705284
135,eMBB,12.562434297153844
136,eMBB,13.178194982290778
137,eMBB,12.782108471374057
138,eMBB,13.76488145715123
139,eMBB,13.241045749710981
140,eMBB,13.073531319565125
141,eMBB,12.682969709226326
142,eMBB,13.173943518675213
143,eMBB,13.688662758898877
144,eMBB,13.890302575451212
145,eMBB,12.193408922897895
146,eMBB,12.99688444533351
147,eMBB,13.805406815985208
148,eMBB,13.869896320577153
149,eMBB,13.012771388611414
150,eMBB,14.36248165904848
151,eMBB,13.119730824163927
152,eMBB,14.683159071507884
153,eMBB,13.503582473458751
154,eMBB,15.293670845750825
155,eMBB,14.059209166149826
156,eMBB,13.357080174497616
157,eMBB,12.949461643668029
158,eMBB,13.520940949460039
159,eMBB,15.85659013538332
160,eMBB,14.135232493996275
161,eMBB,16.04110048912735
162,eMBB,14.268789445674255
163,eMBB,15.05049320041113
164,eMBB,15.542558008213344
165,eMBB,13.505878297653116
166,eMBB,14.818644897141576
167,eMBB,14.994607648591524
168,eMBB,15.091618011200282
169,eMBB,14.969770311339863
170,eMBB,16.47811604408845
171,eMBB,14.696953219886872
172,eMBB,15.29738013060491
173,eMBB,15.943389664966116
174,eMBB,14.951094879036384
175,eMBB,15.66080347930811
176,eMBB,16.9254972881176
177,eMBB,16.289005771449236
178,eMBB,15.748193892710312
179,eMBB,16.15033464613477
180,eMBB,16.28563223780316
181,eMBB,17.636550602473214
182,eMBB,16.43821880536804
183,eMBB,16.951374536772956
184,eMBB,16.960076231523395
185,eMBB,15.565669115626944
186,eMBB,16.68697096297816
187,eMBB,15.002566509560364
188,eMBB,18.33848160683618
189,eMBB,16.63952650907394
190,eMBB,17.158762439799975
191,eMBB,16.95835423962206
192,eMBB,16.32683087711186
193,eMBB,14.49159402882125
194,eMBB,17.522818174022117
195,eMBB,17.814771034673505
196,eMBB,16.140742640845094
197,eMBB,17.442798988638817
198,eMBB,15.849456946774662
199,eMBB,15.657554306478703
200,eMBB,19.013275854294097
201,eMBB,17.510635995657417
202,eMBB,18.234260993132782
203,eMBB,17.095222679159885
204,eMBB,17.436203634514502
205,eMBB,17.4992141730565
206,eMBB,16.459140092785766
207,eMBB,18.895530129663946
208,eMBB,17.267184351653217
209,eMBB,19.077358187227098
210,eMBB,19.162367209583053
211,eMBB,19.269494561378036
212,eMBB,18.375932804858532
213,eMBB,18.48770882614316
214,eMBB,18.678112232581366
215,eMBB,19.123374808793987
216,eMBB,17.690881300960505
217,eMBB,17.905843327990414
218,eMBB,19.494520532173926
219,eMBB,18.327647365163152
220,eMBB,20.179811263450112
221,eMBB,19.99082084583004
222,eMBB,17.21328004867698
223,eMBB,19.9101141082334
224,eMBB,20.041118894362068
225,eMBB,21.18710852898492
226,eMBB,18.068341615633486
227,eMBB,18.927397078888955
228,eMBB,21.932938978930228
229,eMBB,20.119351389116858
230,eMBB,18.79735057635079
231,eMBB,19.505090475159868
232,eMBB,20.728594920992837
233,eMBB,18.837935753800263
234,eMBB,19.610795651439002
235,eMBB,20.682485673878727
236,eMBB,19.231383812225
237,eMBB,21.136925907061446
238,eMBB,18.465825524562625
239,eMBB,20.783156439516492
240,eMBB,19.51593873777551
241,eMBB,21.425155938639296
242,eMBB,19.96618713071579
243,eMBB,22.00463362092651
244,eMBB,20.225014592784454
245,eMBB,18.733573135250307
246,eMBB,21.00096162355163
247,eMBB,20.853973261557837
248,eMBB,19.536949939012107
249,eMBB,23.481452517172432
250,eMBB,21.08887627683446
251,eMBB,21.946794769873282
252,eMBB,21.236684278079988
253,eMBB,21.418266670715706
254,eMBB,21.97516198242412
255,eMBB,19.820269827374105
256,eMBB,19.11244292367678
257,eMBB,19.625937408868815
258,eMBB,21.887665070200335
259,eMBB,21.530440707617927
260,eMBB,23.477233113986713
261,eMBB,18.89277129037592
262,eMBB,19.369470261892406
263,eMBB,21.623300753197068
264,eMBB,21.888257565338346
265,eMBB,18.602090929125307
266,eMBB,20.12856345152704
267,eMBB,21.08159185782855
268,eMBB,20.579297964944708
269,eMBB,20.72911873516026
270,eMBB,20.702568395985676
271,eMBB,22.791675179271955
272,eMBB,21.993227809846715
273,eMBB,17.27361131243894
274,eMBB,21.80461895688701
275,eMBB,23.340066908660425
276,eMBB,21.135702616729183
277,eMBB,24.153863862413374
278,eMBB,24.541221837421308
279,eMBB,21.604650691440344
280,eMBB,20.139638948400112
281,eMBB,22.772028840285056
282,eMBB,19.770324305850604
283,eMBB,21.028480990611556
284,eMBB,22.429919136288326
285,eMBB,23.167571717346032
286,eMBB,25.614402676017487
287,eMBB,23.63733193874964
288,eMBB,20.341527090663842
289,eMBB,24.028044277833597
290,eMBB,22.63483488083916
291,eMBB,21.366567219961933
292,eMBB,21.754477814455758
293,eMBB,24.6254933710159
294,eMBB,24.33620841304581
295,eMBB,22.902263275423373
296,eMBB,21.805755828491577
297,eMBB,24.82560485638621
298,eMBB,22.122441359792
299,eMBB,21.984968874316507
300,eMBB,20.745398084652823
301,eMBB,24.71795422903048
302,eMBB,24.764001066220313
303,eMBB,22.590550492020917
304,eMBB,20.28287924794791
305,eMBB,23.756698166193033
306,eMBB,24.88919976176178
307,eMBB,29.976514258940977
308,eMBB,23.26890492761613
309,eMBB,24.832955052293958
310,eMBB,23.517707819570145
311,eMBB,22.74405250951619
312,eMBB,26.868248071290534
313,eMBB,24.87390353266319
314,eMBB,24.51650747806263
315,eMBB,23.435799670052905
316,eMBB,24.508200215153174
317,eMBB,24.923944008244167
318,eMBB,24.33604149766113
319,eMBB,22.501078895269846
320,eMBB,20.27614069313458
321,eMBB,26.491832595820625
322,eMBB,20.965954189064313
323,eMBB,23.02789332140872
324,eMBB,21.414488180324987
325,eMBB,23.525998225965076
326,eMBB,26.16807163354027
327,eMBB,23.812026726058402
328,eMBB,25.276531408969124
329,eMBB,29.082821518407282
330,eMBB,22.31265606758836
331,eMBB,23.325169113095125
332,eMBB,25.431949395768854
333,eMBB,25.875927509345807
334,eMBB,23.995166410718898
335,eMBB,24.877615557016004
336,eMBB,27.09384269358831
337,eMBB,25.597033183260503
338,eMBB,27.654531606205992
339,eMBB,25.346398489679583
340,eMBB,27.019910369898387
341,eMBB,23.02044461495028
342,eMBB,29.16781550509126
343,eMBB,26.05856613258972
344,eMBB,24.249877572639456
345,eMBB,24.298646457944848
346,eMBB,17.855170181107052
347,eMBB,21.518618314887398
348,eMBB,23.878766412567135
349,eMBB,26.446831965697537
350,eMBB,22.434478410214826
351,eMBB,24.000523995944224
352,eMBB,17.76447192724415
353,eMBB,23.866487576589986
354,eMBB,26.71910446121022
355,eMBB,28.319635544758878
356,eMBB,25.385339685105937
357,eMBB,27.235309455310972
358,eMBB,26.62519745783805
359,eMBB,25.52813183278805
360,eMBB,22.63095533961201
361,eMBB,21.72452674056912
362,eMBB,25.22985173680631
363,eMBB,23.234989715057534
364,eMBB,22.92669106240447
365,eMBB,25.361731775539184
366,eMBB,22.69661223277365
367,eMBB,23.17172944469871
368,eMBB,19.481849408472772
369,eMBB,25.922917749635616
370,eMBB,25.636742883036014
371,eMBB,17.776366207678777
372,eMBB,20.864488302478698
373,eMBB,18.178377057964322
374,eMBB,22.950302861300738
375,eMBB,19.795175204046974
376,eMBB,18.1130766488873
377,eMBB,20.281564084666478
378,eMBB,15.083088676294624
379,eMBB,19.54349310074021
380,eMBB,18.087756574001325
381,eMBB,19.61269563390057
382,eMBB,21.546212733080292
383,eMBB,19.267169956927713
384,eMBB,20.39142316414781
385,eMBB,18.293264866267144
386,eMBB,18.908776678280663
387,eMBB,19.138631486309475
388,eMBB,17.250744659959985
389,eMBB,20.544434839953247
390,eMBB,15.611308198915035
391,eMBB,15.213389388098573
392,eMBB,18.638893774932214
393,eMBB,15.390182713821565
394,eMBB,19.464131882715435
395,eMBB,18.50556215568973
396,eMBB,17.308630120762345
397,eMBB,22.89945668440951
398,eMBB,18.645218709734
399,eMBB,17.029730865529423
400,eMBB,19.941844071400045
401,eMBB,15.666566212170903
402,eMBB,18.491608150548032
403,eMBB,14.633739213927454
404,eMBB,19.907740438176834
405,eMBB,17.676248013305145
406,eMBB,14.446163480108613
407,eMBB,17.363144879526004
408,eMBB,15.956759303042507
409,eMBB,18.10577836979711
410,eMBB,18.325150489826505
411,eMBB,17.59313525847385
412,eMBB,18.062812275313373
413,eMBB,20.041425725681098
414,eMBB,17.117948910402024
415,eMBB,14.212686727307016
416,eMBB,19.430324156394754
417,eMBB,25.03099492230379
418,eMBB,19.544004839855194
419,eMBB,15.364572571675287
420,eMBB,20.75277772871026
421,eMBB,15.076688227737437
422,eMBB,21.821372471381533
423,eMBB,19.015379831299363
424,eMBB,14.772452877345732
425,eMBB,15.286894190998547
426,eMBB,16.00038858414449
427,eMBB,17.01522320419738
428,eMBB,18.566718379779008
429,eMBB,19.316938899300744
430,eMBB,19.180355265126657
431,eMBB,19.213931309017333
432,eMBB,15.79007282296633
433,eMBB,23.400451544934487
434,eMBB,19.33682712685062
435,eMBB,17.815772652066045
436,eMBB,21.360705499271116
437,eMBB,22.387550984653725
438,eMBB,17.85686408192303
439,eMBB,20.7976404987272
440,eMBB,18.682580064989896
441,eMBB,21.005070128766935
442,eMBB,19.509248056521972
443,eMBB,17.660095089036187
444,eMBB,18.314391228851754
445,eMBB,20.90703700401315
446,eMBB,20.602939383447715
447,eMBB,19.093607982121483
448,eMBB,14.5466691517713
449,eMBB,21.497905007146958
450,eMBB,20.241806441724915
451,eMBB,23.60185121379015
452,eMBB,20.32750394569281
453,eMBB,19.814477426970885
454,eMBB,19.739552300192155
455,eMBB,17.35573586867723
456,eMBB,15.022132389477482
457,eMBB,21.729323579403317
458,eMBB,18.217866680757723
459,eMBB,21.76777389195716
460,eMBB,20.255986046846996
461,eMBB,20.699857106227928
462,eMBB,20.5481905763207
463,eMBB,19.764628272650402
464,eMBB,17.345355175026537
465,eMBB,21.67454872055321
466,eMBB,20.18638257713004
467,eMBB,23.641768098251863
468,eMBB,20.5032753168566
469,eMBB,20.267154198591086
470,eMBB,20.168937920622223
471,eMBB,19.72808336749679
472,eMBB,21.16602062633658
473,eMBB,20.94073685261788
474,eMBB,18.200657198023944
475,eMBB,20.377461857112586
476,eMBB,20.338778956905625
477,eMBB,21.669493002557463
478,eMBB,22.61809107860903
479,eMBB,21.24595351647633
480,eMBB,20.61487354666426
481,eMBB,20.99847372706908
482,eMBB,16.407515420512187
483,eMBB,20.625667487582167
484,eMBB,21.207002259857582
485,eMBB,22.619770093102414
486,eMBB,17.089244393747528
487,eMBB,21.31571557451869
488,eMBB,20.690599131993935
489,eMBB,23.200070160539703
490,eMBB,17.594688547421963
491,eMBB,19.224729994207564
492,eMBB,19.08334701090573
493,eMBB,18.547282091817635
494,eMBB,21.46481641575301
495,eMBB,21.955003038785087
496,eMBB,23.196766123791587
497,eMBB,18.404847941267597
498,eMBB,17.913107766437548
499,eMBB,16.102506913752258
500,eMBB,18.717681007357427
501,eMBB,23.255778622406723
502,eMBB,18.369352931194634
503,eMBB,18.636108009078768
504,eMBB,21.430848658118613
505,eMBB,21.491646603929187
506,eMBB,20.16034899428857
507,eMBB,18.55187023442528
508,eMBB,20.075877009097013
509,eMBB,22.601960321995566
510,eMBB,19.53569891183418
511,eMBB,16.492487823421694
512,eMBB,23.499943423328077
513,eMBB,18.886665965555952
514,eMBB,20.588019218679307
515,eMBB,19.89957608669339
516,eMBB,20.218255036203466
517,eMBB,18.948045291822403
518,eMBB,19.96800816006663
519,eMBB,19.790089299933996
520,eMBB,17.605230452417903
521,eMBB,21.232949013879107
522,eMBB,21.56978836919083
523,eMBB,22.77119927469509
524,eMBB,19.40142228856544
525,eMBB,22.8648939215135
526,eMBB,20.133917217074302
527,eMBB,18.394452629689955
528,eMBB,20.57515049240183
529,eMBB,22.70387164300797
530,eMBB,18.976785032000567
531,eMBB,21.581962851721826
532,eMBB,18.68688686102047
533,eMBB,23.44350099275105
534,eMBB,20.62654454100179
535,eMBB,21.22932581779188
536,eMBB,22.61337609005651
537,eMBB,19.806305148701863
538,eMBB,19.20235262420919
539,eMBB,17.880065356140918
540,eMBB,19.989147708920477
541,eMBB,24.25592655957158
542,eMBB,21.22547285556332
543,eMBB,24.49120367147809
544,eMBB,20.37362239264557
545,eMBB,20.37927145247265
546,eMBB,22.28619859718367
547,eMBB,23.456269710089124
548,eMBB,20.606464501265833
549,eMBB,21.398009555557092
550,eMBB,21.254726789188297
551,eMBB,20.437233772807918
552,eMBB,21.813276038816433
553,eMBB,24.954313332416987
554,eMBB,21.306708884531623
555,eMBB,22.60092398227202
556,eMBB,20.612156986015673
557,eMBB,19.9351435167272
558,eMBB,21.488657038773173
559,eMBB,19.755606593013272
560,eMBB,20.573319215364965
561,eMBB,21.05501413075419
562,eMBB,19.210614219721915
563,eMBB,21.550556543771087
564,eMBB,20.337550078341806
565,eMBB,20.220669839433967
566,eMBB,20.99218365165535
567,eMBB,22.04290001786016
568,eMBB,25.3255659081218
569,eMBB,19.653770634747023
570,eMBB,23.834636550351743
571,eMBB,20.742376086697824
572,eMBB,18.886433580204592
573,eMBB,22.66733833196597
574,eMBB,15.996426549458906
575,eMBB,23.71737482366359
576,eMBB,19.202450281069552
577,eMBB,20.902789300983684
578,eMBB,24.53474676368307
579,eMBB,16.88542089097029
580,eMBB,20.787248236045436
581,eMBB,20.424041272210488
582,eMBB,25.764970758130925
583,eMBB,23.578645683672644
584,eMBB,22.601634775736976
585,eMBB,24.195658171150782
586,eMBB,19.31505178541837
587,eMBB,20.911275643870326
588,eMBB,20.996783189554254
589,eMBB,21.293382237761396
590,eMBB,18.24387909395727
591,eMBB,20.33527681229966
592,eMBB,19.514220461396814
593,eMBB,25.217592305771355
594,eMBB,20.24131549909509
595,eMBB,19.82558068426597
596,eMBB,18.20692623742201
597,eMBB,19.85004415430655
598,eMBB,20.117463752879516
599,eMBB,20.35876041854633
600,eMBB,21.10817317015537
601,eMBB,25.26707939732023
602,eMBB,21.192021551184816
603,eMBB,24.095861278352004
604,eMBB,21.85047580409343
605,eMBB,17.0831903243332
606,eMBB,19.78036277157501
607,eMBB,21.822308097567465
608,eMBB,18.561699705476354
609,eMBB,21.947279827302626
610,eMBB,18.713781937408964
611,eMBB,20.189989898784802
612,eMBB,19.928363211423434
613,eMBB,20.945914952148335
614,eMBB,23.154079256978008
615,eMBB,21.555450580562763
616,eMBB,19.859216833409405
617,eMBB,24.170373070944553
618,eMBB,22.820202304530692
619,eMBB,19.828175776420377
620,eMBB,23.267208992505378
621,eMBB,17.06981006592238
622,eMBB,21.986931597903762
623,eMBB,22.28665367206292
624,eMBB,21.41660637637349
625,eMBB,19.526851765955858
626,eMBB,16.588983082878002
627,eMBB,21.733329366060065
628,eMBB,24.090785140546238
629,eMBB,19.360664737180148
630,eMBB,19.523952731318154
631,eMBB,20.088020579305546
632,eMBB,23.511309891722483
633,eMBB,23.223997719192337
634,eMBB,19.214490824674122
635,eMBB,23.750523487827174
636,eMBB,25.48167065367189
637,eMBB,22.674677678628342
638,eMBB,20.804228255352655
639,eMBB,19.87977742874988
640,eMBB,18.71666604999405
641,eMBB,18.35958161067168
642,eMBB,21.83122648496016
643,eMBB,22.463874408882504
644,eMBB,19.55417046512173
645,eMBB,22.96625577910479
646,eMBB,21.495887960359898
647,eMBB,24.12492530038695
648,eMBB,23.752764525643638
649,eMBB,19.285363433270238
650,eMBB,21.903719277522075
651,eMBB,21.021679068173036
652,eMBB,22.46288350290952
653,eMBB,21.16641789551719
654,eMBB,24.707638550004297
655,eMBB,26.5561178801498
656,eMBB,18.75553055267803
657,eMBB,21.92810616472489
658,eMBB,21.103240345592358
659,eMBB,19.027639047276576
660,eMBB,21.73953693384412
661,eMBB,18.970101234602904
662,eMBB,19.53476944182993
663,eMBB,21.14939402331971
664,eMBB,22.41489848213773
665,eMBB,21.775747332869212
666,eMBB,26.16415326185513
667,eMBB,20.724873580512607
668,eMBB,23.74559251379559
669,eMBB,21.78443736652046
670,eMBB,24.10452260429008
671,eMBB,23.13433119843882
672,eMBB,22.822385854583672
673,eMBB,22.96667886896445
674,eMBB,25.64396324674735
675,eMBB,21.532803163978375
676,eMBB,17.720405557379515
677,eMBB,19.35888120359787
678,eMBB,21.94845052852341
679,eMBB,20.252695477526334
680,eMBB,21.746873137906523
681,eMBB,22.72368958777743
682,eMBB,24.338791307776738
683,eMBB,24.71441868223121
684,eMBB,21.88247624967546
685,eMBB,22.688280713919923
686,eMBB,24.316200035855076
687,eMBB,20.912401371180692
688,eMBB,21.972056075388526
689,eMBB,19.806939754008447
690,eMBB,19.958032691396355
691,eMBB,20.87184706133209
692,eMBB,22.283858442875246
693,eMBB,21.930590821474354
694,eMBB,24.073791581523903
695,eMBB,19.054749994675742
696,eMBB,19.494710055128163
697,eMBB,21.56607736581559
698,eMBB,22.294940175911204
699,eMBB,21.33409102185353
700,eMBB,23.0340517682459
701,eMBB,23.982268124053743
702,eMBB,17.33225457466104
703,eMBB,19.825596844657085
704,eMBB,21.047410676979055
705,eMBB,23.638429429419805
706,eMBB,17.835711203985337
707,eMBB,21.466558668007444
708,eMBB,21.338817210052582
709,eMBB,21.427785437293178
710,eMBB,23.93103904862254
711,eMBB,21.613552511547752
712,eMBB,21.75501048263526
713,eMBB,19.255687603010298
714,eMBB,18.918322712179126
715,eMBB,25.99664655900444
716,eMBB,23.360006951578
717,eMBB,19.65079635304304
718,eMBB,21.482269277723024
719,eMBB,23.20128659913456
720,eMBB,20.033864763769635
721,eMBB,20.78608737452952
722,eMBB,19.86987030857465
723,eMBB,19.88136943321127
724,eMBB,24.555669250203806
725,eMBB,18.643715035496697
726,eMBB,15.45272257604283
727,eMBB,22.11685206939866
728,eMBB,21.61858869225946
729,eMBB,21.10090687736651
730,eMBB,22.55754688388517
731,eMBB,23.695434971557532
732,eMBB,19.695948099550026
733,eMBB,19.713962193389502
734,eMBB,28.322695673740636
735,eMBB,20.402293973428584
736,eMBB,18.919150207502916
737,eMBB,21.251064581087576
738,eMBB,22.638393708664903
739,eMBB,18.981642419184052
740,eMBB,19.685495495644837
741,eMBB,19.668941491335715
742,eMBB,18.40502540493673
743,eMBB,19.59597285452604
744,eMBB,19.844933100141613
745,eMBB,20.875595050662874
746,eMBB,18.759703473029713
747,eMBB,20.983319293737686
748,eMBB,21.090032748849612
749,eMBB,20.707975654401128
750,eMBB,20.989778213279262
751,eMBB,24.87996212349728
752,eMBB,20.42582713176488
753,eMBB,18.57379991284694
754,eMBB,21.188184608303906
755,eMBB,16.492973800892898
756,eMBB,22.89062831794606
757,eMBB,19.616837843086817
758,eMBB,21.991130536739586
759,eMBB,22.184312911249325
760,eMBB,23.754519316567833
761,eMBB,23.8429842523855
762,eMBB,18.520491935385646
763,eMBB,22.17855500279256
764,eMBB,17.301881217001235
765,eMBB,24.125225794106484
766,eMBB,20.677641050602094
767,eMBB,22.379957628695013
768,eMBB,19.80253526356097
769,eMBB,22.409696848677203
770,eMBB,18.114842973114317
771,eMBB,25.311053098414
772,eMBB,20.988203805635973
773,eMBB,23.38452937435236
774,eMBB,20.671473483755754
775,eMBB,18.102108389105823
776,eMBB,19.960250837370396
777,eMBB,21.06947068567122
778,eMBB,23.393794415509056
779,eMBB,15.43524557146552
780,eMBB,18.676589724114027
781,eMBB,23.135925550314553
782,eMBB,17.68383506910057
783,eMBB,18.748223165770355
784,eMBB,20.664945984767687
785,eMBB,21.978749626496583
786,eMBB,21.764615517303977
787,eMBB,20.02154921911617
788,eMBB,19.11761848974995
789,eMBB,19.785023693265174
790,eMBB,21.886643599495837
791,eMBB,19.228847436538363
792,eMBB,21.898951544264843
793,eMBB,21.66136170709518
794,eMBB,22.1361305067413
795,eMBB,18.601369789929315
796,eMBB,22.487831718143457
797,eMBB,21.497093887893477
798,eMBB,21.115315844373352
799,eMBB,22.222069924619333
800,eMBB,21.1777790203357
801,eMBB,17.46863413017329
802,eMBB,20.383580194303917
803,eMBB,20.536577857277127
804,eMBB,21.879296482823737
805,eMBB,20.639843050462197
806,eMBB,17.48181190799907
807,eMBB,18.69134211717866
808,eMBB,20.180960173119786
809,eMBB,21.89969154749855
810,eMBB,22.458180418716562
811,eMBB,15.163899421780595
812,eMBB,18.41657386111009
813,eMBB,22.06272430487995
814,eMBB,25.482051269001772
815,eMBB,24.30351025842395
816,eMBB,22.84773846566132
817,eMBB,23.272430944002103
818,eMBB,21.43729340029133
819,eMBB,23.877275666320756
820,eMBB,21.71869396832506
821,eMBB,19.31960815634962
822,eMBB,18.407458025632373
823,eMBB,20.474150280759776
824,eMBB,22.467594351732956
825,eMBB,20.50170435288916
826,eMBB,21.877040867801227
827,eMBB,21.005232992500392
828,eMBB,21.15841527898584
829,eMBB,20.66912771942956
830,eMBB,21.946768293040982
831,eMBB,20.473798145202853
832,eMBB,19.06932958200035
833,eMBB,18.60950180003628
834,eMBB,22.073514229951787
835,eMBB,22.07804908518505
836,eMBB,20.31322486366103
837,eMBB,19.750194794880755
838,eMBB,22.746457976993916
839,eMBB,23.43484621620186
840,eMBB,20.687561080112868
841,eMBB,21.55393961595326
842,eMBB,21.140563559602555
843,eMBB,23.039095963802612
844,eMBB,20.721298387154743
845,eMBB,21.492263748210505
846,eMBB,22.46903224567725
847,eMBB,22.180266079683975
848,eMBB,23.565586940921868
849,eMBB,22.63955948445812
850,eMBB,20.19456445320984
851,eMBB,24.14004163553709
852,eMBB,18.815345455430673
853,eMBB,20.226052106313727
854,eMBB,17.78089433672159
855,eMBB,24.667200617589145
856,eMBB,20.86192376754724
857,eMBB,25.04868222110578
858,eMBB,23.445185551333314
859,eMBB,22.66285057181528
860,eMBB,21.299515502442834
861,eMBB,23.07167925979782
862,eMBB,25.401828981533477
863,eMBB,24.737718514966915
864,eMBB,20.34234485393979
865,eMBB,22.29343092797434
866,eMBB,21.618834172403773
867,eMBB,21.170534440154437
868,eMBB,20.09521525561216
869,eMBB,19.982145739281826
870,eMBB,18.523918657417706
871,eMBB,23.27080662133908
872,eMBB,17.259745933420312
873,eMBB,21.740479998636356
874,eMBB,20.311639446923877
875,eMBB,21.836086634462756
876,eMBB,23.016185843729694
877,eMBB,21.898971464369236
878,eMBB,20.734656012098924
879,eMBB,19.765956302797257
880,eMBB,21.42882771953341
881,eMBB,18.34046138882176
882,eMBB,18.977337703615564
883,eMBB,20.75840847831526
884,eMBB,21.677739207548687
885,eMBB,20.018939050007962
886,eMBB,22.961493376624933
887,eMBB,20.366335414148345
888,eMBB,21.502075814684936
889,eMBB,24.041041704204442
890,eMBB,21.584368890348134
891,eMBB,20.174388102427436
892,eMBB,20.410619474662337
893,eMBB,20.90847938942219
894,eMBB,18.061836032009392
895,eMBB,19.17548368222629
896,eMBB,25.009391217153077
897,eMBB,21.06371308847402
898,eMBB,19.480268395918873
899,eMBB,19.81441847810962
900,eMBB,18.055027866109086
901,eMBB,21.7204239159667
902,eMBB,21.364770279679984
903,eMBB,20.7081088401975
904,eMBB,24.541112028331888
905,eMBB,24.09265503381564
906,eMBB,21.8631787408681
907,eMBB,20.58734555509978
908,eMBB,25.152560780118378
909,eMBB,20.583108152268373
910,eMBB,21.84540100620181
911,eMBB,19.211496316655495
912,eMBB,20.39320400814494
913,eMBB,20.136846908647172
914,eMBB,22.275001285335787
915,eMBB,24.46885973801425
916,eMBB,25.681752187191897
917,eMBB,22.079490259793086
918,eMBB,21.434866827642445
919,eMBB,22.75716260200038
920,eMBB,19.045360353358372
921,eMBB,24.569907455780474
922,eMBB,20.02240202774341
923,eMBB,22.472234427302585
924,eMBB,21.874421204397205
925,eMBB,21.948376521183214
926,eMBB,18.6677851080751
927,eMBB,20.676456971741885
928,eMBB,23.15454904647094
929,eMBB,18.042821812152102
930,eMBB,21.634274194033353
931,eMBB,17.131126222019297
932,eMBB,18.79979269284138
933,eMBB,21.818167861254118
934,eMBB,19.159253587685935
935,eMBB,19.697920074982672
936,eMBB,21.681698175445057
937,eMBB,24.041542642501614
938,eMBB,21.89848555012393
939,eMBB,20.48394425581184
940,eMBB,25.894232935449644
941,eMBB,18.72882182159146
942,eMBB,17.59789162695646
943,eMBB,19.063273590251523
944,eMBB,22.612588790321727
945,eMBB,20.424653430077285
946,eMBB,25.438456285528634
947,eMBB,22.09888433914282
948,eMBB,23.010044580838994
949,eMBB,21.308213049777788
950,eMBB,20.04902218608751
951,eMBB,20.629301837416488
952,eMBB,20.961566972631175
953,eMBB,20.167578726140174
954,eMBB,21.251992684956658
955,eMBB,19.428680097678342
956,eMBB,20.888326795897477
957,eMBB,20.508889267162676
958,eMBB,21.414113983821792
959,eMBB,19.943792157324797
960,eMBB,17.822025486774553
961,eMBB,24.51661732731561
962,eMBB,21.43848502196253
963,eMBB,22.257912540739287
964,eMBB,17.169387227831653
965,eMBB,18.761350493116836
966,eMBB,19.90609235695062
967,eMBB,20.909615397255543
968,eMBB,20.76069176103505
969,eMBB,20.458795766016472
970,eMBB,22.114171786533607
971,eMBB,19.856877631288068
972,eMBB,23.125999966691257
973,eMBB,21.742637889152245
974,eMBB,22.62776758628809
975,eMBB,20.898596274532064
976,eMBB,23.005705512340946
977,eMBB,19.838069699669262
978,eMBB,21.773645544716747
979,eMBB,21.209435887765906
980,eMBB,25.685663477321135
981,eMBB,17.32537582139221
982,eMBB,22.224159393481774
983,eMBB,21.00947727262508
984,eMBB,18.23039217298959
985,eMBB,20.888330062715905
986,eMBB,19.436644222566787
987,eMBB,26.670193842259614
988,eMBB,19.808176686311487
989,eMBB,16.065749004267417
990,eMBB,21.628493222784996
991,eMBB,24.09562378271374
992,eMBB,23.200830494388747
993,eMBB,23.465296811113976
994,eMBB,21.946881659451787
995,eMBB,22.434468867682845
996,eMBB,19.377176220412515
997,eMBB,24.22550172448779
998,eMBB,22.032343253533856
999,eMBB,16.217388890248063
1000,eMBB,20.190531360870676
1001,eMBB,20.890521640090657
1002,eMBB,19.546167992012087
1003,eMBB,23.44269384117084
1004,eMBB,18.53445804316284
1005,eMBB,17.092447101680623
1006,eMBB,20.049169888246272
1007,eMBB,19.22279891133498
1008,eMBB,25.05726251616075
1009,eMBB,24.15273127982786
1010,eMBB,17.98881342041051
1011,eMBB,20.285515004673044
1012,eMBB,22.7959987823392
1013,eMBB,23.325087823266543
1014,eMBB,18.407232407825752
1015,eMBB,25.05358102253375
1016,eMBB,21.274858688440553
1017,eMBB,20.888305277239837
1018,eMBB,23.9104868571607
1019,eMBB,17.61576563360422
1020,eMBB,19.099614401674142
1021,eMBB,21.39737705804617
1022,eMBB,21.256037276427158
1023,eMBB,21.191691135550624
1024,eMBB,17.546411742758274
1025,eMBB,20.876710934378366
1026,eMBB,19.87532623623456
1027,eMBB,20.653801837353765
1028,eMBB,21.158124771069765
1029,eMBB,18.30941325629015
1030,eMBB,22.605132811354412
1031,eMBB,23.832042050887594
1032,eMBB,21.247332253669732
1033,eMBB,21.39486534545598
1034,eMBB,22.84707346823729
1035,eMBB,19.705480230519935
1036,eMBB,19.891023762436845
1037,eMBB,20.818444314575025
1038,eMBB,23.311115094699844
1039,eMBB,19.980338044832667
1040,eMBB,22.105405009749315
1041,eMBB,21.02692798020382
1042,eMBB,22.309696150581246
1043,eMBB,21.223348874894498
1044,eMBB,19.46089415684847
1045,eMBB,24.969744555172234
1046,eMBB,18.67372039923773
1047,eMBB,21.019729317734622
1048,eMBB,21.09473902633409
1049,eMBB,23.32147645503598
1050,eMBB,22.028796523447262
1051,eMBB,18.742019333669713
1052,eMBB,20.56791470427622
1053,eMBB,22.73272869087005
1054,eMBB,18.084972720823377
1055,eMBB,21.101796439103058
1056,eMBB,18.010126717978228
1057,eMBB,21.193689828836852
1058,eMBB,22.485059750068533
1059,eMBB,22.727182944394574
1060,eMBB,20.22103393382786
1061,eMBB,17.89953958959571
1062,eMBB,22.583219768887904
1063,eMBB,18.050412515840907
1064,eMBB,20.46831338686357
1065,eMBB,21.716099840565196
1066,eMBB,23.91495401853005
1067,eMBB,24.30424676891959
1068,eMBB,22.16436640718277
1069,eMBB,19.848994911148097
1070,eMBB,21.088461144189584
1071,eMBB,18.551468540975325
1072,eMBB,19.75565245422065
1073,eMBB,22.09982503873254
1074,eMBB,22.98329347411551
1075,eMBB,20.68736164802499
1076,eMBB,20.490088380992084
1077,eMBB,20.09797151869227
1078,eMBB,21.86344926145556
1079,eMBB,20.179151667475203
1080,eMBB,20.01055469255718
1081,eMBB,21.985350002628817
1082,eMBB,19.412392529413395
1083,eMBB,21.40432107294405
1084,eMBB,22.892121291156727
1085,eMBB,20.864640693057368
1086,eMBB,18.506253999027525
1087,eMBB,23.91028318372147
1088,eMBB,23.895222517788653
1089,eMBB,17.88695265487135
1090,eMBB,28.031074166655298
1091,eMBB,18.319881263139223
1092,eMBB,22.54804087904661
1093,eMBB,18.984551968518506
1094,eMBB,22.20298727203014
1095,eMBB,19.57107899619583
1096,eMBB,20.817812320270324
1097,eMBB,21.110637397253043
1098,eMBB,22.76611197330847
1099,eMBB,19.9677937836873
1100,eMBB,20.43206296652673
1101,eMBB,22.78774683658824
1102,eMBB,23.86559511891634
1103,eMBB,20.75251591543795
1104,eMBB,24.138541210959488
1105,eMBB,17.600921509207602
1106,eMBB,22.405924184723403
1107,eMBB,19.166797433596113
1108,eMBB,22.224996330990553
1109,eMBB,17.165141665370864
1110,eMBB,23.74391398811563
1111,eMBB,16.89374144692393
1112,eMBB,20.26799274759301
1113,eMBB,17.00470937617178
1114,eMBB,22.115395200225965
1115,eMBB,22.7115056275803
1116,eMBB,20.255773102065646
1117,eMBB,20.19975360556738
1118,eMBB,21.597981481392942
1119,eMBB,20.692462939762677
1120,eMBB,26.02081425291195
1121,eMBB,17.891007520211186
1122,eMBB,21.577103303825275
1123,eMBB,20.768887604581685
1124,eMBB,22.051524846829317
1125,eMBB,18.059447400847425
1126,eMBB,23.497344710978357
1127,eMBB,21.739111439458856
1128,eMBB,19.11944689802727
1129,eMBB,19.56257647838162
1130,eMBB,20.02461222100611
1131,eMBB,22.049239685689898
1132,eMBB,21.04118707391616
1133,eMBB,20.554539072668575
1134,eMBB,19.739979313078177
1135,eMBB,20.833281023946505
1136,eMBB,22.34702218847817
1137,eMBB,21.501465864561975
1138,eMBB,22.55441918649306
1139,eMBB,19.450889721550475
1140,eMBB,21.404762638334876
1141,eMBB,20.548209262897227
1142,eMBB,21.00628656247727
1143,eMBB,21.39119789658391
1144,eMBB,22.791746272694937
1145,eMBB,19.97412728186234
1146,eMBB,20.17571879566233
1147,eMBB,21.620174342940842
1148,eMBB,20.77401702791142
1149,eMBB,24.90613802969469
1150,eMBB,19.16447990831599
1151,eMBB,20.359079863899215
1152,eMBB,22.677117875254197
1153,eMBB,21.958777720521947
1154,eMBB,20.10860405084759
1155,eMBB,20.2683394625427
1156,eMBB,25.695278270330043
1157,eMBB,20.298141512100578
1158,eMBB,19.85113443769357
1159,eMBB,23.012936715066626
1160,eMBB,19.592945672995956
1161,eMBB,20.77373913391463
1162,eMBB,23.24930421866962
1163,eMBB,18.612813228717254
1164,eMBB,20.087035382619952
1165,eMBB,22.26848629883705
1166,eMBB,21.952008709414827
1167,eMBB,22.764939552207622
1168,eMBB,21.704441255143166
1169,eMBB,18.78170623191241
1170,eMBB,21.865352171898287
1171,eMBB,21.90327422701882
1172,eMBB,22.76480145857955
1173,eMBB,17.77260477897762
1174,eMBB,22.058238146401035
1175,eMBB,20.369455549403796
1176,eMBB,22.148318821411355
1177,eMBB,22.41798234714892
1178,eMBB,18.937629039724534
1179,eMBB,19.67449558878553
1180,eMBB,19.320857395908025
1181,eMBB,19.91410160170375
1182,eMBB,22.567951829378146
1183,eMBB,22.63000447872295
1184,eMBB,19.50165671686273
1185,eMBB,19.32333252519733
1186,eMBB,19.841725571648094
1187,eMBB,20.7452435014851
1188,eMBB,19.65319987920722
1189,eMBB,20.828297952884125
1190,eMBB,23.077130366695247
1191,eMBB,20.74412401960985
1192,eMBB,18.807835436044652
1193,eMBB,17.84313982627687
1194,eMBB,20.17928426073935
1195,eMBB,21.27504416541358
1196,eMBB,21.99828730195744
1197,eMBB,19.391716767614657
1198,eMBB,24.308271695564475
1199,eMBB,22.25936530402625
1200,eMBB,21.586242940857893
1201,eMBB,20.06452161796681
1202,eMBB,22.25104673701509
1203,eMBB,20.06856187737141
1204,eMBB,21.028618903411658
1205,eMBB,19.820248832255494
1206,eMBB,21.991147808852112
1207,eMBB,20.560592527344063
1208,eMBB,20.16432145753893
1209,eMBB,19.405672100948195
1210,eMBB,21.971950157592254
1211,eMBB,23.120999338229673
1212,eMBB,20.010623108297974
1213,eMBB,21.65971544331413
1214,eMBB,19.108351306003094
1215,eMBB,18.24930625638898
1216,eMBB,20.25866602191973
1217,eMBB,21.653570611243374
1218,eMBB,22.5399372571867
1219,eMBB,19.083614023208234
1220,eMBB,18.297670342245812
1221,eMBB,19.08738237218491
1222,eMBB,21.677129438700675
1223,eMBB,23.916233382286542
1224,eMBB,18.807687788292633
1225,eMBB,20.562887371397782
1226,eMBB,22.121481659933643
1227,eMBB,18.82907368562981
1228,eMBB,22.311779046886844
1229,eMBB,19.094952998814577
1230,eMBB,21.555446035683023
1231,eMBB,20.47878870514598
1232,eMBB,20.26759955663092
1233,eMBB,21.806664484365797
1234,eMBB,24.19982538038724
1235,eMBB,21.36706551864251
1236,eMBB,20.334307048412487
1237,eMBB,21.964680764531018
1238,eMBB,21.55752070083707
1239,eMBB,18.540020118780998
1240,eMBB,20.409410836172235
1241,eMBB,18.977851649434072
1242,eMBB,19.783236179991107
1243,eMBB,22.231323984174008
1244,eMBB,21.580543844715287
1245,eMBB,21.287929471562173
1246,eMBB,18.967398907239517
1247,eMBB,21.352526045412873
1248,eMBB,19.11926920301972
1249,eMBB,20.778300404386787
1250,eMBB,25.88455319834773
1251,eMBB,24.324333126637686
1252,eMBB,19.75099232302008
1253,eMBB,22.237773684809625
1254,eMBB,20.478452997947535
1255,eMBB,20.34838268342752
1256,eMBB,23.58159337230409
1257,eMBB,25.13529064306473
1258,eMBB,23.821855337498413
1259,eMBB,20.270333927803772
1260,eMBB,20.722807604248807
1261,eMBB,22.12320775338177
1262,eMBB,20.479220547201606
1263,eMBB,21.723863225681942
1264,eMBB,19.960511433930716
1265,eMBB,17.504701451046582
1266,eMBB,17.737395080867397
1267,eMBB,15.33429110943074
1268,eMBB,21.672077681128652
1269,eMBB,22.55203794799412
1270,eMBB,21.94286904409176
1271,eMBB,17.087825157607565
1272,eMBB,18.146732939461042
1273,eMBB,21.758861216397495
1274,eMBB,20.284660538134585
1275,eMBB,17.647071840336753
1276,eMBB,18.13095801487628
1277,eMBB,22.419912395514366
1278,eMBB,22.22388642538391
1279,eMBB,21.000387081200227
1280,eMBB,19.632322344324287
1281,eMBB,23.60150639545592
1282,eMBB,19.462249491531555
1283,eMBB,24.830828701971534
1284,eMBB,22.850204798627246
1285,eMBB,21.084235910567717
1286,eMBB,20.60418177534016
1287,eMBB,21.706115906974354
1288,eMBB,22.086389366429593
1289,eMBB,20.509561906935883
1290,eMBB,19.681248092233105
1291,eMBB,19.74732969036176
1292,eMBB,20.671209117917183
1293,eMBB,20.08748127107401
1294,eMBB,19.29731414667252
1295,eMBB,19.030513843396434
1296,eMBB,19.159707995800574
1297,eMBB,22.362292783617853
1298,eMBB,21.467513906242612
1299,eMBB,19.796091542975905
1300,eMBB,20.369614310906098
1301,eMBB,17.717780724767373
1302,eMBB,21.421549900286358
1303,eMBB,20.723839044843373
1304,eMBB,23.66871799792082
1305,eMBB,23.14363623035296
1306,eMBB,22.163155363552722
1307,eMBB,22.778365412308982
1308,eMBB,18.801515187874397
1309,eMBB,20.765929856293738
1310,eMBB,23.4535724790521
1311,eMBB,21.7623469377596
1312,eMBB,20.963024044158395
1313,eMBB,20.990855567509715
1314,eMBB,20.845310576762877
1315,eMBB,20.917651736604803
1316,eMBB,21.368225768214977
1317,eMBB,24.456984312754216
1318,eMBB,19.40169928080369
1319,eMBB,19.788958603286005
1320,eMBB,22.963690044532516
1321,eMBB,16.88683119193419
1322,eMBB,16.665216252756732
1323,eMBB,23.708225687550666
1324,eMBB,22.2794230786395
1325,eMBB,19.625591663567494
1326,eMBB,22.16839325254649
1327,eMBB,23.207977689662965
1328,eMBB,19.76064953078731
1329,eMBB,18.241447148102658
1330,eMBB,19.099056422176087
1331,eMBB,21.862269093042407
1332,eMBB,18.60524280716196
1333,eMBB,21.953438760826348
1334,eMBB,19.274738577710025
1335,eMBB,21.473996545988378
1336,eMBB,17.50461796212901
1337,eMBB,23.237203068455436
1338,eMBB,19.330188905149274
1339,eMBB,23.610127785089276
1340,eMBB,21.32118931434799
1341,eMBB,22.33406574706873
1342,eMBB,19.655928172805584
1343,eMBB,17.979523551629427
1344,eMBB,20.2906461450879
1345,eMBB,21.411028086262704
1346,eMBB,22.218564087103573
1347,eMBB,22.244203500053608
1348,eMBB,21.562588459065026
1349,eMBB,21.001329226097212
1350,eMBB,21.11686045255365
1351,eMBB,20.663470233536863
1352,eMBB,23.15739452093887
1353,eMBB,22.220116798456868
1354,eMBB,22.137377513456304
1355,eMBB,21.788142641127575
1356,eMBB,20.19880729295438
1357,eMBB,21.943439596296816
1358,eMBB,20.14397945628649
1359,eMBB,21.590028969538736
1360,eMBB,24.497744147233515
1361,eMBB,21.347917119191298
1362,eMBB,19.65888536959941
1363,eMBB,21.17460641305005
1364,eMBB,21.81289254926151
1365,eMBB,23.839441844819415
1366,eMBB,20.91203867193186
1367,eMBB,19.220307559504608
1368,eMBB,20.38324161851792
1369,eMBB,17.79479894795041
1370,eMBB,22.672298575443033
1371,eMBB,19.141740097050672
1372,eMBB,21.9017544917041
1373,eMBB,20.400654211279257
1374,eMBB,22.997356753444855
1375,eMBB,22.337389690780867
1376,eMBB,21.579346234441218
1377,eMBB,22.716333850653562
1378,eMBB,22.571128262808983
1379,eMBB,19.43298511941917
1380,eMBB,23.190717767908264
1381,eMBB,21.340232310087785
1382,eMBB,17.944908273742655
1383,eMBB,24.663960415491793
1384,eMBB,21.795047153010835
1385,eMBB,21.91731399219029
1386,eMBB,19.99431332149964
1387,eMBB,16.587033755425725
1388,eMBB,20.704691335100424
1389,eMBB,24.787988197946632
1390,eMBB,24.104510212967416
1391,eMBB,21.423084488305268
1392,eMBB,19.190654445342876
1393,eMBB,20.022226551249364
1394,eMBB,18.826581743183358
1395,eMBB,23.695041380314986
1396,eMBB,23.44295065068095
1397,eMBB,21.258696050886506
1398,eMBB,24.57992656358159
1399,eMBB,23.91137531325739
1400,eMBB,23.151124368472924
1401,eMBB,22.557803019144814
1402,eMBB,19.864492875102403
1403,eMBB,22.15328522723089
1404,eMBB,23.417730393906275
1405,eMBB,25.47140518001633
1406,eMBB,22.406092032489436
1407,eMBB,22.017638235326224
1408,eMBB,21.179784374598416
1409,eMBB,22.622831097242987
1410,eMBB,17.895363833973917
1411,eMBB,21.926450292273373
1412,eMBB,22.649292384606294
1413,eMBB,19.214694039542678
1414,eMBB,19.85775023502643
1415,eMBB,19.73686820742031
1416,eMBB,22.332825088956884
1417,eMBB,24.232278739929697
1418,eMBB,16.582373387615693
1419,eMBB,19.43086202206768
1420,eMBB,22.83944147045961
1421,eMBB,18.28440090105026
1422,eMBB,22.122457685060663
1423,eMBB,20.263915557939793
1424,eMBB,22.654439917136763
1425,eMBB,22.652473070929926
1426,eMBB,22.492652274482584
1427,eMBB,20.185525354595732
1428,eMBB,19.41503798696606
1429,eMBB,17.76018758144028
1430,eMBB,16.841002421752503
1431,eMBB,21.472156419847384
1432,eMBB,20.092278117553523
1433,eMBB,20.106785600309646
1434,eMBB,17.54735978896172
1435,eMBB,22.473440401572713
1436,eMBB,22.652680704160947
1437,eMBB,21.547527951863007
1438,eMBB,23.342845864755148
1439,eMBB,18.396293389521748
1440,eMBB,20.11876022091792
1441,eMBB,24.029192445235367
1442,eMBB,23.1207403815633
1443,eMBB,21.925507929019517
1444,eMBB,19.711265929162966
1445,eMBB,23.200807744441082
1446,eMBB,20.777382032490905
1447,eMBB,23.804866558796945
1448,eMBB,18.659273429085694
1449,eMBB,20.277227760368856
1450,eMBB,19.185146326637337
1451,eMBB,19.55389987759316
1452,eMBB,21.53899334331317
1453,eMBB,20.482391246041246
1454,eMBB,22.093213060427505
1455,eMBB,23.32619117530006
1456,eMBB,23.370842887938426
1457,eMBB,17.833041544576716
1458,eMBB,19.748504129637563
1459,eMBB,21.953133738373577
1460,eMBB,21.250671188456963
1461,eMBB,20.333602313262816
1462,eMBB,18.967000479132267
1463,eMBB,21.751081078203814
1464,eMBB,20.048150087066823
1465,eMBB,21.72054303892234
1466,eMBB,19.769044218157948
1467,eMBB,21.22060950874243
1468,eMBB,18.99973402515589
1469,eMBB,19.468040919462595
1470,eMBB,19.375831006101194
1471,eMBB,19.192142800915057
1472,eMBB,22.096149235550207
1473,eMBB,22.765973122637252
1474,eMBB,19.066089335189112
1475,eMBB,18.364742642711523
1476,eMBB,22.642064472928872
1477,eMBB,18.735856448533703
1478,eMBB,25.52026813020511
1479,eMBB,22.662068965873296
1480,eMBB,21.550901642444117
1481,eMBB,21.99093162967382
1482,eMBB,19.735433857030596
1483,eMBB,19.419218210309612
1484,eMBB,23.611312703428215
1485,eMBB,22.27504358144814
1486,eMBB,17.522790950643564
1487,eMBB,22.147582835609963
1488,eMBB,18.863830655044016
1489,eMBB,17.837107640926178
1490,eMBB,21.917352317960198
1491,eMBB,20.861728307001286
1492,eMBB,20.04222284429813
1493,eMBB,23.64525557702509
1494,eMBB,24.92263793472848
1495,eMBB,17.08065303648439
1496,eMBB,20.796301396171366
1497,eMBB,20.510291280348664
1498,eMBB,18.70107146913952
1499,eMBB,21.805351383266267
1500,eMBB,20.78890342713152
1501,eMBB,18.675740861430082
1502,eMBB,19.395707026196906
1503,eMBB,20.810840326970627
1504,eMBB,20.88349678312362
1505,eMBB,19.71791760907302
1506,eMBB,19.670873807089684
1507,eMBB,21.71832381642351
1508,eMBB,16.06636798014926
1509,eMBB,24.25407237780935
1510,eMBB,20.18658914898931
1511,eMBB,18.647073320210694
1512,eMBB,20.08536478254515
1513,eMBB,23.39498099392929
1514,eMBB,15.965311412287068
1515,eMBB,20.294950929565278
1516,eMBB,23.636852232012384
1517,eMBB,19.524545441057462
1518,eMBB,22.578775517640338
1519,eMBB,19.58622644900249
1520,eMBB,18.62712374766774
1521,eMBB,17.58155782025503
1522,eMBB,18.906010694603463
1523,eMBB,19.250682413904133
1524,eMBB,18.79589630397771
1525,eMBB,18.093639039593498
1526,eMBB,23.57950223438756
1527,eMBB,21.03991414461927
1528,eMBB,18.754098444591893
1529,eMBB,19.950955610657644
1530,eMBB,18.400521496594664
1531,eMBB,22.439123902845562
1532,eMBB,22.804817308973657
1533,eMBB,19.67499657464249
1534,eMBB,22.96246965947826
1535,eMBB,18.934165958954026
1536,eMBB,21.284643570661952
1537,eMBB,21.367846777731497
1538,eMBB,18.45911124924525
1539,eMBB,19.208522711345626
1540,eMBB,21.64341637174155
1541,eMBB,21.614764101809364
1542,eMBB,22.54842322273559
1543,eMBB,16.788182642002432
1544,eMBB,18.615828802337315
1545,eMBB,22.205768053865697
1546,eMBB,21.82507558501848
1547,eMBB,25.14986806025894
1548,eMBB,20.57329453683192
1549,eMBB,22.254524261588465
1550,eMBB,21.400172322692733
1551,eMBB,20.52333655219238
1552,eMBB,23.201503669772904
1553,eMBB,24.68652392430876
1554,eMBB,20.97040801246131
1555,eMBB,21.864942141478785
1556,eMBB,23.4362632917725
1557,eMBB,21.66473062072007
1558,eMBB,21.970476791781774
1559,eMBB,21.82978360690453
1560,eMBB,19.38433009410047
1561,eMBB,22.096249359133957
1562,eMBB,23.781187212356336
1563,eMBB,21.933986088085938
1564,eMBB,22.44264150654212
1565,eMBB,20.269862996332705
1566,eMBB,21.566510770957084
1567,eMBB,20.31648645763693
1568,eMBB,21.708343141954778
1569,eMBB,23.501539652403075
1570,eMBB,17.71159237214342
1571,eMBB,25.63947311263689
1572,eMBB,20.90779358596077
1573,eMBB,21.10392463627659
1574,eMBB,23.430179392889976
1575,eMBB,21.15569661507866
1576,eMBB,19.585207195913508
1577,eMBB,19.395052863432458
1578,eMBB,21.810312564624557
1579,eMBB,20.964653356221593
1580,eMBB,22.583109309068387
1581,eMBB,20.298714924343972
1582,eMBB,17.81542626012939
1583,eMBB,21.164102568631375
1584,eMBB,21.860811346905987
1585,eMBB,22.47718616085358
1586,eMBB,19.500843304631342
1587,eMBB,19.888934285952686
1588,eMBB,22.997768521930986
1589,eMBB,21.102296519039914
1590,eMBB,17.829366589558724
1591,eMBB,17.60140531816202
1592,eMBB,23.26496223771039
1593,eMBB,21.578969286846906
1594,eMBB,19.965317044700967
1595,eMBB,21.945327114915294
1596,eMBB,19.127257100107105
1597,eMBB,20.024379374824317
1598,eMBB,18.6169925350599
1599,eMBB,22.791154215716755
1600,eMBB,23.34678615311189
1601,eMBB,21.538218164468624
1602,eMBB,20.690119253045772
1603,eMBB,18.556872627665296
1604,eMBB,25.130589858260997
1605,eMBB,20.277345672705138
1606,eMBB,23.66988018962884
1607,eMBB,18.6528459950559
1608,eMBB,21.123169200096044
1609,eMBB,18.393290578930323
1610,eMBB,23.600359680347164
1611,eMBB,21.023967192884076
1612,eMBB,20.315126057837126
1613,eMBB,18.84775930107418
1614,eMBB,18.915900115092107
1615,eMBB,21.600581615555814
1616,eMBB,22.606295766543603
1617,eMBB,18.501676590919786
1618,eMBB,16.88679405630358
1619,eMBB,20.560306057602034
1620,eMBB,21.035495991542344
1621,eMBB,20.307722595960506
1622,eMBB,24.429172004664814
1623,eMBB,23.967801067256833
1624,eMBB,21.471591560363258
1625,eMBB,18.396173175437003
1626,eMBB,18.94444127392655
1627,eMBB,21.079494244135876
1628,eMBB,21.311659040421667
1629,eMBB,22.9880847334119
1630,eMBB,19.153155762910732
1631,eMBB,24.555780227921435
1632,eMBB,20.412220494542705
1633,eMBB,20.47404576381686
1634,eMBB,21.467326351422777
1635,eMBB,22.06632864692147
1636,eMBB,21.123596719521675
1637,eMBB,18.541200581985333
1638,eMBB,21.03242639961641
1639,eMBB,21.15731146244622
1640,eMBB,20.843203643729744
1641,eMBB,20.46153501119559
1642,eMBB,20.173678630619744
1643,eMBB,21.44581026374027
1644,eMBB,20.23305797785234
1645,eMBB,20.684077311838607
1646,eMBB,20.662142536025698
1647,eMBB,23.911495472406127
1648,eMBB,21.48852540768416
1649,eMBB,21.857557537618177
1650,eMBB,19.61722656513541
1651,eMBB,21.164031833765506
1652,eMBB,21.062380206104102
1653,eMBB,25.681482732739063
1654,eMBB,18.437948870985124
1655,eMBB,20.537434986557006
1656,eMBB,20.836368778157674
1657,eMBB,22.830347096724314
1658,eMBB,18.863292937439265
1659,eMBB,21.105276255535188
1660,eMBB,19.39114581592685
1661,eMBB,19.575751855949648
1662,eMBB,20.252458719894967
1663,eMBB,19.54602723952215
1664,eMBB,17.280042668895504
1665,eMBB,22.696225230138232
1666,eMBB,22.139554535975044
1667,eMBB,21.728233838300184
1668,eMBB,19.756279692196188
1669,eMBB,20.29901281478857
1670,eMBB,23.01210093264076
1671,eMBB,18.337557194911955
1672,eMBB,19.965605036621405
1673,eMBB,21.714418634705993
1674,eMBB,21.906434854905612
1675,eMBB,24.3943740740103
1676,eMBB,23.006118319473007
1677,eMBB,21.943732560678868
1678,eMBB,21.381609168109133
1679,eMBB,19.932205619699047
1680,eMBB,20.129240858700324
1681,eMBB,21.79384890750608
1682,eMBB,21.9398003246193
1683,eMBB,21.035181398540548
1684,eMBB,21.392883583901817
1685,eMBB,21.148331083411012
1686,eMBB,22.88352820834699
1687,eMBB,21.284256449296148
1688,eMBB,21.54074845278337
1689,eMBB,20.770029636590408
1690,eMBB,17.853712341543844
1691,eMBB,28.86337159243766
1692,eMBB,19.52135566261501
1693,eMBB,20.261339732043805
1694,eMBB,19.708587290734222
1695,eMBB,20.312649632471945
1696,eMBB,17.527306796532876
1697,eMBB,21.086939250633037
1698,eMBB,20.52854719820898
1699,eMBB,14.856325001479565
1700,eMBB,20.132032060348962
1701,eMBB,19.444486310637664
1702,eMBB,20.3029995007111
1703,eMBB,18.895215063459503
1704,eMBB,20.74932508455296
1705,eMBB,18.865329223264176
1706,eMBB,17.60788329093663
1707,eMBB,20.489845500998758
1708,eMBB,24.556402156167227
1709,eMBB,20.555983811310146
1710,eMBB,19.958262772976287
1711,eMBB,20.882085869727558
1712,eMBB,22.18812403506424
1713,eMBB,21.58940128831224
1714,eMBB,19.387953637891638
1715,eMBB,21.320894529148188
1716,eMBB,17.978279305845415
1717,eMBB,20.167071177189314
1718,eMBB,18.622208914129473
1719,eMBB,18.947476420973924
1720,eMBB,24.767269901676222
1721,eMBB,22.598902894523896
1722,eMBB,20.19042971400851
1723,eMBB,19.398612678886497
1724,eMBB,17.372861555861398
1725,eMBB,21.592836525367417
1726,eMBB,22.19089807510605
1727,eMBB,23.658148505058367
1728,eMBB,21.774607009541953
1729,eMBB,16.692708469975912
1730,eMBB,22.449401151941494
1731,eMBB,18.605401171747864
1732,eMBB,20.520506698114794
1733,eMBB,20.34381854768354
1734,eMBB,23.210210313805504
1735,eMBB,23.996142000718738
1736,eMBB,21.947941591052228
1737,eMBB,22.702405802857733
1738,eMBB,19.229557036758187
1739,eMBB,20.70730691697572
1740,eMBB,15.911239859659862
1741,eMBB,24.01135983517259
1742,eMBB,19.595213437895044
1743,eMBB,20.944576225315668
1744,eMBB,19.88270864816637
1745,eMBB,23.401290167991117
1746,eMBB,21.06733194418652
1747,eMBB,22.59264781659104
1748,eMBB,22.288337887799578
1749,eMBB,18.705615361457767
1750,eMBB,21.907178847841408
1751,eMBB,24.743006465631648
1752,eMBB,23.458298109387005
1753,eMBB,21.374350225951975
1754,eMBB,17.716208445649173
1755,eMBB,24.900827473776616
1756,eMBB,18.318452871105954
1757,eMBB,26.032596048289637
1758,eMBB,19.991431839019945
1759,eMBB,22.6482660383349
1760,eMBB,19.22895574572251
1761,eMBB,24.370956472127745
1762,eMBB,18.05894365639586
1763,eMBB,20.437606910437477
1764,eMBB,19.61929224090977
1765,eMBB,20.9439870598144
1766,eMBB,17.23637487936457
1767,eMBB,21.25999861738121
1768,eMBB,20.51824698138463
1769,eMBB,22.687216561220627
1770,eMBB,22.302832075968958
1771,eMBB,24.733943541515224
1772,eMBB,21.650095894177735
1773,eMBB,19.465160908594285
1774,eMBB,23.316847100185193
1775,eMBB,21.087205904827673
1776,eMBB,19.8999166627034
1777,eMBB,20.490443738597957
1778,eMBB,20.93673253666179
1779,eMBB,22.767280104651455
1780,eMBB,16.3214754010179
1781,eMBB,22.292561039197267
1782,eMBB,21.08664245362188
1783,eMBB,20.332388036650464
1784,eMBB,22.281689813176296
1785,eMBB,19.951687145770425
1786,eMBB,21.348388749393163
1787,eMBB,21.31826993454864
1788,eMBB,21.946006375575625
1789,eMBB,22.2377044848109
1790,eMBB,18.41492015580591
1791,eMBB,21.085853735076984
1792,eMBB,22.233735603325
1793,eMBB,21.175885487813236
1794,eMBB,21.22777397106661
1795,eMBB,19.648169052299316
1796,eMBB,18.545082195465813
1797,eMBB,19.350961108410935
1798,eMBB,20.56634723812512
1799,eMBB,23.298816124712797
1800,eMBB,19.72635147807921
1801,eMBB,22.97722046511502
1802,eMBB,19.03529428743794
1803,eMBB,22.26292643155525
1804,eMBB,21.357682419378452
1805,eMBB,19.952077131393608
1806,eMBB,23.135009430174907
1807,eMBB,25.11588441925876
1808,eMBB,21.832144336074705
1809,eMBB,21.34823904907565
1810,eMBB,24.37702319910227
1811,eMBB,17.214575741514945
1812,eMBB,16.554110863617957
1813,eMBB,23.431445243882504
1814,eMBB,21.740255473691676
1815,eMBB,24.681157120024913
1816,eMBB,19.96780766175346
1817,eMBB,19.717495877409043
1818,eMBB,21.302006580670582
1819,eMBB,21.116584885440407
1820,eMBB,20.828476369517393
1821,eMBB,21.121148756471925
1822,eMBB,21.51412983825603
1823,eMBB,22.286813410230078
1824,eMBB,23.073412956975115
1825,eMBB,19.95504363821071
1826,eMBB,21.5161269384303
1827,eMBB,18.59899507838622
1828,eMBB,22.159575645045482
1829,eMBB,22.947143477201706
1830,eMBB,18.41839001846236
1831,eMBB,19.192479069956974
1832,eMBB,21.0690688875
1833,eMBB,19.65291709586928
1834,eMBB,16.77783420539778
1835,eMBB,20.528092220143993
1836,eMBB,21.005430911804766
1837,eMBB,22.149453048621798
1838,eMBB,24.29430555156875
1839,eMBB,17.93601965490312
1840,eMBB,20.77671903748481
1841,eMBB,23.1359947582413
1842,eMBB,20.780280808324292
1843,eMBB,21.80173690519982
1844,eMBB,19.810480565414224
1845,eMBB,22.812309767088617
1846,eMBB,19.398156440925224
1847,eMBB,19.7480453046298
1848,eMBB,21.926069844078924
1849,eMBB,24.039336751637737
1850,eMBB,19.79119031768436
1851,eMBB,17.177622525347562
1852,eMBB,21.580793520644185
1853,eMBB,18.843291148640965
1854,eMBB,18.84413709343715
1855,eMBB,22.26021461711979
1856,eMBB,20.872795925273433
1857,eMBB,21.0799078922795
1858,eMBB,18.751217492718784
1859,eMBB,23.910246378911086
1860,eMBB,19.130384442633837
1861,eMBB,19.179507024962266
1862,eMBB,19.99816389315578
1863,eMBB,16.120085295155185
1864,eMBB,20.618427306194977
1865,eMBB,21.51126608462751
1866,eMBB,25.279559603819877
1867,eMBB,21.23707694201494
1868,eMBB,20.580320121141856
1869,eMBB,23.709388581389266
1870,eMBB,18.112468806714705
1871,eMBB,20.97776805624599
1872,eMBB,24.595246688379298
1873,eMBB,18.95821849594698
1874,eMBB,19.589242894414166
1875,eMBB,18.58196218817291
1876,eMBB,21.840640941446356
1877,eMBB,22.83059962357211
1878,eMBB,24.743950434624733
1879,eMBB,20.46657393407738
1880,eMBB,19.867101427311717
1881,eMBB,18.406979731336676
1882,eMBB,19.26462132676428
1883,eMBB,21.32733623204744
1884,eMBB,19.67889308284365
1885,eMBB,20.3979234005234
1886,eMBB,20.831107187028266
1887,eMBB,20.265956300422975
1888,eMBB,21.404966677968673
1889,eMBB,20.121033872063684
1890,eMBB,20.172880932358165
1891,eMBB,21.432996615909378
1892,eMBB,19.626269840777134
1893,eMBB,22.42835418302108
1894,eMBB,21.99468646569459
1895,eMBB,20.210861078470653
1896,eMBB,20.813223619385784
1897,eMBB,21.258740408193088
1898,eMBB,17.42676989704736
1899,eMBB,18.765566314122328
1900,eMBB,18.463405613960465
1901,eMBB,20.034906387696875
1902,eMBB,19.85574068938213
1903,eMBB,17.148525128052672
1904,eMBB,21.388683640860542
1905,eMBB,22.45700486458154
1906,eMBB,23.960723881997424
1907,eMBB,21.176122143419637
1908,eMBB,21.860862789538984
1909,eMBB,20.417357960674842
1910,eMBB,22.985440425869225
1911,eMBB,18.86738472065894
1912,eMBB,23.597757046480705
1913,eMBB,22.257854702453923
1914,eMBB,22.124912650766156
1915,eMBB,21.316374215907253
1916,eMBB,17.53027904061157
1917,eMBB,23.430762992017588
1918,eMBB,21.5330381950443
1919,eMBB,20.715260309443916
1920,eMBB,19.971446355518257
1921,eMBB,19.855468917537614
1922,eMBB,26.928256264466
1923,eMBB,19.43140135165722
1924,eMBB,22.122542749224063
1925,eMBB,19.61329002492734
1926,eMBB,20.817250372249582
1927,eMBB,22.970664843786423
1928,eMBB,22.779212241796706
1929,eMBB,21.17921981754354
1930,eMBB,20.197457813970306
1931,eMBB,22.22560445378517
1932,eMBB,21.300220235810553
1933,eMBB,23.183140446984254
1934,eMBB,20.874719363920345
1935,eMBB,18.713183404241033
1936,eMBB,21.236070755771628
1937,eMBB,21.611948209898227
1938,eMBB,18.912620912291672
1939,eMBB,21.008719193945698
1940,eMBB,18.001397366441612
1941,eMBB,23.124563674398843
1942,eMBB,22.385613126339145
1943,eMBB,17.49424822284838
1944,eMBB,21.0676800225887
1945,eMBB,23.378153465177277
1946,eMBB,19.345602043580985
1947,eMBB,17.01172092479966
1948,eMBB,22.698676096188862
1949,eMBB,19.025479603284598
1950,eMBB,18.034685184376418
1951,eMBB,18.063826503257737
1952,eMBB,22.210978426411454
1953,eMBB,18.76960033840964
1954,eMBB,20.522220577806745
1955,eMBB,20.432573116760405
1956,eMBB,20.027601511216112
1957,eMBB,20.61896763874589
1958,eMBB,21.834220413334474
1959,eMBB,18.56870414160638
1960,eMBB,23.3710455340445
1961,eMBB,17.632785295325494
1962,eMBB,20.205154645523148
1963,eMBB,21.886805826201936
1964,eMBB,22.209806742609715
1965,eMBB,22.365325653265693
1966,eMBB,18.791350412947057
1967,eMBB,19.716166043317585
1968,eMBB,21.279664672042433
1969,eMBB,22.494778230832804
1970,eMBB,22.076652990993853
1971,eMBB,21.636383116578944
1972,eMBB,21.75692166272292
1973,eMBB,20.13938270081736
1974,eMBB,17.075273085444596
1975,eMBB,20.477164694076354
1976,eMBB,18.388942886373844
1977,eMBB,21.331115827392683
1978,eMBB,22.220913973700178
1979,eMBB,20.55053389328696
1980,eMBB,18.595633339263514
1981,eMBB,21.44534871588237
1982,eMBB,21.622244718864426
1983,eMBB,22.80906601105176
1984,eMBB,20.19074531727147
1985,eMBB,20.022250439030774
1986,eMBB,18.406859226712196
1987,eMBB,19.49683336514445
1988,eMBB,21.32650977410379
1989,eMBB,18.655560500786958
1990,eMBB,19.5723981580258
1991,eMBB,16.808476959092932
1992,eMBB,19.10125700518646
1993,eMBB,19.1826981804366
1994,eMBB,18.77261547481182
1995,eMBB,19.330844593795945
1996,eMBB,22.016308959243215
1997,eMBB,23.286381895170265
1998,eMBB,20.325880728820902
1999,eMBB,21.15375079312139
0,mMTC,0.0
1,mMTC,0.0
2,mMTC,0.2901370822945412
3,mMTC,0.42397568996033697
4,mMTC,0.40178348532937297
5,mMTC,0.40477686749729913
6,mMTC,0.4095506814030091
7,mMTC,0.4060863953544233
8,mMTC,0.40049341430213836
9,mMTC,0.40514283657366024
10,mMTC,0.4137048932597428
11,mMTC,0.41265150131618855
12,mMTC,0.40644211610202274
13,mMTC,0.406385326294748
14,mMTC,0.399870029038368
15,mMTC,0.4028085604498404
16,mMTC,0.4083482902631876
17,mMTC,0.40204326212521946
18,mMTC,0.39968812185949193
19,mMTC,0.4078672366066043
20,mMTC,0.406326035163512
21,mMTC,0.4097069351643267
22,mMTC,0.4081567127935285
23,mMTC,0.4085475549545743
24,mMTC,0.41337488257300814
25,mMTC,0.4046656535618923
26,mMTC,0.4047690693410783
27,mMTC,0.41194620772036883
28,mMTC,0.40809687964048935
29,mMTC,0.40446792946864674
30,mMTC,0.4058478533835835
31,mMTC,0.40891066065067716
32,mMTC,0.3964642511227786
33,mMTC,0.4036615758890561
34,mMTC,0.4042045851020626
35,mMTC,0.40423450959176943
36,mMTC,0.4098948450917289
37,mMTC,0.40568191140186816
38,mMTC,0.40616864319086815
39,mMTC,0.40044254534244844
40,mMTC,0.4000957312336941
41,mMTC,0.40536592381092157
42,mMTC,0.4098078010160942
43,mMTC,0.3999479434045105
44,mMTC,0.3962490596880729
45,mMTC,0.40904008120155444
46,mMTC,0.4083887091791882
47,mMTC,0.40526153384999636
48,mMTC,0.40442916552729924
49,mMTC,0.41323204355319954
50,mMTC,0.4031559918405373
51,mMTC,0.40251516316802655
52,mMTC,0.40528366702229596
53,mMTC,0.4066422667518695
54,mMTC,0.40659156224807474
55,mMTC,0.40042123344320285
56,mMTC,0.3987593147100696
57,mMTC,0.4005177079743789
58,mMTC,0.4055045534445203
59,mMTC,0.41620292934066516
60,mMTC,0.41427285068515873
61,mMTC,0.40455414146092883
62,mMTC,0.40366933588089726
63,mMTC,0.41053155795484175
64,mMTC,0.40523684266788
65,mMTC,0.4068725597725049
66,mMTC,0.4056875787776026
67,mMTC,0.41119214211676136
68,mMTC,0.40816806926519705
69,mMTC,0.40550089463897676
70,mMTC,0.41447799265160024
71,mMTC,0.4055031175321144
72,mMTC,0.4011884691143306
73,mMTC,0.40833019355273753
74,mMTC,0.4111490556119399
75,mMTC,0.4028940795516755
76,mMTC,0.3996231781126886
77,mMTC,0.40848430116697815
78,mMTC,0.4093743714963373
79,mMTC,0.4086292275693307
80,mMTC,0.4085463715934803
81,mMTC,0.4036031482338642
82,mMTC,0.3958199913044099
83,mMTC,0.4038924883304952
84,mMTC,0.4138355808032874
85,mMTC,0.40375167525294436
86,mMTC,0.40746223064944237
87,mMTC,0.4077777082163024
88,mMTC,0.4047796686745449
89,mMTC,0.41204489974048
90,mMTC,0.40478650421114204
91,mMTC,0.40351682679206896
92,mMTC,0.4124537745707859
93,mMTC,0.41064177799484075
94,mMTC,0.40662802005429355
95,mMTC,0.40348227852872687
96,mMTC,0.41165952274804246
97,mMTC,0.40836140276037675
98,mMTC,0.4050632664218103
99,mMTC,0.40983889201205825
100,mMTC,0.40535156326232225
101,mMTC,0.4019776367283179
102,mMTC,0.4065291520058809
103,mMTC,0.41138765163834884
104,mMTC,0.4121224524340875
105,mMTC,0.4130053874257862
106,mMTC,0.4044084053195372
107,mMTC,0.4085371375113967
108,mMTC,0.40416121166618046
109,mMTC,0.3990606940902068
110,mMTC,0.40574921297559274
111,mMTC,0.4042768562897161
112,mMTC,0.40382843349973435
113,mMTC,0.41276733867814697
114,mMTC,0.413345040744797
115,mMTC,0.40168310985581623
116,mMTC,0.4053661246438309
117,mMTC,0.4054179619342767
118,mMTC,0.39492281663383993
119,mMTC,0.40862310977768546
120,mMTC,0.4028201823049449
121,mMTC,0.40784976296209874
122,mMTC,0.4179746439913009
123,mMTC,0.4038149079281114
124,mMTC,0.40682955123061293
125,mMTC,0.4036728604482818
126,mMTC,0.4019634731742626
127,mMTC,0.40601163349793906
128,mMTC,0.4090790650808541
129,mMTC,0.4114965893642738
130,mMTC,0.4070768993834851
131,mMTC,0.4059825245496534
132,mMTC,0.40870368517464445
133,mMTC,0.409158977892306
134,mMTC,0.4009880525467491
135,mMTC,0.41387786433361184
136,mMTC,0.4098631396424466
137,mMTC,0.4052765892764345
138,mMTC,0.4115670480178059
139,mMTC,0.4075397414120012
140,mMTC,0.4056887746275542
141,mMTC,0.40087466701063523
142,mMTC,0.399548678564277
143,mMTC,0.40478853466960124
144,mMTC,0.4150298185490545
145,mMTC,0.4077956092781405
146,mMTC,0.40550911303116555
147,mMTC,0.40912073326926585
148,mMTC,0.41338411892481786
149,mMTC,0.4030706451385318
150,mMTC,0.4030742629769319
151,mMTC,0.40547626584259433
152,mMTC,0.40410815807785977
153,mMTC,0.4042355020083907
154,mMTC,0.4069242946858856
155,mMTC,0.40521175486615074
156,mMTC,0.4022732973330809
157,mMTC,0.4071842020607795
158,mMTC,0.4095129279696228
159,mMTC,0.4057938314081946
160,mMTC,0.40873355792767246
161,mMTC,0.40824114704385467
162,mMTC,0.4077218366735494
163,mMTC,0.4109826933851367
164,mMTC,0.4085711478497812
165,mMTC,0.40593909321003346
166,mMTC,0.4063839520327588
167,mMTC,0.41462942928779073
168,mMTC,0.406574326539176
169,mMTC,0.4045077961137999
170,mMTC,0.40798336219230885
171,mMTC,0.4126629728557264
172,mMTC,0.4109207895786166
173,mMTC,0.40552817189245416
174,mMTC,0.4005912963791826
175,mMTC,0.4062915371063933
176,mMTC,0.4046594356795222
177,mMTC,0.40611215402942225
178,mMTC,0.40919723037333755
179,mMTC,0.41708439726262686
180,mMTC,0.4084864684659952
181,mMTC,0.40576647588260634
182,mMTC,0.4029460797457585
183,mMTC,0.40903373513873037
184,mMTC,0.4081339405043245
185,mMTC,0.4087964916684569
186,mMTC,0.4124897749307797
187,mMTC,0.41073793883397164
188,mMTC,0.41013751685023214
189,mMTC,0.4096692231423844
190,mMTC,0.40827479958826496
191,mMTC,0.4045738010837263
192,mMTC,0.41326968662726854
193,mMTC,0.41532641374050944
194,mMTC,0.4105461247727384
195,mMTC,0.39928420888039823
196,mMTC,0.4045090456984839
197,mMTC,0.4050074985375183
198,mMTC,0.40724630694577696
199,mMTC,0.4069964080646322
200,mMTC,0.40347681338500196
201,mMTC,0.4023194304148554
202,mMTC,0.40525329890268147
203,mMTC,0.409528170544164
204,mMTC,0.40851814097704947
205,mMTC,0.40860754468827987
206,mMTC,0.40658086253657594
207,mMTC,0.4019188319961497
208,mMTC,0.4018922512405398
209,mMTC,0.4159050882233885
210,mMTC,0.41288468478597223
211,mMTC,0.411918465728199
212,mMTC,0.4081052631964678
213,mMTC,0.40649457336581973
214,mMTC,0.4046935154339143
215,mMTC,0.4131467189262417
216,mMTC,0.40805277996265005
217,mMTC,0.40992093755997927
218,mMTC,0.4103991039685604
219,mMTC,0.4044921676098964
220,mMTC,0.4070598800474039
221,mMTC,0.39718645918550227
222,mMTC,0.40935353736691127
223,mMTC,0.4093250855895659
224,mMTC,0.39904038216544596
225,mMTC,0.4081214722298984
226,mMTC,0.4039905707560609
227,mMTC,0.40129379534385656
228,mMTC,0.4113004430880382
229,mMTC,0.40717760463909436
230,mMTC,0.4144248923909792
231,mMTC,0.41361051417249434
232,mMTC,0.4030971734075589
233,mMTC,0.4019158982198998
234,mMTC,0.40363863774843606
235,mMTC,0.41082153430929796
236,mMTC,0.4060641294300057
237,mMTC,0.4055593798679701
238,mMTC,0.4047283406272353
239,mMTC,0.41037381907983167
240,mMTC,0.41004364298399804
241,mMTC,0.41000897386983254
242,mMTC,0.41204778201797954
243,mMTC,0.4028054750647216
244,mMTC,0.40338850980566576
245,mMTC,0.41033351840391313
246,mMTC,0.417534441995416
247,mMTC,0.4060724461713732
248,mMTC,0.4063513036926027
249,mMTC,0.41052293796400413
250,mMTC,0.40296371434306033
251,mMTC,0.3958611494420423
252,mMTC,0.41269122525255764
253,mMTC,0.40206772861895745
254,mMTC,0.4105145353389778
255,mMTC,0.4092203233514141
256,mMTC,0.40441665151621453
257,mMTC,0.4012655681208989
258,mMTC,0.40679147558004614
259,mMTC,0.40411286697086224
260,mMTC,0.4108769317957843
261,mMTC,0.407098341792602
262,mMTC,0.41396550408941024
263,mMTC,0.4138590781336546
264,mMTC,0.4000883688137324
265,mMTC,0.40842321541806353
266,mMTC,0.4056273105389149
267,mMTC,0.4099942383632778
268,mMTC,0.40378962088868386
269,mMTC,0.40896389780545817
270,mMTC,0.4058179677957052
271,mMTC,0.39876885230521875
272,mMTC,0.4105843040949041
273,mMTC,0.40889905919288394
274,mMTC,0.40629954910191374
275,mMTC,0.4039076425047182
276,mMTC,0.4030045319344335
277,mMTC,0.4050258672459259
278,mMTC,0.4069044565846536
279,mMTC,0.4104871318545849
280,mMTC,0.4085660758595886
281,mMTC,0.399595627667598
282,mMTC,0.4076217325231361
283,mMTC,0.40976669547520056
284,mMTC,0.39709807099646094
285,mMTC,0.39966825180272714
286,mMTC,0.4062329983416237
287,mMTC,0.41280035871519943
288,mMTC,0.409202593633158
289,mMTC,0.41391938485378
290,mMTC,0.4102506872913385
291,mMTC,0.40910665643487476
292,mMTC,0.39915019949851027
293,mMTC,0.40248395525208297
294,mMTC,0.408860064438323
295,mMTC,0.4124698306013919
296,mMTC,0.41262394781622713
297,mMTC,0.40322285127869406
298,mMTC,0.4026107237471893
299,mMTC,0.40888359146991426
300,mMTC,0.409706454824293
301,mMTC,0.4085423997393574
302,mMTC,0.40562338544413196
303,mMTC,0.41500260266738115
304,mMTC,0.41041791366417574
305,mMTC,0.4085395663607815
306,mMTC,0.4129189996890912
307,mMTC,0.4144591295422594
308,mMTC,0.4136679703544857
309,mMTC,0.4155528390255043
310,mMTC,0.4078425735438514
311,mMTC,0.4011110142565383
312,mMTC,0.409520543785238
313,mMTC,0.4148342260653186
314,mMTC,0.4094605309569981
315,mMTC,0.411606888703467
316,mMTC,0.4185739479721635
317,mMTC,0.4089483953221408
318,mMTC,0.41431450577521506
319,mMTC,0.4104675043395292
320,mMTC,0.4073847583657096
321,mMTC,0.40942394225744416
322,mMTC,0.4148912328784339
323,mMTC,0.4094578120217286
324,mMTC,0.41394202595702045
325,mMTC,0.4038240130456016
326,mMTC,0.40891247351397264
327,mMTC,0.407886101362113
328,mMTC,0.4018425621269933
329,mMTC,0.4063719595918136
330,mMTC,0.41057550614253874
331,mMTC,0.4052163162435401
332,mMTC,0.4042603338435004
333,mMTC,0.4095061001017659
334,mMTC,0.4122460366940382
335,mMTC,0.41438590584376267
336,mMTC,0.41367445700677635
337,mMTC,0.410889815625616
338,mMTC,0.40592209429379805
339,mMTC,0.3992936509417127
340,mMTC,0.40485487463856384
341,mMTC,0.41090008748977275
342,mMTC,0.41247853459773887
343,mMTC,0.40613079000491503
344,mMTC,0.41006494986146846
345,mMTC,0.404389887621911
346,mMTC,0.40770790154945935
347,mMTC,0.4111524383248598
348,mMTC,0.407562629343776
349,mMTC,0.4114296768815158
350,mMTC,0.3997781398969959
351,mMTC,0.4048350297633166
352,mMTC,0.40362899676161185
353,mMTC,0.40922617915626064
354,mMTC,0.40135403446426254
355,mMTC,0.4057494139325054
356,mMTC,0.40791869123019536
357,mMTC,0.40802613419961026
358,mMTC,0.4099619338860023
359,mMTC,0.4099809933404105
360,mMTC,0.41284864083368633
361,mMTC,0.4077425545239432
362,mMTC,0.4079429609878539
363,mMTC,0.4046694678466703
364,mMTC,0.4085404194850091
365,mMTC,0.4053422948815071
366,mMTC,0.41373778512096776
367,mMTC,0.4135552739690918
368,mMTC,0.41236155590190426
369,mMTC,0.40741692600740365
370,mMTC,0.4023199000633063
371,mMTC,0.4053779560000221
372,mMTC,0.40559172790869424
373,mMTC,0.40367152032571535
374,mMTC,0.40705808011578387
375,mMTC,0.41240237645463973
376,mMTC,0.399979480146207
377,mMTC,0.4114355759223403
378,mMTC,0.4016790686101407
379,mMTC,0.4012408111854694
380,mMTC,0.40182915026311156
381,mMTC,0.4032681636295497
382,mMTC,0.410129104769593
383,mMTC,0.4069897702622128
384,mMTC,0.40606264603361475
385,mMTC,0.40181731129240306
386,mMTC,0.41065506049482625
387,mMTC,0.4139401743457407
388,mMTC,0.407185946164613
389,mMTC,0.40085308353485427
390,mMTC,0.40036657253195557
391,mMTC,0.4034857464174706
392,mMTC,0.40976421172278715
393,mMTC,0.3963175213369732
394,mMTC,0.40670443040518783
395,mMTC,0.405592204400008
396,mMTC,0.41112792781905255
397,mMTC,0.40822924390249987
398,mMTC,0.40953669917941543
399,mMTC,0.4147205925654326
400,mMTC,0.4093760921516002
401,mMTC,0.4086669790809366
402,mMTC,0.40717150895012305
403,mMTC,0.39658812182361297
404,mMTC,0.40610823320593264
405,mMTC,0.408801406297569
406,mMTC,0.4024646530762137
407,mMTC,0.4045242079239631
408,mMTC,0.4107235025545673
409,mMTC,0.40878430986616204
410,mMTC,0.4158629205363773
411,mMTC,0.4088861514914981
412,mMTC,0.4068106377148116
413,mMTC,0.40888686370421495
414,mMTC,0.40757288763769506
415,mMTC,0.4052554808044124
416,mMTC,0.4069526177431367
417,mMTC,0.4020010249959023
418,mMTC,0.4022990855503629
419,mMTC,0.41240949512598774
420,mMTC,0.42717817016071696
421,mMTC,0.41309474556541054
422,mMTC,0.4090763600979877
423,mMTC,0.4099850810688672
424,mMTC,0.4043477678711713
425,mMTC,0.40558843803869454
426,mMTC,0.4087365655612692
427,mMTC,0.4065353092186481
428,mMTC,0.4035343383240255
429,mMTC,0.40720511972876733
430,mMTC,0.4037677562240403
431,mMTC,0.40850612516653695
432,mMTC,0.41485100725161556
433,mMTC,0.4006372258669169
434,mMTC,0.3965436827555036
435,mMTC,0.39515282282300923
436,mMTC,0.40748648696774087
437,mMTC,0.41417916841853925
438,mMTC,0.4016613242679546
439,mMTC,0.4001429870370261
440,mMTC,0.40540627148155156
441,mMTC,0.4027103733844589
442,mMTC,0.4042359415154119
443,mMTC,0.41248303140779136
444,mMTC,0.41228551169674293
445,mMTC,0.4061716232765234
446,mMTC,0.40413982752021776
447,mMTC,0.4065651805820318
448,mMTC,0.41206869063585627
449,mMTC,0.41055931978352866
450,mMTC,0.4057691804035123
451,mMTC,0.40910074448854944
452,mMTC,0.4032861809513934
453,mMTC,0.40913722808818753
454,mMTC,0.41033620376381114
455,mMTC,0.40619994839405765
456,mMTC,0.40464216263607933
457,mMTC,0.4083365441172118
458,mMTC,0.4129861976214
459,mMTC,0.3995820300469223
460,mMTC,0.4026272488739015
461,mMTC,0.40507565709953186
462,mMTC,0.40499798464090614
463,mMTC,0.40606513763857255
464,mMTC,0.4107913589391992
465,mMTC,0.4074052580898166
466,mMTC,0.40664028266276997
467,mMTC,0.40404479305310514
468,mMTC,0.4091506998789981
469,mMTC,0.41138851162675977
470,mMTC,0.4109709148631423
471,mMTC,0.405521863566618
472,mMTC,0.4075880680792644
473,mMTC,0.4064952388477799
474,mMTC,0.4028319804376318
475,mMTC,0.40131453270892903
476,mMTC,0.39732260763795046
477,mMTC,0.4100197657094107
478,mMTC,0.4051207325968057
479,mMTC,0.40478293534304327
480,mMTC,0.41272966307750714
481,mMTC,0.4100875187023158
482,mMTC,0.4060941399488465
483,mMTC,0.4059988325151084
484,mMTC,0.40373964252992034
485,mMTC,0.40271313165434564
486,mMTC,0.40648331275401706
487,mMTC,0.4091842167159726
488,mMTC,0.4039459131790535
489,mMTC,0.4045902090777651
490,mMTC,0.40205672309858276
491,mMTC,0.4044612847236906
492,mMTC,0.4054600805839155
493,mMTC,0.41144015273087564
494,mMTC,0.4023392045987619
495,mMTC,0.4081888759364254
496,mMTC,0.4091685119615987
497,mMTC,0.4119208616568916
498,mMTC,0.4122457919997389
499,mMTC,0.41071180013860287
500,mMTC,0.40649052141251296
501,mMTC,0.40777607886695955
502,mMTC,0.40876633924684064
503,mMTC,0.4096319696230714
504,mMTC,0.41032266045874966
505,mMTC,0.40563539070692634
506,mMTC,0.41535086387393955
507,mMTC,0.4119783410341567
508,mMTC,0.4111906707259516
509,mMTC,0.40663313039923094
510,mMTC,0.402936685681213
511,mMTC,0.40812417211133606
512,mMTC,0.40846791048469916
513,mMTC,0.40325364713926987
514,mMTC,0.41128543861593303
515,mMTC,0.41455755855811594
516,mMTC,0.41048849840998597
517,mMTC,0.40781795651152547
518,mMTC,0.401439753284788
519,mMTC,0.4087068339416054
520,mMTC,0.4095513175139884
521,mMTC,0.40721822487196696
522,mMTC,0.41300822218741173
523,mMTC,0.40896177225837893
524,mMTC,0.4025364053978733
525,mMTC,0.4023041445189649
526,mMTC,0.4058225581099391
527,mMTC,0.4042389976520963
528,mMTC,0.40353535346010255
529,mMTC,0.40331607600838987
530,mMTC,0.4032188514330375
531,mMTC,0.40398112506109707
532,mMTC,0.4032488664541956
533,mMTC,0.41260062948257137
534,mMTC,0.41375428979225215
535,mMTC,0.4032668561601508
536,mMTC,0.40871632339058006
537,mMTC,0.4044941648215484
538,mMTC,0.4071984567416474
539,mMTC,0.4114553228552218
540,mMTC,0.4114152555783217
541,mMTC,0.4067267351484004
542,mMTC,0.41146520557165656
543,mMTC,0.4102451542129704
544,mMTC,0.4099628321268451
545,mMTC,0.4166333546158294
546,mMTC,0.4024926862107846
547,mMTC,0.4105647293975446
548,mMTC,0.40571576673671905
549,mMTC,0.4033354509274979
550,mMTC,0.4189973250103251
551,mMTC,0.4191058913186913
552,mMTC,0.4079813367388176
553,mMTC,0.40541352404614256
554,mMTC,0.4052601897494316
555,mMTC,0.40676681258141706
556,mMTC,0.41152354217827325
557,mMTC,0.41205533467894184
558,mMTC,0.41008301387637386
559,mMTC,0.40529371772736805
560,mMTC,0.4056795504026182
561,mMTC,0.41042065983939036
562,mMTC,0.410289790151965
563,mMTC,0.40370342417013844
564,mMTC,0.4034561711806212
565,mMTC,0.4074147161620265
566,mMTC,0.40433086611790614
567,mMTC,0.41173243481017674
568,mMTC,0.4150913085020913
569,mMTC,0.4062904223658973
570,mMTC,0.4082545021224739
571,mMTC,0.4092724043834321
572,mMTC,0.4059669900682716
573,mMTC,0.4162532484318708
574,mMTC,0.4145097289990006
575,mMTC,0.40586696114657617
576,mMTC,0.40865575620576655
577,mMTC,0.4050095080581664
578,mMTC,0.40952862030796844
579,mMTC,0.4036113733265574
580,mMTC,0.4018537027153784
581,mMTC,0.40695932803318646
582,mMTC,0.40879963014198545
583,mMTC,0.4066945720143831
584,mMTC,0.404628374961948
585,mMTC,0.4068471711585552
586,mMTC,0.40924151984388113
587,mMTC,0.409041232482964
588,mMTC,0.40508137620510554
589,mMTC,0.4065083787019354
590,mMTC,0.4084196468484389
591,mMTC,0.40708866989314074
592,mMTC,0.41304118614601437
593,mMTC,0.4145063811701891
594,mMTC,0.41505132980036574
595,mMTC,0.4113288515351708
596,mMTC,0.409829390512013
597,mMTC,0.4028553245686005
598,mMTC,0.40657849007607133
599,mMTC,0.40645821525077
600,mMTC,0.40709224159507523
601,mMTC,0.40825907647732695
602,mMTC,0.40476330056441856
603,mMTC,0.4046150946205456
604,mMTC,0.40251371498515065
605,mMTC,0.4115703237353556
606,mMTC,0.4004620812712766
607,mMTC,0.40104133861856034
608,mMTC,0.408526332633752
609,mMTC,0.40705761618201713
610,mMTC,0.407494428633407
611,mMTC,0.4059600358677204
612,mMTC,0.4020178845021829
613,mMTC,0.41010758363574074
614,mMTC,0.41283888168029237
615,mMTC,0.407938319758268
616,mMTC,0.4081113345241827
617,mMTC,0.4029557555490865
618,mMTC,0.40894473465844233
619,mMTC,0.4136036158356268
620,mMTC,0.40206608619889345
621,mMTC,0.4057388324626537
622,mMTC,0.4110489337645156
623,mMTC,0.4106622334697221
624,mMTC,0.41168260268804097
625,mMTC,0.40894894724328273
626,mMTC,0.40800219445751146
627,mMTC,0.41015776499807205
628,mMTC,0.4101821111888349
629,mMTC,0.40965058026354884
630,mMTC,0.4052750643937704
631,mMTC,0.4046639084216761
632,mMTC,0.4113982527920327
633,mMTC,0.40925594866374354
634,mMTC,0.40907708954484373
635,mMTC,0.4143249220901254
636,mMTC,0.4070493778820054
637,mMTC,0.40801266324583796
638,mMTC,0.4052808003544067
639,mMTC,0.40547368764880226
640,mMTC,0.40991580517966525
641,mMTC,0.4048130779572376
642,mMTC,0.4035121248609354
643,mMTC,0.41192758474171487
644,mMTC,0.4020422441529219
645,mMTC,0.407881591829411
646,mMTC,0.40621572449491977
647,mMTC,0.40660857722872323
648,mMTC,0.41006003255788814
649,mMTC,0.39597460283156016
650,mMTC,0.40687178051639145
651,mMTC,0.4062257522007758
652,mMTC,0.40920663558680587
653,mMTC,0.4044437619707155
654,mMTC,0.41148533946999577
655,mMTC,0.41280315256489675
656,mMTC,0.40931293269238056
657,mMTC,0.40187075408049794
658,mMTC,0.4019945377226284
659,mMTC,0.40159867743027733
660,mMTC,0.41239031932926207
661,mMTC,0.4032134429361364
662,mMTC,0.3964214131205444
663,mMTC,0.4043172384662148
664,mMTC,0.4007800774779652
665,mMTC,0.40590455143489096
666,mMTC,0.4048800107622757
667,mMTC,0.41328474174352015
668,mMTC,0.4074434814173829
669,mMTC,0.4102008142540404
670,mMTC,0.4086506517275861
671,mMTC,0.41135382468446574
672,mMTC,0.40589829377784337
673,mMTC,0.40799022039039917
674,mMTC,0.40858332373101514
675,mMTC,0.4053128181832751
676,mMTC,0.4135599582049632
677,mMTC,0.40806586423450486
678,mMTC,0.40777251540632453
679,mMTC,0.4052029925549997
680,mMTC,0.41171402046883754
681,mMTC,0.4111259643268292
682,mMTC,0.40394294386158913
683,mMTC,0.4056043395035637
684,mMTC,0.41133233938529734
685,mMTC,0.4120854392679701
686,mMTC,0.41090055737481895
687,mMTC,0.41028703002762257
688,mMTC,0.40811980635387923
689,mMTC,0.40645119376572353
690,mMTC,0.39797599983825316
691,mMTC,0.4060045903256205
692,mMTC,0.4094881378314721
693,mMTC,0.40351867441490397
694,mMTC,0.4108554374282919
695,mMTC,0.40710895573970635
696,mMTC,0.4023434992416429
697,mMTC,0.40510157192609475
698,mMTC,0.41121355504469376
699,mMTC,0.40729802422161954
700,mMTC,0.39877293325178165
701,mMTC,0.4054412369282053
702,mMTC,0.40816897784087774
703,mMTC,0.4112501540472136
704,mMTC,0.4093228003133404
705,mMTC,0.40828776933029803
706,mMTC,0.40898957837598054
707,mMTC,0.4069119943922564
708,mMTC,0.41266752403778123
709,mMTC,0.40774221274850836
710,mMTC,0.4016182113995011
711,mMTC,0.4046652304246376
712,mMTC,0.4089559161641296
713,mMTC,0.4111054291468979
714,mMTC,0.4077377637309986
715,mMTC,0.41263506547971873
716,mMTC,0.40809801664294565
717,mMTC,0.41900450449322424
718,mMTC,0.41317443756376915
719,mMTC,0.40365595218186245
720,mMTC,0.3958188249781589
721,mMTC,0.4038888532635096
722,mMTC,0.41038959395619556
723,mMTC,0.408755197281793
724,mMTC,0.4085547028957904
725,mMTC,0.4079899872737785
726,mMTC,0.4136647418001433
727,mMTC,0.4089664918428298
728,mMTC,0.4024324836742695
729,mMTC,0.4098416586143624
730,mMTC,0.40676137405793256
731,mMTC,0.4053249444547036
732,mMTC,0.41186441516947914
733,mMTC,0.4070356421867047
734,mMTC,0.40459407574742073
735,mMTC,0.39734548163071126
736,mMTC,0.39924380072881455
737,mMTC,0.4076789889041166
738,mMTC,0.40874986739966535
739,mMTC,0.40045251207139093
740,mMTC,0.4044088857939484
741,mMTC,0.4106423710954347
742,mMTC,0.4135035946357254
743,mMTC,0.4041492188493497
744,mMTC,0.39956746395678283
745,mMTC,0.4098363180495315
746,mMTC,0.4142720305777132
747,mMTC,0.4095525566489803
748,mMTC,0.41506713822402985
749,mMTC,0.4134246532535242
750,mMTC,0.41187536396453994
751,mMTC,0.4007108386390575
752,mMTC,0.40173429696904633
753,mMTC,0.40838148052696577
754,mMTC,0.41350718417337
755,mMTC,0.4031974856890434
756,mMTC,0.403689944663785
757,mMTC,0.4033938676908088
758,mMTC,0.4101965013700054
759,mMTC,0.41319421038609877
760,mMTC,0.4117377276499129
761,mMTC,0.4104120920245321
762,mMTC,0.40636474622766533
763,mMTC,0.40644418186146797
764,mMTC,0.4121379394797663
765,mMTC,0.4020700825042601
766,mMTC,0.41092290083493155
767,mMTC,0.4033869496802832
768,mMTC,0.39782214075405076
769,mMTC,0.4055036700923283
770,mMTC,0.4057340481986684
771,mMTC,0.40806640619615314
772,mMTC,0.4072379983755061
773,mMTC,0.40931509905737085
774,mMTC,0.40403072487893804
775,mMTC,0.4032444076267906
776,mMTC,0.41221767031699835
777,mMTC,0.40674007720816674
778,mMTC,0.4047038966680536
779,mMTC,0.4048696242967801
780,mMTC,0.4075623168494165
781,mMTC,0.40965249586260766
782,mMTC,0.4108849844016354
783,mMTC,0.41003976298959605
784,mMTC,0.4091627225837222
785,mMTC,0.40572956755442513
786,mMTC,0.4203010707217038
787,mMTC,0.40526046512984076
788,mMTC,0.4020883984873012
789,mMTC,0.40781805028677914
790,mMTC,0.4052102135048574
791,mMTC,0.4114967773048376
792,mMTC,0.40829663935614796
793,mMTC,0.40239464926605634
794,mMTC,0.4046398220979427
795,mMTC,0.4117157047064864
796,mMTC,0.41302776632052496
797,mMTC,0.4070430387989859
798,mMTC,0.4129372604997901
799,mMTC,0.4202309800763808
800,mMTC,0.40885474826758256
801,mMTC,0.40483018527671394
802,mMTC,0.41728188621880147
803,mMTC,0.4137637606841605
804,mMTC,0.4052097378774685
805,mMTC,0.40846252297970576
806,mMTC,0.4062148583446
807,mMTC,0.4084710051702336
808,mMTC,0.4141895027842266
809,mMTC,0.40981385604073944
810,mMTC,0.4067771655044254
811,mMTC,0.40921852194547215
812,mMTC,0.40327002765452646
813,mMTC,0.40279346850323977
814,mMTC,0.4068775340820901
815,mMTC,0.4082690457530552
816,mMTC,0.40305059490121015
817,mMTC,0.4036269407830746
818,mMTC,0.4126761266445066
819,mMTC,0.41001382847457435
820,mMTC,0.4022878001418379
821,mMTC,0.4059660671729972
822,mMTC,0.405940429765769
823,mMTC,0.40646593566304934
824,mMTC,0.41597920112336617
825,mMTC,0.40427637920023946
826,mMTC,0.4167017955121263
827,mMTC,0.4096454454224462
828,mMTC,0.400938907701975
829,mMTC,0.4103888308200358
830,mMTC,0.4062300898597276
831,mMTC,0.4042413715037066
832,mMTC,0.3999106593969288
833,mMTC,0.4028268833072825
834,mMTC,0.40160822154371373
835,mMTC,0.40697023176704294
836,mMTC,0.40448402451368315
837,mMTC,0.40989411710125595
838,mMTC,0.41338178562680084
839,mMTC,0.41203210799345635
840,mMTC,0.40340113330420513
841,mMTC,0.4055712644038526
842,mMTC,0.40511405330257255
843,mMTC,0.39947826688515903
844,mMTC,0.40590402722572616
845,mMTC,0.41086764918203783
846,mMTC,0.4068346321831707
847,mMTC,0.405018695559787
848,mMTC,0.40909463351372344
849,mMTC,0.40977984826095804
850,mMTC,0.41372547847265206
851,mMTC,0.40351767631257773
852,mMTC,0.4039451934939583
853,mMTC,0.40330413006646093
854,mMTC,0.3992637507403639
855,mMTC,0.39554101437240896
856,mMTC,0.4007931990245225
857,mMTC,0.4053658555951809
858,mMTC,0.40632905604556485
859,mMTC,0.4061081621610205
860,mMTC,0.41010938962479987
861,mMTC,0.406930117155484
862,mMTC,0.40462327351410027
863,mMTC,0.40764240568079163
864,mMTC,0.40584788447214765
865,mMTC,0.41623557670707406
866,mMTC,0.4112611809841176
867,mMTC,0.4071625486862282
868,mMTC,0.40627532564233215
869,mMTC,0.40177808800922415
870,mMTC,0.4121837209947019
871,mMTC,0.41230111139868786
872,mMTC,0.40906826245028444
873,mMTC,0.4119619775667556
874,mMTC,0.4051765705683423
875,mMTC,0.40340981641625906
876,mMTC,0.4145571817508289
877,mMTC,0.3995520505089545
878,mMTC,0.4064723531352445
879,mMTC,0.4038260367720434
880,mMTC,0.40859557107585487
881,mMTC,0.40800979666588794
882,mMTC,0.4060497600781416
883,mMTC,0.40129315659050985
884,mMTC,0.40867806039983057
885,mMTC,0.4086632951160721
886,mMTC,0.4013049145573707
887,mMTC,0.4131559411294199
888,mMTC,0.4153055126433776
889,mMTC,0.4097289930157292
890,mMTC,0.40741113630746595
891,mMTC,0.40907475967279355
892,mMTC,0.4065099518634917
893,mMTC,0.41008264229419605
894,mMTC,0.4071706523175848
895,mMTC,0.40327277530893796
896,mMTC,0.41260240802549
897,mMTC,0.41299548743425063
898,mMTC,0.4058694493215764
899,mMTC,0.40882043345973745
900,mMTC,0.40256378087570416
901,mMTC,0.4059489724517556
902,mMTC,0.41394710866579476
903,mMTC,0.4108942860111736
904,mMTC,0.4104044082293898
905,mMTC,0.4096991476068704
906,mMTC,0.4092678217242345
907,mMTC,0.40638713100961726
908,mMTC,0.4113385370307658
909,mMTC,0.40964229567121396
910,mMTC,0.40467350289708576
911,mMTC,0.4103644409767495
912,mMTC,0.40348142978193924
913,mMTC,0.4060122952994854
914,mMTC,0.4132612754575304
915,mMTC,0.4108981168867288
916,mMTC,0.4100288210077178
917,mMTC,0.40549159742177965
918,mMTC,0.4015878359452694
919,mMTC,0.40630686954328826
920,mMTC,0.40321437631138174
921,mMTC,0.4106604971871989
922,mMTC,0.40577190471191105
923,mMTC,0.41001598576979476
924,mMTC,0.40435839883313224
925,mMTC,0.40236379333652933
926,mMTC,0.41264113642442785
927,mMTC,0.41085418346775315
928,mMTC,0.40440152601836465
929,mMTC,0.4091316136838694
930,mMTC,0.40669627728642327
931,mMTC,0.40003290870794544
932,mMTC,0.4082575947890329
933,mMTC,0.4049294346559538
934,mMTC,0.3989407884149639
935,mMTC,0.40960628864215065
936,mMTC,0.41115295869133883
937,mMTC,0.40698282602889296
938,mMTC,0.407075268979756
939,mMTC,0.41739242088168477
940,mMTC,0.4050483327730276
941,mMTC,0.4034944915244699
942,mMTC,0.40085044663132613
943,mMTC,0.39788400368571664
944,mMTC,0.4023102140353928
945,mMTC,0.40740917795867987
946,mMTC,0.40182933398800136
947,mMTC,0.40864466153031737
948,mMTC,0.4132375221931176
949,mMTC,0.40239879485586766
950,mMTC,0.40423097234623134
951,mMTC,0.41044123534685045
952,mMTC,0.4046032318420452
953,mMTC,0.40313003181236495
954,mMTC,0.4028125289954983
955,mMTC,0.4122494486083419
956,mMTC,0.4022433989562053
957,mMTC,0.4045546965763719
958,mMTC,0.4076506680515075
959,mMTC,0.40428398586822184
960,mMTC,0.4059665448254495
961,mMTC,0.4100220555902477
962,mMTC,0.40324380358385914
963,mMTC,0.40630708931951603
964,mMTC,0.40405325944994747
965,mMTC,0.40588918273681845
966,mMTC,0.40647443350465456
967,mMTC,0.40335585834441984
968,mMTC,0.4073361292184113
969,mMTC,0.4069335375897158
970,mMTC,0.4055276481499052
971,mMTC,0.40675109120403996
972,mMTC,0.409239590779106
973,mMTC,0.40595248965805847
974,mMTC,0.4098609790046298
975,mMTC,0.4076502510824353
976,mMTC,0.4050903287378985
977,mMTC,0.404568937324181
978,mMTC,0.40950805172812643
979,mMTC,0.40081022027371227
980,mMTC,0.40047137934248084
981,mMTC,0.40582435525496574
982,mMTC,0.4103908102655566
983,mMTC,0.4118435994083308
984,mMTC,0.41725023711220177
985,mMTC,0.4138143413746324
986,mMTC,0.4037480497038824
987,mMTC,0.4111289865805121
988,mMTC,0.4046336012710244
989,mMTC,0.40722103803941645
990,mMTC,0.40894639302366087
991,mMTC,0.4022313463676496
992,mMTC,0.40671189493649657
993,mMTC,0.40639638325871585
994,mMTC,0.409739750723484
995,mMTC,0.408739389299618
996,mMTC,0.4034797658601098
997,mMTC,0.40332898187816696
998,mMTC,0.39917398418389327
999,mMTC,0.4023451884811567
1000,mMTC,0.40729151443997197
1001,mMTC,0.40574083985332887
1002,mMTC,0.4023677758382005
1003,mMTC,0.4087072618042803
1004,mMTC,0.4088644847639633
1005,mMTC,0.407983625203066
1006,mMTC,0.40114687313708136
1007,mMTC,0.40244381824732317
1008,mMTC,0.4136679118825525
1009,mMTC,0.4012399448654333
1010,mMTC,0.39949382747163054
1011,mMTC,0.41030902962948873
1012,mMTC,0.40974435740970844
1013,mMTC,0.410050229456073
1014,mMTC,0.40410508907523085
1015,mMTC,0.4041711752397474
1016,mMTC,0.40547447561638533
1017,mMTC,0.4124411746721675
1018,mMTC,0.4002815468572215
1019,mMTC,0.40531038372152073
1020,mMTC,0.40704533664940057
1021,mMTC,0.4097307963234566
1022,mMTC,0.4084018824146817
1023,mMTC,0.40103504196290773
1024,mMTC,0.4010431377239486
1025,mMTC,0.4134275498526092
1026,mMTC,0.4091013351790381
1027,mMTC,0.40629782680232884
1028,mMTC,0.4041471032143634
1029,mMTC,0.40102878735995484
1030,mMTC,0.4102201215033312
1031,mMTC,0.4145835632509333
1032,mMTC,0.40571154167124845
1033,mMTC,0.4055656639362095
1034,mMTC,0.4118172176163302
1035,mMTC,0.40993241754936716
1036,mMTC,0.4096413597339209
1037,mMTC,0.40145223432581195
1038,mMTC,0.4043234864842982
1039,mMTC,0.39782836371266184
1040,mMTC,0.40287266765503477
1041,mMTC,0.41045098295118104
1042,mMTC,0.40973379773638824
1043,mMTC,0.4113134039003106
1044,mMTC,0.40592478981963664
1045,mMTC,0.40428354312724063
1046,mMTC,0.4008653421086877
1047,mMTC,0.40176538958506847
1048,mMTC,0.4108703193369994
1049,mMTC,0.4095525568410725
1050,mMTC,0.40543796613014405
1051,mMTC,0.40288637199529986
1052,mMTC,0.4006857056069977
1053,mMTC,0.4028672506762582
1054,mMTC,0.40333558470447395
1055,mMTC,0.40634279162400744
1056,mMTC,0.40030869614942094
1057,mMTC,0.3981001520149455
1058,mMTC,0.4090811142484351
1059,mMTC,0.41367924468474576
1060,mMTC,0.4043525814032588
1061,mMTC,0.407944092132811
1062,mMTC,0.4121443566629368
1063,mMTC,0.41069213724141734
1064,mMTC,0.405719496601002
1065,mMTC,0.40299381861801065
1066,mMTC,0.4049685324497618
1067,mMTC,0.41100231983801855
1068,mMTC,0.40035751877184245
1069,mMTC,0.4062322335335983
1070,mMTC,0.41399099870056755
1071,mMTC,0.4087810697343038
1072,mMTC,0.40027755749921035
1073,mMTC,0.4034371162791068
1074,mMTC,0.39638102011167664
1075,mMTC,0.40526362541776095
1076,mMTC,0.40971823723538775
1077,mMTC,0.4059927671032225
1078,mMTC,0.40924881132738594
1079,mMTC,0.40339593550254493
1080,mMTC,0.4135555387198822
1081,mMTC,0.4012761209737851
1082,mMTC,0.40470792077140283
1083,mMTC,0.4136356805219041
1084,mMTC,0.4062397673915781
1085,mMTC,0.40752334851407446
1086,mMTC,0.41255240893115547
1087,mMTC,0.4063611542663926
1088,mMTC,0.4071898023527842
1089,mMTC,0.4041017973619692
1090,mMTC,0.40598548193095585
1091,mMTC,0.40678161871968
1092,mMTC,0.4052180665984252
1093,mMTC,0.4059278508238379
1094,mMTC,0.4067273244282526
1095,mMTC,0.4050145019472777
1096,mMTC,0.40423002179027334
1097,mMTC,0.39802526538083455
1098,mMTC,0.4067478977067807
1099,mMTC,0.40702191534123283
1100,mMTC,0.4118611553641755
1101,mMTC,0.41592453330250556
1102,mMTC,0.4063685199566904
1103,mMTC,0.4102894626069698
1104,mMTC,0.41752310373252555
1105,mMTC,0.40910465698974796
1106,mMTC,0.4048841557024096
1107,mMTC,0.40967456602313584
1108,mMTC,0.40557100032155635
1109,mMTC,0.40945160049086377
1110,mMTC,0.4120063567760285
1111,mMTC,0.41225075293815194
1112,mMTC,0.4115080341380844
1113,mMTC,0.40803505281191266
1114,mMTC,0.3987529010585544
1115,mMTC,0.40927416306778314
1116,mMTC,0.4176490441499122
1117,mMTC,0.4031330374721565
1118,mMTC,0.4129238329404716
1119,mMTC,0.40718179617635203
1120,mMTC,0.40218245472942626
1121,mMTC,0.4118226562721529
1122,mMTC,0.40403371235071894
1123,mMTC,0.40505578056261593
1124,mMTC,0.40682790287896164
1125,mMTC,0.4041776361109899
1126,mMTC,0.40437880233644213
1127,mMTC,0.4117223306196211
1128,mMTC,0.4152272948822864
1129,mMTC,0.41507513286874953
1130,mMTC,0.40961837675179247
1131,mMTC,0.4120040126078721
1132,mMTC,0.4063954497915738
1133,mMTC,0.41071648337084976
1134,mMTC,0.40923494610333644
1135,mMTC,0.40268724958123164
1136,mMTC,0.4050086215509707
1137,mMTC,0.4116157429696787
1138,mMTC,0.4045121976863863
1139,mMTC,0.39585977085713364
1140,mMTC,0.3997391736330075
1141,mMTC,0.3992438048023921
1142,mMTC,0.4014551134066041
1143,mMTC,0.4043098156039029
1144,mMTC,0.40849891669530336
1145,mMTC,0.4107770566183585
1146,mMTC,0.40198289457325
1147,mMTC,0.40742033291998275
1148,mMTC,0.41208933500544614
1149,mMTC,0.4078189570435703
1150,mMTC,0.40699652156624944
1151,mMTC,0.41477238571766506
1152,mMTC,0.41172414813213365
1153,mMTC,0.4106766545411932
1154,mMTC,0.415120669256828
1155,mMTC,0.4129309970124243
1156,mMTC,0.40327698067346923
1157,mMTC,0.407066467813754
1158,mMTC,0.40655678971232884
1159,mMTC,0.40564418578102257
1160,mMTC,0.4105534615820609
1161,mMTC,0.4144262267647605
1162,mMTC,0.41224938932544364
1163,mMTC,0.40708428106707295
1164,mMTC,0.4034679694755407
1165,mMTC,0.4038866519227287
1166,mMTC,0.4064970732593573
1167,mMTC,0.4070562743746855
1168,mMTC,0.4129536546365484
1169,mMTC,0.41319602361780927
1170,mMTC,0.4067482279964518
1171,mMTC,0.40357852655287113
1172,mMTC,0.4093847955036129
1173,mMTC,0.40733596899078583
1174,mMTC,0.408536816850075
1175,mMTC,0.40721952473572326
1176,mMTC,0.40928501763807634
1177,mMTC,0.4138852730595965
1178,mMTC,0.4028966337087343
1179,mMTC,0.4032393964971122
1180,mMTC,0.4075698621297797
1181,mMTC,0.40727387263340337
1182,mMTC,0.4018731323973433
1183,mMTC,0.40030966492965453
1184,mMTC,0.4090808308188032
1185,mMTC,0.4071064381627728
1186,mMTC,0.40757893880585694
1187,mMTC,0.41259387631743377
1188,mMTC,0.40909826967161317
1189,mMTC,0.41093939223942333
1190,mMTC,0.4008142097105483
1191,mMTC,0.4077137821245298
1192,mMTC,0.4106036917009688
1193,mMTC,0.4076670779134491
1194,mMTC,0.4033787997196174
1195,mMTC,0.40662611006701677
1196,mMTC,0.4067827843420083
1197,mMTC,0.40544788843945523
1198,mMTC,0.40656519212113107
1199,mMTC,0.41279053211214894
1200,mMTC,0.4066258152116884
1201,mMTC,0.4102990842633204
1202,mMTC,0.4049150145533763
1203,mMTC,0.40448955451117924
1204,mMTC,0.4122876840932537
1205,mMTC,0.40977189487884325
1206,mMTC,0.41075786226865624
1207,mMTC,0.4063851984064808
1208,mMTC,0.40350003156684655
1209,mMTC,0.4036465635787519
1210,mMTC,0.399262290061517
1211,mMTC,0.4036238369798948
1212,mMTC,0.40283849856151316
1213,mMTC,0.40525098304334806
1214,mMTC,0.40614533698319427
1215,mMTC,0.40828775395895617
1216,mMTC,0.4033789782085697
1217,mMTC,0.4057467939946087
1218,mMTC,0.4037195650933071
1219,mMTC,0.4027396152823679
1220,mMTC,0.4122959375845649
1221,mMTC,0.41612520760126537
1222,mMTC,0.40588967521517444
1223,mMTC,0.39596323275906437
1224,mMTC,0.4025441739631155
1225,mMTC,0.4114476709388063
1226,mMTC,0.4059516909521853
1227,mMTC,0.3975644554443499
1228,mMTC,0.4060869358068169
1229,mMTC,0.4060704432739764
1230,mMTC,0.40191194463808616
1231,mMTC,0.4099251631171692
1232,mMTC,0.40710698860002653
1233,mMTC,0.397782572738144
1234,mMTC,0.4105389920010528
1235,mMTC,0.4070918477584676
1236,mMTC,0.40673183664641793
1237,mMTC,0.4030971154368131
1238,mMTC,0.4049331584427344
1239,mMTC,0.40761115507899776
1240,mMTC,0.4099785000997653
1241,mMTC,0.40320309140762967
1242,mMTC,0.40202734643985555
1243,mMTC,0.4115707568245397
1244,mMTC,0.41096574526553753
1245,mMTC,0.4033238135897808
1246,mMTC,0.4031409007697405
1247,mMTC,0.4042070431609693
1248,mMTC,0.407571947643638
1249,mMTC,0.4048927246808215
1250,mMTC,0.40935412851232766
1251,mMTC,0.40703513903424055
1252,mMTC,0.4040579243788129
1253,mMTC,0.408062807191352
1254,mMTC,0.4072160340640616
1255,mMTC,0.40576465740815304
1256,mMTC,0.4107328766321682
1257,mMTC,0.4109363948568794
1258,mMTC,0.41136348681586543
1259,mMTC,0.40678511463477185
1260,mMTC,0.4102118324244547
1261,mMTC,0.4063194520771358
1262,mMTC,0.4028816722138729
1263,mMTC,0.404242140437425
1264,mMTC,0.4065297271301035
1265,mMTC,0.41143864942218117
1266,mMTC,0.40631585937890097
1267,mMTC,0.40739732373555987
1268,mMTC,0.41236341071010035
1269,mMTC,0.4052395769395844
1270,mMTC,0.404561683506981
1271,mMTC,0.4100566709858782
1272,mMTC,0.40472839365788627
1273,mMTC,0.3975954783438532
1274,mMTC,0.40029556694421636
1275,mMTC,0.40981602352526936
1276,mMTC,0.4082694457073663
1277,mMTC,0.4072261600599002
1278,mMTC,0.400365717726065
1279,mMTC,0.4018107510999842
1280,mMTC,0.4014889770324991
1281,mMTC,0.4045784885071315
1282,mMTC,0.41171383782501425
1283,mMTC,0.4091177885489623
1284,mMTC,0.40601866392263214
1285,mMTC,0.4087706145043086
1286,mMTC,0.4148007567918558
1287,mMTC,0.4069721942398228
1288,mMTC,0.3989735811203736
1289,mMTC,0.40582679520846243
1290,mMTC,0.409595792911282
1291,mMTC,0.40155678776185894
1292,mMTC,0.40684211287096717
1293,mMTC,0.40680252229803376
1294,mMTC,0.4140421866441318
1295,mMTC,0.41663934628574983
1296,mMTC,0.409398087297691
1297,mMTC,0.40493099247408054
1298,mMTC,0.4091693943770545
1299,mMTC,0.4066269415060716
1300,mMTC,0.4068050220419367
1301,mMTC,0.4068425764051643
1302,mMTC,0.4115918743242766
1303,mMTC,0.4155440394945243
1304,mMTC,0.4070314223269807
1305,mMTC,0.40430255713039226
1306,mMTC,0.4014557544672
1307,mMTC,0.4075485833914597
1308,mMTC,0.4069689418179061
1309,mMTC,0.4108949778999579
1310,mMTC,0.41760140124982775
1311,mMTC,0.40348460946064335
1312,mMTC,0.40419152333624164
1313,mMTC,0.40515735353405863
1314,mMTC,0.4086555199396647
1315,mMTC,0.41803068586403735
1316,mMTC,0.4084359594277968
1317,mMTC,0.4032448843009739
1318,mMTC,0.4015895041548922
1319,mMTC,0.413715483715178
1320,mMTC,0.4107027631075207
1321,mMTC,0.400543281948943
1322,mMTC,0.4063305418060069
1323,mMTC,0.4164949522202391
1324,mMTC,0.41894088413893893
1325,mMTC,0.4069674033598712
1326,mMTC,0.40594758111342855
1327,mMTC,0.406572540689828
1328,mMTC,0.40771590353215603
1329,mMTC,0.39367980912029765
1330,mMTC,0.4012235224333977
1331,mMTC,0.41099738545580944
1332,mMTC,0.4105269970396713
1333,mMTC,0.40291667189771646
1334,mMTC,0.4072549267047373
1335,mMTC,0.40658310577060675
1336,mMTC,0.40234754784278914
1337,mMTC,0.41024597784812067
1338,mMTC,0.4059726038704763
1339,mMTC,0.407534138540144
1340,mMTC,0.4131441479299154
1341,mMTC,0.41307076329250014
1342,mMTC,0.40753504823247766
1343,mMTC,0.40616747184439583
1344,mMTC,0.4047381545756786
1345,mMTC,0.39877303811437487
1346,mMTC,0.40264525554761715
1347,mMTC,0.4021111083257906
1348,mMTC,0.4026130918404551
1349,mMTC,0.411246502083882
1350,mMTC,0.4077182370261957
1351,mMTC,0.40224773985558687
1352,mMTC,0.41309620148632414
1353,mMTC,0.41029151019486465
1354,mMTC,0.40205310351780865
1355,mMTC,0.4044150479954372
1356,mMTC,0.4027656083434482
1357,mMTC,0.39672006580324326
1358,mMTC,0.39765190008240836
1359,mMTC,0.41093903022383144
1360,mMTC,0.40794175018145323
1361,mMTC,0.40825193728150844
1362,mMTC,0.4068414230867185
1363,mMTC,0.4059184166719007
1364,mMTC,0.41455861437323743
1365,mMTC,0.4059080805795432
1366,mMTC,0.40632362435646135
1367,mMTC,0.40990479300782234
1368,mMTC,0.40264138390088416
1369,mMTC,0.40565123683226834
1370,mMTC,0.40890782709121554
1371,mMTC,0.4095160971169521
1372,mMTC,0.4081004673843556
1373,mMTC,0.40417577199916593
1374,mMTC,0.39758027849836736
1375,mMTC,0.40224656145520954
1376,mMTC,0.4067004803160096
1377,mMTC,0.4069056993476473
1378,mMTC,0.41641985233731565
1379,mMTC,0.40697465822630946
1380,mMTC,0.40468993824364907
1381,mMTC,0.4069781309657171
1382,mMTC,0.4087152518101801
1383,mMTC,0.4122997080659417
1384,mMTC,0.40213078796217677
1385,mMTC,0.40611355663074356
1386,mMTC,0.41116930278540287
1387,mMTC,0.408834011010058
1388,mMTC,0.4081379717772169
1389,mMTC,0.4069089517804345
1390,mMTC,0.40969290169745254
1391,mMTC,0.4078137879287775
1392,mMTC,0.4044697491789881
1393,mMTC,0.40074002185218693
1394,mMTC,0.4063091245490398
1395,mMTC,0.40368445418707943
1396,mMTC,0.4088955495233861
1397,mMTC,0.4063100079774148
1398,mMTC,0.40960485511078004
1399,mMTC,0.4121881317220897
1400,mMTC,0.40493567189239066
1401,mMTC,0.4025000111791662
1402,mMTC,0.4025641308501735
1403,mMTC,0.4044512682111214
1404,mMTC,0.4128837351504221
1405,mMTC,0.40471772384300514
1406,mMTC,0.4038419514786628
1407,mMTC,0.4026369246063588
1408,mMTC,0.4032766165287982
1409,mMTC,0.4106981321394353
1410,mMTC,0.41819204453085757
1411,mMTC,0.40016807941456073
1412,mMTC,0.4085878961210398
1413,mMTC,0.4065811660855734
1414,mMTC,0.40262015951718033
1415,mMTC,0.40796624196913106
1416,mMTC,0.4166083344379971
1417,mMTC,0.4064468503307531
1418,mMTC,0.4085772089913883
1419,mMTC,0.41276581634632864
1420,mMTC,0.41194276259560714
1421,mMTC,0.4110351844791385
1422,mMTC,0.40966130867490663
1423,mMTC,0.4127068030011739
1424,mMTC,0.41847597542243953
1425,mMTC,0.41541329957699447
1426,mMTC,0.40618085055860975
1427,mMTC,0.40571123742104326
1428,mMTC,0.40944160065720797
1429,mMTC,0.40491122106072147
1430,mMTC,0.4030860559681398
1431,mMTC,0.40975209324698536
1432,mMTC,0.41043514967762673
1433,mMTC,0.40456428357124524
1434,mMTC,0.40812887818407007
1435,mMTC,0.4084309428002623
1436,mMTC,0.40672202485849135
1437,mMTC,0.4062927217023419
1438,mMTC,0.4052606124104399
1439,mMTC,0.4024164571657403
1440,mMTC,0.40599445797150674
1441,mMTC,0.4135150712509954
1442,mMTC,0.4075277996889944
1443,mMTC,0.40410500058744175
1444,mMTC,0.4034933375516804
1445,mMTC,0.40446059247267374
1446,mMTC,0.4046615974981705
1447,mMTC,0.39986934282182546
1448,mMTC,0.41357627316921836
1449,mMTC,0.4174988099764744
1450,mMTC,0.4124590285291075
1451,mMTC,0.407431264982827
1452,mMTC,0.409335122912651
1453,mMTC,0.40944286265807833
1454,mMTC,0.4059820478195584
1455,mMTC,0.40643825671063843
1456,mMTC,0.4057410549439171
1457,mMTC,0.399707212194869
1458,mMTC,0.40748292869561187
1459,mMTC,0.4076020902249464
1460,mMTC,0.41072299398881845
1461,mMTC,0.419325225647381
1462,mMTC,0.4158670237299612
1463,mMTC,0.4022111546479237
1464,mMTC,0.40596673759551755
1465,mMTC,0.41204074770965216
1466,mMTC,0.39592305369559505
1467,mMTC,0.3992347135639892
1468,mMTC,0.4075294495411779
1469,mMTC,0.3975315388608519
1470,mMTC,0.39778588957147515
1471,mMTC,0.40147446763775935
1472,mMTC,0.40298021140237156
1473,mMTC,0.4049309073488295
1474,mMTC,0.4058768078262632
1475,mMTC,0.406055146707861
1476,mMTC,0.4079448817996995
1477,mMTC,0.412527456391852
1478,mMTC,0.41534279465286905
1479,mMTC,0.41460257387081545
1480,mMTC,0.4035838802122059
1481,mMTC,0.40685367614563317
1482,mMTC,0.40864169542185175
1483,mMTC,0.4070986979212085
1484,mMTC,0.4079905662406583
1485,mMTC,0.40829848386518425
1486,mMTC,0.3988697528409331
1487,mMTC,0.40008354069199537
1488,mMTC,0.4033923868368008
1489,mMTC,0.40699954088147183
1490,mMTC,0.40501095667107573
1491,mMTC,0.4017000689082304
1492,mMTC,0.41019659698480504
1493,mMTC,0.4092838263562977
1494,mMTC,0.4110236745793579
1495,mMTC,0.4092726120483766
1496,mMTC,0.4050233226679054
1497,mMTC,0.4130529622515682
1498,mMTC,0.40948385397438203
1499,mMTC,0.4080134925762926
1500,mMTC,0.41167336400496624
1501,mMTC,0.40852952309373897
1502,mMTC,0.4080855007883167
1503,mMTC,0.41115432456423817
1504,mMTC,0.4104298759955373
1505,mMTC,0.408095210957556
1506,mMTC,0.4054806916821586
1507,mMTC,0.408239271381363
1508,mMTC,0.41044960441981904
1509,mMTC,0.4079252424002401
1510,mMTC,0.4103242280710411
1511,mMTC,0.41008008963530174
1512,mMTC,0.4064172795185338
1513,mMTC,0.4096117694327986
1514,mMTC,0.41506281783416704
1515,mMTC,0.4220775103593587
1516,mMTC,0.40338861246528956
1517,mMTC,0.3971866308831448
1518,mMTC,0.4013530217147837
1519,mMTC,0.40517942223108055
1520,mMTC,0.41343634937786605
1521,mMTC,0.4082465505680021
1522,mMTC,0.4035803471400904
1523,mMTC,0.40973550793260655
1524,mMTC,0.4122573477713561
1525,mMTC,0.4158696428977304
1526,mMTC,0.40675990471927087
1527,mMTC,0.4150824337243288
1528,mMTC,0.4096646230303196
1529,mMTC,0.3998998156748133
1530,mMTC,0.41345637291792875
1531,mMTC,0.417564632754149
1532,mMTC,0.41602179374212545
1533,mMTC,0.4052059679680225
1534,mMTC,0.40682185202008847
1535,mMTC,0.4064458778235179
1536,mMTC,0.40800362424639797
1537,mMTC,0.4073300865267505
1538,mMTC,0.3983132682658559
1539,mMTC,0.4073673119581543
1540,mMTC,0.40967877597154734
1541,mMTC,0.4070082856204994
1542,mMTC,0.40893560458405404
1543,mMTC,0.4091913023874668
1544,mMTC,0.4116956005639878
1545,mMTC,0.4063589034469545
1546,mMTC,0.4046490874606828
1547,mMTC,0.4115564538047553
1548,mMTC,0.4225802895155182
1549,mMTC,0.40802234166816187
1550,mMTC,0.4035103335630015
1551,mMTC,0.40599101923991093
1552,mMTC,0.4050933138166216
1553,mMTC,0.40225295633783714
1554,mMTC,0.4039039662766709
1555,mMTC,0.40560576254409736
1556,mMTC,0.4028044353293275
1557,mMTC,0.40807020042301795
1558,mMTC,0.41578034535998953
1559,mMTC,0.40011047817442397
1560,mMTC,0.4050929599070257
1561,mMTC,0.4058486803699874
1562,mMTC,0.4130896559835704
1563,mMTC,0.4100212875121376
1564,mMTC,0.39667103090760514
1565,mMTC,0.3952389603026663
1566,mMTC,0.4061059193650633
1567,mMTC,0.4098695885181915
1568,mMTC,0.40439760166846495
1569,mMTC,0.4059068191499207
1570,mMTC,0.41279024782096957
1571,mMTC,0.40628127070700715
1572,mMTC,0.4037135752572714
1573,mMTC,0.41017923815279245
1574,mMTC,0.40382685070030583
1575,mMTC,0.4061005562935262
1576,mMTC,0.40706068082321833
1577,mMTC,0.4101823742405469
1578,mMTC,0.4055428547370368
1579,mMTC,0.41437851186921204
1580,mMTC,0.41394052193057523
1581,mMTC,0.4086292190412013
1582,mMTC,0.41866953106227983
1583,mMTC,0.4169269794989341
1584,mMTC,0.4046757658733071
1585,mMTC,0.4054922050824976
1586,mMTC,0.41118556798724304
1587,mMTC,0.4142793443853756
1588,mMTC,0.4100015381850313
1589,mMTC,0.4099864705827227
1590,mMTC,0.409065172225896
1591,mMTC,0.40598465233158904
1592,mMTC,0.408195988340267
1593,mMTC,0.410701499744687
1594,mMTC,0.4032370371166181
1595,mMTC,0.4057535410187396
1596,mMTC,0.40771768818855864
1597,mMTC,0.40971944832110524
1598,mMTC,0.40966392835678733
1599,mMTC,0.4144285419098273
1600,mMTC,0.40392541017343
1601,mMTC,0.40456476854829515
1602,mMTC,0.4049382202869921
1603,mMTC,0.40549118245420485
1604,mMTC,0.40373044045270357
1605,mMTC,0.406298846992083
1606,mMTC,0.40557647011280357
1607,mMTC,0.4065607707707464
1608,mMTC,0.41578158080320154
1609,mMTC,0.40987555170034906
1610,mMTC,0.39521640459202495
1611,mMTC,0.4028664003127979
1612,mMTC,0.4082329291263014
1613,mMTC,0.40379675724928255
1614,mMTC,0.4069247460123986
1615,mMTC,0.4031130334043437
1616,mMTC,0.40253988725840806
1617,mMTC,0.4088605309806674
1618,mMTC,0.41258577298649546
1619,mMTC,0.41399477562637493
1620,mMTC,0.4126465748829177
1621,mMTC,0.412819186204791
1622,mMTC,0.40391757226426994
1623,mMTC,0.4008733876485599
1624,mMTC,0.40556726536876764
1625,mMTC,0.40032993499294045
1626,mMTC,0.3999863565507849
1627,mMTC,0.4085270217278644
1628,mMTC,0.4107134700636444
1629,mMTC,0.40026336519295125
1630,mMTC,0.4092090679434759
1631,mMTC,0.408941190128214
1632,mMTC,0.4103214529204108
1633,mMTC,0.4113301363087111
1634,mMTC,0.4054811198364703
1635,mMTC,0.4044656962419936
1636,mMTC,0.407299605797657
1637,mMTC,0.40999593503360926
1638,mMTC,0.4073538505681511
1639,mMTC,0.4076074348579477
1640,mMTC,0.41128649959763547
1641,mMTC,0.40886205787258495
1642,mMTC,0.4083389702871639
1643,mMTC,0.4134017212298614
1644,mMTC,0.4092188058164383
1645,mMTC,0.40512006147245344
1646,mMTC,0.41144904578997143
1647,mMTC,0.40914338799442784
1648,mMTC,0.4072806465531398
1649,mMTC,0.4108010783057441
1650,mMTC,0.4089800975912115
1651,mMTC,0.4102262300432681
1652,mMTC,0.4070094842928675
1653,mMTC,0.4109047142019986
1654,mMTC,0.4108436745146326
1655,mMTC,0.41208284160136266
1656,mMTC,0.403133824397855
1657,mMTC,0.4041713331787239
1658,mMTC,0.40547051154600583
1659,mMTC,0.4090322677048839
1660,mMTC,0.4011521770739242
1661,mMTC,0.40701627388900685
1662,mMTC,0.4020803248525551
1663,mMTC,0.40440088966502363
1664,mMTC,0.402962817963406
1665,mMTC,0.39947551084761473
1666,mMTC,0.4002237001881488
1667,mMTC,0.4113999886824395
1668,mMTC,0.40397989065556805
1669,mMTC,0.40819653854455873
1670,mMTC,0.4163054396021946
1671,mMTC,0.4076544941547253
1672,mMTC,0.40526720470678784
1673,mMTC,0.40622883745055716
1674,mMTC,0.4104260546179966
1675,mMTC,0.4169409250427037
1676,mMTC,0.40723157708552643
1677,mMTC,0.40678456759692844
1678,mMTC,0.40839302384294063
1679,mMTC,0.4122573397885802
1680,mMTC,0.40490138009493937
1681,mMTC,0.40731215585305924
1682,mMTC,0.41608562066744353
1683,mMTC,0.4077818808720961
1684,mMTC,0.4061136188564842
1685,mMTC,0.3948084334460998
1686,mMTC,0.406784942975732
1687,mMTC,0.41377482494522216
1688,mMTC,0.4074594366701753
1689,mMTC,0.41187743067292387
1690,mMTC,0.4051286793371153
1691,mMTC,0.39905758036285105
1692,mMTC,0.42162592986688036
1693,mMTC,0.4079188835176621
1694,mMTC,0.40515031680878266
1695,mMTC,0.4052273571008933
1696,mMTC,0.4057327457640078
1697,mMTC,0.409524984084566
1698,mMTC,0.40565064943965323
1699,mMTC,0.40144004777839665
1700,mMTC,0.4015625844061658
1701,mMTC,0.40849867345487195
1702,mMTC,0.4086464794119004
1703,mMTC,0.4115284353723824
1704,mMTC,0.4003335106131746
1705,mMTC,0.400166872878103
1706,mMTC,0.4117175602882628
1707,mMTC,0.4128217930255657
1708,mMTC,0.40396254172384755
1709,mMTC,0.4061839569177108
1710,mMTC,0.40586526254624256
1711,mMTC,0.40326117187555716
1712,mMTC,0.4038204067042807
1713,mMTC,0.4061212153756417
1714,mMTC,0.4086492107467507
1715,mMTC,0.40680185743887864
1716,mMTC,0.41309125070510416
1717,mMTC,0.41218804919431573
1718,mMTC,0.4048773591112047
1719,mMTC,0.407682548765554
1720,mMTC,0.41363366185037176
1721,mMTC,0.41517589428808344
1722,mMTC,0.3992413440854826
1723,mMTC,0.4095319351221803
1724,mMTC,0.4081572203129588
1725,mMTC,0.4074358440849348
1726,mMTC,0.41072756079174844
1727,mMTC,0.40183910158426606
1728,mMTC,0.4106929827510856
1729,mMTC,0.4086933997882963
1730,mMTC,0.4012711071967679
1731,mMTC,0.40871157842387223
1732,mMTC,0.4123479789844461
1733,mMTC,0.41243550990689726
1734,mMTC,0.4046211073827797
1735,mMTC,0.4060698804489379
1736,mMTC,0.41307082243485044
1737,mMTC,0.4036273586140179
1738,mMTC,0.4077683631858395
1739,mMTC,0.4069383877406675
1740,mMTC,0.4022762348865171
1741,mMTC,0.4101365446915207
1742,mMTC,0.40652592953931627
1743,mMTC,0.405341506775866
1744,mMTC,0.4124937292507308
1745,mMTC,0.4099586890800763
1746,mMTC,0.41169357413850616
1747,mMTC,0.403522017831684
1748,mMTC,0.4051757932438831
1749,mMTC,0.4058035587750495
1750,mMTC,0.41018925575089954
1751,mMTC,0.4101830100884082
1752,mMTC,0.40809499537970373
1753,mMTC,0.3996621513403183
1754,mMTC,0.402258947141231
1755,mMTC,0.40605438359928536
1756,mMTC,0.4075350558088806
1757,mMTC,0.40230142887962794
1758,mMTC,0.4147205087712306
1759,mMTC,0.40957626982150874
1760,mMTC,0.40581504610654173
1761,mMTC,0.4099328005803168
1762,mMTC,0.4124909207134589
1763,mMTC,0.4039949073483533
1764,mMTC,0.40719524233089477
1765,mMTC,0.40877279276984096
1766,mMTC,0.41680803137553646
1767,mMTC,0.40719405907361583
1768,mMTC,0.4096117805190301
1769,mMTC,0.4038014616011826
1770,mMTC,0.40533249690759443
1771,mMTC,0.40456152179742766
1772,mMTC,0.4080538214379369
1773,mMTC,0.4064700737748801
1774,mMTC,0.40655193590671096
1775,mMTC,0.4023477960093329
1776,mMTC,0.404438211622166
1777,mMTC,0.40649513805682913
1778,mMTC,0.4110165803480593
1779,mMTC,0.40472826074776974
1780,mMTC,0.40814163813792415
1781,mMTC,0.41086505775084664
1782,mMTC,0.4021731891268689
1783,mMTC,0.4029064506378978
1784,mMTC,0.40700800931961656
1785,mMTC,0.4035152503914893
1786,mMTC,0.40661835430979365
1787,mMTC,0.40988836333124956
1788,mMTC,0.4032355959764783
1789,mMTC,0.3980279151049516
1790,mMTC,0.40664768482334157
1791,mMTC,0.41265745872514653
1792,mMTC,0.4059501623190749
1793,mMTC,0.40245387130361926
1794,mMTC,0.409914721117233
1795,mMTC,0.41115098631593233
1796,mMTC,0.4064192418244679
1797,mMTC,0.4111755167102004
1798,mMTC,0.4069466795653491
1799,mMTC,0.40457360779685786
1800,mMTC,0.4110060439217785
1801,mMTC,0.4133115173865774
1802,mMTC,0.4008821650924175
1803,mMTC,0.40483274011516834
1804,mMTC,0.41352463869675565
1805,mMTC,0.4081790329259496
1806,mMTC,0.4019639429012621
1807,mMTC,0.40386490166280686
1808,mMTC,0.404707151822953
1809,mMTC,0.4069390536759223
1810,mMTC,0.39886198493046454
1811,mMTC,0.4037706324029388
1812,mMTC,0.40929761800517
1813,mMTC,0.41052402271188704
1814,mMTC,0.4131120193713046
1815,mMTC,0.40839318389758766
1816,mMTC,0.3991567752225972
1817,mMTC,0.4081403199983583
1818,mMTC,0.40877686167521254
1819,mMTC,0.4156364935030288
1820,mMTC,0.40777215949393136
1821,mMTC,0.4059641513930426
1822,mMTC,0.4155436998967652
1823,mMTC,0.4087450051826771
1824,mMTC,0.40295932756775527
1825,mMTC,0.40468697080006394
1826,mMTC,0.4051000464010679
1827,mMTC,0.40857662789993043
1828,mMTC,0.40793555067278414
1829,mMTC,0.407194357654844
1830,mMTC,0.4031554232076381
1831,mMTC,0.39915858491191497
1832,mMTC,0.40678185066742
1833,mMTC,0.4118839521852156
1834,mMTC,0.4128344036998884
1835,mMTC,0.41298438893363365
1836,mMTC,0.40500284827602495
1837,mMTC,0.40229743150015906
1838,mMTC,0.4076197149558501
1839,mMTC,0.4087478095501178
1840,mMTC,0.4055626072795746
1841,mMTC,0.41103979392714013
1842,mMTC,0.4076044000806364
1843,mMTC,0.39803562731495207
1844,mMTC,0.40535308722420926
1845,mMTC,0.4076615704050822
1846,mMTC,0.4081312347369587
1847,mMTC,0.4008602532527464
1848,mMTC,0.41084005864995055
1849,mMTC,0.4175223147473675
1850,mMTC,0.40571904719937185
1851,mMTC,0.40276875340101265
1852,mMTC,0.401483336137708
1853,mMTC,0.40636290727223173
1854,mMTC,0.40901956913350895
1855,mMTC,0.4103969197222214
1856,mMTC,0.40767573008944397
1857,mMTC,0.4061399166723646
1858,mMTC,0.4026487354981731
1859,mMTC,0.401967214087163
1860,mMTC,0.4039665700774665
1861,mMTC,0.40737535036484
1862,mMTC,0.40443860417706057
1863,mMTC,0.4127636026360395
1864,mMTC,0.4110435873120423
1865,mMTC,0.4050659845124254
1866,mMTC,0.4060119418533855
1867,mMTC,0.409352511022015
1868,mMTC,0.4103210423100121
1869,mMTC,0.41057121851393463
1870,mMTC,0.4132967299689268
1871,mMTC,0.41080114584151095
1872,mMTC,0.41257380089359846
1873,mMTC,0.4017643773678404
1874,mMTC,0.4142852008998923
1875,mMTC,0.40863573191962976
1876,mMTC,0.408423151085512
1877,mMTC,0.40824747674318507
1878,mMTC,0.40787910130577076
1879,mMTC,0.40663244744402943
1880,mMTC,0.40639926892946865
1881,mMTC,0.4138518693469154
1882,mMTC,0.40864124780759836
1883,mMTC,0.40860445132835066
1884,mMTC,0.40565996531946286
1885,mMTC,0.4047058282867157
1886,mMTC,0.40837789771523103
1887,mMTC,0.40604680672378285
1888,mMTC,0.40820288911856106
1889,mMTC,0.40519836307392126
1890,mMTC,0.4100280594773004
1891,mMTC,0.415460039549615
1892,mMTC,0.4078820639152767
1893,mMTC,0.40939517566393147
1894,mMTC,0.4079616490723067
1895,mMTC,0.40545843349393607
1896,mMTC,0.40937091961581457
1897,mMTC,0.40932434345956026
1898,mMTC,0.40800679232171694
1899,mMTC,0.40721522206022553
1900,mMTC,0.4043277997833141
1901,mMTC,0.40288450296126976
1902,mMTC,0.3968139489323597
1903,mMTC,0.40256133980617775
1904,mMTC,0.40848549489253116
1905,mMTC,0.4031040868103933
1906,mMTC,0.4062626554292241
1907,mMTC,0.4074752170279759
1908,mMTC,0.4071817678614917
1909,mMTC,0.4067610752651325
1910,mMTC,0.4077381452493326
1911,mMTC,0.40611624538891433
1912,mMTC,0.403790452223832
1913,mMTC,0.41300545049556225
1914,mMTC,0.4055053884258475
1915,mMTC,0.40979772277815646
1916,mMTC,0.40828724357685203
1917,mMTC,0.4051880684148793
1918,mMTC,0.406425724113223
1919,mMTC,0.4071145223898803
1920,mMTC,0.40617979462776765
1921,mMTC,0.40587428584941865
1922,mMTC,0.40074201608849436
1923,mMTC,0.40085086867231745
1924,mMTC,0.40901582832251054
1925,mMTC,0.4111083662917816
1926,mMTC,0.40527942507846665
1927,mMTC,0.40821091477071303
1928,mMTC,0.40443164963458667
1929,mMTC,0.40071746548269227
1930,mMTC,0.4106154705152069
1931,mMTC,0.40501704785069514
1932,mMTC,0.4093975844165681
1933,mMTC,0.4105885761573895
1934,mMTC,0.41815916225090083
1935,mMTC,0.4153521993420214
1936,mMTC,0.4105991575148122
1937,mMTC,0.4098720446939926
1938,mMTC,0.408140905400371
1939,mMTC,0.40619879835882505
1940,mMTC,0.4061185534252581
1941,mMTC,0.40227475205381574
1942,mMTC,0.41213113663094786
1943,mMTC,0.4121199445083792
1944,mMTC,0.4052014262924569
1945,mMTC,0.4044536350619382
1946,mMTC,0.4104155359011299
1947,mMTC,0.40795994601322316
1948,mMTC,0.40513232917868053
1949,mMTC,0.40844582300134447
1950,mMTC,0.4067853940581735
1951,mMTC,0.39946234178330364
1952,mMTC,0.40771104923905394
1953,mMTC,0.4031206981882006
1954,mMTC,0.4056984432106343
1955,mMTC,0.40438528569511956
1956,mMTC,0.4096989534734302
1957,mMTC,0.40122754519844706
1958,mMTC,0.40234509839193605
1959,mMTC,0.40591180061541554
1960,mMTC,0.40904176157865546
1961,mMTC,0.4099718037807487
1962,mMTC,0.410952404513958
1963,mMTC,0.4011729339163684
1964,mMTC,0.4044339759669805
1965,mMTC,0.41152694583243316
1966,mMTC,0.4031678138951549
1967,mMTC,0.4028875981083369
1968,mMTC,0.4024337431992225
1969,mMTC,0.4056604640571151
1970,mMTC,0.4055177959844719
1971,mMTC,0.4065084803160724
1972,mMTC,0.40616155433587026
1973,mMTC,0.4030640009591245
1974,mMTC,0.4062279687353825
1975,mMTC,0.4057502761826666
1976,mMTC,0.41273477872536113
1977,mMTC,0.4038037255493645
1978,mMTC,0.41153374845466095
1979,mMTC,0.41405359358481786
1980,mMTC,0.40665609698003163
1981,mMTC,0.40749583539946227
1982,mMTC,0.4042987824009299
1983,mMTC,0.4041111338315777
1984,mMTC,0.39952436595581603
1985,mMTC,0.4020406142704913
1986,mMTC,0.40333157349853815
1987,mMTC,0.40923653769017687
1988,mMTC,0.4119406010215374
1989,mMTC,0.4127030112377442
1990,mMTC,0.4062306176762532
1991,mMTC,0.4080048591425871
1992,mMTC,0.40986950446141424
1993,mMTC,0.4031221379172637
1994,mMTC,0.4128635597294024
1995,mMTC,0.411844563409611
1996,mMTC,0.4006172763147165
1997,mMTC,0.4099299596436481
1998,mMTC,0.41238917890582166
1999,mMTC,0.40753638711298645
