time,slice_name,avg_completion_latency_ms
0,URLLC,0.0
1,URLLC,0.06259173267055321
2,URLLC,0.0643873646257535
3,URLLC,0.06487278707595417
4,URLLC,0.061812264110758526
5,URLLC,0.05956255157847039
6,URLLC,0.059466484809480434
7,URLLC,0.05955394521238959
8,URLLC,0.05946896026519574
9,URLLC,0.05966874651883953
10,URLLC,0.05947501913731664
11,URLLC,0.05989825979374188
12,URLLC,0.059587065750301
13,URLLC,0.059426776091271304
14,URLLC,0.05987107092525382
15,URLLC,0.05977387470193189
16,URLLC,0.05955256161718639
17,URLLC,0.05929005055645557
18,URLLC,0.05958227959858811
19,URLLC,0.059577281905886334
20,URLLC,0.05971840061304179
21,URLLC,0.05962994444425712
22,URLLC,0.05933159481286308
23,URLLC,0.0596885881564117
24,URLLC,0.05982542093571735
25,URLLC,0.05984795430382332
26,URLLC,0.05963946139091969
27,URLLC,0.05971246095965149
28,URLLC,0.059598240492579516
29,URLLC,0.0595005780400766
30,URLLC,0.05953461052247141
31,URLLC,0.059614143549293556
32,URLLC,0.05978129831969074
33,URLLC,0.05962184333455931
34,URLLC,0.05942589957549119
35,URLLC,0.059968763930523666
36,URLLC,0.059579717784080506
37,URLLC,0.059717017572085945
38,URLLC,0.0597037205841404
39,URLLC,0.059330886432955546
40,URLLC,0.05936473817032081
41,URLLC,0.05965388205234114
42,URLLC,0.05946831892326182
43,URLLC,0.059341872249256696
44,URLLC,0.059639751816846096
45,URLLC,0.05946570494199597
46,URLLC,0.05960468733932044
47,URLLC,0.059565186943354775
48,URLLC,0.059436493054023584
49,URLLC,0.059462783802053554
50,URLLC,0.05978119997685878
51,URLLC,0.05940664627405344
52,URLLC,0.059527241977315785
53,URLLC,0.05949051746974673
54,URLLC,0.0598775775591818
55,URLLC,0.05933996825135947
56,URLLC,0.05957200521166935
57,URLLC,0.05981020990668114
58,URLLC,0.05942907994758486
59,URLLC,0.05952491246135179
60,URLLC,0.05986361243496009
61,URLLC,0.05964057260626746
62,URLLC,0.05939792693590713
63,URLLC,0.059348360280752965
64,URLLC,0.059576151922106295
65,URLLC,0.059556393218661734
66,URLLC,0.05992053194948883
67,URLLC,0.05964113226202064
68,URLLC,0.05955685159082179
69,URLLC,0.05928626458392982
70,URLLC,0.059531747476519264
71,URLLC,0.059489210336498705
72,URLLC,0.05985241885388017
73,URLLC,0.059666511160449895
74,URLLC,0.059819290437675955
75,URLLC,0.05953099946379485
76,URLLC,0.05971398887073701
77,URLLC,0.05976663548080084
78,URLLC,0.059534406830648326
79,URLLC,0.05989134369040037
80,URLLC,0.05976262389849964
81,URLLC,0.05968345885113092
82,URLLC,0.05949675899895539
83,URLLC,0.059369929928712754
84,URLLC,0.059758421614656415
85,URLLC,0.059778969987519734
86,URLLC,0.0597218163641952
87,URLLC,0.05990897403323193
88,URLLC,0.059505810797722
89,URLLC,0.05974759101621519
90,URLLC,0.059598536648154066
91,URLLC,0.05979333245273309
92,URLLC,0.0595773413094796
93,URLLC,0.059719878987021593
94,URLLC,0.05961098055668747
95,URLLC,0.05978013946612758
96,URLLC,0.05992513657300517
97,URLLC,0.05961353875128682
98,URLLC,0.05960495012506665
99,URLLC,0.05941136342113589
100,URLLC,0.05952207656070542
101,URLLC,0.05980707391682549
102,URLLC,0.05929691476166994
103,URLLC,0.05951452871627729
104,URLLC,0.05965079824057063
105,URLLC,0.05949419520385288
106,URLLC,0.05949110425215592
107,URLLC,0.059502378270825676
108,URLLC,0.05987562567999446
109,URLLC,0.05933679290024819
110,URLLC,0.059649988496548983
111,URLLC,0.059668891824788996
112,URLLC,0.05920712359235185
113,URLLC,0.05971906589764056
114,URLLC,0.059801125912142046
115,URLLC,0.059588948518154355
116,URLLC,0.059500799740542426
117,URLLC,0.05948228803742156
118,URLLC,0.05968029715752657
119,URLLC,0.05972465864034625
120,URLLC,0.059410003567090496
121,URLLC,0.05946709210795151
122,URLLC,0.05958599107749772
123,URLLC,0.05963398289160955
124,URLLC,0.05974558641640074
125,URLLC,0.059648214497598426
126,URLLC,0.059407890377928596
127,URLLC,0.05936311632686206
128,URLLC,0.05960042436343792
129,URLLC,0.05965853539520491
130,URLLC,0.059601962490046734
131,URLLC,0.05978685174902229
132,URLLC,0.05959463117597252
133,URLLC,0.05954964194507697
134,URLLC,0.05956290592468016
135,URLLC,0.05975933175981433
136,URLLC,0.059699954051815524
137,URLLC,0.05946639008605314
138,URLLC,0.05949510390452629
139,URLLC,0.05972079158207376
140,URLLC,0.05951052672312546
141,URLLC,0.05965389866198899
142,URLLC,0.059512990951463195
143,URLLC,0.05942973656116596
144,URLLC,0.05960210395977372
145,URLLC,0.05947806845459195
146,URLLC,0.05948207955930828
147,URLLC,0.05950891797394507
148,URLLC,0.05991834275239448
149,URLLC,0.05954995927134432
150,URLLC,0.059524121098887196
151,URLLC,0.059558054720698
152,URLLC,0.05952554938091906
153,URLLC,0.05932048620845184
154,URLLC,0.05942467995594585
155,URLLC,0.05934900877182879
156,URLLC,0.059577248672114926
157,URLLC,0.059546760896418034
158,URLLC,0.05955796235354291
159,URLLC,0.05948416286883063
160,URLLC,0.05988542347178007
161,URLLC,0.05960216038230561
162,URLLC,0.059989017008217155
163,URLLC,0.05952931402253671
164,URLLC,0.05961135417037561
165,URLLC,0.05979237889867558
166,URLLC,0.05944812226728811
167,URLLC,0.05995648164723154
168,URLLC,0.05991553626437561
169,URLLC,0.05967880847818857
170,URLLC,0.05955023831436073
171,URLLC,0.05996096097383732
172,URLLC,0.05961718593183406
173,URLLC,0.05958663923626831
174,URLLC,0.059676113519828294
175,URLLC,0.059682637927628006
176,URLLC,0.059833872587083094
177,URLLC,0.05958030321365028
178,URLLC,0.05919648009108823
179,URLLC,0.05975073608767312
180,URLLC,0.059840049160198874
181,URLLC,0.05989690738781955
182,URLLC,0.05950400123011994
183,URLLC,0.05983191119004659
184,URLLC,0.059493770026724783
185,URLLC,0.059446149702961575
186,URLLC,0.05962617808834303
187,URLLC,0.05981129230986294
188,URLLC,0.05965341243857517
189,URLLC,0.059821904270446286
190,URLLC,0.059779779532093194
191,URLLC,0.0596409382726409
192,URLLC,0.05969262795976824
193,URLLC,0.05972865677132301
194,URLLC,0.059842789137740916
195,URLLC,0.059430367169457037
196,URLLC,0.05974635067374126
197,URLLC,0.059769334339544365
198,URLLC,0.05964054401099436
199,URLLC,0.05975335982999272
200,URLLC,0.0596770291326997
201,URLLC,0.05969785415804045
202,URLLC,0.05951023243524243
203,URLLC,0.059544169470929595
204,URLLC,0.059509664681721586
205,URLLC,0.059447564548375395
206,URLLC,0.05956077101648798
207,URLLC,0.059725472989988454
208,URLLC,0.05967965471906433
209,URLLC,0.05968261384391478
210,URLLC,0.05954165716472721
211,URLLC,0.059322950372167955
212,URLLC,0.059243192818451744
213,URLLC,0.0593716396321292
214,URLLC,0.05956055244293092
215,URLLC,0.05929360899587253
216,URLLC,0.05940776900475691
217,URLLC,0.05959445453689498
218,URLLC,0.059666417026521756
219,URLLC,0.05969519944642015
220,URLLC,0.05938029722710778
221,URLLC,0.0594918268572973
222,URLLC,0.05950000996704227
223,URLLC,0.05995263200997014
224,URLLC,0.059596371987250596
225,URLLC,0.05955446142971098
226,URLLC,0.05965474398109251
227,URLLC,0.059638432867383996
228,URLLC,0.05965839699922996
229,URLLC,0.05941962598118506
230,URLLC,0.05950562804106309
231,URLLC,0.059422005977944274
232,URLLC,0.059629850179733976
233,URLLC,0.059531875219228925
234,URLLC,0.059461968408770126
235,URLLC,0.059490579007369614
236,URLLC,0.05986273129265702
237,URLLC,0.05975811879748817
238,URLLC,0.05980272196891723
239,URLLC,0.059581982774067885
240,URLLC,0.05983391615544411
241,URLLC,0.05975912839813525
242,URLLC,0.059685125956041474
243,URLLC,0.05936697384783042
244,URLLC,0.05927550234536663
245,URLLC,0.05935593299390243
246,URLLC,0.059307840439943166
247,URLLC,0.05976541648391193
248,URLLC,0.059493676229020735
249,URLLC,0.05950250641887379
250,URLLC,0.05968092427617158
251,URLLC,0.059750597073393905
252,URLLC,0.05937161160811138
253,URLLC,0.05944893317616604
254,URLLC,0.05994739198419115
255,URLLC,0.0597297517940697
256,URLLC,0.059458722353441865
257,URLLC,0.05978364445291279
258,URLLC,0.05980479382426129
259,URLLC,0.05967748487965824
260,URLLC,0.059817100921750785
261,URLLC,0.059817026166619755
262,URLLC,0.05972164826432835
263,URLLC,0.059664175871687965
264,URLLC,0.05985269484305327
265,URLLC,0.059453038191582624
266,URLLC,0.059357572259388744
267,URLLC,0.059906915807123894
268,URLLC,0.05962989134496595
269,URLLC,0.05970240657167399
270,URLLC,0.059674232743515424
271,URLLC,0.05950981321321436
272,URLLC,0.05954846088030432
273,URLLC,0.05964840159470893
274,URLLC,0.05997779321288988
275,URLLC,0.0595020526165896
276,URLLC,0.059791349604646216
277,URLLC,0.0597516551320768
278,URLLC,0.05990287869623735
279,URLLC,0.059577132353931514
280,URLLC,0.05967115429566292
281,URLLC,0.05964815648331276
282,URLLC,0.05988813594906243
283,URLLC,0.05956340161416784
284,URLLC,0.05963047559205611
285,URLLC,0.05983799252972207
286,URLLC,0.05937485641076895
287,URLLC,0.05961962025563753
288,URLLC,0.059536300721441164
289,URLLC,0.05957891404426154
290,URLLC,0.05936267407828634
291,URLLC,0.05968344583196589
292,URLLC,0.05969570223625395
293,URLLC,0.05946523630523876
294,URLLC,0.059574118704435276
295,URLLC,0.0595394692695374
296,URLLC,0.0597381631966459
297,URLLC,0.05974636013221132
298,URLLC,0.05964838252883114
299,URLLC,0.059684828401804065
300,URLLC,0.059681026241756766
301,URLLC,0.05970023824868501
302,URLLC,0.05972240073659961
303,URLLC,0.05970938187785096
304,URLLC,0.05975316192440219
305,URLLC,0.05974317596411689
306,URLLC,0.05960113724254179
307,URLLC,0.059474704140515804
308,URLLC,0.059605752989295505
309,URLLC,0.059770478711800364
310,URLLC,0.05956126896663382
311,URLLC,0.05935976123477899
312,URLLC,0.059280169394101224
313,URLLC,0.059722597236563604
314,URLLC,0.05981386790490219
315,URLLC,0.05959066263116566
316,URLLC,0.05977395855655244
317,URLLC,0.05976950734807602
318,URLLC,0.059663857023309105
319,URLLC,0.05958635334197694
320,URLLC,0.059332499301479616
321,URLLC,0.0595446918574623
322,URLLC,0.059540023489505656
323,URLLC,0.05971934672434231
324,URLLC,0.05991591434374516
325,URLLC,0.0598185413987768
326,URLLC,0.05952745810182839
327,URLLC,0.059857545720447984
328,URLLC,0.05967807086604655
329,URLLC,0.059395398112870285
330,URLLC,0.05937722344364478
331,URLLC,0.059304818602362946
332,URLLC,0.05936196095511974
333,URLLC,0.059548586997150564
334,URLLC,0.059399670096939784
335,URLLC,0.05998920517125865
336,URLLC,0.059654306496789045
337,URLLC,0.059815441245412514
338,URLLC,0.05967998748050179
339,URLLC,0.05950264519672167
340,URLLC,0.05971597493970102
341,URLLC,0.05971155627098333
342,URLLC,0.05943522701253222
343,URLLC,0.05978168527307817
344,URLLC,0.05970364256218449
345,URLLC,0.05963136016123725
346,URLLC,0.05984101755788093
347,URLLC,0.05943735126767211
348,URLLC,0.059683545046197876
349,URLLC,0.059690578479954785
350,URLLC,0.05952145419733362
351,URLLC,0.059609688179313364
352,URLLC,0.05917787648196911
353,URLLC,0.05975228122249392
354,URLLC,0.05970952065554951
355,URLLC,0.0598404053871434
356,URLLC,0.05965402112525623
357,URLLC,0.059782246768628276
358,URLLC,0.05947869821069341
359,URLLC,0.05962995347405306
360,URLLC,0.059601968039407434
361,URLLC,0.059704965089763945
362,URLLC,0.06002548523467488
363,URLLC,0.05930068468581743
364,URLLC,0.05946187699767144
365,URLLC,0.05938134124783827
366,URLLC,0.05965493805557558
367,URLLC,0.05972036519110707
368,URLLC,0.059475999391959924
369,URLLC,0.05978830336227117
370,URLLC,0.0596062966242917
371,URLLC,0.059400704420865286
372,URLLC,0.05947113688038989
373,URLLC,0.05942674538335063
374,URLLC,0.059219469932883906
375,URLLC,0.05961196425777547
376,URLLC,0.059574439610140195
377,URLLC,0.059632119348653596
378,URLLC,0.05950137665334079
379,URLLC,0.05985992656892181
380,URLLC,0.05941352158679318
381,URLLC,0.059206545861367844
382,URLLC,0.05935229067087843
383,URLLC,0.059658783141419286
384,URLLC,0.05982209476129745
385,URLLC,0.059775178557655045
386,URLLC,0.059360385231378786
387,URLLC,0.05983055792994015
388,URLLC,0.05911006583710924
389,URLLC,0.05953881243427871
390,URLLC,0.05928115366063947
391,URLLC,0.05957264450888629
392,URLLC,0.059569432357565025
393,URLLC,0.059366015692863025
394,URLLC,0.059664166088918294
395,URLLC,0.05971567377024613
396,URLLC,0.05953832408176629
397,URLLC,0.05951611331995437
398,URLLC,0.05961899385952944
399,URLLC,0.05971244487498257
400,URLLC,0.05974749742771598
401,URLLC,0.05958533005681493
402,URLLC,0.06006045263184226
403,URLLC,0.059470851702700646
404,URLLC,0.05951977127729811
405,URLLC,0.0599755366499281
406,URLLC,0.05961064819797206
407,URLLC,0.05949017765455053
408,URLLC,0.059477322357199144
409,URLLC,0.05972821264526968
410,URLLC,0.059699144829686406
411,URLLC,0.059520468687465106
412,URLLC,0.059680594904645154
413,URLLC,0.05993240262095855
414,URLLC,0.059521112562393654
415,URLLC,0.05952455979819175
416,URLLC,0.0597090142915072
417,URLLC,0.05948793797402119
418,URLLC,0.05975123206087661
419,URLLC,0.05924364999060281
420,URLLC,0.05961728802790669
421,URLLC,0.05946011985779664
422,URLLC,0.059495429598422744
423,URLLC,0.05938408318136411
424,URLLC,0.05978224309656205
425,URLLC,0.05941177572258368
426,URLLC,0.05965089198939836
427,URLLC,0.05950164103593297
428,URLLC,0.059769050174273496
429,URLLC,0.05993088260539122
430,URLLC,0.05946810218085732
431,URLLC,0.05965084961988601
432,URLLC,0.059982603684961035
433,URLLC,0.05966891522799154
434,URLLC,0.05962732840240933
435,URLLC,0.05984555560368118
436,URLLC,0.0595515445596073
437,URLLC,0.059707380626008597
438,URLLC,0.059489802429971844
439,URLLC,0.05962616927191427
440,URLLC,0.05971627457266589
441,URLLC,0.059653798044599464
442,URLLC,0.05955243520668915
443,URLLC,0.05954475008128698
444,URLLC,0.05963029700493815
445,URLLC,0.059437484173092546
446,URLLC,0.059779013666860656
447,URLLC,0.059623526381295595
448,URLLC,0.059886668743679226
449,URLLC,0.05970663458388237
450,URLLC,0.059797079910398995
451,URLLC,0.05973836494636905
452,URLLC,0.05941315841517329
453,URLLC,0.05966135536465892
454,URLLC,0.05955951787694749
455,URLLC,0.05966491116673051
456,URLLC,0.059522056547356546
457,URLLC,0.0596754756910899
458,URLLC,0.059776370666634895
459,URLLC,0.05995678326500879
460,URLLC,0.05968595225143512
461,URLLC,0.05939129477531414
462,URLLC,0.059607438388993704
463,URLLC,0.059875966742833076
464,URLLC,0.059731683470023805
465,URLLC,0.05987577123349433
466,URLLC,0.05961938327044246
467,URLLC,0.059780071985621415
468,URLLC,0.05967368243646294
469,URLLC,0.0595056074533222
470,URLLC,0.059650891791017464
471,URLLC,0.059583465578230514
472,URLLC,0.059628840730440856
473,URLLC,0.05956350571892091
474,URLLC,0.05958179592816278
475,URLLC,0.05973888389196482
476,URLLC,0.059685927816540675
477,URLLC,0.05966048937182378
478,URLLC,0.05932568297286324
479,URLLC,0.059881471305956446
480,URLLC,0.059608476051059935
481,URLLC,0.059925337398572746
482,URLLC,0.05961183475662748
483,URLLC,0.05964696973944022
484,URLLC,0.0596963465087071
485,URLLC,0.05949958872873756
486,URLLC,0.05953972883437068
487,URLLC,0.05945647847905759
488,URLLC,0.05954806352869567
489,URLLC,0.059894180078008515
490,URLLC,0.05978127894805879
491,URLLC,0.059264149027756514
492,URLLC,0.05966805546921365
493,URLLC,0.059901693181161744
494,URLLC,0.05973959152554566
495,URLLC,0.05973632508735295
496,URLLC,0.059715179418197116
497,URLLC,0.05982227410015825
498,URLLC,0.059425495909776076
499,URLLC,0.05977311661985766
500,URLLC,0.05945354007567604
501,URLLC,0.05959865492304357
502,URLLC,0.059542110057997984
503,URLLC,0.05963967875398838
504,URLLC,0.059681155916779166
505,URLLC,0.05978492601730391
506,URLLC,0.059596899735454234
507,URLLC,0.059635507798188075
508,URLLC,0.05965141944616017
509,URLLC,0.05945093709367335
510,URLLC,0.05937787222169041
511,URLLC,0.0598179372258373
512,URLLC,0.059501791104866454
513,URLLC,0.05965440623902841
514,URLLC,0.05958878848733256
515,URLLC,0.05947585702583857
516,URLLC,0.0597092618634556
517,URLLC,0.059798768214600125
518,URLLC,0.05964932771011747
519,URLLC,0.059875895298004043
520,URLLC,0.059635311266300506
521,URLLC,0.0595934473128326
522,URLLC,0.059681779321368325
523,URLLC,0.059333050786152995
524,URLLC,0.0597869261820641
525,URLLC,0.060070041980583626
526,URLLC,0.059749428002214396
527,URLLC,0.05988896010913809
528,URLLC,0.05934240279183518
529,URLLC,0.05965021527773257
530,URLLC,0.05978774105939279
531,URLLC,0.05941133859212449
532,URLLC,0.05967648274292928
533,URLLC,0.05979266512942035
534,URLLC,0.059582613933332126
535,URLLC,0.0596095730127726
536,URLLC,0.05956974060147276
537,URLLC,0.059770809564680394
538,URLLC,0.05970447724734826
539,URLLC,0.0595355002529103
540,URLLC,0.05971696000250669
541,URLLC,0.05988928166527617
542,URLLC,0.05973261650381287
543,URLLC,0.05948314787223717
544,URLLC,0.06001647307554565
545,URLLC,0.059480664500151714
546,URLLC,0.059656240637384776
547,URLLC,0.05957775523065995
548,URLLC,0.059434406734699796
549,URLLC,0.05990973445707326
550,URLLC,0.05929241190529078
551,URLLC,0.05970890942970723
552,URLLC,0.05968067915481672
553,URLLC,0.059688139458664496
554,URLLC,0.05945418550625384
555,URLLC,0.059477455942963255
556,URLLC,0.05944946818063857
557,URLLC,0.059607357684866094
558,URLLC,0.0598997664608744
559,URLLC,0.05974431682293223
560,URLLC,0.05987185484207841
561,URLLC,0.05975732520439733
562,URLLC,0.05941398140233244
563,URLLC,0.0596422309012549
564,URLLC,0.059390338334640386
565,URLLC,0.059518493853060996
566,URLLC,0.05988879907684744
567,URLLC,0.05956318088219184
568,URLLC,0.059508816539893025
569,URLLC,0.05960027582540019
570,URLLC,0.05966299292874086
571,URLLC,0.05977843428945157
572,URLLC,0.05935039914449603
573,URLLC,0.05966879951772577
574,URLLC,0.05980825979280704
575,URLLC,0.059518947335153574
576,URLLC,0.059618610233428314
577,URLLC,0.059682787574480145
578,URLLC,0.05944772773696399
579,URLLC,0.059818716868897163
580,URLLC,0.0597764649882327
581,URLLC,0.059383707290606935
582,URLLC,0.05979706115856631
583,URLLC,0.05922149412524129
584,URLLC,0.059270248324646696
585,URLLC,0.059825935900137406
586,URLLC,0.059488493494539295
587,URLLC,0.05979677588090646
588,URLLC,0.059565482173606084
589,URLLC,0.059503665924778
590,URLLC,0.05960040323477214
591,URLLC,0.059495486600568886
592,URLLC,0.05995828779584137
593,URLLC,0.059716635901340416
594,URLLC,0.05964774665671877
595,URLLC,0.05934385714765904
596,URLLC,0.05985524536727151
597,URLLC,0.059439331401313224
598,URLLC,0.05932722173738249
599,URLLC,0.05973498755532203
600,URLLC,0.059748994499617236
601,URLLC,0.05926745163618789
602,URLLC,0.05981357646820508
603,URLLC,0.05969935548957249
604,URLLC,0.0595108738853376
605,URLLC,0.059594757337168555
606,URLLC,0.059692339710308386
607,URLLC,0.05967427070887596
608,URLLC,0.05948660678310922
609,URLLC,0.059754722825418646
610,URLLC,0.05932275985530822
611,URLLC,0.059382734642511335
612,URLLC,0.05946321623162418
613,URLLC,0.05971444468647613
614,URLLC,0.0593510823283637
615,URLLC,0.059770700745953476
616,URLLC,0.059575744238342554
617,URLLC,0.05969719351262185
618,URLLC,0.05965414700910249
619,URLLC,0.05941357575183587
620,URLLC,0.0596749778845549
621,URLLC,0.05980613044558464
622,URLLC,0.05947520219003426
623,URLLC,0.05964249475557182
624,URLLC,0.05940941838001791
625,URLLC,0.05976113476188879
626,URLLC,0.05965646423056464
627,URLLC,0.059714307929162005
628,URLLC,0.05942856593831515
629,URLLC,0.05977085282135957
630,URLLC,0.059693972915481786
631,URLLC,0.059405315362350546
632,URLLC,0.05992703146468093
633,URLLC,0.0593847614834828
634,URLLC,0.059444915005187844
635,URLLC,0.05979393689703377
636,URLLC,0.059455342620975786
637,URLLC,0.059656379081263415
638,URLLC,0.05988620729791829
639,URLLC,0.05952822985956367
640,URLLC,0.059817770907545496
641,URLLC,0.059590636873275794
642,URLLC,0.0594670258161821
643,URLLC,0.059677316566379375
644,URLLC,0.05944126559766122
645,URLLC,0.05949108096845111
646,URLLC,0.05978045169821448
647,URLLC,0.05964150625357294
648,URLLC,0.05977336631238552
649,URLLC,0.05952516001060496
650,URLLC,0.05934982026677084
651,URLLC,0.05931548550737466
652,URLLC,0.05950292122968525
653,URLLC,0.05948569993993955
654,URLLC,0.05980394924165816
655,URLLC,0.05981590203752978
656,URLLC,0.059356610581122494
657,URLLC,0.059834377613406126
658,URLLC,0.059601085805461834
659,URLLC,0.059293192679276525
660,URLLC,0.05940831799791205
661,URLLC,0.059393008619361046
662,URLLC,0.05936834647088106
663,URLLC,0.059881312798661934
664,URLLC,0.0595682600137041
665,URLLC,0.059578181707433564
666,URLLC,0.05968592928673666
667,URLLC,0.05996432564377514
668,URLLC,0.05944321641379038
669,URLLC,0.059627125531371256
670,URLLC,0.05948625553827721
671,URLLC,0.05967003587548528
672,URLLC,0.05944245095559373
673,URLLC,0.05946936743388391
674,URLLC,0.059232546290189356
675,URLLC,0.0596197453047672
676,URLLC,0.05961624682951946
677,URLLC,0.059781516346421454
678,URLLC,0.05947736501031329
679,URLLC,0.059620981001060745
680,URLLC,0.05985577059023984
681,URLLC,0.059736957764780135
682,URLLC,0.05943707888718667
683,URLLC,0.05949009721382629
684,URLLC,0.059451378911472785
685,URLLC,0.05954009067507504
686,URLLC,0.05956050877605148
687,URLLC,0.05966271420584542
688,URLLC,0.060022578694296266
689,URLLC,0.059530456196722814
690,URLLC,0.059772916093207534
691,URLLC,0.05974951285072542
692,URLLC,0.059878909219193886
693,URLLC,0.05952223373094257
694,URLLC,0.059791212842090005
695,URLLC,0.05948078872584824
696,URLLC,0.05954098987659549
697,URLLC,0.05976895651207363
698,URLLC,0.059733529064797806
699,URLLC,0.05925219392440544
700,URLLC,0.05965753608503588
701,URLLC,0.059736063380852654
702,URLLC,0.059550170669504486
703,URLLC,0.05955636512185933
704,URLLC,0.05981191185962719
705,URLLC,0.059320776541718315
706,URLLC,0.05952695600823742
707,URLLC,0.05976918807015363
708,URLLC,0.05970930654916984
709,URLLC,0.05975672181525235
710,URLLC,0.05961661703154797
711,URLLC,0.059467954005364865
712,URLLC,0.059699282910570556
713,URLLC,0.059777036879205964
714,URLLC,0.059414640286976066
715,URLLC,0.05950455999748581
716,URLLC,0.059588152205277516
717,URLLC,0.0596139349586741
718,URLLC,0.05956160067218549
719,URLLC,0.05956271140272775
720,URLLC,0.059483297683634064
721,URLLC,0.059676777381295114
722,URLLC,0.059535200242156555
723,URLLC,0.05946962047879575
724,URLLC,0.05965684012021773
725,URLLC,0.05979072146428565
726,URLLC,0.06000564720960332
727,URLLC,0.059502009625218184
728,URLLC,0.0596278103477175
729,URLLC,0.05962990753263228
730,URLLC,0.059447640105051915
731,URLLC,0.05961071309584239
732,URLLC,0.059510741720572476
733,URLLC,0.059578767177904425
734,URLLC,0.05931079086349629
735,URLLC,0.059813086173716036
736,URLLC,0.05991158408963404
737,URLLC,0.05975057527336854
738,URLLC,0.05966027625720865
739,URLLC,0.059520952559882066
740,URLLC,0.059519738745102586
741,URLLC,0.05961524252915556
742,URLLC,0.05952102222933928
743,URLLC,0.060014720221407074
744,URLLC,0.059716657808894014
745,URLLC,0.05961695569275301
746,URLLC,0.059935238254843475
747,URLLC,0.05955958553162797
748,URLLC,0.05944498395456239
749,URLLC,0.05959116338641636
750,URLLC,0.059604496322680674
751,URLLC,0.05933095324792508
752,URLLC,0.05962086715444333
753,URLLC,0.059850971253503964
754,URLLC,0.05993985370527625
755,URLLC,0.05957214114216414
756,URLLC,0.0598731002193958
757,URLLC,0.059325584523992794
758,URLLC,0.05953734490771365
759,URLLC,0.05968829263273475
760,URLLC,0.059649409630119866
761,URLLC,0.059756253071373874
762,URLLC,0.05950279141729864
763,URLLC,0.059614368504099034
764,URLLC,0.059429635286891595
765,URLLC,0.059690161151025135
766,URLLC,0.05951951076123801
767,URLLC,0.05971406696041959
768,URLLC,0.05945632036755238
769,URLLC,0.0597821145067828
770,URLLC,0.05993978651366155
771,URLLC,0.05995732525861711
772,URLLC,0.05973758248851318
773,URLLC,0.059708036645274395
774,URLLC,0.05952587288461222
775,URLLC,0.05952042431265665
776,URLLC,0.059630633060009354
777,URLLC,0.05948454721256655
778,URLLC,0.059715056433974636
779,URLLC,0.05969556066030908
780,URLLC,0.05974205595626473
781,URLLC,0.059759093520438386
782,URLLC,0.059473313849371656
783,URLLC,0.05949456280972105
784,URLLC,0.05944721689905373
785,URLLC,0.059490125335876755
786,URLLC,0.059495891344711026
787,URLLC,0.05976698311312403
788,URLLC,0.05969513095801365
789,URLLC,0.05951177209385011
790,URLLC,0.059393883388837214
791,URLLC,0.059594980040716825
792,URLLC,0.05950085565894102
793,URLLC,0.05978187437027639
794,URLLC,0.059649609023240374
795,URLLC,0.059713004894114775
796,URLLC,0.059541338662526984
797,URLLC,0.059584752024469875
798,URLLC,0.05951099815423972
799,URLLC,0.05969441578330218
800,URLLC,0.059577994576748054
801,URLLC,0.05954920527777932
802,URLLC,0.05923038403294284
803,URLLC,0.05948043987425889
804,URLLC,0.05951089676009241
805,URLLC,0.059588584032990236
806,URLLC,0.059513168120690296
807,URLLC,0.05974615738054305
808,URLLC,0.059816308937490986
809,URLLC,0.05972416495034597
810,URLLC,0.059690351647755775
811,URLLC,0.05964417207635917
812,URLLC,0.05945863558312742
813,URLLC,0.059460633024695835
814,URLLC,0.059619165386247515
815,URLLC,0.05944801368013388
816,URLLC,0.05989461642220247
817,URLLC,0.059831818132158356
818,URLLC,0.05943373919480389
819,URLLC,0.05961678208374041
820,URLLC,0.05997775791423453
821,URLLC,0.05957716088637362
822,URLLC,0.059763403070636704
823,URLLC,0.05979992888465377
824,URLLC,0.05945732809861539
825,URLLC,0.05957010092599356
826,URLLC,0.059245784725811275
827,URLLC,0.05965206828910764
828,URLLC,0.05965336341735586
829,URLLC,0.05969717423771328
830,URLLC,0.05950467425672642
831,URLLC,0.05962365837929948
832,URLLC,0.059557844164427914
833,URLLC,0.05958427870716049
834,URLLC,0.059611655805889036
835,URLLC,0.059690099218829604
836,URLLC,0.05951793649392659
837,URLLC,0.05948017826557924
838,URLLC,0.05979802356511226
839,URLLC,0.05961422742707485
840,URLLC,0.05953424797013419
841,URLLC,0.05970654003621852
842,URLLC,0.059538925264100914
843,URLLC,0.05958485073799844
844,URLLC,0.060040546895862267
845,URLLC,0.059743376221714724
846,URLLC,0.059668567438297966
847,URLLC,0.05991929845180989
848,URLLC,0.05972267048834973
849,URLLC,0.05983995780405974
850,URLLC,0.05958862769821936
851,URLLC,0.05965960452751496
852,URLLC,0.05973549078377475
853,URLLC,0.059628687733795996
854,URLLC,0.059532868417992546
855,URLLC,0.05940410721243183
856,URLLC,0.05959597647708343
857,URLLC,0.0600556486503478
858,URLLC,0.059700790397361155
859,URLLC,0.05964861450062944
860,URLLC,0.05969873954868683
861,URLLC,0.05972772202137511
862,URLLC,0.059940186899577516
863,URLLC,0.05963531213939624
864,URLLC,0.05971598555627178
865,URLLC,0.059879512637926395
866,URLLC,0.05967372424872342
867,URLLC,0.05929017075339705
868,URLLC,0.059606086739165044
869,URLLC,0.05961495072578459
870,URLLC,0.05974955567942095
871,URLLC,0.059562258624284554
872,URLLC,0.059725916711031696
873,URLLC,0.05936207108627677
874,URLLC,0.059592785578771526
875,URLLC,0.05945964964566122
876,URLLC,0.059515959497381095
877,URLLC,0.05980577350104842
878,URLLC,0.0596120811690117
879,URLLC,0.05942717363017534
880,URLLC,0.05959836473235198
881,URLLC,0.05937782116742412
882,URLLC,0.05954430202142254
883,URLLC,0.059298823509992486
884,URLLC,0.05957316922089895
885,URLLC,0.05975166179191777
886,URLLC,0.0599148395977129
887,URLLC,0.05981466374823262
888,URLLC,0.05946614778733717
889,URLLC,0.059595644547082466
890,URLLC,0.059567640493683925
891,URLLC,0.05972582836646916
892,URLLC,0.060006396248812134
893,URLLC,0.059738623228943764
894,URLLC,0.060029797897247765
895,URLLC,0.05971130160314619
896,URLLC,0.059607745897009165
897,URLLC,0.05987466741479277
898,URLLC,0.059471232343739217
899,URLLC,0.05977964853216644
900,URLLC,0.05971990411521197
901,URLLC,0.05942678820595123
902,URLLC,0.059619714984263494
903,URLLC,0.059260660510468584
904,URLLC,0.05954852078323495
905,URLLC,0.05976195282203093
906,URLLC,0.05931546823347898
907,URLLC,0.05969946211654852
908,URLLC,0.05962792480418182
909,URLLC,0.05965283689295987
910,URLLC,0.05985283972783878
911,URLLC,0.05961949104922171
912,URLLC,0.059464901368580576
913,URLLC,0.05944904805303876
914,URLLC,0.0596579595641573
915,URLLC,0.05946302993083458
916,URLLC,0.05980674393056395
917,URLLC,0.059738726156735575
918,URLLC,0.0594993422404459
919,URLLC,0.05965873431028496
920,URLLC,0.059625405717082545
921,URLLC,0.059957556255406455
922,URLLC,0.05952431379437137
923,URLLC,0.05965592602934772
924,URLLC,0.059804060510531915
925,URLLC,0.05952004150355521
926,URLLC,0.05961863284102733
927,URLLC,0.05949952697871037
928,URLLC,0.05958348193682059
929,URLLC,0.05928941796428975
930,URLLC,0.05960362456484982
931,URLLC,0.05961073805156676
932,URLLC,0.059641718425489834
933,URLLC,0.059972734480422805
934,URLLC,0.059745145866807604
935,URLLC,0.059554713154501455
936,URLLC,0.059628795009288936
937,URLLC,0.05993319099402418
938,URLLC,0.0598332087455629
939,URLLC,0.059616664075326085
940,URLLC,0.0595118600696227
941,URLLC,0.05976153358754279
942,URLLC,0.059154187858787226
943,URLLC,0.059715973639377216
944,URLLC,0.059731864116668844
945,URLLC,0.059651594768333864
946,URLLC,0.059807551162126216
947,URLLC,0.05973564925808149
948,URLLC,0.05952343617491695
949,URLLC,0.0595685699013
950,URLLC,0.059629709793413546
951,URLLC,0.05969841304300239
952,URLLC,0.05972666780489312
953,URLLC,0.05963229563980776
954,URLLC,0.05964820237387097
955,URLLC,0.05938062095510715
956,URLLC,0.05951211430985244
957,URLLC,0.05956564054987832
958,URLLC,0.05984572600302949
959,URLLC,0.059852262240189684
960,URLLC,0.05964834173426759
961,URLLC,0.05954922646686611
962,URLLC,0.05935984604619764
963,URLLC,0.059737838465356394
964,URLLC,0.059587662995392816
965,URLLC,0.05962281663615937
966,URLLC,0.05960796601071816
967,URLLC,0.059473332161406066
968,URLLC,0.05977654392913778
969,URLLC,0.05968292313559678
970,URLLC,0.059929682650673576
971,URLLC,0.05980718502725858
972,URLLC,0.059749289108532534
973,URLLC,0.059918665112259135
974,URLLC,0.05960684083738691
975,URLLC,0.05973518777024105
976,URLLC,0.0593339845923656
977,URLLC,0.05944581716062293
978,URLLC,0.05954520529646488
979,URLLC,0.059817341136921075
980,URLLC,0.05967703438932598
981,URLLC,0.05992610760594351
982,URLLC,0.05971671594000981
983,URLLC,0.05959125693438473
984,URLLC,0.05956059263068489
985,URLLC,0.05941899014837111
986,URLLC,0.059153054235004145
987,URLLC,0.05974917480122803
988,URLLC,0.05975549822696955
989,URLLC,0.0597514428862365
990,URLLC,0.05952324968947423
991,URLLC,0.059723882987622545
992,URLLC,0.059200155300287084
993,URLLC,0.05977634004889093
994,URLLC,0.05991426380816698
995,URLLC,0.05976707974164711
996,URLLC,0.059455223831374505
997,URLLC,0.05976216289746847
998,URLLC,0.059481443034134426
999,URLLC,0.05976711879390354
1000,URLLC,0.05943902162462792
1001,URLLC,0.05921308703425896
1002,URLLC,0.05938196918554051
1003,URLLC,0.05979875504677044
1004,URLLC,0.05973048134390325
1005,URLLC,0.05955829251528577
1006,URLLC,0.05962742567491178
1007,URLLC,0.0596502353037264
1008,URLLC,0.05982543343755738
1009,URLLC,0.05949926257159647
1010,URLLC,0.05970796057403862
1011,URLLC,0.05956236487369697
1012,URLLC,0.059736361789496754
1013,URLLC,0.05952498347741207
1014,URLLC,0.05947048337557044
1015,URLLC,0.0595485111670307
1016,URLLC,0.05953270640161098
1017,URLLC,0.05964817557819073
1018,URLLC,0.05985651813453986
1019,URLLC,0.05955384054126021
1020,URLLC,0.059679780448098525
1021,URLLC,0.05957117830719302
1022,URLLC,0.05956362929060787
1023,URLLC,0.05968542586042344
1024,URLLC,0.059781406385379404
1025,URLLC,0.05958737848509287
1026,URLLC,0.05956174444791403
1027,URLLC,0.05937312801005336
1028,URLLC,0.05966863648364483
1029,URLLC,0.05941272951768321
1030,URLLC,0.05943829614687477
1031,URLLC,0.05956359031493685
1032,URLLC,0.05957045616957227
1033,URLLC,0.059423370518220615
1034,URLLC,0.05985445740112179
1035,URLLC,0.059633197768458046
1036,URLLC,0.0595099761658428
1037,URLLC,0.05932387980966522
1038,URLLC,0.06019138030810573
1039,URLLC,0.05926969684257431
1040,URLLC,0.059643508111734723
1041,URLLC,0.05953880996161152
1042,URLLC,0.059890519668314254
1043,URLLC,0.05955523591800594
1044,URLLC,0.059529444372137114
1045,URLLC,0.05968877244119428
1046,URLLC,0.05953904663410208
1047,URLLC,0.05972612326600884
1048,URLLC,0.05977810902604155
1049,URLLC,0.05956035714251268
1050,URLLC,0.05938079497014024
1051,URLLC,0.059319566643520574
1052,URLLC,0.059918868788783046
1053,URLLC,0.059474684332626405
1054,URLLC,0.05956042533955552
1055,URLLC,0.05962007290863999
1056,URLLC,0.05950793441168514
1057,URLLC,0.05953938384712606
1058,URLLC,0.05966448339473068
1059,URLLC,0.05974566034728809
1060,URLLC,0.05959260061133457
1061,URLLC,0.05944341005042953
1062,URLLC,0.0598169168317082
1063,URLLC,0.05953572274271092
1064,URLLC,0.05949381939508135
1065,URLLC,0.05972187235157637
1066,URLLC,0.06001842866583539
1067,URLLC,0.05950266778218657
1068,URLLC,0.05974837893282399
1069,URLLC,0.05954620841162782
1070,URLLC,0.05971783119127858
1071,URLLC,0.05976326295978739
1072,URLLC,0.05985033854656697
1073,URLLC,0.059555665244834625
1074,URLLC,0.05946171768192959
1075,URLLC,0.060045280265244645
1076,URLLC,0.05955795352908146
1077,URLLC,0.059706418644125035
1078,URLLC,0.059489062103942045
1079,URLLC,0.05966828746870468
1080,URLLC,0.059736729063103455
1081,URLLC,0.05952437391920045
1082,URLLC,0.059524707468549175
1083,URLLC,0.059556048342083556
1084,URLLC,0.059513055773354626
1085,URLLC,0.05971560608116182
1086,URLLC,0.05975211192043942
1087,URLLC,0.05945326094203552
1088,URLLC,0.059360988518153385
1089,URLLC,0.05944731563752662
1090,URLLC,0.05942994568129415
1091,URLLC,0.05991015109155822
1092,URLLC,0.05987744261013976
1093,URLLC,0.059672700708429144
1094,URLLC,0.05952860795838959
1095,URLLC,0.059627438862804555
1096,URLLC,0.059740755671646086
1097,URLLC,0.059759941451546374
1098,URLLC,0.059670961492942515
1099,URLLC,0.05964673452811435
1100,URLLC,0.059658348779110595
1101,URLLC,0.05962772271278081
1102,URLLC,0.05956401915112474
1103,URLLC,0.05951142833795248
1104,URLLC,0.05964095103776174
1105,URLLC,0.05968752447823861
1106,URLLC,0.05961336914275439
1107,URLLC,0.05945464917882377
1108,URLLC,0.05979186130907489
1109,URLLC,0.059676144144660936
1110,URLLC,0.05939111720853668
1111,URLLC,0.05973011431981739
1112,URLLC,0.05950912428066156
1113,URLLC,0.05948559784535419
1114,URLLC,0.059666577790954814
1115,URLLC,0.05945331749935429
1116,URLLC,0.059849845891410916
1117,URLLC,0.059431820424287636
1118,URLLC,0.0598863807557711
1119,URLLC,0.059432504172553455
1120,URLLC,0.05962297996333301
1121,URLLC,0.05968194970595651
1122,URLLC,0.059611996090757166
1123,URLLC,0.05965312379207177
1124,URLLC,0.05955787255310075
1125,URLLC,0.05969251321223094
1126,URLLC,0.05965316764746021
1127,URLLC,0.0594475731929414
1128,URLLC,0.059485713802480515
1129,URLLC,0.05963331034101495
1130,URLLC,0.05935620842305492
1131,URLLC,0.05930938462366825
1132,URLLC,0.05990334337694699
1133,URLLC,0.05944375149006792
1134,URLLC,0.05949301571096281
1135,URLLC,0.059324387917162116
1136,URLLC,0.05960408245338328
1137,URLLC,0.05952826003026514
1138,URLLC,0.05965057445460615
1139,URLLC,0.0599855171906131
1140,URLLC,0.05970539432024165
1141,URLLC,0.05943096854116537
1142,URLLC,0.059773205815610186
1143,URLLC,0.059586962684278925
1144,URLLC,0.059456674241970715
1145,URLLC,0.0595693437637986
1146,URLLC,0.05964905504251097
1147,URLLC,0.05972657576502326
1148,URLLC,0.05956663137753373
1149,URLLC,0.05950335978062297
1150,URLLC,0.05938491465708524
1151,URLLC,0.059402327594556596
1152,URLLC,0.05925865118882087
1153,URLLC,0.05966704761781737
1154,URLLC,0.059317368561249785
1155,URLLC,0.05942695154118827
1156,URLLC,0.05952620860344274
1157,URLLC,0.05989409083360765
1158,URLLC,0.05977757135317163
1159,URLLC,0.059706103646869624
1160,URLLC,0.05991936739792475
1161,URLLC,0.05958772021035075
1162,URLLC,0.05984963577518631
1163,URLLC,0.059394954343293956
1164,URLLC,0.059668442432181244
1165,URLLC,0.05974407004690924
1166,URLLC,0.05944469072245381
1167,URLLC,0.05966934585130129
1168,URLLC,0.05982105698960493
1169,URLLC,0.05950742200508174
1170,URLLC,0.05963785972487248
1171,URLLC,0.05943445425331039
1172,URLLC,0.05955149727007585
1173,URLLC,0.05956331294265421
1174,URLLC,0.059808442775649825
1175,URLLC,0.059575036237817014
1176,URLLC,0.05993109869467246
1177,URLLC,0.059591872258409784
1178,URLLC,0.05975763484013454
1179,URLLC,0.059685400474594856
1180,URLLC,0.05956608459872265
1181,URLLC,0.05953355235682261
1182,URLLC,0.05942590655714121
1183,URLLC,0.05953673626621189
1184,URLLC,0.05939781203838165
1185,URLLC,0.059781732384664575
1186,URLLC,0.05955921962990466
1187,URLLC,0.05941360485524536
1188,URLLC,0.059647626254063016
1189,URLLC,0.0596502936017355
1190,URLLC,0.05980799724708002
1191,URLLC,0.05940355205295571
1192,URLLC,0.060068084785326284
1193,URLLC,0.059447665405624676
1194,URLLC,0.0600313624903012
1195,URLLC,0.05948338928999325
1196,URLLC,0.05964123821429968
1197,URLLC,0.059338744167388456
1198,URLLC,0.059321647576801036
1199,URLLC,0.059424611290181596
1200,URLLC,0.059943026313020446
1201,URLLC,0.0594810263664053
1202,URLLC,0.05931116087662694
1203,URLLC,0.059543609976211484
1204,URLLC,0.059751031126115815
1205,URLLC,0.05951959378804188
1206,URLLC,0.059454327877800854
1207,URLLC,0.059730343138753625
1208,URLLC,0.05966169605473729
1209,URLLC,0.05931840419320838
1210,URLLC,0.0596033522096793
1211,URLLC,0.059428746944551226
1212,URLLC,0.05943462083373634
1213,URLLC,0.05952016099783137
1214,URLLC,0.059563458877601304
1215,URLLC,0.05976350116432647
1216,URLLC,0.05974138060908757
1217,URLLC,0.05962890333114496
1218,URLLC,0.059477334954385216
1219,URLLC,0.059463763154412444
1220,URLLC,0.059463116713869175
1221,URLLC,0.059630928808971355
1222,URLLC,0.05979360215626274
1223,URLLC,0.05956720427008627
1224,URLLC,0.05973474266643351
1225,URLLC,0.05994639959264516
1226,URLLC,0.05932494501393436
1227,URLLC,0.0593281555998034
1228,URLLC,0.059764133001119296
1229,URLLC,0.05964587779229077
1230,URLLC,0.059337031375149646
1231,URLLC,0.059383236742482186
1232,URLLC,0.06005545543680019
1233,URLLC,0.05967620447739272
1234,URLLC,0.05957696760362751
1235,URLLC,0.059530809539400854
1236,URLLC,0.059599604025057894
1237,URLLC,0.059523322228339094
1238,URLLC,0.059543648763792215
1239,URLLC,0.0594792078964498
1240,URLLC,0.05978627985999792
1241,URLLC,0.05948660460616464
1242,URLLC,0.05925750713581958
1243,URLLC,0.05969700643500161
1244,URLLC,0.05975860886116512
1245,URLLC,0.059721488559330516
1246,URLLC,0.05964476903122166
1247,URLLC,0.05926653883215953
1248,URLLC,0.05961838458802785
1249,URLLC,0.059566836155699125
1250,URLLC,0.05964234456700902
1251,URLLC,0.059528441476888336
1252,URLLC,0.05976170632151772
1253,URLLC,0.059561078995125624
1254,URLLC,0.05982060983174812
1255,URLLC,0.05953320294414742
1256,URLLC,0.05969634880649689
1257,URLLC,0.059399787543114105
1258,URLLC,0.059513215910569524
1259,URLLC,0.059551669913399156
1260,URLLC,0.05959858479478688
1261,URLLC,0.059814726371444665
1262,URLLC,0.05998163700087129
1263,URLLC,0.05939603389192436
1264,URLLC,0.05957709923002282
1265,URLLC,0.059626914436160056
1266,URLLC,0.059732262129269055
1267,URLLC,0.0594489829354267
1268,URLLC,0.05945872377867497
1269,URLLC,0.05943506498695856
1270,URLLC,0.059656425555656895
1271,URLLC,0.059515544021630944
1272,URLLC,0.05934445070431276
1273,URLLC,0.059530416079919615
1274,URLLC,0.05964833536555209
1275,URLLC,0.0600920573610048
1276,URLLC,0.059852240930603554
1277,URLLC,0.05944770498048776
1278,URLLC,0.05940909755247257
1279,URLLC,0.059559277776841724
1280,URLLC,0.059787373074459194
1281,URLLC,0.05991114721465459
1282,URLLC,0.05959182894083784
1283,URLLC,0.059567360001001955
1284,URLLC,0.05963822486387721
1285,URLLC,0.05984815599982796
1286,URLLC,0.059647813388835194
1287,URLLC,0.059620366419884954
1288,URLLC,0.06004274316859482
1289,URLLC,0.05988104281974849
1290,URLLC,0.05985832825802198
1291,URLLC,0.059256006157121455
1292,URLLC,0.059747071318647905
1293,URLLC,0.059428303371320164
1294,URLLC,0.05952886706047771
1295,URLLC,0.059554724672718676
1296,URLLC,0.05951170808471842
1297,URLLC,0.059702075442664274
1298,URLLC,0.05958273610260763
1299,URLLC,0.059544090842791664
1300,URLLC,0.05945777213957461
1301,URLLC,0.059406423229362695
1302,URLLC,0.05961933124604994
1303,URLLC,0.05933623215274862
1304,URLLC,0.05945045270220394
1305,URLLC,0.05944765802056658
1306,URLLC,0.05956306433186363
1307,URLLC,0.05992986772344285
1308,URLLC,0.05981931013635115
1309,URLLC,0.05962812489726474
1310,URLLC,0.05989725584957845
1311,URLLC,0.0595548863452966
1312,URLLC,0.05981766129260878
1313,URLLC,0.05953701565244809
1314,URLLC,0.05957369946458007
1315,URLLC,0.0593624680354933
1316,URLLC,0.05979634991300333
1317,URLLC,0.05982206073066991
1318,URLLC,0.059485244219164506
1319,URLLC,0.059090130176079274
1320,URLLC,0.05978177088522397
1321,URLLC,0.05971407212516605
1322,URLLC,0.0595514867170051
1323,URLLC,0.05965135927195335
1324,URLLC,0.05970714653453434
1325,URLLC,0.05989646080986592
1326,URLLC,0.05956637999209274
1327,URLLC,0.059473366448038315
1328,URLLC,0.05960470121583061
1329,URLLC,0.059481399544893065
1330,URLLC,0.05981725872866931
1331,URLLC,0.059913736328922836
1332,URLLC,0.059905361363261224
1333,URLLC,0.05983296198147795
1334,URLLC,0.05975424141905826
1335,URLLC,0.05958660121707704
1336,URLLC,0.05985743726475464
1337,URLLC,0.05986936704607127
1338,URLLC,0.05943346502407034
1339,URLLC,0.05954405249185208
1340,URLLC,0.05976653559727927
1341,URLLC,0.0593364578682134
1342,URLLC,0.060124888103638016
1343,URLLC,0.05949431310277572
1344,URLLC,0.05957743316180059
1345,URLLC,0.05964340257326358
1346,URLLC,0.059682862102145046
1347,URLLC,0.05992413494065986
1348,URLLC,0.059689007417376615
1349,URLLC,0.059779601424694746
1350,URLLC,0.05979852195889233
1351,URLLC,0.05935889083423769
1352,URLLC,0.05957784304329627
1353,URLLC,0.05946069510813936
1354,URLLC,0.05953654898673585
1355,URLLC,0.0597054463317369
1356,URLLC,0.059870785677470645
1357,URLLC,0.059536900955913574
1358,URLLC,0.05971279953373841
1359,URLLC,0.059655078476232554
1360,URLLC,0.05971763321824002
1361,URLLC,0.05982571099575917
1362,URLLC,0.059707870243120194
1363,URLLC,0.059557405159190516
1364,URLLC,0.059683587858803046
1365,URLLC,0.059660234545271626
1366,URLLC,0.059602378719355004
1367,URLLC,0.05982413234191897
1368,URLLC,0.05939052761285454
1369,URLLC,0.05990216772131753
1370,URLLC,0.05951334348696775
1371,URLLC,0.05967172887437038
1372,URLLC,0.05962887851587741
1373,URLLC,0.05961128749267101
1374,URLLC,0.05944724924384864
1375,URLLC,0.059526826548844336
1376,URLLC,0.05961047981872661
1377,URLLC,0.05951281649343112
1378,URLLC,0.05958290644125355
1379,URLLC,0.05957043880920031
1380,URLLC,0.05984284122482511
1381,URLLC,0.0591988805327028
1382,URLLC,0.05937866802205608
1383,URLLC,0.05965342194446883
1384,URLLC,0.059897524231421355
1385,URLLC,0.05949302936687228
1386,URLLC,0.059610258292313575
1387,URLLC,0.0596570502058541
1388,URLLC,0.05931723349079505
1389,URLLC,0.06011110971008715
1390,URLLC,0.05977371156553758
1391,URLLC,0.059677829286859684
1392,URLLC,0.05938880544823758
1393,URLLC,0.05933882540058836
1394,URLLC,0.05979183400099492
1395,URLLC,0.05959181495940958
1396,URLLC,0.05948332020949402
1397,URLLC,0.059905399710474774
1398,URLLC,0.05960596327318155
1399,URLLC,0.05947851247048299
1400,URLLC,0.059816440743388655
1401,URLLC,0.05974216965254421
1402,URLLC,0.05961942457847359
1403,URLLC,0.05945091011554732
1404,URLLC,0.05963703599386454
1405,URLLC,0.05934557107831709
1406,URLLC,0.05962080150226956
1407,URLLC,0.059593735039574124
1408,URLLC,0.059286109808888675
1409,URLLC,0.05976833442742361
1410,URLLC,0.059623390358346455
1411,URLLC,0.059823887183469336
1412,URLLC,0.059428446685028946
1413,URLLC,0.059418430578569346
1414,URLLC,0.05961131141606945
1415,URLLC,0.05956478717864785
1416,URLLC,0.05946340346228088
1417,URLLC,0.05956459439376883
1418,URLLC,0.059744244394393214
1419,URLLC,0.059220574163204455
1420,URLLC,0.059412424540400154
1421,URLLC,0.05961784353987654
1422,URLLC,0.059350914458197034
1423,URLLC,0.05947425955994484
1424,URLLC,0.05961717202962353
1425,URLLC,0.059454072679409845
1426,URLLC,0.05931371999448242
1427,URLLC,0.0595371873273919
1428,URLLC,0.05945844166110242
1429,URLLC,0.059877161535801464
1430,URLLC,0.05962020950549666
1431,URLLC,0.05950120078328981
1432,URLLC,0.059806654351576144
1433,URLLC,0.05943319833412696
1434,URLLC,0.05975713183182173
1435,URLLC,0.059700793269191976
1436,URLLC,0.05971662638654275
1437,URLLC,0.059742650157685484
1438,URLLC,0.059789954832421444
1439,URLLC,0.05976659809371371
1440,URLLC,0.059448937516404524
1441,URLLC,0.05957300126272964
1442,URLLC,0.05957820166309351
1443,URLLC,0.059331047691879246
1444,URLLC,0.05984885063981201
1445,URLLC,0.05972432194389823
1446,URLLC,0.05956235499587327
1447,URLLC,0.05978878914760376
1448,URLLC,0.05959997085155842
1449,URLLC,0.05939980749901369
1450,URLLC,0.059888974002163475
1451,URLLC,0.059649081644987494
1452,URLLC,0.059273889015833206
1453,URLLC,0.05978170508785458
1454,URLLC,0.05975495807153008
1455,URLLC,0.05969171498472022
1456,URLLC,0.05966833330039493
1457,URLLC,0.059707514081118844
1458,URLLC,0.0597619916627658
1459,URLLC,0.05960610600914932
1460,URLLC,0.05966286688296415
1461,URLLC,0.059483827359675584
1462,URLLC,0.05989364920369828
1463,URLLC,0.0594950103811128
1464,URLLC,0.05959796830745925
1465,URLLC,0.05967770730236991
1466,URLLC,0.05973003640046899
1467,URLLC,0.05977087812483295
1468,URLLC,0.05952305598217138
1469,URLLC,0.05970792006893114
1470,URLLC,0.05971955742388053
1471,URLLC,0.05981189573499475
1472,URLLC,0.05958877087583325
1473,URLLC,0.059581848706324596
1474,URLLC,0.059540697430200816
1475,URLLC,0.059622566067124155
1476,URLLC,0.059831878534834786
1477,URLLC,0.05940162816074086
1478,URLLC,0.05975328563515405
1479,URLLC,0.06020294298287706
1480,URLLC,0.05971620027605101
1481,URLLC,0.05981690563899488
1482,URLLC,0.05990088359375633
1483,URLLC,0.05965986768978788
1484,URLLC,0.05958804199206264
1485,URLLC,0.05978652961201354
1486,URLLC,0.05940718946575488
1487,URLLC,0.05983371652271252
1488,URLLC,0.059391300570144384
1489,URLLC,0.05961919093853624
1490,URLLC,0.059696009073820645
1491,URLLC,0.059639352019275435
1492,URLLC,0.05983612586401844
1493,URLLC,0.059767940135031325
1494,URLLC,0.059663736550741475
1495,URLLC,0.05948994950938661
1496,URLLC,0.05986383161240752
1497,URLLC,0.0594777813604742
1498,URLLC,0.0595365108107968
1499,URLLC,0.059690347463649214
1500,URLLC,0.059505825568590326
1501,URLLC,0.05976912041434224
1502,URLLC,0.05954092108725692
1503,URLLC,0.060040379988624624
1504,URLLC,0.059504232154907986
1505,URLLC,0.05926665955974242
1506,URLLC,0.05977809039448919
1507,URLLC,0.059821472472467156
1508,URLLC,0.05974661090931799
1509,URLLC,0.05980755861986558
1510,URLLC,0.059526989769008665
1511,URLLC,0.059348560434126695
1512,URLLC,0.05967423345202819
1513,URLLC,0.059498149600997495
1514,URLLC,0.059862620602869544
1515,URLLC,0.059652803839629
1516,URLLC,0.05929552686734292
1517,URLLC,0.059434859699205506
1518,URLLC,0.05947130058261425
1519,URLLC,0.05959511170212274
1520,URLLC,0.05960237119448319
1521,URLLC,0.0598985686053799
1522,URLLC,0.05991549125520893
1523,URLLC,0.059767460953811136
1524,URLLC,0.05972566099043823
1525,URLLC,0.05991080714763285
1526,URLLC,0.05942776001226363
1527,URLLC,0.05962707790575828
1528,URLLC,0.059585145714448055
1529,URLLC,0.05966241009958527
1530,URLLC,0.05954581131589967
1531,URLLC,0.059424729395565264
1532,URLLC,0.05966924102605179
1533,URLLC,0.05961269074572624
1534,URLLC,0.05962516718219765
1535,URLLC,0.059717613912326446
1536,URLLC,0.05951874051010533
1537,URLLC,0.05962273439084563
1538,URLLC,0.05980252621995363
1539,URLLC,0.059644686815447406
1540,URLLC,0.05954367084864531
1541,URLLC,0.059729122060046755
1542,URLLC,0.059665818544037276
1543,URLLC,0.05962092370645148
1544,URLLC,0.05962553926699325
1545,URLLC,0.0597264787204991
1546,URLLC,0.05967996161375171
1547,URLLC,0.0597069155793337
1548,URLLC,0.05965385485323738
1549,URLLC,0.05933250688018865
1550,URLLC,0.059623325857823116
1551,URLLC,0.05931260948964972
1552,URLLC,0.059651419276553555
1553,URLLC,0.059721233230116834
1554,URLLC,0.05977217170250557
1555,URLLC,0.05961896430155054
1556,URLLC,0.059611923322120425
1557,URLLC,0.05957429572717982
1558,URLLC,0.059910330825919386
1559,URLLC,0.05953109166963723
1560,URLLC,0.059686876061212764
1561,URLLC,0.059545657180604894
1562,URLLC,0.059504006209622665
1563,URLLC,0.0593678896014064
1564,URLLC,0.05947704084574766
1565,URLLC,0.05970273939745362
1566,URLLC,0.05993210454685706
1567,URLLC,0.05945284023940941
1568,URLLC,0.05964636432209353
1569,URLLC,0.05989521049347958
1570,URLLC,0.059521365022608484
1571,URLLC,0.0595065567040346
1572,URLLC,0.05989892372763373
1573,URLLC,0.0596766275160622
1574,URLLC,0.05937917981011778
1575,URLLC,0.05942269425800834
1576,URLLC,0.059511209646468353
1577,URLLC,0.05960474894887418
1578,URLLC,0.059512014932398445
1579,URLLC,0.05965740833266638
1580,URLLC,0.05949550624712594
1581,URLLC,0.059662832295667205
1582,URLLC,0.05939604996015671
1583,URLLC,0.059363168897804956
1584,URLLC,0.05974479882746616
1585,URLLC,0.05960467885110024
1586,URLLC,0.0596690529450491
1587,URLLC,0.059636421450479156
1588,URLLC,0.05980554943326662
1589,URLLC,0.059654026645184384
1590,URLLC,0.059393268755347846
1591,URLLC,0.05971315867704884
1592,URLLC,0.05963445524887442
1593,URLLC,0.05958598295236195
1594,URLLC,0.059660190148631366
1595,URLLC,0.05946894816988166
1596,URLLC,0.05980634406187568
1597,URLLC,0.05970122314250065
1598,URLLC,0.0592945193076782
1599,URLLC,0.05940240980112585
1600,URLLC,0.059479813068476314
1601,URLLC,0.05952083122361561
1602,URLLC,0.05958840056798713
1603,URLLC,0.05962989219088585
1604,URLLC,0.059544613692732215
1605,URLLC,0.0595221649377405
1606,URLLC,0.05968550875929942
1607,URLLC,0.05950598041134107
1608,URLLC,0.059675564606128675
1609,URLLC,0.05945420030338758
1610,URLLC,0.059578947554447675
1611,URLLC,0.05966423139182975
1612,URLLC,0.0597154666423187
1613,URLLC,0.05936421102278464
1614,URLLC,0.05964384842834735
1615,URLLC,0.059846673464208154
1616,URLLC,0.05950925729234873
1617,URLLC,0.05975926902854474
1618,URLLC,0.059414813729966244
1619,URLLC,0.05956051333721915
1620,URLLC,0.05975410685181453
1621,URLLC,0.059518269868625566
1622,URLLC,0.05968606299552668
1623,URLLC,0.05989090643422011
1624,URLLC,0.05965291369826437
1625,URLLC,0.05975790109102645
1626,URLLC,0.059758574980312
1627,URLLC,0.05939735623712385
1628,URLLC,0.05926437549260579
1629,URLLC,0.05964749155532669
1630,URLLC,0.05952086654339098
1631,URLLC,0.059279736442586814
1632,URLLC,0.0597002163624917
1633,URLLC,0.059394995604868786
1634,URLLC,0.05985217169255232
1635,URLLC,0.05976923227606006
1636,URLLC,0.05943550083239603
1637,URLLC,0.059380116731592346
1638,URLLC,0.05983389158489217
1639,URLLC,0.0595166948884929
1640,URLLC,0.05971600060842093
1641,URLLC,0.059601469762180635
1642,URLLC,0.05981056575886784
1643,URLLC,0.05956674953603066
1644,URLLC,0.05963020311064843
1645,URLLC,0.059775752935723694
1646,URLLC,0.05958174919711957
1647,URLLC,0.05938920477313667
1648,URLLC,0.05962719299408579
1649,URLLC,0.0596612144393902
1650,URLLC,0.05928463165545042
1651,URLLC,0.059854687427818284
1652,URLLC,0.05963074213253111
1653,URLLC,0.05945598396996401
1654,URLLC,0.059493843371097
1655,URLLC,0.059821830072704175
1656,URLLC,0.059629798457470934
1657,URLLC,0.05981180146453284
1658,URLLC,0.05972590976011457
1659,URLLC,0.059574015853473106
1660,URLLC,0.059744873666948264
1661,URLLC,0.059676828287566965
1662,URLLC,0.05942940808627413
1663,URLLC,0.059864546406513605
1664,URLLC,0.05982607578031157
1665,URLLC,0.060048972475837875
1666,URLLC,0.05952757414922975
1667,URLLC,0.05951725645330259
1668,URLLC,0.05971816676049611
1669,URLLC,0.05968956042831929
1670,URLLC,0.05963677350313786
1671,URLLC,0.05958231868543475
1672,URLLC,0.05977196244606469
1673,URLLC,0.05956139215457848
1674,URLLC,0.059322426868953386
1675,URLLC,0.05937135418186124
1676,URLLC,0.05934872609452235
1677,URLLC,0.0591629285146002
1678,URLLC,0.05928753354420944
1679,URLLC,0.059562619967433915
1680,URLLC,0.05980041261653294
1681,URLLC,0.05973623276622297
1682,URLLC,0.05979256046040816
1683,URLLC,0.05957298152202093
1684,URLLC,0.059870028494638586
1685,URLLC,0.05990666758510194
1686,URLLC,0.05972725920617227
1687,URLLC,0.05921042505877207
1688,URLLC,0.05962635180081852
1689,URLLC,0.05943831448181759
1690,URLLC,0.059169317143825416
1691,URLLC,0.05958543530737472
1692,URLLC,0.059462775697413886
1693,URLLC,0.059206282049078095
1694,URLLC,0.059602958812076626
1695,URLLC,0.05967706896556111
1696,URLLC,0.0594995854829713
1697,URLLC,0.059923941037245444
1698,URLLC,0.059633823804870825
1699,URLLC,0.05962911412588079
1700,URLLC,0.05949529339854916
1701,URLLC,0.05943993593261106
1702,URLLC,0.059475103977300714
1703,URLLC,0.05965087670580716
1704,URLLC,0.0599009270597479
1705,URLLC,0.05960701863330745
1706,URLLC,0.05956593457602668
1707,URLLC,0.05949653124265687
1708,URLLC,0.05978141737559875
1709,URLLC,0.059743272204460005
1710,URLLC,0.05950833361789737
1711,URLLC,0.059564732118840426
1712,URLLC,0.05944749375054596
1713,URLLC,0.05956596896970149
1714,URLLC,0.059797293464858646
1715,URLLC,0.059666386028285945
1716,URLLC,0.05949550952600904
1717,URLLC,0.0596633879720807
1718,URLLC,0.059445030336695244
1719,URLLC,0.05979812894493942
1720,URLLC,0.05966963369717593
1721,URLLC,0.059372491945217126
1722,URLLC,0.05950825251347662
1723,URLLC,0.059521694336240986
1724,URLLC,0.05932019819514736
1725,URLLC,0.05971077012252106
1726,URLLC,0.05969708845865461
1727,URLLC,0.05976242148034157
1728,URLLC,0.05967342062473593
1729,URLLC,0.059772765386154905
1730,URLLC,0.05976964807243768
1731,URLLC,0.0590816437952887
1732,URLLC,0.05999188327368878
1733,URLLC,0.05957985091834396
1734,URLLC,0.05960632560134015
1735,URLLC,0.059660336643540236
1736,URLLC,0.05968103432110038
1737,URLLC,0.05980808947216727
1738,URLLC,0.05959782076304213
1739,URLLC,0.059223205674002716
1740,URLLC,0.05956428959013264
1741,URLLC,0.05970948804606235
1742,URLLC,0.05980710318552891
1743,URLLC,0.059438065699965265
1744,URLLC,0.05964206011040858
1745,URLLC,0.05946742722615935
1746,URLLC,0.059960672841565525
1747,URLLC,0.059707219029477725
1748,URLLC,0.059581644888424344
1749,URLLC,0.05932740814138066
1750,URLLC,0.05958008049018193
1751,URLLC,0.05965430327924792
1752,URLLC,0.059605420293272204
1753,URLLC,0.059532366554095946
1754,URLLC,0.059287492296673426
1755,URLLC,0.05959810617533282
1756,URLLC,0.05969903922963425
1757,URLLC,0.05951079630402979
1758,URLLC,0.0593932639531984
1759,URLLC,0.05983203207233345
1760,URLLC,0.05956061297474799
1761,URLLC,0.05934654314006093
1762,URLLC,0.05961155565150995
1763,URLLC,0.05968265018836702
1764,URLLC,0.0596193251141539
1765,URLLC,0.05974158660277896
1766,URLLC,0.059762117451097385
1767,URLLC,0.05958334801150057
1768,URLLC,0.0594392842897408
1769,URLLC,0.059363941318965226
1770,URLLC,0.059644687844273014
1771,URLLC,0.059666435189138084
1772,URLLC,0.05964739990572053
1773,URLLC,0.05981115537891094
1774,URLLC,0.05960014236756577
1775,URLLC,0.05954556018399808
1776,URLLC,0.059358507592476295
1777,URLLC,0.05986215210833629
1778,URLLC,0.05975078452937017
1779,URLLC,0.059684500168051734
1780,URLLC,0.05968614200507857
1781,URLLC,0.059603012415918366
1782,URLLC,0.0594267461252624
1783,URLLC,0.05957419014453962
1784,URLLC,0.05951729539352338
1785,URLLC,0.05946573227897738
1786,URLLC,0.05975950229855657
1787,URLLC,0.05948148726401674
1788,URLLC,0.05944762461133219
1789,URLLC,0.059301552209014806
1790,URLLC,0.059404016704229366
1791,URLLC,0.059778722882784574
1792,URLLC,0.05966200655090067
1793,URLLC,0.059753911951841376
1794,URLLC,0.05991535297815011
1795,URLLC,0.05949109901905432
1796,URLLC,0.05955395281957195
1797,URLLC,0.05961983188367435
1798,URLLC,0.059446135938279555
1799,URLLC,0.059655331548834525
1800,URLLC,0.0592753507874219
1801,URLLC,0.05963856492247218
1802,URLLC,0.05943981061602397
1803,URLLC,0.05965335535818297
1804,URLLC,0.059431641821332704
1805,URLLC,0.05976745698049884
1806,URLLC,0.05955618211372718
1807,URLLC,0.06012085950473467
1808,URLLC,0.05965959421100081
1809,URLLC,0.05951967580190478
1810,URLLC,0.0595612030150444
1811,URLLC,0.059740084036946146
1812,URLLC,0.05950000872068449
1813,URLLC,0.059480191506104
1814,URLLC,0.05959551770546738
1815,URLLC,0.05946957099558453
1816,URLLC,0.059928804434642685
1817,URLLC,0.05948849639898006
1818,URLLC,0.059571492200125274
1819,URLLC,0.05996450165594576
1820,URLLC,0.059724408074956416
1821,URLLC,0.05955839227978734
1822,URLLC,0.059698205350711804
1823,URLLC,0.05936353226258597
1824,URLLC,0.059724304026374755
1825,URLLC,0.05958028516052625
1826,URLLC,0.05975987838099758
1827,URLLC,0.05987613590601842
1828,URLLC,0.05981515986900654
1829,URLLC,0.059365939551064326
1830,URLLC,0.05971030282191087
1831,URLLC,0.059326158409690494
1832,URLLC,0.05981995289467518
1833,URLLC,0.059469536897389645
1834,URLLC,0.059674908725526
1835,URLLC,0.0597490518693621
1836,URLLC,0.059792852368027435
1837,URLLC,0.059488881935780794
1838,URLLC,0.05952936119237627
1839,URLLC,0.05945629872394745
1840,URLLC,0.05966915468443447
1841,URLLC,0.059824862021787654
1842,URLLC,0.05978228010399733
1843,URLLC,0.0596129667261573
1844,URLLC,0.059363388716443095
1845,URLLC,0.059493772550583766
1846,URLLC,0.0593648721823153
1847,URLLC,0.05940964063606914
1848,URLLC,0.05952890993887571
1849,URLLC,0.05971040380279077
1850,URLLC,0.059525531356936265
1851,URLLC,0.0595874906072992
1852,URLLC,0.05963113143810324
1853,URLLC,0.059637827195465745
1854,URLLC,0.059706009208789435
1855,URLLC,0.059718072286739435
1856,URLLC,0.059723036421277374
1857,URLLC,0.05971931713573607
1858,URLLC,0.05970988993433886
1859,URLLC,0.05953718588120798
1860,URLLC,0.05973925681273563
1861,URLLC,0.05953352195440819
1862,URLLC,0.05971363867665813
1863,URLLC,0.059478619066005406
1864,URLLC,0.059600647880419876
1865,URLLC,0.059416699108004976
1866,URLLC,0.05983986073642261
1867,URLLC,0.05957298673918224
1868,URLLC,0.05987053165138181
1869,URLLC,0.05954337947792961
1870,URLLC,0.05928918947541682
1871,URLLC,0.059516297681404914
1872,URLLC,0.05977998648352844
1873,URLLC,0.05957653412323356
1874,URLLC,0.05957731320538133
1875,URLLC,0.05952026754266018
1876,URLLC,0.05946281580361233
1877,URLLC,0.059525424418601355
1878,URLLC,0.05930091321219766
1879,URLLC,0.05951303935237894
1880,URLLC,0.05988788417409736
1881,URLLC,0.06006096486969946
1882,URLLC,0.05970337263069367
1883,URLLC,0.05964393869210893
1884,URLLC,0.059648630919315285
1885,URLLC,0.05969199650726982
1886,URLLC,0.05969043635178136
1887,URLLC,0.06015444621859275
1888,URLLC,0.059602044867737035
1889,URLLC,0.05956906000987998
1890,URLLC,0.059582467273121435
1891,URLLC,0.0594332368315722
1892,URLLC,0.060001975359421304
1893,URLLC,0.05980313325469659
1894,URLLC,0.05931217474186264
1895,URLLC,0.059674329017995055
1896,URLLC,0.059775905933205815
1897,URLLC,0.0596973690580369
1898,URLLC,0.05989240056653114
1899,URLLC,0.05955528397951309
1900,URLLC,0.05952806216369367
1901,URLLC,0.059563870430121166
1902,URLLC,0.05942136852871164
1903,URLLC,0.05923578586829973
1904,URLLC,0.059534968065298795
1905,URLLC,0.05974484914289996
1906,URLLC,0.059688715885637976
1907,URLLC,0.05968351392207444
1908,URLLC,0.059916216335421824
1909,URLLC,0.05963300834629733
1910,URLLC,0.05966229353229278
1911,URLLC,0.05963697559281389
1912,URLLC,0.05974728361823867
1913,URLLC,0.059619970424914584
1914,URLLC,0.0600681340190678
1915,URLLC,0.05973354962503982
1916,URLLC,0.05953246263489183
1917,URLLC,0.05957783916883022
1918,URLLC,0.05936183985584378
1919,URLLC,0.059583440339283304
1920,URLLC,0.05983921431847875
1921,URLLC,0.0597300717467377
1922,URLLC,0.05967710259215794
1923,URLLC,0.059794656813632434
1924,URLLC,0.05948680678440568
1925,URLLC,0.05964256104888348
1926,URLLC,0.05983280891524545
1927,URLLC,0.05956421843629384
1928,URLLC,0.059746797509734384
1929,URLLC,0.05979148754787768
1930,URLLC,0.05962776665780946
1931,URLLC,0.05956371787008917
1932,URLLC,0.05953451642835535
1933,URLLC,0.05976687355443419
1934,URLLC,0.05948711275467765
1935,URLLC,0.05979355936641701
1936,URLLC,0.05965156954507085
1937,URLLC,0.05927580469184373
1938,URLLC,0.059662117294444976
1939,URLLC,0.05956983740481061
1940,URLLC,0.05993324835165758
1941,URLLC,0.05966229480998225
1942,URLLC,0.05934086792883684
1943,URLLC,0.05953647319015332
1944,URLLC,0.05946088870820259
1945,URLLC,0.05987648241244804
1946,URLLC,0.05969923395824469
1947,URLLC,0.05909220751994298
1948,URLLC,0.059409336163772676
1949,URLLC,0.05941186444755206
1950,URLLC,0.059349734583399545
1951,URLLC,0.059729051072759984
1952,URLLC,0.05947583049737271
1953,URLLC,0.059736918949895634
1954,URLLC,0.05976934381460131
1955,URLLC,0.05975886361515329
1956,URLLC,0.05966222001869652
1957,URLLC,0.05949482950870304
1958,URLLC,0.059679537906055916
1959,URLLC,0.05967700226402074
1960,URLLC,0.05949551921768521
1961,URLLC,0.05929300545055452
1962,URLLC,0.059535103260586315
1963,URLLC,0.05969328146673984
1964,URLLC,0.0599523987054288
1965,URLLC,0.05958780634523052
1966,URLLC,0.05967236444051436
1967,URLLC,0.0596708426977681
1968,URLLC,0.059701637312081966
1969,URLLC,0.05971267210987901
1970,URLLC,0.05951725334849256
1971,URLLC,0.059883475158150644
1972,URLLC,0.05939335149896963
1973,URLLC,0.05951521818339423
1974,URLLC,0.059620356433369076
1975,URLLC,0.05964981253881547
1976,URLLC,0.05983898395205177
1977,URLLC,0.05949172895622361
1978,URLLC,0.059749352368820514
1979,URLLC,0.05958721563978521
1980,URLLC,0.059753929971232626
1981,URLLC,0.05967124869463491
1982,URLLC,0.05985606789252284
1983,URLLC,0.05972897547614457
1984,URLLC,0.05950273391941074
1985,URLLC,0.059722425505391474
1986,URLLC,0.059896451395809215
1987,URLLC,0.05938574634938519
1988,URLLC,0.05986561066674773
1989,URLLC,0.05963584205843485
1990,URLLC,0.0597337484087464
1991,URLLC,0.05969339776432868
1992,URLLC,0.05974471310303649
1993,URLLC,0.05958969834080561
1994,URLLC,0.05953465278101652
1995,URLLC,0.05970175006182654
1996,URLLC,0.06015920458535027
1997,URLLC,0.059576853807887284
1998,URLLC,0.05943783964836006
1999,URLLC,0.059786073209422384
0,eMBB,0.0
1,eMBB,0.0
2,eMBB,0.0
3,eMBB,0.0
4,eMBB,0.0
5,eMBB,0.0
6,eMBB,0.0
7,eMBB,0.0
8,eMBB,0.0
9,eMBB,0.0
10,eMBB,0.0
11,eMBB,0.0
12,eMBB,0.0
13,eMBB,0.0
14,eMBB,0.0
15,eMBB,0.0
16,eMBB,0.0
17,eMBB,1.7110306769198431
18,eMBB,1.7991835472696143
19,eMBB,1.7677545193422344
20,eMBB,1.989045655051465
21,eMBB,2.0012622431571327
22,eMBB,2.154374880845567
23,eMBB,2.221914646619914
24,eMBB,2.330956921484459
25,eMBB,2.405931831669623
26,eMBB,2.5443154571774382
27,eMBB,2.598264529906691
28,eMBB,2.6546431766697864
29,eMBB,2.7575210702008874
30,eMBB,2.9378233716730713
31,eMBB,2.9238519511383054
32,eMBB,3.0152991748702944
33,eMBB,3.1762933506810627
34,eMBB,3.286473827795907
35,eMBB,3.4222742919567604
36,eMBB,3.4743681773490867
37,eMBB,3.6149119730773758
38,eMBB,3.662033806568601
39,eMBB,3.5842425550538906
40,eMBB,3.8334378987363427
41,eMBB,4.019602040819307
42,eMBB,4.102617706451493
43,eMBB,4.005841476962416
44,eMBB,4.253865693224663
45,eMBB,4.293504386827211
46,eMBB,4.17227187273671
47,eMBB,4.4584523770918505
48,eMBB,4.723916076454522
49,eMBB,4.532611256579555
50,eMBB,4.895384744361696
51,eMBB,4.6639461529657895
52,eMBB,4.891604868304231
53,eMBB,4.85493902679269
54,eMBB,5.081719829061457
55,eMBB,5.166258043071163
56,eMBB,5.546788105881665
57,eMBB,5.626707547595334
58,eMBB,5.196511751611976
59,eMBB,5.754201810214492
60,eMBB,5.8834181819113684
61,eMBB,5.829504107321003
62,eMBB,5.716661351969139
63,eMBB,5.906755893644545
64,eMBB,6.2769089193091885
65,eMBB,6.078179117072452
66,eMBB,6.503031552234454
67,eMBB,6.207691149351469
68,eMBB,6.149445702501045
69,eMBB,6.149153309690875
70,eMBB,6.656712875409359
71,eMBB,6.554513277674351
72,eMBB,6.411645101282681
73,eMBB,6.2315134524844185
74,eMBB,6.761908355664629
75,eMBB,7.103226780342337
76,eMBB,6.791072504508879
77,eMBB,6.880635831334482
78,eMBB,6.908431075529385
79,eMBB,7.143363840995521
80,eMBB,7.383509168864378
81,eMBB,7.809404939206076
82,eMBB,6.947162193343876
83,eMBB,7.455391949831474
84,eMBB,8.100770525177442
85,eMBB,7.245790752001814
86,eMBB,6.814356626286907
87,eMBB,8.625899991081711
88,eMBB,8.251517278975102
89,eMBB,6.854374715800693
90,eMBB,8.368391603267174
91,eMBB,7.131345659093903
92,eMBB,7.5922762504225405
93,eMBB,7.341373474448824
94,eMBB,8.370851470295339
95,eMBB,8.53995960886389
96,eMBB,7.47340657722836
97,eMBB,9.079903104733049
98,eMBB,8.534268322756999
99,eMBB,8.415012070330087
100,eMBB,9.764396721346676
101,eMBB,8.902592528709517
102,eMBB,9.277838569963908
103,eMBB,8.32030192308435
104,eMBB,9.21699026442935
105,eMBB,8.277607962310439
106,eMBB,7.800226204499543
107,eMBB,8.761373478081271
108,eMBB,7.571091742440562
109,eMBB,8.313412115317796
110,eMBB,7.625842081353704
111,eMBB,8.22277770078076
112,eMBB,9.195397227914006
113,eMBB,8.50567704116581
114,eMBB,9.78270562209548
115,eMBB,10.175565762295731
116,eMBB,7.681893436213978
117,eMBB,9.957229520990923
118,eMBB,8.892830801320969
119,eMBB,11.41726457331745
120,eMBB,9.88207715076617
121,eMBB,11.052074119116961
122,eMBB,10.066822777636457
123,eMBB,10.892187523660938
124,eMBB,8.733129797930838
125,eMBB,10.258828567053085
126,eMBB,10.170804185642643
127,eMBB,8.704942684293883
128,eMBB,10.31474239327517
129,eMBB,11.562430418197529
130,eMBB,10.056228625231688
131,eMBB,9.460768937497425
132,eMBB,11.062916942515649
133,eMBB,10.405094695803992
134,eMBB,11.35873700559181
135,eMBB,10.26452284568417
136,eMBB,9.679004789397439
137,eMBB,11.144323334172269
138,eMBB,10.76144005323573
139,eMBB,9.369772785152309
140,eMBB,10.168210585982347
141,eMBB,11.076358562084799
142,eMBB,9.47189231807188
143,eMBB,10.926810405622675
144,eMBB,12.50320306711026
145,eMBB,10.639833622103225
146,eMBB,11.113049844638791
147,eMBB,11.482546990879726
148,eMBB,11.374428676134494
149,eMBB,11.439565646804308
150,eMBB,9.87403376338861
151,eMBB,11.362402758843977
152,eMBB,11.28362890363588
153,eMBB,10.808104978182737
154,eMBB,11.583805346630344
155,eMBB,12.0781136467616
156,eMBB,11.203122273096183
157,eMBB,10.919627607111703
158,eMBB,11.166329162637908
159,eMBB,13.30481540121167
160,eMBB,10.99911662835828
161,eMBB,10.216378845208979
162,eMBB,12.096254987396767
163,eMBB,9.707259721861405
164,eMBB,12.4935264505958
165,eMBB,13.373027881484436
166,eMBB,13.387168150950213
167,eMBB,11.178646733651899
168,eMBB,11.37321463374356
169,eMBB,11.908013666182862
170,eMBB,11.45794223189723
171,eMBB,11.161999605066468
172,eMBB,11.12091128197368
173,eMBB,11.333276451264648
174,eMBB,10.992188852099256
175,eMBB,11.4476872471488
176,eMBB,11.067395962224213
177,eMBB,9.368222138423581
178,eMBB,10.326370982889387
179,eMBB,9.36123268382072
180,eMBB,11.022307860579996
181,eMBB,11.787830559422604
182,eMBB,9.362219883341707
183,eMBB,10.042685963232698
184,eMBB,8.20099443483076
185,eMBB,9.876184342400967
186,eMBB,11.056201432870795
187,eMBB,8.743451447874
188,eMBB,8.381526962337771
189,eMBB,7.713373505801127
190,eMBB,7.69720843770458
191,eMBB,9.130424883528683
192,eMBB,8.892365113461919
193,eMBB,7.5363767855511075
194,eMBB,7.494498809533696
195,eMBB,9.522538428051078
196,eMBB,8.178232259897083
197,eMBB,9.124496683382388
198,eMBB,8.883225211735233
199,eMBB,10.481579074675688
200,eMBB,8.60889803175043
201,eMBB,6.644894723882736
202,eMBB,7.938952651075094
203,eMBB,6.741202159768087
204,eMBB,7.901432373299362
205,eMBB,8.176706683910556
206,eMBB,7.925678773030526
207,eMBB,9.66687080710706
208,eMBB,9.006636226584384
209,eMBB,9.116392935560965
210,eMBB,10.032333342257978
211,eMBB,10.235575489953204
212,eMBB,9.737324889136163
213,eMBB,9.141341141300243
214,eMBB,9.40030822198286
215,eMBB,9.204071570953035
216,eMBB,8.62237256784492
217,eMBB,9.27605272623722
218,eMBB,9.976443583113644
219,eMBB,7.974337202655957
220,eMBB,7.936827001790623
221,eMBB,8.340971107292967
222,eMBB,7.7996271608487096
223,eMBB,8.397785380877012
224,eMBB,10.710662190024609
225,eMBB,9.136126585878179
226,eMBB,9.49128852411605
227,eMBB,9.740599361987433
228,eMBB,8.13606585099533
229,eMBB,10.96339135572061
230,eMBB,9.632655743572476
231,eMBB,9.018325621039557
232,eMBB,10.646961967422127
233,eMBB,9.251814683540658
234,eMBB,9.268055348113714
235,eMBB,10.176606837601934
236,eMBB,9.56342254598933
237,eMBB,7.980384761661967
238,eMBB,9.845864833051905
239,eMBB,10.574268399387194
240,eMBB,10.153901622754415
241,eMBB,7.233274705614802
242,eMBB,11.208110531479376
243,eMBB,9.421157954883409
244,eMBB,9.166703348091065
245,eMBB,10.078204451891464
246,eMBB,8.730048072423621
247,eMBB,8.30536470930898
248,eMBB,10.904392608744066
249,eMBB,11.112037014547704
250,eMBB,10.042804056066856
251,eMBB,10.383829248930747
252,eMBB,7.8903674245668585
253,eMBB,8.70881704941951
254,eMBB,10.965508543826536
255,eMBB,10.614811710671749
256,eMBB,11.125629843334451
257,eMBB,10.213484125465634
258,eMBB,9.488494271188229
259,eMBB,9.52425849700873
260,eMBB,9.593550327522491
261,eMBB,8.185386761082322
262,eMBB,10.090582401583555
263,eMBB,10.180566895253762
264,eMBB,10.334854962667794
265,eMBB,10.619034264357019
266,eMBB,10.084347759911077
267,eMBB,10.899057457507869
268,eMBB,8.472000773111265
269,eMBB,8.975212619684172
270,eMBB,9.759254074635761
271,eMBB,10.785195129035607
272,eMBB,9.79025305218784
273,eMBB,10.329089803627443
274,eMBB,8.756254028525733
275,eMBB,10.209423697985642
276,eMBB,9.809012563149341
277,eMBB,11.246621248703423
278,eMBB,10.569565856606685
279,eMBB,8.719311662551494
280,eMBB,10.676160727050405
281,eMBB,10.06727285350129
282,eMBB,7.247599787617264
283,eMBB,10.614609621131034
284,eMBB,11.525521595423431
285,eMBB,10.441949506566326
286,eMBB,10.870198589502328
287,eMBB,10.426912999512838
288,eMBB,10.937386032386007
289,eMBB,8.722545224232832
290,eMBB,10.798939015393596
291,eMBB,11.025086977219967
292,eMBB,9.881684919373003
293,eMBB,9.96087756950078
294,eMBB,13.325503714416378
295,eMBB,9.863287003094266
296,eMBB,11.967999614196088
297,eMBB,10.102835687005259
298,eMBB,11.384892081523093
299,eMBB,12.65198173540042
300,eMBB,10.733758095503582
301,eMBB,10.454894439783088
302,eMBB,9.546432622533008
303,eMBB,10.060111962332623
304,eMBB,8.259934131108698
305,eMBB,11.530729549040956
306,eMBB,9.389840673611479
307,eMBB,8.437637482394829
308,eMBB,10.15368654512748
309,eMBB,9.623270712156282
310,eMBB,10.424968835961975
311,eMBB,9.020972274831038
312,eMBB,8.722177723946006
313,eMBB,10.3616350202105
314,eMBB,9.76408268659124
315,eMBB,8.81628263200062
316,eMBB,10.270166823366516
317,eMBB,10.222933248377249
318,eMBB,9.341359947825232
319,eMBB,9.525390446657864
320,eMBB,10.207951646711628
321,eMBB,10.93578571578264
322,eMBB,8.936593017352552
323,eMBB,9.655576780074224
324,eMBB,9.678457000411797
325,eMBB,10.578643622575216
326,eMBB,8.763096293408417
327,eMBB,12.159067575602435
328,eMBB,9.788219539157026
329,eMBB,11.264647743271036
330,eMBB,9.034137419651717
331,eMBB,9.451096288231179
332,eMBB,8.767527375707685
333,eMBB,7.982940117546964
334,eMBB,11.121047404303015
335,eMBB,10.56108124481872
336,eMBB,9.48494109577859
337,eMBB,10.644257092969518
338,eMBB,9.008788446797128
339,eMBB,9.194515225468962
340,eMBB,10.470620996808169
341,eMBB,9.413835616089704
342,eMBB,11.589914762213375
343,eMBB,10.178322735280863
344,eMBB,10.800388910421844
345,eMBB,10.958158576279848
346,eMBB,7.298429454296335
347,eMBB,8.012157666549923
348,eMBB,11.755311984854444
349,eMBB,7.809608880341811
350,eMBB,10.849746068202135
351,eMBB,8.132096112904392
352,eMBB,8.148599805379268
353,eMBB,9.45206247397758
354,eMBB,10.127654112191012
355,eMBB,10.209030734538938
356,eMBB,8.680294739998097
357,eMBB,8.730003683553436
358,eMBB,8.720507847666537
359,eMBB,11.078997165990595
360,eMBB,10.323836297937362
361,eMBB,9.606768541914741
362,eMBB,10.475404820240385
363,eMBB,8.911567237168269
364,eMBB,8.258197919421612
365,eMBB,10.564987121864755
366,eMBB,10.915597238779286
367,eMBB,10.303167927402122
368,eMBB,8.84150011308561
369,eMBB,10.344534869631284
370,eMBB,8.361921714950475
371,eMBB,11.551973213910959
372,eMBB,10.897094527402434
373,eMBB,9.081342766944557
374,eMBB,10.130440575693932
375,eMBB,7.839979323215718
376,eMBB,9.244377805260347
377,eMBB,9.967970053789648
378,eMBB,10.409527742287214
379,eMBB,10.571104189914783
380,eMBB,9.194133078242999
381,eMBB,8.867177859620401
382,eMBB,7.021640726759229
383,eMBB,9.802915971593446
384,eMBB,11.114659011774949
385,eMBB,8.805513879663394
386,eMBB,10.001750560749489
387,eMBB,7.657896353234586
388,eMBB,10.406339282493027
389,eMBB,8.996427509777973
390,eMBB,8.002418505345455
391,eMBB,9.122056240774045
392,eMBB,11.597845416951413
393,eMBB,10.974961442079902
394,eMBB,7.374830113534963
395,eMBB,10.734448595554737
396,eMBB,8.642872444229798
397,eMBB,9.433127328165062
398,eMBB,9.683415037520012
399,eMBB,9.806529156831939
400,eMBB,10.246160108132775
401,eMBB,9.55996282092721
402,eMBB,8.878581913375006
403,eMBB,9.26635026193686
404,eMBB,9.38223881647813
405,eMBB,8.751018844166587
406,eMBB,9.926632336844897
407,eMBB,11.382374996180808
408,eMBB,9.184438673056105
409,eMBB,9.423666512626726
410,eMBB,13.103828234282236
411,eMBB,8.816867000900434
412,eMBB,10.107101197767502
413,eMBB,8.639104279604998
414,eMBB,10.063730801450074
415,eMBB,9.416163459897698
416,eMBB,9.528409044399677
417,eMBB,9.609127522632601
418,eMBB,11.827051670752766
419,eMBB,10.099143067007455
420,eMBB,10.758176600840908
421,eMBB,10.69512059207994
422,eMBB,8.509717974879495
423,eMBB,9.212619719619667
424,eMBB,11.504989276510964
425,eMBB,9.872871020243482
426,eMBB,9.818313326076899
427,eMBB,8.268291563423864
428,eMBB,8.804582248790595
429,eMBB,12.718208567937568
430,eMBB,7.243590848230244
431,eMBB,8.601327963329691
432,eMBB,9.322724878210316
433,eMBB,12.192157803920226
434,eMBB,10.521168149454155
435,eMBB,9.250183557296829
436,eMBB,11.41815972612102
437,eMBB,8.945414388168917
438,eMBB,10.844771888739169
439,eMBB,8.365838106841606
440,eMBB,10.615267642421538
441,eMBB,11.454606109823578
442,eMBB,9.879827975552415
443,eMBB,11.244647972926284
444,eMBB,9.676621652887762
445,eMBB,7.979543035582199
446,eMBB,11.175377563251661
447,eMBB,10.522021637219334
448,eMBB,11.083676762836557
449,eMBB,10.92296261516481
450,eMBB,10.273997857889915
451,eMBB,10.698305061522683
452,eMBB,10.402586355371689
453,eMBB,9.004755668898397
454,eMBB,9.44970407844628
455,eMBB,9.871274961076068
456,eMBB,9.873963747077187
457,eMBB,10.650887663892975
458,eMBB,9.243128397969441
459,eMBB,9.152523443127611
460,eMBB,10.059928874660852
461,eMBB,9.360666012704424
462,eMBB,11.593428055053138
463,eMBB,11.269204717822587
464,eMBB,9.222963952596617
465,eMBB,8.33971563097531
466,eMBB,9.175144505562196
467,eMBB,10.13169688862582
468,eMBB,8.951906152255255
469,eMBB,8.558594010502274
470,eMBB,10.708415947027023
471,eMBB,9.640384675947109
472,eMBB,10.673247583344224
473,eMBB,8.9406508019685
474,eMBB,11.299441758719258
475,eMBB,9.602998565352854
476,eMBB,9.607735485852546
477,eMBB,8.909746111682272
478,eMBB,9.701058010552638
479,eMBB,10.194390475390229
480,eMBB,11.296460844219432
481,eMBB,9.753573957576991
482,eMBB,9.799566863508865
483,eMBB,11.925750032606626
484,eMBB,9.791276929368088
485,eMBB,9.893628140685607
486,eMBB,10.297267096509481
487,eMBB,9.369657612795773
488,eMBB,10.352882216831276
489,eMBB,11.188027592786286
490,eMBB,9.540330724170325
491,eMBB,8.517890804182988
492,eMBB,10.3069704073117
493,eMBB,11.033016054475539
494,eMBB,10.24166375341935
495,eMBB,9.632880639326737
496,eMBB,9.099459065624702
497,eMBB,10.591427811149757
498,eMBB,8.995390328231704
499,eMBB,10.100397484182455
500,eMBB,10.352751040226996
501,eMBB,10.569988283585129
502,eMBB,10.395785112807523
503,eMBB,9.587130652625904
504,eMBB,8.619984080420437
505,eMBB,8.719185196277774
506,eMBB,11.136573184919145
507,eMBB,10.511875704547434
508,eMBB,8.28462049014978
509,eMBB,10.344276146855186
510,eMBB,10.900143594058553
511,eMBB,11.480990712474615
512,eMBB,10.456974218503579
513,eMBB,9.579317338716754
514,eMBB,11.131824385719323
515,eMBB,11.46779128051083
516,eMBB,11.402299701977082
517,eMBB,9.109718304423206
518,eMBB,9.890346628713404
519,eMBB,8.591944653706111
520,eMBB,10.594143101664768
521,eMBB,8.874696080812583
522,eMBB,8.761148638559058
523,eMBB,9.892449782146063
524,eMBB,11.834246249686805
525,eMBB,7.949420833567439
526,eMBB,9.15082404600576
527,eMBB,9.379282465738905
528,eMBB,9.250403144137776
529,eMBB,10.91316043942446
530,eMBB,9.908098826714962
531,eMBB,10.506043587567468
532,eMBB,9.703856348820743
533,eMBB,11.947111900926773
534,eMBB,7.537055880130136
535,eMBB,9.932256581457537
536,eMBB,9.856943962850226
537,eMBB,9.170368309436636
538,eMBB,10.078505288120905
539,eMBB,9.062684751404467
540,eMBB,10.308665076287078
541,eMBB,12.102603976265133
542,eMBB,10.307110372098318
543,eMBB,10.258499118292951
544,eMBB,10.704791908366065
545,eMBB,9.119354855768178
546,eMBB,10.702753458248194
547,eMBB,9.17063570821393
548,eMBB,10.62930319831061
549,eMBB,10.436681766680246
550,eMBB,9.124046964924784
551,eMBB,8.575074066147138
552,eMBB,9.026844386107813
553,eMBB,10.166963587505247
554,eMBB,12.335616448396705
555,eMBB,10.608513576063284
556,eMBB,9.528466640462252
557,eMBB,10.962539659501953
558,eMBB,9.28619415713058
559,eMBB,9.470619779684002
560,eMBB,8.848400595568558
561,eMBB,8.741973116402844
562,eMBB,9.64785619678331
563,eMBB,8.160369857732261
564,eMBB,8.69010379746609
565,eMBB,11.10607484575045
566,eMBB,9.974842803144888
567,eMBB,9.040337487998032
568,eMBB,10.828535234118124
569,eMBB,8.779351759168998
570,eMBB,7.26684481846798
571,eMBB,11.669357224266196
572,eMBB,9.68498908978463
573,eMBB,9.248900438717072
574,eMBB,12.009618315806128
575,eMBB,10.06236217588553
576,eMBB,11.266506378386104
577,eMBB,11.120848109058379
578,eMBB,10.87554241476902
579,eMBB,9.981329321953718
580,eMBB,10.621543884042323
581,eMBB,9.586795729235725
582,eMBB,10.110497137389336
583,eMBB,9.930282316785338
584,eMBB,9.408698178810711
585,eMBB,10.623252227855918
586,eMBB,11.142399297439336
587,eMBB,10.492919169696256
588,eMBB,10.527296279839513
589,eMBB,10.640136371282582
590,eMBB,9.081813547144094
591,eMBB,10.106002862701375
592,eMBB,9.111857973404799
593,eMBB,9.761889745086936
594,eMBB,10.718715331391648
595,eMBB,8.811983265626688
596,eMBB,12.756497421003694
597,eMBB,11.058161962821563
598,eMBB,8.786411648894857
599,eMBB,11.41266779641807
600,eMBB,10.622553847989842
601,eMBB,9.523830139987897
602,eMBB,7.415276668031343
603,eMBB,10.895295502615536
604,eMBB,10.441407753122977
605,eMBB,10.017177421275605
606,eMBB,9.898595675215997
607,eMBB,9.636932813614997
608,eMBB,11.022273766532509
609,eMBB,9.729685257264919
610,eMBB,8.674434251507497
611,eMBB,9.298272792880784
612,eMBB,10.052614191806592
613,eMBB,10.834865938547157
614,eMBB,10.82788960503499
615,eMBB,9.427545721673063
616,eMBB,9.829580573554937
617,eMBB,11.417101064226214
618,eMBB,6.901153251278336
619,eMBB,8.988187669784669
620,eMBB,9.753536483657705
621,eMBB,11.69349199163266
622,eMBB,9.12127965425842
623,eMBB,9.468745927026891
624,eMBB,11.16839520112623
625,eMBB,11.112946893825983
626,eMBB,10.413817014394747
627,eMBB,9.180874987122372
628,eMBB,10.191712043150355
629,eMBB,9.291787522229065
630,eMBB,9.71391152559617
631,eMBB,10.476898520996876
632,eMBB,10.252240826352812
633,eMBB,10.315195899349298
634,eMBB,10.049365357599678
635,eMBB,9.766690644843218
636,eMBB,9.276357962087479
637,eMBB,10.913287674514054
638,eMBB,9.044123796224987
639,eMBB,11.728170917108615
640,eMBB,9.282297355852316
641,eMBB,11.272908196176127
642,eMBB,10.18309504002012
643,eMBB,10.66616106664176
644,eMBB,11.022479274686969
645,eMBB,11.09429222200577
646,eMBB,12.430282862946955
647,eMBB,9.845734169814243
648,eMBB,9.280992871367713
649,eMBB,8.456245308404316
650,eMBB,8.139503335582477
651,eMBB,9.243582906141702
652,eMBB,10.117423707348149
653,eMBB,9.57111855052075
654,eMBB,12.359521065650002
655,eMBB,9.769735921076165
656,eMBB,9.738852932107491
657,eMBB,11.181588925901703
658,eMBB,10.588830660196466
659,eMBB,9.306689099553108
660,eMBB,10.020073621236653
661,eMBB,9.34477029038742
662,eMBB,9.835607572714707
663,eMBB,10.019072057909767
664,eMBB,9.373252279230675
665,eMBB,9.762853570404664
666,eMBB,9.958637272396013
667,eMBB,7.716530830281209
668,eMBB,10.324881979773213
669,eMBB,9.394709841783268
670,eMBB,10.748662979509966
671,eMBB,10.49668539529724
672,eMBB,8.650403675903217
673,eMBB,11.220323256694558
674,eMBB,10.140839946150596
675,eMBB,8.77824168030667
676,eMBB,10.466155401510262
677,eMBB,9.945921582111437
678,eMBB,10.0372061670014
679,eMBB,11.540389442507522
680,eMBB,11.60023222010133
681,eMBB,9.628540336618517
682,eMBB,8.00899085872721
683,eMBB,10.879848680780666
684,eMBB,10.01892312213394
685,eMBB,9.935254242393821
686,eMBB,8.933497360449913
687,eMBB,11.339799025525304
688,eMBB,9.510757795192955
689,eMBB,8.847887629693508
690,eMBB,9.442044936067473
691,eMBB,9.570079532216829
692,eMBB,10.70033653972266
693,eMBB,9.751299714172832
694,eMBB,11.391451542788301
695,eMBB,11.816032511402948
696,eMBB,10.693523913914218
697,eMBB,11.565550890836388
698,eMBB,10.781021713930315
699,eMBB,10.88995550897127
700,eMBB,10.468262879041848
701,eMBB,9.885467040324093
702,eMBB,9.292551394130163
703,eMBB,10.230718796421684
704,eMBB,9.204087015317931
705,eMBB,9.538564564954038
706,eMBB,9.224769690213524
707,eMBB,9.94461457446653
708,eMBB,11.04928697704455
709,eMBB,9.8672331409978
710,eMBB,9.688399180512791
711,eMBB,8.437409704368143
712,eMBB,9.735615230557848
713,eMBB,9.911054058227393
714,eMBB,10.30709219024253
715,eMBB,8.761087909327083
716,eMBB,9.549743635937181
717,eMBB,8.867865049606666
718,eMBB,9.45217072500271
719,eMBB,8.366525533565664
720,eMBB,10.2306650197202
721,eMBB,8.383118421009883
722,eMBB,7.733343352246985
723,eMBB,10.506867291826877
724,eMBB,10.637879975125122
725,eMBB,10.241994696885511
726,eMBB,11.156570742942655
727,eMBB,8.500203326903911
728,eMBB,10.686867270215238
729,eMBB,9.119831316217484
730,eMBB,12.269627592099638
731,eMBB,9.370042022555568
732,eMBB,10.710332649084767
733,eMBB,10.997106796872426
734,eMBB,10.01335523375403
735,eMBB,10.075155647056683
736,eMBB,10.136901251901081
737,eMBB,8.948155992204468
738,eMBB,9.203238058949
739,eMBB,9.887955278996806
740,eMBB,11.39770800143458
741,eMBB,10.461929223600482
742,eMBB,10.175340501671087
743,eMBB,9.92707397104561
744,eMBB,9.184216467092234
745,eMBB,9.911445571269489
746,eMBB,10.996872030287625
747,eMBB,9.752996503113188
748,eMBB,9.768369826716667
749,eMBB,11.146075763873888
750,eMBB,9.35113518564011
751,eMBB,11.423600840338255
752,eMBB,9.865865505494957
753,eMBB,9.034179438431792
754,eMBB,10.354745356713853
755,eMBB,11.444901608522356
756,eMBB,9.508186370228021
757,eMBB,9.938817769286999
758,eMBB,11.032820761611019
759,eMBB,10.639036870980423
760,eMBB,9.89149646992557
761,eMBB,9.85221713368986
762,eMBB,9.095018885075906
763,eMBB,10.37584029002418
764,eMBB,9.47585119458038
765,eMBB,11.341989224474014
766,eMBB,11.206539387752997
767,eMBB,9.596009453091265
768,eMBB,9.510089184444055
769,eMBB,9.782555740607537
770,eMBB,9.608629109430026
771,eMBB,8.876332966279964
772,eMBB,11.66238704704542
773,eMBB,10.03467182944092
774,eMBB,10.114486056611913
775,eMBB,11.606124806694902
776,eMBB,9.352088861965894
777,eMBB,9.90850337460765
778,eMBB,11.247695888886488
779,eMBB,9.404313958350325
780,eMBB,6.884018066507549
781,eMBB,10.027138222861593
782,eMBB,11.038662079661275
783,eMBB,9.115687595597645
784,eMBB,9.127739812693807
785,eMBB,10.106177706829193
786,eMBB,9.059876552260857
787,eMBB,8.38935796183671
788,eMBB,7.853761155796451
789,eMBB,10.820418797264022
790,eMBB,9.681377314071668
791,eMBB,11.179960143239143
792,eMBB,9.01876811085631
793,eMBB,10.437225095340029
794,eMBB,9.40558455448646
795,eMBB,12.211122184234021
796,eMBB,10.64859780871969
797,eMBB,10.627955814272132
798,eMBB,10.491333538075702
799,eMBB,10.705886270216286
800,eMBB,7.360617682739604
801,eMBB,9.77671066005824
802,eMBB,10.310528209723612
803,eMBB,9.624229841287534
804,eMBB,7.591859717635607
805,eMBB,10.173681830494928
806,eMBB,10.875904861580976
807,eMBB,9.706958563339496
808,eMBB,10.22253381465041
809,eMBB,10.357606845071233
810,eMBB,9.7339901518207
811,eMBB,11.028891846966568
812,eMBB,7.613264996152056
813,eMBB,10.666000835038755
814,eMBB,9.895899149397982
815,eMBB,9.396718720916187
816,eMBB,9.52734334118779
817,eMBB,10.323347409216018
818,eMBB,8.964846023360831
819,eMBB,10.342368207180506
820,eMBB,9.61285504601657
821,eMBB,9.894738985729557
822,eMBB,9.439387002884773
823,eMBB,10.57122864307064
824,eMBB,10.462894844814365
825,eMBB,9.812152080716398
826,eMBB,9.570674384445583
827,eMBB,8.212593306619956
828,eMBB,10.664413179598702
829,eMBB,9.005004948249466
830,eMBB,9.389122507705656
831,eMBB,10.706067329102993
832,eMBB,10.73072804747536
833,eMBB,10.130990286273324
834,eMBB,11.205543172983385
835,eMBB,10.047789987721504
836,eMBB,8.545268401562362
837,eMBB,9.809326186147915
838,eMBB,8.382749245340731
839,eMBB,7.875667435545346
840,eMBB,9.704862454307213
841,eMBB,8.159552855523177
842,eMBB,7.553695622415657
843,eMBB,9.160357345846412
844,eMBB,9.086311222967943
845,eMBB,10.396566670861485
846,eMBB,9.409666736095458
847,eMBB,6.490825685205762
848,eMBB,8.810504570439432
849,eMBB,8.734205018376185
850,eMBB,10.215952698641972
851,eMBB,10.127539548796163
852,eMBB,10.516804289871528
853,eMBB,9.310203525911053
854,eMBB,9.355260601883593
855,eMBB,8.486398575434208
856,eMBB,7.97983471176866
857,eMBB,9.90470951176908
858,eMBB,9.912688887022439
859,eMBB,10.150825327074237
860,eMBB,9.274201015060463
861,eMBB,13.345827257466599
862,eMBB,11.497607347567548
863,eMBB,8.075648359218526
864,eMBB,10.826372682967278
865,eMBB,9.18454334486922
866,eMBB,8.8823297322898
867,eMBB,10.127070695047085
868,eMBB,8.904673406140121
869,eMBB,10.717771987846067
870,eMBB,8.395805302299838
871,eMBB,9.276615961847314
872,eMBB,9.340053520852967
873,eMBB,8.895489785284187
874,eMBB,9.638587265667423
875,eMBB,10.679863332714174
876,eMBB,10.987655892316095
877,eMBB,10.761578464755823
878,eMBB,10.938134541525727
879,eMBB,9.807069861549323
880,eMBB,7.97448681217601
881,eMBB,9.591391666143315
882,eMBB,9.965625359952304
883,eMBB,8.098970065251661
884,eMBB,7.962629645215191
885,eMBB,9.87404635579101
886,eMBB,9.621633005499161
887,eMBB,9.858766509556958
888,eMBB,10.516557513895354
889,eMBB,9.011569653900041
890,eMBB,10.084099476298915
891,eMBB,10.187230694936574
892,eMBB,10.375039476619477
893,eMBB,10.939565390308186
894,eMBB,10.824552997384131
895,eMBB,9.66562233974808
896,eMBB,8.819497278940151
897,eMBB,10.173691549984577
898,eMBB,10.987240964234935
899,eMBB,8.915458144843084
900,eMBB,9.738453085950924
901,eMBB,9.072360041779378
902,eMBB,7.902627818326514
903,eMBB,9.87841566160801
904,eMBB,9.525398835046841
905,eMBB,10.658227607162145
906,eMBB,9.912563065114556
907,eMBB,9.521235320327595
908,eMBB,9.947922659309656
909,eMBB,9.766245259193965
910,eMBB,10.149970473713113
911,eMBB,10.04439296871363
912,eMBB,9.704779839630744
913,eMBB,9.524999365838399
914,eMBB,9.90742611606923
915,eMBB,11.032759313845505
916,eMBB,9.313948003462835
917,eMBB,8.469527763658677
918,eMBB,9.518332837465062
919,eMBB,10.781795066065483
920,eMBB,7.5884372397775435
921,eMBB,11.173754562971332
922,eMBB,9.428814634627482
923,eMBB,10.436534897315314
924,eMBB,9.548225820209096
925,eMBB,10.99360283247008
926,eMBB,10.58955358003571
927,eMBB,9.634248899185565
928,eMBB,9.840251136844198
929,eMBB,10.733571233304142
930,eMBB,9.228629832759921
931,eMBB,9.007148410819745
932,eMBB,9.781489326452325
933,eMBB,9.347786277904273
934,eMBB,10.285225821643477
935,eMBB,10.436180777671838
936,eMBB,10.684906063128526
937,eMBB,11.36027895121048
938,eMBB,9.651834298464912
939,eMBB,11.428530962510507
940,eMBB,10.151563648823297
941,eMBB,10.333903512200955
942,eMBB,11.59379635115029
943,eMBB,9.087303850932582
944,eMBB,7.627844986001221
945,eMBB,10.607939146060087
946,eMBB,9.94121005638195
947,eMBB,7.890975108382029
948,eMBB,9.657506315641916
949,eMBB,8.340329056676874
950,eMBB,8.319390278838744
951,eMBB,10.544774554420975
952,eMBB,8.579901188466838
953,eMBB,10.555176361451387
954,eMBB,10.590835707845015
955,eMBB,9.578655209847778
956,eMBB,10.221413181171066
957,eMBB,10.382130065514254
958,eMBB,10.10940129966684
959,eMBB,10.381803505442248
960,eMBB,10.096376693354378
961,eMBB,11.027950529601886
962,eMBB,11.149657301450668
963,eMBB,10.48072949916068
964,eMBB,8.674577471424824
965,eMBB,11.022832868720386
966,eMBB,10.72660370368475
967,eMBB,10.119865081497258
968,eMBB,9.113926971776591
969,eMBB,7.844117740268814
970,eMBB,12.047841221083036
971,eMBB,9.086853819899797
972,eMBB,11.037949425979846
973,eMBB,9.755027285893158
974,eMBB,10.790903293002247
975,eMBB,11.761744083873596
976,eMBB,9.475074184915691
977,eMBB,10.064285313710139
978,eMBB,9.653814425130866
979,eMBB,10.00954081471038
980,eMBB,7.8370092393577195
981,eMBB,10.29714454628548
982,eMBB,10.677808241972755
983,eMBB,9.16584217945605
984,eMBB,10.966097507835464
985,eMBB,12.33581142289821
986,eMBB,9.589906491130115
987,eMBB,9.32511767514
988,eMBB,8.673689067765508
989,eMBB,11.626924407352984
990,eMBB,10.15877816410821
991,eMBB,9.070151313179053
992,eMBB,8.675748686977665
993,eMBB,10.535286872522356
994,eMBB,10.131903840126007
995,eMBB,11.722447868835433
996,eMBB,8.477220158754141
997,eMBB,10.186653594844316
998,eMBB,8.585451592546665
999,eMBB,10.24393613939764
1000,eMBB,8.785391927025067
1001,eMBB,8.776402104722118
1002,eMBB,9.875528518142314
1003,eMBB,11.229354103051389
1004,eMBB,11.235328837856535
1005,eMBB,10.620940057736034
1006,eMBB,10.747552906602104
1007,eMBB,11.72994092884511
1008,eMBB,9.971257192057035
1009,eMBB,9.542157112856835
1010,eMBB,10.05730816638781
1011,eMBB,10.086899645202708
1012,eMBB,9.603545765186714
1013,eMBB,10.6422122197488
1014,eMBB,10.185938867517
1015,eMBB,10.203536023655905
1016,eMBB,10.874492948170339
1017,eMBB,8.765105647832158
1018,eMBB,10.160466372794621
1019,eMBB,9.8567422175077
1020,eMBB,10.42532545625377
1021,eMBB,10.15562720380219
1022,eMBB,9.878384991031966
1023,eMBB,9.551008190870052
1024,eMBB,10.203106732156417
1025,eMBB,9.391558061098806
1026,eMBB,8.851758283892778
1027,eMBB,9.347183997012753
1028,eMBB,10.144766177686359
1029,eMBB,8.933803448529535
1030,eMBB,9.162461898177584
1031,eMBB,9.517702266482589
1032,eMBB,9.509866673807739
1033,eMBB,10.06228517880612
1034,eMBB,9.84874211392204
1035,eMBB,9.092271097627426
1036,eMBB,9.88103115033472
1037,eMBB,8.310429510420338
1038,eMBB,11.245234729555614
1039,eMBB,7.7381449973815135
1040,eMBB,9.547017910458399
1041,eMBB,10.928945824765298
1042,eMBB,9.238108804177731
1043,eMBB,10.221856344754288
1044,eMBB,9.809907439640641
1045,eMBB,8.88886460697789
1046,eMBB,9.705621531122889
1047,eMBB,12.000881121833364
1048,eMBB,11.025353699050294
1049,eMBB,10.948309033873048
1050,eMBB,9.099635853547037
1051,eMBB,8.49676449150767
1052,eMBB,9.432935409083187
1053,eMBB,10.216347027441218
1054,eMBB,10.06891458012625
1055,eMBB,9.865819787602115
1056,eMBB,9.981414391860035
1057,eMBB,8.080450709829659
1058,eMBB,9.501851260453813
1059,eMBB,10.430741848807118
1060,eMBB,9.624407031573305
1061,eMBB,10.770462653631604
1062,eMBB,10.237871675928867
1063,eMBB,9.084542565616744
1064,eMBB,9.870196228175562
1065,eMBB,10.634417477851883
1066,eMBB,7.935804741220529
1067,eMBB,10.904556899356512
1068,eMBB,10.738132932764673
1069,eMBB,9.885939729390591
1070,eMBB,8.157720458851625
1071,eMBB,9.385468907439558
1072,eMBB,9.716994547350234
1073,eMBB,9.455389338292928
1074,eMBB,9.831143127397896
1075,eMBB,9.421927030547465
1076,eMBB,10.311937633416198
1077,eMBB,9.547979922665661
1078,eMBB,9.432872384415331
1079,eMBB,7.485100713252752
1080,eMBB,10.740600620246813
1081,eMBB,8.140182295339823
1082,eMBB,8.938844728381616
1083,eMBB,9.73579680205485
1084,eMBB,11.824690838749682
1085,eMBB,9.527728752979232
1086,eMBB,7.1582902932379255
1087,eMBB,8.233273021288346
1088,eMBB,10.759672951440942
1089,eMBB,8.506034758880839
1090,eMBB,10.323628957879203
1091,eMBB,8.98044558602301
1092,eMBB,9.675502578668945
1093,eMBB,9.316889371341578
1094,eMBB,8.95483732244322
1095,eMBB,11.236872270776967
1096,eMBB,9.879352706017114
1097,eMBB,11.095951663927455
1098,eMBB,8.88452471675309
1099,eMBB,8.221020536559427
1100,eMBB,9.709505674793364
1101,eMBB,9.534176650456953
1102,eMBB,6.908586820956988
1103,eMBB,10.508697246970616
1104,eMBB,9.211678046766984
1105,eMBB,9.493317148429911
1106,eMBB,10.90195805054992
1107,eMBB,8.206090047987054
1108,eMBB,8.87686234463035
1109,eMBB,8.201981720675146
1110,eMBB,10.574030737383303
1111,eMBB,8.151791203436208
1112,eMBB,10.844701700165123
1113,eMBB,10.152988406930652
1114,eMBB,9.925626276113023
1115,eMBB,9.431485219539528
1116,eMBB,8.993356108691929
1117,eMBB,10.321185783563791
1118,eMBB,8.920305029112276
1119,eMBB,9.39819519677684
1120,eMBB,10.411355389457263
1121,eMBB,7.925587364535166
1122,eMBB,8.816182157817437
1123,eMBB,9.11174876293988
1124,eMBB,9.515961439377534
1125,eMBB,8.72302018659885
1126,eMBB,11.653027906510047
1127,eMBB,9.881075568948262
1128,eMBB,10.27306933945573
1129,eMBB,9.373669512989695
1130,eMBB,10.477098475122002
1131,eMBB,9.123491833695574
1132,eMBB,8.097411768918407
1133,eMBB,11.664006324096464
1134,eMBB,9.300262567468293
1135,eMBB,8.920785015946139
1136,eMBB,9.13599649712422
1137,eMBB,11.394852927898668
1138,eMBB,8.69743918736827
1139,eMBB,10.731419066893404
1140,eMBB,10.791761617538857
1141,eMBB,8.863668936868114
1142,eMBB,10.851598522610985
1143,eMBB,9.209435283898499
1144,eMBB,10.891909351461365
1145,eMBB,7.893533571745154
1146,eMBB,11.495894302332447
1147,eMBB,13.086096992484746
1148,eMBB,9.739013461241804
1149,eMBB,10.10924750575025
1150,eMBB,9.324982225474354
1151,eMBB,9.776452168953591
1152,eMBB,11.025521164412309
1153,eMBB,10.368649310590989
1154,eMBB,10.036495315172077
1155,eMBB,11.331956351986847
1156,eMBB,9.110472495972562
1157,eMBB,9.374956592110236
1158,eMBB,9.426195240129472
1159,eMBB,10.046313539274475
1160,eMBB,10.546856543342606
1161,eMBB,10.141215325886229
1162,eMBB,10.867577638514907
1163,eMBB,9.987592557427389
1164,eMBB,7.224179894536203
1165,eMBB,9.390404882628532
1166,eMBB,7.97402879608059
1167,eMBB,9.396999219699426
1168,eMBB,9.192064249118104
1169,eMBB,8.674230306805043
1170,eMBB,8.873472587283766
1171,eMBB,12.133336174656074
1172,eMBB,9.285383828719112
1173,eMBB,9.324808550406045
1174,eMBB,8.36981000652806
1175,eMBB,9.95925698368235
1176,eMBB,11.809046607384968
1177,eMBB,8.800403060387287
1178,eMBB,8.655355493843354
1179,eMBB,9.008271920746099
1180,eMBB,9.506459636320498
1181,eMBB,9.86737747297303
1182,eMBB,10.867496579867924
1183,eMBB,10.332376298527484
1184,eMBB,10.07449024267204
1185,eMBB,9.77410681477456
1186,eMBB,9.547690894580482
1187,eMBB,10.4749692956422
1188,eMBB,9.256559847772628
1189,eMBB,9.244995791968188
1190,eMBB,11.079700973682115
1191,eMBB,10.080344910791393
1192,eMBB,9.556952175624348
1193,eMBB,10.07025338441197
1194,eMBB,9.259430770917689
1195,eMBB,8.147199675929366
1196,eMBB,11.252373454504747
1197,eMBB,8.592116255279453
1198,eMBB,8.857927569406641
1199,eMBB,8.258689790295259
1200,eMBB,8.670845797499046
1201,eMBB,9.223559329559697
1202,eMBB,11.061199548604803
1203,eMBB,9.40479968110573
1204,eMBB,9.475369240327394
1205,eMBB,8.258979508985838
1206,eMBB,8.847565380025742
1207,eMBB,10.507483967051597
1208,eMBB,10.101115540185784
1209,eMBB,9.093207740436881
1210,eMBB,9.600521044187374
1211,eMBB,10.052347656722569
1212,eMBB,9.529857623215484
1213,eMBB,9.752409063269878
1214,eMBB,10.886065028573364
1215,eMBB,10.53439047690946
1216,eMBB,10.298933300297202
1217,eMBB,10.31631327616862
1218,eMBB,9.87432337355222
1219,eMBB,9.410613851508808
1220,eMBB,12.625373199996103
1221,eMBB,9.843381981139556
1222,eMBB,10.767891673529688
1223,eMBB,9.441123950619128
1224,eMBB,10.414609496688444
1225,eMBB,8.245379737785072
1226,eMBB,11.4069220074534
1227,eMBB,12.039338288948146
1228,eMBB,11.915114016453254
1229,eMBB,8.34598319109728
1230,eMBB,10.339222992448528
1231,eMBB,8.781832355478967
1232,eMBB,7.341991572810129
1233,eMBB,10.401047666660826
1234,eMBB,8.833438646868679
1235,eMBB,9.618063877103735
1236,eMBB,7.702322100092874
1237,eMBB,11.560789484288938
1238,eMBB,11.195123751904296
1239,eMBB,7.615799324222925
1240,eMBB,9.228919891202791
1241,eMBB,10.859351232325222
1242,eMBB,10.7269510852568
1243,eMBB,8.921316984619121
1244,eMBB,10.153239233899937
1245,eMBB,9.143651070583529
1246,eMBB,8.71107292477816
1247,eMBB,11.189437745654633
1248,eMBB,9.363410440597983
1249,eMBB,8.6896258755263
1250,eMBB,9.641878609185767
1251,eMBB,10.419833529993538
1252,eMBB,9.753355334039707
1253,eMBB,9.657395401096705
1254,eMBB,8.33417444212399
1255,eMBB,10.60291196384476
1256,eMBB,9.719404453382033
1257,eMBB,9.503697138014134
1258,eMBB,10.003657821861038
1259,eMBB,10.245675940701236
1260,eMBB,10.886646614355739
1261,eMBB,9.508364487017214
1262,eMBB,9.07052414707443
1263,eMBB,9.206327978976908
1264,eMBB,8.28912385266748
1265,eMBB,10.960663592262161
1266,eMBB,7.875386832025171
1267,eMBB,9.552610214829121
1268,eMBB,9.812844479339123
1269,eMBB,11.35955320428991
1270,eMBB,11.211971664990328
1271,eMBB,11.15665286240386
1272,eMBB,12.495346440548056
1273,eMBB,8.394350446338718
1274,eMBB,9.42682204366961
1275,eMBB,11.251591668470924
1276,eMBB,8.324299825117192
1277,eMBB,9.774615567017273
1278,eMBB,9.941232631733438
1279,eMBB,10.616934435068098
1280,eMBB,9.738602531861472
1281,eMBB,9.2129588096688
1282,eMBB,10.558264544441027
1283,eMBB,9.7036242901495
1284,eMBB,10.098958260593928
1285,eMBB,8.145929150678134
1286,eMBB,9.024084900625198
1287,eMBB,9.761417647515724
1288,eMBB,9.537600876494412
1289,eMBB,10.243604939477505
1290,eMBB,9.253060261134518
1291,eMBB,10.115368532462117
1292,eMBB,8.923980213181405
1293,eMBB,9.075404715471324
1294,eMBB,9.49071368416465
1295,eMBB,8.701107571234019
1296,eMBB,10.090187436109039
1297,eMBB,10.119819988320685
1298,eMBB,9.733200009848167
1299,eMBB,10.280543090456666
1300,eMBB,11.091820881306722
1301,eMBB,9.994199778329106
1302,eMBB,9.469289729164158
1303,eMBB,9.754285038004909
1304,eMBB,9.697392617753136
1305,eMBB,10.657508734833236
1306,eMBB,8.454462493575484
1307,eMBB,9.776094685198768
1308,eMBB,7.823163359657497
1309,eMBB,7.891445604815691
1310,eMBB,8.893766887433152
1311,eMBB,9.001319595610974
1312,eMBB,9.22397621029551
1313,eMBB,10.904745206450128
1314,eMBB,9.739839523703296
1315,eMBB,9.90178360912464
1316,eMBB,12.091645134467852
1317,eMBB,10.314172042098209
1318,eMBB,8.9504309036363
1319,eMBB,10.931563394170858
1320,eMBB,9.747315489249923
1321,eMBB,8.634417461285905
1322,eMBB,9.206842690876572
1323,eMBB,9.45137826402758
1324,eMBB,8.550715067924141
1325,eMBB,9.29945445883826
1326,eMBB,9.644159637844673
1327,eMBB,10.865793207285444
1328,eMBB,10.358470865884572
1329,eMBB,10.220179346015145
1330,eMBB,10.160059531717028
1331,eMBB,8.848120119412444
1332,eMBB,7.828208339715702
1333,eMBB,9.298304744328762
1334,eMBB,7.923254117718868
1335,eMBB,10.927344815717584
1336,eMBB,9.422073012760706
1337,eMBB,10.07958549945327
1338,eMBB,9.749713688142895
1339,eMBB,10.924285112278753
1340,eMBB,10.140828451941509
1341,eMBB,10.894013213440816
1342,eMBB,9.93446318926095
1343,eMBB,8.475531183015956
1344,eMBB,10.228608256524412
1345,eMBB,11.692084008803283
1346,eMBB,10.047198165746106
1347,eMBB,10.733506621388667
1348,eMBB,9.398284815508124
1349,eMBB,9.576288495900057
1350,eMBB,10.958105710393173
1351,eMBB,7.795462425223047
1352,eMBB,11.006967564929926
1353,eMBB,8.141756462438815
1354,eMBB,8.865488332255792
1355,eMBB,10.023735640028422
1356,eMBB,7.466482640076134
1357,eMBB,8.321739133777356
1358,eMBB,9.010874877296267
1359,eMBB,10.19667996373143
1360,eMBB,7.841570811729593
1361,eMBB,8.438422126980491
1362,eMBB,10.208527279903123
1363,eMBB,10.073097968411922
1364,eMBB,10.270392063700887
1365,eMBB,10.73931000836329
1366,eMBB,10.83088633284516
1367,eMBB,8.769720302026375
1368,eMBB,9.062629232121445
1369,eMBB,11.897833591958735
1370,eMBB,9.750341214702368
1371,eMBB,10.467192295928424
1372,eMBB,7.920744579446055
1373,eMBB,10.300027245134286
1374,eMBB,8.878474791399757
1375,eMBB,7.697140394440098
1376,eMBB,10.744027947209089
1377,eMBB,11.855320602925513
1378,eMBB,9.63187070589438
1379,eMBB,10.307134178677835
1380,eMBB,8.363283430190059
1381,eMBB,10.59245693104076
1382,eMBB,9.78482576234348
1383,eMBB,11.080875762951152
1384,eMBB,11.965291351718921
1385,eMBB,10.642487945536304
1386,eMBB,8.693528676006675
1387,eMBB,9.235800988568094
1388,eMBB,9.543691162566029
1389,eMBB,9.01256881323864
1390,eMBB,9.735197797278925
1391,eMBB,9.951707369390592
1392,eMBB,8.10736870976091
1393,eMBB,9.50571318989435
1394,eMBB,9.467778193394343
1395,eMBB,10.170348219546565
1396,eMBB,10.75658273015848
1397,eMBB,9.603744713940655
1398,eMBB,10.588651263755708
1399,eMBB,11.698161528447356
1400,eMBB,11.170644608716879
1401,eMBB,10.722477243546262
1402,eMBB,11.375387353673784
1403,eMBB,10.495199689275607
1404,eMBB,9.018102606667789
1405,eMBB,7.293733117909428
1406,eMBB,12.025802643992364
1407,eMBB,10.170811492464228
1408,eMBB,9.052111771228951
1409,eMBB,10.205656978370014
1410,eMBB,8.151529503176343
1411,eMBB,11.735019997276062
1412,eMBB,10.63009651716058
1413,eMBB,9.765734986621208
1414,eMBB,9.884089596077072
1415,eMBB,8.71455371979247
1416,eMBB,9.509479548412017
1417,eMBB,8.708266417483317
1418,eMBB,9.411971412813957
1419,eMBB,10.089368291300636
1420,eMBB,10.22045030449059
1421,eMBB,9.33843982196078
1422,eMBB,9.947610878694965
1423,eMBB,9.133342793118581
1424,eMBB,11.038104000582212
1425,eMBB,9.502829344549756
1426,eMBB,8.238677384543086
1427,eMBB,10.234152179106943
1428,eMBB,11.053259342331891
1429,eMBB,12.216468826456206
1430,eMBB,9.710045240139788
1431,eMBB,9.242153983196733
1432,eMBB,9.539237249609217
1433,eMBB,10.581420979666811
1434,eMBB,9.764375746619516
1435,eMBB,9.18052076453689
1436,eMBB,10.658360590708762
1437,eMBB,11.509411976909936
1438,eMBB,10.021703325001997
1439,eMBB,10.974082436281078
1440,eMBB,11.116335564307743
1441,eMBB,11.039171208171812
1442,eMBB,11.237262759756337
1443,eMBB,8.063148282176764
1444,eMBB,11.282941088703497
1445,eMBB,8.568606543637454
1446,eMBB,9.627617110349192
1447,eMBB,9.019612253599218
1448,eMBB,11.275097077512664
1449,eMBB,9.442478531825115
1450,eMBB,11.229812750167511
1451,eMBB,9.466641362610062
1452,eMBB,8.888836678674762
1453,eMBB,9.957947533446443
1454,eMBB,9.123407921230323
1455,eMBB,10.912332282949935
1456,eMBB,9.452410495872488
1457,eMBB,9.12122898359757
1458,eMBB,11.525766205349814
1459,eMBB,11.009445780239284
1460,eMBB,9.575592620319492
1461,eMBB,9.964095822598216
1462,eMBB,10.547464949354243
1463,eMBB,9.495355033193023
1464,eMBB,10.436537589032238
1465,eMBB,10.38293423923206
1466,eMBB,8.856416035336592
1467,eMBB,10.158082094233455
1468,eMBB,9.15952953086119
1469,eMBB,11.138626686862324
1470,eMBB,9.9039213557932
1471,eMBB,10.166960922856285
1472,eMBB,9.830046894717574
1473,eMBB,9.555952218530258
1474,eMBB,9.607866887597813
1475,eMBB,9.744896992324595
1476,eMBB,8.73140092650098
1477,eMBB,10.077453454269243
1478,eMBB,10.017166214284394
1479,eMBB,10.675028167851472
1480,eMBB,9.618302196797568
1481,eMBB,10.536884007509702
1482,eMBB,9.289767152319781
1483,eMBB,10.37554356788615
1484,eMBB,7.900638822636495
1485,eMBB,6.813212583339053
1486,eMBB,9.091784453163369
1487,eMBB,8.723947523035802
1488,eMBB,8.989679542447982
1489,eMBB,11.027319110357817
1490,eMBB,10.156829224679681
1491,eMBB,12.109663463319679
1492,eMBB,9.75957623662869
1493,eMBB,9.647703570394858
1494,eMBB,9.619139768815524
1495,eMBB,9.624343163896983
1496,eMBB,9.464713731165455
1497,eMBB,10.66196600225698
1498,eMBB,10.303460153533907
1499,eMBB,11.608229971584626
1500,eMBB,11.456249867831275
1501,eMBB,8.886364182418061
1502,eMBB,9.760356330805632
1503,eMBB,7.828697874118253
1504,eMBB,10.839047562989798
1505,eMBB,8.451098469279462
1506,eMBB,9.225623535712488
1507,eMBB,10.846295543429367
1508,eMBB,11.43964084034196
1509,eMBB,9.718309132413571
1510,eMBB,9.389161514819573
1511,eMBB,9.709614421629377
1512,eMBB,10.508336309210671
1513,eMBB,10.589339329484451
1514,eMBB,9.88388877636499
1515,eMBB,10.159197365159296
1516,eMBB,9.279345403921429
1517,eMBB,9.76507835549493
1518,eMBB,11.446632156879083
1519,eMBB,8.876359235152941
1520,eMBB,9.974549218479918
1521,eMBB,10.726413072224632
1522,eMBB,8.815873152871582
1523,eMBB,10.76860727437531
1524,eMBB,10.497681775517227
1525,eMBB,9.405182836102654
1526,eMBB,9.438373910707329
1527,eMBB,9.669209534675586
1528,eMBB,9.832582144070049
1529,eMBB,10.229080041623572
1530,eMBB,9.318458630036991
1531,eMBB,9.221114075845165
1532,eMBB,8.621077208017422
1533,eMBB,9.011213265041945
1534,eMBB,10.240134926905816
1535,eMBB,11.099172772226499
1536,eMBB,9.493836051327284
1537,eMBB,8.93262744925386
1538,eMBB,8.963268042915102
1539,eMBB,10.888608929417883
1540,eMBB,10.490900609831712
1541,eMBB,9.680943103482152
1542,eMBB,10.20613402227075
1543,eMBB,9.099835014791102
1544,eMBB,10.024012289647386
1545,eMBB,9.074042027122415
1546,eMBB,8.21714727270643
1547,eMBB,10.17948475075211
1548,eMBB,10.306697786777901
1549,eMBB,10.179546156938706
1550,eMBB,9.954266145447013
1551,eMBB,11.062663891684938
1552,eMBB,7.822693364090133
1553,eMBB,10.273865084276336
1554,eMBB,10.21276015271413
1555,eMBB,8.743782600245
1556,eMBB,12.121653628140193
1557,eMBB,10.251362788014921
1558,eMBB,8.764537450730314
1559,eMBB,11.434596636225015
1560,eMBB,9.699068931698157
1561,eMBB,8.01566973275848
1562,eMBB,10.836748666812282
1563,eMBB,9.610317824342758
1564,eMBB,9.863541606300313
1565,eMBB,9.100669046322064
1566,eMBB,8.769516051303977
1567,eMBB,9.891983923809866
1568,eMBB,8.557206582868224
1569,eMBB,9.369446217796227
1570,eMBB,8.457652879629148
1571,eMBB,8.688953069360654
1572,eMBB,9.989953806934185
1573,eMBB,10.79923917072664
1574,eMBB,10.428095367993345
1575,eMBB,7.979501646982422
1576,eMBB,9.184276469976854
1577,eMBB,8.932700590202751
1578,eMBB,6.592365945835326
1579,eMBB,11.388671471225278
1580,eMBB,9.778971585866655
1581,eMBB,10.1918601221459
1582,eMBB,9.782001186795894
1583,eMBB,10.015672239421361
1584,eMBB,7.253537315845563
1585,eMBB,8.157872535962905
1586,eMBB,9.761044541998155
1587,eMBB,7.673136093368958
1588,eMBB,7.886569903148305
1589,eMBB,9.263364999026688
1590,eMBB,8.358772064186676
1591,eMBB,10.08687417636834
1592,eMBB,9.939103924690917
1593,eMBB,11.753472241609074
1594,eMBB,8.781590067140643
1595,eMBB,9.689407415598826
1596,eMBB,11.708906160192157
1597,eMBB,9.875502420078956
1598,eMBB,9.204511085758055
1599,eMBB,9.503809377695553
1600,eMBB,9.45739791393736
1601,eMBB,9.71307179193536
1602,eMBB,10.486910050949039
1603,eMBB,9.742788871023258
1604,eMBB,7.847577671956136
1605,eMBB,9.729030768402469
1606,eMBB,9.548383608318689
1607,eMBB,10.801761009255998
1608,eMBB,9.474119120732686
1609,eMBB,11.003929401038876
1610,eMBB,8.319307456508785
1611,eMBB,10.284626769396361
1612,eMBB,9.809996402686233
1613,eMBB,10.567982625037867
1614,eMBB,10.619633232496625
1615,eMBB,9.651837765715966
1616,eMBB,12.944939876479669
1617,eMBB,10.994439013860259
1618,eMBB,8.251408463946591
1619,eMBB,8.194900607140235
1620,eMBB,10.048892864276148
1621,eMBB,9.746744854816054
1622,eMBB,10.048030001585477
1623,eMBB,10.030708333732052
1624,eMBB,10.105959983160947
1625,eMBB,10.66071667660988
1626,eMBB,8.122379208962094
1627,eMBB,9.16468017878875
1628,eMBB,10.433921213618206
1629,eMBB,10.738278964824108
1630,eMBB,9.438813862772463
1631,eMBB,11.224311079107425
1632,eMBB,9.449455701542721
1633,eMBB,10.24044280833776
1634,eMBB,9.765265561115827
1635,eMBB,9.21773012093511
1636,eMBB,9.951102087752794
1637,eMBB,7.631344026779384
1638,eMBB,9.29775367726599
1639,eMBB,9.424624305129035
1640,eMBB,11.040864719406688
1641,eMBB,10.323967443564728
1642,eMBB,5.8815913501399795
1643,eMBB,9.02615246483275
1644,eMBB,9.564079390600403
1645,eMBB,10.26999481770078
1646,eMBB,9.513103845262648
1647,eMBB,9.091799255797987
1648,eMBB,7.6516357604507315
1649,eMBB,8.902018160966705
1650,eMBB,12.282341059726761
1651,eMBB,12.086180730850787
1652,eMBB,8.736263843612754
1653,eMBB,9.670971369948255
1654,eMBB,12.379210326795887
1655,eMBB,10.03029513109454
1656,eMBB,10.311819910121592
1657,eMBB,7.945582518810318
1658,eMBB,9.31549336849602
1659,eMBB,10.138750336483874
1660,eMBB,8.893252773022201
1661,eMBB,11.717467258443675
1662,eMBB,10.150820057654292
1663,eMBB,11.052883371083153
1664,eMBB,9.579798397243406
1665,eMBB,9.531512771866499
1666,eMBB,9.028294541053816
1667,eMBB,9.686242181305898
1668,eMBB,8.91271464743106
1669,eMBB,8.562613370366543
1670,eMBB,8.93372815333103
1671,eMBB,9.92691929334357
1672,eMBB,10.365474482273935
1673,eMBB,9.336832192449213
1674,eMBB,10.837871475692248
1675,eMBB,9.805381272019414
1676,eMBB,10.281226556581254
1677,eMBB,9.703749949552973
1678,eMBB,9.607939797491301
1679,eMBB,11.05323197581073
1680,eMBB,9.607536098072867
1681,eMBB,8.347830320082497
1682,eMBB,10.652662874680702
1683,eMBB,9.817818428062624
1684,eMBB,9.90099912830447
1685,eMBB,8.687402376215195
1686,eMBB,9.12605897117525
1687,eMBB,10.918959943004854
1688,eMBB,8.53165769678314
1689,eMBB,10.00380119854612
1690,eMBB,11.045816462769027
1691,eMBB,10.701127542928404
1692,eMBB,11.740717970740063
1693,eMBB,11.670844024894759
1694,eMBB,8.574572071852053
1695,eMBB,9.581823836006802
1696,eMBB,8.240004429488032
1697,eMBB,10.15254630012288
1698,eMBB,8.548528453529014
1699,eMBB,9.79101221446806
1700,eMBB,11.912687078249993
1701,eMBB,10.180488490330355
1702,eMBB,9.04086621557492
1703,eMBB,11.469044932059653
1704,eMBB,8.868810519812186
1705,eMBB,10.592170793711226
1706,eMBB,12.09126074619939
1707,eMBB,9.713575863834212
1708,eMBB,8.811628847445887
1709,eMBB,8.327537714697304
1710,eMBB,8.723751180171949
1711,eMBB,9.187276406768111
1712,eMBB,10.092764159554095
1713,eMBB,9.925499087250177
1714,eMBB,8.430842742660976
1715,eMBB,8.357439043345032
1716,eMBB,9.48975996254081
1717,eMBB,8.267065624563957
1718,eMBB,11.376004583479114
1719,eMBB,8.51368212282813
1720,eMBB,10.207742080636542
1721,eMBB,9.248087585434847
1722,eMBB,11.952303206822865
1723,eMBB,9.309890623015947
1724,eMBB,11.558384862099121
1725,eMBB,8.850111958803234
1726,eMBB,10.402910463983577
1727,eMBB,8.007311090606496
1728,eMBB,9.388749885226764
1729,eMBB,10.649531422969757
1730,eMBB,8.879497752811059
1731,eMBB,9.208509198973195
1732,eMBB,7.792493680982598
1733,eMBB,9.791089321063053
1734,eMBB,9.848230379659585
1735,eMBB,9.643088228540261
1736,eMBB,9.931504370587465
1737,eMBB,8.487210020144019
1738,eMBB,8.743177209822242
1739,eMBB,10.435526197279987
1740,eMBB,11.50430244767445
1741,eMBB,8.996106662909721
1742,eMBB,10.623357224231384
1743,eMBB,9.085939578813411
1744,eMBB,7.696546155903163
1745,eMBB,9.75835225121387
1746,eMBB,9.032640931450954
1747,eMBB,10.715024471286183
1748,eMBB,9.766686137427282
1749,eMBB,9.364424036336858
1750,eMBB,12.361388369571252
1751,eMBB,12.628730296848463
1752,eMBB,8.43637269648214
1753,eMBB,9.948743154953632
1754,eMBB,9.599089971401021
1755,eMBB,9.841784347084541
1756,eMBB,8.774523846189151
1757,eMBB,9.782540888612798
1758,eMBB,8.83475322704098
1759,eMBB,10.555247868067154
1760,eMBB,10.906346325435184
1761,eMBB,8.98255296813526
1762,eMBB,10.865684552439747
1763,eMBB,10.644418116871131
1764,eMBB,12.043531226927689
1765,eMBB,10.648768005766597
1766,eMBB,11.217896769442714
1767,eMBB,9.27445255971882
1768,eMBB,10.00659446737745
1769,eMBB,9.21159177159911
1770,eMBB,9.686750529842554
1771,eMBB,9.721352270619835
1772,eMBB,8.485789786838316
1773,eMBB,12.270334008995444
1774,eMBB,12.238103594233948
1775,eMBB,9.652563379595028
1776,eMBB,9.06270019079736
1777,eMBB,11.008634215981125
1778,eMBB,9.147515521239036
1779,eMBB,9.803371183306341
1780,eMBB,10.12739120937829
1781,eMBB,8.63134263586791
1782,eMBB,9.293918687738183
1783,eMBB,9.76557312893369
1784,eMBB,8.433827165526841
1785,eMBB,9.105317033615968
1786,eMBB,9.206771367597195
1787,eMBB,9.103019493460193
1788,eMBB,10.114691875322658
1789,eMBB,10.641204087193145
1790,eMBB,9.554991553523195
1791,eMBB,11.430427799500922
1792,eMBB,9.436322905126808
1793,eMBB,10.53703871661391
1794,eMBB,8.911377746456306
1795,eMBB,8.656025612372636
1796,eMBB,10.413232900060875
1797,eMBB,9.356400462646778
1798,eMBB,10.502596269219776
1799,eMBB,12.157691846383848
1800,eMBB,8.705437673246713
1801,eMBB,10.498584144707475
1802,eMBB,9.786354431792388
1803,eMBB,10.558357189681843
1804,eMBB,9.846162417192305
1805,eMBB,8.215521265503357
1806,eMBB,9.820579624091064
1807,eMBB,8.407571950419644
1808,eMBB,11.81103471237661
1809,eMBB,7.978907053403554
1810,eMBB,9.734627008150442
1811,eMBB,9.420867181421235
1812,eMBB,7.082735492700247
1813,eMBB,9.738385571939906
1814,eMBB,10.039897382599255
1815,eMBB,9.94678813030239
1816,eMBB,9.963318257274594
1817,eMBB,7.560077888025743
1818,eMBB,9.903010559251646
1819,eMBB,10.709841925576027
1820,eMBB,10.053578274720051
1821,eMBB,9.468374350422428
1822,eMBB,10.612176413431168
1823,eMBB,10.00133294047322
1824,eMBB,11.034884935806767
1825,eMBB,8.326426949325628
1826,eMBB,10.413156745876789
1827,eMBB,9.307711382771354
1828,eMBB,10.440042386073735
1829,eMBB,10.005099662092324
1830,eMBB,9.8969632980921
1831,eMBB,9.502698907150943
1832,eMBB,11.80394760526817
1833,eMBB,9.086017429098332
1834,eMBB,10.428614013250115
1835,eMBB,9.423485831890515
1836,eMBB,10.35071463919675
1837,eMBB,9.113205431298244
1838,eMBB,10.402757418787695
1839,eMBB,10.528178049815581
1840,eMBB,9.389080383611494
1841,eMBB,9.231289955178749
1842,eMBB,8.251718602231009
1843,eMBB,10.857418450269943
1844,eMBB,9.240066904381381
1845,eMBB,8.727213966965738
1846,eMBB,10.261399347206671
1847,eMBB,9.452748990619074
1848,eMBB,9.232848057908699
1849,eMBB,10.23734616055885
1850,eMBB,10.04345577818026
1851,eMBB,10.732116984577084
1852,eMBB,10.006382920410163
1853,eMBB,9.842166077040277
1854,eMBB,9.586448145572119
1855,eMBB,10.750333162344882
1856,eMBB,10.630312497458089
1857,eMBB,10.153444232433188
1858,eMBB,9.81694931421961
1859,eMBB,9.087627447697571
1860,eMBB,8.683141315089253
1861,eMBB,9.141066438147877
1862,eMBB,9.05310975348303
1863,eMBB,11.483929698310261
1864,eMBB,9.714085065941752
1865,eMBB,8.928609467380662
1866,eMBB,8.419968631836289
1867,eMBB,8.925482862805493
1868,eMBB,10.689375236386253
1869,eMBB,8.830660929635588
1870,eMBB,10.458476410718776
1871,eMBB,9.454163274297606
1872,eMBB,10.839476163175723
1873,eMBB,10.995953572010587
1874,eMBB,8.087729914758732
1875,eMBB,9.925110891025765
1876,eMBB,8.896522057628802
1877,eMBB,11.150795721065757
1878,eMBB,8.685589479103786
1879,eMBB,9.381204014983176
1880,eMBB,9.35201418556303
1881,eMBB,8.371234711204536
1882,eMBB,8.146585042476136
1883,eMBB,10.688991584844123
1884,eMBB,7.451455175836774
1885,eMBB,8.482014120849934
1886,eMBB,10.296866916123601
1887,eMBB,8.855992846909857
1888,eMBB,10.133606498626284
1889,eMBB,9.993026582808014
1890,eMBB,10.6783589732095
1891,eMBB,10.83438024840552
1892,eMBB,9.713001601133536
1893,eMBB,9.505083422482752
1894,eMBB,9.574760971570683
1895,eMBB,11.082178858510549
1896,eMBB,11.206742359354374
1897,eMBB,10.782793712196645
1898,eMBB,8.90359342799559
1899,eMBB,9.965559540241188
1900,eMBB,9.648686443684138
1901,eMBB,9.914855989218765
1902,eMBB,11.378778877975193
1903,eMBB,10.561369850623201
1904,eMBB,10.782981747356645
1905,eMBB,7.869875160860624
1906,eMBB,9.771135002232363
1907,eMBB,10.547524010958295
1908,eMBB,12.000994841448902
1909,eMBB,9.052016619269901
1910,eMBB,8.995997717104508
1911,eMBB,11.348446254286639
1912,eMBB,8.118101833104863
1913,eMBB,9.828391358070379
1914,eMBB,10.661701597808594
1915,eMBB,10.429871222310556
1916,eMBB,9.063568456396286
1917,eMBB,8.72222944824635
1918,eMBB,10.594776587151914
1919,eMBB,11.174696638505308
1920,eMBB,9.76320648900317
1921,eMBB,8.976785469880316
1922,eMBB,9.478953008204654
1923,eMBB,7.8987600207119675
1924,eMBB,10.046109027226683
1925,eMBB,10.27204967281143
1926,eMBB,9.448158892310092
1927,eMBB,7.620335687785718
1928,eMBB,9.062100643729318
1929,eMBB,10.518005502209927
1930,eMBB,9.443183246015588
1931,eMBB,9.43222146985984
1932,eMBB,7.954386061543335
1933,eMBB,9.51645683477908
1934,eMBB,9.747039673294763
1935,eMBB,9.398149540656144
1936,eMBB,11.471153472224625
1937,eMBB,7.786776296272412
1938,eMBB,8.710108916187517
1939,eMBB,9.391852180418939
1940,eMBB,9.510388496603404
1941,eMBB,9.656808328285791
1942,eMBB,11.021876698480986
1943,eMBB,10.362717003972177
1944,eMBB,10.993097607324287
1945,eMBB,9.72850507522645
1946,eMBB,10.656630098560328
1947,eMBB,8.819519246872723
1948,eMBB,9.618762038990546
1949,eMBB,9.005124974410366
1950,eMBB,10.900590522989104
1951,eMBB,10.034100526129432
1952,eMBB,9.709796762381064
1953,eMBB,9.80181227020737
1954,eMBB,9.523698645129583
1955,eMBB,10.523952598607318
1956,eMBB,9.714699696566845
1957,eMBB,10.346553233245
1958,eMBB,10.296394411006384
1959,eMBB,10.442072083944089
1960,eMBB,9.704459651841914
1961,eMBB,9.2650950697488
1962,eMBB,9.50567153548938
1963,eMBB,10.386823121988959
1964,eMBB,9.957277081742363
1965,eMBB,10.228143612120736
1966,eMBB,9.64601428448239
1967,eMBB,9.79332994911543
1968,eMBB,7.896934065667142
1969,eMBB,9.28879235180621
1970,eMBB,8.727547856652592
1971,eMBB,9.134493629758982
1972,eMBB,8.927646321188163
1973,eMBB,11.679636401544673
1974,eMBB,10.507897363544432
1975,eMBB,9.110920392730534
1976,eMBB,9.463190203830997
1977,eMBB,9.433935237860476
1978,eMBB,8.870813595527018
1979,eMBB,7.597973153280879
1980,eMBB,9.397416994259828
1981,eMBB,10.21889230501253
1982,eMBB,10.315870551245476
1983,eMBB,7.22874162345785
1984,eMBB,10.385591153623084
1985,eMBB,10.957528749699646
1986,eMBB,11.493712791408115
1987,eMBB,11.779744568820547
1988,eMBB,10.422655658384011
1989,eMBB,11.020003665013617
1990,eMBB,8.753010031674142
1991,eMBB,10.176137528673404
1992,eMBB,9.251498632812629
1993,eMBB,8.87858245001871
1994,eMBB,9.989424952578103
1995,eMBB,9.286707373528193
1996,eMBB,12.264882082321568
1997,eMBB,11.31935671035244
1998,eMBB,9.318041911261734
1999,eMBB,9.965506000426602
0,mMTC,0.0
1,mMTC,0.0
2,mMTC,0.24141337623157777
3,mMTC,0.292265267778547
4,mMTC,0.2823750880771728
5,mMTC,0.29207098796584646
6,mMTC,0.29437102038601365
7,mMTC,0.30019740751461604
8,mMTC,0.2916260464575238
9,mMTC,0.2942169629934543
10,mMTC,0.2973985842034423
11,mMTC,0.29474292708572447
12,mMTC,0.2940972841038525
13,mMTC,0.29530929163230124
14,mMTC,0.29434540680319954
15,mMTC,0.29794643664138676
16,mMTC,0.29370698454768734
17,mMTC,0.29326720519425536
18,mMTC,0.29229971505458796
19,mMTC,0.2925339820451341
20,mMTC,0.29731066839069986
21,mMTC,0.2980651032084422
22,mMTC,0.2913714386928131
23,mMTC,0.2944823955704648
24,mMTC,0.2962687302728367
25,mMTC,0.2918511066239616
26,mMTC,0.2895293721263929
27,mMTC,0.2965455710773088
28,mMTC,0.29875635256095023
29,mMTC,0.2940770863874248
30,mMTC,0.2957128634724168
31,mMTC,0.29586092408155334
32,mMTC,0.29997454367403437
33,mMTC,0.2968265906820008
34,mMTC,0.2951308330183968
35,mMTC,0.291193876383321
36,mMTC,0.297663943298289
37,mMTC,0.29359634249563277
38,mMTC,0.29202258131399217
39,mMTC,0.3011605567951845
40,mMTC,0.29060649435298946
41,mMTC,0.2934813283998716
42,mMTC,0.29348950321857675
43,mMTC,0.2937047279850104
44,mMTC,0.292532835487613
45,mMTC,0.29177050430577645
46,mMTC,0.2997005247801007
47,mMTC,0.29502043874176254
48,mMTC,0.29485462343618485
49,mMTC,0.29926904740817367
50,mMTC,0.29668457350274
51,mMTC,0.29460731275055185
52,mMTC,0.2981136623831045
53,mMTC,0.2972764234528353
54,mMTC,0.29517806899732896
55,mMTC,0.2962088680361033
56,mMTC,0.29384782793112796
57,mMTC,0.2932285667076309
58,mMTC,0.29664030973490396
59,mMTC,0.3003365807607296
60,mMTC,0.29637360122731954
61,mMTC,0.28950323230368724
62,mMTC,0.293686707082348
63,mMTC,0.291600238034665
64,mMTC,0.2954191456117973
65,mMTC,0.29309699539226286
66,mMTC,0.2898202567648913
67,mMTC,0.29118790588826704
68,mMTC,0.29390451450426164
69,mMTC,0.2931969744784023
70,mMTC,0.2970216882324148
71,mMTC,0.2981362157881431
72,mMTC,0.2946471921271167
73,mMTC,0.29506927164283764
74,mMTC,0.29380454109558496
75,mMTC,0.29723690126533486
76,mMTC,0.2940548708539874
77,mMTC,0.29224130807684745
78,mMTC,0.28907526182526033
79,mMTC,0.29345253649418324
80,mMTC,0.29512309097636463
81,mMTC,0.29747193770381924
82,mMTC,0.2978526021909467
83,mMTC,0.2935669550610795
84,mMTC,0.28953748905711507
85,mMTC,0.29575626755838264
86,mMTC,0.29334845929827613
87,mMTC,0.2908385069905567
88,mMTC,0.29219088994003034
89,mMTC,0.29328264240302593
90,mMTC,0.29786065544943346
91,mMTC,0.29346655840412217
92,mMTC,0.2975731899329029
93,mMTC,0.29767473262628436
94,mMTC,0.29531598622148314
95,mMTC,0.29287729633418713
96,mMTC,0.2921128876019762
97,mMTC,0.2934086959499402
98,mMTC,0.2909564695244003
99,mMTC,0.29748038912964575
100,mMTC,0.2913567819044021
101,mMTC,0.29162464915030917
102,mMTC,0.29583644108692203
103,mMTC,0.2943367532442835
104,mMTC,0.2967496699785079
105,mMTC,0.29750326527939797
106,mMTC,0.29613048068233255
107,mMTC,0.29696369825908775
108,mMTC,0.29473025098298417
109,mMTC,0.2897371294838758
110,mMTC,0.29205167293521894
111,mMTC,0.29914904157005484
112,mMTC,0.2939995611312667
113,mMTC,0.29483249979753956
114,mMTC,0.29429431586904614
115,mMTC,0.29068825955133576
116,mMTC,0.2950782350248719
117,mMTC,0.296913170518596
118,mMTC,0.2950258756112148
119,mMTC,0.2979232328222593
120,mMTC,0.29429754571898736
121,mMTC,0.2955424678882206
122,mMTC,0.29596035781901364
123,mMTC,0.2948928840984716
124,mMTC,0.29268725369848814
125,mMTC,0.2981443653225877
126,mMTC,0.2971697631804788
127,mMTC,0.2952220395267071
128,mMTC,0.3013813398770537
129,mMTC,0.2941809124268924
130,mMTC,0.2966049005925843
131,mMTC,0.2950522030452189
132,mMTC,0.29285675320664584
133,mMTC,0.2971929751036201
134,mMTC,0.29774743361685235
135,mMTC,0.2958516654449525
136,mMTC,0.2970505096411972
137,mMTC,0.29194526206848387
138,mMTC,0.29321668869896433
139,mMTC,0.29897282242383877
140,mMTC,0.2946041861935604
141,mMTC,0.288471426706328
142,mMTC,0.2935076625836889
143,mMTC,0.2984532355871891
144,mMTC,0.2951318081094868
145,mMTC,0.28854801196985874
146,mMTC,0.2965178670968032
147,mMTC,0.2995265762243527
148,mMTC,0.2899215836895401
149,mMTC,0.2945499194848906
150,mMTC,0.29525738952555347
151,mMTC,0.2956548470625303
152,mMTC,0.2958903704445285
153,mMTC,0.2945046845121419
154,mMTC,0.291149135295249
155,mMTC,0.2914564213118457
156,mMTC,0.2980323559427441
157,mMTC,0.295329096324283
158,mMTC,0.2999264337452555
159,mMTC,0.2939388957034424
160,mMTC,0.2927458714413628
161,mMTC,0.29689542502203414
162,mMTC,0.29460187172936003
163,mMTC,0.2927919689662577
164,mMTC,0.29912048627347065
165,mMTC,0.29103388542011827
166,mMTC,0.28872777453374326
167,mMTC,0.29645976093398596
168,mMTC,0.30279818728459124
169,mMTC,0.29604414106158466
170,mMTC,0.290062272020422
171,mMTC,0.2951394052942965
172,mMTC,0.29739792881565585
173,mMTC,0.28932203102948384
174,mMTC,0.293867301279522
175,mMTC,0.29513942494017054
176,mMTC,0.2961826935902997
177,mMTC,0.295510883998123
178,mMTC,0.2906806311657252
179,mMTC,0.2947942332849672
180,mMTC,0.298677118696536
181,mMTC,0.2990032787417747
182,mMTC,0.29410762733912155
183,mMTC,0.2954353921906236
184,mMTC,0.2967583769535002
185,mMTC,0.2953587192961827
186,mMTC,0.29495236890275073
187,mMTC,0.2910946399481353
188,mMTC,0.2916039189178711
189,mMTC,0.2950592717857763
190,mMTC,0.29443932098404085
191,mMTC,0.29221495575204065
192,mMTC,0.296333127860278
193,mMTC,0.2955085370703489
194,mMTC,0.29463995991935277
195,mMTC,0.29112246060055913
196,mMTC,0.2965803616884391
197,mMTC,0.29668889888023886
198,mMTC,0.2942730771742735
199,mMTC,0.289107576762626
200,mMTC,0.29603813425456144
201,mMTC,0.29935910656511094
202,mMTC,0.29231724100851025
203,mMTC,0.2903932564569807
204,mMTC,0.2889077819221596
205,mMTC,0.2951924770388398
206,mMTC,0.29728813774555063
207,mMTC,0.29599474247753366
208,mMTC,0.29544754421275016
209,mMTC,0.295851714129987
210,mMTC,0.2940429465227208
211,mMTC,0.29151405553019977
212,mMTC,0.29271501175008874
213,mMTC,0.29310269331665384
214,mMTC,0.2972554710032008
215,mMTC,0.29349534083614787
216,mMTC,0.2959979184918868
217,mMTC,0.29681484576907946
218,mMTC,0.2903983605265812
219,mMTC,0.29533282265359245
220,mMTC,0.29327730288621545
221,mMTC,0.29223042343647254
222,mMTC,0.2961451519483104
223,mMTC,0.2983832292661191
224,mMTC,0.2926174654632934
225,mMTC,0.29259371343391116
226,mMTC,0.29651085649177406
227,mMTC,0.29583446277491143
228,mMTC,0.294405127862675
229,mMTC,0.2930173250083805
230,mMTC,0.2901215591096426
231,mMTC,0.29779070843739575
232,mMTC,0.29372091497138003
233,mMTC,0.2925680315094208
234,mMTC,0.2913327000039221
235,mMTC,0.2953357125213577
236,mMTC,0.29802282075847614
237,mMTC,0.2963226224798167
238,mMTC,0.2958590663442598
239,mMTC,0.29465872269230203
240,mMTC,0.29802194477748933
241,mMTC,0.2954523385841154
242,mMTC,0.29504119848823984
243,mMTC,0.2976293781449468
244,mMTC,0.2919812929880674
245,mMTC,0.2901942558144134
246,mMTC,0.2896684581387294
247,mMTC,0.2957134755346068
248,mMTC,0.2950605255352712
249,mMTC,0.2949358806018154
250,mMTC,0.29491078510132335
251,mMTC,0.2900259616246203
252,mMTC,0.2923051766060735
253,mMTC,0.3002608576678197
254,mMTC,0.2972747164055212
255,mMTC,0.2966010130329375
256,mMTC,0.2946372771163386
257,mMTC,0.29629554570652833
258,mMTC,0.2953030246649273
259,mMTC,0.2953873403741369
260,mMTC,0.29487615499951314
261,mMTC,0.29747132735609083
262,mMTC,0.2973207231614316
263,mMTC,0.2979089046937582
264,mMTC,0.2982326599670795
265,mMTC,0.29578435306966283
266,mMTC,0.29016950613980125
267,mMTC,0.2920669588020116
268,mMTC,0.29310356875738536
269,mMTC,0.29240836329048486
270,mMTC,0.29619718822525054
271,mMTC,0.2936014740013089
272,mMTC,0.2961930573603021
273,mMTC,0.2970980005309225
274,mMTC,0.29443453958089083
275,mMTC,0.2937769953756756
276,mMTC,0.294097744894932
277,mMTC,0.2934284490205717
278,mMTC,0.2963972559223063
279,mMTC,0.29485887823842
280,mMTC,0.29146398304259985
281,mMTC,0.2934469643931137
282,mMTC,0.29598774644689285
283,mMTC,0.2952478729293269
284,mMTC,0.2927580257752571
285,mMTC,0.29469256906465463
286,mMTC,0.29237162453779236
287,mMTC,0.2906012178580967
288,mMTC,0.2918450586673356
289,mMTC,0.2974650109325716
290,mMTC,0.2996289282142238
291,mMTC,0.29500223699527756
292,mMTC,0.29919178468702035
293,mMTC,0.30263636800311583
294,mMTC,0.2941756569824065
295,mMTC,0.29216286676464104
296,mMTC,0.29648881339942496
297,mMTC,0.29671508778647504
298,mMTC,0.2908236954538705
299,mMTC,0.2924567294658145
300,mMTC,0.29682198128054577
301,mMTC,0.292111758435148
302,mMTC,0.29449810126689246
303,mMTC,0.29430262382074207
304,mMTC,0.29129545536182344
305,mMTC,0.2887669106115402
306,mMTC,0.2917292040037489
307,mMTC,0.2931075910211744
308,mMTC,0.2917574819993494
309,mMTC,0.29374276278700645
310,mMTC,0.2985708800720221
311,mMTC,0.2943555446033929
312,mMTC,0.29255927419985917
313,mMTC,0.2945131385334137
314,mMTC,0.29610454713250706
315,mMTC,0.29495016042998073
316,mMTC,0.29851499125413383
317,mMTC,0.2964340597147326
318,mMTC,0.2939174482164355
319,mMTC,0.2956192020994302
320,mMTC,0.2995101119114353
321,mMTC,0.2945540059434461
322,mMTC,0.2910877175344893
323,mMTC,0.292375455941788
324,mMTC,0.29487996078288475
325,mMTC,0.28992008082941645
326,mMTC,0.28742244846076304
327,mMTC,0.29173792390435255
328,mMTC,0.29690250643310834
329,mMTC,0.29861963035023525
330,mMTC,0.2958478463012351
331,mMTC,0.2896745440827864
332,mMTC,0.2912189032109036
333,mMTC,0.3004893648407311
334,mMTC,0.29205941223439985
335,mMTC,0.2919260987051179
336,mMTC,0.29302511563545136
337,mMTC,0.29555245645458916
338,mMTC,0.29746344414453374
339,mMTC,0.29528230002760125
340,mMTC,0.29015889940822565
341,mMTC,0.29630271341788755
342,mMTC,0.29654390832163485
343,mMTC,0.29275967455398944
344,mMTC,0.29649913297574143
345,mMTC,0.29758230596388463
346,mMTC,0.29390338853729414
347,mMTC,0.28905416393672717
348,mMTC,0.29154777553469335
349,mMTC,0.30013939743754525
350,mMTC,0.29570372095518427
351,mMTC,0.2944229221155845
352,mMTC,0.2992446416546218
353,mMTC,0.29653806467933014
354,mMTC,0.2979561949580289
355,mMTC,0.2947481506256986
356,mMTC,0.29122510255899353
357,mMTC,0.2978099509280686
358,mMTC,0.2908400623299069
359,mMTC,0.296094780281367
360,mMTC,0.29649374750950525
361,mMTC,0.2939509896206534
362,mMTC,0.29292458718980297
363,mMTC,0.292978703838688
364,mMTC,0.29656414632995853
365,mMTC,0.2937422960736569
366,mMTC,0.29082089749320295
367,mMTC,0.2899326509481078
368,mMTC,0.2940349667000019
369,mMTC,0.2948484978177024
370,mMTC,0.29598785811737643
371,mMTC,0.29492542750098777
372,mMTC,0.2895958938887082
373,mMTC,0.2913961874017479
374,mMTC,0.29140503256454053
375,mMTC,0.29381425942501505
376,mMTC,0.29441226594491393
377,mMTC,0.29278448679196695
378,mMTC,0.29635368112564486
379,mMTC,0.29196053983446846
380,mMTC,0.2967901717487566
381,mMTC,0.2948074968517307
382,mMTC,0.2913902871574883
383,mMTC,0.28952441034118637
384,mMTC,0.2934454734789608
385,mMTC,0.29570628669644905
386,mMTC,0.2935524844288955
387,mMTC,0.29200818520336635
388,mMTC,0.2900336237876085
389,mMTC,0.2931743753089249
390,mMTC,0.2975227200578956
391,mMTC,0.2924872328726261
392,mMTC,0.2917596631300205
393,mMTC,0.29374295029202246
394,mMTC,0.2992818743414892
395,mMTC,0.29648848631273034
396,mMTC,0.29795819937093304
397,mMTC,0.29512678518570096
398,mMTC,0.2922163931680102
399,mMTC,0.289231252627704
400,mMTC,0.29640535537939094
401,mMTC,0.29762785868530656
402,mMTC,0.29787479015170504
403,mMTC,0.29585600315110133
404,mMTC,0.293989023101266
405,mMTC,0.29089619083181145
406,mMTC,0.28840381752928024
407,mMTC,0.2943841868412255
408,mMTC,0.2969846571334408
409,mMTC,0.2931048066322938
410,mMTC,0.2942773796582584
411,mMTC,0.29429484079127305
412,mMTC,0.2959669417526043
413,mMTC,0.2940980344917286
414,mMTC,0.2959203491888349
415,mMTC,0.2948678583315202
416,mMTC,0.2965109368937431
417,mMTC,0.2929741774948467
418,mMTC,0.29402434461835797
419,mMTC,0.29425883166379424
420,mMTC,0.2943642419408918
421,mMTC,0.2929620823596115
422,mMTC,0.2943793088182436
423,mMTC,0.2974916135574885
424,mMTC,0.29634188138856454
425,mMTC,0.29563796348073423
426,mMTC,0.29438266500711446
427,mMTC,0.2953630739019047
428,mMTC,0.2950831595782104
429,mMTC,0.2961175200403089
430,mMTC,0.2958241221484131
431,mMTC,0.2978094679402262
432,mMTC,0.2971868568406417
433,mMTC,0.2955117477592258
434,mMTC,0.29669757788715334
435,mMTC,0.2918574137891302
436,mMTC,0.29353093349214593
437,mMTC,0.2961368424178199
438,mMTC,0.29318598864948253
439,mMTC,0.2925859605914761
440,mMTC,0.2958247099443476
441,mMTC,0.2978158856803244
442,mMTC,0.2924503202722491
443,mMTC,0.29145443304970825
444,mMTC,0.2919515345023196
445,mMTC,0.2880791913579598
446,mMTC,0.29914303449562984
447,mMTC,0.2967351700680484
448,mMTC,0.2943826786380504
449,mMTC,0.29569845841034076
450,mMTC,0.2905953179019147
451,mMTC,0.29244202076191833
452,mMTC,0.2911887807569581
453,mMTC,0.2909910366299382
454,mMTC,0.29494249402852235
455,mMTC,0.2946306782443091
456,mMTC,0.29420900140579637
457,mMTC,0.2915373232168454
458,mMTC,0.296882006530682
459,mMTC,0.2941864817245567
460,mMTC,0.29386798119650914
461,mMTC,0.2974647729945106
462,mMTC,0.2966505561018083
463,mMTC,0.2902327638109612
464,mMTC,0.28914482491411514
465,mMTC,0.29335673592283085
466,mMTC,0.2972771963488413
467,mMTC,0.29809700591403343
468,mMTC,0.2951091634333089
469,mMTC,0.2898906013293172
470,mMTC,0.29588190813419346
471,mMTC,0.29953132294124696
472,mMTC,0.29289400823678646
473,mMTC,0.2896413389095276
474,mMTC,0.2936349872397126
475,mMTC,0.29561474503261276
476,mMTC,0.2938806255632392
477,mMTC,0.294454674001373
478,mMTC,0.29096969531676253
479,mMTC,0.29493719351362213
480,mMTC,0.29644851179144804
481,mMTC,0.2944822764128446
482,mMTC,0.2905668267323915
483,mMTC,0.28914276566196045
484,mMTC,0.2939508069415759
485,mMTC,0.29546901677548115
486,mMTC,0.29725374782558184
487,mMTC,0.2992266508004271
488,mMTC,0.29723865475144434
489,mMTC,0.29159619190758773
490,mMTC,0.29831592929240275
491,mMTC,0.2965090014783917
492,mMTC,0.29267871791207073
493,mMTC,0.28946706946811135
494,mMTC,0.2917010919445542
495,mMTC,0.2955564276070251
496,mMTC,0.29696735374344374
497,mMTC,0.29523422068976996
498,mMTC,0.2922516973273442
499,mMTC,0.2960215394652118
500,mMTC,0.2938541558652141
501,mMTC,0.2926745854527545
502,mMTC,0.29005759942839127
503,mMTC,0.29495662793895094
504,mMTC,0.29444617789264504
505,mMTC,0.2915682676069081
506,mMTC,0.2955297394481328
507,mMTC,0.2950579127085717
508,mMTC,0.29745802965906937
509,mMTC,0.29627687729569796
510,mMTC,0.2899462615578493
511,mMTC,0.2920616969897941
512,mMTC,0.29439952355659543
513,mMTC,0.29188192409775465
514,mMTC,0.29880732800052084
515,mMTC,0.2945484173479588
516,mMTC,0.2941600814061628
517,mMTC,0.29372063056737147
518,mMTC,0.28845408383215076
519,mMTC,0.2933005251260696
520,mMTC,0.29793250389284504
521,mMTC,0.29401585891926346
522,mMTC,0.2949055696158219
523,mMTC,0.29604140158463776
524,mMTC,0.29619972996091987
525,mMTC,0.2965717200817916
526,mMTC,0.2936329328152229
527,mMTC,0.2932188546867139
528,mMTC,0.2955860660050743
529,mMTC,0.2958009357313817
530,mMTC,0.29259827021725177
531,mMTC,0.2922061243846155
532,mMTC,0.29380819185230994
533,mMTC,0.296922594655578
534,mMTC,0.2942758993470052
535,mMTC,0.29435526726942135
536,mMTC,0.29377291281508766
537,mMTC,0.2937696723785391
538,mMTC,0.2931229876020416
539,mMTC,0.2946133960133221
540,mMTC,0.294522552585725
541,mMTC,0.2919946772093354
542,mMTC,0.2922828008286877
543,mMTC,0.2939974859132551
544,mMTC,0.2925802426599978
545,mMTC,0.29250155016388096
546,mMTC,0.29631598936565356
547,mMTC,0.2947651472924125
548,mMTC,0.2910721145577671
549,mMTC,0.2936016905499406
550,mMTC,0.29740821352442753
551,mMTC,0.2971522248889165
552,mMTC,0.29558845281895074
553,mMTC,0.2954582279083972
554,mMTC,0.29473350954890515
555,mMTC,0.2946934298361744
556,mMTC,0.29309465355947056
557,mMTC,0.2954259474694451
558,mMTC,0.29671055798286505
559,mMTC,0.29368072158905867
560,mMTC,0.294048994716779
561,mMTC,0.3006944629760623
562,mMTC,0.2956048685970154
563,mMTC,0.28799257868089817
564,mMTC,0.29140776243798566
565,mMTC,0.2916521372028148
566,mMTC,0.29472401928824665
567,mMTC,0.29588077492801473
568,mMTC,0.2932308804684844
569,mMTC,0.2917835602946732
570,mMTC,0.291818042576051
571,mMTC,0.2956046940873435
572,mMTC,0.2949073381248055
573,mMTC,0.29510988708671676
574,mMTC,0.2922141478441614
575,mMTC,0.29258197914773254
576,mMTC,0.2917482980781196
577,mMTC,0.2960564527172634
578,mMTC,0.29574092262816715
579,mMTC,0.2889162491542142
580,mMTC,0.29740880425316285
581,mMTC,0.29693339709512895
582,mMTC,0.2939785771775843
583,mMTC,0.2964168952280385
584,mMTC,0.29145733431298726
585,mMTC,0.2909687077991827
586,mMTC,0.29801124051517963
587,mMTC,0.29111634003633835
588,mMTC,0.29701382320962605
589,mMTC,0.293370435777698
590,mMTC,0.2911342851241157
591,mMTC,0.2982632191059681
592,mMTC,0.2986322762455922
593,mMTC,0.2960567459878563
594,mMTC,0.29230109423008016
595,mMTC,0.29531534292156636
596,mMTC,0.2943651846273358
597,mMTC,0.2907399809911289
598,mMTC,0.2945994602668823
599,mMTC,0.2944524989179866
600,mMTC,0.2939852975925981
601,mMTC,0.2980326151502154
602,mMTC,0.2969595153529179
603,mMTC,0.2918645731474577
604,mMTC,0.29656653188765836
605,mMTC,0.2930174825859384
606,mMTC,0.2908472608110567
607,mMTC,0.2930721279185906
608,mMTC,0.29542073494428484
609,mMTC,0.2967887880875666
610,mMTC,0.29089069187004374
611,mMTC,0.2900548949955122
612,mMTC,0.2958825435155379
613,mMTC,0.2916382880298211
614,mMTC,0.29281116934372586
615,mMTC,0.2981560991024637
616,mMTC,0.29446422035010006
617,mMTC,0.2951507470267811
618,mMTC,0.29413592534059674
619,mMTC,0.28928356293596125
620,mMTC,0.29610737640706314
621,mMTC,0.29530606929951714
622,mMTC,0.2924574325622199
623,mMTC,0.29131659040509095
624,mMTC,0.29401396224897186
625,mMTC,0.29009884602685815
626,mMTC,0.289619620272514
627,mMTC,0.29604869635675174
628,mMTC,0.2948227816527645
629,mMTC,0.29531877342746743
630,mMTC,0.2924968966301177
631,mMTC,0.2918322759949432
632,mMTC,0.294658230143232
633,mMTC,0.2940913548731178
634,mMTC,0.29594658937032414
635,mMTC,0.2949980156827332
636,mMTC,0.2951699347302467
637,mMTC,0.2912521736102562
638,mMTC,0.2931402625131282
639,mMTC,0.29747630280432225
640,mMTC,0.29514912555952866
641,mMTC,0.28943898119550404
642,mMTC,0.2904239505269453
643,mMTC,0.2957924888735231
644,mMTC,0.29804189850292123
645,mMTC,0.29325879729866733
646,mMTC,0.2966636951435914
647,mMTC,0.2951381391397861
648,mMTC,0.2911977253527049
649,mMTC,0.29275810812532765
650,mMTC,0.29539763184012136
651,mMTC,0.29128594569443633
652,mMTC,0.29308225158026185
653,mMTC,0.2969912276079807
654,mMTC,0.29734879556958344
655,mMTC,0.293435652107369
656,mMTC,0.29187696705998634
657,mMTC,0.2936985073313186
658,mMTC,0.29796376601655933
659,mMTC,0.2899458956231316
660,mMTC,0.2946736171361543
661,mMTC,0.2945101294348777
662,mMTC,0.29301831865514083
663,mMTC,0.29134286112476887
664,mMTC,0.29605568859239606
665,mMTC,0.2950564874197759
666,mMTC,0.2927468436828953
667,mMTC,0.2966677534638912
668,mMTC,0.29160867560516557
669,mMTC,0.2903055134232931
670,mMTC,0.29847342093083085
671,mMTC,0.2940652656405008
672,mMTC,0.287516264929909
673,mMTC,0.2898303538262552
674,mMTC,0.2943722820873267
675,mMTC,0.2976013619934467
676,mMTC,0.295678609520902
677,mMTC,0.2936358575334859
678,mMTC,0.29689923582647293
679,mMTC,0.29528388428719726
680,mMTC,0.2951897767581867
681,mMTC,0.2964225956015256
682,mMTC,0.29601757712690646
683,mMTC,0.2980221828826458
684,mMTC,0.2948150567297942
685,mMTC,0.2963960411248421
686,mMTC,0.2933929603259644
687,mMTC,0.2947586812518102
688,mMTC,0.293720891748343
689,mMTC,0.28921705636650463
690,mMTC,0.2914277650449542
691,mMTC,0.30080983545308615
692,mMTC,0.29698328650051753
693,mMTC,0.2909900129424007
694,mMTC,0.29040181483579947
695,mMTC,0.30066237941090507
696,mMTC,0.2959369966978554
697,mMTC,0.29277126756584293
698,mMTC,0.2927783681783855
699,mMTC,0.2960692922894178
700,mMTC,0.29216377298828994
701,mMTC,0.29395325352087714
702,mMTC,0.29362502476698993
703,mMTC,0.2955595716243931
704,mMTC,0.29669587262058444
705,mMTC,0.2941547861246146
706,mMTC,0.2922403363343797
707,mMTC,0.29664672591325514
708,mMTC,0.2936866525831339
709,mMTC,0.2903521086508633
710,mMTC,0.29362298067269405
711,mMTC,0.2970448528636343
712,mMTC,0.290970677935889
713,mMTC,0.2920655078668174
714,mMTC,0.2957991952876327
715,mMTC,0.29180102176123857
716,mMTC,0.2925517893264374
717,mMTC,0.28972241424971623
718,mMTC,0.2923275297761943
719,mMTC,0.29298365106133656
720,mMTC,0.2940101073122913
721,mMTC,0.2951297815966989
722,mMTC,0.2943079951979335
723,mMTC,0.29393172126104067
724,mMTC,0.2942157083864516
725,mMTC,0.29256870240222244
726,mMTC,0.2944293159937449
727,mMTC,0.29291464574089776
728,mMTC,0.2935978195102172
729,mMTC,0.2957983654621898
730,mMTC,0.2989656188663751
731,mMTC,0.29616944049988225
732,mMTC,0.29412977762067866
733,mMTC,0.2944561513390532
734,mMTC,0.29927007233099145
735,mMTC,0.29840728209284323
736,mMTC,0.29566963962627296
737,mMTC,0.2993549215692932
738,mMTC,0.2948540982226337
739,mMTC,0.29139074517079355
740,mMTC,0.29535693713676425
741,mMTC,0.29489909626184796
742,mMTC,0.2962673975263021
743,mMTC,0.29340682484194713
744,mMTC,0.29253628370970514
745,mMTC,0.2980842061922379
746,mMTC,0.2954114555284946
747,mMTC,0.2973340307690703
748,mMTC,0.29383301227625347
749,mMTC,0.29423381980031443
750,mMTC,0.29562846417412997
751,mMTC,0.29369981512398324
752,mMTC,0.2911879557317523
753,mMTC,0.2922277271683504
754,mMTC,0.2940788489054178
755,mMTC,0.2937239786328589
756,mMTC,0.2905992741537155
757,mMTC,0.2963031053620782
758,mMTC,0.2952968945670365
759,mMTC,0.2922008330368699
760,mMTC,0.2962117517132091
761,mMTC,0.294600824787626
762,mMTC,0.2924381295267243
763,mMTC,0.294393284690934
764,mMTC,0.2934289118672102
765,mMTC,0.2964653036454158
766,mMTC,0.2931373080452156
767,mMTC,0.2925658629460699
768,mMTC,0.29262049828620595
769,mMTC,0.29242110237532853
770,mMTC,0.29519530472865396
771,mMTC,0.2966114361201337
772,mMTC,0.29644618580632515
773,mMTC,0.2938848438948459
774,mMTC,0.2962348705865575
775,mMTC,0.3009664634504271
776,mMTC,0.2957035251727877
777,mMTC,0.2964895627851709
778,mMTC,0.29972450132083067
779,mMTC,0.29940890573207446
780,mMTC,0.291839936830981
781,mMTC,0.29465419822324723
782,mMTC,0.29602546275693326
783,mMTC,0.29652591786572535
784,mMTC,0.2992091063341897
785,mMTC,0.29976389691185046
786,mMTC,0.29640216174238015
787,mMTC,0.2935385226570877
788,mMTC,0.29621489816474206
789,mMTC,0.29713610602942564
790,mMTC,0.29696971943391554
791,mMTC,0.2948802722765349
792,mMTC,0.2946188120965535
793,mMTC,0.29808636432213886
794,mMTC,0.2917623874821646
795,mMTC,0.28964368072401214
796,mMTC,0.2957929008524723
797,mMTC,0.2964871220527133
798,mMTC,0.29887972728331313
799,mMTC,0.29616935683956874
800,mMTC,0.298778720600448
801,mMTC,0.29643269873900085
802,mMTC,0.2952383639891668
803,mMTC,0.2956347048735289
804,mMTC,0.2972000440529009
805,mMTC,0.2930100896531677
806,mMTC,0.2884916256170968
807,mMTC,0.2903763932670597
808,mMTC,0.2979719526693478
809,mMTC,0.29273432735338173
810,mMTC,0.28885735246621114
811,mMTC,0.2943291553978837
812,mMTC,0.29096748108072135
813,mMTC,0.29412471929341977
814,mMTC,0.2933787803528351
815,mMTC,0.2908786348177014
816,mMTC,0.28747123077774184
817,mMTC,0.29381497338054
818,mMTC,0.2943009085610459
819,mMTC,0.29465121631733243
820,mMTC,0.29548104643144973
821,mMTC,0.2928399703149298
822,mMTC,0.29566614567280364
823,mMTC,0.29457929802188615
824,mMTC,0.29697180295636244
825,mMTC,0.29801644727778437
826,mMTC,0.2941816605365027
827,mMTC,0.2934429949881808
828,mMTC,0.29555198731089916
829,mMTC,0.29557199029680614
830,mMTC,0.2954281691168172
831,mMTC,0.296269285997079
832,mMTC,0.2937598911426446
833,mMTC,0.2950069554640019
834,mMTC,0.2927988278561675
835,mMTC,0.2924189992507038
836,mMTC,0.2903762574897565
837,mMTC,0.2945698316961602
838,mMTC,0.29365052055749213
839,mMTC,0.2950708347320674
840,mMTC,0.3005204291255782
841,mMTC,0.2914102236284043
842,mMTC,0.2935148391706941
843,mMTC,0.2944201103803929
844,mMTC,0.29257502581804257
845,mMTC,0.29305330878399727
846,mMTC,0.2931595295723622
847,mMTC,0.2934376764185599
848,mMTC,0.2946532787046356
849,mMTC,0.2960132203430045
850,mMTC,0.2987808315298918
851,mMTC,0.2945522784382837
852,mMTC,0.2910375720692748
853,mMTC,0.29316774038706583
854,mMTC,0.29253352516436987
855,mMTC,0.29355465977531525
856,mMTC,0.29570245217635155
857,mMTC,0.2923393249058296
858,mMTC,0.2933562968058242
859,mMTC,0.29268348361778557
860,mMTC,0.29384673204585865
861,mMTC,0.2953581495855203
862,mMTC,0.29081183982206005
863,mMTC,0.28792545872598097
864,mMTC,0.2972489478127261
865,mMTC,0.29687878794222106
866,mMTC,0.2945201973007075
867,mMTC,0.29403585121374903
868,mMTC,0.29611100682709934
869,mMTC,0.29623561003712184
870,mMTC,0.2944786056368785
871,mMTC,0.29449567038006413
872,mMTC,0.2948514726978114
873,mMTC,0.29367080109887556
874,mMTC,0.2991565926109693
875,mMTC,0.2963169459846907
876,mMTC,0.2927032944865894
877,mMTC,0.293334176091225
878,mMTC,0.2921599227748191
879,mMTC,0.2977992208271985
880,mMTC,0.2962653984175389
881,mMTC,0.2956433797901981
882,mMTC,0.2952395286385394
883,mMTC,0.2915981448972848
884,mMTC,0.29643194006840334
885,mMTC,0.29844229830541547
886,mMTC,0.29221519166030546
887,mMTC,0.29532380320347024
888,mMTC,0.2969642163365494
889,mMTC,0.29631252234965727
890,mMTC,0.2937289399626421
891,mMTC,0.2964782467546511
892,mMTC,0.2944912421347018
893,mMTC,0.28830958200029144
894,mMTC,0.29310223847057115
895,mMTC,0.293244251920782
896,mMTC,0.29142542763011076
897,mMTC,0.29390166355236547
898,mMTC,0.29470693754201593
899,mMTC,0.2971175763963219
900,mMTC,0.2959036251766682
901,mMTC,0.2899413847829206
902,mMTC,0.29412957651481675
903,mMTC,0.2979146024814305
904,mMTC,0.29501903484798225
905,mMTC,0.2923266331273859
906,mMTC,0.29473235170020395
907,mMTC,0.2964926002089495
908,mMTC,0.2912655214445535
909,mMTC,0.2931780919133311
910,mMTC,0.2936210727812583
911,mMTC,0.2994804850717138
912,mMTC,0.2992980601996516
913,mMTC,0.2983624588054377
914,mMTC,0.2977377440105668
915,mMTC,0.29886380217142133
916,mMTC,0.2948881489732888
917,mMTC,0.2914860669379709
918,mMTC,0.2988999046288217
919,mMTC,0.2961841657933994
920,mMTC,0.2955875572453982
921,mMTC,0.2937278698120064
922,mMTC,0.28787267969752145
923,mMTC,0.29345063854969305
924,mMTC,0.29281884917076517
925,mMTC,0.29330910004317196
926,mMTC,0.29642842549669124
927,mMTC,0.29754649318900694
928,mMTC,0.29419834921634963
929,mMTC,0.2934220889195254
930,mMTC,0.29727717625131617
931,mMTC,0.29579780064802264
932,mMTC,0.2948354121296298
933,mMTC,0.29329315503576
934,mMTC,0.2976772456321075
935,mMTC,0.29853005708461744
936,mMTC,0.29571515063554893
937,mMTC,0.2928384055278071
938,mMTC,0.2971011200294582
939,mMTC,0.2925948822058524
940,mMTC,0.29268535798372736
941,mMTC,0.295258038444957
942,mMTC,0.29659394427116026
943,mMTC,0.291854258845912
944,mMTC,0.2947182801954403
945,mMTC,0.29269077698578494
946,mMTC,0.28938289303101733
947,mMTC,0.29089958383978354
948,mMTC,0.29662005607566255
949,mMTC,0.2944926494589041
950,mMTC,0.29423290430056936
951,mMTC,0.29151737859881954
952,mMTC,0.2953141905312367
953,mMTC,0.2948936687687269
954,mMTC,0.29481373364897684
955,mMTC,0.29742555550143746
956,mMTC,0.2928708617683613
957,mMTC,0.29431973341779916
958,mMTC,0.2963727305111331
959,mMTC,0.2937587792017426
960,mMTC,0.29465239484881
961,mMTC,0.29465219845372637
962,mMTC,0.29614760298537335
963,mMTC,0.2872140888047397
964,mMTC,0.28993465462606205
965,mMTC,0.29543397560431045
966,mMTC,0.2967991296104819
967,mMTC,0.2925637088779503
968,mMTC,0.29622605950923026
969,mMTC,0.2990080815512514
970,mMTC,0.29338447115470734
971,mMTC,0.2923618665964817
972,mMTC,0.2919760207150852
973,mMTC,0.2906698784000939
974,mMTC,0.298063091082396
975,mMTC,0.29905441380413356
976,mMTC,0.2926001207144125
977,mMTC,0.2923501416622281
978,mMTC,0.2931781485004704
979,mMTC,0.2944643658747962
980,mMTC,0.2896230292484775
981,mMTC,0.2910863408331308
982,mMTC,0.29488732529346556
983,mMTC,0.29442258485946105
984,mMTC,0.297516124635815
985,mMTC,0.28967893162602937
986,mMTC,0.2935764781114542
987,mMTC,0.29117461255892324
988,mMTC,0.2897935174910731
989,mMTC,0.2918174139610082
990,mMTC,0.2963884750187516
991,mMTC,0.29494540434963334
992,mMTC,0.2933545157363264
993,mMTC,0.29473892662817774
994,mMTC,0.2959165022491593
995,mMTC,0.2944439892283758
996,mMTC,0.29345999268960715
997,mMTC,0.2969764201208767
998,mMTC,0.29168840103190335
999,mMTC,0.2962321436199762
1000,mMTC,0.296282642006835
1001,mMTC,0.2969668769835526
1002,mMTC,0.29152931397148457
1003,mMTC,0.29441873680082614
1004,mMTC,0.29642464349984887
1005,mMTC,0.29406155919708976
1006,mMTC,0.2960347164101273
1007,mMTC,0.29456592862795644
1008,mMTC,0.29157634386383285
1009,mMTC,0.29544740224801763
1010,mMTC,0.2947106551526119
1011,mMTC,0.2959108176441047
1012,mMTC,0.29676108797530265
1013,mMTC,0.2953439668910275
1014,mMTC,0.29490202252397346
1015,mMTC,0.29734270063647217
1016,mMTC,0.2948332448092816
1017,mMTC,0.2937545158111233
1018,mMTC,0.2931475027436559
1019,mMTC,0.28829124093457487
1020,mMTC,0.2924771672354403
1021,mMTC,0.29357357149267554
1022,mMTC,0.29543964840315357
1023,mMTC,0.2973324725644138
1024,mMTC,0.29390700597677305
1025,mMTC,0.29848411886349535
1026,mMTC,0.29820796909884334
1027,mMTC,0.29160559415650494
1028,mMTC,0.29518264909592595
1029,mMTC,0.2998122216805642
1030,mMTC,0.298231235671756
1031,mMTC,0.29442871437028806
1032,mMTC,0.29191089879442705
1033,mMTC,0.29524395092759537
1034,mMTC,0.29478710804437647
1035,mMTC,0.29673450122153666
1036,mMTC,0.294086730390477
1037,mMTC,0.2979026644631628
1038,mMTC,0.30011630376274606
1039,mMTC,0.2946909667933009
1040,mMTC,0.2945786229759873
1041,mMTC,0.29327630604162835
1042,mMTC,0.29414980992569645
1043,mMTC,0.295107435719202
1044,mMTC,0.29481389483971004
1045,mMTC,0.29046309490614924
1046,mMTC,0.2930878621499076
1047,mMTC,0.2945473225959197
1048,mMTC,0.29626349655522205
1049,mMTC,0.29487280630096513
1050,mMTC,0.29409666063402895
1051,mMTC,0.2944089871344479
1052,mMTC,0.2942120729932148
1053,mMTC,0.293791435011036
1054,mMTC,0.2956168535743657
1055,mMTC,0.29613692423731014
1056,mMTC,0.294784436277153
1057,mMTC,0.29509343403971267
1058,mMTC,0.2930383235258553
1059,mMTC,0.29437758103920975
1060,mMTC,0.2900184507451799
1061,mMTC,0.29768511891356175
1062,mMTC,0.29419387696926813
1063,mMTC,0.29180536538069396
1064,mMTC,0.29111944933204154
1065,mMTC,0.29175965323830666
1066,mMTC,0.2926483194520287
1067,mMTC,0.2931914751640713
1068,mMTC,0.29025871970629186
1069,mMTC,0.29341480595412134
1070,mMTC,0.296076331374265
1071,mMTC,0.296748990867497
1072,mMTC,0.2926910543095895
1073,mMTC,0.29446737937408335
1074,mMTC,0.29111524335162015
1075,mMTC,0.2908877588848935
1076,mMTC,0.29414980575193767
1077,mMTC,0.29882422743469034
1078,mMTC,0.29340540791347847
1079,mMTC,0.29409376716212654
1080,mMTC,0.2951947835018032
1081,mMTC,0.294137928483931
1082,mMTC,0.297189253024202
1083,mMTC,0.29801946299536064
1084,mMTC,0.2934052092660312
1085,mMTC,0.29186989721067497
1086,mMTC,0.2909052921776143
1087,mMTC,0.29385990511409993
1088,mMTC,0.30087195430353675
1089,mMTC,0.29239418082112456
1090,mMTC,0.2906403883870021
1091,mMTC,0.29488467686766073
1092,mMTC,0.2966373545924597
1093,mMTC,0.2966579559777082
1094,mMTC,0.2922455023949859
1095,mMTC,0.29063941437656543
1096,mMTC,0.29540352708096024
1097,mMTC,0.2955329066878927
1098,mMTC,0.29279476913784896
1099,mMTC,0.295735572834067
1100,mMTC,0.2954808930615961
1101,mMTC,0.29285773222711814
1102,mMTC,0.29210578902105266
1103,mMTC,0.2939374291165487
1104,mMTC,0.29303124270430553
1105,mMTC,0.2945283237447418
1106,mMTC,0.2933579914992664
1107,mMTC,0.29519089794548586
1108,mMTC,0.2909274152619096
1109,mMTC,0.2950733998767782
1110,mMTC,0.2961259966376481
1111,mMTC,0.29378200976696983
1112,mMTC,0.2955783780818642
1113,mMTC,0.2949615854423854
1114,mMTC,0.29392583541697676
1115,mMTC,0.2960729770611465
1116,mMTC,0.2937724075511766
1117,mMTC,0.2922576841015715
1118,mMTC,0.29580860884170684
1119,mMTC,0.2979848203867758
1120,mMTC,0.2919064042985511
1121,mMTC,0.2947774124702269
1122,mMTC,0.29724783782223996
1123,mMTC,0.2923711317261245
1124,mMTC,0.2955288625507248
1125,mMTC,0.2957419015495347
1126,mMTC,0.2936406821907812
1127,mMTC,0.2929785745655008
1128,mMTC,0.2950645953632136
1129,mMTC,0.29391957041014555
1130,mMTC,0.290535290958589
1131,mMTC,0.2926263844033173
1132,mMTC,0.2956375074526335
1133,mMTC,0.29212614570228373
1134,mMTC,0.29334194512422807
1135,mMTC,0.2948607433673107
1136,mMTC,0.2952362978470719
1137,mMTC,0.293559166722153
1138,mMTC,0.2978021086906905
1139,mMTC,0.2993314109002438
1140,mMTC,0.29409726606254627
1141,mMTC,0.29231475689869824
1142,mMTC,0.29837079279033235
1143,mMTC,0.29517383242708234
1144,mMTC,0.2965596333618787
1145,mMTC,0.29408241480666175
1146,mMTC,0.29391826430902074
1147,mMTC,0.2970110087095318
1148,mMTC,0.2954414979207413
1149,mMTC,0.29180299541489896
1150,mMTC,0.2930932741687623
1151,mMTC,0.2996580662100002
1152,mMTC,0.2948020401921119
1153,mMTC,0.2940166864879661
1154,mMTC,0.2948275353902517
1155,mMTC,0.2961861129971968
1156,mMTC,0.299874701397356
1157,mMTC,0.2956588151030265
1158,mMTC,0.2950957339657665
1159,mMTC,0.2986781251336314
1160,mMTC,0.29120725924020824
1161,mMTC,0.29740096162607654
1162,mMTC,0.299641880237331
1163,mMTC,0.29508673202458896
1164,mMTC,0.29575889593714244
1165,mMTC,0.29474874699076914
1166,mMTC,0.2957171088819763
1167,mMTC,0.294282815886238
1168,mMTC,0.2975520871783
1169,mMTC,0.29546059695622223
1170,mMTC,0.2913342777998324
1171,mMTC,0.2917123456711364
1172,mMTC,0.2934129797920472
1173,mMTC,0.29148700623123286
1174,mMTC,0.2940506731483332
1175,mMTC,0.2922351590401807
1176,mMTC,0.28925657981970726
1177,mMTC,0.29204328379393063
1178,mMTC,0.2962000963576994
1179,mMTC,0.2907413782861109
1180,mMTC,0.2891769809981996
1181,mMTC,0.29156451025037977
1182,mMTC,0.292999931905194
1183,mMTC,0.29746013915148456
1184,mMTC,0.29277899295349946
1185,mMTC,0.29324943848389623
1186,mMTC,0.29618091407226926
1187,mMTC,0.2958932721929088
1188,mMTC,0.29523085012947536
1189,mMTC,0.29424219829833337
1190,mMTC,0.2936311952735845
1191,mMTC,0.2938506146462823
1192,mMTC,0.29281270559052985
1193,mMTC,0.2971780375247116
1194,mMTC,0.29118152741244746
1195,mMTC,0.29166326109770807
1196,mMTC,0.29776138165957045
1197,mMTC,0.29609892150429007
1198,mMTC,0.30134508449898106
1199,mMTC,0.3008957672083887
1200,mMTC,0.29884497855328773
1201,mMTC,0.2956624065672477
1202,mMTC,0.2938248585166271
1203,mMTC,0.2937215597968863
1204,mMTC,0.2938338560647006
1205,mMTC,0.29643005543865997
1206,mMTC,0.29486681228042244
1207,mMTC,0.2928677926676589
1208,mMTC,0.2946204165562553
1209,mMTC,0.29549665069018954
1210,mMTC,0.2947343933552144
1211,mMTC,0.2943995369989746
1212,mMTC,0.2918917782504246
1213,mMTC,0.2938679692907315
1214,mMTC,0.29279556760163966
1215,mMTC,0.2900063400185468
1216,mMTC,0.2915538847906567
1217,mMTC,0.2925141871211023
1218,mMTC,0.29791068644054186
1219,mMTC,0.2952353609470936
1220,mMTC,0.29196272759660685
1221,mMTC,0.295928802892554
1222,mMTC,0.2984220665816615
1223,mMTC,0.29819401997114087
1224,mMTC,0.29196533697208593
1225,mMTC,0.29611604744193587
1226,mMTC,0.2940158692777095
1227,mMTC,0.28817607587371685
1228,mMTC,0.29648075060036017
1229,mMTC,0.2969802169534239
1230,mMTC,0.2957019229851118
1231,mMTC,0.2941280586340344
1232,mMTC,0.2935869134155109
1233,mMTC,0.2952908220978992
1234,mMTC,0.2913462834177725
1235,mMTC,0.2934573516758478
1236,mMTC,0.2914528780815779
1237,mMTC,0.2945567321357818
1238,mMTC,0.29325667900485225
1239,mMTC,0.29180880460471037
1240,mMTC,0.29187074945750996
1241,mMTC,0.294967572214753
1242,mMTC,0.2960886874991909
1243,mMTC,0.2954799359658402
1244,mMTC,0.29378448153112213
1245,mMTC,0.28967610898991386
1246,mMTC,0.29418461407849006
1247,mMTC,0.2950721121719891
1248,mMTC,0.28879635898052936
1249,mMTC,0.2944985206813317
1250,mMTC,0.29553616475363154
1251,mMTC,0.29514316357746834
1252,mMTC,0.29296207175475947
1253,mMTC,0.29765595219359803
1254,mMTC,0.29502660847691425
1255,mMTC,0.29560101155444124
1256,mMTC,0.2942931076009725
1257,mMTC,0.2951731613600213
1258,mMTC,0.2961804144800712
1259,mMTC,0.2905665445891895
1260,mMTC,0.2939396232292409
1261,mMTC,0.29454734469918975
1262,mMTC,0.29591407437156153
1263,mMTC,0.2965963104957659
1264,mMTC,0.29689809984713733
1265,mMTC,0.2936223477011355
1266,mMTC,0.2914585374067824
1267,mMTC,0.29406190620277955
1268,mMTC,0.294626355507508
1269,mMTC,0.29465109247643806
1270,mMTC,0.29622941894476634
1271,mMTC,0.29366030589987535
1272,mMTC,0.2907489533128816
1273,mMTC,0.2927277656365909
1274,mMTC,0.2935311133909418
1275,mMTC,0.2952511408231721
1276,mMTC,0.2891625845604154
1277,mMTC,0.2913893720199212
1278,mMTC,0.29681012473688384
1279,mMTC,0.2921119744244632
1280,mMTC,0.29442962677394724
1281,mMTC,0.2958604655383409
1282,mMTC,0.29646850915189243
1283,mMTC,0.2972508598584131
1284,mMTC,0.29431641226691035
1285,mMTC,0.2949710560229568
1286,mMTC,0.293788769411047
1287,mMTC,0.29165656439834947
1288,mMTC,0.2925573669639096
1289,mMTC,0.29310239111210495
1290,mMTC,0.29700032102982793
1291,mMTC,0.3013376123289576
1292,mMTC,0.2905048660631755
1293,mMTC,0.29082466842354143
1294,mMTC,0.2936590512426527
1295,mMTC,0.2917625357861088
1296,mMTC,0.2914502444312952
1297,mMTC,0.2920260425783924
1298,mMTC,0.2931586316811267
1299,mMTC,0.2941081851814099
1300,mMTC,0.294846891546961
1301,mMTC,0.29131541172501635
1302,mMTC,0.2971565640357027
1303,mMTC,0.3000512711665973
1304,mMTC,0.29547016665566916
1305,mMTC,0.2953455155159883
1306,mMTC,0.2925722747211001
1307,mMTC,0.29189154926334365
1308,mMTC,0.29389186892923497
1309,mMTC,0.2949048417367412
1310,mMTC,0.2971994975742845
1311,mMTC,0.29150142408042706
1312,mMTC,0.2937392315518868
1313,mMTC,0.2940389624264617
1314,mMTC,0.2883145534268011
1315,mMTC,0.29616671801508193
1316,mMTC,0.29859013294794073
1317,mMTC,0.29287527678531833
1318,mMTC,0.2961264248665997
1319,mMTC,0.2994059888876385
1320,mMTC,0.29528697698086515
1321,mMTC,0.2852408331003312
1322,mMTC,0.2927750009437125
1323,mMTC,0.29616257670545426
1324,mMTC,0.2963790355272632
1325,mMTC,0.29596516496322506
1326,mMTC,0.29602655841650477
1327,mMTC,0.29718858528694136
1328,mMTC,0.2930154363631554
1329,mMTC,0.2972385196584409
1330,mMTC,0.29536349868222944
1331,mMTC,0.2904375164897047
1332,mMTC,0.29284427396613333
1333,mMTC,0.29669889297741237
1334,mMTC,0.29337575582763037
1335,mMTC,0.29459391312041644
1336,mMTC,0.2964219159685326
1337,mMTC,0.2913101341210276
1338,mMTC,0.29237789258365204
1339,mMTC,0.2921535220704702
1340,mMTC,0.2936037122981371
1341,mMTC,0.2910868247955997
1342,mMTC,0.29084451490110946
1343,mMTC,0.29579950531534044
1344,mMTC,0.3002368254790248
1345,mMTC,0.29392979064686897
1346,mMTC,0.29433149941133524
1347,mMTC,0.3013764091317783
1348,mMTC,0.29547071799625824
1349,mMTC,0.2955316456332413
1350,mMTC,0.29851433686024076
1351,mMTC,0.29605685552308975
1352,mMTC,0.2928358671040164
1353,mMTC,0.2920115472627621
1354,mMTC,0.2966583149821552
1355,mMTC,0.2952998929765296
1356,mMTC,0.2965207600539173
1357,mMTC,0.29479624582846436
1358,mMTC,0.2939856406486436
1359,mMTC,0.29442628676507115
1360,mMTC,0.2921532709276496
1361,mMTC,0.29490442458590704
1362,mMTC,0.29480571104111486
1363,mMTC,0.2927591073068424
1364,mMTC,0.2922002175453971
1365,mMTC,0.2943804752114454
1366,mMTC,0.2947243727494474
1367,mMTC,0.297091335884723
1368,mMTC,0.2943596660330753
1369,mMTC,0.29363449052493096
1370,mMTC,0.29347887669663136
1371,mMTC,0.2966526538367145
1372,mMTC,0.2939717799335945
1373,mMTC,0.29296777532116947
1374,mMTC,0.2957045386724237
1375,mMTC,0.29752309740895305
1376,mMTC,0.2957497105726467
1377,mMTC,0.2936429210302603
1378,mMTC,0.293747171026626
1379,mMTC,0.2944121046584098
1380,mMTC,0.29773318257202785
1381,mMTC,0.2964067431524741
1382,mMTC,0.29853644879154295
1383,mMTC,0.2930870002058707
1384,mMTC,0.28881291789731794
1385,mMTC,0.29453079802164994
1386,mMTC,0.28789938527757103
1387,mMTC,0.28718664833326857
1388,mMTC,0.29629499057212316
1389,mMTC,0.292782227764814
1390,mMTC,0.29402127652432947
1391,mMTC,0.29712856893766576
1392,mMTC,0.2935196617099382
1393,mMTC,0.2920335871605239
1394,mMTC,0.29527569574357587
1395,mMTC,0.291679868678012
1396,mMTC,0.2946580852312539
1397,mMTC,0.29254664733706937
1398,mMTC,0.2937700605476339
1399,mMTC,0.2936518162716611
1400,mMTC,0.2929593653165245
1401,mMTC,0.2926179949560165
1402,mMTC,0.29588596637377823
1403,mMTC,0.2929435298205739
1404,mMTC,0.2922736046073173
1405,mMTC,0.29460500471685586
1406,mMTC,0.2966253288529682
1407,mMTC,0.2929845886167159
1408,mMTC,0.292702005751676
1409,mMTC,0.294789865508454
1410,mMTC,0.2900640524586557
1411,mMTC,0.289053741835835
1412,mMTC,0.29522881520921695
1413,mMTC,0.2942705771103554
1414,mMTC,0.29430771189341615
1415,mMTC,0.29544941384226237
1416,mMTC,0.2915582841247089
1417,mMTC,0.29483846192483526
1418,mMTC,0.2961063831595864
1419,mMTC,0.2981079977111621
1420,mMTC,0.31575379650411395
1421,mMTC,0.291733089862663
1422,mMTC,0.2935604118086519
1423,mMTC,0.2918154260161242
1424,mMTC,0.2891018842923489
1425,mMTC,0.294385971128288
1426,mMTC,0.29302108248664094
1427,mMTC,0.29090566061519396
1428,mMTC,0.29888357733683707
1429,mMTC,0.296933092476326
1430,mMTC,0.2952895328154167
1431,mMTC,0.29280558083693614
1432,mMTC,0.2958742494219694
1433,mMTC,0.29537781894951987
1434,mMTC,0.2954281289521699
1435,mMTC,0.2961233069002136
1436,mMTC,0.2961469561194661
1437,mMTC,0.29553995403303546
1438,mMTC,0.29132682167173524
1439,mMTC,0.29287156598824954
1440,mMTC,0.2945383824702046
1441,mMTC,0.29662755289558224
1442,mMTC,0.2901694164067269
1443,mMTC,0.29513890188594866
1444,mMTC,0.29590694111784144
1445,mMTC,0.2921884827312082
1446,mMTC,0.2919112891247281
1447,mMTC,0.29657140014475586
1448,mMTC,0.29180967160008686
1449,mMTC,0.30177066777234646
1450,mMTC,0.2976295899139693
1451,mMTC,0.29439427661057876
1452,mMTC,0.2961716521919817
1453,mMTC,0.2970095439095531
1454,mMTC,0.29479030401700107
1455,mMTC,0.29200033971325695
1456,mMTC,0.2922122389922474
1457,mMTC,0.2975183717115692
1458,mMTC,0.2936354928744737
1459,mMTC,0.29487127841907174
1460,mMTC,0.2958546715690237
1461,mMTC,0.2951339091545971
1462,mMTC,0.29616191657673685
1463,mMTC,0.29375852425949545
1464,mMTC,0.2932958213727649
1465,mMTC,0.29446236530427267
1466,mMTC,0.29244322979362325
1467,mMTC,0.29441726125139855
1468,mMTC,0.29644164044079013
1469,mMTC,0.2912359863574905
1470,mMTC,0.2958590517263522
1471,mMTC,0.29324658916195284
1472,mMTC,0.2975728447002787
1473,mMTC,0.2968346034586384
1474,mMTC,0.29246798134972735
1475,mMTC,0.2954610386124295
1476,mMTC,0.29333763498654347
1477,mMTC,0.2886964844908378
1478,mMTC,0.2938537427410878
1479,mMTC,0.2920747228930484
1480,mMTC,0.29707168682698976
1481,mMTC,0.3002516069087847
1482,mMTC,0.2947740240118951
1483,mMTC,0.2906775177114383
1484,mMTC,0.29155689736556895
1485,mMTC,0.295597442836508
1486,mMTC,0.29510127662113983
1487,mMTC,0.2903028145637133
1488,mMTC,0.2924937408589927
1489,mMTC,0.2954397992243674
1490,mMTC,0.2927871922053105
1491,mMTC,0.28881458704320795
1492,mMTC,0.2899612935071768
1493,mMTC,0.2902936180372459
1494,mMTC,0.29315429289709394
1495,mMTC,0.2994068537843442
1496,mMTC,0.3034970992644895
1497,mMTC,0.2935536581960568
1498,mMTC,0.2965852610544243
1499,mMTC,0.2972489683834488
1500,mMTC,0.29046284853932414
1501,mMTC,0.29734640337620477
1502,mMTC,0.3000202862037977
1503,mMTC,0.2936448008317912
1504,mMTC,0.2931012276783554
1505,mMTC,0.2936960159776142
1506,mMTC,0.29483720889762777
1507,mMTC,0.29494289574396515
1508,mMTC,0.29826233193940443
1509,mMTC,0.29412891020202825
1510,mMTC,0.2934216228643634
1511,mMTC,0.29519976022528244
1512,mMTC,0.29360005671439793
1513,mMTC,0.29295173754110176
1514,mMTC,0.2963882448301887
1515,mMTC,0.2954243466819689
1516,mMTC,0.29748172772491266
1517,mMTC,0.29375586248161356
1518,mMTC,0.295844517579513
1519,mMTC,0.2998050341584732
1520,mMTC,0.2954440006691137
1521,mMTC,0.29645966433921284
1522,mMTC,0.30111865535611493
1523,mMTC,0.29462864107056225
1524,mMTC,0.2938667794391973
1525,mMTC,0.297179797889939
1526,mMTC,0.2944629622700635
1527,mMTC,0.29859887343182423
1528,mMTC,0.29467124376697035
1529,mMTC,0.29500534505519876
1530,mMTC,0.2903612299661657
1531,mMTC,0.2939466159591503
1532,mMTC,0.2992849646074438
1533,mMTC,0.2906159048754557
1534,mMTC,0.29260438404629285
1535,mMTC,0.2953421575663178
1536,mMTC,0.29589504134887284
1537,mMTC,0.2946780163996032
1538,mMTC,0.29288387827909124
1539,mMTC,0.2934187156901064
1540,mMTC,0.29149181143204433
1541,mMTC,0.2922521075056105
1542,mMTC,0.29507931603139287
1543,mMTC,0.2965527778697359
1544,mMTC,0.29683064367430556
1545,mMTC,0.29186395419880723
1546,mMTC,0.2947596216569376
1547,mMTC,0.29481514148788146
1548,mMTC,0.2923263469155383
1549,mMTC,0.2951784330151047
1550,mMTC,0.2893678043495868
1551,mMTC,0.2945083143881622
1552,mMTC,0.29783479598670864
1553,mMTC,0.2958308638585935
1554,mMTC,0.2978495577633397
1555,mMTC,0.2954186050597459
1556,mMTC,0.29375561062769934
1557,mMTC,0.29116693239775654
1558,mMTC,0.29451502809194957
1559,mMTC,0.2916620474342765
1560,mMTC,0.29140241888676405
1561,mMTC,0.29327593832507154
1562,mMTC,0.2967603029190782
1563,mMTC,0.2952004404867371
1564,mMTC,0.2950680362333071
1565,mMTC,0.29648445082359376
1566,mMTC,0.29531909487530955
1567,mMTC,0.2975529404893271
1568,mMTC,0.29711411644392394
1569,mMTC,0.2966940331644396
1570,mMTC,0.29113086691755025
1571,mMTC,0.28870946923576885
1572,mMTC,0.29451919527246645
1573,mMTC,0.2946484429482854
1574,mMTC,0.2927035195306374
1575,mMTC,0.29591605730992415
1576,mMTC,0.2934198470612981
1577,mMTC,0.2961572514201149
1578,mMTC,0.29439861246287297
1579,mMTC,0.2946530699578967
1580,mMTC,0.29637606194329974
1581,mMTC,0.2951147959905957
1582,mMTC,0.29650410331321925
1583,mMTC,0.29781711948566764
1584,mMTC,0.2936606484660506
1585,mMTC,0.2906069194772379
1586,mMTC,0.29471715700868145
1587,mMTC,0.2986059277023334
1588,mMTC,0.2968649868761142
1589,mMTC,0.3082439214676471
1590,mMTC,0.29167614070484066
1591,mMTC,0.29193789094508094
1592,mMTC,0.29193936756126193
1593,mMTC,0.2895870302979481
1594,mMTC,0.29105085340365083
1595,mMTC,0.293149087850961
1596,mMTC,0.2928960653836653
1597,mMTC,0.29489559400972704
1598,mMTC,0.2963665117939053
1599,mMTC,0.2952949289694384
1600,mMTC,0.29273932643949535
1601,mMTC,0.28816960855094137
1602,mMTC,0.2929167121947518
1603,mMTC,0.2952518083360979
1604,mMTC,0.2953360097007855
1605,mMTC,0.2968483957868275
1606,mMTC,0.2958696497677
1607,mMTC,0.28904820976970175
1608,mMTC,0.2947169880603284
1609,mMTC,0.2951139675147856
1610,mMTC,0.292236480382816
1611,mMTC,0.29532551655245326
1612,mMTC,0.29658653214765
1613,mMTC,0.29523739785077596
1614,mMTC,0.29036136175526805
1615,mMTC,0.29407494997645967
1616,mMTC,0.2950801110349522
1617,mMTC,0.29386223201942835
1618,mMTC,0.29200603003470843
1619,mMTC,0.29149113010831784
1620,mMTC,0.2958921433495338
1621,mMTC,0.29298229557105326
1622,mMTC,0.29434391843747226
1623,mMTC,0.2946109931330645
1624,mMTC,0.294719692783184
1625,mMTC,0.29431719045569515
1626,mMTC,0.2931833371197146
1627,mMTC,0.29687446289962793
1628,mMTC,0.29550490449937955
1629,mMTC,0.29743078957132796
1630,mMTC,0.3002238635631511
1631,mMTC,0.2978898475272386
1632,mMTC,0.2972149811723485
1633,mMTC,0.2940992634420744
1634,mMTC,0.29951431190008126
1635,mMTC,0.29802339676732803
1636,mMTC,0.29396214951715316
1637,mMTC,0.2977850769581705
1638,mMTC,0.29757625349625416
1639,mMTC,0.2925653916755354
1640,mMTC,0.29806660003759855
1641,mMTC,0.2931453180341715
1642,mMTC,0.29454173812278905
1643,mMTC,0.299927173415648
1644,mMTC,0.2955947013593995
1645,mMTC,0.2900296786458762
1646,mMTC,0.2956555481522318
1647,mMTC,0.2956876423618659
1648,mMTC,0.2948560939812764
1649,mMTC,0.29425753925564546
1650,mMTC,0.2921356946846708
1651,mMTC,0.2957931497433354
1652,mMTC,0.29400232354700484
1653,mMTC,0.29903604216455615
1654,mMTC,0.29363883419527126
1655,mMTC,0.29399192910110405
1656,mMTC,0.29325561383629234
1657,mMTC,0.2968150507485333
1658,mMTC,0.2910320410086767
1659,mMTC,0.291750460572038
1660,mMTC,0.29372257098148613
1661,mMTC,0.2965127471756286
1662,mMTC,0.29643829037850283
1663,mMTC,0.29313409163481646
1664,mMTC,0.29561987905595566
1665,mMTC,0.2955998589154749
1666,mMTC,0.2951978525762588
1667,mMTC,0.29397024058469623
1668,mMTC,0.28918605734322606
1669,mMTC,0.2952679982791811
1670,mMTC,0.2945087091906593
1671,mMTC,0.29426095247906403
1672,mMTC,0.29567307791062564
1673,mMTC,0.29811325118797716
1674,mMTC,0.29427159602577724
1675,mMTC,0.29221871813629063
1676,mMTC,0.2977183662442903
1677,mMTC,0.2923597177954152
1678,mMTC,0.29404822940397624
1679,mMTC,0.29520924059717274
1680,mMTC,0.29230063995515215
1681,mMTC,0.2957588737389253
1682,mMTC,0.2945515183330413
1683,mMTC,0.3003602112568886
1684,mMTC,0.2955306666583897
1685,mMTC,0.2954940938570039
1686,mMTC,0.29728345894379493
1687,mMTC,0.292194946245955
1688,mMTC,0.2926269085361144
1689,mMTC,0.2967526230787476
1690,mMTC,0.2982391943517768
1691,mMTC,0.29268911173776896
1692,mMTC,0.2917437101060021
1693,mMTC,0.2909801446646062
1694,mMTC,0.29395873159112024
1695,mMTC,0.29816868539728353
1696,mMTC,0.29591937755271236
1697,mMTC,0.2928257146440077
1698,mMTC,0.29705609355368556
1699,mMTC,0.29695530708439305
1700,mMTC,0.2987811899278557
1701,mMTC,0.2989339060989261
1702,mMTC,0.2955237953270635
1703,mMTC,0.28881539297972164
1704,mMTC,0.2926803346684353
1705,mMTC,0.2926236075313129
1706,mMTC,0.29199404704681514
1707,mMTC,0.29377793971590127
1708,mMTC,0.2977737222961535
1709,mMTC,0.297934857075009
1710,mMTC,0.2896650335325597
1711,mMTC,0.29282831655882324
1712,mMTC,0.2942753765244386
1713,mMTC,0.2943330984284618
1714,mMTC,0.29630078835602974
1715,mMTC,0.2938379450161036
1716,mMTC,0.288826686899976
1717,mMTC,0.2884211719490036
1718,mMTC,0.2954284237661462
1719,mMTC,0.29452374659374514
1720,mMTC,0.29085218537566404
1721,mMTC,0.29205573642431776
1722,mMTC,0.29328775727809614
1723,mMTC,0.300060491659435
1724,mMTC,0.29445062532418254
1725,mMTC,0.2958538282459641
1726,mMTC,0.29900556161773156
1727,mMTC,0.29481187663957814
1728,mMTC,0.29193450804466897
1729,mMTC,0.29142327549415775
1730,mMTC,0.2975918741887109
1731,mMTC,0.2973403147583072
1732,mMTC,0.29768934066786323
1733,mMTC,0.29175831518098144
1734,mMTC,0.2923239760349704
1735,mMTC,0.29752701656255504
1736,mMTC,0.29381078135740496
1737,mMTC,0.29404886094276067
1738,mMTC,0.29386110308270197
1739,mMTC,0.29746558145394764
1740,mMTC,0.30037766434368685
1741,mMTC,0.29551399338533907
1742,mMTC,0.2944765289050297
1743,mMTC,0.29268174350303205
1744,mMTC,0.2957372968214649
1745,mMTC,0.2952275188945639
1746,mMTC,0.2948435025760408
1747,mMTC,0.2927372532550968
1748,mMTC,0.293123783086311
1749,mMTC,0.2927047138211489
1750,mMTC,0.2910619815802103
1751,mMTC,0.2972274320273348
1752,mMTC,0.29753035646383447
1753,mMTC,0.2961337034124724
1754,mMTC,0.2984216300710409
1755,mMTC,0.29082486615964853
1756,mMTC,0.2916535426344747
1757,mMTC,0.29745835141268767
1758,mMTC,0.2951070168253617
1759,mMTC,0.2973128507552067
1760,mMTC,0.296994030360951
1761,mMTC,0.29309482569475576
1762,mMTC,0.29119601570557435
1763,mMTC,0.29514977223569755
1764,mMTC,0.29626924604682425
1765,mMTC,0.30083683753939844
1766,mMTC,0.29501967164578113
1767,mMTC,0.29839542349237597
1768,mMTC,0.2935662725989818
1769,mMTC,0.29505917915443375
1770,mMTC,0.2992816901542207
1771,mMTC,0.29463358381656124
1772,mMTC,0.2926458132657339
1773,mMTC,0.29586458136556776
1774,mMTC,0.296894820312478
1775,mMTC,0.2965099459189759
1776,mMTC,0.2927518116220309
1777,mMTC,0.28750119518931216
1778,mMTC,0.2906189171991688
1779,mMTC,0.3013065885330281
1780,mMTC,0.29786612898749276
1781,mMTC,0.3003510749029177
1782,mMTC,0.2987440038891209
1783,mMTC,0.2932364869456016
1784,mMTC,0.29165318682212354
1785,mMTC,0.3002476244363758
1786,mMTC,0.2952423901711832
1787,mMTC,0.2907623293646516
1788,mMTC,0.2940389964770533
1789,mMTC,0.29360413894019494
1790,mMTC,0.2961296047010459
1791,mMTC,0.28942792744384477
1792,mMTC,0.2923632495209162
1793,mMTC,0.29567537597164517
1794,mMTC,0.29005745692635204
1795,mMTC,0.29419466158417706
1796,mMTC,0.29203063990680006
1797,mMTC,0.2901890879800288
1798,mMTC,0.2984184736442587
1799,mMTC,0.2944581141973229
1800,mMTC,0.29193265949757063
1801,mMTC,0.2945491011247941
1802,mMTC,0.2913696501709395
1803,mMTC,0.2942640879533894
1804,mMTC,0.2960669509279746
1805,mMTC,0.29021970051692064
1806,mMTC,0.29317576357746905
1807,mMTC,0.293531022065604
1808,mMTC,0.29455201101394907
1809,mMTC,0.29380474565813536
1810,mMTC,0.29240022600118054
1811,mMTC,0.2936525821264764
1812,mMTC,0.2957508227295094
1813,mMTC,0.2989844925002586
1814,mMTC,0.29482599844302226
1815,mMTC,0.29344939946556425
1816,mMTC,0.2931098560167123
1817,mMTC,0.29100475256604397
1818,mMTC,0.2965944717071772
1819,mMTC,0.2969644086176982
1820,mMTC,0.2943977590072367
1821,mMTC,0.2927017591171487
1822,mMTC,0.29610635806468905
1823,mMTC,0.29353949330446516
1824,mMTC,0.29020834154127834
1825,mMTC,0.2937415478178755
1826,mMTC,0.29270456981935966
1827,mMTC,0.28739704953816353
1828,mMTC,0.2926176501535083
1829,mMTC,0.29653098792759597
1830,mMTC,0.29312064117265957
1831,mMTC,0.2947294688174228
1832,mMTC,0.2984611779248488
1833,mMTC,0.2967209087786016
1834,mMTC,0.2947256764947949
1835,mMTC,0.29238749953218096
1836,mMTC,0.2939930251867827
1837,mMTC,0.2958588446222213
1838,mMTC,0.29574394255376696
1839,mMTC,0.28985043235795005
1840,mMTC,0.2939051662882468
1841,mMTC,0.2960204916451287
1842,mMTC,0.2961935628303205
1843,mMTC,0.2956841051782896
1844,mMTC,0.2926099370876587
1845,mMTC,0.2947047084784112
1846,mMTC,0.29995411704506536
1847,mMTC,0.2956201228339228
1848,mMTC,0.29649900476574714
1849,mMTC,0.2933778585029789
1850,mMTC,0.293369805551282
1851,mMTC,0.2927114808092848
1852,mMTC,0.29538909989089424
1853,mMTC,0.2942127372743134
1854,mMTC,0.29165607264727406
1855,mMTC,0.29597357646094724
1856,mMTC,0.2934594592769299
1857,mMTC,0.29672045638342304
1858,mMTC,0.2968558362078532
1859,mMTC,0.296013352578937
1860,mMTC,0.2940160134188205
1861,mMTC,0.2970809682735643
1862,mMTC,0.2958857831142623
1863,mMTC,0.29542363785306475
1864,mMTC,0.2954125943507795
1865,mMTC,0.29848092566518364
1866,mMTC,0.2910303696829993
1867,mMTC,0.2989703298908438
1868,mMTC,0.2971349157799889
1869,mMTC,0.2924585471443158
1870,mMTC,0.29650362994501794
1871,mMTC,0.2885381388255812
1872,mMTC,0.29781430081929156
1873,mMTC,0.2968457885320475
1874,mMTC,0.2910626808974162
1875,mMTC,0.2938817412214458
1876,mMTC,0.29523898243088104
1877,mMTC,0.2957510434887911
1878,mMTC,0.2920121993177902
1879,mMTC,0.2903736875622986
1880,mMTC,0.2943603926046327
1881,mMTC,0.29553192218525787
1882,mMTC,0.2920374498489533
1883,mMTC,0.2908148540487091
1884,mMTC,0.2938482982469608
1885,mMTC,0.2931314995230229
1886,mMTC,0.28874282552813835
1887,mMTC,0.29129764092220756
1888,mMTC,0.29239283864285504
1889,mMTC,0.29091906066790924
1890,mMTC,0.2905080624409485
1891,mMTC,0.2938437832779967
1892,mMTC,0.29184995982783163
1893,mMTC,0.2951301358667216
1894,mMTC,0.29606530599859426
1895,mMTC,0.29512158636760993
1896,mMTC,0.2977077089986571
1897,mMTC,0.298877529765609
1898,mMTC,0.2989155702735861
1899,mMTC,0.29260158897093086
1900,mMTC,0.2907669578925725
1901,mMTC,0.2941323443346731
1902,mMTC,0.29948320059495603
1903,mMTC,0.2978921572188074
1904,mMTC,0.2910457188571162
1905,mMTC,0.2920114112477603
1906,mMTC,0.2961647043024828
1907,mMTC,0.29563155433432303
1908,mMTC,0.2967264881842957
1909,mMTC,0.3039060166088285
1910,mMTC,0.29579482994259054
1911,mMTC,0.29641142400857134
1912,mMTC,0.29269263566718845
1913,mMTC,0.28867346147462375
1914,mMTC,0.2938575087172607
1915,mMTC,0.2944669882351049
1916,mMTC,0.2952114418447665
1917,mMTC,0.29345624550980653
1918,mMTC,0.29041422436012043
1919,mMTC,0.29316783598243396
1920,mMTC,0.29211641284544
1921,mMTC,0.2949438829856949
1922,mMTC,0.2929741415447299
1923,mMTC,0.28934618010043534
1924,mMTC,0.29049819715178493
1925,mMTC,0.2901558135607341
1926,mMTC,0.29441575530396463
1927,mMTC,0.2961734470609261
1928,mMTC,0.2960422278125568
1929,mMTC,0.29261949003221177
1930,mMTC,0.293927730063262
1931,mMTC,0.29618496732760513
1932,mMTC,0.2948466694888493
1933,mMTC,0.286726041517867
1934,mMTC,0.29320434205231
1935,mMTC,0.2934141289713775
1936,mMTC,0.29131153624327555
1937,mMTC,0.2918900763654538
1938,mMTC,0.2961381207330129
1939,mMTC,0.29646884338193963
1940,mMTC,0.29873643018855317
1941,mMTC,0.2922388279288656
1942,mMTC,0.29596557861259726
1943,mMTC,0.29215224225184194
1944,mMTC,0.29693385437190606
1945,mMTC,0.2951360168719029
1946,mMTC,0.29417417711179983
1947,mMTC,0.29434442748420553
1948,mMTC,0.2924070105991373
1949,mMTC,0.2967991404212421
1950,mMTC,0.29564660491852174
1951,mMTC,0.29257110668342007
1952,mMTC,0.29186998955031823
1953,mMTC,0.2948005536306435
1954,mMTC,0.29824536892967984
1955,mMTC,0.29613116419698277
1956,mMTC,0.29460220732497067
1957,mMTC,0.2939923733635686
1958,mMTC,0.29445154833873494
1959,mMTC,0.2948819057572002
1960,mMTC,0.3008693178942201
1961,mMTC,0.29703884918142287
1962,mMTC,0.29268122158675675
1963,mMTC,0.29208988591291635
1964,mMTC,0.29399416905494025
1965,mMTC,0.29098917482325826
1966,mMTC,0.2963468621046066
1967,mMTC,0.2989909022197506
1968,mMTC,0.29736791921675715
1969,mMTC,0.2953880621136244
1970,mMTC,0.29271652778802365
1971,mMTC,0.29145217037276516
1972,mMTC,0.2936778079895474
1973,mMTC,0.29702726711302524
1974,mMTC,0.2966877368394976
1975,mMTC,0.29260302174606473
1976,mMTC,0.30105573394358875
1977,mMTC,0.2986834473188232
1978,mMTC,0.29487704484745925
1979,mMTC,0.2979294180258708
1980,mMTC,0.2978020268125735
1981,mMTC,0.2947659672445564
1982,mMTC,0.2940656133933564
1983,mMTC,0.2944516090355048
1984,mMTC,0.2996875951702341
1985,mMTC,0.29377599366742674
1986,mMTC,0.2961675792693521
1987,mMTC,0.29505960308681234
1988,mMTC,0.29296561045912756
1989,mMTC,0.29377753742043694
1990,mMTC,0.28841331397164305
1991,mMTC,0.2961039722756605
1992,mMTC,0.2960713837709321
1993,mMTC,0.2941589998474287
1994,mMTC,0.2904820189974103
1995,mMTC,0.2919039650707865
1996,mMTC,0.29455786024514363
1997,mMTC,0.2923444417525206
1998,mMTC,0.2937825026743188
1999,mMTC,0.2940137724835653
