time,slice_name,avg_completion_latency_ms
0,URLLC,0.0
1,URLLC,0.06225561069502521
2,URLLC,0.06402798511645715
3,URLLC,0.06421995128022982
4,URLLC,0.06406159102674062
5,URLLC,0.0645621570653219
6,URLLC,0.06523093692013207
7,URLLC,0.06444261451281154
8,URLLC,0.06449826412914197
9,URLLC,0.0642102853528407
10,URLLC,0.0644106331364683
11,URLLC,0.06439214342810884
12,URLLC,0.06397521886071336
13,URLLC,0.0639493901927606
14,URLLC,0.06432501892883061
15,URLLC,0.06442275278928485
16,URLLC,0.06396126557866172
17,URLLC,0.06436110255426582
18,URLLC,0.06417893274669546
19,URLLC,0.06440920782678683
20,URLLC,0.06428533847091317
21,URLLC,0.06439995216878391
22,URLLC,0.06455069928049606
23,URLLC,0.064016213218454
24,URLLC,0.06411375423937231
25,URLLC,0.06431463573723659
26,URLLC,0.06430038213902185
27,URLLC,0.06418956436505091
28,URLLC,0.06385687874665345
29,URLLC,0.06424363603382839
30,URLLC,0.06387542162153138
31,URLLC,0.06451113284363495
32,URLLC,0.0643584363820612
33,URLLC,0.06406429301303086
34,URLLC,0.06388209748033588
35,URLLC,0.06403302049277962
36,URLLC,0.0638159291047788
37,URLLC,0.06430165726649717
38,URLLC,0.06387526334271723
39,URLLC,0.06375920820682361
40,URLLC,0.06369833525637851
41,URLLC,0.06433029193193052
42,URLLC,0.06403666272637387
43,URLLC,0.06385662708417159
44,URLLC,0.06459346634552132
45,URLLC,0.06430447615504024
46,URLLC,0.0639911255507771
47,URLLC,0.06443372317595007
48,URLLC,0.06451416137627108
49,URLLC,0.06390296164415739
50,URLLC,0.06415705804289538
51,URLLC,0.06407973662444605
52,URLLC,0.06433011542562309
53,URLLC,0.06416606093615261
54,URLLC,0.0642082670676197
55,URLLC,0.06392632266591916
56,URLLC,0.06384057000699114
57,URLLC,0.06424660521062184
58,URLLC,0.0645995071346442
59,URLLC,0.06390792156303202
60,URLLC,0.06419832968065887
61,URLLC,0.06429936570151122
62,URLLC,0.0640648983289282
63,URLLC,0.06432192766914623
64,URLLC,0.06415462652444746
65,URLLC,0.06449861346608571
66,URLLC,0.06379475446823324
67,URLLC,0.06418552431097072
68,URLLC,0.0640538194352389
69,URLLC,0.06405371874435414
70,URLLC,0.0646385755073485
71,URLLC,0.06386755330659233
72,URLLC,0.06443714818904199
73,URLLC,0.06473312824578452
74,URLLC,0.06408016373878911
75,URLLC,0.06403757640578903
76,URLLC,0.06412529408698552
77,URLLC,0.06389437040219499
78,URLLC,0.06444965048964889
79,URLLC,0.06383194218824653
80,URLLC,0.06458322330835972
81,URLLC,0.06400838363938324
82,URLLC,0.06431551888297063
83,URLLC,0.06415451790060259
84,URLLC,0.06370910720501326
85,URLLC,0.06429349776090855
86,URLLC,0.06403989066107182
87,URLLC,0.06399968503940116
88,URLLC,0.06405334656064567
89,URLLC,0.06438311453157
90,URLLC,0.06449569640655058
91,URLLC,0.06406582637169218
92,URLLC,0.06404372889257097
93,URLLC,0.06385893739021486
94,URLLC,0.06395064606476833
95,URLLC,0.06438338930411543
96,URLLC,0.06465691796053889
97,URLLC,0.06439423682546248
98,URLLC,0.06369081364282576
99,URLLC,0.06386368165018873
100,URLLC,0.06463311664672325
101,URLLC,0.06394920142361837
102,URLLC,0.06411638616176489
103,URLLC,0.06420468785489898
104,URLLC,0.06444383997699563
105,URLLC,0.06386134108007484
106,URLLC,0.06393479668621624
107,URLLC,0.0644532893104412
108,URLLC,0.06435239859902538
109,URLLC,0.06418214179637136
110,URLLC,0.06402488167211765
111,URLLC,0.06413921730697891
112,URLLC,0.06417553073412391
113,URLLC,0.06418687412105234
114,URLLC,0.0643319171400995
115,URLLC,0.06404190894648457
116,URLLC,0.06388649399083923
117,URLLC,0.06417923702092916
118,URLLC,0.06409352830848725
119,URLLC,0.06382872273983468
120,URLLC,0.06370933145407606
121,URLLC,0.0643967994452942
122,URLLC,0.06376294795402405
123,URLLC,0.06386097994475926
124,URLLC,0.06459874275732151
125,URLLC,0.0639953750145671
126,URLLC,0.0641128633720084
127,URLLC,0.06439443322863471
128,URLLC,0.06374305798956494
129,URLLC,0.0641786206102837
130,URLLC,0.06456735099113199
131,URLLC,0.0640479769411846
132,URLLC,0.06423118573059387
133,URLLC,0.06383937317348827
134,URLLC,0.06433518704638942
135,URLLC,0.06435639942561773
136,URLLC,0.06427386252889956
137,URLLC,0.06380206943844237
138,URLLC,0.06379872890662738
139,URLLC,0.06420363495727265
140,URLLC,0.06470903934215633
141,URLLC,0.06408938519274521
142,URLLC,0.06438089494631616
143,URLLC,0.06423526064900859
144,URLLC,0.06401262964492994
145,URLLC,0.06462504693776074
146,URLLC,0.06454149528815627
147,URLLC,0.0640731484027344
148,URLLC,0.06405046997548344
149,URLLC,0.06410647697491842
150,URLLC,0.06439578316758222
151,URLLC,0.064495214565266
152,URLLC,0.06377611139051648
153,URLLC,0.06418270577999427
154,URLLC,0.06428108629087399
155,URLLC,0.06431976508059568
156,URLLC,0.06418716534377368
157,URLLC,0.06430918682044523
158,URLLC,0.06440535887506472
159,URLLC,0.06417093090132568
160,URLLC,0.06428344239398452
161,URLLC,0.06437075481000866
162,URLLC,0.06440714956042554
163,URLLC,0.06448984378948988
164,URLLC,0.06469615250984058
165,URLLC,0.06375969462521704
166,URLLC,0.06390060609920817
167,URLLC,0.06448501535020887
168,URLLC,0.06437919706261848
169,URLLC,0.063886833223257
170,URLLC,0.0641483096071795
171,URLLC,0.0644659803181503
172,URLLC,0.06440601357123653
173,URLLC,0.06398269605555085
174,URLLC,0.06374011542443951
175,URLLC,0.0643421045187818
176,URLLC,0.06406975905974084
177,URLLC,0.06390415217868124
178,URLLC,0.06388624222164455
179,URLLC,0.06501758940506534
180,URLLC,0.06424848996826611
181,URLLC,0.06452195382278197
182,URLLC,0.0641340036975784
183,URLLC,0.06422468613880448
184,URLLC,0.06356126490326162
185,URLLC,0.06376552207945503
186,URLLC,0.06446644963428749
187,URLLC,0.06399027157148082
188,URLLC,0.06398720292936892
189,URLLC,0.06404097266467049
190,URLLC,0.06398173505658478
191,URLLC,0.06410730820700021
192,URLLC,0.06387154385879423
193,URLLC,0.06428182055441894
194,URLLC,0.06371139582586281
195,URLLC,0.06414514018907828
196,URLLC,0.06405401538564451
197,URLLC,0.06387869736090447
198,URLLC,0.06370116984380574
199,URLLC,0.06411316401308274
200,URLLC,0.06379669756799333
201,URLLC,0.06398776878984418
202,URLLC,0.06440055916612683
203,URLLC,0.06406226160773341
204,URLLC,0.06438233619406293
205,URLLC,0.06387472076893976
206,URLLC,0.0638775710380012
207,URLLC,0.06433487937491457
208,URLLC,0.06394188988971904
209,URLLC,0.06430772956545205
210,URLLC,0.0636997992000491
211,URLLC,0.06411044107597229
212,URLLC,0.06435275320762114
213,URLLC,0.06421003138552506
214,URLLC,0.06407419582790912
215,URLLC,0.06374391615880488
216,URLLC,0.06443635007034404
217,URLLC,0.06365967079554533
218,URLLC,0.0642015804785472
219,URLLC,0.06385400354629682
220,URLLC,0.0644909537462724
221,URLLC,0.06422855737644134
222,URLLC,0.0640938576433704
223,URLLC,0.0644087437717006
224,URLLC,0.06426225835848812
225,URLLC,0.06392774478306482
226,URLLC,0.06414369284634101
227,URLLC,0.06440871959168974
228,URLLC,0.06450903974717648
229,URLLC,0.0641341951994264
230,URLLC,0.06423644699828988
231,URLLC,0.06410371145021433
232,URLLC,0.06391027096365064
233,URLLC,0.06398302566930728
234,URLLC,0.06411550428928266
235,URLLC,0.06418512051350954
236,URLLC,0.06412132276409588
237,URLLC,0.06436303643877343
238,URLLC,0.06413698038674273
239,URLLC,0.06430294659848963
240,URLLC,0.06442168334644656
241,URLLC,0.06428416240458609
242,URLLC,0.06412583879004023
243,URLLC,0.06452414042654184
244,URLLC,0.06428230335108906
245,URLLC,0.06390241074434003
246,URLLC,0.0641849006604693
247,URLLC,0.06442448746493767
248,URLLC,0.06419921478280467
249,URLLC,0.06401730884317468
250,URLLC,0.06459097280410324
251,URLLC,0.06396285249730546
252,URLLC,0.06419494161035566
253,URLLC,0.0643618481598244
254,URLLC,0.06414804803649962
255,URLLC,0.06368397267926773
256,URLLC,0.06401540946699336
257,URLLC,0.06451018136190081
258,URLLC,0.06397989151821386
259,URLLC,0.06435124751677156
260,URLLC,0.06443218701025831
261,URLLC,0.0640131811827004
262,URLLC,0.0643850648064294
263,URLLC,0.06398170554808416
264,URLLC,0.06392611303849713
265,URLLC,0.06408046197468002
266,URLLC,0.06437225806582006
267,URLLC,0.06408179312637807
268,URLLC,0.06402366961537424
269,URLLC,0.06458735270007322
270,URLLC,0.06395479632488472
271,URLLC,0.06386310292393975
272,URLLC,0.06410531738389605
273,URLLC,0.06437118274455352
274,URLLC,0.06428366298688998
275,URLLC,0.06402089916673341
276,URLLC,0.06375232746281165
277,URLLC,0.06430098459526103
278,URLLC,0.06409222345421024
279,URLLC,0.06420957704154949
280,URLLC,0.06398409284797904
281,URLLC,0.06468806196846831
282,URLLC,0.06440609741098512
283,URLLC,0.06414059353678134
284,URLLC,0.06437808253245572
285,URLLC,0.0644145409022091
286,URLLC,0.06386344950527201
287,URLLC,0.06456765774734462
288,URLLC,0.06415957151948064
289,URLLC,0.06365137201868228
290,URLLC,0.06438443742343088
291,URLLC,0.06478271304568801
292,URLLC,0.0639356843224581
293,URLLC,0.06371330090538464
294,URLLC,0.06381389578293205
295,URLLC,0.06361329530831253
296,URLLC,0.06359182618147814
297,URLLC,0.06377736915913738
298,URLLC,0.06360894151859728
299,URLLC,0.06426529049253325
300,URLLC,0.06399941966218825
301,URLLC,0.06445835017269369
302,URLLC,0.0644393996057483
303,URLLC,0.06377160782775956
304,URLLC,0.06387325128846781
305,URLLC,0.06395346228736266
306,URLLC,0.0643210467540997
307,URLLC,0.06428277857404621
308,URLLC,0.0637404071449355
309,URLLC,0.06432645223674852
310,URLLC,0.0643815481050832
311,URLLC,0.06375530273747251
312,URLLC,0.06374420911317966
313,URLLC,0.06411130992406393
314,URLLC,0.06419529384111188
315,URLLC,0.0636833978058426
316,URLLC,0.06385676488772693
317,URLLC,0.0642567648284739
318,URLLC,0.06453317345188174
319,URLLC,0.06398338215672739
320,URLLC,0.06445330329773014
321,URLLC,0.06452006734933534
322,URLLC,0.06427748684137755
323,URLLC,0.0639035143063231
324,URLLC,0.06417970080468909
325,URLLC,0.06436836575765553
326,URLLC,0.06442843318057018
327,URLLC,0.06398919680371144
328,URLLC,0.06403484242841
329,URLLC,0.0641131042855771
330,URLLC,0.06361134364605332
331,URLLC,0.06453542604425008
332,URLLC,0.06414442516905225
333,URLLC,0.06432729457390647
334,URLLC,0.06418634050874467
335,URLLC,0.06411601470162193
336,URLLC,0.06423279044008626
337,URLLC,0.06422306822736765
338,URLLC,0.06428160892387935
339,URLLC,0.06423941885561749
340,URLLC,0.06416153261209702
341,URLLC,0.06428689161670526
342,URLLC,0.06374935453743756
343,URLLC,0.06476677569913154
344,URLLC,0.06446228804945724
345,URLLC,0.06410105042985115
346,URLLC,0.06408925580391862
347,URLLC,0.06394105836354855
348,URLLC,0.06385504731141727
349,URLLC,0.06359964428200326
350,URLLC,0.064506031559551
351,URLLC,0.06350794339596938
352,URLLC,0.06408399432444908
353,URLLC,0.06427039977530978
354,URLLC,0.064253746237288
355,URLLC,0.06400580407691454
356,URLLC,0.06470402568124961
357,URLLC,0.06422433409815949
358,URLLC,0.06401062103813064
359,URLLC,0.06434731799538829
360,URLLC,0.06411195874173466
361,URLLC,0.06444792980683704
362,URLLC,0.06408433643053994
363,URLLC,0.06386557385660821
364,URLLC,0.0645591776407637
365,URLLC,0.06380726469306386
366,URLLC,0.06372664298049026
367,URLLC,0.06380818458960896
368,URLLC,0.06426875862374545
369,URLLC,0.06425359513265463
370,URLLC,0.06366349726847853
371,URLLC,0.06423104755287029
372,URLLC,0.06413205602760166
373,URLLC,0.06464146525880085
374,URLLC,0.06360031715861955
375,URLLC,0.06423065701623361
376,URLLC,0.06373033342734281
377,URLLC,0.0644136721256319
378,URLLC,0.06438721746747887
379,URLLC,0.06414535972740375
380,URLLC,0.06394708098402199
381,URLLC,0.06412794172390367
382,URLLC,0.06376981356598563
383,URLLC,0.06396964980536479
384,URLLC,0.0641946945376814
385,URLLC,0.06420637878650064
386,URLLC,0.06394447099700733
387,URLLC,0.0638477273250829
388,URLLC,0.06438806711296736
389,URLLC,0.06420534627425759
390,URLLC,0.0638883400679462
391,URLLC,0.0645410698188989
392,URLLC,0.06475927424750651
393,URLLC,0.06404311014703633
394,URLLC,0.06428503756380313
395,URLLC,0.06451574941126734
396,URLLC,0.06393751778907764
397,URLLC,0.0643913963988239
398,URLLC,0.06407733470384992
399,URLLC,0.06397160495097008
400,URLLC,0.06388887658623803
401,URLLC,0.06435540547389436
402,URLLC,0.06437470139946803
403,URLLC,0.06428362599818362
404,URLLC,0.06443930981194526
405,URLLC,0.06424443288653059
406,URLLC,0.06444669557734616
407,URLLC,0.06417992991534091
408,URLLC,0.06431463621751429
409,URLLC,0.06424047574748509
410,URLLC,0.06425554806383738
411,URLLC,0.06425552731623088
412,URLLC,0.06376077754080235
413,URLLC,0.06430378382419191
414,URLLC,0.06440019799102419
415,URLLC,0.06403711474941741
416,URLLC,0.06418371223538737
417,URLLC,0.06389944314489344
418,URLLC,0.06427219578332231
419,URLLC,0.06405553836894112
420,URLLC,0.06420415950391971
421,URLLC,0.06405137096858192
422,URLLC,0.06412710067413621
423,URLLC,0.0643130559165705
424,URLLC,0.06403683759627567
425,URLLC,0.06391539876355329
426,URLLC,0.06422868656233612
427,URLLC,0.06373070862365927
428,URLLC,0.06387082475036103
429,URLLC,0.06405041297011087
430,URLLC,0.06451634341164181
431,URLLC,0.06394839462291453
432,URLLC,0.06417427712123004
433,URLLC,0.06402941504246976
434,URLLC,0.06433755107936445
435,URLLC,0.063611058178086
436,URLLC,0.06369022760303567
437,URLLC,0.06412978314980998
438,URLLC,0.0642758363513037
439,URLLC,0.063990417453381
440,URLLC,0.06378888306459207
441,URLLC,0.06428823614812054
442,URLLC,0.06389297135453646
443,URLLC,0.0642218749104069
444,URLLC,0.06407804948751068
445,URLLC,0.06412989554564529
446,URLLC,0.06431960619731351
447,URLLC,0.06352142803650061
448,URLLC,0.06385950833191131
449,URLLC,0.06380848324618316
450,URLLC,0.06411414603818903
451,URLLC,0.06420539411077547
452,URLLC,0.06434509138811713
453,URLLC,0.06393422543508367
454,URLLC,0.06438606940607439
455,URLLC,0.06491970040600817
456,URLLC,0.06427279609274128
457,URLLC,0.06408943043428325
458,URLLC,0.06415070644342849
459,URLLC,0.06430353548764339
460,URLLC,0.0643845624512186
461,URLLC,0.06420382158489868
462,URLLC,0.06361615269383593
463,URLLC,0.06418765400314536
464,URLLC,0.06422863681154822
465,URLLC,0.06459260822107808
466,URLLC,0.06398040287509746
467,URLLC,0.06409610449571246
468,URLLC,0.06386691804483212
469,URLLC,0.06489782345975353
470,URLLC,0.0638547352055535
471,URLLC,0.06403631466984054
472,URLLC,0.06435725878713393
473,URLLC,0.06414496809396562
474,URLLC,0.06421202414202225
475,URLLC,0.06406026906666672
476,URLLC,0.06407009980604632
477,URLLC,0.06416103666860414
478,URLLC,0.06397386022889665
479,URLLC,0.0641251775553115
480,URLLC,0.06386337380362508
481,URLLC,0.06423844113931432
482,URLLC,0.06396079203516661
483,URLLC,0.06446806937932054
484,URLLC,0.06417973600928954
485,URLLC,0.06402359233871145
486,URLLC,0.06435134027123404
487,URLLC,0.0641438815219393
488,URLLC,0.06401901647167563
489,URLLC,0.06414899085605807
490,URLLC,0.06452681873901588
491,URLLC,0.06449691206526856
492,URLLC,0.0640641844881856
493,URLLC,0.0641551970980453
494,URLLC,0.06453603262868667
495,URLLC,0.06421612951194726
496,URLLC,0.06400093695632511
497,URLLC,0.06397910342092207
498,URLLC,0.06395236827231074
499,URLLC,0.06428075513019052
500,URLLC,0.06387116293490577
501,URLLC,0.06428869330517327
502,URLLC,0.06432121156103013
503,URLLC,0.06466167201233271
504,URLLC,0.06460323440454457
505,URLLC,0.06416866708291404
506,URLLC,0.06368911179503427
507,URLLC,0.06419392490472388
508,URLLC,0.06430758767440417
509,URLLC,0.06429999233042254
510,URLLC,0.06404307734627643
511,URLLC,0.06439409219366896
512,URLLC,0.0641226277988707
513,URLLC,0.06465775831322829
514,URLLC,0.0642380248659505
515,URLLC,0.0642490415254909
516,URLLC,0.06354279999940032
517,URLLC,0.06422884204074722
518,URLLC,0.06455625212821915
519,URLLC,0.06446588516287545
520,URLLC,0.06420436505208794
521,URLLC,0.06411178382218455
522,URLLC,0.06391899453453231
523,URLLC,0.06427175338297707
524,URLLC,0.06411705084910359
525,URLLC,0.06375643909915091
526,URLLC,0.06408843483909413
527,URLLC,0.06406907417539448
528,URLLC,0.06400036874580087
529,URLLC,0.06372209154073194
530,URLLC,0.0639272719842619
531,URLLC,0.06428429686042049
532,URLLC,0.063878706381593
533,URLLC,0.06440348222293281
534,URLLC,0.06430931570019738
535,URLLC,0.06385363891342971
536,URLLC,0.06428830069698069
537,URLLC,0.06389369744933435
538,URLLC,0.06431270681167033
539,URLLC,0.06343769152294007
540,URLLC,0.06450598038881908
541,URLLC,0.06443518213044287
542,URLLC,0.06369734378949164
543,URLLC,0.06397761853396322
544,URLLC,0.06365538922015956
545,URLLC,0.06422289193692238
546,URLLC,0.06439951789925387
547,URLLC,0.06463887369330666
548,URLLC,0.06411812563270235
549,URLLC,0.06434739478726281
550,URLLC,0.06394984553921156
551,URLLC,0.06401378920492035
552,URLLC,0.0638662683160717
553,URLLC,0.06470294427648057
554,URLLC,0.06419793717929541
555,URLLC,0.0641467393254658
556,URLLC,0.06436734664788671
557,URLLC,0.06410357513862568
558,URLLC,0.06421765166068213
559,URLLC,0.06408254002388676
560,URLLC,0.06412767130514122
561,URLLC,0.06441977682582799
562,URLLC,0.06422683615804214
563,URLLC,0.06368341923101574
564,URLLC,0.06374455099267405
565,URLLC,0.06416881879891123
566,URLLC,0.06426345560237372
567,URLLC,0.06422623892327028
568,URLLC,0.06423544072511327
569,URLLC,0.06422872917164282
570,URLLC,0.06423154768948926
571,URLLC,0.06418540670322041
572,URLLC,0.06456238036824076
573,URLLC,0.06387728622694146
574,URLLC,0.0644594353244562
575,URLLC,0.06405401672690487
576,URLLC,0.06403995748990025
577,URLLC,0.06417404277443588
578,URLLC,0.0639299721130592
579,URLLC,0.06423032926100095
580,URLLC,0.06381861582839511
581,URLLC,0.06400493188420417
582,URLLC,0.0638036734508337
583,URLLC,0.06411096674427441
584,URLLC,0.06410983477072091
585,URLLC,0.06371120442629956
586,URLLC,0.06424863534238395
587,URLLC,0.06425668685730158
588,URLLC,0.06399721725816165
589,URLLC,0.06390592945830174
590,URLLC,0.06410179847366584
591,URLLC,0.06431868053928819
592,URLLC,0.06485004049247141
593,URLLC,0.06414290126663653
594,URLLC,0.06446726118498498
595,URLLC,0.06416062373551323
596,URLLC,0.06386574113685466
597,URLLC,0.06403868304677914
598,URLLC,0.06415006662296702
599,URLLC,0.06399530861987034
600,URLLC,0.06387969790382785
601,URLLC,0.06444737825259421
602,URLLC,0.06418059378098198
603,URLLC,0.06414162303676048
604,URLLC,0.06432208227021358
605,URLLC,0.06401710297997547
606,URLLC,0.06426923159124331
607,URLLC,0.06438450218890915
608,URLLC,0.06426102244486201
609,URLLC,0.06427181809157612
610,URLLC,0.06449626107632542
611,URLLC,0.0639820683909405
612,URLLC,0.0639602294867671
613,URLLC,0.06351016394284316
614,URLLC,0.06417225168418014
615,URLLC,0.06373082642013247
616,URLLC,0.06422811173018585
617,URLLC,0.06375805670268953
618,URLLC,0.0644567393204078
619,URLLC,0.06435105227561891
620,URLLC,0.06475988202756851
621,URLLC,0.06411630710161474
622,URLLC,0.06453874052769248
623,URLLC,0.06454557400815
624,URLLC,0.06499885535408408
625,URLLC,0.06442609666510901
626,URLLC,0.0639088422983751
627,URLLC,0.06390658782170366
628,URLLC,0.06399637498699293
629,URLLC,0.06393629380865691
630,URLLC,0.06420902313533554
631,URLLC,0.06462861862868487
632,URLLC,0.06449777920858614
633,URLLC,0.06440819092555264
634,URLLC,0.06406526867350337
635,URLLC,0.06398540802410249
636,URLLC,0.06448546304637807
637,URLLC,0.06367568248443752
638,URLLC,0.06402083116542072
639,URLLC,0.0645124050056731
640,URLLC,0.06429671103233534
641,URLLC,0.06408271569936151
642,URLLC,0.06423887350190352
643,URLLC,0.06380813223740146
644,URLLC,0.06462667734410779
645,URLLC,0.06389366474752332
646,URLLC,0.0637378011092119
647,URLLC,0.06410142802736529
648,URLLC,0.0643676518814095
649,URLLC,0.0636633502276487
650,URLLC,0.06399541866725825
651,URLLC,0.06448941933341845
652,URLLC,0.06469591797353147
653,URLLC,0.06393476070738043
654,URLLC,0.06431682841686863
655,URLLC,0.06470699698316998
656,URLLC,0.06393108921781085
657,URLLC,0.0642629239423635
658,URLLC,0.0636576986078706
659,URLLC,0.06409098884879333
660,URLLC,0.06426232547353382
661,URLLC,0.06409675854877149
662,URLLC,0.06375808378969854
663,URLLC,0.06466110440695173
664,URLLC,0.06423605668052877
665,URLLC,0.06439995893853197
666,URLLC,0.0646060417259013
667,URLLC,0.06401646276218724
668,URLLC,0.06438972647635857
669,URLLC,0.06443043982358128
670,URLLC,0.06426112851103653
671,URLLC,0.06429916946421724
672,URLLC,0.06433880304517722
673,URLLC,0.06376235953179261
674,URLLC,0.064388968125483
675,URLLC,0.06437507564775928
676,URLLC,0.06440910078078858
677,URLLC,0.06407299692782809
678,URLLC,0.06417985526227309
679,URLLC,0.06405724042581719
680,URLLC,0.0642340908624907
681,URLLC,0.06444733085738512
682,URLLC,0.06441094142481997
683,URLLC,0.06426355628179634
684,URLLC,0.06427093228995806
685,URLLC,0.06438072350714645
686,URLLC,0.06409322254879075
687,URLLC,0.06415229013463469
688,URLLC,0.06437952806343394
689,URLLC,0.06356510139419004
690,URLLC,0.06450481020951716
691,URLLC,0.06436672116126696
692,URLLC,0.06450291513007243
693,URLLC,0.06375479785743964
694,URLLC,0.06392435816281121
695,URLLC,0.06376559454434658
696,URLLC,0.06382305287784072
697,URLLC,0.06415826554774304
698,URLLC,0.06385593473860622
699,URLLC,0.0638969140937694
700,URLLC,0.06417598360097103
701,URLLC,0.06423853477823473
702,URLLC,0.06436507272404073
703,URLLC,0.06414370688920308
704,URLLC,0.06426346054710391
705,URLLC,0.0644038320272792
706,URLLC,0.06444573142939831
707,URLLC,0.0641484000839101
708,URLLC,0.06419498773713203
709,URLLC,0.0639322197432705
710,URLLC,0.06436544584008937
711,URLLC,0.06386660012960685
712,URLLC,0.0638377455805752
713,URLLC,0.06397808569671623
714,URLLC,0.06374869924227188
715,URLLC,0.06443343513344439
716,URLLC,0.06436641636273276
717,URLLC,0.06417510293579061
718,URLLC,0.06431629008623975
719,URLLC,0.06379363184388767
720,URLLC,0.06414618089039974
721,URLLC,0.06378832355638671
722,URLLC,0.06384608425650745
723,URLLC,0.06442248303271098
724,URLLC,0.06401501119067157
725,URLLC,0.06420549520717968
726,URLLC,0.06428403270231707
727,URLLC,0.06390074588908688
728,URLLC,0.06430497063764597
729,URLLC,0.06422503069150504
730,URLLC,0.0639863266996963
731,URLLC,0.06405828613447706
732,URLLC,0.064066279909748
733,URLLC,0.06420693332910116
734,URLLC,0.0645950572266035
735,URLLC,0.06412697867957139
736,URLLC,0.06399968339559195
737,URLLC,0.06389456006026034
738,URLLC,0.06408579974399516
739,URLLC,0.0645345239735808
740,URLLC,0.06464303855920005
741,URLLC,0.06426481579603097
742,URLLC,0.0643672838185596
743,URLLC,0.06441774878323776
744,URLLC,0.06392362749888175
745,URLLC,0.06390341021081034
746,URLLC,0.0638886381274678
747,URLLC,0.06426107502909506
748,URLLC,0.06452815702858253
749,URLLC,0.06412435650490639
750,URLLC,0.06413678766292082
751,URLLC,0.06429914402571177
752,URLLC,0.06450123741303201
753,URLLC,0.0640860583214248
754,URLLC,0.06407266242242661
755,URLLC,0.06443747831289114
756,URLLC,0.06383246956374367
757,URLLC,0.06379053026084656
758,URLLC,0.06424457406018795
759,URLLC,0.06420648354898212
760,URLLC,0.06437916641078201
761,URLLC,0.06451898200927927
762,URLLC,0.0647339420962784
763,URLLC,0.06404992784960473
764,URLLC,0.06367852264984675
765,URLLC,0.06400628068311724
766,URLLC,0.06414673011065936
767,URLLC,0.06435039303120213
768,URLLC,0.06416744788053488
769,URLLC,0.06364506925790521
770,URLLC,0.06434686731246372
771,URLLC,0.06449937133327119
772,URLLC,0.06430831524787552
773,URLLC,0.06479943446335855
774,URLLC,0.06399667328208043
775,URLLC,0.06414734346543396
776,URLLC,0.06405987955453792
777,URLLC,0.06451642666340777
778,URLLC,0.06410550924918133
779,URLLC,0.0644307787321283
780,URLLC,0.06386987752326863
781,URLLC,0.06461671365065531
782,URLLC,0.06429319750958458
783,URLLC,0.06401360850932411
784,URLLC,0.06443729578423686
785,URLLC,0.0641790018285663
786,URLLC,0.0645972501347075
787,URLLC,0.0638423645975878
788,URLLC,0.06443032147298706
789,URLLC,0.0634370105211745
790,URLLC,0.06472741703177984
791,URLLC,0.06451192071023605
792,URLLC,0.06412607814456668
793,URLLC,0.06404147706962861
794,URLLC,0.06422514361784293
795,URLLC,0.06377341753329896
796,URLLC,0.06420800704768878
797,URLLC,0.06448503847179837
798,URLLC,0.06391206702525881
799,URLLC,0.0641001579247348
800,URLLC,0.06449376694872817
801,URLLC,0.06426004445883796
802,URLLC,0.06401593123041602
803,URLLC,0.06461182418172827
804,URLLC,0.06439152141578468
805,URLLC,0.06395456267224957
806,URLLC,0.06419732723521701
807,URLLC,0.06422601084861627
808,URLLC,0.06415545375001698
809,URLLC,0.06408201863964623
810,URLLC,0.06391708176569139
811,URLLC,0.06424889960717854
812,URLLC,0.0641849397158125
813,URLLC,0.06410426471649644
814,URLLC,0.06470885181051789
815,URLLC,0.06434283232987384
816,URLLC,0.06428563789958916
817,URLLC,0.06422554325941933
818,URLLC,0.06429227646640379
819,URLLC,0.06412836130556565
820,URLLC,0.06373648543015943
821,URLLC,0.06421254483017191
822,URLLC,0.06411195083198984
823,URLLC,0.06401080502148754
824,URLLC,0.0640283314173029
825,URLLC,0.06380415004717449
826,URLLC,0.0641713406173119
827,URLLC,0.06422876819109166
828,URLLC,0.06481754652845872
829,URLLC,0.06379799326109696
830,URLLC,0.06407531926581866
831,URLLC,0.06419379917799335
832,URLLC,0.06421143696984521
833,URLLC,0.06422167654686706
834,URLLC,0.06431836132206975
835,URLLC,0.06414108672810817
836,URLLC,0.06445307200168132
837,URLLC,0.06422814407475698
838,URLLC,0.06443144518640943
839,URLLC,0.06449826188003091
840,URLLC,0.0641466891311523
841,URLLC,0.06418481613675099
842,URLLC,0.06431733085772376
843,URLLC,0.06432629776653387
844,URLLC,0.06417653145664336
845,URLLC,0.06422167711998159
846,URLLC,0.06440104195525585
847,URLLC,0.06390256015484043
848,URLLC,0.06442352193051239
849,URLLC,0.06399331359644736
850,URLLC,0.0642318691678812
851,URLLC,0.06368478808187322
852,URLLC,0.06389244209897094
853,URLLC,0.06439161232394087
854,URLLC,0.06430550597891867
855,URLLC,0.06359171765485995
856,URLLC,0.0643161180834437
857,URLLC,0.06384650293098476
858,URLLC,0.06390292686178416
859,URLLC,0.06433723896141032
860,URLLC,0.06403124829903381
861,URLLC,0.0641196102054861
862,URLLC,0.06412306098036354
863,URLLC,0.06438472966692839
864,URLLC,0.0642495849515447
865,URLLC,0.06389291997046835
866,URLLC,0.06444136673760392
867,URLLC,0.06430326624399223
868,URLLC,0.06407644294946799
869,URLLC,0.06395083876737505
870,URLLC,0.06416522868493363
871,URLLC,0.06428812067332758
872,URLLC,0.06408861041856084
873,URLLC,0.06394025127507715
874,URLLC,0.06378759535310972
875,URLLC,0.06454173255970132
876,URLLC,0.06389145316819277
877,URLLC,0.06466406788229168
878,URLLC,0.06458822881189055
879,URLLC,0.06443693020279122
880,URLLC,0.06414321569304007
881,URLLC,0.06461270426763234
882,URLLC,0.06414711416614774
883,URLLC,0.06412579265842064
884,URLLC,0.06432464959750125
885,URLLC,0.06384316907343245
886,URLLC,0.06421457592532973
887,URLLC,0.06406043840896035
888,URLLC,0.06441672021563061
889,URLLC,0.06338695906002281
890,URLLC,0.06422398812140243
891,URLLC,0.06410172711441876
892,URLLC,0.06415240521490653
893,URLLC,0.06403751711493705
894,URLLC,0.0643340939975085
895,URLLC,0.0636650066792287
896,URLLC,0.06402413247352465
897,URLLC,0.0644563379620822
898,URLLC,0.06422475881782888
899,URLLC,0.06409674063262827
900,URLLC,0.06400369554820437
901,URLLC,0.06416571925002279
902,URLLC,0.06398007556440831
903,URLLC,0.06417331539401633
904,URLLC,0.06405282529178535
905,URLLC,0.06435745545394413
906,URLLC,0.06413751103879715
907,URLLC,0.06408848449442207
908,URLLC,0.06392783527945288
909,URLLC,0.06442075245247066
910,URLLC,0.0645648621919371
911,URLLC,0.0645814698185472
912,URLLC,0.06404938266816064
913,URLLC,0.0642021559861918
914,URLLC,0.06429440239590804
915,URLLC,0.06374612712217952
916,URLLC,0.06425033625483967
917,URLLC,0.06440318366146361
918,URLLC,0.06376421236771106
919,URLLC,0.06463905804899944
920,URLLC,0.06400340759585031
921,URLLC,0.06421902707046917
922,URLLC,0.06342195278892902
923,URLLC,0.0642516297765459
924,URLLC,0.0643967184136038
925,URLLC,0.0641054067561084
926,URLLC,0.06456608331934101
927,URLLC,0.06411248421688391
928,URLLC,0.06393258107572661
929,URLLC,0.06439922817910457
930,URLLC,0.06431466143426046
931,URLLC,0.06400280520731613
932,URLLC,0.06415444144814822
933,URLLC,0.06424587323289964
934,URLLC,0.06397951778790839
935,URLLC,0.06425613747109488
936,URLLC,0.06447390733597878
937,URLLC,0.06436392764900764
938,URLLC,0.06437201265528945
939,URLLC,0.0642115919252185
940,URLLC,0.06449323799943044
941,URLLC,0.0639479332580597
942,URLLC,0.06393341300767336
943,URLLC,0.06416264999970943
944,URLLC,0.06430184203305116
945,URLLC,0.06397398144709744
946,URLLC,0.0640090343410726
947,URLLC,0.06423441820631637
948,URLLC,0.06390071507939153
949,URLLC,0.06396205699773287
950,URLLC,0.06406563799662776
951,URLLC,0.06429700359539707
952,URLLC,0.06362170216406962
953,URLLC,0.06402457356777778
954,URLLC,0.0645098982356723
955,URLLC,0.06444854061411329
956,URLLC,0.06399175720520191
957,URLLC,0.06410836432639119
958,URLLC,0.06437969322586662
959,URLLC,0.0640810843162347
960,URLLC,0.06397540127153865
961,URLLC,0.06443993810540219
962,URLLC,0.0636184333370555
963,URLLC,0.06424387961329867
964,URLLC,0.06430843550346814
965,URLLC,0.06440341033121773
966,URLLC,0.06424956654772136
967,URLLC,0.06376982335404538
968,URLLC,0.06388126993158472
969,URLLC,0.06362624675771596
970,URLLC,0.06440745651035076
971,URLLC,0.06414545635236814
972,URLLC,0.06406781183507368
973,URLLC,0.06423199246120709
974,URLLC,0.06362782337538557
975,URLLC,0.06429980137066241
976,URLLC,0.06417246884933235
977,URLLC,0.06451137079846359
978,URLLC,0.06449576502104094
979,URLLC,0.06395749035601235
980,URLLC,0.06429532257597473
981,URLLC,0.06449262175675964
982,URLLC,0.06408810557309266
983,URLLC,0.06408445132657152
984,URLLC,0.06420000165836244
985,URLLC,0.06435628367151222
986,URLLC,0.06402933648374552
987,URLLC,0.06414916766967375
988,URLLC,0.06394081996371523
989,URLLC,0.06412742195878075
990,URLLC,0.06411583308070302
991,URLLC,0.0643222214635119
992,URLLC,0.06411619169088563
993,URLLC,0.06413525621052656
994,URLLC,0.0643409876250711
995,URLLC,0.06432384790022555
996,URLLC,0.06397738850446878
997,URLLC,0.0640604863462009
998,URLLC,0.06440840332707032
999,URLLC,0.06405907361466764
1000,URLLC,0.06363722879068924
1001,URLLC,0.06406686913854362
1002,URLLC,0.0638478679467137
1003,URLLC,0.06391131125981024
1004,URLLC,0.06389095157096482
1005,URLLC,0.06416041602342065
1006,URLLC,0.06409240084536434
1007,URLLC,0.06404551585359505
1008,URLLC,0.06406283305032921
1009,URLLC,0.06398542912102821
1010,URLLC,0.0639578176100432
1011,URLLC,0.06416167247918127
1012,URLLC,0.06415308399320115
1013,URLLC,0.06431093317696679
1014,URLLC,0.0644090320342032
1015,URLLC,0.06378390662505959
1016,URLLC,0.0637572566368023
1017,URLLC,0.06401576103224171
1018,URLLC,0.06421048933845974
1019,URLLC,0.06468505949224876
1020,URLLC,0.06399428771234633
1021,URLLC,0.06410464904037964
1022,URLLC,0.06398179689256256
1023,URLLC,0.06483543402224243
1024,URLLC,0.06407128945036651
1025,URLLC,0.06375045879689041
1026,URLLC,0.06403515458733036
1027,URLLC,0.06442245933221981
1028,URLLC,0.06409385827913532
1029,URLLC,0.06411602480471439
1030,URLLC,0.0642966791930036
1031,URLLC,0.06415533386962612
1032,URLLC,0.06374941270203584
1033,URLLC,0.06413561316289142
1034,URLLC,0.06439110274227018
1035,URLLC,0.06411168980625478
1036,URLLC,0.06405529745877585
1037,URLLC,0.06400899227947573
1038,URLLC,0.06424303678522555
1039,URLLC,0.06399466719788915
1040,URLLC,0.06446858626912279
1041,URLLC,0.06421583616454075
1042,URLLC,0.06422064879490884
1043,URLLC,0.06415235359483802
1044,URLLC,0.06412167040246955
1045,URLLC,0.06428555738971156
1046,URLLC,0.06390516972226076
1047,URLLC,0.06387281777492679
1048,URLLC,0.0639710165385039
1049,URLLC,0.06433412514623021
1050,URLLC,0.06399202334870051
1051,URLLC,0.06463757449735427
1052,URLLC,0.06395465442633873
1053,URLLC,0.06430057641066794
1054,URLLC,0.06437711262930348
1055,URLLC,0.06383625093188403
1056,URLLC,0.06382298988855936
1057,URLLC,0.0638233606032071
1058,URLLC,0.06419035421973482
1059,URLLC,0.06407978558115586
1060,URLLC,0.0643947842636476
1061,URLLC,0.06374594117149841
1062,URLLC,0.06422051333818524
1063,URLLC,0.06427503534649738
1064,URLLC,0.06442593801788195
1065,URLLC,0.06413900938778568
1066,URLLC,0.0638904709828403
1067,URLLC,0.0639349507280603
1068,URLLC,0.06373850418424641
1069,URLLC,0.06380044238063433
1070,URLLC,0.06438416070929524
1071,URLLC,0.06419862189283372
1072,URLLC,0.06427984478769234
1073,URLLC,0.06456096816124135
1074,URLLC,0.06393740663458124
1075,URLLC,0.0642397308012015
1076,URLLC,0.06429019418962587
1077,URLLC,0.06376178457518422
1078,URLLC,0.06423232776286045
1079,URLLC,0.06438316007438971
1080,URLLC,0.06435252801427321
1081,URLLC,0.06457268019030184
1082,URLLC,0.06377127340400734
1083,URLLC,0.06421807718515152
1084,URLLC,0.06395893556819847
1085,URLLC,0.06379807902548315
1086,URLLC,0.06443195140003681
1087,URLLC,0.06427237231356983
1088,URLLC,0.06428846823342775
1089,URLLC,0.0639454605770147
1090,URLLC,0.06455966605885059
1091,URLLC,0.06426430793002584
1092,URLLC,0.06433077104720013
1093,URLLC,0.06377265710377192
1094,URLLC,0.06415044325970803
1095,URLLC,0.06369326017784882
1096,URLLC,0.06433239786088737
1097,URLLC,0.0634105870249509
1098,URLLC,0.06404476876264996
1099,URLLC,0.06379586977576175
1100,URLLC,0.06385433810454612
1101,URLLC,0.06456686121255234
1102,URLLC,0.06373875180307852
1103,URLLC,0.06448598705861491
1104,URLLC,0.0647357806927032
1105,URLLC,0.06431407894287795
1106,URLLC,0.06419348226161639
1107,URLLC,0.06395210315551088
1108,URLLC,0.06382866081057607
1109,URLLC,0.06393676935387017
1110,URLLC,0.06472434666456896
1111,URLLC,0.06411931636585919
1112,URLLC,0.06446342602413861
1113,URLLC,0.0642308533715826
1114,URLLC,0.06401296005731269
1115,URLLC,0.06433625033339244
1116,URLLC,0.06433158218533724
1117,URLLC,0.06444776922029122
1118,URLLC,0.06433578566864753
1119,URLLC,0.06404468782444457
1120,URLLC,0.06406153649908448
1121,URLLC,0.06397564155634347
1122,URLLC,0.06393926095006584
1123,URLLC,0.0642033426384576
1124,URLLC,0.0642749010817386
1125,URLLC,0.0642616962718497
1126,URLLC,0.06389845240494295
1127,URLLC,0.06419822338521652
1128,URLLC,0.06480853935892597
1129,URLLC,0.06419286467364958
1130,URLLC,0.06423859920410982
1131,URLLC,0.06397495301186336
1132,URLLC,0.06427274310376588
1133,URLLC,0.06411614126675698
1134,URLLC,0.06473200493576968
1135,URLLC,0.0638966331849068
1136,URLLC,0.06368753984967453
1137,URLLC,0.06441563774181057
1138,URLLC,0.06399347348116785
1139,URLLC,0.06448964703278123
1140,URLLC,0.06458245301240072
1141,URLLC,0.064455597062946
1142,URLLC,0.06420105282738203
1143,URLLC,0.06434759225130635
1144,URLLC,0.06423353888146545
1145,URLLC,0.06392399711449685
1146,URLLC,0.06399763579573545
1147,URLLC,0.06385822413633518
1148,URLLC,0.06391704514002944
1149,URLLC,0.06409622639662889
1150,URLLC,0.0635500310044052
1151,URLLC,0.06416975421841056
1152,URLLC,0.06459691310220918
1153,URLLC,0.06397097273788582
1154,URLLC,0.06390836846018043
1155,URLLC,0.06449192478968677
1156,URLLC,0.06399807634752977
1157,URLLC,0.0642803955471255
1158,URLLC,0.06428789759686986
1159,URLLC,0.06441566792786434
1160,URLLC,0.06407360654362283
1161,URLLC,0.0647199840558759
1162,URLLC,0.06435744666773295
1163,URLLC,0.06430657753806358
1164,URLLC,0.0643167135934398
1165,URLLC,0.06415501031630824
1166,URLLC,0.06412841914173426
1167,URLLC,0.06428806442003684
1168,URLLC,0.0637555703603973
1169,URLLC,0.06471468841579506
1170,URLLC,0.06413773582324155
1171,URLLC,0.06417942296886663
1172,URLLC,0.06372512500389424
1173,URLLC,0.06375961370120163
1174,URLLC,0.06410123702808239
1175,URLLC,0.0641508175540205
1176,URLLC,0.0641248967516976
1177,URLLC,0.06413310373141388
1178,URLLC,0.06406310893076651
1179,URLLC,0.06361730508602541
1180,URLLC,0.06426213851468705
1181,URLLC,0.06440691697703473
1182,URLLC,0.06384829536539158
1183,URLLC,0.0645465239305519
1184,URLLC,0.06376859631841313
1185,URLLC,0.06395145710294312
1186,URLLC,0.06399766708312722
1187,URLLC,0.06430086681725143
1188,URLLC,0.0640128845744101
1189,URLLC,0.06424223174287845
1190,URLLC,0.06390472952297464
1191,URLLC,0.06424391067662871
1192,URLLC,0.06431855709378949
1193,URLLC,0.06463017048746371
1194,URLLC,0.06363699359803485
1195,URLLC,0.0639310245606068
1196,URLLC,0.06345375475836422
1197,URLLC,0.06417613870004216
1198,URLLC,0.06469481984037737
1199,URLLC,0.06390101453833304
1200,URLLC,0.06369596204321744
1201,URLLC,0.0643941809937792
1202,URLLC,0.06457758103212918
1203,URLLC,0.064074824429059
1204,URLLC,0.0640378253411029
1205,URLLC,0.06386148195391486
1206,URLLC,0.06402588996901751
1207,URLLC,0.06428917498080511
1208,URLLC,0.06432039032795939
1209,URLLC,0.063796112444179
1210,URLLC,0.06442358650239487
1211,URLLC,0.06359996291089005
1212,URLLC,0.0641875458297533
1213,URLLC,0.06486607094449656
1214,URLLC,0.06425662363917369
1215,URLLC,0.06415212508580302
1216,URLLC,0.06378746711675623
1217,URLLC,0.06431896676729425
1218,URLLC,0.06432977662928836
1219,URLLC,0.06386723085341785
1220,URLLC,0.06408099153788151
1221,URLLC,0.0639001239267452
1222,URLLC,0.06397098595497543
1223,URLLC,0.06400312013274215
1224,URLLC,0.06400144317378424
1225,URLLC,0.0641278065328773
1226,URLLC,0.06404691824138628
1227,URLLC,0.06425696688977225
1228,URLLC,0.06363035274208477
1229,URLLC,0.06439276559115668
1230,URLLC,0.06413509593334447
1231,URLLC,0.06401859587563433
1232,URLLC,0.06416611722762366
1233,URLLC,0.06416538852281242
1234,URLLC,0.06426296049969306
1235,URLLC,0.06423125946468568
1236,URLLC,0.06344762134405409
1237,URLLC,0.06422436165833177
1238,URLLC,0.06433195767497041
1239,URLLC,0.0639380262432417
1240,URLLC,0.0638058313751055
1241,URLLC,0.06403206989275081
1242,URLLC,0.06432912575438308
1243,URLLC,0.06363616156119632
1244,URLLC,0.06397035944422642
1245,URLLC,0.0634095913693409
1246,URLLC,0.06357857499012959
1247,URLLC,0.06412026013845887
1248,URLLC,0.06409384976854823
1249,URLLC,0.06467093252133116
1250,URLLC,0.06388292470266427
1251,URLLC,0.06439464763550388
1252,URLLC,0.06434024848657288
1253,URLLC,0.06421904186717375
1254,URLLC,0.06450699149816005
1255,URLLC,0.06416459894170554
1256,URLLC,0.06377439223823281
1257,URLLC,0.06406171556875966
1258,URLLC,0.064558398954518
1259,URLLC,0.06430034604860368
1260,URLLC,0.06395546539662215
1261,URLLC,0.06405958798009545
1262,URLLC,0.06437511964930656
1263,URLLC,0.0643490428824324
1264,URLLC,0.06400959109834764
1265,URLLC,0.06427609937951599
1266,URLLC,0.06440789708197138
1267,URLLC,0.06392070324696039
1268,URLLC,0.0642849334240475
1269,URLLC,0.06431853237479306
1270,URLLC,0.06455292451141653
1271,URLLC,0.06372450778876403
1272,URLLC,0.0640210284207298
1273,URLLC,0.0643056673777876
1274,URLLC,0.06369567193028311
1275,URLLC,0.06404290381978316
1276,URLLC,0.06402387970019086
1277,URLLC,0.06384704359901289
1278,URLLC,0.06410552667053093
1279,URLLC,0.06411105255418972
1280,URLLC,0.06416286593369556
1281,URLLC,0.06451050811034066
1282,URLLC,0.06386912016686955
1283,URLLC,0.06438593166863127
1284,URLLC,0.06388275531073273
1285,URLLC,0.06426827822505411
1286,URLLC,0.06419221501518606
1287,URLLC,0.06410668839584205
1288,URLLC,0.06396995947854005
1289,URLLC,0.0638733911340464
1290,URLLC,0.06397190081609383
1291,URLLC,0.06405511998842962
1292,URLLC,0.06415143130481564
1293,URLLC,0.06456104971798728
1294,URLLC,0.06467497867133377
1295,URLLC,0.06426512583695981
1296,URLLC,0.0643434482019268
1297,URLLC,0.06452914152645825
1298,URLLC,0.06440243543308966
1299,URLLC,0.0637733843072569
1300,URLLC,0.06457772848071666
1301,URLLC,0.06401173959664655
1302,URLLC,0.06389799224920034
1303,URLLC,0.06429518536295338
1304,URLLC,0.06394382821808056
1305,URLLC,0.06428061949340454
1306,URLLC,0.06436175571815235
1307,URLLC,0.06473644189938726
1308,URLLC,0.06372493458460737
1309,URLLC,0.06395773455219488
1310,URLLC,0.06449405851358044
1311,URLLC,0.06425600152391764
1312,URLLC,0.06390532159195216
1313,URLLC,0.06434634865241223
1314,URLLC,0.06346433755428353
1315,URLLC,0.06368779378095402
1316,URLLC,0.06409486516408866
1317,URLLC,0.06365489486957808
1318,URLLC,0.063861818337504
1319,URLLC,0.06404027018867477
1320,URLLC,0.06435042317294498
1321,URLLC,0.06419644106281892
1322,URLLC,0.06431505830428204
1323,URLLC,0.06437793512665432
1324,URLLC,0.06428611747217544
1325,URLLC,0.06375773057470016
1326,URLLC,0.06437296341131188
1327,URLLC,0.06425168779088791
1328,URLLC,0.06420549314936821
1329,URLLC,0.06433277967039848
1330,URLLC,0.06388223509291999
1331,URLLC,0.06376581282465488
1332,URLLC,0.06438278881711952
1333,URLLC,0.06435100724250663
1334,URLLC,0.06456796528696393
1335,URLLC,0.06439114861622451
1336,URLLC,0.06416293925968572
1337,URLLC,0.0642741453542499
1338,URLLC,0.0643941768636919
1339,URLLC,0.06369427913457955
1340,URLLC,0.06399097208689859
1341,URLLC,0.06388063411523473
1342,URLLC,0.06455665177936057
1343,URLLC,0.06444789004629439
1344,URLLC,0.06416236646507185
1345,URLLC,0.06392582520650186
1346,URLLC,0.06420809587101012
1347,URLLC,0.06434908715924186
1348,URLLC,0.06450598651320924
1349,URLLC,0.06367067454334058
1350,URLLC,0.06422459322381618
1351,URLLC,0.06364666387360861
1352,URLLC,0.06397035575246537
1353,URLLC,0.06431741486841427
1354,URLLC,0.06373301364687975
1355,URLLC,0.06384861472721848
1356,URLLC,0.06426836061033128
1357,URLLC,0.06446782410210078
1358,URLLC,0.06464141413339033
1359,URLLC,0.06396590435429785
1360,URLLC,0.06380736310510673
1361,URLLC,0.06385404225339025
1362,URLLC,0.06475853650005206
1363,URLLC,0.06434802802006052
1364,URLLC,0.06419415736341302
1365,URLLC,0.06448623334784748
1366,URLLC,0.0643480644730159
1367,URLLC,0.06399942859307199
1368,URLLC,0.06430405057353053
1369,URLLC,0.0640469016715668
1370,URLLC,0.06410621786871408
1371,URLLC,0.06458359929604209
1372,URLLC,0.0643104619497095
1373,URLLC,0.06407371069933969
1374,URLLC,0.06416336908065051
1375,URLLC,0.06476309901759586
1376,URLLC,0.06444409440502867
1377,URLLC,0.06429736781235597
1378,URLLC,0.06375242816245662
1379,URLLC,0.06408882174619011
1380,URLLC,0.06387979984119244
1381,URLLC,0.06426617407754885
1382,URLLC,0.06433512163937334
1383,URLLC,0.06424624001450709
1384,URLLC,0.06485833864543555
1385,URLLC,0.06455988995164093
1386,URLLC,0.06430169975292196
1387,URLLC,0.06370712345428033
1388,URLLC,0.06432340625262568
1389,URLLC,0.06384845931146271
1390,URLLC,0.06446570197020059
1391,URLLC,0.06400866575525886
1392,URLLC,0.064197968651419
1393,URLLC,0.06425546422520916
1394,URLLC,0.0641650687033271
1395,URLLC,0.064457722714171
1396,URLLC,0.06464733647470294
1397,URLLC,0.06411683613327986
1398,URLLC,0.06350149436054287
1399,URLLC,0.0644024171105188
1400,URLLC,0.06402127377965285
1401,URLLC,0.06432660159102364
1402,URLLC,0.06384336576258812
1403,URLLC,0.06463192289678936
1404,URLLC,0.0639728729521752
1405,URLLC,0.06420342200803911
1406,URLLC,0.06414143885762366
1407,URLLC,0.06451013672347057
1408,URLLC,0.06434655824862794
1409,URLLC,0.06403469719581809
1410,URLLC,0.06434906277128251
1411,URLLC,0.06454176460184077
1412,URLLC,0.06465132164898697
1413,URLLC,0.06426789817484999
1414,URLLC,0.06423830022352477
1415,URLLC,0.06378311102190397
1416,URLLC,0.06434361846224308
1417,URLLC,0.06404553573348773
1418,URLLC,0.06447699537670053
1419,URLLC,0.06380251006302741
1420,URLLC,0.06421378716997098
1421,URLLC,0.06385606138608942
1422,URLLC,0.06443705527420732
1423,URLLC,0.06425033053961213
1424,URLLC,0.06420445269418762
1425,URLLC,0.06439947961233157
1426,URLLC,0.06431419612381735
1427,URLLC,0.06422945777649311
1428,URLLC,0.06411082102949917
1429,URLLC,0.06433888471479512
1430,URLLC,0.06401616695013637
1431,URLLC,0.06463869760987861
1432,URLLC,0.06417474399704515
1433,URLLC,0.06399207355229025
1434,URLLC,0.06411334631126549
1435,URLLC,0.0639287265445804
1436,URLLC,0.06474792213328733
1437,URLLC,0.06464523228845148
1438,URLLC,0.06443728090821156
1439,URLLC,0.0646053465576458
1440,URLLC,0.06383714476652368
1441,URLLC,0.06447268622517298
1442,URLLC,0.06395811175748536
1443,URLLC,0.0640044335171176
1444,URLLC,0.06473927410758727
1445,URLLC,0.064167334211846
1446,URLLC,0.06416765180668638
1447,URLLC,0.06368175468587868
1448,URLLC,0.06450101631271904
1449,URLLC,0.06422290096216887
1450,URLLC,0.0637163126903828
1451,URLLC,0.0637311354762633
1452,URLLC,0.06460490810214105
1453,URLLC,0.06414748631067578
1454,URLLC,0.06456382184311167
1455,URLLC,0.0637413361195629
1456,URLLC,0.06454188303297498
1457,URLLC,0.06431609528302205
1458,URLLC,0.06453300867750685
1459,URLLC,0.06426332837421794
1460,URLLC,0.06362568087085041
1461,URLLC,0.06407723647694076
1462,URLLC,0.06405602383049061
1463,URLLC,0.06409114806930545
1464,URLLC,0.06402995425550578
1465,URLLC,0.06401909286087452
1466,URLLC,0.06412344045014214
1467,URLLC,0.06411550359766102
1468,URLLC,0.06432224181866221
1469,URLLC,0.06369692467391683
1470,URLLC,0.0641808128844785
1471,URLLC,0.0645507055620493
1472,URLLC,0.06411398149583465
1473,URLLC,0.0640686991479207
1474,URLLC,0.06434711370405753
1475,URLLC,0.06431238496540442
1476,URLLC,0.06426844250012238
1477,URLLC,0.06437296003276627
1478,URLLC,0.06455203364696464
1479,URLLC,0.06455676251993044
1480,URLLC,0.06380155166805333
1481,URLLC,0.06425889729218592
1482,URLLC,0.06423318653578082
1483,URLLC,0.06391317619037593
1484,URLLC,0.06402335660572275
1485,URLLC,0.06399411904306071
1486,URLLC,0.06409136299551957
1487,URLLC,0.06425946097562288
1488,URLLC,0.06426756607998786
1489,URLLC,0.06387415583919882
1490,URLLC,0.06400355094895474
1491,URLLC,0.06415966648880857
1492,URLLC,0.06395108392660026
1493,URLLC,0.06392591783206751
1494,URLLC,0.063926649098309
1495,URLLC,0.06405880658929139
1496,URLLC,0.06399544651673661
1497,URLLC,0.06371694780318785
1498,URLLC,0.06455416271263413
1499,URLLC,0.06413841315698844
1500,URLLC,0.06413478387728104
1501,URLLC,0.06402844370573686
1502,URLLC,0.06440204318357029
1503,URLLC,0.06394565830514805
1504,URLLC,0.06453986387742934
1505,URLLC,0.06422712745135194
1506,URLLC,0.0646165699083784
1507,URLLC,0.06426770589696314
1508,URLLC,0.06391460758862533
1509,URLLC,0.06476954712949529
1510,URLLC,0.06401816013680761
1511,URLLC,0.063894727693543
1512,URLLC,0.06404684633459967
1513,URLLC,0.0645596126461244
1514,URLLC,0.06449909045547508
1515,URLLC,0.0647583753388172
1516,URLLC,0.06453074698489218
1517,URLLC,0.06479027755363163
1518,URLLC,0.06413003261008748
1519,URLLC,0.06430738771415316
1520,URLLC,0.06424226280384744
1521,URLLC,0.06449329308189858
1522,URLLC,0.06417966789036454
1523,URLLC,0.06387264471154254
1524,URLLC,0.06398304146855129
1525,URLLC,0.06410698918569406
1526,URLLC,0.06399361214069152
1527,URLLC,0.06387952869420356
1528,URLLC,0.06408489478546082
1529,URLLC,0.06399733788709665
1530,URLLC,0.06372880482319726
1531,URLLC,0.06430655243858341
1532,URLLC,0.06389103722563386
1533,URLLC,0.06383554500766597
1534,URLLC,0.06411313102022125
1535,URLLC,0.06378674847663349
1536,URLLC,0.06391888330754784
1537,URLLC,0.06449467421384697
1538,URLLC,0.06385084066938698
1539,URLLC,0.06394585539937231
1540,URLLC,0.06408695791814627
1541,URLLC,0.06420095688269846
1542,URLLC,0.06412988302203783
1543,URLLC,0.06392363635636247
1544,URLLC,0.06404950011418482
1545,URLLC,0.0643439965020283
1546,URLLC,0.06382481767979634
1547,URLLC,0.0637587248025373
1548,URLLC,0.06458082833857054
1549,URLLC,0.0645042724510296
1550,URLLC,0.06371718314693126
1551,URLLC,0.06406944636508703
1552,URLLC,0.06399950159129016
1553,URLLC,0.06439898190674505
1554,URLLC,0.06407210189302741
1555,URLLC,0.06386823830871732
1556,URLLC,0.06415681036718496
1557,URLLC,0.06403285396047978
1558,URLLC,0.06450299657741501
1559,URLLC,0.06373462910867765
1560,URLLC,0.06393915261152527
1561,URLLC,0.06451888463374174
1562,URLLC,0.06429831525750855
1563,URLLC,0.0640518333973526
1564,URLLC,0.0642129232267797
1565,URLLC,0.0640740324264336
1566,URLLC,0.06446884958635185
1567,URLLC,0.06487308784242439
1568,URLLC,0.06426464913023053
1569,URLLC,0.06478002390235242
1570,URLLC,0.06409442741462804
1571,URLLC,0.06437089791539034
1572,URLLC,0.06386057915174415
1573,URLLC,0.06433689538396382
1574,URLLC,0.0641432207708795
1575,URLLC,0.06444880192534679
1576,URLLC,0.06381860880162897
1577,URLLC,0.06471837152663418
1578,URLLC,0.06444532808843902
1579,URLLC,0.06420385369627399
1580,URLLC,0.06426141570642072
1581,URLLC,0.06446482968643591
1582,URLLC,0.06411464697006225
1583,URLLC,0.06416269387289662
1584,URLLC,0.0637742858184952
1585,URLLC,0.06411212724409279
1586,URLLC,0.06405888855921858
1587,URLLC,0.06460697778316733
1588,URLLC,0.06415234935505333
1589,URLLC,0.06404109680260146
1590,URLLC,0.06447592511116075
1591,URLLC,0.06471551154579014
1592,URLLC,0.06445737534097316
1593,URLLC,0.06402888225790687
1594,URLLC,0.06375786118972449
1595,URLLC,0.06461057007736118
1596,URLLC,0.06432906296244773
1597,URLLC,0.06360945120183002
1598,URLLC,0.06377496864385114
1599,URLLC,0.0643524189161551
1600,URLLC,0.06439858925719572
1601,URLLC,0.06382647884408618
1602,URLLC,0.06442805580509697
1603,URLLC,0.0642782515514435
1604,URLLC,0.06444018631369262
1605,URLLC,0.0641164063572576
1606,URLLC,0.06379833821991751
1607,URLLC,0.06371483262408248
1608,URLLC,0.06426047689971544
1609,URLLC,0.06426482374290371
1610,URLLC,0.06434021398590327
1611,URLLC,0.06386700797389287
1612,URLLC,0.06398990484047129
1613,URLLC,0.06402028834182327
1614,URLLC,0.0639086182404286
1615,URLLC,0.0638279687455716
1616,URLLC,0.064165488268531
1617,URLLC,0.06382205854836454
1618,URLLC,0.06425252060894075
1619,URLLC,0.06472677525769606
1620,URLLC,0.06453733993657103
1621,URLLC,0.06439748684074337
1622,URLLC,0.06429127057033346
1623,URLLC,0.06447730301278157
1624,URLLC,0.06408901137510556
1625,URLLC,0.06396399490840311
1626,URLLC,0.06340790981646668
1627,URLLC,0.06417327238460092
1628,URLLC,0.06390244264052067
1629,URLLC,0.06408088427856168
1630,URLLC,0.06387580037493878
1631,URLLC,0.06409427504122751
1632,URLLC,0.06425650976937297
1633,URLLC,0.06412742865872867
1634,URLLC,0.06430565116772516
1635,URLLC,0.06427344830432181
1636,URLLC,0.06381105838828663
1637,URLLC,0.06409227887357596
1638,URLLC,0.06395635398387974
1639,URLLC,0.06437812520185769
1640,URLLC,0.06395887877462232
1641,URLLC,0.06422348696451849
1642,URLLC,0.06424722799002955
1643,URLLC,0.06396652153422543
1644,URLLC,0.0641770372608434
1645,URLLC,0.06367985269035693
1646,URLLC,0.06473845479195091
1647,URLLC,0.06389514069152062
1648,URLLC,0.06387778893027826
1649,URLLC,0.06419049008917586
1650,URLLC,0.06428118465014825
1651,URLLC,0.06419817845414036
1652,URLLC,0.06435454977895848
1653,URLLC,0.06428119467348714
1654,URLLC,0.06375156663791016
1655,URLLC,0.06385811705179245
1656,URLLC,0.06400858348285776
1657,URLLC,0.06433581190992436
1658,URLLC,0.06420552746490903
1659,URLLC,0.06397082545390281
1660,URLLC,0.06421201184112245
1661,URLLC,0.06367169600901151
1662,URLLC,0.06441819980515161
1663,URLLC,0.06422567645868943
1664,URLLC,0.06406117327003853
1665,URLLC,0.06416712476266324
1666,URLLC,0.06370999963461084
1667,URLLC,0.06421656678617266
1668,URLLC,0.06387685684847469
1669,URLLC,0.06402987167504126
1670,URLLC,0.06406739136504126
1671,URLLC,0.06382110514748299
1672,URLLC,0.06388821160165013
1673,URLLC,0.06391725622715783
1674,URLLC,0.06449225551629637
1675,URLLC,0.06421613554742818
1676,URLLC,0.06424212611122136
1677,URLLC,0.0639488702572958
1678,URLLC,0.06374870906287294
1679,URLLC,0.0639637522098702
1680,URLLC,0.06484790386910413
1681,URLLC,0.06416904430587035
1682,URLLC,0.06422952997550553
1683,URLLC,0.06376875289453014
1684,URLLC,0.0643460224184221
1685,URLLC,0.06427265141327894
1686,URLLC,0.06425034566202482
1687,URLLC,0.0641752902656207
1688,URLLC,0.06405346484065519
1689,URLLC,0.06454534904484345
1690,URLLC,0.06380993552149719
1691,URLLC,0.06404472189499134
1692,URLLC,0.06380325779417993
1693,URLLC,0.06363509522827929
1694,URLLC,0.06432586687671363
1695,URLLC,0.06395363250297872
1696,URLLC,0.06400948132922844
1697,URLLC,0.06357775208300982
1698,URLLC,0.06417315490607449
1699,URLLC,0.06413255976095587
1700,URLLC,0.06399617602774561
1701,URLLC,0.06438569000800183
1702,URLLC,0.06390279083770525
1703,URLLC,0.06439506567615201
1704,URLLC,0.06404630744331279
1705,URLLC,0.06433778284177896
1706,URLLC,0.0643263826314553
1707,URLLC,0.06453339524161132
1708,URLLC,0.06440800292817753
1709,URLLC,0.06440999579806063
1710,URLLC,0.0641254836211547
1711,URLLC,0.06443863588305135
1712,URLLC,0.0642657824841989
1713,URLLC,0.06410218528903308
1714,URLLC,0.0640963615061599
1715,URLLC,0.0645568468538613
1716,URLLC,0.06431313052680604
1717,URLLC,0.06401448258823644
1718,URLLC,0.06387527521941377
1719,URLLC,0.06403453745644445
1720,URLLC,0.06373292442017776
1721,URLLC,0.06427437279797993
1722,URLLC,0.06416404637129736
1723,URLLC,0.06432658623659662
1724,URLLC,0.06395802567383803
1725,URLLC,0.06421927539615344
1726,URLLC,0.06380756123814883
1727,URLLC,0.0639016520198751
1728,URLLC,0.0639471706123398
1729,URLLC,0.06420988011712252
1730,URLLC,0.06399686188182725
1731,URLLC,0.0642515656343679
1732,URLLC,0.06417980167692891
1733,URLLC,0.06421830285032686
1734,URLLC,0.06434400415739187
1735,URLLC,0.0648922862556678
1736,URLLC,0.0637573001637145
1737,URLLC,0.06456807921202098
1738,URLLC,0.06405987752100814
1739,URLLC,0.06435993453192884
1740,URLLC,0.06429359447754916
1741,URLLC,0.06417481425310927
1742,URLLC,0.06357219783544013
1743,URLLC,0.06352420424365733
1744,URLLC,0.06425049462901784
1745,URLLC,0.06429604178281224
1746,URLLC,0.06438307919250151
1747,URLLC,0.06389609064563595
1748,URLLC,0.06423795745366424
1749,URLLC,0.06402859456433917
1750,URLLC,0.0645279225869668
1751,URLLC,0.06372813416602983
1752,URLLC,0.06371081126333811
1753,URLLC,0.06405185499147623
1754,URLLC,0.06385578237177038
1755,URLLC,0.06440774422175534
1756,URLLC,0.06430670146191407
1757,URLLC,0.06403974634386743
1758,URLLC,0.06438896244733716
1759,URLLC,0.06406245085214153
1760,URLLC,0.06369135716853438
1761,URLLC,0.06433429392420896
1762,URLLC,0.06372217137246339
1763,URLLC,0.06439671171337544
1764,URLLC,0.0642740405033298
1765,URLLC,0.06396389164428119
1766,URLLC,0.06369219652237174
1767,URLLC,0.0642593087290704
1768,URLLC,0.06438605173502253
1769,URLLC,0.06431520495418108
1770,URLLC,0.06437476687705272
1771,URLLC,0.06412939168906368
1772,URLLC,0.06428764547594415
1773,URLLC,0.06370521127270115
1774,URLLC,0.06450528265967122
1775,URLLC,0.0642513546002301
1776,URLLC,0.06425789795731152
1777,URLLC,0.06449793086098818
1778,URLLC,0.06443276054342559
1779,URLLC,0.06410932932373396
1780,URLLC,0.0641385374305436
1781,URLLC,0.06376043179038483
1782,URLLC,0.06393778831087357
1783,URLLC,0.06483040298953678
1784,URLLC,0.06368586589453286
1785,URLLC,0.06421228741895672
1786,URLLC,0.06399442535689122
1787,URLLC,0.06397417351672616
1788,URLLC,0.06403837611607148
1789,URLLC,0.06431118732352428
1790,URLLC,0.06403730956601464
1791,URLLC,0.06436400366494399
1792,URLLC,0.06393080796684679
1793,URLLC,0.06402718162446333
1794,URLLC,0.06426952763085274
1795,URLLC,0.0643200262502479
1796,URLLC,0.06446573595715037
1797,URLLC,0.06389057434818562
1798,URLLC,0.06383298056426072
1799,URLLC,0.06438337838726764
1800,URLLC,0.06407767419656667
1801,URLLC,0.06434402284452241
1802,URLLC,0.06456862612848878
1803,URLLC,0.0641017365267552
1804,URLLC,0.06447466584478326
1805,URLLC,0.06376199722926434
1806,URLLC,0.06425209124561963
1807,URLLC,0.06447572299136474
1808,URLLC,0.06388604820982412
1809,URLLC,0.06423194410646897
1810,URLLC,0.063693132420913
1811,URLLC,0.06376884398817037
1812,URLLC,0.0635773728055705
1813,URLLC,0.06441003493541718
1814,URLLC,0.0638639864871216
1815,URLLC,0.06430279963430047
1816,URLLC,0.06430336381288597
1817,URLLC,0.06395714755692937
1818,URLLC,0.06426640930851074
1819,URLLC,0.06388396978993055
1820,URLLC,0.06404655351054478
1821,URLLC,0.06431320370552024
1822,URLLC,0.06409357438611858
1823,URLLC,0.06395469292170657
1824,URLLC,0.06424072752071741
1825,URLLC,0.06462962139531762
1826,URLLC,0.06409723307953268
1827,URLLC,0.0642846698600509
1828,URLLC,0.06419786228250073
1829,URLLC,0.06404601091153465
1830,URLLC,0.063721050438409
1831,URLLC,0.06475936312900459
1832,URLLC,0.06406184190716267
1833,URLLC,0.06348853461307875
1834,URLLC,0.06378047341958243
1835,URLLC,0.06452999352315777
1836,URLLC,0.06431170968062329
1837,URLLC,0.06396784629424483
1838,URLLC,0.06420010429084244
1839,URLLC,0.06398117597452081
1840,URLLC,0.06370009897821112
1841,URLLC,0.06449925101327918
1842,URLLC,0.06399528163224312
1843,URLLC,0.06414095510151395
1844,URLLC,0.06428642763187287
1845,URLLC,0.0639059555684453
1846,URLLC,0.06393828187882658
1847,URLLC,0.06379490909121105
1848,URLLC,0.06375141897674207
1849,URLLC,0.06412986812107688
1850,URLLC,0.06419998062919642
1851,URLLC,0.06454408285262415
1852,URLLC,0.06418052272620027
1853,URLLC,0.06423261786663657
1854,URLLC,0.06409887833156154
1855,URLLC,0.0644820199286548
1856,URLLC,0.063982442224882
1857,URLLC,0.06404975682506872
1858,URLLC,0.06429954773394114
1859,URLLC,0.06405571654412963
1860,URLLC,0.06462971888586329
1861,URLLC,0.06384769964672671
1862,URLLC,0.06457532867041979
1863,URLLC,0.06460873542500874
1864,URLLC,0.06452004579939895
1865,URLLC,0.06356060903387123
1866,URLLC,0.0645895853896864
1867,URLLC,0.0638564122782624
1868,URLLC,0.06407809883557074
1869,URLLC,0.06339998662787774
1870,URLLC,0.06428713368913283
1871,URLLC,0.06426749329257668
1872,URLLC,0.0640025392132745
1873,URLLC,0.06432843070636331
1874,URLLC,0.06432559090006267
1875,URLLC,0.06414301972342534
1876,URLLC,0.06441150584355376
1877,URLLC,0.06448434694167851
1878,URLLC,0.0644294490557584
1879,URLLC,0.0640935944725761
1880,URLLC,0.06347147938561593
1881,URLLC,0.06409116041451202
1882,URLLC,0.0643750429484562
1883,URLLC,0.0641049584583271
1884,URLLC,0.06316746441580329
1885,URLLC,0.06461583003913177
1886,URLLC,0.06456933864007695
1887,URLLC,0.06400405476836872
1888,URLLC,0.06420445412611818
1889,URLLC,0.0638126954105641
1890,URLLC,0.06357216615344279
1891,URLLC,0.06455251839441734
1892,URLLC,0.06411538420007903
1893,URLLC,0.06363110419717018
1894,URLLC,0.06393019848519733
1895,URLLC,0.06487981437766813
1896,URLLC,0.06401601167366794
1897,URLLC,0.06404281655277175
1898,URLLC,0.06426010614987457
1899,URLLC,0.06429162763454006
1900,URLLC,0.06367355375160327
1901,URLLC,0.06419548939266491
1902,URLLC,0.0641419294715899
1903,URLLC,0.0638070721242791
1904,URLLC,0.06431492199227563
1905,URLLC,0.06391079067491567
1906,URLLC,0.06427378703211531
1907,URLLC,0.0640608683249033
1908,URLLC,0.0636624186479071
1909,URLLC,0.06447639631439561
1910,URLLC,0.0643401942398354
1911,URLLC,0.0642733819854033
1912,URLLC,0.06399275334311894
1913,URLLC,0.06399548404438943
1914,URLLC,0.0640230300304501
1915,URLLC,0.06407177306734467
1916,URLLC,0.06435162946911904
1917,URLLC,0.06415702538577926
1918,URLLC,0.06426808798185704
1919,URLLC,0.06402249651788068
1920,URLLC,0.06418143422900696
1921,URLLC,0.06425803279389718
1922,URLLC,0.06395882981218215
1923,URLLC,0.0643736214917035
1924,URLLC,0.06398268132892473
1925,URLLC,0.06408796162163467
1926,URLLC,0.06440357397896472
1927,URLLC,0.06477281602823447
1928,URLLC,0.0642642549295981
1929,URLLC,0.06428798150833243
1930,URLLC,0.06426373375483031
1931,URLLC,0.06409994461406633
1932,URLLC,0.06405914147033573
1933,URLLC,0.06421315963902044
1934,URLLC,0.06429869060225225
1935,URLLC,0.06503179469161165
1936,URLLC,0.06426265641014937
1937,URLLC,0.06416995648094222
1938,URLLC,0.06422539024130125
1939,URLLC,0.0640892221514182
1940,URLLC,0.06461485039695548
1941,URLLC,0.06375732385228562
1942,URLLC,0.06373944797656576
1943,URLLC,0.06415563901431302
1944,URLLC,0.06397388487431595
1945,URLLC,0.06406601312431623
1946,URLLC,0.06420501106457595
1947,URLLC,0.06389482282404331
1948,URLLC,0.06394868046534713
1949,URLLC,0.06360888083548018
1950,URLLC,0.06357725165559475
1951,URLLC,0.06368981720352455
1952,URLLC,0.06433854065530804
1953,URLLC,0.06357194297933624
1954,URLLC,0.06435562523572534
1955,URLLC,0.06410219643293708
1956,URLLC,0.06377938838316873
1957,URLLC,0.06414334412085061
1958,URLLC,0.06366750115495198
1959,URLLC,0.06491032465006204
1960,URLLC,0.06392668308994574
1961,URLLC,0.06403749251452055
1962,URLLC,0.0641521496764448
1963,URLLC,0.06351701306565088
1964,URLLC,0.06397956104424389
1965,URLLC,0.06415384142803894
1966,URLLC,0.06382933734120323
1967,URLLC,0.06424513480800337
1968,URLLC,0.06394753102181562
1969,URLLC,0.06445376479004068
1970,URLLC,0.06405151720388809
1971,URLLC,0.06453877516317101
1972,URLLC,0.06418060766956356
1973,URLLC,0.06407984475486339
1974,URLLC,0.06467517018648407
1975,URLLC,0.063793120294584
1976,URLLC,0.06400444539347681
1977,URLLC,0.06387277352401831
1978,URLLC,0.06393301217486054
1979,URLLC,0.06400036001531159
1980,URLLC,0.06404237305578026
1981,URLLC,0.06358995359509505
1982,URLLC,0.06420885160763831
1983,URLLC,0.06376753670372616
1984,URLLC,0.06416917415939805
1985,URLLC,0.06425959152455606
1986,URLLC,0.06408822136303614
1987,URLLC,0.06396042522556479
1988,URLLC,0.06378931640052236
1989,URLLC,0.06437514945225559
1990,URLLC,0.06391623123712252
1991,URLLC,0.06425220715666972
1992,URLLC,0.06411118548662531
1993,URLLC,0.06399981129833866
1994,URLLC,0.06426325274270359
1995,URLLC,0.06432473626452855
1996,URLLC,0.06381014002081843
1997,URLLC,0.06417001443132261
1998,URLLC,0.06404712129913871
1999,URLLC,0.06447641238282349
0,eMBB,0.0
1,eMBB,0.0
2,eMBB,0.0
3,eMBB,0.0
4,eMBB,0.0
5,eMBB,0.0
6,eMBB,0.0
7,eMBB,0.0
8,eMBB,0.0
9,eMBB,0.0
10,eMBB,0.0
11,eMBB,0.0
12,eMBB,0.0
13,eMBB,0.0
14,eMBB,0.0
15,eMBB,0.0
16,eMBB,1.6021972205070965
17,eMBB,1.644586032226234
18,eMBB,1.8019415784045147
19,eMBB,1.8704445057861778
20,eMBB,2.006957982026912
21,eMBB,2.093638450234389
22,eMBB,2.1944442568448888
23,eMBB,2.2127733483247893
24,eMBB,2.354098839036584
25,eMBB,2.4602074945212853
26,eMBB,2.5600031164845367
27,eMBB,2.6074802873644303
28,eMBB,2.6730213498019397
29,eMBB,2.800739946809648
30,eMBB,2.8816114641944766
31,eMBB,3.0702508050706094
32,eMBB,3.10240321396964
33,eMBB,3.1932150429948924
34,eMBB,3.248016720595329
35,eMBB,3.4017551985903083
36,eMBB,3.5456222146106815
37,eMBB,3.5700964511063
38,eMBB,3.6774206786859445
39,eMBB,3.7431642378576337
40,eMBB,3.9624384705447144
41,eMBB,3.89514373772644
42,eMBB,4.143360819725713
43,eMBB,4.101332051192707
44,eMBB,4.2057725724458175
45,eMBB,4.395625711274424
46,eMBB,4.417080203991552
47,eMBB,4.447919148154311
48,eMBB,4.4668190926733224
49,eMBB,4.54864180879948
50,eMBB,4.781400209367015
51,eMBB,4.685640649769329
52,eMBB,5.045482573418809
53,eMBB,5.244664893144411
54,eMBB,5.121899129254905
55,eMBB,5.049538453273391
56,eMBB,5.25846795462079
57,eMBB,5.647969135950588
58,eMBB,5.616748865427128
59,eMBB,5.751312021687377
60,eMBB,5.549713186034738
61,eMBB,6.017086117848512
62,eMBB,5.740666102080808
63,eMBB,5.2139216401061965
64,eMBB,5.731944912634924
65,eMBB,5.316441225971533
66,eMBB,5.869870882857881
67,eMBB,5.9633937164804065
68,eMBB,6.467676198276389
69,eMBB,5.971867774683517
70,eMBB,6.439973375515157
71,eMBB,6.9517416156629075
72,eMBB,7.140321423833824
73,eMBB,6.2601364384585105
74,eMBB,6.512541103150729
75,eMBB,6.626469358124682
76,eMBB,7.112411054139293
77,eMBB,7.178490173507757
78,eMBB,7.524521141237202
79,eMBB,7.26945399048542
80,eMBB,7.056060637006937
81,eMBB,7.315373917684358
82,eMBB,7.256987512558928
83,eMBB,7.025176458050152
84,eMBB,7.68621245644315
85,eMBB,7.024974282604215
86,eMBB,7.607347121356179
87,eMBB,8.30400253869723
88,eMBB,8.487030128182056
89,eMBB,7.725713141133864
90,eMBB,8.308228754801002
91,eMBB,7.391411553612282
92,eMBB,7.593246468621903
93,eMBB,8.295291522745803
94,eMBB,8.260602705049935
95,eMBB,7.250103498541279
96,eMBB,8.150570023669285
97,eMBB,8.258567749638601
98,eMBB,9.075280070741401
99,eMBB,9.23780320968007
100,eMBB,7.970121503505482
101,eMBB,9.525860614297727
102,eMBB,9.392743927510153
103,eMBB,8.946679759000114
104,eMBB,9.460395636062154
105,eMBB,8.763072982596283
106,eMBB,9.344291969495657
107,eMBB,9.813967232909032
108,eMBB,8.792510775229356
109,eMBB,8.409967722918609
110,eMBB,9.440311927931015
111,eMBB,10.378751541323348
112,eMBB,9.00191142963722
113,eMBB,10.648796595809737
114,eMBB,9.00526891086702
115,eMBB,10.303119192022976
116,eMBB,11.25660561270473
117,eMBB,9.249350751756147
118,eMBB,10.710462075986936
119,eMBB,8.458236833854862
120,eMBB,8.370137471348578
121,eMBB,9.471846229331769
122,eMBB,9.34707789421471
123,eMBB,10.009076170114405
124,eMBB,9.783531590085657
125,eMBB,9.458592570124171
126,eMBB,10.921850894908559
127,eMBB,11.13164096174467
128,eMBB,11.466477151592166
129,eMBB,8.224581313236147
130,eMBB,11.059696413462845
131,eMBB,8.580965844685453
132,eMBB,9.075916633287514
133,eMBB,11.719764050062743
134,eMBB,9.551118716914178
135,eMBB,10.6541570630972
136,eMBB,10.425385250118818
137,eMBB,11.269733854315692
138,eMBB,11.232640852099507
139,eMBB,10.963697793775092
140,eMBB,12.353142956901559
141,eMBB,11.483894568643152
142,eMBB,11.718325632839244
143,eMBB,10.298470228321007
144,eMBB,11.616685173054387
145,eMBB,10.65707805596534
146,eMBB,12.032453435575325
147,eMBB,12.151077410875242
148,eMBB,10.460477263542773
149,eMBB,10.280212016726672
150,eMBB,10.715841911644125
151,eMBB,11.85963909422005
152,eMBB,12.065370730529976
153,eMBB,11.365294681975795
154,eMBB,12.385487771426874
155,eMBB,10.09349171283466
156,eMBB,12.413022370672397
157,eMBB,12.005340639343
158,eMBB,13.849341260254208
159,eMBB,11.68458050013629
160,eMBB,12.822847785371254
161,eMBB,10.292350828138748
162,eMBB,11.752853932983589
163,eMBB,12.529023371194416
164,eMBB,12.015326309232554
165,eMBB,12.539290237216983
166,eMBB,11.739538528052075
167,eMBB,13.871218648498107
168,eMBB,12.837361316825836
169,eMBB,11.735236561862788
170,eMBB,11.312000194311189
171,eMBB,11.730741801584212
172,eMBB,11.109356923788242
173,eMBB,12.831947656519825
174,eMBB,10.00307791325316
175,eMBB,12.90726501235679
176,eMBB,12.019643063288814
177,eMBB,11.507715099121048
178,eMBB,12.42780477653511
179,eMBB,11.136701286622383
180,eMBB,11.829637259294659
181,eMBB,12.607504291194681
182,eMBB,10.015440215010884
183,eMBB,14.043408357612691
184,eMBB,11.283705465797233
185,eMBB,10.936952261627388
186,eMBB,11.147486353987505
187,eMBB,12.136842314326909
188,eMBB,11.418614108305281
189,eMBB,10.992475868085364
190,eMBB,10.105177256676162
191,eMBB,11.190589615777283
192,eMBB,11.799614414605463
193,eMBB,10.104240155877457
194,eMBB,10.32759757792315
195,eMBB,10.617683599685556
196,eMBB,10.52064478628636
197,eMBB,8.706902185687806
198,eMBB,12.535703082068933
199,eMBB,9.159559109090846
200,eMBB,12.530982175623512
201,eMBB,11.849689541701856
202,eMBB,8.715872740430186
203,eMBB,10.334627372454374
204,eMBB,10.831976368892803
205,eMBB,11.941074953511135
206,eMBB,11.215735982109033
207,eMBB,11.57822262922799
208,eMBB,8.363386204823293
209,eMBB,9.486636564114235
210,eMBB,9.430306144115294
211,eMBB,9.503509907016884
212,eMBB,7.355935229252356
213,eMBB,9.617196122074684
214,eMBB,7.35940941059027
215,eMBB,10.172330343159548
216,eMBB,6.952887322459327
217,eMBB,11.161867155316834
218,eMBB,9.677368960257374
219,eMBB,8.634672700618024
220,eMBB,8.566872237072587
221,eMBB,10.260318118666104
222,eMBB,9.35791469590884
223,eMBB,9.829665199109627
224,eMBB,9.572751680499607
225,eMBB,10.953333079310164
226,eMBB,10.470820076204193
227,eMBB,11.559967451851177
228,eMBB,9.464668527250245
229,eMBB,8.508707425354272
230,eMBB,9.571550024925417
231,eMBB,10.008865103302922
232,eMBB,9.813282470055055
233,eMBB,9.757882400958541
234,eMBB,10.480170303068606
235,eMBB,10.888696419200299
236,eMBB,9.23367793362568
237,eMBB,9.833385572786007
238,eMBB,6.5848192217844
239,eMBB,9.262760392725145
240,eMBB,8.292423220211917
241,eMBB,12.514266826038142
242,eMBB,11.115241176906196
243,eMBB,10.40269625443383
244,eMBB,10.943911705533596
245,eMBB,10.747768809657487
246,eMBB,10.568977101250018
247,eMBB,8.745648777097388
248,eMBB,10.343667196760311
249,eMBB,12.748128956892927
250,eMBB,9.742875189736033
251,eMBB,10.787449925289232
252,eMBB,11.801394193978098
253,eMBB,10.614665990222678
254,eMBB,9.615043156752781
255,eMBB,10.511355820869015
256,eMBB,7.029100572776361
257,eMBB,9.063030254566156
258,eMBB,8.827724413178153
259,eMBB,9.775565971950481
260,eMBB,8.978532310098876
261,eMBB,10.714207163836326
262,eMBB,10.861921281790996
263,eMBB,13.487161381007
264,eMBB,9.991650098432476
265,eMBB,9.341022775054386
266,eMBB,8.769034420882
267,eMBB,8.90104337331594
268,eMBB,11.15346470336033
269,eMBB,11.258668177394828
270,eMBB,9.423666243561566
271,eMBB,11.017140538719762
272,eMBB,10.362964977008847
273,eMBB,10.641683120418783
274,eMBB,12.522122876408604
275,eMBB,7.889053745913706
276,eMBB,11.984041286667283
277,eMBB,9.6660954515409
278,eMBB,10.699418317891666
279,eMBB,9.894110979685472
280,eMBB,9.168133272057052
281,eMBB,11.394243473490182
282,eMBB,10.885018845917337
283,eMBB,10.665495859646413
284,eMBB,10.694936842299354
285,eMBB,8.689137207710372
286,eMBB,11.305757474957247
287,eMBB,9.15428670029246
288,eMBB,11.20663154053143
289,eMBB,10.46290873464394
290,eMBB,9.757239191231713
291,eMBB,10.478012925648093
292,eMBB,10.04473871022041
293,eMBB,11.486036591235738
294,eMBB,9.417384495249971
295,eMBB,12.045785704689738
296,eMBB,12.097825439415827
297,eMBB,11.127205969673017
298,eMBB,10.270248323714462
299,eMBB,10.076149476262614
300,eMBB,10.758128571414149
301,eMBB,11.01406541670968
302,eMBB,9.37375144373682
303,eMBB,11.90500770374345
304,eMBB,11.05658483644061
305,eMBB,11.441310473892493
306,eMBB,11.383203077919982
307,eMBB,10.523615004068478
308,eMBB,12.57114694923824
309,eMBB,10.599876224362003
310,eMBB,11.22286318242862
311,eMBB,11.592509365191782
312,eMBB,9.03148332370317
313,eMBB,8.951062721222874
314,eMBB,11.147318745132136
315,eMBB,11.884586171678134
316,eMBB,11.412062971731494
317,eMBB,12.812980112071807
318,eMBB,10.651238172928547
319,eMBB,11.614664381683959
320,eMBB,11.30739926286122
321,eMBB,11.59316781429934
322,eMBB,10.222869899024646
323,eMBB,11.823819537237888
324,eMBB,10.750681442830809
325,eMBB,11.024396293467456
326,eMBB,11.111396022686732
327,eMBB,10.812157436360328
328,eMBB,11.099306877836812
329,eMBB,9.59555265785758
330,eMBB,12.24197007141534
331,eMBB,11.094005022118704
332,eMBB,10.88437604861115
333,eMBB,12.17105091270702
334,eMBB,10.860527911684054
335,eMBB,11.080963646268392
336,eMBB,11.16154094464811
337,eMBB,9.724177860355674
338,eMBB,10.721763441911454
339,eMBB,12.206895102281793
340,eMBB,10.251889876900378
341,eMBB,9.428884075822104
342,eMBB,10.583914838841794
343,eMBB,8.946747491385635
344,eMBB,9.426249715295786
345,eMBB,9.137778414198
346,eMBB,10.893741080656858
347,eMBB,11.072833217735926
348,eMBB,8.595596050934162
349,eMBB,10.09424657724529
350,eMBB,10.058688132866186
351,eMBB,12.113470066302227
352,eMBB,13.662894431668848
353,eMBB,8.761446429207362
354,eMBB,8.322886670498894
355,eMBB,14.762979456475954
356,eMBB,11.649293786474582
357,eMBB,8.733044169716996
358,eMBB,11.747265694254379
359,eMBB,9.881052823429165
360,eMBB,10.66782535779415
361,eMBB,12.208752177593476
362,eMBB,11.775037352236918
363,eMBB,12.230108205890025
364,eMBB,11.41186895060457
365,eMBB,10.6758231605524
366,eMBB,11.175815981187139
367,eMBB,11.344055622003586
368,eMBB,9.261018529313102
369,eMBB,12.210883785238774
370,eMBB,12.141266829628085
371,eMBB,11.400102844525664
372,eMBB,11.65710593637768
373,eMBB,12.642696834226731
374,eMBB,9.923907457944837
375,eMBB,10.937107253605673
376,eMBB,9.254354945450602
377,eMBB,9.755742340739735
378,eMBB,12.919793729586011
379,eMBB,11.55429342641131
380,eMBB,10.81539683155413
381,eMBB,10.24617793962126
382,eMBB,10.388633681769868
383,eMBB,11.461506469158367
384,eMBB,14.032507467791113
385,eMBB,11.899194633085687
386,eMBB,9.518472157926096
387,eMBB,12.730640574188195
388,eMBB,9.576526633320402
389,eMBB,10.54537669667175
390,eMBB,8.39456032395715
391,eMBB,10.726973316078396
392,eMBB,9.111540642456577
393,eMBB,11.897569651882872
394,eMBB,10.38941883014909
395,eMBB,12.625382375838345
396,eMBB,12.856764750765404
397,eMBB,10.916832713311535
398,eMBB,9.985311895645538
399,eMBB,11.606446025398432
400,eMBB,11.299538151524098
401,eMBB,11.495156530928789
402,eMBB,9.395006202906707
403,eMBB,11.521137085508023
404,eMBB,10.482858285855027
405,eMBB,11.243413954946389
406,eMBB,10.177917329304407
407,eMBB,10.410520068132236
408,eMBB,12.260593974473984
409,eMBB,13.111940878918801
410,eMBB,10.49594712834889
411,eMBB,11.264201768927288
412,eMBB,12.052189486653486
413,eMBB,10.410787054710125
414,eMBB,9.955357453004044
415,eMBB,10.64115049899834
416,eMBB,9.466737929582596
417,eMBB,10.003738564616908
418,eMBB,9.047113285764087
419,eMBB,10.875254187090698
420,eMBB,9.51682443327232
421,eMBB,9.182749407152818
422,eMBB,10.757275330595368
423,eMBB,11.93733707806305
424,eMBB,11.083338235710011
425,eMBB,9.311163884242061
426,eMBB,10.508124397483613
427,eMBB,9.5158697797679
428,eMBB,9.759311570019568
429,eMBB,11.193016806674043
430,eMBB,10.927229078390145
431,eMBB,10.653047093251333
432,eMBB,10.183814518302226
433,eMBB,10.30975130359946
434,eMBB,12.239037762965305
435,eMBB,11.824866333810347
436,eMBB,9.519201244272619
437,eMBB,11.302637870424162
438,eMBB,10.186556213713496
439,eMBB,11.483554042797506
440,eMBB,9.168976390702408
441,eMBB,10.983685636600814
442,eMBB,10.638254260301073
443,eMBB,10.690996056740726
444,eMBB,11.717440458452817
445,eMBB,11.154658098714828
446,eMBB,10.325392958929378
447,eMBB,12.133189469175905
448,eMBB,9.584259770635216
449,eMBB,10.817234832787124
450,eMBB,8.452633228332699
451,eMBB,12.319715293535921
452,eMBB,11.882775113355178
453,eMBB,8.994961113153128
454,eMBB,11.061778983434534
455,eMBB,10.744207833459246
456,eMBB,10.583205531914889
457,eMBB,11.324929013935128
458,eMBB,11.084459237945492
459,eMBB,9.539124839298738
460,eMBB,9.989177322407613
461,eMBB,11.97609620525514
462,eMBB,11.173687607423163
463,eMBB,10.860056446578948
464,eMBB,10.834321270596417
465,eMBB,8.293608279101033
466,eMBB,9.53524830726088
467,eMBB,10.540862129904276
468,eMBB,10.950375937957391
469,eMBB,11.097249787992432
470,eMBB,9.581449220997325
471,eMBB,9.58417467148724
472,eMBB,8.46265438931678
473,eMBB,9.309607188731286
474,eMBB,11.175905398081444
475,eMBB,10.428321887227575
476,eMBB,11.22667374172105
477,eMBB,9.346032318566214
478,eMBB,9.834787544271718
479,eMBB,12.10651377925791
480,eMBB,10.6314691909247
481,eMBB,10.211358143140185
482,eMBB,11.400212940640653
483,eMBB,7.784383431225436
484,eMBB,10.203442466596595
485,eMBB,9.14132427967257
486,eMBB,10.946789006637783
487,eMBB,9.211080576067124
488,eMBB,11.675969696054173
489,eMBB,9.110816134643013
490,eMBB,13.304759845019419
491,eMBB,10.081688907009685
492,eMBB,11.658772205621192
493,eMBB,10.418103668884292
494,eMBB,10.212143888527313
495,eMBB,8.531836713608119
496,eMBB,11.705086341611123
497,eMBB,9.987034421816313
498,eMBB,11.066844879702106
499,eMBB,10.935319412840363
500,eMBB,13.481099686105368
501,eMBB,7.666532634028735
502,eMBB,11.589727250980983
503,eMBB,9.219802923787444
504,eMBB,12.625901740571544
505,eMBB,9.983885432124742
506,eMBB,8.89011945128594
507,eMBB,9.782858499393868
508,eMBB,12.20602599384175
509,eMBB,14.118881229391954
510,eMBB,12.035039643553786
511,eMBB,10.28165393329597
512,eMBB,12.318301763099974
513,eMBB,10.542947488824987
514,eMBB,9.391105626309123
515,eMBB,9.867122098077813
516,eMBB,8.648674096920011
517,eMBB,11.500849210471356
518,eMBB,11.87793870975434
519,eMBB,11.259546638883311
520,eMBB,10.679251836556293
521,eMBB,9.386540585203148
522,eMBB,10.977542037357964
523,eMBB,9.453036653047556
524,eMBB,11.771088623835505
525,eMBB,9.933234732610298
526,eMBB,9.999812424377543
527,eMBB,10.110702155795726
528,eMBB,9.766375125637955
529,eMBB,11.943387191265307
530,eMBB,9.842163513580537
531,eMBB,8.684637362443887
532,eMBB,10.215848290628537
533,eMBB,10.241177331558772
534,eMBB,9.862872239192258
535,eMBB,9.135899160299747
536,eMBB,11.30842895062715
537,eMBB,12.500683629553187
538,eMBB,12.122610010265907
539,eMBB,11.632015680432254
540,eMBB,9.708913729510064
541,eMBB,10.450930451260021
542,eMBB,9.783142593141733
543,eMBB,9.962583190413811
544,eMBB,11.591069465550154
545,eMBB,10.119302244113161
546,eMBB,11.762817562231142
547,eMBB,9.882483183759264
548,eMBB,10.360594566567636
549,eMBB,11.152847486797066
550,eMBB,11.830539379633032
551,eMBB,11.677304078768643
552,eMBB,11.27470229234437
553,eMBB,11.389110221048238
554,eMBB,12.01253699667743
555,eMBB,12.773179716104167
556,eMBB,12.499520941845445
557,eMBB,10.332024294401098
558,eMBB,13.022781994118638
559,eMBB,8.851646850220506
560,eMBB,11.000520514487805
561,eMBB,11.100636915316555
562,eMBB,9.422186514459094
563,eMBB,11.134628321812574
564,eMBB,9.787011778718226
565,eMBB,10.779106064143477
566,eMBB,11.87660884644582
567,eMBB,11.901717483252884
568,eMBB,10.456285569466756
569,eMBB,10.677391228100664
570,eMBB,8.621141678863514
571,eMBB,9.717916388759848
572,eMBB,9.052995114086823
573,eMBB,11.501306877489942
574,eMBB,10.735306487929915
575,eMBB,9.5546836583331
576,eMBB,10.740254109952696
577,eMBB,10.527637163188432
578,eMBB,12.92441191481664
579,eMBB,11.178634232258199
580,eMBB,10.853352156891743
581,eMBB,10.051901772217361
582,eMBB,10.11093659053079
583,eMBB,12.241353784749899
584,eMBB,12.260351234601508
585,eMBB,10.218055220617963
586,eMBB,11.899660403642507
587,eMBB,10.41014946824124
588,eMBB,8.844368312496824
589,eMBB,9.725388780767517
590,eMBB,7.210797744246482
591,eMBB,8.358491345822513
592,eMBB,11.855489262200315
593,eMBB,11.624164118327798
594,eMBB,9.696930007910249
595,eMBB,8.994551283019607
596,eMBB,10.656808079470727
597,eMBB,12.402928885193298
598,eMBB,9.965030774799699
599,eMBB,11.406736690609776
600,eMBB,11.84570042356261
601,eMBB,11.402698250191559
602,eMBB,11.178490849940733
603,eMBB,10.397302580004183
604,eMBB,10.656267916639914
605,eMBB,9.892544369296292
606,eMBB,9.57515866915731
607,eMBB,9.135111319993033
608,eMBB,10.305955401180224
609,eMBB,9.740821597279929
610,eMBB,9.405680930353217
611,eMBB,10.712213298713454
612,eMBB,11.234490780715596
613,eMBB,10.81088341368882
614,eMBB,12.20954756712121
615,eMBB,12.00050148152873
616,eMBB,6.950577603139826
617,eMBB,9.722276242254296
618,eMBB,12.447715589627588
619,eMBB,10.867662448885813
620,eMBB,11.607773596160195
621,eMBB,10.72351661323352
622,eMBB,11.99166788347386
623,eMBB,12.913143219447784
624,eMBB,10.264860917438412
625,eMBB,10.240375690909586
626,eMBB,10.848968503890733
627,eMBB,10.500523302930011
628,eMBB,12.332978633227862
629,eMBB,13.292673166267758
630,eMBB,12.365999329222014
631,eMBB,8.164754361476376
632,eMBB,10.37821002630469
633,eMBB,9.847450189746679
634,eMBB,10.019269696266512
635,eMBB,9.322297357606029
636,eMBB,10.401831972678927
637,eMBB,11.97714823236075
638,eMBB,10.56521045170987
639,eMBB,8.980857629733608
640,eMBB,9.739967047594877
641,eMBB,10.92270621485151
642,eMBB,12.40442562362931
643,eMBB,12.41789303625439
644,eMBB,11.11682678098005
645,eMBB,10.780567257660076
646,eMBB,9.409044176735275
647,eMBB,10.139062012534362
648,eMBB,11.699061719836234
649,eMBB,10.632921269050332
650,eMBB,11.21436591461579
651,eMBB,10.09718095685907
652,eMBB,9.435498015565765
653,eMBB,10.53994887870389
654,eMBB,9.15638670797539
655,eMBB,10.017990903371452
656,eMBB,9.765009422505239
657,eMBB,8.652418635238437
658,eMBB,11.351099770031118
659,eMBB,8.848034272968613
660,eMBB,10.359507190314039
661,eMBB,12.185132156840952
662,eMBB,12.11059852474361
663,eMBB,10.758236522037768
664,eMBB,10.5458162466841
665,eMBB,10.776325202783983
666,eMBB,9.963633119394851
667,eMBB,12.44563794909291
668,eMBB,10.939806226177224
669,eMBB,9.470781382989339
670,eMBB,11.4115539410473
671,eMBB,9.476454126208331
672,eMBB,10.252158400299146
673,eMBB,10.40537235732292
674,eMBB,11.10357981955111
675,eMBB,11.201591175290403
676,eMBB,11.598777662773804
677,eMBB,9.108857923386294
678,eMBB,11.04676044219305
679,eMBB,10.613591795646625
680,eMBB,8.917607080291098
681,eMBB,10.028480620509004
682,eMBB,9.449922323705366
683,eMBB,9.382547900953927
684,eMBB,11.030790081024644
685,eMBB,11.633695683497672
686,eMBB,10.452011637433092
687,eMBB,10.796959042404183
688,eMBB,12.018174469701195
689,eMBB,10.151513274458308
690,eMBB,11.949865927266172
691,eMBB,11.148957515356473
692,eMBB,9.861821907834347
693,eMBB,10.027013595333413
694,eMBB,11.713425758612322
695,eMBB,11.224112829736812
696,eMBB,9.645877828187642
697,eMBB,9.18821315113002
698,eMBB,7.742964315416557
699,eMBB,9.032978515489232
700,eMBB,9.39209018971159
701,eMBB,10.524560236257667
702,eMBB,13.472064760546024
703,eMBB,9.170113995278118
704,eMBB,9.806501848983963
705,eMBB,11.613381563119308
706,eMBB,11.196884372074104
707,eMBB,11.142613995984137
708,eMBB,14.075554584560177
709,eMBB,11.733713456217147
710,eMBB,9.089118430518592
711,eMBB,10.86591198719627
712,eMBB,9.812012871437483
713,eMBB,10.219373205180885
714,eMBB,11.081723039141098
715,eMBB,8.929077342321245
716,eMBB,11.214326805564736
717,eMBB,10.407957190497873
718,eMBB,11.02839023533816
719,eMBB,11.719439577760703
720,eMBB,9.63466609788335
721,eMBB,11.15615140786052
722,eMBB,10.764481864576059
723,eMBB,9.829901742354458
724,eMBB,7.544866179896463
725,eMBB,12.016674823092453
726,eMBB,10.159422530343875
727,eMBB,11.394141702744708
728,eMBB,10.762304287494391
729,eMBB,10.172992976994966
730,eMBB,13.450258944196037
731,eMBB,8.66971800164714
732,eMBB,10.730628846208592
733,eMBB,10.845127332964838
734,eMBB,12.042963975668135
735,eMBB,9.39346006492108
736,eMBB,10.110827499819095
737,eMBB,10.207287271852948
738,eMBB,10.467830133245235
739,eMBB,8.625291991212746
740,eMBB,10.145004101889587
741,eMBB,9.69648179400317
742,eMBB,11.472335316684113
743,eMBB,10.238769651700835
744,eMBB,10.086218251502656
745,eMBB,12.500424413988668
746,eMBB,10.827036321216923
747,eMBB,8.979915735552396
748,eMBB,11.547300393215057
749,eMBB,9.99497844826168
750,eMBB,11.428021950752925
751,eMBB,10.793928382610265
752,eMBB,11.220464431935353
753,eMBB,11.978497757963185
754,eMBB,11.534675911547815
755,eMBB,11.535036020559875
756,eMBB,9.965438053203066
757,eMBB,10.011489423017888
758,eMBB,12.806661281229744
759,eMBB,11.88267048714271
760,eMBB,10.757382638884904
761,eMBB,9.56678212471316
762,eMBB,11.641246546897753
763,eMBB,10.319700261115507
764,eMBB,12.548375108313001
765,eMBB,10.27145719376423
766,eMBB,9.937689440583126
767,eMBB,11.81240811974708
768,eMBB,11.454821383518164
769,eMBB,10.76985629425755
770,eMBB,10.64740453673084
771,eMBB,9.900199525792956
772,eMBB,10.50358218938817
773,eMBB,13.409761133301073
774,eMBB,9.838298463145284
775,eMBB,8.11730225034505
776,eMBB,8.84734780785855
777,eMBB,10.962979973814821
778,eMBB,10.030904496621252
779,eMBB,11.728797250447183
780,eMBB,11.142634759185297
781,eMBB,9.358824566278239
782,eMBB,12.329458894673865
783,eMBB,9.31362737632375
784,eMBB,9.983069693881502
785,eMBB,10.449662998595073
786,eMBB,9.394599592910222
787,eMBB,12.542116376538832
788,eMBB,9.626336803271363
789,eMBB,12.00651946190131
790,eMBB,9.342722673843326
791,eMBB,10.900302733204576
792,eMBB,10.696867331771381
793,eMBB,10.56404273126669
794,eMBB,9.690319299850213
795,eMBB,9.225167211355396
796,eMBB,11.569145158779326
797,eMBB,10.315852071574046
798,eMBB,11.955907527861036
799,eMBB,11.383973684105495
800,eMBB,9.914751947742072
801,eMBB,11.459583726832568
802,eMBB,9.064038503798093
803,eMBB,11.390583999534797
804,eMBB,11.111424872614979
805,eMBB,8.33602236408935
806,eMBB,11.423641095638201
807,eMBB,10.353969612604509
808,eMBB,9.863150580927869
809,eMBB,11.315103061559297
810,eMBB,9.38505595274517
811,eMBB,12.213205131846786
812,eMBB,10.2564029592742
813,eMBB,10.965351318125226
814,eMBB,10.306399077642013
815,eMBB,9.387513376110658
816,eMBB,10.265420557123383
817,eMBB,7.444560775466035
818,eMBB,10.225070462760069
819,eMBB,9.179340696907499
820,eMBB,10.263314487152398
821,eMBB,9.93071754684627
822,eMBB,11.35115540345706
823,eMBB,11.92704188401609
824,eMBB,10.636888083695839
825,eMBB,11.820689378947014
826,eMBB,9.784377014485369
827,eMBB,11.680187710058917
828,eMBB,11.439081617420866
829,eMBB,10.953885601225986
830,eMBB,9.655089499311767
831,eMBB,11.848855483796099
832,eMBB,10.659905425222203
833,eMBB,11.182932324025844
834,eMBB,11.932020265598112
835,eMBB,11.018205652458875
836,eMBB,8.424325870743207
837,eMBB,8.67621425297717
838,eMBB,8.407336376185786
839,eMBB,9.531673117722745
840,eMBB,9.96207871486374
841,eMBB,9.795280423575509
842,eMBB,8.679615155679711
843,eMBB,10.53654893073812
844,eMBB,9.20191076117887
845,eMBB,12.018593609218625
846,eMBB,10.991862911974563
847,eMBB,10.31390322339938
848,eMBB,9.081729262350784
849,eMBB,11.618065222501912
850,eMBB,12.608293261361334
851,eMBB,14.054382254481725
852,eMBB,8.132512510480728
853,eMBB,7.990945205638003
854,eMBB,9.479177192381385
855,eMBB,8.292176005448187
856,eMBB,9.921776153619536
857,eMBB,10.932655115119957
858,eMBB,10.622856710406102
859,eMBB,12.772899584311686
860,eMBB,12.252076656386098
861,eMBB,8.775245612252924
862,eMBB,13.538101604246227
863,eMBB,11.03037245722817
864,eMBB,10.693738794078955
865,eMBB,11.276945869642361
866,eMBB,13.29357438222962
867,eMBB,9.461374074748518
868,eMBB,8.955043790480484
869,eMBB,9.458832666896962
870,eMBB,9.662387138702373
871,eMBB,10.072534101837364
872,eMBB,10.831571028574325
873,eMBB,9.60022085061588
874,eMBB,11.962274991474022
875,eMBB,10.620671889635984
876,eMBB,12.010114302798922
877,eMBB,11.950173646848175
878,eMBB,12.066287767393911
879,eMBB,9.440689448963568
880,eMBB,9.649630965557678
881,eMBB,11.311606426868607
882,eMBB,9.785030572135907
883,eMBB,9.777188131835322
884,eMBB,9.925513003058844
885,eMBB,10.106019174261764
886,eMBB,11.16885782347387
887,eMBB,11.666937235383799
888,eMBB,10.700115738434071
889,eMBB,11.161378650346363
890,eMBB,11.354460961575732
891,eMBB,10.938507279981367
892,eMBB,9.423796232169222
893,eMBB,11.424382442879585
894,eMBB,10.644364047423261
895,eMBB,11.084321131244359
896,eMBB,10.411239593864666
897,eMBB,8.43305694602247
898,eMBB,10.675363211399578
899,eMBB,9.889084603110552
900,eMBB,11.953596970776616
901,eMBB,10.015445749764668
902,eMBB,11.027281183642966
903,eMBB,10.592073580068268
904,eMBB,7.301714581396147
905,eMBB,8.409834751240297
906,eMBB,9.727426519550976
907,eMBB,10.598664644022579
908,eMBB,8.419968225033298
909,eMBB,10.028632606520976
910,eMBB,10.289457256711309
911,eMBB,10.47838063644443
912,eMBB,10.476275080668987
913,eMBB,11.135857778641483
914,eMBB,10.027696089197137
915,eMBB,12.578791710375086
916,eMBB,10.666074769161266
917,eMBB,9.58093398640428
918,eMBB,9.593891562150873
919,eMBB,11.548782826658554
920,eMBB,10.409617484212431
921,eMBB,10.14752593413636
922,eMBB,11.558146882395615
923,eMBB,9.887196068484364
924,eMBB,12.036237459105847
925,eMBB,10.113725237243655
926,eMBB,9.950128078497974
927,eMBB,11.833346622513542
928,eMBB,11.348633569139603
929,eMBB,11.933081557909492
930,eMBB,8.491185335061628
931,eMBB,10.805912171718001
932,eMBB,10.661030869970821
933,eMBB,10.279066359741982
934,eMBB,12.55745178848835
935,eMBB,11.57375295819674
936,eMBB,11.165567568700336
937,eMBB,10.741648645239588
938,eMBB,10.613597229570077
939,eMBB,11.247197268412899
940,eMBB,11.248386780462956
941,eMBB,10.541535988995346
942,eMBB,11.537217928895204
943,eMBB,9.636049666087116
944,eMBB,10.675913211781337
945,eMBB,10.317697503388283
946,eMBB,9.841865472328035
947,eMBB,11.804859446718346
948,eMBB,9.409318665482653
949,eMBB,11.553261736236331
950,eMBB,10.848415680043846
951,eMBB,9.90182779218546
952,eMBB,10.648360924222265
953,eMBB,10.113866084918971
954,eMBB,10.64353462722935
955,eMBB,12.115365525634967
956,eMBB,10.911991840617297
957,eMBB,11.567295530543273
958,eMBB,10.874524823567063
959,eMBB,11.646294132356594
960,eMBB,11.929627482849254
961,eMBB,11.234674882181848
962,eMBB,9.307298866449731
963,eMBB,11.616345044003527
964,eMBB,11.254171571748197
965,eMBB,11.874584581544346
966,eMBB,10.357092016033318
967,eMBB,11.211613592822012
968,eMBB,9.758682714303488
969,eMBB,9.979278160665752
970,eMBB,13.042214592740214
971,eMBB,10.204098038553221
972,eMBB,10.882646201311603
973,eMBB,10.548633087809833
974,eMBB,11.884646406019227
975,eMBB,11.703934269807672
976,eMBB,9.667164006239963
977,eMBB,8.392117936947118
978,eMBB,10.647817787473265
979,eMBB,11.558271436589445
980,eMBB,9.261482060401987
981,eMBB,9.042164024786546
982,eMBB,9.165040005079582
983,eMBB,10.185367330596574
984,eMBB,11.462571332162492
985,eMBB,9.134665731548726
986,eMBB,11.355910900619998
987,eMBB,11.585482401386521
988,eMBB,10.422504153122315
989,eMBB,10.700118196739263
990,eMBB,10.525045796197732
991,eMBB,10.932730453946949
992,eMBB,11.814751892061924
993,eMBB,9.90340043165931
994,eMBB,9.187516067395425
995,eMBB,10.506463697180642
996,eMBB,11.08509488183093
997,eMBB,11.507841430521875
998,eMBB,11.094022262179424
999,eMBB,12.607009266241475
1000,eMBB,12.762119154998599
1001,eMBB,10.656788111561111
1002,eMBB,11.071607656957397
1003,eMBB,10.478508459940983
1004,eMBB,11.174171884002225
1005,eMBB,11.56342803247621
1006,eMBB,10.049197264902777
1007,eMBB,10.881467477741078
1008,eMBB,10.406113580607817
1009,eMBB,11.092580787893002
1010,eMBB,10.484438323099113
1011,eMBB,9.199379876568242
1012,eMBB,11.873544211810994
1013,eMBB,11.273993956133353
1014,eMBB,11.35993486534477
1015,eMBB,10.395625863214185
1016,eMBB,8.86164009189077
1017,eMBB,8.558132443963878
1018,eMBB,11.75569485090802
1019,eMBB,10.199216751342387
1020,eMBB,11.32636043348077
1021,eMBB,11.063665697367462
1022,eMBB,8.564631750556325
1023,eMBB,10.62040999555627
1024,eMBB,9.795288531174332
1025,eMBB,12.436973033822166
1026,eMBB,9.155725661440883
1027,eMBB,10.36556535896684
1028,eMBB,10.951308388422964
1029,eMBB,11.599434551534085
1030,eMBB,11.21183471720214
1031,eMBB,11.267415651034892
1032,eMBB,11.866684043629068
1033,eMBB,11.637104555460676
1034,eMBB,11.949006589804473
1035,eMBB,11.6656479066896
1036,eMBB,9.562811880637069
1037,eMBB,10.680758900120074
1038,eMBB,10.272339855935227
1039,eMBB,9.730599321010146
1040,eMBB,10.76091279526522
1041,eMBB,11.535603023938169
1042,eMBB,8.848212372237649
1043,eMBB,9.089670503443513
1044,eMBB,10.66872884307767
1045,eMBB,10.566431369084626
1046,eMBB,10.355387629824872
1047,eMBB,10.041173100053188
1048,eMBB,10.62971774712451
1049,eMBB,8.039155703725068
1050,eMBB,9.777643346063149
1051,eMBB,9.72140367726276
1052,eMBB,9.99401092320208
1053,eMBB,11.24116545994586
1054,eMBB,8.7584774402523
1055,eMBB,11.230070885957282
1056,eMBB,8.941717564907826
1057,eMBB,13.294553511572133
1058,eMBB,12.180888948762957
1059,eMBB,11.53845541916865
1060,eMBB,11.867017293538554
1061,eMBB,9.634662680698025
1062,eMBB,11.81545276706766
1063,eMBB,9.015161332465711
1064,eMBB,9.526376630763961
1065,eMBB,12.05762862685588
1066,eMBB,10.328394647718367
1067,eMBB,11.528751913884555
1068,eMBB,9.177825493122977
1069,eMBB,11.286898211860603
1070,eMBB,12.870635226720124
1071,eMBB,11.653455480296117
1072,eMBB,10.883975354048877
1073,eMBB,11.552382300658467
1074,eMBB,9.72905376825365
1075,eMBB,9.730297883484324
1076,eMBB,10.313849470599688
1077,eMBB,9.670473460372076
1078,eMBB,10.006169100798767
1079,eMBB,11.54752159889231
1080,eMBB,10.468685786364444
1081,eMBB,10.686598689416211
1082,eMBB,8.086950983769345
1083,eMBB,9.921897372569292
1084,eMBB,10.601471218446287
1085,eMBB,12.120120581901428
1086,eMBB,12.279162396778352
1087,eMBB,10.675287159137115
1088,eMBB,11.529665659692405
1089,eMBB,11.292030307758386
1090,eMBB,8.379407582960912
1091,eMBB,10.660027195295747
1092,eMBB,10.410988414589081
1093,eMBB,8.674841696196962
1094,eMBB,9.48120761345052
1095,eMBB,9.156238959657221
1096,eMBB,10.014720415044984
1097,eMBB,11.088448248001544
1098,eMBB,10.406751043215817
1099,eMBB,10.94222276186607
1100,eMBB,10.920941354683004
1101,eMBB,11.08428060644629
1102,eMBB,9.22767451063124
1103,eMBB,10.183199754715654
1104,eMBB,9.480408654251022
1105,eMBB,10.801799924008224
1106,eMBB,9.661074274539455
1107,eMBB,11.01990528077041
1108,eMBB,10.672506128514739
1109,eMBB,8.735283102355778
1110,eMBB,10.883453261552567
1111,eMBB,10.02992874349204
1112,eMBB,10.10187134486845
1113,eMBB,9.555012655274302
1114,eMBB,9.710827586747826
1115,eMBB,11.340368587261711
1116,eMBB,10.428283117516221
1117,eMBB,11.230304779752466
1118,eMBB,9.516579232174724
1119,eMBB,10.824437826145656
1120,eMBB,10.315511236759118
1121,eMBB,11.512066211040736
1122,eMBB,11.363801490632271
1123,eMBB,11.083670386700776
1124,eMBB,9.957207253069608
1125,eMBB,11.669528072687584
1126,eMBB,9.894031845361567
1127,eMBB,11.558525092022586
1128,eMBB,10.30707693220769
1129,eMBB,12.01951019035164
1130,eMBB,10.846957844454268
1131,eMBB,10.136895398529184
1132,eMBB,11.797643648792763
1133,eMBB,9.889089919042073
1134,eMBB,11.226196091885923
1135,eMBB,10.71368018262181
1136,eMBB,9.673869980191315
1137,eMBB,10.601887771522515
1138,eMBB,10.933197176387722
1139,eMBB,11.287512549001203
1140,eMBB,10.177240363878012
1141,eMBB,11.883153924858084
1142,eMBB,9.302623313709686
1143,eMBB,12.06976422356601
1144,eMBB,10.933332211561208
1145,eMBB,10.471969007862846
1146,eMBB,9.845252888972656
1147,eMBB,8.128040827092487
1148,eMBB,9.503103308939378
1149,eMBB,11.625534199734949
1150,eMBB,10.368784224970863
1151,eMBB,10.102525914816818
1152,eMBB,11.316888061903061
1153,eMBB,10.278815981031745
1154,eMBB,10.772354811438342
1155,eMBB,11.034773521026901
1156,eMBB,10.884519289998774
1157,eMBB,12.354960776586728
1158,eMBB,9.031418038916087
1159,eMBB,10.731092030595837
1160,eMBB,12.332090491300676
1161,eMBB,12.364854908177083
1162,eMBB,9.210013396055949
1163,eMBB,9.993528472436454
1164,eMBB,9.93921750385145
1165,eMBB,9.36774564209042
1166,eMBB,12.45568778904528
1167,eMBB,11.8296308188221
1168,eMBB,10.556303439277809
1169,eMBB,10.384329618236446
1170,eMBB,13.516215667847868
1171,eMBB,10.22529938173688
1172,eMBB,9.392903321597213
1173,eMBB,11.210663914238982
1174,eMBB,11.000910156743952
1175,eMBB,10.828742663230912
1176,eMBB,12.095548497972494
1177,eMBB,11.395242271105664
1178,eMBB,11.918532442443873
1179,eMBB,9.495321083128209
1180,eMBB,8.41994913770445
1181,eMBB,9.793341076412624
1182,eMBB,12.340686181750954
1183,eMBB,10.582583589982118
1184,eMBB,11.496835349741863
1185,eMBB,10.7524133724255
1186,eMBB,9.628954448439153
1187,eMBB,9.969339636229032
1188,eMBB,8.16291071069407
1189,eMBB,9.843358000468687
1190,eMBB,10.785296196133865
1191,eMBB,9.66791431394378
1192,eMBB,12.914930111703013
1193,eMBB,10.348436555703667
1194,eMBB,9.78554815517017
1195,eMBB,11.73366740085774
1196,eMBB,11.1071082902707
1197,eMBB,11.359184015161468
1198,eMBB,9.677525943738454
1199,eMBB,10.722662898880527
1200,eMBB,11.543986629332219
1201,eMBB,9.054534961063622
1202,eMBB,13.016075952549274
1203,eMBB,11.740103545665878
1204,eMBB,11.257369439808965
1205,eMBB,11.732937392189553
1206,eMBB,10.236349839589588
1207,eMBB,10.243620415081569
1208,eMBB,10.815878378326742
1209,eMBB,10.203764718184718
1210,eMBB,9.068255708078773
1211,eMBB,9.528072636139672
1212,eMBB,11.152120984026325
1213,eMBB,9.257578399155758
1214,eMBB,8.953354223465963
1215,eMBB,10.838956398617432
1216,eMBB,10.241306246375801
1217,eMBB,11.752442777082887
1218,eMBB,11.987491900875739
1219,eMBB,13.218060387700186
1220,eMBB,10.414957671243824
1221,eMBB,11.2638432663019
1222,eMBB,13.504226177413745
1223,eMBB,11.849709133376217
1224,eMBB,9.861462190430437
1225,eMBB,10.81652890450867
1226,eMBB,11.356202967809216
1227,eMBB,10.782917361085286
1228,eMBB,11.235572036526777
1229,eMBB,10.507152280344172
1230,eMBB,8.865481548530871
1231,eMBB,11.408386608208149
1232,eMBB,11.68701110650838
1233,eMBB,10.16259454576546
1234,eMBB,11.15268775902566
1235,eMBB,10.897454010800622
1236,eMBB,13.388827330614212
1237,eMBB,9.5643984750589
1238,eMBB,10.5578441799694
1239,eMBB,11.987812394760638
1240,eMBB,9.667321009570964
1241,eMBB,10.215894213734105
1242,eMBB,10.723285297713895
1243,eMBB,10.429341098151603
1244,eMBB,8.860490982931285
1245,eMBB,11.768939364949766
1246,eMBB,9.256107543927369
1247,eMBB,9.097421682615261
1248,eMBB,10.297582817760699
1249,eMBB,8.966061481878
1250,eMBB,10.139646084028966
1251,eMBB,11.05160037376876
1252,eMBB,10.568232275374946
1253,eMBB,9.595978258868955
1254,eMBB,12.076163301152636
1255,eMBB,9.156894729534157
1256,eMBB,9.999015842498357
1257,eMBB,8.962891777269425
1258,eMBB,10.228594468859354
1259,eMBB,12.098459439940035
1260,eMBB,11.383617811980788
1261,eMBB,13.683408974676313
1262,eMBB,11.407751560939037
1263,eMBB,11.280636092925114
1264,eMBB,10.934157463974405
1265,eMBB,11.096900183913414
1266,eMBB,12.046337991232644
1267,eMBB,11.543838504351974
1268,eMBB,11.231032343821804
1269,eMBB,10.414975526358635
1270,eMBB,10.767930662934017
1271,eMBB,10.853694773540338
1272,eMBB,11.027709728117697
1273,eMBB,11.059768745581346
1274,eMBB,14.122542067987604
1275,eMBB,10.188702875026697
1276,eMBB,10.74462171838602
1277,eMBB,11.114950070191437
1278,eMBB,11.635167228671907
1279,eMBB,11.469086456521348
1280,eMBB,9.879890182864317
1281,eMBB,10.593065848931767
1282,eMBB,10.001161759360556
1283,eMBB,10.76279734489735
1284,eMBB,11.567048988243187
1285,eMBB,10.586677101151716
1286,eMBB,8.28962104190573
1287,eMBB,9.660532494140707
1288,eMBB,9.6659545408719
1289,eMBB,10.140570862129389
1290,eMBB,11.03700116340054
1291,eMBB,8.87700803109033
1292,eMBB,9.974340188697361
1293,eMBB,9.257802344936204
1294,eMBB,8.805287331042967
1295,eMBB,10.823869607514375
1296,eMBB,9.204564344284774
1297,eMBB,9.475623938664505
1298,eMBB,11.063273517192174
1299,eMBB,10.590656679125166
1300,eMBB,10.128771955649773
1301,eMBB,10.09478036134651
1302,eMBB,9.827117111242604
1303,eMBB,10.179110699245427
1304,eMBB,13.837107149484076
1305,eMBB,9.777193499125618
1306,eMBB,9.518864860444081
1307,eMBB,12.109015168351856
1308,eMBB,11.47817882364832
1309,eMBB,10.53597276882234
1310,eMBB,8.707184834342693
1311,eMBB,10.622736118240844
1312,eMBB,10.360919233080208
1313,eMBB,10.23823894071239
1314,eMBB,10.989931845734247
1315,eMBB,10.603052734109456
1316,eMBB,9.6216986577162
1317,eMBB,10.800187352995026
1318,eMBB,10.015679605777136
1319,eMBB,8.905906316498728
1320,eMBB,9.101666818537455
1321,eMBB,8.969344312544607
1322,eMBB,10.469863605335108
1323,eMBB,11.695955637964419
1324,eMBB,10.795488251784779
1325,eMBB,8.973961912718615
1326,eMBB,12.132656942150964
1327,eMBB,11.327805851983824
1328,eMBB,9.791158474741907
1329,eMBB,11.942631137985783
1330,eMBB,10.680906627717254
1331,eMBB,10.138906852135474
1332,eMBB,11.485345455407932
1333,eMBB,10.89952959761996
1334,eMBB,11.222844246820088
1335,eMBB,9.924861354873059
1336,eMBB,10.30343769638445
1337,eMBB,10.154142012494153
1338,eMBB,10.252234163961463
1339,eMBB,11.940773820377037
1340,eMBB,10.3564795092543
1341,eMBB,9.023096249936268
1342,eMBB,9.026842001799874
1343,eMBB,10.187421874586452
1344,eMBB,11.025326491654702
1345,eMBB,9.732355008391167
1346,eMBB,9.588744801873306
1347,eMBB,11.07229813151255
1348,eMBB,11.296941811234106
1349,eMBB,10.52976086552071
1350,eMBB,12.163028790790342
1351,eMBB,9.986645530727879
1352,eMBB,9.610373600397546
1353,eMBB,10.844632350852457
1354,eMBB,11.139818287315832
1355,eMBB,13.28381844552483
1356,eMBB,9.89989220304652
1357,eMBB,10.161429655266305
1358,eMBB,11.346626044280548
1359,eMBB,9.774681872946068
1360,eMBB,10.371130659822093
1361,eMBB,9.270054126276031
1362,eMBB,10.622132535359478
1363,eMBB,9.669721502327047
1364,eMBB,10.654615030856675
1365,eMBB,11.498307833699846
1366,eMBB,9.479089069390525
1367,eMBB,12.982888366559152
1368,eMBB,11.830567722770983
1369,eMBB,9.627892349068386
1370,eMBB,10.035821617013145
1371,eMBB,8.489693175045375
1372,eMBB,10.711441206611006
1373,eMBB,11.521834021682537
1374,eMBB,12.910658337127353
1375,eMBB,11.599775142427344
1376,eMBB,9.916933580383034
1377,eMBB,11.843690887600243
1378,eMBB,10.677050141870328
1379,eMBB,9.228139733136691
1380,eMBB,11.247994752920699
1381,eMBB,10.971999042555405
1382,eMBB,10.462222752839416
1383,eMBB,10.859610278103634
1384,eMBB,9.347402781634175
1385,eMBB,12.277363744016755
1386,eMBB,11.457247639328362
1387,eMBB,11.182808641827314
1388,eMBB,8.849087343774091
1389,eMBB,9.975641572102578
1390,eMBB,12.199716352515019
1391,eMBB,11.170632971938822
1392,eMBB,10.71602160987554
1393,eMBB,11.303085261660875
1394,eMBB,8.31439310323862
1395,eMBB,10.974230011438655
1396,eMBB,11.49787560761935
1397,eMBB,9.396946561948164
1398,eMBB,11.295521931889068
1399,eMBB,10.128029952654018
1400,eMBB,9.421939753151932
1401,eMBB,10.833484344967902
1402,eMBB,9.688240588953999
1403,eMBB,11.268516547488076
1404,eMBB,9.396830316352155
1405,eMBB,11.548279313331179
1406,eMBB,9.984824773240165
1407,eMBB,11.519049295578936
1408,eMBB,7.0019060215561115
1409,eMBB,11.136618055162083
1410,eMBB,11.179927083817992
1411,eMBB,11.300211717458286
1412,eMBB,11.468715688837074
1413,eMBB,10.601552370185754
1414,eMBB,9.791960677310495
1415,eMBB,8.468263731252852
1416,eMBB,10.70074353601739
1417,eMBB,10.293556616607386
1418,eMBB,9.759407979544301
1419,eMBB,11.071874332312891
1420,eMBB,9.686291797059583
1421,eMBB,9.830741558539891
1422,eMBB,9.523610168401659
1423,eMBB,10.00350399561665
1424,eMBB,10.973746756172758
1425,eMBB,10.649352363490706
1426,eMBB,9.945942592580012
1427,eMBB,10.435026727490058
1428,eMBB,12.03454266962429
1429,eMBB,11.483832435885688
1430,eMBB,11.825769628769153
1431,eMBB,9.345193502115853
1432,eMBB,11.860618791005129
1433,eMBB,12.736580554007249
1434,eMBB,11.68533583302571
1435,eMBB,8.78965397993424
1436,eMBB,10.20072617450624
1437,eMBB,11.181001440088108
1438,eMBB,9.238456718078224
1439,eMBB,11.321671934772576
1440,eMBB,10.765148557814312
1441,eMBB,11.06111738877524
1442,eMBB,11.645862928503801
1443,eMBB,9.034456112453206
1444,eMBB,9.704500299609924
1445,eMBB,12.895447629649741
1446,eMBB,11.113864785617835
1447,eMBB,9.956275512002247
1448,eMBB,8.506118501148103
1449,eMBB,8.612847823861319
1450,eMBB,11.52873699573008
1451,eMBB,9.691888954908178
1452,eMBB,10.64937840274598
1453,eMBB,10.192731926227586
1454,eMBB,10.869879200183272
1455,eMBB,8.938650521331827
1456,eMBB,9.475372249069341
1457,eMBB,9.560347954090814
1458,eMBB,9.673124027494307
1459,eMBB,9.87377584595939
1460,eMBB,11.417009213080254
1461,eMBB,10.475450833038316
1462,eMBB,10.691235013269699
1463,eMBB,10.931478265102621
1464,eMBB,11.042516220687734
1465,eMBB,12.094903724140964
1466,eMBB,9.59746210314015
1467,eMBB,11.912942872750017
1468,eMBB,9.151009845326463
1469,eMBB,11.207562791824156
1470,eMBB,9.952099342936688
1471,eMBB,9.011481798603441
1472,eMBB,12.290899366786796
1473,eMBB,8.641252726586398
1474,eMBB,9.019695651243824
1475,eMBB,10.817838804927334
1476,eMBB,8.746771627827732
1477,eMBB,10.438186121161115
1478,eMBB,9.698989263022542
1479,eMBB,10.92007163214565
1480,eMBB,11.045931807491739
1481,eMBB,11.685995048396512
1482,eMBB,11.994924989510148
1483,eMBB,11.907061806836547
1484,eMBB,9.67917073325429
1485,eMBB,11.338698874237608
1486,eMBB,11.729985773382511
1487,eMBB,11.925838835164285
1488,eMBB,9.410236436031669
1489,eMBB,11.587960284806398
1490,eMBB,11.895299172721634
1491,eMBB,10.020824735164158
1492,eMBB,11.72408227972897
1493,eMBB,12.143619151175432
1494,eMBB,11.195869603348852
1495,eMBB,10.636063816591426
1496,eMBB,11.20078876242435
1497,eMBB,9.636781660625797
1498,eMBB,10.78123919352666
1499,eMBB,12.124096226576707
1500,eMBB,11.784615464210532
1501,eMBB,12.316584628043381
1502,eMBB,11.928828344897962
1503,eMBB,11.549359649750688
1504,eMBB,10.528169169620856
1505,eMBB,10.036299160539738
1506,eMBB,10.197065971444559
1507,eMBB,10.00082571303817
1508,eMBB,9.394350802341215
1509,eMBB,11.036540913497893
1510,eMBB,10.695901335048966
1511,eMBB,9.968754202654992
1512,eMBB,12.580986645001824
1513,eMBB,11.177146861919368
1514,eMBB,9.557574000884996
1515,eMBB,10.679110312291957
1516,eMBB,8.922208899517356
1517,eMBB,12.491016049649504
1518,eMBB,11.148275614233697
1519,eMBB,11.283404041410742
1520,eMBB,10.738686128401833
1521,eMBB,9.644322222251883
1522,eMBB,11.627997702649097
1523,eMBB,9.666973048145579
1524,eMBB,11.382682966896185
1525,eMBB,9.97964605201214
1526,eMBB,10.609637458760805
1527,eMBB,10.976227665245403
1528,eMBB,11.135233520312426
1529,eMBB,11.432228826824236
1530,eMBB,11.613840883623547
1531,eMBB,9.534472180906077
1532,eMBB,9.929816899396512
1533,eMBB,11.760183533343199
1534,eMBB,10.630408826658735
1535,eMBB,10.720223512933105
1536,eMBB,9.893837416923809
1537,eMBB,10.599188784899164
1538,eMBB,10.462931402150778
1539,eMBB,13.618225647846362
1540,eMBB,11.225937905745754
1541,eMBB,12.355706299197426
1542,eMBB,10.183525265212488
1543,eMBB,10.547283015676195
1544,eMBB,10.138256131289559
1545,eMBB,12.586292027044433
1546,eMBB,10.300081815649431
1547,eMBB,10.584960684253756
1548,eMBB,10.05773269598479
1549,eMBB,11.307360821152566
1550,eMBB,10.023597277968962
1551,eMBB,11.28721712957551
1552,eMBB,10.76117532050324
1553,eMBB,9.602704106060624
1554,eMBB,12.423813492799725
1555,eMBB,12.06558853130121
1556,eMBB,11.463167883460796
1557,eMBB,10.23247773056518
1558,eMBB,10.707398678478022
1559,eMBB,9.296556471832409
1560,eMBB,8.748846749756716
1561,eMBB,12.471701847495318
1562,eMBB,7.336538122550413
1563,eMBB,10.669664913482434
1564,eMBB,12.011987790784383
1565,eMBB,9.525848795822476
1566,eMBB,9.312264979867102
1567,eMBB,9.849293109337768
1568,eMBB,8.981511744361926
1569,eMBB,8.96253933291314
1570,eMBB,9.32682400736665
1571,eMBB,10.498889111369515
1572,eMBB,12.942412787473318
1573,eMBB,12.481189030106437
1574,eMBB,11.49101443540597
1575,eMBB,10.416640022048105
1576,eMBB,12.243992033447219
1577,eMBB,10.37836939864723
1578,eMBB,11.036523626816354
1579,eMBB,7.5582341329502585
1580,eMBB,11.306416150493952
1581,eMBB,9.62607932220685
1582,eMBB,11.636994100009922
1583,eMBB,8.297908918621113
1584,eMBB,9.49890273564515
1585,eMBB,8.511655751371537
1586,eMBB,9.481216921445615
1587,eMBB,10.426536055709786
1588,eMBB,10.697972747684956
1589,eMBB,10.75464285921762
1590,eMBB,9.904400020618489
1591,eMBB,10.314461712449742
1592,eMBB,10.588788061127362
1593,eMBB,11.113124116464295
1594,eMBB,10.208715195288603
1595,eMBB,11.699947701777653
1596,eMBB,11.861402940807215
1597,eMBB,9.07760908652361
1598,eMBB,11.540513382917258
1599,eMBB,9.713730457430113
1600,eMBB,8.559371350585318
1601,eMBB,8.119836715071358
1602,eMBB,9.58604833479092
1603,eMBB,10.77992116857101
1604,eMBB,12.025198496293514
1605,eMBB,11.829261408374135
1606,eMBB,11.831042494286226
1607,eMBB,11.851172800301145
1608,eMBB,10.68317340942817
1609,eMBB,8.756841043485885
1610,eMBB,8.995547637105885
1611,eMBB,10.304197005286452
1612,eMBB,12.065327669958556
1613,eMBB,11.293895649858104
1614,eMBB,11.471845848519793
1615,eMBB,10.43706944310967
1616,eMBB,9.021023133802009
1617,eMBB,9.755169614711269
1618,eMBB,11.55889679201045
1619,eMBB,7.9309528603962
1620,eMBB,12.456529140596459
1621,eMBB,10.728394253468204
1622,eMBB,8.726711280372923
1623,eMBB,10.450803163584995
1624,eMBB,9.696125762074178
1625,eMBB,9.434470975458282
1626,eMBB,12.630569243071164
1627,eMBB,10.765057135495438
1628,eMBB,9.405087389397401
1629,eMBB,8.755856183869723
1630,eMBB,11.769419824535495
1631,eMBB,10.891077806592397
1632,eMBB,11.878940177860795
1633,eMBB,8.666653581254138
1634,eMBB,11.240979088771523
1635,eMBB,11.56357479691614
1636,eMBB,10.925290730389921
1637,eMBB,10.351163522362262
1638,eMBB,10.161130245352032
1639,eMBB,11.914740778659434
1640,eMBB,12.471385232916301
1641,eMBB,10.60429500629336
1642,eMBB,11.393026180313187
1643,eMBB,9.911990130866634
1644,eMBB,7.523588104897471
1645,eMBB,12.165504122993429
1646,eMBB,11.085802855232114
1647,eMBB,10.729658876299368
1648,eMBB,9.28320124013108
1649,eMBB,10.568163934063357
1650,eMBB,11.157714220738526
1651,eMBB,11.599300774174107
1652,eMBB,9.956222663197892
1653,eMBB,9.916944457549679
1654,eMBB,10.073341370849267
1655,eMBB,9.726220589637624
1656,eMBB,9.783977895399714
1657,eMBB,8.70535725825532
1658,eMBB,9.24542198477955
1659,eMBB,11.513395434499584
1660,eMBB,10.661645278079972
1661,eMBB,12.387172810141312
1662,eMBB,12.105203016702111
1663,eMBB,8.966440902509998
1664,eMBB,11.583097552958693
1665,eMBB,10.085589011451345
1666,eMBB,11.685436669674054
1667,eMBB,11.59293584147153
1668,eMBB,12.04583830710538
1669,eMBB,8.249329885888404
1670,eMBB,9.384841001686976
1671,eMBB,11.859553961559472
1672,eMBB,10.98466810895197
1673,eMBB,11.267540035857316
1674,eMBB,10.814957740220411
1675,eMBB,11.705025192812482
1676,eMBB,10.925020280524224
1677,eMBB,12.749983540153107
1678,eMBB,11.238551296478347
1679,eMBB,10.631632683550068
1680,eMBB,12.036758356358794
1681,eMBB,9.508125365102801
1682,eMBB,9.541293241786013
1683,eMBB,8.646919534394899
1684,eMBB,11.652345329594958
1685,eMBB,11.587206403053816
1686,eMBB,10.689159188054353
1687,eMBB,9.594804100990336
1688,eMBB,10.532390056773536
1689,eMBB,10.796227955947288
1690,eMBB,9.664729714436936
1691,eMBB,12.309306471842321
1692,eMBB,12.99169675086616
1693,eMBB,12.250926161019635
1694,eMBB,12.968613564481615
1695,eMBB,12.688755902692431
1696,eMBB,10.55503039983566
1697,eMBB,12.138788458589831
1698,eMBB,11.891254132130163
1699,eMBB,10.928390014153603
1700,eMBB,10.915393297496225
1701,eMBB,12.160746859974656
1702,eMBB,9.958969230119921
1703,eMBB,8.95684724311926
1704,eMBB,9.869195204493483
1705,eMBB,7.8918720121892685
1706,eMBB,8.435419595438805
1707,eMBB,10.993231410229056
1708,eMBB,9.233165593936361
1709,eMBB,9.279297912798897
1710,eMBB,13.084983312306269
1711,eMBB,12.084870204187132
1712,eMBB,12.02768387236986
1713,eMBB,9.60139453258874
1714,eMBB,9.97561812132245
1715,eMBB,10.172230801142655
1716,eMBB,13.28880908217475
1717,eMBB,9.593728482574406
1718,eMBB,9.375080710512506
1719,eMBB,9.537115153174918
1720,eMBB,8.896998868674618
1721,eMBB,10.075086306439589
1722,eMBB,10.864872321588098
1723,eMBB,10.133761290538956
1724,eMBB,11.361035556039305
1725,eMBB,10.806719064003188
1726,eMBB,10.034336079168792
1727,eMBB,11.292322431366554
1728,eMBB,10.761850984606713
1729,eMBB,11.827728564497484
1730,eMBB,10.629201561641766
1731,eMBB,12.144955780999434
1732,eMBB,13.211914252418163
1733,eMBB,9.935029266109169
1734,eMBB,10.05147490456247
1735,eMBB,8.859989831501208
1736,eMBB,6.851654004296818
1737,eMBB,11.715648675333998
1738,eMBB,9.485181549215904
1739,eMBB,11.093475810073928
1740,eMBB,11.262501926553965
1741,eMBB,12.881977064168419
1742,eMBB,11.965433947488188
1743,eMBB,9.138734181907024
1744,eMBB,10.51034633923578
1745,eMBB,11.327285827425689
1746,eMBB,11.687366212124058
1747,eMBB,10.636674943838612
1748,eMBB,8.347344215221673
1749,eMBB,11.746200168445451
1750,eMBB,10.642898513775188
1751,eMBB,9.509231556056916
1752,eMBB,10.546251902280323
1753,eMBB,10.625776605584
1754,eMBB,8.183192017779355
1755,eMBB,9.88783916126048
1756,eMBB,11.927385909298264
1757,eMBB,12.01645131073775
1758,eMBB,12.570299224941904
1759,eMBB,8.809140143579807
1760,eMBB,10.062608577669263
1761,eMBB,11.428820555556909
1762,eMBB,8.854133724781539
1763,eMBB,11.293874384861047
1764,eMBB,9.162055013702812
1765,eMBB,11.204527061453799
1766,eMBB,11.173908713227085
1767,eMBB,10.978518603818946
1768,eMBB,10.85174073743571
1769,eMBB,11.201316226229933
1770,eMBB,11.687520084036196
1771,eMBB,10.880914560238145
1772,eMBB,12.803399404398283
1773,eMBB,9.85708336517696
1774,eMBB,12.68289846136521
1775,eMBB,13.033077133643257
1776,eMBB,11.337691129864242
1777,eMBB,10.510669336164488
1778,eMBB,9.55628731487031
1779,eMBB,10.29952845710186
1780,eMBB,14.040818786033736
1781,eMBB,9.936645369600152
1782,eMBB,12.3885606575427
1783,eMBB,8.922007602440688
1784,eMBB,10.648187692849795
1785,eMBB,11.879609041005585
1786,eMBB,11.923525407466364
1787,eMBB,8.689563076393778
1788,eMBB,10.933566091048746
1789,eMBB,10.030718101722599
1790,eMBB,12.050643994577916
1791,eMBB,9.71726297574042
1792,eMBB,11.312768323269138
1793,eMBB,8.841478316229823
1794,eMBB,11.372913935180753
1795,eMBB,10.436593720506012
1796,eMBB,8.144809827233773
1797,eMBB,11.009856714461941
1798,eMBB,9.8351580488327
1799,eMBB,13.025472195845367
1800,eMBB,9.902715692668837
1801,eMBB,9.715248938170127
1802,eMBB,9.58287433220825
1803,eMBB,11.206581264852495
1804,eMBB,11.595116245663686
1805,eMBB,9.716670899255776
1806,eMBB,11.499591245833772
1807,eMBB,12.167800172154674
1808,eMBB,10.06583604195559
1809,eMBB,10.872674333142365
1810,eMBB,11.621133550415816
1811,eMBB,10.130393737432476
1812,eMBB,10.56714050319579
1813,eMBB,11.026784462127585
1814,eMBB,9.969067529083077
1815,eMBB,11.777435921376679
1816,eMBB,10.182535936459802
1817,eMBB,11.561072055977455
1818,eMBB,10.769734793047993
1819,eMBB,10.270680351967961
1820,eMBB,10.385529662034987
1821,eMBB,10.885409938734272
1822,eMBB,7.8319152353983394
1823,eMBB,9.64713310261106
1824,eMBB,11.718427341073712
1825,eMBB,9.600931119455398
1826,eMBB,13.152116157892525
1827,eMBB,12.953530044283609
1828,eMBB,10.958431484154005
1829,eMBB,11.258671247571804
1830,eMBB,9.485227408886958
1831,eMBB,12.341959311676979
1832,eMBB,11.422262814453488
1833,eMBB,10.88781227579604
1834,eMBB,10.28002489658718
1835,eMBB,9.457712136808913
1836,eMBB,9.793709639625607
1837,eMBB,9.504332364969661
1838,eMBB,10.398022035595316
1839,eMBB,11.509782402645333
1840,eMBB,10.301206964264823
1841,eMBB,10.862927782925224
1842,eMBB,13.356383322725558
1843,eMBB,10.1784839970455
1844,eMBB,9.704295595229004
1845,eMBB,10.967533320626663
1846,eMBB,7.191197828490294
1847,eMBB,10.753148585918874
1848,eMBB,9.967999739941025
1849,eMBB,10.005212707101917
1850,eMBB,10.72691337621172
1851,eMBB,8.494459112398799
1852,eMBB,11.208012202767545
1853,eMBB,12.61757932888646
1854,eMBB,11.170291600267761
1855,eMBB,11.01278855830172
1856,eMBB,10.941263514003623
1857,eMBB,7.2055588160871675
1858,eMBB,9.872935430500315
1859,eMBB,9.95511749949406
1860,eMBB,12.894209070299778
1861,eMBB,10.220729047530217
1862,eMBB,9.374803889404342
1863,eMBB,10.355348556651682
1864,eMBB,12.533045170122017
1865,eMBB,9.765240579642157
1866,eMBB,11.368495563613916
1867,eMBB,9.501673510861188
1868,eMBB,10.578357322840091
1869,eMBB,9.543365832774812
1870,eMBB,11.050247072924046
1871,eMBB,10.538726672461312
1872,eMBB,10.49058824695337
1873,eMBB,10.415112737338376
1874,eMBB,10.664031228144324
1875,eMBB,10.254011721056651
1876,eMBB,11.67054076073333
1877,eMBB,11.289566513853844
1878,eMBB,10.983140475710737
1879,eMBB,9.133603153325714
1880,eMBB,10.27247289837934
1881,eMBB,10.14632565776255
1882,eMBB,11.857714586144134
1883,eMBB,10.015993981803495
1884,eMBB,11.324480888818366
1885,eMBB,9.578743298400058
1886,eMBB,11.333072711889939
1887,eMBB,10.947941825261791
1888,eMBB,10.947693189946614
1889,eMBB,10.186627382754999
1890,eMBB,7.970481304723129
1891,eMBB,9.716371022896771
1892,eMBB,9.730669825830013
1893,eMBB,10.823089455047755
1894,eMBB,10.718576332706826
1895,eMBB,10.640288562587234
1896,eMBB,11.82242923662842
1897,eMBB,10.35815385840336
1898,eMBB,10.879331285875063
1899,eMBB,11.316747703115569
1900,eMBB,13.438699618178077
1901,eMBB,8.697774702609001
1902,eMBB,10.06197251327114
1903,eMBB,11.259780214936557
1904,eMBB,8.585856155968719
1905,eMBB,10.254256066468423
1906,eMBB,9.169973474831755
1907,eMBB,11.47389429809375
1908,eMBB,9.944255582364168
1909,eMBB,10.705804469626276
1910,eMBB,9.269648345501642
1911,eMBB,12.260919906312091
1912,eMBB,8.631395896120564
1913,eMBB,9.417775367999441
1914,eMBB,12.131030186726525
1915,eMBB,10.326209506208238
1916,eMBB,10.655601844648181
1917,eMBB,8.685685685785154
1918,eMBB,10.27483076936637
1919,eMBB,11.331264847285771
1920,eMBB,13.35134147080464
1921,eMBB,9.749560714650551
1922,eMBB,12.508303590349414
1923,eMBB,9.39633414385364
1924,eMBB,9.694327644841207
1925,eMBB,10.130368591713678
1926,eMBB,10.67847549107664
1927,eMBB,9.626488351250526
1928,eMBB,9.411961973663335
1929,eMBB,8.773022207312092
1930,eMBB,10.387958094820105
1931,eMBB,8.310361227302327
1932,eMBB,7.7162991256521005
1933,eMBB,8.650736145418632
1934,eMBB,9.265847331276833
1935,eMBB,9.756760232132184
1936,eMBB,10.771256856845461
1937,eMBB,9.939363812771122
1938,eMBB,11.056812049611558
1939,eMBB,11.462869536674704
1940,eMBB,9.894185102909832
1941,eMBB,11.807577028002
1942,eMBB,10.001820731563333
1943,eMBB,13.457284871259048
1944,eMBB,11.384582022063716
1945,eMBB,11.551491080502336
1946,eMBB,11.153232077874211
1947,eMBB,13.655948324029117
1948,eMBB,11.445678786233875
1949,eMBB,9.8940635431549
1950,eMBB,10.623975329686361
1951,eMBB,9.201397051584827
1952,eMBB,10.993776720943256
1953,eMBB,11.557330867488682
1954,eMBB,10.49093562367048
1955,eMBB,9.807203641282438
1956,eMBB,7.918460168322819
1957,eMBB,11.787494642134027
1958,eMBB,10.579470326729728
1959,eMBB,10.578964642313938
1960,eMBB,11.53201270971322
1961,eMBB,11.22950845925955
1962,eMBB,11.98765537014625
1963,eMBB,11.882004314800579
1964,eMBB,10.07785987270292
1965,eMBB,10.517891508271731
1966,eMBB,9.364757611258241
1967,eMBB,12.021964914993294
1968,eMBB,9.7668366853359
1969,eMBB,9.516438437203599
1970,eMBB,9.290497905330005
1971,eMBB,11.560854950860938
1972,eMBB,11.970455306784855
1973,eMBB,9.524743658918588
1974,eMBB,8.87002463379623
1975,eMBB,11.284940490134597
1976,eMBB,12.061302604565068
1977,eMBB,9.702069612971876
1978,eMBB,9.439318386918071
1979,eMBB,9.991694482415843
1980,eMBB,11.6661548324561
1981,eMBB,10.407814353685934
1982,eMBB,11.222369506332413
1983,eMBB,9.045087301998237
1984,eMBB,9.354520471801719
1985,eMBB,10.473148294132926
1986,eMBB,10.66557121971389
1987,eMBB,8.1005005358874
1988,eMBB,10.34440669785325
1989,eMBB,10.3778986714741
1990,eMBB,10.212946936517955
1991,eMBB,12.590417842723598
1992,eMBB,11.807729947455822
1993,eMBB,11.009438023068228
1994,eMBB,12.757160202712956
1995,eMBB,9.95235667551559
1996,eMBB,10.899969361069973
1997,eMBB,10.76008174672628
1998,eMBB,10.616402473455663
1999,eMBB,11.323383939738637
0,mMTC,0.0
1,mMTC,0.0
2,mMTC,0.24264478795291264
3,mMTC,0.30173821020746217
4,mMTC,0.2917913628161406
5,mMTC,0.2928541644173067
6,mMTC,0.2911414931797517
7,mMTC,0.29150467868149865
8,mMTC,0.28950862389116166
9,mMTC,0.2919195313051539
10,mMTC,0.29666488926951023
11,mMTC,0.2948565593410036
12,mMTC,0.2935009369924721
13,mMTC,0.29004349763353826
14,mMTC,0.28985239768631715
15,mMTC,0.28704786436412505
16,mMTC,0.28797571232638725
17,mMTC,0.2884766117338001
18,mMTC,0.2910628655849437
19,mMTC,0.2954822535131742
20,mMTC,0.29103077048860565
21,mMTC,0.2908581371727446
22,mMTC,0.2934733634569
23,mMTC,0.2949088700090759
24,mMTC,0.29305989915571673
25,mMTC,0.2866918521113517
26,mMTC,0.2897378858692699
27,mMTC,0.2876093378969534
28,mMTC,0.29048594965146785
29,mMTC,0.28970147409071473
30,mMTC,0.28849549708421746
31,mMTC,0.2932841654610812
32,mMTC,0.2915863859651198
33,mMTC,0.29097120180515246
34,mMTC,0.292720029006872
35,mMTC,0.2950376604853645
36,mMTC,0.28796086064819554
37,mMTC,0.2893057360037641
38,mMTC,0.291593294404145
39,mMTC,0.29233501108032395
40,mMTC,0.2927422260842373
41,mMTC,0.2910042181936914
42,mMTC,0.2885280639103417
43,mMTC,0.29692141624526913
44,mMTC,0.2978785980667714
45,mMTC,0.2957890795599452
46,mMTC,0.2893692121583531
47,mMTC,0.28855783829962034
48,mMTC,0.2926626921885108
49,mMTC,0.2916159277719121
50,mMTC,0.2922271445131001
51,mMTC,0.2906209862969198
52,mMTC,0.29511943991385425
53,mMTC,0.2949260878388258
54,mMTC,0.2942210140917143
55,mMTC,0.29032008704614287
56,mMTC,0.29523157791221805
57,mMTC,0.2914526511928054
58,mMTC,0.2928099878845454
59,mMTC,0.2934545769308053
60,mMTC,0.2895557081416287
61,mMTC,0.2872627184373642
62,mMTC,0.28859424811058404
63,mMTC,0.2888224027425677
64,mMTC,0.29458769231899135
65,mMTC,0.29311273949350714
66,mMTC,0.2918420448546659
67,mMTC,0.2890066044952852
68,mMTC,0.292793194786171
69,mMTC,0.2926070576337475
70,mMTC,0.29166347275725557
71,mMTC,0.28880064452576826
72,mMTC,0.29106682351357793
73,mMTC,0.29000083297303697
74,mMTC,0.29310956842637026
75,mMTC,0.2963561674361034
76,mMTC,0.2903176066417817
77,mMTC,0.29158367255781203
78,mMTC,0.28927818797332877
79,mMTC,0.2924610123612638
80,mMTC,0.2959799849618292
81,mMTC,0.2917104831449308
82,mMTC,0.2907213515504279
83,mMTC,0.29216010881421106
84,mMTC,0.2899626517760786
85,mMTC,0.29093120853825943
86,mMTC,0.2909946783166912
87,mMTC,0.2906117391443803
88,mMTC,0.2914322088069413
89,mMTC,0.28751212023265416
90,mMTC,0.2939427472787486
91,mMTC,0.29470239192235964
92,mMTC,0.28838200232984396
93,mMTC,0.2889942359997434
94,mMTC,0.28888835544591873
95,mMTC,0.2896963380871785
96,mMTC,0.29058800088519054
97,mMTC,0.29783386186031235
98,mMTC,0.2891099781616281
99,mMTC,0.2909204355075667
100,mMTC,0.2912774714246331
101,mMTC,0.2932913742564758
102,mMTC,0.29444360990392554
103,mMTC,0.29024576417353865
104,mMTC,0.2903115651743705
105,mMTC,0.28657501218984566
106,mMTC,0.29151114170038883
107,mMTC,0.2904340953362905
108,mMTC,0.2890648739503229
109,mMTC,0.2873002641323241
110,mMTC,0.28993492279767097
111,mMTC,0.28774126313969905
112,mMTC,0.29349511818708046
113,mMTC,0.29530400828360576
114,mMTC,0.2933772741828232
115,mMTC,0.2924186699933835
116,mMTC,0.28932876287368203
117,mMTC,0.2869905946166431
118,mMTC,0.2880207148683911
119,mMTC,0.2938060465974635
120,mMTC,0.29065040987962737
121,mMTC,0.28512845734302245
122,mMTC,0.28940901688940207
123,mMTC,0.28833347417513494
124,mMTC,0.2878022997547732
125,mMTC,0.287665230904496
126,mMTC,0.2878271905977583
127,mMTC,0.2944925097438153
128,mMTC,0.2910029469419219
129,mMTC,0.2882579027589826
130,mMTC,0.2910873827575578
131,mMTC,0.2922276857138485
132,mMTC,0.2944747313397066
133,mMTC,0.2905739202015404
134,mMTC,0.289703542464825
135,mMTC,0.29651705356573044
136,mMTC,0.28766227348943807
137,mMTC,0.29085507318533954
138,mMTC,0.2933357114606816
139,mMTC,0.29255126661624653
140,mMTC,0.29026975006942424
141,mMTC,0.2932791409666127
142,mMTC,0.28710386853363495
143,mMTC,0.2922642688650741
144,mMTC,0.2881237859751624
145,mMTC,0.29255842546115746
146,mMTC,0.2951823056906011
147,mMTC,0.2887384033959149
148,mMTC,0.29309017106312246
149,mMTC,0.2892537290149471
150,mMTC,0.2914692220175729
151,mMTC,0.29460652847579355
152,mMTC,0.29285540171626673
153,mMTC,0.2922114313961818
154,mMTC,0.2912256951144393
155,mMTC,0.2867605804353169
156,mMTC,0.28969485790443433
157,mMTC,0.2914754764674268
158,mMTC,0.2926880932811288
159,mMTC,0.29148175437011903
160,mMTC,0.28865649729845316
161,mMTC,0.2910938806443366
162,mMTC,0.2905928301001184
163,mMTC,0.29122609707377295
164,mMTC,0.29574453850989435
165,mMTC,0.2886090020371209
166,mMTC,0.2928369441964001
167,mMTC,0.2896748134680558
168,mMTC,0.2911097083702971
169,mMTC,0.2915389035448095
170,mMTC,0.2900249371345857
171,mMTC,0.2910722727431762
172,mMTC,0.2941699420196212
173,mMTC,0.2882786395467885
174,mMTC,0.2899422332559226
175,mMTC,0.28972744647908505
176,mMTC,0.2952404261882163
177,mMTC,0.28882486371090843
178,mMTC,0.2873709658968092
179,mMTC,0.2916480087071446
180,mMTC,0.29168858099006
181,mMTC,0.2909829360758185
182,mMTC,0.2879308806608281
183,mMTC,0.2884511300335812
184,mMTC,0.2947158791061438
185,mMTC,0.29390259178730765
186,mMTC,0.2910245365044871
187,mMTC,0.29150265993808006
188,mMTC,0.29678410918676357
189,mMTC,0.289284365821144
190,mMTC,0.28642041488606845
191,mMTC,0.2919860954613099
192,mMTC,0.2925270988288402
193,mMTC,0.2952530540924888
194,mMTC,0.29228372860757834
195,mMTC,0.2927932416304612
196,mMTC,0.29370785792567594
197,mMTC,0.2944199325035274
198,mMTC,0.292470528336511
199,mMTC,0.29502555934651087
200,mMTC,0.29424868344030514
201,mMTC,0.2887707093894132
202,mMTC,0.29361121714242105
203,mMTC,0.2919401821425688
204,mMTC,0.2927350770588389
205,mMTC,0.29401705860767335
206,mMTC,0.2892369844366221
207,mMTC,0.28928358690864825
208,mMTC,0.29413021942442524
209,mMTC,0.2889415125974623
210,mMTC,0.28768729639252605
211,mMTC,0.29459367303009326
212,mMTC,0.29123355679283575
213,mMTC,0.2897872968281203
214,mMTC,0.29186314477780817
215,mMTC,0.29053874317433814
216,mMTC,0.29028107435926065
217,mMTC,0.2872480045934267
218,mMTC,0.29001765078504965
219,mMTC,0.291386635311105
220,mMTC,0.29276693549639815
221,mMTC,0.29429671495327586
222,mMTC,0.29476568916686535
223,mMTC,0.2980664369960298
224,mMTC,0.290705625634201
225,mMTC,0.29133483061960697
226,mMTC,0.29178456901062405
227,mMTC,0.2907691231876702
228,mMTC,0.29501786673076896
229,mMTC,0.29205485290709704
230,mMTC,0.29196966078405645
231,mMTC,0.2924910073766052
232,mMTC,0.28911365926076915
233,mMTC,0.29145124074176515
234,mMTC,0.29301857480535465
235,mMTC,0.2926893381060996
236,mMTC,0.29470690910251013
237,mMTC,0.28920986947236144
238,mMTC,0.2902283698668291
239,mMTC,0.29314243375123283
240,mMTC,0.29002291526129353
241,mMTC,0.2912419897336985
242,mMTC,0.2926645081213852
243,mMTC,0.29073399739041017
244,mMTC,0.29476974294944314
245,mMTC,0.29081209492541316
246,mMTC,0.28909707712416227
247,mMTC,0.2938084456215063
248,mMTC,0.29660767151637046
249,mMTC,0.2940602556883563
250,mMTC,0.29357929745390743
251,mMTC,0.29378591578967506
252,mMTC,0.2894143584371457
253,mMTC,0.2915772003820322
254,mMTC,0.2985557871495647
255,mMTC,0.29109383710039693
256,mMTC,0.29276352043792564
257,mMTC,0.29070848428585955
258,mMTC,0.29308002513505554
259,mMTC,0.29251013124625824
260,mMTC,0.2906599553845508
261,mMTC,0.2911037847739934
262,mMTC,0.2970565156973315
263,mMTC,0.29248604764838515
264,mMTC,0.29222462185907755
265,mMTC,0.2908600364514501
266,mMTC,0.29118423821472794
267,mMTC,0.2897743496401607
268,mMTC,0.29248830271327225
269,mMTC,0.2921439153003931
270,mMTC,0.2954891839891862
271,mMTC,0.2909393891366887
272,mMTC,0.2903558324552272
273,mMTC,0.29643600438403356
274,mMTC,0.29335685971447967
275,mMTC,0.2911691624870117
276,mMTC,0.29026829982693425
277,mMTC,0.2852805321178645
278,mMTC,0.290154101495893
279,mMTC,0.2868402018490131
280,mMTC,0.29107523329521373
281,mMTC,0.2910480555889256
282,mMTC,0.2939938588141954
283,mMTC,0.2919536341689017
284,mMTC,0.28970234598687433
285,mMTC,0.29573348859651843
286,mMTC,0.2906535654762611
287,mMTC,0.2907237146124392
288,mMTC,0.2926537780855743
289,mMTC,0.2958770918137881
290,mMTC,0.2934887078845024
291,mMTC,0.295988516099662
292,mMTC,0.2916142315738533
293,mMTC,0.29556310956168047
294,mMTC,0.29457632143331436
295,mMTC,0.2943106668692659
296,mMTC,0.29239148017487376
297,mMTC,0.29273067473900344
298,mMTC,0.2869811911221492
299,mMTC,0.2890973906897638
300,mMTC,0.29428421833348134
301,mMTC,0.29266810596362014
302,mMTC,0.29238102680952444
303,mMTC,0.2939489435540715
304,mMTC,0.29819040869728086
305,mMTC,0.2886828137463618
306,mMTC,0.2906574756652498
307,mMTC,0.2903034963970597
308,mMTC,0.2892971907600165
309,mMTC,0.2989365392001285
310,mMTC,0.2941801761660085
311,mMTC,0.29421137089181415
312,mMTC,0.29256520697971744
313,mMTC,0.29088480116624177
314,mMTC,0.2932361353383606
315,mMTC,0.2923502713819976
316,mMTC,0.289134066922049
317,mMTC,0.29227072332469684
318,mMTC,0.29480047100892176
319,mMTC,0.28976752687110874
320,mMTC,0.2934324686248027
321,mMTC,0.29259441912420897
322,mMTC,0.28865949752733383
323,mMTC,0.28714621864867607
324,mMTC,0.28872829726393573
325,mMTC,0.2923370979510159
326,mMTC,0.2907266936938233
327,mMTC,0.28707015427608445
328,mMTC,0.2893726377608568
329,mMTC,0.2895005166216634
330,mMTC,0.29247110569852547
331,mMTC,0.2911065770595417
332,mMTC,0.28918913796043966
333,mMTC,0.2962996534907164
334,mMTC,0.29427040003385085
335,mMTC,0.2918613297682559
336,mMTC,0.28988876624919363
337,mMTC,0.29261854815530147
338,mMTC,0.2944069295850012
339,mMTC,0.29326481937279214
340,mMTC,0.29069560198598643
341,mMTC,0.2914698670040971
342,mMTC,0.2883163615094138
343,mMTC,0.29327798285814766
344,mMTC,0.2934334396196048
345,mMTC,0.29163667277754524
346,mMTC,0.29136874504981525
347,mMTC,0.29193713138646554
348,mMTC,0.2908394294218436
349,mMTC,0.2918163374315573
350,mMTC,0.2948378015302061
351,mMTC,0.2921156911481136
352,mMTC,0.29006079762993126
353,mMTC,0.29353930095610586
354,mMTC,0.2894690835042661
355,mMTC,0.2911372415874018
356,mMTC,0.28986885344030183
357,mMTC,0.291394174018413
358,mMTC,0.29080308461170323
359,mMTC,0.2943915827831736
360,mMTC,0.2931840215988147
361,mMTC,0.28916308966540394
362,mMTC,0.29099639249745024
363,mMTC,0.29819890126542103
364,mMTC,0.29477205882314916
365,mMTC,0.295924710812994
366,mMTC,0.29525986174572466
367,mMTC,0.2903821941425814
368,mMTC,0.2911933833073589
369,mMTC,0.29057730203513843
370,mMTC,0.2910413200384211
371,mMTC,0.29204035314057203
372,mMTC,0.2893411283641128
373,mMTC,0.28678086325675645
374,mMTC,0.28585136955211926
375,mMTC,0.2875246502352438
376,mMTC,0.2902942946077024
377,mMTC,0.29051798131609613
378,mMTC,0.2960583857155329
379,mMTC,0.2939059068114249
380,mMTC,0.29621343977268194
381,mMTC,0.2925270918104865
382,mMTC,0.2922589570800972
383,mMTC,0.29092347861786994
384,mMTC,0.2940904783499264
385,mMTC,0.29335519547152955
386,mMTC,0.2854984854611673
387,mMTC,0.2892638760421427
388,mMTC,0.2917441709038234
389,mMTC,0.29334615772763606
390,mMTC,0.2906496661172318
391,mMTC,0.2870791578802671
392,mMTC,0.2888315265692538
393,mMTC,0.2901013522148602
394,mMTC,0.29608718642666343
395,mMTC,0.29320299016838686
396,mMTC,0.28795993068242737
397,mMTC,0.2905359047872144
398,mMTC,0.29305695485460914
399,mMTC,0.296239467559727
400,mMTC,0.2969488896439963
401,mMTC,0.29639124557020374
402,mMTC,0.29571777038246966
403,mMTC,0.2888819373826189
404,mMTC,0.28747940462112265
405,mMTC,0.2905869915577149
406,mMTC,0.29254043361685805
407,mMTC,0.2913906775176646
408,mMTC,0.28630105901256164
409,mMTC,0.28842266291776747
410,mMTC,0.29559925548486954
411,mMTC,0.2886843805315831
412,mMTC,0.29002163173906587
413,mMTC,0.2888894862824901
414,mMTC,0.29239194533119983
415,mMTC,0.2931956733634207
416,mMTC,0.291701931852396
417,mMTC,0.28916124233489404
418,mMTC,0.28720128016592755
419,mMTC,0.2886404275253375
420,mMTC,0.28799095966200816
421,mMTC,0.2915054662492303
422,mMTC,0.28923409003624484
423,mMTC,0.29070272491436383
424,mMTC,0.29534600554295676
425,mMTC,0.2915786726391626
426,mMTC,0.2936166224784131
427,mMTC,0.29445476501497725
428,mMTC,0.2935217419097249
429,mMTC,0.29440236300246514
430,mMTC,0.2908706901828321
431,mMTC,0.29209237055476606
432,mMTC,0.28925065226853647
433,mMTC,0.2905852300142105
434,mMTC,0.2879991518507274
435,mMTC,0.28831417894197775
436,mMTC,0.2946042696421614
437,mMTC,0.2926268440433619
438,mMTC,0.29182151960975505
439,mMTC,0.28992853633458077
440,mMTC,0.2897419438264466
441,mMTC,0.2927135875084717
442,mMTC,0.29498659142020767
443,mMTC,0.2920216369357012
444,mMTC,0.2907404652320309
445,mMTC,0.29485450419915393
446,mMTC,0.2934633510766525
447,mMTC,0.2881674706449917
448,mMTC,0.2910406419905056
449,mMTC,0.28617087943400293
450,mMTC,0.2880349961149949
451,mMTC,0.29182348289334054
452,mMTC,0.28875281658933605
453,mMTC,0.28572267257281253
454,mMTC,0.2838913939202923
455,mMTC,0.28934101998083306
456,mMTC,0.2912165276983213
457,mMTC,0.2932495461380499
458,mMTC,0.29322397339626444
459,mMTC,0.29562030879519624
460,mMTC,0.29424299106959634
461,mMTC,0.2894552022699507
462,mMTC,0.29256414188830254
463,mMTC,0.29425129984319276
464,mMTC,0.2875834286225946
465,mMTC,0.288962369144989
466,mMTC,0.2931833710429107
467,mMTC,0.2918226337412313
468,mMTC,0.2947197601215219
469,mMTC,0.2929865877623109
470,mMTC,0.29174078411172494
471,mMTC,0.29029216611034236
472,mMTC,0.2903242025877915
473,mMTC,0.2901706436879606
474,mMTC,0.29079127945093075
475,mMTC,0.2928834689921693
476,mMTC,0.2906432132347358
477,mMTC,0.287564125393749
478,mMTC,0.29205205725234795
479,mMTC,0.2926054740471899
480,mMTC,0.28837222346384245
481,mMTC,0.29315890291737756
482,mMTC,0.29408991523953615
483,mMTC,0.2944490907590463
484,mMTC,0.29300899486224397
485,mMTC,0.2954499834329929
486,mMTC,0.28775180867007627
487,mMTC,0.2877497032414745
488,mMTC,0.2932825941224876
489,mMTC,0.2943387897156296
490,mMTC,0.2944176139751197
491,mMTC,0.29002963631194933
492,mMTC,0.2931219255835929
493,mMTC,0.296209774634867
494,mMTC,0.29146147181567267
495,mMTC,0.2988371180458903
496,mMTC,0.29246378261492323
497,mMTC,0.29263654286661067
498,mMTC,0.28604345903399425
499,mMTC,0.2858758793320268
500,mMTC,0.288597299052502
501,mMTC,0.2922796886629229
502,mMTC,0.2889226518001721
503,mMTC,0.2941519831183984
504,mMTC,0.2920896421489548
505,mMTC,0.2879045223031865
506,mMTC,0.2911955115915081
507,mMTC,0.29301255812326776
508,mMTC,0.29272967208674283
509,mMTC,0.2940965843563711
510,mMTC,0.2884155435467364
511,mMTC,0.29039482053015303
512,mMTC,0.2908025664040197
513,mMTC,0.29459390440543837
514,mMTC,0.2907740496736744
515,mMTC,0.2914323771895546
516,mMTC,0.2867508048058592
517,mMTC,0.2866557770575564
518,mMTC,0.2904298562139342
519,mMTC,0.2877290988309988
520,mMTC,0.2904680174977157
521,mMTC,0.2937640610429543
522,mMTC,0.29328173716120615
523,mMTC,0.28796155545350244
524,mMTC,0.28705603034919236
525,mMTC,0.28810733508778513
526,mMTC,0.2897844242899788
527,mMTC,0.29158069155831745
528,mMTC,0.2894347056513299
529,mMTC,0.2923701633795242
530,mMTC,0.2924043548390114
531,mMTC,0.2841731264151216
532,mMTC,0.2883576158041769
533,mMTC,0.2898884919099445
534,mMTC,0.2896060471864759
535,mMTC,0.29238677721583006
536,mMTC,0.2912101148864278
537,mMTC,0.29180146361859316
538,mMTC,0.2918311013647262
539,mMTC,0.2906535185222251
540,mMTC,0.29081878377516723
541,mMTC,0.2928580040003657
542,mMTC,0.2930134936439252
543,mMTC,0.291106997607724
544,mMTC,0.2895281761338588
545,mMTC,0.28946509076955107
546,mMTC,0.29216469239265924
547,mMTC,0.29347082816392434
548,mMTC,0.29156193316172563
549,mMTC,0.29531415695046337
550,mMTC,0.29449015885529994
551,mMTC,0.29409422840303623
552,mMTC,0.29733052629081425
553,mMTC,0.2922233158289132
554,mMTC,0.2925012291865083
555,mMTC,0.28802314336356805
556,mMTC,0.2902401664035529
557,mMTC,0.28728516322288905
558,mMTC,0.28761108431849036
559,mMTC,0.29153854759101944
560,mMTC,0.2934243424878632
561,mMTC,0.2895722920792814
562,mMTC,0.28867052131231724
563,mMTC,0.2923037249529977
564,mMTC,0.29459112766002743
565,mMTC,0.2948448241537463
566,mMTC,0.2920992916766431
567,mMTC,0.29075782568850267
568,mMTC,0.29058836587032616
569,mMTC,0.2922920325689358
570,mMTC,0.2949330938783534
571,mMTC,0.29224987552347315
572,mMTC,0.29164168342219016
573,mMTC,0.2924597280532578
574,mMTC,0.29021110248022425
575,mMTC,0.2860656596420585
576,mMTC,0.2910106248985437
577,mMTC,0.28850782375138606
578,mMTC,0.29176663780132606
579,mMTC,0.2946548843066994
580,mMTC,0.29164923325567366
581,mMTC,0.2904360958118873
582,mMTC,0.28987683792303326
583,mMTC,0.2894600029926199
584,mMTC,0.2931704554804773
585,mMTC,0.29274829506501493
586,mMTC,0.29065356208567344
587,mMTC,0.28765205479655753
588,mMTC,0.28803314100624694
589,mMTC,0.2916313467287322
590,mMTC,0.286097962863237
591,mMTC,0.29071595507955206
592,mMTC,0.2900719439179004
593,mMTC,0.2880853829119717
594,mMTC,0.28623912746597274
595,mMTC,0.28882676268870117
596,mMTC,0.2943317701055394
597,mMTC,0.2898741535848125
598,mMTC,0.2887885156811402
599,mMTC,0.29223884743521095
600,mMTC,0.29328544543265417
601,mMTC,0.2914721490909279
602,mMTC,0.2917077914217235
603,mMTC,0.2886749396714437
604,mMTC,0.28816278096483133
605,mMTC,0.28896995841015755
606,mMTC,0.29367625076066756
607,mMTC,0.2918020585797775
608,mMTC,0.28631479146473804
609,mMTC,0.2976033900384439
610,mMTC,0.29274325606786744
611,mMTC,0.2944558513628016
612,mMTC,0.294263521187976
613,mMTC,0.2929273649006734
614,mMTC,0.29192001714552823
615,mMTC,0.2933848673219351
616,mMTC,0.2958483040027565
617,mMTC,0.2920902946998082
618,mMTC,0.28901232956782896
619,mMTC,0.29106282452029614
620,mMTC,0.2868878408184667
621,mMTC,0.2910059431408811
622,mMTC,0.2919581998783456
623,mMTC,0.2930440975268178
624,mMTC,0.2938628908406597
625,mMTC,0.29063318634378044
626,mMTC,0.2930333121971304
627,mMTC,0.2915090031969563
628,mMTC,0.29136398197263264
629,mMTC,0.2926396924555674
630,mMTC,0.2920673679631931
631,mMTC,0.2969439662725051
632,mMTC,0.2953852446825489
633,mMTC,0.28784931159596294
634,mMTC,0.2960969557232277
635,mMTC,0.29970823022895987
636,mMTC,0.29241023747021677
637,mMTC,0.28921369606269065
638,mMTC,0.2904446165515689
639,mMTC,0.291530703546929
640,mMTC,0.28806438395175427
641,mMTC,0.28786468007222343
642,mMTC,0.2875599840221733
643,mMTC,0.28911790922083497
644,mMTC,0.2933797518420699
645,mMTC,0.2914801947594852
646,mMTC,0.2883285880737315
647,mMTC,0.29015954674731703
648,mMTC,0.29164293523071844
649,mMTC,0.2941418417346297
650,mMTC,0.2908399165575943
651,mMTC,0.28874384585206203
652,mMTC,0.2929276534897347
653,mMTC,0.29530642849697447
654,mMTC,0.2919630333342091
655,mMTC,0.2898567445126127
656,mMTC,0.29817905341238843
657,mMTC,0.2952331004967493
658,mMTC,0.2944695593141925
659,mMTC,0.292327628049588
660,mMTC,0.29375910249512743
661,mMTC,0.29481226879518485
662,mMTC,0.2904900619166547
663,mMTC,0.28878213035284134
664,mMTC,0.28541689221905037
665,mMTC,0.2888467164714399
666,mMTC,0.29087795404029615
667,mMTC,0.2927648506908467
668,mMTC,0.2910896759167344
669,mMTC,0.287875900827399
670,mMTC,0.28812269873076685
671,mMTC,0.2908413209227357
672,mMTC,0.29432357764960987
673,mMTC,0.29162075224054945
674,mMTC,0.2934958467907828
675,mMTC,0.2932397528138608
676,mMTC,0.2939404635072412
677,mMTC,0.2933681075644529
678,mMTC,0.29290269291376597
679,mMTC,0.29631890805245387
680,mMTC,0.29198940705907084
681,mMTC,0.2895860051255425
682,mMTC,0.2901222367919665
683,mMTC,0.2922739763091866
684,mMTC,0.29111972141377446
685,mMTC,0.2916710693934125
686,mMTC,0.291518082265341
687,mMTC,0.2881663415840962
688,mMTC,0.28699994436036846
689,mMTC,0.2921050107744604
690,mMTC,0.2886892451956233
691,mMTC,0.2915032001495323
692,mMTC,0.2909226191113871
693,mMTC,0.290623021877168
694,mMTC,0.29050801876494975
695,mMTC,0.2933301534019306
696,mMTC,0.28594002458189327
697,mMTC,0.2916694429201898
698,mMTC,0.2940166040132937
699,mMTC,0.2872264655149605
700,mMTC,0.2942229282680714
701,mMTC,0.29298891177930236
702,mMTC,0.2936742938483229
703,mMTC,0.29432198311385066
704,mMTC,0.28814803079081447
705,mMTC,0.29053295605467827
706,mMTC,0.289003915149493
707,mMTC,0.2875542648164465
708,mMTC,0.28901371452321606
709,mMTC,0.2932347535817662
710,mMTC,0.2937214363077403
711,mMTC,0.2920120681316709
712,mMTC,0.289533440919297
713,mMTC,0.28905888598435364
714,mMTC,0.2866642262263093
715,mMTC,0.2903888700488705
716,mMTC,0.29161170527454683
717,mMTC,0.2859812859844388
718,mMTC,0.2862907298761986
719,mMTC,0.29053318636965225
720,mMTC,0.28947589071355684
721,mMTC,0.2937170073019705
722,mMTC,0.28805401547439663
723,mMTC,0.28892041079731146
724,mMTC,0.2971751568940835
725,mMTC,0.2932378230812682
726,mMTC,0.2918583919962529
727,mMTC,0.29524497195866745
728,mMTC,0.29358779148486935
729,mMTC,0.2893545155660526
730,mMTC,0.2897406644609089
731,mMTC,0.29095148319420355
732,mMTC,0.2897029019594294
733,mMTC,0.2965019673404118
734,mMTC,0.2907976682251468
735,mMTC,0.28586699809796356
736,mMTC,0.2874714580446767
737,mMTC,0.2874443186098312
738,mMTC,0.29295795191330176
739,mMTC,0.2925189337462528
740,mMTC,0.28914469272176874
741,mMTC,0.2913212691789947
742,mMTC,0.2914276959748801
743,mMTC,0.29102370156593826
744,mMTC,0.2945391612163936
745,mMTC,0.2891988127191953
746,mMTC,0.29043377158831757
747,mMTC,0.2930386597736335
748,mMTC,0.29150886499169365
749,mMTC,0.2892333139836643
750,mMTC,0.2905330700908616
751,mMTC,0.2902014242620601
752,mMTC,0.29468635357231915
753,mMTC,0.29124706798348204
754,mMTC,0.2903127757032295
755,mMTC,0.29173389582879045
756,mMTC,0.28617719863704777
757,mMTC,0.2898833767286695
758,mMTC,0.2913774950673272
759,mMTC,0.2888966323684331
760,mMTC,0.29010646169884546
761,mMTC,0.29181129055291705
762,mMTC,0.29605439892093094
763,mMTC,0.2932889180479178
764,mMTC,0.29259948259590096
765,mMTC,0.29668789648281085
766,mMTC,0.29111002068867187
767,mMTC,0.2928439472017016
768,mMTC,0.2922211347557457
769,mMTC,0.2895899115059544
770,mMTC,0.28797139851540365
771,mMTC,0.29032912818124246
772,mMTC,0.2904982595248857
773,mMTC,0.2888122056916508
774,mMTC,0.294999333696517
775,mMTC,0.29281382955047375
776,mMTC,0.29024142536545267
777,mMTC,0.2901286393962823
778,mMTC,0.28972454682014964
779,mMTC,0.294484174613297
780,mMTC,0.29239273656609477
781,mMTC,0.28732053179289113
782,mMTC,0.29039248989082694
783,mMTC,0.2913619246628123
784,mMTC,0.2908471223732639
785,mMTC,0.2826520699011674
786,mMTC,0.2849677141738254
787,mMTC,0.29156891746900604
788,mMTC,0.2983610478578624
789,mMTC,0.29052304226065384
790,mMTC,0.2880200424816026
791,mMTC,0.2886712701804868
792,mMTC,0.29541939805981243
793,mMTC,0.2910000911505716
794,mMTC,0.29164079977508756
795,mMTC,0.28750239431698665
796,mMTC,0.28927516344695614
797,mMTC,0.28897448020299993
798,mMTC,0.29217593272058473
799,mMTC,0.28863053356068835
800,mMTC,0.289204918437003
801,mMTC,0.28660527515714995
802,mMTC,0.2890574210016163
803,mMTC,0.2942416757113916
804,mMTC,0.29309459192419923
805,mMTC,0.2851196563077401
806,mMTC,0.28730458109293533
807,mMTC,0.290692683182263
808,mMTC,0.29419773639717367
809,mMTC,0.29110159716529505
810,mMTC,0.2909286739115253
811,mMTC,0.2942734719893632
812,mMTC,0.2889121170176335
813,mMTC,0.28790789535538125
814,mMTC,0.2968579157187452
815,mMTC,0.29227424046334227
816,mMTC,0.29255491389926197
817,mMTC,0.29023569519738296
818,mMTC,0.29132939443093825
819,mMTC,0.2898317547621643
820,mMTC,0.28866582873331875
821,mMTC,0.29590873293615555
822,mMTC,0.2937199006358257
823,mMTC,0.2854951313812698
824,mMTC,0.29286895470584146
825,mMTC,0.2985819939800568
826,mMTC,0.2880284255767599
827,mMTC,0.2898221091282957
828,mMTC,0.28902557256913997
829,mMTC,0.28870597411518745
830,mMTC,0.2936593245442644
831,mMTC,0.29190028558131503
832,mMTC,0.29077455192065604
833,mMTC,0.29301089416946074
834,mMTC,0.2930420490934998
835,mMTC,0.282819162812831
836,mMTC,0.2928128278472096
837,mMTC,0.2953813856712721
838,mMTC,0.2868111200517902
839,mMTC,0.2901078558582533
840,mMTC,0.29252837104338414
841,mMTC,0.29049878484331315
842,mMTC,0.2891928668319211
843,mMTC,0.2913879149900713
844,mMTC,0.29108145819595027
845,mMTC,0.2939092445328637
846,mMTC,0.2934688970718892
847,mMTC,0.29325809010998966
848,mMTC,0.2933130780823641
849,mMTC,0.2920496757061742
850,mMTC,0.29199001308868316
851,mMTC,0.2918638681255952
852,mMTC,0.2930599204457851
853,mMTC,0.2953208076565315
854,mMTC,0.2913740460948407
855,mMTC,0.29286359341657997
856,mMTC,0.28641079193029023
857,mMTC,0.2890247288334763
858,mMTC,0.2922607366349419
859,mMTC,0.29093337781319484
860,mMTC,0.2907909814617599
861,mMTC,0.296575024960911
862,mMTC,0.29131516276516944
863,mMTC,0.2919439895408981
864,mMTC,0.2908870998818948
865,mMTC,0.2834572172637319
866,mMTC,0.2858778230711569
867,mMTC,0.2890257929087758
868,mMTC,0.29118541473627624
869,mMTC,0.2950440334881527
870,mMTC,0.2962497840572064
871,mMTC,0.29213988766083177
872,mMTC,0.29138509377079785
873,mMTC,0.28780745526420537
874,mMTC,0.2905988436237719
875,mMTC,0.2938007956781259
876,mMTC,0.29282741501941134
877,mMTC,0.2952088981178989
878,mMTC,0.2938785248186257
879,mMTC,0.2942933872261785
880,mMTC,0.2911115121631551
881,mMTC,0.2904960362325791
882,mMTC,0.28971672183440167
883,mMTC,0.2957769636689428
884,mMTC,0.29071413671327967
885,mMTC,0.2892455957220851
886,mMTC,0.29226655515482125
887,mMTC,0.2961822132668736
888,mMTC,0.2973514854839579
889,mMTC,0.29279109544462056
890,mMTC,0.2859739663745637
891,mMTC,0.29328034873389097
892,mMTC,0.2914788106917733
893,mMTC,0.2904119127492287
894,mMTC,0.2890014611182872
895,mMTC,0.2907109854871044
896,mMTC,0.29308128950985435
897,mMTC,0.2913425139803878
898,mMTC,0.2897067466660169
899,mMTC,0.28989201307469753
900,mMTC,0.28964853382086025
901,mMTC,0.29070599758300325
902,mMTC,0.2913851809337168
903,mMTC,0.29281680560212897
904,mMTC,0.28717912613451096
905,mMTC,0.2896964624599632
906,mMTC,0.29243544799433385
907,mMTC,0.2895299032469049
908,mMTC,0.2905402185255838
909,mMTC,0.2944301511004857
910,mMTC,0.2922119150397808
911,mMTC,0.29089425692535287
912,mMTC,0.2927123081383109
913,mMTC,0.2905217979761249
914,mMTC,0.29279087228033124
915,mMTC,0.28966150933170387
916,mMTC,0.2927698612756691
917,mMTC,0.29481877928131023
918,mMTC,0.290612067114514
919,mMTC,0.2949506230235554
920,mMTC,0.29281398277276693
921,mMTC,0.2921336287419531
922,mMTC,0.29106205178905564
923,mMTC,0.29521087485942393
924,mMTC,0.29078173435593624
925,mMTC,0.2905123236755348
926,mMTC,0.29355860473214723
927,mMTC,0.28949335003156584
928,mMTC,0.29169660894710053
929,mMTC,0.29201306263582705
930,mMTC,0.28951062383354015
931,mMTC,0.2915594975586475
932,mMTC,0.2925177162085156
933,mMTC,0.29499502300451574
934,mMTC,0.29336451270346764
935,mMTC,0.2904294945731662
936,mMTC,0.29059511722220666
937,mMTC,0.2906259779858563
938,mMTC,0.29099056974413245
939,mMTC,0.2892180171158869
940,mMTC,0.29394658180596184
941,mMTC,0.29283514785020304
942,mMTC,0.29061052705501256
943,mMTC,0.2916323189601729
944,mMTC,0.2912700514341055
945,mMTC,0.2883814739104011
946,mMTC,0.2889360930007543
947,mMTC,0.29105567030316715
948,mMTC,0.2902345434561723
949,mMTC,0.2888846490593934
950,mMTC,0.29370241277253023
951,mMTC,0.2878343262392609
952,mMTC,0.2895459299697122
953,mMTC,0.29315922926347343
954,mMTC,0.29482870661485233
955,mMTC,0.28959483027568667
956,mMTC,0.2914309632733522
957,mMTC,0.2947498784539331
958,mMTC,0.2913490438411287
959,mMTC,0.2912096796803389
960,mMTC,0.29230314632516796
961,mMTC,0.28812690882405334
962,mMTC,0.29094313153145485
963,mMTC,0.29270208102201206
964,mMTC,0.28914925882682757
965,mMTC,0.2902034561417383
966,mMTC,0.2932287343467293
967,mMTC,0.2858304284722377
968,mMTC,0.29386714712769746
969,mMTC,0.29822768990822196
970,mMTC,0.2913136453570467
971,mMTC,0.29298869646317915
972,mMTC,0.2927984592013699
973,mMTC,0.2872463900304088
974,mMTC,0.29194459503752473
975,mMTC,0.28988010461870806
976,mMTC,0.2873045551550325
977,mMTC,0.2903976941803193
978,mMTC,0.28856834574759194
979,mMTC,0.2925050949790112
980,mMTC,0.2894953497206805
981,mMTC,0.2926273492860948
982,mMTC,0.28617349368267003
983,mMTC,0.2950254731716407
984,mMTC,0.2946133008838486
985,mMTC,0.29306738751140127
986,mMTC,0.29297601530009804
987,mMTC,0.288376683325105
988,mMTC,0.2921753867303242
989,mMTC,0.291839711760263
990,mMTC,0.2882764052002259
991,mMTC,0.29235627930896657
992,mMTC,0.29397066752657985
993,mMTC,0.2944323987423876
994,mMTC,0.2879751385277707
995,mMTC,0.2904757711634407
996,mMTC,0.2895225151502002
997,mMTC,0.2937235462154183
998,mMTC,0.297459254050513
999,mMTC,0.29097235634972773
1000,mMTC,0.29157254345395006
1001,mMTC,0.29264324061601843
1002,mMTC,0.29764321127149657
1003,mMTC,0.2956286108421171
1004,mMTC,0.29412743613188747
1005,mMTC,0.29266149894807086
1006,mMTC,0.2903305976020953
1007,mMTC,0.29322109376790606
1008,mMTC,0.2956189327159719
1009,mMTC,0.2914131710402395
1010,mMTC,0.2920887065513996
1011,mMTC,0.29211879680102554
1012,mMTC,0.28825239775645045
1013,mMTC,0.29084783272820686
1014,mMTC,0.28876537304889577
1015,mMTC,0.2915977612051132
1016,mMTC,0.29349675855932933
1017,mMTC,0.2927701150254911
1018,mMTC,0.29233078453260253
1019,mMTC,0.29261029588195414
1020,mMTC,0.29108711031597195
1021,mMTC,0.2944549669752203
1022,mMTC,0.2937600366221369
1023,mMTC,0.2981697403827365
1024,mMTC,0.2935529125387927
1025,mMTC,0.2926346208082927
1026,mMTC,0.2916436745053361
1027,mMTC,0.29345800066188293
1028,mMTC,0.2892160685990922
1029,mMTC,0.2966342781967188
1030,mMTC,0.29547490540786486
1031,mMTC,0.28958349821890106
1032,mMTC,0.29140310778551765
1033,mMTC,0.2934330142627194
1034,mMTC,0.2927289034150657
1035,mMTC,0.2947983929615922
1036,mMTC,0.29082803586203804
1037,mMTC,0.29263954170058576
1038,mMTC,0.29014824481001783
1039,mMTC,0.2902912993349913
1040,mMTC,0.2885635512505239
1041,mMTC,0.29265487868142787
1042,mMTC,0.2908655612578417
1043,mMTC,0.2906250841603983
1044,mMTC,0.2926207171774622
1045,mMTC,0.2923698831319989
1046,mMTC,0.29038113381686603
1047,mMTC,0.28935234265865967
1048,mMTC,0.29014906358151604
1049,mMTC,0.29504899435407855
1050,mMTC,0.2899248700361975
1051,mMTC,0.29302677666783944
1052,mMTC,0.29414251546242426
1053,mMTC,0.2929537730213176
1054,mMTC,0.28926802898757437
1055,mMTC,0.28992541769551106
1056,mMTC,0.2913588685107289
1057,mMTC,0.2907022255258838
1058,mMTC,0.28997310413721045
1059,mMTC,0.29121699916112437
1060,mMTC,0.2928563560967009
1061,mMTC,0.28763295255913984
1062,mMTC,0.28695191118328023
1063,mMTC,0.2916919902951491
1064,mMTC,0.2860608534303178
1065,mMTC,0.2892356443651794
1066,mMTC,0.2923551869545339
1067,mMTC,0.2920385141288287
1068,mMTC,0.29237136742742953
1069,mMTC,0.293288852331476
1070,mMTC,0.29238261373283625
1071,mMTC,0.29121756629493173
1072,mMTC,0.2891986138461105
1073,mMTC,0.28990964162374144
1074,mMTC,0.29412842384451
1075,mMTC,0.28908729293146085
1076,mMTC,0.290391541111836
1077,mMTC,0.2931876025781416
1078,mMTC,0.29297438536227943
1079,mMTC,0.292728179097679
1080,mMTC,0.2885515931462477
1081,mMTC,0.29079475327995574
1082,mMTC,0.29402589176302074
1083,mMTC,0.2910047307887396
1084,mMTC,0.2907689816545043
1085,mMTC,0.29242787543783516
1086,mMTC,0.2936996362534477
1087,mMTC,0.2919301596623028
1088,mMTC,0.29256886302511276
1089,mMTC,0.29063215615503807
1090,mMTC,0.2940363350443995
1091,mMTC,0.2907006628651516
1092,mMTC,0.28811716478509747
1093,mMTC,0.288191450997588
1094,mMTC,0.2891967751382252
1095,mMTC,0.29275177263288377
1096,mMTC,0.294982987996559
1097,mMTC,0.2920247416137663
1098,mMTC,0.29567591619599165
1099,mMTC,0.2954035134393496
1100,mMTC,0.29101856886781863
1101,mMTC,0.2900701447538037
1102,mMTC,0.2891725219692393
1103,mMTC,0.29350106261976033
1104,mMTC,0.29250003274999814
1105,mMTC,0.293428260040528
1106,mMTC,0.29316128436444094
1107,mMTC,0.2937674660975486
1108,mMTC,0.29557118842684205
1109,mMTC,0.29557186044552075
1110,mMTC,0.2919042524891434
1111,mMTC,0.29141846584718917
1112,mMTC,0.2919391733539731
1113,mMTC,0.29249906319565433
1114,mMTC,0.29426836513446086
1115,mMTC,0.2886548850032378
1116,mMTC,0.2914009224317136
1117,mMTC,0.29404176478892463
1118,mMTC,0.28734547150384643
1119,mMTC,0.288133453745233
1120,mMTC,0.29127682854948095
1121,mMTC,0.2896591757378527
1122,mMTC,0.2899694455912781
1123,mMTC,0.29324145215610936
1124,mMTC,0.29475750199629375
1125,mMTC,0.29426856992039746
1126,mMTC,0.29179850392823226
1127,mMTC,0.29119695310936505
1128,mMTC,0.29176512393244647
1129,mMTC,0.2888701384822202
1130,mMTC,0.2906357235273661
1131,mMTC,0.29531982477042756
1132,mMTC,0.29207908021190443
1133,mMTC,0.2906619940730217
1134,mMTC,0.2969482017773178
1135,mMTC,0.29477204856259437
1136,mMTC,0.29335317631222824
1137,mMTC,0.2899382371070486
1138,mMTC,0.290087699237335
1139,mMTC,0.2897194744166467
1140,mMTC,0.28902790952013396
1141,mMTC,0.29700784220734855
1142,mMTC,0.2934536685094169
1143,mMTC,0.2928329606975861
1144,mMTC,0.2919920908138606
1145,mMTC,0.2941632060411282
1146,mMTC,0.2951427891101576
1147,mMTC,0.2924197682889905
1148,mMTC,0.29001234964270295
1149,mMTC,0.2887602273678588
1150,mMTC,0.2913767059404376
1151,mMTC,0.2945078515712995
1152,mMTC,0.29207807992079005
1153,mMTC,0.29425683931589114
1154,mMTC,0.2931218198442484
1155,mMTC,0.29290060824239283
1156,mMTC,0.288342333768688
1157,mMTC,0.295035318435722
1158,mMTC,0.29546177531684537
1159,mMTC,0.289682055191885
1160,mMTC,0.2860331557651698
1161,mMTC,0.2941086048030221
1162,mMTC,0.2908619640529429
1163,mMTC,0.2919265177494448
1164,mMTC,0.2920877745656804
1165,mMTC,0.29319443339962664
1166,mMTC,0.29189944620751246
1167,mMTC,0.29615217970127566
1168,mMTC,0.29323635042309926
1169,mMTC,0.29317596172862026
1170,mMTC,0.28812750932470566
1171,mMTC,0.28885361864070247
1172,mMTC,0.2942753663093563
1173,mMTC,0.29000577526728066
1174,mMTC,0.29437317336863383
1175,mMTC,0.2900944426281071
1176,mMTC,0.28847017412979703
1177,mMTC,0.2902913229513969
1178,mMTC,0.29492999458731867
1179,mMTC,0.29240273910147013
1180,mMTC,0.28845542075519387
1181,mMTC,0.2957725558788419
1182,mMTC,0.2997462558150351
1183,mMTC,0.29163826717085567
1184,mMTC,0.2904104696732314
1185,mMTC,0.2909236577713953
1186,mMTC,0.2959389907111249
1187,mMTC,0.29180019535360247
1188,mMTC,0.29648075165157073
1189,mMTC,0.2904439505120368
1190,mMTC,0.28939168084939626
1191,mMTC,0.2892992447323471
1192,mMTC,0.28760372598193207
1193,mMTC,0.2938887230921191
1194,mMTC,0.289015201752959
1195,mMTC,0.2890944739604255
1196,mMTC,0.28992035395088367
1197,mMTC,0.29089599240151204
1198,mMTC,0.28842208703136274
1199,mMTC,0.2928789652035763
1200,mMTC,0.29583189940203447
1201,mMTC,0.2941485810356203
1202,mMTC,0.2899662024152904
1203,mMTC,0.29275186351025345
1204,mMTC,0.28783507027664595
1205,mMTC,0.2920219320156289
1206,mMTC,0.2957591581615405
1207,mMTC,0.28874819125407675
1208,mMTC,0.2887806158186735
1209,mMTC,0.2938506072022428
1210,mMTC,0.2882827951972257
1211,mMTC,0.29450687838189593
1212,mMTC,0.2925771217987973
1213,mMTC,0.2920158349976753
1214,mMTC,0.2893336056328789
1215,mMTC,0.2905660952323653
1216,mMTC,0.28924186151761216
1217,mMTC,0.2905109241470921
1218,mMTC,0.2954422210288872
1219,mMTC,0.28998691869831256
1220,mMTC,0.28822885313316965
1221,mMTC,0.29195212543056437
1222,mMTC,0.29428522380072286
1223,mMTC,0.2930721521511864
1224,mMTC,0.28884695282976325
1225,mMTC,0.2909228418773155
1226,mMTC,0.2876353278512866
1227,mMTC,0.29063227428737654
1228,mMTC,0.2911790050873661
1229,mMTC,0.2915802014377407
1230,mMTC,0.29285855341001465
1231,mMTC,0.29099490378709253
1232,mMTC,0.2946892713225592
1233,mMTC,0.29445196626642506
1234,mMTC,0.29181517141095803
1235,mMTC,0.2915010301603941
1236,mMTC,0.2873774321323114
1237,mMTC,0.29174369835448033
1238,mMTC,0.29122930461328483
1239,mMTC,0.2935144876910936
1240,mMTC,0.2933479168116945
1241,mMTC,0.29085240496341813
1242,mMTC,0.2970135520808361
1243,mMTC,0.29338742352997543
1244,mMTC,0.289660364100085
1245,mMTC,0.2921261380464854
1246,mMTC,0.29170898897968955
1247,mMTC,0.2952965880686953
1248,mMTC,0.29528847850732604
1249,mMTC,0.2900857602970152
1250,mMTC,0.2876759465516427
1251,mMTC,0.28877728222258586
1252,mMTC,0.2860660849958185
1253,mMTC,0.2896855414752714
1254,mMTC,0.2888498266845945
1255,mMTC,0.28813568629844327
1256,mMTC,0.2959916181080842
1257,mMTC,0.28571318164780324
1258,mMTC,0.29124748412480034
1259,mMTC,0.2937841650534938
1260,mMTC,0.2886107148578426
1261,mMTC,0.2944181105502975
1262,mMTC,0.29068109805613174
1263,mMTC,0.2871537321456419
1264,mMTC,0.2924961160904858
1265,mMTC,0.29518351770466855
1266,mMTC,0.29122348373680385
1267,mMTC,0.2838268709420145
1268,mMTC,0.29298864741738834
1269,mMTC,0.29332397514883646
1270,mMTC,0.3277812980965808
1271,mMTC,0.2981729946079139
1272,mMTC,0.28829614132720205
1273,mMTC,0.29290606373329475
1274,mMTC,0.2897081078892443
1275,mMTC,0.28906291690450364
1276,mMTC,0.28837954813018335
1277,mMTC,0.29409506232176785
1278,mMTC,0.28721607369059404
1279,mMTC,0.2944757271393537
1280,mMTC,0.2891287683938607
1281,mMTC,0.2894818415436678
1282,mMTC,0.29288867323791556
1283,mMTC,0.288114894153727
1284,mMTC,0.2954024649124261
1285,mMTC,0.29515844972353555
1286,mMTC,0.28994378154607153
1287,mMTC,0.2889737300236373
1288,mMTC,0.2963663197842343
1289,mMTC,0.29054151616979995
1290,mMTC,0.2890226380107257
1291,mMTC,0.29928173088235294
1292,mMTC,0.29220975702131713
1293,mMTC,0.2921368942857415
1294,mMTC,0.2877980260044176
1295,mMTC,0.29217665417931
1296,mMTC,0.29060597084177514
1297,mMTC,0.28611392275631375
1298,mMTC,0.2908541590137009
1299,mMTC,0.2936610709368309
1300,mMTC,0.28990992070442195
1301,mMTC,0.2908471507312261
1302,mMTC,0.28892823627438596
1303,mMTC,0.29033632754502603
1304,mMTC,0.2884923701483401
1305,mMTC,0.2907638250667052
1306,mMTC,0.28963906787110844
1307,mMTC,0.29117844591540953
1308,mMTC,0.2917619028472837
1309,mMTC,0.28559787943817005
1310,mMTC,0.2873517656221431
1311,mMTC,0.2878976393426013
1312,mMTC,0.2868075374129306
1313,mMTC,0.2924858995123319
1314,mMTC,0.291162698020042
1315,mMTC,0.28772228171959574
1316,mMTC,0.29448710458597943
1317,mMTC,0.2897861398472712
1318,mMTC,0.28837377627125754
1319,mMTC,0.29206871995314804
1320,mMTC,0.29201200575246133
1321,mMTC,0.2908021115997644
1322,mMTC,0.2902313192116375
1323,mMTC,0.2891892074131177
1324,mMTC,0.29275230194846746
1325,mMTC,0.2919718547265983
1326,mMTC,0.28916175528632515
1327,mMTC,0.2899820762490474
1328,mMTC,0.29000997831543357
1329,mMTC,0.2917063490123251
1330,mMTC,0.28802755968094457
1331,mMTC,0.28838330372120385
1332,mMTC,0.2920383618308429
1333,mMTC,0.2934869984676244
1334,mMTC,0.29109047034897156
1335,mMTC,0.29377651692328804
1336,mMTC,0.2873102533950435
1337,mMTC,0.28851111953220065
1338,mMTC,0.29012475456388676
1339,mMTC,0.29147175157700245
1340,mMTC,0.2938025374019417
1341,mMTC,0.2937473774765064
1342,mMTC,0.2918431165551618
1343,mMTC,0.28931896122791406
1344,mMTC,0.28840348631161655
1345,mMTC,0.2910868795382844
1346,mMTC,0.2879327622961063
1347,mMTC,0.29214498877516415
1348,mMTC,0.28951034875153936
1349,mMTC,0.28470465961915564
1350,mMTC,0.2920623263609325
1351,mMTC,0.29285429108070926
1352,mMTC,0.2889029745280211
1353,mMTC,0.29550455275722515
1354,mMTC,0.2920384878100368
1355,mMTC,0.28794476095569993
1356,mMTC,0.28794003163110066
1357,mMTC,0.2889511921022815
1358,mMTC,0.2895931188835688
1359,mMTC,0.2940114931380475
1360,mMTC,0.2940009514663024
1361,mMTC,0.28622105120641217
1362,mMTC,0.285954267356796
1363,mMTC,0.29054271264479137
1364,mMTC,0.29205409363813867
1365,mMTC,0.29498671583211855
1366,mMTC,0.29240564547756126
1367,mMTC,0.28890419601124784
1368,mMTC,0.2877872300358714
1369,mMTC,0.2885858112595376
1370,mMTC,0.29216847868836837
1371,mMTC,0.29456194731736035
1372,mMTC,0.2903757900875761
1373,mMTC,0.2945135648097717
1374,mMTC,0.2948601149449695
1375,mMTC,0.28915151756599067
1376,mMTC,0.2880882257410179
1377,mMTC,0.29392515689580545
1378,mMTC,0.2924040187064354
1379,mMTC,0.28828472541667
1380,mMTC,0.2948656710277641
1381,mMTC,0.29419015413230604
1382,mMTC,0.29291730499685786
1383,mMTC,0.2902754594645507
1384,mMTC,0.2922415937272284
1385,mMTC,0.29326445061749085
1386,mMTC,0.2963965212999434
1387,mMTC,0.29217902600463047
1388,mMTC,0.28970821040137973
1389,mMTC,0.28909024120458154
1390,mMTC,0.2952984863140227
1391,mMTC,0.29343893408771504
1392,mMTC,0.2925187383195022
1393,mMTC,0.2918143396160166
1394,mMTC,0.2902307640505663
1395,mMTC,0.28381536557141546
1396,mMTC,0.289346312978267
1397,mMTC,0.2912793034907714
1398,mMTC,0.2867810678059032
1399,mMTC,0.2925880947011031
1400,mMTC,0.29532811094874617
1401,mMTC,0.2923399385808737
1402,mMTC,0.2910888246246998
1403,mMTC,0.2919414016710675
1404,mMTC,0.29043076089709646
1405,mMTC,0.2895878060026543
1406,mMTC,0.2907645172947756
1407,mMTC,0.2915113754850027
1408,mMTC,0.2876711954417337
1409,mMTC,0.28891572879048505
1410,mMTC,0.2883525673835349
1411,mMTC,0.2917458897117588
1412,mMTC,0.2898227944024472
1413,mMTC,0.29527348749981264
1414,mMTC,0.2934703844396043
1415,mMTC,0.29451762658446307
1416,mMTC,0.2949631205269628
1417,mMTC,0.29099275162663246
1418,mMTC,0.29251567411615303
1419,mMTC,0.2928198542853371
1420,mMTC,0.29224404960305705
1421,mMTC,0.2910995481542472
1422,mMTC,0.29361341818341613
1423,mMTC,0.2901299796684776
1424,mMTC,0.2872527507799387
1425,mMTC,0.2913262449756094
1426,mMTC,0.2892679551859609
1427,mMTC,0.2877795707988776
1428,mMTC,0.291383079886801
1429,mMTC,0.28879869650727175
1430,mMTC,0.29049544709888286
1431,mMTC,0.28896607911065153
1432,mMTC,0.2901914116251644
1433,mMTC,0.29309673205021114
1434,mMTC,0.2875240984661788
1435,mMTC,0.2888815757847941
1436,mMTC,0.29300565260361594
1437,mMTC,0.2922391221138669
1438,mMTC,0.28880496393110877
1439,mMTC,0.29158989594580803
1440,mMTC,0.2900769004256764
1441,mMTC,0.2903759318679522
1442,mMTC,0.2906488949867945
1443,mMTC,0.29373260621355046
1444,mMTC,0.2876480966717164
1445,mMTC,0.29031535008399767
1446,mMTC,0.29419014519371595
1447,mMTC,0.29156581582321334
1448,mMTC,0.2929130154463493
1449,mMTC,0.2979132274969669
1450,mMTC,0.29545824975417334
1451,mMTC,0.2883388362359252
1452,mMTC,0.2893851852905516
1453,mMTC,0.2909934837846411
1454,mMTC,0.29263813452806337
1455,mMTC,0.29213326600591355
1456,mMTC,0.2927450413038083
1457,mMTC,0.2946784286676089
1458,mMTC,0.2855460323459423
1459,mMTC,0.28973563293848176
1460,mMTC,0.29295878718835777
1461,mMTC,0.28833746790578885
1462,mMTC,0.2866244030272909
1463,mMTC,0.2882731889146734
1464,mMTC,0.2920344046994809
1465,mMTC,0.29215702156644746
1466,mMTC,0.2911233466917692
1467,mMTC,0.2887890455453115
1468,mMTC,0.2966515232873451
1469,mMTC,0.29565770690072
1470,mMTC,0.29870544558576106
1471,mMTC,0.2949326584436215
1472,mMTC,0.29262281357008685
1473,mMTC,0.29073032659169595
1474,mMTC,0.29404484539993636
1475,mMTC,0.2935580361760996
1476,mMTC,0.28708871284708604
1477,mMTC,0.2891099494444186
1478,mMTC,0.2933770184838267
1479,mMTC,0.2909132160293187
1480,mMTC,0.29238869448618604
1481,mMTC,0.29327253398644304
1482,mMTC,0.2905421620675631
1483,mMTC,0.29047572919804865
1484,mMTC,0.2921771441555538
1485,mMTC,0.2917494254586566
1486,mMTC,0.2942069414517417
1487,mMTC,0.29177901886327423
1488,mMTC,0.2887568108873165
1489,mMTC,0.29331150787739846
1490,mMTC,0.29051913730160756
1491,mMTC,0.29481931325520855
1492,mMTC,0.2906169165043698
1493,mMTC,0.2863241783707467
1494,mMTC,0.29200282847330167
1495,mMTC,0.29294400914117164
1496,mMTC,0.2944823090662778
1497,mMTC,0.29302398934885016
1498,mMTC,0.29332141297741593
1499,mMTC,0.2973026538618576
1500,mMTC,0.29316514658075027
1501,mMTC,0.29291643743596524
1502,mMTC,0.29661947565354063
1503,mMTC,0.2967935498924189
1504,mMTC,0.29029168254798604
1505,mMTC,0.2958774946837146
1506,mMTC,0.2970217060437467
1507,mMTC,0.28933689103717164
1508,mMTC,0.2921093143661724
1509,mMTC,0.2927886238213228
1510,mMTC,0.28889779417986516
1511,mMTC,0.2877849227808438
1512,mMTC,0.2907439386046382
1513,mMTC,0.29259715225893823
1514,mMTC,0.2894245069855792
1515,mMTC,0.2871940587951499
1516,mMTC,0.2915138193219214
1517,mMTC,0.2943257469079928
1518,mMTC,0.28865089089219265
1519,mMTC,0.29143079576957437
1520,mMTC,0.292534656402259
1521,mMTC,0.29465389404381126
1522,mMTC,0.29208224584750087
1523,mMTC,0.28956798998309136
1524,mMTC,0.2919339084170647
1525,mMTC,0.28820615766690866
1526,mMTC,0.29065280234459656
1527,mMTC,0.29350603612254106
1528,mMTC,0.29196879662429875
1529,mMTC,0.2958095156929564
1530,mMTC,0.2926765837831444
1531,mMTC,0.29025633070448215
1532,mMTC,0.29458024285967865
1533,mMTC,0.29415229098862755
1534,mMTC,0.294425084722758
1535,mMTC,0.28960422353317244
1536,mMTC,0.2925184817192701
1537,mMTC,0.2953465304400567
1538,mMTC,0.29478181478413557
1539,mMTC,0.2918193323966595
1540,mMTC,0.2907013113498577
1541,mMTC,0.2895353985549199
1542,mMTC,0.29043353023730006
1543,mMTC,0.28994141324352907
1544,mMTC,0.2906996632289949
1545,mMTC,0.2920421020217349
1546,mMTC,0.2904343453045082
1547,mMTC,0.2862706657317722
1548,mMTC,0.2902659453903636
1549,mMTC,0.2901541991337711
1550,mMTC,0.28890674805421906
1551,mMTC,0.2915302611147655
1552,mMTC,0.2963012433377633
1553,mMTC,0.29278834579157736
1554,mMTC,0.2930780127491706
1555,mMTC,0.2884566974428043
1556,mMTC,0.2930480620301268
1557,mMTC,0.29215401241767625
1558,mMTC,0.2902356245259447
1559,mMTC,0.2905133862747697
1560,mMTC,0.2940019592281684
1561,mMTC,0.29503039106354917
1562,mMTC,0.2934661381613141
1563,mMTC,0.2938378266908011
1564,mMTC,0.2890022642485894
1565,mMTC,0.29012013428398814
1566,mMTC,0.2955753224706166
1567,mMTC,0.2915609060338476
1568,mMTC,0.2905699692804581
1569,mMTC,0.29442928671956375
1570,mMTC,0.2928928674652079
1571,mMTC,0.2895229260388512
1572,mMTC,0.29182036277091
1573,mMTC,0.29376762289515446
1574,mMTC,0.3007953203649834
1575,mMTC,0.29399742382523414
1576,mMTC,0.31823028249479096
1577,mMTC,0.2872317072444122
1578,mMTC,0.2897066878237284
1579,mMTC,0.28626350337470163
1580,mMTC,0.2881669999746269
1581,mMTC,0.2918656823261972
1582,mMTC,0.2948208548641921
1583,mMTC,0.2917074158023679
1584,mMTC,0.2895938893314256
1585,mMTC,0.29233355829829366
1586,mMTC,0.29342604791676596
1587,mMTC,0.2921915479269268
1588,mMTC,0.29298814380707655
1589,mMTC,0.2912436904599404
1590,mMTC,0.2906577891756657
1591,mMTC,0.28871086224990755
1592,mMTC,0.2870869411734613
1593,mMTC,0.2897612861780505
1594,mMTC,0.2862482662857156
1595,mMTC,0.28758865365956376
1596,mMTC,0.2964106168149357
1597,mMTC,0.29437645730533224
1598,mMTC,0.29117837616474934
1599,mMTC,0.2868493730507178
1600,mMTC,0.2875537126449813
1601,mMTC,0.2902963278812382
1602,mMTC,0.29209563692265794
1603,mMTC,0.2938553744312871
1604,mMTC,0.29054440518573155
1605,mMTC,0.2868819603184422
1606,mMTC,0.2849189495975068
1607,mMTC,0.28843325847596996
1608,mMTC,0.29345475691375633
1609,mMTC,0.29417392706909434
1610,mMTC,0.2891423907538101
1611,mMTC,0.28666627041217063
1612,mMTC,0.2910690600029647
1613,mMTC,0.29552124434958016
1614,mMTC,0.2900231845148811
1615,mMTC,0.2936390121385259
1616,mMTC,0.2900558542527453
1617,mMTC,0.2898152627246954
1618,mMTC,0.28882937868942876
1619,mMTC,0.29046049312171196
1620,mMTC,0.29250678323747187
1621,mMTC,0.2893436312589444
1622,mMTC,0.29081948860268053
1623,mMTC,0.2930918387601422
1624,mMTC,0.2943366418537583
1625,mMTC,0.293846559495813
1626,mMTC,0.291088033584876
1627,mMTC,0.2928903372457535
1628,mMTC,0.29405546407471705
1629,mMTC,0.29016743689721036
1630,mMTC,0.292269027203122
1631,mMTC,0.2886234167230971
1632,mMTC,0.28715339191898803
1633,mMTC,0.2834732262894462
1634,mMTC,0.28735498482527555
1635,mMTC,0.291344294716584
1636,mMTC,0.29030499593447706
1637,mMTC,0.29388645665715946
1638,mMTC,0.29401343463892
1639,mMTC,0.292466647248376
1640,mMTC,0.2923319322496072
1641,mMTC,0.2986164718973955
1642,mMTC,0.2933764149642362
1643,mMTC,0.29825218683186966
1644,mMTC,0.2968851124193688
1645,mMTC,0.2908874291796325
1646,mMTC,0.2900880564369923
1647,mMTC,0.2909373828217476
1648,mMTC,0.2944284260632804
1649,mMTC,0.28936560375469483
1650,mMTC,0.28695245672677483
1651,mMTC,0.29272067633687127
1652,mMTC,0.289820879192075
1653,mMTC,0.29733460840036946
1654,mMTC,0.29196750688473716
1655,mMTC,0.2905687318085104
1656,mMTC,0.28677935897419987
1657,mMTC,0.2938786423550503
1658,mMTC,0.29585553514591384
1659,mMTC,0.29209788565015304
1660,mMTC,0.2906174051638417
1661,mMTC,0.29988314109615677
1662,mMTC,0.2917648842516604
1663,mMTC,0.29035477367202783
1664,mMTC,0.2900574880769956
1665,mMTC,0.2958051582293479
1666,mMTC,0.29329105626204277
1667,mMTC,0.29255166731478277
1668,mMTC,0.28992682968818617
1669,mMTC,0.289550624077154
1670,mMTC,0.28905165885524636
1671,mMTC,0.28735825144099025
1672,mMTC,0.2908305690381962
1673,mMTC,0.28972309333658036
1674,mMTC,0.29178672071145956
1675,mMTC,0.2967584150402272
1676,mMTC,0.2934434455703038
1677,mMTC,0.2912783567217189
1678,mMTC,0.2881762418661103
1679,mMTC,0.2892910027798208
1680,mMTC,0.29465461693117123
1681,mMTC,0.29423780661105153
1682,mMTC,0.29491515747127844
1683,mMTC,0.29260301421288976
1684,mMTC,0.29154259346646333
1685,mMTC,0.29004124902456796
1686,mMTC,0.29006612810771787
1687,mMTC,0.289768123674855
1688,mMTC,0.2910198487983526
1689,mMTC,0.2866338328225867
1690,mMTC,0.28917798351090357
1691,mMTC,0.2918894957609281
1692,mMTC,0.29120852022261584
1693,mMTC,0.289496937368816
1694,mMTC,0.2946146132396402
1695,mMTC,0.2882446876051862
1696,mMTC,0.2876863439266443
1697,mMTC,0.2924490168706659
1698,mMTC,0.29316654116370006
1699,mMTC,0.2922191855969884
1700,mMTC,0.2972912401230874
1701,mMTC,0.28997349832270963
1702,mMTC,0.28927666815626835
1703,mMTC,0.2899204656018168
1704,mMTC,0.2892246888031319
1705,mMTC,0.286378524707898
1706,mMTC,0.2897091746349745
1707,mMTC,0.29309398873263726
1708,mMTC,0.29374364421670923
1709,mMTC,0.289640727625914
1710,mMTC,0.29215870078277034
1711,mMTC,0.2898962720952318
1712,mMTC,0.2906380188210576
1713,mMTC,0.29274513305966815
1714,mMTC,0.29188988906389324
1715,mMTC,0.29000015284023
1716,mMTC,0.2948110934586702
1717,mMTC,0.2932842625468788
1718,mMTC,0.2939733709251908
1719,mMTC,0.29364703300570316
1720,mMTC,0.2872263233019999
1721,mMTC,0.2880132669793356
1722,mMTC,0.29022950077293647
1723,mMTC,0.29154344350761247
1724,mMTC,0.2856321904152654
1725,mMTC,0.2898675758192991
1726,mMTC,0.29109094296012916
1727,mMTC,0.29604775024750485
1728,mMTC,0.2911529756746724
1729,mMTC,0.28634215414442415
1730,mMTC,0.28933703945465733
1731,mMTC,0.29147819176040735
1732,mMTC,0.2920731264276239
1733,mMTC,0.29237452057118146
1734,mMTC,0.29544994436425837
1735,mMTC,0.29377652259356823
1736,mMTC,0.2921839508863232
1737,mMTC,0.29317511219213865
1738,mMTC,0.2913157140808278
1739,mMTC,0.293559405470436
1740,mMTC,0.28823403459761837
1741,mMTC,0.28928367359006146
1742,mMTC,0.29086402629493713
1743,mMTC,0.2881200852924505
1744,mMTC,0.28941181822847095
1745,mMTC,0.2902291178656241
1746,mMTC,0.2941222392743734
1747,mMTC,0.294087513530456
1748,mMTC,0.29122979096935175
1749,mMTC,0.2943476960065711
1750,mMTC,0.2875099271440996
1751,mMTC,0.29127187669195026
1752,mMTC,0.29371968994064124
1753,mMTC,0.29318481509050254
1754,mMTC,0.29072784763317194
1755,mMTC,0.2891256492285884
1756,mMTC,0.28924499141420357
1757,mMTC,0.2949302519518788
1758,mMTC,0.29356471221353875
1759,mMTC,0.28884442073223093
1760,mMTC,0.2916929350607547
1761,mMTC,0.29397102062363967
1762,mMTC,0.2915083766996675
1763,mMTC,0.29336735091319455
1764,mMTC,0.29587118383768135
1765,mMTC,0.289295222935076
1766,mMTC,0.29197609921432743
1767,mMTC,0.29545430306327425
1768,mMTC,0.28794150579456745
1769,mMTC,0.2915403545763174
1770,mMTC,0.2909732733763918
1771,mMTC,0.2872046883806296
1772,mMTC,0.28613534698631904
1773,mMTC,0.2867545953265748
1774,mMTC,0.28857550949518607
1775,mMTC,0.29712413018959827
1776,mMTC,0.2890765054229482
1777,mMTC,0.2873373428166523
1778,mMTC,0.28461440350312067
1779,mMTC,0.2941677610145484
1780,mMTC,0.29152764526039476
1781,mMTC,0.2913918818942835
1782,mMTC,0.2884775162246387
1783,mMTC,0.29282040328989445
1784,mMTC,0.29311973572598043
1785,mMTC,0.28899931071356216
1786,mMTC,0.288003502736444
1787,mMTC,0.2900435819893916
1788,mMTC,0.29409255612180457
1789,mMTC,0.2893674967170548
1790,mMTC,0.28672234701187954
1791,mMTC,0.29008961978750275
1792,mMTC,0.29050883522774085
1793,mMTC,0.29095100954283454
1794,mMTC,0.2952841621160882
1795,mMTC,0.29418936410649105
1796,mMTC,0.29144910617952324
1797,mMTC,0.29241826760109335
1798,mMTC,0.28978023775379375
1799,mMTC,0.29412795081377724
1800,mMTC,0.29697473885181347
1801,mMTC,0.29010416050829557
1802,mMTC,0.29087836486078017
1803,mMTC,0.2935631326747723
1804,mMTC,0.2913693581818062
1805,mMTC,0.29572706133343796
1806,mMTC,0.29777304572939983
1807,mMTC,0.2939512770325207
1808,mMTC,0.28741942579733626
1809,mMTC,0.2909039727835028
1810,mMTC,0.28925739865314876
1811,mMTC,0.2867307978763351
1812,mMTC,0.2906533622344081
1813,mMTC,0.2939293226673923
1814,mMTC,0.2872520493721628
1815,mMTC,0.2854915136992238
1816,mMTC,0.2864346954077923
1817,mMTC,0.28737969642541367
1818,mMTC,0.29155392761116844
1819,mMTC,0.29217254289478956
1820,mMTC,0.28930826988878106
1821,mMTC,0.29218588990016614
1822,mMTC,0.2929746939297517
1823,mMTC,0.29099839231800884
1824,mMTC,0.2911843728819135
1825,mMTC,0.29011525360824275
1826,mMTC,0.29159062861213025
1827,mMTC,0.28951323946995283
1828,mMTC,0.2857209492635321
1829,mMTC,0.2895935682028384
1830,mMTC,0.29202500244830987
1831,mMTC,0.288022980683089
1832,mMTC,0.2931252532042219
1833,mMTC,0.2922623374710366
1834,mMTC,0.2894107310836768
1835,mMTC,0.28884879101331407
1836,mMTC,0.2895984760910914
1837,mMTC,0.2924243098186296
1838,mMTC,0.28790861784762467
1839,mMTC,0.2923459286558762
1840,mMTC,0.29479644490759616
1841,mMTC,0.29253406760402484
1842,mMTC,0.2920500187178022
1843,mMTC,0.29204696751385784
1844,mMTC,0.29329374457569857
1845,mMTC,0.2900435257753342
1846,mMTC,0.2889383415758068
1847,mMTC,0.2921228920189735
1848,mMTC,0.2931275998328366
1849,mMTC,0.2887122077713006
1850,mMTC,0.2928372309447803
1851,mMTC,0.2928615375850263
1852,mMTC,0.2918117427780009
1853,mMTC,0.28722470842080355
1854,mMTC,0.288906381978377
1855,mMTC,0.28932220061055935
1856,mMTC,0.2946487098701646
1857,mMTC,0.2947941446153023
1858,mMTC,0.2926305151900628
1859,mMTC,0.29006569374097296
1860,mMTC,0.2910078930597668
1861,mMTC,0.29060359566071164
1862,mMTC,0.2906889557336691
1863,mMTC,0.2933163991484928
1864,mMTC,0.2886021017936477
1865,mMTC,0.2848552982129118
1866,mMTC,0.2901358953605222
1867,mMTC,0.2906084168877579
1868,mMTC,0.29012739430631274
1869,mMTC,0.2910331979824087
1870,mMTC,0.290817756918763
1871,mMTC,0.2917664907880317
1872,mMTC,0.2917349475261187
1873,mMTC,0.28919252989631267
1874,mMTC,0.29091302171729166
1875,mMTC,0.28964194621923034
1876,mMTC,0.29432948237009154
1877,mMTC,0.2938986065690851
1878,mMTC,0.2925693954276004
1879,mMTC,0.2917946422665414
1880,mMTC,0.285663790239971
1881,mMTC,0.2897779174806852
1882,mMTC,0.2922474837818316
1883,mMTC,0.2921735371071707
1884,mMTC,0.2880136994681852
1885,mMTC,0.2908636626382747
1886,mMTC,0.2887258119734757
1887,mMTC,0.2917619458617539
1888,mMTC,0.287837313755639
1889,mMTC,0.2925869064979852
1890,mMTC,0.29484874878048484
1891,mMTC,0.29130480226036565
1892,mMTC,0.2886597786855356
1893,mMTC,0.2906731567187087
1894,mMTC,0.2904730317843115
1895,mMTC,0.2888196941787395
1896,mMTC,0.29791599117822704
1897,mMTC,0.2930298723729523
1898,mMTC,0.29290076796447845
1899,mMTC,0.2904933261984835
1900,mMTC,0.2907814868521452
1901,mMTC,0.28697408574943367
1902,mMTC,0.28842479278675365
1903,mMTC,0.28763245027648976
1904,mMTC,0.29362170438510704
1905,mMTC,0.2942873361658078
1906,mMTC,0.28655966725455817
1907,mMTC,0.2951466738130995
1908,mMTC,0.2961524090760976
1909,mMTC,0.291184150239599
1910,mMTC,0.2924960085119336
1911,mMTC,0.2950425490252281
1912,mMTC,0.29299031277545967
1913,mMTC,0.2913476618189397
1914,mMTC,0.29253088617329137
1915,mMTC,0.2914634701415958
1916,mMTC,0.29499546173102525
1917,mMTC,0.29157713469167684
1918,mMTC,0.2897919183930946
1919,mMTC,0.2863666704820715
1920,mMTC,0.2894533441321675
1921,mMTC,0.2907837450513163
1922,mMTC,0.2895817099277475
1923,mMTC,0.2914104201109542
1924,mMTC,0.28945671914160437
1925,mMTC,0.28896532267132374
1926,mMTC,0.2928382945064437
1927,mMTC,0.2968896200073476
1928,mMTC,0.29122263869807885
1929,mMTC,0.2867459002714692
1930,mMTC,0.28772011107418505
1931,mMTC,0.6040056511494454
1932,mMTC,0.29091339106642
1933,mMTC,0.2904991637214572
1934,mMTC,0.28899813865337165
1935,mMTC,0.29420132733017973
1936,mMTC,0.29426512173786645
1937,mMTC,0.28975593655850257
1938,mMTC,0.2897389295899733
1939,mMTC,0.2922909209557351
1940,mMTC,0.29229689020998845
1941,mMTC,0.29202468676186355
1942,mMTC,0.28731008134879005
1943,mMTC,0.28885759589468374
1944,mMTC,0.28920488821962825
1945,mMTC,0.2934533095814849
1946,mMTC,0.28941586541831205
1947,mMTC,0.29139586992789823
1948,mMTC,0.29185541702138784
1949,mMTC,0.2913398304137194
1950,mMTC,0.2897866012355714
1951,mMTC,0.29057427911424333
1952,mMTC,0.29025338914822546
1953,mMTC,0.29450082860214327
1954,mMTC,0.2928362008518451
1955,mMTC,0.2906734650205943
1956,mMTC,0.28949633722621515
1957,mMTC,0.29227580472212134
1958,mMTC,0.28933193837328286
1959,mMTC,0.29090938894036417
1960,mMTC,0.2868681938877019
1961,mMTC,0.2863013423878833
1962,mMTC,0.2927481590340096
1963,mMTC,0.2919110645321038
1964,mMTC,0.2923651480899254
1965,mMTC,0.29294482336821437
1966,mMTC,0.2933864078092389
1967,mMTC,0.28945608761739156
1968,mMTC,0.2870395504286486
1969,mMTC,0.29144399350466405
1970,mMTC,0.28685801162767766
1971,mMTC,0.28764374520091474
1972,mMTC,0.2928328589222033
1973,mMTC,0.29077923434429964
1974,mMTC,0.2918538015788435
1975,mMTC,0.2862732349271486
1976,mMTC,0.2892234790753781
1977,mMTC,0.2901007059989961
1978,mMTC,0.28966169191557567
1979,mMTC,0.29024199094158765
1980,mMTC,0.2920446438905099
1981,mMTC,0.2912368918308921
1982,mMTC,0.28982195329897
1983,mMTC,0.2899096395631169
1984,mMTC,0.29358928435639087
1985,mMTC,0.2908297207760352
1986,mMTC,0.2912514681198081
1987,mMTC,0.29459007450962377
1988,mMTC,0.29305901527386363
1989,mMTC,0.28712824653448915
1990,mMTC,0.2919839235719854
1991,mMTC,0.2956196749710209
1992,mMTC,0.2931481032236697
1993,mMTC,0.2908544834870674
1994,mMTC,0.29133715560521345
1995,mMTC,0.2946300993430008
1996,mMTC,0.2933470387365535
1997,mMTC,0.29363206361847716
1998,mMTC,0.289722832914421
1999,mMTC,0.29542962038621134
