client_id,slice_name,total_connected_time,total_unconnected_time,total_request_count,total_consume_time,total_usage,avg_served_bandwidth,total_completed_requests,completion_ratio,total_latency_ms,avg_completion_latency_ms,max_completion_latency_ms,completion_latency_violation_count,completion_latency_violation_ratio,total_first_service_latency_ms,avg_first_service_latency_ms,max_first_service_latency_ms,first_service_latency_violation_count,first_service_latency_violation_ratio
0,mMTC,254.75,245.25,510,509,39683114.0,77962.89587426327,509,0.9980392156862745,133.7211275953347,0.2627134137432902,0.2846553458951535,0,0.0,77.17075036832605,0.15131519680063932,0.17328077769002528,0,0.0
1,mMTC,241.5,258.5,483,483,39690357.0,82174.65217391304,483,1.0,126.46028667042874,0.26182253969032865,0.2776778170940171,0,0.0,72.86968864068508,0.15086892058112852,0.16894444444444445,0,0.0
2,eMBB,491.0,9.0,16,1947,309263611.07303125,158841.09454187533,15,0.9375,195.88837764503347,13.059225176335564,18.622044735051304,0,0.0,3.643905868605826,0.22774411678786413,0.23130555555555612,0,0.0
3,mMTC,303.5,196.5,607,607,48632034.0,80118.67215815486,607,1.0,165.95792889149604,0.2734068021276706,0.293887703589744,0,0.0,97.11503743645297,0.1599918244422619,0.18027777777777815,0,0.0
4,eMBB,490.0,10.0,20,1939,384435424.2497302,198264.78816386295,19,0.95,193.2524678141391,10.171182516533637,15.015773943746884,0,0.0,4.437732168099231,0.22188660840496155,0.22650319300469832,0,0.0
5,mMTC,293.25,206.75,587,586,45482249.0,77614.75938566553,586,0.9982964224872232,147.8281628857012,0.25226648956604303,0.26767828633143265,0,0.0,84.3405136542484,0.14368060247742487,0.1647799755937536,0,0.0
6,eMBB,486.0,14.0,23,1920,272223609.50585914,141783.1299509683,22,0.9565217391304348,193.0296430569713,8.774074684407786,20.332709175796825,0,0.0,5.5536634307812855,0.24146362742527328,0.24486737732403063,0,0.0
7,mMTC,276.75,223.25,554,553,44115740.0,79775.29837251356,553,0.9981949458483754,145.13509790371089,0.2624504482888081,0.2819460957264961,0,0.0,83.7706326992663,0.1512105283380258,0.17177777777777814,0,0.0
8,eMBB,493.0,7.0,20,1951,309547644.6865551,158661.01726630193,19,0.95,185.4650093051761,9.761316279219795,18.62165829145611,0,0.0,4.450868948696606,0.22254344743483032,0.2308767054278452,0,0.0
9,eMBB,494.75,5.25,18,1960,309936186.182212,158130.70723582245,17,0.9444444444444444,189.60083895081414,11.15299052651848,18.22011995508764,0,0.0,4.073699788896466,0.22631665493869255,0.23133707677141518,0,0.0
10,mMTC,307.0,193.0,614,613,49457425.0,80680.95432300163,613,0.998371335504886,167.74451258792365,0.27364520813690646,0.2963264922051286,0,0.0,98.36945201927357,0.16021083390761168,0.18175886485470127,0,0.0
11,URLLC,177.0,323.0,708,708,98580684.0,139238.25423728814,708,1.0,43.209787002329435,0.06103077260216022,0.06260899884476175,0,0.0,1.082285144829439,0.0015286513345048574,0.001535912093587647,0,0.0
12,URLLC,191.0,309.0,764,764,107226064.0,140348.25130890054,764,1.0,46.96128447607008,0.06146764983778806,0.06323352487026325,0,0.0,1.157437005685461,0.0015149699027296611,0.001527750031405354,0,0.0
13,mMTC,277.0,223.0,554,553,43515732.0,78690.29294755877,553,0.9981949458483754,142.3494465748373,0.25741310411362983,0.2750771609009121,0,0.0,81.807597488312,0.14766714348070759,0.16628606164626603,0,0.0
14,eMBB,490.75,9.25,21,1941,300953001.34391296,155050.49013081554,20,0.9523809523809523,187.32070752330793,9.366035376165396,18.725535613874133,0,0.0,4.820114108689196,0.2295292432709141,0.23375254357749334,0,0.0
15,eMBB,491.0,9.0,21,1942,306750635.72779256,157956.04311420833,20,0.9523809523809523,192.57195838461342,9.628597919230671,16.418466928452485,0,0.0,4.767454481780086,0.2270216419895279,0.23041460843966433,0,0.0
16,mMTC,300.0,200.0,600,600,46478120.0,77463.53333333334,600,1.0,158.76883463512434,0.2646147243918739,0.2884578441650789,0,0.0,91.7935534580303,0.15298925576338385,0.17904924313943782,0,0.0
17,eMBB,494.0,6.0,20,1955,313008094.5948109,160106.4422479851,19,0.95,197.65414670725207,10.402849826697476,17.51868758371857,0,0.0,4.540271801597714,0.2270135900798857,0.23084159798974382,0,0.0
18,eMBB,487.75,12.25,22,1928,380986550.84426093,197607.13218063326,21,0.9545454545454546,185.72920023001743,8.84424763000083,14.915660232370858,0,0.0,4.931249236646474,0.22414769257483974,0.2260676435256419,0,0.0
19,eMBB,484.25,15.75,18,1918,274177174.8616122,142949.51765464662,17,0.9444444444444444,195.66564021516842,11.509743542068732,20.432199226796406,0,0.0,4.348935045976481,0.24160750255424895,0.2453588232029077,0,0.0
20,mMTC,279.5,220.5,559,559,44296474.0,79242.35062611807,559,1.0,144.33125885220377,0.25819545411843253,0.276640935281809,0,0.0,83.14545021015249,0.14873962470510285,0.16769000780546447,0,0.0
21,eMBB,490.25,9.75,20,1940,300429340.64764285,154860.484869919,19,0.95,189.36040465219037,9.966337086957388,17.92430337296053,0,0.0,4.552139830574569,0.22760699152872843,0.23329748333507822,0,0.0
22,eMBB,488.5,11.5,19,1934,305830646.9235571,158133.73677536563,18,0.9473684210526315,192.96620999162914,10.720344999534952,16.820863283503634,0,0.0,4.348794430557081,0.22888391739774114,0.23045617164377202,0,0.0
23,URLLC,162.75,337.25,651,650,92235781.0,141901.20153846155,650,0.9984639016897081,40.16311944145555,0.06178941452531623,0.06350941588233382,0,0.0,0.9967278146488711,0.0015310719119030276,0.001545761986007355,0,0.0
24,eMBB,488.5,11.5,18,1935,310118215.10381174,160267.81142315854,17,0.9444444444444444,184.81471829464752,10.871454017332207,18.418098854900432,0,0.0,4.085485626139781,0.2269714236744323,0.2303775299434195,0,0.0
25,eMBB,487.5,12.5,24,1925,379762850.6111605,197279.40291488857,23,0.9583333333333334,193.141546537561,8.397458545111348,14.916010218857119,0,0.0,5.263725428995662,0.21932189287481926,0.22612451716356263,0,0.0
26,mMTC,266.0,234.0,532,532,41482922.0,77975.41729323308,532,1.0,134.2538562671487,0.25235687268261037,0.26806197960035755,0,0.0,76.7170498609948,0.14420498094171955,0.16628229276275072,0,0.0
27,eMBB,492.5,7.5,21,1948,277648505.7974196,142530.03377690946,20,0.9523809523809523,197.84328593510088,9.892164296755045,19.233604099707993,0,0.0,4.952517121172123,0.23583414862724397,0.24490619884245213,0,0.0
28,eMBB,493.25,6.75,20,1952,301879127.78591186,154651.19251327452,19,0.95,194.77181653571415,10.251148238721797,19.024777804949302,0,0.0,4.564747888505944,0.2282373944252972,0.23526242985848864,0,0.0
29,eMBB,494.0,6.0,18,1957,310939271.3739854,158885.67775880705,17,0.9444444444444444,187.82507585400873,11.04853387376522,17.222353516894735,0,0.0,3.9993335251700173,0.22218519584277874,0.23094616700475584,0,0.0
30,eMBB,492.75,7.25,19,1951,307619829.6751942,157672.9009098894,18,0.9473684210526315,198.45741183988898,11.025411768882721,17.122821898481764,0,0.0,4.339659133733064,0.2284031123017402,0.23187003734804648,0,0.0
31,eMBB,491.0,9.0,24,1939,309328593.5707619,159529.96058316756,23,0.9583333333333334,197.56460147059485,8.58976528133021,18.220364313352572,0,0.0,5.387102052741419,0.22446258553089246,0.22944777737904035,0,0.0
32,eMBB,487.0,13.0,24,1923,378771540.7660085,196969.0799615229,23,0.9583333333333334,190.92468582978407,8.301073296947134,13.715532639918237,0,0.0,5.249466425295658,0.21872776772065242,0.22560295592129523,0,0.0
33,eMBB,495.75,4.25,17,1965,281205324.13965863,143107.0351855769,16,0.9411764705882353,198.72826384887745,12.42051649055484,20.432253482424947,0,0.0,4.10411076879687,0.24141828051746295,0.24489534220363957,0,0.0
34,eMBB,492.0,8.0,17,1950,280857582.18752676,144029.5293269368,16,0.9411764705882353,191.98265654419686,11.998916034012304,20.336978161784803,0,0.0,4.058905086614087,0.23875912274200511,0.2454183536832204,0,0.0
35,mMTC,283.0,217.0,566,566,46635855.0,82395.5035335689,566,1.0,148.65338846862934,0.2626384955276137,0.2819089516533392,0,0.0,85.92656458657805,0.15181371835084462,0.17071889011487762,0,0.0
36,mMTC,283.0,217.0,566,566,45899056.0,81093.73851590106,566,1.0,148.5556614762671,0.2624658329969383,0.28088677164372516,0,0.0,85.84055519729287,0.15166175829910403,0.17218212172919523,0,0.0
37,eMBB,488.75,11.25,22,1932,304273011.4053886,157491.2067315676,21,0.9545454545454546,196.88653970430806,9.375549509728955,18.620823346677216,0,0.0,4.997368545615668,0.2271531157098031,0.23139464760276396,0,0.0
38,eMBB,493.75,6.25,21,1953,310695037.12546974,159086.04051483347,20,0.9523809523809523,192.3649532689705,9.618247663448525,14.01908224270429,0,0.0,4.662293673099589,0.22201398443331377,0.2309181219514489,0,0.0
39,eMBB,487.0,13.0,22,1925,380410382.1275895,197615.78292342313,21,0.9545454545454546,191.87857414701577,9.137074959381703,14.61587156368537,0,0.0,4.886380683073957,0.22210821286699806,0.2261663377713558,0,0.0
40,eMBB,492.75,7.25,18,1952,277477421.8144082,142150.3185524632,17,0.9444444444444444,186.2729161574518,10.957230362203047,19.13483129664768,0,0.0,4.360558385929268,0.24225324366273712,0.24494921988602084,0,0.0
41,mMTC,272.5,227.5,545,545,43243411.0,79345.70825688074,545,1.0,140.63918113114252,0.25805354335989455,0.27615096198013295,0,0.0,80.93440633114267,0.14850349785530764,0.16787970037180944,0,0.0
42,eMBB,488.0,12.0,19,1932,299723037.658038,155136.14785612733,18,0.9473684210526315,188.98986660439996,10.499437033577776,17.12295717905832,0,0.0,4.374193506976934,0.23022071089352286,0.23335840357636367,0,0.0
43,eMBB,490.75,9.25,20,1942,307598708.1224806,158392.74362640607,19,0.95,194.19623220910353,10.220854326794923,17.820352647481343,0,0.0,4.49168571817323,0.22458428590866147,0.23100260828460614,0,0.0
44,URLLC,174.5,325.5,698,698,97640367.0,139885.91260744986,698,1.0,43.15491691296275,0.061826528528599926,0.06349372663007229,0,0.0,1.1481015064242628,0.0016448445650777404,0.0018173340157719322,0,0.0
45,eMBB,488.0,12.0,20,1931,308364886.11584705,159691.8105208944,19,0.95,195.8290966841608,10.306794562324251,17.118460108108366,0,0.0,4.519461170129454,0.2259730585064727,0.23002687722895984,0,0.0
46,eMBB,482.75,17.25,26,1904,373886941.5298151,196369.19197994488,25,0.9615384615384616,192.19535808387803,7.687814323355122,15.21401700005918,0,0.0,5.741173668412117,0.22081437186200448,0.227138289908612,0,0.0
47,eMBB,494.0,6.0,17,1958,279475033.62997246,142734.95078139554,16,0.9411764705882353,199.11065457583584,12.44441591098974,20.433458430825144,0,0.0,3.990758934005763,0.23475052552975076,0.2459225209369694,0,0.0
48,mMTC,283.5,216.5,567,567,45326981.0,79941.76543209876,567,1.0,146.48424003223735,0.2583496296864856,0.27740238619288987,0,0.0,84.4437285077929,0.1489307381089822,0.16929636703847611,0,0.0
49,eMBB,488.5,11.5,18,1935,301734300.37224466,155935.0389520644,17,0.9444444444444444,195.26442825542804,11.48614283855459,18.720411950620193,0,0.0,4.043686418014649,0.22464924544525827,0.23388701649791607,0,0.0
50,eMBB,491.75,8.25,21,1945,307988405.6768476,158348.79469246662,20,0.9523809523809523,196.69159053354514,9.834579526677256,17.921765675286224,0,0.0,4.695539676560421,0.22359712745525814,0.23149958114869768,0,0.0
51,eMBB,490.0,10.0,19,1940,306736463.35842407,158111.57905073406,18,0.9473684210526315,189.05552487203855,10.503084715113253,18.622407470717558,0,0.0,4.343421287831085,0.22860112041216238,0.23237277926127012,0,0.0
52,eMBB,493.0,7.0,20,1951,312079376.6791037,159958.67589907927,19,0.95,184.24189476633023,9.696941829806855,16.419827388990345,0,0.0,4.437800650851256,0.2218900325425628,0.23001702183536166,0,0.0
53,eMBB,487.5,12.5,24,1925,379161141.88547015,196966.826953491,23,0.9583333333333334,195.62550939079856,8.50545693003472,14.817271759685044,0,0.0,5.258313134184391,0.2190963805910163,0.22621132018423734,0,0.0
54,eMBB,492.5,7.5,15,1954,280952070.13479936,143783.04510481033,14,0.9333333333333333,193.13102682116212,13.795073344368722,20.23547972053027,0,0.0,3.5964652626906015,0.23976435084604011,0.24549294348268821,0,0.0
55,eMBB,494.0,6.0,19,1956,279771635.7206118,143032.53359949478,18,0.9473684210526315,197.6741687989721,10.98189826660956,20.634199434164973,0,0.0,4.469645855697682,0.23524451872093066,0.24592634606257394,0,0.0
56,eMBB,495.25,4.75,20,1960,304018134.2726602,155111.29299625522,19,0.95,197.01234372527253,10.369070722382764,18.22372407911612,0,0.0,4.511022895385228,0.22555114476926139,0.23435694861299758,0,0.0
57,mMTC,274.25,225.75,549,548,45121859.0,82339.15875912408,548,0.9981785063752276,144.08879592603964,0.2629357589891234,0.279736245253172,0,0.0,83.37875491544132,0.15187387051992954,0.16959202305231386,0,0.0
58,mMTC,277.5,222.5,555,555,44827634.0,80770.51171171172,555,1.0,147.38498604744947,0.2655585334188279,0.2900793727700743,0,0.0,85.62319811377431,0.1542760326374312,0.1752755296931512,0,0.0
59,eMBB,489.75,10.25,19,1939,311131503.8539002,160459.77506647765,18,0.9473684210526315,188.88724397504896,10.49373577639161,18.42023115040877,0,0.0,4.274867344730462,0.22499301814370853,0.23006555502195336,0,0.0
60,eMBB,493.25,6.75,21,1951,385982286.63500595,197838.1786955438,20,0.9523809523809523,193.37517990683577,9.668758995341788,14.514301821419144,0,0.0,4.583743163174072,0.2182734839606701,0.22769172005996746,0,0.0
61,eMBB,492.75,7.25,15,1955,281015204.13965905,143741.7923988026,14,0.9333333333333333,197.1901312692945,14.08500937637818,20.73386369961001,0,0.0,3.5550088361513223,0.23700058907675484,0.2464346409465475,0,0.0
62,mMTC,281.75,218.25,564,563,44866535.0,79691.89165186501,563,0.99822695035461,145.8696830708476,0.25909357561429414,0.27614828718237483,0,0.0,84.4321240981979,0.14970234769184027,0.16804792478921243,0,0.0
63,eMBB,493.0,7.0,16,1955,304417396.00392455,155712.22301991025,15,0.9375,184.02599123307655,12.268399415538436,18.52010335691621,0,0.0,3.6916168180979225,0.23072605113112016,0.23348332639294167,0,0.0
64,eMBB,491.5,8.5,18,1947,310065047.48750275,159252.720846175,17,0.9444444444444444,182.57260664990815,10.73956509705342,18.320801504022267,0,0.0,4.052102535957383,0.22511680755318794,0.23206271694535038,0,0.0
65,eMBB,496.75,3.25,13,1973,316212311.0589717,160269.79779978291,12,0.9230769230769231,192.00419904563543,16.00034992046962,18.572842549091924,0,0.0,2.9402518698818296,0.22617322076014074,0.23194478720182482,0,0.0
66,eMBB,487.25,12.75,22,1926,308096386.6923817,159966.97128368728,21,0.9545454545454546,195.9937452116696,9.333035486269981,18.316666727426767,0,0.0,5.01209352642877,0.22782243301948954,0.23057353476309386,0,0.0
67,mMTC,280.25,219.75,561,560,45268025.0,80835.75892857143,560,0.9982174688057041,149.8682824328875,0.26762193291587055,0.28796352943048464,0,0.0,88.4381069487207,0.15764368440057167,0.18102134943048465,0,0.0
68,eMBB,493.0,7.0,17,1954,278957209.9975474,142762.1340826752,16,0.9411764705882353,191.80641583120303,11.98790098945019,19.934287570909337,0,0.0,3.9915908575533274,0.23479946220901926,0.24553209770084436,0,0.0
69,eMBB,496.0,4.0,17,1966,282385983.2426395,143634.78293114927,16,0.9411764705882353,196.9112453961923,12.306952837262019,19.435006514741257,0,0.0,4.090125384799888,0.24059561087058168,0.245023473652673,0,0.0
70,eMBB,496.5,3.5,17,1968,306035288.48387283,155505.73601822805,16,0.9411764705882353,189.63058465313424,11.85191154082089,17.424266074638165,0,0.0,3.8079657395212685,0.22399798467772167,0.23396588032621915,0,0.0
71,mMTC,301.5,198.5,603,603,47278021.0,78404.67827529022,603,1.0,158.9364059767646,0.2635761293147008,0.2849926663092112,0,0.0,92.295452852662,0.15306045249197678,0.17393622926036126,0,0.0
72,eMBB,492.75,7.25,19,1951,307087606.7277536,157400.1059598942,18,0.9473684210526315,183.73162541840085,10.207312523244491,15.673352245962858,0,0.0,4.322970041937674,0.22752473904935128,0.2320231171266439,0,0.0
73,eMBB,490.25,9.75,19,1942,310871801.9999998,160078.16786817706,19,1.0,198.2797014789017,10.435773762047457,18.318824018241664,0,0.0,4.252760801134297,0.22382951584917352,0.22915035207718823,0,0.0
74,mMTC,255.25,244.75,511,510,41738766.0,81840.71764705882,510,0.9980430528375733,136.6020433471539,0.26784714381794883,0.2881317094955921,0,0.0,80.58960740048715,0.15770960352345822,0.17844850505085763,0,0.0
75,eMBB,493.25,6.75,16,1956,279713795.6635144,143002.96301815665,15,0.9375,185.52540967876652,12.368360645251101,19.93469441177111,0,0.0,3.8009152634321994,0.23755720396451246,0.24556123750496908,0,0.0
76,eMBB,493.75,6.25,20,1954,278783258.18293643,142673.11063609848,19,0.95,191.80872001086124,10.095195790045329,19.233899828396744,0,0.0,4.715243676694153,0.23576218383470765,0.24549181718185853,0,0.0
77,mMTC,298.0,202.0,596,596,47500544.0,79698.89932885906,596,1.0,157.05184664271007,0.2635098098032048,0.28023561591302487,0,0.0,91.15425523997516,0.1529433812751261,0.16978820736601627,0,0.0
78,URLLC,222.5,277.5,890,890,121970195.0,137045.16292134832,890,1.0,55.37064057182875,0.06221420288969522,0.0640358060037098,0,0.0,1.4436536364440957,0.0016220827375776356,0.0016615628832600208,0,0.0
79,eMBB,482.5,17.5,19,1910,302019673.5013768,158125.48350857425,18,0.9473684210526315,183.4023278587464,10.1890182143748,18.022466887624724,0,0.0,4.293757995180527,0.22598726290423823,0.2315594461077388,0,0.0
80,mMTC,224.75,275.25,450,449,36137466.0,80484.33407572383,449,0.9977777777777778,123.3808362687085,0.27479028122206794,0.29290942592707464,0,0.0,72.54529775452048,0.16121177278782328,0.18110790268128923,0,0.0
81,mMTC,295.0,205.0,590,590,46382860.0,78615.01694915254,590,1.0,158.0918186831207,0.26795223505613674,0.28752790341066464,0,0.0,93.44751690728724,0.15838562187675803,0.1768182636884424,0,0.0
82,eMBB,492.25,7.75,18,1950,278778213.0,142963.18615384615,17,0.9444444444444444,198.89583583529847,11.699755049135204,19.93618333298504,0,0.0,4.290218152849128,0.23834545293606269,0.2451402971527165,0,0.0
83,eMBB,486.0,14.0,21,1922,272648569.05291736,141856.695657085,20,0.9523809523809523,188.02245947268122,9.401122973634061,18.733330223188815,0,0.0,5.041273846528188,0.24006065935848517,0.2455432760723742,0,0.0
84,eMBB,496.75,3.25,17,1969,307295197.6476421,156066.6316138355,16,0.9411764705882353,191.52877117119414,11.970548198199634,18.82141652773067,0,0.0,3.807429714676735,0.22396645380451383,0.23304302676381985,0,0.0
85,URLLC,197.25,302.75,789,788,111396001.0,141365.48350253806,788,0.9987325728770595,49.05558724708433,0.062253283308482656,0.0644073251693254,0,0.0,1.3655297682713197,0.001730709465489632,0.0018929725172914568,0,0.0
86,eMBB,492.5,7.5,21,1948,306874448.174095,157533.08427828285,20,0.9523809523809523,195.44024841776138,9.77201242088807,16.82114230255128,0,0.0,4.747379797310753,0.22606570463384537,0.23304288737092388,0,0.0
87,eMBB,490.0,10.0,18,1941,312630980.3411441,161066.96565746734,17,0.9444444444444444,193.09645855766635,11.358615209274491,18.218072793472935,0,0.0,3.981560617983162,0.22119781211017567,0.22968377043468755,0,0.0
88,eMBB,490.75,9.25,28,1934,379316153.9820973,196130.37951504515,27,0.9642857142857143,188.6530507113934,6.987150026347904,14.115714829640845,0,0.0,6.2271544796942395,0.22239837427479428,0.2267662972465788,0,0.0
89,eMBB,491.5,8.5,17,1948,277934103.9075191,142676.64471638558,16,0.9411764705882353,195.53406088955606,12.220878805597254,19.632490821048084,0,0.0,4.12326216159171,0.24254483303480648,0.24564346382181967,0,0.0
90,mMTC,250.5,249.5,501,501,38901892.0,77648.48702594811,501,1.0,129.85362863465969,0.2591888795102988,0.2752927715019833,0,0.0,75.20002651465965,0.15009985332267395,0.17104889862591874,0,0.0
91,eMBB,494.25,5.75,18,1958,304712938.04920673,155624.5853162445,17,0.9444444444444444,194.30362475727003,11.429624985721766,16.72149446821085,0,0.0,4.092667272129707,0.22737040400720593,0.23261596299712944,0,0.0
92,eMBB,486.0,14.0,19,1924,303370663.3739858,157677.0599656891,18,0.9473684210526315,184.78546356536268,10.265859086964593,16.220152406175906,0,0.0,4.276075070449911,0.2250565826552585,0.23158770519796734,0,0.0
93,eMBB,482.0,18.0,20,1907,300346847.68632156,157497.03601799766,19,0.95,190.19377888364926,10.010198888613118,18.220094290007008,0,0.0,4.599108662102026,0.2299554331051013,0.23256620929893138,0,0.0
94,mMTC,298.5,201.5,597,597,47675581.0,79858.594639866,597,1.0,163.82734720913234,0.2744176670169721,0.29791722587984204,0,0.0,96.22060497562822,0.16117354267274409,0.185551884545488,0,0.0
95,mMTC,309.25,190.75,619,618,48084950.0,77807.36245954693,618,0.9983844911147012,165.61192157643336,0.2679804556252967,0.28918239348670344,0,0.0,97.8783843564335,0.15812339960651617,0.17839877684985603,0,0.0
96,eMBB,496.0,4.0,16,1967,281849728.42729247,143289.13494015887,15,0.9375,197.17303226595266,13.144868817730178,18.933150375725674,0,0.0,3.7542474669352814,0.2346404666834551,0.245632995611201,0,0.0
97,eMBB,493.75,6.25,16,1958,281017850.5449326,143522.90630486855,15,0.9375,190.30940222329218,12.687293481552812,20.33383361072641,0,0.0,3.884677138773938,0.24279232117337113,0.24651487200272168,0,0.0
98,eMBB,484.5,15.5,15,1922,300592880.49571943,156395.87955032228,14,0.9333333333333333,183.90613048555326,13.136152177539518,18.82183424648215,0,0.0,3.467717073719413,0.23118113824796088,0.23311031048454553,0,0.0
99,mMTC,253.5,246.5,507,507,39617153.0,78140.34122287968,507,1.0,133.90044097325247,0.26410343387229285,0.28251542379754857,0,0.0,77.92444388744036,0.15369712798311708,0.1741935538278911,0,0.0
100,eMBB,488.5,11.5,20,1933,305054906.1958835,157814.2297961115,19,0.95,197.31552858776072,10.385027820408459,18.12197794567622,0,0.0,4.519402167861465,0.22597010839307324,0.23164905726857185,0,0.0
101,eMBB,491.25,8.75,23,1941,308396917.2055815,158885.583310449,22,0.9565217391304348,191.18478226498598,8.690217375681181,17.01849890891824,0,0.0,5.2155524874429275,0.22676315162795338,0.2292523002128696,0,0.0
102,eMBB,493.25,6.75,25,1947,383304767.8597533,196869.42365678135,24,0.96,199.02774605185135,8.292822752160474,14.915758122165931,0,0.0,5.476508655141554,0.21906034620566217,0.22632847478491833,0,0.0
103,URLLC,200.5,299.5,802,801,112404837.0,140330.6329588015,801,0.9987531172069826,49.36116404675536,0.06162442452778447,0.0635723948178031,0,0.0,1.404036436948593,0.0017506688740007393,0.00193119310249585,0,0.0
104,eMBB,491.75,8.25,21,1945,275682243.375228,141738.9426093717,20,0.9523809523809523,196.38344772438526,9.819172386219263,19.33362712911208,0,0.0,5.003076030244353,0.23824171572592157,0.2446650299522427,0,0.0
105,eMBB,482.75,17.25,19,1911,295856267.90350944,154817.51329330687,18,0.9473684210526315,191.60990757352192,10.644994865195663,16.824569414908048,0,0.0,4.409006284732114,0.2320529623543218,0.23553288938459327,0,0.0
106,eMBB,493.25,6.75,15,1957,313292301.61745334,160088.04374933743,14,0.9333333333333333,185.55090501644491,13.253636072603209,17.91966845202744,0,0.0,3.407482852884246,0.2271655235256164,0.23068577501190696,0,0.0
107,eMBB,493.5,6.5,23,1950,306734072.64005625,157299.52443079808,22,0.9565217391304348,188.7233068282624,8.578332128557381,18.122646791028554,0,0.0,5.159754584460939,0.22433715584612776,0.23216321899160788,0,0.0
108,mMTC,313.5,186.5,627,626,49383858.0,78887.95207667732,626,0.9984051036682615,172.45853081457784,0.2754928607261627,0.2986726288720029,0,0.0,101.85847000874327,0.16245370017343425,0.18568461827371224,0,0.0
109,eMBB,488.5,11.5,27,1926,378388352.9017921,196463.31926365115,26,0.9629629629629629,190.86426366176417,7.340933217760161,13.917364680346525,0,0.0,5.934913936963208,0.21981162729493364,0.22731137396166587,0,0.0
110,eMBB,485.25,14.75,18,1922,274526926.94578004,142833.9890456712,17,0.9444444444444444,191.1857081515893,11.246218126564075,18.935457009683763,0,0.0,4.28547796587105,0.23808210921505835,0.24616597329733975,0,0.0
111,eMBB,489.25,10.75,18,1938,277394143.010372,143134.2327194902,17,0.9444444444444444,196.09309313528814,11.534887831487538,19.83461976602295,0,0.0,4.2878717440475995,0.2382150968915333,0.2451540716344457,0,0.0
112,URLLC,200.75,299.25,803,802,112898938.0,140771.74314214464,802,0.9987546699875467,49.59394067434229,0.06183783126476595,0.06382736071567344,0,0.0,1.3503721375517983,0.0016816589508739704,0.0017243215141748394,0,0.0
113,mMTC,256.0,244.0,512,511,41723482.0,81650.64970645793,511,0.998046875,134.97379443003027,0.2641365840118009,0.284472649563063,0,0.0,78.78268495356664,0.15387243154993485,0.17554013571690913,0,0.0
114,eMBB,489.0,11.0,19,1936,305772586.75743276,157940.38572181444,18,0.9473684210526315,180.06364458574183,10.00353581031899,17.32085495651855,0,0.0,4.364077874000172,0.22968830915790378,0.23167880632146828,0,0.0
115,eMBB,488.5,11.5,22,1931,307999668.1074423,159502.6763891467,21,0.9545454545454546,187.12354231771045,8.910644872271925,16.91894973785946,0,0.0,4.946802211185707,0.22485464596298668,0.23070443759405054,0,0.0
116,eMBB,492.25,7.75,24,1944,383676129.0693133,197364.26392454386,23,0.9583333333333334,198.62001681481922,8.63565290499214,14.716020831451472,0,0.0,5.264762808189676,0.21936511700790318,0.22778366404835812,0,0.0
117,mMTC,300.0,200.0,600,599,47487710.0,79278.31385642738,599,0.9983333333333333,151.85998190093,0.25352250734712856,0.2733194019086193,0,0.0,87.15405782869813,0.14525676304783022,0.16156481250690988,0,0.0
118,eMBB,490.5,9.5,17,1944,278808655.19149333,143420.09011908094,16,0.9411764705882353,191.00327582241366,11.937704738900853,19.233957857198412,0,0.0,3.9906630808713164,0.23474488711007743,0.2456606063429689,0,0.0
119,eMBB,489.75,10.25,19,1939,301997702.5003825,155749.20190839737,18,0.9473684210526315,195.63246366090993,10.868470203383886,19.02261706082518,0,0.0,4.334699648504152,0.22814208676337644,0.23408635381282783,0,0.0
120,eMBB,495.75,4.25,22,1960,309677395.9044991,157998.6713798465,21,0.9545454545454546,199.4496126247924,9.49760060118059,17.42062497489661,0,0.0,4.97142156863866,0.22597370766539362,0.23119639342940276,0,0.0
121,eMBB,493.75,6.25,16,1958,311806828.41932523,159247.61410588623,15,0.9375,190.68126375224503,12.712084250149669,18.52127865494017,0,0.0,3.5534477785852627,0.22209048616157892,0.23221363769393513,0,0.0
122,URLLC,189.75,310.25,759,758,107859967.0,142295.4709762533,758,0.9986824769433466,46.26692972044697,0.06103816585810946,0.06305567436093036,0,0.0,1.2772339499578511,0.0016827851778100805,0.0017208587874169548,0,0.0
123,eMBB,490.0,10.0,23,1936,381443082.12758964,197026.38539648225,22,0.9565217391304348,193.14175422002913,8.77917064636496,14.716004384955937,0,0.0,5.077761198345106,0.22077222601500462,0.22732745515696742,0,0.0
124,eMBB,493.5,6.5,16,1957,279778254.6726521,142962.82814136543,15,0.9375,188.50353032957977,12.566902021971986,19.933536911494564,0,0.0,3.8888705904016847,0.2430544119001053,0.24618951401493963,0,0.0
125,eMBB,492.5,7.5,18,1952,278907204.00000006,142882.78893442627,18,1.0,199.3405538952901,11.074475216405006,20.634101478394108,0,0.0,4.307125094073716,0.2392847274485398,0.24471168830607962,0,0.0
126,mMTC,300.75,199.25,602,601,48922215.0,81401.35607321131,601,0.9983388704318937,159.21200569462795,0.26491182311918127,0.2830565647426525,0,0.0,92.96854692710667,0.15443280220449612,0.1716886092049809,0,0.0
127,eMBB,495.75,4.25,22,1960,309468598.5018191,157892.14209276484,21,0.9545454545454546,187.95282133475914,8.950134349274245,17.418982783407,0,0.0,4.974531725281196,0.22611507842187253,0.23219158886124933,0,0.0
128,eMBB,490.25,9.75,16,1944,309558373.6908722,159237.84654880257,15,0.9375,194.9366280231988,12.995775201546587,18.12019248615799,0,0.0,3.6132354119247476,0.22582721324529673,0.23225553977307586,0,0.0
129,eMBB,487.75,12.25,21,1929,307165878.14473176,159235.81033941513,20,0.9523809523809523,186.0085442069951,9.300427210349756,15.716889203788893,0,0.0,4.723696513093462,0.22493792919492678,0.23074197719594144,0,0.0
130,eMBB,485.5,14.5,25,1916,377405353.28678787,196975.65411627758,24,0.96,192.83131091984103,8.034637954993377,14.21488895190838,0,0.0,5.487468858304307,0.2194987543321723,0.22693315335565398,0,0.0
131,eMBB,496.0,4.0,17,1966,280880804.11022836,142869.17808251697,16,0.9411764705882353,196.94985140183192,12.309365712614495,20.534338707791132,0,0.0,4.044506595851546,0.23791215269714977,0.24521146357658666,0,0.0
132,eMBB,495.75,4.25,16,1966,282453893.0943282,143669.32507341212,15,0.9375,188.84424132138867,12.589616088092578,18.33482648153832,0,0.0,3.824963795852458,0.23906023724077863,0.24528094352541344,0,0.0
133,URLLC,192.5,307.5,770,770,108635141.0,141084.5987012987,770,1.0,47.64805308963389,0.06188058842809596,0.063879609457875,0,0.0,1.381502091557021,0.0017941585604636637,0.0019835654850548397,0,0.0
134,eMBB,493.5,6.5,21,1952,307308506.33660555,157432.63644293317,20,0.9523809523809523,192.971556161295,9.64857780806475,18.420468427761197,0,0.0,4.787365514974153,0.22796978642734064,0.23120184218066364,0,0.0
135,eMBB,496.0,4.0,19,1964,309939411.7625833,157810.29112147828,18,0.9473684210526315,187.33831651715983,10.407684250953324,18.520483463585965,0,0.0,4.2449936021977726,0.22342071590514592,0.23226055017007674,0,0.0
136,eMBB,491.0,9.0,17,1946,313208384.521947,160949.8378838371,16,0.9411764705882353,195.93069742608787,12.245668589130492,17.91969210074741,0,0.0,3.8119554703068603,0.22423267472393296,0.23034184592132034,0,0.0
137,eMBB,491.5,8.5,21,1944,385314326.3560457,198206.95800208114,20,0.9523809523809523,196.06049459121505,9.803024729560752,14.911035590797448,0,0.0,4.582685949978749,0.21822314047517852,0.22696487330135415,0,0.0
138,eMBB,490.5,9.5,18,1943,278279147.84829265,143221.3833496102,17,0.9444444444444444,195.3306914400816,11.490040672945977,19.9950804169312,0,0.0,4.237136839490994,0.23539649108283298,0.2462439182410199,0,0.0
139,eMBB,492.75,7.25,16,1954,279885760.9675123,143237.33928736555,15,0.9375,182.71584700132814,12.18105646675521,20.235397750137107,0,0.0,3.7998636399924477,0.23749147749952798,0.24479334054821136,0,0.0
140,eMBB,492.0,8.0,20,1947,300817276.36708474,154502.96680384423,19,0.95,198.10878037945378,10.426777914708094,17.32426617384853,0,0.0,4.623890007069021,0.23119450035345107,0.23415127159464336,0,0.0
141,eMBB,495.75,4.25,18,1964,312578503.281087,159154.0240738732,17,0.9444444444444444,192.2119634961107,11.306586088006512,18.419881739484566,0,0.0,4.002646045010218,0.2223692247227899,0.2307793842742928,0,0.0
142,eMBB,487.5,12.5,23,1926,302351074.28219616,156983.94303333134,22,0.9565217391304348,193.11526074945945,8.777966397702702,17.918598880960552,0,0.0,5.162034632150161,0.22443628835435483,0.23231945247333385,0,0.0
143,URLLC,220.25,279.75,881,881,123769085.0,140487.04313280364,881,1.0,53.82747700595218,0.06109815778201156,0.06308131675680195,0,0.0,1.5875985394137466,0.0018020414749304729,0.0019858335696728846,0,0.0
144,URLLC,146.75,353.25,587,587,84410756.0,143800.265758092,587,1.0,35.96508154811216,0.06126930417054882,0.06285606583148705,0,0.0,1.0651309197788632,0.0018145330830985744,0.002004425255030129,0,0.0
145,mMTC,278.0,222.0,556,555,44328393.0,79870.97837837838,555,0.9982014388489209,141.13988169366058,0.2543060931417308,0.2701023235076644,0,0.0,81.33266260287127,0.1462817672713512,0.1633592469264678,0,0.0
146,eMBB,492.5,7.5,16,1953,279147148.05976796,142932.4874858003,15,0.9375,185.769604992579,12.384640332838599,18.233897166505606,0,0.0,3.854782846030103,0.24092392787688144,0.24430863361197283,0,0.0
147,eMBB,492.5,7.5,17,1952,303894725.8871917,155683.77350778264,16,0.9411764705882353,183.72910528332093,11.483069080207558,17.52369976345387,0,0.0,3.8167054945543866,0.2245120879149639,0.23369187464609142,0,0.0
148,eMBB,492.0,8.0,21,1946,307122762.21749353,157822.5910675712,20,0.9523809523809523,192.77582652184782,9.638791326092392,18.022114974415317,0,0.0,4.795348632701176,0.22834993489053218,0.23178215204085442,0,0.0
149,mMTC,248.5,251.5,497,497,38404042.0,77271.71428571429,497,1.0,132.4519419180571,0.2665029012435756,0.2875208990927758,0,0.0,77.14284850164665,0.15521699899727698,0.17476007622936815,0,0.0
150,eMBB,482.75,17.25,25,1905,302121895.3716657,158594.17079877466,24,0.96,190.44750540783272,7.935312725326363,14.919203937562573,0,0.0,5.70468381744628,0.22818735269785118,0.23120340034348696,0,0.0
151,mMTC,273.0,227.0,546,546,44043418.0,80665.60073260074,546,1.0,146.97991509840668,0.26919398369671554,0.2907697232573131,0,0.0,87.20088280007351,0.1597085765569112,0.18331491976503658,0,0.0
152,eMBB,491.75,8.25,18,1948,277108964.39193535,142253.06180284155,17,0.9444444444444444,194.941406270838,11.467141545343411,18.134290263298457,0,0.0,4.25098298126209,0.23616572118122722,0.24674465133504697,0,0.0
153,mMTC,236.5,263.5,473,473,36370576.0,76893.3953488372,473,1.0,123.08550659091675,0.2602230583317479,0.2786537425972714,0,0.0,71.56110784972019,0.15129198276896447,0.16753703959332084,0,0.0
154,eMBB,493.5,6.5,19,1954,303460829.80567,155302.3693990123,18,0.9473684210526315,198.32874467175185,11.018263592875103,18.821104112369206,0,0.0,4.33510288810334,0.2281633099001758,0.2347531720375982,0,0.0
155,eMBB,492.5,7.5,16,1954,312301635.00000036,159826.83469805546,16,1.0,198.88135414656867,12.430084634160542,18.220057450813268,0,0.0,3.635696156193271,0.22723100976207944,0.23225190800178916,0,0.0
156,eMBB,489.25,10.75,20,1936,305025570.73885584,157554.5303403181,19,0.95,193.20499078874118,10.16868372572322,17.21978990940418,0,0.0,4.525419883202501,0.22627099416012503,0.23237358542704123,0,0.0
157,eMBB,492.25,7.75,19,1949,312319771.8935278,160246.16310596603,18,0.9473684210526315,195.8602908342422,10.88112726856901,18.21780214558799,0,0.0,4.265215979284778,0.2244850515413041,0.22987280105991548,0,0.0
158,eMBB,493.25,6.75,22,1950,384850196.61452407,197359.07518693543,21,0.9545454545454546,187.18996557028095,8.913807884299093,13.915799037931155,0,0.0,4.923626006217538,0.2238011821007972,0.2260427573790435,0,0.0
159,eMBB,494.5,5.5,16,1961,280711300.8928285,143147.01728344138,15,0.9375,189.29755616233402,12.619837077488935,19.33477199196848,0,0.0,3.8863577192721923,0.24289735745451202,0.24533111997283807,0,0.0
160,eMBB,494.75,5.25,19,1959,280336061.8363491,143101.61400528287,18,0.9473684210526315,191.77432540908453,10.654129189393585,18.535778950982255,0,0.0,4.488888459020136,0.23625728731684925,0.24577815981206166,0,0.0
161,eMBB,495.5,4.5,19,1962,305706419.8989867,155813.66967328577,18,0.9473684210526315,182.97232536781542,10.165129187100856,18.22148951252168,0,0.0,4.280416155602737,0.22528506082119668,0.2342107049740287,0,0.0
162,eMBB,492.75,7.25,19,1952,309225424.0000003,158414.66393442638,19,1.0,199.36840655523318,10.493074029222798,18.42151145738263,0,0.0,4.354170030307468,0.22916684370039309,0.23140250881966168,0,0.0
163,eMBB,491.5,8.5,17,1948,308922814.2610927,158584.60691021188,16,0.9411764705882353,184.39827553186032,11.52489222074127,18.720787768069084,0,0.0,3.7883035417588196,0.22284138480934232,0.23196513924531795,0,0.0
164,eMBB,495.25,4.75,23,1957,312425530.8651908,159645.13585344446,22,0.9565217391304348,198.58172697639512,9.026442135290687,17.518447438926167,0,0.0,5.124817684421765,0.22281816019225065,0.23136875225198655,0,0.0
165,mMTC,240.5,259.5,481,480,39083773.0,81424.52708333333,480,0.997920997920998,129.4815009308114,0.2697531269391904,0.29034589751201706,0,0.0,77.18313107660931,0.16046388997216074,0.1803957091786837,0,0.0
166,eMBB,493.25,6.75,17,1955,279365401.08258694,142897.90336705215,16,0.9411764705882353,198.82695188529522,12.426684492830951,20.230679105578684,0,0.0,4.124706211333026,0.24262977713723685,0.24578422097717903,0,0.0
167,URLLC,200.0,300.0,800,799,111865217.0,140006.5294117647,799,0.99875,48.861168212706666,0.06115290139262411,0.06303750551458082,0,0.0,1.3862334218178964,0.0017327917772723706,0.0017701626146831176,0,0.0
168,mMTC,225.0,275.0,450,450,36753614.0,81674.69777777778,450,1.0,119.59869611242974,0.26577488024984386,0.28422895083496447,0,0.0,70.00643781738684,0.1555698618164152,0.17506001784351144,0,0.0
169,URLLC,183.75,316.25,735,735,101062270.0,137499.68707482994,735,1.0,45.883528993182345,0.06242657005875149,0.06464556889404023,0,0.0,1.4374704720285096,0.001955742138814299,0.0022681775447422055,0,0.0
170,eMBB,490.25,9.75,19,1941,306130040.68386984,157717.6922637145,18,0.9473684210526315,190.73555862593471,10.59641992366304,17.620779608711196,0,0.0,4.247810599334557,0.22356897891234512,0.23238515905635423,0,0.0
171,eMBB,491.5,8.5,19,1946,312449703.2829297,160559.97085453736,18,0.9473684210526315,194.11109305054694,10.783949613919274,18.317637596458297,0,0.0,4.2200884195294845,0.2221099168173413,0.2303875673942262,0,0.0
172,eMBB,493.0,7.0,23,1948,385696819.8266223,197996.3140793749,22,0.9565217391304348,198.5967519825507,9.027125090115941,14.914639572839848,0,0.0,5.0431603345922005,0.2192678406344435,0.22698428247101562,0,0.0
173,eMBB,494.0,6.0,19,1957,277991299.00000024,142049.71844660206,19,1.0,200.0475161000665,10.528816636845605,20.134515672827817,0,0.0,4.53499448300065,0.23868392015792897,0.24541432788914008,0,0.0
174,mMTC,297.0,203.0,594,594,46385326.0,78089.77441077441,594,1.0,154.83513168156276,0.2606652048511158,0.2782765452300958,0,0.0,90.09090196805856,0.15166818513141173,0.16909033122035005,0,0.0
175,URLLC,175.0,325.0,700,700,98386672.0,140552.38857142857,700,1.0,43.39797475764093,0.061997106796629904,0.0639175931898029,0,0.0,1.3678558522562954,0.0019540797889375646,0.0022815596591069134,0,0.0
176,eMBB,495.0,5.0,18,1961,312077980.00035614,159142.264151125,17,0.9444444444444444,197.16314461016884,11.597832035892285,17.320123124352317,0,0.0,4.059668873018875,0.22553715961215973,0.23103213961190344,0,0.0
177,eMBB,492.25,7.75,21,1947,306946120.655098,157650.8067052378,20,0.9523809523809523,196.24801410110044,9.812400705055023,18.618733749501683,0,0.0,4.784020996123847,0.2278105236249451,0.23192803162103684,0,0.0
178,eMBB,490.0,10.0,21,1938,309080645.20219487,159484.33704963615,20,0.9523809523809523,192.33784761667312,9.616892380833656,18.319446418555152,0,0.0,4.765855873454801,0.22694551778356195,0.22994547511394298,0,0.0
179,eMBB,489.25,10.75,25,1931,381036326.63413066,197325.90711244466,24,0.96,195.02354891152515,8.125981204646882,14.715045185963161,0,0.0,5.490844147879809,0.21963376591519235,0.22659153041616395,0,0.0
180,eMBB,492.75,7.25,21,1949,275908907.2514123,141564.34440811301,20,0.9523809523809523,197.7885823138618,9.88942911569309,19.03441537100464,0,0.0,5.030310123991161,0.23953857733291245,0.2454501491249805,0,0.0
181,eMBB,486.0,14.0,17,1926,276186020.0483571,143398.76430340452,16,0.9411764705882353,193.95214581638646,12.122009113524154,19.63522465992755,0,0.0,4.048493386282333,0.2381466697813137,0.24539679646901627,0,0.0
182,eMBB,490.5,9.5,19,1942,301466798.08222955,155235.22043369184,18,0.9473684210526315,197.70539013092724,10.983632785051514,17.923881696143646,0,0.0,4.415005596138952,0.23236871558626065,0.23483286663213834,0,0.0
183,eMBB,491.5,8.5,21,1944,307583542.15850616,158221.9867070505,20,0.9523809523809523,195.26893644396316,9.763446822198159,17.7214062801794,0,0.0,4.697438033961622,0.22368752542674392,0.2314252524662088,0,0.0
184,mMTC,285.5,214.5,571,571,45317058.0,79364.37478108582,571,1.0,152.4940043753527,0.26706480626156337,0.290693726416478,0,0.0,89.07276443005328,0.1559943335027203,0.18215677496348653,0,0.0
185,eMBB,491.25,8.75,20,1944,311057237.11584675,160008.86682913927,19,0.95,197.1544505851379,10.376550030796732,16.720302992487024,0,0.0,4.573044979033711,0.22865224895168557,0.23100394631384422,0,0.0
186,URLLC,154.25,345.75,617,616,84467486.0,137122.5422077922,616,0.9983792544570502,37.800585704511434,0.06136458718264843,0.06289617825354696,0,0.0,1.1927336830077404,0.0019331178006608434,0.002292547055192263,0,0.0
187,eMBB,490.5,9.5,17,1944,277055113.79491556,142518.06265170552,16,0.9411764705882353,190.28965287010303,11.89310330438144,20.532568321675736,0,0.0,4.091984208115769,0.24070495341857465,0.24553741193510786,0,0.0
188,eMBB,490.5,9.5,16,1945,278757065.77229214,143319.8281605615,15,0.9375,185.07201474472106,12.338134316314738,20.032653353146667,0,0.0,3.8603576360454777,0.24127235225284235,0.24541033950880803,0,0.0
189,mMTC,292.0,208.0,584,583,47126378.0,80834.26758147513,583,0.9982876712328768,154.92400155688998,0.265735851727084,0.28460292814621757,0,0.0,90.83214395386833,0.15553449307169234,0.17624164087215344,0,0.0
190,eMBB,493.25,6.75,17,1955,310929862.5045723,159043.4079307275,16,0.9411764705882353,192.43827619601225,12.027392262250766,17.019771454243987,0,0.0,3.8263650453270346,0.2250802967839432,0.23192964175201747,0,0.0
191,eMBB,491.0,9.0,17,1946,307923353.76411194,158233.99474003696,16,0.9411764705882353,195.02471479664445,12.189044674790278,18.71915365513969,0,0.0,3.9198863663419976,0.23058155096129399,0.23241138544802484,0,0.0
192,mMTC,274.0,226.0,548,548,44663314.0,81502.39781021897,548,1.0,151.71264841291594,0.2768478985637152,0.2984140978669048,0,0.0,89.86607666248857,0.16398919098994263,0.1880763088070758,0,0.0
193,URLLC,202.25,297.75,809,809,113304367.0,140054.84177997528,809,1.0,49.67775515237296,0.06140637225262418,0.0630289577368803,0,0.0,1.6237784982063064,0.002007142766633259,0.0025240421498234408,0,0.0
194,eMBB,489.5,10.5,16,1941,278919302.86161214,143698.76499825457,15,0.9375,197.50418311888762,13.166945541259174,20.13272772044543,0,0.0,3.899213718811978,0.24370085742574862,0.24738776559848616,0,0.0
195,eMBB,492.0,8.0,20,1948,277198824.0000002,142299.1909650925,20,1.0,199.37799264624635,9.968899632312318,18.732282248629872,0,0.0,4.7752186086181485,0.23876093043090743,0.24544461772620396,0,0.0
196,eMBB,496.0,4.0,21,1962,304302887.21910167,155098.31152859412,20,0.9523809523809523,196.81052504675006,9.840526252337503,17.62422509267369,0,0.0,4.740152809756433,0.22572156236935395,0.23431613499722356,0,0.0
197,eMBB,489.0,11.0,23,1932,304822976.1886902,157775.86759248975,22,0.9565217391304348,195.8173589944276,8.900789045201254,17.91582936925426,0,0.0,5.266858493216572,0.2289938475311553,0.2319557011954799,0,0.0
198,eMBB,490.0,10.0,20,1939,305854894.63348424,157738.4706722456,19,0.95,190.85755845303677,10.045134655422988,17.219617547311337,0,0.0,4.485877658840859,0.22429388294204294,0.23301596386026638,0,0.0
199,URLLC,189.75,310.25,759,758,106518454.0,140525.66490765172,758,0.9986824769433466,46.412082015634674,0.06122965965123308,0.06330029373032298,0,0.0,1.520612901349787,0.0020034425577731057,0.002325587749094249,0,0.0
200,eMBB,488.5,11.5,24,1929,380025523.46524924,197006.49220593533,23,0.9583333333333334,196.59134444684304,8.547449758558393,14.517403912240464,0,0.0,5.353135604786909,0.22304731686612123,0.22756115861708873,0,0.0
201,eMBB,493.0,7.0,21,1950,274595299.33816385,140818.10222469943,20,0.9523809523809523,192.96060010494787,9.648030005247394,16.734697643433524,0,0.0,5.10945369691939,0.24330731890092333,0.2450287060973273,0,0.0
202,eMBB,495.0,5.0,19,1960,280221742.99574,142970.27703864285,18,0.9473684210526315,197.95726180922745,10.997625656068191,19.234320300339146,0,0.0,4.579379523159607,0.2410199749031372,0.24591281959372047,0,0.0
203,URLLC,154.5,345.5,618,618,87631160.0,141797.99352750808,618,1.0,38.346127128298555,0.06204874939854135,0.06413604366228567,0,0.0,1.2710592586832172,0.002056730192044041,0.0025403250528302193,0,0.0
204,mMTC,272.25,227.75,545,544,43981895.0,80849.07169117648,544,0.998165137614679,144.43915835526158,0.26551315874128967,0.28469970069641526,0,0.0,84.48931514808197,0.15502626632675592,0.1752189673630819,0,0.0
205,mMTC,258.5,241.5,517,517,40383538.0,78111.2920696325,517,1.0,138.15789619011642,0.26722997328842635,0.2901498057268994,0,0.0,80.7988528362702,0.15628404803920734,0.1768823035046772,0,0.0
206,eMBB,490.25,9.75,19,1941,312201197.0681863,160845.5420237951,18,0.9473684210526315,196.36011264823298,10.908895147124055,17.316651054776294,0,0.0,4.272778638042267,0.22488308621275088,0.23105674306845253,0,0.0
207,mMTC,270.75,229.25,542,541,43357276.0,80142.83918669132,541,0.9981549815498155,146.09437877664334,0.2700450624337215,0.29251664418573237,0,0.0,86.94066384136565,0.1604071288586082,0.18227479251906575,0,0.0
208,eMBB,487.75,12.25,18,1932,276045171.76611,142880.52368846274,17,0.9444444444444444,190.44134353537785,11.202431972669286,19.931706024061036,0,0.0,4.261600175329131,0.23675556529606284,0.24650240074359284,0,0.0
209,eMBB,493.75,6.25,20,1953,277263171.70184237,141967.82985245384,19,0.95,195.92418266400594,10.31179908757926,16.733493030033273,0,0.0,4.838860482460645,0.24194302412303226,0.24496550234617254,0,0.0
210,mMTC,230.75,269.25,462,461,36925383.0,80098.44468546638,461,0.9978354978354979,122.86350229345332,0.26651518935673174,0.2877707320013304,0,0.0,72.13958627259858,0.15614629063333024,0.1777497477920889,0,0.0
211,mMTC,295.5,204.5,591,590,46616158.0,79010.4372881356,590,0.9983079526226735,156.70404699625604,0.26560007965467125,0.2873552422810095,0,0.0,91.90462289454514,0.1555069761329021,0.1769592996286594,0,0.0
212,eMBB,489.25,10.75,20,1936,305433919.14932853,157765.4541060581,19,0.95,195.17360297903676,10.272294893633514,18.321362887246398,0,0.0,4.605382225933385,0.23026911129666927,0.2330165566721689,0,0.0
213,eMBB,491.5,8.5,20,1945,311953014.9610978,160387.1542216441,19,0.95,196.31523245905993,10.332380655739996,18.218730534890543,0,0.0,4.540345802270428,0.2270172901135214,0.23062148896501578,0,0.0
214,eMBB,494.75,5.25,21,1957,387106748.96526927,197806.20795363784,20,0.9523809523809523,194.4582829458154,9.72291414729077,14.298225396955957,0,0.0,4.592021885886534,0.2186677088517397,0.22760119984229576,0,0.0
215,URLLC,201.25,298.75,805,805,114898918.0,142731.5751552795,805,1.0,49.77047382040712,0.06182667555330077,0.06372056520761757,0,0.0,1.6246409607916854,0.0020181875289337708,0.0023446443095427754,0,0.0
216,eMBB,494.25,5.75,22,1954,277761698.3871337,142150.3062370183,21,0.9545454545454546,194.96972034233437,9.284272397254018,19.53284994597051,0,0.0,5.324105255004176,0.24200478431837166,0.2464189946442725,0,0.0
217,mMTC,262.75,237.25,526,525,44471982.0,84708.53714285714,525,0.9980988593155894,139.72491552012397,0.26614269622880754,0.28840650875346713,0,0.0,81.95683447807271,0.1558114723917732,0.17788292277056114,0,0.0
218,mMTC,296.5,203.5,593,592,45965648.0,77644.67567567568,592,0.9983136593591906,157.36881873949864,0.2658257073302342,0.2865952326229103,0,0.0,92.41988229180458,0.15585140352749507,0.17667781960239815,0,0.0
219,eMBB,496.25,3.75,19,1965,310895376.7093352,158216.4766968627,18,0.9473684210526315,199.31144793232428,11.07285821846246,18.021437479622005,0,0.0,4.332866287265597,0.22804559406661037,0.2326234385680973,0,0.0
220,URLLC,196.5,303.5,786,786,111258489.0,141550.24045801527,786,1.0,48.15987187753694,0.06127210162536507,0.0633887190662511,0,0.0,1.6605496548447087,0.002112658593950011,0.002584677715033731,0,0.0
221,URLLC,216.75,283.25,867,867,122496032.0,141287.2341407151,867,1.0,53.31003967739247,0.06148793503736155,0.0632670843381314,0,0.0,1.8563844290591103,0.002141158511025502,0.0027672977716176645,0,0.0
222,eMBB,486.5,13.5,18,1927,274085932.12207973,142234.5262698909,17,0.9444444444444444,192.06605938493988,11.298003493231757,20.429862656486396,0,0.0,4.386269950661789,0.24368166392565493,0.2460803963943798,0,0.0
223,eMBB,489.5,10.5,17,1940,278553077.0866258,143584.06035393084,16,0.9411764705882353,193.663091973743,12.103943248358938,20.533906523835935,0,0.0,4.068226676498793,0.23930745155875255,0.24596676211389154,0,0.0
224,eMBB,485.75,14.25,20,1922,297003993.0375907,154528.61240249255,19,0.95,183.61857011514005,9.664135269217898,19.023509451285484,0,0.0,4.642286254008573,0.23211431270042865,0.23445508124165657,0,0.0
225,eMBB,488.25,11.75,22,1930,304958298.64382726,158009.4811626048,21,0.9545454545454546,191.58061862463933,9.1228866011733,18.318812061846714,0,0.0,4.924598953566982,0.22384540698031738,0.23103563261906038,0,0.0
226,eMBB,486.5,13.5,25,1920,301702962.65946794,157136.95971847288,24,0.96,192.75843947879838,8.031601644949932,18.118433391597158,0,0.0,5.6461190028290735,0.22584476011316293,0.2330736067283967,0,0.0
227,eMBB,488.25,11.75,24,1928,306125382.78493303,158778.7255108574,23,0.9583333333333334,185.16971976044437,8.050857380888885,18.318145297567288,0,0.0,5.437587523793434,0.22656614682472642,0.23212772898964837,0,0.0
228,mMTC,306.0,194.0,612,611,50135754.0,82055.24386252045,611,0.9983660130718954,165.0881381412281,0.2701933521133029,0.29004416661077354,0,0.0,98.54940244459227,0.16102843536698083,0.18087660918866166,0,0.0
229,URLLC,144.25,355.75,577,577,81011383.0,140401.01039861352,577,1.0,35.70951521316885,0.061888241270656584,0.063717560176517,0,0.0,1.225733676630378,0.0021243217965864437,0.0025866869536706415,0,0.0
230,URLLC,177.75,322.25,711,711,99965661.0,140598.6793248945,711,1.0,43.590478945089345,0.061308690499422426,0.06312359856127651,0,0.0,1.3716465435508796,0.0019291793861475099,0.002104244755878235,0,0.0
231,eMBB,492.0,8.0,17,1950,304049209.0669889,155922.67131640457,16,0.9411764705882353,189.47861959517817,11.842413724698636,18.4211250694643,0,0.0,3.874733834355866,0.22792551966799213,0.23392652474553033,0,0.0
232,eMBB,493.5,6.5,17,1956,312136370.31133235,159578.92142706152,16,0.9411764705882353,187.28524264749603,11.705327665468502,18.618167325586633,0,0.0,3.778316870618624,0.22225393356580142,0.23155672708312244,0,0.0
233,eMBB,493.75,6.25,22,1952,307434628.96892387,157497.2484471946,21,0.9545454545454546,196.47468556452665,9.355937407834602,18.719417520676046,0,0.0,5.03212475609377,0.22873294345880774,0.23267901688673848,0,0.0
234,eMBB,493.25,6.75,22,1950,310861314.27294946,159416.05860151254,21,0.9545454545454546,186.0608100960621,8.860038576002959,18.51623543107408,0,0.0,4.91091732261273,0.223223514664215,0.23206175102264937,0,0.0
235,eMBB,491.0,9.0,20,1943,384805354.63413066,198047.01731041208,19,0.95,195.23036621309757,10.275282432268293,14.81515711292192,0,0.0,4.45281807688712,0.22264090384435603,0.2281828665775166,0,0.0
236,eMBB,494.25,5.75,16,1960,280836106.6043854,143283.7278593803,15,0.9375,185.2562453337523,12.350416355583487,19.73335672349291,0,0.0,3.8543646621721592,0.24089779138575995,0.24568474301180704,0,0.0
237,mMTC,297.5,202.5,595,594,49719795.0,83703.35858585859,594,0.9983193277310924,155.28776925663917,0.26142722097077303,0.2778864036693547,0,0.0,90.818943462973,0.15263687976970253,0.17097651785738885,0,0.0
238,URLLC,174.25,325.75,697,696,97727421.0,140412.96120689655,696,0.9985652797704447,43.232730240706985,0.06211599172515372,0.064351892658271,0,0.0,1.5119335810446148,0.002169201694468601,0.0028105067529977028,0,0.0
239,URLLC,165.75,334.25,663,662,91892117.0,138809.84441087613,662,0.9984917043740573,41.40373129232739,0.06254340074369696,0.06479271666299191,0,0.0,1.41325988140369,0.002131613697441463,0.0025894527496118586,0,0.0
240,eMBB,485.5,14.5,21,1920,302504221.1313892,157554.2818392652,20,0.9523809523809523,194.47326604268997,9.723663302134499,18.619235095664553,0,0.0,4.82217264124518,0.22962726863072286,0.23214296724344372,0,0.0
241,mMTC,306.5,193.5,613,613,48835062.0,79665.68026101142,613,1.0,170.0789868660556,0.277453485915262,0.3010617494315395,0,0.0,100.86968998195309,0.16455088088409967,0.1883293781494882,0,0.0
242,mMTC,291.0,209.0,582,582,44998365.0,77316.77835051547,582,1.0,157.68582031782083,0.2709378355976303,0.29125465955439384,0,0.0,94.2836826422654,0.16199945471179622,0.18080808538772714,0,0.0
243,URLLC,217.5,282.5,870,869,120301221.0,138436.38780207135,869,0.9988505747126437,53.79236861824074,0.06190145985988577,0.06385246274357818,0,0.0,1.922565384141259,0.002209845269127884,0.002834060650252061,0,0.0
244,eMBB,490.5,9.5,17,1944,278187757.83634937,143100.69847548835,16,0.9411764705882353,189.8602860895205,11.866267880595032,19.734315636199803,0,0.0,4.0673536276585205,0.23925609574461884,0.24606003522443584,0,0.0
245,mMTC,277.5,222.5,555,555,43154268.0,77755.43783783783,555,1.0,148.14696077314758,0.2669314608525182,0.28984259309141347,0,0.0,87.1518654873356,0.15703038826546956,0.17947943480081519,0,0.0
246,URLLC,227.0,273.0,908,907,127444944.0,140512.61742006615,907,0.998898678414097,56.73254692247593,0.06254966584616972,0.06495208326299191,0,0.0,2.0028865522752577,0.002205822194135746,0.0028231695016455874,0,0.0
247,URLLC,171.5,328.5,686,686,94615771.0,137923.86443148687,686,1.0,42.665215163046234,0.06219419119977585,0.06408703168895649,0,0.0,1.415740269584709,0.0020637613259252316,0.0024169165169694116,0,0.0
248,mMTC,265.25,234.75,531,530,41543529.0,78384.01698113208,530,0.9981167608286252,147.1132376914326,0.2775721465876087,0.2996063007404134,0,0.0,87.40630505177461,0.16460697749863393,0.1899173769797296,0,0.0
249,eMBB,490.25,9.75,24,1936,382244692.0735588,197440.4401206399,23,0.9583333333333334,196.20971763702835,8.53085728856645,14.912753073357843,0,0.0,5.2753551913980194,0.21980646630825082,0.22727146705895745,0,0.0
250,mMTC,258.0,242.0,516,516,40934182.0,79329.81007751937,516,1.0,131.84458834101775,0.2555127681027476,0.271832280148113,0,0.0,76.19394728905209,0.1476626885446746,0.1657088579258908,0,0.0
251,eMBB,496.5,3.5,19,1966,280487999.9820753,142669.3794415439,18,0.9473684210526315,185.60021167184792,10.311122870658217,17.73094658895021,0,0.0,4.529852642691685,0.2384132969837729,0.24552454716650482,0,0.0
252,eMBB,493.0,7.0,17,1954,304460185.97231066,155813.81063066053,16,0.9411764705882353,190.7217539640473,11.920109622752957,18.523541175066278,0,0.0,3.8168927548891065,0.22452310322877098,0.23396851790020834,0,0.0
253,eMBB,491.0,9.0,20,1943,307347904.1838366,158182.1431723297,19,0.95,197.59652034384968,10.399816860202614,17.81973881724515,0,0.0,4.523967733683959,0.22619838668419795,0.2321350260803338,0,0.0
254,URLLC,186.25,313.75,745,745,103753567.0,139266.53288590605,745,1.0,46.350634034913725,0.06221561615424661,0.06420236364280264,0,0.0,1.5970604799137262,0.0021437053421660755,0.002648635316969412,0,0.0
255,mMTC,267.5,232.5,535,535,43170236.0,80692.02990654205,535,1.0,148.4969247148787,0.2775643452614555,0.30201758416658225,0,0.0,88.21260194872487,0.1648833681284577,0.18977064570504373,0,0.0
256,mMTC,230.0,270.0,460,460,36369543.0,79064.22391304348,460,1.0,125.09239138669518,0.2719399812754243,0.2940823395012721,0,0.0,75.03449965669522,0.16311847751455483,0.18545709780426417,0,0.0
257,eMBB,495.75,4.25,17,1965,280939476.9572586,142971.74399860488,16,0.9411764705882353,192.27942749860767,12.01746421866298,20.33320918149262,0,0.0,4.092103085994913,0.2407119462349949,0.24666069557836573,0,0.0
258,eMBB,486.0,14.0,20,1923,273782922.9431751,142372.81484304476,19,0.95,189.22659948132366,9.95929470954335,19.331855582285083,0,0.0,4.866752720654814,0.2433376360327407,0.24708586491504467,0,0.0
259,mMTC,278.25,221.75,557,556,44593902.0,80204.85971223022,556,0.9982046678635548,148.57250446671983,0.2672167346523738,0.29051717376138697,0,0.0,87.5070722000533,0.15710425888698976,0.1809840804280536,0,0.0
260,eMBB,490.5,9.5,19,1942,308331326.92355704,158769.99326650723,18,0.9473684210526315,193.62888218812458,10.757160121562476,17.81888640677319,0,0.0,4.247941524217869,0.22357586969567733,0.23208636212647604,0,0.0
261,eMBB,493.25,6.75,20,1952,307382148.23409134,157470.36282484187,19,0.95,191.34556232804857,10.070819069897293,16.919130253705905,0,0.0,4.5857012754583835,0.22928506377291918,0.23179138210179467,0,0.0
262,mMTC,255.0,245.0,510,509,42428205.0,83356.00196463654,509,0.9980392156862745,141.41776791303693,0.2778345145639232,0.2981670904712903,0,0.0,84.34633232278007,0.16538496533878447,0.1830493532538175,0,0.0
263,mMTC,240.5,259.5,481,481,36978818.0,76879.0395010395,481,1.0,130.98599591784355,0.27232015783335456,0.29298619377800666,0,0.0,78.53617580863413,0.16327687278302314,0.18687376447093085,0,0.0
264,mMTC,298.0,202.0,596,596,48897159.0,82042.21308724832,596,1.0,152.6067794080589,0.2560516433021123,0.2754735406504006,0,0.0,88.42218250310152,0.14835936661594215,0.16448335032979178,0,0.0
265,URLLC,197.0,303.0,788,788,110669346.0,140443.33248730964,788,1.0,48.35109200446405,0.06135925381277164,0.06315473905510373,0,0.0,1.6135535856178929,0.0020476568345404733,0.0023827071565763677,0,0.0
266,eMBB,493.0,7.0,18,1953,303678337.21119845,155493.26022078775,17,0.9444444444444444,194.59144344772076,11.44655549692475,17.520744859648687,0,0.0,4.098962833203158,0.22772015740017545,0.23395532965426524,0,0.0
267,eMBB,495.75,4.25,20,1962,311443121.54605377,158737.57469217828,19,0.95,191.5844185401647,10.083390449482353,18.418079033368866,0,0.0,4.51775454445546,0.225887727222773,0.23160671393889337,0,0.0
268,eMBB,491.25,8.75,21,1944,305786966.00000006,157297.82201646094,21,1.0,198.8901407939053,9.470959085424061,18.420963005248343,0,0.0,4.724060580108548,0.22495526571945465,0.2332336782360233,0,0.0
269,mMTC,292.5,207.5,585,584,46973958.0,80434.8595890411,584,0.9982905982905983,162.15300850785883,0.2776592611435939,0.2989922210695809,0,0.0,96.7534388246108,0.16539049371728343,0.18703696409446519,0,0.0
270,eMBB,490.5,9.5,25,1937,381340346.99999994,196871.62983995868,24,0.96,198.82763694099418,8.284484872541425,14.014829582095535,0,0.0,5.380656158944357,0.2152262463577743,0.2267534236233888,0,0.0
271,eMBB,493.25,6.75,21,1951,276113474.11058515,141524.07694033068,20,0.9523809523809523,188.32451153936145,9.416225576968072,19.832907464486325,0,0.0,4.9812180686967125,0.23720086041412916,0.24578108867324477,0,0.0
272,mMTC,248.5,251.5,497,497,41198033.0,82893.42655935614,497,1.0,130.47010322208592,0.2625152982335733,0.279044307249344,0,0.0,76.52363140909453,0.15397108935431497,0.17147961049720728,0,0.0
273,eMBB,493.75,6.25,16,1958,305734910.32256734,156146.53234043275,15,0.9375,191.00421832997358,12.733614555331572,17.823167008329445,0,0.0,3.5921318988393915,0.22450824367746197,0.23454161183355904,0,0.0
274,eMBB,496.25,3.75,18,1966,312710308.4600512,159059.15994916135,17,0.9444444444444444,195.05039860329487,11.473552859017346,17.718773509544377,0,0.0,4.062701773760536,0.22570565409780757,0.2321089506965582,0,0.0
275,mMTC,297.0,203.0,594,593,47983603.0,80916.69983136594,593,0.9983164983164983,159.22024524529255,0.2684995703967834,0.29361644530304587,0,0.0,93.60483880353277,0.15758390370965114,0.17903446820902874,0,0.0
276,mMTC,255.25,244.75,511,510,40597476.0,79602.89411764705,510,0.9980430528375733,142.2184498053822,0.2788597055007494,0.29799542037408716,0,0.0,85.01367797734797,0.16636727588522107,0.18436480457060714,0,0.0
277,eMBB,488.75,11.25,26,1928,379522380.1370742,196847.70753997623,25,0.9615384615384616,197.12383342656233,7.884953337062493,14.813046588738711,0,0.0,5.718687855623697,0.21994953290860375,0.2287019653639373,0,0.0
278,eMBB,493.5,6.5,19,1954,276928386.9680636,141723.84184650134,18,0.9473684210526315,187.41285591569527,10.411825328649737,18.0346305701183,0,0.0,4.549117383233066,0.23942723069647714,0.24621643372523794,0,0.0
279,eMBB,494.0,6.0,19,1956,278489938.9957404,142377.26942522515,18,0.9473684210526315,197.56135095712244,10.975630608729025,18.93320883606054,0,0.0,4.5944773183724354,0.2418145957038124,0.24566408218958943,0,0.0
280,eMBB,485.75,14.25,21,1921,297233968.2396252,154728.77055680647,20,0.9523809523809523,184.53355512399875,9.226677756199937,17.622107591214363,0,0.0,4.874557248608931,0.23212177374328244,0.23417018777110168,0,0.0
281,URLLC,223.75,276.25,895,895,125103050.0,139779.94413407822,895,1.0,56.04369683954445,0.06261865568664185,0.06455288608175742,0,0.0,2.1209478914676083,0.0023697741804107357,0.0031181238407185104,0,0.0
282,eMBB,494.0,6.0,20,1955,309192494.195884,158154.72848894322,19,0.95,199.45155700955033,10.497450368923701,17.821036901914447,0,0.0,4.492085315497698,0.22460426577488488,0.2323049973206672,0,0.0
283,mMTC,256.0,244.0,512,511,42008680.0,82208.76712328767,511,0.998046875,142.5286479590837,0.27892103318803074,0.2996816435530597,0,0.0,85.33992129395521,0.16667953377725628,0.18845363076113184,0,0.0
284,URLLC,182.75,317.25,731,731,103926622.0,142170.48153214774,731,1.0,45.020767511298395,0.061587917252118186,0.06353468343875669,0,0.0,1.6794467779650775,0.002297464812537726,0.0030633412386048375,0,0.0
285,eMBB,493.5,6.5,21,1952,276641024.060582,141721.83609660962,20,0.9523809523809523,186.6290140606229,9.331450703031145,18.733552723998383,0,0.0,4.987162657914169,0.2374839360911509,0.24620964178432359,0,0.0
286,eMBB,495.5,4.5,16,1965,282842300.90377843,143940.10224110863,15,0.9375,190.8385485420612,12.72256990280408,20.13256905312595,0,0.0,3.83885625337067,0.23992851583566688,0.2462046937569874,0,0.0
287,URLLC,223.0,277.0,892,891,126163386.0,141597.51515151514,891,0.9988789237668162,55.3644048935687,0.062137379229594496,0.064559305133759,0,0.0,2.0573817373464607,0.0023064817683256284,0.0030615010933687137,0,0.0
288,eMBB,492.25,7.75,21,1947,308313063.18383723,158352.88299118503,20,0.9523809523809523,198.21571980312098,9.910785990156048,18.319065505605707,0,0.0,4.761970061246709,0.22676047910698613,0.23134204055332397,0,0.0
289,mMTC,290.5,209.5,581,581,47121887.0,81104.79690189329,581,1.0,156.11978166813623,0.2687087464167577,0.2922783709624879,0,0.0,91.68373520967481,0.15780333082560208,0.18442479044966736,0,0.0
290,eMBB,492.0,8.0,19,1948,312931871.96109784,160642.64474389007,18,0.9473684210526315,196.39803597409548,10.91100199856086,18.318449203126338,0,0.0,4.319128659415332,0.22732256102185958,0.23025696030181966,0,0.0
291,eMBB,489.0,11.0,24,1931,379762669.03171337,196666.32264718454,23,0.9583333333333334,193.67989639752008,8.420865060761743,14.212181884898257,0,0.0,5.3545637212975405,0.22310682172073085,0.22730969969035392,0,0.0
292,mMTC,277.75,222.25,556,555,44258209.0,79744.52072072073,555,0.9982014388489209,142.3492349947679,0.2564851080986809,0.2748682299998473,0,0.0,82.69618407647731,0.1487341440224412,0.17166071752121476,0,0.0
293,mMTC,282.25,217.75,565,564,46282402.0,82060.9964539007,564,0.9982300884955753,148.13865422373783,0.2626571883399607,0.2795363390691769,0,0.0,86.95753382784052,0.15390713951830182,0.17285347445379223,0,0.0
294,mMTC,277.0,223.0,554,554,44241398.0,79858.119133574,554,1.0,148.5751876473402,0.26818625929122775,0.2914618716512089,0,0.0,87.87051734033163,0.1586110421305625,0.18266495677941408,0,0.0
295,mMTC,236.0,264.0,472,471,37104068.0,78777.2144373673,471,0.9978813559322034,125.7264797524641,0.2669352011729599,0.2888174303784959,0,0.0,74.10624371337607,0.15700475363003405,0.1777420796092651,0,0.0
296,eMBB,493.5,6.5,17,1956,310065767.84989566,158520.3312116031,16,0.9411764705882353,189.79282483414272,11.86205155213392,17.51957724850242,0,0.0,3.8048040359521025,0.22381200211482954,0.232313915154331,0,0.0
297,mMTC,234.5,265.5,469,469,38727130.0,82573.83795309169,469,1.0,130.74884978633347,0.27878219570646795,0.30077257282790115,0,0.0,78.30433356992313,0.16696019950943097,0.1915449556445559,0,0.0
298,mMTC,261.5,238.5,523,522,41168925.0,78867.6724137931,522,0.9980879541108987,142.3107152829057,0.2726258913465627,0.29516205348798397,0,0.0,85.69004804047556,0.1638433040926875,0.1857380529324284,0,0.0
299,eMBB,494.25,5.75,17,1959,279949606.69163114,142904.34236428337,16,0.9411764705882353,187.34397006724086,11.708998129202554,19.631457742485374,0,0.0,4.060182780495604,0.23883428120562378,0.24629111941565934,0,0.0
300,mMTC,278.75,221.25,558,557,44444751.0,79793.08976660682,557,0.9982078853046595,146.41679850737194,0.26286678367571265,0.28027186659054437,0,0.0,86.06236608549152,0.15423363097758336,0.1742701411204589,0,0.0
301,mMTC,246.0,254.0,492,491,40118531.0,81707.80244399185,491,0.9979674796747967,131.75277975041993,0.2683356003063542,0.2872593026837181,0,0.0,78.18420554238739,0.15891098687477112,0.17879611257838013,0,0.0
302,eMBB,491.0,9.0,21,1942,307598870.31133235,158392.8271428076,20,0.9523809523809523,186.81038322300586,9.340519161150294,18.117935559482273,0,0.0,4.757506506423585,0.22654792887731356,0.23271628266933972,0,0.0
303,eMBB,494.25,5.75,19,1957,309160582.65946716,157976.79236559384,18,0.9473684210526315,195.18489408558713,10.843605226977063,18.52083154197899,0,0.0,4.321137395059869,0.2274282839505194,0.2329185390754902,0,0.0
304,URLLC,183.25,316.75,733,733,102335449.0,139611.7994542974,733,1.0,44.968838991676904,0.061349030002287724,0.06359237076462611,0,0.0,1.6576110928307415,0.0022614066750760455,0.002870847535649585,0,0.0
305,eMBB,488.25,11.75,23,1929,379695520.9958107,196835.41783090238,22,0.9565217391304348,190.90071484892547,8.677305220405703,14.612861570558733,0,0.0,5.1637512171313125,0.22451092248397012,0.22786790218626934,0,0.0
306,eMBB,493.25,6.75,17,1955,279245612.62997305,142836.630501265,16,0.9411764705882353,198.83860648742456,12.427412905464035,20.435229739223814,0,0.0,4.058577442752042,0.23873984957364952,0.2468438957818475,0,0.0
307,eMBB,488.0,12.0,20,1931,274996481.717814,142411.43537949974,19,0.95,191.28925873591726,10.067855722943014,20.232741000406453,0,0.0,4.7351331077816905,0.23675665538908452,0.24672107859965448,0,0.0
308,URLLC,149.75,350.25,599,599,83382022.0,139202.04006677796,599,1.0,37.24498547939947,0.062178606810349694,0.06426136877912081,0,0.0,1.4390912432455982,0.002402489554667109,0.003314774353451492,0,0.0
309,eMBB,493.5,6.5,18,1955,311549860.2687383,159360.54233695054,17,0.9444444444444444,185.50768606608148,10.912216827416557,18.220652991446386,0,0.0,4.023996944209238,0.22355538578940212,0.2332965286960832,0,0.0
310,mMTC,241.75,258.25,484,483,39645963.0,82082.73913043478,483,0.9979338842975206,129.95263755087558,0.2690530798154774,0.2916239716569317,0,0.0,76.48701204831153,0.15803101662874283,0.17922149336633342,0,0.0
311,eMBB,494.5,5.5,20,1957,313132883.6303673,160006.58335736702,19,0.95,198.07132249026705,10.424806446856161,18.046313517959426,0,0.0,4.503115702065376,0.22515578510326878,0.23027611085315514,0,0.0
312,eMBB,485.0,15.0,24,1915,378434617.93158484,197615.9884760234,23,0.9583333333333334,195.80815276826792,8.513397946446432,14.814251344603429,0,0.0,5.284765761900851,0.22019857341253546,0.2264717533848957,0,0.0
313,mMTC,263.25,236.75,527,526,42028634.0,79902.34600760456,526,0.9981024667931688,135.04912629092652,0.25674738838579186,0.2726614538575526,0,0.0,78.52250718870411,0.14899906487420134,0.17182071334473206,0,0.0
314,eMBB,492.0,8.0,19,1948,278355853.6789211,142893.14870581165,18,0.9473684210526315,192.647016955,10.702612053055555,20.532403985599966,0,0.0,4.484572708389694,0.23603014254682597,0.245781402450786,0,0.0
315,mMTC,197.0,303.0,391,390,31062143.0,79646.52051282051,390,0.9974424552429667,178.2685831264999,0.45709893109358946,65.39929131985204,0,0.0,135.79028138855293,0.347289722221363,65.29181615643323,0,0.0
316,eMBB,487.5,12.5,21,1927,314096984.3839575,162997.91613075117,20,0.9523809523809523,193.35513126466228,9.667756563233114,18.720761458681324,0,0.0,4.696674396105471,0.22365116171930813,0.2318692758764362,0,0.0
317,mMTC,282.25,217.75,565,564,46018724.0,81593.48226950354,564,0.9982300884955753,152.189398414618,0.26983935889116667,0.29294209063129073,0,0.0,89.88728466282316,0.15909253922623567,0.1806381600330001,0,0.0
318,eMBB,490.5,9.5,20,1941,310649488.4795178,160046.10431711376,19,0.95,190.89037869248358,10.046862036446504,18.01789436748625,0,0.0,4.522369951583117,0.22611849757915584,0.23031816975061192,0,0.0
319,eMBB,486.0,14.0,25,1918,377758201.69339883,196954.2240320119,24,0.96,195.02028661260533,8.125845275525222,14.415377544278336,0,0.0,5.5107598040774395,0.22043039216309757,0.22736812911360726,0,0.0
320,eMBB,494.25,5.75,15,1961,281736415.06377184,143669.76800804277,14,0.9333333333333333,191.67483950233063,13.691059964452188,20.432799007100932,0,0.0,3.572761436868334,0.23818409579122227,0.24681122065989936,0,0.0
321,URLLC,199.5,300.5,798,798,112553195.0,141044.10401002507,798,1.0,49.013524728376304,0.06142045705310314,0.0633095297735057,0,0.0,1.7486338960685976,0.0021912705464518767,0.002668316237459074,0,0.0
322,eMBB,493.5,6.5,21,1952,303106903.9201746,155280.17618861404,20,0.9523809523809523,194.71882988285049,9.735941494142525,17.62210150487127,0,0.0,4.763975652593049,0.22685598345681188,0.23562540245775065,0,0.0
323,URLLC,210.0,290.0,840,840,119501574.0,142263.7785714286,840,1.0,52.712810310191074,0.06275334560737032,0.06469131382158888,0,0.0,2.131402193267941,0.0025373835634142153,0.003386390235148903,0,0.0
324,eMBB,490.0,10.0,21,1938,305087324.69544035,157423.800152446,20,0.9523809523809523,185.95228489353855,9.297614244676927,18.717932470912334,0,0.0,4.813928229718202,0.22923467760562866,0.23233844264068965,0,0.0
325,eMBB,497.0,3.0,19,1968,316215984.49757415,160678.853911369,18,0.9473684210526315,197.60497641685168,10.97805424538065,18.219129040473753,0,0.0,4.232087984701464,0.22274147287902443,0.23088325552644628,0,0.0
326,eMBB,480.25,19.75,22,1898,374411833.2036898,197266.50853724437,21,0.9545454545454546,186.1430549154646,8.863954995974504,14.814013480826556,0,0.0,4.9013822625235735,0.22279010284198061,0.22656929218317767,0,0.0
327,eMBB,490.75,9.25,17,1945,276862144.1388252,142345.57539271217,16,0.9411764705882353,186.78192573707346,11.673870358567092,17.832149487898636,0,0.0,4.103731847295796,0.24139599101739975,0.2463567122491781,0,0.0
328,eMBB,492.75,7.25,18,1952,279414810.84628206,143142.8334253494,17,0.9444444444444444,195.63319775462222,11.507835162036601,20.030542811416492,0,0.0,4.360072503353022,0.242226250186279,0.24529014658819323,0,0.0
329,eMBB,494.75,5.25,21,1957,303207732.573963,154934.96810115635,20,0.9523809523809523,188.56928329841816,9.428464164920907,18.02181884691723,0,0.0,4.8182843491020835,0.22944211186200397,0.236108735791084,0,0.0
330,eMBB,490.5,9.5,24,1937,306131061.1824366,158043.9138783875,23,0.9583333333333334,195.7648108856903,8.511513516769144,18.119512503099198,0,0.0,5.449548284742167,0.22706451186425694,0.23285076846006691,0,0.0
331,eMBB,494.0,6.0,18,1957,309810031.3344366,158308.65167830177,17,0.9444444444444444,197.70800520893343,11.629882659349025,18.21929881339719,0,0.0,4.037123435483505,0.22428463530463916,0.23293010211371243,0,0.0
332,mMTC,300.0,200.0,600,599,48379472.0,80767.06510851419,599,0.9983333333333333,167.48944788037429,0.2796151049755831,0.30101614790548925,0,0.0,100.64947701733325,0.16774912836222208,0.18609844856877172,0,0.0
333,URLLC,221.25,278.75,885,884,126317501.0,142893.10067873303,884,0.9988700564971752,54.55063071350584,0.06170885827319665,0.06334751845784133,0,0.0,2.172698756613436,0.002455026843631001,0.0031657282086610537,0,0.0
334,eMBB,491.75,8.25,16,1950,279715965.604385,143444.08492532565,15,0.9375,184.20121255130033,12.280080836753354,19.93267318990779,0,0.0,3.8126012657323813,0.23828757910827383,0.24590965493805966,0,0.0
335,eMBB,494.0,6.0,17,1958,280103077.37423366,143055.70856702435,16,0.9411764705882353,195.1295144176998,12.195594651106237,20.633885017661996,0,0.0,4.046262576947707,0.2380154457028063,0.24582583661872962,0,0.0
336,eMBB,490.75,9.25,20,1942,301450458.99528444,155226.80689767477,19,0.95,197.39185110499824,10.389044794999908,17.12049225293509,0,0.0,4.531004530876826,0.22655022654384133,0.2350878083593198,0,0.0
337,mMTC,294.0,206.0,588,588,46645824.0,79329.63265306123,588,1.0,157.09732701607368,0.26717232485726816,0.2842031205814593,0,0.0,92.49360076855221,0.1573020421233881,0.1750811812381639,0,0.0
338,mMTC,252.5,247.5,505,505,40016007.0,79239.61782178217,505,1.0,136.53436976937888,0.2703650886522354,0.29548616899630686,0,0.0,80.75076214476347,0.15990249929656133,0.18223755481531803,0,0.0
339,URLLC,158.5,341.5,634,633,89656499.0,141637.43917851502,633,0.998422712933754,38.91062333516028,0.06147017904448702,0.06308839229723724,0,0.0,1.5291040915060268,0.002411836106476383,0.0031654438953412625,0,0.0
340,eMBB,489.25,10.75,20,1937,383255481.0000001,197860.34124935474,20,1.0,197.8610133882982,9.89305066941491,14.712904791095886,0,0.0,4.387011759482881,0.21935058797414406,0.22654834846435154,0,0.0
341,eMBB,491.25,8.75,18,1946,277800653.08475155,142754.70353789904,17,0.9444444444444444,194.13410785283992,11.41965340310823,20.133628701956535,0,0.0,4.373875922533425,0.24299310680741248,0.24642428628552268,0,0.0
342,eMBB,492.0,8.0,15,1952,280359052.230108,143626.56364247337,14,0.9333333333333333,193.3689625162682,13.812068751162014,18.732843423230232,0,0.0,3.566400302688507,0.23776002017923378,0.24637440828275886,0,0.0
343,eMBB,492.75,7.25,18,1952,304621388.03758997,156056.0389536834,17,0.9444444444444444,186.1645285255175,10.950854619148089,18.820001759961183,0,0.0,4.182841183091185,0.23238006572728803,0.23524364605596862,0,0.0
344,eMBB,491.0,9.0,18,1945,310419555.0927996,159598.74297830314,17,0.9444444444444444,197.99546102630887,11.646791825076992,18.319124851791273,0,0.0,4.013778732163366,0.22298770734240922,0.23291334830110913,0,0.0
345,eMBB,486.75,13.25,18,1928,304745601.3827214,158063.07125659825,17,0.9444444444444444,178.72217357521626,10.513069033836251,18.21884737584468,0,0.0,4.151460824514561,0.23063671247303116,0.23344883162482447,0,0.0
346,eMBB,493.75,6.25,19,1955,314301862.59481025,160768.21616102825,18,0.9473684210526315,197.29053957373114,10.960585531873953,18.217281286506882,0,0.0,4.218270182746584,0.22201422014455705,0.23034469148852435,0,0.0
347,eMBB,495.25,4.75,23,1957,386676790.1057742,197586.5049084181,22,0.9565217391304348,189.2311480694873,8.601415821340332,14.91430069758727,0,0.0,5.1066861379345845,0.22202983208411237,0.22746159465650626,0,0.0
348,eMBB,487.5,12.5,20,1929,274368967.4751959,142233.78303535297,19,0.95,186.43062831777647,9.81213833251455,20.43115584083115,0,0.0,4.792706747936143,0.23963533739680715,0.24552015211539832,0,0.0
349,eMBB,494.75,5.25,17,1961,280679865.9506338,143130.98722622838,16,0.9411764705882353,181.18516233245765,11.324072645778603,17.43356755410591,0,0.0,4.007226583556894,0.23571921079746433,0.24496511393954642,0,0.0
350,eMBB,494.5,5.5,22,1955,302629959.0822288,154797.93303438812,21,0.9545454545454546,199.5322156631691,9.501534079198528,18.722722567190004,0,0.0,4.996815121393448,0.22712796006333855,0.23629190220296326,0,0.0
351,eMBB,477.75,22.25,19,1886,299609619.8968281,158859.81966958012,18,0.9473684210526315,194.91937993957202,10.828854441087335,22.97193410688018,0,0.0,4.3010506590079505,0.22637108731620792,0.23281802539335456,0,0.0
352,eMBB,492.75,7.25,19,1951,308292566.079197,158017.7171087632,18,0.9473684210526315,192.91833814908387,10.717685452726881,18.520178884352834,0,0.0,4.261658708655812,0.22429782677135854,0.23306664989078552,0,0.0
353,eMBB,488.5,11.5,18,1935,310302292.1665502,160362.94168813966,17,0.9444444444444444,189.15568467381956,11.126804980812915,18.316731831820103,0,0.0,4.072985993589505,0.2262769996438614,0.23089545124959565,0,0.0
354,mMTC,253.5,246.5,507,507,42872363.0,84560.87376725838,507,1.0,138.71443927808403,0.2735984995622959,0.2966568010242587,0,0.0,83.6267539694728,0.16494428790823037,0.18772082324648087,0,0.0
355,eMBB,494.75,5.25,16,1962,280949741.3150168,143195.58680683834,15,0.9375,186.9118543439813,12.460790289598753,20.431945389293656,0,0.0,3.8267649535974266,0.23917280959983916,0.24644397451174466,0,0.0
356,eMBB,492.75,7.25,21,1949,277503338.649071,142382.42106160647,20,0.9523809523809523,198.6116150330054,9.93058075165027,20.032880087091716,0,0.0,4.981746428218886,0.23722602039137555,0.24540295914383892,0,0.0
357,eMBB,489.25,10.75,16,1940,302832060.6041588,156099.00031142207,15,0.9375,187.175042139859,12.478336142657266,19.01968813850026,0,0.0,3.674915998336597,0.2296822498960373,0.23384132159265666,0,0.0
358,mMTC,249.5,250.5,499,498,41957225.0,84251.45582329317,498,0.9979959919839679,133.4858368601087,0.2680438491166841,0.28695627742054836,0,0.0,79.0802753287636,0.15847750566886493,0.1795640216940526,0,0.0
359,URLLC,185.25,314.75,741,741,105198539.0,141968.338731444,741,1.0,46.19434737854375,0.06234054976861505,0.06443715411986757,0,0.0,1.7528729566206929,0.0023655505487458744,0.0030334564790278633,0,0.0
360,eMBB,493.0,7.0,17,1954,314147302.7849326,160771.39344162366,16,0.9411764705882353,186.17325172601815,11.635828232876134,18.017323118724,0,0.0,3.7814899411550758,0.222440584773828,0.23137023409727905,0,0.0
361,mMTC,276.5,223.5,553,553,44255140.0,80027.37793851718,553,1.0,151.07997505039125,0.27320067821047245,0.2980150774131476,0,0.0,90.95151170900233,0.1644692797631145,0.18923317581677002,0,0.0
362,URLLC,222.0,278.0,888,887,123608041.0,139355.17587373167,887,0.9988738738738738,55.05917270777919,0.062073475431543616,0.06413747353359817,0,0.0,2.1928645503870428,0.0024694420612466697,0.0032193675515552593,0,0.0
363,mMTC,292.5,207.5,585,584,46959016.0,80409.27397260274,584,0.9982905982905983,153.94837252532514,0.2636102269269266,0.282182083378964,0,0.0,90.9519658600919,0.155473445914687,0.17627320178648864,0,0.0
364,eMBB,488.5,11.5,20,1933,299300126.2396256,154837.10617673336,19,0.95,185.38286508719978,9.756992899326304,18.122108766291984,0,0.0,4.526885138660644,0.2263442569330322,0.2353269201920624,0,0.0
365,eMBB,493.75,6.25,17,1957,310769921.8471059,158799.142487024,16,0.9411764705882353,192.28171683001005,12.017607301875628,18.11918945812368,0,0.0,3.793677362390789,0.22315749190534054,0.23248743473309108,0,0.0
366,eMBB,491.25,8.75,19,1945,306571219.52045375,157620.16427786826,18,0.9473684210526315,189.52288887238157,10.529049381798977,16.019475651903218,0,0.0,4.267000541261481,0.22457897585586745,0.23339311415692576,0,0.0
367,eMBB,495.75,4.25,20,1962,314100799.00000054,160092.15035677908,19,0.95,200.25478258409163,10.539725399162718,18.218162343272013,0,0.0,4.499168229770423,0.22495841148852116,0.23045439878513427,0,0.0
368,eMBB,494.75,5.25,24,1954,385142883.25103164,197104.85325027208,23,0.9583333333333334,191.89281384554687,8.343165819371603,14.81433771508903,0,0.0,5.2817258104573614,0.22007190876905672,0.22749800967460684,0,0.0
369,eMBB,493.75,6.25,15,1959,281379315.3098715,143634.15789171593,14,0.9333333333333333,184.3762796839539,13.169734263139564,19.234415937355962,0,0.0,3.5812362445063264,0.23874908296708844,0.24608460310802638,0,0.0
370,eMBB,492.25,7.75,17,1951,280841905.25180155,143947.67055448567,16,0.9411764705882353,181.8121380744001,11.363258629650007,20.433248634774607,0,0.0,4.137528773460789,0.2433840454976935,0.2464313405014862,0,0.0
371,eMBB,492.25,7.75,20,1948,301996947.8519628,155029.23401024783,19,0.95,194.06822505171246,10.214117107984867,18.321861448429846,0,0.0,4.614773153877764,0.2307386576938882,0.23482536025282183,0,0.0
372,eMBB,494.5,5.5,19,1958,310141820.9966176,158397.2528072613,18,0.9473684210526315,191.6079646496002,10.64488692497779,18.01979073462441,0,0.0,4.345563076915068,0.22871384615342466,0.2320826053960527,0,0.0
373,eMBB,494.0,6.0,22,1953,306161429.12983036,156764.68465429102,21,0.9545454545454546,192.78733359632187,9.18034921887247,17.117437170612487,0,0.0,4.970765414165701,0.2259438824620773,0.2330247373325995,0,0.0
374,mMTC,307.25,192.75,615,614,47947927.0,78091.08631921824,614,0.9983739837398374,171.86330078007663,0.2799076559936101,0.3026161171769877,0,0.0,103.25306508742703,0.1678911627437838,0.19083286315989367,0,0.0
375,URLLC,212.5,287.5,850,849,121197558.0,142753.3074204947,849,0.9988235294117647,52.46903347261584,0.06180098171097272,0.06381538794152856,0,0.0,2.213896070100929,0.002604583611883446,0.003437240196437635,0,0.0
376,eMBB,487.0,13.0,19,1928,274394208.06377256,142320.64733598163,18,0.9473684210526315,189.38545976387,10.52141443132611,19.33145537246993,0,0.0,4.638286198176567,0.2441203262198193,0.2470214594745029,0,0.0
377,eMBB,496.25,3.75,17,1967,282878375.8772723,143812.08738041297,16,0.9411764705882353,196.3850925364214,12.274068283526338,19.932966512422087,0,0.0,4.008350668428471,0.23578533343696886,0.24601569190776965,0,0.0
378,eMBB,486.0,14.0,16,1927,300797282.97231084,156096.1509975666,15,0.9375,187.91480048539748,12.527653365693165,18.92162196338265,0,0.0,3.7179443752267796,0.23237152345167372,0.23484199652738855,0,0.0
379,mMTC,269.75,230.25,540,539,42763711.0,79338.9814471243,539,0.9981481481481481,144.63392472807175,0.2683375226865895,0.28842308377609027,0,0.0,85.61537826926832,0.15854699679494133,0.18116635146839788,0,0.0
380,eMBB,494.5,5.5,16,1961,311729313.3354235,158964.4637100579,15,0.9375,195.75843874497144,13.050562582998095,18.52066812260872,0,0.0,3.5679496188406157,0.22299685117753848,0.2326478363433022,0,0.0
381,mMTC,306.0,194.0,612,612,49211716.0,80411.30065359476,612,1.0,171.99044649665183,0.2810301413343984,0.3023262813345731,0,0.0,103.7529832026346,0.16953101830495848,0.19365094513829217,0,0.0
382,mMTC,247.5,252.5,495,495,40247775.0,81308.63636363637,495,1.0,135.69008015371818,0.27412137404791553,0.29393469988300774,0,0.0,82.03260467288487,0.1657224336825957,0.18767960321634114,0,0.0
383,eMBB,493.0,7.0,19,1952,278373964.4647081,142609.6129429857,18,0.9473684210526315,195.84334848382645,10.880186026879247,19.795092910483667,0,0.0,4.500988279027303,0.2368941199488054,0.24611470283160272,0,0.0
384,eMBB,495.75,4.25,14,1968,285299216.6383648,144969.11414551057,13,0.9285714285714286,196.0903250244142,15.08387115572417,20.332510114174752,0,0.0,3.2805585278056677,0.23432560912897626,0.2459352769550445,0,0.0
385,mMTC,258.75,241.25,518,517,41405681.0,80088.35783365571,517,0.9980694980694981,139.41298732862904,0.26965761572268676,0.287934077452292,0,0.0,82.9247146038426,0.16008632162903977,0.18087842753776204,0,0.0
386,eMBB,493.25,6.75,18,1954,311893574.1585054,159618.00110465987,17,0.9444444444444444,195.59423743573464,11.505543378572625,18.320128967559047,0,0.0,4.022831728292527,0.22349065157180703,0.23214328778690324,0,0.0
387,eMBB,489.5,10.5,19,1938,306479260.4084044,158142.0332344708,18,0.9473684210526315,184.10962796744442,10.228312664858024,18.319065037813818,0,0.0,4.359073788992587,0.22942493626276775,0.232716843074297,0,0.0
388,URLLC,172.5,327.5,690,690,93901868.0,136089.66376811595,690,1.0,42.45988573665877,0.06153606628501271,0.06314776001570016,0,0.0,1.741917253197293,0.0025245177582569464,0.0034717302968577013,0,0.0
389,eMBB,484.5,15.5,23,1914,377458388.64077747,197209.18946749085,22,0.9565217391304348,193.15596009005068,8.779816367729577,14.414858311141183,0,0.0,5.136594317394801,0.22333018771281743,0.22716845114877313,0,0.0
390,eMBB,496.0,4.0,16,1967,282036056.1347992,143383.86178688315,15,0.9375,194.60647932758465,12.973765288505643,20.529912694384656,0,0.0,3.8297012603672878,0.23935632877295548,0.24703962155957152,0,0.0
391,eMBB,489.5,10.5,20,1937,275379927.6028371,142168.26412123753,19,0.95,189.7129434954943,9.984891762920753,20.03392392848325,0,0.0,4.875278377520719,0.24376391887603596,0.24700599431396944,0,0.0
392,eMBB,493.25,6.75,18,1954,304324188.7779575,155744.2112476753,17,0.9444444444444444,196.51603683145686,11.559766872438638,18.318489559844842,0,0.0,4.144783563345339,0.2302657535191855,0.23438520326746065,0,0.0
393,mMTC,279.5,220.5,559,558,43823135.0,78536.08422939068,558,0.998211091234347,149.85667560923534,0.2685603505541852,0.2859379140173023,0,0.0,89.05058402702427,0.15930337035245845,0.1771248976435702,0,0.0
394,mMTC,249.0,251.0,498,498,39491982.0,79301.1686746988,498,1.0,134.72900936895522,0.2705401794557334,0.28991195225607236,0,0.0,79.8759348605792,0.16039344349513898,0.1789509635381236,0,0.0
395,mMTC,284.75,215.25,570,569,45357475.0,79714.36731107206,569,0.9982456140350877,159.637650779408,0.28055826147523377,0.30369447869767774,0,0.0,96.24598806966446,0.16885261064853416,0.19204679459511356,0,0.0
396,eMBB,484.75,15.25,26,1912,375887133.05403763,196593.68883579373,25,0.9615384615384616,187.2637233256503,7.4905489330260115,14.413055884489317,0,0.0,5.781807699451398,0.22237721920966916,0.22814260117400123,0,0.0
397,URLLC,197.0,303.0,788,788,111324331.0,141274.53172588832,788,1.0,49.00537013309102,0.062189556006460686,0.06422737320656591,0,0.0,2.0683989800141167,0.0026248718020483713,0.003505358977789363,0,0.0
398,eMBB,494.0,6.0,17,1958,281115304.19149375,143572.6783409059,16,0.9411764705882353,192.49109829439018,12.030693643399387,19.13401698310719,0,0.0,4.119712486219915,0.24233602860117145,0.24560981691329783,0,0.0
399,eMBB,491.0,9.0,19,1944,302269224.2111985,155488.2840592585,18,0.9473684210526315,193.8965253734183,10.772029187412128,19.02052675192007,0,0.0,4.337843839241689,0.22830757048640468,0.2339838920764653,0,0.0
400,eMBB,491.5,8.5,21,1944,307355792.72872776,158104.83165058013,20,0.9523809523809523,195.55197031193924,9.777598515596962,17.61821775093893,0,0.0,4.716496983832944,0.22459509446823545,0.23206546314283905,0,0.0
401,URLLC,224.75,275.25,899,899,125521328.0,139623.2791991101,899,1.0,56.15178463453887,0.0624602721185082,0.06452002130102387,0,0.0,2.2747910560773157,0.0025303571257812188,0.0033416450144687832,0,0.0
402,eMBB,494.5,5.5,22,1955,311483044.7052557,159326.3655781359,21,0.9545454545454546,189.75391109669536,9.035900528414064,17.917774863065837,0,0.0,5.0191717582050766,0.2281441708275035,0.23052817916086593,0,0.0
403,eMBB,494.0,6.0,21,1954,385771620.3123515,197426.62247305605,20,0.9523809523809523,187.04170796138806,9.352085398069402,14.512159436076509,0,0.0,4.703299923019575,0.22396666300093213,0.22669783566502422,0,0.0
404,mMTC,261.0,239.0,522,521,41632703.0,79909.21880998081,521,0.9980842911877394,134.4577174753358,0.2580762331580342,0.27422193193074706,0,0.0,78.7279372192009,0.15081980310191742,0.1671212252219642,0,0.0
405,eMBB,489.75,10.25,20,1938,276931595.72061145,142895.56022735368,19,0.95,196.07175304036227,10.31956594949275,19.33303130263579,0,0.0,4.738007074694239,0.23690035373471194,0.24657335354261078,0,0.0
406,eMBB,494.75,5.25,17,1961,305709174.6390762,155894.53066755543,16,0.9411764705882353,184.17452057287423,11.51090753580464,16.749072159383342,0,0.0,3.894405473590307,0.22908267491707687,0.23493275608748193,0,0.0
407,eMBB,491.75,8.25,19,1947,308585580.67249274,158492.85088469068,18,0.9473684210526315,196.61489857784156,10.923049920991197,17.097982442929453,0,0.0,4.357409095581808,0.22933732082009514,0.2327009981424092,0,0.0
408,eMBB,493.0,7.0,17,1954,310081984.38948596,158690.88249206037,16,0.9411764705882353,182.67570224971826,11.417231390607391,17.618525422348956,0,0.0,3.9013338459941096,0.22949022623494764,0.23314339014043206,0,0.0
409,eMBB,494.75,5.25,17,1961,316440545.5270576,161366.92785673513,16,0.9411764705882353,194.6608466355255,12.166302914720344,18.21863653365863,0,0.0,3.773422608172153,0.22196603577483254,0.23093595861116556,0,0.0
410,URLLC,204.0,296.0,816,816,113426431.0,139002.97916666666,816,1.0,50.49887431205216,0.06188587538241686,0.06389201985374882,0,0.0,2.2422416537188155,0.0027478451638710973,0.0036958557602995846,0,0.0
411,mMTC,233.0,267.0,466,466,38527767.0,82677.61158798283,466,1.0,120.18587556793298,0.25790960422303216,0.2733317828983759,0,0.0,70.16896489921508,0.15057717789531133,0.1684141625728255,0,0.0
412,eMBB,491.25,8.75,19,1945,276715240.8546669,142270.046711911,18,0.9473684210526315,191.38226031607564,10.632347795337536,18.335662242421304,0,0.0,4.637331779678365,0.24407009366728238,0.2475777624765163,0,0.0
413,eMBB,495.0,5.0,16,1963,307431177.2698745,156612.92779922287,15,0.9375,198.05283206890897,13.203522137927264,18.721403448633108,0,0.0,3.6614346670503815,0.22883966669064884,0.23600154562327474,0,0.0
414,eMBB,495.5,4.5,18,1963,312184052.41419667,159034.1581325505,17,0.9444444444444444,192.74745384225545,11.338085520132674,18.518649686119844,0,0.0,4.080402220069503,0.2266890122260835,0.2330217610296147,0,0.0
415,eMBB,496.5,3.5,18,1967,311372569.2593438,158298.2050123761,17,0.9444444444444444,190.4945590580666,11.20556229753333,18.31885586625327,0,0.0,4.034464448160647,0.2241369137867026,0.2322350150062015,0,0.0
416,eMBB,495.25,4.75,23,1957,310987290.6559996,158910.21494941215,22,0.9565217391304348,199.8648183893588,9.084764472243581,16.61856426755157,0,0.0,5.148988593140309,0.22386906926696998,0.23061483500476002,0,0.0
417,eMBB,488.5,11.5,22,1931,380360374.660425,196975.8543036898,21,0.9545454545454546,193.17099551734094,9.198618834159092,15.11420465172823,0,0.0,4.945128555395538,0.22477857069979718,0.22771556711348873,0,0.0
418,URLLC,219.75,280.25,879,878,124479130.0,141775.77448747153,878,0.9988623435722411,54.62354628126377,0.062213606242897235,0.06429184523733514,0,0.0,2.3911074297039234,0.0027202587368645318,0.0035428853211276947,0,0.0
419,mMTC,316.0,184.0,632,632,50118299.0,79301.10601265823,632,1.0,167.20077379532293,0.2645581863850046,0.28250370112294965,0,0.0,98.91272777993825,0.15650748066445927,0.17423683753320596,0,0.0
420,URLLC,226.25,273.75,905,905,123697948.0,136682.81546961327,905,1.0,56.474392224350545,0.062402643341823806,0.06487931467373856,0,0.0,2.4142971789658945,0.0026677316894650766,0.0037105282758293015,0,0.0
421,eMBB,493.0,7.0,22,1949,307899137.6768474,157978.0080435338,21,0.9545454545454546,197.27124851143546,9.393868976735021,17.718324705806435,0,0.0,4.954245844118419,0.2251929929144736,0.2322702667469438,0,0.0
422,eMBB,489.75,10.25,19,1939,307543975.09744656,158609.57973050364,18,0.9473684210526315,189.31826466009232,10.517681370005128,18.51844485044383,0,0.0,4.372516042110424,0.23013242326896965,0.23365396071683842,0,0.0
423,eMBB,493.0,7.0,22,1949,309960649.67710143,159035.73610933885,21,0.9545454545454546,191.03823379639587,9.097058752209326,15.918354326183485,0,0.0,4.914244496298302,0.223374749831741,0.23061987683539306,0,0.0
424,mMTC,272.0,228.0,544,543,43294519.0,79732.07918968692,543,0.9981617647058824,149.17036428554368,0.27471521967871765,0.29936604709555353,0,0.0,90.51259286724343,0.16638344277066808,0.1910291257066646,0,0.0
425,eMBB,490.5,9.5,20,1941,275511580.37397254,141943.1119907123,19,0.95,190.18822531091595,10.009906595311366,18.03287066182921,0,0.0,4.759535655313632,0.23797678276568163,0.2470769105411313,0,0.0
426,mMTC,247.5,252.5,495,495,41006229.0,82840.86666666667,495,1.0,130.98609422249373,0.264618372166654,0.2831269124050009,0,0.0,77.51455525326296,0.15659506111770294,0.17565350419987263,0,0.0
427,eMBB,490.5,9.5,21,1940,300206013.855599,154745.3679668036,20,0.9523809523809523,197.19871341891425,9.859935670945713,16.597636950608752,0,0.0,4.768549262412727,0.22707377440060605,0.23463654024692884,0,0.0
428,URLLC,214.0,286.0,856,856,118886928.0,138886.59813084113,856,1.0,53.87214360590517,0.06293474720316025,0.06531706775768703,0,0.0,2.3949068374435827,0.0027977883614995125,0.003766377376359349,0,0.0
429,mMTC,249.0,251.0,498,497,39889726.0,80261.01810865192,497,0.9979919678714859,134.92930406666824,0.2714875333333365,0.296970960018586,0,0.0,80.33834987227246,0.1613219876953262,0.18727300875141878,0,0.0
430,mMTC,251.25,248.75,503,502,39986351.0,79654.08565737052,502,0.9980119284294234,141.35116931590846,0.28157603449384155,0.30521694429101465,0,0.0,85.4999599825751,0.1699800397267895,0.19383047899186936,0,0.0
431,eMBB,491.0,9.0,24,1939,383716912.3467938,197894.23019432375,23,0.9583333333333334,195.47845801360427,8.499063391895838,14.912242842391313,0,0.0,5.278268036078108,0.21992783483658784,0.22685854545361211,0,0.0
432,eMBB,487.0,13.0,15,1932,277152803.79491556,143453.83219198528,14,0.9333333333333333,188.65635694978565,13.475454067841833,20.23272873798744,0,0.0,3.667080379636436,0.24447202530909573,0.24754036646127883,0,0.0
433,eMBB,493.5,6.5,18,1955,280465547.19182694,143460.6379497836,17,0.9444444444444444,196.00473259685393,11.529690152756114,19.03098826051064,0,0.0,4.248308833808645,0.2360171574338136,0.24617042585522142,0,0.0
434,eMBB,494.25,5.75,19,1957,303711903.0218663,155192.5922441831,18,0.9473684210526315,194.61061079239659,10.811700599577588,17.622511192814933,0,0.0,4.358634653169444,0.22940182385102337,0.23602482791764862,0,0.0
435,eMBB,490.5,9.5,19,1942,308324083.7764148,158766.26353059465,18,0.9473684210526315,196.47065640757262,10.915036467087369,17.41856476399633,0,0.0,4.319729303471896,0.2273541738669419,0.23230150504263666,0,0.0
436,eMBB,492.0,8.0,19,1948,307976351.5666189,158098.74310401382,18,0.9473684210526315,192.91159313143032,10.717310729523907,18.120333580204267,0,0.0,4.268695117521523,0.22466816408008017,0.23272532271422713,0,0.0
437,mMTC,254.75,245.25,510,509,41164644.0,80873.56385068763,509,0.9980392156862745,143.42293696691684,0.28177394296054387,0.3047487782559516,0,0.0,86.8122534807629,0.170220104864241,0.19249843126959537,0,0.0
438,mMTC,255.5,244.5,511,511,40663998.0,79577.29549902152,511,1.0,140.4815989430471,0.27491506642474967,0.29340344081142,0,0.0,85.21180854749157,0.16675500694225356,0.18699257704134528,0,0.0
439,eMBB,494.25,5.75,18,1958,279276025.651576,142633.3123858917,17,0.9444444444444444,194.53070692587318,11.442982760345481,19.232099554946004,0,0.0,4.38098510984709,0.2433880616581717,0.2467199396580398,0,0.0
440,eMBB,251.25,248.75,9,981,140765775.67353937,143492.1260688475,8,0.8888888888888888,102.36394414300734,12.795493017875918,19.934004588098194,0,0.0,2.140716366489443,0.23785737405438256,0.24614451781506366,0,0.0
441,eMBB,492.0,8.0,20,1947,302590300.3225674,155413.61084877627,19,0.95,190.83233811441414,10.043807269179691,18.120527460294184,0,0.0,4.593491395011966,0.22967456975059827,0.23603577875280798,0,0.0
442,eMBB,487.75,12.25,19,1931,306989653.9966168,158979.62402724847,18,0.9473684210526315,188.80517241135232,10.489176245075129,18.519496201468417,0,0.0,4.255155127764758,0.22395553304025043,0.23317608558855954,0,0.0
443,mMTC,250.25,249.75,501,500,40095389.0,80190.778,500,0.998003992015968,136.04608488336063,0.2720921697667213,0.29793589336133464,0,0.0,81.07664824985628,0.16182963722526203,0.18479522566902695,0,0.0
444,eMBB,493.0,7.0,17,1954,314361464.6580528,160880.9952190649,16,0.9411764705882353,193.057978380252,12.06612364876575,16.41631627102108,0,0.0,3.7760599974285762,0.222121176319328,0.2320637467410725,0,0.0
445,eMBB,485.5,14.5,25,1916,376799709.38943267,196659.55604876444,24,0.96,193.07531690957111,8.04480487123213,15.112262250326765,0,0.0,5.590003559448171,0.22360014237792683,0.22832750155980408,0,0.0
446,URLLC,212.75,287.25,851,850,120157756.0,141362.06588235294,850,0.9988249118683902,52.93904214247044,0.06228122604996523,0.06411186987408758,0,0.0,2.4419699071071927,0.002869529855590121,0.003816745456590485,0,0.0
447,eMBB,490.75,9.25,20,1942,277963237.01037127,143132.45984056193,19,0.95,196.91157827018836,10.363767277378335,20.63071872056059,0,0.0,4.783502512056712,0.2391751256028356,0.24622205749875295,0,0.0
448,eMBB,494.75,5.25,21,1957,302963419.6100516,154810.12754729256,20,0.9523809523809523,194.0422304644107,9.702111523220534,18.32237041017426,0,0.0,4.820611286579422,0.22955291840854392,0.2351297601818357,0,0.0
449,eMBB,493.0,7.0,19,1952,309597427.20523167,158605.23934694246,18,0.9473684210526315,190.85977076848695,10.603320598249276,17.020325822096016,0,0.0,4.311303929064465,0.22691073310865606,0.23278147116769018,0,0.0
450,mMTC,240.0,260.0,480,479,38265839.0,79886.92901878915,479,0.9979166666666667,130.2731366088051,0.27196896995575176,0.29895087763483896,0,0.0,77.88633660073276,0.16226320125152657,0.18878511411799176,0,0.0
451,mMTC,239.5,260.5,479,479,37534799.0,78360.74947807933,479,1.0,135.35871339560072,0.28258604049185954,0.3065439258739186,0,0.0,82.14941687867758,0.17150191415172775,0.19540359732691004,0,0.0
452,eMBB,494.25,5.75,19,1957,388935351.9315846,198740.598840871,18,0.9473684210526315,198.9692434475046,11.0538468581947,14.61469356524862,0,0.0,4.2142562798466106,0.22180296209719003,0.22737206992330766,0,0.0
453,eMBB,494.5,5.5,18,1959,280141155.92928225,143002.1214544575,17,0.9444444444444444,197.10909739949366,11.59465278820551,19.231249915200273,0,0.0,4.261223920266661,0.23673466223703674,0.2472383199026524,0,0.0
454,URLLC,214.5,285.5,858,858,120840138.0,140839.3216783217,858,1.0,52.88647607089554,0.06163924949987825,0.06357955062781286,0,0.0,2.1268253297417234,0.002478817400631379,0.003112601270885935,0,0.0
455,mMTC,265.25,234.75,531,530,43369069.0,81828.4320754717,530,0.9981167608286252,143.01502295940338,0.26983966596113845,0.2891039990311764,0,0.0,85.11572413136903,0.16029326578412248,0.17915001473031056,0,0.0
456,eMBB,484.0,16.0,20,1915,303920023.1108531,158704.97290383972,19,0.95,187.83133383122345,9.88585967532755,18.217074411680944,0,0.0,4.498276889345395,0.22491384446726975,0.23333153718257982,0,0.0
457,eMBB,466.25,33.75,20,1840,283672919.5207852,154170.06495694848,19,0.95,183.86167109647457,9.676930057709187,16.218683311778886,0,0.0,4.616481917431067,0.23082409587155336,0.24518439316248025,0,0.0
458,eMBB,494.25,5.75,19,1957,313842205.9151727,160369.03725864727,18,0.9473684210526315,193.0844210406723,10.72691228003735,17.416630580032137,0,0.0,4.2299196139181685,0.22262734810095625,0.23117691039779004,0,0.0
459,eMBB,492.25,7.75,21,1947,384220406.09674686,197339.7052371581,20,0.9523809523809523,192.78131658656562,9.639065829328281,14.212547060855695,0,0.0,4.65285857990974,0.22156469428141617,0.22704983458011843,0,0.0
460,mMTC,250.5,249.5,501,500,40081840.0,80163.68,500,0.998003992015968,129.6096071270762,0.2592192142541524,0.275508458349289,0,0.0,76.178362089686,0.15205261894148903,0.17038545561424628,0,0.0
461,eMBB,493.75,6.25,17,1957,281023555.91033465,143599.15989286389,16,0.9411764705882353,195.69805296367804,12.231128310229877,19.233521102383843,0,0.0,4.133911269366078,0.24317125113918106,0.24622034704243775,0,0.0
462,mMTC,291.75,208.25,584,583,46294424.0,79407.24528301887,583,0.9982876712328768,157.7534620920271,0.2705891288027909,0.2901940677080591,0,0.0,94.16460397681327,0.16124076023426928,0.18150269546033548,0,0.0
463,eMBB,486.25,13.75,19,1925,306361577.0927993,159148.8712170386,18,0.9473684210526315,196.24841483068616,10.902689712815897,18.617411439184934,0,0.0,4.3025610466529125,0.22645058140278487,0.23238694314776856,0,0.0
464,eMBB,491.75,8.25,18,1948,309338548.33609504,158798.02275980238,17,0.9444444444444444,194.99325331356607,11.470191371386239,18.0200449117369,0,0.0,4.037677118480905,0.22431539547116136,0.2329090894272172,0,0.0
465,eMBB,492.5,7.5,18,1951,313828368.96109736,160855.1352952831,17,0.9444444444444444,196.37503896529537,11.551472880311493,18.218612403568486,0,0.0,4.008936880528589,0.22271871558492162,0.23159401187413844,0,0.0
466,mMTC,261.0,239.0,522,522,42106193.0,80663.20498084291,522,1.0,143.6228348859194,0.27513953043279576,0.30098515443582224,0,0.0,87.14607730397512,0.16694650824516305,0.19286040249137779,0,0.0
467,mMTC,279.0,221.0,558,558,44420007.0,79605.74731182796,558,1.0,144.38761470776842,0.25875916614295413,0.2765238785202292,0,0.0,84.6332965474266,0.15167257445775376,0.17180212228091296,0,0.0
468,mMTC,264.5,235.5,529,529,42757452.0,80826.94139886579,529,1.0,140.47212217689847,0.2655427640395056,0.28440949586678854,0,0.0,83.40612312527439,0.1576675295373807,0.17870788694183742,0,0.0
469,eMBB,491.0,9.0,24,1939,299668408.9531029,154547.91591186327,23,0.9583333333333334,192.66077269595465,8.376555334606724,18.220739499751648,0,0.0,5.476715168725669,0.22819646536356955,0.23563411565959153,0,0.0
470,eMBB,485.25,14.75,19,1921,304675078.4015804,158602.33128661136,18,0.9473684210526315,186.53108712313394,10.362838173507441,17.618922737041043,0,0.0,4.388165463012897,0.2309560770006788,0.23283217879839557,0,0.0
471,eMBB,494.0,6.0,20,1955,308528782.04481035,157815.2337825117,19,0.95,185.33309236245933,9.7543732822347,18.519822208348987,0,0.0,4.508192646876111,0.22540963234380557,0.2328200564026187,0,0.0
472,eMBB,491.75,8.25,17,1949,313104289.5673714,160648.6862839258,16,0.9411764705882353,193.9311384793805,12.120696154961282,17.516786241905216,0,0.0,3.8536613010133878,0.22668595888314047,0.23217355424769445,0,0.0
473,eMBB,497.0,3.0,22,1965,388803360.1275903,197864.3054084429,21,0.9545454545454546,195.73978999769622,9.320942380842677,14.413213905055137,0,0.0,4.825923246439666,0.2193601475654394,0.22687631980026904,0,0.0
474,eMBB,493.5,6.5,18,1955,279579177.31501675,143007.25182353798,17,0.9444444444444444,186.73202023864258,10.984236484626035,20.73143121539878,0,0.0,4.384752052164336,0.243597336231352,0.24680035495759428,0,0.0
475,eMBB,493.25,6.75,17,1955,280558649.91033494,143508.26082370075,16,0.9411764705882353,195.3724248312421,12.210776551952632,19.997084512600022,0,0.0,4.009901977886669,0.2358765869345099,0.24527090017513142,0,0.0
476,URLLC,214.0,286.0,856,856,119605802.0,139726.40420560748,856,1.0,53.52734853804953,0.06253194922669338,0.06500519799061853,0,0.0,2.45300680689566,0.002865662157588388,0.0038083411400425325,0,0.0
477,mMTC,294.75,205.25,590,589,47824636.0,81196.3259762309,589,0.9983050847457627,159.18650887790184,0.2702657196568792,0.29108839371198886,0,0.0,94.81631339038059,0.1607056159158993,0.18354652978922847,0,0.0
478,mMTC,293.5,206.5,587,586,45664929.0,77926.5,586,0.9982964224872232,159.91552110547593,0.27289338072606817,0.29991212800638134,0,0.0,95.81144295656372,0.16322221968750208,0.18790712424569755,0,0.0
479,eMBB,492.0,8.0,17,1950,314383067.9547035,161222.0861306172,16,0.9411764705882353,186.65297550194413,11.665810968871508,18.416987334950555,0,0.0,3.7783203470141826,0.2222541380596578,0.23077544785295803,0,0.0
480,eMBB,486.75,13.25,21,1925,381197781.4941984,198024.82155542774,20,0.9523809523809523,195.23761163212802,9.761880581606402,13.913327650831063,0,0.0,4.614799083687882,0.21975233731847058,0.22696905883784171,0,0.0
481,mMTC,246.5,253.5,493,493,41352760.0,83879.83772819473,493,1.0,127.78876650200468,0.25920642292495877,0.2744499613142962,0,0.0,75.13513378405604,0.1524039224828723,0.1688920236831566,0,0.0
482,eMBB,495.75,4.25,16,1966,284235654.5349004,144575.61268306227,15,0.9375,196.84549845449231,13.123033230299487,20.531937913750497,0,0.0,3.7699813490560232,0.23562383431600145,0.2463169202453772,0,0.0
483,URLLC,158.0,342.0,632,632,86789670.0,137325.42721518988,632,1.0,39.53977809060743,0.0625629400167839,0.06514683897523392,0,0.0,1.8772668679150937,0.002970358968220085,0.0040201012623901486,0,0.0
484,mMTC,293.0,207.0,586,585,45463378.0,77715.17606837607,585,0.9982935153583617,158.20142204256635,0.2704297812693442,0.29190870037865546,0,0.0,94.53970827170497,0.1613305601906228,0.18222662311369825,0,0.0
485,mMTC,254.75,245.25,510,509,41041255.0,80631.14931237721,509,0.9980392156862745,138.81934974972873,0.27272956728826864,0.29708625016470963,0,0.0,83.0335386536602,0.1628108601052161,0.18643267956641907,0,0.0
486,eMBB,492.75,7.25,22,1948,311758093.7577866,160040.08919804238,21,0.9545454545454546,198.4366217311217,9.449362939577224,17.81743765775177,0,0.0,4.923653098641229,0.22380241357460132,0.23084826272350298,0,0.0
487,mMTC,292.5,207.5,585,584,47103614.0,80656.87328767123,584,0.9982905982905983,161.16981165892156,0.2759757048954136,0.2947608398136885,0,0.0,98.25936191301,0.1679647212188205,0.18328970398035516,0,0.0
488,mMTC,252.0,248.0,504,503,39904561.0,79333.12326043738,503,0.998015873015873,130.50124712530277,0.2594458193345979,0.2779096778438713,0,0.0,76.91458145870882,0.1526082965450572,0.1733007202370337,0,0.0
489,eMBB,486.0,14.0,18,1925,275438220.0873434,143084.7896557628,17,0.9444444444444444,193.40657257955817,11.376857210562246,20.131597040595853,0,0.0,4.359854194310121,0.24221412190611785,0.24633441007577928,0,0.0
490,eMBB,490.5,9.5,16,1945,304189062.68382335,156395.4049788295,15,0.9375,182.80306094944856,12.186870729963237,18.21933602657639,0,0.0,3.7223250972241946,0.23264531857651216,0.23526847969491954,0,0.0
491,eMBB,491.5,8.5,21,1944,306621061.0003557,157726.88323063566,20,0.9523809523809523,196.0825537058473,9.804127685292364,17.21729247115749,0,0.0,4.7683438938577645,0.22706399494560783,0.23250486309046234,0,0.0
492,URLLC,182.75,317.25,731,730,104945175.0,143760.51369863015,730,0.9986320109439124,45.71137023616782,0.06261831539201071,0.06476983166123215,0,0.0,1.9980180446230447,0.002733266818909774,0.0036305769529239016,0,0.0
493,eMBB,493.0,7.0,21,1950,310206486.4072308,159080.24943960554,20,0.9523809523809523,189.50381272353513,9.475190636176757,17.215052937095454,0,0.0,4.7794801605044155,0.22759429335735312,0.23086041785125253,0,0.0
494,mMTC,226.5,273.5,453,452,36411483.0,80556.37831858407,452,0.9977924944812362,124.88100938047532,0.27628541898335246,0.2963907014456799,0,0.0,76.251391136786,0.16832536674787196,0.19024631727901323,0,0.0
495,eMBB,488.25,11.75,17,1935,276411300.3509804,142848.21723564877,16,0.9411764705882353,187.3857941762878,11.711612136017987,19.333916534674056,0,0.0,4.02816512095038,0.2369508894676694,0.24675858991577104,0,0.0
496,eMBB,489.75,10.25,18,1940,276501736.42065984,142526.66825807208,17,0.9444444444444444,180.11455586234433,10.59497387425555,15.928588924122606,0,0.0,4.370061181249977,0.2427811767361098,0.2458418631512372,0,0.0
497,eMBB,495.0,5.0,18,1961,305509944.7153633,155792.93458203127,17,0.9444444444444444,196.72587161192672,11.57211009481922,18.319952729063143,0,0.0,4.071036520506312,0.22616869558368402,0.2347236840452269,0,0.0
498,eMBB,493.75,6.25,21,1953,309456908.31462365,158452.0779900787,20,0.9523809523809523,189.951719620812,9.4975859810406,17.519768640162066,0,0.0,4.738056275316279,0.2256217273960133,0.23294083108243838,0,0.0
499,mMTC,280.25,219.75,561,560,45005414.0,80366.81071428572,560,0.9982174688057041,153.08829616806509,0.2733719574429734,0.29838601495103445,0,0.0,91.68668723507362,0.16343438009817043,0.18784934623308572,0,0.0
500,eMBB,493.25,6.75,16,1956,314331163.3523552,160701.0037588728,15,0.9375,187.38535706993378,12.492357137995585,17.41597868088829,0,0.0,3.599737925788362,0.22498362036177263,0.23191132020985722,0,0.0
501,URLLC,181.5,318.5,726,726,103346169.0,142350.09504132232,726,1.0,45.05130124941513,0.06205413395236244,0.0638148093141517,0,0.0,2.154413374415136,0.0029675115350070746,0.004047276867418774,0,0.0
502,eMBB,495.25,4.75,16,1964,281598201.31710714,143379.9395708285,15,0.9375,185.75465449870183,12.383643633246788,20.03358102232098,0,0.0,3.7879351556514997,0.23674594722821873,0.24733308030698056,0,0.0
503,eMBB,496.25,3.75,17,1967,281932243.0483568,143331.08441705987,16,0.9411764705882353,198.01840114213363,12.376150071383352,19.830922694485405,0,0.0,4.063092018759266,0.23900541286819213,0.24601375100929618,0,0.0
504,URLLC,196.5,303.5,786,786,112285000.0,142856.23409669212,786,1.0,49.22840505893023,0.06263155859914787,0.06465077047628698,0,0.0,2.4135705354686863,0.0030707004268049442,0.0042562841866827135,0,0.0
505,eMBB,494.0,6.0,19,1956,310924571.16125184,158959.39220922897,18,0.9473684210526315,185.2972364042278,10.294290911345989,18.117792089091346,0,0.0,4.259435909769255,0.22418083735627659,0.23207786274488354,0,0.0
506,eMBB,493.25,6.75,16,1956,311590433.65030485,159299.81270465485,15,0.9375,198.64435538481314,13.24295702565421,18.217203613521402,0,0.0,3.6654984621180535,0.22909365388237835,0.2328843008306587,0,0.0
507,mMTC,291.0,209.0,582,581,46602253.0,80210.4182444062,581,0.9982817869415808,164.84446819821227,0.28372541858556327,0.30834000117667437,0,0.0,100.73833128014452,0.1730899162889081,0.19747910032197347,0,0.0
508,URLLC,224.25,275.75,897,896,125000082.0,139509.0200892857,896,0.9988851727982163,55.641970978428695,0.06210041403842488,0.06384955899748504,0,0.0,2.7281660196487016,0.003041433689686401,0.004277310642418775,0,0.0
509,eMBB,490.25,9.75,16,1944,277653553.3955314,142825.90195243387,15,0.9375,191.35592335637085,12.75706155709139,19.132486172117385,0,0.0,3.8925030610488314,0.24328144131555196,0.2473231191615598,0,0.0
510,mMTC,231.5,268.5,463,463,36884783.0,79664.75809935205,463,1.0,123.30850589963798,0.266325066737879,0.2818871983238437,0,0.0,73.42193267639021,0.15857868828594,0.1765343611345176,0,0.0
511,eMBB,494.25,5.75,18,1958,304790797.59841305,155664.35015240707,17,0.9444444444444444,185.13079200352195,10.890046588442468,18.32071940167693,0,0.0,4.079600156033182,0.22664445311295456,0.23526366798428286,0,0.0
512,URLLC,214.5,285.5,858,857,120168598.0,140220.06767794632,857,0.9988344988344988,54.06566881550438,0.06308712813944502,0.0654388997366811,0,0.0,2.607891888652319,0.0030395010357253133,0.0041441284718479006,0,0.0
513,eMBB,490.75,9.25,18,1944,307629981.28325516,158245.8751457074,17,0.9444444444444444,188.44430337942225,11.084959022318955,17.71897617991789,0,0.0,4.095426489348723,0.22752369385270685,0.2335410256062381,0,0.0
514,eMBB,489.0,11.0,22,1933,308902356.1428918,159804.63328654517,21,0.9545454545454546,197.13310523678376,9.387290725561131,16.71826955380875,0,0.0,4.924791029075149,0.22385413768523407,0.2314007089562166,0,0.0
515,eMBB,493.75,6.25,25,1949,383882335.7048666,196963.74330675555,24,0.96,196.5016458142459,8.187568575593579,14.914231451346014,0,0.0,5.527932208321505,0.22111728833286018,0.22853435066000002,0,0.0
516,eMBB,491.75,8.25,18,1948,277767203.84365934,142590.96706553354,17,0.9444444444444444,188.86224876482967,11.109544044989981,20.24802818154016,0,0.0,4.321656334910274,0.2400920186061263,0.24685728328693682,0,0.0
517,eMBB,493.5,6.5,17,1956,281433414.08782,143882.11354183027,16,0.9411764705882353,198.28116928182453,12.392573080114033,20.53237515005921,0,0.0,4.128321959834473,0.24284246822555722,0.24647624778471336,0,0.0
518,eMBB,494.5,5.5,20,1957,303491349.8818805,155079.89263253988,19,0.95,196.22254119257164,10.327502168030087,17.51998469568203,0,0.0,4.593457692763805,0.22967288463819027,0.23485724757126125,0,0.0
519,mMTC,267.0,233.0,534,534,42184062.0,78996.37078651685,534,1.0,144.70689630278375,0.27098669719622426,0.2927688231575373,0,0.0,86.52663361184366,0.16203489440420163,0.1824145994240052,0,0.0
520,URLLC,173.5,326.5,694,693,96764435.0,139631.21933621934,693,0.9985590778097982,43.42355968155887,0.06266025928074873,0.06482518778786922,0,0.0,1.9852056536495755,0.0028605268784576013,0.0038961462585244922,0,0.0
521,eMBB,490.25,9.75,24,1936,307678328.10074717,158924.75625038592,23,0.9583333333333334,196.1413917242122,8.527886596704878,17.61645947823393,0,0.0,5.460056222010094,0.2275023425837539,0.23188260935692745,0,0.0
522,eMBB,488.75,11.25,23,1931,381451384.9698687,197540.85187460834,22,0.9565217391304348,195.8366854962242,8.901667522555645,15.011764882781284,0,0.0,5.140886748137814,0.22351681513642668,0.22706124190328578,0,0.0
523,eMBB,494.75,5.25,20,1958,276867171.3924908,141403.04974080226,19,0.95,189.55920746322636,9.976800392801387,19.03210634591255,0,0.0,4.847166610566303,0.24235833052831515,0.24706882085359322,0,0.0
524,mMTC,295.75,204.25,592,591,47419390.0,80235.85448392555,591,0.9983108108108109,157.40483102364902,0.26633643151209646,0.285921874482621,0,0.0,93.9019247374951,0.15861811611063362,0.18063417224573813,0,0.0
525,eMBB,489.0,11.0,17,1938,302828936.2396247,156258.4810317981,16,0.9411764705882353,185.309108147112,11.5818192591945,17.720927442657082,0,0.0,3.944278223198552,0.23201636607050305,0.2358021454867668,0,0.0
526,eMBB,494.25,5.75,16,1960,313817070.24999034,160110.75012754608,15,0.9375,191.1460872429227,12.743072482861514,18.41600596151131,0,0.0,3.571802823835888,0.223237676489743,0.2325315461106898,0,0.0
527,eMBB,494.5,5.5,19,1958,310293076.10090834,158474.5026051626,18,0.9473684210526315,183.81307325058373,10.211837402810207,18.517289307432833,0,0.0,4.279321066287674,0.22522742454145656,0.23385694037373866,0,0.0
528,URLLC,217.75,282.25,871,870,120779237.0,138826.7091954023,870,0.9988518943742825,53.735326406652746,0.06176474299615258,0.06390344022947905,0,0.0,2.4613699007300323,0.0028259126300000372,0.0039318078684540785,0,0.0
529,eMBB,494.0,6.0,19,1956,388558211.06271255,198649.392158851,18,0.9473684210526315,187.70161814266862,10.4278676745927,14.914330387509802,0,0.0,4.256735628050637,0.224038717265823,0.22792854686746408,0,0.0
530,eMBB,489.75,10.25,17,1941,278642762.4272925,143556.29182240728,16,0.9411764705882353,194.7779403223728,12.1736212701483,20.030758928051952,0,0.0,4.027610609134165,0.2369182711255391,0.24650218468744448,0,0.0
531,mMTC,274.0,226.0,548,547,45537867.0,83250.2138939671,547,0.9981751824817519,145.68886198078948,0.2663416123963245,0.2848887075260046,0,0.0,86.99547188507927,0.15875086110415926,0.17810465744267076,0,0.0
532,mMTC,270.5,229.5,541,540,43130310.0,79870.94444444444,540,0.9981515711645101,146.38576927364662,0.2710847579141604,0.29181081257026825,0,0.0,87.79657695738221,0.16228572450532758,0.18373813687927326,0,0.0
533,mMTC,261.5,238.5,523,522,42220563.0,80882.30459770115,522,0.9980879541108987,141.82451491643624,0.2716944730199928,0.29344043104810963,0,0.0,85.25022966314683,0.16300235117236486,0.18275408677460536,0,0.0
534,eMBB,489.5,10.5,19,1938,307139564.7093347,158482.74752803647,18,0.9473684210526315,196.50724260963287,10.917069033868493,17.818864755440497,0,0.0,4.275893138975022,0.22504700731447483,0.23294711786175745,0,0.0
535,mMTC,258.75,241.25,518,517,40728988.0,78779.47388781431,517,0.9980694980694981,146.7697460511012,0.2838873231162499,0.3057257259085692,0,0.0,89.53714695947723,0.17285163505690584,0.19512538710515046,0,0.0
536,eMBB,493.25,6.75,22,1950,385418334.70107615,197650.42805183394,21,0.9545454545454546,192.54792352338833,9.168948739208968,14.61343350473365,0,0.0,4.8457377128838175,0.22026080513108262,0.22800864166403922,0,0.0
537,eMBB,494.5,5.5,17,1960,280059205.0028023,142887.34949122567,16,0.9411764705882353,187.23311019408052,11.702069387130033,19.63069368358458,0,0.0,4.0835277085973924,0.24020751227043485,0.2469947441548153,0,0.0
538,eMBB,493.25,6.75,16,1956,280807729.53490037,143562.23391354823,15,0.9375,195.94410364345833,13.062940242897222,20.431976517317047,0,0.0,3.8760821015522056,0.24225513134701285,0.2459950172849712,0,0.0
539,eMBB,495.5,4.5,17,1964,306569460.3604315,156094.4299187533,16,0.9411764705882353,189.90953386205175,11.869345866378234,18.321411785007008,0,0.0,3.8494810433724167,0.22644006137484804,0.23488174681795596,0,0.0
540,mMTC,250.0,250.0,500,500,40692465.0,81384.93,500,1.0,135.80614766713026,0.2716122953342605,0.2915430930760484,0,0.0,81.42488239225844,0.16284976478451688,0.18393009307604835,0,0.0
541,eMBB,491.0,9.0,20,1943,306124693.97751516,157552.59597401708,19,0.95,193.17909613653197,10.167320849291157,18.117473088390902,0,0.0,4.562180789612263,0.22810903948061317,0.23351870904144784,0,0.0
542,eMBB,487.5,12.5,22,1927,307216541.00000024,159427.36948624818,21,0.9545454545454546,197.18836482462305,9.38992213450586,17.416158262861263,0,0.0,4.985810248770362,0.22662773858047103,0.23157015624423838,0,0.0
543,eMBB,492.0,8.0,24,1943,382830524.0192618,197030.6351102737,23,0.9583333333333334,195.11928477683537,8.483447164210233,14.81529998339863,0,0.0,5.344200131938277,0.22267500549742822,0.22850944504181508,0,0.0
544,eMBB,485.5,14.5,23,1918,270496663.2485704,141030.58563533387,22,0.9565217391304348,182.36235789386734,8.289198086084879,19.83052871518209,0,0.0,5.592075887206554,0.2431337342263719,0.2475910416465519,0,0.0
545,eMBB,490.25,9.75,17,1943,280687004.7433397,144460.63033625306,16,0.9411764705882353,195.96928857371006,12.248080535856879,20.230413863166874,0,0.0,4.018985933666708,0.23641093727451223,0.2464636120033182,0,0.0
546,eMBB,495.75,4.25,18,1964,305408932.7750137,155503.52992617805,17,0.9444444444444444,187.5436606073871,11.031980035728653,17.72109640700228,0,0.0,4.198117072946923,0.23322872627482905,0.23685002948978362,0,0.0
547,eMBB,489.75,10.25,19,1940,306852148.00000024,158171.21030927848,19,1.0,198.0866636731953,10.425613877536595,18.317474811211397,0,0.0,4.335449029975671,0.2281815278934564,0.2321947013019205,0,0.0
548,mMTC,286.0,214.0,572,571,46328206.0,81135.2119089317,571,0.9982517482517482,156.286021650595,0.27370581725147985,0.29388748492848865,0,0.0,93.94597439752911,0.16424121398169425,0.18453864834729203,0,0.0
549,URLLC,175.5,324.5,702,702,96583704.0,137583.62393162394,702,1.0,43.40794066661942,0.06183467331427268,0.0637052946323278,0,0.0,2.0701626246963034,0.0029489496078294922,0.003867544652789014,0,0.0
550,eMBB,492.5,7.5,26,1943,381153527.98297775,196167.53884867614,25,0.9615384615384616,194.58255872834596,7.783302349133838,14.913902364498009,0,0.0,5.83519486892556,0.22443057188175233,0.22816964147001245,0,0.0
551,eMBB,491.75,8.25,18,1948,277928205.4446151,142673.61675801597,17,0.9444444444444444,189.21619433920827,11.130364372894604,18.13255730377326,0,0.0,4.28536800105274,0.23807600005848556,0.2470818532003184,0,0.0
552,eMBB,494.0,6.0,18,1957,279668902.19182724,142906.95053235933,17,0.9444444444444444,196.20793746424488,11.541643380249699,19.030589934752093,0,0.0,4.268921416507331,0.2371623009170739,0.247057683818624,0,0.0
553,mMTC,275.0,225.0,550,549,43111041.0,78526.48633879781,549,0.9981818181818182,149.28888524993744,0.27192875273212647,0.2929758024631256,0,0.0,89.72700400421175,0.163140007280385,0.18235775529937664,0,0.0
554,eMBB,489.0,11.0,20,1935,306356488.7902221,158323.76681665226,19,0.95,190.86202835932025,10.045369913648434,17.650885816697453,0,0.0,4.543291969679492,0.2271645984839746,0.23166815457862472,0,0.0
555,URLLC,182.0,318.0,728,728,101187700.0,138994.0934065934,728,1.0,45.67481815629438,0.06274013483007469,0.06437152197216087,0,0.0,2.1625239062943167,0.002970499871283402,0.004014508222373479,0,0.0
556,mMTC,290.5,209.5,581,581,45783802.0,78801.72461273667,581,1.0,164.88746374096894,0.2837994212409104,0.3086559188406819,0,0.0,100.45237952319103,0.17289566182993293,0.19646756838900914,0,0.0
557,eMBB,487.5,12.5,23,1926,380595813.7041458,197609.45675189293,22,0.9565217391304348,195.677787135568,8.894444869798546,15.013551223837121,0,0.0,5.193832667467563,0.22581881162902445,0.2296387507561102,0,0.0
558,eMBB,494.0,6.0,17,1958,279338072.338164,142665.00119415933,16,0.9411764705882353,192.7255347665427,12.045345922908918,20.631628169558713,0,0.0,4.0818736372533815,0.24011021395608126,0.24662376372501893,0,0.0
559,mMTC,291.0,209.0,582,581,46018864.0,79206.30636833046,581,0.9982817869415808,155.41876204836333,0.2675021722002811,0.28572703038375574,0,0.0,93.28442804735289,0.16028252241813212,0.1782220738038261,0,0.0
560,eMBB,491.25,8.75,22,1943,300920114.99999994,154873.96551724136,21,0.9545454545454546,198.81362078388403,9.467315275423049,18.920396185437355,0,0.0,4.7873328477364145,0.21760603853347338,0.23704711277475585,0,0.0
561,mMTC,262.0,238.0,524,523,40980620.0,78356.8260038241,523,0.9980916030534351,142.1897414230154,0.2718733105602589,0.29390707116511394,0,0.0,85.687304836509,0.16352539090936832,0.18553220398417009,0,0.0
562,eMBB,488.75,11.25,20,1934,304165741.195884,157272.8754890817,19,0.95,197.4228726499283,10.390677507890963,15.819151613780216,0,0.0,4.605316500697431,0.23026582503487156,0.2331814665893902,0,0.0
563,eMBB,496.75,3.25,19,1967,315616214.59964913,160455.62511420902,18,0.9473684210526315,198.27308113028235,11.015171173904575,17.616315700834633,0,0.0,4.233176798148458,0.22279877884991883,0.23112198790686056,0,0.0
564,eMBB,492.75,7.25,22,1948,383899289.494438,197073.55723533776,21,0.9545454545454546,188.04306003726919,8.954431430346151,14.212878068564326,0,0.0,4.9463893515027735,0.22483587961376242,0.22876954811324,0,0.0
565,eMBB,492.0,8.0,18,1949,277669737.0875589,142467.79737689017,17,0.9444444444444444,196.91124051811798,11.583014148124587,19.1063955952477,0,0.0,4.381188607535386,0.24339936708529925,0.2466914440163253,0,0.0
566,mMTC,234.0,266.0,468,468,36913756.0,78875.54700854702,468,1.0,125.33135485780856,0.26780204029446275,0.28498408036303374,0,0.0,75.16945740584269,0.1606184987304331,0.17825311010662348,0,0.0
567,eMBB,486.25,13.75,20,1924,296944602.6831619,154337.111581685,19,0.95,178.8800429393602,9.41473910207159,16.921791766657304,0,0.0,4.6617302803735,0.233086514018675,0.23501343579637182,0,0.0
568,eMBB,494.0,6.0,17,1958,312047246.5535317,159370.40171273326,16,0.9411764705882353,196.5367103149638,12.283544394685238,17.817292685837998,0,0.0,3.879092372040236,0.22818190423766094,0.2326686564256978,0,0.0
569,mMTC,265.5,234.5,531,530,41128367.0,77600.69245283019,530,0.9981167608286252,145.19638499025135,0.27395544337783273,0.2932480670026064,0,0.0,87.45549448673509,0.16469961296936927,0.18580100443850384,0,0.0
570,mMTC,294.0,206.0,588,588,46417987.0,78942.15476190476,588,1.0,167.02558522410027,0.2840571177280617,0.3050437496488827,0,0.0,101.96913394683557,0.17341689446740743,0.1951021096451282,0,0.0
571,URLLC,187.5,312.5,750,750,107923452.0,143897.936,750,1.0,46.71204739740632,0.06228272986320843,0.06408349170265439,0,0.0,2.454566593239687,0.003272755457652916,0.0046220521755061285,0,0.0
572,eMBB,495.25,4.75,16,1964,281357675.39564025,143257.47219737284,15,0.9375,183.94389246693126,12.262926164462083,20.33138140981246,0,0.0,3.78966959955255,0.23685434997203436,0.24660994721813526,0,0.0
573,mMTC,299.75,200.25,600,599,48747747.0,81381.8814691152,599,0.9983333333333333,160.22445427685236,0.26748656807487875,0.28702278817335686,0,0.0,96.09333462625409,0.16015555771042347,0.18231068423868624,0,0.0
574,eMBB,491.5,8.5,22,1943,301098777.1815886,154965.91723190356,21,0.9545454545454546,182.71322690517138,8.700629852627209,18.120516261639683,0,0.0,5.0220132394795165,0.22827332906725076,0.23648019073976795,0,0.0
575,mMTC,257.25,242.75,515,514,40329988.0,78463.01167315175,514,0.9980582524271845,140.0818580676762,0.2725327977970354,0.2952193065935764,0,0.0,84.39055295383017,0.16386515136666052,0.18704410653936093,0,0.0
576,eMBB,489.25,10.75,23,1933,303625626.41039526,157074.81966393962,22,0.9565217391304348,181.12528478167627,8.232967490076193,18.21883051443953,0,0.0,5.250783346487267,0.22829492810814203,0.2335498534205536,0,0.0
577,mMTC,293.75,206.25,588,587,47952902.0,81691.48551959114,587,0.9982993197278912,167.24844979118527,0.28492069811104814,0.30968011791501154,0,0.0,102.48331694879222,0.1742913553550888,0.19795178116287482,0,0.0
578,URLLC,179.5,320.5,718,718,97950606.0,136421.45682451254,718,1.0,44.7439882473722,0.06231753237795571,0.06424074263598772,0,0.0,2.404546549872182,0.0033489506265629273,0.004616181249601301,0,0.0
579,mMTC,268.5,231.5,537,537,45070795.0,83930.71694599628,537,1.0,140.24283119926434,0.2611598346355016,0.2792707535778434,0,0.0,83.00886542080256,0.15457889277616865,0.17310186676851225,0,0.0
580,eMBB,496.0,4.0,17,1966,281715964.67892134,143293.97999945135,16,0.9411764705882353,193.97597981039215,12.12349873814951,18.131643603896652,0,0.0,4.028229389847516,0.23695466999103032,0.24608128596463258,0,0.0
581,eMBB,485.5,14.5,19,1922,298313720.9400676,155210.05251824536,18,0.9473684210526315,195.69805549617936,10.872114194232188,18.020149321954566,0,0.0,4.371984817243958,0.23010446406547147,0.2356083284302734,0,0.0
582,eMBB,487.75,12.25,21,1929,304586371.0676737,157898.58531242804,20,0.9523809523809523,191.41116468093998,9.570558234046999,16.31795915754736,0,0.0,4.808082480287275,0.22895630858510832,0.23266014671421564,0,0.0
583,eMBB,494.0,6.0,21,1954,307260424.9157225,157246.89094970445,20,0.9523809523809523,195.54088124112954,9.777044062056477,16.616569262193615,0,0.0,4.742545405002833,0.22583549547632537,0.2331460612545798,0,0.0
584,eMBB,495.0,5.0,21,1958,312846180.70525557,159778.43754098855,20,0.9523809523809523,189.7685805171123,9.488429025855615,17.916613878075413,0,0.0,4.75446073361448,0.22640289207688,0.23161633566964787,0,0.0
585,eMBB,490.0,10.0,20,1939,384582761.1275901,198340.7741761682,19,0.95,192.72213395421005,10.143270208116318,14.81114073711692,0,0.0,4.401913114819599,0.22009565574097995,0.22779213370618073,0,0.0
586,eMBB,495.5,4.5,15,1966,282559332.3656843,143722.9564423623,14,0.9333333333333333,197.00942902689513,14.072102073349653,20.32999196648855,0,0.0,3.543214467732489,0.2362142978488326,0.24667310831002448,0,0.0
587,eMBB,490.5,9.5,17,1944,277446739.88748133,142719.51640302537,16,0.9411764705882353,193.8473059026495,12.115456618915594,16.632631963058,0,0.0,4.099380020938453,0.2411400012316737,0.2466696555719969,0,0.0
588,eMBB,491.5,8.5,18,1948,302498516.9999999,155286.7130390143,18,1.0,198.74313190327888,11.041285105737716,18.32077093691722,0,0.0,4.185103121425994,0.2325057289681108,0.2360077046001828,0,0.0
589,mMTC,227.0,273.0,454,454,36425703.0,80232.82599118943,454,1.0,123.90032454870989,0.2729082038517839,0.2949473735703523,0,0.0,74.87111470016292,0.16491434955983023,0.18855155613445485,0,0.0
590,eMBB,489.75,10.25,24,1935,303659298.0,156929.86976744185,23,0.9583333333333334,198.3925099807859,8.62576130351243,17.917638372156397,0,0.0,5.2057090252115366,0.21690454271714735,0.2333491358034963,0,0.0
591,mMTC,244.0,256.0,488,487,37927779.0,77880.44969199179,487,0.9979508196721312,138.89349653779485,0.28520225161764856,0.3099661838369573,0,0.0,85.35408723432376,0.17490591646377818,0.19944874691388043,0,0.0
592,eMBB,494.75,5.25,19,1959,388598182.0776144,198365.58554242697,18,0.9473684210526315,191.1419287557993,10.61899604198885,14.912875127139628,0,0.0,4.213160385254989,0.2217452834344731,0.22870867925379204,0,0.0
593,mMTC,279.5,220.5,559,558,44290321.0,79373.33512544802,558,0.998211091234347,145.6813047518098,0.2610776070820964,0.28004584198941784,0,0.0,86.33724553484154,0.1544494553396092,0.17588882284411872,0,0.0
594,eMBB,490.25,9.75,16,1944,279461875.35536504,143756.1087218956,15,0.9375,191.2467553874321,12.749783692495473,18.933277391922026,0,0.0,3.7889430977373557,0.23680894360858473,0.24752394726009078,0,0.0
595,eMBB,487.5,12.5,22,1927,296279323.98705584,153751.59521902222,21,0.9545454545454546,193.05201100684337,9.192952905087779,15.620151140268987,0,0.0,5.066524473328127,0.23029656696946033,0.23552521667466808,0,0.0
596,mMTC,265.75,234.25,532,531,41760344.0,78644.71563088513,531,0.9981203007518797,145.11796323897516,0.2732918328417611,0.29144423477164594,0,0.0,87.66543778324845,0.1647846574873091,0.18447068468617583,0,0.0
597,eMBB,491.0,9.0,21,1942,305202441.7641116,157158.82686102553,20,0.9523809523809523,195.46415937808047,9.773207968904023,18.520979829133672,0,0.0,4.8705079949983645,0.23192895214277925,0.23456029430815953,0,0.0
598,eMBB,492.25,7.75,17,1951,314483354.8648599,161190.85333924135,16,0.9411764705882353,196.54797159425178,12.284248224640736,18.216681757524334,0,0.0,3.7846652565309107,0.22262736803123004,0.23116703358009397,0,0.0
599,eMBB,490.25,9.75,25,1935,380649030.35604537,196717.84514524307,24,0.96,196.0162609683298,8.167344207013741,14.011180679626175,0,0.0,5.569845291885747,0.22279381167542986,0.22833322408871565,0,0.0
600,URLLC,166.0,334.0,664,663,91986179.0,138742.35143288085,663,0.9984939759036144,41.44455352669728,0.06251063880346497,0.06438205632950883,0,0.0,2.09593286228872,0.0031565253950131323,0.004276397891801598,0,0.0
601,eMBB,494.0,6.0,14,1961,284157366.3067134,144904.31734151626,13,0.9285714285714286,194.24094588436495,14.941611221874227,20.37059533767154,0,0.0,3.3559129550923843,0.23970806822088458,0.24578544561322616,0,0.0
602,eMBB,497.75,2.25,18,1972,307592954.3806047,155980.19999016463,17,0.9444444444444444,186.72027012112522,10.98354530124266,18.918610562798616,0,0.0,4.0859146493403955,0.22699525829668865,0.2361095978652541,0,0.0
603,eMBB,494.0,6.0,19,1956,310798879.0676738,158895.132447686,18,0.9473684210526315,193.59563446513687,10.755313025840938,17.317294485609523,0,0.0,4.267698990908751,0.22461573636361845,0.23278108609438602,0,0.0
604,eMBB,490.0,10.0,21,1938,305020511.6503051,157389.32489695825,20,0.9523809523809523,197.95903216493798,9.897951608246899,18.6182646268739,0,0.0,4.863597020388893,0.2315998581137568,0.23420907548065958,0,0.0
605,eMBB,487.5,12.5,25,1924,306749575.29445356,159433.25119254342,24,0.96,194.45446240718113,8.10226926696588,17.715060247423292,0,0.0,5.700918326325184,0.22803673305300737,0.23164284986851766,0,0.0
606,eMBB,490.5,9.5,23,1938,383095380.03171325,197675.6346912865,22,0.9565217391304348,194.09026723819008,8.822284874463186,14.813555674140202,0,0.0,5.1201248942784,0.22261412583819132,0.22875599109279526,0,0.0
607,eMBB,495.25,4.75,16,1964,281619525.8684491,143390.79728536104,15,0.9375,187.1905714498701,12.47937142999134,20.232558296026394,0,0.0,3.836724607972086,0.23979528799825536,0.2476595926884012,0,0.0
608,URLLC,207.0,293.0,828,827,114591390.0,138562.74486094317,827,0.998792270531401,51.183965137082495,0.06189113075826178,0.06389823174896174,0,0.0,2.293934062410503,0.00277045176619626,0.0035502813817956096,0,0.0
609,eMBB,486.75,13.25,20,1926,298977308.8555978,155232.24758857623,19,0.95,195.66740623838092,10.298284538862154,18.91908833660799,0,0.0,4.660867851787917,0.23304339258939585,0.23602180582496735,0,0.0
610,mMTC,269.5,230.5,539,538,42155612.0,78356.15613382899,538,0.9981447124304267,147.43630130871085,0.2740451697187934,0.2961690488605424,0,0.0,89.47457878672391,0.1660010738158143,0.18748619962977314,0,0.0
611,mMTC,263.75,236.25,528,527,42500454.0,80646.02277039849,527,0.9981060606060606,144.84194674159627,0.2748424036842434,0.3005637559720323,0,0.0,87.32866013407501,0.16539518964786934,0.1914084123524769,0,0.0
612,eMBB,489.25,10.75,17,1939,311351684.4814148,160573.32876813554,16,0.9411764705882353,183.64102605019136,11.47756412813696,17.513841611750287,0,0.0,3.784898856746427,0.22264110922037805,0.23214285497948683,0,0.0
613,mMTC,304.5,195.5,609,608,49062334.0,80694.62828947368,608,0.9983579638752053,168.6243892802088,0.2773427455266592,0.3033464460796982,0,0.0,103.26038166294865,0.1695572769506546,0.19579596357969814,0,0.0
614,mMTC,267.5,232.5,535,534,42134659.0,78903.85580524345,534,0.9981308411214953,139.75614438866168,0.26171562619599564,0.27823342718084443,0,0.0,83.12123077659871,0.15536678649831534,0.17325080666802384,0,0.0
615,eMBB,489.75,10.25,18,1940,278178335.1914935,143390.8944286049,17,0.9444444444444444,190.79444296274323,11.22320252722019,20.227572856923995,0,0.0,4.265604598853281,0.23697803326962674,0.24663981768596394,0,0.0
616,mMTC,248.5,251.5,497,497,39772612.0,80025.37625754527,497,1.0,135.74650576916054,0.27313180235243567,0.29220756637751855,0,0.0,81.805619830699,0.16459883265734204,0.18453759748862966,0,0.0
617,mMTC,243.0,257.0,486,486,39461371.0,81196.2366255144,486,1.0,133.2555725922837,0.27418842097177715,0.29687516250568025,0,0.0,80.69984553758277,0.16604906489214563,0.187630511223629,0,0.0
618,URLLC,202.0,298.0,808,808,112622037.0,139383.70915841585,808,1.0,50.80055549721315,0.06287197462526381,0.06471111583355574,0,0.0,2.5503903372131203,0.003156423684669703,0.004244779370833798,0,0.0
619,mMTC,298.0,202.0,596,596,47186535.0,79172.03859060403,596,1.0,170.33033655609464,0.2857891552954608,0.3076189057081831,0,0.0,104.68674067712027,0.1756488937535575,0.19841372998244003,0,0.0
620,eMBB,490.25,9.75,25,1935,380441111.3019845,196610.39343771807,24,0.96,189.70365438164302,7.904318932568459,14.70976769435176,0,0.0,5.561412229415167,0.22245648917660665,0.22790769888777743,0,0.0
621,mMTC,254.5,245.5,509,509,40932591.0,80417.66404715128,509,1.0,133.21769401499398,0.2617243497347622,0.2802040705043888,0,0.0,79.06315062285758,0.15533035485826635,0.17466747333469052,0,0.0
622,eMBB,495.0,5.0,18,1961,282055451.69558704,143832.45879428202,17,0.9444444444444444,194.405239472686,11.435602321922705,19.627598749205582,0,0.0,4.275987820328591,0.2375548789071439,0.24773004573935287,0,0.0
623,eMBB,492.0,8.0,19,1948,301946109.8412323,155003.13646880508,18,0.9473684210526315,183.19590600537117,10.177550333631732,18.417664688467376,0,0.0,4.375700824192155,0.23030004337853446,0.23566951033315567,0,0.0
624,eMBB,491.25,8.75,20,1944,307990704.3146234,158431.43226060877,19,0.95,188.8188938889225,9.937836520469606,18.71951141682638,0,0.0,4.508622612627137,0.22543113063135686,0.23338417440702935,0,0.0
625,eMBB,491.75,8.25,19,1947,308374467.3360947,158384.42081977127,18,0.9473684210526315,195.10515054179814,10.839175030099897,18.718762918587757,0,0.0,4.287494698072711,0.22565761568803744,0.23370164125409643,0,0.0
626,eMBB,493.75,6.25,17,1957,314766821.4290248,160841.50302964987,16,0.9411764705882353,196.32129920366023,12.270081200228764,18.21530543595875,0,0.0,3.8668466661642924,0.22746156859789957,0.23174086305432315,0,0.0
627,mMTC,242.0,258.0,484,484,37752735.0,78001.51859504133,484,1.0,134.54268465382802,0.277980753417,0.2997257449412794,0,0.0,82.36657670271705,0.17017887748495258,0.19333955141327053,0,0.0
628,URLLC,199.5,300.5,798,797,109031490.0,136802.3713927227,797,0.9987468671679198,49.874338364892616,0.06257758891454532,0.06461339895561165,0,0.0,2.609446634728716,0.0032699832515397445,0.00451523694582149,0,0.0
629,URLLC,174.0,326.0,696,695,97733004.0,140623.0273381295,695,0.9985632183908046,43.03965962507707,0.061927567805866286,0.06404464378626945,0,0.0,2.017665181214003,0.002898944225882188,0.0038147374564336473,0,0.0
630,eMBB,495.75,4.25,18,1964,305699555.98801535,155651.50508554754,17,0.9444444444444444,195.31340614659524,11.48902389097619,18.51955249354681,0,0.0,4.085258499271638,0.22695880551509098,0.2358085244956516,0,0.0
631,mMTC,268.0,232.0,536,535,42716216.0,79843.39439252336,535,0.9981343283582089,146.62069105737456,0.2740573664623823,0.2973268270034375,0,0.0,89.18667528682063,0.16639305090824744,0.18899685127694177,0,0.0
632,mMTC,292.0,208.0,584,584,46278404.0,79243.84246575342,584,1.0,160.59699548053882,0.27499485527489526,0.29894158823198946,0,0.0,96.89232666310284,0.16591151825873773,0.19305513147985268,0,0.0
633,eMBB,485.25,14.75,21,1919,305914506.20558137,159413.49984657706,20,0.9523809523809523,188.48364728336762,9.42418236416838,16.81686181378464,0,0.0,4.780547898640943,0.2276451380305211,0.23205408341344674,0,0.0
634,URLLC,167.0,333.0,668,668,92314463.0,138195.30389221557,668,1.0,41.7011726476069,0.062426905161088175,0.06447363049633638,0,0.0,2.3423174109402707,0.0035064631900303452,0.004922930259605511,0,0.0
635,eMBB,490.5,9.5,19,1942,275902750.1686249,142071.44704872547,18,0.9473684210526315,194.36765664113125,10.798203146729513,20.131773186371937,0,0.0,4.6574180204315,0.24512726423323683,0.24764865812292267,0,0.0
636,eMBB,486.0,14.0,21,1922,273817179.6447788,142464.71365493172,20,0.9523809523809523,194.2948115140332,9.71474057570166,18.730491706469852,0,0.0,5.009182904151518,0.23853251924531038,0.2481148468376551,0,0.0
637,eMBB,491.25,8.75,16,1948,304026851.2396253,156071.2788704442,15,0.9375,185.9783731329963,12.39855820886642,18.618571101735782,0,0.0,3.6203542231573063,0.22627213894733164,0.23533215910928199,0,0.0
638,mMTC,310.0,190.0,620,619,48208559.0,77881.35541195476,619,0.9983870967741936,169.63284451128078,0.2740433675464956,0.29813764272993326,0,0.0,103.13159166551296,0.1663412768798596,0.19041351794360845,0,0.0
639,eMBB,493.25,6.75,23,1949,306057325.52045304,157033.004371705,22,0.9565217391304348,190.7731800986963,8.671508186304377,16.613958902293316,0,0.0,5.2133551012230495,0.2266676130966543,0.23369737825235315,0,0.0
640,mMTC,279.75,220.25,560,559,43749304.0,78263.51341681574,559,0.9982142857142857,159.9530778899146,0.28614146313043753,0.30638432099725166,0,0.0,98.46920231384593,0.17583786127472487,0.19856452977235112,0,0.0
641,eMBB,493.75,6.25,23,1951,385262165.2867888,197469.07498041456,22,0.9565217391304348,195.91861370090376,8.905391531859262,15.010132484300305,0,0.0,5.150465625449451,0.2239332880630196,0.2289397602585032,0,0.0
642,eMBB,492.75,7.25,17,1953,279124637.56199795,142920.96137327084,16,0.9411764705882353,198.6703159741098,12.416894748381862,20.13181965971529,0,0.0,4.0330296667278365,0.2372370392192845,0.24773559497450753,0,0.0
643,mMTC,269.5,230.5,539,539,44158887.0,81927.43413729127,539,1.0,144.90803535683634,0.2688460767288244,0.28606971184726765,0,0.0,87.27989231991309,0.16192929929482947,0.18021535447837594,0,0.0
644,eMBB,496.25,3.75,17,1967,306845096.50038236,155996.49034081463,16,0.9411764705882353,197.9694121959171,12.373088262244819,19.01915859544372,0,0.0,3.9299350849389114,0.23117265205523008,0.23626037049143378,0,0.0
645,URLLC,198.0,302.0,792,792,111621629.0,140936.40025252526,792,1.0,50.12222926335633,0.0632856430092883,0.06577391090143053,0,0.0,2.572667727202495,0.003248317837376888,0.004351713333168099,0,0.0
646,mMTC,269.5,230.5,539,538,44066954.0,81908.83643122677,538,0.9981447124304267,148.29600892494446,0.275643139265696,0.2944591513764903,0,0.0,89.90909049953079,0.1668072179954189,0.18644363311192114,0,0.0
647,eMBB,491.75,8.25,21,1945,309931662.9993666,159347.89871432728,20,0.9523809523809523,192.50283766826672,9.625141883413336,15.318431072583769,0,0.0,4.80418387122538,0.2287706605345419,0.23189586549718078,0,0.0
648,mMTC,308.5,191.5,617,616,50025128.0,81209.62337662338,616,0.9983792544570502,171.22259718089316,0.2779587616572941,0.2992749071178522,0,0.0,105.10041931561142,0.17034103616792776,0.18922454629956514,0,0.0
649,eMBB,495.5,4.5,17,1964,281250098.18264234,143202.69764900324,16,0.9411764705882353,199.3257838253754,12.457861489085962,19.833067434764914,0,0.0,4.09088596879092,0.2406403511053482,0.2478080529154604,0,0.0
650,mMTC,304.0,196.0,608,607,48846681.0,80472.29159802306,607,0.9983552631578947,163.04877111707313,0.26861412045646316,0.28885134602828477,0,0.0,98.3607909371466,0.1617776166729385,0.1844109470539258,0,0.0
651,eMBB,493.75,6.25,22,1952,300683542.3671696,154038.69998318117,21,0.9545454545454546,191.9858291001843,9.142182338104014,15.520119597041107,0,0.0,5.0159465536402426,0.22799757062001103,0.2363043477289663,0,0.0
652,eMBB,484.0,16.0,19,1917,303658923.00000036,158403.1940532083,19,1.0,195.78419069779193,10.30443108935747,17.216616419838342,0,0.0,4.3442870838016,0.22864668862113682,0.2333280552800126,0,0.0
653,eMBB,495.5,4.5,16,1965,312978889.3285001,159276.788462341,15,0.9375,193.5960060874433,12.906400405829553,18.51956930768378,0,0.0,3.640163466413405,0.22751021665083782,0.2338746807528527,0,0.0
654,eMBB,483.0,17.0,18,1913,307396783.05234677,160688.33405768257,17,0.9444444444444444,188.44129576225112,11.08478210366183,18.21579330454951,0,0.0,4.102797087782334,0.22793317154346301,0.2312666084073739,0,0.0
655,eMBB,483.75,16.25,27,1907,373377368.7829675,195793.06176348584,26,0.9629629629629629,191.23625161518262,7.355240446737794,13.6115951292611,0,0.0,6.02685136101114,0.22321671707448665,0.22942309359183655,0,0.0
656,eMBB,496.25,3.75,20,1964,279327530.854307,142223.7937140056,19,0.95,181.3118098809868,9.54272683584141,20.6326446563089,0,0.0,4.820448063625794,0.2410224031812897,0.24701212790809257,0,0.0
657,eMBB,496.25,3.75,19,1964,282063937.4726824,143617.07610625378,18,0.9473684210526315,187.93109700694473,10.440616500385818,20.230987299774256,0,0.0,4.5207323004185715,0.2379332789693985,0.24629728514801408,0,0.0
658,eMBB,493.25,6.75,16,1956,304780116.97230965,155818.05571181476,15,0.9375,190.79303642725347,12.719535761816898,18.220518348799377,0,0.0,3.7393944980687093,0.23371215612929433,0.236224207675852,0,0.0
659,eMBB,495.0,5.0,17,1962,312621059.3739848,159337.95075126647,16,0.9411764705882353,188.07028271760382,11.754392669850239,17.217729254077767,0,0.0,3.821246747373015,0.22477922043370677,0.2338047853094446,0,0.0
660,mMTC,303.75,196.25,608,607,49214546.0,81078.3294892916,607,0.9983552631578947,167.5999104247157,0.27611187878865845,0.29669682786001866,0,0.0,101.62170842813426,0.16714096780943133,0.1882782370907879,0,0.0
661,mMTC,266.5,233.5,533,533,41860464.0,78537.45590994372,533,1.0,152.56718476188252,0.2862423729115995,0.31150023653627745,0,0.0,93.91890190102811,0.17620807110887074,0.20024910867302964,0,0.0
662,mMTC,301.0,199.0,602,602,47840286.0,79468.91362126246,602,1.0,167.78399689418387,0.2787109582959865,0.3000377595199154,0,0.0,103.09901098029505,0.17126081558188547,0.19503826168798744,0,0.0
663,eMBB,495.0,5.0,19,1960,280272604.3924904,142996.22673086243,18,0.9473684210526315,189.43423727492788,10.52412429305155,20.129995461974595,0,0.0,4.531504723451993,0.2385002486027365,0.24646337715182168,0,0.0
664,mMTC,287.25,212.75,575,574,44104643.0,76837.35714285714,574,0.9982608695652174,154.4113589195887,0.26900933609684446,0.2871515727723886,0,0.0,93.22082237907574,0.16212316935491433,0.17916994071106257,0,0.0
665,mMTC,267.75,232.25,536,535,42916153.0,80217.10841121495,535,0.9981343283582089,146.2027749548747,0.27327621486892467,0.29345722160313764,0,0.0,88.21447339179777,0.16457924140260777,0.1864747210903171,0,0.0
666,mMTC,304.75,195.25,610,609,49542565.0,81350.68144499179,609,0.9983606557377049,167.36905013591317,0.27482602649575233,0.2936948796265185,0,0.0,101.75823074924678,0.1668167717200767,0.18771445965640546,0,0.0
667,eMBB,495.25,4.75,18,1962,310547660.7093352,158281.17263472744,17,0.9444444444444444,198.68354691800144,11.68726746576479,18.618182558492602,0,0.0,4.057960860845665,0.22544227004698142,0.23438595609728746,0,0.0
668,eMBB,493.75,6.25,16,1958,317092076.6303676,161946.92371316015,15,0.9375,197.27539565751206,13.151693043834138,18.216336847497438,0,0.0,3.6109271577920814,0.2256829473620051,0.23230314094482585,0,0.0
669,eMBB,491.25,8.75,21,1943,384142132.69339937,197705.678174678,20,0.9523809523809523,196.69891237755425,9.834945618877713,14.611730707973772,0,0.0,4.705372343068033,0.22406534966990635,0.22750906712860414,0,0.0
670,eMBB,493.75,6.25,17,1957,279213233.8289774,142674.11028562975,16,0.9411764705882353,190.21179812991986,11.888237383119991,19.330680261743865,0,0.0,4.0828725805581065,0.24016897532694745,0.2472947064112684,0,0.0
671,eMBB,491.25,8.75,18,1946,278084414.71781486,142900.52143772604,17,0.9444444444444444,192.34522165468587,11.314424803216816,20.233649581959188,0,0.0,4.322395476592115,0.2401330820328953,0.24735245611666376,0,0.0
672,mMTC,234.0,266.0,468,467,38017765.0,81408.4903640257,467,0.9978632478632479,128.0044154467917,0.2740993906783548,0.29587994473784085,0,0.0,77.52448514759226,0.16565060928972705,0.18781141448143057,0,0.0
673,eMBB,488.25,11.75,23,1929,303807367.77641445,157494.74742167676,22,0.9565217391304348,196.07271478729328,8.91239612669515,16.917667388537318,0,0.0,5.308072257298193,0.23078575031731272,0.2328720239076337,0,0.0
674,eMBB,491.5,8.5,21,1944,306642011.6968963,157737.66033790962,20,0.9523809523809523,198.33632949312388,9.916816474656194,18.116758006699705,0,0.0,4.750514947425601,0.22621499749645718,0.23354657660330946,0,0.0
675,eMBB,494.0,6.0,20,1955,313047311.29445285,160126.5019408966,19,0.95,196.46950177757947,10.340500093556814,18.31666069475794,0,0.0,4.5639052544417025,0.22819526272208512,0.23181198703433198,0,0.0
676,eMBB,489.0,11.0,28,1927,377064548.67143834,195674.38955445684,27,0.9642857142857143,194.62387916453198,7.208291820908592,14.912836966900526,0,0.0,6.231650994374281,0.22255896408479575,0.22856842272371755,0,0.0
677,eMBB,493.75,6.25,20,1954,276404124.98247415,141455.53990914745,19,0.95,188.02009827023815,9.895794645802008,17.532846188343495,0,0.0,4.835528911364591,0.24177644556822955,0.24801626770396173,0,0.0
678,mMTC,292.5,207.5,585,584,45418781.0,77771.8852739726,584,0.9982905982905983,157.41438214393335,0.2695451749039955,0.28851824536832726,0,0.0,95.32979494003786,0.16295691442741514,0.1822193947700366,0,0.0
679,eMBB,492.25,7.75,21,1947,300731007.99528366,154458.6584464734,20,0.9523809523809523,198.1698090525063,9.908490452625315,18.71859750714026,0,0.0,4.8908916341549915,0.23289960162642817,0.23639073842892852,0,0.0
680,eMBB,489.5,10.5,16,1941,310840823.4962573,160144.6798022964,15,0.9375,182.2406065043318,12.149373766955453,18.61687616026675,0,0.0,3.5789815402984577,0.2236863462686536,0.23336355200603515,0,0.0
681,mMTC,308.0,192.0,616,615,47344960.0,76983.67479674796,615,0.9983766233766234,170.12455735673046,0.2766252965150089,0.29613817410982074,0,0.0,103.51996680645027,0.16805189416631539,0.18775677794025364,0,0.0
682,eMBB,493.5,6.5,22,1951,311218584.399883,159517.4702203398,21,0.9545454545454546,196.33600498745602,9.34933357083124,17.517947521405368,0,0.0,5.058065858751926,0.22991208448872388,0.23240421095661495,0,0.0
683,eMBB,490.5,9.5,28,1933,378407995.97575325,195762.02585398513,27,0.9642857142857143,198.51635756429542,7.352457687566497,14.312951472089848,0,0.0,6.228393506642381,0.22244262523722788,0.22905618747410184,0,0.0
684,eMBB,493.0,7.0,18,1953,278745345.69605637,142726.7515084774,17,0.9444444444444444,197.05348170250315,11.591381276617833,20.53370259095618,0,0.0,4.340050079495551,0.2411138933053084,0.2479905508852962,0,0.0
685,mMTC,262.5,237.5,525,525,42144258.0,80274.77714285714,525,1.0,141.6724107492686,0.2698522109509878,0.28788456314985256,0,0.0,85.82675990995229,0.1634795426856234,0.18219598052147568,0,0.0
686,eMBB,490.25,9.75,21,1939,299812201.95310354,154622.0742408992,20,0.9523809523809523,192.02484093869072,9.601242046934535,17.31815539126486,0,0.0,4.84831295807258,0.23087204562250382,0.23555698136223194,0,0.0
687,eMBB,493.0,7.0,21,1950,307531345.61745334,157708.3823679248,20,0.9523809523809523,186.1042852136002,9.30521426068001,16.415117444968537,0,0.0,4.816785830614454,0.22937075383878353,0.23299149310705305,0,0.0
688,mMTC,255.75,244.25,512,511,40509834.0,79275.6046966732,511,0.998046875,141.56112660689143,0.27702764502327093,0.29673429581922245,0,0.0,86.23384905201948,0.16842548642972555,0.18809923838332498,0,0.0
689,eMBB,487.75,12.25,20,1930,308367338.8303636,159775.82322816766,19,0.95,190.1023775253001,10.00538829080527,18.213696489182038,0,0.0,4.596097884364992,0.22980489421824962,0.23278515218393572,0,0.0
690,mMTC,281.5,218.5,563,562,44159045.0,78574.81316725978,562,0.9982238010657194,156.94472506809427,0.2792610766336197,0.30536078484923346,0,0.0,96.7276188575542,0.17180749353029165,0.19788661346034453,0,0.0
691,eMBB,494.5,5.5,18,1959,279713217.32408017,142783.6739786014,17,0.9444444444444444,187.9448785427789,11.0555810907517,20.227420029399173,0,0.0,4.33389962550554,0.24077220141697447,0.24737507192218333,0,0.0
692,eMBB,495.25,4.75,20,1959,288842857.76411146,147444.03152838768,19,0.95,197.29927847767684,10.384172551456675,18.00068465487968,0,0.0,4.686924413306758,0.2343462206653379,0.24733671694878004,0,0.0
693,mMTC,267.5,232.5,535,535,43477833.0,81266.97757009346,535,1.0,146.6006797444322,0.2740199621391256,0.29713991854323096,0,0.0,88.72117179400493,0.16583396597010266,0.18940956332955572,0,0.0
694,eMBB,489.25,10.75,22,1934,304845156.18243587,157624.17589577864,21,0.9545454545454546,195.02031178063785,9.286681513363707,17.916907249733057,0,0.0,5.046033224002091,0.2293651465455496,0.23289446464094352,0,0.0
695,eMBB,490.25,9.75,19,1941,307640607.60454804,158495.93385087483,18,0.9473684210526315,191.2699375670673,10.62610764261485,18.216285361269577,0,0.0,4.359400048655142,0.22944210782395486,0.23397405387980108,0,0.0
696,eMBB,491.5,8.5,16,1949,313845661.49000317,161029.07208312117,15,0.9375,184.01601810466778,12.267734540311185,17.21688528153141,0,0.0,3.6597709444594724,0.22873568402871702,0.2314092234307309,0,0.0
697,eMBB,487.0,13.0,26,1921,377616653.12236357,196572.95841872127,25,0.9615384615384616,189.68231794337458,7.587292717734983,14.91314880444568,0,0.0,5.7697697140300255,0.22191421977038558,0.22858310725580025,0,0.0
698,eMBB,491.0,9.0,20,1943,275529525.848293,141806.24078656358,19,0.95,195.80996516494216,10.305787640260114,20.03306749729299,0,0.0,4.829201526862284,0.2414600763431142,0.2475092167283073,0,0.0
699,mMTC,300.0,200.0,600,599,46218464.0,77159.37228714525,599,0.9983333333333333,161.90549333168485,0.27029297718144385,0.28969383018229405,0,0.0,98.44062659445599,0.16406771099075998,0.18379830676349057,0,0.0
700,eMBB,492.5,7.5,17,1952,304926054.37561435,156212.11802029423,16,0.9411764705882353,196.88978982445468,12.305611864028418,18.318905290501235,0,0.0,3.8562757071314753,0.22683974747832208,0.23661473773301667,0,0.0
701,eMBB,488.0,12.0,20,1931,305860980.8471051,158395.122137289,19,0.95,190.3045922159828,10.016031169262254,17.41770675987311,0,0.0,4.5077810876337505,0.22538905438168752,0.23358429710574713,0,0.0
702,eMBB,490.5,9.5,20,1941,305902343.1822123,157600.38288625053,19,0.95,188.065664764483,9.89819288234121,18.2160452033094,0,0.0,4.57388575392281,0.2286942876961405,0.23393682106959232,0,0.0
703,URLLC,166.5,333.5,666,666,92593813.0,139029.74924924926,666,1.0,41.34895697342241,0.06208552098111473,0.0639338024491288,0,0.0,2.158707758422468,0.0032413029405742766,0.004410493816516741,0,0.0
704,eMBB,491.75,8.25,23,1943,384171334.283335,197720.7072997092,22,0.9565217391304348,196.75437658713145,8.94338075396052,14.911014329103205,0,0.0,5.098211328734539,0.221661362118893,0.2295411090762727,0,0.0
705,mMTC,253.25,246.75,507,506,41178490.0,81380.41501976285,506,0.9980276134122288,133.08165817660856,0.2630072295980406,0.2819577360902806,0,0.0,79.39370472088208,0.15659507834493508,0.17837239253223588,0,0.0
706,eMBB,491.25,8.75,21,1943,275754364.6292528,141921.9581210771,20,0.9523809523809523,196.37024567588026,9.818512283794012,19.132026548030712,0,0.0,5.0891122812368055,0.2423386800588955,0.24725194451754848,0,0.0
707,URLLC,203.25,296.75,813,812,112593006.0,138661.33743842365,812,0.998769987699877,51.126924145230596,0.06296419229708201,0.06553840267875606,0,0.0,2.816305511091291,0.0034640904195464835,0.004834659955928859,0,0.0
708,eMBB,491.25,8.75,17,1947,310254559.4141963,159350.0561963001,16,0.9411764705882353,190.90716271641506,11.931697669775941,18.518030108917653,0,0.0,3.8679533955808267,0.22752667032828391,0.23340917950274184,0,0.0
709,eMBB,492.0,8.0,23,1944,305334326.6550978,157064.98284727253,22,0.9565217391304348,196.27027711428684,8.921376232467583,16.819230444438038,0,0.0,5.225480260233612,0.2271947939232005,0.23407427596442676,0,0.0
710,URLLC,162.5,337.5,650,649,89963124.0,138618.06471494606,649,0.9984615384615385,40.29731567394173,0.06209139549143564,0.06431818266412176,0,0.0,2.1661573309056465,0.0033325497398548408,0.004639043047285973,0,0.0
711,mMTC,238.5,261.5,477,477,37616008.0,78859.55555555556,477,1.0,133.46846518568375,0.279808103114641,0.30630081143970805,0,0.0,82.22249707179473,0.17237420769768289,0.19948562143970802,0,0.0
712,eMBB,491.0,9.0,16,1947,279239905.39782536,143420.59856077316,15,0.9375,195.8789852912896,13.058599019419308,20.33050001425592,0,0.0,3.8413223195350685,0.24008264497094178,0.24658856524069525,0,0.0
713,eMBB,489.0,11.0,18,1937,275943874.79751885,142459.40877517752,17,0.9444444444444444,186.94141668128543,10.996553922428555,20.030460521499503,0,0.0,4.322603657050694,0.24014464761392743,0.2472770092221484,0,0.0
714,eMBB,485.5,14.5,22,1919,296474921.0658597,154494.4872672536,21,0.9545454545454546,193.81270704134604,9.229176525778383,19.017867001772192,0,0.0,5.153120106225966,0.23423273210118029,0.23647095212871483,0,0.0
715,eMBB,495.25,4.75,18,1962,311936131.9541521,158988.85420700922,17,0.9444444444444444,189.06347141996434,11.121380671762608,18.61720215959621,0,0.0,4.14021416576431,0.23001189809801723,0.23253796858424208,0,0.0
716,eMBB,490.25,9.75,21,1939,305589914.02467525,157601.81228709398,20,0.9523809523809523,188.73443405141467,9.436721702570733,18.21885515206421,0,0.0,4.759676910356389,0.22665128144554234,0.2348486467584285,0,0.0
717,eMBB,490.5,9.5,19,1942,311418957.29577535,160359.91621821595,18,0.9473684210526315,192.04447011869087,10.66913722881616,17.917071863606377,0,0.0,4.328463279405585,0.22781385681082025,0.23256336506118988,0,0.0
718,eMBB,487.5,12.5,23,1926,380161838.38395816,197384.1320788983,22,0.9565217391304348,193.3254937542372,8.787522443374417,15.2113325557856,0,0.0,5.172103972941527,0.2248740857800664,0.22914815667411148,0,0.0
719,eMBB,494.25,5.75,17,1959,280050922.94578016,142956.0607176009,16,0.9411764705882353,194.56044124875817,12.160027578047385,20.63146419657414,0,0.0,4.038056482178753,0.237532734245809,0.24706035251212566,0,0.0
720,eMBB,495.5,4.5,15,1966,282689170.0203217,143788.99797574859,14,0.9333333333333333,193.93026317979252,13.852161655699465,19.231608973368722,0,0.0,3.6699763716828175,0.24466509144552118,0.24689537430042724,0,0.0
721,mMTC,235.5,264.5,471,471,37885363.0,80436.01486199575,471,1.0,129.28065040947703,0.2744812110604608,0.2948543003125915,0,0.0,78.29392067853685,0.16622913095230754,0.188264403902335,0,0.0
722,eMBB,491.75,8.25,20,1946,308990704.57622373,158782.47922724756,19,0.95,191.35384669551453,10.071255089237606,17.915081962836812,0,0.0,4.561177758620704,0.22805888793103518,0.23344315533687976,0,0.0
723,URLLC,155.0,345.0,620,619,86329609.0,139466.25040387723,619,0.9983870967741936,39.01926781849981,0.06303597385864267,0.06478164432548741,0,0.0,2.111804258116528,0.0034061359001879483,0.004437801695845229,0,0.0
724,eMBB,497.0,3.0,19,1968,315868781.2944502,160502.42951953772,18,0.9473684210526315,185.3709231516971,10.298384619538728,17.21760535932696,0,0.0,4.258742484554441,0.22414434129233898,0.23207848951777793,0,0.0
725,mMTC,281.0,219.0,562,562,44969091.0,80016.17615658364,562,1.0,157.6171827422776,0.2804576205378605,0.29809275710366384,0,0.0,97.37846912783279,0.17327129738048538,0.19284576515921933,0,0.0
726,eMBB,492.25,7.75,18,1950,277832020.5230354,142477.95924258226,17,0.9444444444444444,196.47653382400807,11.557443166118121,18.530765222859937,0,0.0,4.370620849920448,0.2428122694400249,0.24843318764846953,0,0.0
727,eMBB,495.5,4.5,22,1959,279120294.529922,142481.00792747422,21,0.9545454545454546,198.9273315850217,9.472730075477225,20.430004913777886,0,0.0,5.266643094023928,0.23939286791017855,0.24847909041668484,0,0.0
728,eMBB,492.25,7.75,17,1951,303758880.0375909,155693.94158769396,16,0.9411764705882353,185.76916413381127,11.610572758363205,18.920902916149373,0,0.0,3.9382693270430162,0.23166290159076566,0.2356011102045418,0,0.0
729,eMBB,494.5,5.5,19,1958,310242943.66636074,158448.8987060065,18,0.9473684210526315,192.27075491179016,10.681708606210565,17.918627856491902,0,0.0,4.3677245332453785,0.22988023859186202,0.23357983880439476,0,0.0
730,eMBB,486.25,13.75,18,1926,304276373.8840499,157983.5793790498,17,0.9444444444444444,191.07624838859445,11.239779316976144,17.51689236271288,0,0.0,4.058640963141302,0.22548005350785014,0.23275053091489237,0,0.0
731,eMBB,492.5,7.5,20,1949,311585557.0,159869.44946126218,19,0.95,198.9261310606578,10.469796371613569,18.315942961443657,0,0.0,4.530925804341029,0.22654629021705147,0.23268079377510092,0,0.0
732,eMBB,494.0,6.0,19,1956,388025962.09549034,198377.28123491327,18,0.9473684210526315,194.56572884403897,10.809207158002165,15.01152571653334,0,0.0,4.257942181422606,0.224102220074874,0.2286420459060518,0,0.0
733,eMBB,493.75,6.25,16,1958,280178660.61757785,143094.31083635232,15,0.9375,195.34422554120297,13.022948369413532,19.82807579638997,0,0.0,3.9110698511070807,0.24444186569419254,0.24662908194900743,0,0.0
734,eMBB,493.25,6.75,18,1954,278507798.54493237,142532.13845697665,17,0.9444444444444444,190.30573299902852,11.194454882295796,17.830719750913083,0,0.0,4.391620631519935,0.2439789239733297,0.2474834356654814,0,0.0
735,eMBB,488.5,11.5,22,1931,298654061.7600198,154662.90096324173,21,0.9545454545454546,194.44051312548885,9.259072053594707,18.320972846813657,0,0.0,5.084854014073091,0.23112972791241324,0.2365588569753008,0,0.0
736,eMBB,495.0,5.0,16,1963,313573545.5762241,159741.99978411823,15,0.9375,192.21314644496218,12.814209762997478,18.5170687564403,0,0.0,3.665217842038364,0.22907611512739776,0.2332450182328056,0,0.0
737,mMTC,230.5,269.5,461,460,38669241.0,84063.56739130434,460,0.9978308026030369,127.55429384613142,0.27729194314376393,0.2941983094229137,0,0.0,77.84479421496927,0.16886072497824137,0.18845449388384775,0,0.0
738,eMBB,492.0,8.0,17,1950,312961000.5270566,160492.82078310594,16,0.9411764705882353,193.53701683402917,12.096063552126823,17.216987628988473,0,0.0,3.7989384382272076,0.22346696695454163,0.23210364918011506,0,0.0
739,mMTC,258.0,242.0,516,516,42882438.0,83105.5,516,1.0,145.108588092207,0.2812181939771453,0.3030904821116063,0,0.0,89.84476030748472,0.17411775253388512,0.19820750497725748,0,0.0
740,eMBB,487.75,12.25,16,1934,276616944.85480744,143028.40995595008,15,0.9375,178.74184882512128,11.916123255008085,18.2303679365545,0,0.0,3.909069352418888,0.2443168345261805,0.24765789256629234,0,0.0
741,mMTC,240.0,260.0,480,479,37590188.0,78476.38413361169,479,0.9979166666666667,129.84402113120612,0.27107311300878106,0.29068813125021103,0,0.0,79.17335865303968,0.16494449719383267,0.18563987039551022,0,0.0
742,eMBB,495.75,4.25,19,1963,304218992.6814962,154976.5627516537,18,0.9473684210526315,192.82675947999422,10.712597748888568,18.516724338856758,0,0.0,4.329724003830083,0.22788021072789907,0.23570487185572525,0,0.0
743,eMBB,491.0,9.0,23,1940,306911145.9999998,158201.62164948444,22,0.9565217391304348,198.72223726599148,9.032828966635977,17.118721394327764,0,0.0,5.278531958199456,0.22950138948693286,0.23372835156613894,0,0.0
744,eMBB,490.5,9.5,21,1940,305790248.6550973,157623.83951293674,20,0.9523809523809523,195.4991488321643,9.774957441608215,18.316706557369603,0,0.0,4.830573127380339,0.23002729178001616,0.2341135383173838,0,0.0
745,eMBB,496.75,3.25,18,1968,317074644.3411446,161115.1648074922,17,0.9444444444444444,195.7393400205791,11.514078824739947,17.91669117962952,0,0.0,4.018242297353186,0.22323568318628814,0.23261880146246214,0,0.0
746,mMTC,305.0,195.0,610,610,49044429.0,80400.70327868852,610,1.0,171.41191697734916,0.2810031425858183,0.30380296386614636,0,0.0,106.14198465401554,0.17400325353117302,0.19962417164392415,0,0.0
747,eMBB,497.0,3.0,17,1970,280967692.76610976,142623.19429751765,16,0.9411764705882353,194.0136545678721,12.125853410492006,19.830545834872165,0,0.0,4.098918064513919,0.24111282732434816,0.24810755890281866,0,0.0
748,eMBB,460.5,39.5,15,1817,262030060.07503456,144210.2697165848,14,0.9333333333333333,170.643278943077,12.188805638791214,20.631308375824744,0,0.0,3.5910505437104163,0.23940336958069441,0.24701668054100814,0,0.0
749,mMTC,260.0,240.0,520,520,40556849.0,77993.94038461539,520,1.0,143.15220117809196,0.2752926945732538,0.29636156213062076,0,0.0,86.96528427108336,0.16724093129054493,0.18610517451461986,0,0.0
750,mMTC,284.25,215.75,569,568,46119573.0,81196.43133802817,568,0.9982425307557118,156.75573538259255,0.27597840736371926,0.2990254900196903,0,0.0,95.81611715695153,0.16839387901045963,0.1904182544641347,0,0.0
751,eMBB,489.25,10.75,20,1936,305059118.13138866,157571.85853894043,19,0.95,195.81091209725037,10.305837478802651,18.01821630339607,0,0.0,4.629714800150453,0.23148574000752267,0.23384201953839123,0,0.0
752,eMBB,490.75,9.25,20,1942,310196357.4501364,159730.35914013203,19,0.95,197.08142381399742,10.37270651652618,18.116064693394673,0,0.0,4.491574280637053,0.22457871403185264,0.23174493784456088,0,0.0
753,eMBB,489.25,10.75,24,1932,380669080.61126,197033.68561659422,23,0.9583333333333334,197.78664699974746,8.59941943477163,14.311443688420727,0,0.0,5.353711344127525,0.22307130600531355,0.22912580595024762,0,0.0
754,mMTC,288.0,212.0,576,576,46531701.0,80784.203125,576,1.0,151.87158734580618,0.2636659502531357,0.28347864592500266,0,0.0,90.67040239264391,0.15741389304278455,0.1746174572914091,0,0.0
755,mMTC,305.0,195.0,610,610,48746342.0,79912.03606557377,610,1.0,165.73761215675947,0.2717010035356713,0.29039518950528936,0,0.0,101.25274535915247,0.1659881071461516,0.18541622471896457,0,0.0
756,eMBB,489.75,10.25,19,1939,301468785.0375907,155476.42343351763,18,0.9473684210526315,185.03705920405852,10.279836622447696,18.017730455844188,0,0.0,4.4412574647460925,0.23375039288137328,0.23557800708193408,0,0.0
757,URLLC,191.25,308.75,765,764,107610394.0,140851.30104712042,764,0.9986928104575163,48.464387934793464,0.06343506274187626,0.06528971996613601,0,0.0,2.7020298963847136,0.0035320652240323053,0.004719419329733938,0,0.0
758,eMBB,493.0,7.0,20,1952,307105401.9999995,157328.5870901637,19,0.95,199.289296198431,10.48891032623321,17.218641233212697,0,0.0,4.376642896581366,0.2188321448290683,0.234691183605663,0,0.0
759,eMBB,492.75,7.25,15,1955,315889657.1447319,161580.38728630787,14,0.9333333333333333,187.20040846680624,13.371457747629018,17.413412039512423,0,0.0,3.335265584270474,0.22235103895136493,0.23218789412039567,0,0.0
760,mMTC,238.25,261.75,477,476,38315711.0,80495.19117647059,476,0.9979035639412998,133.95105974671762,0.2814097893838605,0.2999617676579767,0,0.0,83.07941463893977,0.17417068058477939,0.19498835765797667,0,0.0
761,eMBB,491.25,8.75,17,1947,278343216.2791428,142960.0494499963,16,0.9411764705882353,182.06798014860198,11.379248759287623,19.731867113324792,0,0.0,4.052682215059053,0.23839307147406194,0.2473949737181431,0,0.0
762,eMBB,493.5,6.5,16,1957,280866018.7260373,143518.66056516982,15,0.9375,183.5622556483674,12.23748370989116,19.930684956232383,0,0.0,3.922847468455847,0.24517796677849044,0.2470580496390928,0,0.0
763,eMBB,493.75,6.25,21,1953,302633921.3106555,154958.48505409906,20,0.9523809523809523,186.64404171621794,9.332202085810897,17.21837204203672,0,0.0,4.878119661449067,0.23229141244995558,0.2371160931781245,0,0.0
764,mMTC,307.5,192.5,615,614,50054552.0,81522.07166123779,614,0.9983739837398374,169.6169463728491,0.2762490983271158,0.30026794766071596,0,0.0,103.91532777211839,0.16896801263759087,0.1919781093701176,0,0.0
765,URLLC,210.75,289.25,843,843,118052219.0,140038.21945432978,843,1.0,53.18934163072698,0.06309530442553615,0.06511723410438634,0,0.0,2.9681676707270848,0.003520958091016708,0.004727911173805968,0,0.0
766,eMBB,494.5,5.5,19,1958,314090750.51445776,160414.07074282828,18,0.9473684210526315,191.4580037405935,10.636555763366307,18.416909919661627,0,0.0,4.254738332296453,0.22393359643665542,0.23225651065007855,0,0.0
767,eMBB,491.75,8.25,24,1942,382598195.4941984,197012.4590598344,23,0.9583333333333334,197.64638232672533,8.593320970727188,14.71216811913996,0,0.0,5.415824400461611,0.2256593500192338,0.22923679641489506,0,0.0
768,mMTC,276.25,223.75,553,552,43643403.0,79064.13586956522,552,0.9981916817359855,145.7286740055457,0.2640012210245393,0.28412336884287864,0,0.0,87.20343865956322,0.15769157081295337,0.1804567900820691,0,0.0
769,mMTC,279.0,221.0,558,558,45390325.0,81344.66845878137,558,1.0,151.53837206647907,0.27157414348831377,0.2917797484240779,0,0.0,92.45610032391485,0.16569193606436353,0.1872773473984368,0,0.0
770,eMBB,490.5,9.5,22,1939,298334747.9124339,153860.10722662916,21,0.9545454545454546,190.97339186215606,9.09397104105505,15.919765994397558,0,0.0,5.025439470544154,0.2284290668429161,0.23516924745106546,0,0.0
771,eMBB,491.75,8.25,19,1947,309023139.0778503,158717.58555616348,18,0.9473684210526315,185.7694527170367,10.320525150946484,18.21580159112628,0,0.0,4.367896404288183,0.22988928443622017,0.23458241317830708,0,0.0
772,mMTC,236.75,263.25,474,473,37410694.0,79092.37632135306,473,0.9978902953586498,131.5544242681884,0.2781277468672059,0.30391608335429793,0,0.0,80.34779554237646,0.1695101171780094,0.1957410372556152,0,0.0
773,eMBB,494.25,5.75,23,1953,311771714.1893108,159637.3344543322,22,0.9565217391304348,191.28774448514494,8.694897476597497,18.315792099902662,0,0.0,5.249567300272628,0.22824205653359253,0.23276950252988027,0,0.0
774,eMBB,491.25,8.75,27,1937,379365406.9829784,195852.04284098008,26,0.9629629629629629,194.12366766204138,7.466294910078515,12.70957099248203,0,0.0,6.038326161076606,0.22364170966950392,0.2283011071473644,0,0.0
775,eMBB,494.25,5.75,17,1959,279712315.5230344,142783.213641161,16,0.9411764705882353,197.19788657647388,12.324867911029617,17.732571807277317,0,0.0,4.185346108300152,0.24619682990000893,0.24912611382103572,0,0.0
776,eMBB,488.25,11.75,20,1932,275687235.6955869,142695.25657121476,19,0.95,191.95441329993727,10.102863857891435,18.70090200224015,0,0.0,4.772160332450102,0.23860801662250508,0.24800032389882046,0,0.0
777,eMBB,492.0,8.0,22,1945,300691439.55307895,154597.14115839536,21,0.9545454545454546,196.18480526438523,9.342133584018345,19.118555781049167,0,0.0,5.038950903790485,0.2290432228995675,0.23629796649769014,0,0.0
778,eMBB,494.25,5.75,20,1956,310071712.8505918,158523.37057801217,19,0.95,192.1477807997609,10.113041094724258,18.616989243509348,0,0.0,4.566011640655851,0.22830058203279252,0.23367274868704285,0,0.0
779,eMBB,490.0,10.0,19,1940,306481821.45893234,157980.32033965585,18,0.9473684210526315,188.79738691198474,10.488743717332486,18.716669637553515,0,0.0,4.404503772119144,0.23181598800627073,0.23430707605110115,0,0.0
780,eMBB,488.0,12.0,22,1929,308850030.2201674,160108.8803629691,21,0.9545454545454546,197.10845424772359,9.386116868939219,17.716290856599752,0,0.0,4.956396040765589,0.22529072912570858,0.2322812605821981,0,0.0
781,eMBB,488.25,11.75,22,1930,381188671.9144397,197507.08389349206,21,0.9545454545454546,195.39805718108062,9.304669389575267,14.209702187676633,0,0.0,4.941503576152887,0.22461379891604033,0.22876938712855174,0,0.0
782,eMBB,494.5,5.5,14,1963,282279589.0692009,143800.09631645484,13,0.9285714285714286,181.26936177049205,13.94379705926862,20.229041017488544,0,0.0,3.310683232520789,0.23647737375148492,0.24831497685710327,0,0.0
783,mMTC,232.25,267.75,465,464,37244547.0,80268.4202586207,464,0.9978494623655914,126.33907154274219,0.2722824817731513,0.2909486463891807,0,0.0,77.32007216872516,0.1662797250940326,0.18677674861140298,0,0.0
784,mMTC,285.25,214.75,571,570,45634963.0,80061.33859649123,570,0.9982486865148862,157.28129420333727,0.27593209509357414,0.297796378194025,0,0.0,95.80740259684148,0.1677887961415788,0.18778920428627996,0,0.0
785,URLLC,202.5,297.5,810,809,115407587.0,142654.61928306552,809,0.9987654320987654,51.385433959256275,0.06351722368264064,0.06600097327026558,0,0.0,2.959877178978601,0.003654169356763705,0.004913866085094245,0,0.0
786,URLLC,188.0,312.0,752,752,104844243.0,139420.53590425532,752,1.0,47.50742162702994,0.06317476280190151,0.06510492433180622,0,0.0,2.742331957799128,0.003646718028988202,0.004773253701546085,0,0.0
787,eMBB,492.25,7.75,20,1948,310761421.19488907,159528.45030538453,19,0.95,189.62048608459887,9.980025583399941,16.916221468406167,0,0.0,4.539380040915895,0.22696900204579476,0.2326658030768122,0,0.0
788,eMBB,493.5,6.5,23,1950,384925342.9886534,197397.61178905304,22,0.9565217391304348,189.18014967841975,8.599097712655443,14.407905339891208,0,0.0,5.141119696601873,0.2235269433305162,0.2282411837231892,0,0.0
789,eMBB,493.25,6.75,14,1958,281712285.27585465,143877.5716424181,13,0.9285714285714286,180.2635516802068,13.8664270523236,19.628046373438337,0,0.0,3.3071401173343253,0.23622429409530896,0.24727291601721735,0,0.0
790,eMBB,489.75,10.25,16,1942,277969672.8786191,143135.77388188418,15,0.9375,186.10298099981668,12.406865399987778,19.471300379074723,0,0.0,3.864634702129752,0.2415396688831095,0.2471154120802348,0,0.0
791,mMTC,251.75,248.25,504,503,39002736.0,77540.23061630219,503,0.998015873015873,138.81040292231137,0.275965015750122,0.2971909504060412,0,0.0,84.60054207684115,0.16785821840643086,0.1892058709529466,0,0.0
792,eMBB,496.0,4.0,18,1965,312533665.33660525,159050.21136722915,17,0.9444444444444444,193.55948240913264,11.385851906419568,18.41510394631235,0,0.0,4.1460127122383845,0.23033403956879914,0.2334704174213525,0,0.0
793,eMBB,493.0,7.0,18,1953,309379881.049868,158412.6375063328,17,0.9444444444444444,186.21995317092177,10.954114892407162,18.619385374917456,0,0.0,4.11265492620086,0.22848082923338112,0.2347661356162414,0,0.0
794,eMBB,497.5,2.5,16,1973,318149953.2089234,161251.87694319483,15,0.9375,188.1160189692167,12.541067931281113,17.613647890015653,0,0.0,3.5739746569278683,0.22337341605799177,0.23193620874687995,0,0.0
795,eMBB,491.0,9.0,23,1940,382378051.38395756,197102.08834224616,22,0.9565217391304348,194.63323296670598,8.846965134850272,12.612064084239966,0,0.0,5.094909164826882,0.22151778977508182,0.22834165580428556,0,0.0
796,mMTC,238.75,261.25,478,477,39550750.0,82915.61844863731,477,0.997907949790795,126.26564149792047,0.26470784381115403,0.2846179484079681,0,0.0,75.760279436724,0.1584943084450293,0.18212368618574587,0,0.0
797,eMBB,492.75,7.25,18,1952,280758184.0873437,143831.03692999165,17,0.9444444444444444,196.10295040039907,11.535467670611709,19.532635595914265,0,0.0,4.395049184110151,0.24416939911723062,0.2475833360611771,0,0.0
798,eMBB,492.75,7.25,19,1951,303357950.9723103,155488.44232307037,18,0.9473684210526315,190.87713243750926,10.60428513541718,18.719974512299963,0,0.0,4.386732424009111,0.23088065389521636,0.23627658888686606,0,0.0
799,mMTC,304.0,196.0,608,607,50232127.0,82754.73970345964,607,0.9983552631578947,168.1979329527137,0.2770970888842071,0.3016150762741981,0,0.0,103.37711257251257,0.17002814567847463,0.19375380653060834,0,0.0
800,mMTC,304.75,195.25,610,609,48188891.0,79127.89983579639,609,0.9983606557377049,169.69379188264128,0.2786433364246983,0.30310114319080433,0,0.0,103.86220699135906,0.1702659131005886,0.19326812917371028,0,0.0
801,URLLC,212.0,288.0,848,847,117472219.0,138692.1121605667,847,0.9988207547169812,52.73861287509288,0.062265186393261965,0.06390639826528047,0,0.0,3.034228583971843,0.003578099745249815,0.004785973269473689,0,0.0
802,eMBB,493.0,7.0,24,1947,384727712.82662284,197600.26339323208,23,0.9583333333333334,198.6378934898261,8.63643015173157,14.908387365867803,0,0.0,5.320656008074361,0.22169400033643172,0.22979477668340648,0,0.0
803,eMBB,492.75,7.25,17,1954,278650568.0000004,142605.20368474946,17,1.0,199.27135826278308,11.721844603693123,20.229603409340893,0,0.0,4.1323105264800395,0.2430770897929435,0.2482630761556576,0,0.0
804,eMBB,492.75,7.25,17,1953,279662345.7309322,143196.28557651417,16,0.9411764705882353,184.50523157764368,11.53157697360273,19.331115337994518,0,0.0,4.085509914569818,0.24032411262175402,0.24728022666595895,0,0.0
805,mMTC,293.0,207.0,586,586,47425475.0,80930.84470989762,586,1.0,161.91216859091432,0.27630062899473434,0.298792077316548,0,0.0,98.77984305484583,0.1685662850765287,0.19191250090629158,0,0.0
806,eMBB,493.25,6.75,21,1951,308783776.72872716,158269.49089119793,20,0.9523809523809523,196.21393938359338,9.81069696917967,18.315915126767763,0,0.0,4.7477612032621215,0.2260838668220058,0.23362954652956852,0,0.0
807,eMBB,496.75,3.25,19,1967,310709821.6968963,157961.2718337043,18,0.9473684210526315,200.18990251979017,11.121661251099454,18.217720432301476,0,0.0,4.297408964837071,0.2261794192019511,0.23437372119857688,0,0.0
808,eMBB,492.75,7.25,19,1951,313792550.893528,160836.776470286,18,0.9473684210526315,196.04995287086123,10.89166404838118,18.41440122608345,0,0.0,4.3584121239289155,0.2293901117857324,0.23335334065815116,0,0.0
809,mMTC,289.0,211.0,578,578,45851414.0,79327.70588235294,578,1.0,162.8713619877169,0.2817843633005483,0.3004394855687852,0,0.0,101.20071456049457,0.17508774145414285,0.1942541077910074,0,0.0
810,eMBB,488.5,11.5,21,1932,273887553.2514118,141763.7439189502,20,0.9523809523809523,196.03451085572897,9.801725542786448,20.030198279118828,0,0.0,5.087825631460942,0.2422774110219496,0.2487687445745573,0,0.0
811,mMTC,260.25,239.75,521,520,40940980.0,78732.65384615384,520,0.9980806142034548,141.66773258849528,0.27243794728556786,0.28814895270656005,0,0.0,86.71194358678578,0.16643367291129707,0.184300459197294,0,0.0
812,eMBB,496.0,4.0,19,1965,306211044.0000007,155832.59236641257,19,1.0,200.55128725130655,10.555330907963503,18.82014674297312,0,0.0,4.344317954935303,0.2286483134176475,0.23664779856551676,0,0.0
813,eMBB,491.0,9.0,22,1941,306366116.95188534,157839.31836779256,21,0.9545454545454546,197.67711313865817,9.413195863745628,17.61577368567985,0,0.0,5.03123617162629,0.22869255325574045,0.23381330184810442,0,0.0
814,eMBB,491.5,8.5,18,1947,308545521.6638843,158472.2761499149,17,0.9444444444444444,197.91590920294254,11.642112306055443,17.518393198852216,0,0.0,4.110865565620589,0.22838142031225495,0.2343813317908201,0,0.0
815,eMBB,493.25,6.75,23,1949,309530612.5707621,158815.09110865166,22,0.9565217391304348,198.2245974746745,9.010208976121568,15.316851547782889,0,0.0,5.1937029099461425,0.22581316999765838,0.2338366739914845,0,0.0
816,eMBB,491.25,8.75,26,1938,381827937.71376854,197021.63968718707,25,0.9615384615384616,194.36384352321812,7.774553740928725,14.70875297547415,0,0.0,5.776375738800862,0.222168297646187,0.22883902030035042,0,0.0
817,mMTC,284.0,216.0,568,567,45787540.0,80754.03880070547,567,0.9982394366197183,150.21005970339803,0.26492074021763323,0.28124885004878186,0,0.0,90.44904253346148,0.15924127206595332,0.17949527637356813,0,0.0
818,mMTC,246.5,253.5,493,493,38521417.0,78136.74847870182,493,1.0,134.7406613058397,0.2733076294236099,0.29043473255324403,0,0.0,82.76831445045511,0.16788704756684605,0.184671893545568,0,0.0
819,eMBB,493.75,6.25,23,1951,301304502.4228584,154435.93153401252,22,0.9565217391304348,195.29847796333854,8.877203543788115,16.219220813421643,0,0.0,5.273767464551846,0.2292942375892107,0.23643153904590342,0,0.0
820,eMBB,489.25,10.75,17,1939,307748473.66636044,158715.04572788058,16,0.9411764705882353,189.96409320820175,11.872755825512609,17.116137477609268,0,0.0,3.944086646941315,0.2320050968789009,0.234515335721704,0,0.0
821,eMBB,494.25,5.75,18,1958,310479246.6751941,158569.58461450157,17,0.9444444444444444,198.780068665194,11.692945215599647,17.61833233427344,0,0.0,4.07622403679119,0.2264568909328439,0.23476541887735528,0,0.0
822,eMBB,482.25,17.75,23,1905,303712753.8998931,159429.2671390515,22,0.9565217391304348,191.7598690657785,8.716357684808115,17.316146606104205,0,0.0,5.233357874610903,0.2275372988961262,0.23232404694575856,0,0.0
823,eMBB,488.25,11.75,25,1927,380317963.8597532,197362.72125571,24,0.96,197.0188307860742,8.209117949419758,14.809468250492325,0,0.0,5.619634643620926,0.22478538574483703,0.22975828822976957,0,0.0
824,eMBB,492.0,8.0,15,1952,278978987.060582,142919.56304333094,14,0.9333333333333333,185.24090431487082,13.231493165347915,19.12947847502055,0,0.0,3.6020121267951772,0.24013414178634515,0.24743834749187463,0,0.0
825,URLLC,202.5,297.5,810,810,112710913.0,139149.27530864198,810,1.0,50.366760395464425,0.06218118567341287,0.064316302542238,0,0.0,2.595994061233692,0.0032049309397946817,0.004233545180637267,0,0.0
826,eMBB,490.5,9.5,19,1942,302348600.22214836,155689.28950677052,18,0.9473684210526315,195.72645144142547,10.873691746745859,18.7210960951758,0,0.0,4.341652210638719,0.22850801108624835,0.23672569152773032,0,0.0
827,eMBB,491.75,8.25,20,1946,308489062.88004345,158524.69829395862,19,0.95,188.38688240229166,9.915099073804825,17.91512136828262,0,0.0,4.513000824773166,0.2256500412386583,0.23381747132647343,0,0.0
828,eMBB,492.75,7.25,17,1953,309585977.4342228,158518.16560892106,16,0.9411764705882353,185.15935106387101,11.572459441491938,17.019108162426562,0,0.0,3.843290873659299,0.22607593374466464,0.2348178387917778,0,0.0
829,eMBB,492.75,7.25,22,1948,311169911.6415048,159738.1476599101,21,0.9545454545454546,195.61333472516918,9.314920701198533,18.017441764321383,0,0.0,5.072144242071892,0.23055201100326783,0.2334056415259242,0,0.0
830,eMBB,484.75,15.25,27,1911,374957234.84486234,196209.96067235077,26,0.9629629629629629,190.86942937798577,7.341131899153298,14.613425344202735,0,0.0,6.006220126702757,0.2224525972852873,0.2295263278340823,0,0.0
831,mMTC,237.5,262.5,475,475,39196525.0,82519.0,475,1.0,125.97809152613372,0.2652170347918605,0.28595563588782263,0,0.0,75.79341148647549,0.1595650768136326,0.18382476101602774,0,0.0
832,eMBB,491.5,8.5,19,1946,277677448.4154303,142691.3917859354,18,0.9473684210526315,191.7223167957113,10.65123982198396,20.43324841017532,0,0.0,4.532655368547207,0.23856080887090564,0.248187705727724,0,0.0
833,eMBB,488.75,11.25,18,1936,301473078.2191018,155719.56519581703,17,0.9444444444444444,193.6073829827107,11.388669587218276,19.02072619642216,0,0.0,4.206312133120143,0.2336840073955635,0.23731559133040245,0,0.0
834,mMTC,280.25,219.75,561,560,46175419.0,82456.10535714286,560,0.9982174688057041,155.6585015051301,0.27796160983058943,0.3025464772310812,0,0.0,95.74488934410418,0.17066825195027482,0.19544343073535467,0,0.0
835,mMTC,278.0,222.0,556,556,45067987.0,81057.53057553957,556,1.0,155.1712038663543,0.27908489904020556,0.29894376778425447,0,0.0,95.13648667353362,0.1711087889811756,0.1898024416304083,0,0.0
836,eMBB,490.5,9.5,20,1941,310412792.4383594,159924.15890693426,19,0.95,186.0807013292995,9.793721122594711,18.016182663341677,0,0.0,4.510710702389364,0.2255355351194682,0.2330154067311197,0,0.0
837,URLLC,197.5,302.5,790,790,110227741.0,139528.78607594938,790,1.0,49.58069664632087,0.06276037550167199,0.06484643154528011,0,0.0,3.0687086413209075,0.003884441318127731,0.005264980835286999,0,0.0
838,eMBB,493.75,6.25,18,1956,278424905.37397283,142344.02115233784,17,0.9444444444444444,191.24143498588458,11.24949617564027,19.828783338591066,0,0.0,4.351846139491867,0.2417692299717704,0.2478083680570332,0,0.0
839,eMBB,495.0,5.0,16,1963,282668037.65958846,143997.98148730944,15,0.9375,199.56477481038016,13.30431832069201,20.34406865395701,0,0.0,3.8310462466262076,0.23944039041413798,0.24674232868140353,0,0.0
840,eMBB,492.75,7.25,17,1953,304852242.02186644,156094.3379528246,16,0.9411764705882353,193.69222761497605,12.105764225936003,18.418850201154225,0,0.0,3.879903262709678,0.2282296036888046,0.2364880997834799,0,0.0
841,eMBB,494.5,5.5,16,1961,312674805.1108519,159446.61147927173,15,0.9375,191.61673507701315,12.77444900513421,18.31365352021018,0,0.0,3.683632106938692,0.23022700668366824,0.23300490851390254,0,0.0
842,eMBB,491.5,8.5,23,1942,305261812.67519426,157189.39890586727,22,0.9565217391304348,198.35716735942614,9.016234879973915,17.8172164959828,0,0.0,5.33707410609807,0.2320467002651335,0.2348858856127146,0,0.0
843,mMTC,280.5,219.5,561,561,45488697.0,81085.02139037433,561,1.0,161.96569718886735,0.28870890764503987,0.3142906369268351,0,0.0,100.43202760527754,0.1790232221127942,0.20381392977465962,0,0.0
844,eMBB,490.0,10.0,24,1935,380742749.61116135,196766.27886881723,23,0.9583333333333334,194.13778538500213,8.440773277608788,13.910881786637814,0,0.0,5.427803925380997,0.22615849689087486,0.2285949000577573,0,0.0
845,eMBB,495.5,4.5,20,1961,277598193.05463433,141559.50691210318,19,0.95,192.89292909644448,10.152259426128657,19.927823628822445,0,0.0,4.836789301180572,0.2418394650590286,0.24746398002503495,0,0.0
846,eMBB,488.75,11.25,17,1937,277437650.7342473,143230.588918042,16,0.9411764705882353,188.0543873006218,11.753399206288863,20.426544251278738,0,0.0,4.138681537114257,0.24345185512436807,0.24742423691672974,0,0.0
847,eMBB,492.5,7.5,19,1950,303189530.7779571,155481.8106553626,18,0.9473684210526315,196.22357991406025,10.901309995225569,16.920156322765376,0,0.0,4.344327443015791,0.2286488127903048,0.23681076220225705,0,0.0
848,eMBB,493.0,7.0,17,1954,312546617.81659,159952.2097321341,16,0.9411764705882353,183.13445516012456,11.445903447507785,17.91711375781063,0,0.0,3.8187831776847334,0.2246343045696902,0.23296017530660484,0,0.0
849,eMBB,489.75,10.25,20,1936,305458462.9145765,157778.1316707523,19,0.95,183.77307405561638,9.672267055558757,18.317392129050223,0,0.0,4.641024608262419,0.23205123041312095,0.23494316665670925,0,0.0
850,eMBB,495.75,4.25,19,1963,314014803.4795178,159966.78730489954,18,0.9473684210526315,192.83050486025186,10.712805825569548,18.51647653628016,0,0.0,4.342814378327548,0.22856917780671304,0.233053848935667,0,0.0
851,eMBB,492.25,7.75,24,1945,382526650.9999999,196671.79999999993,24,1.0,199.49331010855911,8.312221254523296,14.809374284528054,0,0.0,5.373844433237034,0.22391018471820975,0.2296391737293502,0,0.0
852,eMBB,491.25,8.75,15,1949,279870395.548934,143596.9192144351,14,0.9333333333333333,192.38289394829343,13.74163528202096,20.33123310954665,0,0.0,3.6494366539486416,0.24329577692990945,0.24895534442491274,0,0.0
853,eMBB,492.25,7.75,17,1951,280284709.25180167,143662.0754750393,16,0.9411764705882353,181.7646217609818,11.360288860061363,20.031266500774272,0,0.0,4.152232209124865,0.2442489534779332,0.24680331825055968,0,0.0
854,eMBB,489.5,10.5,21,1936,300663263.83611673,155301.27264262227,20,0.9523809523809523,195.76212229652853,9.788106114826427,18.619401544361086,0,0.0,4.817532717130722,0.2294063198633677,0.23688886817684754,0,0.0
855,eMBB,493.0,7.0,19,1952,309613491.9896457,158613.46925699065,18,0.9473684210526315,194.55764175940993,10.808757875522774,18.215619685668155,0,0.0,4.3740082203096895,0.23021095896366786,0.2330665502925474,0,0.0
856,mMTC,243.0,257.0,486,486,39082247.0,80416.14609053498,486,1.0,135.98853059513104,0.27981179134800627,0.3052974593534462,0,0.0,83.54514187684042,0.17190358410872514,0.19427362003720688,0,0.0
857,eMBB,494.5,5.5,20,1957,313101994.6303676,159990.7995045312,19,0.95,197.9706488885425,10.41950783623908,18.31552675278631,0,0.0,4.505906479857547,0.22529532399287736,0.23286920410717185,0,0.0
858,URLLC,200.25,299.75,801,801,113486334.0,141680.81647940076,801,1.0,50.32832575838858,0.062831867363781,0.06467762371409394,0,0.0,3.2004978608885613,0.003995627791371487,0.005276227995454712,0,0.0
859,mMTC,295.5,204.5,591,590,48392730.0,82021.57627118644,590,0.9983079526226735,156.64267697331692,0.26549606266663883,0.2818513290724838,0,0.0,94.611789399296,0.1600876301172521,0.17855971163658638,0,0.0
860,eMBB,490.75,9.25,19,1943,278221346.65958923,143191.63492516172,18,0.9473684210526315,198.32480778523959,11.018044876957754,20.63147076156332,0,0.0,4.641151278870243,0.2442711199405391,0.24739258296184363,0,0.0
861,eMBB,493.0,7.0,20,1951,303089499.1597566,155350.84528947034,19,0.95,195.2131825575255,10.274378029343447,18.518216371208098,0,0.0,4.651656447474627,0.23258282237373135,0.23650139239319612,0,0.0
862,eMBB,492.75,7.25,15,1955,312783680.0747358,159991.65221214108,14,0.9333333333333333,196.5870420648121,14.041931576058007,18.615564699077748,0,0.0,3.4411316140370376,0.22940877426913583,0.23345363770579397,0,0.0
863,mMTC,282.5,217.5,565,565,43881529.0,77666.42300884955,565,1.0,158.16488630717305,0.27993785187110276,0.3035717670967221,0,0.0,97.24612943845491,0.1721170432539025,0.19795189940441443,0,0.0
864,eMBB,490.25,9.75,17,1943,312486207.7814885,160826.66380930957,16,0.9411764705882353,186.922646290832,11.682665393177,18.114852788356778,0,0.0,3.8098180712182557,0.22410694536577974,0.23306031813107045,0,0.0
865,mMTC,312.5,187.5,625,624,50110393.0,80305.11698717948,624,0.9984,176.51831743870423,0.28288191897228243,0.3032433772990574,0,0.0,110.11469339925341,0.17618350943880545,0.1997629501101601,0,0.0
866,eMBB,488.5,11.5,19,1934,274864580.06377244,142122.32681684202,18,0.9473684210526315,189.94968584935845,10.552760324964359,18.42944456902428,0,0.0,4.679733025949101,0.24630173820784743,0.24889226375635587,0,0.0
867,eMBB,495.0,5.0,19,1960,279773772.9431754,142741.7208893752,18,0.9473684210526315,192.6251650723728,10.701398059576267,20.030087072792533,0,0.0,4.6434507185409615,0.24439214308110324,0.2483541312700459,0,0.0
868,eMBB,490.5,9.5,20,1941,301406843.21910137,155284.30871669314,19,0.95,194.48216479818157,10.235903410430609,18.92010208592361,0,0.0,4.623769135358081,0.23118845676790406,0.2364653906445461,0,0.0
869,URLLC,212.25,287.75,849,849,119129007.0,140316.851590106,849,1.0,54.05821053338435,0.06367280392624776,0.06613946075258197,0,0.0,3.2920859053073404,0.0038776041287483395,0.005119483579975893,0,0.0
870,eMBB,492.0,8.0,22,1945,305787956.6968968,157217.45845598806,21,0.9545454545454546,198.64226010488304,9.459155243089668,17.917683584843196,0,0.0,5.008371436480564,0.22765324711275292,0.23539984803015546,0,0.0
871,eMBB,495.25,4.75,19,1961,313968517.48642623,160106.332221533,18,0.9473684210526315,192.25597465848242,10.6808874810268,17.51665191623561,0,0.0,4.2770807767958,0.2251095145682,0.23275933395878992,0,0.0
872,eMBB,488.0,12.0,31,1920,374594460.86686933,195101.28170149444,30,0.967741935483871,198.01739228562846,6.600579742854282,13.412230802151843,0,0.0,7.02139604184865,0.22649664651124676,0.22988788344243108,0,0.0
873,URLLC,153.75,346.25,615,615,83211304.0,135302.93333333332,615,1.0,38.74260124546638,0.0629960995861242,0.06495576847137109,0,0.0,2.296478552774087,0.0037341114679253448,0.004897065635763747,0,0.0
874,eMBB,492.75,7.25,18,1952,279394608.573509,143132.4839003632,17,0.9444444444444444,186.55579364565986,10.97387021445058,20.02939178666774,0,0.0,4.362164472554396,0.24234247069746648,0.2470714748666315,0,0.0
875,eMBB,494.25,5.75,18,1958,304694530.2105168,155615.18396859898,17,0.9444444444444444,183.79741468098484,10.811612628293226,18.818820482087396,0,0.0,4.20866034718392,0.23381446373244,0.23655619983753307,0,0.0
876,eMBB,495.0,5.0,23,1956,308125003.74147564,157528.12052222682,22,0.9565217391304348,190.19170722871362,8.645077601305164,18.516044090347727,0,0.0,5.2759516294132665,0.22938920127883766,0.23455030762035547,0,0.0
877,mMTC,274.0,226.0,548,547,45092518.0,82436.04753199269,547,0.9981751824817519,153.42126283725307,0.28047762858729997,0.30616913922150724,0,0.0,94.69510474337486,0.1728012860280563,0.19585921853774652,0,0.0
878,eMBB,490.25,9.75,21,1939,309600218.8538998,159670.04582460018,20,0.9523809523809523,189.26450666052898,9.463225333026449,18.21543968494825,0,0.0,4.819798365718348,0.22951420789134988,0.23313995815432279,0,0.0
879,eMBB,490.0,10.0,24,1935,381933154.8597523,197381.47537971695,23,0.9583333333333334,197.54793360215984,8.589040591398254,15.010498288332103,0,0.0,5.344805078559705,0.2227002116066544,0.22945969749200637,0,0.0
880,eMBB,491.25,8.75,16,1948,278411333.1512426,142921.62892774263,15,0.9375,183.8127522301057,12.254183482007047,20.6304991536261,0,0.0,3.8968295148139145,0.24355184467586966,0.24753600359654093,0,0.0
881,eMBB,491.75,8.25,14,1952,281688775.8918067,144307.77453473705,13,0.9285714285714286,184.43337110069848,14.187182392361422,19.32838200700426,0,0.0,3.377536041844352,0.2412525744174537,0.24839709761522435,0,0.0
882,mMTC,222.25,277.75,445,444,34785360.0,78345.4054054054,444,0.9977528089887641,123.42863017371327,0.277992410301156,0.2995758033416716,0,0.0,75.60946417815755,0.1699089082655226,0.19055968121654496,0,0.0
883,eMBB,494.0,6.0,18,1957,312165801.4651658,159512.41771342146,17,0.9444444444444444,198.3312178554304,11.666542226790023,18.31682322495741,0,0.0,4.136654178562094,0.22981412103122745,0.23422285261200257,0,0.0
884,eMBB,497.25,2.75,20,1968,310226299.4611515,157635.31476684526,19,0.95,198.80860002448034,10.463610527604228,16.018508844389117,0,0.0,4.546921281241119,0.22734606406205593,0.23466977403008613,0,0.0
885,mMTC,225.75,274.25,452,451,35276281.0,78217.91796008869,451,0.9977876106194691,130.53120166635597,0.2894261677746252,0.31163359946262137,0,0.0,81.07281667319367,0.17936463865750812,0.20121980732586922,0,0.0
886,mMTC,255.5,244.5,511,511,42999497.0,84147.74363992173,511,1.0,144.83759456437474,0.2834395196954496,0.3052392363118971,0,0.0,90.39802218493023,0.17690415300377735,0.20137132208614228,0,0.0
887,eMBB,495.25,4.75,17,1963,281282555.6175774,143292.18319795077,16,0.9411764705882353,196.03660411201932,12.252287757001207,20.730474556869307,0,0.0,4.13937890725557,0.24349287689738647,0.2480634394229948,0,0.0
888,eMBB,490.5,9.5,14,1947,281569070.8828836,144616.88283661203,13,0.9285714285714286,192.4357690096823,14.802751462283254,20.630052642020658,0,0.0,3.3829383125311705,0.2416384508950836,0.24786842219297664,0,0.0
889,eMBB,495.0,5.0,17,1962,307758379.4957184,156859.5206400196,16,0.9411764705882353,188.1808574632515,11.761303591453219,18.71787842685919,0,0.0,3.877225248416818,0.2280720734362834,0.2369962597218216,0,0.0
890,eMBB,493.0,7.0,20,1952,310837801.99999994,159240.67725409832,19,0.95,199.17759797105634,10.48303147216086,18.016472937141348,0,0.0,4.28485436380446,0.21424271819022297,0.23282376200917587,0,0.0
891,mMTC,274.5,225.5,549,549,44249188.0,80599.61384335154,549,1.0,153.98612042615565,0.2804847366596642,0.2985243089738566,0,0.0,94.97657033965994,0.17299921737642976,0.19260001051231818,0,0.0
892,URLLC,148.5,351.5,594,594,82902039.0,139565.72222222222,594,1.0,37.12498002073068,0.06249996636486647,0.06471418969242355,0,0.0,2.2761783214999642,0.003831950036195226,0.005169781774752437,0,0.0
893,mMTC,273.0,227.0,546,546,43966281.0,80524.32417582418,546,1.0,154.66104241365315,0.2832619824425882,0.3014318744043193,0,0.0,96.56925344281971,0.17686676454728886,0.19677784718209707,0,0.0
894,eMBB,491.25,8.75,14,1950,279763369.6267827,143468.3946804014,13,0.9285714285714286,183.84379232470485,14.14183017882345,18.584856807335804,0,0.0,3.399310555481003,0.24280789682007162,0.24855732003265466,0,0.0
895,mMTC,303.0,197.0,606,605,48338766.0,79898.7867768595,605,0.9983498349834984,165.60324926361685,0.273724378948127,0.29244626290944,0,0.0,101.90558317664585,0.16816102834430008,0.18799271718130847,0,0.0
896,eMBB,495.5,4.5,20,1961,304525986.3106558,155291.1709896256,19,0.95,187.1274766160417,9.848814558739036,16.720022417824087,0,0.0,4.5749050559499995,0.22874525279749996,0.23663918148927188,0,0.0
897,eMBB,491.75,8.25,17,1949,310540593.72872734,159333.29591007048,16,0.9411764705882353,195.1399900597729,12.196249378735807,17.816747480136378,0,0.0,3.8304012784734947,0.22531772226314675,0.23422595288568446,0,0.0
898,eMBB,498.0,2.0,16,1975,314057951.6045481,159016.68435673323,15,0.9375,193.98068693634207,12.932045795756137,18.21494229712365,0,0.0,3.654165536570745,0.22838534603567157,0.23513092326887192,0,0.0
899,mMTC,301.5,198.5,603,603,48953746.0,81183.6583747927,603,1.0,174.84367469434903,0.28995634277669824,0.31526420235590863,0,0.0,108.7504311911012,0.18034897378292072,0.20569515039009667,0,0.0
900,URLLC,214.75,285.25,859,859,119931604.0,139617.6996507567,859,1.0,54.04295287104813,0.06291379845290818,0.06498846190855152,0,0.0,3.545897327714755,0.004127936353567817,0.005565041362709748,0,0.0
901,eMBB,489.25,10.75,19,1937,275319673.3656838,142137.15713251615,18,0.9473684210526315,195.06418335381036,10.836899075211686,18.63047850102097,0,0.0,4.6022008640189345,0.24222109810625972,0.24827622366469698,0,0.0
902,mMTC,273.5,226.5,547,547,44963109.0,82199.46800731261,547,1.0,150.04437430606637,0.2743041577807429,0.2939831010545667,0,0.0,92.50154367734835,0.16910702683244672,0.19004348430242995,0,0.0
903,eMBB,493.5,6.5,21,1952,302808632.8818801,155127.3734026025,20,0.9523809523809523,195.85105510125052,9.792552755062527,17.616124383258516,0,0.0,4.815922117856682,0.22932962465984202,0.2374250106053643,0,0.0
904,eMBB,492.75,7.25,18,1952,311194490.0927998,159423.40680983596,17,0.9444444444444444,198.74299639062082,11.690764493565931,18.415840058654055,0,0.0,4.150778682947478,0.23059881571930432,0.23448820987143107,0,0.0
905,eMBB,494.25,5.75,19,1957,309609542.09892035,158206.20444502827,18,0.9473684210526315,186.92967968871864,10.384982204928813,18.718571940919844,0,0.0,4.355561845366116,0.2292400971245324,0.2349829979209323,0,0.0
906,mMTC,252.0,248.0,504,503,40781599.0,81076.73757455268,503,0.998015873015873,146.06601398601583,0.2903896898330335,0.31591216098838726,0,0.0,91.20229539265844,0.18095693530289372,0.20711181705676335,0,0.0
907,mMTC,270.75,229.25,542,541,42898023.0,79293.9426987061,541,0.9981549815498155,153.69938882411734,0.28410238229966234,0.30526008628058676,0,0.0,96.16552407856189,0.17742716619660864,0.2028997462805867,0,0.0
908,eMBB,492.0,8.0,17,1950,279749725.6920403,143461.39779078992,16,0.9411764705882353,192.5443341929514,12.034020887059462,19.629966007590404,0,0.0,4.050847347736263,0.23828513810213311,0.24858627354140936,0,0.0
909,mMTC,251.5,248.5,503,502,41143756.0,81959.67330677291,502,0.9980119284294234,137.70109334828058,0.27430496682924416,0.2914026224142728,0,0.0,85.12780962958328,0.1692401781900264,0.185319766703334,0,0.0
910,eMBB,491.0,9.0,17,1946,303117069.621058,155764.16732839568,16,0.9411764705882353,185.33007630384316,11.583129768990197,17.618922360312467,0,0.0,3.931351105967156,0.2312559474098327,0.23712314206660937,0,0.0
911,mMTC,291.0,209.0,582,582,49136191.0,84426.44501718214,582,1.0,162.17917170072408,0.2786583706198008,0.297193651760553,0,0.0,100.0094541861943,0.17183755014810018,0.19323981242733373,0,0.0
912,mMTC,317.25,182.75,635,634,50693881.0,79958.80283911672,634,0.9984251968503937,178.12325451140822,0.2809515055384988,0.30561792226354356,0,0.0,110.11961088029703,0.17341671004771186,0.1997999021362987,0,0.0
913,mMTC,169.75,330.25,336,336,27385614.0,81504.80357142857,336,1.0,104.37340234895129,0.3106351260385455,5.719541557529296,0,0.0,67.63730013903682,0.20130148850903817,5.609907452230152,0,0.0
914,eMBB,492.0,8.0,23,1944,383174660.23189044,197106.30670364734,22,0.9565217391304348,190.0110929417587,8.636867860989032,14.696225452055213,0,0.0,5.193020255573567,0.2257834893727638,0.22873529846349794,0,0.0
915,eMBB,493.25,6.75,17,1955,278987506.4855255,142704.606897967,16,0.9411764705882353,193.2466518518964,12.077915740743524,20.331532683072453,0,0.0,4.0528445437351035,0.23840262021971198,0.24762860000100176,0,0.0
916,eMBB,492.25,7.75,23,1945,276068871.3518636,141937.72306008413,22,0.9565217391304348,198.73182511576908,9.033264777989503,19.230088549054386,0,0.0,5.5189421518287,0.23995400660124783,0.24794320359586056,0,0.0
917,eMBB,492.75,7.25,21,1949,301184482.9722446,154532.82861582586,20,0.9523809523809523,195.35028307539284,9.767514153769643,17.818907744930275,0,0.0,4.81712996346365,0.22938714111731665,0.23668669641357232,0,0.0
918,URLLC,197.0,303.0,788,788,110470783.0,140191.34898477158,788,1.0,50.267792796847935,0.0637916152244263,0.06592948602832926,0,0.0,3.197746858001876,0.004058054388327254,0.005416185864932962,0,0.0
919,eMBB,490.25,9.75,21,1939,305665780.56996787,157640.93892210824,20,0.9523809523809523,187.9133657320137,9.395668286600685,18.71721447523515,0,0.0,4.774097169998735,0.22733796047613025,0.23466503436003863,0,0.0
920,eMBB,490.5,9.5,19,1942,312068373.43835914,160694.3220588873,18,0.9473684210526315,186.03376452987524,10.335209140548624,18.015767179067392,0,0.0,4.356942346126644,0.22931275505929705,0.23363822184163446,0,0.0
921,eMBB,491.25,8.75,22,1942,383169844.0000002,197306.81977342954,21,0.9545454545454546,198.59567110680365,9.456936719371603,14.809589433645789,0,0.0,4.9650708830232295,0.22568504013741952,0.2295971586879608,0,0.0
922,eMBB,495.0,5.0,16,1963,281292400.78917027,143297.1985680949,15,0.9375,182.3780637287754,12.15853758191836,19.13027383737347,0,0.0,3.8703713013688317,0.24189820633555198,0.24870162118901123,0,0.0
923,eMBB,495.25,4.75,18,1962,281703101.3752287,143579.56237269557,17,0.9444444444444444,197.28574140190287,11.605043611876638,20.03161163331828,0,0.0,4.294580644574024,0.2385878135874458,0.24799590848423217,0,0.0
924,mMTC,238.5,261.5,477,477,39938899.0,83729.34800838574,477,1.0,132.5836125953944,0.27795306623772414,0.2946622869107413,0,0.0,81.29151238137726,0.17042245782259383,0.18866937238082676,0,0.0
925,eMBB,482.75,17.25,21,1909,301300715.42549187,157831.70006573698,20,0.9523809523809523,189.0426491958521,9.452132459792605,18.316381203792087,0,0.0,4.802207277510755,0.22867653702432167,0.23378443031846446,0,0.0
926,eMBB,487.75,12.25,18,1932,305717906.4107828,158239.08199315882,17,0.9444444444444444,192.9746321553917,11.35144895031716,18.51608409429039,0,0.0,4.184360475539783,0.2324644708633213,0.23422080205132836,0,0.0
927,mMTC,308.0,192.0,616,615,49677055.0,80775.69918699187,615,0.9983766233766234,178.82481224108517,0.29077205242452875,0.3157584558682231,0,0.0,111.7751189037214,0.18145311510344383,0.20587928903061622,0,0.0
928,mMTC,253.75,246.25,508,507,39594913.0,78096.47534516765,507,0.9980314960629921,144.370371825177,0.2847541850595207,0.3057527345298755,0,0.0,90.47967852684347,0.17810960339929818,0.19816505865359174,0,0.0
929,eMBB,498.0,2.0,14,1977,284810973.99754715,144062.20232551702,13,0.9285714285714286,193.35406473607065,14.873389595082358,19.931320815881662,0,0.0,3.315705769236845,0.23683612637406035,0.24808428563756119,0,0.0
930,eMBB,496.0,4.0,17,1966,281724028.3706258,143298.08157203754,16,0.9411764705882353,199.09792664184064,12.44362041511504,18.53004270907087,0,0.0,4.094446769896186,0.24084980999389333,0.24757671774686102,0,0.0
931,mMTC,304.0,196.0,608,608,49214065.0,80944.18585526316,608,1.0,169.42226677770427,0.27865504404227676,0.3008821170874987,0,0.0,104.20125901941365,0.17138364970298298,0.19475546044684278,0,0.0
932,mMTC,314.0,186.0,628,627,51150596.0,81579.89792663477,627,0.9984076433121019,174.87012261586185,0.2788997170906887,0.29667675063086735,0,0.0,108.08048831135837,0.17210268839388274,0.19025192614934033,0,0.0
933,eMBB,494.25,5.75,17,1959,311850571.5654466,159188.65317276499,16,0.9411764705882353,187.4529585534266,11.715809909589163,18.71733188699588,0,0.0,3.850249857233896,0.22648528571964094,0.23521681339707864,0,0.0
934,eMBB,492.75,7.25,21,1949,311175617.29577506,159659.11610865832,20,0.9523809523809523,193.18881687947618,9.659440843973808,17.215778760604334,0,0.0,4.84691957524606,0.2308056940593362,0.23395574321376975,0,0.0
935,eMBB,485.0,15.0,24,1915,377933500.70414555,197354.3084616948,23,0.9583333333333334,194.67409930019463,8.464091273921506,14.809832010957683,0,0.0,5.376907120801148,0.22403779670004784,0.22961310980302946,0,0.0
936,eMBB,492.0,8.0,17,1950,279020750.4272926,143087.5643216885,16,0.9411764705882353,195.64054319393378,12.227533949620861,18.72819093772403,0,0.0,4.053283972463075,0.23842846896841619,0.24778902620118257,0,0.0
937,URLLC,217.0,283.0,868,867,122172255.0,140913.78892733564,867,0.9988479262672811,54.117688407737006,0.06241947913233795,0.06445973273712934,0,0.0,3.0224971232469846,0.0034821395429112728,0.004647354087674822,0,0.0
938,mMTC,305.5,194.5,611,611,48206876.0,78898.32405891981,611,1.0,170.25731309829922,0.2786535402590822,0.30219713247211405,0,0.0,104.76948511778636,0.171472152402269,0.19339105696736028,0,0.0
939,eMBB,489.5,10.5,19,1938,306836781.2316522,158326.51250343252,18,0.9473684210526315,188.45640034009412,10.469800018894118,16.51488424566552,0,0.0,4.386273037613151,0.23085647566385004,0.23485940012888926,0,0.0
940,mMTC,274.25,225.75,549,548,41774477.0,76230.79744525548,548,0.9981785063752276,154.3304772894046,0.2816249585573077,0.30734853697728604,0,0.0,95.48987088496025,0.17393419104728644,0.19789280672087575,0,0.0
941,mMTC,310.25,189.75,621,620,48686475.0,78526.57258064517,620,0.998389694041868,180.53189384712493,0.2911804739469757,0.3132106618557773,0,0.0,112.96313548917644,0.1819052101274983,0.20423600242206996,0,0.0
942,mMTC,274.0,226.0,548,547,44489901.0,81334.37111517368,547,0.9981751824817519,155.9713083755099,0.2851395034287201,0.3093584140095782,0,0.0,98.11021917366605,0.17903324666727383,0.20301895956513377,0,0.0
943,eMBB,492.0,8.0,18,1949,278006382.11857486,142640.52443231136,17,0.9444444444444444,188.86226188557214,11.109544816798362,20.628933835913596,0,0.0,4.392415443170677,0.2440230801761487,0.24871975626967155,0,0.0
944,mMTC,288.75,211.25,578,577,46734756.0,80996.11091854419,577,0.9982698961937716,158.45579965996305,0.27462010339681636,0.2939411953236676,0,0.0,97.90475195945015,0.16938538401288955,0.19119709412708635,0,0.0
945,eMBB,489.25,10.75,19,1937,301494399.4721308,155650.18041927248,18,0.9473684210526315,187.8089650267666,10.433831390375921,18.917175451368955,0,0.0,4.349887121791526,0.2289414274627119,0.23714912163736737,0,0.0
946,eMBB,489.75,10.25,20,1938,306658950.84710556,158234.7527590844,19,0.95,191.06058932191613,10.055820490627164,18.517050298658525,0,0.0,4.6095989575692995,0.23047994787846499,0.2347723600807094,0,0.0
947,eMBB,490.0,10.0,23,1936,303559160.1740948,156797.0868667845,22,0.9565217391304348,194.65366168026532,8.847893712739333,18.61610964058841,0,0.0,5.3477302877796395,0.23251001251215825,0.23519342721001235,0,0.0
948,eMBB,494.5,5.5,19,1958,315162407.40723056,160961.39295568466,18,0.9473684210526315,189.7515768056871,10.541754266982617,18.01472909456606,0,0.0,4.278661054443332,0.22519268707596485,0.23325800490355345,0,0.0
949,mMTC,269.0,231.0,538,537,43054292.0,80175.59031657355,537,0.9981412639405205,153.4543950744997,0.28576237444040914,0.3102571237318004,0,0.0,96.76111459654459,0.17985337285603084,0.20443562623180042,0,0.0
950,URLLC,226.0,274.0,904,904,129013655.0,142714.22013274336,904,1.0,57.05397613488036,0.06311280545893845,0.06516224925580405,0,0.0,3.5573649018034073,0.003935138165711734,0.005271024367969091,0,0.0
951,eMBB,495.75,4.25,21,1961,279232974.5349002,142393.15376588484,20,0.9523809523809523,197.47415622429097,9.873707811214548,19.029254093784143,0,0.0,5.033098836377798,0.23967137316084752,0.2475831098976237,0,0.0
952,eMBB,488.5,11.5,17,1936,302992468.00816727,156504.3739711608,16,0.9411764705882353,196.78370323962636,12.298981452476648,18.717854931962787,0,0.0,3.889081547847522,0.22876950281456013,0.23695317197230373,0,0.0
953,eMBB,490.5,9.5,23,1938,306047464.20933324,157919.22817819053,22,0.9565217391304348,194.17872191366902,8.82630554153041,17.313243897425007,0,0.0,5.279938232135848,0.22956253183199338,0.2343482566423879,0,0.0
954,eMBB,492.25,7.75,18,1950,308237140.49263227,158070.32845776013,17,0.9444444444444444,185.3121255759619,10.90071326917423,18.518606592572958,0,0.0,4.131080564167985,0.22950447578711028,0.23525677648417645,0,0.0
955,eMBB,493.75,6.25,19,1955,313520400.6951744,160368.4914041813,18,0.9473684210526315,192.45344697135255,10.691858165075141,18.413904962260062,0,0.0,4.282135100278928,0.22537553159362778,0.2336638830656212,0,0.0
956,eMBB,493.5,6.5,22,1951,385736906.31235117,197712.4071308822,21,0.9545454545454546,186.88159280757606,8.899123467027431,14.711365082081942,0,0.0,4.954832198132854,0.22521964536967518,0.2292480254252273,0,0.0
957,mMTC,298.5,201.5,597,596,48033770.0,80593.57382550335,596,0.998324958123953,159.09169806716855,0.26693237930732977,0.28455661223137235,0,0.0,96.3838313364605,0.1614469536624129,0.17996025496641507,0,0.0
958,eMBB,494.0,6.0,18,1957,280502817.62925303,143333.06981566327,17,0.9444444444444444,197.0717494751294,11.5924558514782,20.53015923056636,0,0.0,4.385330165233947,0.24362945362410818,0.24756454559477148,0,0.0
959,eMBB,493.0,7.0,17,1954,304218588.25332975,155690.1679904451,16,0.9411764705882353,193.76272357247603,12.110170223279752,17.91957001658228,0,0.0,3.969981476170243,0.23352832212766136,0.23684554674597552,0,0.0
960,mMTC,285.0,215.0,570,570,45284675.0,79446.79824561403,570,1.0,159.6048319702871,0.2800084771408546,0.30004676979123945,0,0.0,98.85216844994514,0.1734248569297283,0.19478818551773516,0,0.0
961,eMBB,491.25,8.75,18,1946,307826048.2610925,158183.99191217497,17,0.9444444444444444,184.43930648272934,10.849370969572314,18.716675388818985,0,0.0,4.156843824464785,0.2309357680258214,0.23520322707248906,0,0.0
962,eMBB,489.0,11.0,20,1935,309995922.1665504,160204.61093878574,19,0.95,189.529137651214,9.975217771116526,17.11510682648604,0,0.0,4.578230025472675,0.22891150127363374,0.23326848105792114,0,0.0
963,mMTC,274.75,225.25,550,549,45602508.0,83064.67759562841,549,0.9981818181818182,156.80949872162506,0.28562750222518224,0.306517728043624,0,0.0,98.60477656023619,0.17928141192770217,0.20015228721029057,0,0.0
964,mMTC,272.75,227.25,546,545,42249616.0,77522.23119266055,545,0.9981684981684982,145.5735519518166,0.2671074347739754,0.2875201787157372,0,0.0,88.27678923455146,0.16167910116218215,0.18354074726113845,0,0.0
965,eMBB,496.25,3.75,17,1967,281605638.83561224,143165.0426210535,16,0.9411764705882353,190.89308017728544,11.93081751108034,19.34430720378666,0,0.0,4.094369920443669,0.2408452894378629,0.24822567917814894,0,0.0
966,eMBB,489.75,10.25,20,1938,301126026.55307907,155379.7866630955,19,0.95,195.11918498067888,10.269430788456782,18.818261009765425,0,0.0,4.678395053308987,0.23391975266544934,0.23733951893506117,0,0.0
967,eMBB,492.25,7.75,22,1946,307245017.3399933,157885.4148715279,21,0.9545454545454546,198.90861406731062,9.47183876511003,16.71557278757713,0,0.0,5.092269887960965,0.23146681308913478,0.23483696858555322,0,0.0
968,eMBB,488.75,11.25,16,1938,307489714.6724879,158663.42346361605,15,0.9375,190.53638866714357,12.702425911142905,18.316406978746492,0,0.0,3.723840249522295,0.23274001559514343,0.2344378243371422,0,0.0
969,eMBB,493.75,6.25,22,1952,312063021.5270574,159868.35119214008,21,0.9545454545454546,194.79520282435524,9.275962039255012,17.414577340814628,0,0.0,4.979238382814398,0.22632901740065445,0.23330457069200697,0,0.0
970,mMTC,301.0,199.0,602,602,49127388.0,81606.95681063124,602,1.0,172.1641230972815,0.2859869154439892,0.3111039692374332,0,0.0,108.42267144783723,0.18010410539507846,0.20596460618187762,0,0.0
971,eMBB,496.5,3.5,16,1969,282138805.54893434,143290.4040370413,15,0.9375,194.6132144748725,12.974214298324833,20.530481540726857,0,0.0,3.9110701598893716,0.24444188499308572,0.2478319969780764,0,0.0
972,mMTC,309.0,191.0,618,617,49030139.0,79465.37925445705,617,0.9983818770226537,170.03541560088593,0.2755841419787454,0.29154042238494193,0,0.0,105.5200269267029,0.17074438014029594,0.18758450423525358,0,0.0
973,eMBB,490.5,9.5,17,1944,302717597.84538394,155718.92893281067,16,0.9411764705882353,187.87783038529193,11.742364399080746,18.419012114181218,0,0.0,3.9909184508133424,0.23475990887137307,0.23691433229774353,0,0.0
974,eMBB,489.75,10.25,16,1943,310977046.9999996,160049.94698919175,16,1.0,197.74054146872558,12.358783841795349,18.216832312430647,0,0.0,3.7117463081685544,0.23198414426053465,0.23405101088437288,0,0.0
975,eMBB,496.75,3.25,18,1968,312845446.834546,158966.18233462705,17,0.9444444444444444,194.5262721801862,11.442721892952129,18.616830958668345,0,0.0,4.146449342973177,0.23035829683184314,0.2344931111210877,0,0.0
976,eMBB,494.25,5.75,19,1957,314116638.5219473,160509.26853446465,18,0.9473684210526315,197.41423940311367,10.967457744617427,17.615093375271833,0,0.0,4.350212992982441,0.2289585785780232,0.23289993138065607,0,0.0
977,eMBB,493.0,7.0,25,1946,382196747.8565971,196401.20650390396,24,0.96,191.174400819802,7.965600034158417,14.510447260754258,0,0.0,5.599673273801335,0.22398693095205338,0.22932016582700437,0,0.0
978,eMBB,495.75,4.25,16,1966,282965954.21908796,143929.78342781687,15,0.9375,192.81391851686524,12.854261234457683,20.52840956477775,0,0.0,3.814403336892902,0.23840020855580638,0.24842777438630448,0,0.0
979,eMBB,492.5,7.5,16,1953,280738240.8356122,143747.17912729757,15,0.9375,189.2172258423422,12.614481722822813,20.629595440164543,0,0.0,3.8038889833871297,0.2377430614616956,0.24763209560650334,0,0.0
980,URLLC,179.75,320.25,719,719,100125454.0,139256.5424200278,719,1.0,45.5945643604006,0.06341385863755299,0.06603541466085314,0,0.0,2.8707413073236463,0.003992686101980037,0.005299611662668116,0,0.0
981,eMBB,491.75,8.25,17,1949,312051479.3008204,160108.50656789143,16,0.9411764705882353,195.429932888829,12.214370805551813,18.61643612553037,0,0.0,3.8319410625499817,0.22540829779705773,0.2342988564773856,0,0.0
982,URLLC,214.75,285.25,859,858,119579472.0,139370.01398601398,858,0.9988358556461001,54.460468583789485,0.06347373960814626,0.06538856604575576,0,0.0,3.4593033048402444,0.004027128410756978,0.00522781914305622,0,0.0
983,eMBB,494.25,5.75,16,1960,315214754.4047598,160823.85428814276,15,0.9375,189.10073836715623,12.606715891143748,17.914399532243273,0,0.0,3.6868723154755365,0.23042951971722103,0.23301529578330998,0,0.0
984,eMBB,494.75,5.25,20,1958,388046641.0390882,198185.2099280328,19,0.95,190.34682746794175,10.018254077260092,15.008198421601845,0,0.0,4.492002057712786,0.2246001028856393,0.22878341980160039,0,0.0
985,eMBB,492.0,8.0,19,1948,277195733.8070392,142297.60462373676,18,0.9473684210526315,197.5313412428951,10.973963402383061,19.027725126433733,0,0.0,4.6834218175948985,0.2464958851365736,0.24881607185468207,0,0.0
986,mMTC,308.0,192.0,616,616,50199157.0,81492.13798701299,616,1.0,170.1560173576539,0.2762273009052823,0.29498413185851213,0,0.0,105.68684509919225,0.17156955373245497,0.1918186980123583,0,0.0
987,eMBB,493.25,6.75,18,1954,304069928.31860584,155614.08818761812,17,0.9444444444444444,190.55540863622662,11.20914168448392,18.919143795847372,0,0.0,4.184062980208478,0.23244794334491545,0.23647357137569064,0,0.0
988,mMTC,278.25,221.75,557,556,43919677.0,78992.22482014388,556,0.9982046678635548,155.90442803824922,0.28040364755080793,0.2988768261192596,0,0.0,96.74992063004399,0.1736982417056445,0.1937677953500288,0,0.0
989,eMBB,489.5,10.5,21,1936,304883011.33609515,157480.89428517313,20,0.9523809523809523,194.51697467611416,9.725848733805709,18.716399867803176,0,0.0,4.890631483334823,0.23288721349213443,0.23492782891232852,0,0.0
990,mMTC,263.75,236.25,528,527,42667390.0,80962.78937381404,527,0.9981060606060606,154.04851475915157,0.2923121722185039,0.3131438762715287,0,0.0,96.663494703425,0.18307480057466857,0.2034066027672552,0,0.0
991,eMBB,491.25,8.75,22,1942,384206408.97165334,197840.58134482664,21,0.9545454545454546,189.2124150706961,9.010115003366481,14.211936322169654,0,0.0,4.891145378850429,0.22232478994774676,0.22935556746508176,0,0.0
992,eMBB,490.5,9.5,18,1943,277295487.1396589,142715.12462154345,17,0.9444444444444444,196.5731059114007,11.563123877141217,20.331364270372358,0,0.0,4.308488447115035,0.23936046928416863,0.24849746756968413,0,0.0
993,eMBB,492.0,8.0,17,1950,278355991.0529175,142746.66207841923,16,0.9411764705882353,189.7851389869771,11.861571186686069,19.128073920622434,0,0.0,4.090098769425817,0.24059404526034214,0.24819942595788264,0,0.0
994,eMBB,492.75,7.25,20,1950,303107050.3671694,155439.51300880482,19,0.95,191.32606512318515,10.069792901220271,17.31928586562408,0,0.0,4.592264924656249,0.22961324623281243,0.23692566638229756,0,0.0
995,eMBB,488.5,11.5,20,1933,306111040.6344919,158360.60043170818,19,0.95,193.87628198553875,10.204014841344145,18.015322565843366,0,0.0,4.632952215499987,0.23164761077499935,0.23455167276061428,0,0.0
996,eMBB,494.25,5.75,19,1957,310218174.25110304,158517.20707772256,18,0.9473684210526315,188.0696115232774,10.448311751293188,18.71653357647428,0,0.0,4.3132064920504805,0.22701086800265688,0.2348600800406168,0,0.0
997,eMBB,493.75,6.25,19,1955,314244975.5219462,160739.11791403897,18,0.9473684210526315,197.14067264330316,10.95225959129462,18.315513231331753,0,0.0,4.280727683100496,0.22530145700528925,0.23249960474248524,0,0.0
998,mMTC,233.5,266.5,467,467,38485454.0,82409.96573875802,467,1.0,133.553604963009,0.28598202347539403,0.3083390064187053,0,0.0,84.12793877967552,0.18014547918560067,0.202660971589737,0,0.0
999,eMBB,495.5,4.5,17,1964,280324846.21908754,142731.5917612462,16,0.9411764705882353,192.90191458206516,12.056369661379073,19.430547118732278,0,0.0,4.12473360770357,0.2426313886884453,0.24854928824706563,0,0.0
1000,eMBB,494.75,5.25,15,1963,282498663.21031356,143911.698018499,14,0.9333333333333333,194.35753622586572,13.882681158990408,19.93176973073927,0,0.0,3.630859689090529,0.24205731260603527,0.24822189405080852,0,0.0
1001,eMBB,496.5,3.5,17,1968,306789089.15322286,155888.7648136295,16,0.9411764705882353,191.65165563715954,11.978228477322471,18.31881804355918,0,0.0,3.966615208359803,0.23333030637410607,0.23763186927706065,0,0.0
1002,mMTC,240.75,259.25,482,481,38704176.0,80466.06237006237,481,0.9979253112033195,134.99718426280046,0.2806594267417889,0.30023062515509363,0,0.0,83.8757847294673,0.174016150891011,0.19547280314170595,0,0.0
1003,eMBB,493.0,7.0,23,1948,304567198.4078642,156348.66448042312,22,0.9565217391304348,195.7030047747073,8.895591126123058,18.114849931101748,0,0.0,5.313839755261026,0.23103651109830547,0.2350450817701082,0,0.0
1004,eMBB,495.25,4.75,22,1958,311282331.8651901,158979.74048273242,21,0.9545454545454546,198.45363466570294,9.450173079319187,17.014678796328276,0,0.0,5.044745390860827,0.22930660867549213,0.23303700556914075,0,0.0
1005,eMBB,489.5,10.5,25,1932,381673160.93158543,197553.39592732166,24,0.96,197.62438811241267,8.23434950468386,14.311890788585503,0,0.0,5.5578754647679105,0.22231501859071642,0.22941314712878996,0,0.0
1006,eMBB,494.5,5.5,17,1961,280683823.9999996,143133.00560938276,16,0.9411764705882353,199.63655281218507,12.477284550761567,20.329316997947295,0,0.0,3.8123252322906573,0.2242544254288622,0.24837657659609236,0,0.0
1007,eMBB,493.75,6.25,17,1957,281887829.41736865,144040.79173089864,16,0.9411764705882353,197.45236481903135,12.340772801189459,19.62978181268707,0,0.0,4.058552755210832,0.23873839736534308,0.24824022615922875,0,0.0
1008,URLLC,156.5,343.5,626,625,90647556.0,145036.0896,625,0.9984025559105432,39.69645767157356,0.06351433227451769,0.06603904419182037,0,0.0,2.5921697855883394,0.004140846302856772,0.005565310918286292,0,0.0
1009,eMBB,492.5,7.5,22,1947,308455066.20933306,158425.8172621125,21,0.9545454545454546,194.8637446786625,9.279225937079167,18.617442482815743,0,0.0,5.057279520104095,0.22987634182291342,0.2345768401672617,0,0.0
1010,eMBB,485.5,14.5,20,1921,302854151.1239901,157654.42536386783,19,0.95,194.58611441843422,10.241374443075486,17.415119622519867,0,0.0,4.550712906671874,0.22753564533359372,0.2344958575944977,0,0.0
1011,mMTC,274.5,225.5,549,549,44467482.0,80997.2349726776,549,1.0,160.5682895411297,0.2924741157397627,0.3141972876371653,0,0.0,100.83332078420675,0.1836672509730542,0.2050026785340231,0,0.0
1012,eMBB,493.0,7.0,23,1948,384832477.3117292,197552.60642285892,22,0.9565217391304348,196.68779473097197,8.94035430595327,14.809289680560896,0,0.0,5.190652682357184,0.2256805514068341,0.23044672800685642,0,0.0
1013,eMBB,493.0,7.0,19,1952,278951649.5935111,142905.55819339707,18,0.9473684210526315,194.75140894778363,10.819522719321313,20.330234739260273,0,0.0,4.612000553123377,0.24273687121701987,0.24854608072965095,0,0.0
1014,eMBB,494.0,6.0,16,1959,281480947.38713413,143686.0374615284,15,0.9375,193.9621642292067,12.93081094861378,20.32634308198082,0,0.0,3.8545995895424023,0.24091247434640015,0.24822390894432858,0,0.0
1015,mMTC,304.5,195.5,609,609,50216774.0,82457.75697865353,609,1.0,170.37083372071183,0.2797550635808076,0.3038210601766299,0,0.0,105.23184298156634,0.17279448765446034,0.19688987174998787,0,0.0
1016,eMBB,488.25,11.75,19,1933,307553899.8969032,159107.0356424745,18,0.9473684210526315,188.06118118292343,10.447843399051301,18.51421864054322,0,0.0,4.40583251127034,0.23188592164580737,0.23417772829066424,0,0.0
1017,URLLC,203.75,296.25,815,815,113587689.0,139371.39754601227,815,1.0,51.816136988066205,0.06357808219394627,0.06555446580870672,0,0.0,3.4023556319123722,0.004174669487009046,0.005524161444207644,0,0.0
1018,eMBB,488.75,11.25,18,1936,310429046.27294976,160345.5817525567,17,0.9444444444444444,183.81321929857654,10.812542311680973,17.416233929453924,0,0.0,4.139386014823562,0.2299658897124201,0.2340352478288817,0,0.0
1019,URLLC,173.5,326.5,694,694,98423714.0,141820.91354466858,694,1.0,43.809477136240595,0.06312604774674438,0.06524773698536876,0,0.0,3.0375995270738962,0.004376944563507055,0.005707913546247973,0,0.0
1020,eMBB,490.0,10.0,16,1943,278003205.62001085,143079.36470407146,15,0.9375,193.3918736214117,12.89279157476078,20.32755316724796,0,0.0,3.9017038220126437,0.24385648887579023,0.24903594667795828,0,0.0
1021,eMBB,493.0,7.0,17,1954,281240406.49776155,143930.60721482168,16,0.9411764705882353,187.64744370684778,11.727965231677986,19.527556970254043,0,0.0,4.157196561517679,0.2445409742069223,0.2492240812875398,0,0.0
1022,eMBB,491.75,8.25,17,1949,305127937.85498506,156556.1507721832,16,0.9411764705882353,198.2081541624898,12.388009635155612,18.419541341195295,0,0.0,3.9254892538172546,0.23091113257748555,0.23739851396497008,0,0.0
1023,URLLC,201.0,299.0,804,804,111645120.0,138862.08955223882,804,1.0,51.45142857018283,0.06399431414201844,0.0660797390584501,0,0.0,3.4584375947981774,0.0043015392970126584,0.005554268281527454,0,0.0
1024,mMTC,264.0,236.0,528,527,44101768.0,83684.56925996205,527,0.9981060606060606,149.3988109957137,0.28348920492545293,0.30745745110828526,0,0.0,93.21700385247122,0.1765473557811955,0.19953043059546477,0,0.0
1025,mMTC,244.0,256.0,488,488,38625877.0,79151.38729508196,488,1.0,142.88674825004725,0.292800713627146,0.31496746625193045,0,0.0,89.82783647876532,0.18407343540730597,0.20651060368782787,0,0.0
1026,eMBB,483.5,16.5,27,1906,372886184.6604248,195638.0821932974,26,0.9629629629629629,191.5952996172854,7.369049985280208,13.009580501516618,0,0.0,6.065606218648777,0.22465208217217694,0.22998336467766756,0,0.0
1027,mMTC,255.0,245.0,510,509,39973413.0,78533.2278978389,509,0.9980392156862745,136.46864424581756,0.26811128535524076,0.2846331077419174,0,0.0,83.20019402921285,0.16313763535139775,0.1798890073240702,0,0.0
1028,eMBB,494.5,5.5,17,1960,281685083.6292527,143716.87940267994,16,0.9411764705882353,197.03693751317698,12.314808594573561,20.128233580443975,0,0.0,4.0466425928999765,0.23803779958235155,0.24869929356861745,0,0.0
1029,mMTC,281.5,218.5,563,563,44352282.0,78778.47602131439,563,1.0,157.834038594004,0.28034465114387924,0.30333456858039254,0,0.0,97.68350107981583,0.17350533051477057,0.1983930851615891,0,0.0
1030,eMBB,493.25,6.75,19,1953,309217506.7287273,158329.49653288646,18,0.9473684210526315,196.0443201547308,10.891351119707267,15.78855481889596,0,0.0,4.388348461922238,0.23096570852222306,0.23474298372500232,0,0.0
1031,mMTC,274.25,225.75,549,548,45411089.0,82866.950729927,548,0.9981785063752276,155.28894379091318,0.28337398501991456,0.30947651873591286,0,0.0,96.63447098510113,0.1760190728326068,0.20030022198377612,0,0.0
1032,eMBB,493.0,7.0,18,1953,313684567.8648592,160616.77822061404,17,0.9444444444444444,196.9224715507318,11.583674797101871,17.41435539104805,0,0.0,4.0488617632109705,0.2249367646228317,0.23216911739133503,0,0.0
1033,eMBB,489.25,10.75,25,1931,380633708.7048671,197117.40481867795,24,0.96,194.63109343858025,8.109628893274177,14.908972173383841,0,0.0,5.569462150481681,0.22277848601926725,0.2293851159046397,0,0.0
1034,eMBB,493.5,6.5,17,1956,279400690.1347996,142842.8886169732,16,0.9411764705882353,193.64500784255284,12.102812990159553,20.03224151780976,0,0.0,4.073258606461682,0.23960344743892245,0.24956082302505597,0,0.0
1035,eMBB,492.5,7.5,18,1951,279565090.3871343,143293.2293117039,17,0.9444444444444444,193.60606241380503,11.388591906694414,20.328820852500904,0,0.0,4.336036588217485,0.24089092156763808,0.24780962087844224,0,0.0
1036,eMBB,494.75,5.25,17,1961,304919736.3671699,155491.9614314992,16,0.9411764705882353,191.88804714808012,11.993002946755007,16.514892388623156,0,0.0,4.006808030877674,0.23569459005162788,0.2379826047590715,0,0.0
1037,eMBB,491.25,8.75,20,1944,308264367.0126137,158572.20525340212,19,0.95,196.76153799737244,10.35587042091434,18.61463050729077,0,0.0,4.626293710591033,0.23131468552955164,0.2346467645102465,0,0.0
1038,eMBB,496.25,3.75,17,1968,312622582.00000113,158852.93800813064,16,0.9411764705882353,200.1395979343633,12.508724870897707,18.31571958400875,0,0.0,3.6201219175711845,0.2129483480924226,0.2346979975881805,0,0.0
1039,mMTC,289.5,210.5,579,579,45576143.0,78715.27288428324,579,1.0,169.65899174548503,0.2930207111320985,0.3153976093728884,0,0.0,106.8042705557415,0.1844633342931632,0.20664189836288038,0,0.0
1040,URLLC,196.75,303.25,787,786,106631071.0,135662.94020356235,786,0.9987293519695044,49.68207858314847,0.06320875137805149,0.06547771633797449,0,0.0,3.537351195214322,0.004494728329370168,0.005976111741785951,0,0.0
1041,eMBB,491.0,9.0,18,1945,276753126.1735402,142289.52502495638,17,0.9444444444444444,185.15237102970354,10.891315942923738,18.928924928321223,0,0.0,4.395200702702638,0.24417781681681325,0.24865934014848898,0,0.0
1042,eMBB,493.25,6.75,19,1954,279545247.99999994,143063.07471852607,18,0.9473684210526315,199.4735631528701,11.081864619603895,19.12867582735467,0,0.0,4.377155858494273,0.23037662413127755,0.24793635728707167,0,0.0
1043,URLLC,185.5,314.5,742,742,102649730.0,138341.95417789757,742,1.0,47.12693679588961,0.06351339190820703,0.06617707402644658,0,0.0,3.131266190504938,0.004220035297176466,0.005830476044746863,0,0.0
1044,mMTC,289.5,210.5,579,579,45487115.0,78561.51122625216,579,1.0,162.74899072164405,0.28108633976104325,0.30508579830494026,0,0.0,101.23734617429349,0.17484861169998875,0.19864923317673505,0,0.0
1045,eMBB,491.0,9.0,19,1944,306879387.2200674,157859.76708851202,18,0.9473684210526315,193.167839477542,10.731546637641223,17.915799367466708,0,0.0,4.314428125804689,0.22707516451603627,0.23505942142199773,0,0.0
1046,mMTC,236.5,263.5,473,472,36462093.0,77250.19703389831,472,0.9978858350951374,138.61839030107734,0.29368303029889264,0.31641874851818746,0,0.0,87.5782042156975,0.18515476578371565,0.20439702954382855,0,0.0
1047,eMBB,491.75,8.25,24,1942,382911029.7048677,197173.5477368011,23,0.9583333333333334,195.52971318313715,8.501291877527702,14.51174902766346,0,0.0,5.355858351163605,0.2231607646318169,0.22987621973152483,0,0.0
1048,eMBB,493.0,7.0,19,1952,277724277.6278231,142276.78157163068,18,0.9473684210526315,190.65387407940864,10.59188189330048,20.226452437074318,0,0.0,4.618684590454255,0.24308866265548712,0.2486167500020475,0,0.0
1049,eMBB,490.75,9.25,19,1943,277448613.891807,142793.93406680753,18,0.9473684210526315,184.67493153065118,10.25971841836951,19.72966497371511,0,0.0,4.623762595720547,0.2433559260905551,0.24840429891860694,0,0.0
1050,eMBB,494.75,5.25,18,1960,304847291.9326149,155534.33261868107,17,0.9444444444444444,186.56317975554637,10.974304691502727,18.71776745359385,0,0.0,4.201504383949108,0.2334169102193949,0.2375529322524293,0,0.0
1051,eMBB,490.0,10.0,19,1940,306863347.42994493,158176.98321131183,18,0.9473684210526315,192.25675699687082,10.680930944270601,16.51388506268436,0,0.0,4.406696525969575,0.23193139610366184,0.234741639478521,0,0.0
1052,eMBB,494.0,6.0,19,1956,309285895.5217816,158121.62347739347,18,0.9473684210526315,197.66845901229274,10.981581056238486,17.306113132591122,0,0.0,4.321013709964771,0.22742177420867216,0.2346661163420269,0,0.0
1053,mMTC,313.5,186.5,627,627,49481982.0,78918.63157894737,627,1.0,184.0491685455073,0.29353934377273894,0.31760725902630327,0,0.0,116.16457475337035,0.1852704541521058,0.20859949765878188,0,0.0
1054,mMTC,297.0,203.0,594,594,49259119.0,82927.80976430976,594,1.0,170.5409942586987,0.28710605094057023,0.3130320999236022,0,0.0,107.79097997592083,0.18146629625575897,0.20812184020138,0,0.0
1055,eMBB,490.25,9.75,22,1938,274394628.56537586,141586.49564776875,21,0.9545454545454546,190.0749677409624,9.051188940045828,20.42651670941695,0,0.0,5.292166683566674,0.24055303107121248,0.24916890476459125,0,0.0
1056,eMBB,494.25,5.75,16,1960,283519338.8628674,144652.72390962622,15,0.9375,196.11552662651803,13.074368441767868,20.63085053674974,0,0.0,3.810581676092439,0.23816135475577743,0.24793081902798997,0,0.0
1057,eMBB,491.5,8.5,18,1947,302745845.36716944,155493.5004453875,17,0.9444444444444444,190.69194321851745,11.217173130501026,19.0177561674142,0,0.0,4.2328943445419664,0.23516079691899813,0.2383005636885713,0,0.0
1058,eMBB,494.25,5.75,20,1956,310080939.5535316,158528.0877063045,19,0.95,196.96272200094134,10.366459052681122,18.215514370852713,0,0.0,4.6304004661114835,0.23152002330557417,0.23466260057166585,0,0.0
1059,eMBB,492.5,7.5,18,1951,310471749.2200666,159134.6741261233,17,0.9444444444444444,193.6584823404108,11.39167543178887,18.315366299088037,0,0.0,4.091808775865284,0.22732270977029356,0.23481515609691792,0,0.0
1060,mMTC,261.5,238.5,523,523,41257018.0,78885.31166347992,523,1.0,154.0331801497864,0.294518508890605,0.31817589773822585,0,0.0,97.45640484346164,0.1863411182475366,0.20985780166984985,0,0.0
1061,eMBB,493.25,6.75,23,1949,386061226.2185838,198081.69636664126,22,0.9565217391304348,197.11818206104206,8.959917366411004,14.611908124762163,0,0.0,5.127904159415187,0.22295235475718203,0.22904913800632146,0,0.0
1062,eMBB,486.5,13.5,18,1927,273723327.3429086,142046.3556527808,17,0.9444444444444444,186.32283474454002,10.960166749678825,19.329313924911393,0,0.0,4.373628441237195,0.24297935784651084,0.24963253312481545,0,0.0
1063,URLLC,180.25,319.75,721,720,104441687.0,145057.8986111111,720,0.9986130374479889,45.09835394793557,0.06263660270546607,0.06469239353731279,0,0.0,2.7064290849038843,0.003753715790435346,0.0048638484037166725,0,0.0
1064,eMBB,493.75,6.25,18,1956,305120610.2698737,155992.1320398127,17,0.9444444444444444,197.67434591714974,11.627902701008807,18.81719650254597,0,0.0,4.115001076824004,0.2286111709346669,0.23657403650393458,0,0.0
1065,mMTC,279.0,221.0,558,558,45637087.0,81786.89426523297,558,1.0,157.38424718885724,0.28205062220225313,0.3016752317193971,0,0.0,98.2013058517634,0.1759880033185724,0.1973921219758073,0,0.0
1066,URLLC,198.0,302.0,792,791,110491799.0,139686.21871049303,791,0.9987373737373737,50.330658465712055,0.06362915103124153,0.06562734727631027,0,0.0,3.423148385353758,0.0043221570522143414,0.0058150053494231,0,0.0
1067,mMTC,284.75,215.25,570,569,44755094.0,78655.70123022847,569,0.9982456140350877,167.08948814843143,0.2936546364647301,0.31601619396624275,0,0.0,105.5872937282606,0.18524086618993088,0.2066705790860409,0,0.0
1068,URLLC,202.75,297.25,811,810,109473940.0,135153.01234567902,810,0.998766954377312,51.247656502255396,0.0632687117311795,0.06568633079627874,0,0.0,3.736003572655179,0.004606662851609346,0.0062590132955525225,0,0.0
1069,eMBB,493.25,6.75,17,1955,279397136.8047318,142914.13647300858,16,0.9411764705882353,193.49115316054122,12.093197072533826,20.228376584363684,0,0.0,4.12623252302029,0.24271956017766413,0.24906693455151543,0,0.0
1070,mMTC,258.75,241.25,518,517,42072222.0,81377.60541586073,517,0.9980694980694981,143.29771002124386,0.2771715861145916,0.29634567665371747,0,0.0,89.22816010568812,0.17225513533916625,0.19383195596995673,0,0.0
1071,mMTC,267.0,233.0,534,533,43002451.0,80680.02063789869,533,0.99812734082397,149.60078598832052,0.28067689678859387,0.29921899604925273,0,0.0,92.87959952648623,0.1739318343192626,0.1934709512629279,0,0.0
1072,eMBB,491.75,8.25,18,1948,309292624.8968277,158774.44809898752,17,0.9444444444444444,193.0310107346085,11.35476533732991,18.216023429304546,0,0.0,4.166301380947644,0.23146118783042466,0.2338767508561184,0,0.0
1073,eMBB,493.0,7.0,17,1954,310659138.3236443,158986.25298037066,16,0.9411764705882353,184.34478866208184,11.521549291380115,18.215871357885366,0,0.0,3.864335615351388,0.22731385972655224,0.23471429590741977,0,0.0
1074,eMBB,495.0,5.0,20,1959,313879465.6919491,160224.3316446907,19,0.95,199.1568348227819,10.481938674883258,17.413571544007894,0,0.0,4.519952714592418,0.2259976357296209,0.233171375710254,0,0.0
1075,eMBB,490.0,10.0,21,1938,384199539.760733,198245.3765535258,20,0.9523809523809523,197.79195696176876,9.889597848088439,14.910676309472667,0,0.0,4.67013170502792,0.22238722404894856,0.23008874430503737,0,0.0
1076,URLLC,206.75,293.25,827,827,116554444.0,140936.44981862154,827,1.0,52.393371467579165,0.0633535326089228,0.06531290221119114,0,0.0,3.493414132579204,0.0042242008858273325,0.005672238832960621,0,0.0
1077,eMBB,493.5,6.5,16,1957,280440065.8745546,143301.00453477495,15,0.9375,187.22952573690768,12.481968382460511,20.629395032330635,0,0.0,3.9298267895396326,0.24561417434622704,0.24752119820643675,0,0.0
1078,mMTC,237.75,262.25,476,475,37942660.0,79879.28421052631,475,0.9978991596638656,133.52315522740193,0.2811013794261093,0.3051738890717371,0,0.0,82.88853768141905,0.17413558336432575,0.19627968770421572,0,0.0
1079,eMBB,489.5,10.5,19,1938,307240165.3366059,158534.65703643236,18,0.9473684210526315,191.02942689185812,10.612745938436563,18.415539751934496,0,0.0,4.383196689669595,0.23069456261418922,0.23474296782859552,0,0.0
1080,mMTC,303.0,197.0,606,605,47477364.0,78474.98181818181,605,0.9983498349834984,171.7438123425828,0.2838740699877402,0.3090741318926244,0,0.0,107.30265980316004,0.17706709538475254,0.20290646468213924,0,0.0
1081,eMBB,488.0,12.0,18,1933,310885141.1884413,160830.3886127477,17,0.9444444444444444,188.07749181880175,11.06338187169422,18.115215606067064,0,0.0,4.10869069259371,0.22826059403298388,0.23433411769142018,0,0.0
1082,mMTC,245.75,254.25,492,491,39615932.0,80684.17922606925,491,0.9979674796747967,141.40727912252194,0.28799853181776364,0.30984024893125456,0,0.0,89.50126177835547,0.18191313369584444,0.20656026087569895,0,0.0
1083,eMBB,497.5,2.5,14,1975,284117908.7634709,143857.16899416246,13,0.9285714285714286,195.39444193251882,15.030341687116833,19.728716631295786,0,0.0,3.3733520347163273,0.24095371676545194,0.24873224497093463,0,0.0
1084,mMTC,253.0,247.0,506,505,40576413.0,80349.33267326733,505,0.9980237154150198,140.21421362287475,0.2776519081641084,0.297711591164513,0,0.0,87.63504608900348,0.1731917906897302,0.19533047048075236,0,0.0
1085,eMBB,492.25,7.75,21,1947,301052894.0822293,154623.98257947064,20,0.9523809523809523,198.4781820141957,9.923909100709785,17.616710097480592,0,0.0,4.876025061994776,0.23219166961879883,0.238073182658479,0,0.0
1086,mMTC,261.25,238.75,523,522,41707349.0,79899.13601532567,522,0.9980879541108987,147.5462237974977,0.2826556011446316,0.3059492523776941,0,0.0,92.28927184296782,0.17646132283550253,0.19944420485632658,0,0.0
1087,eMBB,492.0,8.0,18,1949,308860021.65509796,158471.02188563262,17,0.9444444444444444,195.71774757427792,11.512808680839878,18.714939261695072,0,0.0,4.158541550413449,0.2310300861340805,0.23613731919368036,0,0.0
1088,eMBB,495.25,4.75,18,1962,315565582.2957758,160838.72696013036,17,0.9444444444444444,193.77062822896852,11.398272248762854,17.91484258090387,0,0.0,4.101256136874092,0.22784756315967178,0.233138387205102,0,0.0
1089,mMTC,226.5,273.5,453,453,36967578.0,81606.13245033112,453,1.0,130.4270300315835,0.2879183885906921,0.3143987492675081,0,0.0,82.63340898380564,0.18241370636601686,0.209848979267508,0,0.0
1090,mMTC,306.5,193.5,613,613,49869999.0,81353.99510603589,613,1.0,165.02426517697492,0.2692076104028955,0.2890552527838326,0,0.0,100.74433246381255,0.16434638248582797,0.18762112218554194,0,0.0
1091,mMTC,253.25,246.75,507,506,39613114.0,78286.78656126482,506,0.9980276134122288,140.23713711437154,0.27714849232089234,0.29618006880746145,0,0.0,87.50404950992717,0.17259181362904769,0.19259991931524165,0,0.0
1092,URLLC,160.75,339.25,643,643,89411385.0,139053.47589424573,643,1.0,40.92601820788687,0.06364855086763122,0.06572264452002113,0,0.0,2.8195747255792054,0.004385030677417116,0.00614237264236433,0,0.0
1093,eMBB,486.75,13.25,21,1925,304976107.4790576,158429.1467423676,20,0.9523809523809523,184.86525261162478,9.243262630581238,17.77608000331031,0,0.0,4.856516977841415,0.23126271323054357,0.23554069098178765,0,0.0
1094,eMBB,496.0,4.0,18,1965,311174443.1182712,158358.4952255833,17,0.9444444444444444,194.69295383082164,11.452526695930684,17.916217358662653,0,0.0,4.134447191456359,0.2296915106364644,0.2351742929201724,0,0.0
1095,eMBB,490.5,9.5,19,1942,310594096.8935285,159935.16832828452,18,0.9473684210526315,195.10804683307666,10.839335935170926,17.212844133238466,0,0.0,4.3609636421161735,0.22952440221664072,0.23366773440093305,0,0.0
1096,URLLC,183.25,316.75,733,733,104621312.0,142730.3028649386,733,1.0,46.4251463717142,0.06333580678269331,0.06584114503794541,0,0.0,3.454311275880901,0.004712566542811597,0.006234888727036483,0,0.0
1097,URLLC,172.75,327.25,691,691,95690142.0,138480.66859623734,691,1.0,43.81828544017821,0.06341285881357193,0.06535343166554318,0,0.0,2.996291795947409,0.004336167577347914,0.005701769430277712,0,0.0
1098,mMTC,292.5,207.5,585,585,45309267.0,77451.73846153847,585,1.0,162.59767147802495,0.2779447375692734,0.2968354619799519,0,0.0,101.60062713614462,0.17367628570281132,0.190940306536365,0,0.0
1099,mMTC,293.75,206.25,588,587,46167788.0,78650.40545144804,587,0.9982993197278912,165.1371894891891,0.28132400253694906,0.30624264438016086,0,0.0,102.64018598183858,0.17455813942489556,0.20027160778824357,0,0.0
1100,eMBB,490.0,10.0,21,1938,307663820.21749353,158753.26120613702,20,0.9523809523809523,191.8593055651824,9.59296527825912,18.214285026773027,0,0.0,4.851655826708146,0.23103122984324506,0.23474770932860456,0,0.0
1101,eMBB,489.75,10.25,21,1937,305253084.9558975,157590.64788636938,20,0.9523809523809523,196.7639072269335,9.838195361346674,18.515718154284148,0,0.0,4.860146505380981,0.2314355478752848,0.23518653769450854,0,0.0
1102,eMBB,495.5,4.5,19,1962,314765447.9610974,160430.9112951567,18,0.9473684210526315,197.6311749980814,10.979509722115633,17.514579272941656,0,0.0,4.285869173457183,0.22557206176090436,0.23281116399354804,0,0.0
1103,mMTC,233.5,266.5,467,467,36063440.0,77223.64025695932,467,1.0,134.59513175300285,0.2882122735610339,0.30764393944282586,0,0.0,85.33988255133623,0.18274064786153368,0.20394287083171475,0,0.0
1104,eMBB,497.75,2.25,15,1975,283611994.7938252,143601.01002219,14,0.9333333333333333,199.0195236247332,14.215680258909515,20.230545282848258,0,0.0,3.6184571991406376,0.24123047994270916,0.24838199828299107,0,0.0
1105,eMBB,495.5,4.5,16,1965,282837361.0124201,143937.58830148607,15,0.9375,187.1884260816609,12.47922840544406,20.32690861069753,0,0.0,3.8942773541800246,0.24339233463625154,0.24950324525153883,0,0.0
1106,eMBB,494.75,5.25,22,1956,302976170.2221488,154895.79254711082,21,0.9545454545454546,197.798923895244,9.418996375964,17.31970273627314,0,0.0,5.115755780069423,0.23253435363951924,0.23802751986267237,0,0.0
1107,eMBB,489.75,10.25,21,1937,305470109.1886897,157702.68930753213,20,0.9523809523809523,195.75065727629323,9.787532863814661,16.616079166076368,0,0.0,4.8438331056853015,0.2306587193183477,0.23444415877272354,0,0.0
1108,eMBB,492.0,8.0,18,1949,309898385.6453474,159003.7894537442,17,0.9444444444444444,193.55318597881583,11.385481528165638,18.21627252400489,0,0.0,4.093757613435963,0.22743097852422015,0.23584878791753847,0,0.0
1109,eMBB,490.25,9.75,20,1940,310328654.14289135,159963.22378499553,19,0.95,197.39695623158502,10.389313485872895,17.6154067046766,0,0.0,4.568710031650952,0.2284355015825476,0.23473082699023287,0,0.0
1110,eMBB,492.0,8.0,24,1943,381988838.0540384,196597.44624500175,23,0.9583333333333334,189.8589060233272,8.254735044492486,14.609347318128085,0,0.0,5.391441121339634,0.22464338005581808,0.22971958089744718,0,0.0
1111,eMBB,491.0,9.0,18,1945,276898743.82897776,142364.39271412737,17,0.9444444444444444,189.15356987196552,11.126680580703853,18.830095371155043,0,0.0,4.310072913343071,0.2394484951857262,0.24841679044045695,0,0.0
1112,eMBB,489.5,10.5,19,1938,277380414.9957401,143127.14912060893,18,0.9473684210526315,195.7179643996403,10.873220244424461,20.5287170597667,0,0.0,4.674558702871071,0.24602940541426688,0.24848635454234705,0,0.0
1113,eMBB,491.0,9.0,22,1941,299567424.6767756,154336.64331621616,21,0.9545454545454546,191.42804276609627,9.115621084099823,18.61546170079645,0,0.0,5.145429399538957,0.23388315452449804,0.23778451680313845,0,0.0
1114,mMTC,310.5,189.5,621,620,50703448.0,81779.75483870968,620,0.998389694041868,175.43538224995766,0.2829602939515446,0.3025459806365088,0,0.0,110.03304460353323,0.17718686731647862,0.19529644671563923,0,0.0
1115,mMTC,245.5,254.5,491,491,40943186.0,83387.34419551934,491,1.0,139.84763816464812,0.2848220736550878,0.31115481286270863,0,0.0,87.50656435678474,0.17822110866962268,0.20252481764903343,0,0.0
1116,eMBB,484.25,15.75,23,1913,304298744.89248943,159068.86821353342,22,0.9565217391304348,194.4772512343161,8.839875056105278,17.312912483676886,0,0.0,5.303686535458755,0.2305950667590763,0.23336278524585674,0,0.0
1117,eMBB,494.0,6.0,25,1950,384770384.43215626,197318.14586264425,24,0.96,197.0159199276733,8.208996663653055,15.011906736171397,0,0.0,5.668667551364699,0.22674670205458797,0.2297988892250858,0,0.0
1118,eMBB,490.25,9.75,19,1941,275688791.69605637,142034.41097169314,18,0.9473684210526315,196.07592461929036,10.893106923293908,20.228918957510338,0,0.0,4.65264749078989,0.24487618372578365,0.24836877048424122,0,0.0
1119,eMBB,490.5,9.5,19,1942,276843036.90060806,142555.63177168282,18,0.9473684210526315,186.20928869682172,10.344960483156761,19.928768157610065,0,0.0,4.66650656855172,0.2456056088711432,0.2480523054305873,0,0.0
1120,eMBB,492.75,7.25,18,1952,304270308.88188004,155876.18282883198,17,0.9444444444444444,195.2720388938529,11.486590523167818,18.217146874041926,0,0.0,4.217867040940181,0.23432594671889895,0.2372526399427258,0,0.0
1121,eMBB,493.25,6.75,20,1952,309223231.6344922,158413.54079635872,19,0.95,195.6567902310366,10.297725801633506,18.216061818259096,0,0.0,4.536103284520574,0.2268051642260287,0.2342444197307337,0,0.0
1122,eMBB,495.0,5.0,19,1960,310009896.58480215,158168.31458408272,18,0.9473684210526315,190.7756259778586,10.598645887658812,18.015292538387328,0,0.0,4.338558864197354,0.2283452033788081,0.2352798573636361,0,0.0
1123,mMTC,267.5,232.5,535,534,42861871.0,80265.67602996255,534,0.9981308411214953,157.62350837743486,0.2951751093210391,0.31493626222587523,0,0.0,100.12011366239855,0.18714039936896926,0.2088345592770163,0,0.0
1124,eMBB,483.0,17.0,27,1904,373518764.08639485,196175.82147394688,26,0.9629629629629629,183.69355830618875,7.065136857930336,14.10875036671401,0,0.0,6.08182506771599,0.22525278028577742,0.23008685118028324,0,0.0
1125,eMBB,489.75,10.25,18,1940,277151507.763471,142861.60193993352,17,0.9444444444444444,192.8894723413575,11.346439549491619,19.72558233486684,0,0.0,4.446385764627476,0.24702143136819313,0.24933504564234693,0,0.0
1126,mMTC,283.5,216.5,567,567,45131585.0,79597.151675485,567,1.0,157.71339482275945,0.27815413548987555,0.2989683103892075,0,0.0,98.70687060737487,0.17408619154739835,0.19708563551741265,0,0.0
1127,mMTC,314.5,185.5,629,629,47543053.0,75585.13990461049,629,1.0,177.406373774606,0.2820451093395962,0.3074718417446888,0,0.0,110.4989485298198,0.17567400402197106,0.1994717764455435,0,0.0
1128,eMBB,492.5,7.5,17,1952,311748869.3737883,159707.4125890309,16,0.9411764705882353,186.02851701380177,11.626782313362611,18.61562881972059,0,0.0,3.852890854331804,0.2266406384901061,0.23493782502293215,0,0.0
1129,eMBB,486.75,13.25,18,1928,304794179.940191,158088.2676038335,17,0.9444444444444444,188.19551278590626,11.070324281523897,17.516256916516756,0,0.0,4.142779447296177,0.2301544137386765,0.2358309433981348,0,0.0
1130,eMBB,491.5,8.5,19,1946,313291698.6685713,160992.65090882388,18,0.9473684210526315,198.23429600563352,11.013016444757419,18.414945884794992,0,0.0,4.293246214168015,0.22596032706147445,0.23387214104232962,0,0.0
1131,mMTC,292.0,208.0,584,584,46663916.0,79903.96575342465,584,1.0,168.4430584788774,0.288429894655612,0.31567363889177447,0,0.0,106.94359999971046,0.18312260273923023,0.21154222944732998,0,0.0
1132,eMBB,493.25,6.75,20,1952,276724617.5653756,141764.6606379998,19,0.95,191.12621505331057,10.05927447649003,19.814482275171567,0,0.0,4.922130908179107,0.24610654540895535,0.24893710909408748,0,0.0
1133,eMBB,489.5,10.5,18,1939,277883412.4154293,143312.74492801924,17,0.9444444444444444,190.76698690472944,11.221587464984085,18.82862687478905,0,0.0,4.309084660453775,0.23939359224743192,0.2491858952988892,0,0.0
1134,mMTC,249.75,250.25,500,499,40240301.0,80641.8857715431,499,0.998,140.86481678353266,0.2822942220110875,0.3084675302916974,0,0.0,87.8958429807976,0.1757916859615952,0.20088844311221016,0,0.0
1135,eMBB,493.5,6.5,20,1953,310415870.3462107,158943.0979755303,19,0.95,187.0600042743646,9.845263382861294,18.415048830819423,0,0.0,4.5420075645984594,0.22710037822992296,0.23503392814880864,0,0.0
1136,URLLC,182.25,317.75,729,729,103323657.0,141733.41152263375,729,1.0,46.53277673678474,0.06383096946061007,0.0658550097637199,0,0.0,3.316070486784756,0.004548793534684165,0.00598711208125413,0,0.0
1137,eMBB,496.25,3.75,17,1967,316963428.9255028,161140.53326156724,16,0.9411764705882353,191.59696603891962,11.974810377432476,18.314996957681554,0,0.0,3.9199921699806177,0.23058777470474223,0.23385653277395557,0,0.0
1138,eMBB,488.75,11.25,28,1926,377769100.8854693,196141.7969291118,27,0.9642857142857143,196.4572094335064,7.276192941981718,14.70814266976733,0,0.0,6.267009466079202,0.2238217666456858,0.23076790530977095,0,0.0
1139,eMBB,495.75,4.25,15,1967,282605403.09855574,143673.31118381076,14,0.9333333333333333,184.15548616669892,13.15396329762135,20.12850971135073,0,0.0,3.6614528714510524,0.2440968580967368,0.24844279876679168,0,0.0
1140,mMTC,249.5,250.5,499,499,41622082.0,83410.98597194388,499,1.0,139.1668070690598,0.27889139693198356,0.2986961632239674,0,0.0,87.25350218393159,0.17485671780347012,0.19269559295945926,0,0.0
1141,mMTC,227.5,272.5,455,455,37302483.0,81983.47912087911,455,1.0,128.6581779347114,0.28276522623013495,0.3035313040998806,0,0.0,80.39083868445498,0.17668316194385708,0.19720879880073527,0,0.0
1142,URLLC,206.25,293.75,825,825,118333338.0,143434.3490909091,825,1.0,52.96322903596064,0.06419785337692198,0.06630638028908215,0,0.0,3.7674314844222137,0.004566583617481471,0.005845601525012052,0,0.0
1143,eMBB,492.25,7.75,20,1948,307511242.7093346,157859.98085694795,19,0.95,197.77788102743804,10.409362159338844,18.612240923538238,0,0.0,4.6653401796762175,0.23326700898381086,0.23533603765261601,0,0.0
1144,eMBB,495.25,4.75,18,1962,315250471.89248854,160678.12023062617,17,0.9444444444444444,198.3123100005498,11.665430000032341,17.914501356335702,0,0.0,4.154020749434384,0.23077893052413245,0.23376082054115127,0,0.0
1145,eMBB,489.75,10.25,25,1933,381538926.1183645,197381.75174255794,24,0.96,186.95934569768804,7.7899727374036685,14.510741524184587,0,0.0,5.6169013073877405,0.22467605229550963,0.22920980412576084,0,0.0
1146,URLLC,215.5,284.5,862,861,122195416.0,141922.66666666666,861,0.9988399071925754,54.66752623015548,0.06349306182364167,0.06560941087384528,0,0.0,3.883073606555462,0.004504725761665269,0.0060058033021480675,0,0.0
1147,URLLC,158.0,342.0,632,632,86637568.0,137084.7594936709,632,1.0,39.64768154622381,0.0627336733326326,0.0648274806708482,0,0.0,2.478037392762255,0.003920945241712429,0.005169780741875321,0,0.0
1148,eMBB,491.5,8.5,18,1947,302830008.4269011,155536.72749198825,17,0.9444444444444444,191.7838665051149,11.281403912065583,18.01777244024905,0,0.0,4.136186634130776,0.22978814634059866,0.2378361087701996,0,0.0
1149,mMTC,308.0,192.0,616,616,48314271.0,78432.25811688312,616,1.0,174.70342556529815,0.28360945708652296,0.30726014940391444,0,0.0,109.61604133828943,0.17794811905566466,0.20106973846374349,0,0.0
1150,mMTC,286.0,214.0,572,571,43310746.0,75850.6935201401,571,0.9982517482517482,162.81532776329232,0.28514067909508284,0.3108758298942746,0,0.0,102.19251173379234,0.17865823729683977,0.2049785163491301,0,0.0
1151,eMBB,488.75,11.25,21,1933,309233237.01067924,159975.80807588165,20,0.9523809523809523,192.59586925961062,9.629793462980532,18.513469535555576,0,0.0,4.79707308115239,0.22843205148344714,0.23329026627458574,0,0.0
1152,eMBB,487.5,12.5,29,1920,375381894.67033154,195511.40347413102,28,0.9655172413793104,189.5855110685349,6.770911109590533,13.510473810082425,0,0.0,6.519335165246754,0.2248046608705777,0.22942143423332287,0,0.0
1153,eMBB,495.5,4.5,18,1963,280614378.81502837,142951.7976643038,17,0.9444444444444444,189.10854560252486,11.124032094266168,19.928411990125714,0,0.0,4.370167053157396,0.24278705850874424,0.24891438815643757,0,0.0
1154,mMTC,302.5,197.5,605,605,46360327.0,76628.6396694215,605,1.0,168.89556519352195,0.27916622346036685,0.29830283954352244,0,0.0,106.08895407591514,0.17535364310068619,0.19470112576796408,0,0.0
1155,eMBB,494.75,5.25,20,1958,303319724.42285794,154913.0359667303,19,0.95,195.40016561078852,10.28421924267308,18.693308937585968,0,0.0,4.68694871109973,0.23434743555498652,0.237732533626393,0,0.0
1156,eMBB,492.5,7.5,20,1949,309748627.1585051,158926.95082529762,19,0.95,195.46948949254104,10.287867868028476,18.212754931781426,0,0.0,4.556095036087483,0.22780475180437415,0.23559480357368198,0,0.0
1157,mMTC,286.0,214.0,572,571,45280796.0,79300.86865148862,571,0.9982517482517482,163.03702489554632,0.2855289402724104,0.30974418780212154,0,0.0,102.38385207356738,0.17899274838036255,0.2063951830157968,0,0.0
1158,eMBB,494.5,5.5,17,1960,315947229.7298121,161197.56618867963,16,0.9411764705882353,189.09832739058248,11.818645461911405,18.31131750341871,0,0.0,3.826020343548725,0.22506002020874852,0.23391012106175704,0,0.0
1159,eMBB,495.25,4.75,24,1956,385856679.096747,197268.24084700766,23,0.9583333333333334,194.21034212181522,8.443927918339792,14.909018293186582,0,0.0,5.356571758777133,0.22319048994904722,0.23037339299461423,0,0.0
1160,eMBB,491.0,9.0,20,1943,276311503.6430661,142208.69976483073,19,0.95,193.71376463965635,10.195461296824018,20.329487421901124,0,0.0,4.815774281942208,0.2407887140971104,0.249840836124164,0,0.0
1161,eMBB,495.25,4.75,18,1962,281338847.4173688,143393.90795992294,17,0.9444444444444444,198.21000024455742,11.659411779091613,20.42877698721612,0,0.0,4.353095461055504,0.24183863672530576,0.24775276390552925,0,0.0
1162,eMBB,487.75,12.25,19,1931,299959827.21119815,155339.11300424553,18,0.9473684210526315,192.55152872635267,10.697307151464038,18.91655160752715,0,0.0,4.420554032224532,0.23266073853813324,0.23783061276201153,0,0.0
1163,eMBB,491.5,8.5,19,1946,309136291.17559034,158857.29248488712,18,0.9473684210526315,194.64139209268984,10.813410671816102,18.11582231512502,0,0.0,4.311606207230997,0.22692664248584196,0.2353469199207084,0,0.0
1164,mMTC,251.0,249.0,502,501,39316790.0,78476.62674650698,501,0.99800796812749,143.26535690640597,0.2859587962203712,0.31209759379601737,0,0.0,90.12007588476907,0.17952206351547623,0.2042536088387524,0,0.0
1165,mMTC,280.0,220.0,560,560,42910912.0,76626.62857142858,560,1.0,165.49959303704293,0.2955349875661481,0.31809468109509986,0,0.0,105.21539132593162,0.18788462736773504,0.21071621551977748,0,0.0
1166,eMBB,489.5,10.5,24,1934,380681896.99999976,196836.55480868655,24,1.0,198.39077562348328,8.266282317645137,14.613176272599809,0,0.0,5.429049201906156,0.22621038341275648,0.23140657155136904,0,0.0
1167,eMBB,495.0,5.0,19,1960,278967939.2514123,142330.58125072054,18,0.9473684210526315,198.28075506981597,11.015597503878665,19.229872258749626,0,0.0,4.566268119550724,0.24032990102898547,0.24996109411721945,0,0.0
1168,eMBB,496.5,3.5,20,1965,280378408.23149204,142686.21284045395,19,0.95,192.214642356655,10.116560124034473,19.6296182828805,0,0.0,4.794938152375207,0.23974690761876033,0.2482539976464798,0,0.0
1169,eMBB,490.5,9.5,19,1942,302207451.4057959,155616.6073150339,18,0.9473684210526315,187.84024586776758,10.435569214875976,18.853188583633784,0,0.0,4.413240385520015,0.23227580976421133,0.2375701212150661,0,0.0
1170,URLLC,165.75,334.25,663,663,94183084.0,142055.93363499246,663,1.0,42.62099714367863,0.06428506356512614,0.06676300451044818,0,0.0,3.1302158002170772,0.004721290799724098,0.006021452655034102,0,0.0
1171,eMBB,493.25,6.75,21,1951,307636122.0448108,157681.2516887805,20,0.9523809523809523,185.09023509706702,9.25451175485335,18.614616366339398,0,0.0,4.799045742706081,0.2285259877479086,0.23561971538918608,0,0.0
1172,mMTC,294.5,205.5,589,588,46050379.0,78316.97108843537,588,0.99830220713073,174.28017312505986,0.29639485225350315,0.31981901268103086,0,0.0,111.16496683550734,0.18873508800595473,0.21114289370667183,0,0.0
1173,eMBB,491.25,8.75,23,1941,382039074.42584544,196825.90130131142,22,0.9565217391304348,197.20183336374487,8.963719698352039,14.909581028626064,0,0.0,5.233754540876832,0.2275545452555144,0.2312433266086122,0,0.0
1174,eMBB,491.25,8.75,17,1947,278246571.3509802,142910.41158242436,16,0.9411764705882353,188.6290778397958,11.789317364987237,19.829205901845818,0,0.0,4.178770647846629,0.24581003810862523,0.2491463018402943,0,0.0
1175,eMBB,488.0,12.0,16,1935,278739469.53490067,144051.4054443931,15,0.9375,193.70049850607995,12.913366567071996,20.12816586047964,0,0.0,3.8089125766253726,0.2380570360390858,0.24911495875002748,0,0.0
1176,eMBB,493.25,6.75,17,1955,305409080.12018555,156219.47832234556,16,0.9411764705882353,192.20558027599535,12.012848767249709,18.919258714445874,0,0.0,3.9424524508568797,0.2319089676974635,0.2379527437167951,0,0.0
1177,URLLC,169.0,331.0,676,676,97117564.0,143665.03550295858,676,1.0,43.46630194849909,0.06429926323742469,0.06691903344890973,0,0.0,3.256935884652901,0.00481795249209009,0.006256149937014851,0,0.0
1178,eMBB,485.75,14.25,21,1921,301518589.1437914,156959.18227162486,20,0.9523809523809523,186.8920607563784,9.34460303781892,18.715247795485585,0,0.0,4.899125790279904,0.23329170429904306,0.23634327821460657,0,0.0
1179,eMBB,491.75,8.25,20,1947,311515430.0000006,159997.65279917853,20,1.0,198.85552070278598,9.9427760351393,18.213928956969976,0,0.0,4.528903815396669,0.22644519076983344,0.23344060349568369,0,0.0
1180,eMBB,488.5,11.5,26,1928,378908466.00000006,196529.28734439838,26,1.0,198.202416802837,7.6231698770321925,14.508060539219679,0,0.0,5.881015460087894,0.22619290231107284,0.2299137688186262,0,0.0
1181,eMBB,490.75,9.25,18,1944,277090349.373973,142536.18794957458,17,0.9444444444444444,189.9503930992531,11.173552535250181,19.72723240774775,0,0.0,4.320131938286888,0.24000732990482712,0.249044669129571,0,0.0
1182,eMBB,492.5,7.5,18,1951,278520291.9810917,142757.70988267128,17,0.9444444444444444,183.03566758032235,10.76680397531308,18.87298451736493,0,0.0,4.38496762005241,0.24360931222513388,0.24973686984561203,0,0.0
1183,eMBB,494.25,5.75,18,1958,304693416.6100511,155614.61522474518,17,0.9444444444444444,193.3733418461079,11.37490246153576,17.716604517571753,0,0.0,4.132520357175276,0.22958446428751536,0.23746290695420924,0,0.0
1184,eMBB,496.75,3.25,18,1968,313985722.7764143,159545.59084167393,17,0.9444444444444444,198.73547715012452,11.690322185301442,17.613335209631636,0,0.0,4.086904748358633,0.22705026379770185,0.23529580779461526,0,0.0
1185,eMBB,490.75,9.25,20,1942,305991194.84026617,157564.98189509072,19,0.95,193.64529414858492,10.191857586767627,17.315609836217153,0,0.0,4.638223047749733,0.23191115238748666,0.23452856067453087,0,0.0
1186,URLLC,208.75,291.25,835,835,118919312.0,142418.3377245509,835,1.0,52.49878452226967,0.06287279583505351,0.06527022630972239,0,0.0,3.5865183018850497,0.0042952314992635325,0.005778157363555991,0,0.0
1187,eMBB,493.0,7.0,27,1944,381779076.68804365,196388.41393417883,26,0.9629629629629629,193.96131840358467,7.460050707830179,14.308875742122227,0,0.0,6.074288093503049,0.22497363309270552,0.23034745737263,0,0.0
1188,mMTC,292.5,207.5,585,585,46090863.0,78787.8,585,1.0,158.20411040598424,0.2704343767623662,0.28689689947197505,0,0.0,96.92539194820637,0.16568443068069463,0.1844807726601395,0,0.0
1189,eMBB,483.75,16.25,17,1912,273741052.10557175,143170.00633136596,16,0.9411764705882353,181.65257635007896,11.353286021879935,19.228984280460338,0,0.0,4.183885386236161,0.24611090507271538,0.2487860677419497,0,0.0
1190,mMTC,313.5,186.5,627,627,48771367.0,77785.27432216906,627,1.0,177.6154970200118,0.28327830465711606,0.30010264271537573,0,0.0,111.16247353590938,0.17729262126939296,0.1960462394582868,0,0.0
1191,eMBB,490.75,9.25,18,1944,308858133.8008168,158877.64084404154,17,0.9444444444444444,191.6363622989758,11.2727271940574,17.716081786826553,0,0.0,4.188002779906907,0.23266682110593928,0.23525073326115997,0,0.0
1192,mMTC,235.0,265.0,470,470,38470543.0,81852.21914893617,470,1.0,134.6815191142458,0.28655642364733147,0.3121999207224007,0,0.0,84.76865518911774,0.18035884082791007,0.20516456619248624,0,0.0
1193,eMBB,490.5,9.5,22,1939,308243141.16655034,158970.16047784957,21,0.9545454545454546,190.36604940021556,9.065049971438835,18.411946437136574,0,0.0,5.092540348978388,0.2314791067717449,0.23443138719752296,0,0.0
1194,mMTC,260.5,239.5,521,521,42040727.0,80692.37428023033,521,1.0,150.8611002167579,0.28956065300721284,0.30998800967444534,0,0.0,96.09339897064679,0.1844403051260015,0.20635453023000092,0,0.0
1195,eMBB,495.25,4.75,17,1963,281519461.9292814,143412.86904191616,16,0.9411764705882353,197.22273450368846,12.326420906480529,18.528664385014245,0,0.0,4.0741606800735415,0.23965651059256127,0.24952131487700271,0,0.0
1196,eMBB,491.25,8.75,18,1946,277921832.78565556,142816.9747099977,17,0.9444444444444444,191.00638918638506,11.235669952140299,20.32997423605987,0,0.0,4.3542134927156795,0.24190074959531552,0.24829460018819885,0,0.0
1197,URLLC,153.25,346.75,613,612,86430638.0,141226.53267973856,612,0.99836867862969,39.05605752256831,0.06381708745517697,0.06606239744947363,0,0.0,2.8061833471959114,0.0045777868632886,0.006097516680242863,0,0.0
1198,eMBB,494.5,5.5,18,1959,311322995.9602587,158919.3445432663,17,0.9444444444444444,182.48442681488322,10.734378047934307,18.414514950466778,0,0.0,4.138570285279998,0.22992057140444436,0.23549323135105907,0,0.0
1199,URLLC,196.25,303.75,785,785,108280446.0,137936.87388535033,785,1.0,50.14061727333507,0.06387339780042683,0.06585132919224518,0,0.0,3.669458648335088,0.004674469615713488,0.006236529331282582,0,0.0
1200,URLLC,177.25,322.75,709,708,100527142.0,141987.48870056498,708,0.998589562764457,44.56433687641965,0.06294397863901081,0.06523347196882279,0,0.0,3.1193584789870883,0.004399659349770223,0.005763432986958713,0,0.0
1201,eMBB,491.75,8.25,22,1944,384815727.98297757,197950.47735749875,21,0.9545454545454546,193.68012216995143,9.222862960473877,14.909479635029063,0,0.0,4.899743422280633,0.2227156101036651,0.22888231767044892,0,0.0
1202,eMBB,494.5,5.5,17,1960,279757738.54893357,142733.5400759865,16,0.9411764705882353,193.91668196782615,12.119792622989134,20.629950484692117,0,0.0,4.170574980538216,0.24532794003165978,0.24916000915194952,0,0.0
1203,eMBB,494.5,5.5,16,1961,281898765.457449,143752.5576019628,15,0.9375,185.4730914839037,12.36487276559358,19.927697555505162,0,0.0,3.8901699179127367,0.24313561986954604,0.24839983224380438,0,0.0
1204,eMBB,490.5,9.5,18,1944,303013841.9999996,155871.31790123435,17,0.9444444444444444,198.05057777257105,11.650033986621827,18.918307880301796,0,0.0,3.974302672474993,0.22079459291527737,0.2375388285266987,0,0.0
1205,eMBB,493.0,7.0,17,1954,312610708.13453907,159985.00928072623,16,0.9411764705882353,195.7195072481491,12.23246920300932,18.11587161491703,0,0.0,3.8536566552958806,0.22668568560564004,0.2352390095059378,0,0.0
1206,eMBB,492.0,8.0,20,1947,307263559.1740953,157813.84651982295,19,0.95,195.01949882475196,10.264184148671156,17.716291970590998,0,0.0,4.608053621843825,0.23040268109219125,0.23614226972101943,0,0.0
1207,eMBB,490.75,9.25,20,1942,311621598.8924888,160464.26307543193,19,0.95,196.67999121702223,10.351578485106433,18.01307334039102,0,0.0,4.568267898815556,0.22841339494077778,0.23454734704972124,0,0.0
1208,eMBB,490.5,9.5,26,1935,380925090.9757533,196860.51213217224,25,0.9615384615384616,198.25293384723412,7.930117353889365,13.810941655571002,0,0.0,5.852324825071305,0.22508941634889634,0.23091610836321924,0,0.0
1209,eMBB,489.0,11.0,18,1937,276455552.01404864,142723.56841200238,17,0.9444444444444444,195.65570761901236,11.50915927170661,20.526122986247447,0,0.0,4.328654911201199,0.24048082840006663,0.24900248566313338,0,0.0
1210,eMBB,494.75,5.25,17,1961,281589420.37522775,143594.80896238028,16,0.9411764705882353,196.925476677928,12.3078422923705,18.92873885152304,0,0.0,4.059594045031814,0.2387996497077538,0.24829770881000307,0,0.0
1211,eMBB,486.0,14.0,21,1922,297823350.90350944,154954.91722347005,20,0.9523809523809523,192.9175955158005,9.645879775790025,18.915895538661594,0,0.0,4.835116476850832,0.23024364175480153,0.2375207426880502,0,0.0
1212,URLLC,162.75,337.25,651,651,89961784.0,138190.14439324118,651,1.0,41.901122790527246,0.0643642439178606,0.06692907058080519,0,0.0,3.1961684012964584,0.004909628880639721,0.006561750163014578,0,0.0
1213,eMBB,487.5,12.5,19,1930,304590467.3461662,157818.89499801357,18,0.9473684210526315,190.40279217768557,10.57793289876031,18.816322398375434,0,0.0,4.377079322656579,0.23037259592929363,0.23565766249365333,0,0.0
1214,eMBB,493.0,7.0,19,1952,313822801.87536097,160769.87800991852,18,0.9473684210526315,193.87378531567074,10.770765850870596,17.71417448898422,0,0.0,4.345355666869794,0.2287029298352523,0.2336662434151229,0,0.0
1215,eMBB,490.5,9.5,22,1939,383804677.76073265,197939.49342998074,21,0.9545454545454546,198.11759626946244,9.434171250926783,14.20978240530693,0,0.0,4.94298859903098,0.22468129995595365,0.23005372267245847,0,0.0
1216,URLLC,182.25,317.75,729,728,104535293.0,143592.43543956045,728,0.9986282578875172,46.32167920222862,0.06362868022284152,0.06578868092356183,0,0.0,3.422532373852011,0.004694831788548712,0.006332537846638752,0,0.0
1217,URLLC,193.0,307.0,772,772,107997377.0,139892.97538860104,772,1.0,48.503617245945925,0.06282851974863461,0.06446352533786093,0,0.0,3.1590197509459594,0.004091994496043989,0.005428620616408648,0,0.0
1218,mMTC,244.0,256.0,488,488,39543776.0,81032.32786885246,488,1.0,138.50049125153384,0.28381248207281523,0.30379814813028655,0,0.0,86.82776600127741,0.17792575000261765,0.1988165621473805,0,0.0
1219,eMBB,491.75,8.25,18,1948,311328157.04866,159819.3824685113,17,0.9444444444444444,187.10669774370461,11.006276337864977,17.91509772329124,0,0.0,4.165087742523807,0.23139376347354482,0.23517556066460943,0,0.0
1220,eMBB,487.5,12.5,17,1932,305858534.44371146,158311.8708300784,16,0.9411764705882353,188.5191860347518,11.782449127171988,18.01614280302474,0,0.0,3.958618000423545,0.2328598823778556,0.23563974066587937,0,0.0
1221,eMBB,492.5,7.5,21,1948,312922847.4883127,160638.0120576554,20,0.9523809523809523,195.7516273700256,9.78758136850128,18.21452900597273,0,0.0,4.763833398165625,0.22684920943645834,0.23517303035687753,0,0.0
1222,mMTC,259.0,241.0,518,518,41017110.0,79183.61003861004,518,1.0,150.65845268174277,0.2908464337485382,0.31309056296380644,0,0.0,96.2544423895206,0.18581938685235638,0.2065995582415842,0,0.0
1223,eMBB,491.25,8.75,19,1945,275059658.0546341,141418.84732886072,18,0.9473684210526315,191.03834554492278,10.613241419162376,17.228392889780373,0,0.0,4.633934458234021,0.24389128727547482,0.24918240889775062,0,0.0
1224,eMBB,492.5,7.5,18,1951,279020927.8772726,143014.31464750005,17,0.9444444444444444,194.95029427818127,11.467664369304782,20.029063045761227,0,0.0,4.3032810505475165,0.23907116947486204,0.24790341652078293,0,0.0
1225,mMTC,259.0,241.0,518,518,41236511.0,79607.1640926641,518,1.0,146.93129898901515,0.2836511563494501,0.3020500236351279,0,0.0,92.03043295004089,0.17766492847498241,0.19722956737452402,0,0.0
1226,eMBB,494.75,5.25,16,1962,313235050.1619379,159650.89202953002,15,0.9375,187.1963764693575,12.479758431290499,17.714047016539592,0,0.0,3.6173819432790904,0.22608637145494315,0.23428562123019314,0,0.0
1227,eMBB,487.5,12.5,20,1929,304230720.4900469,157714.2148730155,19,0.95,190.56926422843773,10.029961275180932,18.216447309143216,0,0.0,4.56638317448633,0.22831915872431652,0.23662256964857808,0,0.0
1228,mMTC,293.25,206.75,587,586,47664988.0,81339.56996587031,586,0.9982964224872232,174.01184510474198,0.29694854113437197,0.31859739670983206,0,0.0,111.02362658098139,0.18913735363029197,0.21277027202781468,0,0.0
1229,mMTC,250.5,249.5,501,501,41321833.0,82478.70858283433,501,1.0,145.57654006112222,0.2905719362497449,0.31213572765299813,0,0.0,92.95136701390007,0.18553167068642729,0.2093652059863315,0,0.0
1230,URLLC,196.0,304.0,784,784,110147020.0,140493.64795918367,784,1.0,49.91622063360861,0.06366864876735792,0.06561392517813196,0,0.0,3.7689637082239975,0.004807351668653058,0.006257797485824261,0,0.0
1231,eMBB,455.5,44.5,19,1796,256672785.09742498,142913.5774484549,18,0.9473684210526315,198.51103543616898,11.028390857564943,31.31076161909415,0,0.0,4.606078451771743,0.24242518167219698,0.24894883134302484,0,0.0
1232,eMBB,496.25,3.75,17,1967,307903663.302878,156534.65343308492,16,0.9411764705882353,198.3031388507241,12.393946178170257,18.715215791868484,0,0.0,3.947540011555775,0.2322082359738691,0.2375539734515936,0,0.0
1233,eMBB,487.5,12.5,24,1925,304286673.0612825,158070.99899287403,23,0.9583333333333334,195.9127648939886,8.517946299738634,18.213888801214896,0,0.0,5.491396093180803,0.2288081705492001,0.23536364876902105,0,0.0
1234,eMBB,493.25,6.75,20,1952,308132514.84594554,157854.7719497672,19,0.95,197.9796697427036,10.419982618037032,16.916750414223042,0,0.0,4.682037773149443,0.23410188865747217,0.23582480522674298,0,0.0
1235,mMTC,299.5,200.5,599,598,49113512.0,82129.61872909698,598,0.998330550918197,177.56305913037698,0.296928192525714,0.32103086062364616,0,0.0,113.43707655157249,0.1893774232914399,0.2131597570339026,0,0.0
1236,eMBB,493.0,7.0,21,1950,385830222.43215597,197861.65252931076,20,0.9523809523809523,196.10397497397562,9.805198748698782,14.809761134614144,0,0.0,4.712128997814791,0.22438709513403765,0.23014410933444543,0,0.0
1237,mMTC,270.0,230.0,540,540,43700009.0,80925.94259259259,540,1.0,146.32708799910623,0.27097608888723373,0.2884512112373025,0,0.0,89.84572281278157,0.16638096817181772,0.18643916200653327,0,0.0
1238,eMBB,489.25,10.75,18,1938,277097689.05547667,142981.26370251633,17,0.9444444444444444,184.99938855560126,10.882316973858897,19.428474710579863,0,0.0,4.358239073306592,0.24212439296147734,0.24859515443052968,0,0.0
1239,URLLC,186.5,313.5,746,746,103410311.0,138619.71983914208,746,1.0,47.63766680515602,0.06385746220530299,0.0660544268319486,0,0.0,3.5205868213098204,0.0047192852832571314,0.006337346448813583,0,0.0
1240,eMBB,490.0,10.0,23,1936,304610499.99661696,157340.13429577323,22,0.9565217391304348,190.16897529145655,8.644044331429843,17.614806187864794,0,0.0,5.3278571924455305,0.2316459648889361,0.23529579760351757,0,0.0
1241,eMBB,492.5,7.5,17,1952,309460484.0415748,158535.084037692,16,0.9411764705882353,183.36959056948504,11.460599410592815,16.31420776959442,0,0.0,3.9144562916037855,0.23026213480022267,0.23525518430717943,0,0.0
1242,eMBB,490.75,9.25,17,1945,311619207.40723026,160215.53080063252,16,0.9411764705882353,188.04129836218107,11.752581147636317,15.309767923518823,0,0.0,3.879910569762457,0.22823003351543864,0.23371879190089964,0,0.0
1243,eMBB,489.75,10.25,24,1934,381214676.6036513,197112.03547241536,23,0.9583333333333334,187.20347321067555,8.139281443942416,14.708858672134076,0,0.0,5.368878279757279,0.2237032616565533,0.23055980284442956,0,0.0
1244,eMBB,492.0,8.0,20,1947,277828878.1694429,142695.87990212784,19,0.95,197.60022649627646,10.400011920856656,19.602468437645072,0,0.0,4.816473029531839,0.24082365147659196,0.24834930637248734,0,0.0
1245,eMBB,495.0,5.0,18,1961,280332868.1428044,142954.03780867127,17,0.9444444444444444,194.0547480976263,11.41498518221331,19.22842146369619,0,0.0,4.31289905805713,0.2396055032253961,0.24944438072695396,0,0.0
1246,eMBB,490.0,10.0,16,1943,304069027.06586033,156494.60991552257,15,0.9375,194.78586177385418,12.985724118256945,18.716742151484056,0,0.0,3.711594696547457,0.23197466853421606,0.23803657938118883,0,0.0
1247,eMBB,487.75,12.25,22,1928,305221492.18383694,158309.90258497765,21,0.9545454545454546,196.46817219174812,9.355627247226101,18.014260890128003,0,0.0,5.1108736968248785,0.2323124407647672,0.2354239270962669,0,0.0
1248,mMTC,250.0,250.0,500,499,42479198.0,85128.65330661323,499,0.998,142.9604903623282,0.28649396866198035,0.30671487195482466,0,0.0,90.1199592672657,0.1802399185345314,0.20324396118559396,0,0.0
1249,eMBB,493.75,6.25,18,1956,313284029.7814889,160165.65939748922,17,0.9444444444444444,188.40262338785607,11.08250725810918,17.81013113984867,0,0.0,4.061138321216375,0.22561879562313195,0.23435663497140205,0,0.0
1250,eMBB,491.25,8.75,24,1940,382134836.52981657,196976.7198607302,23,0.9583333333333334,195.24364104645184,8.488853958541384,14.607608068158472,0,0.0,5.4122606103032895,0.22551085876263707,0.22967726989765136,0,0.0
1251,URLLC,209.75,290.25,839,838,114984810.0,137213.37708830548,838,0.99880810488677,53.37773815504326,0.06369658491055281,0.06576689186063844,0,0.0,4.103945149349279,0.004891472168473515,0.006510023783715362,0,0.0
1252,mMTC,252.0,248.0,504,503,40714918.0,80944.17097415507,503,0.998015873015873,140.94848105884734,0.2802156681090404,0.2978275746603638,0,0.0,88.88516102142049,0.1763594464710724,0.19489429978856893,0,0.0
1253,eMBB,494.75,5.25,18,1960,304633576.50102156,155425.29413317426,17,0.9444444444444444,198.37000946157093,11.66882408597476,17.814843205870567,0,0.0,4.134802765861467,0.22971126477008152,0.23760006268850828,0,0.0
1254,mMTC,235.0,265.0,470,470,38499806.0,81914.48085106382,470,1.0,133.69980252271853,0.2844676649419543,0.3036102880814796,0,0.0,84.09571209673558,0.17892704701433101,0.19887619885071034,0,0.0
1255,eMBB,494.25,5.75,18,1958,310862438.4053883,158765.29029897257,17,0.9444444444444444,198.43796228773775,11.672821311043396,18.012994156905805,0,0.0,4.1029727585188995,0.22794293102882776,0.23601973897897272,0,0.0
1256,mMTC,244.5,255.5,489,489,38860901.0,79470.14519427402,489,1.0,145.41848435277083,0.2973793136048483,0.3198279498965636,0,0.0,92.93019372610418,0.19004129596340322,0.2080361290418627,0,0.0
1257,eMBB,491.75,8.25,26,1940,382144757.70414436,196981.83386811565,25,0.9615384615384616,197.5158614846813,7.900634459387252,15.111877991472028,0,0.0,5.825123309106536,0.22404320419640525,0.2310780468890396,0,0.0
1258,eMBB,493.25,6.75,20,1952,276798290.7661096,141802.4030564086,19,0.95,192.8723017122936,10.151173774331241,20.030895442349788,0,0.0,4.8913140752401265,0.24456570376200631,0.25029867866065325,0,0.0
1259,mMTC,296.5,203.5,593,592,46953948.0,79314.10135135135,592,0.9983136593591906,166.14148257239557,0.2806443962371547,0.3007008145608514,0,0.0,105.04695123274632,0.17714494305690778,0.19520651690727508,0,0.0
1260,eMBB,490.25,9.75,18,1942,301811270.42374015,155412.60063014427,17,0.9444444444444444,187.1275456955841,11.007502687975535,19.01715261986751,0,0.0,4.194278688389491,0.23301548268830505,0.23769835693391875,0,0.0
1261,eMBB,488.5,11.5,19,1934,306755093.6724932,158611.73406023433,18,0.9473684210526315,195.14194476274807,10.841219153486003,17.0141656549917,0,0.0,4.327861147385496,0.22778216565186823,0.23590140734897658,0,0.0
1262,eMBB,492.0,8.0,19,1948,307287528.83454543,157745.13800541346,18,0.9473684210526315,192.69802242160898,10.705445690089388,16.91329024347088,0,0.0,4.3833168677611924,0.23070088777690487,0.23590551147883873,0,0.0
1263,eMBB,493.0,7.0,19,1952,313142838.1270251,160421.53592573007,18,0.9473684210526315,192.82212814069746,10.71234045226097,17.105917339756306,0,0.0,4.299601418704765,0.2262948115107771,0.2337597472203234,0,0.0
1264,eMBB,492.75,7.25,23,1947,383877707.524608,197163.69158942375,22,0.9565217391304348,193.18845602152382,8.78129345552381,13.508313193162394,0,0.0,5.143691841067762,0.22363877569859833,0.23029890329786795,0,0.0
1265,mMTC,270.5,229.5,541,540,44061057.0,81594.55,540,0.9981515711645101,146.9135621843213,0.2720621521931876,0.2915112677792236,0,0.0,90.7060851206048,0.16766374329132125,0.1861404148612692,0,0.0
1266,eMBB,490.5,9.5,17,1944,280242921.7433401,144157.8815552161,16,0.9411764705882353,196.03209883516706,12.252006177197941,20.53005786947649,0,0.0,4.074775374582093,0.2396926690930643,0.24902700654921453,0,0.0
1267,eMBB,495.5,4.5,20,1961,304891500.80567104,155477.56287897553,19,0.95,199.10646726371516,10.47928775072185,18.11478269358446,0,0.0,4.613447749083585,0.23067238745417926,0.23769388893866167,0,0.0
1268,eMBB,490.5,9.5,20,1941,307633411.1194841,158492.22623363428,19,0.95,196.7604210957078,10.3558116366162,16.814128722328142,0,0.0,4.5692844761565246,0.22846422380782622,0.2359038385422387,0,0.0
1269,eMBB,495.0,5.0,20,1959,308435937.6334843,157445.60369243711,19,0.95,192.83274065107668,10.149091613214562,18.072190033070445,0,0.0,4.640527884923087,0.23202639424615437,0.2353960842096439,0,0.0
1270,mMTC,280.25,219.75,561,560,44074901.0,78705.18035714286,560,0.9982174688057041,167.07133691711002,0.2983416730662679,0.32111803498820835,0,0.0,107.06272522240934,0.19084264745527513,0.21327646780872112,0,0.0
1271,eMBB,492.0,8.0,19,1948,387331212.49774635,198835.32469083488,18,0.9473684210526315,186.4568884594637,10.35871602552576,15.209954355995421,0,0.0,4.236623518106134,0.22298018516348073,0.22996578606926157,0,0.0
1272,eMBB,489.5,10.5,17,1940,276310226.4855256,142427.95179666267,16,0.9411764705882353,191.7865815061108,11.986661344131925,18.82972184996959,0,0.0,4.146317181274206,0.2439010106631886,0.24981854290429725,0,0.0
1273,eMBB,491.0,9.0,21,1942,276129500.8628662,142188.20847727405,20,0.9523809523809523,195.43521967657517,9.77176098382876,19.92791746955613,0,0.0,5.050176928460596,0.24048461564098075,0.24899865304182228,0,0.0
1274,eMBB,495.5,4.5,19,1962,305165182.6029163,155537.80968548232,18,0.9473684210526315,191.73799571112554,10.652110872840307,18.116608700999286,0,0.0,4.425900601699033,0.23294213693152807,0.23785916179302707,0,0.0
1275,eMBB,491.0,9.0,16,1947,311149379.14548135,159809.64516973874,15,0.9375,184.88001968926352,12.325334645950901,18.414658662546085,0,0.0,3.70947565293879,0.23184222830867438,0.23535228354063756,0,0.0
1276,eMBB,486.75,13.25,20,1926,302829011.9823627,157232.09344878644,19,0.95,184.93040607502374,9.733179267106513,17.211202770685908,0,0.0,4.63915763253784,0.231957881626892,0.2358194841113912,0,0.0
1277,mMTC,265.5,234.5,531,531,43338860.0,81617.43879472693,531,1.0,158.26767314584868,0.29805588163060015,0.3221613727745102,0,0.0,101.40977678208799,0.1909788639963992,0.21488867499673242,0,0.0
1278,eMBB,483.5,16.5,23,1910,377139819.0205537,197455.40262856215,22,0.9565217391304348,188.06793871656328,8.548542668934694,15.008302806494351,0,0.0,5.22764079418124,0.22728873018179305,0.23041265303795957,0,0.0
1279,eMBB,496.0,4.0,15,1968,282750547.1694219,143674.05852104773,14,0.9333333333333333,191.37293285188215,13.669495203705868,20.526934094225798,0,0.0,3.5933750826034405,0.23955833884022937,0.2501806318516975,0,0.0
1280,eMBB,492.0,8.0,17,1950,280321684.8918071,143754.7102009267,16,0.9411764705882353,184.82832203057822,11.551770126911139,20.430822599452483,0,0.0,4.072502144947196,0.23955894970277622,0.24953587364546775,0,0.0
1281,eMBB,488.75,11.25,20,1934,300511552.65865946,155383.4295029263,19,0.95,186.14491752320959,9.797100922274188,18.914814178445102,0,0.0,4.657113431911835,0.23285567159559176,0.23781854528980864,0,0.0
1282,mMTC,306.75,193.25,614,613,48183711.0,78603.11745513866,613,0.998371335504886,174.85160489023147,0.28523915969042657,0.3047400521776405,0,0.0,110.2875890652741,0.17962148056233568,0.20089501344224114,0,0.0
1283,mMTC,235.5,264.5,471,471,38888499.0,82565.8152866242,471,1.0,135.5118697975908,0.28771097621569175,0.30736292334028925,0,0.0,85.57736968374466,0.18169292926485067,0.20114191240011828,0,0.0
1284,eMBB,492.0,8.0,19,1948,312285290.74914265,160310.724203872,18,0.9473684210526315,188.20344430495098,10.45574690583061,17.71071350713104,0,0.0,4.382087419109814,0.23063617995314808,0.23343870893298924,0,0.0
1285,eMBB,491.75,8.25,24,1942,382239977.92225194,196828.00098983108,23,0.9583333333333334,196.09659993737995,8.525939127712173,14.708068133998571,0,0.0,5.378865466070041,0.22411939441958503,0.23088657576368127,0,0.0
1286,mMTC,308.75,191.25,618,617,49123132.0,79616.09724473258,617,0.9983818770226537,167.68749117752967,0.27177875393440787,0.2894623431340568,0,0.0,103.3161081662477,0.16717816855379888,0.18773841442993422,0,0.0
1287,eMBB,489.25,10.75,15,1941,279955854.2599006,144232.79456975817,14,0.9333333333333333,189.69485782130016,13.54963270152144,19.829401534844457,0,0.0,3.700417707556323,0.2466945138370882,0.24856484859592462,0,0.0
1288,eMBB,494.25,5.75,21,1955,301809615.32689834,154378.31986030604,20,0.9523809523809523,190.71382413392595,9.535691206696297,18.91430812091602,0,0.0,4.947559454892205,0.2355980692805812,0.23783275148279295,0,0.0
1289,eMBB,489.0,11.0,18,1937,307739397.06128263,158874.23699601582,17,0.9444444444444444,195.82780273181342,11.519282513636083,17.11418357706391,0,0.0,4.101623107533805,0.2278679504185447,0.23635413208450703,0,0.0
1290,mMTC,253.5,246.5,507,507,41599384.0,82050.06706114399,507,1.0,145.83833745383143,0.2876495807767878,0.30830656049233546,0,0.0,92.14914481041272,0.1817537372986444,0.20502867673165165,0,0.0
1291,mMTC,280.0,220.0,560,560,44907012.0,80191.09285714285,560,1.0,166.98237117548652,0.29818280567051164,0.3202531382414091,0,0.0,107.10459898403354,0.19125821247148847,0.2160095401033974,0,0.0
1292,eMBB,486.5,13.5,22,1923,379518788.6341309,197357.6643963239,21,0.9545454545454546,193.5462082775088,9.2164861084528,15.007995235234867,0,0.0,4.989292676133133,0.22678603073332423,0.23170661418693556,0,0.0
1293,eMBB,494.75,5.25,18,1960,280065143.79382586,142890.37948664586,17,0.9444444444444444,198.14706754127366,11.65570985536904,20.127726286201096,0,0.0,4.3289998595213515,0.24049999219563065,0.2488808016619361,0,0.0
1294,mMTC,312.5,187.5,625,624,50035948.0,80185.81410256411,624,0.9984,175.40258266498142,0.28109388247593176,0.30217042086703805,0,0.0,110.92831779163787,0.17748530846662058,0.19695450494840253,0,0.0
1295,eMBB,489.75,10.25,17,1941,303019448.66622716,156115.120384455,16,0.9411764705882353,189.09984235474678,11.818740147171674,18.81420697688311,0,0.0,3.9547591092306935,0.2326328887782761,0.23879529978815353,0,0.0
1296,eMBB,492.0,8.0,20,1947,308883780.64248675,158646.00957498036,19,0.95,198.2602944992249,10.434752342064469,17.21521918220612,0,0.0,4.5734703944797745,0.22867351972398872,0.236467354281862,0,0.0
1297,eMBB,493.0,7.0,21,1950,306760185.28325474,157312.91552987424,20,0.9523809523809523,189.57863864604516,9.478931932302258,16.413345757517906,0,0.0,4.810647857919513,0.2290784694247387,0.23558789260526591,0,0.0
1298,eMBB,487.0,13.0,18,1929,309765510.8753607,160583.46857198587,17,0.9444444444444444,191.35770698398406,11.25633570494024,16.513713185723827,0,0.0,4.12083901266989,0.2289355007038828,0.23497985794588058,0,0.0
1299,eMBB,489.75,10.25,24,1934,380569780.3117295,196778.58340833997,23,0.9583333333333334,195.4673978578228,8.498582515557512,14.806277090667182,0,0.0,5.4551440117985734,0.2272976671582739,0.2313683904515476,0,0.0
1300,eMBB,496.0,4.0,18,1965,280368475.0140487,142681.1577679637,17,0.9444444444444444,198.45065079708934,11.673567693946431,18.629639454827686,0,0.0,4.334633734672245,0.24081298525956918,0.24936577511157615,0,0.0
1301,eMBB,494.5,5.5,18,1959,280133263.9234864,142998.09286548567,17,0.9444444444444444,187.86394750228018,11.050820441310599,19.529297673131637,0,0.0,4.330345420294136,0.24057474557189643,0.24908133527660142,0,0.0
1302,eMBB,491.25,8.75,22,1942,300534032.4228582,154754.9085596592,21,0.9545454545454546,194.13517597637195,9.244532189351045,18.017621666122405,0,0.0,5.091263109140459,0.23142105041547542,0.23923739233177133,0,0.0
1303,mMTC,264.5,235.5,529,528,42390220.0,80284.50757575757,528,0.998109640831758,150.89906199132264,0.2857936780138686,0.3065256004652505,0,0.0,95.5381244107214,0.18060136939644877,0.1999371079980536,0,0.0
1304,mMTC,291.5,208.5,583,582,48314822.0,83015.15807560137,582,0.9982847341337907,167.70093500651572,0.28814593643731223,0.30581610349531263,0,0.0,106.37741303269748,0.18246554551063032,0.20203688537565445,0,0.0
1305,eMBB,492.25,7.75,23,1945,308810302.20219505,158771.36360010027,22,0.9565217391304348,193.37388307952432,8.789721958160197,17.111795443699975,0,0.0,5.337162409374723,0.23205053953803143,0.23445567254789704,0,0.0
1306,URLLC,191.5,308.5,766,766,108374050.0,141480.48302872063,766,1.0,48.780531376909025,0.06368215584452876,0.065753962724338,0,0.0,3.9363976985756333,0.005138900389785422,0.006608000783614889,0,0.0
1307,eMBB,490.5,9.5,19,1942,276529170.3381642,142394.0115026592,18,0.9473684210526315,191.48258338555718,10.637921299197622,20.329668345276264,0,0.0,4.589848015460792,0.24157094818214694,0.25000668903829515,0,0.0
1308,eMBB,494.25,5.75,14,1962,284144592.50716805,144823.95132883184,13,0.9285714285714286,188.23616502990467,14.47970500230036,20.729663298350744,0,0.0,3.329895049182516,0.23784964637017972,0.2491034167035149,0,0.0
1309,mMTC,268.5,231.5,537,537,43650761.0,81286.33333333333,537,1.0,153.12383186334398,0.2851468004903985,0.3031374739633828,0,0.0,96.36543877171995,0.1794514688486405,0.19747295811281404,0,0.0
1310,URLLC,161.75,338.25,647,647,89315778.0,138046.02472952087,647,1.0,41.77312171662756,0.06456433031936253,0.06726614681713547,0,0.0,3.339588350473649,0.005161651237208113,0.006678613131492618,0,0.0
1311,eMBB,492.75,7.25,18,1952,308191999.2511026,157885.2455179829,17,0.9444444444444444,187.42804223683433,11.025178955107902,17.61385692746231,0,0.0,4.202300600232057,0.2334611444573365,0.23533474039517918,0,0.0
1312,eMBB,490.5,9.5,17,1944,313934923.78800386,161489.15832716247,16,0.9411764705882353,193.69454290010412,12.105908931256508,17.81360988729994,0,0.0,3.8430881614041166,0.22606400949435979,0.23392907709605654,0,0.0
1313,mMTC,306.0,194.0,612,612,49059892.0,80163.22222222222,612,1.0,175.5460102267024,0.2868398859913438,0.3150416596485971,0,0.0,111.49057402225787,0.18217414055924488,0.2089816190930415,0,0.0
1314,URLLC,152.75,347.25,611,610,85759283.0,140588.98852459015,610,0.9983633387888707,38.951658031486986,0.06385517710079834,0.06588425986294867,0,0.0,3.126142953850579,0.005116436913012405,0.006820906786025597,0,0.0
1315,mMTC,255.75,244.25,512,511,40956246.0,80149.20939334638,511,0.998046875,144.03184539351096,0.28186271114190015,0.30349437231234594,0,0.0,91.21001606359644,0.1781445626242118,0.19853142143291036,0,0.0
1316,eMBB,491.25,8.75,18,1946,302566538.2959828,155481.2632559007,17,0.9444444444444444,190.37155263212884,11.198326625419343,18.714959004134514,0,0.0,4.250039109916862,0.23611328388427014,0.23800929088387507,0,0.0
1317,eMBB,490.5,9.5,19,1942,308888181.6724927,159056.7361856296,18,0.9473684210526315,196.00173917617434,10.888985509787464,18.415350159245257,0,0.0,4.396892580232076,0.23141539895958294,0.23563313053131224,0,0.0
1318,eMBB,484.75,15.25,17,1921,304394533.5221184,158456.2902249445,16,0.9411764705882353,187.11984126249553,11.69499007890597,16.711587947485913,0,0.0,3.9742623321474824,0.233780137185146,0.2359231032400473,0,0.0
1319,eMBB,485.5,14.5,20,1921,306519863.8753614,159562.6568846233,19,0.95,191.03877110145493,10.05467216323447,17.31106658438674,0,0.0,4.648245869801199,0.23241229349005996,0.23538660339929382,0,0.0
1320,mMTC,302.5,197.5,605,604,47288987.0,78293.02483443709,604,0.9983471074380166,176.44870072990005,0.292133610479967,0.31438953907411304,0,0.0,113.3462857290932,0.1873492326100714,0.211757581574113,0,0.0
1321,eMBB,495.75,4.25,15,1967,282286615.6314591,143511.2433306859,14,0.9333333333333333,193.07172650859175,13.790837607756554,20.12660696678973,0,0.0,3.6977993020087703,0.24651995346725136,0.24984031840586607,0,0.0
1322,mMTC,305.0,195.0,610,610,49284300.0,80793.9344262295,610,1.0,172.06628291689145,0.2820758736342483,0.3041631261584997,0,0.0,109.12602334458393,0.17889512023702284,0.19854031974891378,0,0.0
1323,eMBB,494.25,5.75,21,1955,302513337.01406026,154738.27980258837,20,0.9523809523809523,196.4706294734189,9.823531473670945,17.916464111949132,0,0.0,4.910062516473262,0.23381250078444107,0.23848360361697082,0,0.0
1324,mMTC,256.0,244.0,512,512,41241272.0,80549.359375,512,1.0,146.62033305387288,0.2863678379958455,0.3051563208316407,0,0.0,92.77972391609508,0.1812103982736232,0.20144725895129884,0,0.0
1325,eMBB,495.25,4.75,18,1962,311793384.58981,158916.09815994394,17,0.9444444444444444,198.99049427537435,11.705323192669079,18.114027678237946,0,0.0,4.1686797960891475,0.23159332200495264,0.2358104587271258,0,0.0
1326,eMBB,494.5,5.5,21,1956,313356164.5557511,160202.53811643715,20,0.9523809523809523,190.2436247194845,9.512181235974225,18.313127006798,0,0.0,4.773156183652589,0.22729315160250424,0.23441267919788136,0,0.0
1327,eMBB,495.5,4.5,21,1960,388250179.81692713,198086.82643720772,20,0.9523809523809523,195.61209194352958,9.78060459717648,14.70912628455005,0,0.0,4.739865024441396,0.22570785830673312,0.23050119009922918,0,0.0
1328,eMBB,492.0,8.0,16,1951,279030031.16862506,143018.98060923888,15,0.9375,194.49960053924107,12.966640035949405,19.52961179758924,0,0.0,3.9488369675565664,0.2468023104722854,0.24950289451211008,0,0.0
1329,eMBB,487.25,12.75,19,1929,275885154.9037786,143019.77962870846,18,0.9473684210526315,187.84250166177785,10.435694536765435,20.373123559046263,0,0.0,4.631292637340179,0.24375224407053575,0.2492558632566734,0,0.0
1330,mMTC,278.5,221.5,557,557,43504903.0,78105.75044883303,557,1.0,159.35945502208816,0.28610315084755505,0.3051689604841516,0,0.0,100.55968474140427,0.18053803364704538,0.1990740578775697,0,0.0
1331,eMBB,492.5,7.5,20,1949,309552303.4425934,158826.22033996583,19,0.95,196.3401387820432,10.333691514844379,17.511991601764066,0,0.0,4.557548025479163,0.22787740127395817,0.2354951594755762,0,0.0
1332,eMBB,494.0,6.0,18,1957,309352254.4589319,158074.73401069592,17,0.9444444444444444,190.13152634415337,11.184207432009021,17.515327058752366,0,0.0,4.112014735821825,0.2284452631012125,0.23611307634517267,0,0.0
1333,eMBB,488.5,11.5,18,1935,310087632.100747,160252.006253616,17,0.9444444444444444,194.6903915838277,11.452375975519276,18.012327262309125,0,0.0,4.162136687441853,0.23122981596899184,0.23431233254871806,0,0.0
1334,mMTC,291.5,208.5,583,582,47975914.0,82432.84192439863,582,0.9982847341337907,169.96653095980224,0.2920387129893509,0.3183992270830681,0,0.0,109.22837056165552,0.18735569564606436,0.21494653319417925,0,0.0
1335,eMBB,497.0,3.0,15,1972,282920405.0605824,143468.76524370303,14,0.9333333333333333,187.16964824899026,13.36926058921359,20.0280511066433,0,0.0,3.597640916874294,0.2398427277916196,0.24958245046549044,0,0.0
1336,mMTC,233.0,267.0,466,466,36261083.0,77813.48283261803,466,1.0,131.57718075590086,0.28235446514141815,0.30133123112106547,0,0.0,83.5275685846187,0.17924370940905301,0.2001662235996979,0,0.0
1337,eMBB,491.5,8.5,22,1943,299026775.32689846,153899.52410030802,21,0.9545454545454546,189.6214891696774,9.02959472236559,16.41775036608137,0,0.0,5.084586088158622,0.23111754946175553,0.2380051259450133,0,0.0
1338,eMBB,487.5,12.5,19,1930,306660749.3008209,158891.57994861185,18,0.9473684210526315,194.0394455752948,10.779969198627489,18.011465847149765,0,0.0,4.436625103421707,0.23350658439061617,0.2365203329623395,0,0.0
1339,mMTC,245.5,254.5,491,490,39078806.0,79752.66530612245,490,0.9979633401221996,141.49068707347254,0.2887565042315766,0.3150516625649249,0,0.0,89.96863502345117,0.18323550921273152,0.20966192519477045,0,0.0
1340,eMBB,492.5,7.5,21,1948,311149942.3411439,159727.89647902665,20,0.9523809523809523,194.3711847770423,9.718559238852114,17.11273575348094,0,0.0,4.808050025468542,0.22895476311754961,0.23420501020392442,0,0.0
1341,mMTC,282.0,218.0,564,564,44990686.0,79770.71985815602,564,1.0,165.19988364798797,0.29290759512054604,0.3122637554202191,0,0.0,106.16952495437683,0.1882438385715901,0.2087100531979969,0,0.0
1342,eMBB,493.25,6.75,16,1956,280463519.5489334,143386.257438105,15,0.9375,193.19821816782647,12.879881211188431,20.62888228374135,0,0.0,3.850558159703348,0.24065988498145924,0.24989708892916684,0,0.0
1343,eMBB,493.0,7.0,18,1953,280170880.63836414,143456.67211385773,17,0.9444444444444444,195.51629572816285,11.500958572244873,20.026799079512827,0,0.0,4.385880562343017,0.24366003124127872,0.24822367607359602,0,0.0
1344,eMBB,497.5,2.5,19,1970,306688136.67677546,155679.2571963327,18,0.9473684210526315,193.57376985300345,10.754098325166858,19.016073805690908,0,0.0,4.377384701151258,0.23038866848164516,0.2389198489129125,0,0.0
1345,mMTC,279.5,220.5,559,559,43724987.0,78220.01252236136,559,1.0,160.27746997740925,0.2867217709792652,0.3063459770912082,0,0.0,101.59242864373404,0.18173958612474783,0.2027915251253962,0,0.0
1346,eMBB,491.0,9.0,17,1946,308612150.6045477,158587.94995094946,16,0.9411764705882353,191.30392574997563,11.956495359373477,18.413820478914715,0,0.0,3.962468154424343,0.23308636202496136,0.2355775355814817,0,0.0
1347,mMTC,233.5,266.5,467,467,37169344.0,79591.74304068522,467,1.0,139.77694789586792,0.2993082396057129,0.32144027637093636,0,0.0,89.92308751569686,0.19255479125416888,0.21360503842221845,0,0.0
1348,eMBB,490.25,9.75,25,1935,380318834.24472886,196547.2011600666,24,0.96,197.16697109878493,8.215290462449373,15.109633453173354,0,0.0,5.677888741097749,0.22711554964390995,0.2310204790892782,0,0.0
1349,eMBB,489.0,11.0,19,1936,275208579.1185751,142153.19169347888,18,0.9473684210526315,187.75385143195479,10.430769523997489,18.22737761392958,0,0.0,4.668345726752473,0.2457024066711828,0.250607915184831,0,0.0
1350,eMBB,495.75,4.25,15,1967,284224733.9999998,144496.56024402633,14,0.9333333333333333,199.83204342554785,14.273717387539133,20.52827975867438,0,0.0,3.648086283011965,0.24320575220079768,0.24772785096021926,0,0.0
1351,mMTC,265.0,235.0,530,529,41438358.0,78333.37996219282,529,0.9981132075471698,151.2286165822042,0.28587640185671875,0.30399535078982876,0,0.0,95.6028031669301,0.18038264748477378,0.1988481432570327,0,0.0
1352,eMBB,489.5,10.5,20,1937,306989275.46005154,158486.97752196775,19,0.95,192.44920232985075,10.128905385781618,18.01513341097256,0,0.0,4.569864753555996,0.2284932376777998,0.23582481962917207,0,0.0
1353,eMBB,493.0,7.0,17,1954,309328431.6453465,158305.23625657448,16,0.9411764705882353,193.9018377495126,12.118864859344537,18.014081656846354,0,0.0,3.96123516134707,0.2330138330204159,0.2361159192407638,0,0.0
1354,eMBB,493.0,7.0,23,1948,310374415.9610972,159329.78232089177,22,0.9565217391304348,197.0605939442681,8.957299724739459,17.212580637067315,0,0.0,5.23759139391874,0.22772136495298873,0.23401586398446403,0,0.0
1355,eMBB,490.25,9.75,24,1936,380738076.1275901,196662.22940474696,23,0.9583333333333334,193.2832304648392,8.403618715862574,13.709362515372845,0,0.0,5.473857499994442,0.22807739583310174,0.2304484749510011,0,0.0
1356,eMBB,491.0,9.0,19,1944,276956732.518127,142467.45499903653,18,0.9473684210526315,182.7697089890455,10.15387272161364,17.227240718938077,0,0.0,4.585130274533982,0.2413226460281043,0.25018272078374626,0,0.0
1357,eMBB,494.25,5.75,18,1958,279584983.2200963,142791.10481108085,17,0.9444444444444444,187.95160803046895,11.055976942968762,19.028403085505015,0,0.0,4.424689154123535,0.2458160641179742,0.24835498660991037,0,0.0
1358,eMBB,493.0,7.0,15,1956,307042405.4857263,156974.6449313529,14,0.9333333333333333,197.11301195034594,14.079500853596139,17.516500505473722,0,0.0,3.43646952615795,0.22909796841052998,0.23748404380553087,0,0.0
1359,eMBB,492.75,7.25,19,1951,309470119.3366063,158621.28105412933,18,0.9473684210526315,192.32769493640157,10.684871940911199,17.51284654934136,0,0.0,4.429621767798932,0.23313798777889116,0.23572476075182575,0,0.0
1360,eMBB,492.5,7.5,17,1953,309942193.00000024,158700.55965181784,17,1.0,198.89610765558763,11.699771038563979,18.71384839964524,0,0.0,3.9463743811335354,0.23213966947844325,0.2362680751630853,0,0.0
1361,eMBB,491.25,8.75,18,1946,312239258.3672335,160451.8285545907,17,0.9444444444444444,192.0138254804919,11.29493091061717,18.414186185478997,0,0.0,4.189982959658551,0.23277683109214176,0.23465356388172098,0,0.0
1362,eMBB,489.5,10.5,25,1932,380105595.6111608,196742.02671385134,24,0.96,193.90060476649344,8.07919186527056,14.406083843335356,0,0.0,5.615256150766642,0.2246102460306657,0.23115769183757004,0,0.0
1363,mMTC,315.75,184.25,632,631,48328501.0,76590.33438985737,631,0.9984177215189873,172.63890975534738,0.273595736537793,0.2933118142708874,0,0.0,106.96046767056129,0.16924124631417925,0.18917898542850273,0,0.0
1364,eMBB,491.5,8.5,19,1946,277329167.0592409,142512.41883825327,18,0.9473684210526315,188.52418057921204,10.473565587734003,17.728846161656215,0,0.0,4.618715133850227,0.2430902702026435,0.24870735956946552,0,0.0
1365,mMTC,272.0,228.0,544,544,42490604.0,78107.72794117648,544,1.0,155.7462111615791,0.2862981822823145,0.30480772485679936,0,0.0,98.44420462824593,0.1809636114489815,0.200765015081486,0,0.0
1366,mMTC,245.0,255.0,490,489,38584238.0,78904.37218813907,489,0.9979591836734694,140.390144751873,0.28709641053552765,0.3098758707277834,0,0.0,89.32063407491886,0.18228700831616093,0.20377906730898,0,0.0
1367,URLLC,214.75,285.25,859,859,120840930.0,140676.28637951106,859,1.0,55.11574489436952,0.0641626832297666,0.06614647377727045,0,0.0,4.339492689369526,0.005051795913119355,0.006725825485949742,0,0.0
1368,eMBB,494.75,5.25,18,1960,314172899.3411445,160292.29558221658,17,0.9444444444444444,194.9006788887025,11.4647458169825,18.1130305820732,0,0.0,4.081559381475499,0.22675329897086105,0.2341237731188242,0,0.0
1369,mMTC,317.5,182.5,635,635,51397212.0,80940.49133858268,635,1.0,186.36194518764916,0.29348337824826637,0.312794088968797,0,0.0,120.0153271607046,0.18900051521370803,0.20807960785768592,0,0.0
1370,mMTC,278.0,222.0,556,556,41819272.0,75214.51798561151,556,1.0,152.14385120489817,0.27364002015269456,0.29213421209516943,0,0.0,94.24591118199199,0.16950703449998558,0.19059565209516938,0,0.0
1371,URLLC,172.0,328.0,688,688,98040390.0,142500.56686046513,688,1.0,43.39216937760246,0.06307001363023614,0.06530742997047563,0,0.0,3.021125623371756,0.004391170964203134,0.00570590878935478,0,0.0
1372,eMBB,488.75,11.25,20,1934,299815324.0081672,155023.43537133775,19,0.95,197.19572354910764,10.378722292058297,17.715679088084705,0,0.0,4.622828484265407,0.23114142421327033,0.23865706986651908,0,0.0
1373,eMBB,491.0,9.0,18,1945,310127322.63449204,159448.4949277594,17,0.9444444444444444,194.56349513751462,11.44491147867733,18.514443501577894,0,0.0,4.146634957624869,0.23036860875693715,0.23580478816348005,0,0.0
1374,eMBB,488.75,11.25,20,1934,305669351.40538853,158050.33681767763,19,0.95,196.45396883562447,10.339682570296025,18.713077975884563,0,0.0,4.581340228147822,0.2290670114073911,0.23652037338921877,0,0.0
1375,mMTC,269.0,231.0,538,537,44282967.0,82463.62569832402,537,0.9981412639405205,161.3012672011685,0.30037479925729704,0.3223281356692859,0,0.0,104.25104724390341,0.19377518075074984,0.21530629977184998,0,0.0
1376,eMBB,493.0,7.0,22,1949,385688763.0967479,197890.59163506818,21,0.9545454545454546,193.1066729764201,9.195555856020004,15.107392622087984,0,0.0,4.9642946289067496,0.2256497558593977,0.23075691491180506,0,0.0
1377,eMBB,491.75,8.25,15,1951,280097031.01934004,143565.87955886213,14,0.9333333333333333,190.1585556219328,13.582753972995201,19.627416472042942,0,0.0,3.5939365578356117,0.2395957705223741,0.24958815409096785,0,0.0
1378,mMTC,299.5,200.5,599,599,47070124.0,78581.1752921536,599,1.0,169.28776303576112,0.2826173005605361,0.3055340317300658,0,0.0,107.57618537353886,0.17959296389572432,0.19926681566168974,0,0.0
1379,eMBB,489.0,11.0,21,1934,299384852.2221489,154800.85430307596,20,0.9523809523809523,195.3969868479099,9.769849342395494,18.51530528875898,0,0.0,4.948681322562977,0.23565149155061796,0.23842954098512653,0,0.0
1380,eMBB,494.0,6.0,18,1957,311746411.20724654,159298.11507779587,17,0.9444444444444444,195.5018068818247,11.50010628716616,18.213912379776694,0,0.0,4.1871206342790295,0.23261781301550163,0.23637113236916418,0,0.0
1381,eMBB,491.5,8.5,20,1945,306849341.2511033,157763.1574555801,19,0.95,187.12029712279846,9.848436690673603,17.911131513717958,0,0.0,4.651500000861329,0.23257500004306647,0.2361971813434792,0,0.0
1382,eMBB,494.25,5.75,19,1957,313534897.66370475,160212.0069819646,18,0.9473684210526315,199.19631382734067,11.066461879296703,17.711728370347064,0,0.0,4.39683237095802,0.23141223005042208,0.2342738149021868,0,0.0
1383,eMBB,490.0,10.0,26,1933,379015455.0780959,196076.2830202255,25,0.9615384615384616,191.08598992219822,7.643439596887929,13.309044043074088,0,0.0,5.925169782664366,0.227891145487091,0.23102034940911453,0,0.0
1384,eMBB,490.25,9.75,19,1941,275566146.1951048,141971.2242118005,18,0.9473684210526315,195.63151381897558,10.868417434387531,19.5298752642534,0,0.0,4.64946970804831,0.24470893200254262,0.25014706158691535,0,0.0
1385,eMBB,494.0,6.0,15,1961,282038321.9999999,143823.72361040278,15,1.0,199.4280481300334,13.295203208668893,20.226503417869356,0,0.0,3.621181396341392,0.24141209308942616,0.2489401525250285,0,0.0
1386,eMBB,492.25,7.75,20,1948,301807080.7791752,154931.76631374497,19,0.95,191.69128826722005,10.08901517195895,18.71578811779959,0,0.0,4.622166122588555,0.23110830612942776,0.23818493409078334,0,0.0
1387,eMBB,496.5,3.5,15,1970,314852222.03435177,159823.46296159987,14,0.9333333333333333,184.97566003526535,13.212547145376096,16.91248437905079,0,0.0,3.39912675265138,0.22660845017675868,0.2354058686942572,0,0.0
1388,eMBB,489.5,10.5,21,1936,305195551.98236245,157642.33056940208,20,0.9523809523809523,186.10273089985444,9.305136544992722,18.712852964295376,0,0.0,4.854406288273558,0.23116220420350275,0.2367460638025531,0,0.0
1389,eMBB,497.75,2.25,23,1967,313721962.57076234,159492.60933948265,22,0.9565217391304348,199.95807683213076,9.08900349236958,18.21387704529786,0,0.0,5.242863963447689,0.22795060710642123,0.2347689257082609,0,0.0
1390,eMBB,495.25,4.75,23,1957,386650874.66042465,197573.2624733902,22,0.9565217391304348,195.8343047331566,8.901559306052574,14.607707974947013,0,0.0,5.216092932056267,0.22678664921983768,0.23070345127837477,0,0.0
1391,eMBB,491.75,8.25,19,1947,276995301.33470005,142267.7459346174,18,0.9473684210526315,189.78129329760992,10.543405183200552,20.128588494015986,0,0.0,4.701923250535892,0.24746964476504696,0.24981911781356517,0,0.0
1392,eMBB,493.75,6.25,16,1958,281413313.954209,143724.87944545917,15,0.9375,192.55770598512746,12.837180399008497,19.325536205562553,0,0.0,3.897046366348805,0.24356539789680032,0.24932091276518362,0,0.0
1393,mMTC,270.5,229.5,541,541,42580812.0,78707.60073937154,541,1.0,155.21064252549274,0.2868958272190254,0.30823892454323143,0,0.0,98.28248505848426,0.181668179405701,0.20440094163724848,0,0.0
1394,eMBB,492.25,7.75,19,1949,308807787.37950903,158444.22133376554,18,0.9473684210526315,190.822563819199,10.601253545511055,16.11331792753398,0,0.0,4.430581756160319,0.23318851348212208,0.23528374336454283,0,0.0
1395,mMTC,239.5,260.5,479,478,38085851.0,79677.51255230125,478,0.9979123173277662,138.65613544811652,0.2900755971717919,0.3142700528437101,0,0.0,88.38623370867154,0.18452240857760238,0.21162245933943657,0,0.0
1396,eMBB,491.25,8.75,15,1949,314874470.7052555,161556.93725256826,14,0.9333333333333333,187.52569093622756,13.39469220973054,17.911250100627885,0,0.0,3.445851157194917,0.22972341047966113,0.2342815647057281,0,0.0
1397,mMTC,261.5,238.5,523,523,40946563.0,78291.70745697897,523,1.0,153.6756757022202,0.29383494398130056,0.3138508090522987,0,0.0,99.15533275499799,0.1895895463766692,0.20990825295517157,0,0.0
1398,URLLC,166.0,334.0,664,663,92305630.0,139224.17797888388,663,0.9984939759036144,42.429086094206774,0.06399560496863767,0.06619647312411069,0,0.0,3.522526460741267,0.005305009730032028,0.0071802523548799065,0,0.0
1399,eMBB,493.25,6.75,20,1952,278473310.37522846,142660.50736435884,19,0.95,196.70080080685543,10.352673726676601,20.02895975548157,0,0.0,4.81932198554653,0.2409660992773265,0.24983466926360404,0,0.0
1400,mMTC,286.0,214.0,572,571,46044633.0,80638.58669001752,571,0.9982517482517482,163.9259805135547,0.28708578023389614,0.3075135865251306,0,0.0,104.13407467915025,0.1820525781104025,0.20246139471707575,0,0.0
1401,eMBB,494.75,5.25,17,1961,313797376.62476575,160019.05998203252,16,0.9411764705882353,187.8538148654295,11.740863429089345,18.614048324207833,0,0.0,3.9226440000293437,0.23074376470760846,0.2362573026965269,0,0.0
1402,URLLC,168.75,331.25,675,674,96991235.0,143903.90949554896,674,0.9985185185185185,43.28783919958009,0.06422528071154317,0.0663055386911752,0,0.0,3.4816544217888743,0.005158006550798332,0.006596970085324654,0,0.0
1403,URLLC,162.25,337.75,649,649,90781761.0,139879.4468412943,649,1.0,41.07074937307155,0.06328312692306864,0.0655056807375892,0,0.0,3.121283245763808,0.0048093732600366845,0.0061652820898372,0,0.0
1404,eMBB,491.5,8.5,29,1936,378861762.7041455,195693.05924800903,28,0.9655172413793104,197.77944904217114,7.063551751506112,14.407576299011684,0,0.0,6.587756952692496,0.2271640328514654,0.2310537402406828,0,0.0
1405,eMBB,492.5,7.5,20,1949,277321178.5268198,142288.9576843611,19,0.95,190.3980635970644,10.020950715634969,19.328533143313805,0,0.0,4.838023686340906,0.24190118431704527,0.2507871759832583,0,0.0
1406,eMBB,491.5,8.5,16,1949,280670950.3518635,144007.67078084324,15,0.9375,197.48805517311263,13.165870344874175,20.427683904703407,0,0.0,3.830694995646218,0.23941843722788864,0.24882203415872298,0,0.0
1407,mMTC,263.0,237.0,526,526,42039013.0,79922.07794676805,526,1.0,151.434924852564,0.28789909667787833,0.30724483916152023,0,0.0,96.26400749940173,0.18301142110152419,0.20387806138374243,0,0.0
1408,mMTC,256.0,244.0,512,511,43628138.0,85377.96086105675,511,0.998046875,147.2199839099064,0.28810172976498316,0.3103087484263796,0,0.0,93.8850125683183,0.18336916517249668,0.20498740073407193,0,0.0
1409,mMTC,296.0,204.0,592,591,47453840.0,80294.14551607445,591,0.9983108108108109,171.47105238025281,0.29013714446743283,0.3164585594930092,0,0.0,109.49070442473932,0.18495051423097858,0.21009819504856472,0,0.0
1410,eMBB,495.5,4.5,20,1961,314781220.10074687,160520.7649672345,19,0.95,197.62077752716698,10.40109355406142,18.111402378378294,0,0.0,4.5473431891670835,0.22736715945835417,0.23403847160836666,0,0.0
1411,mMTC,263.0,237.0,526,526,43091026.0,81922.10266159696,526,1.0,154.6355792613368,0.2939839909911346,0.3200133612679461,0,0.0,99.78547178800335,0.18970622012928393,0.21698686682350166,0,0.0
1412,mMTC,251.0,249.0,502,502,38735484.0,77162.3187250996,502,1.0,137.5204095558438,0.27394503895586414,0.28978391099467643,0,0.0,85.29982929567288,0.1699199786766392,0.18578944090920635,0,0.0
1413,eMBB,494.5,5.5,19,1958,279829316.7206121,142915.89209428607,18,0.9473684210526315,197.84114357330674,10.991174642961486,19.329747529904758,0,0.0,4.643926205597551,0.24441716871566058,0.24932175914960505,0,0.0
1414,eMBB,494.75,5.25,21,1957,302350237.4528996,154496.7999248337,20,0.9523809523809523,194.2948308235786,9.71474154117893,18.713935472583334,0,0.0,4.8517252160559945,0.2310345340979045,0.23856049857108114,0,0.0
1415,mMTC,283.75,216.25,568,567,46301795.0,81661.01410934744,567,0.9982394366197183,163.19757283584863,0.2878264071178988,0.31105833691264684,0,0.0,103.89777964439557,0.18291862613449925,0.20640406740073858,0,0.0
1416,eMBB,491.5,8.5,21,1944,306095061.04194784,157456.30712034355,20,0.9523809523809523,186.15409262802874,9.307704631401437,17.410745594140213,0,0.0,4.90804708003056,0.23371652762050285,0.23562480220060303,0,0.0
1417,URLLC,174.0,326.0,696,696,95039030.0,136550.3304597701,696,1.0,44.04210411155837,0.06327888521775628,0.06548209534252084,0,0.0,3.3858213038660314,0.004864685781416711,0.00618254769977999,0,0.0
1418,eMBB,490.5,9.5,26,1935,380069421.2961583,196418.30557941,25,0.9615384615384616,192.3645091719314,7.694580366877256,14.887121142238817,0,0.0,5.913808331187096,0.22745416658411907,0.23073526333538186,0,0.0
1419,eMBB,490.25,9.75,22,1938,275025372.51046175,141911.9569197429,21,0.9545454545454546,193.1636798159159,9.198270467424567,20.026854281150612,0,0.0,5.450727452435508,0.24776033874706857,0.25024097726517514,0,0.0
1420,URLLC,228.0,272.0,912,912,126923290.0,139170.27412280702,912,1.0,57.59054673163382,0.063147529311002,0.06552119926222306,0,0.0,4.15039301586459,0.004550869534939243,0.00598142215337271,0,0.0
1421,URLLC,167.25,332.75,669,669,94077671.0,140624.32137518685,669,1.0,42.867119898088355,0.06407641240371952,0.0668226776175027,0,0.0,3.4402515332165606,0.005142378973417878,0.006961581488433481,0,0.0
1422,mMTC,286.5,213.5,573,572,45322290.0,79234.77272727272,572,0.9982547993019197,164.69946433320212,0.28793612645664707,0.3069973671608279,0,0.0,105.11486784419546,0.18344654074030622,0.20300278183603404,0,0.0
1423,eMBB,491.25,8.75,19,1945,308472710.7448308,158597.79472741942,18,0.9473684210526315,193.93791539123964,10.774328632846647,18.513621837547355,0,0.0,4.350202857565255,0.22895804513501342,0.23629190409378503,0,0.0
1424,eMBB,493.25,6.75,18,1954,314060872.66857105,160727.1610381633,17,0.9444444444444444,198.84010595870018,11.69647682110001,18.11070628381835,0,0.0,4.129285698459346,0.2294047610255192,0.23429453000269457,0,0.0
1425,eMBB,491.5,8.5,21,1944,385553477.69339967,198329.9782373455,20,0.9523809523809523,196.71814748965934,9.835907374482968,15.009028888144782,0,0.0,4.765101542834373,0.22690959727782728,0.23064542809797542,0,0.0
1426,eMBB,493.25,6.75,18,1954,277571936.72595227,142053.1917737729,17,0.9444444444444444,187.2532688301323,11.014898166478371,19.32531009233779,0,0.0,4.457312024814886,0.24762844582304921,0.24971077618265813,0,0.0
1427,eMBB,495.0,5.0,16,1963,282611980.6447798,143969.42467895048,15,0.9375,197.185683774882,13.1457122516588,19.926539514614156,0,0.0,3.8302948580139535,0.2393934286258721,0.24934686241591175,0,0.0
1428,mMTC,288.0,212.0,576,576,45949485.0,79773.41145833333,576,1.0,165.96430349920573,0.28813247135278774,0.30603048962194257,0,0.0,105.60593493305167,0.18334363703654805,0.20221419294054585,0,0.0
1429,eMBB,494.5,5.5,18,1959,311153426.34621084,158832.7852711643,17,0.9444444444444444,187.28154080510515,11.016561223829715,18.110729004181387,0,0.0,4.172098488913862,0.23178324938410347,0.2358026417454983,0,0.0
1430,URLLC,196.0,304.0,784,784,109119137.0,139182.57270408163,784,1.0,50.41771882111037,0.06430831482284485,0.0663974090842584,0,0.0,4.14987148072581,0.005293203419293125,0.007044055486055827,0,0.0
1431,eMBB,487.25,12.75,22,1926,307083338.4795184,159440.98571106876,21,0.9545454545454546,189.7043927883586,9.033542513731362,18.313247229089882,0,0.0,5.0757802724192524,0.23071728510996603,0.23436670661500555,0,0.0
1432,mMTC,269.75,230.25,540,539,44528313.0,82612.82560296846,539,0.9981481481481481,158.83957193165392,0.294693083361139,0.31653590207632,0,0.0,102.7061478560983,0.19019657010388574,0.21426782957632,0,0.0
1433,URLLC,208.0,292.0,832,832,117029418.0,140660.35817307694,832,1.0,53.29229365645441,0.06405323756785386,0.06604484820557104,0,0.0,4.512184810300594,0.00542329905084206,0.007252910169425252,0,0.0
1434,mMTC,302.0,198.0,604,604,50026256.0,82824.92715231788,604,1.0,171.58066235536037,0.28407394429695426,0.30684474323644195,0,0.0,109.48290126168529,0.1812630815590816,0.20119944819370683,0,0.0
1435,eMBB,491.0,9.0,20,1943,299807128.2959827,154301.14683272399,19,0.95,190.48206005168302,10.025371581667528,16.415363599122884,0,0.0,4.716133166001133,0.23580665830005665,0.23902560656424393,0,0.0
1436,URLLC,181.0,319.0,724,724,100604077.0,138955.90745856354,724,1.0,46.87708280632203,0.06474735194243374,0.06736295034813729,0,0.0,3.8999333117066004,0.005386648220589227,0.006924974554791017,0,0.0
1437,mMTC,302.0,198.0,604,603,49125688.0,81468.80265339967,603,0.9983443708609272,175.23112958108612,0.2905988881941727,0.3161932324312581,0,0.0,111.93465152502287,0.18532227073679283,0.20955560815775381,0,0.0
1438,eMBB,494.0,6.0,19,1956,313411297.9255031,160230.7249107889,18,0.9473684210526315,190.8068570290942,10.600380946060788,17.811192076396605,0,0.0,4.320288940429185,0.22738362844364132,0.2349512378117296,0,0.0
1439,eMBB,491.0,9.0,22,1941,383357152.0954907,197504.97274368402,21,0.9545454545454546,193.6062933095666,9.219347300455553,14.90952842736236,0,0.0,4.976179035575971,0.22618995616254411,0.23130179065730117,0,0.0
1440,eMBB,489.25,10.75,20,1936,275905893.4272929,142513.3747041802,19,0.95,194.95152137076087,10.260606387934782,18.528752887426993,0,0.0,4.899761963871158,0.24498809819355788,0.25069650144697875,0,0.0
1441,eMBB,496.25,3.75,17,1967,282584007.62925285,143662.43397521751,16,0.9411764705882353,197.7150040106408,12.35718775066505,20.22732487735149,0,0.0,4.080166081219977,0.24000976948352803,0.24956967682239095,0,0.0
1442,eMBB,492.75,7.25,15,1955,306972927.6041584,157019.40030903244,14,0.9333333333333333,188.3097738028534,13.450698128775244,18.917404167504316,0,0.0,3.4408196393930415,0.2293879759595361,0.23905407145392743,0,0.0
1443,eMBB,493.5,6.5,21,1952,309576837.4015794,158594.69129179273,20,0.9523809523809523,189.9060058387655,9.495300291938275,17.913742700284416,0,0.0,4.862232541846806,0.231534882945086,0.2359132818301261,0,0.0
1444,mMTC,244.5,255.5,489,488,41116535.0,84255.19467213115,488,0.9979550102249489,141.92533546719514,0.29083060546556383,0.31769563615257324,0,0.0,90.8555044330122,0.18579857757262208,0.21173392606710312,0,0.0
1445,eMBB,497.5,2.5,16,1973,317989694.1278211,161170.6508503908,15,0.9375,195.70424272983698,13.046949515322465,18.31063520555348,0,0.0,3.6560208763230495,0.2285013047701906,0.23399795882389737,0,0.0
1446,eMBB,484.25,15.75,26,1910,375738486.8607127,196721.7208694831,25,0.9615384615384616,195.16229271213706,7.806491708485482,14.806514390351433,0,0.0,5.919960355701446,0.22769078291159406,0.23277596123627245,0,0.0
1447,mMTC,283.25,216.75,567,566,44547738.0,78706.25088339223,566,0.9982363315696648,155.4260547043157,0.27460433693341996,0.2908887456981755,0,0.0,96.71267973371728,0.1705691000594661,0.19055942288015987,0,0.0
1448,eMBB,488.75,11.25,18,1936,275704522.26367784,142409.3606733873,17,0.9444444444444444,180.12743436985312,10.595731433520772,17.125373896360312,0,0.0,4.418608649603424,0.24547825831130135,0.24903637203494283,0,0.0
1449,URLLC,207.25,292.75,829,828,117120619.0,141450.0229468599,828,0.9987937273823885,53.133713683604476,0.06417115179179285,0.06653044098119582,0,0.0,4.244448937250713,0.005119962529856107,0.006872880069732163,0,0.0
1450,eMBB,490.0,10.0,24,1935,305422088.46516657,157840.87259181734,23,0.9583333333333334,197.2871973735081,8.577704233630786,17.311773082029674,0,0.0,5.509820750385038,0.2295758645993766,0.2356825413410914,0,0.0
1451,URLLC,225.75,274.25,903,902,127042109.0,140844.91019955653,902,0.9988925802879292,58.03423235621458,0.06433950372085874,0.06651937759195072,0,0.0,4.888505704120499,0.0054136275793139526,0.006857397468324713,0,0.0
1452,eMBB,495.5,4.5,17,1964,316790479.12702537,161298.614626795,16,0.9411764705882353,193.58737462983797,12.099210914364873,18.212116823114567,0,0.0,3.858222099097211,0.22695424112336535,0.23497727178785127,0,0.0
1453,eMBB,491.75,8.25,23,1943,383052272.054038,197144.7617365095,22,0.9565217391304348,189.64985073439559,8.620447760654345,14.80860669544791,0,0.0,5.244738420192823,0.2280321052257749,0.23085829046655057,0,0.0
1454,mMTC,294.0,206.0,588,588,46347400.0,78822.10884353741,588,1.0,161.4614664350343,0.27459433067182704,0.2925977742619981,0,0.0,100.49366769281215,0.17090759811702746,0.18902493904832293,0,0.0
1455,eMBB,492.5,7.5,23,1946,275582574.2599005,141614.8891366395,22,0.9565217391304348,191.91950332704684,8.723613787593038,17.82810145765372,0,0.0,5.606725914707939,0.24377069194382342,0.24922859150835464,0,0.0
1456,mMTC,235.75,264.25,472,471,36194915.0,76846.95329087049,471,0.9978813559322034,135.6660239605455,0.28803826743215605,0.3094097640731214,0,0.0,86.37229426310952,0.1829921488625202,0.20627527894491615,0,0.0
1457,URLLC,153.0,347.0,612,612,85395383.0,139534.93954248365,612,1.0,39.669744784315014,0.06481984441881539,0.06715516207017051,0,0.0,3.3675115439303767,0.005502469843023492,0.007196311351079284,0,0.0
1458,mMTC,298.0,202.0,596,596,48146359.0,80782.48154362416,596,1.0,173.6257600005746,0.29131838926270903,0.3117171887856283,0,0.0,111.12546774245494,0.18645212708465594,0.20679626228990178,0,0.0
1459,mMTC,257.75,242.25,516,515,42226269.0,81992.75533980582,515,0.998062015503876,155.36387871300985,0.30167743439419387,0.3252865543710755,0,0.0,100.51945079984748,0.19480513720900675,0.21834414479842587,0,0.0
1460,eMBB,492.75,7.25,26,1944,382204474.9144382,196607.24018232417,25,0.9615384615384616,197.57816620127866,7.903126648051146,14.908137475625134,0,0.0,5.9385999025681375,0.228407688560313,0.23142507372006407,0,0.0
1461,mMTC,294.0,206.0,588,588,47303906.0,80448.81972789115,588,1.0,161.8477915917005,0.27525134624438863,0.2941281732994981,0,0.0,100.99595744571735,0.17176183239067577,0.19269759962428445,0,0.0
1462,eMBB,492.0,8.0,18,1949,279125079.94526225,143214.5099770458,17,0.9444444444444444,198.43720837207522,11.672776963063248,20.225630028963614,0,0.0,4.427340568759395,0.2459633649310775,0.24918610424238433,0,0.0
1463,eMBB,494.5,5.5,19,1958,303675212.3881197,155094.59263948913,18,0.9473684210526315,189.26787020459358,10.514881678032976,18.71560118098534,0,0.0,4.485734586872971,0.23609129404594587,0.23926543537048925,0,0.0
1464,eMBB,488.75,11.25,17,1937,309753799.57183456,159914.19699113813,16,0.9411764705882353,195.8988959520005,12.24368099700003,18.113931735851075,0,0.0,3.9747116296423157,0.23380656644954798,0.23583398932831134,0,0.0
1465,URLLC,195.0,305.0,780,780,106350282.0,136346.5153846154,780,1.0,50.226384652627026,0.06439280083670132,0.06651388020733533,0,0.0,4.294288304550102,0.0055054978263462855,0.007289045547594288,0,0.0
1466,eMBB,493.5,6.5,24,1949,309169981.695175,158630.05730896612,23,0.9583333333333334,192.91939666829188,8.387799855143125,17.91368334247988,0,0.0,5.543403188370397,0.23097513284876656,0.2350485471512454,0,0.0
1467,eMBB,488.0,12.0,25,1926,378777533.3046986,196665.3859318269,24,0.96,194.87803701123866,8.11991820880161,13.708189620508426,0,0.0,5.618799071513896,0.22475196286055585,0.23095514245389104,0,0.0
1468,eMBB,495.0,5.0,16,1963,281592755.9457803,143450.20679866546,15,0.9375,194.75880583079407,12.983920388719605,19.926254804577315,0,0.0,3.9236446478800397,0.24522779049250248,0.24939721801966225,0,0.0
1469,eMBB,487.5,12.5,21,1928,273626085.18293667,141922.24335214557,20,0.9523809523809523,189.43788174182896,9.471894087091448,19.726032178787218,0,0.0,5.190244129901315,0.24715448237625312,0.2500743371202405,0,0.0
1470,URLLC,170.25,329.75,681,681,97976824.0,143871.98825256975,681,1.0,43.74186052455201,0.06423180693766815,0.06692390247831176,0,0.0,3.5656387495520416,0.005235886563218857,0.007121623628838242,0,0.0
1471,mMTC,317.5,182.5,635,634,49182048.0,77574.20820189275,634,0.9984251968503937,183.18379194734808,0.2889334257844607,0.311949847260541,0,0.0,117.15793551931922,0.18450068585719562,0.20819497546566912,0,0.0
1472,mMTC,255.5,244.5,511,511,40929099.0,80096.08414872798,511,1.0,148.90958114891572,0.2914081822875063,0.3100819104443784,0,0.0,95.32446224566769,0.18654493590150234,0.20652262873497668,0,0.0
1473,eMBB,485.25,14.75,22,1918,306226936.2829305,159659.5079681598,21,0.9545454545454546,191.91756830931345,9.13893182425302,17.81075018701675,0,0.0,5.102039402037201,0.23191088191078188,0.23497741510835582,0,0.0
1474,mMTC,265.25,234.75,531,530,41199534.0,77734.96981132076,530,0.9981167608286252,156.73087930580434,0.29571864019963084,0.31441966622293566,0,0.0,101.61072261469329,0.19135729305968605,0.21136775668615626,0,0.0
1475,eMBB,494.0,6.0,18,1957,278969628.1744406,142549.63115709793,17,0.9444444444444444,193.33469051930282,11.372628854076638,20.12753240653054,0,0.0,4.4447156303608795,0.24692864613115997,0.25033649754993914,0,0.0
1476,eMBB,494.0,6.0,15,1960,283333206.04835725,144557.75818793738,14,0.9333333333333333,196.80203194128237,14.057287995805883,20.62883965968942,0,0.0,3.6338143368553766,0.24225428912369176,0.24961520678288046,0,0.0
1477,mMTC,260.25,239.75,521,520,41827589.0,80437.67115384615,520,0.9980806142034548,150.39745589314143,0.28922587671757966,0.3097283935189164,0,0.0,96.02713911502155,0.1843131269002333,0.20712346965120215,0,0.0
1478,eMBB,490.25,9.75,23,1937,306286100.00000006,158123.95456892104,22,0.9565217391304348,198.31426762193507,9.01428489190614,18.613540295319513,0,0.0,5.318479295184017,0.23123823022539203,0.23561380319731848,0,0.0
1479,eMBB,487.0,13.0,22,1925,302827217.0146298,157312.84000759988,21,0.9545454545454546,194.6814615636496,9.270545788745219,16.11384069131087,0,0.0,5.060549981633881,0.2300249991651764,0.23683576329205233,0,0.0
1480,eMBB,492.5,7.5,19,1950,312036218.4383593,160018.57355813298,18,0.9473684210526315,186.70634124265646,10.372574513480915,17.709637220345073,0,0.0,4.326022034885588,0.2276853702571362,0.23456263281017944,0,0.0
1481,eMBB,490.75,9.25,22,1940,382555748.855791,197193.68497721184,21,0.9545454545454546,190.33694918697583,9.063664246998849,14.90608110986879,0,0.0,5.014038052519589,0.22791082056907222,0.2308828885384335,0,0.0
1482,eMBB,490.5,9.5,14,1947,281345737.86161244,144502.17661099765,13,0.9285714285714286,197.43120036681879,15.187015412832213,20.227504978068797,0,0.0,3.355722330798116,0.23969445219986543,0.24999953259625884,0,0.0
1483,eMBB,494.0,6.0,20,1955,277551564.9921926,141970.10997043102,19,0.95,185.06401141917974,9.74021112732525,19.725284423357348,0,0.0,4.901439490063005,0.24507197450315027,0.2501924670465051,0,0.0
1484,eMBB,493.25,6.75,19,1953,303135302.91109174,155215.20886384626,18,0.9473684210526315,193.33031477051418,10.740573042806343,18.677422232647217,0,0.0,4.451811868158154,0.2343058877977976,0.23840163718712565,0,0.0
1485,URLLC,197.75,302.25,791,791,109403564.0,138310.4475347661,791,1.0,51.32422526970063,0.0648852405432372,0.0673811619735643,0,0.0,4.450706310085172,0.005626683072168359,0.007471468300832125,0,0.0
1486,eMBB,493.5,6.5,17,1956,310393489.84989506,158687.87824636762,16,0.9411764705882353,189.78216889982235,11.861385556238897,17.51278244381037,0,0.0,3.9550200767627,0.23264823980957058,0.23683706748521097,0,0.0
1487,eMBB,486.5,13.5,19,1926,308128967.69789904,159983.88769361321,18,0.9473684210526315,190.90369668986747,10.60576092721486,18.511099055450025,0,0.0,4.426312647730186,0.23296382356474665,0.2344316506003355,0,0.0
1488,eMBB,485.0,15.0,24,1915,376957836.3251205,196844.82314627702,23,0.9583333333333334,189.2074768564907,8.226412037238726,14.310173748900912,0,0.0,5.434497550681605,0.22643739794506687,0.2320292464926119,0,0.0
1489,mMTC,306.0,194.0,612,612,49429937.0,80767.87091503268,612,1.0,168.6027591524462,0.2754947044974611,0.2956397032359095,0,0.0,105.35092191005312,0.17214202926479266,0.19436035691112308,0,0.0
1490,eMBB,494.25,5.75,20,1956,279343306.0208031,142813.5511353799,19,0.95,196.06453766561108,10.3191861929269,20.526988829140215,0,0.0,4.901021758058139,0.24505108790290694,0.24961973777638827,0,0.0
1491,eMBB,495.0,5.0,17,1962,306834890.8989866,156388.8332818484,16,0.9411764705882353,182.49414129788434,11.405883831117771,19.015902544540864,0,0.0,3.9728547935002574,0.2336973407941328,0.2383965376776959,0,0.0
1492,eMBB,493.5,6.5,21,1952,310318769.13453835,158974.779269743,20,0.9523809523809523,196.3506861433504,9.81753430716752,18.31267036859168,0,0.0,4.81264752364652,0.22917369160221523,0.2361854163774079,0,0.0
1493,eMBB,494.0,6.0,18,1957,310611557.64534706,158718.2205648171,17,0.9444444444444444,194.32924175139368,11.43113186772904,18.41351967732693,0,0.0,4.124514179390336,0.22913967663279644,0.2370213530375618,0,0.0
1494,mMTC,272.75,227.25,546,545,43034753.0,78962.8495412844,545,0.9981684981684982,164.53488659754555,0.30189887449090924,0.3263339971919869,0,0.0,106.51023579275919,0.19507369192813037,0.22013179377318345,0,0.0
1495,eMBB,495.25,4.75,22,1958,387503476.4941981,197907.80209101026,21,0.9545454545454546,198.69899209265517,9.461856766316913,14.807631865332251,0,0.0,4.982963431843357,0.22649833781106168,0.23205862775129563,0,0.0
1496,eMBB,495.0,5.0,17,1962,280416752.54893345,142923.93096275916,16,0.9411764705882353,194.06256559499408,12.12891034968713,20.42856632839955,0,0.0,4.153499427810072,0.24432349575353363,0.24989298398075818,0,0.0
1497,eMBB,490.75,9.25,15,1947,280487063.24705917,144061.15215565442,14,0.9333333333333333,192.4214593020769,13.74438995014835,19.875346445389393,0,0.0,3.6575756480459156,0.24383837653639437,0.24872608892702186,0,0.0
1498,eMBB,496.25,3.75,17,1967,307412045.0218666,156284.72039749194,16,0.9411764705882353,195.0377144041074,12.189857150256712,18.014579572747618,0,0.0,3.9179107549828505,0.23046533852840298,0.23795502718899325,0,0.0
1499,mMTC,298.5,201.5,597,596,47747767.0,80113.70302013423,596,0.998324958123953,172.69139784154999,0.28975066751937917,0.313294494004166,0,0.0,110.78133023053293,0.18556336722032316,0.20986050084177277,0,0.0
1500,eMBB,490.25,9.75,18,1942,307512332.5985789,158348.26601368634,17,0.9444444444444444,193.76643174791346,11.398025396936086,18.51363637930238,0,0.0,4.165413985367421,0.2314118880759678,0.23691641599992144,0,0.0
1501,mMTC,245.0,255.0,490,490,39277950.0,80159.08163265306,490,1.0,148.09731168237056,0.3022394115966746,0.3239322579693821,0,0.0,96.0378277527982,0.1959955668424453,0.21539784595380507,0,0.0
1502,mMTC,297.5,202.5,595,595,49745136.0,83605.27058823529,595,1.0,176.36527534301416,0.2964122274672507,0.3181059825792934,0,0.0,114.58428372551437,0.19257862811010817,0.21647429563484896,0,0.0
1503,eMBB,498.75,1.25,16,1978,283684376.4603052,143419.80609722206,15,0.9375,190.76574585989863,12.717716390659909,20.02793213793623,0,0.0,3.9369140591640837,0.24605712869775523,0.2503480826136484,0,0.0
1504,eMBB,489.25,10.75,16,1940,278426669.0274613,143518.90156054706,15,0.9375,191.690399038032,12.7793599358688,20.627202322258487,0,0.0,3.9480028060451056,0.2467501753778191,0.24930117845491812,0,0.0
1505,mMTC,308.5,191.5,617,617,51548885.0,83547.62560777958,617,1.0,178.40517977402098,0.2891493999578946,0.3109857940284617,0,0.0,114.02672370496113,0.18480830422197914,0.20882231402846166,0,0.0
1506,URLLC,187.0,313.0,748,747,104328943.0,139663.91298527442,747,0.9986631016042781,48.48217738101482,0.06490251322759681,0.06738784776071124,0,0.0,4.27682276011558,0.0057176774867855355,0.007433770678077485,0,0.0
1507,mMTC,274.25,225.75,549,548,42851793.0,78196.70255474452,548,0.9981785063752276,159.75621732510484,0.29152594402391396,0.31934548193991397,0,0.0,102.35499256886521,0.1864389664278055,0.21362035373478572,0,0.0
1508,eMBB,492.0,8.0,18,1949,312692342.6559998,160437.32306618767,17,0.9444444444444444,197.93035067894698,11.64296180464394,18.348870793204707,0,0.0,4.131757961609925,0.2295421089783292,0.23468743090953223,0,0.0
1509,mMTC,309.0,191.0,618,617,49289817.0,79886.25121555915,617,0.9983818770226537,182.9379397484291,0.29649585048367766,0.31790577017635335,0,0.0,119.02905764718041,0.19260365315077735,0.2149183332319089,0,0.0
1510,eMBB,488.0,12.0,14,1937,277888358.7667614,143463.27246606167,13,0.9285714285714286,188.28274111022967,14.483287777709974,19.127185700296394,0,0.0,3.409906204974489,0.2435647289267492,0.2499114744216922,0,0.0
1511,eMBB,490.25,9.75,15,1945,280459483.39993185,144195.10714649453,14,0.9333333333333333,190.56102037944035,13.611501455674311,20.42691238230309,0,0.0,3.697307706013652,0.24648718040091014,0.24934660171120734,0,0.0
1512,eMBB,491.0,9.0,19,1944,301930751.5010208,155314.17258282963,18,0.9473684210526315,197.03154041283875,10.946196689602154,18.115380275214576,0,0.0,4.456550759837611,0.23455530314934792,0.2379678268606364,0,0.0
1513,eMBB,492.25,7.75,19,1949,309950289.9235574,159030.4206893573,18,0.9473684210526315,194.2113729713681,10.789520720631561,18.512293529384944,0,0.0,4.335813744938088,0.2282007234177941,0.23654921465561166,0,0.0
1514,mMTC,256.5,243.5,513,513,40456835.0,78863.2261208577,513,1.0,150.1911998160702,0.29277037001183276,0.3202684453587174,0,0.0,96.62268349436073,0.1883483109051866,0.2150370204014524,0,0.0
1515,eMBB,493.0,7.0,17,1954,314676116.6163719,161042.024880436,16,0.9411764705882353,192.0707706163733,12.004423163523331,17.910884611965237,0,0.0,3.95308974829893,0.23253469107640765,0.23465159606562475,0,0.0
1516,eMBB,491.75,8.25,23,1943,384179125.2105002,197724.7170409162,22,0.9565217391304348,189.16648593604796,8.598476633456725,14.908685253763165,0,0.0,5.173064115940598,0.22491583112785207,0.232077303318939,0,0.0
1517,eMBB,492.25,7.75,19,1949,277207451.7938254,142230.60635906894,18,0.9473684210526315,197.2616613531248,10.95898118628471,19.32901480617035,0,0.0,4.598048982840625,0.24200257804424344,0.2506037312112161,0,0.0
1518,eMBB,489.25,10.75,17,1939,279078391.6595893,143929.0312839553,16,0.9411764705882353,197.4287780612911,12.339298628830694,20.227138648439155,0,0.0,4.209382873734746,0.24761075727851445,0.24944187700025924,0,0.0
1519,eMBB,491.25,8.75,17,1947,303251629.91297305,155753.27679146023,16,0.9411764705882353,182.23810530038173,11.389881581273858,18.61620258805617,0,0.0,3.9230408358112703,0.23076710798889824,0.23935632408727392,0,0.0
1520,eMBB,492.75,7.25,20,1950,309563840.8206751,158750.6876003462,19,0.95,188.93372340978337,9.943880179462283,18.7128399409215,0,0.0,4.580801557577292,0.2290400778788646,0.23547949623396755,0,0.0
1521,eMBB,490.0,10.0,19,1940,307645352.3354234,158580.07852341412,18,0.9473684210526315,194.30373112828974,10.79465172934943,18.113189466562154,0,0.0,4.423225168969788,0.2328013246826204,0.23606452838750164,0,0.0
1522,eMBB,492.5,7.5,19,1950,313019135.582826,160522.63363221847,18,0.9473684210526315,187.1058162340086,10.394767568556034,17.912207579724967,0,0.0,4.331677927372689,0.2279830488090889,0.23522518413623414,0,0.0
1523,mMTC,248.75,251.25,498,497,40275789.0,81037.80482897384,497,0.9979919678714859,147.54858262528074,0.296878435865756,0.31368627058423937,0,0.0,95.96954751805835,0.19270993477521756,0.21110224110144737,0,0.0
1524,eMBB,490.5,9.5,20,1941,276365318.79382545,142382.95661711768,19,0.95,196.69056043200356,10.352134759579135,19.025863570054778,0,0.0,4.851170554942115,0.24255852774710576,0.2505968114500836,0,0.0
1525,eMBB,490.75,9.25,22,1940,275260262.79751897,141886.73340078298,21,0.9545454545454546,188.08026300085658,8.956203000040789,19.127810740280005,0,0.0,5.369573490879107,0.2440715223126867,0.2499023088286373,0,0.0
1526,eMBB,494.25,5.75,16,1960,306153442.658038,156200.7360500194,15,0.9375,191.0103091653404,12.734020611022693,18.316035652469093,0,0.0,3.7714315000590677,0.23571446875369173,0.23771928269730347,0,0.0
1527,mMTC,272.5,227.5,545,545,45185508.0,82909.18899082569,545,1.0,157.92518903785998,0.2897709890602935,0.3100545380805001,0,0.0,101.15682104709052,0.18560884595796426,0.20724946936255134,0,0.0
1528,mMTC,263.0,237.0,526,526,42592514.0,80974.36121673005,526,1.0,154.21437022634458,0.29318321335806957,0.3140849514532117,0,0.0,99.26344336959238,0.1887137706646243,0.21021428786346807,0,0.0
1529,mMTC,243.0,257.0,486,485,40827242.0,84179.88041237113,485,0.9979423868312757,146.93922894009674,0.3029674823507149,0.32758890406289676,0,0.0,95.68511218588368,0.19688294688453434,0.2218287645757172,0,0.0
1530,mMTC,251.0,249.0,502,502,42371924.0,84406.22310756972,502,1.0,148.95395616392398,0.296721028214988,0.31664656829315047,0,0.0,96.94362009420166,0.19311478106414673,0.213610213848706,0,0.0
1531,mMTC,244.0,256.0,488,487,38337929.0,78722.64681724846,487,0.9979508196721312,134.6393885238942,0.27646691688684644,0.29264183805092747,0,0.0,84.56266758680849,0.173284154891001,0.19108005449347334,0,0.0
1532,mMTC,305.0,195.0,610,609,47946164.0,78729.33333333333,609,0.9983606557377049,173.54416314043914,0.28496578512387377,0.30856496511254117,0,0.0,111.2634773025559,0.1823991431189441,0.20362281331766935,0,0.0
1533,mMTC,286.25,213.75,573,572,46598926.0,81466.65384615384,572,0.9982547993019197,165.5521360915109,0.2894268113487953,0.3121537768918832,0,0.0,105.99801227065635,0.18498780500987147,0.21051305996880626,0,0.0
1534,eMBB,487.0,13.0,23,1924,303500969.3113329,157744.7865443518,22,0.9565217391304348,185.34325865254604,8.424693575115729,17.810127974309744,0,0.0,5.356238297968595,0.23287992599863455,0.23609564293060803,0,0.0
1535,eMBB,490.5,9.5,21,1940,305165518.50137657,157301.8136605034,20,0.9523809523809523,186.748551159023,9.33742755795115,18.21326491711509,0,0.0,4.914259385918825,0.23401235171042026,0.23739198628787933,0,0.0
1536,mMTC,281.75,218.25,564,563,44735641.0,79459.39786856128,563,0.99822695035461,170.50351049155347,0.3028481536262051,0.3251033599734868,0,0.0,110.79454822727993,0.1964442344455318,0.21762366322135007,0,0.0
1537,mMTC,233.25,266.75,467,466,37494078.0,80459.39484978541,466,0.9978586723768736,138.70061649014687,0.2976408079187701,0.31835670333905436,0,0.0,90.47151542959128,0.19372915509548452,0.21243552917238773,0,0.0
1538,mMTC,275.75,224.25,552,551,43843608.0,79570.97640653358,551,0.9981884057971014,152.5166587532421,0.2767997436537969,0.2965090744759368,0,0.0,95.62815062879764,0.1732394033130392,0.19300287044378334,0,0.0
1539,eMBB,496.25,3.75,14,1970,285264721.8856867,144804.42735314046,13,0.9285714285714286,194.97241973499638,14.997878441153567,20.42673072656271,0,0.0,3.3913481780037387,0.24223915557169562,0.24986087257381775,0,0.0
1540,mMTC,300.0,200.0,600,600,49173567.0,81955.945,600,1.0,174.10768645221918,0.2901794774203653,0.31269403969768295,0,0.0,111.6062174180312,0.18601036236338533,0.20596641132161453,0,0.0
1541,mMTC,234.75,265.25,470,469,37550538.0,80065.11300639658,469,0.997872340425532,136.19882529605957,0.2904026125715556,0.30763590298817367,0,0.0,87.40202479178612,0.18596175487614067,0.2041994026082483,0,0.0
1542,eMBB,483.75,16.25,20,1915,301800675.9999999,157598.26422976496,19,0.95,195.51173249609414,10.290091184004956,17.012988217901295,0,0.0,4.424079329722888,0.2212039664861444,0.2363026756474943,0,0.0
1543,eMBB,489.25,10.75,17,1939,313182457.0,161517.51263537907,16,0.9411764705882353,197.22158604722304,12.32634912795144,18.01074673835491,0,0.0,3.90899677011678,0.22994098647745764,0.23533047801975765,0,0.0
1544,mMTC,249.5,250.5,499,499,39858971.0,79877.69739478957,499,1.0,148.6574903239719,0.2979108022524487,0.31811027662837166,0,0.0,96.99854116536073,0.19438585403879907,0.21512365875845657,0,0.0
1545,mMTC,279.5,220.5,559,559,45654115.0,81671.04651162791,559,1.0,154.79036450870495,0.27690583990823786,0.294362060232082,0,0.0,97.20655686426073,0.17389366165341813,0.190082171750452,0,0.0
1546,eMBB,491.0,9.0,21,1942,276051513.17018026,142148.05003613813,20,0.9523809523809523,195.91691370025083,9.79584568501254,20.526842917661654,0,0.0,5.186712560334854,0.2469863123968978,0.24940873954799328,0,0.0
1547,URLLC,151.5,348.5,606,606,84741386.0,139837.2706270627,606,1.0,39.025739761012055,0.06439891049671956,0.06672377261170513,0,0.0,3.294937906012053,0.005437191264046292,0.007454644615449489,0,0.0
1548,eMBB,487.75,12.25,20,1930,305300264.5006505,158186.6655443785,19,0.95,196.71914493740496,10.35363920723184,16.613280105151514,0,0.0,4.668495669953041,0.23342478349765203,0.23662333038584926,0,0.0
1549,eMBB,493.25,6.75,18,1954,310277776.4660813,158791.0831453845,17,0.9444444444444444,184.62045218454,10.860026599090588,18.313793108781283,0,0.0,4.126521937118185,0.22925121872878806,0.23673017194901771,0,0.0
1550,mMTC,287.0,213.0,574,573,47025149.0,82068.32286212915,573,0.9982578397212544,173.89977915933653,0.3034900159848805,0.3284335937574089,0,0.0,113.43210389059372,0.19761690573274168,0.22340274555228062,0,0.0
1551,eMBB,495.0,5.0,23,1956,385982513.8265127,197332.57353093696,22,0.9565217391304348,189.30859155855111,8.604935979934142,15.107675029707371,0,0.0,5.217045615822259,0.2268280702531417,0.23166926796227721,0,0.0
1552,mMTC,257.5,242.5,515,514,40353982.0,78509.69260700389,514,0.9980582524271845,142.59107439871138,0.27741454163173423,0.29549140206771496,0,0.0,89.90380985478801,0.1745705045724039,0.19441953711044999,0,0.0
1553,mMTC,294.25,205.75,589,588,47565506.0,80893.71768707484,588,0.99830220713073,168.13978398661882,0.28595201358268507,0.3047104539244576,0,0.0,107.83750971243073,0.18308575502959376,0.20238672059112434,0,0.0
1554,URLLC,191.0,309.0,764,763,103860375.0,136121.06815203145,763,0.9986910994764397,49.15555507867087,0.06442405645959486,0.0669763886575176,0,0.0,4.2172650397726965,0.00551998041855065,0.00768343541544949,0,0.0
1555,mMTC,265.75,234.25,532,531,42536472.0,80106.35028248587,531,0.9981203007518797,154.39462731386683,0.2907620100072822,0.31486248510553594,0,0.0,99.32914316514888,0.18670891572396406,0.21178239416536498,0,0.0
1556,eMBB,492.75,7.25,17,1953,310694160.41932476,159085.59161255747,16,0.9411764705882353,190.3712233544103,11.898201459650643,18.613858793331637,0,0.0,3.9549492377915265,0.23264407281126626,0.23708734650840418,0,0.0
1557,eMBB,492.25,7.75,20,1948,312659213.22016597,160502.6761910503,19,0.95,198.5699850990969,10.451051847320889,18.31306998865286,0,0.0,4.625210766847955,0.23126053834239774,0.2356535527092017,0,0.0
1558,eMBB,491.0,9.0,24,1939,382834777.78296804,197439.28714954515,23,0.9583333333333334,193.65915479318252,8.419963251877501,14.804130266852502,0,0.0,5.3936283466063015,0.22473451444192924,0.2316309648220388,0,0.0
1559,mMTC,258.5,241.5,517,517,42554740.0,82310.90909090909,517,1.0,143.64486725914472,0.2778430701337422,0.29704370242349687,0,0.0,90.5012949466663,0.17505086063184971,0.19630489797905237,0,0.0
1560,URLLC,179.0,321.0,716,716,99262598.0,138634.91340782124,716,1.0,45.42569463172081,0.06344370758620224,0.06576217299910056,0,0.0,3.5032051197977623,0.004892744580723132,0.006422907614485172,0,0.0
1561,eMBB,486.75,13.25,19,1927,299771262.11854637,155563.70634070906,18,0.9473684210526315,192.1635250488951,10.675751391605283,16.91174557127162,0,0.0,4.391486458119422,0.23113086621681167,0.23863327389109223,0,0.0
1562,mMTC,237.5,262.5,475,474,38652197.0,81544.7194092827,474,0.9978947368421053,137.93807310312482,0.2910085930445671,0.3138720538852996,0,0.0,89.00348024003006,0.1873757478737475,0.20962637320153887,0,0.0
1563,eMBB,491.5,8.5,22,1943,306333906.56661946,157660.2710070095,21,0.9545454545454546,192.97784723702463,9.189421297001173,18.014968681318226,0,0.0,5.074585698329343,0.2306629862876974,0.23767806942263806,0,0.0
1564,eMBB,492.0,8.0,17,1950,314464160.9255026,161263.6722694885,16,0.9411764705882353,189.85986200832158,11.866241375520099,18.010433953365546,0,0.0,3.9499708414982515,0.23235122597048538,0.23422812422155873,0,0.0
1565,eMBB,482.0,18.0,27,1900,371426064.6714382,195487.4024586517,26,0.9629629629629629,191.66511743879255,7.3717352861074055,14.309010740623613,0,0.0,6.166121409806353,0.22837486702986493,0.23215261032417023,0,0.0
1566,eMBB,494.75,5.25,17,1961,279644909.1951044,142603.21733559633,16,0.9411764705882353,197.10832923948902,12.319270577468064,19.126507227736447,0,0.0,4.10657075567481,0.24156298562793002,0.250615305653187,0,0.0
1567,eMBB,497.75,2.25,17,1973,282796494.83634895,143333.24624244752,16,0.9411764705882353,192.60246410456477,12.037654006535298,18.527123555861998,0,0.0,4.091404141259761,0.24067083183880947,0.2504078416836416,0,0.0
1568,eMBB,493.5,6.5,17,1956,305212211.42285764,156038.96289512148,16,0.9411764705882353,194.44469977527393,12.15279373595462,19.014387840877,0,0.0,3.931922331878585,0.23128954893403442,0.23936820883944082,0,0.0
1569,eMBB,487.75,12.25,21,1929,304931346.3786968,158077.42165821503,20,0.9523809523809523,192.9524653139106,9.64762326569553,18.012909393242705,0,0.0,4.925323009956524,0.23453919095031067,0.23634423301934687,0,0.0
1570,eMBB,489.75,10.25,18,1940,307872294.8345459,158697.0591930649,17,0.9444444444444444,191.6847868671872,11.275575698069835,18.713048014957913,0,0.0,4.193873056403814,0.23299294757798966,0.23621280670916656,0,0.0
1571,eMBB,490.25,9.75,17,1943,313527802.8648592,161362.73950841956,16,0.9411764705882353,195.70665999919842,12.231666249949901,17.912429366131757,0,0.0,3.896571988224059,0.2292101169543564,0.2347606621888783,0,0.0
1572,mMTC,304.0,196.0,608,608,50471554.0,83012.42434210527,608,1.0,181.35379165504102,0.298279262590528,0.3195726354980288,0,0.0,118.51953609115216,0.19493344751834238,0.21678860355358429,0,0.0
1573,eMBB,496.75,3.25,14,1972,284309107.5181272,144172.97541487182,13,0.9285714285714286,184.43154653683143,14.187042041294726,20.327067708814102,0,0.0,3.365752652746471,0.24041090376760507,0.2515663781122368,0,0.0
1574,eMBB,492.75,7.25,21,1949,277814906.6543526,142542.2815055683,20,0.9523809523809523,187.142698908201,9.35713494541005,18.3272837566875,0,0.0,5.116516397166013,0.24364363796028632,0.24937397922327725,0,0.0
1575,eMBB,495.5,4.5,17,1964,306314375.1025096,155964.54944119634,16,0.9411764705882353,194.37678236042714,12.148548897526696,17.514303319250065,0,0.0,3.966476989001553,0.23332217582362078,0.23808398719325408,0,0.0
1576,mMTC,252.25,247.75,505,504,41629543.0,82598.2996031746,504,0.998019801980198,146.8770710656238,0.2914227600508409,0.31607102889451544,0,0.0,94.62287012716239,0.1873720200537869,0.21328851641588292,0,0.0
1577,eMBB,494.0,6.0,18,1957,309457892.66388404,158128.7136759755,17,0.9444444444444444,198.84773935070865,11.696925844159333,16.412959619635984,0,0.0,4.158002118894726,0.23100011771637366,0.23672006386903854,0,0.0
1578,eMBB,492.5,7.5,18,1951,313872117.4996929,160877.55894397383,17,0.9444444444444444,197.68302120519965,11.628413012070567,17.311267480942558,0,0.0,4.097639576336384,0.2276466431297991,0.23533298916001297,0,0.0
1579,eMBB,482.0,18.0,21,1906,377474369.08639497,198045.31431605192,20,0.9523809523809523,182.59110193568984,9.129555096784491,14.90615734056069,0,0.0,4.761844620670369,0.22675450574620806,0.232668336545419,0,0.0
1580,eMBB,494.0,6.0,17,1958,279590382.1105849,142793.86216066647,16,0.9411764705882353,188.08850959156266,11.755531849472666,20.127871195887163,0,0.0,4.187284884792835,0.24631087557604908,0.25058585365196473,0,0.0
1581,eMBB,491.75,8.25,16,1950,280549766.7433012,143871.675252975,15,0.9375,190.04711494403227,12.669807662935485,20.02752456791247,0,0.0,3.9167898553545353,0.24479936595965845,0.25073826560163315,0,0.0
1582,eMBB,490.0,10.0,21,1939,299067770.00000036,154238.14853017038,21,1.0,198.3096822434651,9.443318202069767,18.514132721994507,0,0.0,4.874376071130324,0.23211314624430113,0.23860282556948811,0,0.0
1583,URLLC,165.25,334.75,661,661,95010148.0,143736.98638426626,661,1.0,42.936892529428604,0.06495747735163178,0.06702568310505518,0,0.0,3.8798923421209346,0.005869731228624712,0.007738101626722947,0,0.0
1584,eMBB,492.5,7.5,21,1948,306079235.17409545,157124.86405241038,20,0.9523809523809523,195.29745771826933,9.764872885913466,16.61408182253219,0,0.0,4.875382900556525,0.23216109050269165,0.23740317493559626,0,0.0
1585,eMBB,495.5,4.5,18,1963,315282045.43747556,160612.3512162382,17,0.9444444444444444,192.74917783759187,11.338186931623051,17.372097485843444,0,0.0,4.164331279567407,0.23135173775374485,0.23504912311879197,0,0.0
1586,eMBB,491.0,9.0,22,1941,384129832.781151,197903.056559068,21,0.9545454545454546,194.24614163122806,9.249816268153717,15.10726549579298,0,0.0,4.943315929528961,0.22469617861495275,0.23224586857874133,0,0.0
1587,mMTC,251.75,248.25,504,503,38557476.0,76655.02186878727,503,0.998015873015873,139.785679657299,0.2779039357003956,0.2937013796742168,0,0.0,88.07018485011952,0.17474243025817365,0.19351577732363234,0,0.0
1588,mMTC,275.75,224.25,552,551,42662929.0,77428.1833030853,551,0.9981884057971014,157.60534735441897,0.2860351131659146,0.305713557162137,0,0.0,101.16632009595726,0.18327231901441532,0.2040522310082909,0,0.0
1589,eMBB,488.0,12.0,18,1933,300174547.6476433,155289.47110586826,17,0.9444444444444444,188.121538243256,11.065972837838588,17.51394070516317,0,0.0,4.237232984974728,0.235401832498596,0.23910446159149876,0,0.0
1590,eMBB,494.5,5.5,20,1957,309837901.209333,158322.89279986356,19,0.95,195.3815306162521,10.283238453486952,17.610632029364695,0,0.0,4.636766307647053,0.23183831538235267,0.2371332171538405,0,0.0
1591,URLLC,224.25,275.75,897,896,126463888.0,141142.73214285713,896,0.9988851727982163,57.88042917755105,0.06459869327851679,0.06677953467007149,0,0.0,5.203585767717326,0.005801098960665915,0.0073014490953873835,0,0.0
1592,mMTC,299.75,200.25,600,599,48528142.0,81015.26210350584,599,0.9983333333333333,181.81025886528317,0.30352296972501364,0.3272088085995012,0,0.0,118.37808892579616,0.19729681487632694,0.22092664996702255,0,0.0
1593,eMBB,488.5,11.5,25,1928,379717485.3046987,196948.9031663375,24,0.96,195.1042162590727,8.129342344128029,14.709239346317924,0,0.0,5.670726283582858,0.22682905134331433,0.23171493279773586,0,0.0
1594,mMTC,295.5,204.5,591,591,47917977.0,81079.48730964467,591,1.0,164.48108184913556,0.2783097831626659,0.2955475826218502,0,0.0,103.83858008571676,0.17569979709935155,0.19493244399029902,0,0.0
1595,eMBB,493.5,6.5,18,1955,279493581.78565586,142963.4689440695,17,0.9444444444444444,191.87475461765834,11.28675027162696,20.025776946495814,0,0.0,4.387036174413748,0.24372423191187487,0.2502785785132444,0,0.0
1596,mMTC,294.25,205.75,589,588,44942605.0,76433.00170068027,588,0.99830220713073,171.21815793605896,0.2911873434286717,0.31167129490810364,0,0.0,110.11807270870841,0.18695767862259494,0.20891515131836008,0,0.0
1597,eMBB,493.0,7.0,16,1955,311826246.17068225,159501.91619983746,15,0.9375,188.13436250034997,12.542290833356665,18.312808434829385,0,0.0,3.700466756639737,0.23127917228998357,0.23688178688279976,0,0.0
1598,mMTC,303.25,196.75,607,606,48297177.0,79698.31188118811,606,0.9983525535420099,177.79706992600364,0.29339450482838886,0.3121223232852949,0,0.0,114.45375867711473,0.1885564393362681,0.20907187918273076,0,0.0
1599,eMBB,491.0,9.0,22,1941,311475595.656,160471.71337248842,21,0.9545454545454546,197.9236809849414,9.424937189759115,17.710899949252905,0,0.0,5.032227617404698,0.22873761897294081,0.23544116832219933,0,0.0
1600,eMBB,491.5,8.5,21,1944,383619547.56552863,197335.1582127205,20,0.9523809523809523,193.23469986687292,9.661734993343646,13.405661501208371,0,0.0,4.712301780711887,0.22439532289104225,0.2317833672676355,0,0.0
1601,mMTC,279.5,220.5,559,559,44996163.0,80494.03041144901,559,1.0,155.63971786408752,0.27842525557081843,0.29745121781582506,0,0.0,98.39544666306166,0.1760204770358885,0.19442426597336812,0,0.0
1602,mMTC,298.5,201.5,597,597,45933064.0,76939.80569514238,597,1.0,171.12924098675757,0.28664864486894065,0.30982640293883673,0,0.0,110.17236922504829,0.18454333203525675,0.2055504110906859,0,0.0
1603,mMTC,297.5,202.5,595,594,49962004.0,84111.11784511784,594,0.9983193277310924,173.2345073482405,0.29164058476134763,0.3134265398403573,0,0.0,111.71357511740366,0.1877539077603423,0.212524901549759,0,0.0
1604,eMBB,487.0,13.0,20,1927,304551286.21749395,158044.2585456637,19,0.95,190.5193950107379,10.027336579512522,18.210997569286533,0,0.0,4.677740877613242,0.2338870438806621,0.23665357513151467,0,0.0
1605,eMBB,495.75,4.25,18,1964,310801961.77628,158249.47137285132,17,0.9444444444444444,187.6141101339251,11.036124125525006,18.113879645747353,0,0.0,4.128096375647738,0.22933868753598544,0.23686001821829406,0,0.0
1606,eMBB,490.5,9.5,18,1943,311693741.55575126,160418.8067708447,17,0.9444444444444444,188.28633116788,11.07566653928706,17.809749018068135,0,0.0,4.105637415754695,0.2280909675419275,0.23507966580785794,0,0.0
1607,eMBB,494.0,6.0,22,1953,386400001.43215615,197849.46309890228,21,0.9545454545454546,196.58811951675474,9.36133902460737,14.40516277874641,0,0.0,4.991591853384279,0.22689053879019452,0.23179704271985554,0,0.0
1608,eMBB,493.0,7.0,17,1954,280332318.30987203,143465.87426298467,16,0.9411764705882353,184.20542255345546,11.512838909590966,20.526150170123067,0,0.0,4.104873227360299,0.24146313102119407,0.2503670288289378,0,0.0
1609,URLLC,158.5,341.5,634,633,91248112.0,144151.8357030016,633,0.998422712933754,40.207053346499364,0.06351825173222649,0.06561853487799349,0,0.0,3.1864210633115597,0.005025900730775331,0.00646238068930239,0,0.0
1610,eMBB,490.25,9.75,14,1947,305593647.99999976,156956.16230097573,14,1.0,197.6691589525931,14.119225639470937,18.71542722387468,0,0.0,3.282425439275757,0.23445895994826835,0.2386255919730459,0,0.0
1611,eMBB,490.25,9.75,19,1941,308065575.8138472,158714.8767716884,18,0.9473684210526315,195.4937700463942,10.860765002577455,17.61307012426448,0,0.0,4.430446593174526,0.23318139964076454,0.23628401696259804,0,0.0
1612,eMBB,494.5,5.5,18,1959,310529965.0000001,158514.53037263916,17,0.9444444444444444,199.41570799820005,11.730335764600003,18.51035328443138,0,0.0,4.129552495683896,0.2294195830935498,0.23679291195240176,0,0.0
1613,eMBB,494.75,5.25,21,1957,312446914.73719597,159656.0627170138,20,0.9523809523809523,191.28056092843184,9.564028046421592,18.51285401430682,0,0.0,4.86932879922334,0.2318727999630162,0.236301242739814,0,0.0
1614,eMBB,491.5,8.5,22,1943,384034888.8169269,197650.48317906685,21,0.9545454545454546,194.0925315976618,9.242501504650562,14.406770977391318,0,0.0,4.996172685594949,0.22709875843613406,0.2328139794431137,0,0.0
1615,mMTC,283.0,217.0,566,566,46954537.0,82958.54593639576,566,1.0,157.89448001915693,0.2789655124013373,0.298794353170313,0,0.0,100.02815997437067,0.17672819783457716,0.19817603658911648,0,0.0
1616,eMBB,492.75,7.25,20,1951,278084869.00000036,142534.5304971811,19,0.95,199.31489534600126,10.490257649789541,17.92595155499708,0,0.0,4.626223630712796,0.23131118153563981,0.2485318584057922,0,0.0
1617,eMBB,489.25,10.75,19,1937,301046468.08222944,155418.9303470467,18,0.9473684210526315,197.02347183652924,10.945748435362736,18.91308086454218,0,0.0,4.464929884694408,0.23499630972075833,0.23877646150024687,0,0.0
1618,mMTC,255.5,244.5,511,510,42106596.0,82561.95294117647,510,0.9980430528375733,148.86813895570936,0.29189831167786146,0.311693403920218,0,0.0,96.31797541388907,0.18848918867688663,0.20704903400568803,0,0.0
1619,eMBB,492.75,7.25,18,1952,308632816.1239899,158111.07383401121,17,0.9444444444444444,197.21125892915904,11.600662289950533,17.712072204913714,0,0.0,4.132076116939899,0.22955978427443885,0.23745086883158661,0,0.0
1620,eMBB,491.25,8.75,17,1947,314091107.3869741,161320.5482213529,16,0.9411764705882353,192.5701731901848,12.03563582438655,17.90981378898245,0,0.0,3.8681675288223913,0.22753926640131714,0.235846787316978,0,0.0
1621,eMBB,491.0,9.0,21,1942,383704633.6111604,197582.20062366652,20,0.9523809523809523,194.07677486406573,9.703838743203287,14.904106169756616,0,0.0,4.761823397673007,0.22675349512728604,0.23180839868596786,0,0.0
1622,eMBB,302.0,198.0,8,1196,172063914.97851282,143866.14964758596,7,0.875,113.81800680805179,16.259715258293113,20.727254317080583,0,0.0,1.9209204333056222,0.24011505416320278,0.2497749909536518,0,0.0
1623,eMBB,484.75,15.25,17,1921,275211046.6595893,143264.46989046814,16,0.9411764705882353,195.56891310688414,12.223057069180259,19.725218639631677,0,0.0,4.162721415203411,0.24486596560020063,0.250174673695076,0,0.0
1624,URLLC,177.75,322.25,711,711,99384608.0,139781.4458509142,711,1.0,45.86784625880338,0.0645117387606236,0.06715473216480897,0,0.0,4.045600561495674,0.005690014854424295,0.008015976093832054,0,0.0
1625,mMTC,247.5,252.5,495,494,40005553.0,80982.9008097166,494,0.997979797979798,144.49346746774592,0.2924968977079877,0.31716093551206914,0,0.0,93.63522645481453,0.18916207364608995,0.2151083478197614,0,0.0
1626,eMBB,491.5,8.5,25,1940,303897571.4882969,156648.23272592624,24,0.96,195.99713095549401,8.166547123145584,15.612851664893485,0,0.0,5.778045932806194,0.23112183731224775,0.23792719522151845,0,0.0
1627,mMTC,265.0,235.0,530,529,44053636.0,83277.19470699433,529,0.9981132075471698,161.13092954928157,0.3045953299608347,0.3287004537437325,0,0.0,105.54071706782348,0.19913342842985562,0.2227173730599718,0,0.0
1628,mMTC,240.0,260.0,480,480,37321133.0,77752.36041666666,480,1.0,143.4809742966773,0.298918696451411,0.3210004383413094,0,0.0,93.9524878830662,0.1957343497563879,0.21886475334130945,0,0.0
1629,eMBB,495.25,4.75,16,1964,282162926.80703884,143667.47800765725,15,0.9375,198.3304254059029,13.222028360393526,20.627539752715485,0,0.0,3.9134648285972293,0.24459155178732683,0.2507326998441801,0,0.0
1630,eMBB,492.0,8.0,20,1947,278011016.50716823,142789.42809818604,19,0.95,188.07309970866416,9.89858419519285,18.526251586451373,0,0.0,4.8359862232716635,0.24179931116358316,0.25064055746489466,0,0.0
1631,eMBB,491.25,8.75,17,1947,303387109.6580374,155822.86063586923,16,0.9411764705882353,189.92333412990124,11.870208383118827,19.015676668404613,0,0.0,4.01876697673754,0.2363980574551494,0.23830599631800825,0,0.0
1632,eMBB,490.25,9.75,18,1942,309042491.7277933,159136.19553439406,17,0.9444444444444444,191.73854594491414,11.278737996759656,18.31267879948342,0,0.0,4.154218672116308,0.23078992622868377,0.23608571188321045,0,0.0
1633,eMBB,495.75,4.25,20,1962,309126667.5702084,157556.91517339877,19,0.95,193.53533245201416,10.186070129053377,17.11449423395899,0,0.0,4.6017569177593645,0.2300878458879682,0.2377636969333027,0,0.0
1634,eMBB,485.25,14.75,20,1920,307739702.3523558,160281.0949751853,19,0.95,184.5013884118708,9.710599390098464,18.111373144392665,0,0.0,4.570608501455645,0.22853042507278226,0.2361271187599549,0,0.0
1635,eMBB,495.75,4.25,24,1958,388253835.8607136,198291.02955092627,23,0.9583333333333334,199.4623020878382,8.672274003819052,14.907248572387207,0,0.0,5.419391516797522,0.22580797986656342,0.23380831554479148,0,0.0
1636,mMTC,274.0,226.0,548,547,42394663.0,77503.95429616088,547,0.9981751824817519,152.671151789715,0.2791063104016728,0.2972220333487905,0,0.0,97.00772483362223,0.1770213956817924,0.19652435466583107,0,0.0
1637,eMBB,492.25,7.75,15,1953,282174898.88196653,144482.79512645496,14,0.9333333333333333,180.25723608885494,12.875516863489638,20.528309569896006,0,0.0,3.7123117541159303,0.24748745027439537,0.25015691237726473,0,0.0
1638,URLLC,157.75,342.25,631,630,88546311.0,140549.7,630,0.9984152139461173,40.70534283337324,0.06461165529106863,0.06682552818101753,0,0.0,3.6929543924696633,0.005852542618810877,0.007391843352217675,0,0.0
1639,mMTC,259.0,241.0,518,518,41389920.0,79903.32046332046,518,1.0,151.6812078963225,0.29282086466471524,0.3184482457400035,0,0.0,98.21421861495496,0.1896027386389092,0.21662225497077275,0,0.0
1640,eMBB,496.25,3.75,20,1964,309128936.21202034,157397.62536253582,19,0.95,187.3998925605014,9.86315224002639,18.70983497104859,0,0.0,4.670059930858116,0.2335029965429058,0.23734578285140515,0,0.0
1641,mMTC,266.0,234.0,532,531,41673013.0,78480.2504708098,531,0.9981203007518797,161.96484711771777,0.30501854447781124,0.3298293448553454,0,0.0,106.19111689476811,0.1996073625841506,0.22422389083825128,0,0.0
1642,eMBB,491.75,8.25,26,1940,381277275.9636742,196534.6783317908,25,0.9615384615384616,192.74988553648123,7.709995421459249,14.605506342753745,0,0.0,5.953819507327582,0.22899305797413777,0.23147465978502532,0,0.0
1643,eMBB,486.5,13.5,17,1928,276013695.45499825,143160.63042271693,16,0.9411764705882353,176.29149117597376,11.01821819849836,20.12731275208531,0,0.0,4.196748778706316,0.24686757521801858,0.25097726690132227,0,0.0
1644,mMTC,267.5,232.5,535,535,43430339.0,81178.20373831775,535,1.0,153.56663101914316,0.28704043181148253,0.30700107177996316,0,0.0,98.92546779042515,0.18490741643070122,0.20428657092526228,0,0.0
1645,mMTC,271.0,229.0,542,542,44004221.0,81188.59963099631,542,1.0,158.20922920363142,0.29189894687016865,0.3143518181130759,0,0.0,101.9487935858536,0.18809740513995127,0.2082726714464092,0,0.0
1646,mMTC,249.0,251.0,498,498,37761884.0,75827.07630522088,498,1.0,145.7042810671786,0.29257887764493695,0.3130047650163257,0,0.0,94.35692938444363,0.18947174575189485,0.2097587943227249,0,0.0
1647,mMTC,301.0,199.0,602,601,48139091.0,80098.32113144759,601,0.9983388704318937,176.98550527227783,0.29448503373091156,0.3198494603280181,0,0.0,114.61877751430198,0.19039664038920595,0.21434551229383006,0,0.0
1648,mMTC,249.5,250.5,499,499,39238398.0,78634.06412825652,499,1.0,152.3731308655688,0.30535697568250264,0.3255184306251944,0,0.0,99.74626791069711,0.19989232046231886,0.21946724173352986,0,0.0
1649,eMBB,494.75,5.25,19,1959,389214754.78296715,198680.32403418436,18,0.9473684210526315,194.60889236809615,10.811605131560897,14.609275187571182,0,0.0,4.25470957454883,0.22393208287099106,0.231981985704711,0,0.0
1650,eMBB,497.0,3.0,17,1970,281448254.6179069,142867.13432381063,16,0.9411764705882353,200.05300187850156,12.503312617406348,20.22795568225127,0,0.0,4.158649977728185,0.24462646927812853,0.2503318230293706,0,0.0
1651,eMBB,492.25,7.75,17,1951,279951601.9381753,143491.33876892636,16,0.9411764705882353,197.36272419501012,12.335170262188132,18.226116964004543,0,0.0,4.1606484918432844,0.2447440289319579,0.24983237510348213,0,0.0
1652,eMBB,495.25,4.75,19,1961,305732433.4957187,155906.39137976477,18,0.9473684210526315,188.45446691010255,10.469692606116809,18.314050124640296,0,0.0,4.398006624870772,0.23147403288793536,0.23875678112203733,0,0.0
1653,eMBB,492.5,7.5,19,1950,309276636.3655381,158603.40326437852,18,0.9473684210526315,195.1133988850045,10.83963327138914,18.013999193316046,0,0.0,4.3534985076983945,0.22913150040517866,0.2373770560865749,0,0.0
1654,eMBB,490.0,10.0,20,1940,307314011.0,158409.28402061856,19,0.95,197.934334828744,10.417596569933895,18.313962761603698,0,0.0,4.369836429713154,0.2184918214856577,0.23663244096859973,0,0.0
1655,mMTC,276.5,223.5,553,553,43499584.0,78661.09222423147,553,1.0,168.83377358461235,0.3053051963555377,0.33062480536816585,0,0.0,110.61556718221918,0.2000281504199262,0.22564055750491796,0,0.0
1656,eMBB,483.75,16.25,23,1911,376663963.2447287,197103.06815527403,22,0.9565217391304348,194.31503517478063,8.832501598853666,14.505774064023042,0,0.0,5.25370465452909,0.2284219415012648,0.23194598549732567,0,0.0
1657,mMTC,308.25,191.75,617,616,46283799.0,75136.03733766233,616,0.9983792544570502,172.28871877910385,0.27968947853750625,0.29779036140376663,0,0.0,109.50363919927493,0.17747753516900314,0.1980230793524846,0,0.0
1658,eMBB,490.5,9.5,18,1944,278677531.9999998,143352.63991769537,18,1.0,198.45617262468662,11.025342923593701,20.125868834668303,0,0.0,4.454095273435053,0.2474497374130585,0.2493856177410478,0,0.0
1659,eMBB,489.5,10.5,18,1939,301745739.87235785,155619.25728332018,17,0.9444444444444444,189.69129923627196,11.158311719780704,18.515597573426728,0,0.0,4.213541007293769,0.2340856115163205,0.2393292066784399,0,0.0
1660,eMBB,495.75,4.25,19,1963,312546249.1824359,159218.6699859582,18,0.9473684210526315,197.1116938773614,10.950649659853411,18.112718429192036,0,0.0,4.352207115516936,0.22906353239562824,0.2368757693732503,0,0.0
1661,URLLC,225.5,274.5,902,902,125347064.0,138965.70288248337,902,1.0,58.37376818833513,0.06471592925536045,0.06654883375991871,0,0.0,5.410660908335088,0.005998515419440231,0.007666396674337455,0,0.0
1662,eMBB,495.25,4.75,18,1962,315438268.4374764,160773.83712409603,17,0.9444444444444444,192.57601034703788,11.328000608649287,17.311212948504213,0,0.0,4.1009903592138555,0.2278327977341031,0.23510435117769463,0,0.0
1663,mMTC,290.0,210.0,580,580,46113534.0,79506.09310344828,580,1.0,173.66569570526866,0.299423613284946,0.31840713647313734,0,0.0,113.8923704769354,0.1963661559947162,0.21731785987114868,0,0.0
1664,eMBB,494.5,5.5,22,1955,276732094.81502897,141550.943639401,21,0.9545454545454546,189.1337163691091,9.006367446148053,19.724261858242464,0,0.0,5.3531918433807855,0.2433269019718539,0.2509052319018601,0,0.0
1665,mMTC,277.0,223.0,554,553,43615781.0,78871.21338155515,553,0.9981949458483754,158.95944892869719,0.28744927473543797,0.31173329626695234,0,0.0,102.76794645536734,0.18550170840319014,0.20751825626695233,0,0.0
1666,eMBB,490.25,9.75,20,1940,301116118.91243446,155214.49428476003,19,0.95,190.5688654100342,10.029940284738641,18.514085502734762,0,0.0,4.63721874438234,0.231860937219117,0.2388767324485412,0,0.0
1667,URLLC,185.5,314.5,742,742,104369604.0,140659.8436657682,742,1.0,48.33383302503857,0.06513993669142665,0.06759252596994385,0,0.0,4.508472682730794,0.006076108736833954,0.008090571249027123,0,0.0
1668,URLLC,217.0,283.0,868,868,120157301.0,138430.0702764977,868,1.0,56.24187532048382,0.06479478723558044,0.06651289685222642,0,0.0,5.310536946637647,0.006118130122854433,0.007901937658952838,0,0.0
1669,eMBB,494.5,5.5,19,1958,312835380.8753611,159772.9217953836,18,0.9473684210526315,194.43039335179395,10.801688519544108,18.00996100225349,0,0.0,4.380937443748831,0.230575654934149,0.2352387416404683,0,0.0
1670,URLLC,163.75,336.25,655,655,91661778.0,139941.64580152673,655,1.0,42.104656176258864,0.06428191782634941,0.06653249431278574,0,0.0,3.7841180529255563,0.005777279470115353,0.007572237646119072,0,0.0
1671,eMBB,494.25,5.75,20,1956,277618475.89432144,141931.73614229113,19,0.95,183.25575947675415,9.645039972460745,20.72632591871337,0,0.0,4.933359223939778,0.24666796119698892,0.25102410684502896,0,0.0
1672,eMBB,495.0,5.0,17,1962,282107259.19149387,143785.5551434729,16,0.9411764705882353,192.69141439089935,12.04321339943121,18.50583719728609,0,0.0,4.0930928578972035,0.2407701681116002,0.25070933967438813,0,0.0
1673,eMBB,493.75,6.25,19,1955,303414990.60291594,155199.48368435598,18,0.9473684210526315,190.9589676473116,10.608831535961755,18.51351760873302,0,0.0,4.405496182422976,0.23186822012752503,0.2401394744078213,0,0.0
1674,URLLC,172.0,328.0,688,688,96912008.0,140860.47674418605,688,1.0,44.84823145167618,0.06518638292394793,0.06731626607183328,0,0.0,4.249490915522324,0.006176585633026635,0.008337956233642509,0,0.0
1675,eMBB,489.75,10.25,19,1939,306706013.6830025,158177.41809334836,18,0.9473684210526315,194.05708490754333,10.780949161530184,16.81052859910759,0,0.0,4.405949765960481,0.23189209294528848,0.23754666578440178,0,0.0
1676,mMTC,263.0,237.0,526,526,41672175.0,79224.66730038023,526,1.0,160.93428854364177,0.30595872346699954,0.3272779839558999,0,0.0,105.60007585099241,0.2007606004771719,0.22240950463966058,0,0.0
1677,URLLC,208.25,291.75,833,833,117010803.0,140469.1512605042,833,1.0,53.57610107582304,0.06431704811023174,0.06679253692790349,0,0.0,4.872708357489726,0.005849589864933644,0.007610398882643001,0,0.0
1678,eMBB,488.75,11.25,20,1934,274753401.0000006,142064.84022750807,19,0.95,197.67741891947057,10.404074679972135,20.627173014092627,0,0.0,4.95556964056934,0.24777848202846703,0.2508967529822468,0,0.0
1679,URLLC,225.75,274.25,903,902,128464106.0,142421.40354767183,902,0.9988925802879292,57.34440390060131,0.06357472716252917,0.06568135010782303,0,0.0,4.6629282323455445,0.0051638186404712565,0.006790320338774485,0,0.0
1680,eMBB,494.5,5.5,20,1957,303858115.38060457,155267.3047422609,19,0.95,185.5744675039473,9.767077237049858,18.115156503181726,0,0.0,4.649492498828518,0.23247462494142587,0.2388896303132091,0,0.0
1681,eMBB,493.0,7.0,20,1951,309937514.379509,158860.8479648944,19,0.95,191.1811319012473,10.062164836907753,18.51338441396509,0,0.0,4.648641906701704,0.23243209533508521,0.23613061635061758,0,0.0
1682,mMTC,255.5,244.5,511,511,39682357.0,77656.2759295499,511,1.0,150.70960229564452,0.29493072856290514,0.3209794303517849,0,0.0,97.54607322726835,0.19089251120796155,0.21608179821503273,0,0.0
1683,mMTC,263.0,237.0,526,526,41327834.0,78570.02661596957,526,1.0,161.2274114447979,0.30651599133991997,0.3284207633341458,0,0.0,105.99435204172093,0.20151017498426033,0.22382617130632726,0,0.0
1684,URLLC,185.5,314.5,742,742,101972960.0,137429.86522911052,742,1.0,47.77613316189145,0.06438831962519063,0.06685077904457015,0,0.0,4.424246662724742,0.005962596580491566,0.007806878521119072,0,0.0
1685,eMBB,496.75,3.25,16,1970,281503141.6515757,142894.99576222117,15,0.9375,195.12220877636813,13.008147251757874,20.025431056574657,0,0.0,3.911176238680235,0.24444851491751468,0.25097485815871523,0,0.0
1686,eMBB,484.75,15.25,18,1920,274665001.4977623,143054.68828008455,17,0.9444444444444444,184.42765278184768,10.848685457755746,18.52760286630302,0,0.0,4.45241955043044,0.24735664169058,0.24983336226905492,0,0.0
1687,mMTC,282.5,217.5,565,564,44738937.0,79324.35638297872,564,0.9982300884955753,165.1297704743164,0.29278328098283046,0.313274870530124,0,0.0,106.89702955684702,0.18919828240149913,0.21124270365405579,0,0.0
1688,eMBB,493.0,7.0,21,1950,309020405.5045713,158472.0028228571,20,0.9523809523809523,192.7049127532285,9.635245637661425,18.511853745391406,0,0.0,4.894615784700986,0.23307694212861838,0.2371295076634446,0,0.0
1689,eMBB,496.0,4.0,18,1965,311178067.23409164,158360.33955933416,17,0.9444444444444444,192.00974508046693,11.29469088708629,16.71269328907103,0,0.0,4.138249637741056,0.22990275765228085,0.23701097330366153,0,0.0
1690,eMBB,485.5,14.5,20,1921,307315540.6951753,159976.8561661506,19,0.95,189.1983969870668,9.957810367740358,17.613004041635335,0,0.0,4.574952526255743,0.22874762631278714,0.23619160272447506,0,0.0
1691,eMBB,490.0,10.0,25,1934,379370283.9144386,196158.36810467351,24,0.96,196.3504083786913,8.181267015778804,14.804535166565879,0,0.0,5.73798866984959,0.2295195467939836,0.23160555742116823,0,0.0
1692,eMBB,492.0,8.0,15,1952,280948570.52303493,143928.57096466955,14,0.9333333333333333,195.9276533662081,13.994832383300578,20.327855592882162,0,0.0,3.6965967981330623,0.24643978654220416,0.25058121088287755,0,0.0
1693,eMBB,489.25,10.75,17,1939,277821977.123978,143281.06092005054,16,0.9411764705882353,187.9894031077291,11.749337694233068,20.626495844649753,0,0.0,4.195095420286452,0.24677031884037953,0.25030256493566005,0,0.0
1694,mMTC,279.5,220.5,559,559,43480853.0,77783.27906976744,559,1.0,163.82534025299762,0.2930685872146648,0.3154531007819332,0,0.0,106.02987991761314,0.18967778160574802,0.21098169651302992,0,0.0
1695,eMBB,491.0,9.0,19,1944,309017703.72779274,158959.7241398111,18,0.9473684210526315,192.1064478778757,10.67258043765976,17.31289022114925,0,0.0,4.351087256548862,0.2290045924499401,0.23585854977116708,0,0.0
1696,mMTC,286.5,213.5,573,573,46045902.0,80359.34031413612,573,1.0,169.55924610615247,0.29591491467042313,0.32238120270807724,0,0.0,110.06166476666542,0.19207969418266216,0.21759205672517123,0,0.0
1697,eMBB,495.25,4.75,18,1962,314688184.7298116,160391.53146269705,17,0.9444444444444444,189.47737013465246,11.145727654979556,17.911803931290212,0,0.0,4.1077886589325905,0.22821048105181058,0.23574319931760146,0,0.0
1698,eMBB,491.75,8.25,24,1942,382373066.6487702,196896.53277485594,23,0.9583333333333334,193.43470402177886,8.410204522686037,14.905211645575427,0,0.0,5.503190750790461,0.22929961461626922,0.2325181007810563,0,0.0
1699,eMBB,495.0,5.0,17,1962,279912795.3919353,142667.07206520656,16,0.9411764705882353,196.03824079764897,12.25239004985306,18.82532839276583,0,0.0,4.154462070874269,0.24438012181613344,0.25045021136797363,0,0.0
1700,eMBB,496.5,3.5,18,1967,281899969.74572307,143314.677044089,17,0.9444444444444444,191.8920411836721,11.2877671284513,19.926490865266125,0,0.0,4.421628811489851,0.24564604508276952,0.25029966667598225,0,0.0
1701,eMBB,489.0,11.0,21,1934,299679309.00071126,154953.10703242567,20,0.9523809523809523,196.28833076147947,9.814416538073974,18.515069902718785,0,0.0,4.885948669863757,0.23266422237446463,0.2400402632022233,0,0.0
1702,eMBB,481.25,18.75,19,1905,301650351.3462105,158346.64112661968,18,0.9473684210526315,182.1204669964712,10.117803722026178,18.012599814130528,0,0.0,4.469559011460278,0.2352399479715936,0.23726217777796577,0,0.0
1703,eMBB,489.75,10.25,20,1938,305206016.7641122,157485.04476992373,19,0.95,194.7017212798022,10.24745901472643,17.61446907391155,0,0.0,4.678230000798918,0.23391150003994593,0.23773960631622673,0,0.0
1704,mMTC,268.0,232.0,536,536,43227569.0,80648.44962686567,536,1.0,164.2686611115238,0.30647138267075336,0.32958094717940717,0,0.0,108.02806480793389,0.20154489702972742,0.2247050517947918,0,0.0
1705,mMTC,299.75,200.25,600,599,47603705.0,79471.96160267112,599,0.9983333333333333,179.6765667938388,0.29996087945549044,0.32028845526162875,0,0.0,117.95943600606091,0.19659906001010152,0.2180850158171843,0,0.0
1706,URLLC,226.0,274.0,904,904,125200486.0,138496.1128318584,904,1.0,58.1945554615427,0.06437450825391891,0.06652627566407684,0,0.0,5.261684676542667,0.005820447651042773,0.007455438457837432,0,0.0
1707,eMBB,496.75,3.25,18,1968,283010131.086626,143805.96091800102,17,0.9444444444444444,196.52893097551063,11.560525351500626,20.023946201382817,0,0.0,4.358608653076502,0.24214492517091676,0.25079605693942464,0,0.0
1708,eMBB,494.75,5.25,18,1960,306194688.4857252,156221.77983965573,17,0.9444444444444444,198.1893469337396,11.658196878455271,19.01388391551505,0,0.0,4.220100194321051,0.23445001079561395,0.23998788090901974,0,0.0
1709,eMBB,493.75,6.25,18,1956,311600121.30576855,159304.7654937467,17,0.9444444444444444,184.7352070800505,10.866776887061793,16.711493179134358,0,0.0,4.163531951882014,0.2313073306601119,0.2368784047908033,0,0.0
1710,mMTC,307.25,192.75,615,614,49366215.0,80401.0016286645,614,0.9983739837398374,181.4870933595689,0.29558158527617084,0.3232769774322968,0,0.0,117.77175296332982,0.19149878530622735,0.21910459459385928,0,0.0
1711,mMTC,245.5,254.5,491,491,40855656.0,83209.07535641547,491,1.0,150.6409680455385,0.3068044155713615,0.3317827540328507,0,0.0,99.1861970140854,0.2020085478901943,0.2274181372807139,0,0.0
1712,mMTC,257.0,243.0,514,513,40502612.0,78952.46003898635,513,0.9980544747081712,154.34969905021822,0.300876606335708,0.32362229935674686,0,0.0,101.78845285584514,0.19803200944716953,0.221304124078969,0,0.0
1713,eMBB,493.5,6.5,15,1958,281039867.67265236,143534.15100748333,14,0.9333333333333333,188.22556856502553,13.444683468930394,20.387747459363364,0,0.0,3.6979467899584884,0.24652978599723255,0.25086713260548504,0,0.0
1714,eMBB,493.0,7.0,17,1954,279634602.3083237,143108.80363783197,16,0.9411764705882353,184.48169436102356,11.530105897563972,20.1254668255763,0,0.0,4.190855321371083,0.2465209012571225,0.25046926027335503,0,0.0
1715,URLLC,152.25,347.75,609,608,87069740.0,143206.80921052632,608,0.9983579638752053,39.35262743198097,0.06472471617102134,0.06703905052758206,0,0.0,3.647207908835545,0.005988847140945066,0.00783912176507735,0,0.0
1716,eMBB,493.0,7.0,20,1951,309385960.2052313,158578.14464645376,19,0.95,190.82770213227295,10.043563270119629,18.00631798043762,0,0.0,4.602013736414905,0.23010068682074528,0.2367562755458341,0,0.0
1717,eMBB,490.5,9.5,19,1942,305640964.0589719,157384.63648762714,18,0.9473684210526315,190.09025455581312,10.560569697545173,17.41227973404768,0,0.0,4.445833421774764,0.23399123272498756,0.2371610542765546,0,0.0
1718,eMBB,494.0,6.0,21,1954,312747806.48831224,160055.17220486808,20,0.9523809523809523,196.3034658403263,9.815173292016315,17.7111422472139,0,0.0,4.807613041872238,0.22893395437486846,0.23622211102779675,0,0.0
1719,eMBB,489.0,11.0,26,1929,378923767.61126024,196435.33831584253,25,0.9615384615384616,197.80819761679004,7.912327904671602,14.20616059404592,0,0.0,5.922398596047991,0.2277845613864612,0.23243755791010667,0,0.0
1720,mMTC,307.0,193.0,614,614,50641734.0,82478.39413680782,614,1.0,172.1151265403212,0.2803177956682756,0.2992630755593898,0,0.0,109.60445090784253,0.17850887770006926,0.19856167204954817,0,0.0
1721,eMBB,490.75,9.25,18,1944,277772273.8856868,142886.97216341915,17,0.9444444444444444,193.2617354834309,11.368337381378288,19.62781503860418,0,0.0,4.393169923567103,0.24406499575372795,0.2514379664789509,0,0.0
1722,eMBB,490.0,10.0,20,1939,300670799.0007112,155064.87828814398,19,0.95,196.63975678303464,10.349460883317613,19.016392898746478,0,0.0,4.7180401103153535,0.23590200551576768,0.239566150956324,0,0.0
1723,eMBB,493.25,6.75,17,1955,311436249.145482,159302.42923042557,16,0.9411764705882353,185.87151972675406,11.616969982922129,17.909126748314907,0,0.0,3.978831935825374,0.2340489374014926,0.23695252688555388,0,0.0
1724,mMTC,288.25,211.75,577,576,48903152.0,84901.30555555556,576,0.9982668977469671,170.66818775217564,0.29629893706974936,0.32452669538101475,0,0.0,110.91392539149183,0.1922251739887207,0.21969630768870702,0,0.0
1725,eMBB,491.0,9.0,17,1946,313392793.11696106,161044.60077952777,16,0.9411764705882353,194.26870163527707,12.141793852204817,18.412206216419506,0,0.0,3.8820527482793006,0.22835604401642945,0.2367159467656693,0,0.0
1726,eMBB,489.25,10.75,22,1934,382330668.986144,197689.07393285626,21,0.9545454545454546,191.12233872352746,9.101063748739403,14.507384817905852,0,0.0,5.045230920400977,0.2293286782000444,0.23222690071514457,0,0.0
1727,mMTC,288.5,211.5,577,577,44897430.0,77811.83708838822,577,1.0,162.24873305473736,0.2811936448089036,0.2994298276051037,0,0.0,103.60027700448083,0.17954987349130128,0.19997833871621484,0,0.0
1728,mMTC,271.0,229.0,542,542,43564026.0,80376.43173431735,542,1.0,156.15988942975372,0.28811787717666737,0.30770615999324646,0,0.0,100.92299927966835,0.1862047957189453,0.20745408443769092,0,0.0
1729,eMBB,489.5,10.5,23,1934,298856059.3756143,154527.435044268,22,0.9565217391304348,196.31191618109642,8.923268917322565,18.113682800200444,0,0.0,5.363455393580852,0.2331937127643849,0.23939409452331914,0,0.0
1730,mMTC,223.5,276.5,447,447,37001484.0,82777.36912751678,447,1.0,131.48391076952842,0.29414745138596965,0.31484205670234133,0,0.0,85.48008184918653,0.19123060816372825,0.21211752061044525,0,0.0
1731,eMBB,496.5,3.5,17,1968,311975204.6981922,158523.98612713016,16,0.9411764705882353,194.88397176478173,12.180248235298858,17.91255420462218,0,0.0,3.994463301598332,0.23496842950578425,0.2366885714603946,0,0.0
1732,eMBB,484.75,15.25,21,1917,305012917.5873932,159109.50317547898,20,0.9523809523809523,186.30931801915148,9.315465900957573,17.908825341756913,0,0.0,4.916521419060249,0.23412006757429757,0.23625432718219103,0,0.0
1733,eMBB,486.75,13.25,24,1922,378413801.3467944,196885.43254255693,23,0.9583333333333334,193.7002730278423,8.421751001210534,14.703301775423666,0,0.0,5.472488505517926,0.22802035439658028,0.23295360361825804,0,0.0
1734,eMBB,494.0,6.0,16,1959,280337967.73408073,143102.58689845877,15,0.9375,180.776404804735,12.051760320315667,19.42581786915448,0,0.0,3.9697592188213755,0.24810995117633597,0.25106540048232595,0,0.0
1735,mMTC,238.0,262.0,476,476,39209592.0,82373.0924369748,476,1.0,137.37633516549988,0.28860574614600815,0.30513308751996626,0,0.0,88.9122052769529,0.1867903472204893,0.20363477538321406,0,0.0
1736,eMBB,494.5,5.5,18,1959,305900965.8361168,156151.5905237962,17,0.9444444444444444,197.33646493824781,11.608027349308696,18.813087241594406,0,0.0,4.172949115116349,0.23183050639535274,0.23993342701930062,0,0.0
1737,mMTC,286.0,214.0,572,572,45711211.0,79914.70454545454,572,1.0,168.30199143275115,0.29423425075655796,0.31583384542029,0,0.0,109.3948133640333,0.19124967371334492,0.21353418727711193,0,0.0
1738,eMBB,490.75,9.25,18,1944,306945761.97751594,157893.91048226127,17,0.9444444444444444,192.74387164588472,11.337874802699101,18.413899534767907,0,0.0,4.177842321837914,0.23210235121321743,0.23764040338972833,0,0.0
1739,mMTC,239.75,260.25,480,479,39136900.0,81705.4279749478,479,0.9979166666666667,147.43557351541335,0.30779869209898403,0.3312483510726346,0,0.0,97.23438426310562,0.20257163388147006,0.2263878515854551,0,0.0
1740,eMBB,489.25,10.75,26,1930,380192199.3894334,196990.77688571677,25,0.9615384615384616,194.45714380365624,7.77828575214625,14.906677053210155,0,0.0,5.879038097340347,0.22611684989770564,0.2325939765247253,0,0.0
1741,eMBB,491.25,8.75,17,1947,277676787.1185754,142617.76431359805,16,0.9411764705882353,188.37444167092053,11.773402604432533,20.626478261465152,0,0.0,4.193694480398152,0.246687910611656,0.2502185225591499,0,0.0
1742,mMTC,271.5,228.5,543,542,43679971.0,80590.35239852399,542,0.998158379373849,156.28427238118132,0.2883473660169397,0.308469011494637,0,0.0,101.32783353488574,0.18660742824104187,0.20658960294762846,0,0.0
1743,eMBB,492.25,7.75,18,1950,303366995.1532802,155572.81802732317,17,0.9444444444444444,189.83875161141574,11.16698538890681,16.714305790462735,0,0.0,4.177988988670945,0.23211049937060807,0.23973109990581493,0,0.0
1744,mMTC,271.25,228.75,543,542,42990312.0,79317.9188191882,542,0.998158379373849,159.46462100114846,0.29421516789879787,0.3165727754267076,0,0.0,103.74166884456743,0.1910527971354833,0.21495085394377858,0,0.0
1745,eMBB,487.0,13.0,20,1927,303061421.6968965,157271.10622568577,19,0.95,196.40865101825426,10.337297422013382,16.9082981967956,0,0.0,4.69123496906242,0.234561748453121,0.23720329273262608,0,0.0
1746,mMTC,298.5,201.5,597,597,47890824.0,80219.13567839196,597,1.0,183.52327652887985,0.3074091734152091,0.3299779682077114,0,0.0,121.08797153264054,0.20282742300274798,0.2247605384641216,0,0.0
1747,mMTC,311.0,189.0,622,622,50796038.0,81665.65594855306,622,1.0,187.39597983792132,0.30127971035035583,0.32337240137403,0,0.0,123.46042050792148,0.19848942203845898,0.22139279526291888,0,0.0
1748,eMBB,487.5,12.5,19,1930,273769801.29164267,141849.63797494437,18,0.9473684210526315,180.60508934768592,10.03361607487144,18.92635018027437,0,0.0,4.67018292348371,0.24579910123598472,0.25210086023158523,0,0.0
1749,mMTC,236.0,264.0,472,472,36198127.0,76690.94703389831,472,1.0,136.555964326614,0.2893134837428263,0.3133132408931174,0,0.0,88.643063783708,0.1878031012366695,0.2096356508076473,0,0.0
1750,mMTC,242.0,258.0,484,483,39383191.0,81538.69772256729,483,0.9979338842975206,142.10452911700833,0.2942122756045721,0.3127858820256801,0,0.0,92.43767757274088,0.19098693713376216,0.2107622669829451,0,0.0
1751,URLLC,190.5,309.5,762,761,105849369.0,139092.4691195795,761,0.9986876640419947,49.70243129419605,0.06531199907253095,0.06753245487885282,0,0.0,4.859105948981744,0.006376779460605964,0.008677229312875505,0,0.0
1752,mMTC,252.5,247.5,505,505,40964126.0,81117.08118811881,505,1.0,149.85111453471413,0.29673488026676065,0.3255926618638321,0,0.0,97.5622106553979,0.19319249634732258,0.22139792306041325,0,0.0
1753,URLLC,207.25,292.75,829,828,113556555.0,137145.59782608695,828,0.9987937273823885,52.82698439771746,0.06380070579434476,0.06562241282673285,0,0.0,4.51523133579955,0.005446599922556755,0.006852527853555854,0,0.0
1754,mMTC,283.0,217.0,566,565,45205737.0,80010.15398230088,565,0.9982332155477032,170.33420337201667,0.30147646614516227,0.32465863884922913,0,0.0,112.52026784112205,0.19879905978996829,0.2230374494047846,0,0.0
1755,mMTC,296.25,203.75,593,592,49832642.0,84176.76013513513,592,0.9983136593591906,166.52894816454773,0.28129889892660087,0.30089372328246655,0,0.0,106.38653621377851,0.17940393965224033,0.20164270653032984,0,0.0
1756,eMBB,487.5,12.5,16,1933,278983579.88748205,144326.7355858676,15,0.9375,192.35968797107773,12.823979198071848,19.823369718819517,0,0.0,3.8479673959034075,0.24049796224396297,0.24957825939110231,0,0.0
1757,eMBB,499.5,0.5,16,1981,310348339.10138077,156662.46294870306,15,0.9375,192.30928739793944,12.820619159862629,18.916600774030176,0,0.0,3.7025029309186666,0.23140643318241666,0.24000900431457334,0,0.0
1758,eMBB,491.25,8.75,17,1948,309921252.9999994,159097.1524640654,17,1.0,198.378331310371,11.669313606492413,18.612799516067017,0,0.0,3.9764380939106903,0.23390812317121706,0.2367707068313074,0,0.0
1759,mMTC,286.75,213.25,574,573,45453556.0,79325.57766143106,573,0.9982578397212544,170.02561277676497,0.2967288181095375,0.32615000032537056,0,0.0,110.67985812343156,0.1928220524798459,0.2228145897270799,0,0.0
1760,eMBB,492.0,8.0,16,1951,314199382.52705705,161045.30114149515,15,0.9375,193.4136332087246,12.894242213914973,17.909245633459175,0,0.0,3.7037972470337253,0.23148732793960783,0.2359204468650253,0,0.0
1761,eMBB,490.75,9.25,23,1939,383412266.42584646,197737.11522735763,22,0.9565217391304348,196.92300790025686,8.951045813648038,14.907431146711087,0,0.0,5.276247324731173,0.22940205759700752,0.23224461462323562,0,0.0
1762,eMBB,493.25,6.75,18,1954,278750565.63145906,142656.37954527076,17,0.9444444444444444,192.37190865687802,11.315994626875177,19.725065452012657,0,0.0,4.417010360568935,0.24538946447605195,0.2505301832417517,0,0.0
1763,eMBB,495.5,4.5,17,1964,280958479.5929235,143054.21567867795,16,0.9411764705882353,189.78499980747455,11.86156248796716,19.32729852706307,0,0.0,4.1980487981764405,0.24694404695155533,0.2502050209579504,0,0.0
1764,eMBB,485.75,14.25,23,1919,295786209.7153633,154135.59651660413,22,0.9565217391304348,193.582878471507,8.799221748704865,16.115482877355742,0,0.0,5.442533588800716,0.23663189516524852,0.24033237315545639,0,0.0
1765,eMBB,487.5,12.5,21,1928,304752589.41575897,158066.6957550617,20,0.9523809523809523,196.5229924126656,9.826149620633279,18.21231437565349,0,0.0,4.9271995498849686,0.23462854999452232,0.23674616110373733,0,0.0
1766,eMBB,492.0,8.0,20,1947,308235269.3455975,158312.92724478556,19,0.95,192.50019301412584,10.131589106006624,18.51004672071503,0,0.0,4.68421260380901,0.23421063019045052,0.2383376938694608,0,0.0
1767,mMTC,272.0,228.0,544,543,43674044.0,80431.0202578269,543,0.9981617647058824,167.44355820878909,0.3083675105134237,0.329728281885608,0,0.0,111.0444645389295,0.2041258539318557,0.22586375882666407,0,0.0
1768,mMTC,249.5,250.5,499,498,39777935.0,79875.37148594378,498,0.9979959919839679,150.45516368140775,0.3021188025731079,0.325884319906865,0,0.0,99.59023499364376,0.19957962924577907,0.22454546740686498,0,0.0
1769,mMTC,298.25,201.75,597,596,47054457.0,78950.43120805369,596,0.998324958123953,167.9826504430573,0.2818500846360022,0.3003241214057614,0,0.0,107.49372941775832,0.18005649818719985,0.19745465610661617,0,0.0
1770,mMTC,271.0,229.0,542,542,43347292.0,79976.55350553505,542,1.0,156.87891741525445,0.2894444970761152,0.3060281472357226,0,0.0,101.95743079918611,0.18811334095790797,0.2052798809109362,0,0.0
1771,mMTC,236.25,263.75,473,472,37058403.0,78513.56567796611,472,0.9978858350951374,139.02785287102765,0.29455053574370266,0.3161125093817453,0,0.0,90.22938866521582,0.1907598069032047,0.21317546835610424,0,0.0
1772,eMBB,489.75,10.25,23,1935,305366465.66931075,157812.1269608841,22,0.9565217391304348,194.79053173706887,8.854115078957676,17.41152990400176,0,0.0,5.3454641105940786,0.23241148306930776,0.23708834819241592,0,0.0
1773,eMBB,492.25,7.75,21,1947,305972652.6626499,157150.8231446584,20,0.9523809523809523,197.8768561820367,9.893842809101836,17.710703590922954,0,0.0,4.888259798610198,0.23277427612429516,0.23730231642117386,0,0.0
1774,mMTC,262.5,237.5,525,524,40219296.0,76754.38167938932,524,0.9980952380952381,161.8202510257854,0.30881727294997213,0.33212227511382486,0,0.0,107.42433675284875,0.20461778429114047,0.22802701391724367,0,0.0
1775,eMBB,487.0,13.0,25,1922,379024185.98209727,197203.01039651263,24,0.96,186.54756813590416,7.772815338996007,15.005078969112285,0,0.0,5.652636722835621,0.22610546891342484,0.23257579349575785,0,0.0
1776,eMBB,493.0,7.0,19,1952,278306428.61293995,142575.01465826842,18,0.9473684210526315,198.129127340762,11.007173741153444,19.62833960043806,0,0.0,4.698652269663768,0.24729748787704042,0.2521779832194416,0,0.0
1777,eMBB,494.75,5.25,17,1961,282259332.90060854,143936.4267723654,16,0.9411764705882353,187.49005375551667,11.718128359719792,20.325431852179495,0,0.0,4.103604303903223,0.2413884884648955,0.25054032842024554,0,0.0
1778,eMBB,495.75,4.25,20,1962,304803335.5010219,155353.3820086758,19,0.95,199.00953743173022,10.47418618061738,19.01407764294143,0,0.0,4.698814657093245,0.23494073285466227,0.2397372849956686,0,0.0
1779,mMTC,255.5,244.5,511,511,40161162.0,78593.27201565557,511,1.0,150.57596309272827,0.2946692037039692,0.31745861610484033,0,0.0,98.09275242127538,0.19196233350543127,0.21112155183133607,0,0.0
1780,eMBB,493.5,6.5,20,1953,307896885.57020825,157653.29522284088,19,0.95,192.63121843652067,10.138485180869509,18.012415958042705,0,0.0,4.619220228999388,0.2309610114499694,0.23746179888207333,0,0.0
1781,mMTC,244.5,255.5,489,488,38718144.0,79340.45901639345,488,0.9979550102249489,150.69823539201133,0.3088078594098593,0.3305645128592603,0,0.0,100.13024893958753,0.20476533525478022,0.22512828983363642,0,0.0
1782,eMBB,490.75,9.25,21,1941,383307458.1137612,197479.37048622422,20,0.9523809523809523,190.21787357186756,9.510893678593378,14.007623573937531,0,0.0,4.728654021071555,0.22517400100340737,0.23230213103470665,0,0.0
1783,mMTC,274.0,226.0,548,547,43439179.0,79413.4899451554,547,0.9981751824817519,154.37467253620727,0.2822206079272528,0.29895847135100423,0,0.0,99.10412328295864,0.18084694029736978,0.19743656263305548,0,0.0
1784,eMBB,492.25,7.75,15,1953,281538451.1913748,144156.91305241923,14,0.9333333333333333,184.80472956234584,13.200337825881846,20.525450962816603,0,0.0,3.674786398755751,0.24498575991705007,0.2505631170753898,0,0.0
1785,eMBB,489.25,10.75,18,1938,301882257.77795714,155769.99885343507,17,0.9444444444444444,194.74138419485695,11.455375540873938,17.71441096742826,0,0.0,4.186018836170352,0.23255660200946401,0.23986247552705214,0,0.0
1786,eMBB,492.75,7.25,17,1953,311456965.51650244,159476.1728195097,16,0.9411764705882353,187.72540898143853,11.732838061339908,18.311613541749857,0,0.0,3.938061893793946,0.23165069963493798,0.23688436377269437,0,0.0
1787,eMBB,494.0,6.0,19,1956,309689339.30297506,158327.8830792306,18,0.9473684210526315,194.50920254856868,10.806066808253815,18.611293108130067,0,0.0,4.375164122657676,0.23027179592935135,0.2373905537625653,0,0.0
1788,eMBB,492.75,7.25,22,1948,310864496.494367,159581.36370347382,21,0.9545454545454546,188.0121903578155,8.952961445610262,18.30996890227171,0,0.0,5.045353514852438,0.22933425067511085,0.23636296636440368,0,0.0
1789,eMBB,490.25,9.75,25,1935,380583692.3839589,196684.07875139994,24,0.96,194.47837196752297,8.10326549864679,14.50453048860916,0,0.0,5.686538911775006,0.22746155647100025,0.23275332045635208,0,0.0
1790,eMBB,490.25,9.75,20,1940,275775505.62997276,142152.32248967668,19,0.95,197.95162283856644,10.418506465187708,20.225928160518706,0,0.0,4.947441102932333,0.24737205514661667,0.2511325877719337,0,0.0
1791,eMBB,486.75,13.25,16,1930,277596549.37247133,143832.4090012805,15,0.9375,190.06381609404346,12.670921072936231,19.22624474523118,0,0.0,3.956959720422301,0.2473099825263938,0.24968775033635884,0,0.0
1792,URLLC,197.5,302.5,790,790,110657840.0,140073.21518987342,790,1.0,51.181276069969265,0.06478642540502438,0.06706790914308568,0,0.0,4.87009069266157,0.006164671762862747,0.008198506749624327,0,0.0
1793,mMTC,242.0,258.0,484,484,39140862.0,80869.54958677686,484,1.0,143.0963354967519,0.29565358573709066,0.3177489364218534,0,0.0,93.45822012307687,0.19309549612205965,0.214275602062879,0,0.0
1794,eMBB,495.5,4.5,19,1962,310581006.6503054,158298.1685271689,18,0.9473684210526315,199.77160052024354,11.09842225112464,18.213275910542166,0,0.0,4.438871894118151,0.23362483653253427,0.2374088204439142,0,0.0
1795,eMBB,493.25,6.75,21,1951,312445202.01067936,160146.18247600173,20,0.9523809523809523,194.2999121156938,9.71499560578469,18.30944067162788,0,0.0,4.814259163675636,0.2292504363655065,0.235564790182194,0,0.0
1796,eMBB,490.5,9.5,23,1938,381597007.8557915,196902.48083374175,22,0.9565217391304348,190.32064825857063,8.650938557207756,14.704990949501342,0,0.0,5.2817053566666425,0.2296393633333323,0.23191428029582656,0,0.0
1797,mMTC,268.0,232.0,536,536,45222284.0,84369.9328358209,536,1.0,151.34435846689513,0.2823588777367447,0.3016716618128609,0,0.0,97.05098819407449,0.18106527648148227,0.20102211286083013,0,0.0
1798,eMBB,492.75,7.25,17,1953,279932094.2531927,143334.4056595969,16,0.9411764705882353,196.28909152400712,12.268068220250445,20.12452018811836,0,0.0,4.206591887408871,0.24744658161228655,0.25050947216942765,0,0.0
1799,mMTC,236.75,263.25,474,473,38103177.0,80556.39957716702,473,0.9978902953586498,139.4855627796919,0.2948954815638306,0.3176348183336107,0,0.0,90.72311132054666,0.19139896903068918,0.21476872397463626,0,0.0
1800,URLLC,193.5,306.5,774,774,109782942.0,141838.42635658916,774,1.0,50.634753572733224,0.06541957825934525,0.0678918008867849,0,0.0,5.045477013887006,0.006518704152308793,0.008968753003418305,0,0.0
1801,mMTC,305.75,194.25,612,611,48620510.0,79575.30278232406,611,0.9983660130718954,182.01804183893645,0.29790186880349667,0.3279461280757794,0,0.0,118.9333323473125,0.19433551037142566,0.22469442140911272,0,0.0
1802,eMBB,495.0,5.0,18,1961,315371084.3087378,160821.5626255675,17,0.9444444444444444,195.675739538068,11.510337619886354,17.911491698597388,0,0.0,4.117810632621268,0.2287672573678482,0.2362541124887202,0,0.0
1803,mMTC,285.5,214.5,571,571,45966422.0,80501.61471103328,571,1.0,172.92055365594032,0.3028380974709988,0.3272594132914073,0,0.0,114.42835851732951,0.20039992735083978,0.2262421866247406,0,0.0
1804,mMTC,233.0,267.0,466,466,36967191.0,79328.73605150214,466,1.0,131.97828897355086,0.28321521238959413,0.30007582174018554,0,0.0,84.8879224405594,0.18216292369218753,0.199319000201724,0,0.0
1805,mMTC,237.75,262.25,476,475,37132521.0,78173.72842105263,475,0.9978991596638656,138.00093998521712,0.2905282947057202,0.3093803961062107,0,0.0,89.90237797564434,0.18887054196563938,0.20757534111680914,0,0.0
1806,eMBB,495.75,4.25,19,1963,305292313.0081675,155523.33826192946,18,0.9473684210526315,199.91586983097054,11.106437212831697,18.113457594522295,0,0.0,4.485417434002801,0.23607460178962109,0.23993263909462784,0,0.0
1807,mMTC,306.75,193.25,614,613,47419289.0,77356.09951060358,613,0.998371335504886,181.26196500431226,0.29569651713590905,0.32065916101628356,0,0.0,118.46874207884234,0.19294583400462922,0.21928308614448871,0,0.0
1808,eMBB,489.75,10.25,20,1938,305011798.94019145,157384.8291745054,19,0.95,189.59681440400442,9.978779705473917,17.811501815905928,0,0.0,4.691403027282034,0.2345701513641017,0.23779518493945478,0,0.0
1809,eMBB,494.25,5.75,20,1956,313046444.01067936,160044.19427948844,19,0.95,194.65474587545916,10.244986625024167,18.111748275946283,0,0.0,4.6483098274976244,0.2324154913748812,0.2359289990040461,0,0.0
1810,mMTC,245.0,255.0,490,489,39795576.0,81381.54601226994,489,0.9979591836734694,148.3973712344997,0.3034711068190178,0.3257871017259273,0,0.0,98.53091716336459,0.20108350441502978,0.2231957943143958,0,0.0
1811,mMTC,280.5,219.5,561,560,43158063.0,77067.96964285715,560,0.9982174688057041,158.61078106078375,0.2832335376085424,0.3030233198983309,0,0.0,102.29916198949286,0.18235144739660047,0.20248480680954808,0,0.0
1812,mMTC,294.5,205.5,589,588,45012065.0,76551.13095238095,588,0.99830220713073,170.82559120646187,0.29051971293615964,0.31503974053807615,0,0.0,111.48202663935905,0.18927338988006628,0.21165477711927277,0,0.0
1813,URLLC,211.75,288.25,847,847,118130070.0,139468.79574970485,847,1.0,54.92811230940932,0.06485019162858244,0.06753706308977825,0,0.0,5.308375369793865,0.006267267260677526,0.00850971840926391,0,0.0
1814,mMTC,301.25,198.75,603,602,48315832.0,80258.85714285714,602,0.9983416252072969,178.11850431963066,0.2958779141522104,0.3194059193026199,0,0.0,116.55531511518612,0.19329239654259722,0.21694249953404982,0,0.0
1815,mMTC,267.5,232.5,535,535,43134140.0,80624.56074766355,535,1.0,159.47616649074297,0.2980862925060616,0.3214423394150789,0,0.0,104.2003581577513,0.19476702459392767,0.21994987992789933,0,0.0
1816,mMTC,243.0,257.0,486,486,39562737.0,81404.80864197531,486,1.0,150.30314191860623,0.3092657241123585,0.3336416874891156,0,0.0,99.73866826185402,0.2052235972466132,0.22990314150620964,0,0.0
1817,mMTC,233.5,266.5,467,466,37211881.0,79853.82188841201,466,0.9978586723768736,141.13729370793976,0.3028697289869952,0.32045692065785036,0,0.0,93.69725592569337,0.2006365223248252,0.2199387425328671,0,0.0
1818,mMTC,232.0,268.0,464,464,38376235.0,82707.40301724138,464,1.0,131.52850793828097,0.28346661193595035,0.29988938261205583,0,0.0,84.76532857417831,0.1826838977891774,0.19999069866440167,0,0.0
1819,eMBB,493.0,7.0,16,1955,281028053.94526136,143748.365189392,15,0.9375,198.56585594665967,13.237723729777311,20.12427657842641,0,0.0,3.962743672736864,0.247671479546054,0.25110890928422047,0,0.0
1820,mMTC,290.5,209.5,581,580,46176586.0,79614.80344827587,580,0.9982788296041308,171.09674829102318,0.29499439360521235,0.31528057489755945,0,0.0,111.55242105143618,0.1920007247012671,0.2141543561639866,0,0.0
1821,eMBB,494.5,5.5,17,1960,314096878.0000003,160253.50918367362,16,0.9411764705882353,199.27645217412427,12.454778260882767,18.612090414026024,0,0.0,3.8914301652946506,0.22890765678203828,0.2373140023856998,0,0.0
1822,eMBB,493.0,7.0,22,1949,306589446.60454834,157306.02699053276,21,0.9545454545454546,192.547759519155,9.168940929483572,16.51301512880774,0,0.0,5.091027106479916,0.23141032302181436,0.23794452003370808,0,0.0
1823,mMTC,282.0,218.0,564,564,44315078.0,78572.83333333333,564,1.0,174.61013365914886,0.30959243556586674,0.33305777617877264,0,0.0,116.0173374878667,0.20570449909196223,0.2282033966915931,0,0.0
1824,eMBB,489.0,11.0,28,1927,378049084.9222518,196185.30613505543,27,0.9642857142857143,195.43677941734578,7.238399237679473,14.503948417707791,0,0.0,6.4268677893756205,0.22953099247770073,0.23289638949120706,0,0.0
1825,mMTC,291.0,209.0,582,582,47584332.0,81760.02061855671,582,1.0,165.16329975111321,0.2837857384039746,0.3018905743448687,0,0.0,106.55881981299346,0.18309075569242864,0.20342194510734551,0,0.0
1826,mMTC,247.5,252.5,495,495,39844967.0,80494.88282828283,495,1.0,143.85059071511486,0.29060725396992904,0.31581450680865397,0,0.0,93.75701777562789,0.18940811671844018,0.21315195911634627,0,0.0
1827,eMBB,490.75,9.25,18,1944,302532801.3276232,155623.86899569095,17,0.9444444444444444,184.4973571985125,10.85278571755956,18.412748089529277,0,0.0,4.244626365359749,0.23581257585331938,0.24012212864997026,0,0.0
1828,eMBB,490.5,9.5,23,1938,305096615.6239372,157428.5942331977,22,0.9565217391304348,192.04022740127496,8.729101245512497,17.510521631733173,0,0.0,5.300785618144831,0.23046893991934048,0.23709967195762408,0,0.0
1829,eMBB,490.0,10.0,21,1938,304916031.39050674,157335.41351419338,20,0.9523809523809523,196.17357171400607,9.808678585700303,16.40952093097628,0,0.0,4.897938262496933,0.23323515535699682,0.2380936728895689,0,0.0
1830,eMBB,486.5,13.5,22,1923,306033546.64150506,159143.81000598287,21,0.9545454545454546,193.00202550159284,9.190572642932992,17.21189749879214,0,0.0,5.146410404953657,0.23392774567971167,0.23648938992625135,0,0.0
1831,URLLC,183.0,317.0,732,732,100573867.0,137395.99316939892,732,1.0,47.28877042253991,0.06460214538598348,0.06721228996782229,0,0.0,4.550694948373253,0.006216796377559088,0.00821626474368658,0,0.0
1832,eMBB,495.25,4.75,17,1963,280609020.2469429,142949.06787923732,16,0.9411764705882353,188.59584318687544,11.787240199179715,19.92451852927287,0,0.0,4.121060698216553,0.242415335189209,0.25118992644616217,0,0.0
1833,eMBB,489.5,10.5,17,1940,277509581.87727267,143046.1762253983,16,0.9411764705882353,193.67632046787338,12.104770029242086,18.922959812310747,0,0.0,4.196566651122928,0.24685686183076047,0.2502644896996776,0,0.0
1834,eMBB,489.25,10.75,18,1939,300668553.9999998,155063.72047447128,18,1.0,197.71976679830772,10.984431488794874,15.513635897801061,0,0.0,4.255269049627557,0.23640383609041984,0.23985931191650764,0,0.0
1835,eMBB,496.25,3.75,17,1967,314021228.1345384,159644.75248324272,16,0.9411764705882353,197.04824621546325,12.315515388466453,18.377622161400136,0,0.0,3.964979794270835,0.23323410554534324,0.23748819518610678,0,0.0
1836,eMBB,493.0,7.0,20,1951,308319981.1958834,158031.76893689565,19,0.95,198.91884691540878,10.469412995547831,18.711559478192626,0,0.0,4.6167272730619136,0.23083636365309568,0.23759821148938742,0,0.0
1837,mMTC,230.5,269.5,461,461,36985328.0,80228.47722342733,461,1.0,142.957917221877,0.3101039419129653,0.3302230538743999,0,0.0,95.02407924615055,0.20612598534956736,0.22916226691138575,0,0.0
1838,eMBB,488.5,11.5,24,1929,380454907.81692713,197229.0864784485,23,0.9583333333333334,193.0733679549189,8.394494258909518,14.804168226553557,0,0.0,5.466015671347769,0.2277506529728237,0.23205358128079914,0,0.0
1839,eMBB,491.25,8.75,19,1945,275800219.72595215,141799.59883082373,18,0.9473684210526315,186.50178394454386,10.361210219141325,20.125031915334926,0,0.0,4.6778684446827015,0.24620360235172112,0.2517324265777823,0,0.0
1840,eMBB,496.0,4.0,16,1967,283839868.0597686,144300.89886109234,15,0.9375,186.9592683293046,12.46395122195364,20.025795754040413,0,0.0,3.8592602572646353,0.2412037660790397,0.25068221321960116,0,0.0
1841,eMBB,490.25,9.75,19,1941,301451218.7483111,155307.17091618295,18,0.9473684210526315,191.29790835406828,10.627661575226016,18.612899051152908,0,0.0,4.4754591475496985,0.23555048144998414,0.24023178829319108,0,0.0
1842,URLLC,192.0,308.0,768,768,105778874.0,137732.90885416666,768,1.0,50.26690072510354,0.06545169365247856,0.06807739792759651,0,0.0,5.097827918180491,0.006637796768464182,0.008876134124715569,0,0.0
1843,eMBB,491.75,8.25,21,1945,305280966.7657767,156956.79525232734,20,0.9523809523809523,191.13273292282327,9.556636646141163,16.311343213887785,0,0.0,4.858437394195055,0.23135416162833594,0.23715094005166198,0,0.0
1844,eMBB,489.5,10.5,20,1937,310594348.4996935,160348.14068130797,19,0.95,196.7253653674883,10.353966598288858,18.2106239793612,0,0.0,4.621386849913299,0.23106934249566496,0.235065699443758,0,0.0
1845,URLLC,166.75,333.25,667,667,94580447.0,141799.77061469265,667,1.0,43.10560132767057,0.06462608894703234,0.06727279235699186,0,0.0,4.197834641003902,0.006293605158926389,0.00845341774368658,0,0.0
1846,eMBB,495.25,4.75,16,1964,281367845.6179073,143262.65051828272,15,0.9375,199.24722791696075,13.283148527797383,19.224259202815926,0,0.0,3.9524266511893478,0.24702666569933424,0.25132360386081165,0,0.0
1847,mMTC,244.5,255.5,489,489,38591662.0,78919.55419222904,489,1.0,142.53689304662197,0.2914864888478977,0.31645524884867576,0,0.0,93.14731222200666,0.19048530106749828,0.2146612761991031,0,0.0
1848,eMBB,489.75,10.25,15,1943,304430259.7223513,156680.52481850298,14,0.9333333333333333,180.75562867672966,12.91111633405212,18.41449032573307,0,0.0,3.5346382717015934,0.2356425514467729,0.23990416012806995,0,0.0
1849,eMBB,491.25,8.75,23,1941,306547670.41575843,157932.85441306463,22,0.9565217391304348,198.14865317985237,9.006756962720562,15.711217735815689,0,0.0,5.3132399022850905,0.23101043053413436,0.23691063516185237,0,0.0
1850,URLLC,208.0,292.0,832,832,116678359.0,140238.41225961538,832,1.0,54.16119405885402,0.0650975890130457,0.06708282835900557,0,0.0,5.407624198084766,0.006499548315005728,0.00815600441323605,0,0.0
1851,eMBB,493.5,6.5,19,1954,312184542.784933,159766.9103300578,18,0.9473684210526315,186.56355033331502,10.364641685184168,17.608657074750923,0,0.0,4.439644084646999,0.23366547813931574,0.23658876869229672,0,0.0
1852,mMTC,293.5,206.5,587,587,47051606.0,80156.05792163544,587,1.0,178.213823114479,0.30360106152381433,0.32262942079793533,0,0.0,118.29468737947896,0.2015241693006456,0.22015489564149734,0,0.0
1853,eMBB,488.5,11.5,19,1934,275303952.29164314,142349.50997499644,18,0.9473684210526315,181.0276061661654,10.057089231453634,19.025033307939722,0,0.0,4.705135009979031,0.2476386847357385,0.25178241216482156,0,0.0
1854,eMBB,490.0,10.0,17,1942,278162381.88748187,143235.0061212574,16,0.9411764705882353,193.48873871300844,12.093046169563028,19.526760721841963,0,0.0,4.113022073898324,0.24194247493519552,0.251115151117731,0,0.0
1855,URLLC,223.75,276.25,895,894,124202427.0,138928.88926174497,894,0.9988826815642458,58.06044890805211,0.06494457372265336,0.06761539886960938,0,0.0,5.751342260626486,0.006426080738130151,0.008567193363795005,0,0.0
1856,mMTC,261.0,239.0,522,522,43276320.0,82904.8275862069,522,1.0,154.97576844333085,0.29688844529373726,0.322072724028049,0,0.0,101.65830252127948,0.19474770597946262,0.2210713756519806,0,0.0
1857,mMTC,255.75,244.25,512,511,41806041.0,81812.2133072407,511,0.998046875,152.62228176934929,0.2986737412316033,0.3291264724086165,0,0.0,99.92981072832373,0.19517541157875729,0.22671127035733446,0,0.0
1858,eMBB,494.0,6.0,21,1954,312820315.05237764,160092.27996539287,20,0.9523809523809523,190.2004874084018,9.51002437042009,18.108502263420235,0,0.0,4.826701838859714,0.22984294470760544,0.23606290115171424,0,0.0
1859,URLLC,189.25,310.75,757,757,106193099.0,140281.50462351387,757,1.0,48.95894771350229,0.06467496395442839,0.0673205368653252,0,0.0,4.8316753351689785,0.006382662265745018,0.008425394365325193,0,0.0
1860,mMTC,243.5,256.5,487,487,39481470.0,81070.78028747434,487,1.0,138.53912247340168,0.28447458413429505,0.30296380263759204,0,0.0,89.5974522166495,0.1839783413072885,0.2051717229794723,0,0.0
1861,eMBB,496.75,3.25,17,1969,284066008.94526196,144269.17671166174,16,0.9411764705882353,200.08413872859612,12.505258670537257,19.323916406664733,0,0.0,4.110438551539522,0.24179050303173658,0.25086366132348287,0,0.0
1862,mMTC,265.0,235.0,530,529,41985826.0,79368.2911153119,529,0.9981132075471698,156.5546758520989,0.2959445668281643,0.316929427449858,0,0.0,102.2540059254688,0.19293208665182793,0.21634015326182385,0,0.0
1863,eMBB,493.5,6.5,19,1954,310213102.34620976,158757.98482405822,18,0.9473684210526315,186.89668461388848,10.383149145216027,17.70899412010449,0,0.0,4.367500570751392,0.22986845109217852,0.23716536646051878,0,0.0
1864,mMTC,241.0,259.0,482,482,37739731.0,78298.19709543568,482,1.0,144.04557010828128,0.2988497305151064,0.3227118330113725,0,0.0,94.457528797512,0.19596997675832364,0.2218203831265967,0,0.0
1865,eMBB,493.25,6.75,22,1950,311347758.24216294,159665.51704726304,21,0.9545454545454546,196.83127087699194,9.37291766080914,18.21074932705804,0,0.0,5.083461560926183,0.23106643458755374,0.23652906563154613,0,0.0
1866,mMTC,306.5,193.5,613,612,48752635.0,79661.16830065359,612,0.99836867862969,186.0335399776871,0.3039763725125606,0.3273643778957033,0,0.0,123.77839905556466,0.2019223475620957,0.22354606122903659,0,0.0
1867,eMBB,487.25,12.75,17,1930,275823489.48753476,142913.725123075,16,0.9411764705882353,187.16900332745433,11.698062707965896,19.924824936764963,0,0.0,4.20229798356851,0.24719399903344175,0.25136539588477447,0,0.0
1868,eMBB,493.5,6.5,17,1956,281202612.93817526,143764.11704405688,16,0.9411764705882353,197.89731976355802,12.368582485222376,20.624802497893373,0,0.0,4.224871952430997,0.2485218795547645,0.25071194418077314,0,0.0
1869,URLLC,162.75,337.25,651,650,90040220.0,138523.4153846154,650,0.9984639016897081,42.2487569268649,0.06499808757979215,0.06757888997730169,0,0.0,4.253071445254667,0.0065331358606062475,0.008805690863798017,0,0.0
1870,eMBB,494.25,5.75,19,1957,310186209.5894391,158500.8735766168,18,0.9473684210526315,197.64047790888227,10.98002655049346,17.31076729291429,0,0.0,4.413765505807915,0.2323034476741008,0.2371724745258626,0,0.0
1871,mMTC,301.5,198.5,603,603,45908071.0,76132.78772802654,603,1.0,180.20199346399576,0.2988424435555485,0.329974356853061,0,0.0,118.25971381920961,0.19611892839006567,0.22812793702400114,0,0.0
1872,mMTC,234.5,265.5,469,468,36473652.0,77935.15384615384,468,0.997867803837953,145.51597824720636,0.3109315774512956,0.3322286120561092,0,0.0,97.21587625945574,0.2072833182504387,0.22753091735525444,0,0.0
1873,eMBB,485.5,14.5,22,1919,378946520.7048668,197470.8289238493,21,0.9545454545454546,192.81717451217855,9.181770214865645,14.507088567077457,0,0.0,5.061866442029452,0.230084838274066,0.23208284532333473,0,0.0
1874,eMBB,496.25,3.75,18,1967,280918538.9999997,142815.72902897798,17,0.9444444444444444,200.41710630810124,11.789241547535367,20.322551936978464,0,0.0,4.12502045939677,0.22916780329982053,0.2514627021742006,0,0.0
1875,eMBB,496.0,4.0,17,1966,280588082.6543528,142720.286192448,16,0.9411764705882353,187.92329282575133,11.745205801609458,18.425399516988968,0,0.0,4.150471973442998,0.24414541020252928,0.2503704886676471,0,0.0
1876,eMBB,490.25,9.75,20,1939,356905009.76921815,184066.53417700782,19,0.95,190.44775214462086,10.023565902348466,17.213165021554076,0,0.0,4.633333587260142,0.2316666793630071,0.239337184487554,0,0.0
1877,eMBB,493.0,7.0,22,1949,307968309.5165034,158013.49898230034,21,0.9545454545454546,188.4270024053316,8.972714400253885,18.611879334725685,0,0.0,5.173233064832401,0.23514695749238188,0.23662638731943103,0,0.0
1878,eMBB,489.5,10.5,19,1938,305404757.1661885,157587.59399700127,18,0.9473684210526315,187.1116277658204,10.395090431434467,16.31263408288296,0,0.0,4.393110527975996,0.23121634357768403,0.23807784798050893,0,0.0
1879,eMBB,491.75,8.25,18,1948,311540241.1448708,159928.25520783922,17,0.9444444444444444,186.86452294905206,10.992030761708945,17.60848266230154,0,0.0,4.215874558863547,0.23421525327019704,0.23622152447951647,0,0.0
1880,eMBB,483.75,16.25,25,1909,376065442.2447295,196996.04098728628,24,0.96,194.47162118055937,8.10298421585664,15.10460478961503,0,0.0,5.695929422292194,0.22783717689168775,0.2330081384587391,0,0.0
1881,eMBB,495.25,4.75,17,1963,280853955.08258706,143073.84364879626,16,0.9411764705882353,199.437542140218,12.464846383763625,19.62486512815894,0,0.0,4.170340187060622,0.2453141286506248,0.2513117384445766,0,0.0
1882,mMTC,251.75,248.25,504,503,38519838.0,76580.19483101391,503,0.998015873015873,146.66222302464183,0.2915749960728466,0.3177291307918849,0,0.0,95.9361622581459,0.190349528289972,0.21632289181752587,0,0.0
1883,eMBB,493.25,6.75,17,1955,305437027.9124349,156233.77386825313,16,0.9411764705882353,191.41893887004528,11.96368367937783,18.014015726442537,0,0.0,3.9489872182766907,0.2322933657809818,0.24043056130248042,0,0.0
1884,mMTC,290.0,210.0,580,580,46675124.0,80474.35172413793,580,1.0,172.44131051336032,0.29731260433337986,0.3213234502722824,0,0.0,113.26291828395864,0.19528089359303213,0.22043035925480778,0,0.0
1885,eMBB,490.0,10.0,19,1940,306130517.7989067,157799.2359788179,18,0.9473684210526315,184.30304887508987,10.239058270838326,17.913010543593376,0,0.0,4.385949341431194,0.2308394390226944,0.23782566578540232,0,0.0
1886,mMTC,232.75,267.25,466,465,37521796.0,80692.03440860215,465,0.9978540772532188,144.41810563547122,0.3105765712590779,0.33329392819208303,0,0.0,96.27553255991566,0.20659985527878896,0.2290382451151599,0,0.0
1887,eMBB,483.0,17.0,27,1904,372750427.98614395,195772.28360616803,26,0.9629629629629629,189.14126596666938,7.27466407564113,15.204841110016966,0,0.0,6.215019461598677,0.2301859059851362,0.23170702551179786,0,0.0
1888,eMBB,493.25,6.75,13,1959,282784763.1105852,144351.58913250905,12,0.9230769230769231,187.18470941257667,15.598725784381388,20.726426640315037,0,0.0,3.1238149239855892,0.24029345569119917,0.25142276943328434,0,0.0
1889,eMBB,495.75,4.25,18,1964,281323393.659589,143240.0171382836,17,0.9444444444444444,200.05564442424597,11.767979083779174,20.52624207663519,0,0.0,4.409228827342807,0.24495715707460042,0.2507845277471513,0,0.0
1890,mMTC,296.75,203.25,594,593,47151366.0,79513.2647554806,593,0.9983164983164983,175.40570554132532,0.2957937698841911,0.31792111361295883,0,0.0,114.42976267226547,0.192642698101457,0.21609376820861925,0,0.0
1891,mMTC,287.0,213.0,574,573,45167575.0,78826.48342059337,573,0.9982578397212544,170.38830631618563,0.2973617911277236,0.3204380881436967,0,0.0,112.16928384474869,0.19541687080966672,0.22184702592147443,0,0.0
1892,URLLC,189.0,311.0,756,756,103742080.0,137224.97354497353,756,1.0,49.232825847661196,0.06512278551277936,0.06717041490404832,0,0.0,4.988784888430437,0.00659892181009317,0.008425349398574875,0,0.0
1893,eMBB,491.5,8.5,23,1942,308897773.6951754,159061.67543520874,22,0.9565217391304348,191.98129678220386,8.726422581009267,17.008780687620156,0,0.0,5.362703552030844,0.23316102400134103,0.2362448034963339,0,0.0
1894,eMBB,486.0,14.0,24,1919,378292696.28333527,197130.11791731906,23,0.9583333333333334,194.41769919512257,8.452943443266198,14.505941036098271,0,0.0,5.419516650646206,0.22581319377692524,0.2334678402348717,0,0.0
1895,URLLC,153.75,346.25,615,615,86705667.0,140984.8243902439,615,1.0,39.780595487309945,0.06468389510131699,0.0665293437127718,0,0.0,3.802924040771514,0.0061836163264577465,0.007782045742070532,0,0.0
1896,URLLC,180.5,319.5,722,722,102271989.0,141650.9542936288,722,1.0,46.14509718409853,0.06391287698628606,0.06625297870914029,0,0.0,4.003821560636997,0.005545459225258998,0.007105266342956971,0,0.0
1897,mMTC,225.0,275.0,450,450,35598713.0,79108.25111111111,450,1.0,133.5798594294261,0.29684413206539134,0.3191481881428733,0,0.0,87.41624788959712,0.19425832864354914,0.21751043487528593,0,0.0
1898,eMBB,491.0,9.0,21,1942,306674723.3811685,157916.95333736792,20,0.9523809523809523,189.4603419048151,9.473017095240754,18.5112287342884,0,0.0,4.886079479895726,0.232670451423606,0.23760231915746052,0,0.0
1899,mMTC,264.5,235.5,529,529,41540012.0,78525.54253308129,529,1.0,158.39542696347198,0.29942424756799996,0.3315775626069749,0,0.0,104.06671571458294,0.19672347015989214,0.2298411458548381,0,0.0
1900,eMBB,493.0,7.0,20,1951,312691105.52194613,160272.22220499546,19,0.95,196.9257094648065,10.3645110244635,17.710246250089764,0,0.0,4.635529916822043,0.23177649584110216,0.23671149651326984,0,0.0
1901,mMTC,291.5,208.5,583,582,47231854.0,81154.3883161512,582,0.9982847341337907,177.3670877213013,0.3047544462565314,0.3289647003731279,0,0.0,118.20756072751395,0.2027573940437632,0.22543374981757233,0,0.0
1902,eMBB,493.5,6.5,19,1954,278481152.79491544,142518.50194212663,18,0.9473684210526315,191.59600378425466,10.644222432458593,20.0258197978574,0,0.0,4.680261500421819,0.24632955265377995,0.25142514608595734,0,0.0
1903,mMTC,278.5,221.5,557,556,44147831.0,79402.57374100719,556,0.9982046678635548,162.36860123655927,0.29202985833913536,0.31893758256852667,0,0.0,106.5758012249441,0.19133896090654237,0.21790220513262917,0,0.0
1904,eMBB,491.25,8.75,22,1942,299025415.1532234,153978.07165459494,21,0.9545454545454546,190.03318035201633,9.04919906438173,16.814517455942703,0,0.0,5.187562996420474,0.23579831801911244,0.24005261288240667,0,0.0
1905,mMTC,241.5,258.5,483,483,39333166.0,81435.12629399585,483,1.0,143.995733269844,0.29812781215288614,0.3145290094732591,0,0.0,94.82714340796356,0.1963294894574815,0.21330714601792178,0,0.0
1906,eMBB,489.0,11.0,21,1934,303870692.6838704,157120.31679621013,20,0.9523809523809523,190.36950591827468,9.518475295913735,17.0113832904679,0,0.0,4.90163069445295,0.2334109854501405,0.23832634889415769,0,0.0
1907,eMBB,492.0,8.0,20,1947,312259850.2055818,160379.99496948216,19,0.95,190.88023245052742,10.04632802371197,17.710201041151393,0,0.0,4.588833046497663,0.22944165232488314,0.2357406145480353,0,0.0
1908,eMBB,490.0,10.0,22,1937,383330159.28333545,197898.89482877412,21,0.9545454545454546,195.8587608919414,9.326607661521018,15.007001453873205,0,0.0,5.0141681253019454,0.22791673296827025,0.23263451758956621,0,0.0
1909,mMTC,284.5,215.5,569,569,45756081.0,80414.9050966608,569,1.0,162.1622538525133,0.28499517373025185,0.3017073663459792,0,0.0,104.9925488723425,0.1845211755225703,0.2017208714118044,0,0.0
1910,eMBB,490.5,9.5,19,1942,277208099.8853144,142743.6147710167,18,0.9473684210526315,188.54246889163352,10.474581605090751,20.425144172462495,0,0.0,4.720818374340039,0.24846412496526524,0.25102989560143274,0,0.0
1911,eMBB,489.75,10.25,19,1939,301468475.50038224,155476.26379596815,18,0.9473684210526315,195.51993624262943,10.862218680146078,18.913274305400428,0,0.0,4.503250673141632,0.23701319332324378,0.24054652925522604,0,0.0
1912,mMTC,276.75,223.25,554,553,45746204.0,82723.69620253165,553,0.9981949458483754,164.69736149195109,0.297825246820888,0.3173998293067839,0,0.0,108.48411476511349,0.1958197017420821,0.21597844445126213,0,0.0
1913,mMTC,236.5,263.5,473,473,36765259.0,77727.82029598308,473,1.0,142.17668932638782,0.3005849668633992,0.32710441294307924,0,0.0,93.66799034621688,0.1980295778989786,0.2249390440541903,0,0.0
1914,URLLC,225.25,274.75,901,900,124532846.0,138369.82888888888,900,0.9988901220865705,57.629787685227676,0.06403309742803075,0.06611186461357332,0,0.0,5.168887020175214,0.0057368335407050105,0.007303626321679083,0,0.0
1915,URLLC,148.5,351.5,594,594,81756982.0,137638.01683501684,594,1.0,38.5238728835209,0.0648550048544123,0.06757176754067812,0,0.0,3.9053135601876066,0.006574601953177789,0.008744503374011465,0,0.0
1916,URLLC,190.25,309.75,761,760,109132241.0,143595.05394736843,760,0.9986859395532195,49.16117191549043,0.06468575252038214,0.06699639066976884,0,0.0,4.744851124222363,0.006235021188202842,0.008054031054384224,0,0.0
1917,eMBB,491.75,8.25,19,1947,277936852.09432834,142751.33646344548,18,0.9473684210526315,187.44022099710764,10.413345610950424,19.024541050434813,0,0.0,4.620755396047939,0.24319765242357574,0.2514172458644644,0,0.0
1918,eMBB,491.75,8.25,21,1945,301717206.90350944,155124.527970956,20,0.9523809523809523,195.27159379382454,9.763579689691227,19.012418630360337,0,0.0,5.004892661076255,0.23832822195601214,0.24054901366576797,0,0.0
1919,eMBB,492.25,7.75,18,1950,310209516.676848,159081.8034240246,17,0.9444444444444444,196.47608819160934,11.557416952447609,17.91097038110542,0,0.0,4.229129239283247,0.23495162440462483,0.237000446073033,0,0.0
1920,eMBB,495.5,4.5,17,1964,311329130.7657768,158517.8873552835,16,0.9411764705882353,192.22677130119135,12.01417320632446,18.310337526397507,0,0.0,3.961621595373117,0.23303656443371276,0.2380394600977694,0,0.0
1921,mMTC,258.25,241.75,517,516,40770547.0,79012.68798449612,516,0.9980657640232108,160.62552548463097,0.31128977807099023,0.33495195441284054,0,0.0,107.1631873936909,0.2072788924442764,0.23081223167779774,0,0.0
1922,eMBB,492.75,7.25,25,1945,381715524.6933999,196254.76847989712,24,0.96,197.5826282195096,8.232609509146233,14.505563401957682,0,0.0,5.715202053810898,0.22860808215243592,0.23227362007420552,0,0.0
1923,eMBB,486.25,13.75,21,1923,272446723.79382586,141677.9634913291,20,0.9523809523809523,195.1332720843496,9.756663604217481,20.725117113465135,0,0.0,5.169162566439917,0.24615059840190082,0.2509467031346178,0,0.0
1924,eMBB,494.0,6.0,19,1956,279949775.0873436,143123.6068953699,18,0.9473684210526315,196.5309934065801,10.918388522587783,19.6243528004933,0,0.0,4.6132779947415035,0.24280410498639493,0.2512936101894895,0,0.0
1925,mMTC,290.5,209.5,581,581,45616881.0,78514.42512908777,581,1.0,172.4555827809401,0.2968254436849227,0.3154021371468434,0,0.0,112.94912781683747,0.194404695037586,0.21369371082205707,0,0.0
1926,eMBB,491.75,8.25,18,1948,309962386.4427787,159118.2681944449,17,0.9444444444444444,183.62915747449486,10.801715145558521,18.010607576832978,0,0.0,4.182455706878948,0.2323586503821638,0.23779127167162986,0,0.0
1927,URLLC,214.75,285.25,859,859,119192829.0,138757.6589057043,859,1.0,56.01081142003393,0.06520466987198362,0.06724926074421425,0,0.0,5.788564578880109,0.006738724771688137,0.008400547783250913,0,0.0
1928,mMTC,225.75,274.25,452,451,35167648.0,77977.04656319291,451,0.9977876106194691,140.78580642135114,0.3121636506016655,0.3354612786493776,0,0.0,94.16104418579557,0.20832089421636188,0.23099701274951914,0,0.0
1929,eMBB,490.0,10.0,23,1936,382529348.38395876,197587.47333882167,22,0.9565217391304348,194.1285238106845,8.824023809576568,15.105494866512094,0,0.0,5.212200657725398,0.22661741990110426,0.2337253365703161,0,0.0
1930,eMBB,490.25,9.75,19,1941,276317512.9975471,142358.32714968937,18,0.9473684210526315,190.83437798392723,10.601909887995957,20.424739171154975,0,0.0,4.6246495476072305,0.2434026077688016,0.2511142436983426,0,0.0
1931,mMTC,242.75,257.25,486,485,38571404.0,79528.66804123712,485,0.9979423868312757,142.03352295161926,0.29285262464251394,0.3127029135091591,0,0.0,93.2368928087132,0.1918454584541424,0.21262555726984284,0,0.0
1932,URLLC,176.0,324.0,704,703,98647118.0,140323.06970128024,703,0.9985795454545454,45.73192628122776,0.06505252671582895,0.06741521731660897,0,0.0,4.6924218482048,0.006665371943472728,0.008418254239685894,0,0.0
1933,eMBB,493.0,7.0,18,1953,309753784.3786969,158604.0882635417,17,0.9444444444444444,194.6650581395713,11.450885772915958,18.11174098403659,0,0.0,4.222239548145757,0.2345688637858754,0.2378261306845281,0,0.0
1934,eMBB,493.75,6.25,21,1953,307390420.33609515,157393.96842606,20,0.9523809523809523,196.13398176892602,9.806699088446301,18.41196822266951,0,0.0,4.968902060246714,0.23661438382127212,0.23784209092556252,0,0.0
1935,eMBB,495.75,4.25,18,1964,315626710.24216294,160706.06427808703,17,0.9444444444444444,197.3893749303975,11.611139701788089,17.508771840457204,0,0.0,4.152601606474229,0.23070008924856827,0.23569734841402012,0,0.0
1936,eMBB,491.5,8.5,26,1939,380719964.28170407,196348.61489515423,25,0.9615384615384616,193.6291705883398,7.745166823533592,14.902156196757543,0,0.0,5.890467598231002,0.22655644608580777,0.23269626724621015,0,0.0
1937,URLLC,169.5,330.5,678,678,92785978.0,136852.4749262537,678,1.0,43.90575117949353,0.06475774510249784,0.0671133601497415,0,0.0,4.314783551801226,0.006363987539529832,0.008311052072818412,0,0.0
1938,eMBB,488.0,12.0,17,1934,277190105.5299219,143324.7701809317,16,0.9411764705882353,195.2895371063995,12.20559606914997,20.124980086603586,0,0.0,4.225225061741161,0.2485426506906565,0.2510147954786105,0,0.0
1939,mMTC,231.5,268.5,463,463,37802579.0,81647.03887688986,463,1.0,137.7247322574098,0.2974616247460255,0.3198200342486298,0,0.0,90.39784633740992,0.19524372859051817,0.21826903766913952,0,0.0
1940,eMBB,489.0,11.0,18,1937,307569026.2810871,158786.28099178476,17,0.9444444444444444,189.4691326231808,11.145243095481224,17.510910253125985,0,0.0,4.228704630191078,0.23492803501061543,0.23779018552442985,0,0.0
1941,mMTC,282.5,217.5,565,565,44878310.0,79430.63716814159,565,1.0,169.77829029674388,0.3004925491977768,0.32812660310246516,0,0.0,111.93929226939332,0.19812264118476694,0.22654275626485829,0,0.0
1942,URLLC,171.25,328.75,685,685,96544911.0,140941.47591240876,685,1.0,43.89972404726574,0.06408718839016897,0.06620333222627689,0,0.0,4.0137275449580825,0.005859456270011799,0.0075555772262768835,0,0.0
1943,eMBB,484.5,15.5,24,1913,376493817.7332132,196808.05945280354,23,0.9583333333333334,185.7201856112609,8.074790678750473,14.20336214643895,0,0.0,5.533895820339878,0.23057899251416158,0.23276609200873719,0,0.0
1944,mMTC,250.5,249.5,501,500,40191333.0,80382.666,500,0.998003992015968,142.55498216390708,0.28510996432781416,0.3046934086925975,0,0.0,92.57513138005332,0.18478070135739186,0.20288185484644355,0,0.0
1945,eMBB,492.25,7.75,19,1949,277545779.24705917,142404.1966377933,18,0.9473684210526315,193.42816153052598,10.74600897391811,18.824342928501444,0,0.0,4.6141442233857495,0.24284969596767103,0.2515472616846458,0,0.0
1946,eMBB,494.75,5.25,18,1960,305435017.01406085,155834.1923541127,17,0.9444444444444444,196.2904998454376,11.546499990908094,18.613768871620554,0,0.0,4.251164493736101,0.23617580520756118,0.2400633678204206,0,0.0
1947,mMTC,257.5,242.5,515,514,41194353.0,80144.65564202334,514,0.9980582524271845,153.55395840758533,0.2987431097423839,0.3222125209997723,0,0.0,101.56405479226719,0.1972117568781887,0.22372629501686636,0,0.0
1948,eMBB,496.25,3.75,20,1964,310182093.6453462,157933.85623490132,19,0.95,195.40729957930512,10.284594714700269,18.510940597601937,0,0.0,4.619701665971186,0.2309850832985593,0.23818788414801917,0,0.0
1949,mMTC,291.0,209.0,582,581,44486981.0,76569.67469879518,581,0.9982817869415808,181.15179502103913,0.31179310674877647,0.3358899803248603,0,0.0,121.41922383251519,0.20862409593215667,0.23251850926233966,0,0.0
1950,URLLC,177.0,323.0,708,708,100805428.0,142380.54802259887,708,1.0,45.95482329196225,0.06490794250277154,0.06735214108515714,0,0.0,4.729384452795559,0.006679921543496552,0.008855167751823807,0,0.0
1951,mMTC,260.0,240.0,520,520,41109414.0,79056.56538461539,520,1.0,148.55831167017647,0.2856890609041855,0.3058614568977257,0,0.0,96.46852723530468,0.18551639852943208,0.20495047540327188,0,0.0
1952,eMBB,490.25,9.75,21,1939,276633174.9437815,142667.9602598151,20,0.9523809523809523,193.57757317005263,9.678878658502631,20.52554107039586,0,0.0,5.113555216170278,0.24350262934144182,0.2507556178496372,0,0.0
1953,mMTC,286.5,213.5,573,573,47179844.0,82338.29668411867,573,1.0,170.18397333732628,0.29700518907037743,0.3158312123001089,0,0.0,111.6236350214286,0.1948056457616555,0.21230137184988945,0,0.0
1954,mMTC,284.5,215.5,569,568,45547597.0,80189.43133802817,568,0.9982425307557118,169.55109418038037,0.29850544750066965,0.3235574129211509,0,0.0,112.21898341942118,0.197221411984923,0.22337060574166373,0,0.0
1955,eMBB,492.5,7.5,20,1949,308242669.11827165,158154.2684034231,19,0.95,193.41236791976743,10.179598311566707,18.511932659631697,0,0.0,4.628036356888561,0.23140181784442806,0.2379117584631881,0,0.0
1956,eMBB,491.25,8.75,19,1945,311473423.4501366,160140.57760932474,18,0.9473684210526315,197.12452219187415,10.951362343993008,17.9068078605926,0,0.0,4.413761339363076,0.23230322838753034,0.23633259924247219,0,0.0
1957,mMTC,269.5,230.5,539,539,43280365.0,80297.52319109462,539,1.0,164.8466859762255,0.30583800737704175,0.3301637026715196,0,0.0,109.9530851606699,0.20399459213482357,0.22732615378263066,0,0.0
1958,eMBB,489.5,10.5,18,1939,277006790.80667895,142860.64507822535,17,0.9444444444444444,185.71129088111374,10.924193581241985,19.724247139217468,0,0.0,4.378458229035851,0.2432476793908806,0.25155861687135106,0,0.0
1959,eMBB,495.75,4.25,17,1965,282376630.7582835,143703.11997877024,16,0.9411764705882353,189.58197740174688,11.84887358760918,20.22603268315283,0,0.0,4.122928028853691,0.24252517816786417,0.25061914045340294,0,0.0
1960,eMBB,492.0,8.0,21,1946,301922464.98705584,155150.29033250557,20,0.9523809523809523,194.57130981107215,9.728565490553608,19.012476963762115,0,0.0,4.908006809801776,0.23371460999056076,0.24094567000558295,0,0.0
1961,URLLC,215.25,284.75,861,861,118383243.0,137495.05574912892,861,1.0,56.51038709613071,0.06563343449027957,0.06836473300493365,0,0.0,5.933434658822935,0.006891329452756022,0.00924610908598519,0,0.0
1962,mMTC,308.5,191.5,617,616,49172297.0,79825.15746753247,616,0.9983792544570502,185.40666193151696,0.30098484079791715,0.33303447389879126,0,0.0,122.67276908478989,0.19882134373547794,0.23182396449708184,0,0.0
1963,eMBB,493.5,6.5,18,1955,314229056.10744256,160730.9749910192,17,0.9444444444444444,188.4539109803026,11.085524175311917,17.7080338031453,0,0.0,4.117789143753209,0.22876606354184492,0.23651167922741417,0,0.0
1964,eMBB,485.5,14.5,22,1919,379191303.1223637,197598.38620237817,21,0.9545454545454546,188.5863548403609,8.980302611445758,14.505189256890887,0,0.0,5.051797817885837,0.22962717354026532,0.2328563401211794,0,0.0
1965,mMTC,252.0,248.0,504,504,40864117.0,81079.59722222222,504,1.0,144.14474613236834,0.28600148042136575,0.30667393146824967,0,0.0,93.74483456108631,0.18600165587517126,0.20579520975884796,0,0.0
1966,URLLC,187.0,313.0,748,747,100711010.0,134820.62918340028,747,0.9986631016042781,47.86023744856524,0.06406992965002041,0.06631713496977251,0,0.0,4.304030408972871,0.005754051348894212,0.007431973815926345,0,0.0
1967,eMBB,490.75,9.25,16,1946,304105418.9124345,156272.0549395861,15,0.9375,190.34742711195898,12.689828474130598,18.212828568788474,0,0.0,3.761727782654823,0.23510798641592645,0.24027484439952893,0,0.0
1968,URLLC,203.25,296.75,813,813,112441714.0,138304.69126691268,813,1.0,53.357932472684055,0.0656309132505339,0.06836262954339518,0,0.0,5.659156879991725,0.006960832570715529,0.008934826081856721,0,0.0
1969,eMBB,494.0,6.0,15,1960,312957977.336095,159672.43741637497,14,0.9333333333333333,195.4559310229109,13.961137930207922,18.311325673541262,0,0.0,3.446692564402483,0.22977950429349886,0.2388371034410844,0,0.0
1970,eMBB,491.25,8.75,15,1949,315423017.191618,161838.3874764587,14,0.9333333333333333,181.92417806152676,12.994584147251912,18.210174104125382,0,0.0,3.415352792835078,0.2276901861890052,0.23585413094909274,0,0.0
1971,eMBB,493.25,6.75,25,1947,382879352.6407769,196650.9258555608,24,0.96,196.71045375644482,8.196268906518535,13.904653743267444,0,0.0,5.754925685145651,0.23019702740582607,0.2339765515843675,0,0.0
1972,URLLC,196.75,303.25,787,787,113010751.0,143596.8881829733,787,1.0,50.97976002447678,0.06477733167023733,0.06721558492455568,0,0.0,5.066911175245978,0.006438260705522208,0.008559770309171053,0,0.0
1973,eMBB,490.25,9.75,16,1944,278690820.3553647,143359.47549144275,15,0.9375,191.2624067741593,12.750827118277288,20.014082995787092,0,0.0,3.9799328671934524,0.24874580419959078,0.250683466357604,0,0.0
1974,mMTC,281.5,218.5,563,563,45963868.0,81640.97335701599,563,1.0,167.72680164896795,0.29791616633919704,0.32078402851189813,0,0.0,110.20521437238668,0.19574638432040262,0.21944495612720855,0,0.0
1975,eMBB,490.5,9.5,22,1939,306525666.5535325,158084.40771198168,21,0.9545454545454546,195.5153099365292,9.310252854120439,18.209178185359768,0,0.0,5.075929202029062,0.23072405463768464,0.2375572367199681,0,0.0
1976,eMBB,488.0,12.0,24,1927,301485685.34852713,156453.3914626503,23,0.9583333333333334,195.2398286575662,8.488688202502878,18.01145488511283,0,0.0,5.66115869332781,0.23588161222199208,0.23787436088445957,0,0.0
1977,mMTC,258.5,241.5,517,517,42384249.0,81981.13926499033,517,1.0,161.36913383530344,0.31212598420755017,0.33670689868269676,0,0.0,108.01491032658528,0.2089263255833371,0.23272855481565002,0,0.0
1978,eMBB,487.25,12.75,22,1926,380187336.2497299,197397.37084617335,21,0.9545454545454546,192.12873608886255,9.14898743280298,15.102792511792254,0,0.0,5.000393625393763,0.22729061933608016,0.23352570898920297,0,0.0
1979,eMBB,488.75,11.25,20,1934,273787459.1642286,141565.38736516476,19,0.95,185.139172747597,9.744166986715632,18.426783635713388,0,0.0,4.955661969008573,0.24778309845042865,0.2517184213378104,0,0.0
1980,eMBB,493.5,6.5,19,1954,279771154.01053756,143178.68680170807,18,0.9473684210526315,199.12104796022493,11.062280442234718,17.809150024193077,0,0.0,4.612573808299392,0.24276704254207326,0.25115274469175225,0,0.0
1981,eMBB,489.75,10.25,22,1936,299427976.60291576,154663.21105522508,21,0.9545454545454546,189.73747414161994,9.035117816267617,19.016001291204564,0,0.0,5.202634413097043,0.23648338241350197,0.24136111221081466,0,0.0
1982,eMBB,492.75,7.25,18,1952,309955652.3738145,158788.75633904434,17,0.9444444444444444,193.07910327215004,11.357594310126473,18.311280252330494,0,0.0,4.239292821019199,0.23551626783439994,0.23762503984814465,0,0.0
1983,URLLC,219.75,280.25,879,879,123263767.0,140231.81683731513,879,1.0,57.41171964829753,0.06531481188657284,0.06726096413936719,0,0.0,6.083244364835946,0.006920642053283215,0.008701701474182066,0,0.0
1984,eMBB,492.5,7.5,18,1951,313633464.89248896,160755.23572141925,17,0.9444444444444444,197.05828277509278,11.591663692652517,17.307893968283395,0,0.0,4.125579736725602,0.22919887426253346,0.2364555427799873,0,0.0
1985,eMBB,487.25,12.75,23,1925,379320715.71376777,197049.72244871053,22,0.9565217391304348,192.41025167016537,8.745920530462062,14.305015802476717,0,0.0,5.308020882273022,0.23078351662056615,0.23329114023090727,0,0.0
1986,URLLC,163.5,336.5,654,653,89594795.0,137204.89280245022,653,0.9984709480122325,42.33419586893623,0.06483031526636482,0.06725224660129431,0,0.0,4.292432041286062,0.0065633517450857225,0.008809624678217382,0,0.0
1987,eMBB,463.0,37.0,16,1827,263581583.00000006,144270.1603721949,16,1.0,200.75433187784657,12.54714574236541,29.56459686334225,0,0.0,3.908422078412406,0.2442763799007754,0.2511208660425629,0,0.0
1988,eMBB,493.75,6.25,18,1956,304793415.0140602,155824.85430166678,17,0.9444444444444444,195.82256480381017,11.518974400224128,19.011037641989205,0,0.0,4.189115236289591,0.2327286242383106,0.24086882969503662,0,0.0
1989,eMBB,493.0,7.0,21,1950,308288645.1203167,158096.74108734188,20,0.9523809523809523,187.34811567882784,9.367405783941392,18.110074964172263,0,0.0,4.885994089570684,0.23266638521765165,0.2372660134783521,0,0.0
1990,eMBB,472.0,28.0,25,1863,290876894.4757639,156133.59875242293,24,0.96,184.04345643745407,7.668477351560586,17.811393337839178,0,0.0,5.894036705483606,0.2357614682193442,0.23860293776306613,0,0.0
1991,mMTC,245.0,255.0,490,490,38646164.0,78869.72244897959,490,1.0,153.4956344706269,0.3132563968788304,0.33757075331229636,0,0.0,103.03183318823365,0.2102690473229258,0.2343736494381021,0,0.0
1992,eMBB,489.25,10.75,20,1936,383299794.4887049,197985.4310375542,19,0.95,188.4898564633941,9.920518761231268,14.902231146024741,0,0.0,4.514155688324821,0.22570778441624104,0.23306632391474721,0,0.0
1993,eMBB,493.75,6.25,16,1958,280864024.3443855,143444.3433832408,15,0.9375,197.85581577785288,13.190387718523526,20.123640926757552,0,0.0,3.875537849956872,0.2422211156223045,0.25090853560150006,0,0.0
1994,eMBB,494.0,6.0,16,1959,281026688.2245866,143454.15427492934,15,0.9375,189.45382278513173,12.630254852342116,18.122508235689647,0,0.0,3.9743774977022217,0.24839859360638886,0.25131372038019084,0,0.0
1995,URLLC,167.25,332.75,669,669,92057615.0,137604.80568011958,669,1.0,43.59915216002552,0.06517063103142828,0.0678542276579225,0,0.0,4.57238574002549,0.006834657309455142,0.0087316349656148,0,0.0
1996,URLLC,202.5,297.5,810,810,112790161.0,139247.11234567902,810,1.0,53.24327851688303,0.06573244261343585,0.06799375668597187,0,0.0,5.77351751957528,0.007127799406883062,0.009214119626440276,0,0.0
1997,eMBB,487.0,13.0,21,1926,303475584.7448311,157567.8010097773,20,0.9523809523809523,192.45708471867874,9.622854235933938,18.709491537481785,0,0.0,4.904816662307575,0.23356269820512263,0.23803249970815074,0,0.0
1998,mMTC,257.5,242.5,515,515,39898962.0,77473.71262135923,515,1.0,161.2631484177271,0.31313232702471283,0.3369921831133158,0,0.0,108.2685592891801,0.2102302122120002,0.23579031610476875,0,0.0
1999,mMTC,251.5,248.5,503,503,40657291.0,80829.60437375745,503,1.0,153.8619851942707,0.30588863855719817,0.3260451490101878,0,0.0,102.66374232954843,0.20410286745437062,0.22479074873241003,0,0.0
2000,eMBB,489.75,10.25,16,1942,277317318.1396587,142799.85486079231,15,0.9375,196.0723260696846,13.07148840464564,20.123424979400216,0,0.0,3.993922603810843,0.2496201627381777,0.2510880293130303,0,0.0
2001,eMBB,494.25,5.75,18,1958,281366654.0413289,143701.04905072978,17,0.9444444444444444,182.87382816609,10.75728400977,20.02489090877273,0,0.0,4.448691561566324,0.24714953119812913,0.25180789884073446,0,0.0
2002,eMBB,491.75,8.25,19,1947,303318790.69004756,155787.77128405112,18,0.9473684210526315,194.53684502143727,10.80760250119096,18.81333559120801,0,0.0,4.427686072820808,0.23303610909583197,0.24035922618770184,0,0.0
2003,eMBB,493.75,6.25,18,1956,311778262.3786966,159395.83966191034,17,0.9444444444444444,194.86925493132858,11.46289734890168,18.31064327356658,0,0.0,4.1345582940160055,0.2296976830008892,0.23648850331359897,0,0.0
2004,eMBB,490.0,10.0,23,1936,304255105.52719325,157156.56277231057,22,0.9565217391304348,197.66381660797526,8.984718936726148,16.21227055778052,0,0.0,5.364445407042691,0.2332367568279431,0.2379148686682306,0,0.0
2005,eMBB,492.25,7.75,18,1950,313184325.91517335,160607.34662316582,17,0.9444444444444444,192.05536202649301,11.29737423685253,18.007921428693344,0,0.0,4.126533500330143,0.2292518611294524,0.23593143477670508,0,0.0
2006,eMBB,490.0,10.0,24,1935,380096885.9698676,196432.4992092339,23,0.9583333333333334,196.28418022762082,8.534094792505254,14.403379227703164,0,0.0,5.510385848396079,0.22959941034983664,0.23245291663086393,0,0.0
2007,URLLC,165.25,334.75,661,661,90395063.0,136755.01210287443,661,1.0,42.882636960120095,0.06487539630880498,0.06694692104908018,0,0.0,4.395312690889361,0.006649489698773618,0.00872845241360135,0,0.0
2008,eMBB,494.5,5.5,19,1958,279869018.37522775,142936.16873096413,18,0.9473684210526315,197.0661866509322,10.948121480607345,19.425140497348373,0,0.0,4.664377260392677,0.24549354002066723,0.25120500308130433,0,0.0
2009,eMBB,484.75,15.25,18,1920,298811748.90350974,155631.119220578,17,0.9444444444444444,192.02586865193817,11.295639332466951,18.6135941238791,0,0.0,4.1958273251677545,0.23310151806487525,0.24080003026521318,0,0.0
2010,mMTC,309.25,190.75,619,618,48327594.0,78199.99029126213,618,0.9983844911147012,184.9165058243394,0.29921764696495046,0.3231386380673773,0,0.0,122.38032364929686,0.1977065002411904,0.22003767635797558,0,0.0
2011,mMTC,242.0,258.0,484,484,38956714.0,80489.07851239669,484,1.0,145.88271847821034,0.30141057536820315,0.32067562392746696,0,0.0,96.39568538829582,0.19916463923201616,0.2184703675172105,0,0.0
2012,mMTC,283.0,217.0,566,566,45437538.0,80278.33568904594,566,1.0,177.39884734978028,0.3134255253529687,0.3370962959386686,0,0.0,119.26064035935283,0.2107078451578672,0.23445889081046342,0,0.0
2013,eMBB,491.25,8.75,21,1943,384764603.46524864,198026.04398623193,20,0.9523809523809523,197.16689376690562,9.85834468834528,14.804666732021298,0,0.0,4.820387081797226,0.2295422419903441,0.2337998956788508,0,0.0
2014,eMBB,493.0,7.0,16,1955,279976327.0875588,143210.39748724236,15,0.9375,196.9570216076228,13.130468107174854,20.726212546681964,0,0.0,3.978833928793376,0.248677120549586,0.25170402923655016,0,0.0
2015,eMBB,496.25,3.75,17,1967,282989662.99574,143868.6644614845,16,0.9411764705882353,197.96959497832214,12.373099686145133,20.124727096669915,0,0.0,4.121267800008792,0.242427517647576,0.2507418941105446,0,0.0
2016,mMTC,305.0,195.0,610,609,47875335.0,78613.02955665025,609,0.9983606557377049,181.85795638826488,0.2986173339708783,0.32165953852946666,0,0.0,119.97015748531118,0.19667238932018224,0.22122378325898273,0,0.0
2017,eMBB,494.0,6.0,19,1956,309337467.7277922,158147.98963588558,18,0.9473684210526315,193.36282108709827,10.742378949283237,17.685786612172144,0,0.0,4.452959803006589,0.23436630542139944,0.23763932223460418,0,0.0
2018,eMBB,493.0,7.0,18,1953,309248591.4084045,158345.41290752921,17,0.9444444444444444,185.2261231167117,10.895654300983042,18.510523563552717,0,0.0,4.202113339717458,0.23345074109541436,0.23847977729995123,0,0.0
2019,eMBB,493.0,7.0,23,1948,309660432.31603324,158963.2609425222,22,0.9565217391304348,189.3838804480347,8.608358202183394,15.208588619973302,0,0.0,5.384023205333164,0.234087965449268,0.23594335824650606,0,0.0
2020,eMBB,494.25,5.75,24,1952,384924293.12758994,197194.82229897025,23,0.9583333333333334,194.70361572018746,8.46537459652989,14.205301356690656,0,0.0,5.43714559041685,0.2265477329340354,0.23345122042530989,0,0.0
2021,eMBB,493.75,6.25,18,1956,278300082.81502897,142280.20593815387,17,0.9444444444444444,188.38729778287936,11.08160575193408,19.524625176322697,0,0.0,4.460376358313723,0.2477986865729846,0.2518057247630916,0,0.0
2022,URLLC,179.75,320.25,719,718,99083313.0,137999.04317548746,718,0.9986091794158554,46.05498093076358,0.06414342748017211,0.06650178403890224,0,0.0,4.223851087625739,0.005874619037031626,0.0077704375004407,0,0.0
2023,mMTC,291.5,208.5,583,583,46107611.0,79086.81132075471,583,1.0,174.23111624307228,0.29885268652328006,0.32231829579442395,0,0.0,114.92141452854231,0.19712077963729385,0.2226404499256494,0,0.0
2024,eMBB,492.0,8.0,19,1948,309623458.0927996,158944.28033511274,18,0.9473684210526315,198.37933166671974,11.02107398148443,18.50984870346731,0,0.0,4.370912024639736,0.23004800129682823,0.23694989227718802,0,0.0
2025,eMBB,492.0,8.0,17,1950,309255540.9401915,158592.58509753412,16,0.9411764705882353,190.16388942558285,11.885243089098928,17.611459490061545,0,0.0,4.014151409102378,0.23612655347661046,0.23808715316646795,0,0.0
2026,eMBB,490.25,9.75,16,1944,313289187.05234635,161156.989224458,15,0.9375,190.97398545566134,12.731599030377422,18.00891867400425,0,0.0,3.696318196142263,0.23101988725889144,0.23644509538030398,0,0.0
2027,eMBB,492.25,7.75,23,1945,384936706.7048664,197910.90319016267,22,0.9565217391304348,195.50631655571016,8.88665075253228,14.804753629640134,0,0.0,5.215898697917225,0.22677820425727063,0.2332047428963806,0,0.0
2028,eMBB,486.75,13.25,16,1930,276125675.8150287,143070.29834975582,15,0.9375,185.3471916347097,12.35647944231398,19.82595097706546,0,0.0,3.9727926623893204,0.24829954139933252,0.25138539712086605,0,0.0
2029,mMTC,309.5,190.5,619,619,48402221.0,78194.21809369951,619,1.0,181.84828487949395,0.29377751999918245,0.3128366801028307,0,0.0,119.66912162137423,0.19332652927524108,0.21201939359950295,0,0.0
2030,eMBB,492.75,7.25,19,1951,301949950.3976715,154766.76083940107,18,0.9473684210526315,193.61685055419323,10.75649169745518,16.512410252201402,0,0.0,4.5147021670566,0.23761590352929476,0.24035240462601412,0,0.0
2031,eMBB,493.25,6.75,22,1950,307514932.6693118,157699.96547144197,21,0.9545454545454546,196.0173423870052,9.334159161285962,17.709392072923254,0,0.0,5.089839928380645,0.2313563603809384,0.23866870430167975,0,0.0
2032,URLLC,173.0,327.0,692,692,99167296.0,143305.34104046243,692,1.0,45.253242600349076,0.06539485924905936,0.06746141187893528,0,0.0,4.883213645349093,0.007056667117556492,0.00901672096588323,0,0.0
2033,eMBB,488.75,11.25,21,1933,308848647.48831224,159776.84815743004,20,0.9523809523809523,194.21934428193055,9.710967214096527,17.608977931212404,0,0.0,4.872896467716462,0.23204268893887914,0.23647584758584708,0,0.0
2034,eMBB,492.0,8.0,24,1943,382756538.9829782,196992.5573767258,23,0.9583333333333334,193.944156703232,8.432354639270956,14.80591976675766,0,0.0,5.481824769449431,0.22840936539372628,0.2323772970991161,0,0.0
2035,eMBB,494.5,5.5,19,1958,278143105.89282846,142054.70168173057,18,0.9473684210526315,189.43132236159724,10.52396235342207,19.22589354393354,0,0.0,4.633899899836093,0.24388946841242595,0.25181484225032424,0,0.0
2036,eMBB,490.75,9.25,16,1946,279561472.7260373,143659.5440524344,15,0.9375,182.35364821478007,12.156909880985337,20.52543112132933,0,0.0,3.983406788477037,0.2489629242798148,0.25126828552478164,0,0.0
2037,mMTC,283.25,216.75,567,566,44274851.0,78224.1183745583,566,0.9982363315696648,169.21725346751415,0.29897041248677414,0.3208575255460912,0,0.0,111.70473544084746,0.19701011541595673,0.2214740599050655,0,0.0
2038,mMTC,237.0,263.0,474,474,39621785.0,83590.26371308017,474,1.0,142.5374485001274,0.3007119166669354,0.32414195442259386,0,0.0,94.58318221841793,0.19954257851986906,0.22163392946532895,0,0.0
2039,eMBB,494.25,5.75,19,1957,308793183.63348424,157789.05653218407,18,0.9473684210526315,192.35071816123923,10.686151008957735,18.110419622024864,0,0.0,4.455416850960383,0.234495623734757,0.23875915276461682,0,0.0
2040,mMTC,238.0,262.0,476,475,38783487.0,81649.44631578948,475,0.9978991596638656,149.20110456890956,0.31410758856612536,0.33817480144481327,0,0.0,100.6133560794492,0.21137259680556555,0.23450963734224922,0,0.0
2041,mMTC,268.5,231.5,537,537,42905183.0,79897.9199255121,537,1.0,165.12448681024233,0.30749438884588887,0.3319404573867991,0,0.0,110.59152155607576,0.20594324312118392,0.22991630311335784,0,0.0
2042,eMBB,487.25,12.75,17,1931,275565253.82286185,142705.9833365416,16,0.9411764705882353,190.76306435917388,11.922691522448368,19.424732733079765,0,0.0,4.215416873781474,0.24796569845773378,0.2522830167600213,0,0.0
2043,mMTC,264.75,235.25,530,529,44549785.0,84215.09451795841,529,0.9981132075471698,155.58562852092024,0.2941127193212103,0.3216256138046114,0,0.0,102.49069328331345,0.19337866657228953,0.22083561756529513,0,0.0
2044,eMBB,493.25,6.75,22,1950,301046939.0907546,154383.04568756648,21,0.9545454545454546,183.53619203276966,8.739818668227127,16.611077523302686,0,0.0,5.21301244113059,0.23695511096048136,0.24055338426263462,0,0.0
2045,URLLC,180.5,319.5,722,721,99847589.0,138484.866851595,721,0.9986149584487535,47.454083139575054,0.06581703625461173,0.0686090526096338,0,0.0,5.243021509403301,0.00726180264460291,0.009467866672067069,0,0.0
2046,mMTC,257.5,242.5,515,515,40325079.0,78301.12427184466,515,1.0,156.0494594931337,0.30300865920996833,0.325634993637671,0,0.0,103.50241618304821,0.2009755654039771,0.22335754098809835,0,0.0
2047,URLLC,162.5,337.5,650,649,90579777.0,139568.22342064715,649,0.9984615384615385,41.716461707763465,0.06427806118299455,0.06645935150269115,0,0.0,3.9741284688021903,0.006114043798157216,0.007894951502691146,0,0.0
2048,mMTC,318.0,182.0,636,635,50446069.0,79442.6283464567,635,0.9984276729559748,195.19018632094404,0.3073861201904631,0.3272770171824877,0,0.0,130.92664286606518,0.2058595013617377,0.22806763190470997,0,0.0
2049,eMBB,485.75,14.25,17,1925,275244270.12207973,142984.0364270544,16,0.9411764705882353,191.38096976694115,11.961310610433822,18.924587127074787,0,0.0,4.136388281480754,0.24331695773416204,0.2511753032048205,0,0.0
2050,eMBB,490.5,9.5,20,1941,277833110.79742,143139.16063751676,19,0.95,196.8110509928417,10.3584763680443,19.075775404278495,0,0.0,4.93929149691138,0.24696457484556902,0.25238199101385494,0,0.0
2051,eMBB,487.25,12.75,18,1930,300697446.4228572,155801.78571132498,17,0.9444444444444444,192.02556337442948,11.29562137496644,18.713387989459147,0,0.0,4.201727387100494,0.23342929928336076,0.2405716315296958,0,0.0
2052,mMTC,301.25,198.75,603,602,49313252.0,81915.70099667774,602,0.9983416252072969,180.85903296369577,0.30043028731510923,0.3206573108911786,0,0.0,120.07687311446497,0.1991324595596434,0.21879851738690512,0,0.0
2053,eMBB,489.25,10.75,20,1936,305078284.5254461,157581.75853587093,19,0.95,190.10496758126231,10.005524609540123,17.711159679358715,0,0.0,4.636267197224849,0.23181335986124246,0.23872648382420417,0,0.0
2054,mMTC,283.0,217.0,566,566,46185535.0,81599.8851590106,566,1.0,177.82582637073827,0.3141799052486542,0.33858290485668185,0,0.0,119.75986834578097,0.21158987340243987,0.23771357665797826,0,0.0
2055,mMTC,296.0,204.0,592,592,47491549.0,80222.21114864865,592,1.0,181.87843048481878,0.3072270785216533,0.33292420866457695,0,0.0,121.88651168898527,0.20588937785301564,0.2311495375534658,0,0.0
2056,eMBB,497.25,2.75,18,1970,281241458.33898324,142762.16159339252,17,0.9444444444444444,197.6001650138448,11.623539118461458,20.62696571562823,0,0.0,4.381057885894356,0.24339210477190867,0.2524552562389872,0,0.0
2057,mMTC,282.25,217.75,565,564,46135122.0,81799.86170212766,564,0.9982300884955753,166.08029173439226,0.29446860236594374,0.3115299666467526,0,0.0,109.609292298153,0.19399874743035928,0.21230048723542455,0,0.0
2058,eMBB,495.5,4.5,15,1966,308897087.92017376,157119.57676509346,14,0.9333333333333333,194.7303704445148,13.9093121746082,18.5137008084436,0,0.0,3.530779550827487,0.23538530338849914,0.24008159176082353,0,0.0
2059,eMBB,491.25,8.75,19,1945,308421399.3795093,158571.41356272972,18,0.9473684210526315,190.28440918688548,10.571356065938083,18.008843981146253,0,0.0,4.380927238825955,0.23057511783294501,0.23800256806513007,0,0.0
2060,URLLC,160.0,340.0,640,640,86482631.0,135129.1109375,640,1.0,41.9168012780553,0.06549500199696141,0.06754685782084198,0,0.0,4.5945282849783915,0.0071789504452787365,0.008892662343580838,0,0.0
2061,eMBB,493.75,6.25,21,1953,312600958.61637294,160061.93477540856,20,0.9523809523809523,192.71874510740483,9.63593725537024,18.20828989305223,0,0.0,4.873791619670432,0.23208531522240153,0.23707179322391572,0,0.0
2062,eMBB,487.5,12.5,29,1920,374773262.3117291,195194.40745402555,28,0.9655172413793104,194.99471679183281,6.964097028279744,13.70340812919335,0,0.0,6.668797745434838,0.22995854294602888,0.23410878938602703,0,0.0
2063,eMBB,493.0,7.0,16,1955,279858260.39740646,143150.0053183665,15,0.9375,188.69570680860693,12.579713787240461,20.724589203097846,0,0.0,3.929104113673078,0.2455690071045674,0.2517208454865204,0,0.0
2064,mMTC,292.0,208.0,584,583,46305812.0,79426.77873070326,583,0.9982876712328768,171.7840765554837,0.2946553628739,0.31592814697023236,0,0.0,113.67276024543335,0.19464513740656397,0.21518404782493322,0,0.0
2065,eMBB,493.75,6.25,20,1954,303134595.3475999,155135.41215332647,19,0.95,189.54077051786982,9.975830027256306,18.412611405636984,0,0.0,4.672815555200353,0.23364077776001765,0.24069255125646233,0,0.0
2066,eMBB,486.25,13.75,20,1924,304851721.94926345,158446.8409299706,19,0.95,192.4642009235023,10.129694785447489,18.411965639141563,0,0.0,4.690064465221307,0.23450322326106537,0.2378435225837097,0,0.0
2067,URLLC,164.0,336.0,656,656,90011132.0,137212.09146341463,656,1.0,42.966658231535675,0.0654979546212434,0.06764539979007275,0,0.0,4.771749843074116,0.007274008907125177,0.009282267900740188,0,0.0
2068,eMBB,486.75,13.25,19,1927,308771464.11584723,160234.28340210026,18,0.9473684210526315,194.99530354526513,10.833072419181397,18.30990027264382,0,0.0,4.397912619320661,0.23146908522740323,0.23670261187316777,0,0.0
2069,eMBB,493.5,6.5,24,1949,384119469.42584604,197085.41273773526,23,0.9583333333333334,198.0800231818525,8.612174920950109,14.106218704101623,0,0.0,5.520753085820036,0.23003137857583486,0.23417839613022323,0,0.0
2070,mMTC,316.5,183.5,633,632,49843568.0,78866.40506329114,632,0.9984202211690363,181.44280332868195,0.28709304324158536,0.30535793929899024,0,0.0,118.50578253228491,0.18721292659128738,0.20585928365053885,0,0.0
2071,eMBB,489.0,11.0,21,1934,275046416.86286664,142216.34791254738,20,0.9523809523809523,194.6381117140532,9.731905585702659,20.37630131132775,0,0.0,5.1904862397726195,0.24716601141774378,0.251721380957077,0,0.0
2072,eMBB,487.5,12.5,17,1932,301250866.1201855,155926.94933757014,16,0.9411764705882353,189.8447638071732,11.865297737948325,18.812723910986815,0,0.0,3.9989134662964045,0.2352302038997885,0.24008371867614398,0,0.0
2073,eMBB,495.75,4.25,19,1963,312076307.37398493,158979.2701854228,18,0.9473684210526315,188.48634851910404,10.47146380661689,18.31098365247372,0,0.0,4.38667996359927,0.2308778928210142,0.23850069477703054,0,0.0
2074,eMBB,494.75,5.25,17,1961,311722593.74603695,158961.03709639824,16,0.9411764705882353,193.77238335075086,12.110773959421929,18.41152862107149,0,0.0,3.9283369443605998,0.23107864378591764,0.23858157130255914,0,0.0
2075,mMTC,271.25,228.75,543,542,44083422.0,81334.72693726937,542,0.998158379373849,170.6327661345641,0.314820601724288,0.337637687321264,0,0.0,115.06504695268377,0.21190616381709718,0.23345103877425546,0,0.0
2076,eMBB,491.5,8.5,26,1939,380401283.6487156,196184.26180954906,25,0.9615384615384616,192.01190036714976,7.680476014685991,14.604132932344811,0,0.0,5.910921016438678,0.22734311601687224,0.233736398474971,0,0.0
2077,eMBB,486.5,13.5,19,1926,274326246.8616123,142433.1499800687,18,0.9473684210526315,196.51817398909947,10.917676332727748,19.622599658252252,0,0.0,4.727672867460132,0.2488248877610596,0.2519000873320836,0,0.0
2078,eMBB,490.75,9.25,20,1942,276986284.17745864,142629.3945301023,19,0.95,197.01281407886728,10.36909547783512,19.223688048727976,0,0.0,4.9440138500068285,0.24720069250034143,0.2514936200003649,0,0.0
2079,eMBB,491.25,8.75,20,1944,301468015.8412094,155076.13983601308,19,0.95,182.08670927036343,9.583511014229654,18.212813226140725,0,0.0,4.7194619559870645,0.23597309779935322,0.24052101251794608,0,0.0
2080,eMBB,491.0,9.0,19,1944,308490650.012613,158688.60597356636,18,0.9473684210526315,196.3827157810487,10.910150876724927,18.70991239675452,0,0.0,4.3849555321211575,0.2307871332695346,0.23838465871273595,0,0.0
2081,eMBB,485.25,14.75,22,1919,301603487.99999994,157167.0078165711,22,1.0,196.4805431158457,8.930933777992987,16.610086895337293,0,0.0,5.158428134695397,0.23447400612251804,0.2383506620454482,0,0.0
2082,URLLC,209.0,291.0,836,836,116264165.0,139071.96770334928,836,1.0,53.732528985213946,0.06427336003016022,0.06623822505767092,0,0.0,5.159476178675484,0.0061716222232960334,0.007780572277268849,0,0.0
2083,eMBB,493.75,6.25,21,1953,386192946.68804324,197743.44428471237,20,0.9523809523809523,193.478543907286,9.6739271953643,14.303915557761975,0,0.0,4.745765820853419,0.22598884861206756,0.23343930191562406,0,0.0
2084,eMBB,494.0,6.0,16,1959,282117883.61757797,144011.17081040223,15,0.9375,195.25266383719142,13.016844255812762,20.1234505009032,0,0.0,3.887932195120017,0.24299576219500107,0.25233862833129417,0,0.0
2085,eMBB,493.25,6.75,16,1956,281433906.3083241,143882.36518830474,15,0.9375,184.34345390402189,12.289563593601459,20.1225922131395,0,0.0,3.874543962555691,0.24215899765973067,0.25149592012480027,0,0.0
2086,eMBB,492.75,7.25,20,1950,301448376.29598206,154588.91092101645,19,0.95,191.08324290407285,10.057012784424886,18.812241737725547,0,0.0,4.719730473132482,0.2359865236566241,0.24009295907431893,0,0.0
2087,URLLC,220.5,279.5,882,881,122856153.0,139450.7979568672,881,0.9988662131519275,58.050643793385795,0.06589176367013144,0.0687804059157393,0,0.0,6.532406449992358,0.007406356519265712,0.009757770778103097,0,0.0
2088,mMTC,285.5,214.5,571,570,45308396.0,79488.41403508771,570,0.9982486865148862,172.73646343195279,0.30304642707360135,0.32670149059194076,0,0.0,114.84969915885314,0.20113782689816662,0.2263667456346758,0,0.0
2089,eMBB,493.75,6.25,18,1956,314093832.40475947,160579.6689185887,17,0.9444444444444444,188.95151395465874,11.114794938509338,17.509576433272844,0,0.0,4.132159521048031,0.22956441783600173,0.23652369256038386,0,0.0
2090,mMTC,266.25,233.75,533,532,43133045.0,81077.1522556391,532,0.99812382739212,163.99610978928123,0.3082633642655662,0.3323453811082488,0,0.0,110.11943070372557,0.2066030594816615,0.23163303999713766,0,0.0
2091,mMTC,233.5,266.5,467,467,38819806.0,83125.92291220557,467,1.0,134.44301933885808,0.28788655104680533,0.3087566245504319,0,0.0,87.80040855150779,0.1880094401531216,0.20837482591795328,0,0.0
2092,eMBB,491.25,8.75,18,1946,278779632.2432164,143257.77607565076,17,0.9444444444444444,189.1975926802302,11.1292701576606,20.52557161469105,0,0.0,4.48093142932341,0.24894063496241164,0.25198961747065424,0,0.0
2093,eMBB,494.75,5.25,17,1961,305464826.06698865,155769.92660223797,16,0.9411764705882353,190.44021708599843,11.902513567874902,18.81247756766135,0,0.0,3.9990266900914655,0.23523686412302738,0.24033163773269609,0,0.0
2094,eMBB,488.75,11.25,21,1933,305218723.3600748,157898.97742373246,20,0.9523809523809523,192.808728972471,9.64043644862355,17.71180991273935,0,0.0,4.964090646478357,0.23638526887992176,0.2378577503807289,0,0.0
2095,mMTC,222.0,278.0,443,443,33985733.0,76717.230248307,443,1.0,135.14533758552554,0.30506848213436916,0.7024775055442025,0,0.0,90.05371873663661,0.20328153213687722,0.6008926764843734,0,0.0
2096,mMTC,245.25,254.75,491,490,39759345.0,81141.52040816327,490,0.9979633401221996,154.5493750864805,0.3154068879315928,0.33914244684841227,0,0.0,104.4352016974206,0.2126989851271295,0.23651801450548154,0,0.0
2097,eMBB,485.25,14.75,27,1913,375318139.12512624,196193.48621282083,26,0.9629629629629629,193.30173060980306,7.434681946530887,15.10464342140654,0,0.0,6.231026255269112,0.2307787501951523,0.23340403560148837,0,0.0
2098,eMBB,490.5,9.5,19,1942,276384178.4647078,142319.35039377332,18,0.9473684210526315,194.80532130226658,10.822517850125921,19.32471781382035,0,0.0,4.719281529899123,0.24838323841574333,0.25126095768255385,0,0.0
2099,mMTC,301.5,198.5,603,602,47952986.0,79656.12292358805,602,0.9983416252072969,177.99831509963715,0.29567826428511157,0.3226859315052588,0,0.0,118.01507902496226,0.19571323221386777,0.2226754070608144,0,0.0
2100,eMBB,492.0,8.0,20,1947,300919450.69004804,154555.44462765692,19,0.95,194.80501329024543,10.252895436328707,17.311771171445525,0,0.0,4.741357402766831,0.23706787013834157,0.23982182637771976,0,0.0
2101,mMTC,243.5,256.5,487,487,39750614.0,81623.43737166324,487,1.0,146.8803200938731,0.3016022999874191,0.3209040703395512,0,0.0,97.75238089524056,0.2007235747335535,0.2207181175190383,0,0.0
2102,eMBB,492.0,8.0,19,1948,307824129.4611518,158020.6003394003,18,0.9473684210526315,196.56292279176344,10.92016237732019,18.211004391123677,0,0.0,4.474750409996639,0.2355131794735073,0.2383228477970492,0,0.0
2103,eMBB,490.25,9.75,19,1941,311676830.51445866,160575.38923980354,18,0.9473684210526315,189.66354406516083,10.536863559175602,18.00929383043469,0,0.0,4.371549086498638,0.2300815308683494,0.2366180404939784,0,0.0
2104,eMBB,495.5,4.5,21,1960,387073049.70486623,197486.24984942155,20,0.9523809523809523,196.58250442753118,9.82912522137656,14.3077076921953,0,0.0,4.753464339226497,0.22635544472507127,0.2341946267700058,0,0.0
2105,eMBB,495.0,5.0,15,1964,282567934.6267826,143873.69380182412,14,0.9333333333333333,185.42806212199366,13.244861580142404,20.32634287504135,0,0.0,3.740338064370107,0.24935587095800713,0.2520993066330126,0,0.0
2106,eMBB,496.0,4.0,17,1966,282409066.4977619,143646.52415959406,16,0.9411764705882353,188.67346041924884,11.792091276203053,18.822573628773576,0,0.0,4.134141243492875,0.24318477902899266,0.25238635401553866,0,0.0
2107,mMTC,238.0,262.0,476,476,39693004.0,83388.66386554622,476,1.0,143.13535416956034,0.3007045255663032,0.3203430493991127,0,0.0,94.7750986806714,0.19910735016947775,0.2195852855819446,0,0.0
2108,mMTC,274.0,226.0,548,547,44330502.0,81042.96526508227,547,0.9981751824817519,164.8059420910628,0.30129057055038905,0.32196918069171787,0,0.0,109.87498782003205,0.20050180259129935,0.22082589248658965,0,0.0
2109,eMBB,490.0,10.0,19,1940,306861709.9775159,158176.13916366798,18,0.9473684210526315,192.55133477693582,10.697296376496434,17.31136196710755,0,0.0,4.463526811800262,0.23492246377896114,0.23830382789835922,0,0.0
2110,eMBB,492.25,7.75,19,1949,312757448.8753607,160470.72800172435,18,0.9473684210526315,193.45839541138628,10.747688633965904,17.60851612599189,0,0.0,4.368434531039637,0.229917606896823,0.23669378986680714,0,0.0
2111,eMBB,487.5,12.5,22,1927,380187512.92225194,197295.02486883858,21,0.9545454545454546,194.1364928962088,9.244594899819466,14.503384528463199,0,0.0,5.037917733668782,0.22899626062130826,0.23426242707530254,0,0.0
2112,URLLC,161.75,338.25,647,647,90448406.0,139796.60896445133,647,1.0,42.110805347396365,0.06508625246892792,0.06722850311301971,0,0.0,4.486933463550278,0.006934982169320368,0.009127516314596284,0,0.0
2113,eMBB,494.25,5.75,16,1960,282290758.65958905,144025.89727530055,15,0.9375,199.23549188115425,13.282366125410283,19.72370292976824,0,0.0,3.971897921471503,0.24824362009196893,0.2516073601435638,0,0.0
2114,URLLC,197.0,303.0,788,787,111037638.0,141089.75603557815,787,0.998730964467005,51.461328113965415,0.06538923521469557,0.06779783226071796,0,0.0,5.5926240427042675,0.007097238632873436,0.009005831733148305,0,0.0
2115,mMTC,243.0,257.0,486,486,40631102.0,83603.09053497942,486,1.0,146.52454111359015,0.30149082533660526,0.32620324582401705,0,0.0,97.57600671119711,0.20077367636048787,0.22626017505478627,0,0.0
2116,mMTC,237.0,263.0,474,474,38506082.0,81236.45991561182,474,1.0,143.87310992872477,0.30352976778211976,0.32742765181921085,0,0.0,95.70002866137403,0.201898794644249,0.2266411195115185,0,0.0
2117,eMBB,494.75,5.25,18,1960,315667514.35235506,161054.85426140565,17,0.9444444444444444,188.13513348501675,11.066772557942162,18.50884463210625,0,0.0,4.2194418269625675,0.23441343483125376,0.23738905487853115,0,0.0
2118,eMBB,491.5,8.5,22,1943,382804297.356045,197017.1370849434,21,0.9545454545454546,196.04919093576078,9.33567575884575,14.072560086543259,0,0.0,5.051973604604253,0.22963516384564786,0.23372286218107594,0,0.0
2119,eMBB,495.25,4.75,18,1962,281147534.70184225,143296.39893060256,17,0.9444444444444444,195.80169543453056,11.517746790266504,20.425126987823372,0,0.0,4.392644934939579,0.2440358297188655,0.2525024099439556,0,0.0
2120,eMBB,493.25,6.75,20,1952,278132035.5349001,142485.67394205948,19,0.95,196.27160259163657,10.33008434692824,19.022681829767084,0,0.0,4.910517216319102,0.2455258608159551,0.2515061801154316,0,0.0
2121,mMTC,300.0,200.0,600,599,48891288.0,81621.51585976628,599,0.9983333333333333,180.06632359941221,0.3006115585966815,0.32122189344519253,0,0.0,119.483329772741,0.19913888295456833,0.22128803381301643,0,0.0
2122,eMBB,495.25,4.75,19,1961,311081067.1812467,158633.89453403707,18,0.9473684210526315,186.96957196888403,10.387198442715778,16.61070698289602,0,0.0,4.473078076167794,0.2354251619035681,0.23794865105411864,0,0.0
2123,URLLC,191.5,308.5,766,765,107058509.0,139945.7633986928,765,0.9986945169712794,50.17267520391827,0.0655851963449912,0.06782363316869636,0,0.0,5.678697782369846,0.007413443580117292,0.009301473780571393,0,0.0
2124,eMBB,489.75,10.25,22,1936,308746145.5557514,159476.31485317738,21,0.9545454545454546,188.42757805911648,8.97274181233888,17.809342940809586,0,0.0,5.121014752283709,0.23277339783107767,0.23721572426001983,0,0.0
2125,mMTC,293.5,206.5,587,586,47010575.0,80222.82423208191,586,0.9982964224872232,180.96046682670863,0.3088062573834618,0.3267961081917481,0,0.0,121.87850693376122,0.20762948370317072,0.22630959319174804,0,0.0
2126,eMBB,488.5,11.5,17,1936,277376856.09855694,143273.16947239512,16,0.9411764705882353,181.37058448935122,11.335661530584451,20.424079068244193,0,0.0,4.137452285756462,0.24337954622096833,0.2516850696368169,0,0.0
2127,eMBB,491.0,9.0,16,1947,279586454.2470587,143598.58975195617,15,0.9375,192.5464983391849,12.836433222612326,20.12333309657792,0,0.0,3.884156308912615,0.24275976930703844,0.2519987204607833,0,0.0
2128,eMBB,494.75,5.25,19,1959,304793988.7779565,155586.5180081452,18,0.9473684210526315,197.0275659488803,10.945975886048906,18.912987596752846,0,0.0,4.444231240666965,0.23390690740352446,0.24049222159248063,0,0.0
2129,eMBB,493.75,6.25,18,1957,311899446.0000001,159376.31374552893,18,1.0,199.38200299402115,11.076777944112287,18.20974407775507,0,0.0,4.154023391497485,0.2307790773054158,0.23801961362497123,0,0.0
2130,eMBB,491.0,9.0,19,1944,306813768.3285001,157826.01251466054,18,0.9473684210526315,191.98946120006065,10.666081177781146,17.511374149692077,0,0.0,4.403798358226801,0.23177886095930533,0.23849537134845603,0,0.0
2131,eMBB,492.75,7.25,18,1952,312599143.7802422,160143.00398577983,17,0.9444444444444444,183.73161207690347,10.807741886876675,16.207432062261862,0,0.0,4.220524829342911,0.23447360163016173,0.2364890348740378,0,0.0
2132,eMBB,486.75,13.25,27,1919,376736216.3894331,196319.02886369624,26,0.9629629629629629,193.5530936890831,7.444349757272428,14.903707718136927,0,0.0,6.191838902562139,0.2293273667615607,0.23329538249926202,0,0.0
2133,mMTC,238.5,261.5,477,477,37750510.0,79141.53039832285,477,1.0,137.50225097817534,0.28826467710309295,0.3068602493337655,0,0.0,89.95624496484191,0.18858751564956377,0.2074118524106886,0,0.0
2134,eMBB,492.5,7.5,17,1952,280884004.09742457,143895.49390236914,16,0.9411764705882353,195.76334103195958,12.235208814497474,20.224220010441076,0,0.0,4.12777912057303,0.24281053650429588,0.25160933896557747,0,0.0
2135,eMBB,492.5,7.5,17,1952,303859133.4834619,155665.5396943965,16,0.9411764705882353,195.64158609985535,12.227599131240959,18.112758618108643,0,0.0,4.005174577999756,0.23559850458822093,0.24014181974660154,0,0.0
2136,mMTC,308.25,191.75,617,616,49156552.0,79799.5974025974,616,0.9983792544570502,186.06494559859757,0.30205348311460645,0.3276438444122533,0,0.0,124.1486713374009,0.20121340573322674,0.22786233466866354,0,0.0
2137,eMBB,486.75,13.25,26,1920,300265313.89603525,156388.1843208517,25,0.9615384615384616,189.86895619937764,7.594758247975105,18.61100610520644,0,0.0,6.069883961123741,0.2334570754278362,0.23893859266911757,0,0.0
2138,eMBB,489.75,10.25,20,1938,310478448.6685719,160205.59786820016,19,0.95,197.56991928263204,10.398416804349054,16.308940747930958,0,0.0,4.615535939313792,0.2307767969656896,0.23683057243443847,0,0.0
2139,mMTC,242.75,257.25,486,485,38531869.0,79447.15257731959,485,0.9979423868312757,150.3319014891841,0.30996268348285383,0.3284043745208956,0,0.0,101.28384354029517,0.2084029702475209,0.22939643452089561,0,0.0
2140,eMBB,491.5,8.5,18,1947,278205597.3389831,142889.36689213308,17,0.9444444444444444,195.38618182428172,11.493304813193042,20.52505711061875,0,0.0,4.4784626390863105,0.24880347994923946,0.25252218475700494,0,0.0
2141,eMBB,494.0,6.0,16,1959,281213392.56392485,143549.46021639858,15,0.9375,187.18562215656252,12.479041477104168,17.623286801636294,0,0.0,3.9261793086373724,0.24538620678983578,0.25184577256506857,0,0.0
2142,URLLC,216.25,283.75,865,865,121005003.0,139890.17687861272,865,1.0,56.6015807449127,0.06543535346232682,0.06804674060434418,0,0.0,6.2371086564511415,0.00721053023867184,0.009397255078287774,0,0.0
2143,mMTC,298.5,201.5,597,596,47579367.0,79831.15268456376,596,0.998324958123953,180.3209070059494,0.30255185739253254,0.32345521909785707,0,0.0,120.72647390091296,0.2022218993315125,0.22373324713204507,0,0.0
2144,eMBB,490.0,10.0,19,1940,306109372.2832554,157788.33622848216,18,0.9473684210526315,188.1523180600417,10.452906558891206,16.20935321295681,0,0.0,4.471164394984644,0.23532444184129706,0.23937715099811763,0,0.0
2145,eMBB,488.25,11.75,19,1933,308844937.2839357,159774.9287552694,18,0.9473684210526315,190.11668943657435,10.562038302031908,17.907882234004234,0,0.0,4.43502160848338,0.2334221899201779,0.23724788654086004,0,0.0
2146,URLLC,164.25,335.75,657,657,90280553.0,137413.32267884322,657,1.0,42.8550794857747,0.06522843148519741,0.06708632497456764,0,0.0,4.634287466607996,0.007053709994837133,0.008856842291102155,0,0.0
2147,URLLC,200.0,300.0,800,800,113430822.0,141788.5275,800,1.0,52.112320637368796,0.06514040079671099,0.06745269022016748,0,0.0,5.629797098522626,0.007037246373153283,0.009275022527859793,0,0.0
2148,eMBB,494.75,5.25,18,1960,280554613.8462822,143140.10910524603,17,0.9444444444444444,196.2697478515243,11.545279285383783,20.62388176602429,0,0.0,4.463182374059611,0.24795457633664503,0.2509319315871901,0,0.0
2149,URLLC,215.5,284.5,862,862,120765448.0,140099.12761020882,862,1.0,56.460508469050716,0.06549942977848111,0.06802294178895957,0,0.0,6.337193264819954,0.007351732325777209,0.009643525355210849,0,0.0
2150,eMBB,489.0,11.0,18,1937,307607196.3737891,158805.9867701544,17,0.9444444444444444,184.66604590964147,10.862708582920087,16.510307328846288,0,0.0,4.148749841500426,0.23048610230557923,0.23774268868384335,0,0.0
2151,mMTC,247.5,252.5,495,494,39470211.0,79899.21255060729,494,0.997979797979798,150.3159392554239,0.30428327784498765,0.33553107684112693,0,0.0,100.33954391297884,0.20270614931914918,0.23516602829411837,0,0.0
2152,eMBB,490.0,10.0,19,1940,311957264.9999996,160802.71391752557,18,0.9473684210526315,197.70254719221498,10.983474844011944,18.209254327315247,0,0.0,4.423837402544231,0.23283354750232793,0.23705505340399433,0,0.0
2153,eMBB,489.5,10.5,21,1936,383066860.0280041,197865.11365082857,20,0.9523809523809523,196.48063186392878,9.82403159319644,14.20420631344053,0,0.0,4.7614753858307415,0.2267369231347972,0.23445401048643494,0,0.0
2154,eMBB,493.25,6.75,17,1955,277927365.5268199,142162.33530783627,16,0.9411764705882353,190.3709306409919,11.898183165061994,19.524261979105006,0,0.0,4.23923860108023,0.2493669765341312,0.251836158885859,0,0.0
2155,eMBB,487.5,12.5,17,1932,276641641.6006906,143189.2554868999,16,0.9411764705882353,182.89595772039877,11.430997357524923,20.02427156492826,0,0.0,4.165031612955905,0.24500185958564144,0.25127031851339343,0,0.0
2156,eMBB,495.0,5.0,19,1960,304985212.7600192,155604.7003877649,18,0.9473684210526315,196.59674697779798,10.922041498766554,18.41344863478061,0,0.0,4.51413241031348,0.23758591633228843,0.24145274027375027,0,0.0
2157,eMBB,494.25,5.75,19,1957,311698636.2984291,159273.70275852276,18,0.9473684210526315,184.3223584843175,10.240131026906528,18.511197540542057,0,0.0,4.43161903955599,0.2332431073450521,0.23851188794240202,0,0.0
2158,eMBB,490.75,9.25,18,1944,306926359.73016024,157883.9299023458,17,0.9444444444444444,190.24096357241825,11.190644916024603,16.910654546438163,0,0.0,4.236088945292286,0.23533827473846033,0.23871784611779,0,0.0
2159,eMBB,491.0,9.0,17,1946,313246633.8563999,160969.49324583757,16,0.9411764705882353,193.77596099808378,12.110997562380236,18.207082315906895,0,0.0,3.945165281981016,0.2320685459988833,0.23705958033829966,0,0.0
2160,eMBB,486.25,13.75,25,1919,376645109.1370742,196271.55244245657,24,0.96,195.8588369951873,8.16078487479947,14.901549113204531,0,0.0,5.751998256389115,0.23007993025556459,0.23500835845819995,0,0.0
2161,eMBB,491.75,8.25,16,1950,280191067.52681965,143687.7269368306,15,0.9375,189.54757724534153,12.636505149689436,20.02391007947293,0,0.0,3.8905732197413125,0.24316082623383203,0.251966058625288,0,0.0
2162,URLLC,196.75,303.25,787,786,109826687.0,139728.60941475828,786,0.9987293519695044,50.601584014303626,0.06437860561616238,0.06642406060735259,0,0.0,4.87825312266999,0.006198542722579402,0.007991389453506434,0,0.0
2163,eMBB,494.0,6.0,24,1951,300438827.5530788,153992.22324606805,23,0.9583333333333334,197.0894135290117,8.569104936043987,15.811720518114722,0,0.0,5.643119686095629,0.2351299869206512,0.24028282056593125,0,0.0
2164,eMBB,496.0,4.0,16,1967,315356951.20724684,160323.81861069996,15,0.9375,195.95166854727242,13.063444569818161,18.709861683951694,0,0.0,3.687142386348834,0.23044639914680212,0.23870270902969828,0,0.0
2165,mMTC,277.0,223.0,554,553,43299212.0,78298.75587703436,553,0.9981949458483754,168.2547095838033,0.30425806434684144,0.3226220465169218,0,0.0,112.32923966516188,0.2027603604064294,0.22244641550825323,0,0.0
2166,eMBB,488.75,11.25,17,1937,311033261.69517475,160574.7350000902,16,0.9411764705882353,190.2233748294348,11.888960926839674,18.509379125526138,0,0.0,3.9930296898896773,0.23488409940527513,0.23653671062886963,0,0.0
2167,eMBB,488.75,11.25,20,1934,383242970.65236443,198160.79144382855,19,0.95,189.43180699868208,9.970095105193794,15.003353250148491,0,0.0,4.5876389512106,0.22938194756053001,0.2334562527494903,0,0.0
2168,eMBB,494.25,5.75,15,1961,281446039.44352496,143521.69272999742,14,0.9333333333333333,180.6279918738433,12.901999419560237,19.323598534856206,0,0.0,3.7457102914937166,0.24971401943291444,0.2525813647928004,0,0.0
2169,eMBB,495.5,4.5,18,1963,281634010.8506467,143471.2230517813,17,0.9444444444444444,199.07874739121402,11.710514552424355,20.023578058337044,0,0.0,4.376762555459706,0.243153475303317,0.2513718319189857,0,0.0
2170,eMBB,489.25,10.75,17,1939,301891152.88291115,155694.25110000576,16,0.9411764705882353,190.2413834719186,11.890086466994912,17.71229666021925,0,0.0,4.010900763204862,0.23593533901205072,0.24042210138098874,0,0.0
2171,eMBB,491.0,9.0,17,1946,309630582.37950903,159111.29618679808,16,0.9411764705882353,190.03015845335779,11.876884903334862,18.30905360153428,0,0.0,3.991640563017734,0.2348023860598667,0.2380277685241487,0,0.0
2172,eMBB,487.5,12.5,16,1934,306711754.00000024,158589.32471561542,16,1.0,196.67185404666,12.29199087791625,17.611238800959256,0,0.0,3.70247342671194,0.23140458916949624,0.239002281480273,0,0.0
2173,mMTC,282.5,217.5,565,564,43461169.0,77058.81028368794,564,0.9982300884955753,178.69432935043974,0.31683391728801374,0.3409391053625223,0,0.0,121.28879507853182,0.21467043376731296,0.23845834433688126,0,0.0
2174,mMTC,288.25,211.75,577,576,45891625.0,79672.96006944444,576,0.9982668977469671,178.6530349486545,0.3101615190080807,0.3353206825771032,0,0.0,120.47671017309885,0.2087984578389928,0.233738196465992,0,0.0
2175,eMBB,495.75,4.25,20,1962,278177849.60438514,141782.79796349906,19,0.95,186.19816113147948,9.799903217446289,18.82463746776698,0,0.0,4.948172188186058,0.24740860940930293,0.25270184400266593,0,0.0
2176,eMBB,494.0,6.0,16,1959,281735416.7309322,143815.93503365605,15,0.9375,184.8042156798185,12.320281045321233,20.322670501387446,0,0.0,3.950201273683252,0.24688757960520324,0.25179148346177094,0,0.0
2177,eMBB,492.0,8.0,17,1950,303593529.45289916,155688.9894630252,16,0.9411764705882353,192.68233522912772,12.042645951820482,17.61330126028228,0,0.0,3.9547422073897662,0.23263189455233918,0.24046375918051963,0,0.0
2178,mMTC,247.0,253.0,494,494,39823930.0,80615.24291497975,494,1.0,149.82781851937918,0.30329517918902665,0.3245569065360531,0,0.0,100.28584917237053,0.2030077918469039,0.22552055272548782,0,0.0
2179,mMTC,303.75,196.25,608,607,48060339.0,79176.8352553542,607,0.9983552631578947,184.75056060369624,0.3043666566782475,0.32329849209144956,0,0.0,123.22248396130294,0.20266855914687984,0.22314594063845805,0,0.0
2180,eMBB,494.5,5.5,18,1959,315761296.73719573,161184.93963103407,17,0.9444444444444444,190.80620705898698,11.223894532881587,18.20862610035461,0,0.0,4.205218980248874,0.23362327668049301,0.2369728367703609,0,0.0
2181,mMTC,301.0,199.0,602,602,48988032.0,81375.4684385382,602,1.0,186.79331503177295,0.31028789872387535,0.3363627542437698,0,0.0,126.08643081093936,0.20944589835704214,0.23515486313265868,0,0.0
2182,mMTC,291.25,208.75,583,582,46784479.0,80385.7027491409,582,0.9982847341337907,168.1732647779199,0.2889574996184191,0.30699625953001025,0,0.0,110.22282213757816,0.18906144448984247,0.2076818002824123,0,0.0
2183,URLLC,170.5,329.5,682,682,96539581.0,141553.637829912,682,1.0,43.93114199801663,0.06441516421996572,0.06606130826935219,0,0.0,4.290731479555084,0.006291395131312439,0.007964657449170015,0,0.0
2184,URLLC,177.0,323.0,708,707,97641486.0,138106.7694483734,707,0.998587570621469,46.358000182044215,0.06557001440175986,0.06812174295477612,0,0.0,5.289368439756445,0.007470859378187069,0.009720664383107891,0,0.0
2185,URLLC,187.0,313.0,748,747,105248922.0,140895.4779116466,747,0.9986631016042781,49.36943216711746,0.06609027063871145,0.06888507086379642,0,0.0,5.7274718387847114,0.007657047912813786,0.009916523556104105,0,0.0
2186,eMBB,494.5,5.5,23,1954,306737456.1493292,156979.2508440784,22,0.9565217391304348,197.35322471931758,8.970601123605345,17.21029818076931,0,0.0,5.386488159348441,0.2341951373629757,0.23895897187849457,0,0.0
2187,eMBB,497.5,2.5,18,1971,315755546.8303638,160200.6833233708,17,0.9444444444444444,193.57720020817075,11.386894129892397,17.50877483162589,0,0.0,4.176239299889435,0.23201329443830193,0.23701081519428,0,0.0
2188,mMTC,245.5,254.5,491,491,37850475.0,77088.54378818737,491,1.0,152.51911333218894,0.3106295587213624,0.3301174668920194,0,0.0,103.01294071607788,0.20980232325066778,0.22938698598553692,0,0.0
2189,eMBB,494.0,6.0,18,1957,278544994.5268205,142332.64922167629,17,0.9444444444444444,190.69537844488022,11.217375202640014,20.024706328194583,0,0.0,4.395537089160112,0.24419650495333955,0.25219079480826545,0,0.0
2190,eMBB,490.75,9.25,20,1942,276626581.65958905,142444.17181235275,19,0.95,198.27405673233585,10.43547667012294,19.524771343508338,0,0.0,4.928919907034235,0.24644599535171174,0.2518275414974399,0,0.0
2191,URLLC,176.75,323.25,707,707,100061076.0,141529.10325318246,707,1.0,46.39798844957896,0.06562657489332244,0.06813429352400689,0,0.0,5.374684636117474,0.00760209990964282,0.009696891600929961,0,0.0
2192,URLLC,161.75,338.25,647,647,89455875.0,138262.55795981453,647,1.0,42.772118616832635,0.06610837498737657,0.06838962021180722,0,0.0,5.009204354140304,0.007742201474714535,0.009964137519499533,0,0.0
2193,eMBB,487.5,12.5,19,1930,306196314.3029749,158650.94005335486,18,0.9473684210526315,191.92247351612204,10.662359639784558,18.609813554376387,0,0.0,4.446539099121708,0.23402837363798462,0.23864462171722722,0,0.0
2194,eMBB,493.25,6.75,18,1954,315049979.3869735,161233.35690223824,17,0.9444444444444444,193.47521266133668,11.38089486243157,18.406902787163474,0,0.0,4.176068641122631,0.23200381339570175,0.23714162741145386,0,0.0
2195,eMBB,491.5,8.5,22,1943,383295446.07355785,197269.91563229947,21,0.9545454545454546,196.3292890132534,9.349013762535876,15.105641499279669,0,0.0,5.039039439087364,0.2290472472312438,0.2338945640886609,0,0.0
2196,eMBB,489.75,10.25,19,1939,276152462.6175775,142420.0426083432,18,0.9473684210526315,193.99659952053818,10.777588862252122,19.223611928464834,0,0.0,4.72720498687117,0.24880026246690368,0.25258669661594935,0,0.0
2197,eMBB,495.5,4.5,19,1962,280039915.9638738,142731.86338627615,18,0.9473684210526315,192.40954546585587,10.689419192547549,19.023913129112298,0,0.0,4.636681721972228,0.24403588010380148,0.25180810505168044,0,0.0
2198,URLLC,169.5,330.5,678,678,94330056.0,139129.8761061947,678,1.0,44.51795044549654,0.06566069387241377,0.0682426347393915,0,0.0,5.212971593573465,0.007688748663087706,0.009939393970160729,0,0.0
2199,eMBB,491.5,8.5,20,1945,308246416.3739853,158481.44800719037,19,0.95,186.97413844181534,9.840744128516597,18.310135017536222,0,0.0,4.718495405787718,0.2359247702893859,0.23828977773826654,0,0.0
2200,eMBB,487.25,12.75,23,1925,302034897.46115154,156901.24543436445,22,0.9565217391304348,195.0653851708871,8.866608416858504,16.5081121476164,0,0.0,5.402488740882202,0.2348908148209653,0.2389610099200998,0,0.0
2201,eMBB,489.75,10.25,19,1939,310251608.19488895,160005.98669153632,18,0.9473684210526315,188.3917616685118,10.46620898158399,17.709559552338813,0,0.0,4.423563833624664,0.23281914913814022,0.23719966581632462,0,0.0
2202,eMBB,489.75,10.25,26,1932,380797289.2833358,197100.04621290675,25,0.9615384615384616,196.0927039917534,7.843708159670136,14.502826184078911,0,0.0,5.918472971782722,0.227633575837797,0.2336276400433793,0,0.0
2203,eMBB,495.0,5.0,19,1960,278974243.13965917,142333.79752023428,18,0.9473684210526315,198.46609655117732,11.025894252843184,19.72212891272519,0,0.0,4.695736488150314,0.2471440256921218,0.2527847388797899,0,0.0
2204,eMBB,493.0,7.0,16,1955,280710002.95895386,143585.679262892,15,0.9375,183.931273649915,12.262084909994334,20.522170135559684,0,0.0,3.9834799355720927,0.2489674959732558,0.25181904866453964,0,0.0
2205,eMBB,496.0,4.0,19,1964,306128437.854985,155869.87670824083,18,0.9473684210526315,200.01988741255494,11.112215967364163,19.013417227146174,0,0.0,4.4452014277774845,0.2339579698830255,0.24046634578466902,0,0.0
2206,eMBB,486.0,14.0,23,1920,303273725.686555,157955.0654617474,22,0.9565217391304348,182.83085305686566,8.310493320766621,17.710416448939284,0,0.0,5.355465288065819,0.2328463168724269,0.2387967680310369,0,0.0
2207,eMBB,489.25,10.75,18,1938,306369549.33542323,158085.4227736962,17,0.9444444444444444,193.85147616492787,11.40302800970164,17.60823083374886,0,0.0,4.25154203572719,0.23619677976262166,0.23862754925621057,0,0.0
2208,eMBB,489.25,10.75,22,1934,308782883.4283836,159660.22928044654,21,0.9545454545454546,197.33599284901757,9.396952040429408,17.60885918647562,0,0.0,5.151552061832481,0.23416145735602187,0.23732729546672446,0,0.0
2209,eMBB,485.0,15.0,24,1915,378066096.61126065,197423.54914426143,23,0.9583333333333334,195.9340645763325,8.518872372884022,14.704428749206073,0,0.0,5.505627584036519,0.22940114933485498,0.23410717959518465,0,0.0
2210,URLLC,170.5,329.5,682,682,95865474.0,140565.21114369502,682,1.0,44.49930781465626,0.06524825192764848,0.06741950580776154,0,0.0,4.913636001194771,0.007204744869787054,0.00949055397511625,0,0.0
2211,eMBB,492.0,8.0,17,1950,280749954.0597683,143974.3354152658,16,0.9411764705882353,185.46807682002463,11.59175480125154,19.62354882482001,0,0.0,4.147241418206183,0.24395537754154017,0.25208457596643397,0,0.0
2212,eMBB,495.0,5.0,17,1962,306538407.825857,156237.72060441232,16,0.9411764705882353,197.13999572583083,12.321249732864427,19.01329799613338,0,0.0,4.012557982874504,0.23603282252202962,0.2408627183933685,0,0.0
2213,mMTC,295.0,205.0,590,589,48256378.0,81929.33446519525,589,0.9983050847457627,178.7272072147479,0.30344177795373156,0.326861833983216,0,0.0,119.97600180716589,0.2033491556053659,0.22462936013706217,0,0.0
2214,mMTC,293.5,206.5,587,586,46663257.0,79630.13139931741,586,0.9982964224872232,178.89273913006642,0.3052777118260519,0.33678314438201573,0,0.0,119.77878758985807,0.2040524490457548,0.23713757651876782,0,0.0
2215,eMBB,492.0,8.0,20,1947,312753943.90511596,160633.76677201642,19,0.95,182.53813307818385,9.607270162009677,18.407297503514805,0,0.0,4.7007372666505445,0.2350368633325272,0.23799639658897503,0,0.0
2216,mMTC,255.5,244.5,511,510,39532679.0,77515.0568627451,510,0.9980430528375733,158.43177006471592,0.3106505295386587,0.33785423936701664,0,0.0,107.24002337337357,0.20986305943908723,0.2368611763114611,0,0.0
2217,eMBB,488.5,11.5,18,1935,274998555.8150289,142118.11670027333,17,0.9444444444444444,186.2626942286413,10.956629072273017,17.522331749013272,0,0.0,4.469161193257857,0.24828673295876985,0.25178335941864094,0,0.0
2218,mMTC,287.75,212.25,576,575,45979051.0,79963.56695652174,575,0.9982638888888888,170.75342195850743,0.2969624729713173,0.3168163845929951,0,0.0,113.3959365239773,0.19686794535412724,0.21667681814097475,0,0.0
2219,eMBB,495.5,4.5,17,1964,306404036.4228575,156010.20184463213,16,0.9411764705882353,195.260813369397,12.203800835587312,19.113629381995423,0,0.0,4.036867920972266,0.23746281888072154,0.2418828639360878,0,0.0
2220,eMBB,493.75,6.25,20,1954,309666849.662133,158478.42869095854,19,0.95,184.0853215627684,9.688701134882548,18.60921450327557,0,0.0,4.632621801904342,0.23163109009521712,0.23865312627246307,0,0.0
2221,mMTC,304.5,195.5,609,609,49570165.0,81396.00164203612,609,1.0,186.09720079862834,0.3055783264345293,0.33758929309996444,0,0.0,124.59752560956862,0.2045936381109501,0.2385542431854345,0,0.0
2222,eMBB,486.5,13.5,20,1925,308267338.5707625,160138.8771796169,19,0.95,195.10560924793606,10.268716276207162,17.10717421898603,0,0.0,4.669252334817655,0.23346261674088273,0.23779949518082988,0,0.0
2223,mMTC,309.75,190.25,620,619,50163832.0,81040.11631663975,619,0.9983870967741936,192.60365941375957,0.3111529231240058,0.330887105444283,0,0.0,130.32183728431488,0.21019651174889498,0.231179360444283,0,0.0
2224,eMBB,493.0,7.0,21,1950,276050039.1826422,141564.12265776526,20,0.9523809523809523,198.76399868968994,9.938199934484498,17.52473834062112,0,0.0,5.251262911811457,0.25006013865768845,0.2527823630630348,0,0.0
2225,eMBB,495.0,5.0,18,1961,281319672.9037786,143457.25288310996,17,0.9444444444444444,190.68166507586065,11.216568533874156,19.621394624841276,0,0.0,4.387775671375951,0.24376531507644172,0.25239508677276606,0,0.0
2226,eMBB,491.75,8.25,17,1950,303324981.00000036,155551.2723076925,17,1.0,198.54577932795323,11.6791634898796,19.01174557147839,0,0.0,4.0107721115893185,0.2359277712699599,0.23969256235832015,0,0.0
2227,eMBB,489.0,11.0,21,1934,306021663.30082065,158232.5042920479,20,0.9523809523809523,194.72797607867292,9.736398803933646,18.108635932039665,0,0.0,4.902826006196793,0.23346790505699017,0.2373073394224167,0,0.0
2228,URLLC,166.25,333.75,665,665,95297607.0,143304.67218045113,665,1.0,43.73594644327618,0.06576834051620478,0.06796667628816704,0,0.0,5.0915910667377196,0.007656527919906345,0.009730434108901806,0,0.0
2229,mMTC,235.75,264.25,472,471,36001555.0,76436.42250530786,471,0.9978813559322034,149.3347275550053,0.3170588695435356,0.3401979555856316,0,0.0,101.25943375466328,0.21453269863276117,0.23663868550016146,0,0.0
2230,mMTC,292.5,207.5,585,585,47694594.0,81529.22051282051,585,1.0,182.2764835168444,0.3115837325074263,0.3387589652003501,0,0.0,123.47620059823309,0.211070428373048,0.2383285218670167,0,0.0
2231,mMTC,245.5,254.5,491,491,37842753.0,77072.816700611,491,1.0,142.40952981769672,0.29003977559612365,0.311014369627166,0,0.0,93.5681478399189,0.19056649254565966,0.2112036373194737,0,0.0
2232,eMBB,492.25,7.75,19,1949,278529230.0208031,142908.7891333007,18,0.9473684210526315,195.0066462120777,10.83370256733765,17.92044085997871,0,0.0,4.641293664962247,0.24427861394538142,0.2521269304076377,0,0.0
2233,mMTC,305.0,195.0,610,609,49809942.0,81789.72413793103,609,0.9983606557377049,183.89707433039467,0.30196563929457254,0.32499400115963484,0,0.0,122.40676291101924,0.20066682444429385,0.2242852097066434,0,0.0
2234,mMTC,279.0,221.0,558,558,44968246.0,80588.25448028673,558,1.0,169.65125647788523,0.3040345098169986,0.3297053885078073,0,0.0,113.87501028130401,0.20407707935717564,0.23008333585823465,0,0.0
2235,eMBB,491.75,8.25,20,1946,306945205.6751939,157731.3492678283,19,0.95,197.97219897909483,10.41958941995236,17.611787766533052,0,0.0,4.72997061295439,0.2364985306477195,0.23927110276871424,0,0.0
2236,mMTC,283.0,217.0,566,565,45432132.0,80410.85309734513,565,0.9982332155477032,179.403039141506,0.3175275029053204,0.34180195618152087,0,0.0,122.07234896662888,0.21567552820959165,0.23946750558323027,0,0.0
2237,eMBB,489.5,10.5,22,1935,382866675.4258465,197863.91494875788,21,0.9545454545454546,196.2413228789062,9.344824898995533,14.70292471238612,0,0.0,5.0600289345304175,0.23000131520592806,0.23412716366836012,0,0.0
2238,eMBB,490.0,10.0,16,1943,278210856.0605821,143186.23574914158,15,0.9375,184.485736447628,12.299049096508533,19.423594085087423,0,0.0,3.9388533211980405,0.24617833257487753,0.2528920405741716,0,0.0
2239,eMBB,490.75,9.25,18,1944,278865273.86286724,143449.2149500346,17,0.9444444444444444,194.9161156797153,11.465653863512664,19.725343099865274,0,0.0,4.423238402698096,0.2457354668165609,0.2524838398489656,0,0.0
2240,eMBB,488.75,11.25,20,1934,300685170.89763254,155473.20108460836,19,0.95,193.23053455350873,10.170028134395196,18.712875741853033,0,0.0,4.687759051855049,0.23438795259275244,0.24072779427721172,0,0.0
2241,eMBB,492.5,7.5,19,1950,308425394.95776933,158166.86920911248,18,0.9473684210526315,181.94016506304823,10.107786947947124,16.210331497712474,0,0.0,4.462680166692346,0.23487790351012347,0.2381633562699088,0,0.0
2242,mMTC,289.5,210.5,579,578,46350346.0,80190.91003460207,578,0.998272884283247,177.14945944330643,0.3064869540541634,0.3389644093724392,0,0.0,119.02580376919738,0.20557133638894193,0.24009552937243916,0,0.0
2243,eMBB,430.25,69.75,15,1701,273921866.88197863,161035.78299939955,14,0.9333333333333333,171.21574230353784,12.229695878824131,16.806705102008145,0,0.0,3.4360027152435966,0.22906684768290644,0.2372910596797539,0,0.0
2244,eMBB,491.75,8.25,22,1944,383888010.606288,197473.25648471605,21,0.9545454545454546,186.43007125258083,8.877622440599087,14.604840277349451,0,0.0,5.05133218792347,0.2296060085419759,0.23338392853286963,0,0.0
2245,eMBB,493.75,6.25,19,1955,278317131.72697735,142361.70420817257,18,0.9473684210526315,198.8610383588287,11.047835464379371,17.621051014911185,0,0.0,4.696763367369114,0.24719807196679544,0.25315557445337644,0,0.0
2246,eMBB,491.25,8.75,19,1945,276722568.62629914,142273.8142037528,18,0.9473684210526315,185.1517349888555,10.286207499380861,20.625140515376092,0,0.0,4.693161427585147,0.24700849618869195,0.2525025703734053,0,0.0
2247,eMBB,492.25,7.75,18,1950,304295859.0658601,156049.15849531288,17,0.9444444444444444,195.86909023545311,11.521711190320772,18.610455966075488,0,0.0,4.275490278124465,0.23752723767358142,0.24150229905335135,0,0.0
2248,eMBB,492.75,7.25,18,1952,310485347.84302616,159060.11672286177,17,0.9444444444444444,193.16198803581008,11.362469884459417,18.210988363115668,0,0.0,4.1606328264315975,0.23114626813508876,0.2386730899490728,0,0.0
2249,URLLC,157.25,342.75,629,628,89895100.0,143145.0636942675,628,0.9984101748807631,41.352665525601225,0.06584819351210386,0.06773671591648288,0,0.0,4.895052868556523,0.007782278010423725,0.009583922261503619,0,0.0
2250,eMBB,493.0,7.0,19,1951,313185301.8451034,160525.52631732618,18,0.9473684210526315,198.2184265708005,11.012134809488916,18.64121681099156,0,0.0,4.421840166999515,0.23272842984207975,0.23702957799939225,0,0.0
2251,eMBB,494.75,5.25,21,1957,387346315.91158676,197928.62335799017,20,0.9523809523809523,187.00722672029542,9.350361336014771,15.104448335879155,0,0.0,4.801925152926801,0.22866310252032385,0.23287360839862206,0,0.0
2252,eMBB,495.5,4.5,15,1966,281516188.6267832,143192.36451006267,14,0.9333333333333333,185.51647369396116,13.251176692425798,17.22339245587063,0,0.0,3.647645084271147,0.2431763389514098,0.2530885549507401,0,0.0
2253,mMTC,269.0,231.0,538,537,43621089.0,81231.07821229051,537,0.9981412639405205,159.84264747350113,0.2976585614031678,0.3164748356353277,0,0.0,106.50682645318398,0.1979680789092639,0.21834805067806268,0,0.0
2254,mMTC,289.0,211.0,578,578,44686920.0,77313.01038062284,578,1.0,175.0233581180466,0.30280857805890415,0.3251126285280179,0,0.0,116.55789241479899,0.20165725331280102,0.22349864664767605,0,0.0
2255,mMTC,291.75,208.25,584,583,47066149.0,80730.95883361921,583,0.9982876712328768,177.22421378934226,0.30398664457863167,0.32378320156136503,0,0.0,119.01774905566687,0.2037975155062789,0.22443086754600738,0,0.0
2256,mMTC,230.0,270.0,460,460,36833845.0,80073.57608695653,460,1.0,141.2037712865409,0.30696472018813237,0.3243366854761872,0,0.0,94.8244850547461,0.20614018490162198,0.22344622867357483,0,0.0
2257,URLLC,162.75,337.25,651,651,88733930.0,136304.03993855606,651,1.0,42.07973714194632,0.06463861312126931,0.06676187566349187,0,0.0,4.274768190023247,0.006566464193584097,0.008437280663491874,0,0.0
2258,eMBB,491.75,8.25,26,1940,381031019.7607323,196407.74214470736,25,0.9615384615384616,198.92822163344107,7.957128865337642,14.104298523219736,0,0.0,5.967346624729693,0.2295133317203728,0.23344326677473762,0,0.0
2259,mMTC,280.5,219.5,561,561,46242500.0,82428.69875222817,561,1.0,162.81646980752757,0.2902254363770545,0.3068410352606478,0,0.0,107.08283067009165,0.19087848604294413,0.2085676376538102,0,0.0
2260,eMBB,493.0,7.0,16,1955,280546239.22009635,143501.91264455055,15,0.9375,187.13874049737785,12.475916033158523,19.42536923313581,0,0.0,3.9960734452533417,0.24975459032833386,0.2527457165043314,0,0.0
2261,eMBB,493.75,6.25,16,1958,305580271.85196245,156067.55457199307,15,0.9375,194.02384992704336,12.934923328469557,18.860725649999985,0,0.0,3.7771200959142144,0.2360700059946384,0.24049041373164032,0,0.0
2262,eMBB,486.75,13.25,20,1926,305326395.64248705,158528.7620158292,19,0.95,196.0863077682202,10.320331987801064,18.710404227216433,0,0.0,4.6397829259395875,0.23198914629697936,0.23874851374574055,0,0.0
2263,mMTC,274.25,225.75,549,548,43475603.0,79335.04197080292,548,0.9981785063752276,167.98108329958941,0.30653482353939676,0.3260815126986971,0,0.0,112.79674918095684,0.20545855952815453,0.22603867953630388,0,0.0
2264,mMTC,294.5,205.5,589,588,47171478.0,80223.60204081633,588,0.99830220713073,186.85294034059186,0.31777710942277526,0.34287810895383297,0,0.0,127.23191196646789,0.2160134328802511,0.2409794101188007,0,0.0
2265,mMTC,281.75,218.25,564,563,45608794.0,81010.29129662522,563,0.99822695035461,175.92126716278676,0.3124711672518415,0.33255937770549354,0,0.0,119.44679804973131,0.2117851029250555,0.23437557881660462,0,0.0
2266,eMBB,491.75,8.25,14,1952,281379630.7634715,144149.40100587677,13,0.9285714285714286,192.99554255487178,14.845810965759368,20.22234024951566,0,0.0,3.398143517518862,0.242724536965633,0.2529665624266968,0,0.0
2267,URLLC,158.5,341.5,634,634,88965493.0,140324.1214511041,634,1.0,40.937780826218734,0.06457063221801063,0.06628473424024,0,0.0,4.124719878526473,0.006505867316287812,0.008322957459178172,0,0.0
2268,mMTC,251.5,248.5,503,502,40691789.0,81059.3406374502,502,0.9980119284294234,152.1180023819802,0.3030239091274506,0.32612169937546753,0,0.0,101.55907968154666,0.20190671904880053,0.22597247817888635,0,0.0
2269,eMBB,497.25,2.75,19,1969,311892918.3811677,158401.68531293434,18,0.9473684210526315,191.71056902192583,10.650587167884769,16.30843851737606,0,0.0,4.4403662562571675,0.23370348717142986,0.23817322592657433,0,0.0
2270,eMBB,493.75,6.25,21,1953,307280978.5086279,157337.93062397742,20,0.9523809523809523,198.77680282450348,9.938840141225175,17.509719776011757,0,0.0,4.96332512443746,0.23634881544940284,0.2391813159799499,0,0.0
2271,mMTC,252.75,247.25,506,505,39883843.0,78977.90693069308,505,0.9980237154150198,160.8233069570882,0.3184619939744321,0.3413243664846141,0,0.0,109.45952626375468,0.2163231744342978,0.24127269812618415,0,0.0
2272,eMBB,486.75,13.25,26,1920,377540528.28333557,196635.69181423727,25,0.9615384615384616,194.91474572165444,7.7965898288661775,14.702452012609728,0,0.0,5.955254404302931,0.22904824631934348,0.2338626986769286,0,0.0
2273,eMBB,489.5,10.5,17,1940,277365671.0847512,142971.99540451093,16,0.9411764705882353,193.170824499627,12.073176531226688,20.223162629158757,0,0.0,4.259857032622735,0.2505798254483962,0.25268405967323354,0,0.0
2274,eMBB,494.0,6.0,17,1958,281572314.6955876,143806.08513564226,16,0.9411764705882353,193.75343855462197,12.109589909663873,19.622270582291392,0,0.0,4.140093206881138,0.2435348945224199,0.2521720613862545,0,0.0
2275,eMBB,496.25,3.75,16,1968,307324908.23962504,156161.03060956555,15,0.9375,187.88253655315944,12.525502436877296,18.213540817882727,0,0.0,3.736144497131498,0.23350903107071863,0.24099181490770868,0,0.0
2276,eMBB,495.75,4.25,19,1963,312565946.1585056,159228.704105199,18,0.9473684210526315,196.57206568954163,10.920670316085646,18.71027929568809,0,0.0,4.404210347881107,0.23180054462532143,0.23849406224484768,0,0.0
2277,eMBB,493.75,6.25,17,1957,311300992.17409533,159070.5120971361,16,0.9411764705882353,195.2633120513301,12.203957003208131,18.709260215824443,0,0.0,3.9394062914398726,0.23172978184940426,0.23900046430260524,0,0.0
2278,eMBB,489.5,10.5,27,1930,304327407.3998831,157682.59450771144,26,0.9629629629629629,195.05722375704866,7.502200913732641,15.606094529289255,0,0.0,6.323984830483712,0.23422166038828565,0.2379300767269336,0,0.0
2279,URLLC,174.75,325.25,699,698,98329073.0,140872.59742120345,698,0.9985693848354793,45.695052403746864,0.0654656911228465,0.06777592278503636,0,0.0,5.125139138149145,0.007332101771314943,0.0093411127657414,0,0.0
2280,URLLC,160.25,339.75,641,641,88028743.0,137330.33229329172,641,1.0,41.90883947866193,0.06538040480290473,0.0678322539575385,0,0.0,4.727756572123461,0.007375595276323652,0.009703264726769262,0,0.0
2281,eMBB,494.5,5.5,19,1958,280097911.8124608,143053.0703843007,18,0.9473684210526315,193.31033045328144,10.73946280296008,20.124320310102622,0,0.0,4.650778935166072,0.2447778386929512,0.2522899705965035,0,0.0
2282,eMBB,495.25,4.75,18,1962,305315640.77795684,155614.4958093562,17,0.9444444444444444,197.1490404424683,11.597002378968725,19.01279981231873,0,0.0,4.262532449261049,0.2368073582922805,0.24156319100732965,0,0.0
2283,eMBB,491.75,8.25,19,1947,309332613.1454814,158876.5347434419,18,0.9473684210526315,185.46024402103325,10.303346890057403,17.80814443274676,0,0.0,4.492252356124398,0.23643433453286306,0.2388289695437217,0,0.0
2284,URLLC,161.25,338.75,645,644,90069483.0,139859.44565217392,644,0.9984496124031008,42.41090414183384,0.0658554412140277,0.06785972991801077,0,0.0,5.053177620857737,0.00783438390830657,0.009817979834799751,0,0.0
2285,mMTC,294.75,205.25,590,589,45974143.0,78054.57215619694,589,0.9983050847457627,187.74739111130577,0.3187561818528112,0.3440670451452461,0,0.0,127.95990178686147,0.21688118946925672,0.24268936479285083,0,0.0
2286,eMBB,490.25,9.75,21,1939,384148155.21049964,198116.63497189255,20,0.9523809523809523,188.26879190197238,9.41343959509862,14.704621983183964,0,0.0,4.7712696963004175,0.22720331887144846,0.2342346531847669,0,0.0
2287,eMBB,493.0,7.0,20,1951,277919806.90751946,142449.92665685262,19,0.95,196.2329515862281,10.328050083485689,20.121989528747267,0,0.0,4.9049764396969255,0.24524882198484627,0.2530508655787991,0,0.0
2288,eMBB,494.5,5.5,21,1956,277446917.87355393,141844.02754271674,20,0.9523809523809523,199.5119381003435,9.975596905017175,17.22161177318176,0,0.0,5.210897555647651,0.24813797884036431,0.252551194725376,0,0.0
2289,mMTC,315.25,184.75,631,630,48681809.0,77272.7126984127,630,0.9984152139461173,191.1667423840313,0.3034392736254465,0.32565130997285385,0,0.0,127.63681080625321,0.20227703772781808,0.22684613493011876,0,0.0
2290,eMBB,494.75,5.25,16,1962,314439393.9492643,160264.726783519,15,0.9375,195.38568692946987,13.025712461964657,18.709712055767927,0,0.0,3.7385256986082553,0.23365785616301596,0.2383324270806902,0,0.0
2291,eMBB,484.25,15.75,22,1914,300888184.4828354,157203.8581415023,21,0.9545454545454546,184.80584590701886,8.800278376524707,17.9101399106108,0,0.0,5.125316327863398,0.23296892399379085,0.23993455792282808,0,0.0
2292,eMBB,492.75,7.25,23,1947,310318580.20219475,159382.93795695674,22,0.9565217391304348,193.4111982647721,8.791418102944187,16.10861067341082,0,0.0,5.367192777415649,0.2333562077137239,0.2374860527920712,0,0.0
2293,eMBB,490.75,9.25,22,1940,383288799.2036896,197571.5459812833,21,0.9545454545454546,190.07588952900227,9.051232834714394,14.80472210200373,0,0.0,5.005580555722318,0.227526388896469,0.23350782175136678,0,0.0
2294,eMBB,496.5,3.5,19,1966,280604233.1376699,142728.5010873194,18,0.9473684210526315,199.59644000550398,11.088691111416887,20.42350504677664,0,0.0,4.743250730621872,0.249644775295888,0.25346038350466016,0,0.0
2295,eMBB,493.75,6.25,19,1955,278787683.79694396,142602.39580406342,18,0.9473684210526315,184.49071724462854,10.249484291368253,19.623226649792947,0,0.0,4.737167998838347,0.2493246315178077,0.25234628615806565,0,0.0
2296,mMTC,310.0,190.0,620,620,50219348.0,80998.94838709677,620,1.0,188.17090689200762,0.30350146272904455,0.3268746577175039,0,0.0,125.68194594328978,0.20271281603756416,0.22758622934143552,0,0.0
2297,eMBB,491.0,9.0,19,1944,308870178.9492644,158883.83690805783,18,0.9473684210526315,194.17275730722477,10.787375405956931,18.509507095401688,0,0.0,4.410494358114857,0.2321312820060451,0.2389222259876831,0,0.0
2298,eMBB,488.5,11.5,20,1933,304493110.13138896,157523.59551546248,19,0.95,195.3734070222824,10.2828108959096,17.001545939641986,0,0.0,4.740066752652778,0.2370033376326389,0.23949344101844688,0,0.0
2299,mMTC,284.5,215.5,569,569,44713820.0,78583.16344463972,569,1.0,181.45520759507687,0.3189019465642827,0.3436507936598523,0,0.0,123.75010891576078,0.21748701039676763,0.24420301605867836,0,0.0
2300,mMTC,299.25,200.75,599,598,47910267.0,80117.5033444816,598,0.998330550918197,187.11887052151624,0.3129078102366492,0.34087683864270274,0,0.0,127.18724566929403,0.21233263049965614,0.24054253030936942,0,0.0
2301,eMBB,488.25,11.75,19,1933,274470554.89282876,141992.00977383796,18,0.9473684210526315,186.91571642164806,10.384206467869337,18.923135487697966,0,0.0,4.6628355274027715,0.24541239617909325,0.2533416723497782,0,0.0
2302,eMBB,496.25,3.75,18,1966,282170624.7178149,143525.24146379193,17,0.9444444444444444,194.2465800079665,11.426269412233323,20.422971454502804,0,0.0,4.467797969276487,0.24821099829313814,0.2529972398032332,0,0.0
2303,eMBB,490.25,9.75,21,1939,300112190.0492064,154776.7870289873,20,0.9523809523809523,192.83676222813236,9.641838111406617,17.410013415586313,0,0.0,4.933917895369591,0.23494847120807577,0.2422686735805265,0,0.0
2304,eMBB,494.5,5.5,17,1960,313199077.56612474,159795.44773781873,16,0.9411764705882353,198.71269015086799,12.419543134429249,18.608785961758585,0,0.0,3.99410929176281,0.23494760539781234,0.23923282371540952,0,0.0
2305,eMBB,494.0,6.0,18,1957,309768980.3905068,158287.67521231825,17,0.9444444444444444,197.43259602354647,11.613682119032145,18.275732834279854,0,0.0,4.244978426594857,0.23583213481082538,0.23935423332222203,0,0.0
2306,eMBB,493.75,6.25,21,1953,311773580.6923818,159638.29016507004,20,0.9523809523809523,198.14972206011072,9.907486103005535,17.707773527913822,0,0.0,4.8533231465134365,0.23111062602444937,0.23749763435759663,0,0.0
2307,eMBB,493.25,6.75,24,1948,384099407.69339925,197176.28731694006,23,0.9583333333333334,197.61223344143443,8.591836236584106,14.201386568345045,0,0.0,5.502147916523886,0.22925616318849526,0.23396234522788736,0,0.0
2308,eMBB,494.75,5.25,14,1964,283029083.35490227,144108.49457988914,13,0.9285714285714286,187.76986429577062,14.443835715059278,20.222186210345168,0,0.0,3.479145339933885,0.24851038142384893,0.2532401507616752,0,0.0
2309,eMBB,496.75,3.25,15,1971,285069869.8918071,144632.10040172862,14,0.9333333333333333,186.4069282705555,13.314780590753966,20.22437225329321,0,0.0,3.6460561957085043,0.24307041304723362,0.2522770198360682,0,0.0
2310,eMBB,489.5,10.5,18,1939,301973905.84505206,155736.92926511195,17,0.9444444444444444,191.70308008453938,11.276651769678788,18.9104821724643,0,0.0,4.220060926293173,0.2344478292385096,0.2411923863592709,0,0.0
2311,eMBB,495.25,4.75,21,1959,310255547.18243647,158374.44981237187,20,0.9523809523809523,197.07868814669135,9.853934407334567,16.509467561738962,0,0.0,4.873227291207324,0.232058442438444,0.23901265313926004,0,0.0
2312,URLLC,185.25,314.75,741,741,103432316.0,139584.77192982455,741,1.0,48.83534121780624,0.0659046440186319,0.06796403741583396,0,0.0,5.896829119344714,0.007957934034203393,0.009877245550757181,0,0.0
2313,URLLC,188.75,311.25,755,755,108399166.0,143575.05430463576,755,1.0,48.84368388407762,0.06469362103851341,0.06657876989141452,0,0.0,5.066282794462253,0.006710308337036096,0.008555229506799133,0,0.0
2314,URLLC,212.5,287.5,850,850,116763554.0,137368.88705882351,850,1.0,55.712674904177014,0.06554432341667885,0.06817312051579849,0,0.0,6.330812198343737,0.007448014350992632,0.00962658562700511,0,0.0
2315,eMBB,493.75,6.25,18,1956,279345674.9526839,142814.76224574842,17,0.9444444444444444,184.2796151992003,10.839977364658841,19.224296164481792,0,0.0,4.39978455937474,0.24443247552081887,0.2518651147235935,0,0.0
2316,mMTC,254.5,245.5,509,509,40843383.0,80242.40275049116,509,1.0,151.93418744066892,0.29849545666143207,0.31953930001707265,0,0.0,101.2758696570791,0.198970274375401,0.2192049967692094,0,0.0
2317,mMTC,254.25,245.75,509,508,41627104.0,81943.11811023622,508,0.9980353634577603,154.54499814667702,0.3042224372966083,0.3269462694229565,0,0.0,103.42876096548054,0.20319992331135664,0.22849028309817018,0,0.0
2318,mMTC,282.5,217.5,565,565,44563547.0,78873.53451327434,565,1.0,172.78480823413813,0.3058138198834303,0.3270962576510109,0,0.0,116.45930983242867,0.20612267226978526,0.22833785464662731,0,0.0
2319,eMBB,493.25,6.75,17,1955,310075827.6594668,158606.56146264286,16,0.9411764705882353,194.35568331193406,12.147230206995879,18.510064730279424,0,0.0,3.9412437474782513,0.23183786749872068,0.23951142030350056,0,0.0
2320,eMBB,493.5,6.5,21,1951,309484668.7859121,158628.73848585962,20,0.9523809523809523,194.87542789158198,9.743771394579099,17.710200929080624,0,0.0,4.863566220900858,0.23159839147146943,0.2388319164568603,0,0.0
2321,mMTC,275.5,224.5,551,551,43664416.0,79245.76406533575,551,1.0,172.73410421886848,0.31349202217580485,0.3421156548790397,0,0.0,117.57471186220164,0.2133842320548124,0.2421557762679286,0,0.0
2322,eMBB,495.25,4.75,16,1964,281450530.52303493,143304.75077547604,15,0.9375,197.33119328152387,13.155412885434924,20.72380186374236,0,0.0,3.9995590901346674,0.2499724431334167,0.2528574161204058,0,0.0
2323,mMTC,293.0,207.0,586,586,47306681.0,80728.12457337884,586,1.0,175.06283333249647,0.2987420364035776,0.3259264040881238,0,0.0,116.7984586275391,0.19931477581491314,0.22640278289154264,0,0.0
2324,mMTC,289.25,210.75,579,578,46683130.0,80766.66089965397,578,0.998272884283247,175.7937142329879,0.3041413741055154,0.32798300788449497,0,0.0,117.74247433076575,0.20335487794605484,0.22990694976483686,0,0.0
2325,eMBB,489.75,10.25,18,1940,308955007.8138472,159255.15866693153,17,0.9444444444444444,195.09370844124496,11.476100496543822,18.508550965495022,0,0.0,4.2066330012273605,0.23370183340152004,0.23819621245512335,0,0.0
2326,eMBB,490.0,10.0,18,1941,308040121.3461657,158701.76267190403,17,0.9444444444444444,191.24747597745977,11.24985152808587,18.709860143931863,0,0.0,4.26068292476453,0.23670460693136278,0.23965002435310592,0,0.0
2327,mMTC,280.0,220.0,560,560,44140268.0,78821.90714285715,560,1.0,178.75817271423443,0.31921102270399004,0.34465027930880154,0,0.0,122.08721277269589,0.21801287995124266,0.2457131173757811,0,0.0
2328,eMBB,488.0,12.0,25,1926,378249974.613069,196391.47176171807,24,0.96,183.04624732112646,7.626926971713602,14.301478998040619,0,0.0,5.7691287748311515,0.23076515099324607,0.2335854339616956,0,0.0
2329,mMTC,271.75,228.25,544,543,42908680.0,79021.51012891345,543,0.9981617647058824,158.0527310861636,0.29107316958777824,0.312988111923594,0,0.0,104.20710655624912,0.19155718116957557,0.21353927329111533,0,0.0
2330,mMTC,269.0,231.0,538,538,42539182.0,79069.11152416357,538,1.0,161.088145025971,0.2994203439144442,0.3207917321538248,0,0.0,107.68614084238142,0.2001601130899283,0.22070179300852563,0,0.0
2331,eMBB,492.5,7.5,21,1948,300423423.5337782,154221.4699865391,20,0.9523809523809523,188.20116528741653,9.410058264370827,16.809759285084308,0,0.0,5.002314338531341,0.2382054446919686,0.24099746031831829,0,0.0
2332,eMBB,489.5,10.5,21,1936,306892785.4015796,158519.00072395641,20,0.9523809523809523,188.2652948759441,9.413264743797205,17.108927543182826,0,0.0,4.965438449209176,0.23644944996234174,0.23808991885350272,0,0.0
2333,eMBB,493.5,6.5,20,1953,308451834.64534676,157937.44733504698,19,0.95,194.2859535559136,10.225576502942822,17.80831798912743,0,0.0,4.656051787534016,0.2328025893767008,0.23941119274127975,0,0.0
2334,URLLC,195.0,305.0,780,779,107787009.0,138365.86521181,779,0.9987179487179487,50.433644771053004,0.06474152088710271,0.06643077538607427,0,0.0,5.313418853075986,0.006812075452661521,0.008562510386074265,0,0.0
2335,eMBB,493.0,7.0,25,1946,381961279.8239306,196280.20545936824,24,0.96,190.7475093817988,7.947812890908284,15.001128378997429,0,0.0,5.772283811961324,0.23089135247845294,0.23396045571540566,0,0.0
2336,eMBB,492.75,7.25,19,1951,276701982.3443854,141825.72134514884,18,0.9473684210526315,197.80431843340884,10.989128801856047,17.02176756435971,0,0.0,4.657540196894942,0.24513369457341802,0.25261365804265956,0,0.0
2337,eMBB,491.5,8.5,20,1945,277816749.69558686,142836.37516482614,19,0.95,193.1790698824515,10.167319467497448,20.522645320738103,0,0.0,4.9585610985315265,0.24792805492657632,0.2527324405468627,0,0.0
2338,eMBB,486.0,14.0,21,1922,296266248.83782405,154144.7704671301,20,0.9523809523809523,185.5300062406281,9.276500312031406,16.410113328683366,0,0.0,5.032822873757048,0.23965823208366896,0.24172834117942,0,0.0
2339,eMBB,489.25,10.75,19,1937,307223494.17068183,158607.8958031398,18,0.9473684210526315,186.9536598239384,10.386314434663245,18.40877149306351,0,0.0,4.497843598083186,0.23672861042543084,0.23891152572656235,0,0.0
2340,eMBB,497.0,3.0,19,1968,310629978.501377,157840.43623037447,18,0.9473684210526315,189.0104037375128,10.500577985417378,17.509423371198974,0,0.0,4.456460330499984,0.23455054371052544,0.2394160100605348,0,0.0
2341,eMBB,494.5,5.5,20,1957,313322637.6637049,160103.54505043683,19,0.95,199.2407886966186,10.486357299822032,17.106158891375486,0,0.0,4.61801792511084,0.23090089625554203,0.23791957057339022,0,0.0
2342,mMTC,241.0,259.0,482,482,37102813.0,76976.79045643154,482,1.0,151.412125042351,0.31413303950695226,0.3339070040249016,0,0.0,103.1758809373509,0.21405784426836286,0.23490599624712372,0,0.0
2343,eMBB,495.0,5.0,16,1963,280219380.8022799,142750.57605821695,15,0.9375,186.53624792898418,12.435749861932278,20.421943386427888,0,0.0,3.90661603834952,0.244163502396845,0.25268848147043105,0,0.0
2344,eMBB,491.5,8.5,17,1948,280249385.94378173,143865.1878561508,16,0.9411764705882353,193.6194663977991,12.101216649862444,20.022738537196076,0,0.0,4.216751786715286,0.248044222747958,0.2528185246397758,0,0.0
2345,eMBB,486.0,14.0,17,1926,300643854.6900477,156097.53618382537,16,0.9411764705882353,191.98980625222626,11.999362890764141,18.810850171905518,0,0.0,3.9792720616108443,0.23407482715357908,0.24100560548711109,0,0.0
2346,URLLC,217.75,282.25,871,871,120261739.0,138073.1791044776,871,1.0,57.45858340630703,0.06596852285454309,0.0691639516689945,0,0.0,6.742579238999345,0.007741193156141613,0.010398853976686816,0,0.0
2347,mMTC,249.25,250.75,499,498,40099975.0,80522.03815261045,498,0.9979959919839679,153.40765633614788,0.3080475026830279,0.3302639873307297,0,0.0,103.32352384520762,0.2070611700304762,0.23029247861278093,0,0.0
2348,mMTC,249.25,250.75,499,498,39123237.0,78560.71686746988,498,0.9979959919839679,159.218099103173,0.3197150584401064,0.34329960660744785,0,0.0,108.873868501122,0.21818410521266934,0.2424900709596333,0,0.0
2349,mMTC,308.5,191.5,617,617,48554282.0,78694.1361426256,617,1.0,193.70728201006483,0.3139502139547242,0.3391012218381133,0,0.0,132.02793210117554,0.21398368249785338,0.23947684767144664,0,0.0
2350,eMBB,491.25,8.75,20,1944,277441931.95268404,142717.04318553707,19,0.95,183.60658369939992,9.663504405231574,20.523275807007163,0,0.0,4.989398467344656,0.24946992336723278,0.253295944707586,0,0.0
2351,mMTC,229.5,270.5,459,459,36016152.0,78466.56209150326,459,1.0,137.48037623231318,0.2995215168459982,0.3218372863432841,0,0.0,91.98115798000553,0.20039467969500116,0.22228808087319868,0,0.0
2352,URLLC,213.5,286.5,854,854,116893065.0,136877.12529274003,854,1.0,56.234509732736946,0.06584837205238518,0.06816781266336217,0,0.0,6.7740840865831125,0.007932182771174605,0.009953946509516013,0,0.0
2353,eMBB,494.75,5.25,20,1958,311453208.0338943,159067.01125326572,19,0.95,196.46339698922694,10.34017878890668,18.6094524555928,0,0.0,4.638215431425668,0.23191077157128343,0.23813066195986496,0,0.0
2354,eMBB,492.25,7.75,19,1949,307965339.5217819,158011.97512661977,18,0.9473684210526315,196.94144118742446,10.941191177079137,18.7089968457823,0,0.0,4.48990637253478,0.23631086171235685,0.2397846686119135,0,0.0
2355,eMBB,486.5,13.5,20,1925,308918226.14487123,160477.00059473832,19,0.95,184.9337951475012,9.733357639342168,17.906054993903872,0,0.0,4.709432076115003,0.23547160380575013,0.23743675881847834,0,0.0
2356,mMTC,283.5,216.5,567,567,46711381.0,82383.38800705467,567,1.0,178.22479123905293,0.31432943781138084,0.33492942608301335,0,0.0,121.60655989683055,0.21447365061169407,0.2363704985830133,0,0.0
2357,mMTC,290.0,210.0,580,580,45839843.0,79034.21206896551,580,1.0,169.18345444349865,0.29169561110948045,0.3143181973478161,0,0.0,111.67939442264371,0.19255068003904088,0.21520399427089304,0,0.0
2358,eMBB,495.25,4.75,18,1962,281369865.35186344,143409.71730472142,17,0.9444444444444444,199.2166295465425,11.718625267443675,19.421268051172103,0,0.0,4.443629784530718,0.24686832136281767,0.2533297490000424,0,0.0
2359,mMTC,302.5,197.5,605,604,49392903.0,81776.32947019867,604,0.9983471074380166,183.9365616194641,0.3045307311580531,0.32450293033847855,0,0.0,123.47422542017605,0.20408962879367942,0.22344522633465064,0,0.0
2360,mMTC,276.5,223.5,553,553,44637531.0,80718.86256781193,553,1.0,169.156057909862,0.30588798898709224,0.3319440493582784,0,0.0,114.09100544558845,0.20631284890703155,0.23273265858904765,0,0.0
2361,mMTC,244.5,255.5,489,489,38919862.0,79590.71983640082,489,1.0,150.8126725542731,0.30841037332162186,0.3407478473982777,0,0.0,101.7361235515381,0.20804933241623333,0.2425862603897307,0,0.0
2362,eMBB,488.5,11.5,20,1933,309780536.0743543,160258.942614772,19,0.95,191.9855572166576,10.104503011403033,17.10744538462984,0,0.0,4.6641072350993875,0.23320536175496936,0.23726997620715673,0,0.0
2363,eMBB,489.0,11.0,22,1933,382441442.611261,197848.6511180864,21,0.9545454545454546,197.35590906493695,9.397900431663665,14.701797665856535,0,0.0,5.0964753066071005,0.23165796848214093,0.23440912768919567,0,0.0
2364,eMBB,495.25,4.75,16,1964,281995992.7667608,143582.4810421389,15,0.9375,191.42823410064108,12.761882273376072,20.52188155635745,0,0.0,4.000865837131215,0.25005411482070095,0.2527808702936197,0,0.0
2365,eMBB,496.0,4.0,17,1966,283000943.02032167,143947.5803765624,16,0.9411764705882353,194.1516325954348,12.134477037214674,20.522605609974274,0,0.0,4.1512764715375425,0.24419273361985544,0.25238281093729864,0,0.0
2366,eMBB,488.75,11.25,16,1938,303654104.76002014,156684.26458205373,15,0.9375,193.75538677710696,12.917025785140464,18.810716533066362,0,0.0,3.8193255113562787,0.23870784445976742,0.24132817868928239,0,0.0
2367,mMTC,271.5,228.5,543,543,43715340.0,80507.07182320442,543,1.0,166.3453278210163,0.30634498677903554,0.3325679697001588,0,0.0,112.34964277417865,0.2069054194736255,0.23414932525571433,0,0.0
2368,mMTC,281.0,219.0,562,562,45520259.0,80996.90213523131,562,1.0,173.25295761323187,0.3082792840093094,0.3332805613361459,0,0.0,116.92454352571048,0.20805078919165565,0.2330587835583681,0,0.0
2369,URLLC,174.0,326.0,696,695,98118134.0,141177.17122302158,695,0.9985632183908046,45.06463392372186,0.06484119989024728,0.0668052446107618,0,0.0,4.854415650574498,0.006974735130135773,0.008757256533838716,0,0.0
2370,eMBB,493.5,6.5,26,1947,383524757.6880436,196982.41278276508,25,0.9615384615384616,193.86987218888,7.7547948875552,14.204619083966533,0,0.0,5.9302962702295074,0.22808831808575028,0.2349479503049185,0,0.0
2371,URLLC,224.0,276.0,896,895,127621049.0,142593.35083798884,895,0.9988839285714286,58.64325609443997,0.06552319116697203,0.06797030025011148,0,0.0,6.805061511291324,0.007594934722423353,0.010052472942419169,0,0.0
2372,eMBB,488.75,11.25,17,1937,276896805.1913743,142951.3707751029,16,0.9411764705882353,183.64331785612563,11.477707366007852,18.21354750067716,0,0.0,4.24571722718567,0.24974807218739237,0.2522304035284587,0,0.0
2373,eMBB,494.25,5.75,17,1959,306261117.6210574,156335.43523280113,16,0.9411764705882353,186.54723222249305,11.659202013905816,18.609552058951593,0,0.0,4.04307383097769,0.23782787241045233,0.24154838495160386,0,0.0
2374,mMTC,308.5,191.5,617,616,48613390.0,78917.84090909091,616,0.9983792544570502,188.91656596468275,0.3066827369556538,0.32977506433851467,0,0.0,127.95347236842863,0.20738002004607559,0.22902110228723266,0,0.0
2375,URLLC,157.75,342.25,631,631,86349950.0,136846.19651347067,631,1.0,41.65517242072663,0.06601453632444791,0.06816551636011925,0,0.0,5.12330977957276,0.008119349888387892,0.010144502974031524,0,0.0
2376,eMBB,491.25,8.75,20,1945,311678224.9999998,160245.87403598963,20,1.0,198.58754169903577,9.929377084951788,17.45492308854815,0,0.0,4.663623909917922,0.23318119549589608,0.23733094729191262,0,0.0
2377,mMTC,262.5,237.5,525,524,40165840.0,76652.36641221374,524,0.9980952380952381,165.05170491743016,0.31498416968975224,0.3355217561857523,0,0.0,113.02250675424268,0.21528096524617654,0.23657579063019676,0,0.0
2378,eMBB,494.75,5.25,19,1959,278688077.4253398,142260.37642947413,18,0.9473684210526315,180.8920017774,10.0495556543,18.42083078223667,0,0.0,4.652291686509801,0.24485745718472637,0.25222595083459487,0,0.0
2379,eMBB,493.0,7.0,15,1956,282720661.6447798,144540.21556481585,14,0.9333333333333333,196.19922398586138,14.014230284704384,19.82261612712545,0,0.0,3.6449538463979194,0.24299692309319462,0.2529928026322149,0,0.0
2380,eMBB,492.75,7.25,21,1949,301855224.2111986,154876.97496726457,20,0.9523809523809523,194.68087846901622,9.73404392345081,17.51172018809477,0,0.0,4.99171635904742,0.23770077900225808,0.24134077668057902,0,0.0
2381,eMBB,492.5,7.5,19,1950,310697058.55353206,159331.8248992472,18,0.9473684210526315,195.99916520171297,10.888842511206276,18.154890691484297,0,0.0,4.447353051616873,0.23407121324299332,0.23913532022635597,0,0.0
2382,eMBB,492.25,7.75,20,1948,307125914.30297476,157662.17366682482,19,0.95,193.8779864428049,10.204104549621311,16.409064452384225,0,0.0,4.6552737426844235,0.2327636871342212,0.23921751154474927,0,0.0
2383,eMBB,490.75,9.25,19,1943,311790100.66370577,160468.39972398648,18,0.9473684210526315,197.69047368565467,10.98280409364748,18.406093603845672,0,0.0,4.446316628564122,0.23401666466126958,0.23845376614908464,0,0.0
2384,eMBB,487.25,12.75,25,1923,378111542.8557903,196625.86731970374,24,0.96,189.0813410957622,7.878389212323426,14.901447212165547,0,0.0,5.711018993120165,0.2284407597248066,0.23401181627653356,0,0.0
2385,eMBB,491.5,8.5,18,1947,277938001.45591056,142751.92678783284,17,0.9444444444444444,197.57517139297073,11.622068905468867,19.62272782334263,0,0.0,4.409989640159819,0.24499942445332326,0.2528762746126755,0,0.0
2386,eMBB,487.25,12.75,19,1929,275573091.42080384,142858.00488377598,18,0.9473684210526315,190.06073329334865,10.558929627408258,19.877746807312715,0,0.0,4.7204394659273605,0.24844418241722951,0.25337813582156676,0,0.0
2387,mMTC,265.5,234.5,531,531,42455967.0,79954.74011299435,531,1.0,162.3852826421598,0.305810325126478,0.32587849902494564,0,0.0,109.07797438814276,0.20541991410196378,0.22620405469734797,0,0.0
2388,eMBB,488.75,11.25,22,1932,304804358.30082065,157766.23100456555,21,0.9545454545454546,194.7344025221272,9.273066786767961,16.10888583698462,0,0.0,5.168384739450629,0.2349265790659377,0.23877791902776027,0,0.0
2389,eMBB,492.25,7.75,22,1946,305896740.9689237,157192.56987097824,21,0.9545454545454546,195.6028757685856,9.314422655646933,16.616401922470295,0,0.0,5.139322409773668,0.23360556408062128,0.2393609168880135,0,0.0
2390,mMTC,248.75,251.25,498,497,39114866.0,78701.94366197183,497,0.9979919678714859,159.19176148513662,0.32030535510087854,0.34600658062046413,0,0.0,108.92496842975197,0.21872483620432123,0.24601243756142774,0,0.0
2391,URLLC,217.5,282.5,870,870,120571812.0,138588.2896551724,870,1.0,57.100751821583664,0.06563304807078582,0.0680144892254237,0,0.0,6.615082019083757,0.007603542550670985,0.009933534504118572,0,0.0
2392,eMBB,493.5,6.5,20,1953,277919922.2953055,142304.1076780878,19,0.95,196.20840967317903,10.326758403851528,19.91281315777875,0,0.0,4.899802679600954,0.2449901339800477,0.2521097384919867,0,0.0
2393,eMBB,494.75,5.25,16,1962,281731024.24705875,143593.79421358753,15,0.9375,194.109001037163,12.940600069144201,19.023382224626623,0,0.0,3.986556103287433,0.24915975645546456,0.2526512249147181,0,0.0
2394,URLLC,200.25,299.75,801,801,111725530.0,139482.5593008739,801,1.0,52.82052789352266,0.06594323082836787,0.06828190277344305,0,0.0,6.4760690712149565,0.00808498011387635,0.010229346699942762,0,0.0
2395,eMBB,491.75,8.25,17,1949,310630260.72779286,159379.30257967822,16,0.9411764705882353,192.1388023447293,12.008675146545581,17.807948461704562,0,0.0,3.9329320967784747,0.23134894686932203,0.23924314125189863,0,0.0
2396,eMBB,494.25,5.75,15,1961,312038877.04986787,159122.32383981024,14,0.9333333333333333,186.23508269903266,13.302505907073762,17.90924305736897,0,0.0,3.4731733406882705,0.23154488937921805,0.23981044409910504,0,0.0
2397,eMBB,489.75,10.25,20,1938,310522671.641506,160228.4167396832,19,0.95,194.01230748053763,10.211174077923033,17.207312739556283,0,0.0,4.699287355918287,0.23496436779591434,0.2378445727197271,0,0.0
2398,eMBB,493.25,6.75,22,1950,385107273.98614365,197490.9097364839,21,0.9545454545454546,192.62984928236972,9.17284996582713,15.002872405135104,0,0.0,5.0758045610879305,0.23071838914036047,0.23398019293449818,0,0.0
2399,mMTC,233.0,267.0,466,466,36708468.0,78773.5364806867,466,1.0,136.07163588694272,0.29199921864150796,0.31043005772506227,0,0.0,89.9314881840368,0.19298602614600172,0.21246866969087425,0,0.0
2400,eMBB,495.75,4.25,18,1964,280668634.1239778,142906.63651933696,17,0.9444444444444444,190.60630202588345,11.212135413287262,19.4223814604588,0,0.0,4.443853641560033,0.2468807578644463,0.25205575857341644,0,0.0
2401,eMBB,490.25,9.75,22,1938,299320214.8555986,154447.99528152664,21,0.9545454545454546,197.09079858871053,9.38527612327193,18.91027621574063,0,0.0,5.2313144308377355,0.23778701958353343,0.24266591767440784,0,0.0
2402,eMBB,493.5,6.5,18,1955,311172125.07014644,159167.32740160942,17,0.9444444444444444,189.24946412147634,11.132321418910372,18.608417203076904,0,0.0,4.17549801605523,0.23197211200306833,0.23829787116318718,0,0.0
2403,eMBB,492.5,7.5,21,1948,307519102.35842365,157864.01558440638,20,0.9523809523809523,189.98342185338456,9.499171092669227,17.308847405778753,0,0.0,4.89826067138948,0.2332505081614038,0.23915118885560885,0,0.0
2404,eMBB,492.5,7.5,22,1947,310946030.6415049,159705.20320570358,21,0.9545454545454546,195.31045384591724,9.300497802186536,18.407978829169203,0,0.0,5.157353255793857,0.23442514799062986,0.23784377737668305,0,0.0
2405,eMBB,489.5,10.5,29,1928,377256990.99999994,195672.71317427384,28,0.9655172413793104,198.44784308711414,7.087422967396933,13.50525792922928,0,0.0,6.700834251946496,0.23106325006712056,0.23447491816435811,0,0.0
2406,eMBB,496.0,4.0,17,1966,280996295.08755875,142927.92222154565,16,0.9411764705882353,198.24029517197263,12.39001844824829,19.52324038644414,0,0.0,4.247427329171693,0.24984866642186426,0.2525757631417247,0,0.0
2407,eMBB,493.0,7.0,20,1951,277743887.37062556,142359.75775019248,19,0.95,198.1777153196561,10.430406069455584,18.22338551747083,0,0.0,4.97237518503651,0.2486187592518255,0.2526524051634793,0,0.0
2408,mMTC,297.5,202.5,595,595,48248322.0,81089.61680672268,595,1.0,182.08062550727448,0.3060178579954193,0.32847088314648165,0,0.0,122.57602211069333,0.20601012119444256,0.22997424212084064,0,0.0
2409,mMTC,271.0,229.0,542,541,42418641.0,78407.83918669132,541,0.9981549815498155,166.26150168646086,0.30732255394909586,0.33141818235485776,0,0.0,112.81399983670387,0.20814391113783,0.23080463739759272,0,0.0
2410,eMBB,488.25,11.75,16,1936,308352601.14932805,159273.03778374384,15,0.9375,194.1164022240687,12.94109348160458,18.207306590798183,0,0.0,3.7879425495993875,0.23674640934996172,0.2399449700472137,0,0.0
2411,eMBB,489.0,11.0,18,1937,311708875.0743544,160923.52869094186,17,0.9444444444444444,191.99729443637906,11.293958496257591,18.406527847851244,0,0.0,4.227337758718523,0.2348520977065846,0.23812495997363237,0,0.0
2412,URLLC,160.25,339.75,641,640,90478028.0,141371.91875,640,0.9984399375975039,42.08158566474546,0.06575247760116479,0.06849944776344422,0,0.0,4.959681990303033,0.007737413401408788,0.01008137672782478,0,0.0
2413,eMBB,492.25,7.75,20,1948,275913307.060582,141639.27467175666,19,0.95,185.89640606807671,9.784021372004037,18.923417512503192,0,0.0,4.990185383028835,0.24950926915144173,0.2525226459380664,0,0.0
2414,eMBB,492.5,7.5,17,1952,280192401.328435,143541.1892051409,16,0.9411764705882353,180.80610130501748,11.300381331563592,19.519795426904935,0,0.0,4.216318648008091,0.24801874400047594,0.25284848755675327,0,0.0
2415,eMBB,491.5,8.5,20,1945,301225601.9068292,154871.77475929522,19,0.95,190.88778225989344,10.046725382099655,18.910355205116694,0,0.0,4.774125996230373,0.23870629981151864,0.24142370208916536,0,0.0
2416,eMBB,494.5,5.5,20,1957,310587748.46005154,158706.05439961754,19,0.95,194.36748227524652,10.22986748817087,18.108446166336464,0,0.0,4.652517772691802,0.23262588863459008,0.23899737069011534,0,0.0
2417,mMTC,274.0,226.0,548,547,44288571.0,80966.30895795247,547,0.9981751824817519,169.20256065805435,0.30932826445713774,0.327874534565077,0,0.0,114.62046460029411,0.20916143175236152,0.22933540786027734,0,0.0
2418,mMTC,293.25,206.75,587,586,46630110.0,79573.56655290103,586,0.9982964224872232,188.11092094139502,0.32100839751091303,0.34725841598261026,0,0.0,129.0028962101131,0.2197664330666322,0.24771445871765294,0,0.0
2419,mMTC,246.5,253.5,493,493,41825937.0,84839.62880324543,493,1.0,155.54171166122816,0.31550042933312,0.3439018553164649,0,0.0,106.41742657956182,0.21585684904576435,0.24434840892757598,0,0.0
2420,eMBB,495.75,4.25,17,1965,280163600.33470005,142576.89584463107,16,0.9411764705882353,190.999329584697,11.937458099043562,19.324641235294223,0,0.0,4.210261336662616,0.24766243156838919,0.2532219636595794,0,0.0
2421,mMTC,267.0,233.0,534,533,43067781.0,80802.59099437148,533,0.99812734082397,160.08060114147617,0.30033883891458946,0.327636369294174,0,0.0,107.4764590681128,0.20126677728111012,0.22878602365314835,0,0.0
2422,eMBB,485.75,14.25,18,1924,299148919.822846,155482.80656073077,17,0.9444444444444444,183.470541803067,10.792384811945118,18.711970030758476,0,0.0,4.3013230238776226,0.23896239021542348,0.24147595346205697,0,0.0
2423,eMBB,486.25,13.75,18,1926,306515487.4280182,159146.15131257437,17,0.9444444444444444,185.65752960714255,10.921031153361326,18.608795633945356,0,0.0,4.185558098244159,0.23253100545800884,0.23924768287853598,0,0.0
2424,eMBB,494.75,5.25,20,1958,307792675.03997445,157197.48469865907,19,0.95,189.8634431086149,9.992812795190257,17.208490782690788,0,0.0,4.75174176471064,0.23758708823553198,0.24010316932059997,0,0.0
2425,URLLC,180.75,319.25,723,723,101979149.0,141049.99861687413,723,1.0,46.94533052759416,0.06493130086804172,0.06669298473539617,0,0.0,5.1585379937479585,0.007134907321919721,0.008872902909098132,0,0.0
2426,eMBB,497.0,3.0,20,1967,390107547.7332134,198326.15543122188,19,0.95,190.18975399310628,10.009987052268752,14.003190937389048,0,0.0,4.58239786359891,0.2291198931799455,0.23357864872311482,0,0.0
2427,eMBB,492.25,7.75,17,1951,279628049.0000001,143325.49923116356,16,0.9411764705882353,198.59993842767835,12.412496151729897,19.92296013473781,0,0.0,4.209603646905464,0.2476237439356155,0.25355505112835675,0,0.0
2428,eMBB,492.25,7.75,21,1947,278037856.8462821,142803.21358309302,20,0.9523809523809523,195.53043778696994,9.776521889348498,20.423516020969604,0,0.0,5.156137317393859,0.24553034844732663,0.25320710992703305,0,0.0
2429,eMBB,492.25,7.75,22,1946,301368574.42285734,154865.6600323008,21,0.9545454545454546,194.4395896200178,9.259028077143705,18.0088060149638,0,0.0,5.187570047950824,0.23579863854321925,0.24216097618414603,0,0.0
2430,eMBB,493.5,6.5,19,1954,310706556.8192792,159010.52037834146,18,0.9473684210526315,182.75403345194817,10.153001858441565,18.00869798547872,0,0.0,4.413574752127158,0.23229340800669254,0.2386475536590986,0,0.0
2431,eMBB,491.75,8.25,20,1946,306151726.23409235,157323.60032584396,19,0.95,190.53378812732066,10.028094111964245,18.108078490768996,0,0.0,4.723239755863611,0.23616198779318057,0.239222852214185,0,0.0
2432,eMBB,494.0,6.0,17,1958,315516782.5707627,161142.38129252437,16,0.9411764705882353,197.7159151554159,12.357244697213494,17.808183447100326,0,0.0,3.919554557961199,0.230562032821247,0.23736414459478677,0,0.0
2433,eMBB,481.75,18.25,25,1901,374028089.2817039,196753.33470894472,24,0.96,189.56090933522435,7.898371222301015,14.502428235087432,0,0.0,5.701283093822589,0.22805132375290355,0.2340174249529664,0,0.0
2434,URLLC,198.0,302.0,792,792,111313668.0,140547.5606060606,792,1.0,52.00020617086504,0.06565682597331444,0.06827123938535826,0,0.0,6.178429427403562,0.007801047256822679,0.010392131693050574,0,0.0
2435,eMBB,493.75,6.25,16,1958,281272007.885315,143652.7108709474,15,0.9375,189.3156849569608,12.621045663797387,19.82212213126171,0,0.0,3.8983180209665917,0.24364487631041198,0.2526908665981268,0,0.0
2436,mMTC,264.5,235.5,529,529,43566660.0,82356.63516068053,529,1.0,162.20737837728544,0.30663020487199516,0.32850359684169206,0,0.0,109.30183991301185,0.2066197351852776,0.22775546419211934,0,0.0
2437,URLLC,171.75,328.25,687,686,95698865.0,139502.71865889212,686,0.9985443959243085,45.63347813116675,0.06652110514747339,0.06859627910978192,0,0.0,5.6746107613297525,0.008259986552153934,0.010506253241446129,0,0.0
2438,eMBB,491.5,8.5,21,1945,306255855.99999976,157458.02365038547,20,0.9523809523809523,198.64461525920987,9.932230762960494,17.00920147236301,0,0.0,4.7274148876250175,0.22511499464881035,0.23902117774750617,0,0.0
2439,mMTC,261.0,239.0,522,522,41338573.0,79192.66858237548,522,1.0,167.82105577847489,0.3214962754376913,0.3452081462053056,0,0.0,115.22557956582546,0.2207386581720794,0.2437735622736817,0,0.0
2440,eMBB,495.5,4.5,22,1959,387158612.97575223,197630.73658792867,21,0.9545454545454546,199.66416303411634,9.507817287338874,15.101491434669887,0,0.0,5.0201250553589185,0.22818750251631448,0.23527469697914838,0,0.0
2441,mMTC,254.25,245.75,509,508,39999681.0,78739.52952755906,508,0.9980353634577603,148.6847114505688,0.29268643986332443,0.3096547713528973,0,0.0,98.45489447073994,0.19342808343956766,0.21137963181044972,0,0.0
2442,eMBB,489.0,11.0,18,1937,276563191.1207453,142779.13842062224,17,0.9444444444444444,185.83265533670146,10.931332666864792,20.223356770087683,0,0.0,4.474343047962165,0.24857461377567583,0.2526533139647801,0,0.0
2443,eMBB,486.5,13.5,21,1924,297288335.8829111,154515.7670909101,20,0.9523809523809523,189.5261604207553,9.476308021037765,16.910966884158263,0,0.0,4.947949385013955,0.23561663738161692,0.2416793784685777,0,0.0
2444,mMTC,237.5,262.5,475,475,36656167.0,77170.87789473684,475,1.0,146.41724733305685,0.308246836490646,0.33296187380659276,0,0.0,99.40629942057818,0.20927641983279616,0.2324974348322338,0,0.0
2445,mMTC,297.5,202.5,595,594,47394760.0,79789.15824915825,594,0.9983193277310924,183.71974510141112,0.3092925001707258,0.33191240245790454,0,0.0,124.48613100631374,0.20922038824590544,0.2325758393809814,0,0.0
2446,mMTC,256.0,244.0,512,512,41305197.0,80674.212890625,512,1.0,164.82212755410782,0.32191821787911684,0.3482458798050365,0,0.0,113.31040797154375,0.2213093905694214,0.24922542954862628,0,0.0
2447,mMTC,279.5,220.5,559,559,45090780.0,80663.29159212881,559,1.0,176.63351616275602,0.31598124537165656,0.34080036482313203,0,0.0,121.00810411247849,0.21647245816185776,0.24187865260090982,0,0.0
2448,eMBB,494.25,5.75,16,1960,280338073.08475125,143029.62912487308,15,0.9375,194.877497724406,12.991833181627067,19.023643023338483,0,0.0,3.9641118975560348,0.24775699359725217,0.25345853319992356,0,0.0
2449,eMBB,495.75,4.25,22,1961,278163981.0000003,141848.0270270272,21,0.9545454545454546,200.71799368834155,9.557999699444835,20.22269954217601,0,0.0,5.229319206039782,0.2376963275472628,0.25277334431324616,0,0.0
2450,URLLC,202.25,297.75,809,808,112693288.0,139471.89108910892,808,0.9987639060568603,53.35356720517214,0.06603164258065859,0.06869508801011193,0,0.0,6.673283367764124,0.008248805151747989,0.010540264358107449,0,0.0
2451,mMTC,300.5,199.5,601,600,47493609.0,79156.015,600,0.9983361064891847,185.08916966946518,0.3084819494491086,0.329291983067029,0,0.0,125.95202947928917,0.2095707645246076,0.23107688528925122,0,0.0
2452,eMBB,492.25,7.75,19,1949,307113909.4193253,157575.12027671898,18,0.9473684210526315,190.32766890391062,10.57375938355059,16.808453418451947,0,0.0,4.490902047774282,0.2363632656723306,0.23932020242190843,0,0.0
2453,eMBB,487.25,12.75,21,1927,308132089.3384212,159902.485385792,20,0.9523809523809523,189.30190440712212,9.465095220356107,18.27369328290704,0,0.0,4.924462375351812,0.23449820835008628,0.23824887059876565,0,0.0
2454,eMBB,496.25,3.75,20,1964,389854792.4786579,198500.40350237163,19,0.95,187.3569237128924,9.86089072173118,14.902314939476176,0,0.0,4.5549648078974965,0.22774824039487482,0.2347148982702861,0,0.0
2455,eMBB,497.25,2.75,17,1971,281519132.3924908,142830.61004185225,16,0.9411764705882353,190.0022524390228,11.875140777438926,18.62334084494557,0,0.0,4.21641095429905,0.24802417378229707,0.25270863767433605,0,0.0
2456,eMBB,488.0,12.0,20,1931,275284406.0105376,142560.54169370153,19,0.95,197.11168059538662,10.374298978704559,19.824006996072626,0,0.0,5.015724747746012,0.2507862373873006,0.2531935307854749,0,0.0
2457,mMTC,296.0,204.0,592,591,48377886.0,81857.67512690356,591,0.9983108108108109,181.38226339380782,0.30690738306904874,0.3268456301435408,0,0.0,122.56240424982258,0.20703108825983543,0.22745740037364168,0,0.0
2458,mMTC,238.5,261.5,477,476,38742215.0,81391.20798319328,476,0.9979035639412998,147.0495488133122,0.30892762355737863,0.3300407044163073,0,0.0,100.23441388501647,0.21013503959122948,0.23081187566808403,0,0.0
2459,mMTC,245.5,254.5,491,491,39260569.0,79960.42566191446,491,1.0,151.9571631337218,0.30948505729882236,0.3307054153897181,0,0.0,102.8875914636364,0.20954702945750794,0.23111648552238045,0,0.0
2460,eMBB,491.5,8.5,19,1946,311308147.69517475,159973.3544168421,18,0.9473684210526315,191.4712456692606,10.637291426070034,17.007325608716393,0,0.0,4.438042309110948,0.23358117416373408,0.23745385942622765,0,0.0
2461,eMBB,490.75,9.25,24,1938,382243035.8114982,197235.82859210434,23,0.9583333333333334,191.8579859921572,8.3416515648764,15.202464527106791,0,0.0,5.476730473613155,0.22819710306721477,0.23391791860862796,0,0.0
2462,eMBB,490.75,9.25,21,1941,275797058.6960566,142090.1899516005,20,0.9523809523809523,196.34272354592693,9.817136177296346,19.024287116313047,0,0.0,5.175474060707219,0.2464511457479628,0.2533077803984193,0,0.0
2463,eMBB,494.5,5.5,17,1960,281221890.1207454,143480.5561840538,16,0.9411764705882353,187.84092215414867,11.740057634634292,19.02260205167622,0,0.0,4.157762074019244,0.24457423964819083,0.2528315022547221,0,0.0
2464,eMBB,493.5,6.5,20,1953,303940394.3722452,155627.44207488233,19,0.95,197.31781424893663,10.385148118365086,18.610189848760953,0,0.0,4.710639321974665,0.23553196609873325,0.2414612084267359,0,0.0
2465,eMBB,491.0,9.0,22,1941,306495941.41064596,157906.2037149129,21,0.9545454545454546,189.97068420044215,9.046223057163912,18.407983355399665,0,0.0,5.2197834884732295,0.23726288583969224,0.23913031169873256,0,0.0
2466,eMBB,490.5,9.5,18,1943,307743965.4397846,158385.98324229778,17,0.9444444444444444,187.29498244183816,11.017351908343421,18.109615522719867,0,0.0,4.2323458469556225,0.23513032483086793,0.23992283228613157,0,0.0
2467,eMBB,496.0,4.0,17,1966,316878521.10381204,161179.30880153205,16,0.9411764705882353,187.49812025707962,11.718632516067476,17.797534248102526,0,0.0,4.006388746004034,0.2356699262355314,0.2379661865103949,0,0.0
2468,eMBB,489.25,10.75,27,1929,378755074.09674686,196347.8870382306,26,0.9629629629629629,192.04797937514743,7.3864607451979785,14.602553101176753,0,0.0,6.26014170249464,0.23185710009239408,0.23450456160274294,0,0.0
2469,mMTC,311.5,188.5,623,622,49395647.0,79414.2234726688,622,0.9983948635634029,182.61169284106944,0.2935879306126518,0.31152316785607503,0,0.0,121.40136192356518,0.19486574947602758,0.21318095657402372,0,0.0
2470,eMBB,489.0,11.0,16,1939,278222743.22458607,143487.74792397424,15,0.9375,187.4179761255996,12.494531741706641,19.720447385013838,0,0.0,4.008483476588863,0.2505302172868039,0.25339562415029093,0,0.0
2471,eMBB,492.75,7.25,22,1948,302470431.80566996,155272.29558812626,21,0.9545454545454546,198.17433833624696,9.436873254106999,18.711899485476096,0,0.0,5.227702988893622,0.23762286313152828,0.24271034409822861,0,0.0
2472,eMBB,488.25,11.75,23,1929,304074052.67249316,157632.99775660608,22,0.9565217391304348,195.42712484238905,8.883051129199503,18.6092746166829,0,0.0,5.406019847662222,0.2350443412027053,0.23867415052869484,0,0.0
2473,URLLC,161.25,338.75,645,645,90334690.0,140053.78294573643,645,1.0,42.72631169687169,0.06624234371608013,0.06829743783827089,0,0.0,5.410054889179393,0.00838768199872774,0.010353615818745951,0,0.0
2474,eMBB,490.5,9.5,24,1937,308188307.556069,159105.99254314354,23,0.9583333333333334,185.42530005228878,8.061969567490817,18.405749517551286,0,0.0,5.643244449834657,0.23513518540977738,0.23829615402420468,0,0.0
2475,eMBB,491.25,8.75,24,1940,381699017.5655288,196752.0709100664,23,0.9583333333333334,193.3954674618907,8.408498585299595,14.501039863119097,0,0.0,5.517976182895046,0.22991567428729356,0.23402205336294687,0,0.0
2476,eMBB,489.25,10.75,19,1937,275888251.9526839,142430.69279952705,18,0.9473684210526315,182.59719542152988,10.144288634529438,20.121652793798024,0,0.0,4.67261558829549,0.24592713622607842,0.25330404212388896,0,0.0
2477,eMBB,489.5,10.5,19,1938,277632302.0866263,143257.12181972462,18,0.9473684210526315,193.67911140326646,10.759950633514803,20.62186806343038,0,0.0,4.658396036383689,0.24517873875703625,0.25228748025780073,0,0.0
2478,eMBB,494.25,5.75,19,1957,303229723.45665145,154946.20513881015,18,0.9473684210526315,190.19151659498087,10.566195366387825,18.610204968268132,0,0.0,4.559334576401365,0.23996497770533498,0.24217255030589452,0,0.0
2479,mMTC,256.75,243.25,514,513,41250075.0,80409.50292397662,513,0.9980544747081712,158.70217771108574,0.3093609701970482,0.3340351187197076,0,0.0,108.08219372031658,0.21027664147921513,0.23409900487355373,0,0.0
2480,eMBB,490.5,9.5,18,1943,307401799.6968959,158209.88147035302,17,0.9444444444444444,197.45743357387607,11.615143151404475,18.410367564585773,0,0.0,4.193953967021754,0.23299744261231967,0.2397331698082033,0,0.0
2481,eMBB,489.5,10.5,20,1937,309894120.14473146,159986.63920739878,19,0.95,186.43250039309225,9.812236862794329,18.207401406597107,0,0.0,4.7322172852893845,0.23661086426446923,0.23849658021997322,0,0.0
2482,eMBB,484.25,15.75,23,1913,377267437.97165376,197212.4610411154,22,0.9565217391304348,186.39286762816587,8.47240307400754,13.70136379003501,0,0.0,5.287588774910969,0.22989516412656386,0.23437978960629544,0,0.0
2483,URLLC,152.75,347.25,611,611,86461738.0,141508.5728314239,611,1.0,40.17154168605839,0.06574720406883533,0.06838311355940627,0,0.0,4.848656865289105,0.007935608617494445,0.010680544328637031,0,0.0
2484,eMBB,490.25,9.75,17,1943,278967819.4173688,143575.82059566074,16,0.9411764705882353,196.03445098289689,12.252153186431055,20.523701466959636,0,0.0,4.257188713393228,0.2504228654937193,0.25313309701633746,0,0.0
2485,mMTC,296.5,203.5,593,592,46004154.0,77709.7195945946,592,0.9983136593591906,181.94724332919222,0.3073433164344463,0.32987659320839907,0,0.0,123.16193544191734,0.20769297713645418,0.22957522637079217,0,0.0
2486,eMBB,493.25,6.75,21,1951,308629735.9966177,158190.5361335816,20,0.9523809523809523,191.06817360020247,9.553408680010124,18.608641909230165,0,0.0,4.891276702101265,0.23291793819529832,0.23920217720954934,0,0.0
2487,eMBB,494.5,5.5,17,1960,310844585.40786403,158594.17622850207,16,0.9411764705882353,195.4821622447953,12.217635140299706,17.70920061954283,0,0.0,3.988590545919903,0.23462297328940607,0.24003684980438822,0,0.0
2488,eMBB,495.0,5.0,18,1961,315548379.67910373,160911.97331927778,17,0.9444444444444444,184.62586153075887,10.860344795926991,17.808488477704756,0,0.0,4.169713972796615,0.2316507762664786,0.23889665129270532,0,0.0
2489,URLLC,158.5,341.5,634,634,86912806.0,137086.4447949527,634,1.0,41.80512546450381,0.06593868369795554,0.06881529092906227,0,0.0,5.049802593670503,0.007964988318092276,0.010178158429062265,0,0.0
2490,eMBB,495.0,5.0,18,1961,280540651.52973574,143059.99568064036,17,0.9444444444444444,189.77590153423657,11.163288325543327,20.32153310624512,0,0.0,4.423866505761826,0.24577036143121253,0.2532932971755686,0,0.0
2491,eMBB,496.0,4.0,20,1963,280733139.69558734,143012.29734874546,19,0.95,194.9667842502926,10.26140969738382,20.52288691129156,0,0.0,4.980132649731751,0.24900663248658755,0.25284924503278994,0,0.0
2492,mMTC,234.0,266.0,468,468,38450599.0,82159.39957264958,468,1.0,144.01647223558447,0.3077275047768899,0.33054806009311366,0,0.0,97.41069601849047,0.20814251286002236,0.23283483137516492,0,0.0
2493,URLLC,177.25,322.75,709,709,97180511.0,137067.01128349788,709,1.0,47.195323431822686,0.06656604151173863,0.06947785382105862,0,0.0,5.929623090668882,0.008363361199815065,0.010824106897981705,0,0.0
2494,mMTC,263.0,237.0,526,526,42145615.0,80124.7433460076,526,1.0,163.58568064623057,0.3109993928635562,0.3356492462669035,0,0.0,111.09888959665807,0.21121461900505337,0.2355144619933992,0,0.0
2495,mMTC,257.0,243.0,514,513,40456847.0,78863.24951267056,513,0.9980544747081712,165.4644647188276,0.3225428162160382,0.34908294418921293,0,0.0,114.1295428303556,0.2220419121213144,0.24839844675331546,0,0.0
2496,eMBB,488.5,11.5,25,1928,378035027.0390889,196076.25883770172,24,0.96,188.24024254055703,7.843343439189876,14.602374500439929,0,0.0,5.799283144916497,0.2319713257966599,0.23421935309433392,0,0.0
2497,eMBB,494.5,5.5,20,1957,277818796.9975469,141961.5723032943,19,0.95,192.608167824411,10.137271990758473,19.620203433320093,0,0.0,4.916267628969543,0.24581338144847714,0.25274284048787743,0,0.0
2498,mMTC,220.0,280.0,440,439,33622342.0,76588.47835990888,439,0.9977272727272727,132.38341880461488,0.3015567626528813,0.32165563439060235,0,0.0,89.12867506900531,0.20256517061137572,0.22357889770257705,0,0.0
2499,eMBB,491.75,8.25,21,1945,301606965.0140607,155067.848336278,20,0.9523809523809523,195.31883138450382,9.765941569225191,18.91152378661212,0,0.0,4.945839788061194,0.2355161803838664,0.24295713825014642,0,0.0
2500,eMBB,491.75,8.25,18,1948,309722862.53250813,158995.30930826906,17,0.9444444444444444,188.94134919508653,11.114197011475678,17.210009335428804,0,0.0,4.2777712659368525,0.23765395921871402,0.23956585692018412,0,0.0
2501,URLLC,188.25,311.75,753,753,106496993.0,141430.26958831341,753,1.0,49.882942529756576,0.06624560760923848,0.06840983607748344,0,0.0,6.369787692448887,0.00845921340298657,0.010589416815347587,0,0.0
2502,eMBB,496.75,3.25,18,1968,316490934.5996487,160818.5643290898,17,0.9444444444444444,198.01850871590727,11.648147571523957,18.30634476613021,0,0.0,4.1643568730748886,0.2313531596152716,0.23793120161272743,0,0.0
2503,eMBB,495.75,4.25,24,1958,385859713.35604554,197068.29078449722,23,0.9583333333333334,197.8540462238734,8.602349835820583,13.801043402528913,0,0.0,5.486097067458605,0.2285873778107752,0.23534945067529423,0,0.0
2504,eMBB,495.25,4.75,16,1964,282201564.0825869,143687.1507548813,15,0.9375,199.21871746493923,13.281247830995948,20.1219140880617,0,0.0,3.9094882068229815,0.24434301292643634,0.25342671436384345,0,0.0
2505,eMBB,490.5,9.5,17,1944,277386321.6192121,142688.4370469198,16,0.9411764705882353,188.0064198986591,11.750401243666193,19.021514724928704,0,0.0,4.230341055494407,0.24884359149967103,0.25336428906386566,0,0.0
2506,eMBB,484.5,15.5,25,1912,294315627.5238437,153930.76753339107,24,0.96,195.56941511835544,8.148725629931477,17.611251073806045,0,0.0,5.9161530552650055,0.23664612221060022,0.2425495895157134,0,0.0
2507,eMBB,494.25,5.75,19,1957,311328182.149507,159084.40579944148,18,0.9473684210526315,198.73075001745954,11.040597223192197,18.310013523277213,0,0.0,4.499385120103878,0.236809743163362,0.23936864137732874,0,0.0
2508,eMBB,495.25,4.75,18,1962,310963067.1661887,158492.89865758855,17,0.9444444444444444,189.24652227040806,11.132148368847533,18.70878767414461,0,0.0,4.190022819035293,0.2327790455019607,0.2400061678507067,0,0.0
2509,eMBB,490.0,10.0,19,1941,310377367.9999998,159905.90829469336,19,1.0,198.02036800891872,10.422124632048353,17.706018729776503,0,0.0,4.491837526954656,0.23641250141866613,0.2386827619067873,0,0.0
2510,URLLC,169.5,330.5,678,677,93533086.0,138158.17725258492,677,0.9985250737463127,44.676845661531864,0.06599238650152417,0.06899934271786615,0,0.0,5.4624116355907395,0.008056654329779853,0.010435581051199483,0,0.0
2511,eMBB,491.25,8.75,17,1947,277698525.1220794,142628.929184427,16,0.9411764705882353,193.54818237956175,12.09676139872261,19.92037122637144,0,0.0,4.171851574846321,0.24540303381448947,0.2537690555536889,0,0.0
2512,eMBB,495.5,4.5,17,1964,281951586.37700945,143559.87086405777,16,0.9411764705882353,191.84026094500032,11.99001630906252,19.622565527079832,0,0.0,4.166302806135126,0.2450766356550074,0.2530965847427473,0,0.0
2513,eMBB,490.0,10.0,21,1938,300527556.0007117,155070.9783285406,20,0.9523809523809523,196.62016317744988,9.831008158872494,18.908764144958887,0,0.0,4.951910065281456,0.23580524120387883,0.24189425551477764,0,0.0
2514,mMTC,303.0,197.0,606,606,49432026.0,81571.0,606,1.0,187.53282607382172,0.3094601090327091,0.3326724577169905,0,0.0,127.80831500168495,0.21090481023380353,0.23356679241784523,0,0.0
2515,mMTC,296.0,204.0,592,592,48777044.0,82393.6554054054,592,1.0,184.29022951670825,0.311301063372818,0.3368433660468241,0,0.0,125.27684929482797,0.2116162994845067,0.23713504638870447,0,0.0
2516,eMBB,489.75,10.25,22,1936,308189336.705255,159188.70697585485,21,0.9545454545454546,187.63032124401647,8.934777202096022,17.005820604224272,0,0.0,5.198200212788985,0.23628182785404475,0.2385474842094369,0,0.0
2517,mMTC,256.0,244.0,512,511,40820314.0,79883.1976516634,511,0.998046875,161.9766284341768,0.31697970339369236,0.33667304448464164,0,0.0,111.36941544131061,0.21751838953380978,0.23670404726241934,0,0.0
2518,eMBB,488.75,11.25,17,1937,276394586.13965863,142692.09403183204,16,0.9411764705882353,195.6974969150399,12.231093557189993,19.824281978382018,0,0.0,4.2220675261727605,0.24835691330428003,0.25386894195142473,0,0.0
2519,eMBB,492.5,7.5,14,1955,282055907.3031043,144274.12138266204,13,0.9285714285714286,184.20829006930995,14.169868466869996,19.71989860338846,0,0.0,3.4478132703315234,0.24627237645225167,0.2523926119108271,0,0.0
2520,eMBB,489.0,11.0,21,1934,298606791.83611655,154398.54800212852,20,0.9523809523809523,195.48523598557662,9.77426179927883,18.612205307742315,0,0.0,5.019265561723064,0.2390126457963364,0.2419798253865272,0,0.0
2521,mMTC,281.0,219.0,562,561,43817033.0,78105.22816399287,561,0.998220640569395,173.91002709251512,0.31000004829325334,0.3354393412702614,0,0.0,118.92114295434742,0.2116034572141413,0.2368985168197851,0,0.0
2522,URLLC,204.5,295.5,818,817,115880931.0,141837.12484700122,817,0.9987775061124694,54.13918288157608,0.06626582972041137,0.06846314839150927,0,0.0,6.982714967829688,0.00853632636653996,0.010757740699201579,0,0.0
2523,mMTC,260.0,240.0,520,520,41625481.0,80049.00192307692,520,1.0,167.97729156819534,0.32303325301576025,0.35013883091284526,0,0.0,115.728011529221,0.222553868325425,0.2500898777504521,0,0.0
2524,mMTC,291.25,208.75,583,582,46818742.0,80444.57388316152,582,0.9982847341337907,184.73863293425916,0.3174203315021635,0.338830455950929,0,0.0,126.92527709592571,0.21771059536179366,0.2407980515064845,0,0.0
2525,mMTC,297.5,202.5,595,594,47197017.0,79456.25757575757,594,0.9983193277310924,174.75987634606417,0.2942085460371451,0.31307541421484025,0,0.0,116.38600790309857,0.19560673597159425,0.21468202388703206,0,0.0
2526,eMBB,491.25,8.75,20,1944,278140432.7433397,143076.35429184142,19,0.95,196.6561523071093,10.35032380563733,20.622483304111153,0,0.0,4.976022383650828,0.24880111918254139,0.2529369618584091,0,0.0
2527,eMBB,494.0,6.0,20,1955,303992276.27265966,155494.77047194866,19,0.95,196.30383921650622,10.331781011395064,18.60925805821043,0,0.0,4.710056116810482,0.2355028058405241,0.2418246659228508,0,0.0
2528,eMBB,495.75,4.25,16,1966,313615222.0676736,159519.4415400171,15,0.9375,193.86640607529296,12.924427071686198,18.6077668147438,0,0.0,3.7460490530711397,0.23412806581694623,0.23946396481323817,0,0.0
2529,mMTC,259.5,240.5,519,519,42421223.0,81736.4605009634,519,1.0,161.4860307671751,0.311148421516715,0.3324075905094297,0,0.0,109.85893894837157,0.21167425616256566,0.23301511947989403,0,0.0
2530,mMTC,309.25,190.75,619,618,50206193.0,81239.79449838187,618,0.9983844911147012,199.74128146660203,0.3232059570656991,0.34678328177498285,0,0.0,137.70314354899503,0.22246065193698714,0.24672404374118512,0,0.0
2531,eMBB,493.25,6.75,22,1950,385297080.81692654,197588.24657278284,21,0.9545454545454546,194.6504608456627,9.269069564079176,15.102637706015622,0,0.0,5.023196119504361,0.2283270963411073,0.23443292853755598,0,0.0
2532,eMBB,493.0,7.0,20,1951,276448334.12207997,141695.71200516657,19,0.95,194.70452159353812,10.247606399659901,19.722224278203075,0,0.0,5.020297948307601,0.25101489741538,0.2529869503081217,0,0.0
2533,eMBB,491.5,8.5,18,1947,279063390.24705935,143329.93849361036,17,0.9444444444444444,193.05785050485252,11.356344147344267,20.22130985932137,0,0.0,4.519252965812106,0.2510696092117837,0.2527522599829112,0,0.0
2534,mMTC,253.0,247.0,506,506,40444768.0,79930.37154150198,506,1.0,156.14955339698724,0.3085959553300143,0.32956419142404336,0,0.0,105.80558407527774,0.20910194481280184,0.23008692646677836,0,0.0
2535,eMBB,492.75,7.25,20,1950,310073643.3786965,159012.12480958796,19,0.95,194.65815748644255,10.245166183496977,18.60682632287635,0,0.0,4.660279670081397,0.23301398350406982,0.23924970854046776,0,0.0
2536,eMBB,495.25,4.75,19,1961,309027249.28219646,157586.56261203287,18,0.9473684210526315,195.61752211227196,10.867640117348442,17.708048610603893,0,0.0,4.4890198510946835,0.23626420268919388,0.2392364829256296,0,0.0
2537,mMTC,273.5,226.5,547,547,45545525.0,83264.2138939671,547,1.0,177.0978096299781,0.32376199201092887,0.34991596665191405,0,0.0,122.30315281937979,0.22358894482519157,0.25153376904507646,0,0.0
2538,mMTC,310.25,189.75,621,620,50061531.0,80744.40483870968,620,0.998389694041868,196.82872313213625,0.3174656824711875,0.3392505013107051,0,0.0,135.33817015685867,0.21793586176627805,0.24075883224390107,0,0.0
2539,eMBB,495.0,5.0,16,1963,280691149.17353964,142990.90635432483,15,0.9375,186.31641331732826,12.421094221155217,19.523173255707338,0,0.0,3.9120009836252274,0.2445000614765767,0.252954952387641,0,0.0
2540,eMBB,494.5,5.5,15,1962,283229092.7921209,144357.33577580066,14,0.9333333333333333,181.98848136890464,12.999177240636046,20.420414222751255,0,0.0,3.6618521537834807,0.2441234769188987,0.2530052451879079,0,0.0
2541,eMBB,490.0,10.0,18,1941,302133973.83702385,155658.925212274,17,0.9444444444444444,197.38348301298058,11.610793118410623,17.21116777823127,0,0.0,4.330533633573196,0.24058520186517754,0.24259041169949772,0,0.0
2542,eMBB,493.0,7.0,20,1951,310151909.58943963,158970.7378725985,19,0.95,197.20129185769892,10.379015360931522,18.207403565388166,0,0.0,4.704220653265235,0.23521103266326177,0.23972780937440347,0,0.0
2543,eMBB,492.75,7.25,19,1951,309220044.3391381,158493.10319791804,18,0.9473684210526315,196.42648572423064,10.912582540235036,18.208379968264946,0,0.0,4.499965726048518,0.23684030137097462,0.23995763620849947,0,0.0
2544,eMBB,495.75,4.25,19,1963,315271956.0649478,160607.21144419143,18,0.9473684210526315,195.46667504244152,10.859259724580085,17.509081655934878,0,0.0,4.448137412197384,0.23411249537880968,0.2391423761884952,0,0.0
2545,mMTC,247.0,253.0,494,493,39668495.0,80463.47870182556,493,0.9979757085020243,156.7974654840858,0.31804759733080284,0.33628159089980103,0,0.0,108.14939145471315,0.2189258936330226,0.23699056370798968,0,0.0
2546,mMTC,273.5,226.5,547,547,43194141.0,78965.52285191957,547,1.0,161.13247568057474,0.2945749098365169,0.31651456775468234,0,0.0,107.28112172809608,0.19612636513363085,0.21819138484869938,0,0.0
2547,mMTC,257.5,242.5,515,515,41765918.0,81098.86990291261,515,1.0,155.7324789619946,0.3023931630329992,0.3298000214161115,0,0.0,104.82392225908865,0.2035415966195896,0.2314698757750858,0,0.0
2548,eMBB,491.5,8.5,18,1947,303508035.9722453,155884.96968271458,17,0.9444444444444444,194.38843243674324,11.434613672749602,18.411098363695228,0,0.0,4.235308217272828,0.23529490095960157,0.24171146950257671,0,0.0
2549,eMBB,493.5,6.5,15,1958,313705717.74147636,160217.42479135667,14,0.9333333333333333,188.5136203680501,13.465258597717865,18.608853960268366,0,0.0,3.4691466634622907,0.2312764442308194,0.23866314690864918,0,0.0
2550,eMBB,493.75,6.25,19,1955,308990914.73885643,158051.61879225392,18,0.9473684210526315,194.7003558529112,10.816686436272844,18.60878099748886,0,0.0,4.476667708024885,0.23561408989604657,0.23960324606040678,0,0.0
2551,eMBB,492.75,7.25,20,1950,311190699.5673712,159584.97413711343,19,0.95,194.4865947670182,10.236136566685168,18.307183858451467,0,0.0,4.69948409272319,0.2349742046361595,0.2381582540856704,0,0.0
2552,eMBB,485.75,14.25,23,1919,378930992.2833357,197462.73698975283,22,0.9565217391304348,194.1651267143423,8.82568757792465,13.803312650472465,0,0.0,5.269831741086742,0.22912311917768444,0.23470890949325626,0,0.0
2553,mMTC,251.5,248.5,503,503,39279445.0,78090.34791252486,503,1.0,148.37352601779688,0.29497718890218066,0.3173217974982721,0,0.0,98.90462066805323,0.19662946454881358,0.21960805151536605,0,0.0
2554,eMBB,494.0,6.0,21,1954,278125421.7178151,142336.4491902841,20,0.9523809523809523,193.61463125596393,9.680731562798197,18.723191846904317,0,0.0,5.170837406625032,0.2462303526964301,0.2533569414031809,0,0.0
2555,mMTC,244.0,256.0,488,488,39042668.0,80005.46721311475,488,1.0,150.89373202786948,0.30920846727022433,0.3313612185550375,0,0.0,102.39843344359586,0.20983285541720464,0.23168519599093493,0,0.0
2556,mMTC,266.0,234.0,532,532,42055505.0,79051.70112781954,532,1.0,165.38553526471793,0.3108750662870638,0.33646236819686703,0,0.0,113.08356593070066,0.21256309385470049,0.23748313059002937,0,0.0
2557,eMBB,492.5,7.5,20,1949,307895012.2986514,157975.89137950304,19,0.95,191.21048345999554,10.06370965578924,18.109017182162955,0,0.0,4.718871272667539,0.23594356363337696,0.24052221325316045,0,0.0
2558,mMTC,306.0,194.0,612,612,48424706.0,79125.3366013072,612,1.0,198.40820462021557,0.32419641277813,0.34699259749569633,0,0.0,137.17131285337797,0.2241361321133627,0.24838319797010178,0,0.0
2559,eMBB,488.75,11.25,23,1931,381082055.6486318,197349.58863212419,22,0.9565217391304348,184.51556016382042,8.387070916537292,14.903436694106404,0,0.0,5.321417092222732,0.23136596053142314,0.2342687674121896,0,0.0
2560,eMBB,493.0,7.0,21,1950,276457597.80703986,141773.12708053325,20,0.9523809523809523,198.0327369584188,9.90163684792094,19.4225531130935,0,0.0,5.281717779680832,0.251510370460992,0.25317685729277273,0,0.0
2561,eMBB,490.25,9.75,21,1939,276492614.63836414,142595.46912757304,20,0.9523809523809523,194.64889800074758,9.732444900037379,20.420751171029337,0,0.0,5.204022725647606,0.24781060598321933,0.2531539610610933,0,0.0
2562,URLLC,211.0,289.0,844,844,116856150.0,138455.15402843602,844,1.0,55.95594391624476,0.06629851174910517,0.06869641076203513,0,0.0,7.241857333552474,0.00858039968430388,0.01094323068063638,0,0.0
2563,URLLC,197.25,302.75,789,789,109405736.0,138663.79721166033,789,1.0,52.639387333209925,0.06671658724107722,0.06971154051798263,0,0.0,6.762503938209922,0.008570980910278735,0.01114015974875185,0,0.0
2564,eMBB,493.25,6.75,18,1954,309709346.6453472,158500.17740294125,17,0.9444444444444444,194.0129750025996,11.412527941329389,18.308289559582903,0,0.0,4.261222982241774,0.236734610124543,0.23968692677164985,0,0.0
2565,eMBB,488.5,11.5,20,1933,310987886.3087383,160883.54180483098,19,0.95,193.2300007087212,10.170000037301117,18.40739278241252,0,0.0,4.645014758044607,0.23225073790223036,0.23826082541222698,0,0.0
2566,eMBB,487.75,12.25,23,1927,380906155.66042525,197667.95830847183,22,0.9565217391304348,192.64070457151817,8.756395662341735,14.70205673257009,0,0.0,5.2493319236661815,0.22823182276809484,0.2346897032684161,0,0.0
2567,eMBB,485.75,14.25,18,1924,274856310.39782524,142856.71018597984,17,0.9444444444444444,193.86595068964323,11.403879452331955,19.920831662944106,0,0.0,4.425421305484466,0.24585673919358145,0.2538593096411285,0,0.0
2568,URLLC,183.25,316.75,733,732,100064363.0,136699.9494535519,732,0.9986357435197817,47.636621693062665,0.06507735203970309,0.06725967071548003,0,0.0,5.176419695061481,0.007061964113317164,0.008797056100095409,0,0.0
2569,eMBB,494.75,5.25,20,1958,303590919.6679102,155051.54222058743,19,0.95,193.67841746835998,10.193600919387368,19.01117413300344,0,0.0,4.7897908542530505,0.23948954271265252,0.2430593987940403,0,0.0
2570,URLLC,220.25,279.75,881,880,120529287.0,136965.09886363638,880,0.9988649262202043,58.69810689608993,0.0667023942001022,0.06904590265511003,0,0.0,7.60345382327567,0.00863048107068748,0.011092396353638675,0,0.0
2571,mMTC,234.0,266.0,468,468,37071555.0,79212.72435897436,468,1.0,146.12100600107152,0.3122243717971614,0.33319838682464925,0,0.0,99.59177028175546,0.21280292795246894,0.234889710585333,0,0.0
2572,mMTC,303.0,197.0,606,605,48333914.0,79890.76694214877,605,0.9983498349834984,196.25132699051244,0.32438235866200404,0.34765358131065605,0,0.0,136.09820342186293,0.2245844940954834,0.2498910331063025,0,0.0
2573,eMBB,488.75,11.25,32,1922,375649852.12758976,195447.3736355826,31,0.96875,193.31759042430687,6.236051304009899,14.902725711773417,0,0.0,7.406898329788852,0.23146557280590163,0.2345634212590481,0,0.0
2574,eMBB,480.75,19.25,17,1897,270147935.91816986,142407.97887093824,16,0.9411764705882353,195.9060822046309,12.244130137789432,19.619630772096386,0,0.0,4.832663994929205,0.2842743526428944,0.805160493347234,0,0.0
2575,eMBB,489.25,10.75,20,1936,276418148.1701797,142777.96909616722,19,0.95,194.8912250806169,10.257432898979836,19.621971602646607,0,0.0,4.918026155675521,0.24590130778377603,0.2532187306902346,0,0.0
2576,eMBB,487.5,12.5,18,1931,300517427.2698744,155627.87533395877,17,0.9444444444444444,195.12384230701412,11.477873076883183,17.509792555117834,0,0.0,4.276252570320231,0.23756958724001287,0.24315803023978336,0,0.0
2577,eMBB,493.75,6.25,21,1953,308189101.5762234,157802.91939386757,20,0.9523809523809523,192.1026141520535,9.605130707602674,17.108506499829367,0,0.0,4.940040196802059,0.23524000937152661,0.2392603063466186,0,0.0
2578,eMBB,490.25,9.75,19,1941,306258475.23409134,157783.86153224696,18,0.9473684210526315,189.84191371718128,10.546772984287848,18.608608451363118,0,0.0,4.524093404172736,0.2381101791669861,0.24010366965674224,0,0.0
2579,mMTC,262.0,238.0,524,524,43061992.0,82179.37404580152,524,1.0,170.0356164240445,0.3244954511909246,0.347941768453347,0,0.0,117.78469078677942,0.22477994424957906,0.24778238212856069,0,0.0
2580,eMBB,492.5,7.5,25,1944,383019673.9716536,197026.58126113866,24,0.96,189.8509677556658,7.910456989819409,14.301052483375516,0,0.0,5.724449402746641,0.22897797610986564,0.23456587352897673,0,0.0
2581,eMBB,492.25,7.75,17,1951,278662367.94577956,142830.5320070628,16,0.9411764705882353,193.64636709260628,12.102897943287893,18.22205128550787,0,0.0,4.1788226924454435,0.2458130995556143,0.25372069063468494,0,0.0
2582,mMTC,297.0,203.0,594,594,48082355.0,80946.72558922559,594,1.0,179.74496987478196,0.3026009593851548,0.3222234386088596,0,0.0,121.13931724401277,0.20393824451854003,0.22434769570287666,0,0.0
2583,mMTC,237.5,262.5,475,474,37715447.0,79568.4535864979,474,0.9978947368421053,146.76892503634937,0.30963908235516746,0.33290181973949295,0,0.0,99.91335579849019,0.21034390694418986,0.2353162334147066,0,0.0
2584,URLLC,194.75,305.25,779,779,108857340.0,139739.84595635431,779,1.0,52.020814187190275,0.06677896558047532,0.06969879419866111,0,0.0,6.827573873344115,0.00876453642277807,0.011387953044814958,0,0.0
2585,mMTC,286.25,213.75,573,572,44627711.0,78020.47377622378,572,0.9982547993019197,178.84857537977933,0.3126723345800338,0.3441187187053353,0,0.0,122.05346993567692,0.21300780093486374,0.246111468448925,0,0.0
2586,eMBB,489.25,10.75,21,1935,309243878.7577874,159815.95801436043,20,0.9523809523809523,196.73030300929082,9.83651515046454,16.308434553179374,0,0.0,4.876102898513554,0.23219537611969304,0.23913222349576135,0,0.0
2587,mMTC,241.5,258.5,483,482,37096834.0,76964.38589211619,482,0.9979296066252588,153.63564878325687,0.3187461593013628,0.3407480317772654,0,0.0,106.13928714400869,0.2197500769027095,0.2428147467772654,0,0.0
2588,eMBB,491.25,8.75,20,1944,275592173.397826,141765.52129517798,19,0.95,196.39308126706558,10.336477961424505,19.921537377216744,0,0.0,5.017872985810623,0.25089364929053115,0.25352948968657973,0,0.0
2589,eMBB,490.25,9.75,18,1942,279265589.7775402,143803.08433446972,17,0.9444444444444444,190.65283151125365,11.21487244183845,20.521646896660535,0,0.0,4.420904485984805,0.24560580477693358,0.2540973076750457,0,0.0
2590,eMBB,495.5,4.5,18,1963,305616421.8228455,155688.4471843329,17,0.9444444444444444,187.32443999844995,11.019084705791172,18.909147822151574,0,0.0,4.279901667459805,0.23777231485887806,0.24226151921624126,0,0.0
2591,eMBB,488.25,11.75,18,1934,307178906.50457174,158830.87202925116,17,0.9444444444444444,190.3339637398232,11.196115514107246,18.208587973084864,0,0.0,4.181097975414951,0.23228322085638617,0.2402705934224583,0,0.0
2592,mMTC,268.5,231.5,537,537,45164914.0,84105.98510242086,537,1.0,167.60012360044112,0.31210451322242294,0.33358580570201896,0,0.0,114.3200439816375,0.21288648786152234,0.23483481561654881,0,0.0
2593,mMTC,312.25,187.75,625,624,51396981.0,82366.95673076923,624,0.9984,202.62232591709275,0.3247152658927768,0.3475802985387342,0,0.0,140.46241943435774,0.2247398710949724,0.24702191740429436,0,0.0
2594,eMBB,492.5,7.5,23,1946,384998604.07355773,197841.00928754252,22,0.9565217391304348,196.74965310779703,8.94316605035441,14.30374709722151,0,0.0,5.2646856682664245,0.2288993768811489,0.2346147143838783,0,0.0
2595,eMBB,495.0,5.0,15,1964,280832852.551318,142990.25078987677,14,0.9333333333333333,188.39447005273226,13.456747860909447,20.62293121849317,0,0.0,3.7677689522531437,0.25118459681687627,0.25366663067683737,0,0.0
2596,mMTC,273.25,226.75,547,546,44669333.0,81811.9652014652,546,0.9981718464351006,165.36290890658154,0.30286247052487464,0.3234673858328188,0,0.0,111.56098389358998,0.2039506104087568,0.22595541967897267,0,0.0
2597,mMTC,257.0,243.0,514,514,40393465.0,78586.50778210117,514,1.0,159.1107138459549,0.3095539179882391,0.33067579667915037,0,0.0,108.16114458304914,0.21043024237947303,0.2309609618073555,0,0.0
2598,eMBB,494.5,5.5,16,1962,314624436.99999976,160359.04026503555,15,0.9375,199.22368151406107,13.28157876760407,17.707563927737556,0,0.0,3.4767708079503823,0.2172981754968989,0.23987401316989054,0,0.0
2599,eMBB,493.5,6.5,17,1956,310958876.7641124,158976.93086099817,16,0.9411764705882353,195.73698427521668,12.233561517201043,18.607796648068383,0,0.0,3.959924731054566,0.2329367488855627,0.2397503178749808,0,0.0
2600,mMTC,287.0,213.0,574,574,45518014.0,79299.67595818815,574,1.0,186.70013719703996,0.32526156306104526,0.3516847351037257,0,0.0,129.61545325686888,0.22581089417572975,0.25340687971911036,0,0.0
2601,eMBB,496.0,4.0,20,1963,390384581.6407777,198871.41194130297,19,0.95,197.15030367990806,10.37633177262674,14.600712785848264,0,0.0,4.575530612899311,0.22877653064496556,0.23466176068741326,0,0.0
2602,URLLC,208.25,291.75,833,833,117008488.0,140466.37214885955,833,1.0,54.93151795038695,0.06594419922015239,0.06845501070952181,0,0.0,6.83382409884858,0.008203870466805019,0.010587892632598725,0,0.0
2603,URLLC,196.5,303.5,786,785,111135026.0,141573.28152866242,785,0.9987277353689568,51.115963170518896,0.06511587665034255,0.06736826098369653,0,0.0,5.630277106896325,0.00716320242607675,0.009070421368311913,0,0.0
2604,eMBB,491.0,9.0,20,1943,300763609.94006705,154793.41736493414,19,0.95,197.88151593285585,10.414816628045045,18.70957675153538,0,0.0,4.798681541387165,0.23993407706935824,0.24176664321518723,0,0.0
2605,eMBB,486.5,13.5,20,1925,305317977.63449204,158606.74162830756,19,0.95,192.91239823944912,10.153284117865743,17.60734767802971,0,0.0,4.723486620662165,0.23617433103310823,0.23989554334773097,0,0.0
2606,eMBB,492.5,7.5,19,1950,307409145.1789429,157645.71547638098,18,0.9473684210526315,195.82016944596398,10.878898302553555,17.807265740800442,0,0.0,4.505245442033706,0.23711818115966873,0.23986325592521635,0,0.0
2607,eMBB,493.0,7.0,20,1951,312003457.49436706,159919.76293919378,19,0.95,187.86180389700777,9.887463363000409,18.0041308866542,0,0.0,4.67845330050797,0.2339226650253985,0.23829295972349046,0,0.0
2608,mMTC,242.0,258.0,484,484,39556790.0,81728.90495867768,484,1.0,154.5903342355821,0.3194015170156655,0.34015681703092315,0,0.0,106.72690691835992,0.2205101382610742,0.24140178980870086,0,0.0
2609,eMBB,488.75,11.25,19,1934,334339082.6501677,172874.3964064983,18,0.9473684210526315,186.78159935001813,10.376755519445451,18.521609951391977,0,0.0,4.4582721599754205,0.23464590315660108,0.2539642067556662,0,0.0
2610,eMBB,494.25,5.75,15,1961,282982533.0529179,144305.218282977,14,0.9333333333333333,190.29348603839438,13.592391859885312,19.919654570913632,0,0.0,3.6730236813133668,0.2448682454208911,0.2533268201850096,0,0.0
2611,eMBB,489.25,10.75,19,1937,300622643.269874,155200.12559105523,18,0.9473684210526315,195.96007869797472,10.886671038776374,17.51005220581515,0,0.0,4.5472598713959,0.23932946691557366,0.242656605139898,0,0.0
2612,eMBB,495.75,4.25,19,1963,311661854.03897446,158768.13756442917,18,0.9473684210526315,195.1468813464783,10.841493408137683,18.208309815613557,0,0.0,4.431421322451349,0.23323270118164993,0.23942661365992043,0,0.0
2613,eMBB,494.75,5.25,18,1960,311606087.84594584,158982.6978805846,17,0.9444444444444444,198.2003816078715,11.658845976933618,18.606726191253895,0,0.0,4.25853182934806,0.23658510163044777,0.2407700995900717,0,0.0
2614,URLLC,196.0,304.0,784,784,107588120.0,137229.74489795917,784,1.0,51.11034707445518,0.0651917692276214,0.0671142859684465,0,0.0,5.84253800060903,0.007452216837511519,0.009311566353061882,0,0.0
2615,eMBB,489.75,10.25,22,1936,382650850.1057851,197650.23249265758,21,0.9545454545454546,184.545526090628,8.787882194791809,14.20181251942477,0,0.0,5.034964053900612,0.22886200245002783,0.234723972987036,0,0.0
2616,eMBB,487.75,12.25,21,1930,274213644.0000005,142079.60829015568,20,0.9523809523809523,197.3594441616488,9.86797220808244,19.623651373520506,0,0.0,4.966110353016868,0.2364814453817556,0.2539629544162407,0,0.0
2617,eMBB,494.5,5.5,19,1958,279884110.6292529,142943.87672586972,18,0.9473684210526315,197.20195887537812,10.955664381965452,20.3216470295502,0,0.0,4.703234242349644,0.24753864433419176,0.25264186540194283,0,0.0
2618,mMTC,264.5,235.5,529,529,41893201.0,79193.1965973535,529,1.0,163.94152773580504,0.3099083700109736,0.3311990756495656,0,0.0,111.5744316024717,0.21091574972111854,0.23330076488033477,0,0.0
2619,eMBB,487.25,12.75,19,1929,305007026.6344915,158116.65455390955,18,0.9473684210526315,193.07940589022343,10.726633660567968,17.408908767620034,0,0.0,4.464751976842859,0.23498694614962415,0.24017122414122452,0,0.0
2620,eMBB,491.5,8.5,21,1944,305852919.1958835,157331.74855755325,20,0.9523809523809523,198.40514427495563,9.920257213747782,17.206859626843652,0,0.0,4.952765436166612,0.23584597315079103,0.24041918942293733,0,0.0
2621,eMBB,489.5,10.5,21,1936,308450723.5996488,159323.72086758717,20,0.9523809523809523,195.47482517679373,9.773741258839687,17.706608964003046,0,0.0,4.925686908248182,0.23455651944038963,0.23885254781258497,0,0.0
2622,mMTC,275.5,224.5,551,551,44168220.0,80160.10889292195,551,1.0,176.46324109953076,0.32025996569787796,0.33887530482524697,0,0.0,122.00544001314194,0.2214254809675897,0.24055297482524696,0,0.0
2623,eMBB,493.0,7.0,16,1955,280763909.84561163,143613.25311795992,15,0.9375,197.89289276777382,13.192859517851588,20.521484994036424,0,0.0,4.001591566438504,0.2500994729024065,0.2538329906266008,0,0.0
2624,eMBB,493.0,7.0,20,1951,277907354.99939674,142443.54433592863,19,0.95,185.69177833286875,9.773251491203618,17.52087686225101,0,0.0,4.92712198440735,0.2463560992203675,0.25360832274851897,0,0.0
2625,eMBB,491.0,9.0,20,1943,300143670.3106566,154474.35425149594,19,0.95,185.27633588269717,9.751386099089325,18.510139787759517,0,0.0,4.796680529960923,0.23983402649804617,0.24313853617600972,0,0.0
2626,mMTC,272.5,227.5,545,545,43845470.0,80450.40366972476,545,1.0,169.6288385328759,0.31124557528968055,0.33212791516444634,0,0.0,116.11907568364536,0.213062524190175,0.23412017089094203,0,0.0
2627,eMBB,486.25,13.75,21,1923,301895789.1822128,156992.090058353,20,0.9523809523809523,186.30245571166097,9.315122785583048,16.308795940203098,0,0.0,4.954198774794665,0.2359142273711745,0.24041049882441995,0,0.0
2628,eMBB,497.25,2.75,15,1973,319764866.1448706,162070.3832462598,14,0.9333333333333333,188.5961966542712,13.471156903876516,18.106664267028933,0,0.0,3.4617137880761177,0.23078091920507451,0.23887894236068918,0,0.0
2629,mMTC,256.5,243.5,513,513,41353020.0,80610.17543859649,513,1.0,164.31317231240527,0.3202985815056633,0.3407059742959278,0,0.0,113.65204400407208,0.2215439454270411,0.24178158929592783,0,0.0
2630,eMBB,489.5,10.5,20,1937,275231399.590267,142091.58471361228,19,0.95,190.10991382162283,10.005784937980149,18.92200125329523,0,0.0,4.940084259210929,0.24700421296054645,0.25337742603990787,0,0.0
2631,mMTC,301.25,198.75,603,602,47980857.0,79702.42026578073,602,0.9983416252072969,183.0600437561222,0.3040864514221299,0.3314877265544361,0,0.0,123.84802733492559,0.2053864466582514,0.23354414057153014,0,0.0
2632,eMBB,493.5,6.5,20,1953,302950913.82917374,155120.7956114561,19,0.95,187.45472476126972,9.866038145329986,18.709917885157367,0,0.0,4.7762767833035005,0.238813839165175,0.24226043673128564,0,0.0
2633,URLLC,167.25,332.75,669,669,93043991.0,139079.20926756354,669,1.0,44.74211576594814,0.06687909681008691,0.0692415013742913,0,0.0,5.96179562825583,0.008911503181249373,0.011183847009196753,0,0.0
2634,mMTC,279.25,220.75,559,558,44105620.0,79042.32974910394,558,0.998211091234347,174.7662731689898,0.3132012063960391,0.3385993313688122,0,0.0,119.5137020513829,0.213799109215354,0.23964190606966693,0,0.0
2635,mMTC,284.5,215.5,569,569,45706732.0,80328.17574692443,569,1.0,185.45734219018902,0.32593557502669424,0.35306550861857566,0,0.0,128.90126840215493,0.22654001476652888,0.25510258041344747,0,0.0
2636,URLLC,178.5,321.5,714,714,98686892.0,138216.9355742297,714,1.0,47.24627392936689,0.06617125200191441,0.06922759908198764,0,0.0,5.920926408533569,0.00829261401755402,0.010799554081987637,0,0.0
2637,eMBB,494.75,5.25,19,1959,278293230.4272923,142058.82104507007,18,0.9473684210526315,196.96953527411537,10.942751959673076,19.619868694171444,0,0.0,4.772955142573398,0.2512081653985999,0.2543449124617925,0,0.0
2638,mMTC,300.5,199.5,601,600,48848559.0,81414.265,600,0.9983361064891847,182.26342001909484,0.3037723666984914,0.3253976695432319,0,0.0,123.51554479982984,0.2055167134772543,0.22667061313297546,0,0.0
2639,eMBB,496.5,3.5,20,1965,304502654.6041589,154963.183004661,19,0.95,190.30694867850866,10.01615519360572,16.618498747076522,0,0.0,4.731901767924411,0.23659508839622054,0.2424131340556228,0,0.0
2640,eMBB,487.5,12.5,18,1931,306206813.6490683,158574.21732214827,17,0.9444444444444444,189.7202713060455,11.160015959179148,17.906961247798343,0,0.0,4.276555521388368,0.23758641785490933,0.23932714289408638,0,0.0
2641,mMTC,277.0,223.0,554,554,42517402.0,76746.21299638989,554,1.0,173.82617358476477,0.3137656562901891,0.33514177917870963,0,0.0,119.02148211160267,0.21484022041805537,0.2367485446487951,0,0.0
2642,mMTC,302.5,197.5,605,604,48324648.0,80007.69536423842,604,0.9983471074380166,197.2009062704175,0.32649156667287665,0.3533960116670578,0,0.0,137.5040634910694,0.22727944378689155,0.2537552212397073,0,0.0
2643,mMTC,249.0,251.0,498,497,39334327.0,79143.51509054325,497,0.9979919678714859,159.04646623350732,0.3200130105301958,0.3415705763723581,0,0.0,110.2311214417,0.22134763341706826,0.2431107540078599,0,0.0
2644,eMBB,487.75,12.25,18,1932,274741457.7908212,142205.72349421386,17,0.9444444444444444,192.25430987164097,11.309077051272999,18.62012956619594,0,0.0,4.528480878933791,0.25158227105187725,0.25337483024204405,0,0.0
2645,eMBB,493.25,6.75,17,1955,280510224.2700457,143483.4906752152,16,0.9411764705882353,187.89263635813137,11.74328977238321,19.921426054271723,0,0.0,4.236092320080071,0.24918190118118067,0.25322910872487403,0,0.0
2646,mMTC,304.5,195.5,609,609,50058548.0,82197.94417077176,609,1.0,189.15365445555224,0.31059713375295933,0.33221929004872996,0,0.0,128.95341107948383,0.2117461594080194,0.2336961348350547,0,0.0
2647,eMBB,493.25,6.75,17,1955,311675065.18243647,159424.58577106724,16,0.9411764705882353,195.91767778019496,12.244854861262185,18.20831735072748,0,0.0,4.043856505088687,0.23787391206404043,0.2400299963600343,0,0.0
2648,eMBB,487.75,12.25,19,1931,305601249.8419075,158260.61617913388,18,0.9473684210526315,195.41417308702466,10.856342949279147,18.70884833477383,0,0.0,4.507959040299391,0.23726100212102058,0.24040912454678978,0,0.0
2649,eMBB,488.5,11.5,19,1934,310378620.59964854,160485.32605979757,18,0.9473684210526315,194.8852994872714,10.82696108262619,18.305265896193465,0,0.0,4.4788831737201065,0.23573069335368982,0.2383732741227842,0,0.0
2650,mMTC,280.0,220.0,560,559,45280143.0,81002.04472271915,559,0.9982142857142857,178.97535018591108,0.32017057278338296,0.3465135710249788,0,0.0,124.12344795688149,0.22164901420871694,0.24748524519164544,0,0.0
2651,eMBB,492.5,7.5,17,1952,277950567.16422904,142392.70858823208,16,0.9411764705882353,186.23567498908787,11.639729686817992,18.722185096860514,0,0.0,4.2799713245544035,0.2517630190914355,0.25368723234644763,0,0.0
2652,eMBB,490.75,9.25,16,1946,279902382.34672064,143834.72885237442,15,0.9375,182.6689335246467,12.177928901643112,20.517073857397527,0,0.0,3.984058685546599,0.24900366784666245,0.2537938897972961,0,0.0
2653,eMBB,446.25,53.75,12,1765,279689176.24777025,158464.12251998315,11,0.9166666666666666,189.37910881245347,17.21628261931395,33.23133763914854,0,0.0,2.8372357762455063,0.23643631468712553,0.24232397362590183,0,0.0
2654,eMBB,495.25,4.75,17,1963,312403136.6865544,159145.7649956976,16,0.9411764705882353,185.82154291935345,11.61384643245959,17.806482640970124,0,0.0,3.9495082212714223,0.23232401301596603,0.23977233855666827,0,0.0
2655,eMBB,491.75,8.25,21,1945,306668621.4900465,157670.24241133497,20,0.9523809523809523,192.3470268452597,9.617351342262985,18.60790576514217,0,0.0,5.001129847786132,0.23814904037076817,0.23991822310039612,0,0.0
2656,eMBB,494.25,5.75,16,1960,316264423.11584693,161359.3995489015,15,0.9375,197.65896295453908,13.177264196969272,18.505355525337396,0,0.0,3.7590248898991283,0.23493905561869552,0.23880301730851836,0,0.0
2657,URLLC,174.75,325.25,699,699,98351655.0,140703.36909871246,699,1.0,46.293145847736746,0.0662276764631427,0.06858613165308668,0,0.0,5.853818386903428,0.008374561354654404,0.010661404313549764,0,0.0
2658,eMBB,487.75,12.25,21,1929,273321568.72697747,141690.80804923663,20,0.9523809523809523,196.72086656438796,9.836043328219398,19.52138940542405,0,0.0,5.289099600517735,0.25186188573893975,0.25442096643984247,0,0.0
2659,URLLC,191.25,308.75,765,765,108152028.0,141375.2,765,1.0,49.902706407686765,0.06523229595776048,0.06730720386418589,0,0.0,5.6125067007637455,0.007336610066357837,0.009116981061838463,0,0.0
2660,eMBB,492.75,7.25,16,1954,304509955.46773136,155839.28120150018,15,0.9375,180.5038025203956,12.03358683469304,18.411434349174773,0,0.0,3.807006684201896,0.2379379177626185,0.2422351149779975,0,0.0
2661,eMBB,492.5,7.5,18,1951,309639865.3651127,158708.28568175947,17,0.9444444444444444,189.93384132148324,11.17257890126372,17.00673518583153,0,0.0,4.195584931722616,0.23308805176236755,0.24030680704521673,0,0.0
2662,mMTC,304.25,195.75,609,608,48545800.0,79845.06578947368,608,0.9983579638752053,190.8965374266721,0.31397456813597385,0.336851690585913,0,0.0,130.84788693983478,0.21485695720826728,0.238705836568819,0,0.0
2663,mMTC,304.5,195.5,609,609,49742776.0,81679.43513957308,609,1.0,198.96173542358568,0.3267023570173821,0.35428131454733913,0,0.0,138.62697971315822,0.22763050856019412,0.25534910736785194,0,0.0
2664,eMBB,492.25,7.75,22,1946,383903617.34679306,197278.32340534072,21,0.9545454545454546,195.54035107608883,9.311445289337563,13.801561415816257,0,0.0,5.0307295090784905,0.22866952313993139,0.23447914772457218,0,0.0
2665,mMTC,234.75,265.25,470,469,36333463.0,77470.07036247334,469,0.997872340425532,139.0952172884566,0.29657828846152795,0.3151699689827876,0,0.0,92.99134629802911,0.19785392829367895,0.21732243154689018,0,0.0
2666,eMBB,493.25,6.75,18,1954,280737978.1918275,143673.47911557188,17,0.9444444444444444,195.75112597239942,11.514772116023495,20.621669602078168,0,0.0,4.425920604339582,0.24588447801886565,0.2533602110276346,0,0.0
2667,mMTC,264.0,236.0,528,528,42203738.0,79931.32196969698,528,1.0,164.22796433089187,0.31103781123274976,0.33173096651454603,0,0.0,112.08526696063541,0.212282702576961,0.2338093846342041,0,0.0
2668,eMBB,491.5,8.5,17,1948,310943969.37381417,159622.16086951445,16,0.9411764705882353,192.39451427887786,12.024657142429866,18.10818287103894,0,0.0,4.026440809687107,0.23684945939335922,0.2391100306220095,0,0.0
2669,mMTC,289.75,210.25,580,579,47366947.0,81808.19861830743,579,0.9982758620689656,182.09394916949904,0.31449732153626775,0.3394649107658355,0,0.0,124.94828501531087,0.21542807761260496,0.24132279965472436,0,0.0
2670,eMBB,489.25,10.75,18,1938,312183917.4283831,161085.612708144,17,0.9444444444444444,196.8811963953072,11.581246846782776,18.20389277763092,0,0.0,4.246747172533266,0.23593039847407032,0.23892570895903775,0,0.0
2671,eMBB,489.25,10.75,20,1936,383119861.8239306,197892.49061153442,19,0.95,188.68256549724308,9.930661341960162,15.00311996090755,0,0.0,4.6146610479502925,0.23073305239751463,0.23536974198643193,0,0.0
2672,mMTC,239.25,260.75,479,478,38350084.0,80230.30125523012,478,0.9979123173277662,141.71103936750424,0.2964666095554482,0.3139227180171934,0,0.0,94.81427435519653,0.19794211765176728,0.2153420243419797,0,0.0
2673,eMBB,495.75,4.25,18,1964,280861453.5735093,143004.81342846705,17,0.9444444444444444,187.54677263429934,11.032163096135255,18.71652721382407,0,0.0,4.42764403641363,0.2459802242452017,0.2532939064271732,0,0.0
2674,mMTC,298.25,201.75,597,596,47286351.0,79339.51510067114,596,0.998324958123953,185.66881609398757,0.31152485921809997,0.33274871250775745,0,0.0,126.87612668304746,0.21252282526473612,0.23517691797784288,0,0.0
2675,eMBB,488.5,11.5,17,1936,307638053.4299447,158903.95321794663,16,0.9411764705882353,191.27180276021986,11.954487672513741,17.20763448511674,0,0.0,4.005726665778055,0.23563098033988558,0.24012531206724758,0,0.0
2676,eMBB,489.25,10.75,20,1936,306075597.3360945,158096.89945046202,19,0.95,194.05711985397855,10.213532623893608,17.606587925147974,0,0.0,4.683615488560085,0.23418077442800428,0.2400934884421008,0,0.0
2677,eMBB,494.0,6.0,19,1956,313861239.9993674,160460.75664589336,18,0.9473684210526315,192.915335449737,10.7175186360965,17.907556962295835,0,0.0,4.414362489836888,0.232334867886152,0.23883963550862666,0,0.0
2678,URLLC,168.75,331.25,675,675,96089742.0,142355.17333333334,675,1.0,44.75552773196076,0.06630448552883075,0.06856391315088654,0,0.0,5.741758302794088,0.008506308596731982,0.010893054817553212,0,0.0
2679,URLLC,183.0,317.0,732,732,104083594.0,142190.70218579235,732,1.0,48.35947350748596,0.06606485451842344,0.06857126655355147,0,0.0,6.142207195947443,0.008390993437086672,0.01092231770739762,0,0.0
2680,eMBB,493.75,6.25,18,1956,280097107.9381753,143198.93043873995,17,0.9444444444444444,198.00682199004436,11.647460117061433,19.620730567471348,0,0.0,4.487545487583366,0.2493080826435203,0.25370949706102686,0,0.0
2681,eMBB,490.75,9.25,20,1942,302062620.7779564,155542.02923684678,19,0.95,195.49536174834805,10.289229565702529,18.91079093722924,0,0.0,4.72763970424952,0.236381985212476,0.2428449751440888,0,0.0
2682,eMBB,495.5,4.5,17,1964,312617096.9235576,159173.67460466272,16,0.9411764705882353,195.27423178050697,12.204639486281685,18.505960038785425,0,0.0,4.011465295600202,0.2359685468000119,0.24053976163503976,0,0.0
2683,eMBB,489.75,10.25,22,1936,304161731.75198114,157108.33251651918,21,0.9545454545454546,184.8114677449108,8.80054608309099,16.107356416335115,0,0.0,5.203472473027648,0.23652147604671125,0.2400294068485777,0,0.0
2684,eMBB,487.75,12.25,20,1930,307620861.46127564,159389.04738926198,19,0.95,182.98262156737485,9.630664293019729,15.103213618237481,0,0.0,4.7154519318702,0.23577259659351002,0.23844277312385073,0,0.0
2685,mMTC,292.25,207.75,585,584,47453853.0,81256.59760273973,584,0.9982905982905983,187.40857367935592,0.32090509191670535,0.34399101229284,0,0.0,129.92067767213388,0.22208662849937416,0.24640035284839557,0,0.0
2686,eMBB,488.5,11.5,18,1935,276515570.5513169,142902.10364409143,17,0.9444444444444444,186.13124443957634,10.948896731739785,20.521895543322607,0,0.0,4.50733003557744,0.25040722419874667,0.25398176702264924,0,0.0
2687,URLLC,224.25,275.75,897,896,124023772.0,138419.38839285713,896,0.9988851727982163,58.47402109746633,0.0652611842605651,0.06743122418590924,0,0.0,6.671379903993356,0.007437435790405079,0.009414612647447706,0,0.0
2688,eMBB,489.25,10.75,25,1931,297257902.3475991,153939.87692780895,24,0.96,188.24424393186283,7.8435101638276175,17.910813659855865,0,0.0,5.932497332363566,0.23729989329454262,0.24351070581432402,0,0.0
2689,eMBB,490.5,9.5,18,1943,308153784.8008169,158596.90416923154,17,0.9444444444444444,191.368668614334,11.25698050672553,17.807275891952436,0,0.0,4.2363019154978065,0.2353501064165448,0.23998090144334241,0,0.0
2690,eMBB,488.0,12.0,18,1933,306484839.34559697,158553.9779335732,17,0.9444444444444444,190.5805765169653,11.210622148056782,18.4089930357223,0,0.0,4.2468267719640265,0.23593482066466814,0.2407093452446727,0,0.0
2691,eMBB,482.75,17.25,21,1909,303954199.86485875,159221.68667619632,20,0.9523809523809523,193.0855893569349,9.654279467846745,16.506171818052625,0,0.0,4.949000252598715,0.2356666786951769,0.23863409565785068,0,0.0
2692,URLLC,154.25,345.75,617,617,87673389.0,142096.25445705024,617,1.0,40.93420404304179,0.0663439287569559,0.06929607414518256,0,0.0,5.294369058875105,0.008580825054902926,0.011123107717553213,0,0.0
2693,eMBB,491.5,8.5,18,1947,278038123.6314595,142803.3506068102,17,0.9444444444444444,191.64334073466222,11.273137690274249,20.42211373736882,0,0.0,4.522613503746038,0.2512563057636688,0.25450045842380875,0,0.0
2694,eMBB,489.75,10.25,21,1937,276370231.87727314,142679.52084526233,20,0.9523809523809523,194.11144712708472,9.705572356354235,19.51685170164609,0,0.0,5.185784593465123,0.2469421234983392,0.2542318944051304,0,0.0
2695,eMBB,491.25,8.75,21,1943,299774443.30766284,154284.32491387692,20,0.9523809523809523,183.17618786965016,9.158809393482509,17.80927759251744,0,0.0,5.04092392451561,0.24004399640550525,0.24248074399086447,0,0.0
2696,eMBB,492.25,7.75,15,1953,312443564.3103025,159981.3437328738,14,0.9333333333333333,193.08157030898047,13.791540736355747,18.307415910284377,0,0.0,3.5588034128199206,0.23725356085466137,0.23978350969564793,0,0.0
2697,eMBB,490.0,10.0,19,1941,306003647.00000036,157652.57444616195,19,1.0,197.95627923470414,10.418751538668639,18.208765164383838,0,0.0,4.448904741409171,0.23415288112679847,0.24054781975898115,0,0.0
2698,eMBB,490.25,9.75,18,1942,311671222.70525503,160489.8160171241,17,0.9444444444444444,187.37738042365905,11.022198848450532,17.704771344760616,0,0.0,4.247478768998557,0.2359710427221421,0.23895831493460512,0,0.0
2699,mMTC,238.5,261.5,477,477,38154930.0,79989.3710691824,477,1.0,153.42982693429755,0.321655821665194,0.3412179023175008,0,0.0,106.5281883826309,0.22332953539335618,0.2435755355780003,0,0.0
2700,eMBB,495.75,4.25,19,1963,279666489.83648235,142468.9199370771,18,0.9473684210526315,191.41717021158726,10.63428723397707,20.221896714923655,0,0.0,4.728287055709183,0.24885721345837805,0.2534402233095364,0,0.0
2701,eMBB,450.5,49.5,15,1787,255859344.99999997,143178.14493564633,15,1.0,181.97120997536027,12.13141399835735,18.820047086340416,0,0.0,3.7418634291237876,0.24945756194158583,0.2538364560318718,0,0.0
2702,eMBB,493.75,6.25,19,1955,302885775.9201738,154928.78563691754,18,0.9473684210526315,194.43606373066712,10.802003540592617,18.807398242464874,0,0.0,4.5395811278658895,0.23892532251925735,0.24202238355629435,0,0.0
2703,eMBB,490.75,9.25,23,1940,306371421.9999997,157923.4134020617,23,1.0,198.71063738772773,8.639592929901205,18.50695605394144,0,0.0,5.433275338779932,0.23622936255564922,0.24054317891000457,0,0.0
2704,eMBB,490.25,9.75,23,1937,303843995.284353,156863.18806626383,22,0.9565217391304348,187.115490184606,8.505249553845728,16.006315260884964,0,0.0,5.443067297474112,0.2366550998901788,0.2406594383782818,0,0.0
2705,eMBB,494.0,6.0,19,1956,313529797.84088546,160291.30768961424,18,0.9473684210526315,195.46437254645468,10.859131808136372,17.874122449677028,0,0.0,4.470263480537653,0.23527702529145544,0.2382898045920228,0,0.0
2706,eMBB,488.0,12.0,29,1922,376873248.0693134,196083.89597779053,28,0.9655172413793104,197.14318709742952,7.040828110622483,14.201133194551247,0,0.0,6.66194819755367,0.22972235163978172,0.2353591877170734,0,0.0
2707,eMBB,494.5,5.5,15,1962,281763623.35098106,143610.40945513814,14,0.9333333333333333,189.5782264225573,13.54130188732552,19.621303306050294,0,0.0,3.76741031186993,0.2511606874579953,0.25444461569825993,0,0.0
2708,eMBB,488.0,12.0,17,1934,276496827.37522846,142966.30164179343,16,0.9411764705882353,194.21792974133504,12.13862060883344,19.41852687750547,0,0.0,4.27154506741984,0.25126735690704943,0.25309630528286736,0,0.0
2709,mMTC,297.5,202.5,595,594,46533052.0,78338.47138047138,594,0.9983193277310924,185.1948395340457,0.3117758241313901,0.3327401788625449,0,0.0,126.92227802156515,0.21331475297742042,0.2340957389302908,0,0.0
2710,eMBB,490.75,9.25,16,1946,310428522.3113323,159521.33726173293,15,0.9375,185.91108109105144,12.394072072736764,17.708670381372233,0,0.0,3.720771830899347,0.2325482394312092,0.24010770844125567,0,0.0
2711,eMBB,494.5,5.5,19,1958,309719345.4137404,158181.4838681003,18,0.9473684210526315,185.77760549384328,10.320978082991294,18.10709553676924,0,0.0,4.482828239771687,0.23593832840903617,0.2404775234286658,0,0.0
2712,eMBB,495.75,4.25,16,1966,317592713.4732904,161542.58060696357,15,0.9375,190.5915352274597,12.706102348497314,18.206068985093527,0,0.0,3.7029846471479715,0.23143654044674822,0.23840601198204633,0,0.0
2713,eMBB,490.5,9.5,21,1940,383312787.00000066,197583.9108247426,20,0.9523809523809523,197.98384104660528,9.899192052330264,14.902230856904604,0,0.0,4.852157279782349,0.23105510856106426,0.23540033516285933,0,0.0
2714,URLLC,171.75,328.25,687,687,96027073.0,139777.39883551674,687,1.0,45.43082706171294,0.06612929703306104,0.06880789039833854,0,0.0,5.8448295536360675,0.008507757719994275,0.01124787219688891,0,0.0
2715,eMBB,490.25,9.75,19,1941,276832643.6447792,142623.7216098811,18,0.9473684210526315,195.58561577237109,10.865867542909506,19.72151302474606,0,0.0,4.703794370926191,0.247568124785589,0.2541083163007123,0,0.0
2716,eMBB,495.25,4.75,19,1961,304271513.07420313,155161.40391341312,18,0.9473684210526315,192.3475713139444,10.685976184108021,17.810364400234796,0,0.0,4.55100222181969,0.2395264327273521,0.24296947698241764,0,0.0
2717,eMBB,492.0,8.0,20,1947,309046352.9896458,158729.50846925823,19,0.95,194.04534180435448,10.212912726544973,18.607220964160035,0,0.0,4.683390153801854,0.2341695076900927,0.2406322270341469,0,0.0
2718,mMTC,289.5,210.5,579,579,46452580.0,80228.98100172712,579,1.0,182.54013483118493,0.31526793580515533,0.3408100638285282,0,0.0,125.50325252041567,0.21675863993163327,0.24327435579434015,0,0.0
2719,mMTC,282.25,217.75,565,564,43658243.0,77408.23226950354,564,0.9982300884955753,184.81276755409934,0.3276822119753534,0.3513507032873545,0,0.0,129.0101857359794,0.22833661192208746,0.2519081700581835,0,0.0
2720,mMTC,270.25,229.75,541,540,42982330.0,79596.9074074074,540,0.9981515711645101,174.10966044261542,0.32242529711595447,0.3482399642855911,0,0.0,121.0528659876152,0.22375760811019446,0.2494654201189244,0,0.0
2721,eMBB,492.0,8.0,17,1950,279084355.1686252,143120.1821377565,16,0.9411764705882353,194.4278050751455,12.151737817196594,20.223037914026808,0,0.0,4.1809866098637185,0.24594038881551286,0.2544129457779422,0,0.0
2722,eMBB,493.75,6.25,16,1958,281140392.3724707,143585.49150790126,15,0.9375,192.76428122036558,12.850952081357706,19.0224686588773,0,0.0,3.9884701508775087,0.2492793844298443,0.2542321850467019,0,0.0
2723,mMTC,242.0,258.0,484,484,38548308.0,79645.26446280992,484,1.0,151.02987409756207,0.31204519441645057,0.33380028476645907,0,0.0,103.4428182555108,0.2137248311064273,0.23581734015107436,0,0.0
2724,mMTC,283.75,216.25,568,567,45236679.0,79782.50264550265,567,0.9982394366197183,177.48828754605782,0.31303048949922013,0.3324586500465132,0,0.0,121.89987781580139,0.2146124609433123,0.2335490383845472,0,0.0
2725,URLLC,177.0,323.0,708,707,98743504.0,139665.4936350778,707,0.998587570621469,47.103859436872966,0.06662497798709048,0.06891328208700212,0,0.0,6.344393570378078,0.008961007867765648,0.01130693901007905,0,0.0
2726,mMTC,265.5,234.5,531,531,43664245.0,82230.21657250471,531,1.0,174.09825429373504,0.32786865215392663,0.35253178773179894,0,0.0,121.62672875082893,0.22905221986973434,0.25330169178986023,0,0.0
2727,eMBB,488.5,11.5,24,1929,379389594.8605718,196676.82470739854,23,0.9583333333333334,195.1076076511864,8.482939463095061,14.900166003990845,0,0.0,5.57218657152949,0.2321744404803954,0.23508242506336136,0,0.0
2728,eMBB,490.25,9.75,14,1946,279634998.8684492,143697.32727052888,13,0.9285714285714286,184.81331620702966,14.216408939002282,19.82107593647681,0,0.0,3.471941863467294,0.247995847390521,0.25342757641810343,0,0.0
2729,URLLC,199.5,300.5,798,797,116435530.0,146092.25846925972,797,0.9987468671679198,52.117456554633215,0.06539204084646577,0.06738982605004451,0,0.0,6.097062487386146,0.007640429182188152,0.009637879345353975,0,0.0
2730,eMBB,492.75,7.25,18,1952,302751805.8818801,155098.26120997957,17,0.9444444444444444,195.11128070425914,11.477134159074067,18.408664785614743,0,0.0,4.284976116096078,0.23805422867200432,0.24225315035731815,0,0.0
2731,eMBB,493.5,6.5,17,1956,311248861.47905725,159125.184805244,16,0.9411764705882353,186.9587449774119,11.684921561088244,17.60665022584019,0,0.0,4.002942223814213,0.2354671896361302,0.2403892559301601,0,0.0
2732,mMTC,241.5,258.5,483,483,39534727.0,81852.43685300207,483,1.0,152.20391418923236,0.31512197554706495,0.3463162596860296,0,0.0,104.690673882566,0.21675087760365633,0.2489728114809013,0,0.0
2733,eMBB,496.25,3.75,19,1965,314894024.63590956,160251.4120284527,18,0.9473684210526315,189.20285077350604,10.511269487417003,18.305287411375403,0,0.0,4.409987024729757,0.23210458024893457,0.23843038140565737,0,0.0
2734,eMBB,490.5,9.5,23,1938,382741505.64077735,197493.0369663454,22,0.9565217391304348,195.31552895944984,8.877978589065902,14.601323748784313,0,0.0,5.351794625591952,0.232686722851824,0.2356094099961007,0,0.0
2735,eMBB,490.25,9.75,15,1945,279178954.05463374,143536.73730315358,14,0.9333333333333333,190.09792126570784,13.57842294755056,20.518724418135157,0,0.0,3.7907376736777705,0.25271584491185134,0.2543979055745931,0,0.0
2736,URLLC,214.0,286.0,856,855,121200686.0,141755.18830409358,855,0.9988317757009346,55.93878875877651,0.06542548392839358,0.06751103680403758,0,0.0,6.625662767606341,0.007740260242530773,0.009728509496345284,0,0.0
2737,eMBB,487.5,12.5,21,1928,298937857.7483109,155050.75609352227,20,0.9523809523809523,190.30244936734118,9.515122468367059,17.809963225523582,0,0.0,4.975115276738814,0.23691025127327686,0.24282326758703168,0,0.0
2738,eMBB,495.25,4.75,17,1963,312394837.5045717,159141.5371903065,16,0.9411764705882353,193.09280582847543,12.068300364279715,18.607129281327694,0,0.0,4.0384985658528505,0.23755873916781473,0.23904877771594735,0,0.0
2739,eMBB,491.25,8.75,19,1945,307217297.52045363,157952.3380567885,18,0.9473684210526315,189.34809220809723,10.519338456005402,16.908384030871566,0,0.0,4.453952336443189,0.23441854402332574,0.24060719574888514,0,0.0
2740,eMBB,495.75,4.25,18,1964,316014085.86519,160903.30237535134,17,0.9444444444444444,197.992980232219,11.646645896012883,18.30640968680709,0,0.0,4.170953634140157,0.23171964634111986,0.2388260839679898,0,0.0
2741,eMBB,486.25,13.75,26,1918,377209055.86057127,196667.91233606427,25,0.9615384615384616,194.4228047635894,7.776912190543576,14.503377972626998,0,0.0,6.05691963367135,0.23295844744889807,0.23564231052727994,0,0.0
2742,eMBB,493.0,7.0,18,1953,279006016.4959916,142860.2235002517,17,0.9444444444444444,190.90132122250367,11.229489483676687,20.220157899418016,0,0.0,4.489388605618209,0.2494104780899005,0.25456439016963084,0,0.0
2743,eMBB,493.75,6.25,17,1957,280558399.74330133,143361.47150909624,16,0.9411764705882353,190.86181914408402,11.928863696505251,19.32107740405813,0,0.0,4.220978253534529,0.2482928384432076,0.2542712718744792,0,0.0
2744,eMBB,495.5,4.5,18,1962,313269135.01926154,159668.26453581118,17,0.9444444444444444,196.0242398974102,11.53083764102413,18.510542620947593,0,0.0,4.280613404057194,0.2378118557809552,0.2426687985728316,0,0.0
2745,URLLC,205.25,294.75,821,820,110582218.0,134856.36341463414,820,0.9987819732034104,55.04662551373131,0.06713003111430647,0.07007296988951696,0,0.0,7.57851432302084,0.009230833523776906,0.011893060274132344,0,0.0
2746,eMBB,486.75,13.25,22,1924,302267394.0516615,157103.63516198623,21,0.9545454545454546,189.8544566987762,9.040688414227438,17.407179362746145,0,0.0,5.257255206321714,0.2389661457418961,0.24065909522517445,0,0.0
2747,eMBB,493.25,6.75,19,1953,312858104.3998831,160193.6018432581,18,0.9473684210526315,195.60455591717357,10.86691977317631,16.704437787776854,0,0.0,4.41690169975214,0.23246851051327053,0.23914188759220376,0,0.0
2748,URLLC,178.25,321.75,713,712,100488381.0,141135.3665730337,712,0.9985974754558204,47.31331999674047,0.06645129213025347,0.06898660477983248,0,0.0,6.21485795854072,0.008716490825442805,0.011430749779832475,0,0.0
2749,URLLC,221.5,278.5,886,885,120550273.0,136214.997740113,885,0.9988713318284425,58.58579010708912,0.06619863288936624,0.06903561253546416,0,0.0,7.661262744270669,0.008647023413398047,0.011535612535464146,0,0.0
2750,eMBB,493.75,6.25,20,1954,278788818.37700945,142675.9561806599,19,0.95,191.55093170575512,10.081627984513426,18.32120822141884,0,0.0,5.005607678591036,0.2502803839295518,0.25364343154451513,0,0.0
2751,mMTC,288.5,211.5,577,576,45705532.0,79349.88194444444,576,0.9982668977469671,180.2633624356785,0.3129572264508307,0.33324331184071926,0,0.0,123.88391706236754,0.2147034957753337,0.23523672996037734,0,0.0
2752,mMTC,259.5,240.5,519,519,42546719.0,81978.26396917149,519,1.0,162.69480885743118,0.31347747371374024,0.3393329486117016,0,0.0,111.85679317674746,0.21552368627504329,0.24081615750059052,0,0.0
2753,eMBB,492.25,7.75,22,1946,306153297.68300223,157324.40785354687,21,0.9545454545454546,195.3445224078772,9.30212011466082,16.808082024528655,0,0.0,5.2463255982330965,0.23846934537423167,0.2408051094340844,0,0.0
2754,eMBB,494.25,5.75,18,1958,314520621.8060102,160633.61685700214,17,0.9444444444444444,196.67645142752008,11.56920302514824,18.505617604956125,0,0.0,4.259479682520571,0.23663776014003174,0.23913261837635774,0,0.0
2755,eMBB,482.25,17.75,22,1906,375801534.9222518,197167.6468637208,21,0.9545454545454546,192.01291822637208,9.143472296493908,14.603020338941935,0,0.0,5.1223584434095555,0.23283447470043434,0.2366429258174883,0,0.0
2756,eMBB,491.5,8.5,16,1949,279019786.31710804,143160.4855398194,15,0.9375,184.15628306959562,12.277085537973042,19.921952587107388,0,0.0,3.984186183412229,0.24901163646326432,0.25411634947944745,0,0.0
2757,eMBB,493.25,6.75,16,1956,280720234.8081071,143517.50245813245,15,0.9375,182.08111186178928,12.138740790785953,19.421904997088376,0,0.0,4.011539754510221,0.25072123465688884,0.25377434250815595,0,0.0
2758,eMBB,488.75,11.25,19,1935,301099887.37224436,155607.1769365604,18,0.9473684210526315,195.2749582157062,10.848608789761455,18.209762595330396,0,0.0,4.486691790025486,0.23614167315923612,0.24301962587940631,0,0.0
2759,eMBB,495.5,4.5,17,1964,313758529.1345393,159754.8519014966,16,0.9411764705882353,196.62069903203962,12.288793689502477,18.408334718150446,0,0.0,3.9668368277214547,0.2333433428071444,0.24043257943476387,0,0.0
2760,eMBB,490.25,9.75,20,1941,306204352.0,157755.97733127253,19,0.95,198.02927778656723,10.422593567714065,18.60640623525639,0,0.0,4.533014623450586,0.2266507311725293,0.2408923796743786,0,0.0
2761,eMBB,486.75,13.25,20,1926,307121854.6791299,159460.983737866,19,0.95,183.98619897743518,9.683484156707115,17.406119252392074,0,0.0,4.734841063257554,0.23674205316287772,0.23903637483585924,0,0.0
2762,eMBB,489.25,10.75,23,1933,381312097.6487701,197264.4064401294,22,0.9565217391304348,192.1668158377777,8.734855265353533,14.200596230283503,0,0.0,5.311011029243353,0.23091352301058057,0.2357663286783793,0,0.0
2763,mMTC,302.0,198.0,604,604,48838906.0,80859.11589403973,604,1.0,179.77439949980769,0.29763973427120477,0.31718551547035584,0,0.0,120.58078763690176,0.19963706562400954,0.219029176666937,0,0.0
2764,URLLC,187.0,313.0,748,748,102531101.0,137073.66443850266,748,1.0,48.99667799743362,0.06550358021047276,0.06773402995174052,0,0.0,5.885377141664404,0.00786815125890963,0.010011049182509736,0,0.0
2765,eMBB,495.75,4.25,16,1966,306950212.7791757,156129.30456723078,15,0.9375,192.59474245148382,12.839649496765588,18.510108836347676,0,0.0,3.8115166217978538,0.23821978886236586,0.24228711631583935,0,0.0
2766,eMBB,494.0,6.0,21,1954,310213940.18869007,158758.41360731324,20,0.9523809523809523,197.28452214538953,9.864226107269477,17.705222992508727,0,0.0,4.959182346757576,0.2361515403217893,0.240868023522667,0,0.0
2767,eMBB,491.75,8.25,18,1948,308313193.2821958,158271.6597957884,17,0.9444444444444444,194.03182255239048,11.413636620728852,18.307198393357574,0,0.0,4.212725554059048,0.234040308558836,0.2406993422191233,0,0.0
2768,mMTC,300.0,200.0,600,600,48965320.0,81608.86666666667,600,1.0,197.09939248684648,0.3284989874780775,0.35416330982449634,0,0.0,137.87399773026556,0.22978999621710927,0.25494825751680406,0,0.0
2769,eMBB,487.5,12.5,26,1923,377858511.0735587,196494.2855296717,25,0.9615384615384616,195.0299966003459,7.801199864013836,13.399977168680707,0,0.0,5.970215302054745,0.22962366546364404,0.23558502799975137,0,0.0
2770,eMBB,497.25,2.75,19,1969,280622507.3389833,142520.31860791432,18,0.9473684210526315,197.67198522235927,10.981776956797738,20.521486492871276,0,0.0,4.695120188676807,0.24711158887772666,0.2545617177863781,0,0.0
2771,eMBB,491.25,8.75,17,1947,279379715.5655561,143492.406556526,16,0.9411764705882353,197.0013578478136,12.31258486548835,20.619513057087737,0,0.0,4.264343486363681,0.2508437344919812,0.2531130490257652,0,0.0
2772,eMBB,492.25,7.75,19,1949,302425058.95310277,155169.3478466407,18,0.9473684210526315,192.46815911685067,10.692675506491703,18.009787927482154,0,0.0,4.5842997105489065,0.24127893213415297,0.24265849992881425,0,0.0
2773,URLLC,205.25,294.75,821,820,111971797.0,136550.97195121952,820,0.9987819732034104,55.125014033554,0.06722562687018781,0.07007710303426547,0,0.0,7.705043910721336,0.009384949952157535,0.012160955726573166,0,0.0
2774,eMBB,492.75,7.25,18,1952,309501932.8402655,158556.3180534147,17,0.9444444444444444,194.0364891686843,11.413911127569666,18.706796644324015,0,0.0,4.219356289910322,0.23440868277279567,0.24148165103724176,0,0.0
2775,eMBB,492.75,7.25,16,1954,314947817.12546927,161181.07324742543,15,0.9375,191.25612517068345,12.75040834471223,18.40271063846097,0,0.0,3.7743831964430217,0.23589894977768885,0.23903688819892926,0,0.0
2776,eMBB,484.25,15.75,23,1913,376469467.30198467,196795.33052900402,22,0.9565217391304348,186.91588746439237,8.496176702926926,14.701061895766625,0,0.0,5.362193037009525,0.23313882769606628,0.2352605680552496,0,0.0
2777,eMBB,493.5,6.5,15,1958,281656476.1826426,143849.06853046097,14,0.9333333333333333,198.08232492011211,14.148737494293723,19.81623651302297,0,0.0,3.6803556259691788,0.2453570417312786,0.25335759375684463,0,0.0
2778,eMBB,488.5,11.5,17,1936,277758893.90377843,143470.50304947232,16,0.9411764705882353,187.98117775597572,11.748823609748483,20.420079048394722,0,0.0,4.2443682837149055,0.24966872257146502,0.25491412580042533,0,0.0
2779,eMBB,496.5,3.5,19,1966,306146805.37224466,155720.6538007348,18,0.9473684210526315,198.37310776887483,11.020728209381936,18.009300404761436,0,0.0,4.490064553235526,0.2363191870123961,0.2433875096527231,0,0.0
2780,eMBB,493.0,7.0,21,1950,308177503.1886899,158039.74522496917,20,0.9523809523809523,196.8416870416191,9.842084352080956,17.807754184752493,0,0.0,4.91901045386825,0.23423859304134523,0.2407714626794312,0,0.0
2781,eMBB,487.75,12.25,20,1930,304353133.655098,157695.9241736259,19,0.95,194.12519446245886,10.217115498024151,18.2064565563327,0,0.0,4.774947665437566,0.23874738327187833,0.24101559047089605,0,0.0
2782,eMBB,494.5,5.5,20,1957,312933283.8333118,159904.59061487572,19,0.95,188.95797051706649,9.945156343003498,16.504874135904892,0,0.0,4.710446090453094,0.2355223045226547,0.23941805750023218,0,0.0
2783,eMBB,482.5,17.5,22,1908,376299685.99999934,197222.05765199126,22,1.0,195.1738308034218,8.871537763791899,14.601097778484029,0,0.0,5.0871793395626055,0.23123542452557297,0.23659283385178922,0,0.0
2784,eMBB,491.75,8.25,17,1949,278890990.8047311,143094.40267046232,16,0.9411764705882353,192.779892108258,12.048743256766125,20.621559909835042,0,0.0,4.244128865391584,0.24965463914068142,0.2549711863919209,0,0.0
2785,mMTC,296.5,203.5,593,592,47016978.0,79420.57094594595,592,0.9983136593591906,180.85137986749223,0.3054921957221152,0.3270820181077507,0,0.0,122.96247820518744,0.207356624292053,0.22900983459151872,0,0.0
2786,eMBB,490.5,9.5,18,1943,302248264.6817345,155557.5217095906,17,0.9444444444444444,188.26730129125605,11.074547134779767,18.910380815284068,0,0.0,4.255219336672535,0.23640107425958526,0.24260748424592624,0,0.0
2787,URLLC,170.75,329.25,683,683,96122399.0,140735.57686676428,683,1.0,45.92082777232026,0.06723400845142058,0.06974075696723957,0,0.0,6.460645277704843,0.009459217097664485,0.011977887736470327,0,0.0
2788,eMBB,487.5,12.5,20,1929,303942103.3029753,157564.59476566888,19,0.95,192.02639150238713,10.106652184336165,16.407752906740612,0,0.0,4.775838423275133,0.23879192116375667,0.24103935416670424,0,0.0
2789,URLLC,164.75,335.25,659,659,91980564.0,139575.96965098634,659,1.0,43.18558039212772,0.06553198845542901,0.06738391993391635,0,0.0,5.165795788666203,0.007838840346989685,0.009833006472377883,0,0.0
2790,eMBB,490.75,9.25,21,1941,384095260.4941979,197885.24497382683,20,0.9523809523809523,196.6854222648041,9.834271113240204,14.599344202545327,0,0.0,4.8710766465786275,0.23195603078945845,0.2352879446994657,0,0.0
2791,eMBB,488.5,11.5,17,1936,277276968.84365916,143221.57481593965,16,0.9411764705882353,187.2730651175613,11.70456656984758,20.421217649329392,0,0.0,4.237418113137776,0.2492598890081045,0.254757029003417,0,0.0
2792,eMBB,492.75,7.25,15,1955,281187213.7309324,143829.77684446672,14,0.9333333333333333,184.08625029042972,13.149017877887838,20.420517080021288,0,0.0,3.6870918716053445,0.24580612477368963,0.25388634207735644,0,0.0
2793,URLLC,205.75,294.25,823,822,116165020.0,141319.97566909975,822,0.9987849331713244,54.59855851287691,0.06642160403026388,0.06924540970802287,0,0.0,7.212169230775373,0.00876326759510981,0.011513588174271842,0,0.0
2794,eMBB,489.5,10.5,21,1936,306657079.4299451,158397.25177166588,20,0.9523809523809523,192.1177177205174,9.60588588602587,18.706740131388038,0,0.0,4.999593614090355,0.238075886385255,0.24021725341878863,0,0.0
2795,eMBB,493.25,6.75,21,1951,307868809.4193256,157800.51738561023,20,0.9523809523809523,190.85132969178466,9.542566484589234,18.30618888764057,0,0.0,4.935185440743556,0.2350088305115979,0.2405426213086087,0,0.0
2796,mMTC,295.75,204.25,592,591,46939047.0,79423.09137055838,591,0.9983108108108109,194.60884837342707,0.32928739149480046,0.3553522114033808,0,0.0,136.3824377959913,0.23037573952025558,0.2565489543093637,0,0.0
2797,eMBB,489.25,10.75,24,1932,381257550.3019851,197338.2765538225,23,0.9583333333333334,188.97895973942724,8.21647651040988,14.59831701552752,0,0.0,5.5655872293510775,0.23189946788962823,0.23580718094893507,0,0.0
2798,eMBB,493.0,7.0,17,1954,279443173.64306647,143010.83605069932,16,0.9411764705882353,194.025154139246,12.126572133702876,20.318247378860985,0,0.0,4.190967763513611,0.24652751550080065,0.2551874852063452,0,0.0
2799,URLLC,220.25,279.75,881,881,120692148.0,136994.49262202042,881,1.0,57.76776168783435,0.0655706716093466,0.067614395763308,0,0.0,7.057031734757453,0.008010251685309255,0.009976345289364202,0,0.0
2800,eMBB,491.75,8.25,19,1947,302361099.7558985,155295.89098916203,18,0.9473684210526315,182.0468073005915,10.113711516699528,17.810120070409027,0,0.0,4.566559102545406,0.2403452159234424,0.24246697781652235,0,0.0
2801,eMBB,495.75,4.25,19,1963,312630206.896828,159261.4400900805,18,0.9473684210526315,194.53178790829998,10.80732155046111,17.605077487827558,0,0.0,4.451231852468511,0.2342753606562374,0.2404861799938641,0,0.0
2802,eMBB,494.25,5.75,18,1958,309677069.73885554,158159.89261432868,17,0.9444444444444444,194.72643519180835,11.454496187753433,16.307846891460002,0,0.0,4.215768515010732,0.23420936194504063,0.24098099789570965,0,0.0
2803,mMTC,289.25,210.75,579,578,45566800.0,78835.29411764706,578,0.998272884283247,190.64297218595158,0.3298321318096048,0.3564839714739154,0,0.0,133.77752561774648,0.23104926704274004,0.2580982237354912,0,0.0
2804,mMTC,285.75,214.25,572,571,44641880.0,78181.92644483362,571,0.9982517482517482,184.42719955738085,0.3229898416066214,0.35026701779839986,0,0.0,128.39196339988067,0.22446147447531584,0.2519247836317332,0,0.0
2805,mMTC,244.5,255.5,489,489,40052421.0,81906.79141104294,489,1.0,145.97769785797564,0.29852289950506267,0.3207337793992963,0,0.0,98.10822765968501,0.2006303224124438,0.22323745324545013,0,0.0
2806,mMTC,227.5,272.5,455,454,37362257.0,82295.72026431718,454,0.9978021978021978,139.0145400580278,0.30619942744058987,0.3248446597392212,0,0.0,94.71456163186429,0.20816387171838305,0.22639726349990494,0,0.0
2807,eMBB,497.75,2.25,16,1974,308935686.03759056,156502.3738792252,15,0.9375,187.64186292552498,12.509457528368332,18.510401895638115,0,0.0,3.7687255587425663,0.2355453474214104,0.2427232970122014,0,0.0
2808,eMBB,491.75,8.25,20,1946,308162725.77641314,158357.00194060284,19,0.95,196.90844590968763,10.363602416299349,17.907483575202907,0,0.0,4.762740705073045,0.23813703525365226,0.24071808420797128,0,0.0
2809,eMBB,493.5,6.5,20,1953,308495653.1313888,157959.88383583655,19,0.95,197.23670136157662,10.380879019030349,17.40636540432588,0,0.0,4.693609682370723,0.23468048411853615,0.2408642054959498,0,0.0
2810,eMBB,493.75,6.25,15,1959,316682878.966355,161655.3746637851,14,0.9333333333333333,181.86162953198487,12.990116395141778,18.204816104656715,0,0.0,3.550858726598817,0.2367239151065878,0.2385358629420359,0,0.0
2811,eMBB,490.0,10.0,21,1938,383178213.701076,197718.37652274303,20,0.9523809523809523,190.97201647677133,9.548600823838566,14.50021961049741,0,0.0,4.860450726214327,0.23145003458163463,0.23597536428649338,0,0.0
2812,eMBB,489.0,11.0,20,1935,274394622.316004,141806.00636485993,19,0.95,191.23490539047384,10.064995020551255,18.52162884487076,0,0.0,5.000577896127609,0.25002889480638046,0.2552242168584981,0,0.0
2813,mMTC,301.5,198.5,603,603,50066257.0,83028.61857379768,603,1.0,184.65137157576254,0.3062211800593077,0.3278530753427704,0,0.0,125.63656123866829,0.20835250620011325,0.2294207727786678,0,0.0
2814,mMTC,239.0,261.0,478,478,38321180.0,80169.83263598326,478,1.0,149.96982760898948,0.31374440922382735,0.3347815623852793,0,0.0,103.09095757548539,0.21567145936294016,0.23649867225863652,0,0.0
2815,eMBB,491.25,8.75,26,1938,304744987.3651122,157247.15550315386,25,0.9615384615384616,190.32906870106862,7.613162748042745,17.574132239154743,0,0.0,6.178523290793949,0.23763551118438267,0.24036443867985613,0,0.0
2816,URLLC,157.75,342.25,631,631,87853640.0,139229.22345483358,631,1.0,42.155455417806884,0.06680737784121535,0.06920378813922017,0,0.0,5.797802927806839,0.009188277223148715,0.011703788139220158,0,0.0
2817,mMTC,273.0,227.0,546,546,44932256.0,82293.50915750916,546,1.0,180.1396589331385,0.3299261152621584,0.3578316271658375,0,0.0,126.50531058031814,0.2316947080225607,0.2595881088752392,0,0.0
2818,eMBB,490.0,10.0,22,1937,383043308.0780954,197750.80437692069,21,0.9545454545454546,190.4809971923203,9.070523675824777,14.802094145366139,0,0.0,5.10570364924535,0.23207743860206137,0.23537959764494942,0,0.0
2819,eMBB,484.25,15.75,21,1915,270518170.78727597,141262.75236933472,20,0.9523809523809523,192.30360593055468,9.615180296527734,18.723056163832517,0,0.0,5.302239397250209,0.25248759034524804,0.25533561330088006,0,0.0
2820,eMBB,491.75,8.25,18,1948,279640275.9381755,143552.50304834472,17,0.9444444444444444,197.23356784167788,11.601974578922228,19.611971551765876,0,0.0,4.53253822380448,0.25180767910024887,0.2543371993749746,0,0.0
2821,mMTC,261.75,238.25,524,523,42837300.0,81906.88336520076,523,0.9980916030534351,164.01298218466218,0.3136003483454344,0.33516616824137385,0,0.0,112.76842803491826,0.21520692373076003,0.2377331169593225,0,0.0
2822,eMBB,494.0,6.0,19,1956,311549004.0927998,159278.63194928414,18,0.9473684210526315,199.19527532747279,11.0664041848596,18.206517322905253,0,0.0,4.5180978299327705,0.23779462262804055,0.24048116305500453,0,0.0
2823,eMBB,487.75,12.25,17,1933,307037022.6400568,158839.63923438013,16,0.9411764705882353,185.51949569193332,11.594968480745832,17.904485931011767,0,0.0,3.979826408088468,0.2341074357699099,0.2408839963059007,0,0.0
2824,mMTC,257.0,243.0,514,514,40225226.0,78259.19455252918,514,1.0,169.80906131769225,0.3303678235752768,0.35918482135387164,0,0.0,119.34145359153847,0.23218181632595034,0.2610047755419059,0,0.0
2825,URLLC,210.5,289.5,842,842,115395071.0,137048.7779097387,842,1.0,56.06371461478472,0.06658398410306975,0.06956279521828883,0,0.0,7.499217673951342,0.008906434292103731,0.011531000218288819,0,0.0
2826,eMBB,493.5,6.5,17,1956,278862484.3098718,142567.73226476062,16,0.9411764705882353,184.36451686334738,11.522782303959211,18.92207820851957,0,0.0,4.23223734078381,0.24895513769316527,0.2543911222614056,0,0.0
2827,eMBB,492.75,7.25,19,1951,278994052.39993227,143000.53941564955,18,0.9473684210526315,191.92766198296945,10.662647887942747,20.282496245685596,0,0.0,4.758322157681506,0.2504380082990266,0.2544665248651893,0,0.0
2828,eMBB,487.25,12.75,24,1924,295453398.1597568,153562.05725559083,23,0.9583333333333334,193.20014079813023,8.400006121657837,16.809976466517174,0,0.0,5.783907185020211,0.24099613270917544,0.24327000591675724,0,0.0
2829,eMBB,492.0,8.0,16,1951,312321322.949265,160082.6873138211,15,0.9375,194.20224962965017,12.946816641976678,18.605617917589775,0,0.0,3.732542128785968,0.233283883049123,0.24056647437934833,0,0.0
2830,eMBB,495.0,5.0,19,1960,309655395.12399036,157987.44649183183,18,0.9473684210526315,198.13066042086876,11.007258912270487,18.11934818041473,0,0.0,4.459124894315771,0.23469078391135637,0.24058994708606832,0,0.0
2831,eMBB,492.75,7.25,20,1950,312163981.3716654,160084.09301111047,19,0.95,193.587702310848,10.188826437413052,18.50476513968382,0,0.0,4.741778903824035,0.23708894519120177,0.23955357490459217,0,0.0
2832,URLLC,178.75,321.25,715,715,98724348.0,138076.0111888112,715,1.0,47.677765019906545,0.06668218883903013,0.0696422458099555,0,0.0,6.462601123239843,0.009038602969566214,0.011773604143288818,0,0.0
2833,eMBB,495.0,5.0,18,1961,280173172.00000036,142872.60173380945,17,0.9444444444444444,199.81709907654928,11.7539470045029,20.621286276932672,0,0.0,4.520955403257807,0.2511641890698782,0.2555272451051551,0,0.0
2834,mMTC,272.5,227.5,545,545,43774179.0,80319.59449541285,545,1.0,167.22602317730596,0.3068367397748733,0.3281056478185782,0,0.0,113.92797283576739,0.20904215199223375,0.2298221838869542,0,0.0
2835,eMBB,491.75,8.25,20,1946,300935747.88291085,154643.2414608997,19,0.95,191.52428258952372,10.080225399448617,18.910553651059914,0,0.0,4.783830005843472,0.23919150029217362,0.2435129268282442,0,0.0
2836,eMBB,495.25,4.75,21,1959,308929757.5165023,157697.68122332942,20,0.9523809523809523,189.10920249015618,9.455460124507809,17.707546431857303,0,0.0,5.001886396030444,0.23818506647764018,0.24071327701634684,0,0.0
2837,eMBB,491.5,8.5,20,1945,306474510.0693836,157570.44219505586,19,0.95,188.63589414605204,9.92820495505537,16.80536844275963,0,0.0,4.695846700336452,0.23479233501682262,0.24093142072854387,0,0.0
2838,mMTC,303.5,196.5,607,607,49031409.0,80776.62108731466,607,1.0,200.4618103106588,0.3302500993585812,0.3521219364427137,0,0.0,140.9630377448467,0.23222905724027462,0.2546501135367307,0,0.0
2839,mMTC,274.25,225.75,549,548,43922319.0,80150.21715328467,548,0.9981785063752276,177.0560571750954,0.3230949948450646,0.3516576673730103,0,0.0,123.32179387676193,0.22462986134200716,0.25355616265078806,0,0.0
2840,eMBB,490.25,9.75,20,1940,274332074.1744405,141408.28565692808,19,0.95,191.97769719611054,10.104089326111081,17.319575891707483,0,0.0,5.049055823172281,0.252452791158614,0.2550358448933377,0,0.0
2841,eMBB,494.25,5.75,17,1959,281633034.5349006,143763.6725548242,16,0.9411764705882353,196.24578454229794,12.265361533893621,19.65091067971337,0,0.0,4.213187514517777,0.2478345596775163,0.25393841063896905,0,0.0
2842,eMBB,485.25,14.75,20,1921,297224847.00000024,154724.02238417504,20,1.0,196.26274770468186,9.813137385234093,17.310439769057076,0,0.0,4.814351577509704,0.24071757887548523,0.24296784100627886,0,0.0
2843,mMTC,245.0,255.0,490,490,40194307.0,82029.19795918367,490,1.0,154.306362944112,0.3149109447839021,0.33564778702361664,0,0.0,106.38278083812894,0.2171077159961815,0.23765712992959953,0,0.0
2844,eMBB,493.5,6.5,20,1953,309126656.0974474,158282.97803248715,19,0.95,190.67488902087555,10.035520474782924,18.707613007307778,0,0.0,4.736570694785251,0.23682853473926255,0.24047654009300695,0,0.0
2845,eMBB,495.0,5.0,21,1958,313087233.8651904,159901.54947149663,20,0.9523809523809523,198.01116066832572,9.900558033416285,18.205599821855255,0,0.0,4.9005663768778716,0.23336030366085103,0.2394811367163211,0,0.0
2846,mMTC,222.5,277.5,445,445,36317896.0,81613.24943820224,445,1.0,144.13391483077552,0.3238964378219675,0.35262919376189916,0,0.0,100.56017181994223,0.22597791420211735,0.25497282931745474,0,0.0
2847,eMBB,495.75,4.25,13,1969,283574953.58303744,144019.78343475747,12,0.9230769230769231,192.13868396622138,16.011556997185114,20.32041122091573,0,0.0,3.2829228011216105,0.2525325231632008,0.2547535391666884,0,0.0
2848,eMBB,491.25,8.75,21,1943,276583609.62925273,142348.7440191728,20,0.9523809523809523,196.14513839392174,9.807256919696087,19.320781181007792,0,0.0,5.244807135444531,0.24975272073545385,0.25344065428596096,0,0.0
2849,eMBB,494.25,5.75,20,1956,303538960.8549853,155183.51781952212,19,0.95,199.38179403442746,10.493778633390919,18.709347213015462,0,0.0,4.742631357809133,0.23713156789045664,0.24284812379435286,0,0.0
2850,eMBB,492.25,7.75,19,1949,310235294.4299444,159176.65183681087,18,0.9473684210526315,192.91940195641263,10.717744553134034,18.506904913549075,0,0.0,4.449172180105957,0.23416695684768193,0.24023687092915055,0,0.0
2851,mMTC,291.75,208.25,584,583,47195826.0,80953.38936535163,583,0.9982876712328768,184.92462723925064,0.3171949009249582,0.34071274320420475,0,0.0,127.6471612556609,0.21857390625969333,0.24349052098198243,0,0.0
2852,eMBB,492.0,8.0,18,1949,312555392.2839362,160367.056071799,17,0.9444444444444444,191.39557072465405,11.258562983803179,18.105730852627936,0,0.0,4.189152122076069,0.23273067344867052,0.23919863303880978,0,0.0
2853,URLLC,165.25,334.75,661,660,94882091.0,143760.74393939393,660,0.9984871406959153,44.03842889285151,0.06672489226189623,0.06969900929328882,0,0.0,6.031557344705388,0.009124897647058075,0.012022791793288818,0,0.0
2854,eMBB,498.25,1.75,18,1974,282102995.1102287,142909.31869819085,17,0.9444444444444444,197.79166792551217,11.634803995618363,20.32041111727997,0,0.0,4.500057541552862,0.2500031967529368,0.2547827121561908,0,0.0
2855,eMBB,491.5,8.5,18,1947,278636417.9675125,143110.64096944657,17,0.9444444444444444,182.30143038494901,10.723613552055824,19.91931569215476,0,0.0,4.507391463749903,0.2504106368749946,0.25433883895360765,0,0.0
2856,eMBB,494.75,5.25,20,1958,304780382.48572505,155659.03089158583,19,0.95,198.34037843351356,10.438967285974398,18.410143975839983,0,0.0,4.803182142496943,0.24015910712484714,0.2431138575850556,0,0.0
2857,URLLC,160.5,339.5,642,641,91807001.0,143224.65054602185,641,0.9984423676012462,43.19025971921067,0.06737950034198233,0.07040880990119726,0,0.0,6.196422973325055,0.009651749179634043,0.012536624131966488,0,0.0
2858,eMBB,492.0,8.0,16,1951,310564163.17409474,159182.04160640427,15,0.9375,194.4082521273578,12.960550141823854,18.507214254312622,0,0.0,3.7391086125587334,0.23369428828492084,0.2409239277383264,0,0.0
2859,eMBB,489.0,11.0,20,1935,309065294.3384209,159723.66632476533,19,0.95,189.80724140348818,9.989854810709904,15.405213103007004,0,0.0,4.667761219866032,0.2333880609933016,0.24016941160575786,0,0.0
2860,eMBB,493.5,6.5,26,1947,383320624.6604253,196877.56787900632,25,0.9615384615384616,195.2966940988732,7.811867763954927,15.101353959783093,0,0.0,6.054659836942287,0.23287153219008797,0.23647258042306288,0,0.0
2861,eMBB,494.5,5.5,18,1959,280504851.69605607,143187.7752404574,17,0.9444444444444444,197.43689449815898,11.61393497047994,20.619278553072327,0,0.0,4.44786246823128,0.24710347045729333,0.2545733410845832,0,0.0
2862,eMBB,493.5,6.5,18,1955,280687819.6595885,143574.33230669488,17,0.9444444444444444,199.11324656465916,11.712543915568187,20.121006484639793,0,0.0,4.520700757616566,0.2511500420898092,0.2536654010697079,0,0.0
2863,eMBB,491.0,9.0,18,1945,302989110.15322345,155778.46280371386,17,0.9444444444444444,189.35932979982746,11.138784105872205,18.908096626402045,0,0.0,4.258946210132969,0.23660812278516494,0.24391673490205296,0,0.0
2864,URLLC,187.0,313.0,748,747,105884844.0,141746.77911646586,747,0.9986631016042781,50.340099573997286,0.06738969153145553,0.07050449143965878,0,0.0,7.269869133880936,0.009719076382193765,0.01276514105504341,0,0.0
2865,eMBB,492.0,8.0,17,1950,309751993.9157226,158847.17636703723,16,0.9411764705882353,194.1120214125584,12.1320013382849,18.305772493760532,0,0.0,3.978529846497347,0.2340311674410204,0.2406193819997479,0,0.0
2866,URLLC,179.75,320.25,719,719,99196060.0,137963.92211404728,719,1.0,47.183137925807245,0.0656232794517486,0.06752307630449106,0,0.0,5.7611203527303205,0.00801268477431199,0.009971423647914696,0,0.0
2867,URLLC,166.75,333.25,667,666,93940819.0,141052.28078078077,666,0.9985007496251874,44.42667170305453,0.06670671426885065,0.06938060728855384,0,0.0,6.073794018343765,0.009106137958536379,0.011659727673169225,0,0.0
2868,eMBB,491.5,8.5,18,1947,277619293.49599123,142588.23497482858,17,0.9444444444444444,190.2401761200344,11.19059859529614,18.718900544451,0,0.0,4.451496701497211,0.24730537230540062,0.2552244408109846,0,0.0
2869,URLLC,184.75,315.25,739,739,102039873.0,138078.31258457375,739,1.0,48.536739156574875,0.06567894337831512,0.06787956573054363,0,0.0,6.0442391565749025,0.00817894337831516,0.010379565730543617,0,0.0
2870,URLLC,225.0,275.0,900,900,127396948.0,141552.16444444444,900,1.0,60.075882667733936,0.06675098074192659,0.06935994676076256,0,0.0,8.268150884657008,0.009186834316285563,0.011859946760762552,0,0.0
2871,mMTC,257.5,242.5,515,515,41642024.0,80858.29902912621,515,1.0,162.27205452566596,0.31509136801100185,0.3328166872673226,0,0.0,111.97279442754615,0.21742290180106047,0.23559446504510034,0,0.0
2872,eMBB,489.25,10.75,18,1938,305804387.5985791,157793.80165045362,17,0.9444444444444444,193.31336629144403,11.371374487732002,17.50402598681117,0,0.0,4.315317567595254,0.23973986486640297,0.24161891273063513,0,0.0
2873,eMBB,493.5,6.5,22,1951,311054987.20219547,159433.61722306276,21,0.9545454545454546,193.54406303960826,9.21638395426706,17.6053916260061,0,0.0,5.173194892220233,0.23514522237364696,0.23907936692649653,0,0.0
2874,mMTC,287.5,212.5,575,574,44371087.0,77301.54529616724,574,0.9982608695652174,186.21127973090518,0.32440989500157696,0.3477679321849865,0,0.0,130.27260968794653,0.22656106032686352,0.24960842440720865,0,0.0
2875,eMBB,490.25,9.75,22,1938,273352631.76676124,141048.829601012,21,0.9545454545454546,190.0603619417875,9.050493425799406,20.12054014906962,0,0.0,5.5043374185671805,0.2501971553894173,0.2550741281093615,0,0.0
2876,eMBB,492.25,7.75,15,1953,281463018.37423354,144118.28897810218,14,0.9333333333333333,194.00276840140896,13.85734060010064,20.151143538918927,0,0.0,3.7109432349059035,0.24739621566039358,0.25355392939758004,0,0.0
2877,mMTC,233.5,266.5,467,467,38226616.0,81855.70877944326,467,1.0,147.24508162765753,0.31529996065879556,0.33558746326435396,0,0.0,101.54384158594804,0.21743863294635554,0.2371795012130719,0,0.0
2878,eMBB,495.25,4.75,21,1959,309518621.00816834,157998.2751445474,20,0.9523809523809523,186.46928810392777,9.323464405196388,18.507272873782878,0,0.0,4.96633487314315,0.23649213681634046,0.24041271932793234,0,0.0
2879,mMTC,250.75,249.25,502,501,41726729.0,83286.88423153693,501,0.99800796812749,159.21616817187342,0.3177967428580308,0.3491724325273535,0,0.0,110.07262703307008,0.21926818134077705,0.25195021030513126,0,0.0
2880,eMBB,492.0,8.0,21,1946,310755208.5144586,159689.21300845765,20,0.9523809523809523,190.6010802849304,9.53005401424652,17.40537043236723,0,0.0,4.999905063915787,0.23809071732932321,0.24003627231685537,0,0.0
2881,URLLC,162.75,337.25,651,651,91524960.0,140591.33640552996,651,1.0,43.478129531711495,0.06678668130831258,0.06934472901123141,0,0.0,6.020803953378229,0.00924854677938284,0.011807075875442993,0,0.0
2882,eMBB,490.75,9.25,19,1943,275709383.62782276,141898.8078372737,18,0.9473684210526315,189.60670924430002,10.53370606912778,19.820805550515974,0,0.0,4.754145709570239,0.2502181952405389,0.25449258819530163,0,0.0
2883,mMTC,284.5,215.5,569,568,45571973.0,80232.34683098592,568,0.9982425307557118,174.67091788910034,0.30751922163574,0.3295474960242788,0,0.0,119.41852735452095,0.20987438902376265,0.23156016337470609,0,0.0
2884,mMTC,282.75,217.25,566,565,46331897.0,82003.3575221239,565,0.9982332155477032,177.8583838605155,0.31479359975312476,0.33668557170133184,0,0.0,122.65155052957537,0.21669885252575155,0.23946334947910958,0,0.0
2885,eMBB,492.25,7.75,26,1942,305499752.0927998,157311.92177796076,25,0.9615384615384616,199.15916053363694,7.9663664213454775,18.102452277405245,0,0.0,6.122614441192946,0.2354851708151133,0.2412495767564606,0,0.0
2886,mMTC,302.0,198.0,604,604,47441740.0,78545.92715231788,604,1.0,191.88189970864764,0.3176852644182908,0.33740625252240064,0,0.0,132.69778943343388,0.21969832687654617,0.23959561525744336,0,0.0
2887,eMBB,493.75,6.25,16,1958,315950730.7371958,161364.00956955864,15,0.9375,190.18048787885618,12.678699191923746,18.405739943839997,0,0.0,3.715686684230006,0.23223041776437536,0.24002513372299364,0,0.0
2888,eMBB,489.25,10.75,22,1935,382777905.9999996,197818.03927648556,22,1.0,197.8304690360491,8.992294047093141,14.800520352268572,0,0.0,5.057278030031792,0.2298762740923542,0.23599039611534153,0,0.0
2889,mMTC,287.5,212.5,575,574,44039791.0,76724.37456445993,574,0.9982608695652174,172.05473055654008,0.29974691734588865,0.3186346565594723,0,0.0,116.1677857561241,0.20203093174978104,0.22122170886716452,0,0.0
2890,eMBB,495.25,4.75,14,1966,283716931.0969857,144311.76556306495,13,0.9285714285714286,189.38938140533676,14.568413954256673,19.719383906870547,0,0.0,3.4669566191209014,0.24763975850863582,0.25375148214217247,0,0.0
2891,eMBB,493.0,7.0,19,1952,303293388.9952848,155375.7115754533,18,0.9473684210526315,198.05701201826537,11.003167334348076,19.008343447443345,0,0.0,4.592158196696817,0.2416925366682535,0.2430674614272827,0,0.0
2892,URLLC,158.5,341.5,634,634,86838601.0,136969.40220820188,634,1.0,42.764261502546674,0.06745151656553103,0.07068882535363809,0,0.0,6.235978768315919,0.009835928656649714,0.013033188815176544,0,0.0
2893,URLLC,169.5,330.5,678,677,95623598.0,141246.08271787298,677,0.9985250737463127,45.27346555396726,0.066873656652832,0.0689233431800502,0,0.0,6.316339690658723,0.00931613523695977,0.011423343180050193,0,0.0
2894,mMTC,276.5,223.5,553,552,44980386.0,81486.20652173914,552,0.9981916817359855,183.07667300071245,0.3316606394940443,0.35816430281318545,0,0.0,129.29417331956608,0.2338050150444233,0.2601715999072025,0,0.0
2895,mMTC,300.75,199.25,602,601,46736630.0,77764.77537437604,601,0.9983388704318937,195.3302873820552,0.32500879764069085,0.3541995476982351,0,0.0,136.6235064481663,0.22694934625941246,0.25674053436490174,0,0.0
2896,eMBB,489.25,10.75,20,1936,275820788.9292818,142469.41576925712,19,0.95,195.12372511872644,10.269669743090866,20.12036098188129,0,0.0,5.005038920977143,0.25025194604885714,0.25464339190242535,0,0.0
2897,eMBB,495.0,5.0,17,1962,282357976.99999976,143913.34199796114,16,0.9411764705882353,199.61435207395584,12.47589700462224,19.018582677552292,0,0.0,4.192886461677693,0.24664038009868783,0.25456523219454424,0,0.0
2898,eMBB,490.0,10.0,19,1940,301463937.51869035,155393.78222612906,18,0.9473684210526315,195.72816575936113,10.873786986631174,18.907986166387527,0,0.0,4.564047046378298,0.24021300244096305,0.24333935944336352,0,0.0
2899,eMBB,491.5,8.5,18,1947,309938159.2174923,159187.54967513727,17,0.9444444444444444,191.96426120568648,11.292015365040381,18.705576221279703,0,0.0,4.2657475766012665,0.23698597647784814,0.24078016386266296,0,0.0
2900,mMTC,250.0,250.0,500,500,39976526.0,79953.052,500,1.0,159.2406673436326,0.3184813346872652,0.33884418674323113,0,0.0,110.2887317412393,0.22057746348247861,0.2410134923842568,0,0.0
2901,mMTC,297.5,202.5,595,595,47990998.0,80657.13949579831,595,1.0,197.32536207454498,0.3316392639908319,0.35881048879609145,0,0.0,139.1768047685621,0.23391059624968422,0.26158826657386913,0,0.0
2902,eMBB,491.5,8.5,21,1944,385845701.85975367,198480.29931057288,20,0.9523809523809523,197.6184093904465,9.880920469522325,15.101610475674068,0,0.0,4.816958406918372,0.22937897175801775,0.2359713510342882,0,0.0
2903,eMBB,494.0,6.0,18,1957,279642985.3443847,142893.70738088127,17,0.9444444444444444,198.13264473176775,11.654861454809868,17.818410811275257,0,0.0,4.45026160217383,0.2472367556763239,0.25475236565721304,0,0.0
2904,eMBB,493.5,6.5,16,1957,281566532.2426391,143876.6133074293,15,0.9375,195.5951727135981,13.03967818090654,20.520693133792268,0,0.0,4.04010999557764,0.2525068747236025,0.25421856108813773,0,0.0
2905,eMBB,493.75,6.25,15,1959,306929675.72756094,156676.71042754516,14,0.9333333333333333,187.71609157059098,13.408292255042213,18.808387876777033,0,0.0,3.6217109171742816,0.24144739447828545,0.24350289895036292,0,0.0
2906,eMBB,491.25,8.75,20,1944,307728047.36007494,158296.32065847475,19,0.95,193.56779532898182,10.187778701525358,18.207151245961533,0,0.0,4.738378477235202,0.23691892386176008,0.24140267577834984,0,0.0
2907,mMTC,295.5,204.5,591,591,46571392.0,78801.00169204737,591,1.0,188.233827838238,0.3185005547178308,0.34079104990996345,0,0.0,130.458351461144,0.22074171144017596,0.24215491589286947,0,0.0
2908,eMBB,494.5,5.5,17,1960,317304869.7577872,161890.23967234042,16,0.9411764705882353,198.46584890397236,12.404115556498272,18.40322011186416,0,0.0,4.0344424655184685,0.23732014503049814,0.23944617069327534,0,0.0
2909,eMBB,487.5,12.5,22,1927,379722710.3251199,197053.81957712502,21,0.9545454545454546,189.8895177798246,9.042357989515457,14.399819067296036,0,0.0,5.124300338171554,0.23292274264416155,0.23654449702894856,0,0.0
2910,eMBB,492.75,7.25,18,1952,279620519.1396591,143248.21677236634,17,0.9444444444444444,197.32993197144106,11.60764305714359,20.02213891912927,0,0.0,4.448935632645634,0.24716309070253523,0.25540894585065943,0,0.0
2911,mMTC,300.25,199.75,601,600,47223464.0,78705.77333333333,600,0.9983361064891847,184.63096946965163,0.3077182824494194,0.3345893345358246,0,0.0,126.12249935819858,0.20985440824991444,0.2373671123136023,0,0.0
2912,eMBB,496.0,4.0,17,1966,307368804.7401425,156342.22011197484,16,0.9411764705882353,196.44637744335927,12.277898590209954,18.806866863993136,0,0.0,4.016748511185287,0.2362793241873698,0.24268663039224717,0,0.0
2913,URLLC,164.75,335.25,659,659,90912079.0,137954.59635811838,659,1.0,44.49373296428424,0.06751704546932358,0.07013937063673269,0,0.0,6.56362221005353,0.00995997300463358,0.012639370636732674,0,0.0
2914,mMTC,289.5,210.5,579,579,47467592.0,81982.02417962003,579,1.0,184.53490943985517,0.31871314238316956,0.34538902686254735,0,0.0,128.03009630241905,0.22112279154131098,0.24816680464032503,0,0.0
2915,mMTC,268.0,232.0,536,536,41355031.0,77154.90858208956,536,1.0,178.38557625854128,0.33280891093011433,0.3611927941141429,0,0.0,126.06632272110525,0.2351983632856441,0.2632835742850831,0,0.0
2916,eMBB,490.75,9.25,19,1943,385811826.0683588,198565.01598989128,18,0.9473684210526315,183.75639503375643,10.20868861298647,15.000289470369962,0,0.0,4.39162887330513,0.2311383617529016,0.2354341357099501,0,0.0
2917,eMBB,492.0,8.0,22,1945,274920150.61293983,141347.12113775828,21,0.9545454545454546,197.97747165669563,9.427498650318839,18.21882422760294,0,0.0,5.5315694768269115,0.2514349762194051,0.255088365293088,0,0.0
2918,eMBB,494.75,5.25,19,1959,279920379.9810923,142889.42316543762,18,0.9473684210526315,183.89334236213975,10.216296797896653,19.71800690025616,0,0.0,4.741967903439184,0.24957725807574652,0.2547108118450839,0,0.0
2919,mMTC,283.5,216.5,567,567,43987524.0,77579.4074074074,567,1.0,179.15174060081216,0.31596426913723485,0.33794029508744494,0,0.0,123.81908321209426,0.21837580813420504,0.24036245030112013,0,0.0
2920,eMBB,489.25,10.75,18,1938,309467822.3008206,159684.11883427275,17,0.9444444444444444,194.47045964557088,11.439438802680641,18.6066748641233,0,0.0,4.275254524307488,0.23751414023930492,0.2406713495940053,0,0.0
2921,URLLC,183.25,316.75,733,732,106041738.0,144865.76229508198,732,0.9986357435197817,49.035287830008315,0.06698809812842665,0.06899066965729281,0,0.0,6.954319946807508,0.009487476052943394,0.0114906696572928,0,0.0
2922,mMTC,257.5,242.5,515,514,40787006.0,79352.15175097276,514,0.9980582524271845,170.68372929045867,0.33206951223824643,0.3554230216201414,0,0.0,120.8271983039864,0.23461591903686682,0.25805565136373115,0,0.0
2923,mMTC,283.5,216.5,567,567,43743667.0,77149.32451499118,567,1.0,184.57099587815674,0.32552203858581436,0.3470503192652443,0,0.0,129.2239875420457,0.2279082672699219,0.24946732851457473,0,0.0
2924,eMBB,495.5,4.5,18,1964,281458241.0000001,143308.67668024445,17,0.9444444444444444,200.0330539012323,11.766650229484254,20.219323185328243,0,0.0,4.2019843592256345,0.23344357551253525,0.254973745357984,0,0.0
2925,eMBB,489.0,11.0,17,1938,277628447.1494429,143255.13268805103,16,0.9411764705882353,191.71296390874033,11.982060244296271,20.52009832817953,0,0.0,4.293688213705141,0.2525698949238318,0.25497337438150214,0,0.0
2926,eMBB,486.75,13.25,19,1927,298607841.1025097,154959.9590568291,18,0.9473684210526315,190.96888368921807,10.609382427178781,17.80897990967699,0,0.0,4.510627793775936,0.2374014628303124,0.2437180447046311,0,0.0
2927,eMBB,493.75,6.25,21,1953,310072614.1886889,158767.33957434146,20,0.9523809523809523,197.12613486153384,9.856306743076692,17.00574826968872,0,0.0,4.93106990562939,0.23481285264901858,0.24111351700554265,0,0.0
2928,eMBB,491.75,8.25,20,1946,307650586.69087183,158093.82666540178,19,0.95,195.73809768581506,10.302005141358688,17.006202752109278,0,0.0,4.709705700774452,0.23548528503872262,0.2418827334566379,0,0.0
2929,URLLC,170.75,329.25,683,683,95129281.0,139281.52415812592,683,1.0,44.89206435539479,0.06572776625972883,0.06758364123921214,0,0.0,5.580459453471727,0.00817051164490736,0.010083641239212128,0,0.0
2930,eMBB,492.25,7.75,23,1945,383500992.6523657,197172.7468649695,22,0.9565217391304348,191.02674511874477,8.683033869033853,15.10127969536504,0,0.0,5.298277147947693,0.23035987599772578,0.23619811147598208,0,0.0
2931,mMTC,277.75,222.25,556,555,45787488.0,82499.97837837838,555,0.9982014388489209,166.4401503153052,0.29989216273027963,0.3231971332778667,0,0.0,112.25396523804021,0.201895620931727,0.22597491105564446,0,0.0
2932,eMBB,489.75,10.25,16,1942,279438356.28864735,143892.04752247548,15,0.9375,184.2579718445987,12.283864789639914,19.418868170013447,0,0.0,4.010696522458087,0.2506685326536304,0.2547623077081604,0,0.0
2933,eMBB,492.0,8.0,20,1947,301012142.65803784,154603.05221265426,19,0.95,190.45005200003135,10.023686947370072,18.107999311350675,0,0.0,4.823789911156972,0.24118949555784858,0.24376287392352622,0,0.0
2934,eMBB,365.75,134.25,16,1437,228248650.91808486,158836.9178274773,15,0.9375,171.80964674436868,11.453976449624578,41.579580123284785,0,0.0,3.739643644497573,0.23372772778109832,0.2408323721390542,0,0.0
2935,eMBB,490.5,9.5,18,1943,307288779.4900464,158151.7135821134,17,0.9444444444444444,191.50137193377506,11.26478658433971,18.60752359760872,0,0.0,4.306265499206476,0.23923697217813755,0.24091751417568563,0,0.0
2936,eMBB,492.25,7.75,18,1950,313104010.283937,160566.1591199677,17,0.9444444444444444,191.54109737860733,11.267123375212195,17.80264292380591,0,0.0,4.24505697179296,0.23583649843294222,0.23996936116590087,0,0.0
2937,mMTC,250.25,249.75,501,500,40570403.0,81140.806,500,0.998003992015968,162.80871451685783,0.32561742903371566,0.35577820348279243,0,0.0,114.04394624241326,0.22763262723036579,0.2585559812605701,0,0.0
2938,eMBB,491.0,9.0,21,1942,274328016.84561205,141260.56480206593,20,0.9523809523809523,197.68555726804536,9.884277863402268,18.02081932931307,0,0.0,5.310171223334359,0.2528652963492552,0.2543854072001006,0,0.0
2939,eMBB,494.25,5.75,18,1958,279763789.3724711,142882.42562434683,17,0.9444444444444444,193.22639997389115,11.366258821993597,19.519503451793142,0,0.0,4.54437670916614,0.2524653727314522,0.2546031491538337,0,0.0
2940,mMTC,275.75,224.25,552,551,44707349.0,81138.56442831217,551,0.9981884057971014,174.35177504365163,0.3164279038904748,0.339182217258972,0,0.0,120.64047325356616,0.21855158198109811,0.24195999503674975,0,0.0
2941,eMBB,492.0,8.0,19,1948,309267595.7371776,158761.5994544033,18,0.9473684210526315,196.995135674529,10.9441742041405,18.10689516735668,0,0.0,4.538685962169177,0.23887820853521985,0.24128226887038734,0,0.0
2942,eMBB,494.0,6.0,18,1957,309496090.6954402,158148.23234309666,17,0.9444444444444444,186.9562919948581,10.997428940874006,17.1059265652929,0,0.0,4.2654666799871475,0.2369703711103971,0.2413692584058624,0,0.0
2943,eMBB,488.25,11.75,17,1935,310467650.5586228,160448.3982215105,16,0.9411764705882353,184.61999913586465,11.53874994599154,18.20469982675498,0,0.0,3.9916818812572794,0.23480481654454585,0.23904245240207989,0,0.0
2944,eMBB,494.0,6.0,21,1954,387804124.9193967,198466.798832854,20,0.9523809523809523,190.71458261912375,9.535729130956188,15.001221713643732,0,0.0,4.821653563574789,0.22960255064641852,0.23617746900845826,0,0.0
2945,URLLC,170.5,329.5,682,681,93709546.0,137605.79441997063,681,0.998533724340176,45.3091490127547,0.06653325846219486,0.06874975443871217,0,0.0,6.160895641191028,0.009033571321394469,0.011249754438712163,0,0.0
2946,mMTC,294.25,205.75,589,588,46281279.0,78709.65816326531,588,0.99830220713073,181.44773482222854,0.3085845830310009,0.330772214909654,0,0.0,124.19998175316886,0.21086584338398787,0.23354999268743176,0,0.0
2947,eMBB,487.75,12.25,17,1933,301633398.0669889,156044.1790310341,16,0.9411764705882353,187.54915359821524,11.721822099888453,18.808787065245912,0,0.0,4.027690897968618,0.23692299399815403,0.24337270877210818,0,0.0
2948,eMBB,493.25,6.75,19,1953,310516472.18243587,158994.60941240957,18,0.9473684210526315,196.01044856895874,10.889469364942151,18.21855043340165,0,0.0,4.454307719222923,0.23443724838015384,0.24088314909206962,0,0.0
2949,mMTC,225.0,275.0,450,450,35116771.0,78037.2688888889,450,1.0,143.69821461562307,0.3193293658124957,0.34165913974904805,0,0.0,99.83915250177695,0.2218647833372821,0.2438443236806719,0,0.0
2950,mMTC,303.0,197.0,606,606,48788410.0,80508.92739273928,606,1.0,201.67883376453148,0.33280335604708167,0.3568876825791233,0,0.0,142.69442302777938,0.235469344930329,0.2596654603569011,0,0.0
2951,mMTC,292.5,207.5,585,585,47718526.0,81570.12991452991,585,1.0,190.78538349234003,0.3261288606706667,0.348606854491308,0,0.0,133.80524127372888,0.22872690816022032,0.2513846322690857,0,0.0
2952,mMTC,279.5,220.5,559,558,42680517.0,76488.3817204301,558,0.998211091234347,167.85087023399052,0.30080801117202605,0.3200599403791823,0,0.0,113.65851569519378,0.20332471501823576,0.2222450429432849,0,0.0
2953,eMBB,490.0,10.0,18,1941,277424743.01037234,142928.7702268791,17,0.9444444444444444,196.2198489847613,11.542344057927137,20.518756401884847,0,0.0,4.539538279122351,0.2521965710623528,0.25463627615283135,0,0.0
2954,eMBB,493.0,7.0,21,1950,301988820.6586599,154866.06187623582,20,0.9523809523809523,187.78538865682341,9.389269432841171,18.40803444622164,0,0.0,4.999935325901711,0.23809215837627193,0.24405135246923357,0,0.0
2955,mMTC,227.0,273.0,454,454,36262712.0,79873.81497797357,454,1.0,143.42646360803434,0.3159173207225426,0.3422382568212253,0,0.0,99.11711599811989,0.21831963876237861,0.2442331744280629,0,0.0
2956,eMBB,491.0,9.0,20,1943,305802107.2665144,157386.57090402182,19,0.95,182.79261612849558,9.620664006762926,17.804891990348427,0,0.0,4.769371783519981,0.23846858917599906,0.24186239294114215,0,0.0
2957,URLLC,181.0,319.0,724,724,99105839.0,136886.5179558011,724,1.0,47.61744195365707,0.06576994744980258,0.06751643287132092,0,0.0,5.9874419536570125,0.008269947449802504,0.010016432871320907,0,0.0
2958,eMBB,491.25,8.75,24,1940,383135104.3467944,197492.32182824455,23,0.9583333333333334,195.3118175485597,8.491818154285204,15.100220522933617,0,0.0,5.519005656427759,0.2299585690178233,0.23558665292891112,0,0.0
2959,eMBB,490.75,9.25,19,1943,275782076.68402433,141936.2206299662,18,0.9473684210526315,180.50411361919961,10.028006312177757,18.318577632218744,0,0.0,4.762186661024522,0.25064140321181694,0.25492755374471765,0,0.0
2960,eMBB,491.75,8.25,17,1949,279525505.78612995,143419.96192207796,16,0.9411764705882353,187.8385240708063,11.739907754425394,19.718849197372787,0,0.0,4.227362706851114,0.24866839452065376,0.25432838387421003,0,0.0
2961,eMBB,490.25,9.75,19,1941,301583728.3276233,155375.4396329847,18,0.9473684210526315,184.33825961862271,10.241014423256818,18.70825573122497,0,0.0,4.586266342062067,0.24138243905589826,0.24318942102931723,0,0.0
2962,URLLC,199.25,300.75,797,797,107655722.0,135076.18820577164,797,1.0,53.88379843619035,0.0676082790918323,0.07086212286725442,0,0.0,8.056298436190323,0.010108279091832274,0.013362122867254406,0,0.0
2963,eMBB,494.75,5.25,20,1958,309157934.18221253,157894.75698785114,19,0.95,189.61499098548882,9.979736367657306,18.604028135363297,0,0.0,4.7935698128639945,0.23967849064319974,0.24119641162013114,0,0.0
2964,eMBB,493.25,6.75,23,1949,310436149.14289147,159279.70710256105,22,0.9565217391304348,198.70627357249293,9.032103344204224,18.304745659779055,0,0.0,5.380377451135544,0.23392945439719756,0.2392818988680627,0,0.0
2965,mMTC,230.5,269.5,461,460,35526848.0,77232.27826086957,460,0.9978308026030369,150.30557136993687,0.32675124210855844,0.3461544699079955,0,0.0,105.76982421280228,0.22943562735965786,0.24893224768577316,0,0.0
2966,mMTC,296.0,204.0,592,592,45513943.0,76881.66047297297,592,1.0,178.17230027811036,0.300966723442754,0.32096618286038103,0,0.0,120.53691589588804,0.2036096552295406,0.22374396063815877,0,0.0
2967,eMBB,496.25,3.75,18,1966,281440680.7582838,143153.95765935085,17,0.9444444444444444,189.8166697800597,11.16568645765057,18.220475292159144,0,0.0,4.4406704827456185,0.24670391570808992,0.2541749299237658,0,0.0
2968,eMBB,489.5,10.5,17,1940,303324809.8258564,156352.99475559607,16,0.9411764705882353,194.91729725247907,12.182331078279942,18.80899227601068,0,0.0,4.098753093984492,0.24110312317555832,0.24389946581436078,0,0.0
2969,mMTC,261.75,238.25,524,523,41371269.0,79103.76481835564,523,0.9980916030534351,165.44150757981018,0.31633175445470396,0.3398537366072606,0,0.0,114.45923676476733,0.21843365794802924,0.24263151438503827,0,0.0
2970,mMTC,278.0,222.0,556,556,43825885.0,78823.53417266186,556,1.0,177.81840703666344,0.3198172788429199,0.34280670521426915,0,0.0,123.68079526503942,0.22244747349827235,0.2454424617954657,0,0.0
2971,mMTC,272.5,227.5,545,545,43502190.0,79820.53211009175,545,1.0,181.66244235358712,0.33332558230015985,0.36227792696121286,0,0.0,128.6763312424759,0.23610336007793742,0.26505570473899054,0,0.0
2972,URLLC,168.5,331.5,674,673,95148281.0,141379.31797919763,673,0.9985163204747775,45.02854535807274,0.06690719964052413,0.06990051616099492,0,0.0,6.3389637171656705,0.009404990678287345,0.012400516160994917,0,0.0
2973,eMBB,490.5,9.5,15,1946,279425938.6430667,143589.8965277835,14,0.9333333333333333,192.82088182550353,13.772920130393109,20.621099001439195,0,0.0,3.74608279362985,0.2497388529086567,0.2548131345141691,0,0.0
2974,mMTC,282.0,218.0,564,564,45384702.0,80469.32978723405,564,1.0,174.19633528026546,0.3088587504969246,0.32623160461019096,0,0.0,119.36300194693183,0.21163652827470184,0.22900938238796867,0,0.0
2975,mMTC,260.0,240.0,520,520,42075391.0,80914.21346153846,520,1.0,164.66943037670427,0.31667198149366205,0.338503856389189,0,0.0,114.04461042217427,0.2193165585041813,0.24128163416696669,0,0.0
2976,eMBB,491.5,8.5,17,1948,310041855.42801857,159159.06336140583,16,0.9411764705882353,187.60335065962306,11.725209416226441,17.304688710524648,0,0.0,3.982174363277538,0.23424555078103165,0.2405504542000866,0,0.0
2977,eMBB,495.75,4.25,17,1965,312338141.6626493,158950.7082252668,16,0.9411764705882353,198.71199851690648,12.419499907306655,17.807959645841564,0,0.0,3.990567205517034,0.23473924738335494,0.24165622254511926,0,0.0
2978,eMBB,493.0,7.0,20,1951,311560026.8753608,159692.47917752987,19,0.95,193.86654275530682,10.203502250279307,17.005297408261455,0,0.0,4.74349510095425,0.2371747550477125,0.2400442479713504,0,0.0
2979,eMBB,482.0,18.0,26,1901,372636252.99581033,196021.1746427198,25,0.9615384615384616,188.40234611851218,7.5360938447404875,14.702385669644627,0,0.0,6.079755029554159,0.23383673190592918,0.23624925049612736,0,0.0
2980,eMBB,494.5,5.5,15,1962,281697965.17444086,143576.94453335417,14,0.9333333333333333,192.9709692734075,13.783640662386249,20.520565131058643,0,0.0,3.698687135750877,0.2465791423833918,0.2545126422058531,0,0.0
2981,eMBB,495.75,4.25,17,1965,281288691.3724707,143149.4612582548,16,0.9411764705882353,193.63804800511767,12.102378000319854,20.01948656980577,0,0.0,4.228709040408978,0.24874759061229282,0.2545330524059958,0,0.0
2982,eMBB,493.5,6.5,17,1956,304417396.25332886,155632.615671436,16,0.9411764705882353,193.80137085453183,12.112585678408239,17.608478879725272,0,0.0,4.083947855473822,0.24023222679257775,0.2431014555610348,0,0.0
2983,mMTC,245.75,254.25,492,491,40207673.0,81889.35437881874,491,0.9979674796747967,155.4408763934138,0.31658019632059836,0.3397275644854961,0,0.0,107.6497114187129,0.21880022646079858,0.24250534226327383,0,0.0
2984,mMTC,311.0,189.0,622,622,50904527.0,81840.07556270096,622,1.0,199.2615054100009,0.32035611802250946,0.34417240677778527,0,0.0,138.78928318777878,0.22313389580028742,0.24695018455556297,0,0.0
2985,eMBB,491.75,8.25,19,1946,353822850.64077705,181820.58100759354,18,0.9473684210526315,195.55050208829851,10.863916782683251,17.303184252831162,0,0.0,4.380013521098969,0.23052702742626155,0.23814948158667018,0,0.0
2986,mMTC,269.5,230.5,539,538,43295157.0,80474.26951672863,538,0.9981447124304267,175.79847074232796,0.32676295677012634,0.34758840791749346,0,0.0,123.7275607495862,0.22955020547233063,0.25036618569527125,0,0.0
2987,eMBB,492.5,7.5,18,1951,278092058.9526839,142538.2157625238,17,0.9444444444444444,183.80109825114874,10.811829308891102,18.917753980632565,0,0.0,4.529928895236503,0.2516627164020279,0.2548596192568082,0,0.0
2988,eMBB,493.5,6.5,16,1957,281262143.54493207,143721.07488243846,15,0.9375,189.91723700026657,12.661149133351104,19.65255253506047,0,0.0,3.9761860337438684,0.24851162710899177,0.25467211179446964,0,0.0
2989,URLLC,199.75,300.25,799,798,112744545.0,141283.8909774436,798,0.9987484355444305,53.40454619129174,0.06692299021465131,0.06955917439639998,0,0.0,7.5291055507251095,0.009423160889518285,0.012059174396399976,0,0.0
2990,mMTC,249.0,251.0,498,498,40638222.0,81602.85542168675,498,1.0,157.90086577742724,0.3170700116012595,0.3430503324674914,0,0.0,109.48419911076078,0.2198477893790377,0.24582811024526913,0,0.0
2991,eMBB,492.0,8.0,23,1944,304301833.1740955,156533.86480148946,22,0.9565217391304348,195.20247937914073,8.872839971779124,16.906361971033956,0,0.0,5.483494295358566,0.23841279545037244,0.24189203723274705,0,0.0
2992,eMBB,494.0,6.0,17,1958,315387023.7298123,161076.11017865798,16,0.9411764705882353,188.77881764492582,11.798676102807864,18.405462403990427,0,0.0,3.9558518215081966,0.23269716597107037,0.24042343476574296,0,0.0
2993,eMBB,495.75,4.25,23,1959,386216634.52460736,197149.89000745653,22,0.9565217391304348,194.2536612808429,8.82971187640195,14.654021368786859,0,0.0,5.334010982257232,0.23191352096770573,0.23653353623030546,0,0.0
2994,mMTC,266.0,234.0,532,532,43001185.0,80829.29511278195,532,1.0,160.4047221238014,0.3015126355710553,0.32071957522454264,0,0.0,108.68249990157923,0.20429041334883316,0.22349735300232038,0,0.0
2995,eMBB,494.75,5.25,17,1961,281025270.8918071,143307.1243711408,16,0.9411764705882353,185.84154096526314,11.615096310328946,19.618604526828076,0,0.0,4.234511944759129,0.2490889379270076,0.2546733544689583,0,0.0
2996,mMTC,255.0,245.0,510,510,41953193.0,82261.16274509804,510,1.0,161.8498208319453,0.3173525898665594,0.33915548100408766,0,0.0,112.26648749861212,0.2201303676443375,0.24193325878186536,0,0.0
2997,eMBB,496.75,3.25,19,1967,312839096.6724934,159043.77055032708,18,0.9473684210526315,198.30649539376589,11.017027521875882,17.50422049909028,0,0.0,4.454087058760216,0.2344256346715903,0.2411527671473328,0,0.0
2998,eMBB,496.75,3.25,19,1967,311363089.1958835,158293.38545799872,18,0.9473684210526315,200.2236642244353,11.123536901357518,18.40647480586999,0,0.0,4.471634576773727,0.23534918825124881,0.2414230823126323,0,0.0
2999,eMBB,492.0,8.0,21,1946,311546821.84088504,160096.00300148255,20,0.9523809523809523,194.7952061005733,9.739760305028664,18.201584549739493,0,0.0,4.910443795590277,0.23383065693287033,0.23921936598380303,0,0.0
